ISO-10303-21;
HEADER;
FILE_DESCRIPTION(('FreeCAD Model'),'2;1');
FILE_NAME('Open CASCADE Shape Model','2026-09-30T21:28:33',('FreeCAD'),(
    'FreeCAD'),'Open CASCADE STEP processor 7.9','FreeCAD','Unknown');
FILE_SCHEMA(('AUTOMOTIVE_DESIGN { 1 0 10303 214 1 1 1 1 }'));
ENDSEC;
DATA;
#1 = APPLICATION_PROTOCOL_DEFINITION('international standard',
  'automotive_design',2000,#2);
#2 = APPLICATION_CONTEXT(
  'core data for automotive mechanical design processes');
#3 = SHAPE_DEFINITION_REPRESENTATION(#4,#10);
#4 = PRODUCT_DEFINITION_SHAPE('','',#5);
#5 = PRODUCT_DEFINITION('design','',#6,#9);
#6 = PRODUCT_DEFINITION_FORMATION('','',#7);
#7 = PRODUCT('Open CASCADE STEP translator 7.9 1',
  'Open CASCADE STEP translator 7.9 1','',(#8));
#8 = PRODUCT_CONTEXT('',#2,'mechanical');
#9 = PRODUCT_DEFINITION_CONTEXT('part definition',#2,'design');
#10 = ADVANCED_BREP_SHAPE_REPRESENTATION('',(#11,#15),#10290);
#11 = AXIS2_PLACEMENT_3D('',#12,#13,#14);
#12 = CARTESIAN_POINT('',(0.,0.,0.));
#13 = DIRECTION('',(0.,0.,1.));
#14 = DIRECTION('',(1.,0.,-0.));
#15 = MANIFOLD_SOLID_BREP('',#16);
#16 = CLOSED_SHELL('',(#17,#49,#72,#104,#127,#150,#173,#196,#219,#235,
    #258,#281,#304,#327,#350,#373,#396,#428,#451,#481,#504,#527,#550,
    #566,#589,#621,#644,#667,#690,#713,#736,#759,#782,#805,#828,#851,
    #874,#904,#920,#943,#966,#998,#1021,#1044,#1067,#1090,#1113,#1134,
    #1150,#1166,#1182,#1214,#1237,#1260,#1283,#1306,#1329,#1352,#1375,
    #1398,#1421,#1451,#1474,#1497,#1520,#1543,#1566,#1589,#1605,#1628,
    #1651,#1672,#1688,#1711,#1734,#1757,#1780,#1803,#1824,#1845,#1861,
    #1882,#1898,#1921,#1944,#1967,#1990,#2013,#2036,#2068,#2091,#2114,
    #2146,#2169,#2192,#2215,#2247,#2270,#2293,#2316,#2339,#2362,#2394,
    #2417,#2445,#2468,#2491,#2521,#2544,#2567,#2590,#2613,#2636,#2659,
    #2682,#2705,#2728,#2751,#2774,#2797,#2820,#2843,#2859,#2882,#2905,
    #2928,#2951,#2974,#2997,#3020,#3043,#3064,#3080,#3103,#3126,#3149,
    #3165,#3188,#3211,#3234,#3257,#3280,#3303,#3326,#3356,#3372,#3395,
    #3418,#3441,#3464,#3487,#3510,#3526,#3549,#3572,#3595,#3616,#3639,
    #3662,#3685,#3708,#3731,#3754,#3777,#3800,#3823,#3844,#3860,#3883,
    #3913,#3936,#3959,#3982,#4005,#4028,#4044,#4067,#4090,#4113,#4134,
    #4157,#4180,#4203,#4219,#4242,#4265,#4288,#4311,#4327,#4348,#4371,
    #4387,#4410,#4426,#4449,#4465,#4488,#4511,#4534,#4557,#4580,#4603,
    #4635,#4658,#4681,#4704,#4727,#4750,#4773,#4796,#4819,#4842,#4865,
    #4888,#4911,#4934,#4955,#4971,#4994,#5015,#5038,#5059,#5082,#5105,
    #5121,#5142,#5163,#5179,#5190,#5206,#5222,#5233,#5249,#5265,#5286,
    #5297,#5313,#5336,#5359,#5382,#5403,#5424,#5447,#5470,#5486,#5497,
    #5520,#5543,#5566,#5596,#5612,#5635,#5658,#5681,#5704,#5727,#5750,
    #5773,#5796,#5819,#5842,#5865,#5888,#5911,#5927,#5948,#5964,#5980,
    #5996,#6012,#6028,#6044,#6060,#6076,#6092,#6108,#6131,#6154,#6177,
    #6193,#6216,#6239,#6262,#6278,#6299,#6315,#6331,#6354,#6384,#6407,
    #6428,#6451,#6481,#6504,#6527,#6550,#6582,#6605,#6626,#6642,#6663,
    #6679,#6695,#6711,#6722,#6738,#6754,#6777,#6793,#6816,#6832,#6853,
    #6864,#6880,#6896,#6919,#6942,#6963,#6979,#7002,#7025,#7041,#7057,
    #7080,#7101,#7124,#7140,#7168,#7184,#7200,#7223,#7239,#7262,#7273,
    #7296,#7319,#7342,#7365,#7388,#7418,#7434,#7457,#7480,#7503,#7526,
    #7549,#7572,#7604,#7627,#7650,#7673,#7696,#7719,#7742,#7765,#7788,
    #7811,#7834,#7857,#7878,#7894,#7915,#7931,#7947,#7963,#7979,#8002,
    #8018,#8041,#8057,#8080,#8096,#8117,#8138,#8149,#8165,#8181,#8204,
    #8220,#8241,#8257,#8273,#8289,#8310,#8326,#8342,#8363,#8374,#8390,
    #8413,#8436,#8459,#8482,#8498,#8514,#8530,#8546,#8562,#8578,#8594,
    #8610,#8626,#8642,#8665,#8681,#8704,#8727,#8750,#8766,#8782,#8798,
    #8819,#8830,#8851,#8862,#8879,#8903,#8927,#8949,#8971,#9002,#9024,
    #9046,#9063,#9080,#9102,#9123,#9137,#9151,#9168,#9369,#9403,#9427,
    #9451,#9468,#9480,#9502,#9519,#9536,#9553,#9570,#9587,#9604,#9626,
    #9638,#9655,#9667,#9679,#9691,#9703,#9715,#9727,#9739,#9756,#9768,
    #9792,#9809,#9826,#9843,#9860,#9872,#9884,#9896,#9908,#9920,#9937,
    #9954,#9971,#9988,#10005,#10022,#10044,#10056,#10073,#10095,#10107,
    #10119,#10131,#10143,#10155,#10167,#10179,#10196,#10208,#10225,
    #10237,#10254,#10266,#10278));
#17 = ADVANCED_FACE('',(#18),#44,.T.);
#18 = FACE_BOUND('',#19,.T.);
#19 = EDGE_LOOP('',(#20,#30,#38));
#20 = ORIENTED_EDGE('',*,*,#21,.T.);
#21 = EDGE_CURVE('',#22,#24,#26,.T.);
#22 = VERTEX_POINT('',#23);
#23 = CARTESIAN_POINT('',(9.773750305176,16.,21.005699157715));
#24 = VERTEX_POINT('',#25);
#25 = CARTESIAN_POINT('',(16.40419960022,22.303199768066,21.47500038147)
  );
#26 = LINE('',#27,#28);
#27 = CARTESIAN_POINT('',(9.773750305176,16.,21.005699157715));
#28 = VECTOR('',#29,1.);
#29 = DIRECTION('',(0.723814409364,0.688090145058,5.123136803714E-02));
#30 = ORIENTED_EDGE('',*,*,#31,.T.);
#31 = EDGE_CURVE('',#24,#32,#34,.T.);
#32 = VERTEX_POINT('',#33);
#33 = CARTESIAN_POINT('',(10.100999832153,16.,21.47500038147));
#34 = LINE('',#35,#36);
#35 = CARTESIAN_POINT('',(16.40419960022,22.303199768066,21.47500038147)
  );
#36 = VECTOR('',#37,1.);
#37 = DIRECTION('',(-0.707106781187,-0.707106781187,0.));
#38 = ORIENTED_EDGE('',*,*,#39,.F.);
#39 = EDGE_CURVE('',#22,#32,#40,.T.);
#40 = LINE('',#41,#42);
#41 = CARTESIAN_POINT('',(9.773750305176,16.,21.005699157715));
#42 = VECTOR('',#43,1.);
#43 = DIRECTION('',(0.57198180497,0.,0.820266307234));
#44 = PLANE('',#45);
#45 = AXIS2_PLACEMENT_3D('',#46,#47,#48);
#46 = CARTESIAN_POINT('',(13.070495966182,19.054899651103,
    21.352525108713));
#47 = DIRECTION('',(0.634202696601,-0.634202696601,-0.442237356234));
#48 = DIRECTION('',(-0.707106781187,-0.707106781187,0.));
#49 = ADVANCED_FACE('',(#50),#67,.T.);
#50 = FACE_BOUND('',#51,.T.);
#51 = EDGE_LOOP('',(#52,#53,#61));
#52 = ORIENTED_EDGE('',*,*,#21,.F.);
#53 = ORIENTED_EDGE('',*,*,#54,.F.);
#54 = EDGE_CURVE('',#55,#22,#57,.T.);
#55 = VERTEX_POINT('',#56);
#56 = CARTESIAN_POINT('',(16.240600585938,22.466800689697,
    21.005699157715));
#57 = LINE('',#58,#59);
#58 = CARTESIAN_POINT('',(16.240600585938,22.466800689697,
    21.005699157715));
#59 = VECTOR('',#60,1.);
#60 = DIRECTION('',(-0.707109492417,-0.707104069946,0.));
#61 = ORIENTED_EDGE('',*,*,#62,.F.);
#62 = EDGE_CURVE('',#24,#55,#63,.T.);
#63 = LINE('',#64,#65);
#64 = CARTESIAN_POINT('',(16.40419960022,22.303199768066,21.47500038147)
  );
#65 = VECTOR('',#66,1.);
#66 = DIRECTION('',(-0.312669089303,0.312672734612,-0.896924635421));
#67 = PLANE('',#68);
#68 = AXIS2_PLACEMENT_3D('',#69,#70,#71);
#69 = CARTESIAN_POINT('',(13.139096323436,19.281182479751,
    21.126377945658));
#70 = DIRECTION('',(0.634219060141,-0.634223923689,-0.442183444257));
#71 = DIRECTION('',(-0.707109492417,-0.707104069946,-2.775557561563E-17)
  );
#72 = ADVANCED_FACE('',(#73),#99,.T.);
#73 = FACE_BOUND('',#74,.T.);
#74 = EDGE_LOOP('',(#75,#85,#93));
#75 = ORIENTED_EDGE('',*,*,#76,.T.);
#76 = EDGE_CURVE('',#77,#79,#81,.T.);
#77 = VERTEX_POINT('',#78);
#78 = CARTESIAN_POINT('',(20.853700637817,17.853700637817,
    16.646600723267));
#79 = VERTEX_POINT('',#80);
#80 = CARTESIAN_POINT('',(19.671600341797,19.035800933838,
    17.967599868774));
#81 = LINE('',#82,#83);
#82 = CARTESIAN_POINT('',(20.853700637817,17.853700637817,
    16.646600723267));
#83 = VECTOR('',#84,1.);
#84 = DIRECTION('',(-0.554801763799,0.554801763799,0.619991940085));
#85 = ORIENTED_EDGE('',*,*,#86,.F.);
#86 = EDGE_CURVE('',#87,#79,#89,.T.);
#87 = VERTEX_POINT('',#88);
#88 = CARTESIAN_POINT('',(19.525400161743,19.181900024414,
    17.829599380493));
#89 = LINE('',#90,#91);
#90 = CARTESIAN_POINT('',(19.525400161743,19.181900024414,
    17.829599380493));
#91 = VECTOR('',#92,1.);
#92 = DIRECTION('',(0.58827677947,-0.587870018054,0.555283056297));
#93 = ORIENTED_EDGE('',*,*,#94,.T.);
#94 = EDGE_CURVE('',#87,#77,#95,.T.);
#95 = LINE('',#96,#97);
#96 = CARTESIAN_POINT('',(19.525400161743,19.181900024414,
    17.829599380493));
#97 = VECTOR('',#98,1.);
#98 = DIRECTION('',(0.598358948084,-0.59831341035,-0.532904899812));
#99 = PLANE('',#100);
#100 = AXIS2_PLACEMENT_3D('',#101,#102,#103);
#101 = CARTESIAN_POINT('',(20.191477483724,18.515896663544,
    17.305758080688));
#102 = DIRECTION('',(-0.706974199724,-0.707239298009,2.372240454769E-04)
  );
#103 = DIRECTION('',(-0.70723931791,0.706974219617,-1.355252715607E-20)
  );
#104 = ADVANCED_FACE('',(#105),#122,.T.);
#105 = FACE_BOUND('',#106,.T.);
#106 = EDGE_LOOP('',(#107,#108,#116));
#107 = ORIENTED_EDGE('',*,*,#76,.F.);
#108 = ORIENTED_EDGE('',*,*,#109,.F.);
#109 = EDGE_CURVE('',#110,#77,#112,.T.);
#110 = VERTEX_POINT('',#111);
#111 = CARTESIAN_POINT('',(21.09760093689,17.609699249268,
    17.040000915527));
#112 = LINE('',#113,#114);
#113 = CARTESIAN_POINT('',(21.09760093689,17.609699249268,
    17.040000915527));
#114 = VECTOR('',#115,1.);
#115 = DIRECTION('',(-0.466128149331,0.466321345695,-0.751843701145));
#116 = ORIENTED_EDGE('',*,*,#117,.F.);
#117 = EDGE_CURVE('',#79,#110,#118,.T.);
#118 = LINE('',#119,#120);
#119 = CARTESIAN_POINT('',(19.671600341797,19.035800933838,
    17.967599868774));
#120 = VECTOR('',#121,1.);
#121 = DIRECTION('',(0.642389306023,-0.642434845134,-0.417867741356));
#122 = PLANE('',#123);
#123 = AXIS2_PLACEMENT_3D('',#124,#125,#126);
#124 = CARTESIAN_POINT('',(20.394742648582,18.312630179071,
    17.34689723859));
#125 = DIRECTION('',(-0.707166743281,-0.707046805861,-1.073263826582E-04
    ));
#126 = DIRECTION('',(0.707046809933,-0.707166747354,6.776263578034E-21)
  );
#127 = ADVANCED_FACE('',(#128),#145,.T.);
#128 = FACE_BOUND('',#129,.T.);
#129 = EDGE_LOOP('',(#130,#138,#144));
#130 = ORIENTED_EDGE('',*,*,#131,.T.);
#131 = EDGE_CURVE('',#110,#132,#134,.T.);
#132 = VERTEX_POINT('',#133);
#133 = CARTESIAN_POINT('',(19.803699493408,18.903699874878,
    18.131500244141));
#134 = LINE('',#135,#136);
#135 = CARTESIAN_POINT('',(21.09760093689,17.609699249268,
    17.040000915527));
#136 = VECTOR('',#137,1.);
#137 = DIRECTION('',(-0.607258748744,0.607305297278,0.512266618055));
#138 = ORIENTED_EDGE('',*,*,#139,.F.);
#139 = EDGE_CURVE('',#79,#132,#140,.T.);
#140 = LINE('',#141,#142);
#141 = CARTESIAN_POINT('',(19.671600341797,19.035800933838,
    17.967599868774));
#142 = VECTOR('',#143,1.);
#143 = DIRECTION('',(0.531534658297,-0.531542333001,0.659495000175));
#144 = ORIENTED_EDGE('',*,*,#117,.T.);
#145 = PLANE('',#146);
#146 = AXIS2_PLACEMENT_3D('',#147,#148,#149);
#147 = CARTESIAN_POINT('',(20.38024122418,18.327111744672,
    17.571258387834));
#148 = DIRECTION('',(-0.707124979016,-0.707088582574,2.11059599794E-05)
  );
#149 = DIRECTION('',(0.707088582731,-0.707124979174,1.694065894509E-21)
  );
#150 = ADVANCED_FACE('',(#151),#168,.T.);
#151 = FACE_BOUND('',#152,.T.);
#152 = EDGE_LOOP('',(#153,#154,#162));
#153 = ORIENTED_EDGE('',*,*,#131,.F.);
#154 = ORIENTED_EDGE('',*,*,#155,.F.);
#155 = EDGE_CURVE('',#156,#110,#158,.T.);
#156 = VERTEX_POINT('',#157);
#157 = CARTESIAN_POINT('',(21.303199768066,17.40419960022,17.47500038147
    ));
#158 = LINE('',#159,#160);
#159 = CARTESIAN_POINT('',(21.303199768066,17.40419960022,17.47500038147
    ));
#160 = VECTOR('',#161,1.);
#161 = DIRECTION('',(-0.392973256898,0.392783684205,-0.831440314626));
#162 = ORIENTED_EDGE('',*,*,#163,.F.);
#163 = EDGE_CURVE('',#132,#156,#164,.T.);
#164 = LINE('',#165,#166);
#165 = CARTESIAN_POINT('',(19.803699493408,18.903699874878,
    18.131500244141));
#166 = VECTOR('',#167,1.);
#167 = DIRECTION('',(0.675478382711,-0.675478382711,-0.295732833786));
#168 = PLANE('',#169);
#169 = AXIS2_PLACEMENT_3D('',#170,#171,#172);
#170 = CARTESIAN_POINT('',(20.577955957101,18.129416407659,
    17.649579990347));
#171 = DIRECTION('',(-0.707077531115,-0.70713601743,1.335876068028E-04)
  );
#172 = DIRECTION('',(-0.70713602374,0.707077537424,-1.355252715607E-20)
  );
#173 = ADVANCED_FACE('',(#174),#191,.T.);
#174 = FACE_BOUND('',#175,.T.);
#175 = EDGE_LOOP('',(#176,#184,#185));
#176 = ORIENTED_EDGE('',*,*,#177,.T.);
#177 = EDGE_CURVE('',#178,#156,#180,.T.);
#178 = VERTEX_POINT('',#179);
#179 = CARTESIAN_POINT('',(19.487899780273,16.,17.040000915527));
#180 = LINE('',#181,#182);
#181 = CARTESIAN_POINT('',(19.487899780273,16.,17.040000915527));
#182 = VECTOR('',#183,1.);
#183 = DIRECTION('',(0.777138962912,0.601144840178,0.186225437175));
#184 = ORIENTED_EDGE('',*,*,#155,.T.);
#185 = ORIENTED_EDGE('',*,*,#186,.T.);
#186 = EDGE_CURVE('',#110,#178,#187,.T.);
#187 = LINE('',#188,#189);
#188 = CARTESIAN_POINT('',(21.09760093689,17.609699249268,
    17.040000915527));
#189 = VECTOR('',#190,1.);
#190 = DIRECTION('',(-0.707107200115,-0.707106362258,0.));
#191 = PLANE('',#192);
#192 = AXIS2_PLACEMENT_3D('',#193,#194,#195);
#193 = CARTESIAN_POINT('',(20.431976304215,16.82964150227,
    17.161087999514));
#194 = DIRECTION('',(-0.587916741618,0.587917438246,0.555614066355));
#195 = DIRECTION('',(0.707107200115,0.707106362258,0.));
#196 = ADVANCED_FACE('',(#197),#214,.T.);
#197 = FACE_BOUND('',#198,.T.);
#198 = EDGE_LOOP('',(#199,#200,#208));
#199 = ORIENTED_EDGE('',*,*,#177,.F.);
#200 = ORIENTED_EDGE('',*,*,#201,.F.);
#201 = EDGE_CURVE('',#202,#178,#204,.T.);
#202 = VERTEX_POINT('',#203);
#203 = CARTESIAN_POINT('',(19.899000167847,16.,17.47500038147));
#204 = LINE('',#205,#206);
#205 = CARTESIAN_POINT('',(19.899000167847,16.,17.47500038147));
#206 = VECTOR('',#207,1.);
#207 = DIRECTION('',(-0.686859774923,0.,-0.726789962502));
#208 = ORIENTED_EDGE('',*,*,#209,.T.);
#209 = EDGE_CURVE('',#202,#156,#210,.T.);
#210 = LINE('',#211,#212);
#211 = CARTESIAN_POINT('',(19.899000167847,16.,17.47500038147));
#212 = VECTOR('',#213,1.);
#213 = DIRECTION('',(0.707106781187,0.707106781187,0.));
#214 = PLANE('',#215);
#215 = AXIS2_PLACEMENT_3D('',#216,#217,#218);
#216 = CARTESIAN_POINT('',(20.393104268967,16.616692936022,
    17.345284917012));
#217 = DIRECTION('',(-0.587916247839,0.587916247839,0.555615848455));
#218 = DIRECTION('',(0.707106781187,0.707106781187,2.775557561563E-17));
#219 = ADVANCED_FACE('',(#220),#230,.T.);
#220 = FACE_BOUND('',#221,.T.);
#221 = EDGE_LOOP('',(#222,#228,#229));
#222 = ORIENTED_EDGE('',*,*,#223,.T.);
#223 = EDGE_CURVE('',#77,#178,#224,.T.);
#224 = LINE('',#225,#226);
#225 = CARTESIAN_POINT('',(20.853700637817,17.853700637817,
    16.646600723267));
#226 = VECTOR('',#227,1.);
#227 = DIRECTION('',(-0.584702576133,-0.793573625557,0.168415552381));
#228 = ORIENTED_EDGE('',*,*,#186,.F.);
#229 = ORIENTED_EDGE('',*,*,#109,.T.);
#230 = PLANE('',#231);
#231 = AXIS2_PLACEMENT_3D('',#232,#233,#234);
#232 = CARTESIAN_POINT('',(20.306860438382,16.95477418311,
    16.930492214075));
#233 = DIRECTION('',(-0.531633469435,0.531634099373,0.659341367245));
#234 = DIRECTION('',(-2.775557561563E-17,0.778466581963,-0.62768605271)
  );
#235 = ADVANCED_FACE('',(#236),#253,.T.);
#236 = FACE_BOUND('',#237,.T.);
#237 = EDGE_LOOP('',(#238,#239,#247));
#238 = ORIENTED_EDGE('',*,*,#223,.F.);
#239 = ORIENTED_EDGE('',*,*,#240,.F.);
#240 = EDGE_CURVE('',#241,#77,#243,.T.);
#241 = VERTEX_POINT('',#242);
#242 = CARTESIAN_POINT('',(19.,16.,16.646600723267));
#243 = LINE('',#244,#245);
#244 = CARTESIAN_POINT('',(19.,16.,16.646600723267));
#245 = VECTOR('',#246,1.);
#246 = DIRECTION('',(0.707106781187,0.707106781187,0.));
#247 = ORIENTED_EDGE('',*,*,#248,.F.);
#248 = EDGE_CURVE('',#178,#241,#249,.T.);
#249 = LINE('',#250,#251);
#250 = CARTESIAN_POINT('',(19.487899780273,16.,17.040000915527));
#251 = VECTOR('',#252,1.);
#252 = DIRECTION('',(-0.778465564623,0.,-0.62768731443));
#253 = PLANE('',#254);
#254 = AXIS2_PLACEMENT_3D('',#255,#256,#257);
#255 = CARTESIAN_POINT('',(19.952249882467,16.82282413776,
    16.750958451861));
#256 = DIRECTION('',(-0.531634687939,0.531634687939,0.659339910183));
#257 = DIRECTION('',(0.778465564623,0.,0.62768731443));
#258 = ADVANCED_FACE('',(#259),#276,.T.);
#259 = FACE_BOUND('',#260,.T.);
#260 = EDGE_LOOP('',(#261,#269,#275));
#261 = ORIENTED_EDGE('',*,*,#262,.T.);
#262 = EDGE_CURVE('',#156,#263,#265,.T.);
#263 = VERTEX_POINT('',#264);
#264 = CARTESIAN_POINT('',(19.919599533081,18.787799835205,
    18.318399429321));
#265 = LINE('',#266,#267);
#266 = CARTESIAN_POINT('',(21.303199768066,17.40419960022,17.47500038147
    ));
#267 = VECTOR('',#268,1.);
#268 = DIRECTION('',(-0.649354250878,0.649354250878,0.395825862891));
#269 = ORIENTED_EDGE('',*,*,#270,.F.);
#270 = EDGE_CURVE('',#132,#263,#271,.T.);
#271 = LINE('',#272,#273);
#272 = CARTESIAN_POINT('',(19.803699493408,18.903699874878,
    18.131500244141));
#273 = VECTOR('',#274,1.);
#274 = DIRECTION('',(0.466229861227,-0.466229861227,0.751837371378));
#275 = ORIENTED_EDGE('',*,*,#163,.T.);
#276 = PLANE('',#277);
#277 = AXIS2_PLACEMENT_3D('',#278,#279,#280);
#278 = CARTESIAN_POINT('',(20.542904707956,18.164494660331,
    17.869336650119));
#279 = DIRECTION('',(-0.707106781187,-0.707106781187,-0.));
#280 = DIRECTION('',(-0.707106781187,0.707106781187,0.));
#281 = ADVANCED_FACE('',(#282),#299,.T.);
#282 = FACE_BOUND('',#283,.T.);
#283 = EDGE_LOOP('',(#284,#285,#293));
#284 = ORIENTED_EDGE('',*,*,#262,.F.);
#285 = ORIENTED_EDGE('',*,*,#286,.T.);
#286 = EDGE_CURVE('',#156,#287,#289,.T.);
#287 = VERTEX_POINT('',#288);
#288 = CARTESIAN_POINT('',(21.466800689697,17.240600585938,
    17.944299697876));
#289 = LINE('',#290,#291);
#290 = CARTESIAN_POINT('',(21.303199768066,17.40419960022,17.47500038147
    ));
#291 = VECTOR('',#292,1.);
#292 = DIRECTION('',(0.31267375692,-0.312670111599,0.896923922664));
#293 = ORIENTED_EDGE('',*,*,#294,.F.);
#294 = EDGE_CURVE('',#263,#287,#295,.T.);
#295 = LINE('',#296,#297);
#296 = CARTESIAN_POINT('',(19.919599533081,18.787799835205,
    18.318399429321));
#297 = VECTOR('',#298,1.);
#298 = DIRECTION('',(0.69699349622,-0.696992636984,-0.168526942111));
#299 = PLANE('',#300);
#300 = AXIS2_PLACEMENT_3D('',#301,#302,#303);
#301 = CARTESIAN_POINT('',(20.731707560509,17.975692344522,
    17.983492775087));
#302 = DIRECTION('',(-0.707106058786,-0.707107503582,2.370194411637E-06)
  );
#303 = DIRECTION('',(-0.707107503584,0.707106058788,0.));
#304 = ADVANCED_FACE('',(#305),#322,.T.);
#305 = FACE_BOUND('',#306,.T.);
#306 = EDGE_LOOP('',(#307,#315,#321));
#307 = ORIENTED_EDGE('',*,*,#308,.T.);
#308 = EDGE_CURVE('',#287,#309,#311,.T.);
#309 = VERTEX_POINT('',#310);
#310 = CARTESIAN_POINT('',(20.017200469971,18.690200805664,
    18.52499961853));
#311 = LINE('',#312,#313);
#312 = CARTESIAN_POINT('',(21.466800689697,17.240600585938,
    17.944299697876));
#313 = VECTOR('',#314,1.);
#314 = DIRECTION('',(-0.68033903573,0.68033903573,0.272539158514));
#315 = ORIENTED_EDGE('',*,*,#316,.F.);
#316 = EDGE_CURVE('',#263,#309,#317,.T.);
#317 = LINE('',#318,#319);
#318 = CARTESIAN_POINT('',(19.919599533081,18.787799835205,
    18.318399429321));
#319 = VECTOR('',#320,1.);
#320 = DIRECTION('',(0.39281469574,-0.39280701923,0.831504215536));
#321 = ORIENTED_EDGE('',*,*,#294,.T.);
#322 = PLANE('',#323);
#323 = AXIS2_PLACEMENT_3D('',#324,#325,#326);
#324 = CARTESIAN_POINT('',(20.676651129211,18.030749634585,
    18.194894772056));
#325 = DIRECTION('',(-0.707105681696,-0.707107880654,5.489254068653E-06)
  );
#326 = DIRECTION('',(-0.707107880664,0.707105681707,0.));
#327 = ADVANCED_FACE('',(#328),#345,.T.);
#328 = FACE_BOUND('',#329,.T.);
#329 = EDGE_LOOP('',(#330,#331,#339));
#330 = ORIENTED_EDGE('',*,*,#308,.F.);
#331 = ORIENTED_EDGE('',*,*,#332,.F.);
#332 = EDGE_CURVE('',#333,#287,#335,.T.);
#333 = VERTEX_POINT('',#334);
#334 = CARTESIAN_POINT('',(21.585699081421,17.121599197388,
    18.439699172974));
#335 = LINE('',#336,#337);
#336 = CARTESIAN_POINT('',(21.585699081421,17.121599197388,
    18.439699172974));
#337 = VECTOR('',#338,1.);
#338 = DIRECTION('',(-0.227260348396,0.227457214764,-0.946898067111));
#339 = ORIENTED_EDGE('',*,*,#340,.F.);
#340 = EDGE_CURVE('',#309,#333,#341,.T.);
#341 = LINE('',#342,#343);
#342 = CARTESIAN_POINT('',(20.017200469971,18.690200805664,
    18.52499961853));
#343 = VECTOR('',#344,1.);
#344 = DIRECTION('',(0.70656136713,-0.706607764097,-3.842528070431E-02)
  );
#345 = PLANE('',#346);
#346 = AXIS2_PLACEMENT_3D('',#347,#348,#349);
#347 = CARTESIAN_POINT('',(20.853264373938,17.854107917148,
    18.342893156266));
#348 = DIRECTION('',(-0.707133636578,-0.707079912057,-1.341124304071E-04
    ));
#349 = DIRECTION('',(0.707079918415,-0.707133642937,1.355252715607E-20)
  );
#350 = ADVANCED_FACE('',(#351),#368,.T.);
#351 = FACE_BOUND('',#352,.T.);
#352 = EDGE_LOOP('',(#353,#361,#362));
#353 = ORIENTED_EDGE('',*,*,#354,.T.);
#354 = EDGE_CURVE('',#355,#333,#357,.T.);
#355 = VERTEX_POINT('',#356);
#356 = CARTESIAN_POINT('',(20.226299285889,16.,17.944299697876));
#357 = LINE('',#358,#359);
#358 = CARTESIAN_POINT('',(20.226299285889,16.,17.944299697876));
#359 = VECTOR('',#360,1.);
#360 = DIRECTION('',(0.742567271424,0.612669546055,0.270610189657));
#361 = ORIENTED_EDGE('',*,*,#332,.T.);
#362 = ORIENTED_EDGE('',*,*,#363,.T.);
#363 = EDGE_CURVE('',#287,#355,#364,.T.);
#364 = LINE('',#365,#366);
#365 = CARTESIAN_POINT('',(21.466800689697,17.240600585938,
    17.944299697876));
#366 = VECTOR('',#367,1.);
#367 = DIRECTION('',(-0.707078514006,-0.707135047237,0.));
#368 = PLANE('',#369);
#369 = AXIS2_PLACEMENT_3D('',#370,#371,#372);
#370 = CARTESIAN_POINT('',(20.959599899167,16.665203344834,
    18.086221001943));
#371 = DIRECTION('',(-0.669584817156,0.669531285949,0.321533870331));
#372 = DIRECTION('',(-0.707078514006,-0.707135047237,0.));
#373 = ADVANCED_FACE('',(#374),#391,.T.);
#374 = FACE_BOUND('',#375,.T.);
#375 = EDGE_LOOP('',(#376,#377,#385));
#376 = ORIENTED_EDGE('',*,*,#354,.F.);
#377 = ORIENTED_EDGE('',*,*,#378,.F.);
#378 = EDGE_CURVE('',#379,#355,#381,.T.);
#379 = VERTEX_POINT('',#380);
#380 = CARTESIAN_POINT('',(20.464099884033,16.,18.439699172974));
#381 = LINE('',#382,#383);
#382 = CARTESIAN_POINT('',(20.464099884033,16.,18.439699172974));
#383 = VECTOR('',#384,1.);
#384 = DIRECTION('',(-0.432744156947,0.,-0.901516774457));
#385 = ORIENTED_EDGE('',*,*,#386,.F.);
#386 = EDGE_CURVE('',#333,#379,#387,.T.);
#387 = LINE('',#388,#389);
#388 = CARTESIAN_POINT('',(21.585699081421,17.121599197388,
    18.439699172974));
#389 = VECTOR('',#390,1.);
#390 = DIRECTION('',(-0.707106781187,-0.707106781187,0.));
#391 = PLANE('',#392);
#392 = AXIS2_PLACEMENT_3D('',#393,#394,#395);
#393 = CARTESIAN_POINT('',(20.875852767544,16.483104120604,
    18.291056294532));
#394 = DIRECTION('',(-0.669586905671,0.669586905671,0.321413676603));
#395 = DIRECTION('',(0.707106781187,0.707106781187,0.));
#396 = ADVANCED_FACE('',(#397),#423,.T.);
#397 = FACE_BOUND('',#398,.T.);
#398 = EDGE_LOOP('',(#399,#409,#417));
#399 = ORIENTED_EDGE('',*,*,#400,.T.);
#400 = EDGE_CURVE('',#401,#403,#405,.T.);
#401 = VERTEX_POINT('',#402);
#402 = CARTESIAN_POINT('',(21.657899856567,17.04940032959,
    18.952899932861));
#403 = VERTEX_POINT('',#404);
#404 = CARTESIAN_POINT('',(20.185699462891,18.521699905396,
    19.226999282837));
#405 = LINE('',#406,#407);
#406 = CARTESIAN_POINT('',(21.657899856567,17.04940032959,
    18.952899932861));
#407 = VECTOR('',#408,1.);
#408 = DIRECTION('',(-0.701034255404,0.701081484076,0.130520976996));
#409 = ORIENTED_EDGE('',*,*,#410,.F.);
#410 = EDGE_CURVE('',#411,#403,#413,.T.);
#411 = VERTEX_POINT('',#412);
#412 = CARTESIAN_POINT('',(20.151399612427,18.555999755859,
    18.983200073242));
#413 = LINE('',#414,#415);
#414 = CARTESIAN_POINT('',(20.151399612427,18.555999755859,
    18.983200073242));
#415 = VECTOR('',#416,1.);
#416 = DIRECTION('',(0.137984265239,-0.137984265239,0.980775552863));
#417 = ORIENTED_EDGE('',*,*,#418,.T.);
#418 = EDGE_CURVE('',#411,#401,#419,.T.);
#419 = LINE('',#420,#421);
#420 = CARTESIAN_POINT('',(20.151399612427,18.555999755859,
    18.983200073242));
#421 = VECTOR('',#422,1.);
#422 = DIRECTION('',(0.707012011394,-0.707058558321,-1.422008610986E-02)
  );
#423 = PLANE('',#424);
#424 = AXIS2_PLACEMENT_3D('',#425,#426,#427);
#425 = CARTESIAN_POINT('',(20.871841278386,17.835511250811,
    19.032804330488));
#426 = DIRECTION('',(-0.707129990933,-0.707083570649,6.530820180347E-06)
  );
#427 = DIRECTION('',(0.707083570664,-0.707129990948,-4.235164736272E-22)
  );
#428 = ADVANCED_FACE('',(#429),#446,.T.);
#429 = FACE_BOUND('',#430,.T.);
#430 = EDGE_LOOP('',(#431,#432,#440));
#431 = ORIENTED_EDGE('',*,*,#400,.F.);
#432 = ORIENTED_EDGE('',*,*,#433,.F.);
#433 = EDGE_CURVE('',#434,#401,#436,.T.);
#434 = VERTEX_POINT('',#435);
#435 = CARTESIAN_POINT('',(21.682100296021,17.025299072266,
    19.47500038147));
#436 = LINE('',#437,#438);
#437 = CARTESIAN_POINT('',(21.682100296021,17.025299072266,
    19.47500038147));
#438 = VECTOR('',#439,1.);
#439 = DIRECTION('',(-4.625321196291E-02,4.60636496188E-02,
    -0.997867115686));
#440 = ORIENTED_EDGE('',*,*,#441,.F.);
#441 = EDGE_CURVE('',#403,#434,#442,.T.);
#442 = LINE('',#443,#444);
#443 = CARTESIAN_POINT('',(20.185699462891,18.521699905396,
    19.226999282837));
#444 = VECTOR('',#445,1.);
#445 = DIRECTION('',(0.70230070155,-0.70230070155,0.116393510147));
#446 = PLANE('',#447);
#447 = AXIS2_PLACEMENT_3D('',#448,#449,#450);
#448 = CARTESIAN_POINT('',(21.009569013236,17.697802990527,
    19.220598760839));
#449 = DIRECTION('',(-0.707117991763,-0.707095557476,1.35365067234E-04)
  );
#450 = DIRECTION('',(0.707095563954,-0.707117998241,0.));
#451 = ADVANCED_FACE('',(#452),#476,.T.);
#452 = FACE_BOUND('',#453,.T.);
#453 = EDGE_LOOP('',(#454,#462,#470));
#454 = ORIENTED_EDGE('',*,*,#455,.T.);
#455 = EDGE_CURVE('',#434,#456,#458,.T.);
#456 = VERTEX_POINT('',#457);
#457 = CARTESIAN_POINT('',(20.185699462891,18.521699905396,
    19.722999572754));
#458 = LINE('',#459,#460);
#459 = CARTESIAN_POINT('',(21.682100296021,17.025299072266,
    19.47500038147));
#460 = VECTOR('',#461,1.);
#461 = DIRECTION('',(-0.702300774724,0.702300774724,0.116392627105));
#462 = ORIENTED_EDGE('',*,*,#463,.F.);
#463 = EDGE_CURVE('',#464,#456,#466,.T.);
#464 = VERTEX_POINT('',#465);
#465 = CARTESIAN_POINT('',(20.197200775146,18.510200500488,
    19.47500038147));
#466 = LINE('',#467,#468);
#467 = CARTESIAN_POINT('',(20.197200775146,18.510200500488,
    19.47500038147));
#468 = VECTOR('',#469,1.);
#469 = DIRECTION('',(-4.627700234683E-02,4.626932788541E-02,
    0.997856496873));
#470 = ORIENTED_EDGE('',*,*,#471,.T.);
#471 = EDGE_CURVE('',#464,#434,#472,.T.);
#472 = LINE('',#473,#474);
#473 = CARTESIAN_POINT('',(20.197200775146,18.510200500488,
    19.47500038147));
#474 = VECTOR('',#475,1.);
#475 = DIRECTION('',(0.707106327049,-0.707107235324,0.));
#476 = PLANE('',#477);
#477 = AXIS2_PLACEMENT_3D('',#478,#479,#480);
#478 = CARTESIAN_POINT('',(20.895400621736,17.811999246572,
    19.540865852301));
#479 = DIRECTION('',(-0.707107235314,-0.707106327038,-5.480439844587E-06
    ));
#480 = DIRECTION('',(0.707106327049,-0.707107235324,-4.235164736272E-22)
  );
#481 = ADVANCED_FACE('',(#482),#499,.T.);
#482 = FACE_BOUND('',#483,.T.);
#483 = EDGE_LOOP('',(#484,#485,#493));
#484 = ORIENTED_EDGE('',*,*,#455,.F.);
#485 = ORIENTED_EDGE('',*,*,#486,.F.);
#486 = EDGE_CURVE('',#487,#434,#489,.T.);
#487 = VERTEX_POINT('',#488);
#488 = CARTESIAN_POINT('',(21.657899856567,17.04940032959,
    19.997100830078));
#489 = LINE('',#490,#491);
#490 = CARTESIAN_POINT('',(21.657899856567,17.04940032959,
    19.997100830078));
#491 = VECTOR('',#492,1.);
#492 = DIRECTION('',(4.625321196291E-02,-4.60636496188E-02,
    -0.997867115686));
#493 = ORIENTED_EDGE('',*,*,#494,.F.);
#494 = EDGE_CURVE('',#456,#487,#495,.T.);
#495 = LINE('',#496,#497);
#496 = CARTESIAN_POINT('',(20.185699462891,18.521699905396,
    19.722999572754));
#497 = VECTOR('',#498,1.);
#498 = DIRECTION('',(0.7010341723,-0.701081400966,0.130521869767));
#499 = PLANE('',#500);
#500 = AXIS2_PLACEMENT_3D('',#501,#502,#503);
#501 = CARTESIAN_POINT('',(21.009569012173,17.697802991587,
    19.729401166318));
#502 = DIRECTION('',(-0.707117991676,-0.707095557563,-1.353650591913E-04
    ));
#503 = DIRECTION('',(0.707095564041,-0.707117998154,0.));
#504 = ADVANCED_FACE('',(#505),#522,.T.);
#505 = FACE_BOUND('',#506,.T.);
#506 = EDGE_LOOP('',(#507,#515,#521));
#507 = ORIENTED_EDGE('',*,*,#508,.T.);
#508 = EDGE_CURVE('',#401,#509,#511,.T.);
#509 = VERTEX_POINT('',#510);
#510 = CARTESIAN_POINT('',(20.656900405884,16.,19.47500038147));
#511 = LINE('',#512,#513);
#512 = CARTESIAN_POINT('',(21.657899856567,17.04940032959,
    18.952899932861));
#513 = VECTOR('',#514,1.);
#514 = DIRECTION('',(-0.649420769119,-0.680821921222,0.338724336623));
#515 = ORIENTED_EDGE('',*,*,#516,.T.);
#516 = EDGE_CURVE('',#509,#434,#517,.T.);
#517 = LINE('',#518,#519);
#518 = CARTESIAN_POINT('',(20.656900405884,16.,19.47500038147));
#519 = VECTOR('',#520,1.);
#520 = DIRECTION('',(0.707072577779,0.70714098294,0.));
#521 = ORIENTED_EDGE('',*,*,#433,.T.);
#522 = PLANE('',#523);
#523 = AXIS2_PLACEMENT_3D('',#524,#525,#526);
#524 = CARTESIAN_POINT('',(21.238704496665,16.596048409902,
    19.321647190426));
#525 = DIRECTION('',(-0.705632739073,0.705564479812,6.527788580857E-02)
  );
#526 = DIRECTION('',(-0.707072577779,-0.70714098294,-6.938893903907E-18)
  );
#527 = ADVANCED_FACE('',(#528),#545,.T.);
#528 = FACE_BOUND('',#529,.T.);
#529 = EDGE_LOOP('',(#530,#531,#539));
#530 = ORIENTED_EDGE('',*,*,#508,.F.);
#531 = ORIENTED_EDGE('',*,*,#532,.T.);
#532 = EDGE_CURVE('',#401,#533,#535,.T.);
#533 = VERTEX_POINT('',#534);
#534 = CARTESIAN_POINT('',(20.608499526978,16.,18.952899932861));
#535 = LINE('',#536,#537);
#536 = CARTESIAN_POINT('',(21.657899856567,17.04940032959,
    18.952899932861));
#537 = VECTOR('',#538,1.);
#538 = DIRECTION('',(-0.707106781187,-0.707106781187,0.));
#539 = ORIENTED_EDGE('',*,*,#540,.F.);
#540 = EDGE_CURVE('',#509,#533,#541,.T.);
#541 = LINE('',#542,#543);
#542 = CARTESIAN_POINT('',(20.656900405884,16.,19.47500038147));
#543 = VECTOR('',#544,1.);
#544 = DIRECTION('',(-9.230834800135E-02,0.,-0.995730470001));
#545 = PLANE('',#546);
#546 = AXIS2_PLACEMENT_3D('',#547,#548,#549);
#547 = CARTESIAN_POINT('',(21.069779089594,16.44719671202,
    19.104811691079));
#548 = DIRECTION('',(-0.705592430388,0.705592430388,6.5411347321E-02));
#549 = DIRECTION('',(0.707106781187,0.707106781187,0.));
#550 = ADVANCED_FACE('',(#551),#561,.T.);
#551 = FACE_BOUND('',#552,.T.);
#552 = EDGE_LOOP('',(#553,#559,#560));
#553 = ORIENTED_EDGE('',*,*,#554,.T.);
#554 = EDGE_CURVE('',#509,#487,#555,.T.);
#555 = LINE('',#556,#557);
#556 = CARTESIAN_POINT('',(20.656900405884,16.,19.47500038147));
#557 = VECTOR('',#558,1.);
#558 = DIRECTION('',(0.649420769119,0.680821921222,0.338724336623));
#559 = ORIENTED_EDGE('',*,*,#486,.T.);
#560 = ORIENTED_EDGE('',*,*,#516,.F.);
#561 = PLANE('',#562);
#562 = AXIS2_PLACEMENT_3D('',#563,#564,#565);
#563 = CARTESIAN_POINT('',(21.238704496665,16.596048409902,
    19.628353572514));
#564 = DIRECTION('',(-0.705632739073,0.705564479812,-6.527788580857E-02)
  );
#565 = DIRECTION('',(-0.707072577779,-0.70714098294,0.));
#566 = ADVANCED_FACE('',(#567),#584,.T.);
#567 = FACE_BOUND('',#568,.T.);
#568 = EDGE_LOOP('',(#569,#570,#578));
#569 = ORIENTED_EDGE('',*,*,#554,.F.);
#570 = ORIENTED_EDGE('',*,*,#571,.F.);
#571 = EDGE_CURVE('',#572,#509,#574,.T.);
#572 = VERTEX_POINT('',#573);
#573 = CARTESIAN_POINT('',(20.608499526978,16.,19.997100830078));
#574 = LINE('',#575,#576);
#575 = CARTESIAN_POINT('',(20.608499526978,16.,19.997100830078));
#576 = VECTOR('',#577,1.);
#577 = DIRECTION('',(9.230834800135E-02,0.,-0.995730470001));
#578 = ORIENTED_EDGE('',*,*,#579,.F.);
#579 = EDGE_CURVE('',#487,#572,#580,.T.);
#580 = LINE('',#581,#582);
#581 = CARTESIAN_POINT('',(21.657899856567,17.04940032959,
    19.997100830078));
#582 = VECTOR('',#583,1.);
#583 = DIRECTION('',(-0.707106781187,-0.707106781187,0.));
#584 = PLANE('',#585);
#585 = AXIS2_PLACEMENT_3D('',#586,#587,#588);
#586 = CARTESIAN_POINT('',(21.069779089594,16.44719671202,
    19.845189071861));
#587 = DIRECTION('',(-0.705592430388,0.705592430388,-6.5411347321E-02));
#588 = DIRECTION('',(0.707106781187,0.707106781187,0.));
#589 = ADVANCED_FACE('',(#590),#616,.T.);
#590 = FACE_BOUND('',#591,.T.);
#591 = EDGE_LOOP('',(#592,#602,#610));
#592 = ORIENTED_EDGE('',*,*,#593,.T.);
#593 = EDGE_CURVE('',#594,#596,#598,.T.);
#594 = VERTEX_POINT('',#595);
#595 = CARTESIAN_POINT('',(20.226299285889,16.,21.005699157715));
#596 = VERTEX_POINT('',#597);
#597 = CARTESIAN_POINT('',(21.585699081421,17.121599197388,
    20.510299682617));
#598 = LINE('',#599,#600);
#599 = CARTESIAN_POINT('',(20.226299285889,16.,21.005699157715));
#600 = VECTOR('',#601,1.);
#601 = DIRECTION('',(0.742567271424,0.612669546055,-0.270610189657));
#602 = ORIENTED_EDGE('',*,*,#603,.F.);
#603 = EDGE_CURVE('',#604,#596,#606,.T.);
#604 = VERTEX_POINT('',#605);
#605 = CARTESIAN_POINT('',(20.464099884033,16.,20.510299682617));
#606 = LINE('',#607,#608);
#607 = CARTESIAN_POINT('',(20.464099884033,16.,20.510299682617));
#608 = VECTOR('',#609,1.);
#609 = DIRECTION('',(0.707106781187,0.707106781187,0.));
#610 = ORIENTED_EDGE('',*,*,#611,.F.);
#611 = EDGE_CURVE('',#594,#604,#612,.T.);
#612 = LINE('',#613,#614);
#613 = CARTESIAN_POINT('',(20.226299285889,16.,21.005699157715));
#614 = VECTOR('',#615,1.);
#615 = DIRECTION('',(0.432744156947,0.,-0.901516774457));
#616 = PLANE('',#617);
#617 = AXIS2_PLACEMENT_3D('',#618,#619,#620);
#618 = CARTESIAN_POINT('',(20.875852767544,16.483104120604,
    20.658942561059));
#619 = DIRECTION('',(-0.669586905671,0.669586905671,-0.321413676603));
#620 = DIRECTION('',(0.707106781187,0.707106781187,0.));
#621 = ADVANCED_FACE('',(#622),#639,.T.);
#622 = FACE_BOUND('',#623,.T.);
#623 = EDGE_LOOP('',(#624,#625,#633));
#624 = ORIENTED_EDGE('',*,*,#593,.F.);
#625 = ORIENTED_EDGE('',*,*,#626,.F.);
#626 = EDGE_CURVE('',#627,#594,#629,.T.);
#627 = VERTEX_POINT('',#628);
#628 = CARTESIAN_POINT('',(21.466800689697,17.240600585938,
    21.005699157715));
#629 = LINE('',#630,#631);
#630 = CARTESIAN_POINT('',(21.466800689697,17.240600585938,
    21.005699157715));
#631 = VECTOR('',#632,1.);
#632 = DIRECTION('',(-0.707078514006,-0.707135047237,0.));
#633 = ORIENTED_EDGE('',*,*,#634,.T.);
#634 = EDGE_CURVE('',#627,#596,#635,.T.);
#635 = LINE('',#636,#637);
#636 = CARTESIAN_POINT('',(21.466800689697,17.240600585938,
    21.005699157715));
#637 = VECTOR('',#638,1.);
#638 = DIRECTION('',(0.227260348396,-0.227457214764,-0.946898067111));
#639 = PLANE('',#640);
#640 = AXIS2_PLACEMENT_3D('',#641,#642,#643);
#641 = CARTESIAN_POINT('',(20.959599899167,16.665203344834,
    20.863777853648));
#642 = DIRECTION('',(-0.669584817156,0.669531285949,-0.321533870331));
#643 = DIRECTION('',(-0.707078514006,-0.707135047237,2.775557561563E-17)
  );
#644 = ADVANCED_FACE('',(#645),#662,.T.);
#645 = FACE_BOUND('',#646,.T.);
#646 = EDGE_LOOP('',(#647,#655,#656));
#647 = ORIENTED_EDGE('',*,*,#648,.T.);
#648 = EDGE_CURVE('',#649,#627,#651,.T.);
#649 = VERTEX_POINT('',#650);
#650 = CARTESIAN_POINT('',(19.899000167847,16.,21.47500038147));
#651 = LINE('',#652,#653);
#652 = CARTESIAN_POINT('',(19.899000167847,16.,21.47500038147));
#653 = VECTOR('',#654,1.);
#654 = DIRECTION('',(0.763434729715,0.604105917691,-0.228524514387));
#655 = ORIENTED_EDGE('',*,*,#626,.T.);
#656 = ORIENTED_EDGE('',*,*,#657,.F.);
#657 = EDGE_CURVE('',#649,#594,#658,.T.);
#658 = LINE('',#659,#660);
#659 = CARTESIAN_POINT('',(19.899000167847,16.,21.47500038147));
#660 = VECTOR('',#661,1.);
#661 = DIRECTION('',(0.572040120478,0.,-0.82022564003));
#662 = PLANE('',#663);
#663 = AXIS2_PLACEMENT_3D('',#664,#665,#666);
#664 = CARTESIAN_POINT('',(20.667427115385,16.539273542671,
    21.146364584751));
#665 = DIRECTION('',(-0.634204291673,0.634153589028,-0.44230548487));
#666 = DIRECTION('',(-0.707078514006,-0.707135047237,2.775557561563E-17)
  );
#667 = ADVANCED_FACE('',(#668),#685,.T.);
#668 = FACE_BOUND('',#669,.T.);
#669 = EDGE_LOOP('',(#670,#671,#679));
#670 = ORIENTED_EDGE('',*,*,#648,.F.);
#671 = ORIENTED_EDGE('',*,*,#672,.F.);
#672 = EDGE_CURVE('',#673,#649,#675,.T.);
#673 = VERTEX_POINT('',#674);
#674 = CARTESIAN_POINT('',(21.303199768066,17.40419960022,21.47500038147
    ));
#675 = LINE('',#676,#677);
#676 = CARTESIAN_POINT('',(21.303199768066,17.40419960022,21.47500038147
    ));
#677 = VECTOR('',#678,1.);
#678 = DIRECTION('',(-0.707106781187,-0.707106781187,0.));
#679 = ORIENTED_EDGE('',*,*,#680,.T.);
#680 = EDGE_CURVE('',#673,#627,#681,.T.);
#681 = LINE('',#682,#683);
#682 = CARTESIAN_POINT('',(21.303199768066,17.40419960022,21.47500038147
    ));
#683 = VECTOR('',#684,1.);
#684 = DIRECTION('',(0.312672734612,-0.312669089303,-0.896924635421));
#685 = PLANE('',#686);
#686 = AXIS2_PLACEMENT_3D('',#687,#688,#689);
#687 = CARTESIAN_POINT('',(20.727812530033,16.736416732603,
    21.342477794288));
#688 = DIRECTION('',(-0.634221491921,0.634221491921,-0.442183444251));
#689 = DIRECTION('',(0.707106781187,0.707106781187,0.));
#690 = ADVANCED_FACE('',(#691),#708,.T.);
#691 = FACE_BOUND('',#692,.T.);
#692 = EDGE_LOOP('',(#693,#701,#702));
#693 = ORIENTED_EDGE('',*,*,#694,.T.);
#694 = EDGE_CURVE('',#695,#673,#697,.T.);
#695 = VERTEX_POINT('',#696);
#696 = CARTESIAN_POINT('',(19.487899780273,16.,21.909999847412));
#697 = LINE('',#698,#699);
#698 = CARTESIAN_POINT('',(19.487899780273,16.,21.909999847412));
#699 = VECTOR('',#700,1.);
#700 = DIRECTION('',(0.777138962912,0.601144840178,-0.186225437175));
#701 = ORIENTED_EDGE('',*,*,#672,.T.);
#702 = ORIENTED_EDGE('',*,*,#703,.F.);
#703 = EDGE_CURVE('',#695,#649,#704,.T.);
#704 = LINE('',#705,#706);
#705 = CARTESIAN_POINT('',(19.487899780273,16.,21.909999847412));
#706 = VECTOR('',#707,1.);
#707 = DIRECTION('',(0.686859774923,0.,-0.726789962502));
#708 = PLANE('',#709);
#709 = AXIS2_PLACEMENT_3D('',#710,#711,#712);
#710 = CARTESIAN_POINT('',(20.393104268967,16.616692936022,
    21.604715845927));
#711 = DIRECTION('',(-0.587916247839,0.587916247839,-0.555615848455));
#712 = DIRECTION('',(0.707106781187,0.707106781187,2.775557561563E-17));
#713 = ADVANCED_FACE('',(#714),#731,.T.);
#714 = FACE_BOUND('',#715,.T.);
#715 = EDGE_LOOP('',(#716,#717,#725));
#716 = ORIENTED_EDGE('',*,*,#694,.F.);
#717 = ORIENTED_EDGE('',*,*,#718,.T.);
#718 = EDGE_CURVE('',#695,#719,#721,.T.);
#719 = VERTEX_POINT('',#720);
#720 = CARTESIAN_POINT('',(21.09760093689,17.609699249268,
    21.909999847412));
#721 = LINE('',#722,#723);
#722 = CARTESIAN_POINT('',(19.487899780273,16.,21.909999847412));
#723 = VECTOR('',#724,1.);
#724 = DIRECTION('',(0.707107200115,0.707106362258,0.));
#725 = ORIENTED_EDGE('',*,*,#726,.T.);
#726 = EDGE_CURVE('',#719,#673,#727,.T.);
#727 = LINE('',#728,#729);
#728 = CARTESIAN_POINT('',(21.09760093689,17.609699249268,
    21.909999847412));
#729 = VECTOR('',#730,1.);
#730 = DIRECTION('',(0.392973256898,-0.392783684205,-0.831440314626));
#731 = PLANE('',#732);
#732 = AXIS2_PLACEMENT_3D('',#733,#734,#735);
#733 = CARTESIAN_POINT('',(20.431976304215,16.82964150227,
    21.788912763426));
#734 = DIRECTION('',(-0.587916741618,0.587917438246,-0.555614066355));
#735 = DIRECTION('',(0.707107200115,0.707106362258,-2.775557561563E-17)
  );
#736 = ADVANCED_FACE('',(#737),#754,.T.);
#737 = FACE_BOUND('',#738,.T.);
#738 = EDGE_LOOP('',(#739,#747,#753));
#739 = ORIENTED_EDGE('',*,*,#740,.T.);
#740 = EDGE_CURVE('',#695,#741,#743,.T.);
#741 = VERTEX_POINT('',#742);
#742 = CARTESIAN_POINT('',(20.853700637817,17.853700637817,
    22.303400039673));
#743 = LINE('',#744,#745);
#744 = CARTESIAN_POINT('',(19.487899780273,16.,21.909999847412));
#745 = VECTOR('',#746,1.);
#746 = DIRECTION('',(0.584702576133,0.793573625557,0.168415552381));
#747 = ORIENTED_EDGE('',*,*,#748,.T.);
#748 = EDGE_CURVE('',#741,#719,#749,.T.);
#749 = LINE('',#750,#751);
#750 = CARTESIAN_POINT('',(20.853700637817,17.853700637817,
    22.303400039673));
#751 = VECTOR('',#752,1.);
#752 = DIRECTION('',(0.466128149331,-0.466321345695,-0.751843701145));
#753 = ORIENTED_EDGE('',*,*,#718,.F.);
#754 = PLANE('',#755);
#755 = AXIS2_PLACEMENT_3D('',#756,#757,#758);
#756 = CARTESIAN_POINT('',(20.306860438382,16.95477418311,
    22.019508548865));
#757 = DIRECTION('',(-0.531633469435,0.531634099373,-0.659341367245));
#758 = DIRECTION('',(0.,-0.778466581963,-0.62768605271));
#759 = ADVANCED_FACE('',(#760),#777,.T.);
#760 = FACE_BOUND('',#761,.T.);
#761 = EDGE_LOOP('',(#762,#763,#771));
#762 = ORIENTED_EDGE('',*,*,#740,.F.);
#763 = ORIENTED_EDGE('',*,*,#764,.F.);
#764 = EDGE_CURVE('',#765,#695,#767,.T.);
#765 = VERTEX_POINT('',#766);
#766 = CARTESIAN_POINT('',(19.,16.,22.303400039673));
#767 = LINE('',#768,#769);
#768 = CARTESIAN_POINT('',(19.,16.,22.303400039673));
#769 = VECTOR('',#770,1.);
#770 = DIRECTION('',(0.778465564623,0.,-0.62768731443));
#771 = ORIENTED_EDGE('',*,*,#772,.F.);
#772 = EDGE_CURVE('',#741,#765,#773,.T.);
#773 = LINE('',#774,#775);
#774 = CARTESIAN_POINT('',(20.853700637817,17.853700637817,
    22.303400039673));
#775 = VECTOR('',#776,1.);
#776 = DIRECTION('',(-0.707106781187,-0.707106781187,0.));
#777 = PLANE('',#778);
#778 = AXIS2_PLACEMENT_3D('',#779,#780,#781);
#779 = CARTESIAN_POINT('',(19.952249882467,16.82282413776,
    22.199042311078));
#780 = DIRECTION('',(-0.531634687939,0.531634687939,-0.659339910183));
#781 = DIRECTION('',(-5.551115123126E-17,-0.778465564623,-0.62768731443)
  );
#782 = ADVANCED_FACE('',(#783),#800,.T.);
#783 = FACE_BOUND('',#784,.T.);
#784 = EDGE_LOOP('',(#785,#793,#799));
#785 = ORIENTED_EDGE('',*,*,#786,.T.);
#786 = EDGE_CURVE('',#765,#787,#789,.T.);
#787 = VERTEX_POINT('',#788);
#788 = CARTESIAN_POINT('',(18.857200622559,19.850099563599,
    25.13689994812));
#789 = LINE('',#790,#791);
#790 = CARTESIAN_POINT('',(19.,16.,22.303400039673));
#791 = VECTOR('',#792,1.);
#792 = DIRECTION('',(-2.985868208781E-02,0.80503781554,0.592471581306));
#793 = ORIENTED_EDGE('',*,*,#794,.T.);
#794 = EDGE_CURVE('',#787,#741,#795,.T.);
#795 = LINE('',#796,#797);
#796 = CARTESIAN_POINT('',(18.857200622559,19.850099563599,
    25.13689994812));
#797 = VECTOR('',#798,1.);
#798 = DIRECTION('',(0.499119658382,-0.499094386283,-0.708367390694));
#799 = ORIENTED_EDGE('',*,*,#772,.T.);
#800 = PLANE('',#801);
#801 = AXIS2_PLACEMENT_3D('',#802,#803,#804);
#802 = CARTESIAN_POINT('',(19.483172217771,18.020685084286,
    23.394472623987));
#803 = DIRECTION('',(-0.500891385611,0.500891385611,-0.705843920171));
#804 = DIRECTION('',(-0.815523561611,-2.775557561563E-17,0.578723872375)
  );
#805 = ADVANCED_FACE('',(#806),#823,.T.);
#806 = FACE_BOUND('',#807,.T.);
#807 = EDGE_LOOP('',(#808,#809,#817));
#808 = ORIENTED_EDGE('',*,*,#786,.F.);
#809 = ORIENTED_EDGE('',*,*,#810,.F.);
#810 = EDGE_CURVE('',#811,#765,#813,.T.);
#811 = VERTEX_POINT('',#812);
#812 = CARTESIAN_POINT('',(15.007100105286,16.,25.13689994812));
#813 = LINE('',#814,#815);
#814 = CARTESIAN_POINT('',(15.007100105286,16.,25.13689994812));
#815 = VECTOR('',#816,1.);
#816 = DIRECTION('',(0.815523626848,0.,-0.578723780446));
#817 = ORIENTED_EDGE('',*,*,#818,.F.);
#818 = EDGE_CURVE('',#787,#811,#819,.T.);
#819 = LINE('',#820,#821);
#820 = CARTESIAN_POINT('',(18.857200622559,19.850099563599,
    25.13689994812));
#821 = VECTOR('',#822,1.);
#822 = DIRECTION('',(-0.707106868762,-0.707106693611,0.));
#823 = PLANE('',#824);
#824 = AXIS2_PLACEMENT_3D('',#825,#826,#827);
#825 = CARTESIAN_POINT('',(17.586603732419,17.301829134077,
    24.230218152719));
#826 = DIRECTION('',(-0.500891294879,0.50089141895,-0.705843960899));
#827 = DIRECTION('',(0.,-0.815523559192,-0.578723875785));
#828 = ADVANCED_FACE('',(#829),#846,.T.);
#829 = FACE_BOUND('',#830,.T.);
#830 = EDGE_LOOP('',(#831,#839,#845));
#831 = ORIENTED_EDGE('',*,*,#832,.F.);
#832 = EDGE_CURVE('',#833,#787,#835,.T.);
#833 = VERTEX_POINT('',#834);
#834 = CARTESIAN_POINT('',(18.857200622559,19.850099563599,
    22.166999816895));
#835 = LINE('',#836,#837);
#836 = CARTESIAN_POINT('',(18.857200622559,19.850099563599,
    22.166999816895));
#837 = VECTOR('',#838,1.);
#838 = DIRECTION('',(0.,0.,1.));
#839 = ORIENTED_EDGE('',*,*,#840,.T.);
#840 = EDGE_CURVE('',#833,#741,#841,.T.);
#841 = LINE('',#842,#843);
#842 = CARTESIAN_POINT('',(18.857200622559,19.850099563599,
    22.166999816895));
#843 = VECTOR('',#844,1.);
#844 = DIRECTION('',(0.706300943055,-0.706265180674,4.825424755568E-02)
  );
#845 = ORIENTED_EDGE('',*,*,#794,.F.);
#846 = PLANE('',#847);
#847 = AXIS2_PLACEMENT_3D('',#848,#849,#850);
#848 = CARTESIAN_POINT('',(19.552826230546,19.154509177464,
    23.271010975383));
#849 = DIRECTION('',(-0.707088878915,-0.707124683005,-0.));
#850 = DIRECTION('',(-0.707124683005,0.707088878915,0.));
#851 = ADVANCED_FACE('',(#852),#869,.T.);
#852 = FACE_BOUND('',#853,.T.);
#853 = EDGE_LOOP('',(#854,#862,#863));
#854 = ORIENTED_EDGE('',*,*,#855,.T.);
#855 = EDGE_CURVE('',#856,#741,#858,.T.);
#856 = VERTEX_POINT('',#857);
#857 = CARTESIAN_POINT('',(19.803699493408,18.903699874878,
    20.818500518799));
#858 = LINE('',#859,#860);
#859 = CARTESIAN_POINT('',(19.803699493408,18.903699874878,
    20.818500518799));
#860 = VECTOR('',#861,1.);
#861 = DIRECTION('',(0.500004661328,-0.50000375306,0.707100831265));
#862 = ORIENTED_EDGE('',*,*,#840,.F.);
#863 = ORIENTED_EDGE('',*,*,#864,.F.);
#864 = EDGE_CURVE('',#856,#833,#865,.T.);
#865 = LINE('',#866,#867);
#866 = CARTESIAN_POINT('',(19.803699493408,18.903699874878,
    20.818500518799));
#867 = VECTOR('',#868,1.);
#868 = DIRECTION('',(-0.498158484417,0.498106283173,0.709738159512));
#869 = PLANE('',#870);
#870 = AXIS2_PLACEMENT_3D('',#871,#872,#873);
#871 = CARTESIAN_POINT('',(19.854911116765,18.85245460362,
    21.821153122252));
#872 = DIRECTION('',(-0.707088002487,-0.707125558923,-2.564858127989E-05
    ));
#873 = DIRECTION('',(-0.707125559155,0.707088002719,-1.694065894509E-21)
  );
#874 = ADVANCED_FACE('',(#875),#899,.T.);
#875 = FACE_BOUND('',#876,.T.);
#876 = EDGE_LOOP('',(#877,#885,#893));
#877 = ORIENTED_EDGE('',*,*,#878,.T.);
#878 = EDGE_CURVE('',#879,#22,#881,.T.);
#879 = VERTEX_POINT('',#880);
#880 = CARTESIAN_POINT('',(16.121599197388,22.585699081421,
    20.510299682617));
#881 = LINE('',#882,#883);
#882 = CARTESIAN_POINT('',(16.121599197388,22.585699081421,
    20.510299682617));
#883 = VECTOR('',#884,1.);
#884 = DIRECTION('',(-0.692970016552,-0.718935198199,5.408083719185E-02)
  );
#885 = ORIENTED_EDGE('',*,*,#886,.F.);
#886 = EDGE_CURVE('',#887,#22,#889,.T.);
#887 = VERTEX_POINT('',#888);
#888 = CARTESIAN_POINT('',(9.535900115967,16.,20.510299682617));
#889 = LINE('',#890,#891);
#890 = CARTESIAN_POINT('',(9.535900115967,16.,20.510299682617));
#891 = VECTOR('',#892,1.);
#892 = DIRECTION('',(0.43281749745,0.,0.901481566035));
#893 = ORIENTED_EDGE('',*,*,#894,.T.);
#894 = EDGE_CURVE('',#887,#879,#895,.T.);
#895 = LINE('',#896,#897);
#896 = CARTESIAN_POINT('',(9.535900115967,16.,20.510299682617));
#897 = VECTOR('',#898,1.);
#898 = DIRECTION('',(0.707106781187,0.707106781187,0.));
#899 = PLANE('',#900);
#900 = AXIS2_PLACEMENT_3D('',#901,#902,#903);
#901 = CARTESIAN_POINT('',(12.794329011898,19.197727597774,
    20.636729648239));
#902 = DIRECTION('',(0.66957247929,-0.66957247929,-0.321473778019));
#903 = DIRECTION('',(0.707106781187,0.707106781187,-2.775557561563E-17)
  );
#904 = ADVANCED_FACE('',(#905),#915,.T.);
#905 = FACE_BOUND('',#906,.T.);
#906 = EDGE_LOOP('',(#907,#908,#914));
#907 = ORIENTED_EDGE('',*,*,#878,.F.);
#908 = ORIENTED_EDGE('',*,*,#909,.T.);
#909 = EDGE_CURVE('',#879,#55,#910,.T.);
#910 = LINE('',#911,#912);
#911 = CARTESIAN_POINT('',(16.121599197388,22.585699081421,
    20.510299682617));
#912 = VECTOR('',#913,1.);
#913 = DIRECTION('',(0.227457214764,-0.227260348396,0.946898067111));
#914 = ORIENTED_EDGE('',*,*,#54,.T.);
#915 = PLANE('',#916);
#916 = AXIS2_PLACEMENT_3D('',#917,#918,#919);
#917 = CARTESIAN_POINT('',(13.066418672533,19.353817393135,
    20.878310135977));
#918 = DIRECTION('',(0.669555483681,-0.669560618209,-0.32153387507));
#919 = DIRECTION('',(-0.707109492417,-0.707104069946,0.));
#920 = ADVANCED_FACE('',(#921),#938,.T.);
#921 = FACE_BOUND('',#922,.T.);
#922 = EDGE_LOOP('',(#923,#931,#932));
#923 = ORIENTED_EDGE('',*,*,#924,.T.);
#924 = EDGE_CURVE('',#925,#55,#927,.T.);
#925 = VERTEX_POINT('',#926);
#926 = CARTESIAN_POINT('',(17.690200805664,21.017200469971,
    20.424999237061));
#927 = LINE('',#928,#929);
#928 = CARTESIAN_POINT('',(17.690200805664,21.017200469971,
    20.424999237061));
#929 = VECTOR('',#930,1.);
#930 = DIRECTION('',(-0.68033903573,0.68033903573,0.272539158514));
#931 = ORIENTED_EDGE('',*,*,#909,.F.);
#932 = ORIENTED_EDGE('',*,*,#933,.T.);
#933 = EDGE_CURVE('',#879,#925,#934,.T.);
#934 = LINE('',#935,#936);
#935 = CARTESIAN_POINT('',(16.121599197388,22.585699081421,
    20.510299682617));
#936 = VECTOR('',#937,1.);
#937 = DIRECTION('',(0.706607764097,-0.70656136713,-3.842528070431E-02)
  );
#938 = PLANE('',#939);
#939 = AXIS2_PLACEMENT_3D('',#940,#941,#942);
#940 = CARTESIAN_POINT('',(16.854107917148,21.853264373938,
    20.607105699325));
#941 = DIRECTION('',(-0.707079912057,-0.707133636578,1.341124304071E-04)
  );
#942 = DIRECTION('',(-0.707133642937,0.707079918415,0.));
#943 = ADVANCED_FACE('',(#944),#961,.T.);
#944 = FACE_BOUND('',#945,.T.);
#945 = EDGE_LOOP('',(#946,#947,#955));
#946 = ORIENTED_EDGE('',*,*,#924,.F.);
#947 = ORIENTED_EDGE('',*,*,#948,.F.);
#948 = EDGE_CURVE('',#949,#925,#951,.T.);
#949 = VERTEX_POINT('',#950);
#950 = CARTESIAN_POINT('',(17.787799835205,20.919599533081,
    20.63159942627));
#951 = LINE('',#952,#953);
#952 = CARTESIAN_POINT('',(17.787799835205,20.919599533081,
    20.63159942627));
#953 = VECTOR('',#954,1.);
#954 = DIRECTION('',(-0.39280701923,0.39281469574,-0.831504215536));
#955 = ORIENTED_EDGE('',*,*,#956,.F.);
#956 = EDGE_CURVE('',#55,#949,#957,.T.);
#957 = LINE('',#958,#959);
#958 = CARTESIAN_POINT('',(16.240600585938,22.466800689697,
    21.005699157715));
#959 = VECTOR('',#960,1.);
#960 = DIRECTION('',(0.696992636984,-0.69699349622,-0.168526942111));
#961 = PLANE('',#962);
#962 = AXIS2_PLACEMENT_3D('',#963,#964,#965);
#963 = CARTESIAN_POINT('',(17.030749634585,21.676651129211,
    20.755104083535));
#964 = DIRECTION('',(-0.707107880654,-0.707105681696,-5.489254068653E-06
    ));
#965 = DIRECTION('',(0.707105681707,-0.707107880664,0.));
#966 = ADVANCED_FACE('',(#967),#993,.T.);
#967 = FACE_BOUND('',#968,.T.);
#968 = EDGE_LOOP('',(#969,#979,#987));
#969 = ORIENTED_EDGE('',*,*,#970,.T.);
#970 = EDGE_CURVE('',#971,#973,#975,.T.);
#971 = VERTEX_POINT('',#972);
#972 = CARTESIAN_POINT('',(14.992899894714,16.,25.13689994812));
#973 = VERTEX_POINT('',#974);
#974 = CARTESIAN_POINT('',(16.853700637817,21.853700637817,
    22.303400039673));
#975 = LINE('',#976,#977);
#976 = CARTESIAN_POINT('',(14.992899894714,16.,25.13689994812));
#977 = VECTOR('',#978,1.);
#978 = DIRECTION('',(0.275087316359,0.865368742567,-0.418884122122));
#979 = ORIENTED_EDGE('',*,*,#980,.T.);
#980 = EDGE_CURVE('',#973,#981,#983,.T.);
#981 = VERTEX_POINT('',#982);
#982 = CARTESIAN_POINT('',(18.850099563599,19.857200622559,
    25.13689994812));
#983 = LINE('',#984,#985);
#984 = CARTESIAN_POINT('',(16.853700637817,21.853700637817,
    22.303400039673));
#985 = VECTOR('',#986,1.);
#986 = DIRECTION('',(0.499094386283,-0.499119658382,0.708367390694));
#987 = ORIENTED_EDGE('',*,*,#988,.T.);
#988 = EDGE_CURVE('',#981,#971,#989,.T.);
#989 = LINE('',#990,#991);
#990 = CARTESIAN_POINT('',(18.850099563599,19.857200622559,
    25.13689994812));
#991 = VECTOR('',#992,1.);
#992 = DIRECTION('',(-0.707106693772,-0.707106868601,0.));
#993 = PLANE('',#994);
#994 = AXIS2_PLACEMENT_3D('',#995,#996,#997);
#995 = CARTESIAN_POINT('',(16.734650080557,19.066752684424,
    24.196632531006));
#996 = DIRECTION('',(0.500891447533,-0.50089132369,-0.705843920169));
#997 = DIRECTION('',(-0.815523527844,0.,-0.578723919958));
#998 = ADVANCED_FACE('',(#999),#1016,.T.);
#999 = FACE_BOUND('',#1000,.T.);
#1000 = EDGE_LOOP('',(#1001,#1002,#1010));
#1001 = ORIENTED_EDGE('',*,*,#970,.F.);
#1002 = ORIENTED_EDGE('',*,*,#1003,.F.);
#1003 = EDGE_CURVE('',#1004,#971,#1006,.T.);
#1004 = VERTEX_POINT('',#1005);
#1005 = CARTESIAN_POINT('',(11.,16.,22.303400039673));
#1006 = LINE('',#1007,#1008);
#1007 = CARTESIAN_POINT('',(11.,16.,22.303400039673));
#1008 = VECTOR('',#1009,1.);
#1009 = DIRECTION('',(0.815523626848,0.,0.578723780446));
#1010 = ORIENTED_EDGE('',*,*,#1011,.T.);
#1011 = EDGE_CURVE('',#1004,#973,#1012,.T.);
#1012 = LINE('',#1013,#1014);
#1013 = CARTESIAN_POINT('',(11.,16.,22.303400039673));
#1014 = VECTOR('',#1015,1.);
#1015 = DIRECTION('',(0.707106781187,0.707106781187,0.));
#1016 = PLANE('',#1017);
#1017 = AXIS2_PLACEMENT_3D('',#1018,#1019,#1020);
#1018 = CARTESIAN_POINT('',(14.375693345974,18.208144491037,
    23.131933101058));
#1019 = DIRECTION('',(0.500891326007,-0.500891326007,-0.705844004764));
#1020 = DIRECTION('',(-0.815523626848,5.551115123126E-17,-0.578723780446
    ));
#1021 = ADVANCED_FACE('',(#1022),#1039,.T.);
#1022 = FACE_BOUND('',#1023,.T.);
#1023 = EDGE_LOOP('',(#1024,#1032,#1038));
#1024 = ORIENTED_EDGE('',*,*,#1025,.T.);
#1025 = EDGE_CURVE('',#1004,#1026,#1028,.T.);
#1026 = VERTEX_POINT('',#1027);
#1027 = CARTESIAN_POINT('',(16.609699249268,22.09760093689,
    21.909999847412));
#1028 = LINE('',#1029,#1030);
#1029 = CARTESIAN_POINT('',(11.,16.,22.303400039673));
#1030 = VECTOR('',#1031,1.);
#1031 = DIRECTION('',(0.676288526605,0.735108491596,-4.742714797501E-02)
  );
#1032 = ORIENTED_EDGE('',*,*,#1033,.T.);
#1033 = EDGE_CURVE('',#1026,#973,#1034,.T.);
#1034 = LINE('',#1035,#1036);
#1035 = CARTESIAN_POINT('',(16.609699249268,22.09760093689,
    21.909999847412));
#1036 = VECTOR('',#1037,1.);
#1037 = DIRECTION('',(0.466321345695,-0.466128149331,0.751843701145));
#1038 = ORIENTED_EDGE('',*,*,#1011,.F.);
#1039 = PLANE('',#1040);
#1040 = AXIS2_PLACEMENT_3D('',#1041,#1042,#1043);
#1041 = CARTESIAN_POINT('',(13.953502315619,19.079328219804,
    22.2019453078));
#1042 = DIRECTION('',(0.531633784433,-0.531633784433,-0.659341367199));
#1043 = DIRECTION('',(-0.778466763636,0.,-0.627685827396));
#1044 = ADVANCED_FACE('',(#1045),#1062,.T.);
#1045 = FACE_BOUND('',#1046,.T.);
#1046 = EDGE_LOOP('',(#1047,#1048,#1056));
#1047 = ORIENTED_EDGE('',*,*,#1025,.F.);
#1048 = ORIENTED_EDGE('',*,*,#1049,.F.);
#1049 = EDGE_CURVE('',#1050,#1004,#1052,.T.);
#1050 = VERTEX_POINT('',#1051);
#1051 = CARTESIAN_POINT('',(10.512100219727,16.,21.909999847412));
#1052 = LINE('',#1053,#1054);
#1053 = CARTESIAN_POINT('',(10.512100219727,16.,21.909999847412));
#1054 = VECTOR('',#1055,1.);
#1055 = DIRECTION('',(0.778465564623,0.,0.62768731443));
#1056 = ORIENTED_EDGE('',*,*,#1057,.T.);
#1057 = EDGE_CURVE('',#1050,#1026,#1058,.T.);
#1058 = LINE('',#1059,#1060);
#1059 = CARTESIAN_POINT('',(10.512100219727,16.,21.909999847412));
#1060 = VECTOR('',#1061,1.);
#1061 = DIRECTION('',(0.707106670594,0.707106891779,0.));
#1062 = PLANE('',#1063);
#1063 = AXIS2_PLACEMENT_3D('',#1064,#1065,#1066);
#1064 = CARTESIAN_POINT('',(13.576037840857,18.939889985741,
    22.01002187521));
#1065 = DIRECTION('',(0.53163473494,-0.531634568643,-0.659339968475));
#1066 = DIRECTION('',(-0.778465564623,-2.775557561563E-17,-0.62768731443
    ));
#1067 = ADVANCED_FACE('',(#1068),#1085,.T.);
#1068 = FACE_BOUND('',#1069,.T.);
#1069 = EDGE_LOOP('',(#1070,#1078,#1079));
#1070 = ORIENTED_EDGE('',*,*,#1071,.T.);
#1071 = EDGE_CURVE('',#1072,#981,#1074,.T.);
#1072 = VERTEX_POINT('',#1073);
#1073 = CARTESIAN_POINT('',(18.850099563599,19.857200622559,
    22.166999816895));
#1074 = LINE('',#1075,#1076);
#1075 = CARTESIAN_POINT('',(18.850099563599,19.857200622559,
    22.166999816895));
#1076 = VECTOR('',#1077,1.);
#1077 = DIRECTION('',(0.,0.,1.));
#1078 = ORIENTED_EDGE('',*,*,#980,.F.);
#1079 = ORIENTED_EDGE('',*,*,#1080,.T.);
#1080 = EDGE_CURVE('',#973,#1072,#1081,.T.);
#1081 = LINE('',#1082,#1083);
#1082 = CARTESIAN_POINT('',(16.853700637817,21.853700637817,
    22.303400039673));
#1083 = VECTOR('',#1084,1.);
#1084 = DIRECTION('',(0.706265180674,-0.706300943055,-4.825424755568E-02
    ));
#1085 = PLANE('',#1086);
#1086 = AXIS2_PLACEMENT_3D('',#1087,#1088,#1089);
#1087 = CARTESIAN_POINT('',(18.154509177464,20.552826230546,
    23.271010975383));
#1088 = DIRECTION('',(-0.707124683005,-0.707088878915,-0.));
#1089 = DIRECTION('',(0.707088878915,-0.707124683005,0.));
#1090 = ADVANCED_FACE('',(#1091),#1108,.T.);
#1091 = FACE_BOUND('',#1092,.T.);
#1092 = EDGE_LOOP('',(#1093,#1101,#1102));
#1093 = ORIENTED_EDGE('',*,*,#1094,.T.);
#1094 = EDGE_CURVE('',#1095,#973,#1097,.T.);
#1095 = VERTEX_POINT('',#1096);
#1096 = CARTESIAN_POINT('',(17.903699874878,20.803699493408,
    20.818500518799));
#1097 = LINE('',#1098,#1099);
#1098 = CARTESIAN_POINT('',(17.903699874878,20.803699493408,
    20.818500518799));
#1099 = VECTOR('',#1100,1.);
#1100 = DIRECTION('',(-0.50000375306,0.500004661328,0.707100831265));
#1101 = ORIENTED_EDGE('',*,*,#1033,.F.);
#1102 = ORIENTED_EDGE('',*,*,#1103,.T.);
#1103 = EDGE_CURVE('',#1026,#1095,#1104,.T.);
#1104 = LINE('',#1105,#1106);
#1105 = CARTESIAN_POINT('',(16.609699249268,22.09760093689,
    21.909999847412));
#1106 = VECTOR('',#1107,1.);
#1107 = DIRECTION('',(0.607305297278,-0.607258748744,-0.512266618055));
#1108 = PLANE('',#1109);
#1109 = AXIS2_PLACEMENT_3D('',#1110,#1111,#1112);
#1110 = CARTESIAN_POINT('',(17.252806953141,21.454565256367,
    21.532857505495));
#1111 = DIRECTION('',(-0.707038665532,-0.707174883596,9.723061474505E-05
    ));
#1112 = DIRECTION('',(-0.707174886939,0.707038668874,0.));
#1113 = ADVANCED_FACE('',(#1114),#1129,.T.);
#1114 = FACE_BOUND('',#1115,.T.);
#1115 = EDGE_LOOP('',(#1116,#1117,#1123));
#1116 = ORIENTED_EDGE('',*,*,#1103,.F.);
#1117 = ORIENTED_EDGE('',*,*,#1118,.T.);
#1118 = EDGE_CURVE('',#1026,#24,#1119,.T.);
#1119 = LINE('',#1120,#1121);
#1120 = CARTESIAN_POINT('',(16.609699249268,22.09760093689,
    21.909999847412));
#1121 = VECTOR('',#1122,1.);
#1122 = DIRECTION('',(-0.392783684205,0.392973256898,-0.831440314626));
#1123 = ORIENTED_EDGE('',*,*,#1124,.T.);
#1124 = EDGE_CURVE('',#24,#1095,#1125,.T.);
#1125 = LINE('',#1126,#1127);
#1126 = CARTESIAN_POINT('',(16.40419960022,22.303199768066,
    21.47500038147));
#1127 = VECTOR('',#1128,1.);
#1128 = DIRECTION('',(0.675478382711,-0.675478382711,-0.295732833786));
#1129 = PLANE('',#1130);
#1130 = AXIS2_PLACEMENT_3D('',#1131,#1132,#1133);
#1131 = CARTESIAN_POINT('',(17.129416407659,21.577955957101,
    21.300420772593));
#1132 = DIRECTION('',(-0.70713601743,-0.707077531115,-1.335876068028E-04
    ));
#1133 = DIRECTION('',(0.707077537424,-0.70713602374,0.));
#1134 = ADVANCED_FACE('',(#1135),#1145,.T.);
#1135 = FACE_BOUND('',#1136,.T.);
#1136 = EDGE_LOOP('',(#1137,#1143,#1144));
#1137 = ORIENTED_EDGE('',*,*,#1138,.T.);
#1138 = EDGE_CURVE('',#949,#24,#1139,.T.);
#1139 = LINE('',#1140,#1141);
#1140 = CARTESIAN_POINT('',(17.787799835205,20.919599533081,
    20.63159942627));
#1141 = VECTOR('',#1142,1.);
#1142 = DIRECTION('',(-0.649354020794,0.649354020794,0.395826617799));
#1143 = ORIENTED_EDGE('',*,*,#62,.T.);
#1144 = ORIENTED_EDGE('',*,*,#956,.T.);
#1145 = PLANE('',#1146);
#1146 = AXIS2_PLACEMENT_3D('',#1147,#1148,#1149);
#1147 = CARTESIAN_POINT('',(16.975692133847,21.731707771184,
    20.966506709383));
#1148 = DIRECTION('',(-0.707107503581,-0.707106058787,
    -2.370185527939E-06));
#1149 = DIRECTION('',(0.707106058789,-0.707107503583,0.));
#1150 = ADVANCED_FACE('',(#1151),#1161,.T.);
#1151 = FACE_BOUND('',#1152,.T.);
#1152 = EDGE_LOOP('',(#1153,#1154,#1160));
#1153 = ORIENTED_EDGE('',*,*,#1138,.F.);
#1154 = ORIENTED_EDGE('',*,*,#1155,.F.);
#1155 = EDGE_CURVE('',#1095,#949,#1156,.T.);
#1156 = LINE('',#1157,#1158);
#1157 = CARTESIAN_POINT('',(17.903699874878,20.803699493408,
    20.818500518799));
#1158 = VECTOR('',#1159,1.);
#1159 = DIRECTION('',(-0.466227171743,0.466227171743,-0.75184070697));
#1160 = ORIENTED_EDGE('',*,*,#1124,.F.);
#1161 = PLANE('',#1162);
#1162 = AXIS2_PLACEMENT_3D('',#1163,#1164,#1165);
#1163 = CARTESIAN_POINT('',(17.164494861499,21.542904506787,
    21.080663504085));
#1164 = DIRECTION('',(-0.707106781187,-0.707106781187,6.690682759089E-15
    ));
#1165 = DIRECTION('',(-0.707106781187,0.707106781187,0.));
#1166 = ADVANCED_FACE('',(#1167),#1177,.T.);
#1167 = FACE_BOUND('',#1168,.T.);
#1168 = EDGE_LOOP('',(#1169,#1170,#1176));
#1169 = ORIENTED_EDGE('',*,*,#1094,.F.);
#1170 = ORIENTED_EDGE('',*,*,#1171,.F.);
#1171 = EDGE_CURVE('',#1072,#1095,#1172,.T.);
#1172 = LINE('',#1173,#1174);
#1173 = CARTESIAN_POINT('',(18.850099563599,19.857200622559,
    22.166999816895));
#1174 = VECTOR('',#1175,1.);
#1175 = DIRECTION('',(-0.498106283173,0.498158484417,-0.709738159512));
#1176 = ORIENTED_EDGE('',*,*,#1080,.F.);
#1177 = PLANE('',#1178);
#1178 = AXIS2_PLACEMENT_3D('',#1179,#1180,#1181);
#1179 = CARTESIAN_POINT('',(17.85245460362,20.854911116765,
    21.821153122252));
#1180 = DIRECTION('',(-0.707125558923,-0.707088002487,
    -2.564858127983E-05));
#1181 = DIRECTION('',(0.707088002719,-0.707125559155,-1.694065894509E-21
    ));
#1182 = ADVANCED_FACE('',(#1183),#1209,.T.);
#1183 = FACE_BOUND('',#1184,.T.);
#1184 = EDGE_LOOP('',(#1185,#1195,#1203));
#1185 = ORIENTED_EDGE('',*,*,#1186,.T.);
#1186 = EDGE_CURVE('',#1187,#1189,#1191,.T.);
#1187 = VERTEX_POINT('',#1188);
#1188 = CARTESIAN_POINT('',(22.306999206543,20.642999649048,
    19.722999572754));
#1189 = VERTEX_POINT('',#1190);
#1190 = CARTESIAN_POINT('',(26.950000762939,16.,38.950000762939));
#1191 = LINE('',#1192,#1193);
#1192 = CARTESIAN_POINT('',(22.306999206543,20.642999649048,
    19.722999572754));
#1193 = VECTOR('',#1194,1.);
#1194 = DIRECTION('',(0.228524590123,-0.228524496245,0.946336655913));
#1195 = ORIENTED_EDGE('',*,*,#1196,.T.);
#1196 = EDGE_CURVE('',#1189,#1197,#1199,.T.);
#1197 = VERTEX_POINT('',#1198);
#1198 = CARTESIAN_POINT('',(22.318500518799,20.631500244141,
    19.47500038147));
#1199 = LINE('',#1200,#1201);
#1200 = CARTESIAN_POINT('',(26.950000762939,16.,38.950000762939));
#1201 = VECTOR('',#1202,1.);
#1202 = DIRECTION('',(-0.225410576025,0.225410576025,-0.94782917471));
#1203 = ORIENTED_EDGE('',*,*,#1204,.T.);
#1204 = EDGE_CURVE('',#1197,#1187,#1205,.T.);
#1205 = LINE('',#1206,#1207);
#1206 = CARTESIAN_POINT('',(22.318500518799,20.631500244141,
    19.47500038147));
#1207 = VECTOR('',#1208,1.);
#1208 = DIRECTION('',(-4.627700234683E-02,4.626932788541E-02,
    0.997856496873));
#1209 = PLANE('',#1210);
#1210 = AXIS2_PLACEMENT_3D('',#1211,#1212,#1213);
#1211 = CARTESIAN_POINT('',(24.617374991924,18.332625293959,
    29.215664421227));
#1212 = DIRECTION('',(0.707097213017,0.707116349212,4.550926176432E-06)
  );
#1213 = DIRECTION('',(0.707116349219,-0.707097213025,0.));
#1214 = ADVANCED_FACE('',(#1215),#1232,.T.);
#1215 = FACE_BOUND('',#1216,.T.);
#1216 = EDGE_LOOP('',(#1217,#1225,#1226));
#1217 = ORIENTED_EDGE('',*,*,#1218,.T.);
#1218 = EDGE_CURVE('',#1219,#1189,#1221,.T.);
#1219 = VERTEX_POINT('',#1220);
#1220 = CARTESIAN_POINT('',(22.272699356079,20.677299499512,
    19.966800689697));
#1221 = LINE('',#1222,#1223);
#1222 = CARTESIAN_POINT('',(22.272699356079,20.677299499512,
    19.966800689697));
#1223 = VECTOR('',#1224,1.);
#1224 = DIRECTION('',(0.232670994377,-0.232670899496,0.944313751305));
#1225 = ORIENTED_EDGE('',*,*,#1186,.F.);
#1226 = ORIENTED_EDGE('',*,*,#1227,.T.);
#1227 = EDGE_CURVE('',#1187,#1219,#1228,.T.);
#1228 = LINE('',#1229,#1230);
#1229 = CARTESIAN_POINT('',(22.306999206543,20.642999649048,
    19.722999572754));
#1230 = VECTOR('',#1231,1.);
#1231 = DIRECTION('',(-0.137983226842,0.137983226842,0.980775845043));
#1232 = PLANE('',#1233);
#1233 = AXIS2_PLACEMENT_3D('',#1234,#1235,#1236);
#1234 = CARTESIAN_POINT('',(24.605728063524,18.344271739912,
    29.338740293221));
#1235 = DIRECTION('',(0.707106689413,0.707106872961,-2.582231992971E-08)
  );
#1236 = DIRECTION('',(0.707106872961,-0.707106689413,-1.654361225106E-24
    ));
#1237 = ADVANCED_FACE('',(#1238),#1255,.T.);
#1238 = FACE_BOUND('',#1239,.T.);
#1239 = EDGE_LOOP('',(#1240,#1248,#1249));
#1240 = ORIENTED_EDGE('',*,*,#1241,.T.);
#1241 = EDGE_CURVE('',#1242,#1189,#1244,.T.);
#1242 = VERTEX_POINT('',#1243);
#1243 = CARTESIAN_POINT('',(22.216199874878,20.733800888062,
    20.202100753784));
#1244 = LINE('',#1245,#1246);
#1245 = CARTESIAN_POINT('',(22.216199874878,20.733800888062,
    20.202100753784));
#1246 = VECTOR('',#1247,1.);
#1247 = DIRECTION('',(0.237791940342,-0.237791940342,0.941758985206));
#1248 = ORIENTED_EDGE('',*,*,#1218,.F.);
#1249 = ORIENTED_EDGE('',*,*,#1250,.T.);
#1250 = EDGE_CURVE('',#1219,#1242,#1251,.T.);
#1251 = LINE('',#1252,#1253);
#1252 = CARTESIAN_POINT('',(22.272699356079,20.677299499512,
    19.966800689697));
#1253 = VECTOR('',#1254,1.);
#1254 = DIRECTION('',(-0.227364916917,0.22737259246,0.946893287944));
#1255 = PLANE('',#1256);
#1256 = AXIS2_PLACEMENT_3D('',#1257,#1258,#1259);
#1257 = CARTESIAN_POINT('',(24.582771118363,18.367229162483,
    29.45871617461));
#1258 = DIRECTION('',(0.707112598874,0.707100963445,-2.93791853097E-06)
  );
#1259 = DIRECTION('',(-0.707100963448,0.707112598877,2.117582368136E-22)
  );
#1260 = ADVANCED_FACE('',(#1261),#1278,.T.);
#1261 = FACE_BOUND('',#1262,.T.);
#1262 = EDGE_LOOP('',(#1263,#1271,#1272));
#1263 = ORIENTED_EDGE('',*,*,#1264,.T.);
#1264 = EDGE_CURVE('',#1265,#1189,#1267,.T.);
#1265 = VERTEX_POINT('',#1266);
#1266 = CARTESIAN_POINT('',(22.138500213623,20.811500549316,
    20.424999237061));
#1267 = LINE('',#1268,#1269);
#1268 = CARTESIAN_POINT('',(22.138500213623,20.811500549316,
    20.424999237061));
#1269 = VECTOR('',#1270,1.);
#1270 = DIRECTION('',(0.243803405331,-0.243803405331,0.938679817136));
#1271 = ORIENTED_EDGE('',*,*,#1241,.F.);
#1272 = ORIENTED_EDGE('',*,*,#1273,.T.);
#1273 = EDGE_CURVE('',#1242,#1265,#1274,.T.);
#1274 = LINE('',#1275,#1276);
#1275 = CARTESIAN_POINT('',(22.216199874878,20.733800888062,
    20.202100753784));
#1276 = VECTOR('',#1277,1.);
#1277 = DIRECTION('',(-0.31265960905,0.31265960905,0.896932515709));
#1278 = PLANE('',#1279);
#1279 = AXIS2_PLACEMENT_3D('',#1280,#1281,#1282);
#1280 = CARTESIAN_POINT('',(24.548892963457,18.401107799483,
    29.573484433661));
#1281 = DIRECTION('',(0.707106781187,0.707106781187,0.));
#1282 = DIRECTION('',(0.707106781187,-0.707106781187,0.));
#1283 = ADVANCED_FACE('',(#1284),#1301,.T.);
#1284 = FACE_BOUND('',#1285,.T.);
#1285 = EDGE_LOOP('',(#1286,#1294,#1295));
#1286 = ORIENTED_EDGE('',*,*,#1287,.T.);
#1287 = EDGE_CURVE('',#1288,#1189,#1290,.T.);
#1288 = VERTEX_POINT('',#1289);
#1289 = CARTESIAN_POINT('',(22.040899276733,20.909099578857,
    20.63159942627));
#1290 = LINE('',#1291,#1292);
#1291 = CARTESIAN_POINT('',(22.040899276733,20.909099578857,
    20.63159942627));
#1292 = VECTOR('',#1293,1.);
#1293 = DIRECTION('',(0.250594087602,-0.250593990238,0.935096388248));
#1294 = ORIENTED_EDGE('',*,*,#1264,.F.);
#1295 = ORIENTED_EDGE('',*,*,#1296,.T.);
#1296 = EDGE_CURVE('',#1265,#1288,#1297,.T.);
#1297 = LINE('',#1298,#1299);
#1298 = CARTESIAN_POINT('',(22.138500213623,20.811500549316,
    20.424999237061));
#1299 = VECTOR('',#1300,1.);
#1300 = DIRECTION('',(-0.39281469574,0.39280701923,0.831504215536));
#1301 = PLANE('',#1302);
#1302 = AXIS2_PLACEMENT_3D('',#1303,#1304,#1305);
#1303 = CARTESIAN_POINT('',(24.504681937403,18.445318347456,
    29.681129256761));
#1304 = DIRECTION('',(0.707102322964,0.707111239378,2.315861149501E-06)
  );
#1305 = DIRECTION('',(0.70711123938,-0.707102322965,-2.117582368136E-22)
  );
#1306 = ADVANCED_FACE('',(#1307),#1324,.T.);
#1307 = FACE_BOUND('',#1308,.T.);
#1308 = EDGE_LOOP('',(#1309,#1317,#1318));
#1309 = ORIENTED_EDGE('',*,*,#1310,.T.);
#1310 = EDGE_CURVE('',#1311,#1189,#1313,.T.);
#1311 = VERTEX_POINT('',#1312);
#1312 = CARTESIAN_POINT('',(21.924999237061,21.02499961853,
    20.818500518799));
#1313 = LINE('',#1314,#1315);
#1314 = CARTESIAN_POINT('',(21.924999237061,21.02499961853,
    20.818500518799));
#1315 = VECTOR('',#1316,1.);
#1316 = DIRECTION('',(0.258031029989,-0.258030932048,0.931042440316));
#1317 = ORIENTED_EDGE('',*,*,#1287,.F.);
#1318 = ORIENTED_EDGE('',*,*,#1319,.T.);
#1319 = EDGE_CURVE('',#1288,#1311,#1320,.T.);
#1320 = LINE('',#1321,#1322);
#1321 = CARTESIAN_POINT('',(22.040899276733,20.909099578857,
    20.63159942627));
#1322 = VECTOR('',#1323,1.);
#1323 = DIRECTION('',(-0.466227171743,0.466227171743,0.75184070697));
#1324 = PLANE('',#1325);
#1325 = AXIS2_PLACEMENT_3D('',#1326,#1327,#1328);
#1326 = CARTESIAN_POINT('',(24.450855742356,18.499144060879,
    29.779766223255));
#1327 = DIRECTION('',(0.707106739736,0.707106822637,-5.140892307873E-08)
  );
#1328 = DIRECTION('',(0.707106822637,-0.707106739736,3.308722450212E-24)
  );
#1329 = ADVANCED_FACE('',(#1330),#1347,.T.);
#1330 = FACE_BOUND('',#1331,.T.);
#1331 = EDGE_LOOP('',(#1332,#1340,#1341));
#1332 = ORIENTED_EDGE('',*,*,#1333,.T.);
#1333 = EDGE_CURVE('',#1334,#1189,#1336,.T.);
#1334 = VERTEX_POINT('',#1335);
#1335 = CARTESIAN_POINT('',(20.978500366211,21.971500396729,
    22.166999816895));
#1336 = LINE('',#1337,#1338);
#1337 = CARTESIAN_POINT('',(20.978500366211,21.971500396729,
    22.166999816895));
#1338 = VECTOR('',#1339,1.);
#1339 = DIRECTION('',(0.317836859416,-0.317836859416,0.893285767038));
#1340 = ORIENTED_EDGE('',*,*,#1310,.F.);
#1341 = ORIENTED_EDGE('',*,*,#1342,.T.);
#1342 = EDGE_CURVE('',#1311,#1334,#1343,.T.);
#1343 = LINE('',#1344,#1345);
#1344 = CARTESIAN_POINT('',(21.924999237061,21.02499961853,
    20.818500518799));
#1345 = VECTOR('',#1346,1.);
#1346 = DIRECTION('',(-0.498145282139,0.498146285983,0.709719349915));
#1347 = PLANE('',#1348);
#1348 = AXIS2_PLACEMENT_3D('',#1349,#1350,#1351);
#1349 = CARTESIAN_POINT('',(24.074861146073,18.87513910932,
    29.802670037894));
#1350 = DIRECTION('',(0.707107253981,0.707106308391,-3.364469925066E-07)
  );
#1351 = DIRECTION('',(-0.707106308391,0.707107253981,0.));
#1352 = ADVANCED_FACE('',(#1353),#1370,.T.);
#1353 = FACE_BOUND('',#1354,.T.);
#1354 = EDGE_LOOP('',(#1355,#1363,#1364));
#1355 = ORIENTED_EDGE('',*,*,#1356,.T.);
#1356 = EDGE_CURVE('',#1357,#1197,#1359,.T.);
#1357 = VERTEX_POINT('',#1358);
#1358 = CARTESIAN_POINT('',(26.950000762939,16.,5.72205010485E-07));
#1359 = LINE('',#1360,#1361);
#1360 = CARTESIAN_POINT('',(26.950000762939,16.,5.72205010485E-07));
#1361 = VECTOR('',#1362,1.);
#1362 = DIRECTION('',(-0.225410581975,0.225410581975,0.94782917188));
#1363 = ORIENTED_EDGE('',*,*,#1196,.F.);
#1364 = ORIENTED_EDGE('',*,*,#1365,.F.);
#1365 = EDGE_CURVE('',#1357,#1189,#1366,.T.);
#1366 = LINE('',#1367,#1368);
#1367 = CARTESIAN_POINT('',(26.950000762939,16.,5.72205010485E-07));
#1368 = VECTOR('',#1369,1.);
#1369 = DIRECTION('',(0.,0.,1.));
#1370 = PLANE('',#1371);
#1371 = AXIS2_PLACEMENT_3D('',#1372,#1373,#1374);
#1372 = CARTESIAN_POINT('',(25.761113075139,17.188887687801,
    19.475000660109));
#1373 = DIRECTION('',(0.707106781187,0.707106781187,0.));
#1374 = DIRECTION('',(0.707106781187,-0.707106781187,0.));
#1375 = ADVANCED_FACE('',(#1376),#1393,.T.);
#1376 = FACE_BOUND('',#1377,.T.);
#1377 = EDGE_LOOP('',(#1378,#1379,#1387));
#1378 = ORIENTED_EDGE('',*,*,#1356,.F.);
#1379 = ORIENTED_EDGE('',*,*,#1380,.T.);
#1380 = EDGE_CURVE('',#1357,#1381,#1383,.T.);
#1381 = VERTEX_POINT('',#1382);
#1382 = CARTESIAN_POINT('',(22.306999206543,20.642999649048,
    19.226999282837));
#1383 = LINE('',#1384,#1385);
#1384 = CARTESIAN_POINT('',(26.950000762939,16.,5.72205010485E-07));
#1385 = VECTOR('',#1386,1.);
#1386 = DIRECTION('',(-0.228524616516,0.228524522638,0.946336643166));
#1387 = ORIENTED_EDGE('',*,*,#1388,.T.);
#1388 = EDGE_CURVE('',#1381,#1197,#1389,.T.);
#1389 = LINE('',#1390,#1391);
#1390 = CARTESIAN_POINT('',(22.306999206543,20.642999649048,
    19.226999282837));
#1391 = VECTOR('',#1392,1.);
#1392 = DIRECTION('',(4.627664795973E-02,-4.626897355709E-02,
    0.997856529737));
#1393 = PLANE('',#1394);
#1394 = AXIS2_PLACEMENT_3D('',#1395,#1396,#1397);
#1395 = CARTESIAN_POINT('',(24.617374884377,18.332625401506,
    9.734336601075));
#1396 = DIRECTION('',(0.707097213079,0.70711634915,-4.550897075071E-06)
  );
#1397 = DIRECTION('',(0.707116349158,-0.707097213086,0.));
#1398 = ADVANCED_FACE('',(#1399),#1416,.T.);
#1399 = FACE_BOUND('',#1400,.T.);
#1400 = EDGE_LOOP('',(#1401,#1402,#1410));
#1401 = ORIENTED_EDGE('',*,*,#1380,.F.);
#1402 = ORIENTED_EDGE('',*,*,#1403,.F.);
#1403 = EDGE_CURVE('',#1404,#1357,#1406,.T.);
#1404 = VERTEX_POINT('',#1405);
#1405 = CARTESIAN_POINT('',(22.272699356079,20.677299499512,
    18.983200073242));
#1406 = LINE('',#1407,#1408);
#1407 = CARTESIAN_POINT('',(22.272699356079,20.677299499512,
    18.983200073242));
#1408 = VECTOR('',#1409,1.);
#1409 = DIRECTION('',(0.232671000631,-0.23267090575,-0.944313748223));
#1410 = ORIENTED_EDGE('',*,*,#1411,.T.);
#1411 = EDGE_CURVE('',#1404,#1381,#1412,.T.);
#1412 = LINE('',#1413,#1414);
#1413 = CARTESIAN_POINT('',(22.272699356079,20.677299499512,
    18.983200073242));
#1414 = VECTOR('',#1415,1.);
#1415 = DIRECTION('',(0.137984265239,-0.137984265239,0.980775552863));
#1416 = PLANE('',#1417);
#1417 = AXIS2_PLACEMENT_3D('',#1418,#1419,#1420);
#1418 = CARTESIAN_POINT('',(24.605728168662,18.344271634774,
    9.611259836564));
#1419 = DIRECTION('',(0.707106689414,0.707106872959,2.582315189111E-08)
  );
#1420 = DIRECTION('',(0.707106872959,-0.707106689414,0.));
#1421 = ADVANCED_FACE('',(#1422),#1446,.T.);
#1422 = FACE_BOUND('',#1423,.T.);
#1423 = EDGE_LOOP('',(#1424,#1432,#1440));
#1424 = ORIENTED_EDGE('',*,*,#1425,.F.);
#1425 = EDGE_CURVE('',#1426,#1357,#1428,.T.);
#1426 = VERTEX_POINT('',#1427);
#1427 = CARTESIAN_POINT('',(21.322700500488,21.627300262451,
    17.639699935913));
#1428 = LINE('',#1429,#1430);
#1429 = CARTESIAN_POINT('',(21.322700500488,21.627300262451,
    17.639699935913));
#1430 = VECTOR('',#1431,1.);
#1431 = DIRECTION('',(0.290789560289,-0.290789560289,-0.911527763293));
#1432 = ORIENTED_EDGE('',*,*,#1433,.T.);
#1433 = EDGE_CURVE('',#1426,#1434,#1436,.T.);
#1434 = VERTEX_POINT('',#1435);
#1435 = CARTESIAN_POINT('',(21.489099502563,21.460899353027,
    17.71960067749));
#1436 = LINE('',#1437,#1438);
#1437 = CARTESIAN_POINT('',(21.322700500488,21.627300262451,
    17.639699935913));
#1438 = VECTOR('',#1439,1.);
#1439 = DIRECTION('',(0.669560731112,-0.669568405952,0.321506729485));
#1440 = ORIENTED_EDGE('',*,*,#1441,.T.);
#1441 = EDGE_CURVE('',#1434,#1357,#1442,.T.);
#1442 = LINE('',#1443,#1444);
#1443 = CARTESIAN_POINT('',(21.489099502563,21.460899353027,
    17.71960067749));
#1444 = VECTOR('',#1445,1.);
#1445 = DIRECTION('',(0.282517363085,-0.282517264409,-0.916715841941));
#1446 = PLANE('',#1447);
#1447 = AXIS2_PLACEMENT_3D('',#1448,#1449,#1450);
#1448 = CARTESIAN_POINT('',(24.160230279918,18.789770003414,
    8.896245619145));
#1449 = DIRECTION('',(0.707110295439,0.707103266914,2.242193559118E-06)
  );
#1450 = DIRECTION('',(-0.707103266915,0.70711029544,0.));
#1451 = ADVANCED_FACE('',(#1452),#1469,.T.);
#1452 = FACE_BOUND('',#1453,.T.);
#1453 = EDGE_LOOP('',(#1454,#1455,#1463));
#1454 = ORIENTED_EDGE('',*,*,#1441,.F.);
#1455 = ORIENTED_EDGE('',*,*,#1456,.T.);
#1456 = EDGE_CURVE('',#1434,#1457,#1459,.T.);
#1457 = VERTEX_POINT('',#1458);
#1458 = CARTESIAN_POINT('',(21.646699905396,21.303199768066,
    17.829599380493));
#1459 = LINE('',#1460,#1461);
#1460 = CARTESIAN_POINT('',(21.489099502563,21.460899353027,
    17.71960067749));
#1461 = VECTOR('',#1462,1.);
#1462 = DIRECTION('',(0.633927120054,-0.634326067266,0.442455474423));
#1463 = ORIENTED_EDGE('',*,*,#1464,.T.);
#1464 = EDGE_CURVE('',#1457,#1357,#1465,.T.);
#1465 = LINE('',#1466,#1467);
#1466 = CARTESIAN_POINT('',(21.646699905396,21.303199768066,
    17.829599380493));
#1467 = VECTOR('',#1468,1.);
#1468 = DIRECTION('',(0.274174557173,-0.274169330963,-0.921769759842));
#1469 = PLANE('',#1470);
#1470 = AXIS2_PLACEMENT_3D('',#1471,#1472,#1473);
#1471 = CARTESIAN_POINT('',(24.241774471752,18.708200368999,
    8.944078006602));
#1472 = DIRECTION('',(0.70728979667,0.706923709307,1.128984448484E-04));
#1473 = DIRECTION('',(-0.706923713812,0.707289801178,-6.776263578034E-21
    ));
#1474 = ADVANCED_FACE('',(#1475),#1492,.T.);
#1475 = FACE_BOUND('',#1476,.T.);
#1476 = EDGE_LOOP('',(#1477,#1485,#1486));
#1477 = ORIENTED_EDGE('',*,*,#1478,.T.);
#1478 = EDGE_CURVE('',#1479,#1357,#1481,.T.);
#1479 = VERTEX_POINT('',#1480);
#1480 = CARTESIAN_POINT('',(21.792900085449,21.15710067749,
    17.967599868774));
#1481 = LINE('',#1482,#1483);
#1482 = CARTESIAN_POINT('',(21.792900085449,21.15710067749,
    17.967599868774));
#1483 = VECTOR('',#1484,1.);
#1484 = DIRECTION('',(0.265947965798,-0.265947965798,-0.926576148504));
#1485 = ORIENTED_EDGE('',*,*,#1464,.F.);
#1486 = ORIENTED_EDGE('',*,*,#1487,.T.);
#1487 = EDGE_CURVE('',#1457,#1479,#1488,.T.);
#1488 = LINE('',#1489,#1490);
#1489 = CARTESIAN_POINT('',(21.646699905396,21.303199768066,
    17.829599380493));
#1490 = VECTOR('',#1491,1.);
#1491 = DIRECTION('',(0.58827677947,-0.587870018054,0.555283056297));
#1492 = PLANE('',#1493);
#1493 = AXIS2_PLACEMENT_3D('',#1494,#1495,#1496);
#1494 = CARTESIAN_POINT('',(24.318274141288,18.631701219673,
    9.006396742521));
#1495 = DIRECTION('',(0.706914347876,0.707299153519,-1.104477794308E-04)
  );
#1496 = DIRECTION('',(0.707299157833,-0.706914352187,0.));
#1497 = ADVANCED_FACE('',(#1498),#1515,.T.);
#1498 = FACE_BOUND('',#1499,.T.);
#1499 = EDGE_LOOP('',(#1500,#1508,#1509));
#1500 = ORIENTED_EDGE('',*,*,#1501,.T.);
#1501 = EDGE_CURVE('',#1502,#1357,#1504,.T.);
#1502 = VERTEX_POINT('',#1503);
#1503 = CARTESIAN_POINT('',(21.924999237061,21.02499961853,
    18.131500244141));
#1504 = LINE('',#1505,#1506);
#1505 = CARTESIAN_POINT('',(21.924999237061,21.02499961853,
    18.131500244141));
#1506 = VECTOR('',#1507,1.);
#1507 = DIRECTION('',(0.258031037048,-0.258030939107,-0.931042436403));
#1508 = ORIENTED_EDGE('',*,*,#1478,.F.);
#1509 = ORIENTED_EDGE('',*,*,#1510,.T.);
#1510 = EDGE_CURVE('',#1479,#1502,#1511,.T.);
#1511 = LINE('',#1512,#1513);
#1512 = CARTESIAN_POINT('',(21.792900085449,21.15710067749,
    17.967599868774));
#1513 = VECTOR('',#1514,1.);
#1514 = DIRECTION('',(0.531534658297,-0.531542333001,0.659495000175));
#1515 = PLANE('',#1516);
#1516 = AXIS2_PLACEMENT_3D('',#1517,#1518,#1519);
#1517 = CARTESIAN_POINT('',(24.38837157819,18.561628703871,
    9.082203776455));
#1518 = DIRECTION('',(0.70711054548,0.707103016869,2.160878825269E-06));
#1519 = DIRECTION('',(-0.707103016871,0.707110545482,0.));
#1520 = ADVANCED_FACE('',(#1521),#1538,.T.);
#1521 = FACE_BOUND('',#1522,.T.);
#1522 = EDGE_LOOP('',(#1523,#1531,#1532));
#1523 = ORIENTED_EDGE('',*,*,#1524,.T.);
#1524 = EDGE_CURVE('',#1525,#1357,#1527,.T.);
#1525 = VERTEX_POINT('',#1526);
#1526 = CARTESIAN_POINT('',(22.040899276733,20.909099578857,
    18.318399429321));
#1527 = LINE('',#1528,#1529);
#1528 = CARTESIAN_POINT('',(22.040899276733,20.909099578857,
    18.318399429321));
#1529 = VECTOR('',#1530,1.);
#1530 = DIRECTION('',(0.250594117262,-0.250594019898,-0.935096372351));
#1531 = ORIENTED_EDGE('',*,*,#1501,.F.);
#1532 = ORIENTED_EDGE('',*,*,#1533,.T.);
#1533 = EDGE_CURVE('',#1502,#1525,#1534,.T.);
#1534 = LINE('',#1535,#1536);
#1535 = CARTESIAN_POINT('',(21.924999237061,21.02499961853,
    18.131500244141));
#1536 = VECTOR('',#1537,1.);
#1537 = DIRECTION('',(0.466229861227,-0.466229861227,0.751837371378));
#1538 = PLANE('',#1539);
#1539 = AXIS2_PLACEMENT_3D('',#1540,#1541,#1542);
#1540 = CARTESIAN_POINT('',(24.450855829929,18.499143973306,
    9.170234014502));
#1541 = DIRECTION('',(0.707106739736,0.707106822637,5.140895028897E-08)
  );
#1542 = DIRECTION('',(0.707106822637,-0.707106739736,0.));
#1543 = ADVANCED_FACE('',(#1544),#1561,.T.);
#1544 = FACE_BOUND('',#1545,.T.);
#1545 = EDGE_LOOP('',(#1546,#1554,#1555));
#1546 = ORIENTED_EDGE('',*,*,#1547,.T.);
#1547 = EDGE_CURVE('',#1548,#1357,#1550,.T.);
#1548 = VERTEX_POINT('',#1549);
#1549 = CARTESIAN_POINT('',(22.138500213623,20.811500549316,
    18.52499961853));
#1550 = LINE('',#1551,#1552);
#1551 = CARTESIAN_POINT('',(22.138500213623,20.811500549316,
    18.52499961853));
#1552 = VECTOR('',#1553,1.);
#1553 = DIRECTION('',(0.243803434085,-0.243803434085,-0.938679802199));
#1554 = ORIENTED_EDGE('',*,*,#1524,.F.);
#1555 = ORIENTED_EDGE('',*,*,#1556,.T.);
#1556 = EDGE_CURVE('',#1525,#1548,#1557,.T.);
#1557 = LINE('',#1558,#1559);
#1558 = CARTESIAN_POINT('',(22.040899276733,20.909099578857,
    18.318399429321));
#1559 = VECTOR('',#1560,1.);
#1560 = DIRECTION('',(0.39281469574,-0.39280701923,0.831504215536));
#1561 = PLANE('',#1562);
#1562 = AXIS2_PLACEMENT_3D('',#1563,#1564,#1565);
#1563 = CARTESIAN_POINT('',(24.504681935617,18.445318349243,
    9.268870837623));
#1564 = DIRECTION('',(0.707102322964,0.707111239377,-2.315861377055E-06)
  );
#1565 = DIRECTION('',(0.707111239379,-0.707102322966,2.117582368136E-22)
  );
#1566 = ADVANCED_FACE('',(#1567),#1584,.T.);
#1567 = FACE_BOUND('',#1568,.T.);
#1568 = EDGE_LOOP('',(#1569,#1577,#1578));
#1569 = ORIENTED_EDGE('',*,*,#1570,.T.);
#1570 = EDGE_CURVE('',#1571,#1357,#1573,.T.);
#1571 = VERTEX_POINT('',#1572);
#1572 = CARTESIAN_POINT('',(22.216199874878,20.733800888062,
    18.747900009155));
#1573 = LINE('',#1574,#1575);
#1574 = CARTESIAN_POINT('',(22.216199874878,20.733800888062,
    18.747900009155));
#1575 = VECTOR('',#1576,1.);
#1576 = DIRECTION('',(0.237791946779,-0.237791946779,-0.941758981956));
#1577 = ORIENTED_EDGE('',*,*,#1547,.F.);
#1578 = ORIENTED_EDGE('',*,*,#1579,.T.);
#1579 = EDGE_CURVE('',#1548,#1571,#1580,.T.);
#1580 = LINE('',#1581,#1582);
#1581 = CARTESIAN_POINT('',(22.138500213623,20.811500549316,
    18.52499961853));
#1582 = VECTOR('',#1583,1.);
#1583 = DIRECTION('',(0.312657456707,-0.312657456707,0.896934016264));
#1584 = PLANE('',#1585);
#1585 = AXIS2_PLACEMENT_3D('',#1586,#1587,#1588);
#1586 = CARTESIAN_POINT('',(24.54889286156,18.40110790138,9.376516539657
    ));
#1587 = DIRECTION('',(0.707106781186,0.707106781187,-1.017843443045E-13)
  );
#1588 = DIRECTION('',(0.707106781187,-0.707106781186,-6.310887241768E-30
    ));
#1589 = ADVANCED_FACE('',(#1590),#1600,.T.);
#1590 = FACE_BOUND('',#1591,.T.);
#1591 = EDGE_LOOP('',(#1592,#1593,#1594));
#1592 = ORIENTED_EDGE('',*,*,#1403,.T.);
#1593 = ORIENTED_EDGE('',*,*,#1570,.F.);
#1594 = ORIENTED_EDGE('',*,*,#1595,.T.);
#1595 = EDGE_CURVE('',#1571,#1404,#1596,.T.);
#1596 = LINE('',#1597,#1598);
#1597 = CARTESIAN_POINT('',(22.216199874878,20.733800888062,
    18.747900009155));
#1598 = VECTOR('',#1599,1.);
#1599 = DIRECTION('',(0.227364916917,-0.22737259246,0.946893287944));
#1600 = PLANE('',#1601);
#1601 = AXIS2_PLACEMENT_3D('',#1602,#1603,#1604);
#1602 = CARTESIAN_POINT('',(24.582771117975,18.367229162871,
    9.491284874233));
#1603 = DIRECTION('',(0.707112598874,0.707100963445,2.937918485421E-06)
  );
#1604 = DIRECTION('',(-0.707100963449,0.707112598877,0.));
#1605 = ADVANCED_FACE('',(#1606),#1623,.T.);
#1606 = FACE_BOUND('',#1607,.T.);
#1607 = EDGE_LOOP('',(#1608,#1616,#1622));
#1608 = ORIENTED_EDGE('',*,*,#1609,.T.);
#1609 = EDGE_CURVE('',#1242,#1610,#1612,.T.);
#1610 = VERTEX_POINT('',#1611);
#1611 = CARTESIAN_POINT('',(20.017200469971,18.690200805664,
    20.424999237061));
#1612 = LINE('',#1613,#1614);
#1613 = CARTESIAN_POINT('',(22.216199874878,20.733800888062,
    20.202100753784));
#1614 = VECTOR('',#1615,1.);
#1615 = DIRECTION('',(-0.730504785891,-0.678881329985,7.404659066204E-02
    ));
#1616 = ORIENTED_EDGE('',*,*,#1617,.T.);
#1617 = EDGE_CURVE('',#1610,#1265,#1618,.T.);
#1618 = LINE('',#1619,#1620);
#1619 = CARTESIAN_POINT('',(20.017200469971,18.690200805664,
    20.424999237061));
#1620 = VECTOR('',#1621,1.);
#1621 = DIRECTION('',(0.707106781187,0.707106781187,0.));
#1622 = ORIENTED_EDGE('',*,*,#1273,.F.);
#1623 = PLANE('',#1624);
#1624 = AXIS2_PLACEMENT_3D('',#1625,#1626,#1627);
#1625 = CARTESIAN_POINT('',(21.140193096123,19.772737228534,
    20.36697050048));
#1626 = DIRECTION('',(-0.634227064125,0.634227064125,-0.442167459525));
#1627 = DIRECTION('',(0.707106781187,0.707106781187,0.));
#1628 = ADVANCED_FACE('',(#1629),#1646,.T.);
#1629 = FACE_BOUND('',#1630,.T.);
#1630 = EDGE_LOOP('',(#1631,#1632,#1640));
#1631 = ORIENTED_EDGE('',*,*,#1609,.F.);
#1632 = ORIENTED_EDGE('',*,*,#1633,.T.);
#1633 = EDGE_CURVE('',#1242,#1634,#1636,.T.);
#1634 = VERTEX_POINT('',#1635);
#1635 = CARTESIAN_POINT('',(20.094900131226,18.612400054932,
    20.202100753784));
#1636 = LINE('',#1637,#1638);
#1637 = CARTESIAN_POINT('',(22.216199874878,20.733800888062,
    20.202100753784));
#1638 = VECTOR('',#1639,1.);
#1639 = DIRECTION('',(-0.707089932977,-0.707123628994,0.));
#1640 = ORIENTED_EDGE('',*,*,#1641,.T.);
#1641 = EDGE_CURVE('',#1634,#1610,#1642,.T.);
#1642 = LINE('',#1643,#1644);
#1643 = CARTESIAN_POINT('',(20.094900131226,18.612400054932,
    20.202100753784));
#1644 = VECTOR('',#1645,1.);
#1645 = DIRECTION('',(-0.312619825669,0.313026552987,0.896818388373));
#1646 = PLANE('',#1647);
#1647 = AXIS2_PLACEMENT_3D('',#1648,#1649,#1650);
#1648 = CARTESIAN_POINT('',(21.093202720108,19.651233427957,
    20.260129097548));
#1649 = DIRECTION('',(-0.63416150152,0.634131282311,-0.442398809656));
#1650 = DIRECTION('',(-0.707089932977,-0.707123628994,0.));
#1651 = ADVANCED_FACE('',(#1652),#1667,.T.);
#1652 = FACE_BOUND('',#1653,.T.);
#1653 = EDGE_LOOP('',(#1654,#1660,#1661));
#1654 = ORIENTED_EDGE('',*,*,#1655,.T.);
#1655 = EDGE_CURVE('',#856,#1334,#1656,.T.);
#1656 = LINE('',#1657,#1658);
#1657 = CARTESIAN_POINT('',(19.803699493408,18.903699874878,
    20.818500518799));
#1658 = VECTOR('',#1659,1.);
#1659 = DIRECTION('',(0.330831297527,0.863911877063,0.379745864028));
#1660 = ORIENTED_EDGE('',*,*,#1342,.F.);
#1661 = ORIENTED_EDGE('',*,*,#1662,.T.);
#1662 = EDGE_CURVE('',#1311,#856,#1663,.T.);
#1663 = LINE('',#1664,#1665);
#1664 = CARTESIAN_POINT('',(21.924999237061,21.02499961853,
    20.818500518799));
#1665 = VECTOR('',#1666,1.);
#1666 = DIRECTION('',(-0.707106781187,-0.707106781187,0.));
#1667 = PLANE('',#1668);
#1668 = AXIS2_PLACEMENT_3D('',#1669,#1670,#1671);
#1669 = CARTESIAN_POINT('',(20.797559264908,20.508069995617,
    21.253404338164));
#1670 = DIRECTION('',(-0.501847365064,0.501847365064,-0.704484523858));
#1671 = DIRECTION('',(-2.775557561563E-17,-0.814474220268,
    -0.580199745362));
#1672 = ADVANCED_FACE('',(#1673),#1683,.T.);
#1673 = FACE_BOUND('',#1674,.T.);
#1674 = EDGE_LOOP('',(#1675,#1676,#1677));
#1675 = ORIENTED_EDGE('',*,*,#1655,.F.);
#1676 = ORIENTED_EDGE('',*,*,#864,.T.);
#1677 = ORIENTED_EDGE('',*,*,#1678,.T.);
#1678 = EDGE_CURVE('',#833,#1334,#1679,.T.);
#1679 = LINE('',#1680,#1681);
#1680 = CARTESIAN_POINT('',(18.857200622559,19.850099563599,
    22.166999816895));
#1681 = VECTOR('',#1682,1.);
#1682 = DIRECTION('',(0.707089932977,0.707123628994,0.));
#1683 = PLANE('',#1684);
#1684 = AXIS2_PLACEMENT_3D('',#1685,#1686,#1687);
#1685 = CARTESIAN_POINT('',(19.984643927734,20.36711146847,
    21.732101102204));
#1686 = DIRECTION('',(-0.501872623091,0.501848707742,-0.704465573842));
#1687 = DIRECTION('',(-0.814453045163,2.775557561563E-17,0.580229469456)
  );
#1688 = ADVANCED_FACE('',(#1689),#1706,.T.);
#1689 = FACE_BOUND('',#1690,.T.);
#1690 = EDGE_LOOP('',(#1691,#1699,#1705));
#1691 = ORIENTED_EDGE('',*,*,#1692,.T.);
#1692 = EDGE_CURVE('',#1426,#1693,#1695,.T.);
#1693 = VERTEX_POINT('',#1694);
#1694 = CARTESIAN_POINT('',(19.367799758911,19.339500427246,
    17.71960067749));
#1695 = LINE('',#1696,#1697);
#1696 = CARTESIAN_POINT('',(21.322700500488,21.627300262451,
    17.639699935913));
#1697 = VECTOR('',#1698,1.);
#1698 = DIRECTION('',(-0.649398835199,-0.759984646051,2.654224197077E-02
    ));
#1699 = ORIENTED_EDGE('',*,*,#1700,.T.);
#1700 = EDGE_CURVE('',#1693,#1434,#1701,.T.);
#1701 = LINE('',#1702,#1703);
#1702 = CARTESIAN_POINT('',(19.367799758911,19.339500427246,
    17.71960067749));
#1703 = VECTOR('',#1704,1.);
#1704 = DIRECTION('',(0.707090250864,0.707123311122,0.));
#1705 = ORIENTED_EDGE('',*,*,#1433,.F.);
#1706 = PLANE('',#1707);
#1707 = AXIS2_PLACEMENT_3D('',#1708,#1709,#1710);
#1708 = CARTESIAN_POINT('',(20.427244654757,20.485637147534,
    17.698799526026));
#1709 = DIRECTION('',(-0.227344903188,0.227334274093,0.946907293676));
#1710 = DIRECTION('',(0.97236698907,0.,0.233457573376));
#1711 = ADVANCED_FACE('',(#1712),#1729,.T.);
#1712 = FACE_BOUND('',#1713,.T.);
#1713 = EDGE_LOOP('',(#1714,#1715,#1723));
#1714 = ORIENTED_EDGE('',*,*,#1692,.F.);
#1715 = ORIENTED_EDGE('',*,*,#1716,.T.);
#1716 = EDGE_CURVE('',#1426,#1717,#1719,.T.);
#1717 = VERTEX_POINT('',#1718);
#1718 = CARTESIAN_POINT('',(19.201400756836,19.506000518799,
    17.639699935913));
#1719 = LINE('',#1720,#1721);
#1720 = CARTESIAN_POINT('',(21.322700500488,21.627300262451,
    17.639699935913));
#1721 = VECTOR('',#1722,1.);
#1722 = DIRECTION('',(-0.707106781187,-0.707106781187,0.));
#1723 = ORIENTED_EDGE('',*,*,#1724,.T.);
#1724 = EDGE_CURVE('',#1717,#1693,#1725,.T.);
#1725 = LINE('',#1726,#1727);
#1726 = CARTESIAN_POINT('',(19.201400756836,19.506000518799,
    17.639699935913));
#1727 = VECTOR('',#1728,1.);
#1728 = DIRECTION('',(0.669381830043,-0.669788487888,0.321420825556));
#1729 = PLANE('',#1730);
#1730 = AXIS2_PLACEMENT_3D('',#1731,#1732,#1733);
#1731 = CARTESIAN_POINT('',(20.263245232515,20.481177091579,
    17.660501523677));
#1732 = DIRECTION('',(-0.227278854762,0.227278854762,0.946936452122));
#1733 = DIRECTION('',(0.,0.972384014742,-0.233386648876));
#1734 = ADVANCED_FACE('',(#1735),#1752,.T.);
#1735 = FACE_BOUND('',#1736,.T.);
#1736 = EDGE_LOOP('',(#1737,#1745,#1746));
#1737 = ORIENTED_EDGE('',*,*,#1738,.T.);
#1738 = EDGE_CURVE('',#1739,#1717,#1741,.T.);
#1739 = VERTEX_POINT('',#1740);
#1740 = CARTESIAN_POINT('',(21.150400161743,21.799600601196,
    17.591299057007));
#1741 = LINE('',#1742,#1743);
#1742 = CARTESIAN_POINT('',(21.150400161743,21.799600601196,
    17.591299057007));
#1743 = VECTOR('',#1744,1.);
#1744 = DIRECTION('',(-0.647456561895,-0.761932723002,1.607874613529E-02
    ));
#1745 = ORIENTED_EDGE('',*,*,#1716,.F.);
#1746 = ORIENTED_EDGE('',*,*,#1747,.F.);
#1747 = EDGE_CURVE('',#1739,#1426,#1748,.T.);
#1748 = LINE('',#1749,#1750);
#1749 = CARTESIAN_POINT('',(21.150400161743,21.799600601196,
    17.591299057007));
#1750 = VECTOR('',#1751,1.);
#1751 = DIRECTION('',(0.693556927987,-0.693556927987,0.194827039404));
#1752 = PLANE('',#1753);
#1753 = AXIS2_PLACEMENT_3D('',#1754,#1755,#1756);
#1754 = CARTESIAN_POINT('',(20.259296403384,20.653607322386,
    17.627099557759));
#1755 = DIRECTION('',(-0.137763520721,0.137763520721,0.980837613837));
#1756 = DIRECTION('',(0.990279783534,3.469446951954E-18,0.139089720413)
  );
#1757 = ADVANCED_FACE('',(#1758),#1775,.T.);
#1758 = FACE_BOUND('',#1759,.T.);
#1759 = EDGE_LOOP('',(#1760,#1761,#1769));
#1760 = ORIENTED_EDGE('',*,*,#1738,.F.);
#1761 = ORIENTED_EDGE('',*,*,#1762,.T.);
#1762 = EDGE_CURVE('',#1739,#1763,#1765,.T.);
#1763 = VERTEX_POINT('',#1764);
#1764 = CARTESIAN_POINT('',(19.028999328613,19.678300857544,
    17.591299057007));
#1765 = LINE('',#1766,#1767);
#1766 = CARTESIAN_POINT('',(21.150400161743,21.799600601196,
    17.591299057007));
#1767 = VECTOR('',#1768,1.);
#1768 = DIRECTION('',(-0.707123628994,-0.707089932977,0.));
#1769 = ORIENTED_EDGE('',*,*,#1770,.T.);
#1770 = EDGE_CURVE('',#1763,#1717,#1771,.T.);
#1771 = LINE('',#1772,#1773);
#1772 = CARTESIAN_POINT('',(19.028999328613,19.678300857544,
    17.591299057007));
#1773 = VECTOR('',#1774,1.);
#1774 = DIRECTION('',(0.693768018009,-0.693361219485,0.19477206294));
#1775 = PLANE('',#1776);
#1776 = AXIS2_PLACEMENT_3D('',#1777,#1778,#1779);
#1777 = CARTESIAN_POINT('',(20.092467300193,20.651982916506,
    17.603899421215));
#1778 = DIRECTION('',(-0.137721371591,0.137727934634,0.980848530523));
#1779 = DIRECTION('',(-3.469446951954E-18,0.990284944781,-0.139052968832
    ));
#1780 = ADVANCED_FACE('',(#1781),#1798,.T.);
#1781 = FACE_BOUND('',#1782,.T.);
#1782 = EDGE_LOOP('',(#1783,#1791,#1792));
#1783 = ORIENTED_EDGE('',*,*,#1784,.T.);
#1784 = EDGE_CURVE('',#1785,#1404,#1787,.T.);
#1785 = VERTEX_POINT('',#1786);
#1786 = CARTESIAN_POINT('',(20.094900131226,18.612400054932,
    18.747900009155));
#1787 = LINE('',#1788,#1789);
#1788 = CARTESIAN_POINT('',(20.094900131226,18.612400054932,
    18.747900009155));
#1789 = VECTOR('',#1790,1.);
#1790 = DIRECTION('',(0.72344607077,0.685941740023,7.816464661802E-02));
#1791 = ORIENTED_EDGE('',*,*,#1595,.F.);
#1792 = ORIENTED_EDGE('',*,*,#1793,.T.);
#1793 = EDGE_CURVE('',#1571,#1785,#1794,.T.);
#1794 = LINE('',#1795,#1796);
#1795 = CARTESIAN_POINT('',(22.216199874878,20.733800888062,
    18.747900009155));
#1796 = VECTOR('',#1797,1.);
#1797 = DIRECTION('',(-0.707089932977,-0.707123628994,0.));
#1798 = PLANE('',#1799);
#1799 = AXIS2_PLACEMENT_3D('',#1800,#1801,#1802);
#1800 = CARTESIAN_POINT('',(21.212370125945,19.700504398941,
    18.809157102909));
#1801 = DIRECTION('',(-0.669570618099,0.669538711566,0.321547976347));
#1802 = DIRECTION('',(-0.707089932977,-0.707123628994,
    -2.775557561563E-17));
#1803 = ADVANCED_FACE('',(#1804),#1819,.T.);
#1804 = FACE_BOUND('',#1805,.T.);
#1805 = EDGE_LOOP('',(#1806,#1807,#1813));
#1806 = ORIENTED_EDGE('',*,*,#1784,.F.);
#1807 = ORIENTED_EDGE('',*,*,#1808,.T.);
#1808 = EDGE_CURVE('',#1785,#411,#1809,.T.);
#1809 = LINE('',#1810,#1811);
#1810 = CARTESIAN_POINT('',(20.094900131226,18.612400054932,
    18.747900009155));
#1811 = VECTOR('',#1812,1.);
#1812 = DIRECTION('',(0.227385931367,-0.226986766273,0.946980805589));
#1813 = ORIENTED_EDGE('',*,*,#1814,.F.);
#1814 = EDGE_CURVE('',#1404,#411,#1815,.T.);
#1815 = LINE('',#1816,#1817);
#1816 = CARTESIAN_POINT('',(22.272699356079,20.677299499512,
    18.983200073242));
#1817 = VECTOR('',#1818,1.);
#1818 = DIRECTION('',(-0.707106781187,-0.707106781187,0.));
#1819 = PLANE('',#1820);
#1820 = AXIS2_PLACEMENT_3D('',#1821,#1822,#1823);
#1821 = CARTESIAN_POINT('',(21.155232499456,19.589224764295,
    18.92194248679));
#1822 = DIRECTION('',(-0.669616575958,0.669616575958,0.321290028485));
#1823 = DIRECTION('',(0.707106781187,0.707106781187,-2.775557561563E-17)
  );
#1824 = ADVANCED_FACE('',(#1825),#1840,.T.);
#1825 = FACE_BOUND('',#1826,.T.);
#1826 = EDGE_LOOP('',(#1827,#1833,#1834));
#1827 = ORIENTED_EDGE('',*,*,#1828,.T.);
#1828 = EDGE_CURVE('',#309,#1571,#1829,.T.);
#1829 = LINE('',#1830,#1831);
#1830 = CARTESIAN_POINT('',(20.017200469971,18.690200805664,
    18.52499961853));
#1831 = VECTOR('',#1832,1.);
#1832 = DIRECTION('',(0.730504751618,0.678881298133,7.40472208067E-02));
#1833 = ORIENTED_EDGE('',*,*,#1579,.F.);
#1834 = ORIENTED_EDGE('',*,*,#1835,.T.);
#1835 = EDGE_CURVE('',#1548,#309,#1836,.T.);
#1836 = LINE('',#1837,#1838);
#1837 = CARTESIAN_POINT('',(22.138500213623,20.811500549316,
    18.52499961853));
#1838 = VECTOR('',#1839,1.);
#1839 = DIRECTION('',(-0.707106781187,-0.707106781187,0.));
#1840 = PLANE('',#1841);
#1841 = AXIS2_PLACEMENT_3D('',#1842,#1843,#1844);
#1842 = CARTESIAN_POINT('',(21.14019337909,19.77273750048,
    18.583028867472));
#1843 = DIRECTION('',(-0.634228125177,0.634228125177,0.442164415651));
#1844 = DIRECTION('',(-0.707106781187,-0.707106781187,0.));
#1845 = ADVANCED_FACE('',(#1846),#1856,.T.);
#1846 = FACE_BOUND('',#1847,.T.);
#1847 = EDGE_LOOP('',(#1848,#1849,#1855));
#1848 = ORIENTED_EDGE('',*,*,#1828,.F.);
#1849 = ORIENTED_EDGE('',*,*,#1850,.T.);
#1850 = EDGE_CURVE('',#309,#1785,#1851,.T.);
#1851 = LINE('',#1852,#1853);
#1852 = CARTESIAN_POINT('',(20.017200469971,18.690200805664,
    18.52499961853));
#1853 = VECTOR('',#1854,1.);
#1854 = DIRECTION('',(0.312617674147,-0.313024398666,0.896819890308));
#1855 = ORIENTED_EDGE('',*,*,#1793,.F.);
#1856 = PLANE('',#1857);
#1857 = AXIS2_PLACEMENT_3D('',#1858,#1859,#1860);
#1858 = CARTESIAN_POINT('',(21.093202437183,19.651233156046,
    18.689871153036));
#1859 = DIRECTION('',(-0.634162563573,0.634132344313,0.442395764964));
#1860 = DIRECTION('',(-0.707089932977,-0.707123628994,0.));
#1861 = ADVANCED_FACE('',(#1862),#1877,.T.);
#1862 = FACE_BOUND('',#1863,.T.);
#1863 = EDGE_LOOP('',(#1864,#1870,#1876));
#1864 = ORIENTED_EDGE('',*,*,#1865,.T.);
#1865 = EDGE_CURVE('',#1434,#87,#1866,.T.);
#1866 = LINE('',#1867,#1868);
#1867 = CARTESIAN_POINT('',(21.489099502563,21.460899353027,
    17.71960067749));
#1868 = VECTOR('',#1869,1.);
#1869 = DIRECTION('',(-0.65232151278,-0.757061052454,3.654048196436E-02)
  );
#1870 = ORIENTED_EDGE('',*,*,#1871,.F.);
#1871 = EDGE_CURVE('',#1457,#87,#1872,.T.);
#1872 = LINE('',#1873,#1874);
#1873 = CARTESIAN_POINT('',(21.646699905396,21.303199768066,
    17.829599380493));
#1874 = VECTOR('',#1875,1.);
#1875 = DIRECTION('',(-0.707106781187,-0.707106781187,0.));
#1876 = ORIENTED_EDGE('',*,*,#1456,.F.);
#1877 = PLANE('',#1878);
#1878 = AXIS2_PLACEMENT_3D('',#1879,#1880,#1881);
#1879 = CARTESIAN_POINT('',(20.587149769442,20.325736025388,
    17.800961901445));
#1880 = DIRECTION('',(-0.312863278786,0.312863278786,0.896790464698));
#1881 = DIRECTION('',(-1.387778780781E-17,0.944190555966,-0.329399748065
    ));
#1882 = ADVANCED_FACE('',(#1883),#1893,.T.);
#1883 = FACE_BOUND('',#1884,.T.);
#1884 = EDGE_LOOP('',(#1885,#1886,#1887));
#1885 = ORIENTED_EDGE('',*,*,#1865,.F.);
#1886 = ORIENTED_EDGE('',*,*,#1700,.F.);
#1887 = ORIENTED_EDGE('',*,*,#1888,.T.);
#1888 = EDGE_CURVE('',#1693,#87,#1889,.T.);
#1889 = LINE('',#1890,#1891);
#1890 = CARTESIAN_POINT('',(19.367799758911,19.339500427246,
    17.71960067749));
#1891 = VECTOR('',#1892,1.);
#1892 = DIRECTION('',(0.634087553745,-0.634087553745,0.442567450647));
#1893 = PLANE('',#1894);
#1894 = AXIS2_PLACEMENT_3D('',#1895,#1896,#1897);
#1895 = CARTESIAN_POINT('',(20.427359763711,20.317049160673,
    17.74823757071));
#1896 = DIRECTION('',(-0.312949761165,0.312935129771,0.89673521819));
#1897 = DIRECTION('',(0.944155919482,-1.387778780781E-17,0.32949901321)
  );
#1898 = ADVANCED_FACE('',(#1899),#1916,.T.);
#1899 = FACE_BOUND('',#1900,.T.);
#1900 = EDGE_LOOP('',(#1901,#1909,#1910));
#1901 = ORIENTED_EDGE('',*,*,#1902,.T.);
#1902 = EDGE_CURVE('',#1903,#1763,#1905,.T.);
#1903 = VERTEX_POINT('',#1904);
#1904 = CARTESIAN_POINT('',(20.97500038147,21.97500038147,
    17.575000762939));
#1905 = LINE('',#1906,#1907);
#1906 = CARTESIAN_POINT('',(20.97500038147,21.97500038147,
    17.575000762939));
#1907 = VECTOR('',#1908,1.);
#1908 = DIRECTION('',(-0.646443683235,-0.762942495509,5.414143652132E-03
    ));
#1909 = ORIENTED_EDGE('',*,*,#1762,.F.);
#1910 = ORIENTED_EDGE('',*,*,#1911,.F.);
#1911 = EDGE_CURVE('',#1903,#1739,#1912,.T.);
#1912 = LINE('',#1913,#1914);
#1913 = CARTESIAN_POINT('',(20.97500038147,21.97500038147,
    17.575000762939));
#1914 = VECTOR('',#1915,1.);
#1915 = DIRECTION('',(0.705585365773,-0.705585365773,6.556358145425E-02)
  );
#1916 = PLANE('',#1917);
#1917 = AXIS2_PLACEMENT_3D('',#1918,#1919,#1920);
#1918 = CARTESIAN_POINT('',(20.08616421788,20.826740256467,
    17.587055963576));
#1919 = DIRECTION('',(-4.635934842935E-02,4.636155766089E-02,
    0.997848393687));
#1920 = DIRECTION('',(-4.336808689942E-19,0.998922407681,
    -4.641145798845E-02));
#1921 = ADVANCED_FACE('',(#1922),#1939,.T.);
#1922 = FACE_BOUND('',#1923,.T.);
#1923 = EDGE_LOOP('',(#1924,#1925,#1933));
#1924 = ORIENTED_EDGE('',*,*,#1902,.F.);
#1925 = ORIENTED_EDGE('',*,*,#1926,.F.);
#1926 = EDGE_CURVE('',#1927,#1903,#1929,.T.);
#1927 = VERTEX_POINT('',#1928);
#1928 = CARTESIAN_POINT('',(18.853700637817,19.853700637817,
    17.575000762939));
#1929 = LINE('',#1930,#1931);
#1930 = CARTESIAN_POINT('',(18.853700637817,19.853700637817,
    17.575000762939));
#1931 = VECTOR('',#1932,1.);
#1932 = DIRECTION('',(0.707106781187,0.707106781187,0.));
#1933 = ORIENTED_EDGE('',*,*,#1934,.T.);
#1934 = EDGE_CURVE('',#1927,#1763,#1935,.T.);
#1935 = LINE('',#1936,#1937);
#1936 = CARTESIAN_POINT('',(18.853700637817,19.853700637817,
    17.575000762939));
#1937 = VECTOR('',#1938,1.);
#1938 = DIRECTION('',(0.705381076174,-0.705787848204,6.558239629085E-02)
  );
#1939 = PLANE('',#1940);
#1940 = AXIS2_PLACEMENT_3D('',#1941,#1942,#1943);
#1941 = CARTESIAN_POINT('',(19.917872893945,20.82657206462,
    17.579243860323));
#1942 = DIRECTION('',(-4.637375906201E-02,4.637375906201E-02,
    0.997847157104));
#1943 = DIRECTION('',(0.,0.998921838656,-4.642370360811E-02));
#1944 = ADVANCED_FACE('',(#1945),#1962,.T.);
#1945 = FACE_BOUND('',#1946,.T.);
#1946 = EDGE_LOOP('',(#1947,#1955,#1956));
#1947 = ORIENTED_EDGE('',*,*,#1948,.T.);
#1948 = EDGE_CURVE('',#1949,#1927,#1951,.T.);
#1949 = VERTEX_POINT('',#1950);
#1950 = CARTESIAN_POINT('',(20.799600601196,22.150400161743,
    17.591299057007));
#1951 = LINE('',#1952,#1953);
#1952 = CARTESIAN_POINT('',(20.799600601196,22.150400161743,
    17.591299057007));
#1953 = VECTOR('',#1954,1.);
#1954 = DIRECTION('',(-0.646424134746,-0.762959057744,
    -5.414261184343E-03));
#1955 = ORIENTED_EDGE('',*,*,#1926,.T.);
#1956 = ORIENTED_EDGE('',*,*,#1957,.F.);
#1957 = EDGE_CURVE('',#1949,#1903,#1958,.T.);
#1958 = LINE('',#1959,#1960);
#1959 = CARTESIAN_POINT('',(20.799600601196,22.150400161743,
    17.591299057007));
#1960 = VECTOR('',#1961,1.);
#1961 = DIRECTION('',(0.705585365773,-0.705585365773,-6.556358145425E-02
    ));
#1962 = PLANE('',#1963);
#1963 = AXIS2_PLACEMENT_3D('',#1964,#1965,#1966);
#1964 = CARTESIAN_POINT('',(19.910813813181,21.002141040321,
    17.579243864048));
#1965 = DIRECTION('',(4.636045304518E-02,-4.636045304518E-02,
    0.997848393689));
#1966 = DIRECTION('',(0.998922458947,0.,-4.641035456559E-02));
#1967 = ADVANCED_FACE('',(#1968),#1985,.T.);
#1968 = FACE_BOUND('',#1969,.T.);
#1969 = EDGE_LOOP('',(#1970,#1971,#1979));
#1970 = ORIENTED_EDGE('',*,*,#1948,.F.);
#1971 = ORIENTED_EDGE('',*,*,#1972,.T.);
#1972 = EDGE_CURVE('',#1949,#1973,#1975,.T.);
#1973 = VERTEX_POINT('',#1974);
#1974 = CARTESIAN_POINT('',(18.678300857544,20.028999328613,
    17.591299057007));
#1975 = LINE('',#1976,#1977);
#1976 = CARTESIAN_POINT('',(20.799600601196,22.150400161743,
    17.591299057007));
#1977 = VECTOR('',#1978,1.);
#1978 = DIRECTION('',(-0.707089932977,-0.707123628994,0.));
#1979 = ORIENTED_EDGE('',*,*,#1980,.T.);
#1980 = EDGE_CURVE('',#1973,#1927,#1981,.T.);
#1981 = LINE('',#1982,#1983);
#1982 = CARTESIAN_POINT('',(18.678300857544,20.028999328613,
    17.591299057007));
#1983 = VECTOR('',#1984,1.);
#1984 = DIRECTION('',(0.705787848204,-0.705381076174,-6.558239629085E-02
    ));
#1985 = PLANE('',#1986);
#1986 = AXIS2_PLACEMENT_3D('',#1987,#1988,#1989);
#1987 = CARTESIAN_POINT('',(19.742498512159,21.001946611969,
    17.587056048867));
#1988 = DIRECTION('',(4.637486367763E-02,-4.637265381203E-02,
    0.997847157132));
#1989 = DIRECTION('',(0.998921787375,0.,-4.642480702882E-02));
#1990 = ADVANCED_FACE('',(#1991),#2008,.T.);
#1991 = FACE_BOUND('',#1992,.T.);
#1992 = EDGE_LOOP('',(#1993,#2001,#2002));
#1993 = ORIENTED_EDGE('',*,*,#1994,.T.);
#1994 = EDGE_CURVE('',#1995,#1973,#1997,.T.);
#1995 = VERTEX_POINT('',#1996);
#1996 = CARTESIAN_POINT('',(20.627300262451,22.322700500488,
    17.639699935913));
#1997 = LINE('',#1998,#1999);
#1998 = CARTESIAN_POINT('',(20.627300262451,22.322700500488,
    17.639699935913));
#1999 = VECTOR('',#2000,1.);
#2000 = DIRECTION('',(-0.647439995613,-0.761946808664,
    -1.607833473311E-02));
#2001 = ORIENTED_EDGE('',*,*,#1972,.F.);
#2002 = ORIENTED_EDGE('',*,*,#2003,.F.);
#2003 = EDGE_CURVE('',#1995,#1949,#2004,.T.);
#2004 = LINE('',#2005,#2006);
#2005 = CARTESIAN_POINT('',(20.627300262451,22.322700500488,
    17.639699935913));
#2006 = VECTOR('',#2007,1.);
#2007 = DIRECTION('',(0.693556927987,-0.693556927987,-0.194827039404));
#2008 = PLANE('',#2009);
#2009 = AXIS2_PLACEMENT_3D('',#2010,#2011,#2012);
#2010 = CARTESIAN_POINT('',(19.736195509232,21.176657680143,
    17.603899434008));
#2011 = DIRECTION('',(0.137766803167,-0.137760238272,0.980837613826));
#2012 = DIRECTION('',(0.990279327059,0.,-0.139092970344));
#2013 = ADVANCED_FACE('',(#2014),#2031,.T.);
#2014 = FACE_BOUND('',#2015,.T.);
#2015 = EDGE_LOOP('',(#2016,#2017,#2025));
#2016 = ORIENTED_EDGE('',*,*,#1994,.F.);
#2017 = ORIENTED_EDGE('',*,*,#2018,.F.);
#2018 = EDGE_CURVE('',#2019,#1995,#2021,.T.);
#2019 = VERTEX_POINT('',#2020);
#2020 = CARTESIAN_POINT('',(18.506000518799,20.201400756836,
    17.639699935913));
#2021 = LINE('',#2022,#2023);
#2022 = CARTESIAN_POINT('',(18.506000518799,20.201400756836,
    17.639699935913));
#2023 = VECTOR('',#2024,1.);
#2024 = DIRECTION('',(0.707106781187,0.707106781187,0.));
#2025 = ORIENTED_EDGE('',*,*,#2026,.T.);
#2026 = EDGE_CURVE('',#2019,#1973,#2027,.T.);
#2027 = LINE('',#2028,#2029);
#2028 = CARTESIAN_POINT('',(18.506000518799,20.201400756836,
    17.639699935913));
#2029 = VECTOR('',#2030,1.);
#2030 = DIRECTION('',(0.693361219485,-0.693768018009,-0.19477206294));
#2031 = PLANE('',#2032);
#2032 = AXIS2_PLACEMENT_3D('',#2033,#2034,#2035);
#2033 = CARTESIAN_POINT('',(19.569394693297,21.175055515034,
    17.627099285038));
#2034 = DIRECTION('',(0.137724652188,-0.137724652188,0.980848530793));
#2035 = DIRECTION('',(0.990285401129,0.,-0.139049718846));
#2036 = ADVANCED_FACE('',(#2037),#2063,.T.);
#2037 = FACE_BOUND('',#2038,.T.);
#2038 = EDGE_LOOP('',(#2039,#2049,#2057));
#2039 = ORIENTED_EDGE('',*,*,#2040,.T.);
#2040 = EDGE_CURVE('',#2041,#2043,#2045,.T.);
#2041 = VERTEX_POINT('',#2042);
#2042 = CARTESIAN_POINT('',(-19.22290039062,19.48450088501,
    15.50920009613));
#2043 = VERTEX_POINT('',#2044);
#2044 = CARTESIAN_POINT('',(-16.46409988403,16.,15.611300468445));
#2045 = LINE('',#2046,#2047);
#2046 = CARTESIAN_POINT('',(-19.22290039062,19.48450088501,
    15.50920009613));
#2047 = VECTOR('',#2048,1.);
#2048 = DIRECTION('',(0.620572035198,-0.783813037838,2.296673343734E-02)
  );
#2049 = ORIENTED_EDGE('',*,*,#2050,.F.);
#2050 = EDGE_CURVE('',#2051,#2043,#2053,.T.);
#2051 = VERTEX_POINT('',#2052);
#2052 = CARTESIAN_POINT('',(-15.73840045929,16.,15.50920009613));
#2053 = LINE('',#2054,#2055);
#2054 = CARTESIAN_POINT('',(-15.73840045929,16.,15.50920009613));
#2055 = VECTOR('',#2056,1.);
#2056 = DIRECTION('',(-0.990247377028,0.,0.139320250824));
#2057 = ORIENTED_EDGE('',*,*,#2058,.F.);
#2058 = EDGE_CURVE('',#2041,#2051,#2059,.T.);
#2059 = LINE('',#2060,#2061);
#2060 = CARTESIAN_POINT('',(-19.22290039062,19.48450088501,
    15.50920009613));
#2061 = VECTOR('',#2062,1.);
#2062 = DIRECTION('',(0.707106684422,-0.707106877951,0.));
#2063 = PLANE('',#2064);
#2064 = AXIS2_PLACEMENT_3D('',#2065,#2066,#2067);
#2065 = CARTESIAN_POINT('',(-17.54023606172,17.615912562527,
    15.535358111562));
#2066 = DIRECTION('',(0.137987509733,0.137987471967,0.980774645236));
#2067 = DIRECTION('',(0.990247377028,0.,-0.139320250824));
#2068 = ADVANCED_FACE('',(#2069),#2086,.T.);
#2069 = FACE_BOUND('',#2070,.T.);
#2070 = EDGE_LOOP('',(#2071,#2072,#2080));
#2071 = ORIENTED_EDGE('',*,*,#2040,.F.);
#2072 = ORIENTED_EDGE('',*,*,#2073,.T.);
#2073 = EDGE_CURVE('',#2041,#2074,#2076,.T.);
#2074 = VERTEX_POINT('',#2075);
#2075 = CARTESIAN_POINT('',(-19.58569908142,19.121599197388,
    15.611300468445));
#2076 = LINE('',#2077,#2078);
#2077 = CARTESIAN_POINT('',(-19.22290039062,19.48450088501,
    15.50920009613));
#2078 = VECTOR('',#2079,1.);
#2079 = DIRECTION('',(-0.693413998364,-0.693610855307,0.195143558114));
#2080 = ORIENTED_EDGE('',*,*,#2081,.F.);
#2081 = EDGE_CURVE('',#2043,#2074,#2082,.T.);
#2082 = LINE('',#2083,#2084);
#2083 = CARTESIAN_POINT('',(-16.46409988403,16.,15.611300468445));
#2084 = VECTOR('',#2085,1.);
#2085 = DIRECTION('',(-0.707106781187,0.707106781187,0.));
#2086 = PLANE('',#2087);
#2087 = AXIS2_PLACEMENT_3D('',#2088,#2089,#2090);
#2088 = CARTESIAN_POINT('',(-18.01587145183,17.743911474971,
    15.584267884969));
#2089 = DIRECTION('',(0.137987334584,0.137987334584,0.980774689207));
#2090 = DIRECTION('',(0.990247402287,0.,-0.139320071291));
#2091 = ADVANCED_FACE('',(#2092),#2109,.T.);
#2092 = FACE_BOUND('',#2093,.T.);
#2093 = EDGE_LOOP('',(#2094,#2102,#2103));
#2094 = ORIENTED_EDGE('',*,*,#2095,.T.);
#2095 = EDGE_CURVE('',#2096,#2074,#2098,.T.);
#2096 = VERTEX_POINT('',#2097);
#2097 = CARTESIAN_POINT('',(-19.02899932861,19.678300857544,
    17.591299057007));
#2098 = LINE('',#2099,#2100);
#2099 = CARTESIAN_POINT('',(-19.02899932861,19.678300857544,
    17.591299057007));
#2100 = VECTOR('',#2101,1.);
#2101 = DIRECTION('',(-0.261265643754,-0.261266538895,-0.929236277299));
#2102 = ORIENTED_EDGE('',*,*,#2073,.F.);
#2103 = ORIENTED_EDGE('',*,*,#2104,.F.);
#2104 = EDGE_CURVE('',#2096,#2041,#2105,.T.);
#2105 = LINE('',#2106,#2107);
#2106 = CARTESIAN_POINT('',(-19.02899932861,19.678300857544,
    17.591299057007));
#2107 = VECTOR('',#2108,1.);
#2108 = DIRECTION('',(-9.233078094417E-02,-9.228264469205E-02,
    -0.991442857849));
#2109 = PLANE('',#2110);
#2110 = AXIS2_PLACEMENT_3D('',#2111,#2112,#2113);
#2111 = CARTESIAN_POINT('',(-19.23788724302,19.469440301193,
    16.464176286078));
#2112 = DIRECTION('',(0.707199863128,-0.707013685102,-5.166505676691E-05
    ));
#2113 = DIRECTION('',(0.707013686046,0.707199864072,0.));
#2114 = ADVANCED_FACE('',(#2115),#2141,.T.);
#2115 = FACE_BOUND('',#2116,.T.);
#2116 = EDGE_LOOP('',(#2117,#2127,#2135));
#2117 = ORIENTED_EDGE('',*,*,#2118,.T.);
#2118 = EDGE_CURVE('',#2119,#2121,#2123,.T.);
#2119 = VERTEX_POINT('',#2120);
#2120 = CARTESIAN_POINT('',(-21.68210029602,17.025299072266,
    19.47500038147));
#2121 = VERTEX_POINT('',#2122);
#2122 = CARTESIAN_POINT('',(-20.19720077514,18.510200500488,
    19.47500038147));
#2123 = LINE('',#2124,#2125);
#2124 = CARTESIAN_POINT('',(-21.68210029602,17.025299072266,
    19.47500038147));
#2125 = VECTOR('',#2126,1.);
#2126 = DIRECTION('',(0.707106327049,0.707107235324,0.));
#2127 = ORIENTED_EDGE('',*,*,#2128,.F.);
#2128 = EDGE_CURVE('',#2129,#2121,#2131,.T.);
#2129 = VERTEX_POINT('',#2130);
#2130 = CARTESIAN_POINT('',(-20.18569946289,18.521699905396,
    19.722999572754));
#2131 = LINE('',#2132,#2133);
#2132 = CARTESIAN_POINT('',(-20.18569946289,18.521699905396,
    19.722999572754));
#2133 = VECTOR('',#2134,1.);
#2134 = DIRECTION('',(-4.627700234683E-02,-4.626932788541E-02,
    -0.997856496873));
#2135 = ORIENTED_EDGE('',*,*,#2136,.T.);
#2136 = EDGE_CURVE('',#2129,#2119,#2137,.T.);
#2137 = LINE('',#2138,#2139);
#2138 = CARTESIAN_POINT('',(-20.18569946289,18.521699905396,
    19.722999572754));
#2139 = VECTOR('',#2140,1.);
#2140 = DIRECTION('',(-0.702300774724,-0.702300774724,-0.116392627105));
#2141 = PLANE('',#2142);
#2142 = AXIS2_PLACEMENT_3D('',#2143,#2144,#2145);
#2143 = CARTESIAN_POINT('',(-20.89540062173,17.811999246572,
    19.540865852301));
#2144 = DIRECTION('',(0.707107235314,-0.707106327038,-5.480439844587E-06
    ));
#2145 = DIRECTION('',(0.707106327049,0.707107235324,0.));
#2146 = ADVANCED_FACE('',(#2147),#2164,.T.);
#2147 = FACE_BOUND('',#2148,.T.);
#2148 = EDGE_LOOP('',(#2149,#2150,#2158));
#2149 = ORIENTED_EDGE('',*,*,#2136,.F.);
#2150 = ORIENTED_EDGE('',*,*,#2151,.T.);
#2151 = EDGE_CURVE('',#2129,#2152,#2154,.T.);
#2152 = VERTEX_POINT('',#2153);
#2153 = CARTESIAN_POINT('',(-21.65789985656,17.04940032959,
    19.997100830078));
#2154 = LINE('',#2155,#2156);
#2155 = CARTESIAN_POINT('',(-20.18569946289,18.521699905396,
    19.722999572754));
#2156 = VECTOR('',#2157,1.);
#2157 = DIRECTION('',(-0.7010341723,-0.701081400966,0.130521869767));
#2158 = ORIENTED_EDGE('',*,*,#2159,.T.);
#2159 = EDGE_CURVE('',#2152,#2119,#2160,.T.);
#2160 = LINE('',#2161,#2162);
#2161 = CARTESIAN_POINT('',(-21.65789985656,17.04940032959,
    19.997100830078));
#2162 = VECTOR('',#2163,1.);
#2163 = DIRECTION('',(-4.625321196291E-02,-4.60636496188E-02,
    -0.997867115686));
#2164 = PLANE('',#2165);
#2165 = AXIS2_PLACEMENT_3D('',#2166,#2167,#2168);
#2166 = CARTESIAN_POINT('',(-21.00956901217,17.697802991587,
    19.729401166318));
#2167 = DIRECTION('',(0.707117991676,-0.707095557563,-1.353650591913E-04
    ));
#2168 = DIRECTION('',(0.707095564041,0.707117998154,0.));
#2169 = ADVANCED_FACE('',(#2170),#2187,.T.);
#2170 = FACE_BOUND('',#2171,.T.);
#2171 = EDGE_LOOP('',(#2172,#2180,#2181));
#2172 = ORIENTED_EDGE('',*,*,#2173,.T.);
#2173 = EDGE_CURVE('',#2174,#2152,#2176,.T.);
#2174 = VERTEX_POINT('',#2175);
#2175 = CARTESIAN_POINT('',(-20.15139961242,18.555999755859,
    19.966800689697));
#2176 = LINE('',#2177,#2178);
#2177 = CARTESIAN_POINT('',(-20.15139961242,18.555999755859,
    19.966800689697));
#2178 = VECTOR('',#2179,1.);
#2179 = DIRECTION('',(-0.707012011394,-0.707058558321,1.422008610986E-02
    ));
#2180 = ORIENTED_EDGE('',*,*,#2151,.F.);
#2181 = ORIENTED_EDGE('',*,*,#2182,.F.);
#2182 = EDGE_CURVE('',#2174,#2129,#2183,.T.);
#2183 = LINE('',#2184,#2185);
#2184 = CARTESIAN_POINT('',(-20.15139961242,18.555999755859,
    19.966800689697));
#2185 = VECTOR('',#2186,1.);
#2186 = DIRECTION('',(-0.137983226842,-0.137983226842,-0.980775845043));
#2187 = PLANE('',#2188);
#2188 = AXIS2_PLACEMENT_3D('',#2189,#2190,#2191);
#2189 = CARTESIAN_POINT('',(-20.87184098745,17.835511541761,
    19.917195899059));
#2190 = DIRECTION('',(0.707129990933,-0.707083570648,-6.530769228755E-06
    ));
#2191 = DIRECTION('',(0.707083570663,0.707129990948,0.));
#2192 = ADVANCED_FACE('',(#2193),#2210,.T.);
#2193 = FACE_BOUND('',#2194,.T.);
#2194 = EDGE_LOOP('',(#2195,#2196,#2204));
#2195 = ORIENTED_EDGE('',*,*,#2173,.F.);
#2196 = ORIENTED_EDGE('',*,*,#2197,.F.);
#2197 = EDGE_CURVE('',#2198,#2174,#2200,.T.);
#2198 = VERTEX_POINT('',#2199);
#2199 = CARTESIAN_POINT('',(-21.58569908142,17.121599197388,
    20.510299682617));
#2200 = LINE('',#2201,#2202);
#2201 = CARTESIAN_POINT('',(-21.58569908142,17.121599197388,
    20.510299682617));
#2202 = VECTOR('',#2203,1.);
#2203 = DIRECTION('',(0.682991145207,0.683039282447,-0.258805784718));
#2204 = ORIENTED_EDGE('',*,*,#2205,.T.);
#2205 = EDGE_CURVE('',#2198,#2152,#2206,.T.);
#2206 = LINE('',#2207,#2208);
#2207 = CARTESIAN_POINT('',(-21.58569908142,17.121599197388,
    20.510299682617));
#2208 = VECTOR('',#2209,1.);
#2209 = DIRECTION('',(-0.137983188601,-0.13797954346,-0.980776368623));
#2210 = PLANE('',#2211);
#2211 = AXIS2_PLACEMENT_3D('',#2212,#2213,#2214);
#2212 = CARTESIAN_POINT('',(-20.96763609969,17.739707693059,
    20.12520880457));
#2213 = DIRECTION('',(0.707129964567,-0.707083596987,-9.151287370399E-06
    ));
#2214 = DIRECTION('',(0.707083597016,0.707129964597,8.470329472543E-22)
  );
#2215 = ADVANCED_FACE('',(#2216),#2242,.T.);
#2216 = FACE_BOUND('',#2217,.T.);
#2217 = EDGE_LOOP('',(#2218,#2228,#2236));
#2218 = ORIENTED_EDGE('',*,*,#2219,.T.);
#2219 = EDGE_CURVE('',#2220,#2222,#2224,.T.);
#2220 = VERTEX_POINT('',#2221);
#2221 = CARTESIAN_POINT('',(-19.,16.,22.303400039673));
#2222 = VERTEX_POINT('',#2223);
#2223 = CARTESIAN_POINT('',(-18.85720062255,19.850099563599,
    25.13689994812));
#2224 = LINE('',#2225,#2226);
#2225 = CARTESIAN_POINT('',(-19.,16.,22.303400039673));
#2226 = VECTOR('',#2227,1.);
#2227 = DIRECTION('',(2.985868208781E-02,0.80503781554,0.592471581306));
#2228 = ORIENTED_EDGE('',*,*,#2229,.T.);
#2229 = EDGE_CURVE('',#2222,#2230,#2232,.T.);
#2230 = VERTEX_POINT('',#2231);
#2231 = CARTESIAN_POINT('',(-15.00710010528,16.,25.13689994812));
#2232 = LINE('',#2233,#2234);
#2233 = CARTESIAN_POINT('',(-18.85720062255,19.850099563599,
    25.13689994812));
#2234 = VECTOR('',#2235,1.);
#2235 = DIRECTION('',(0.707106868762,-0.707106693611,0.));
#2236 = ORIENTED_EDGE('',*,*,#2237,.F.);
#2237 = EDGE_CURVE('',#2220,#2230,#2238,.T.);
#2238 = LINE('',#2239,#2240);
#2239 = CARTESIAN_POINT('',(-19.,16.,22.303400039673));
#2240 = VECTOR('',#2241,1.);
#2241 = DIRECTION('',(0.815523626848,0.,0.578723780446));
#2242 = PLANE('',#2243);
#2243 = AXIS2_PLACEMENT_3D('',#2244,#2245,#2246);
#2244 = CARTESIAN_POINT('',(-17.58660373241,17.301829134077,
    24.230218152719));
#2245 = DIRECTION('',(0.500891294879,0.50089141895,-0.705843960899));
#2246 = DIRECTION('',(0.,-0.815523559192,-0.578723875785));
#2247 = ADVANCED_FACE('',(#2248),#2265,.T.);
#2248 = FACE_BOUND('',#2249,.T.);
#2249 = EDGE_LOOP('',(#2250,#2251,#2259));
#2250 = ORIENTED_EDGE('',*,*,#2219,.F.);
#2251 = ORIENTED_EDGE('',*,*,#2252,.T.);
#2252 = EDGE_CURVE('',#2220,#2253,#2255,.T.);
#2253 = VERTEX_POINT('',#2254);
#2254 = CARTESIAN_POINT('',(-20.85370063781,17.853700637817,
    22.303400039673));
#2255 = LINE('',#2256,#2257);
#2256 = CARTESIAN_POINT('',(-19.,16.,22.303400039673));
#2257 = VECTOR('',#2258,1.);
#2258 = DIRECTION('',(-0.707106781187,0.707106781187,0.));
#2259 = ORIENTED_EDGE('',*,*,#2260,.T.);
#2260 = EDGE_CURVE('',#2253,#2222,#2261,.T.);
#2261 = LINE('',#2262,#2263);
#2262 = CARTESIAN_POINT('',(-20.85370063781,17.853700637817,
    22.303400039673));
#2263 = VECTOR('',#2264,1.);
#2264 = DIRECTION('',(0.499119658382,0.499094386283,0.708367390694));
#2265 = PLANE('',#2266);
#2266 = AXIS2_PLACEMENT_3D('',#2267,#2268,#2269);
#2267 = CARTESIAN_POINT('',(-19.48317221777,18.020685084286,
    23.394472623987));
#2268 = DIRECTION('',(0.500891385611,0.500891385611,-0.705843920171));
#2269 = DIRECTION('',(-0.815523561611,2.775557561563E-17,-0.578723872375
    ));
#2270 = ADVANCED_FACE('',(#2271),#2288,.T.);
#2271 = FACE_BOUND('',#2272,.T.);
#2272 = EDGE_LOOP('',(#2273,#2281,#2282));
#2273 = ORIENTED_EDGE('',*,*,#2274,.T.);
#2274 = EDGE_CURVE('',#2275,#2253,#2277,.T.);
#2275 = VERTEX_POINT('',#2276);
#2276 = CARTESIAN_POINT('',(-19.48789978027,16.,21.909999847412));
#2277 = LINE('',#2278,#2279);
#2278 = CARTESIAN_POINT('',(-19.48789978027,16.,21.909999847412));
#2279 = VECTOR('',#2280,1.);
#2280 = DIRECTION('',(-0.584702576133,0.793573625557,0.168415552381));
#2281 = ORIENTED_EDGE('',*,*,#2252,.F.);
#2282 = ORIENTED_EDGE('',*,*,#2283,.F.);
#2283 = EDGE_CURVE('',#2275,#2220,#2284,.T.);
#2284 = LINE('',#2285,#2286);
#2285 = CARTESIAN_POINT('',(-19.48789978027,16.,21.909999847412));
#2286 = VECTOR('',#2287,1.);
#2287 = DIRECTION('',(0.778465564623,0.,0.62768731443));
#2288 = PLANE('',#2289);
#2289 = AXIS2_PLACEMENT_3D('',#2290,#2291,#2292);
#2290 = CARTESIAN_POINT('',(-19.95224988246,16.82282413776,
    22.199042311078));
#2291 = DIRECTION('',(0.531634687939,0.531634687939,-0.659339910183));
#2292 = DIRECTION('',(-0.778465564623,0.,-0.62768731443));
#2293 = ADVANCED_FACE('',(#2294),#2311,.T.);
#2294 = FACE_BOUND('',#2295,.T.);
#2295 = EDGE_LOOP('',(#2296,#2297,#2305));
#2296 = ORIENTED_EDGE('',*,*,#2274,.F.);
#2297 = ORIENTED_EDGE('',*,*,#2298,.T.);
#2298 = EDGE_CURVE('',#2275,#2299,#2301,.T.);
#2299 = VERTEX_POINT('',#2300);
#2300 = CARTESIAN_POINT('',(-21.09760093689,17.609699249268,
    21.909999847412));
#2301 = LINE('',#2302,#2303);
#2302 = CARTESIAN_POINT('',(-19.48789978027,16.,21.909999847412));
#2303 = VECTOR('',#2304,1.);
#2304 = DIRECTION('',(-0.707107200115,0.707106362258,0.));
#2305 = ORIENTED_EDGE('',*,*,#2306,.T.);
#2306 = EDGE_CURVE('',#2299,#2253,#2307,.T.);
#2307 = LINE('',#2308,#2309);
#2308 = CARTESIAN_POINT('',(-21.09760093689,17.609699249268,
    21.909999847412));
#2309 = VECTOR('',#2310,1.);
#2310 = DIRECTION('',(0.466128149331,0.466321345695,0.751843701145));
#2311 = PLANE('',#2312);
#2312 = AXIS2_PLACEMENT_3D('',#2313,#2314,#2315);
#2313 = CARTESIAN_POINT('',(-20.30686043838,16.95477418311,
    22.019508548865));
#2314 = DIRECTION('',(0.531633469435,0.531634099373,-0.659341367245));
#2315 = DIRECTION('',(0.,-0.778466581963,-0.62768605271));
#2316 = ADVANCED_FACE('',(#2317),#2334,.T.);
#2317 = FACE_BOUND('',#2318,.T.);
#2318 = EDGE_LOOP('',(#2319,#2327,#2333));
#2319 = ORIENTED_EDGE('',*,*,#2320,.T.);
#2320 = EDGE_CURVE('',#2253,#2321,#2323,.T.);
#2321 = VERTEX_POINT('',#2322);
#2322 = CARTESIAN_POINT('',(-18.85720062255,19.850099563599,
    22.166999816895));
#2323 = LINE('',#2324,#2325);
#2324 = CARTESIAN_POINT('',(-20.85370063781,17.853700637817,
    22.303400039673));
#2325 = VECTOR('',#2326,1.);
#2326 = DIRECTION('',(0.706300943055,0.706265180674,-4.825424755568E-02)
  );
#2327 = ORIENTED_EDGE('',*,*,#2328,.F.);
#2328 = EDGE_CURVE('',#2222,#2321,#2329,.T.);
#2329 = LINE('',#2330,#2331);
#2330 = CARTESIAN_POINT('',(-18.85720062255,19.850099563599,
    25.13689994812));
#2331 = VECTOR('',#2332,1.);
#2332 = DIRECTION('',(0.,0.,-1.));
#2333 = ORIENTED_EDGE('',*,*,#2260,.F.);
#2334 = PLANE('',#2335);
#2335 = AXIS2_PLACEMENT_3D('',#2336,#2337,#2338);
#2336 = CARTESIAN_POINT('',(-19.55282623054,19.154509177464,
    23.271010975383));
#2337 = DIRECTION('',(0.707088878915,-0.707124683005,-0.));
#2338 = DIRECTION('',(-0.707124683005,-0.707088878915,0.));
#2339 = ADVANCED_FACE('',(#2340),#2357,.T.);
#2340 = FACE_BOUND('',#2341,.T.);
#2341 = EDGE_LOOP('',(#2342,#2343,#2351));
#2342 = ORIENTED_EDGE('',*,*,#2320,.F.);
#2343 = ORIENTED_EDGE('',*,*,#2344,.T.);
#2344 = EDGE_CURVE('',#2253,#2345,#2347,.T.);
#2345 = VERTEX_POINT('',#2346);
#2346 = CARTESIAN_POINT('',(-19.8036994934,18.903699874878,
    20.818500518799));
#2347 = LINE('',#2348,#2349);
#2348 = CARTESIAN_POINT('',(-20.85370063781,17.853700637817,
    22.303400039673));
#2349 = VECTOR('',#2350,1.);
#2350 = DIRECTION('',(0.500004661328,0.50000375306,-0.707100831265));
#2351 = ORIENTED_EDGE('',*,*,#2352,.F.);
#2352 = EDGE_CURVE('',#2321,#2345,#2353,.T.);
#2353 = LINE('',#2354,#2355);
#2354 = CARTESIAN_POINT('',(-18.85720062255,19.850099563599,
    22.166999816895));
#2355 = VECTOR('',#2356,1.);
#2356 = DIRECTION('',(-0.498158484417,-0.498106283173,-0.709738159512));
#2357 = PLANE('',#2358);
#2358 = AXIS2_PLACEMENT_3D('',#2359,#2360,#2361);
#2359 = CARTESIAN_POINT('',(-19.85491111676,18.85245460362,
    21.821153122252));
#2360 = DIRECTION('',(0.707088002487,-0.707125558923,-2.56485812798E-05)
  );
#2361 = DIRECTION('',(-0.707125559155,-0.707088002719,0.));
#2362 = ADVANCED_FACE('',(#2363),#2389,.T.);
#2363 = FACE_BOUND('',#2364,.T.);
#2364 = EDGE_LOOP('',(#2365,#2375,#2383));
#2365 = ORIENTED_EDGE('',*,*,#2366,.T.);
#2366 = EDGE_CURVE('',#2367,#2369,#2371,.T.);
#2367 = VERTEX_POINT('',#2368);
#2368 = CARTESIAN_POINT('',(-20.30319976806,22.646699905396,
    17.829599380493));
#2369 = VERTEX_POINT('',#2370);
#2370 = CARTESIAN_POINT('',(-18.33950042724,20.367799758911,
    17.71960067749));
#2371 = LINE('',#2372,#2373);
#2372 = CARTESIAN_POINT('',(-20.30319976806,22.646699905396,
    17.829599380493));
#2373 = VECTOR('',#2374,1.);
#2374 = DIRECTION('',(0.652337783978,-0.757046988081,-3.65413934128E-02)
  );
#2375 = ORIENTED_EDGE('',*,*,#2376,.T.);
#2376 = EDGE_CURVE('',#2369,#2377,#2379,.T.);
#2377 = VERTEX_POINT('',#2378);
#2378 = CARTESIAN_POINT('',(-18.18190002441,20.525400161743,
    17.829599380493));
#2379 = LINE('',#2380,#2381);
#2380 = CARTESIAN_POINT('',(-18.33950042724,20.367799758911,
    17.71960067749));
#2381 = VECTOR('',#2382,1.);
#2382 = DIRECTION('',(0.634087553745,0.634087553745,0.442567450647));
#2383 = ORIENTED_EDGE('',*,*,#2384,.F.);
#2384 = EDGE_CURVE('',#2367,#2377,#2385,.T.);
#2385 = LINE('',#2386,#2387);
#2386 = CARTESIAN_POINT('',(-20.30319976806,22.646699905396,
    17.829599380493));
#2387 = VECTOR('',#2388,1.);
#2388 = DIRECTION('',(0.707106781187,-0.707106781187,0.));
#2389 = PLANE('',#2390);
#2390 = AXIS2_PLACEMENT_3D('',#2391,#2392,#2393);
#2391 = CARTESIAN_POINT('',(-19.24145905856,21.502900289509,
    17.80096248265));
#2392 = DIRECTION('',(-0.312942445485,-0.312942445485,0.896735218238));
#2393 = DIRECTION('',(0.944158315719,-1.387778780781E-17,0.329492146886)
  );
#2394 = ADVANCED_FACE('',(#2395),#2412,.T.);
#2395 = FACE_BOUND('',#2396,.T.);
#2396 = EDGE_LOOP('',(#2397,#2398,#2406));
#2397 = ORIENTED_EDGE('',*,*,#2366,.F.);
#2398 = ORIENTED_EDGE('',*,*,#2399,.F.);
#2399 = EDGE_CURVE('',#2400,#2367,#2402,.T.);
#2400 = VERTEX_POINT('',#2401);
#2401 = CARTESIAN_POINT('',(-20.46089935302,22.489099502563,
    17.71960067749));
#2402 = LINE('',#2403,#2404);
#2403 = CARTESIAN_POINT('',(-20.46089935302,22.489099502563,
    17.71960067749));
#2404 = VECTOR('',#2405,1.);
#2405 = DIRECTION('',(0.634326067266,0.633927120054,0.442455474423));
#2406 = ORIENTED_EDGE('',*,*,#2407,.F.);
#2407 = EDGE_CURVE('',#2369,#2400,#2408,.T.);
#2408 = LINE('',#2409,#2410);
#2409 = CARTESIAN_POINT('',(-18.33950042724,20.367799758911,
    17.71960067749));
#2410 = VECTOR('',#2411,1.);
#2411 = DIRECTION('',(-0.707123311122,0.707090250864,0.));
#2412 = PLANE('',#2413);
#2413 = AXIS2_PLACEMENT_3D('',#2414,#2415,#2416);
#2414 = CARTESIAN_POINT('',(-19.40127672115,21.5116090589,17.74823751939
    ));
#2415 = DIRECTION('',(-0.312855966774,-0.312870594466,0.896790463359));
#2416 = DIRECTION('',(1.387778780781E-17,0.944188160238,0.329406615092)
  );
#2417 = ADVANCED_FACE('',(#2418),#2440,.T.);
#2418 = FACE_BOUND('',#2419,.T.);
#2419 = EDGE_LOOP('',(#2420,#2428,#2434));
#2420 = ORIENTED_EDGE('',*,*,#2421,.T.);
#2421 = EDGE_CURVE('',#1357,#2422,#2424,.T.);
#2422 = VERTEX_POINT('',#2423);
#2423 = CARTESIAN_POINT('',(20.460899353027,22.489099502563,
    17.71960067749));
#2424 = LINE('',#2425,#2426);
#2425 = CARTESIAN_POINT('',(26.950000762939,16.,5.72205010485E-07));
#2426 = VECTOR('',#2427,1.);
#2427 = DIRECTION('',(-0.325187127605,0.325187032022,0.887979012277));
#2428 = ORIENTED_EDGE('',*,*,#2429,.T.);
#2429 = EDGE_CURVE('',#2422,#1995,#2430,.T.);
#2430 = LINE('',#2431,#2432);
#2431 = CARTESIAN_POINT('',(20.460899353027,22.489099502563,
    17.71960067749));
#2432 = VECTOR('',#2433,1.);
#2433 = DIRECTION('',(0.669568405952,-0.669560731112,-0.321506729485));
#2434 = ORIENTED_EDGE('',*,*,#2435,.T.);
#2435 = EDGE_CURVE('',#1995,#1357,#2436,.T.);
#2436 = LINE('',#2437,#2438);
#2437 = CARTESIAN_POINT('',(20.627300262451,22.322700500488,
    17.639699935913));
#2438 = VECTOR('',#2439,1.);
#2439 = DIRECTION('',(0.319706890862,-0.319706890862,-0.891950115125));
#2440 = PLANE('',#2441);
#2441 = AXIS2_PLACEMENT_3D('',#2442,#2443,#2444);
#2442 = CARTESIAN_POINT('',(23.726954798359,19.223045482651,
    8.894863746621));
#2443 = DIRECTION('',(0.707101886085,0.707111676246,-3.509144663521E-06)
  );
#2444 = DIRECTION('',(0.70711167625,-0.707101886089,0.));
#2445 = ADVANCED_FACE('',(#2446),#2463,.T.);
#2446 = FACE_BOUND('',#2447,.T.);
#2447 = EDGE_LOOP('',(#2448,#2449,#2457));
#2448 = ORIENTED_EDGE('',*,*,#2421,.F.);
#2449 = ORIENTED_EDGE('',*,*,#2450,.F.);
#2450 = EDGE_CURVE('',#2451,#1357,#2453,.T.);
#2451 = VERTEX_POINT('',#2452);
#2452 = CARTESIAN_POINT('',(0.,42.950000762939,5.72205010485E-07));
#2453 = LINE('',#2454,#2455);
#2454 = CARTESIAN_POINT('',(0.,42.950000762939,5.72205010485E-07));
#2455 = VECTOR('',#2456,1.);
#2456 = DIRECTION('',(0.707106781187,-0.707106781187,0.));
#2457 = ORIENTED_EDGE('',*,*,#2458,.F.);
#2458 = EDGE_CURVE('',#2422,#2451,#2459,.T.);
#2459 = LINE('',#2460,#2461);
#2460 = CARTESIAN_POINT('',(20.460899353027,22.489099502563,
    17.71960067749));
#2461 = VECTOR('',#2462,1.);
#2462 = DIRECTION('',(-0.603023211841,0.603023268055,-0.522231695864));
#2463 = PLANE('',#2464);
#2464 = AXIS2_PLACEMENT_3D('',#2465,#2466,#2467);
#2465 = CARTESIAN_POINT('',(14.49739722188,28.452602982472,
    5.189373206352));
#2466 = DIRECTION('',(0.707106781187,0.707106781187,7.611340821507E-08)
  );
#2467 = DIRECTION('',(0.707106781187,-0.707106781187,0.));
#2468 = ADVANCED_FACE('',(#2469),#2486,.T.);
#2469 = FACE_BOUND('',#2470,.T.);
#2470 = EDGE_LOOP('',(#2471,#2472,#2480));
#2471 = ORIENTED_EDGE('',*,*,#2458,.T.);
#2472 = ORIENTED_EDGE('',*,*,#2473,.F.);
#2473 = EDGE_CURVE('',#2474,#2451,#2476,.T.);
#2474 = VERTEX_POINT('',#2475);
#2475 = CARTESIAN_POINT('',(20.303199768066,22.646699905396,
    17.829599380493));
#2476 = LINE('',#2477,#2478);
#2477 = CARTESIAN_POINT('',(20.303199768066,22.646699905396,
    17.829599380493));
#2478 = VECTOR('',#2479,1.);
#2479 = DIRECTION('',(-0.600713058849,0.600716049794,-0.527526348582));
#2480 = ORIENTED_EDGE('',*,*,#2481,.T.);
#2481 = EDGE_CURVE('',#2474,#2422,#2482,.T.);
#2482 = LINE('',#2483,#2484);
#2483 = CARTESIAN_POINT('',(20.303199768066,22.646699905396,
    17.829599380493));
#2484 = VECTOR('',#2485,1.);
#2485 = DIRECTION('',(0.634326067266,-0.633927120054,-0.442455474423));
#2486 = PLANE('',#2487);
#2487 = AXIS2_PLACEMENT_3D('',#2488,#2489,#2490);
#2488 = CARTESIAN_POINT('',(10.228372245089,32.721602722634,
    8.919749758096));
#2489 = DIRECTION('',(0.706983572958,0.707229910718,2.845234096509E-04)
  );
#2490 = DIRECTION('',(0.707229939344,-0.706983601575,0.));
#2491 = ADVANCED_FACE('',(#2492),#2516,.T.);
#2492 = FACE_BOUND('',#2493,.T.);
#2493 = EDGE_LOOP('',(#2494,#2504,#2510));
#2494 = ORIENTED_EDGE('',*,*,#2495,.T.);
#2495 = EDGE_CURVE('',#2496,#2498,#2500,.T.);
#2496 = VERTEX_POINT('',#2497);
#2497 = CARTESIAN_POINT('',(0.,42.950000762939,38.950000762939));
#2498 = VERTEX_POINT('',#2499);
#2499 = CARTESIAN_POINT('',(19.631500244141,23.318500518799,
    19.47500038147));
#2500 = LINE('',#2501,#2502);
#2501 = CARTESIAN_POINT('',(0.,42.950000762939,38.950000762939));
#2502 = VECTOR('',#2503,1.);
#2503 = DIRECTION('',(0.578884435449,-0.578884435449,-0.574269641188));
#2504 = ORIENTED_EDGE('',*,*,#2505,.T.);
#2505 = EDGE_CURVE('',#2498,#2451,#2506,.T.);
#2506 = LINE('',#2507,#2508);
#2507 = CARTESIAN_POINT('',(19.631500244141,23.318500518799,
    19.47500038147));
#2508 = VECTOR('',#2509,1.);
#2509 = DIRECTION('',(-0.578884441058,0.578884441058,-0.57426962988));
#2510 = ORIENTED_EDGE('',*,*,#2511,.T.);
#2511 = EDGE_CURVE('',#2451,#2496,#2512,.T.);
#2512 = LINE('',#2513,#2514);
#2513 = CARTESIAN_POINT('',(0.,42.950000762939,5.72205010485E-07));
#2514 = VECTOR('',#2515,1.);
#2515 = DIRECTION('',(0.,0.,1.));
#2516 = PLANE('',#2517);
#2517 = AXIS2_PLACEMENT_3D('',#2518,#2519,#2520);
#2518 = CARTESIAN_POINT('',(6.235113668276,36.714887094663,
    19.475000606671));
#2519 = DIRECTION('',(0.707106781187,0.707106781187,0.));
#2520 = DIRECTION('',(0.707106781187,-0.707106781187,0.));
#2521 = ADVANCED_FACE('',(#2522),#2539,.T.);
#2522 = FACE_BOUND('',#2523,.T.);
#2523 = EDGE_LOOP('',(#2524,#2532,#2538));
#2524 = ORIENTED_EDGE('',*,*,#2525,.T.);
#2525 = EDGE_CURVE('',#2496,#2526,#2528,.T.);
#2526 = VERTEX_POINT('',#2527);
#2527 = CARTESIAN_POINT('',(19.642999649048,23.306999206543,
    19.722999572754));
#2528 = LINE('',#2529,#2530);
#2529 = CARTESIAN_POINT('',(0.,42.950000762939,38.950000762939));
#2530 = VECTOR('',#2531,1.);
#2531 = DIRECTION('',(0.581425537178,-0.581425593635,-0.569112136387));
#2532 = ORIENTED_EDGE('',*,*,#2533,.T.);
#2533 = EDGE_CURVE('',#2526,#2498,#2534,.T.);
#2534 = LINE('',#2535,#2536);
#2535 = CARTESIAN_POINT('',(19.642999649048,23.306999206543,
    19.722999572754));
#2536 = VECTOR('',#2537,1.);
#2537 = DIRECTION('',(-4.626932788541E-02,4.627700234683E-02,
    -0.997856496873));
#2538 = ORIENTED_EDGE('',*,*,#2495,.F.);
#2539 = PLANE('',#2540);
#2540 = AXIS2_PLACEMENT_3D('',#2541,#2542,#2543);
#2541 = CARTESIAN_POINT('',(9.854534295448,33.095465989812,
    29.238991940124));
#2542 = DIRECTION('',(0.707109360021,0.707104202323,5.199145330051E-06)
  );
#2543 = DIRECTION('',(-0.707104202333,0.707109360031,0.));
#2544 = ADVANCED_FACE('',(#2545),#2562,.T.);
#2545 = FACE_BOUND('',#2546,.T.);
#2546 = EDGE_LOOP('',(#2547,#2555,#2561));
#2547 = ORIENTED_EDGE('',*,*,#2548,.T.);
#2548 = EDGE_CURVE('',#2496,#2549,#2551,.T.);
#2549 = VERTEX_POINT('',#2550);
#2550 = CARTESIAN_POINT('',(19.677299499512,23.272699356079,
    19.966800689697));
#2551 = LINE('',#2552,#2553);
#2552 = CARTESIAN_POINT('',(0.,42.950000762939,38.950000762939));
#2553 = VECTOR('',#2554,1.);
#2554 = DIRECTION('',(0.584136841602,-0.584136898223,-0.563531928482));
#2555 = ORIENTED_EDGE('',*,*,#2556,.T.);
#2556 = EDGE_CURVE('',#2549,#2526,#2557,.T.);
#2557 = LINE('',#2558,#2559);
#2558 = CARTESIAN_POINT('',(19.677299499512,23.272699356079,
    19.966800689697));
#2559 = VECTOR('',#2560,1.);
#2560 = DIRECTION('',(-0.137983226842,0.137983226842,-0.980775845043));
#2561 = ORIENTED_EDGE('',*,*,#2525,.F.);
#2562 = PLANE('',#2563);
#2563 = AXIS2_PLACEMENT_3D('',#2564,#2565,#2566);
#2564 = CARTESIAN_POINT('',(9.866146216272,33.083853589493,
    29.362297034832));
#2565 = DIRECTION('',(0.707106811362,0.707106751011,-8.489429321344E-09)
  );
#2566 = DIRECTION('',(-0.707106751011,0.707106811362,0.));
#2567 = ADVANCED_FACE('',(#2568),#2585,.T.);
#2568 = FACE_BOUND('',#2569,.T.);
#2569 = EDGE_LOOP('',(#2570,#2578,#2584));
#2570 = ORIENTED_EDGE('',*,*,#2571,.T.);
#2571 = EDGE_CURVE('',#2496,#2572,#2574,.T.);
#2572 = VERTEX_POINT('',#2573);
#2573 = CARTESIAN_POINT('',(19.733800888062,23.216199874878,
    20.202100753784));
#2574 = LINE('',#2575,#2576);
#2575 = CARTESIAN_POINT('',(0.,42.950000762939,38.950000762939));
#2576 = VECTOR('',#2577,1.);
#2577 = DIRECTION('',(0.586959588018,-0.586959588018,-0.557635081453));
#2578 = ORIENTED_EDGE('',*,*,#2579,.T.);
#2579 = EDGE_CURVE('',#2572,#2549,#2580,.T.);
#2580 = LINE('',#2581,#2582);
#2581 = CARTESIAN_POINT('',(19.733800888062,23.216199874878,
    20.202100753784));
#2582 = VECTOR('',#2583,1.);
#2583 = DIRECTION('',(-0.22737259246,0.227364916917,-0.946893287944));
#2584 = ORIENTED_EDGE('',*,*,#2548,.F.);
#2585 = PLANE('',#2586);
#2586 = AXIS2_PLACEMENT_3D('',#2587,#2588,#2589);
#2587 = CARTESIAN_POINT('',(9.889004188125,33.060996095759,
    29.482470606938));
#2588 = DIRECTION('',(0.707104564192,0.707108998158,-4.667136313065E-06)
  );
#2589 = DIRECTION('',(0.707108998166,-0.7071045642,0.));
#2590 = ADVANCED_FACE('',(#2591),#2608,.T.);
#2591 = FACE_BOUND('',#2592,.T.);
#2592 = EDGE_LOOP('',(#2593,#2601,#2607));
#2593 = ORIENTED_EDGE('',*,*,#2594,.T.);
#2594 = EDGE_CURVE('',#2496,#2595,#2597,.T.);
#2595 = VERTEX_POINT('',#2596);
#2596 = CARTESIAN_POINT('',(19.811500549316,23.138500213623,
    20.424999237061));
#2597 = LINE('',#2598,#2599);
#2598 = CARTESIAN_POINT('',(0.,42.950000762939,38.950000762939));
#2599 = VECTOR('',#2600,1.);
#2600 = DIRECTION('',(0.589835238888,-0.589835238888,-0.551533119524));
#2601 = ORIENTED_EDGE('',*,*,#2602,.T.);
#2602 = EDGE_CURVE('',#2595,#2572,#2603,.T.);
#2603 = LINE('',#2604,#2605);
#2604 = CARTESIAN_POINT('',(19.811500549316,23.138500213623,
    20.424999237061));
#2605 = VECTOR('',#2606,1.);
#2606 = DIRECTION('',(-0.31265960905,0.31265960905,-0.896932515709));
#2607 = ORIENTED_EDGE('',*,*,#2571,.F.);
#2608 = PLANE('',#2609);
#2609 = AXIS2_PLACEMENT_3D('',#2610,#2611,#2612);
#2610 = CARTESIAN_POINT('',(9.922737330904,33.027263432035,
    29.597420439369));
#2611 = DIRECTION('',(0.707106781187,0.707106781187,0.));
#2612 = DIRECTION('',(-0.707106781187,0.707106781187,0.));
#2613 = ADVANCED_FACE('',(#2614),#2631,.T.);
#2614 = FACE_BOUND('',#2615,.T.);
#2615 = EDGE_LOOP('',(#2616,#2624,#2630));
#2616 = ORIENTED_EDGE('',*,*,#2617,.T.);
#2617 = EDGE_CURVE('',#2496,#2618,#2620,.T.);
#2618 = VERTEX_POINT('',#2619);
#2619 = CARTESIAN_POINT('',(19.909099578857,23.040899276733,
    20.63159942627));
#2620 = LINE('',#2621,#2622);
#2621 = CARTESIAN_POINT('',(0.,42.950000762939,38.950000762939));
#2622 = VECTOR('',#2623,1.);
#2623 = DIRECTION('',(0.592703796356,-0.592703853139,-0.545347918544));
#2624 = ORIENTED_EDGE('',*,*,#2625,.T.);
#2625 = EDGE_CURVE('',#2618,#2595,#2626,.T.);
#2626 = LINE('',#2627,#2628);
#2627 = CARTESIAN_POINT('',(19.909099578857,23.040899276733,
    20.63159942627));
#2628 = VECTOR('',#2629,1.);
#2629 = DIRECTION('',(-0.39280701923,0.39281469574,-0.831504215536));
#2630 = ORIENTED_EDGE('',*,*,#2594,.F.);
#2631 = PLANE('',#2632);
#2632 = AXIS2_PLACEMENT_3D('',#2633,#2634,#2635);
#2633 = CARTESIAN_POINT('',(9.966742991205,32.983257293125,
    29.705210054151));
#2634 = DIRECTION('',(0.707108898126,0.707104664227,4.527929274647E-06)
  );
#2635 = DIRECTION('',(-0.707104664234,0.707108898133,-4.235164736272E-22
    ));
#2636 = ADVANCED_FACE('',(#2637),#2654,.T.);
#2637 = FACE_BOUND('',#2638,.T.);
#2638 = EDGE_LOOP('',(#2639,#2647,#2653));
#2639 = ORIENTED_EDGE('',*,*,#2640,.T.);
#2640 = EDGE_CURVE('',#2496,#2641,#2643,.T.);
#2641 = VERTEX_POINT('',#2642);
#2642 = CARTESIAN_POINT('',(20.02499961853,22.924999237061,
    20.818500518799));
#2643 = LINE('',#2644,#2645);
#2644 = CARTESIAN_POINT('',(0.,42.950000762939,38.950000762939));
#2645 = VECTOR('',#2646,1.);
#2646 = DIRECTION('',(0.595509534978,-0.595509591699,-0.539200074133));
#2647 = ORIENTED_EDGE('',*,*,#2648,.T.);
#2648 = EDGE_CURVE('',#2641,#2618,#2649,.T.);
#2649 = LINE('',#2650,#2651);
#2650 = CARTESIAN_POINT('',(20.02499961853,22.924999237061,
    20.818500518799));
#2651 = VECTOR('',#2652,1.);
#2652 = DIRECTION('',(-0.466227171743,0.466227171743,-0.75184070697));
#2653 = ORIENTED_EDGE('',*,*,#2617,.F.);
#2654 = PLANE('',#2655);
#2655 = AXIS2_PLACEMENT_3D('',#2656,#2657,#2658);
#2656 = CARTESIAN_POINT('',(10.020326858496,32.929672947255,
    29.803973678511));
#2657 = DIRECTION('',(0.707106802753,0.70710675962,-2.674772329578E-08)
  );
#2658 = DIRECTION('',(-0.70710675962,0.707106802753,1.654361225106E-24)
  );
#2659 = ADVANCED_FACE('',(#2660),#2677,.T.);
#2660 = FACE_BOUND('',#2661,.T.);
#2661 = EDGE_LOOP('',(#2662,#2670,#2676));
#2662 = ORIENTED_EDGE('',*,*,#2663,.T.);
#2663 = EDGE_CURVE('',#2496,#2664,#2666,.T.);
#2664 = VERTEX_POINT('',#2665);
#2665 = CARTESIAN_POINT('',(20.971500396729,21.978500366211,
    22.166999816895));
#2666 = LINE('',#2667,#2668);
#2667 = CARTESIAN_POINT('',(0.,42.950000762939,38.950000762939));
#2668 = VECTOR('',#2669,1.);
#2669 = DIRECTION('',(0.615405866727,-0.615405866727,-0.492494912052));
#2670 = ORIENTED_EDGE('',*,*,#2671,.T.);
#2671 = EDGE_CURVE('',#2664,#2641,#2672,.T.);
#2672 = LINE('',#2673,#2674);
#2673 = CARTESIAN_POINT('',(20.971500396729,21.978500366211,
    22.166999816895));
#2674 = VECTOR('',#2675,1.);
#2675 = DIRECTION('',(-0.498146285983,0.498145282139,-0.709719349915));
#2676 = ORIENTED_EDGE('',*,*,#2640,.F.);
#2677 = PLANE('',#2678);
#2678 = AXIS2_PLACEMENT_3D('',#2679,#2680,#2681);
#2679 = CARTESIAN_POINT('',(10.530436802573,32.419563473602,
    29.985286386654));
#2680 = DIRECTION('',(0.70710652493,0.707107037443,-6.404198355661E-07)
  );
#2681 = DIRECTION('',(0.707107037443,-0.70710652493,0.));
#2682 = ADVANCED_FACE('',(#2683),#2700,.T.);
#2683 = FACE_BOUND('',#2684,.T.);
#2684 = EDGE_LOOP('',(#2685,#2693,#2694));
#2685 = ORIENTED_EDGE('',*,*,#2686,.T.);
#2686 = EDGE_CURVE('',#2687,#2451,#2689,.T.);
#2687 = VERTEX_POINT('',#2688);
#2688 = CARTESIAN_POINT('',(19.642999649048,23.306999206543,
    19.226999282837));
#2689 = LINE('',#2690,#2691);
#2690 = CARTESIAN_POINT('',(19.642999649048,23.306999206543,
    19.226999282837));
#2691 = VECTOR('',#2692,1.);
#2692 = DIRECTION('',(-0.581425561464,0.581425617921,-0.569112086765));
#2693 = ORIENTED_EDGE('',*,*,#2505,.F.);
#2694 = ORIENTED_EDGE('',*,*,#2695,.T.);
#2695 = EDGE_CURVE('',#2498,#2687,#2696,.T.);
#2696 = LINE('',#2697,#2698);
#2697 = CARTESIAN_POINT('',(19.631500244141,23.318500518799,
    19.47500038147));
#2698 = VECTOR('',#2699,1.);
#2699 = DIRECTION('',(4.626897355709E-02,-4.627664795973E-02,
    -0.997856529737));
#2700 = PLANE('',#2701);
#2701 = AXIS2_PLACEMENT_3D('',#2702,#2703,#2704);
#2702 = CARTESIAN_POINT('',(9.854534570351,33.095465714908,9.71100890212
    ));
#2703 = DIRECTION('',(0.707109360002,0.707104202343,-5.199105669156E-06)
  );
#2704 = DIRECTION('',(-0.707104202352,0.707109360011,4.235164736272E-22)
  );
#2705 = ADVANCED_FACE('',(#2706),#2723,.T.);
#2706 = FACE_BOUND('',#2707,.T.);
#2707 = EDGE_LOOP('',(#2708,#2716,#2717));
#2708 = ORIENTED_EDGE('',*,*,#2709,.T.);
#2709 = EDGE_CURVE('',#2710,#2451,#2712,.T.);
#2710 = VERTEX_POINT('',#2711);
#2711 = CARTESIAN_POINT('',(19.677299499512,23.272699356079,
    18.983200073242));
#2712 = LINE('',#2713,#2714);
#2713 = CARTESIAN_POINT('',(19.677299499512,23.272699356079,
    18.983200073242));
#2714 = VECTOR('',#2715,1.);
#2715 = DIRECTION('',(-0.584136847193,0.584136903814,-0.56353191689));
#2716 = ORIENTED_EDGE('',*,*,#2686,.F.);
#2717 = ORIENTED_EDGE('',*,*,#2718,.T.);
#2718 = EDGE_CURVE('',#2687,#2710,#2719,.T.);
#2719 = LINE('',#2720,#2721);
#2720 = CARTESIAN_POINT('',(19.642999649048,23.306999206543,
    19.226999282837));
#2721 = VECTOR('',#2722,1.);
#2722 = DIRECTION('',(0.137984265239,-0.137984265239,-0.980775552863));
#2723 = PLANE('',#2724);
#2724 = AXIS2_PLACEMENT_3D('',#2725,#2726,#2727);
#2725 = CARTESIAN_POINT('',(9.866145946781,33.083853858983,
    9.587703270891));
#2726 = DIRECTION('',(0.707106811361,0.707106751012,8.491018251045E-09)
  );
#2727 = DIRECTION('',(-0.707106751012,0.707106811361,0.));
#2728 = ADVANCED_FACE('',(#2729),#2746,.T.);
#2729 = FACE_BOUND('',#2730,.T.);
#2730 = EDGE_LOOP('',(#2731,#2739,#2740));
#2731 = ORIENTED_EDGE('',*,*,#2732,.T.);
#2732 = EDGE_CURVE('',#2733,#2451,#2735,.T.);
#2733 = VERTEX_POINT('',#2734);
#2734 = CARTESIAN_POINT('',(19.733800888062,23.216199874878,
    18.747900009155));
#2735 = LINE('',#2736,#2737);
#2736 = CARTESIAN_POINT('',(19.733800888062,23.216199874878,
    18.747900009155));
#2737 = VECTOR('',#2738,1.);
#2738 = DIRECTION('',(-0.586959593589,0.586959593589,-0.557635069725));
#2739 = ORIENTED_EDGE('',*,*,#2709,.F.);
#2740 = ORIENTED_EDGE('',*,*,#2741,.T.);
#2741 = EDGE_CURVE('',#2710,#2733,#2742,.T.);
#2742 = LINE('',#2743,#2744);
#2743 = CARTESIAN_POINT('',(19.677299499512,23.272699356079,
    18.983200073242));
#2744 = VECTOR('',#2745,1.);
#2745 = DIRECTION('',(0.22737259246,-0.227364916917,-0.946893287944));
#2746 = PLANE('',#2747);
#2747 = AXIS2_PLACEMENT_3D('',#2748,#2749,#2750);
#2748 = CARTESIAN_POINT('',(9.88900418847,33.060996095414,9.467530441379
    ));
#2749 = DIRECTION('',(0.707104564192,0.707108998159,4.667137714316E-06)
  );
#2750 = DIRECTION('',(0.707108998167,-0.707104564199,4.235164736272E-22)
  );
#2751 = ADVANCED_FACE('',(#2752),#2769,.T.);
#2752 = FACE_BOUND('',#2753,.T.);
#2753 = EDGE_LOOP('',(#2754,#2762,#2763));
#2754 = ORIENTED_EDGE('',*,*,#2755,.T.);
#2755 = EDGE_CURVE('',#2756,#2451,#2758,.T.);
#2756 = VERTEX_POINT('',#2757);
#2757 = CARTESIAN_POINT('',(19.811500549316,23.138500213623,
    18.52499961853));
#2758 = LINE('',#2759,#2760);
#2759 = CARTESIAN_POINT('',(19.811500549316,23.138500213623,
    18.52499961853));
#2760 = VECTOR('',#2761,1.);
#2761 = DIRECTION('',(-0.589835262903,0.589835262903,-0.551533068158));
#2762 = ORIENTED_EDGE('',*,*,#2732,.F.);
#2763 = ORIENTED_EDGE('',*,*,#2764,.T.);
#2764 = EDGE_CURVE('',#2733,#2756,#2765,.T.);
#2765 = LINE('',#2766,#2767);
#2766 = CARTESIAN_POINT('',(19.733800888062,23.216199874878,
    18.747900009155));
#2767 = VECTOR('',#2768,1.);
#2768 = DIRECTION('',(0.312657456707,-0.312657456707,-0.896934016264));
#2769 = PLANE('',#2770);
#2770 = AXIS2_PLACEMENT_3D('',#2771,#2772,#2773);
#2771 = CARTESIAN_POINT('',(9.922737581314,33.027263181625,
    9.352580367424));
#2772 = DIRECTION('',(0.707106781186,0.707106781187,1.287481003027E-12)
  );
#2773 = DIRECTION('',(0.707106781187,-0.707106781186,0.));
#2774 = ADVANCED_FACE('',(#2775),#2792,.T.);
#2775 = FACE_BOUND('',#2776,.T.);
#2776 = EDGE_LOOP('',(#2777,#2785,#2786));
#2777 = ORIENTED_EDGE('',*,*,#2778,.T.);
#2778 = EDGE_CURVE('',#2779,#2451,#2781,.T.);
#2779 = VERTEX_POINT('',#2780);
#2780 = CARTESIAN_POINT('',(19.909099578857,23.040899276733,
    18.318399429321));
#2781 = LINE('',#2782,#2783);
#2782 = CARTESIAN_POINT('',(19.909099578857,23.040899276733,
    18.318399429321));
#2783 = VECTOR('',#2784,1.);
#2784 = DIRECTION('',(-0.592703820216,0.592703876999,-0.54534786668));
#2785 = ORIENTED_EDGE('',*,*,#2755,.F.);
#2786 = ORIENTED_EDGE('',*,*,#2787,.T.);
#2787 = EDGE_CURVE('',#2756,#2779,#2788,.T.);
#2788 = LINE('',#2789,#2790);
#2789 = CARTESIAN_POINT('',(19.811500549316,23.138500213623,
    18.52499961853));
#2790 = VECTOR('',#2791,1.);
#2791 = DIRECTION('',(0.39280701923,-0.39281469574,-0.831504215536));
#2792 = PLANE('',#2793);
#2793 = AXIS2_PLACEMENT_3D('',#2794,#2795,#2796);
#2794 = CARTESIAN_POINT('',(9.966742992687,32.983257291643,
    9.244790038005));
#2795 = DIRECTION('',(0.707108898126,0.707104664227,-4.527929645719E-06)
  );
#2796 = DIRECTION('',(-0.707104664234,0.707108898133,0.));
#2797 = ADVANCED_FACE('',(#2798),#2815,.T.);
#2798 = FACE_BOUND('',#2799,.T.);
#2799 = EDGE_LOOP('',(#2800,#2808,#2809));
#2800 = ORIENTED_EDGE('',*,*,#2801,.T.);
#2801 = EDGE_CURVE('',#2802,#2451,#2804,.T.);
#2802 = VERTEX_POINT('',#2803);
#2803 = CARTESIAN_POINT('',(20.02499961853,22.924999237061,
    18.131500244141));
#2804 = LINE('',#2805,#2806);
#2805 = CARTESIAN_POINT('',(20.02499961853,22.924999237061,
    18.131500244141));
#2806 = VECTOR('',#2807,1.);
#2807 = DIRECTION('',(-0.595509540441,0.595509597163,-0.539200062064));
#2808 = ORIENTED_EDGE('',*,*,#2778,.F.);
#2809 = ORIENTED_EDGE('',*,*,#2810,.T.);
#2810 = EDGE_CURVE('',#2779,#2802,#2811,.T.);
#2811 = LINE('',#2812,#2813);
#2812 = CARTESIAN_POINT('',(19.909099578857,23.040899276733,
    18.318399429321));
#2813 = VECTOR('',#2814,1.);
#2814 = DIRECTION('',(0.466229861227,-0.466229861227,-0.751837371378));
#2815 = PLANE('',#2816);
#2816 = AXIS2_PLACEMENT_3D('',#2817,#2818,#2819);
#2817 = CARTESIAN_POINT('',(10.020326648427,32.929673157325,
    9.146026698265));
#2818 = DIRECTION('',(0.707106802752,0.707106759621,2.674939316861E-08)
  );
#2819 = DIRECTION('',(-0.707106759621,0.707106802752,1.654361225106E-24)
  );
#2820 = ADVANCED_FACE('',(#2821),#2838,.T.);
#2821 = FACE_BOUND('',#2822,.T.);
#2822 = EDGE_LOOP('',(#2823,#2831,#2832));
#2823 = ORIENTED_EDGE('',*,*,#2824,.T.);
#2824 = EDGE_CURVE('',#2825,#2451,#2827,.T.);
#2825 = VERTEX_POINT('',#2826);
#2826 = CARTESIAN_POINT('',(20.15710067749,22.792900085449,
    17.967599868774));
#2827 = LINE('',#2828,#2829);
#2828 = CARTESIAN_POINT('',(20.15710067749,22.792900085449,
    17.967599868774));
#2829 = VECTOR('',#2830,1.);
#2830 = DIRECTION('',(-0.598196224294,0.598196224294,-0.533219049248));
#2831 = ORIENTED_EDGE('',*,*,#2801,.F.);
#2832 = ORIENTED_EDGE('',*,*,#2833,.T.);
#2833 = EDGE_CURVE('',#2802,#2825,#2834,.T.);
#2834 = LINE('',#2835,#2836);
#2835 = CARTESIAN_POINT('',(20.02499961853,22.924999237061,
    18.131500244141));
#2836 = VECTOR('',#2837,1.);
#2837 = DIRECTION('',(0.531542333001,-0.531534658297,-0.659495000175));
#2838 = PLANE('',#2839);
#2839 = AXIS2_PLACEMENT_3D('',#2840,#2841,#2842);
#2840 = CARTESIAN_POINT('',(10.082505963212,32.867494321629,
    9.057925506028));
#2841 = DIRECTION('',(0.707104646976,0.707108915375,4.788539295909E-06)
  );
#2842 = DIRECTION('',(0.707108915383,-0.707104646984,4.235164736272E-22)
  );
#2843 = ADVANCED_FACE('',(#2844),#2854,.T.);
#2844 = FACE_BOUND('',#2845,.T.);
#2845 = EDGE_LOOP('',(#2846,#2847,#2848));
#2846 = ORIENTED_EDGE('',*,*,#2473,.T.);
#2847 = ORIENTED_EDGE('',*,*,#2824,.F.);
#2848 = ORIENTED_EDGE('',*,*,#2849,.T.);
#2849 = EDGE_CURVE('',#2825,#2474,#2850,.T.);
#2850 = LINE('',#2851,#2852);
#2851 = CARTESIAN_POINT('',(20.15710067749,22.792900085449,
    17.967599868774));
#2852 = VECTOR('',#2853,1.);
#2853 = DIRECTION('',(0.587870018054,-0.58827677947,-0.555283056297));
#2854 = PLANE('',#2855);
#2855 = AXIS2_PLACEMENT_3D('',#2856,#2857,#2858);
#2856 = CARTESIAN_POINT('',(10.152238138443,32.79773722135,
    8.982079406221));
#2857 = DIRECTION('',(0.707225498567,0.706987993662,-2.664468530363E-04)
  );
#2858 = DIRECTION('',(-0.706988018758,0.707225523672,0.));
#2859 = ADVANCED_FACE('',(#2860),#2877,.T.);
#2860 = FACE_BOUND('',#2861,.T.);
#2861 = EDGE_LOOP('',(#2862,#2870,#2876));
#2862 = ORIENTED_EDGE('',*,*,#2863,.T.);
#2863 = EDGE_CURVE('',#2451,#2864,#2866,.T.);
#2864 = VERTEX_POINT('',#2865);
#2865 = CARTESIAN_POINT('',(-19.63150024414,23.318500518799,
    19.47500038147));
#2866 = LINE('',#2867,#2868);
#2867 = CARTESIAN_POINT('',(0.,42.950000762939,5.72205010485E-07));
#2868 = VECTOR('',#2869,1.);
#2869 = DIRECTION('',(-0.578884441058,-0.578884441058,0.57426962988));
#2870 = ORIENTED_EDGE('',*,*,#2871,.T.);
#2871 = EDGE_CURVE('',#2864,#2496,#2872,.T.);
#2872 = LINE('',#2873,#2874);
#2873 = CARTESIAN_POINT('',(-19.63150024414,23.318500518799,
    19.47500038147));
#2874 = VECTOR('',#2875,1.);
#2875 = DIRECTION('',(0.578884435449,0.578884435449,0.574269641188));
#2876 = ORIENTED_EDGE('',*,*,#2511,.F.);
#2877 = PLANE('',#2878);
#2878 = AXIS2_PLACEMENT_3D('',#2879,#2880,#2881);
#2879 = CARTESIAN_POINT('',(-6.235113668276,36.714887094663,
    19.475000606671));
#2880 = DIRECTION('',(-0.707106781187,0.707106781187,-0.));
#2881 = DIRECTION('',(-0.707106781187,-0.707106781187,0.));
#2882 = ADVANCED_FACE('',(#2883),#2900,.T.);
#2883 = FACE_BOUND('',#2884,.T.);
#2884 = EDGE_LOOP('',(#2885,#2893,#2899));
#2885 = ORIENTED_EDGE('',*,*,#2886,.T.);
#2886 = EDGE_CURVE('',#2451,#2887,#2889,.T.);
#2887 = VERTEX_POINT('',#2888);
#2888 = CARTESIAN_POINT('',(-19.64299964904,23.306999206543,
    19.226999282837));
#2889 = LINE('',#2890,#2891);
#2890 = CARTESIAN_POINT('',(0.,42.950000762939,5.72205010485E-07));
#2891 = VECTOR('',#2892,1.);
#2892 = DIRECTION('',(-0.581425561464,-0.581425617921,0.569112086765));
#2893 = ORIENTED_EDGE('',*,*,#2894,.T.);
#2894 = EDGE_CURVE('',#2887,#2864,#2895,.T.);
#2895 = LINE('',#2896,#2897);
#2896 = CARTESIAN_POINT('',(-19.64299964904,23.306999206543,
    19.226999282837));
#2897 = VECTOR('',#2898,1.);
#2898 = DIRECTION('',(4.626897355709E-02,4.627664795973E-02,
    0.997856529737));
#2899 = ORIENTED_EDGE('',*,*,#2863,.F.);
#2900 = PLANE('',#2901);
#2901 = AXIS2_PLACEMENT_3D('',#2902,#2903,#2904);
#2902 = CARTESIAN_POINT('',(-9.854534570351,33.095465714908,
    9.71100890212));
#2903 = DIRECTION('',(-0.707109360003,0.707104202342,-5.199107350432E-06
    ));
#2904 = DIRECTION('',(-0.707104202352,-0.707109360012,0.));
#2905 = ADVANCED_FACE('',(#2906),#2923,.T.);
#2906 = FACE_BOUND('',#2907,.T.);
#2907 = EDGE_LOOP('',(#2908,#2916,#2922));
#2908 = ORIENTED_EDGE('',*,*,#2909,.T.);
#2909 = EDGE_CURVE('',#2451,#2910,#2912,.T.);
#2910 = VERTEX_POINT('',#2911);
#2911 = CARTESIAN_POINT('',(-19.67729949951,23.272699356079,
    18.983200073242));
#2912 = LINE('',#2913,#2914);
#2913 = CARTESIAN_POINT('',(0.,42.950000762939,5.72205010485E-07));
#2914 = VECTOR('',#2915,1.);
#2915 = DIRECTION('',(-0.584136847193,-0.584136903814,0.56353191689));
#2916 = ORIENTED_EDGE('',*,*,#2917,.T.);
#2917 = EDGE_CURVE('',#2910,#2887,#2918,.T.);
#2918 = LINE('',#2919,#2920);
#2919 = CARTESIAN_POINT('',(-19.67729949951,23.272699356079,
    18.983200073242));
#2920 = VECTOR('',#2921,1.);
#2921 = DIRECTION('',(0.137984265239,0.137984265239,0.980775552863));
#2922 = ORIENTED_EDGE('',*,*,#2886,.F.);
#2923 = PLANE('',#2924);
#2924 = AXIS2_PLACEMENT_3D('',#2925,#2926,#2927);
#2925 = CARTESIAN_POINT('',(-9.866145946781,33.083853858983,
    9.587703270891));
#2926 = DIRECTION('',(-0.707106811361,0.707106751012,8.491018251027E-09)
  );
#2927 = DIRECTION('',(-0.707106751012,-0.707106811361,0.));
#2928 = ADVANCED_FACE('',(#2929),#2946,.T.);
#2929 = FACE_BOUND('',#2930,.T.);
#2930 = EDGE_LOOP('',(#2931,#2939,#2945));
#2931 = ORIENTED_EDGE('',*,*,#2932,.T.);
#2932 = EDGE_CURVE('',#2451,#2933,#2935,.T.);
#2933 = VERTEX_POINT('',#2934);
#2934 = CARTESIAN_POINT('',(-19.73380088806,23.216199874878,
    18.747900009155));
#2935 = LINE('',#2936,#2937);
#2936 = CARTESIAN_POINT('',(0.,42.950000762939,5.72205010485E-07));
#2937 = VECTOR('',#2938,1.);
#2938 = DIRECTION('',(-0.586959593589,-0.586959593589,0.557635069725));
#2939 = ORIENTED_EDGE('',*,*,#2940,.T.);
#2940 = EDGE_CURVE('',#2933,#2910,#2941,.T.);
#2941 = LINE('',#2942,#2943);
#2942 = CARTESIAN_POINT('',(-19.73380088806,23.216199874878,
    18.747900009155));
#2943 = VECTOR('',#2944,1.);
#2944 = DIRECTION('',(0.22737259246,0.227364916917,0.946893287944));
#2945 = ORIENTED_EDGE('',*,*,#2909,.F.);
#2946 = PLANE('',#2947);
#2947 = AXIS2_PLACEMENT_3D('',#2948,#2949,#2950);
#2948 = CARTESIAN_POINT('',(-9.88900418847,33.060996095414,
    9.467530441379));
#2949 = DIRECTION('',(-0.707104564191,0.70710899816,4.667139063167E-06)
  );
#2950 = DIRECTION('',(0.707108998167,0.707104564199,0.));
#2951 = ADVANCED_FACE('',(#2952),#2969,.T.);
#2952 = FACE_BOUND('',#2953,.T.);
#2953 = EDGE_LOOP('',(#2954,#2962,#2968));
#2954 = ORIENTED_EDGE('',*,*,#2955,.T.);
#2955 = EDGE_CURVE('',#2451,#2956,#2958,.T.);
#2956 = VERTEX_POINT('',#2957);
#2957 = CARTESIAN_POINT('',(-19.81150054931,23.138500213623,
    18.52499961853));
#2958 = LINE('',#2959,#2960);
#2959 = CARTESIAN_POINT('',(0.,42.950000762939,5.72205010485E-07));
#2960 = VECTOR('',#2961,1.);
#2961 = DIRECTION('',(-0.589835262903,-0.589835262903,0.551533068158));
#2962 = ORIENTED_EDGE('',*,*,#2963,.T.);
#2963 = EDGE_CURVE('',#2956,#2933,#2964,.T.);
#2964 = LINE('',#2965,#2966);
#2965 = CARTESIAN_POINT('',(-19.81150054931,23.138500213623,
    18.52499961853));
#2966 = VECTOR('',#2967,1.);
#2967 = DIRECTION('',(0.312657456707,0.312657456707,0.896934016264));
#2968 = ORIENTED_EDGE('',*,*,#2932,.F.);
#2969 = PLANE('',#2970);
#2970 = AXIS2_PLACEMENT_3D('',#2971,#2972,#2973);
#2971 = CARTESIAN_POINT('',(-9.922737581314,33.027263181625,
    9.352580367424));
#2972 = DIRECTION('',(-0.707106781187,0.707106781187,-0.));
#2973 = DIRECTION('',(-0.707106781187,-0.707106781187,0.));
#2974 = ADVANCED_FACE('',(#2975),#2992,.T.);
#2975 = FACE_BOUND('',#2976,.T.);
#2976 = EDGE_LOOP('',(#2977,#2985,#2991));
#2977 = ORIENTED_EDGE('',*,*,#2978,.T.);
#2978 = EDGE_CURVE('',#2451,#2979,#2981,.T.);
#2979 = VERTEX_POINT('',#2980);
#2980 = CARTESIAN_POINT('',(-19.90909957885,23.040899276733,
    18.318399429321));
#2981 = LINE('',#2982,#2983);
#2982 = CARTESIAN_POINT('',(0.,42.950000762939,5.72205010485E-07));
#2983 = VECTOR('',#2984,1.);
#2984 = DIRECTION('',(-0.592703820216,-0.592703876999,0.54534786668));
#2985 = ORIENTED_EDGE('',*,*,#2986,.T.);
#2986 = EDGE_CURVE('',#2979,#2956,#2987,.T.);
#2987 = LINE('',#2988,#2989);
#2988 = CARTESIAN_POINT('',(-19.90909957885,23.040899276733,
    18.318399429321));
#2989 = VECTOR('',#2990,1.);
#2990 = DIRECTION('',(0.39280701923,0.39281469574,0.831504215536));
#2991 = ORIENTED_EDGE('',*,*,#2955,.F.);
#2992 = PLANE('',#2993);
#2993 = AXIS2_PLACEMENT_3D('',#2994,#2995,#2996);
#2994 = CARTESIAN_POINT('',(-9.966742992687,32.983257291643,
    9.244790038005));
#2995 = DIRECTION('',(-0.707108898125,0.707104664227,-4.527928367407E-06
    ));
#2996 = DIRECTION('',(-0.707104664234,-0.707108898132,0.));
#2997 = ADVANCED_FACE('',(#2998),#3015,.T.);
#2998 = FACE_BOUND('',#2999,.T.);
#2999 = EDGE_LOOP('',(#3000,#3008,#3014));
#3000 = ORIENTED_EDGE('',*,*,#3001,.T.);
#3001 = EDGE_CURVE('',#2451,#3002,#3004,.T.);
#3002 = VERTEX_POINT('',#3003);
#3003 = CARTESIAN_POINT('',(-20.02499961853,22.924999237061,
    18.131500244141));
#3004 = LINE('',#3005,#3006);
#3005 = CARTESIAN_POINT('',(0.,42.950000762939,5.72205010485E-07));
#3006 = VECTOR('',#3007,1.);
#3007 = DIRECTION('',(-0.595509540441,-0.595509597163,0.539200062064));
#3008 = ORIENTED_EDGE('',*,*,#3009,.T.);
#3009 = EDGE_CURVE('',#3002,#2979,#3010,.T.);
#3010 = LINE('',#3011,#3012);
#3011 = CARTESIAN_POINT('',(-20.02499961853,22.924999237061,
    18.131500244141));
#3012 = VECTOR('',#3013,1.);
#3013 = DIRECTION('',(0.466229861227,0.466229861227,0.751837371378));
#3014 = ORIENTED_EDGE('',*,*,#2978,.F.);
#3015 = PLANE('',#3016);
#3016 = AXIS2_PLACEMENT_3D('',#3017,#3018,#3019);
#3017 = CARTESIAN_POINT('',(-10.02032664842,32.929673157325,
    9.146026698265));
#3018 = DIRECTION('',(-0.707106802752,0.707106759621,2.674807507492E-08)
  );
#3019 = DIRECTION('',(-0.707106759621,-0.707106802752,
    -3.308722450212E-24));
#3020 = ADVANCED_FACE('',(#3021),#3038,.T.);
#3021 = FACE_BOUND('',#3022,.T.);
#3022 = EDGE_LOOP('',(#3023,#3031,#3037));
#3023 = ORIENTED_EDGE('',*,*,#3024,.T.);
#3024 = EDGE_CURVE('',#2451,#3025,#3027,.T.);
#3025 = VERTEX_POINT('',#3026);
#3026 = CARTESIAN_POINT('',(-20.15710067749,22.792900085449,
    17.967599868774));
#3027 = LINE('',#3028,#3029);
#3028 = CARTESIAN_POINT('',(0.,42.950000762939,5.72205010485E-07));
#3029 = VECTOR('',#3030,1.);
#3030 = DIRECTION('',(-0.598196224294,-0.598196224294,0.533219049248));
#3031 = ORIENTED_EDGE('',*,*,#3032,.T.);
#3032 = EDGE_CURVE('',#3025,#3002,#3033,.T.);
#3033 = LINE('',#3034,#3035);
#3034 = CARTESIAN_POINT('',(-20.15710067749,22.792900085449,
    17.967599868774));
#3035 = VECTOR('',#3036,1.);
#3036 = DIRECTION('',(0.531542333001,0.531534658297,0.659495000175));
#3037 = ORIENTED_EDGE('',*,*,#3001,.F.);
#3038 = PLANE('',#3039);
#3039 = AXIS2_PLACEMENT_3D('',#3040,#3041,#3042);
#3040 = CARTESIAN_POINT('',(-10.08250596321,32.867494321629,
    9.057925506028));
#3041 = DIRECTION('',(-0.707104646976,0.707108915375,4.788539295938E-06)
  );
#3042 = DIRECTION('',(0.707108915383,0.707104646984,0.));
#3043 = ADVANCED_FACE('',(#3044),#3059,.T.);
#3044 = FACE_BOUND('',#3045,.T.);
#3045 = EDGE_LOOP('',(#3046,#3052,#3058));
#3046 = ORIENTED_EDGE('',*,*,#3047,.T.);
#3047 = EDGE_CURVE('',#2451,#2367,#3048,.T.);
#3048 = LINE('',#3049,#3050);
#3049 = CARTESIAN_POINT('',(0.,42.950000762939,5.72205010485E-07));
#3050 = VECTOR('',#3051,1.);
#3051 = DIRECTION('',(-0.600713058849,-0.600716049794,0.527526348582));
#3052 = ORIENTED_EDGE('',*,*,#3053,.T.);
#3053 = EDGE_CURVE('',#2367,#3025,#3054,.T.);
#3054 = LINE('',#3055,#3056);
#3055 = CARTESIAN_POINT('',(-20.30319976806,22.646699905396,
    17.829599380493));
#3056 = VECTOR('',#3057,1.);
#3057 = DIRECTION('',(0.587870018054,0.58827677947,0.555283056297));
#3058 = ORIENTED_EDGE('',*,*,#3024,.F.);
#3059 = PLANE('',#3060);
#3060 = AXIS2_PLACEMENT_3D('',#3061,#3062,#3063);
#3061 = CARTESIAN_POINT('',(-10.15223813844,32.79773722135,
    8.982079406221));
#3062 = DIRECTION('',(-0.707225498568,0.706987993661,-2.664468546159E-04
    ));
#3063 = DIRECTION('',(-0.706988018757,-0.707225523672,0.));
#3064 = ADVANCED_FACE('',(#3065),#3075,.T.);
#3065 = FACE_BOUND('',#3066,.T.);
#3066 = EDGE_LOOP('',(#3067,#3073,#3074));
#3067 = ORIENTED_EDGE('',*,*,#3068,.T.);
#3068 = EDGE_CURVE('',#2451,#2400,#3069,.T.);
#3069 = LINE('',#3070,#3071);
#3070 = CARTESIAN_POINT('',(0.,42.950000762939,5.72205010485E-07));
#3071 = VECTOR('',#3072,1.);
#3072 = DIRECTION('',(-0.603023211841,-0.603023268055,0.522231695864));
#3073 = ORIENTED_EDGE('',*,*,#2399,.T.);
#3074 = ORIENTED_EDGE('',*,*,#3047,.F.);
#3075 = PLANE('',#3076);
#3076 = AXIS2_PLACEMENT_3D('',#3077,#3078,#3079);
#3077 = CARTESIAN_POINT('',(-10.22837224508,32.721602722634,
    8.919749758096));
#3078 = DIRECTION('',(-0.706983572959,0.707229910717,2.845234078052E-04)
  );
#3079 = DIRECTION('',(0.707229939343,0.706983601575,2.710505431214E-20)
  );
#3080 = ADVANCED_FACE('',(#3081),#3098,.T.);
#3081 = FACE_BOUND('',#3082,.T.);
#3082 = EDGE_LOOP('',(#3083,#3091,#3092));
#3083 = ORIENTED_EDGE('',*,*,#3084,.T.);
#3084 = EDGE_CURVE('',#3085,#2400,#3087,.T.);
#3085 = VERTEX_POINT('',#3086);
#3086 = CARTESIAN_POINT('',(-26.95000076293,16.,5.72205010485E-07));
#3087 = LINE('',#3088,#3089);
#3088 = CARTESIAN_POINT('',(-26.95000076293,16.,5.72205010485E-07));
#3089 = VECTOR('',#3090,1.);
#3090 = DIRECTION('',(0.325187127605,0.325187032022,0.887979012277));
#3091 = ORIENTED_EDGE('',*,*,#3068,.F.);
#3092 = ORIENTED_EDGE('',*,*,#3093,.F.);
#3093 = EDGE_CURVE('',#3085,#2451,#3094,.T.);
#3094 = LINE('',#3095,#3096);
#3095 = CARTESIAN_POINT('',(-26.95000076293,16.,5.72205010485E-07));
#3096 = VECTOR('',#3097,1.);
#3097 = DIRECTION('',(0.707106781187,0.707106781187,0.));
#3098 = PLANE('',#3099);
#3099 = AXIS2_PLACEMENT_3D('',#3100,#3101,#3102);
#3100 = CARTESIAN_POINT('',(-14.49739722188,28.452602982472,
    5.189373206352));
#3101 = DIRECTION('',(-0.707106781187,0.707106781187,7.611340821507E-08)
  );
#3102 = DIRECTION('',(0.707106781187,0.707106781187,0.));
#3103 = ADVANCED_FACE('',(#3104),#3121,.T.);
#3104 = FACE_BOUND('',#3105,.T.);
#3105 = EDGE_LOOP('',(#3106,#3107,#3115));
#3106 = ORIENTED_EDGE('',*,*,#3084,.F.);
#3107 = ORIENTED_EDGE('',*,*,#3108,.T.);
#3108 = EDGE_CURVE('',#3085,#3109,#3111,.T.);
#3109 = VERTEX_POINT('',#3110);
#3110 = CARTESIAN_POINT('',(-20.62730026245,22.322700500488,
    17.639699935913));
#3111 = LINE('',#3112,#3113);
#3112 = CARTESIAN_POINT('',(-26.95000076293,16.,5.72205010485E-07));
#3113 = VECTOR('',#3114,1.);
#3114 = DIRECTION('',(0.319706890862,0.319706890862,0.891950115125));
#3115 = ORIENTED_EDGE('',*,*,#3116,.T.);
#3116 = EDGE_CURVE('',#3109,#2400,#3117,.T.);
#3117 = LINE('',#3118,#3119);
#3118 = CARTESIAN_POINT('',(-20.62730026245,22.322700500488,
    17.639699935913));
#3119 = VECTOR('',#3120,1.);
#3120 = DIRECTION('',(0.669568405952,0.669560731112,0.321506729485));
#3121 = PLANE('',#3122);
#3122 = AXIS2_PLACEMENT_3D('',#3123,#3124,#3125);
#3123 = CARTESIAN_POINT('',(-23.72695479835,19.223045482651,
    8.894863746621));
#3124 = DIRECTION('',(-0.707101886085,0.707111676246,-3.509144663519E-06
    ));
#3125 = DIRECTION('',(0.70711167625,0.707101886089,-2.117582368136E-22)
  );
#3126 = ADVANCED_FACE('',(#3127),#3144,.T.);
#3127 = FACE_BOUND('',#3128,.T.);
#3128 = EDGE_LOOP('',(#3129,#3137,#3143));
#3129 = ORIENTED_EDGE('',*,*,#3130,.T.);
#3130 = EDGE_CURVE('',#2400,#3131,#3133,.T.);
#3131 = VERTEX_POINT('',#3132);
#3132 = CARTESIAN_POINT('',(-18.50600051879,20.201400756836,
    17.639699935913));
#3133 = LINE('',#3134,#3135);
#3134 = CARTESIAN_POINT('',(-20.46089935302,22.489099502563,
    17.71960067749));
#3135 = VECTOR('',#3136,1.);
#3136 = DIRECTION('',(0.649415042374,-0.759970772852,-2.654293028803E-02
    ));
#3137 = ORIENTED_EDGE('',*,*,#3138,.T.);
#3138 = EDGE_CURVE('',#3131,#2369,#3139,.T.);
#3139 = LINE('',#3140,#3141);
#3140 = CARTESIAN_POINT('',(-18.50600051879,20.201400756836,
    17.639699935913));
#3141 = VECTOR('',#3142,1.);
#3142 = DIRECTION('',(0.669788487888,0.669381830043,0.321420825556));
#3143 = ORIENTED_EDGE('',*,*,#2407,.T.);
#3144 = PLANE('',#3145);
#3145 = AXIS2_PLACEMENT_3D('',#3146,#3147,#3148);
#3146 = CARTESIAN_POINT('',(-19.40141780548,21.343003579051,
    17.698799561652));
#3147 = DIRECTION('',(-0.227273543074,-0.22728416933,0.9469364514));
#3148 = DIRECTION('',(6.938893903907E-18,0.972382776182,0.233391809164)
  );
#3149 = ADVANCED_FACE('',(#3150),#3160,.T.);
#3150 = FACE_BOUND('',#3151,.T.);
#3151 = EDGE_LOOP('',(#3152,#3153,#3154));
#3152 = ORIENTED_EDGE('',*,*,#3130,.F.);
#3153 = ORIENTED_EDGE('',*,*,#3116,.F.);
#3154 = ORIENTED_EDGE('',*,*,#3155,.T.);
#3155 = EDGE_CURVE('',#3109,#3131,#3156,.T.);
#3156 = LINE('',#3157,#3158);
#3157 = CARTESIAN_POINT('',(-20.62730026245,22.322700500488,
    17.639699935913));
#3158 = VECTOR('',#3159,1.);
#3159 = DIRECTION('',(0.707106781187,-0.707106781187,0.));
#3160 = PLANE('',#3161);
#3161 = AXIS2_PLACEMENT_3D('',#3162,#3163,#3164);
#3162 = CARTESIAN_POINT('',(-19.56544592729,21.34748640564,
    17.660501081622));
#3163 = DIRECTION('',(-0.227339588619,-0.227339588619,0.946907293716));
#3164 = DIRECTION('',(0.97236822794,0.,0.233452413339));
#3165 = ADVANCED_FACE('',(#3166),#3183,.T.);
#3166 = FACE_BOUND('',#3167,.T.);
#3167 = EDGE_LOOP('',(#3168,#3176,#3177));
#3168 = ORIENTED_EDGE('',*,*,#3169,.T.);
#3169 = EDGE_CURVE('',#3170,#2496,#3172,.T.);
#3170 = VERTEX_POINT('',#3171);
#3171 = CARTESIAN_POINT('',(-19.64299964904,23.306999206543,
    19.722999572754));
#3172 = LINE('',#3173,#3174);
#3173 = CARTESIAN_POINT('',(-19.64299964904,23.306999206543,
    19.722999572754));
#3174 = VECTOR('',#3175,1.);
#3175 = DIRECTION('',(0.581425537178,0.581425593635,0.569112136387));
#3176 = ORIENTED_EDGE('',*,*,#2871,.F.);
#3177 = ORIENTED_EDGE('',*,*,#3178,.T.);
#3178 = EDGE_CURVE('',#2864,#3170,#3179,.T.);
#3179 = LINE('',#3180,#3181);
#3180 = CARTESIAN_POINT('',(-19.63150024414,23.318500518799,
    19.47500038147));
#3181 = VECTOR('',#3182,1.);
#3182 = DIRECTION('',(-4.626932788541E-02,-4.627700234683E-02,
    0.997856496873));
#3183 = PLANE('',#3184);
#3184 = AXIS2_PLACEMENT_3D('',#3185,#3186,#3187);
#3185 = CARTESIAN_POINT('',(-9.854534295448,33.095465989812,
    29.238991940124));
#3186 = DIRECTION('',(-0.707109360021,0.707104202324,5.199143648737E-06)
  );
#3187 = DIRECTION('',(-0.707104202333,-0.70710936003,4.235164736272E-22)
  );
#3188 = ADVANCED_FACE('',(#3189),#3206,.T.);
#3189 = FACE_BOUND('',#3190,.T.);
#3190 = EDGE_LOOP('',(#3191,#3199,#3200));
#3191 = ORIENTED_EDGE('',*,*,#3192,.T.);
#3192 = EDGE_CURVE('',#3193,#2496,#3195,.T.);
#3193 = VERTEX_POINT('',#3194);
#3194 = CARTESIAN_POINT('',(-19.67729949951,23.272699356079,
    19.966800689697));
#3195 = LINE('',#3196,#3197);
#3196 = CARTESIAN_POINT('',(-19.67729949951,23.272699356079,
    19.966800689697));
#3197 = VECTOR('',#3198,1.);
#3198 = DIRECTION('',(0.584136841602,0.584136898223,0.563531928482));
#3199 = ORIENTED_EDGE('',*,*,#3169,.F.);
#3200 = ORIENTED_EDGE('',*,*,#3201,.T.);
#3201 = EDGE_CURVE('',#3170,#3193,#3202,.T.);
#3202 = LINE('',#3203,#3204);
#3203 = CARTESIAN_POINT('',(-19.64299964904,23.306999206543,
    19.722999572754));
#3204 = VECTOR('',#3205,1.);
#3205 = DIRECTION('',(-0.137983226842,-0.137983226842,0.980775845043));
#3206 = PLANE('',#3207);
#3207 = AXIS2_PLACEMENT_3D('',#3208,#3209,#3210);
#3208 = CARTESIAN_POINT('',(-9.866146216272,33.083853589493,
    29.362297034832));
#3209 = DIRECTION('',(-0.707106811361,0.707106751013,-8.492372441234E-09
    ));
#3210 = DIRECTION('',(-0.707106751013,-0.707106811361,0.));
#3211 = ADVANCED_FACE('',(#3212),#3229,.T.);
#3212 = FACE_BOUND('',#3213,.T.);
#3213 = EDGE_LOOP('',(#3214,#3222,#3223));
#3214 = ORIENTED_EDGE('',*,*,#3215,.T.);
#3215 = EDGE_CURVE('',#3216,#2496,#3218,.T.);
#3216 = VERTEX_POINT('',#3217);
#3217 = CARTESIAN_POINT('',(-19.73380088806,23.216199874878,
    20.202100753784));
#3218 = LINE('',#3219,#3220);
#3219 = CARTESIAN_POINT('',(-19.73380088806,23.216199874878,
    20.202100753784));
#3220 = VECTOR('',#3221,1.);
#3221 = DIRECTION('',(0.586959588018,0.586959588018,0.557635081453));
#3222 = ORIENTED_EDGE('',*,*,#3192,.F.);
#3223 = ORIENTED_EDGE('',*,*,#3224,.T.);
#3224 = EDGE_CURVE('',#3193,#3216,#3225,.T.);
#3225 = LINE('',#3226,#3227);
#3226 = CARTESIAN_POINT('',(-19.67729949951,23.272699356079,
    19.966800689697));
#3227 = VECTOR('',#3228,1.);
#3228 = DIRECTION('',(-0.22737259246,-0.227364916917,0.946893287944));
#3229 = PLANE('',#3230);
#3230 = AXIS2_PLACEMENT_3D('',#3231,#3232,#3233);
#3231 = CARTESIAN_POINT('',(-9.889004188125,33.060996095759,
    29.482470606938));
#3232 = DIRECTION('',(-0.707104564192,0.707108998159,-4.667137661935E-06
    ));
#3233 = DIRECTION('',(0.707108998167,0.707104564199,4.235164736272E-22)
  );
#3234 = ADVANCED_FACE('',(#3235),#3252,.T.);
#3235 = FACE_BOUND('',#3236,.T.);
#3236 = EDGE_LOOP('',(#3237,#3245,#3246));
#3237 = ORIENTED_EDGE('',*,*,#3238,.T.);
#3238 = EDGE_CURVE('',#3239,#2496,#3241,.T.);
#3239 = VERTEX_POINT('',#3240);
#3240 = CARTESIAN_POINT('',(-19.81150054931,23.138500213623,
    20.424999237061));
#3241 = LINE('',#3242,#3243);
#3242 = CARTESIAN_POINT('',(-19.81150054931,23.138500213623,
    20.424999237061));
#3243 = VECTOR('',#3244,1.);
#3244 = DIRECTION('',(0.589835238888,0.589835238888,0.551533119524));
#3245 = ORIENTED_EDGE('',*,*,#3215,.F.);
#3246 = ORIENTED_EDGE('',*,*,#3247,.T.);
#3247 = EDGE_CURVE('',#3216,#3239,#3248,.T.);
#3248 = LINE('',#3249,#3250);
#3249 = CARTESIAN_POINT('',(-19.73380088806,23.216199874878,
    20.202100753784));
#3250 = VECTOR('',#3251,1.);
#3251 = DIRECTION('',(-0.31265960905,-0.31265960905,0.896932515709));
#3252 = PLANE('',#3253);
#3253 = AXIS2_PLACEMENT_3D('',#3254,#3255,#3256);
#3254 = CARTESIAN_POINT('',(-9.922737330904,33.027263432035,
    29.597420439369));
#3255 = DIRECTION('',(-0.707106781187,0.707106781186,1.287497581146E-12)
  );
#3256 = DIRECTION('',(-0.707106781186,-0.707106781187,0.));
#3257 = ADVANCED_FACE('',(#3258),#3275,.T.);
#3258 = FACE_BOUND('',#3259,.T.);
#3259 = EDGE_LOOP('',(#3260,#3268,#3269));
#3260 = ORIENTED_EDGE('',*,*,#3261,.T.);
#3261 = EDGE_CURVE('',#3262,#2496,#3264,.T.);
#3262 = VERTEX_POINT('',#3263);
#3263 = CARTESIAN_POINT('',(-19.90909957885,23.040899276733,
    20.63159942627));
#3264 = LINE('',#3265,#3266);
#3265 = CARTESIAN_POINT('',(-19.90909957885,23.040899276733,
    20.63159942627));
#3266 = VECTOR('',#3267,1.);
#3267 = DIRECTION('',(0.592703796356,0.592703853139,0.545347918544));
#3268 = ORIENTED_EDGE('',*,*,#3238,.F.);
#3269 = ORIENTED_EDGE('',*,*,#3270,.T.);
#3270 = EDGE_CURVE('',#3239,#3262,#3271,.T.);
#3271 = LINE('',#3272,#3273);
#3272 = CARTESIAN_POINT('',(-19.81150054931,23.138500213623,
    20.424999237061));
#3273 = VECTOR('',#3274,1.);
#3274 = DIRECTION('',(-0.39280701923,-0.39281469574,0.831504215536));
#3275 = PLANE('',#3276);
#3276 = AXIS2_PLACEMENT_3D('',#3277,#3278,#3279);
#3277 = CARTESIAN_POINT('',(-9.966742991205,32.983257293125,
    29.705210054151));
#3278 = DIRECTION('',(-0.707108898125,0.707104664227,4.527927996318E-06)
  );
#3279 = DIRECTION('',(-0.707104664234,-0.707108898132,4.235164736272E-22
    ));
#3280 = ADVANCED_FACE('',(#3281),#3298,.T.);
#3281 = FACE_BOUND('',#3282,.T.);
#3282 = EDGE_LOOP('',(#3283,#3291,#3292));
#3283 = ORIENTED_EDGE('',*,*,#3284,.T.);
#3284 = EDGE_CURVE('',#3285,#2496,#3287,.T.);
#3285 = VERTEX_POINT('',#3286);
#3286 = CARTESIAN_POINT('',(-20.02499961853,22.924999237061,
    20.818500518799));
#3287 = LINE('',#3288,#3289);
#3288 = CARTESIAN_POINT('',(-20.02499961853,22.924999237061,
    20.818500518799));
#3289 = VECTOR('',#3290,1.);
#3290 = DIRECTION('',(0.595509534978,0.595509591699,0.539200074133));
#3291 = ORIENTED_EDGE('',*,*,#3261,.F.);
#3292 = ORIENTED_EDGE('',*,*,#3293,.T.);
#3293 = EDGE_CURVE('',#3262,#3285,#3294,.T.);
#3294 = LINE('',#3295,#3296);
#3295 = CARTESIAN_POINT('',(-19.90909957885,23.040899276733,
    20.63159942627));
#3296 = VECTOR('',#3297,1.);
#3297 = DIRECTION('',(-0.466227171743,-0.466227171743,0.75184070697));
#3298 = PLANE('',#3299);
#3299 = AXIS2_PLACEMENT_3D('',#3300,#3301,#3302);
#3300 = CARTESIAN_POINT('',(-10.02032685849,32.929672947255,
    29.803973678511));
#3301 = DIRECTION('',(-0.707106802753,0.70710675962,-2.674772329578E-08)
  );
#3302 = DIRECTION('',(-0.70710675962,-0.707106802753,-1.654361225106E-24
    ));
#3303 = ADVANCED_FACE('',(#3304),#3321,.T.);
#3304 = FACE_BOUND('',#3305,.T.);
#3305 = EDGE_LOOP('',(#3306,#3314,#3315));
#3306 = ORIENTED_EDGE('',*,*,#3307,.T.);
#3307 = EDGE_CURVE('',#3308,#2496,#3310,.T.);
#3308 = VERTEX_POINT('',#3309);
#3309 = CARTESIAN_POINT('',(-20.97150039672,21.978500366211,
    22.166999816895));
#3310 = LINE('',#3311,#3312);
#3311 = CARTESIAN_POINT('',(-20.97150039672,21.978500366211,
    22.166999816895));
#3312 = VECTOR('',#3313,1.);
#3313 = DIRECTION('',(0.615405866727,0.615405866727,0.492494912052));
#3314 = ORIENTED_EDGE('',*,*,#3284,.F.);
#3315 = ORIENTED_EDGE('',*,*,#3316,.T.);
#3316 = EDGE_CURVE('',#3285,#3308,#3317,.T.);
#3317 = LINE('',#3318,#3319);
#3318 = CARTESIAN_POINT('',(-20.02499961853,22.924999237061,
    20.818500518799));
#3319 = VECTOR('',#3320,1.);
#3320 = DIRECTION('',(-0.498146285983,-0.498145282139,0.709719349915));
#3321 = PLANE('',#3322);
#3322 = AXIS2_PLACEMENT_3D('',#3323,#3324,#3325);
#3323 = CARTESIAN_POINT('',(-10.53043680257,32.419563473602,
    29.985286386654));
#3324 = DIRECTION('',(-0.70710652493,0.707107037443,-6.404198121902E-07)
  );
#3325 = DIRECTION('',(0.707107037443,0.70710652493,0.));
#3326 = ADVANCED_FACE('',(#3327),#3351,.T.);
#3327 = FACE_BOUND('',#3328,.T.);
#3328 = EDGE_LOOP('',(#3329,#3337,#3345));
#3329 = ORIENTED_EDGE('',*,*,#3330,.T.);
#3330 = EDGE_CURVE('',#3331,#3285,#3333,.T.);
#3331 = VERTEX_POINT('',#3332);
#3332 = CARTESIAN_POINT('',(-18.85009956359,19.857200622559,
    22.166999816895));
#3333 = LINE('',#3334,#3335);
#3334 = CARTESIAN_POINT('',(-18.85009956359,19.857200622559,
    22.166999816895));
#3335 = VECTOR('',#3336,1.);
#3336 = DIRECTION('',(-0.330856324061,0.86390375785,-0.3797425312));
#3337 = ORIENTED_EDGE('',*,*,#3338,.T.);
#3338 = EDGE_CURVE('',#3285,#3339,#3341,.T.);
#3339 = VERTEX_POINT('',#3340);
#3340 = CARTESIAN_POINT('',(-17.90369987487,20.803699493408,
    20.818500518799));
#3341 = LINE('',#3342,#3343);
#3342 = CARTESIAN_POINT('',(-20.02499961853,22.924999237061,
    20.818500518799));
#3343 = VECTOR('',#3344,1.);
#3344 = DIRECTION('',(0.707106781187,-0.707106781187,0.));
#3345 = ORIENTED_EDGE('',*,*,#3346,.T.);
#3346 = EDGE_CURVE('',#3339,#3331,#3347,.T.);
#3347 = LINE('',#3348,#3349);
#3348 = CARTESIAN_POINT('',(-17.90369987487,20.803699493408,
    20.818500518799));
#3349 = VECTOR('',#3350,1.);
#3350 = DIRECTION('',(-0.498106283173,-0.498158484417,0.709738159512));
#3351 = PLANE('',#3352);
#3352 = AXIS2_PLACEMENT_3D('',#3353,#3354,#3355);
#3353 = CARTESIAN_POINT('',(-19.03111325681,21.320635891294,
    21.253403794696));
#3354 = DIRECTION('',(-0.5018606658,-0.5018606658,-0.7044655735));
#3355 = DIRECTION('',(-0.814459577914,-2.775557561563E-17,0.580220299493
    ));
#3356 = ADVANCED_FACE('',(#3357),#3367,.T.);
#3357 = FACE_BOUND('',#3358,.T.);
#3358 = EDGE_LOOP('',(#3359,#3360,#3366));
#3359 = ORIENTED_EDGE('',*,*,#3330,.F.);
#3360 = ORIENTED_EDGE('',*,*,#3361,.T.);
#3361 = EDGE_CURVE('',#3331,#3308,#3362,.T.);
#3362 = LINE('',#3363,#3364);
#3363 = CARTESIAN_POINT('',(-18.85009956359,19.857200622559,
    22.166999816895));
#3364 = VECTOR('',#3365,1.);
#3365 = DIRECTION('',(-0.707123628994,0.707089932977,0.));
#3366 = ORIENTED_EDGE('',*,*,#3316,.F.);
#3367 = PLANE('',#3368);
#3368 = AXIS2_PLACEMENT_3D('',#3369,#3370,#3371);
#3369 = CARTESIAN_POINT('',(-19.84401969448,21.461565269381,
    21.732098793388));
#3370 = DIRECTION('',(-0.501835407641,-0.501859322356,-0.704484523749));
#3371 = DIRECTION('',(2.775557561563E-17,-0.814467687513,0.58020891582)
  );
#3372 = ADVANCED_FACE('',(#3373),#3390,.T.);
#3373 = FACE_BOUND('',#3374,.T.);
#3374 = EDGE_LOOP('',(#3375,#3383,#3384));
#3375 = ORIENTED_EDGE('',*,*,#3376,.T.);
#3376 = EDGE_CURVE('',#3377,#3239,#3379,.T.);
#3377 = VERTEX_POINT('',#3378);
#3378 = CARTESIAN_POINT('',(-17.61240005493,21.094900131226,
    20.202100753784));
#3379 = LINE('',#3380,#3381);
#3380 = CARTESIAN_POINT('',(-17.61240005493,21.094900131226,
    20.202100753784));
#3381 = VECTOR('',#3382,1.);
#3382 = DIRECTION('',(-0.730520446613,0.678864676127,7.40447742012E-02)
  );
#3383 = ORIENTED_EDGE('',*,*,#3247,.F.);
#3384 = ORIENTED_EDGE('',*,*,#3385,.T.);
#3385 = EDGE_CURVE('',#3216,#3377,#3386,.T.);
#3386 = LINE('',#3387,#3388);
#3387 = CARTESIAN_POINT('',(-19.73380088806,23.216199874878,
    20.202100753784));
#3388 = VECTOR('',#3389,1.);
#3389 = DIRECTION('',(0.707123628994,-0.707089932977,0.));
#3390 = PLANE('',#3391);
#3391 = AXIS2_PLACEMENT_3D('',#3392,#3393,#3394);
#3392 = CARTESIAN_POINT('',(-18.73544424353,22.177435587516,
    20.260129457922));
#3393 = DIRECTION('',(-0.634211952453,-0.634242175507,-0.442167459424));
#3394 = DIRECTION('',(-0.707123628994,0.707089932977,-2.775557561563E-17
    ));
#3395 = ADVANCED_FACE('',(#3396),#3413,.T.);
#3396 = FACE_BOUND('',#3397,.T.);
#3397 = EDGE_LOOP('',(#3398,#3399,#3407));
#3398 = ORIENTED_EDGE('',*,*,#3376,.F.);
#3399 = ORIENTED_EDGE('',*,*,#3400,.T.);
#3400 = EDGE_CURVE('',#3377,#3401,#3403,.T.);
#3401 = VERTEX_POINT('',#3402);
#3402 = CARTESIAN_POINT('',(-17.69020080566,21.017200469971,
    20.424999237061));
#3403 = LINE('',#3404,#3405);
#3404 = CARTESIAN_POINT('',(-17.61240005493,21.094900131226,
    20.202100753784));
#3405 = VECTOR('',#3406,1.);
#3406 = DIRECTION('',(-0.313026552987,-0.312619825669,0.896818388373));
#3407 = ORIENTED_EDGE('',*,*,#3408,.T.);
#3408 = EDGE_CURVE('',#3401,#3239,#3409,.T.);
#3409 = LINE('',#3410,#3411);
#3410 = CARTESIAN_POINT('',(-17.69020080566,21.017200469971,
    20.424999237061));
#3411 = VECTOR('',#3412,1.);
#3412 = DIRECTION('',(-0.707106781187,0.707106781187,0.));
#3413 = PLANE('',#3414);
#3414 = AXIS2_PLACEMENT_3D('',#3415,#3416,#3417);
#3415 = CARTESIAN_POINT('',(-18.68847664197,22.05595945493,
    20.366969600252));
#3416 = DIRECTION('',(-0.634146390138,-0.634146390138,-0.442398815269));
#3417 = DIRECTION('',(0.707106781187,-0.707106781187,0.));
#3418 = ADVANCED_FACE('',(#3419),#3436,.T.);
#3419 = FACE_BOUND('',#3420,.T.);
#3420 = EDGE_LOOP('',(#3421,#3429,#3435));
#3421 = ORIENTED_EDGE('',*,*,#3422,.T.);
#3422 = EDGE_CURVE('',#3109,#3423,#3425,.T.);
#3423 = VERTEX_POINT('',#3424);
#3424 = CARTESIAN_POINT('',(-18.67830085754,20.028999328613,
    17.591299057007));
#3425 = LINE('',#3426,#3427);
#3426 = CARTESIAN_POINT('',(-20.62730026245,22.322700500488,
    17.639699935913));
#3427 = VECTOR('',#3428,1.);
#3428 = DIRECTION('',(0.647439995613,-0.761946808664,-1.607833473311E-02
    ));
#3429 = ORIENTED_EDGE('',*,*,#3430,.T.);
#3430 = EDGE_CURVE('',#3423,#3131,#3431,.T.);
#3431 = LINE('',#3432,#3433);
#3432 = CARTESIAN_POINT('',(-18.67830085754,20.028999328613,
    17.591299057007));
#3433 = VECTOR('',#3434,1.);
#3434 = DIRECTION('',(0.693361219485,0.693768018009,0.19477206294));
#3435 = ORIENTED_EDGE('',*,*,#3155,.F.);
#3436 = PLANE('',#3437);
#3437 = AXIS2_PLACEMENT_3D('',#3438,#3439,#3440);
#3438 = CARTESIAN_POINT('',(-19.56939469329,21.175055515034,
    17.627099285038));
#3439 = DIRECTION('',(-0.137724652188,-0.137724652188,0.980848530793));
#3440 = DIRECTION('',(0.990285401129,-3.469446951954E-18,0.139049718846)
  );
#3441 = ADVANCED_FACE('',(#3442),#3459,.T.);
#3442 = FACE_BOUND('',#3443,.T.);
#3443 = EDGE_LOOP('',(#3444,#3445,#3453));
#3444 = ORIENTED_EDGE('',*,*,#3422,.F.);
#3445 = ORIENTED_EDGE('',*,*,#3446,.F.);
#3446 = EDGE_CURVE('',#3447,#3109,#3449,.T.);
#3447 = VERTEX_POINT('',#3448);
#3448 = CARTESIAN_POINT('',(-20.79960060119,22.150400161743,
    17.591299057007));
#3449 = LINE('',#3450,#3451);
#3450 = CARTESIAN_POINT('',(-20.79960060119,22.150400161743,
    17.591299057007));
#3451 = VECTOR('',#3452,1.);
#3452 = DIRECTION('',(0.693556927987,0.693556927987,0.194827039404));
#3453 = ORIENTED_EDGE('',*,*,#3454,.T.);
#3454 = EDGE_CURVE('',#3447,#3423,#3455,.T.);
#3455 = LINE('',#3456,#3457);
#3456 = CARTESIAN_POINT('',(-20.79960060119,22.150400161743,
    17.591299057007));
#3457 = VECTOR('',#3458,1.);
#3458 = DIRECTION('',(0.707089932977,-0.707123628994,0.));
#3459 = PLANE('',#3460);
#3460 = AXIS2_PLACEMENT_3D('',#3461,#3462,#3463);
#3461 = CARTESIAN_POINT('',(-19.73619550923,21.176657680143,
    17.603899434008));
#3462 = DIRECTION('',(-0.137766803167,-0.137760238272,0.980837613826));
#3463 = DIRECTION('',(0.990279327059,0.,0.139092970344));
#3464 = ADVANCED_FACE('',(#3465),#3482,.T.);
#3465 = FACE_BOUND('',#3466,.T.);
#3466 = EDGE_LOOP('',(#3467,#3475,#3481));
#3467 = ORIENTED_EDGE('',*,*,#3468,.T.);
#3468 = EDGE_CURVE('',#2933,#3469,#3471,.T.);
#3469 = VERTEX_POINT('',#3470);
#3470 = CARTESIAN_POINT('',(-17.55599975585,21.151399612427,
    18.983200073242));
#3471 = LINE('',#3472,#3473);
#3472 = CARTESIAN_POINT('',(-19.73380088806,23.216199874878,
    18.747900009155));
#3473 = VECTOR('',#3474,1.);
#3474 = DIRECTION('',(0.723462722817,-0.685923979862,7.816637732726E-02)
  );
#3475 = ORIENTED_EDGE('',*,*,#3476,.F.);
#3476 = EDGE_CURVE('',#2910,#3469,#3477,.T.);
#3477 = LINE('',#3478,#3479);
#3478 = CARTESIAN_POINT('',(-19.67729949951,23.272699356079,
    18.983200073242));
#3479 = VECTOR('',#3480,1.);
#3480 = DIRECTION('',(0.707106781187,-0.707106781187,0.));
#3481 = ORIENTED_EDGE('',*,*,#2940,.F.);
#3482 = PLANE('',#3483);
#3483 = AXIS2_PLACEMENT_3D('',#3484,#3485,#3486);
#3484 = CARTESIAN_POINT('',(-18.67347120034,22.239452807095,
    18.921942880419));
#3485 = DIRECTION('',(-0.669554664975,-0.669554664975,0.321547976545));
#3486 = DIRECTION('',(0.707106781187,-0.707106781187,0.));
#3487 = ADVANCED_FACE('',(#3488),#3505,.T.);
#3488 = FACE_BOUND('',#3489,.T.);
#3489 = EDGE_LOOP('',(#3490,#3491,#3499));
#3490 = ORIENTED_EDGE('',*,*,#3468,.F.);
#3491 = ORIENTED_EDGE('',*,*,#3492,.T.);
#3492 = EDGE_CURVE('',#2933,#3493,#3495,.T.);
#3493 = VERTEX_POINT('',#3494);
#3494 = CARTESIAN_POINT('',(-17.61240005493,21.094900131226,
    18.747900009155));
#3495 = LINE('',#3496,#3497);
#3496 = CARTESIAN_POINT('',(-19.73380088806,23.216199874878,
    18.747900009155));
#3497 = VECTOR('',#3498,1.);
#3498 = DIRECTION('',(0.707123628994,-0.707089932977,0.));
#3499 = ORIENTED_EDGE('',*,*,#3500,.T.);
#3500 = EDGE_CURVE('',#3493,#3469,#3501,.T.);
#3501 = LINE('',#3502,#3503);
#3502 = CARTESIAN_POINT('',(-17.61240005493,21.094900131226,
    18.747900009155));
#3503 = VECTOR('',#3504,1.);
#3504 = DIRECTION('',(0.226986766273,0.227385931367,0.946980805589));
#3505 = PLANE('',#3506);
#3506 = AXIS2_PLACEMENT_3D('',#3507,#3508,#3509);
#3507 = CARTESIAN_POINT('',(-18.61630764509,22.128150680852,
    18.80915629543));
#3508 = DIRECTION('',(-0.6696006196,-0.669632529082,0.321290034435));
#3509 = DIRECTION('',(-0.707123628994,0.707089932977,0.));
#3510 = ADVANCED_FACE('',(#3511),#3521,.T.);
#3511 = FACE_BOUND('',#3512,.T.);
#3512 = EDGE_LOOP('',(#3513,#3519,#3520));
#3513 = ORIENTED_EDGE('',*,*,#3514,.T.);
#3514 = EDGE_CURVE('',#2956,#3493,#3515,.T.);
#3515 = LINE('',#3516,#3517);
#3516 = CARTESIAN_POINT('',(-19.81150054931,23.138500213623,
    18.52499961853));
#3517 = VECTOR('',#3518,1.);
#3518 = DIRECTION('',(0.730520412341,-0.678864644278,7.404540433058E-02)
  );
#3519 = ORIENTED_EDGE('',*,*,#3492,.F.);
#3520 = ORIENTED_EDGE('',*,*,#2963,.F.);
#3521 = PLANE('',#3522);
#3522 = AXIS2_PLACEMENT_3D('',#3523,#3524,#3525);
#3523 = CARTESIAN_POINT('',(-18.7354445265,22.177435859456,
    18.689870792657));
#3524 = DIRECTION('',(-0.634213013481,-0.634243236584,0.44216441555));
#3525 = DIRECTION('',(-0.707123628994,0.707089932977,2.775557561563E-17)
  );
#3526 = ADVANCED_FACE('',(#3527),#3544,.T.);
#3527 = FACE_BOUND('',#3528,.T.);
#3528 = EDGE_LOOP('',(#3529,#3530,#3538));
#3529 = ORIENTED_EDGE('',*,*,#3514,.F.);
#3530 = ORIENTED_EDGE('',*,*,#3531,.T.);
#3531 = EDGE_CURVE('',#2956,#3532,#3534,.T.);
#3532 = VERTEX_POINT('',#3533);
#3533 = CARTESIAN_POINT('',(-17.69020080566,21.017200469971,
    18.52499961853));
#3534 = LINE('',#3535,#3536);
#3535 = CARTESIAN_POINT('',(-19.81150054931,23.138500213623,
    18.52499961853));
#3536 = VECTOR('',#3537,1.);
#3537 = DIRECTION('',(0.707106781187,-0.707106781187,0.));
#3538 = ORIENTED_EDGE('',*,*,#3539,.T.);
#3539 = EDGE_CURVE('',#3532,#3493,#3540,.T.);
#3540 = LINE('',#3541,#3542);
#3541 = CARTESIAN_POINT('',(-17.69020080566,21.017200469971,
    18.52499961853));
#3542 = VECTOR('',#3543,1.);
#3543 = DIRECTION('',(0.313024398666,0.312617674147,0.896819890308));
#3544 = PLANE('',#3545);
#3545 = AXIS2_PLACEMENT_3D('',#3546,#3547,#3548);
#3546 = CARTESIAN_POINT('',(-18.68847635904,22.055959183024,
    18.583029767706));
#3547 = DIRECTION('',(-0.634147452165,-0.634147452165,0.442395770577));
#3548 = DIRECTION('',(-0.707106781187,0.707106781187,-5.551115123126E-17
    ));
#3549 = ADVANCED_FACE('',(#3550),#3567,.T.);
#3550 = FACE_BOUND('',#3551,.T.);
#3551 = EDGE_LOOP('',(#3552,#3560,#3566));
#3552 = ORIENTED_EDGE('',*,*,#3553,.T.);
#3553 = EDGE_CURVE('',#3447,#3554,#3556,.T.);
#3554 = VERTEX_POINT('',#3555);
#3555 = CARTESIAN_POINT('',(-18.85370063781,19.853700637817,
    17.575000762939));
#3556 = LINE('',#3557,#3558);
#3557 = CARTESIAN_POINT('',(-20.79960060119,22.150400161743,
    17.591299057007));
#3558 = VECTOR('',#3559,1.);
#3559 = DIRECTION('',(0.646424134746,-0.762959057744,-5.414261184343E-03
    ));
#3560 = ORIENTED_EDGE('',*,*,#3561,.T.);
#3561 = EDGE_CURVE('',#3554,#3423,#3562,.T.);
#3562 = LINE('',#3563,#3564);
#3563 = CARTESIAN_POINT('',(-18.85370063781,19.853700637817,
    17.575000762939));
#3564 = VECTOR('',#3565,1.);
#3565 = DIRECTION('',(0.705787848204,0.705381076174,6.558239629085E-02)
  );
#3566 = ORIENTED_EDGE('',*,*,#3454,.F.);
#3567 = PLANE('',#3568);
#3568 = AXIS2_PLACEMENT_3D('',#3569,#3570,#3571);
#3569 = CARTESIAN_POINT('',(-19.74249851215,21.001946611969,
    17.587056048867));
#3570 = DIRECTION('',(-4.637486367763E-02,-4.637265381203E-02,
    0.997847157132));
#3571 = DIRECTION('',(0.998921787375,-4.336808689942E-19,
    4.642480702882E-02));
#3572 = ADVANCED_FACE('',(#3573),#3590,.T.);
#3573 = FACE_BOUND('',#3574,.T.);
#3574 = EDGE_LOOP('',(#3575,#3576,#3584));
#3575 = ORIENTED_EDGE('',*,*,#3553,.F.);
#3576 = ORIENTED_EDGE('',*,*,#3577,.F.);
#3577 = EDGE_CURVE('',#3578,#3447,#3580,.T.);
#3578 = VERTEX_POINT('',#3579);
#3579 = CARTESIAN_POINT('',(-20.97500038147,21.97500038147,
    17.575000762939));
#3580 = LINE('',#3581,#3582);
#3581 = CARTESIAN_POINT('',(-20.97500038147,21.97500038147,
    17.575000762939));
#3582 = VECTOR('',#3583,1.);
#3583 = DIRECTION('',(0.705585365773,0.705585365773,6.556358145425E-02)
  );
#3584 = ORIENTED_EDGE('',*,*,#3585,.F.);
#3585 = EDGE_CURVE('',#3554,#3578,#3586,.T.);
#3586 = LINE('',#3587,#3588);
#3587 = CARTESIAN_POINT('',(-18.85370063781,19.853700637817,
    17.575000762939));
#3588 = VECTOR('',#3589,1.);
#3589 = DIRECTION('',(-0.707106781187,0.707106781187,0.));
#3590 = PLANE('',#3591);
#3591 = AXIS2_PLACEMENT_3D('',#3592,#3593,#3594);
#3592 = CARTESIAN_POINT('',(-19.91081381318,21.002141040321,
    17.579243864048));
#3593 = DIRECTION('',(-4.636045304518E-02,-4.636045304518E-02,
    0.997848393689));
#3594 = DIRECTION('',(0.998922458947,0.,4.641035456559E-02));
#3595 = ADVANCED_FACE('',(#3596),#3611,.T.);
#3596 = FACE_BOUND('',#3597,.T.);
#3597 = EDGE_LOOP('',(#3598,#3604,#3610));
#3598 = ORIENTED_EDGE('',*,*,#3599,.T.);
#3599 = EDGE_CURVE('',#3578,#2096,#3600,.T.);
#3600 = LINE('',#3601,#3602);
#3601 = CARTESIAN_POINT('',(-20.97500038147,21.97500038147,
    17.575000762939));
#3602 = VECTOR('',#3603,1.);
#3603 = DIRECTION('',(0.646443683235,-0.762942495509,5.414143652132E-03)
  );
#3604 = ORIENTED_EDGE('',*,*,#3605,.T.);
#3605 = EDGE_CURVE('',#2096,#3554,#3606,.T.);
#3606 = LINE('',#3607,#3608);
#3607 = CARTESIAN_POINT('',(-19.02899932861,19.678300857544,
    17.591299057007));
#3608 = VECTOR('',#3609,1.);
#3609 = DIRECTION('',(0.705381076174,0.705787848204,-6.558239629085E-02)
  );
#3610 = ORIENTED_EDGE('',*,*,#3585,.T.);
#3611 = PLANE('',#3612);
#3612 = AXIS2_PLACEMENT_3D('',#3613,#3614,#3615);
#3613 = CARTESIAN_POINT('',(-19.91787289394,20.82657206462,
    17.579243860323));
#3614 = DIRECTION('',(4.637375906201E-02,4.637375906201E-02,
    0.997847157104));
#3615 = DIRECTION('',(0.998921838656,0.,-4.642370360811E-02));
#3616 = ADVANCED_FACE('',(#3617),#3634,.T.);
#3617 = FACE_BOUND('',#3618,.T.);
#3618 = EDGE_LOOP('',(#3619,#3620,#3628));
#3619 = ORIENTED_EDGE('',*,*,#3599,.F.);
#3620 = ORIENTED_EDGE('',*,*,#3621,.F.);
#3621 = EDGE_CURVE('',#3622,#3578,#3624,.T.);
#3622 = VERTEX_POINT('',#3623);
#3623 = CARTESIAN_POINT('',(-21.15040016174,21.799600601196,
    17.591299057007));
#3624 = LINE('',#3625,#3626);
#3625 = CARTESIAN_POINT('',(-21.15040016174,21.799600601196,
    17.591299057007));
#3626 = VECTOR('',#3627,1.);
#3627 = DIRECTION('',(0.705585365773,0.705585365773,-6.556358145425E-02)
  );
#3628 = ORIENTED_EDGE('',*,*,#3629,.T.);
#3629 = EDGE_CURVE('',#3622,#2096,#3630,.T.);
#3630 = LINE('',#3631,#3632);
#3631 = CARTESIAN_POINT('',(-21.15040016174,21.799600601196,
    17.591299057007));
#3632 = VECTOR('',#3633,1.);
#3633 = DIRECTION('',(0.707123628994,-0.707089932977,0.));
#3634 = PLANE('',#3635);
#3635 = AXIS2_PLACEMENT_3D('',#3636,#3637,#3638);
#3636 = CARTESIAN_POINT('',(-20.08616421788,20.826740256467,
    17.587055963576));
#3637 = DIRECTION('',(4.635934842935E-02,4.636155766089E-02,
    0.997848393687));
#3638 = DIRECTION('',(4.336808689942E-19,0.998922407681,
    -4.641145798845E-02));
#3639 = ADVANCED_FACE('',(#3640),#3657,.T.);
#3640 = FACE_BOUND('',#3641,.T.);
#3641 = EDGE_LOOP('',(#3642,#3650,#3656));
#3642 = ORIENTED_EDGE('',*,*,#3643,.T.);
#3643 = EDGE_CURVE('',#3622,#3644,#3646,.T.);
#3644 = VERTEX_POINT('',#3645);
#3645 = CARTESIAN_POINT('',(-19.20140075683,19.506000518799,
    17.639699935913));
#3646 = LINE('',#3647,#3648);
#3647 = CARTESIAN_POINT('',(-21.15040016174,21.799600601196,
    17.591299057007));
#3648 = VECTOR('',#3649,1.);
#3649 = DIRECTION('',(0.647456561895,-0.761932723002,1.607874613529E-02)
  );
#3650 = ORIENTED_EDGE('',*,*,#3651,.T.);
#3651 = EDGE_CURVE('',#3644,#2096,#3652,.T.);
#3652 = LINE('',#3653,#3654);
#3653 = CARTESIAN_POINT('',(-19.20140075683,19.506000518799,
    17.639699935913));
#3654 = VECTOR('',#3655,1.);
#3655 = DIRECTION('',(0.693768018009,0.693361219485,-0.19477206294));
#3656 = ORIENTED_EDGE('',*,*,#3629,.F.);
#3657 = PLANE('',#3658);
#3658 = AXIS2_PLACEMENT_3D('',#3659,#3660,#3661);
#3659 = CARTESIAN_POINT('',(-20.09246730019,20.651982916506,
    17.603899421215));
#3660 = DIRECTION('',(0.137721371591,0.137727934634,0.980848530523));
#3661 = DIRECTION('',(0.,0.990284944781,-0.139052968832));
#3662 = ADVANCED_FACE('',(#3663),#3680,.T.);
#3663 = FACE_BOUND('',#3664,.T.);
#3664 = EDGE_LOOP('',(#3665,#3666,#3674));
#3665 = ORIENTED_EDGE('',*,*,#3643,.F.);
#3666 = ORIENTED_EDGE('',*,*,#3667,.F.);
#3667 = EDGE_CURVE('',#3668,#3622,#3670,.T.);
#3668 = VERTEX_POINT('',#3669);
#3669 = CARTESIAN_POINT('',(-21.32270050048,21.627300262451,
    17.639699935913));
#3670 = LINE('',#3671,#3672);
#3671 = CARTESIAN_POINT('',(-21.32270050048,21.627300262451,
    17.639699935913));
#3672 = VECTOR('',#3673,1.);
#3673 = DIRECTION('',(0.693556927987,0.693556927987,-0.194827039404));
#3674 = ORIENTED_EDGE('',*,*,#3675,.F.);
#3675 = EDGE_CURVE('',#3644,#3668,#3676,.T.);
#3676 = LINE('',#3677,#3678);
#3677 = CARTESIAN_POINT('',(-19.20140075683,19.506000518799,
    17.639699935913));
#3678 = VECTOR('',#3679,1.);
#3679 = DIRECTION('',(-0.707106781187,0.707106781187,0.));
#3680 = PLANE('',#3681);
#3681 = AXIS2_PLACEMENT_3D('',#3682,#3683,#3684);
#3682 = CARTESIAN_POINT('',(-20.25929640338,20.653607322386,
    17.627099557759));
#3683 = DIRECTION('',(0.137763520721,0.137763520721,0.980837613837));
#3684 = DIRECTION('',(3.469446951954E-18,0.990279783534,-0.139089720413)
  );
#3685 = ADVANCED_FACE('',(#3686),#3703,.T.);
#3686 = FACE_BOUND('',#3687,.T.);
#3687 = EDGE_LOOP('',(#3688,#3696,#3702));
#3688 = ORIENTED_EDGE('',*,*,#3689,.T.);
#3689 = EDGE_CURVE('',#2345,#3690,#3692,.T.);
#3690 = VERTEX_POINT('',#3691);
#3691 = CARTESIAN_POINT('',(-20.97850036621,21.971500396729,
    22.166999816895));
#3692 = LINE('',#3693,#3694);
#3693 = CARTESIAN_POINT('',(-19.8036994934,18.903699874878,
    20.818500518799));
#3694 = VECTOR('',#3695,1.);
#3695 = DIRECTION('',(-0.330831297527,0.863911877063,0.379745864028));
#3696 = ORIENTED_EDGE('',*,*,#3697,.F.);
#3697 = EDGE_CURVE('',#2321,#3690,#3698,.T.);
#3698 = LINE('',#3699,#3700);
#3699 = CARTESIAN_POINT('',(-18.85720062255,19.850099563599,
    22.166999816895));
#3700 = VECTOR('',#3701,1.);
#3701 = DIRECTION('',(-0.707089932977,0.707123628994,0.));
#3702 = ORIENTED_EDGE('',*,*,#2352,.T.);
#3703 = PLANE('',#3704);
#3704 = AXIS2_PLACEMENT_3D('',#3705,#3706,#3707);
#3705 = CARTESIAN_POINT('',(-19.98464392773,20.36711146847,
    21.732101102204));
#3706 = DIRECTION('',(0.501872623091,0.501848707742,-0.704465573842));
#3707 = DIRECTION('',(-0.814453045163,0.,-0.580229469456));
#3708 = ADVANCED_FACE('',(#3709),#3726,.T.);
#3709 = FACE_BOUND('',#3710,.T.);
#3710 = EDGE_LOOP('',(#3711,#3712,#3720));
#3711 = ORIENTED_EDGE('',*,*,#3689,.F.);
#3712 = ORIENTED_EDGE('',*,*,#3713,.T.);
#3713 = EDGE_CURVE('',#2345,#3714,#3716,.T.);
#3714 = VERTEX_POINT('',#3715);
#3715 = CARTESIAN_POINT('',(-21.92499923706,21.02499961853,
    20.818500518799));
#3716 = LINE('',#3717,#3718);
#3717 = CARTESIAN_POINT('',(-19.8036994934,18.903699874878,
    20.818500518799));
#3718 = VECTOR('',#3719,1.);
#3719 = DIRECTION('',(-0.707106781187,0.707106781187,0.));
#3720 = ORIENTED_EDGE('',*,*,#3721,.F.);
#3721 = EDGE_CURVE('',#3690,#3714,#3722,.T.);
#3722 = LINE('',#3723,#3724);
#3723 = CARTESIAN_POINT('',(-20.97850036621,21.971500396729,
    22.166999816895));
#3724 = VECTOR('',#3725,1.);
#3725 = DIRECTION('',(-0.498145282139,-0.498146285983,-0.709719349915));
#3726 = PLANE('',#3727);
#3727 = AXIS2_PLACEMENT_3D('',#3728,#3729,#3730);
#3728 = CARTESIAN_POINT('',(-20.7975592649,20.508069995617,
    21.253404338164));
#3729 = DIRECTION('',(0.501847365064,0.501847365064,-0.704484523858));
#3730 = DIRECTION('',(-0.814474220268,0.,-0.580199745362));
#3731 = ADVANCED_FACE('',(#3732),#3749,.T.);
#3732 = FACE_BOUND('',#3733,.T.);
#3733 = EDGE_LOOP('',(#3734,#3742,#3748));
#3734 = ORIENTED_EDGE('',*,*,#3735,.T.);
#3735 = EDGE_CURVE('',#3668,#3736,#3738,.T.);
#3736 = VERTEX_POINT('',#3737);
#3737 = CARTESIAN_POINT('',(-19.36779975891,19.339500427246,
    17.71960067749));
#3738 = LINE('',#3739,#3740);
#3739 = CARTESIAN_POINT('',(-21.32270050048,21.627300262451,
    17.639699935913));
#3740 = VECTOR('',#3741,1.);
#3741 = DIRECTION('',(0.649398835199,-0.759984646051,2.654224197077E-02)
  );
#3742 = ORIENTED_EDGE('',*,*,#3743,.T.);
#3743 = EDGE_CURVE('',#3736,#3644,#3744,.T.);
#3744 = LINE('',#3745,#3746);
#3745 = CARTESIAN_POINT('',(-19.36779975891,19.339500427246,
    17.71960067749));
#3746 = VECTOR('',#3747,1.);
#3747 = DIRECTION('',(0.669381830043,0.669788487888,-0.321420825556));
#3748 = ORIENTED_EDGE('',*,*,#3675,.T.);
#3749 = PLANE('',#3750);
#3750 = AXIS2_PLACEMENT_3D('',#3751,#3752,#3753);
#3751 = CARTESIAN_POINT('',(-20.26324523251,20.481177091579,
    17.660501523677));
#3752 = DIRECTION('',(0.227278854762,0.227278854762,0.946936452122));
#3753 = DIRECTION('',(0.,0.972384014742,-0.233386648876));
#3754 = ADVANCED_FACE('',(#3755),#3772,.T.);
#3755 = FACE_BOUND('',#3756,.T.);
#3756 = EDGE_LOOP('',(#3757,#3758,#3766));
#3757 = ORIENTED_EDGE('',*,*,#3735,.F.);
#3758 = ORIENTED_EDGE('',*,*,#3759,.F.);
#3759 = EDGE_CURVE('',#3760,#3668,#3762,.T.);
#3760 = VERTEX_POINT('',#3761);
#3761 = CARTESIAN_POINT('',(-21.48909950256,21.460899353027,
    17.71960067749));
#3762 = LINE('',#3763,#3764);
#3763 = CARTESIAN_POINT('',(-21.48909950256,21.460899353027,
    17.71960067749));
#3764 = VECTOR('',#3765,1.);
#3765 = DIRECTION('',(0.669560731112,0.669568405952,-0.321506729485));
#3766 = ORIENTED_EDGE('',*,*,#3767,.F.);
#3767 = EDGE_CURVE('',#3736,#3760,#3768,.T.);
#3768 = LINE('',#3769,#3770);
#3769 = CARTESIAN_POINT('',(-19.36779975891,19.339500427246,
    17.71960067749));
#3770 = VECTOR('',#3771,1.);
#3771 = DIRECTION('',(-0.707090250864,0.707123311122,0.));
#3772 = PLANE('',#3773);
#3773 = AXIS2_PLACEMENT_3D('',#3774,#3775,#3776);
#3774 = CARTESIAN_POINT('',(-20.42724465475,20.485637147534,
    17.698799526026));
#3775 = DIRECTION('',(0.227344903188,0.227334274093,0.946907293676));
#3776 = DIRECTION('',(0.97236698907,0.,-0.233457573376));
#3777 = ADVANCED_FACE('',(#3778),#3795,.T.);
#3778 = FACE_BOUND('',#3779,.T.);
#3779 = EDGE_LOOP('',(#3780,#3788,#3794));
#3780 = ORIENTED_EDGE('',*,*,#3781,.T.);
#3781 = EDGE_CURVE('',#3760,#3782,#3784,.T.);
#3782 = VERTEX_POINT('',#3783);
#3783 = CARTESIAN_POINT('',(-19.52540016174,19.181900024414,
    17.829599380493));
#3784 = LINE('',#3785,#3786);
#3785 = CARTESIAN_POINT('',(-21.48909950256,21.460899353027,
    17.71960067749));
#3786 = VECTOR('',#3787,1.);
#3787 = DIRECTION('',(0.65232151278,-0.757061052454,3.654048196436E-02)
  );
#3788 = ORIENTED_EDGE('',*,*,#3789,.T.);
#3789 = EDGE_CURVE('',#3782,#3736,#3790,.T.);
#3790 = LINE('',#3791,#3792);
#3791 = CARTESIAN_POINT('',(-19.52540016174,19.181900024414,
    17.829599380493));
#3792 = VECTOR('',#3793,1.);
#3793 = DIRECTION('',(0.634087553745,0.634087553745,-0.442567450647));
#3794 = ORIENTED_EDGE('',*,*,#3767,.T.);
#3795 = PLANE('',#3796);
#3796 = AXIS2_PLACEMENT_3D('',#3797,#3798,#3799);
#3797 = CARTESIAN_POINT('',(-20.42735976371,20.317049160673,
    17.74823757071));
#3798 = DIRECTION('',(0.312949761165,0.312935129771,0.89673521819));
#3799 = DIRECTION('',(0.944155919482,1.387778780781E-17,-0.32949901321)
  );
#3800 = ADVANCED_FACE('',(#3801),#3818,.T.);
#3801 = FACE_BOUND('',#3802,.T.);
#3802 = EDGE_LOOP('',(#3803,#3804,#3812));
#3803 = ORIENTED_EDGE('',*,*,#3781,.F.);
#3804 = ORIENTED_EDGE('',*,*,#3805,.F.);
#3805 = EDGE_CURVE('',#3806,#3760,#3808,.T.);
#3806 = VERTEX_POINT('',#3807);
#3807 = CARTESIAN_POINT('',(-21.64669990539,21.303199768066,
    17.829599380493));
#3808 = LINE('',#3809,#3810);
#3809 = CARTESIAN_POINT('',(-21.64669990539,21.303199768066,
    17.829599380493));
#3810 = VECTOR('',#3811,1.);
#3811 = DIRECTION('',(0.633927120054,0.634326067266,-0.442455474423));
#3812 = ORIENTED_EDGE('',*,*,#3813,.F.);
#3813 = EDGE_CURVE('',#3782,#3806,#3814,.T.);
#3814 = LINE('',#3815,#3816);
#3815 = CARTESIAN_POINT('',(-19.52540016174,19.181900024414,
    17.829599380493));
#3816 = VECTOR('',#3817,1.);
#3817 = DIRECTION('',(-0.707106781187,0.707106781187,0.));
#3818 = PLANE('',#3819);
#3819 = AXIS2_PLACEMENT_3D('',#3820,#3821,#3822);
#3820 = CARTESIAN_POINT('',(-20.58714976944,20.325736025388,
    17.800961901445));
#3821 = DIRECTION('',(0.312863278786,0.312863278786,0.896790464698));
#3822 = DIRECTION('',(1.387778780781E-17,0.944190555966,-0.329399748065)
  );
#3823 = ADVANCED_FACE('',(#3824),#3839,.T.);
#3824 = FACE_BOUND('',#3825,.T.);
#3825 = EDGE_LOOP('',(#3826,#3832,#3838));
#3826 = ORIENTED_EDGE('',*,*,#3827,.F.);
#3827 = EDGE_CURVE('',#3085,#3668,#3828,.T.);
#3828 = LINE('',#3829,#3830);
#3829 = CARTESIAN_POINT('',(-26.95000076293,16.,5.72205010485E-07));
#3830 = VECTOR('',#3831,1.);
#3831 = DIRECTION('',(0.290789560289,0.290789560289,0.911527763293));
#3832 = ORIENTED_EDGE('',*,*,#3833,.T.);
#3833 = EDGE_CURVE('',#3085,#3760,#3834,.T.);
#3834 = LINE('',#3835,#3836);
#3835 = CARTESIAN_POINT('',(-26.95000076293,16.,5.72205010485E-07));
#3836 = VECTOR('',#3837,1.);
#3837 = DIRECTION('',(0.282517363085,0.282517264409,0.916715841941));
#3838 = ORIENTED_EDGE('',*,*,#3759,.T.);
#3839 = PLANE('',#3840);
#3840 = AXIS2_PLACEMENT_3D('',#3841,#3842,#3843);
#3841 = CARTESIAN_POINT('',(-24.16023027991,18.789770003414,
    8.896245619145));
#3842 = DIRECTION('',(-0.707110295439,0.707103266913,2.242193634478E-06)
  );
#3843 = DIRECTION('',(-0.707103266915,-0.70711029544,0.));
#3844 = ADVANCED_FACE('',(#3845),#3855,.T.);
#3845 = FACE_BOUND('',#3846,.T.);
#3846 = EDGE_LOOP('',(#3847,#3848,#3854));
#3847 = ORIENTED_EDGE('',*,*,#3833,.F.);
#3848 = ORIENTED_EDGE('',*,*,#3849,.F.);
#3849 = EDGE_CURVE('',#3806,#3085,#3850,.T.);
#3850 = LINE('',#3851,#3852);
#3851 = CARTESIAN_POINT('',(-21.64669990539,21.303199768066,
    17.829599380493));
#3852 = VECTOR('',#3853,1.);
#3853 = DIRECTION('',(-0.274174557173,-0.274169330963,-0.921769759842));
#3854 = ORIENTED_EDGE('',*,*,#3805,.T.);
#3855 = PLANE('',#3856);
#3856 = AXIS2_PLACEMENT_3D('',#3857,#3858,#3859);
#3857 = CARTESIAN_POINT('',(-24.24177447175,18.708200368999,
    8.944078006602));
#3858 = DIRECTION('',(-0.70728979667,0.706923709307,1.128984448484E-04)
  );
#3859 = DIRECTION('',(-0.706923713812,-0.707289801178,6.776263578034E-21
    ));
#3860 = ADVANCED_FACE('',(#3861),#3878,.T.);
#3861 = FACE_BOUND('',#3862,.T.);
#3862 = EDGE_LOOP('',(#3863,#3864,#3872));
#3863 = ORIENTED_EDGE('',*,*,#3849,.T.);
#3864 = ORIENTED_EDGE('',*,*,#3865,.F.);
#3865 = EDGE_CURVE('',#3866,#3085,#3868,.T.);
#3866 = VERTEX_POINT('',#3867);
#3867 = CARTESIAN_POINT('',(-21.79290008544,21.15710067749,
    17.967599868774));
#3868 = LINE('',#3869,#3870);
#3869 = CARTESIAN_POINT('',(-21.79290008544,21.15710067749,
    17.967599868774));
#3870 = VECTOR('',#3871,1.);
#3871 = DIRECTION('',(-0.265947965798,-0.265947965798,-0.926576148504));
#3872 = ORIENTED_EDGE('',*,*,#3873,.T.);
#3873 = EDGE_CURVE('',#3866,#3806,#3874,.T.);
#3874 = LINE('',#3875,#3876);
#3875 = CARTESIAN_POINT('',(-21.79290008544,21.15710067749,
    17.967599868774));
#3876 = VECTOR('',#3877,1.);
#3877 = DIRECTION('',(0.58827677947,0.587870018054,-0.555283056297));
#3878 = PLANE('',#3879);
#3879 = AXIS2_PLACEMENT_3D('',#3880,#3881,#3882);
#3880 = CARTESIAN_POINT('',(-24.31827414128,18.631701219673,
    9.006396742521));
#3881 = DIRECTION('',(-0.706914347876,0.707299153519,-1.104477794996E-04
    ));
#3882 = DIRECTION('',(0.707299157833,0.706914352187,6.776263578034E-21)
  );
#3883 = ADVANCED_FACE('',(#3884),#3908,.T.);
#3884 = FACE_BOUND('',#3885,.T.);
#3885 = EDGE_LOOP('',(#3886,#3894,#3902));
#3886 = ORIENTED_EDGE('',*,*,#3887,.T.);
#3887 = EDGE_CURVE('',#3888,#3085,#3890,.T.);
#3888 = VERTEX_POINT('',#3889);
#3889 = CARTESIAN_POINT('',(-22.30699920654,20.642999649048,
    19.226999282837));
#3890 = LINE('',#3891,#3892);
#3891 = CARTESIAN_POINT('',(-22.30699920654,20.642999649048,
    19.226999282837));
#3892 = VECTOR('',#3893,1.);
#3893 = DIRECTION('',(-0.228524616516,-0.228524522638,-0.946336643166));
#3894 = ORIENTED_EDGE('',*,*,#3895,.T.);
#3895 = EDGE_CURVE('',#3085,#3896,#3898,.T.);
#3896 = VERTEX_POINT('',#3897);
#3897 = CARTESIAN_POINT('',(-22.31850051879,20.631500244141,
    19.47500038147));
#3898 = LINE('',#3899,#3900);
#3899 = CARTESIAN_POINT('',(-26.95000076293,16.,5.72205010485E-07));
#3900 = VECTOR('',#3901,1.);
#3901 = DIRECTION('',(0.225410581975,0.225410581975,0.94782917188));
#3902 = ORIENTED_EDGE('',*,*,#3903,.T.);
#3903 = EDGE_CURVE('',#3896,#3888,#3904,.T.);
#3904 = LINE('',#3905,#3906);
#3905 = CARTESIAN_POINT('',(-22.31850051879,20.631500244141,
    19.47500038147));
#3906 = VECTOR('',#3907,1.);
#3907 = DIRECTION('',(4.627664795973E-02,4.626897355709E-02,
    -0.997856529737));
#3908 = PLANE('',#3909);
#3909 = AXIS2_PLACEMENT_3D('',#3910,#3911,#3912);
#3910 = CARTESIAN_POINT('',(-24.61737488437,18.332625401506,
    9.734336601075));
#3911 = DIRECTION('',(-0.70709721308,0.707116349149,-4.55089643043E-06)
  );
#3912 = DIRECTION('',(0.707116349156,0.707097213087,0.));
#3913 = ADVANCED_FACE('',(#3914),#3931,.T.);
#3914 = FACE_BOUND('',#3915,.T.);
#3915 = EDGE_LOOP('',(#3916,#3924,#3925));
#3916 = ORIENTED_EDGE('',*,*,#3917,.T.);
#3917 = EDGE_CURVE('',#3918,#3085,#3920,.T.);
#3918 = VERTEX_POINT('',#3919);
#3919 = CARTESIAN_POINT('',(-22.27269935607,20.677299499512,
    18.983200073242));
#3920 = LINE('',#3921,#3922);
#3921 = CARTESIAN_POINT('',(-22.27269935607,20.677299499512,
    18.983200073242));
#3922 = VECTOR('',#3923,1.);
#3923 = DIRECTION('',(-0.232671000631,-0.23267090575,-0.944313748223));
#3924 = ORIENTED_EDGE('',*,*,#3887,.F.);
#3925 = ORIENTED_EDGE('',*,*,#3926,.T.);
#3926 = EDGE_CURVE('',#3888,#3918,#3927,.T.);
#3927 = LINE('',#3928,#3929);
#3928 = CARTESIAN_POINT('',(-22.30699920654,20.642999649048,
    19.226999282837));
#3929 = VECTOR('',#3930,1.);
#3930 = DIRECTION('',(0.137984265239,0.137984265239,-0.980775552863));
#3931 = PLANE('',#3932);
#3932 = AXIS2_PLACEMENT_3D('',#3933,#3934,#3935);
#3933 = CARTESIAN_POINT('',(-24.60572816866,18.344271634774,
    9.611259836564));
#3934 = DIRECTION('',(-0.707106689414,0.707106872959,2.582296088718E-08)
  );
#3935 = DIRECTION('',(0.707106872959,0.707106689414,-1.654361225106E-24)
  );
#3936 = ADVANCED_FACE('',(#3937),#3954,.T.);
#3937 = FACE_BOUND('',#3938,.T.);
#3938 = EDGE_LOOP('',(#3939,#3947,#3948));
#3939 = ORIENTED_EDGE('',*,*,#3940,.T.);
#3940 = EDGE_CURVE('',#3941,#3085,#3943,.T.);
#3941 = VERTEX_POINT('',#3942);
#3942 = CARTESIAN_POINT('',(-22.21619987487,20.733800888062,
    18.747900009155));
#3943 = LINE('',#3944,#3945);
#3944 = CARTESIAN_POINT('',(-22.21619987487,20.733800888062,
    18.747900009155));
#3945 = VECTOR('',#3946,1.);
#3946 = DIRECTION('',(-0.237791946779,-0.237791946779,-0.941758981956));
#3947 = ORIENTED_EDGE('',*,*,#3917,.F.);
#3948 = ORIENTED_EDGE('',*,*,#3949,.T.);
#3949 = EDGE_CURVE('',#3918,#3941,#3950,.T.);
#3950 = LINE('',#3951,#3952);
#3951 = CARTESIAN_POINT('',(-22.27269935607,20.677299499512,
    18.983200073242));
#3952 = VECTOR('',#3953,1.);
#3953 = DIRECTION('',(0.227364916917,0.22737259246,-0.946893287944));
#3954 = PLANE('',#3955);
#3955 = AXIS2_PLACEMENT_3D('',#3956,#3957,#3958);
#3956 = CARTESIAN_POINT('',(-24.58277111797,18.367229162871,
    9.491284874233));
#3957 = DIRECTION('',(-0.707112598874,0.707100963445,2.937918485417E-06)
  );
#3958 = DIRECTION('',(-0.707100963449,-0.707112598877,2.117582368136E-22
    ));
#3959 = ADVANCED_FACE('',(#3960),#3977,.T.);
#3960 = FACE_BOUND('',#3961,.T.);
#3961 = EDGE_LOOP('',(#3962,#3970,#3971));
#3962 = ORIENTED_EDGE('',*,*,#3963,.T.);
#3963 = EDGE_CURVE('',#3964,#3085,#3966,.T.);
#3964 = VERTEX_POINT('',#3965);
#3965 = CARTESIAN_POINT('',(-22.13850021362,20.811500549316,
    18.52499961853));
#3966 = LINE('',#3967,#3968);
#3967 = CARTESIAN_POINT('',(-22.13850021362,20.811500549316,
    18.52499961853));
#3968 = VECTOR('',#3969,1.);
#3969 = DIRECTION('',(-0.243803434085,-0.243803434085,-0.938679802199));
#3970 = ORIENTED_EDGE('',*,*,#3940,.F.);
#3971 = ORIENTED_EDGE('',*,*,#3972,.T.);
#3972 = EDGE_CURVE('',#3941,#3964,#3973,.T.);
#3973 = LINE('',#3974,#3975);
#3974 = CARTESIAN_POINT('',(-22.21619987487,20.733800888062,
    18.747900009155));
#3975 = VECTOR('',#3976,1.);
#3976 = DIRECTION('',(0.312657456707,0.312657456707,-0.896934016264));
#3977 = PLANE('',#3978);
#3978 = AXIS2_PLACEMENT_3D('',#3979,#3980,#3981);
#3979 = CARTESIAN_POINT('',(-24.54889286156,18.40110790138,
    9.376516539657));
#3980 = DIRECTION('',(-0.707106781187,0.707106781186,1.017843443045E-13)
  );
#3981 = DIRECTION('',(-0.707106781186,-0.707106781187,0.));
#3982 = ADVANCED_FACE('',(#3983),#4000,.T.);
#3983 = FACE_BOUND('',#3984,.T.);
#3984 = EDGE_LOOP('',(#3985,#3993,#3994));
#3985 = ORIENTED_EDGE('',*,*,#3986,.T.);
#3986 = EDGE_CURVE('',#3987,#3085,#3989,.T.);
#3987 = VERTEX_POINT('',#3988);
#3988 = CARTESIAN_POINT('',(-22.04089927673,20.909099578857,
    18.318399429321));
#3989 = LINE('',#3990,#3991);
#3990 = CARTESIAN_POINT('',(-22.04089927673,20.909099578857,
    18.318399429321));
#3991 = VECTOR('',#3992,1.);
#3992 = DIRECTION('',(-0.250594117262,-0.250594019898,-0.935096372351));
#3993 = ORIENTED_EDGE('',*,*,#3963,.F.);
#3994 = ORIENTED_EDGE('',*,*,#3995,.T.);
#3995 = EDGE_CURVE('',#3964,#3987,#3996,.T.);
#3996 = LINE('',#3997,#3998);
#3997 = CARTESIAN_POINT('',(-22.13850021362,20.811500549316,
    18.52499961853));
#3998 = VECTOR('',#3999,1.);
#3999 = DIRECTION('',(0.39281469574,0.39280701923,-0.831504215536));
#4000 = PLANE('',#4001);
#4001 = AXIS2_PLACEMENT_3D('',#4002,#4003,#4004);
#4002 = CARTESIAN_POINT('',(-24.50468193561,18.445318349243,
    9.268870837623));
#4003 = DIRECTION('',(-0.707102322964,0.707111239377,-2.31586129229E-06)
  );
#4004 = DIRECTION('',(0.707111239379,0.707102322966,0.));
#4005 = ADVANCED_FACE('',(#4006),#4023,.T.);
#4006 = FACE_BOUND('',#4007,.T.);
#4007 = EDGE_LOOP('',(#4008,#4016,#4017));
#4008 = ORIENTED_EDGE('',*,*,#4009,.T.);
#4009 = EDGE_CURVE('',#4010,#3085,#4012,.T.);
#4010 = VERTEX_POINT('',#4011);
#4011 = CARTESIAN_POINT('',(-21.92499923706,21.02499961853,
    18.131500244141));
#4012 = LINE('',#4013,#4014);
#4013 = CARTESIAN_POINT('',(-21.92499923706,21.02499961853,
    18.131500244141));
#4014 = VECTOR('',#4015,1.);
#4015 = DIRECTION('',(-0.258031037048,-0.258030939107,-0.931042436403));
#4016 = ORIENTED_EDGE('',*,*,#3986,.F.);
#4017 = ORIENTED_EDGE('',*,*,#4018,.T.);
#4018 = EDGE_CURVE('',#3987,#4010,#4019,.T.);
#4019 = LINE('',#4020,#4021);
#4020 = CARTESIAN_POINT('',(-22.04089927673,20.909099578857,
    18.318399429321));
#4021 = VECTOR('',#4022,1.);
#4022 = DIRECTION('',(0.466229861227,0.466229861227,-0.751837371378));
#4023 = PLANE('',#4024);
#4024 = AXIS2_PLACEMENT_3D('',#4025,#4026,#4027);
#4025 = CARTESIAN_POINT('',(-24.45085582992,18.499143973306,
    9.170234014502));
#4026 = DIRECTION('',(-0.707106739736,0.707106822637,5.140887515991E-08)
  );
#4027 = DIRECTION('',(0.707106822637,0.707106739736,0.));
#4028 = ADVANCED_FACE('',(#4029),#4039,.T.);
#4029 = FACE_BOUND('',#4030,.T.);
#4030 = EDGE_LOOP('',(#4031,#4032,#4033));
#4031 = ORIENTED_EDGE('',*,*,#3865,.T.);
#4032 = ORIENTED_EDGE('',*,*,#4009,.F.);
#4033 = ORIENTED_EDGE('',*,*,#4034,.T.);
#4034 = EDGE_CURVE('',#4010,#3866,#4035,.T.);
#4035 = LINE('',#4036,#4037);
#4036 = CARTESIAN_POINT('',(-21.92499923706,21.02499961853,
    18.131500244141));
#4037 = VECTOR('',#4038,1.);
#4038 = DIRECTION('',(0.531534658297,0.531542333001,-0.659495000175));
#4039 = PLANE('',#4040);
#4040 = AXIS2_PLACEMENT_3D('',#4041,#4042,#4043);
#4041 = CARTESIAN_POINT('',(-24.38837157819,18.561628703871,
    9.082203776455));
#4042 = DIRECTION('',(-0.70711054548,0.707103016869,2.16087882527E-06));
#4043 = DIRECTION('',(-0.707103016871,-0.707110545482,0.));
#4044 = ADVANCED_FACE('',(#4045),#4062,.T.);
#4045 = FACE_BOUND('',#4046,.T.);
#4046 = EDGE_LOOP('',(#4047,#4055,#4056));
#4047 = ORIENTED_EDGE('',*,*,#4048,.T.);
#4048 = EDGE_CURVE('',#4049,#3896,#4051,.T.);
#4049 = VERTEX_POINT('',#4050);
#4050 = CARTESIAN_POINT('',(-26.95000076293,16.,38.950000762939));
#4051 = LINE('',#4052,#4053);
#4052 = CARTESIAN_POINT('',(-26.95000076293,16.,38.950000762939));
#4053 = VECTOR('',#4054,1.);
#4054 = DIRECTION('',(0.225410576025,0.225410576025,-0.94782917471));
#4055 = ORIENTED_EDGE('',*,*,#3895,.F.);
#4056 = ORIENTED_EDGE('',*,*,#4057,.F.);
#4057 = EDGE_CURVE('',#4049,#3085,#4058,.T.);
#4058 = LINE('',#4059,#4060);
#4059 = CARTESIAN_POINT('',(-26.95000076293,16.,38.950000762939));
#4060 = VECTOR('',#4061,1.);
#4061 = DIRECTION('',(0.,0.,-1.));
#4062 = PLANE('',#4063);
#4063 = AXIS2_PLACEMENT_3D('',#4064,#4065,#4066);
#4064 = CARTESIAN_POINT('',(-25.76111307513,17.188887687801,
    19.475000660109));
#4065 = DIRECTION('',(-0.707106781187,0.707106781187,-0.));
#4066 = DIRECTION('',(-0.707106781187,-0.707106781187,0.));
#4067 = ADVANCED_FACE('',(#4068),#4085,.T.);
#4068 = FACE_BOUND('',#4069,.T.);
#4069 = EDGE_LOOP('',(#4070,#4071,#4079));
#4070 = ORIENTED_EDGE('',*,*,#4048,.F.);
#4071 = ORIENTED_EDGE('',*,*,#4072,.T.);
#4072 = EDGE_CURVE('',#4049,#4073,#4075,.T.);
#4073 = VERTEX_POINT('',#4074);
#4074 = CARTESIAN_POINT('',(-22.30699920654,20.642999649048,
    19.722999572754));
#4075 = LINE('',#4076,#4077);
#4076 = CARTESIAN_POINT('',(-26.95000076293,16.,38.950000762939));
#4077 = VECTOR('',#4078,1.);
#4078 = DIRECTION('',(0.228524590123,0.228524496245,-0.946336655913));
#4079 = ORIENTED_EDGE('',*,*,#4080,.T.);
#4080 = EDGE_CURVE('',#4073,#3896,#4081,.T.);
#4081 = LINE('',#4082,#4083);
#4082 = CARTESIAN_POINT('',(-22.30699920654,20.642999649048,
    19.722999572754));
#4083 = VECTOR('',#4084,1.);
#4084 = DIRECTION('',(-4.627700234683E-02,-4.626932788541E-02,
    -0.997856496873));
#4085 = PLANE('',#4086);
#4086 = AXIS2_PLACEMENT_3D('',#4087,#4088,#4089);
#4087 = CARTESIAN_POINT('',(-24.61737499192,18.332625293959,
    29.215664421227));
#4088 = DIRECTION('',(-0.707097213019,0.70711634921,4.550925531793E-06)
  );
#4089 = DIRECTION('',(0.707116349218,0.707097213026,4.235164736272E-22)
  );
#4090 = ADVANCED_FACE('',(#4091),#4108,.T.);
#4091 = FACE_BOUND('',#4092,.T.);
#4092 = EDGE_LOOP('',(#4093,#4094,#4102));
#4093 = ORIENTED_EDGE('',*,*,#4072,.F.);
#4094 = ORIENTED_EDGE('',*,*,#4095,.F.);
#4095 = EDGE_CURVE('',#4096,#4049,#4098,.T.);
#4096 = VERTEX_POINT('',#4097);
#4097 = CARTESIAN_POINT('',(-22.27269935607,20.677299499512,
    19.966800689697));
#4098 = LINE('',#4099,#4100);
#4099 = CARTESIAN_POINT('',(-22.27269935607,20.677299499512,
    19.966800689697));
#4100 = VECTOR('',#4101,1.);
#4101 = DIRECTION('',(-0.232670994377,-0.232670899496,0.944313751305));
#4102 = ORIENTED_EDGE('',*,*,#4103,.T.);
#4103 = EDGE_CURVE('',#4096,#4073,#4104,.T.);
#4104 = LINE('',#4105,#4106);
#4105 = CARTESIAN_POINT('',(-22.27269935607,20.677299499512,
    19.966800689697));
#4106 = VECTOR('',#4107,1.);
#4107 = DIRECTION('',(-0.137983226842,-0.137983226842,-0.980775845043));
#4108 = PLANE('',#4109);
#4109 = AXIS2_PLACEMENT_3D('',#4110,#4111,#4112);
#4110 = CARTESIAN_POINT('',(-24.60572806352,18.344271739912,
    29.338740293221));
#4111 = DIRECTION('',(-0.707106689413,0.70710687296,-2.582270193364E-08)
  );
#4112 = DIRECTION('',(0.70710687296,0.707106689413,1.654361225106E-24));
#4113 = ADVANCED_FACE('',(#4114),#4129,.T.);
#4114 = FACE_BOUND('',#4115,.T.);
#4115 = EDGE_LOOP('',(#4116,#4122,#4128));
#4116 = ORIENTED_EDGE('',*,*,#4117,.T.);
#4117 = EDGE_CURVE('',#3714,#4049,#4118,.T.);
#4118 = LINE('',#4119,#4120);
#4119 = CARTESIAN_POINT('',(-21.92499923706,21.02499961853,
    20.818500518799));
#4120 = VECTOR('',#4121,1.);
#4121 = DIRECTION('',(-0.258031029989,-0.258030932048,0.931042440316));
#4122 = ORIENTED_EDGE('',*,*,#4123,.F.);
#4123 = EDGE_CURVE('',#3690,#4049,#4124,.T.);
#4124 = LINE('',#4125,#4126);
#4125 = CARTESIAN_POINT('',(-20.97850036621,21.971500396729,
    22.166999816895));
#4126 = VECTOR('',#4127,1.);
#4127 = DIRECTION('',(-0.317836859416,-0.317836859416,0.893285767038));
#4128 = ORIENTED_EDGE('',*,*,#3721,.T.);
#4129 = PLANE('',#4130);
#4130 = AXIS2_PLACEMENT_3D('',#4131,#4132,#4133);
#4131 = CARTESIAN_POINT('',(-24.07486114607,18.87513910932,
    29.802670037894));
#4132 = DIRECTION('',(-0.707107253981,0.707106308391,-3.364469911001E-07
    ));
#4133 = DIRECTION('',(-0.707106308391,-0.707107253981,2.64697796017E-23)
  );
#4134 = ADVANCED_FACE('',(#4135),#4152,.T.);
#4135 = FACE_BOUND('',#4136,.T.);
#4136 = EDGE_LOOP('',(#4137,#4145,#4146));
#4137 = ORIENTED_EDGE('',*,*,#4138,.T.);
#4138 = EDGE_CURVE('',#4139,#4049,#4141,.T.);
#4139 = VERTEX_POINT('',#4140);
#4140 = CARTESIAN_POINT('',(-22.04089927673,20.909099578857,
    20.63159942627));
#4141 = LINE('',#4142,#4143);
#4142 = CARTESIAN_POINT('',(-22.04089927673,20.909099578857,
    20.63159942627));
#4143 = VECTOR('',#4144,1.);
#4144 = DIRECTION('',(-0.250594087602,-0.250593990238,0.935096388248));
#4145 = ORIENTED_EDGE('',*,*,#4117,.F.);
#4146 = ORIENTED_EDGE('',*,*,#4147,.T.);
#4147 = EDGE_CURVE('',#3714,#4139,#4148,.T.);
#4148 = LINE('',#4149,#4150);
#4149 = CARTESIAN_POINT('',(-21.92499923706,21.02499961853,
    20.818500518799));
#4150 = VECTOR('',#4151,1.);
#4151 = DIRECTION('',(-0.466227171743,-0.466227171743,-0.75184070697));
#4152 = PLANE('',#4153);
#4153 = AXIS2_PLACEMENT_3D('',#4154,#4155,#4156);
#4154 = CARTESIAN_POINT('',(-24.45085574235,18.499144060879,
    29.779766223255));
#4155 = DIRECTION('',(-0.707106739736,0.707106822637,-5.140892307873E-08
    ));
#4156 = DIRECTION('',(0.707106822637,0.707106739736,-3.308722450212E-24)
  );
#4157 = ADVANCED_FACE('',(#4158),#4175,.T.);
#4158 = FACE_BOUND('',#4159,.T.);
#4159 = EDGE_LOOP('',(#4160,#4168,#4169));
#4160 = ORIENTED_EDGE('',*,*,#4161,.T.);
#4161 = EDGE_CURVE('',#4162,#4049,#4164,.T.);
#4162 = VERTEX_POINT('',#4163);
#4163 = CARTESIAN_POINT('',(-22.13850021362,20.811500549316,
    20.424999237061));
#4164 = LINE('',#4165,#4166);
#4165 = CARTESIAN_POINT('',(-22.13850021362,20.811500549316,
    20.424999237061));
#4166 = VECTOR('',#4167,1.);
#4167 = DIRECTION('',(-0.243803405331,-0.243803405331,0.938679817136));
#4168 = ORIENTED_EDGE('',*,*,#4138,.F.);
#4169 = ORIENTED_EDGE('',*,*,#4170,.T.);
#4170 = EDGE_CURVE('',#4139,#4162,#4171,.T.);
#4171 = LINE('',#4172,#4173);
#4172 = CARTESIAN_POINT('',(-22.04089927673,20.909099578857,
    20.63159942627));
#4173 = VECTOR('',#4174,1.);
#4174 = DIRECTION('',(-0.39281469574,-0.39280701923,-0.831504215536));
#4175 = PLANE('',#4176);
#4176 = AXIS2_PLACEMENT_3D('',#4177,#4178,#4179);
#4177 = CARTESIAN_POINT('',(-24.5046819374,18.445318347456,
    29.681129256761));
#4178 = DIRECTION('',(-0.707102322964,0.707111239377,2.315861064736E-06)
  );
#4179 = DIRECTION('',(0.707111239379,0.707102322966,0.));
#4180 = ADVANCED_FACE('',(#4181),#4198,.T.);
#4181 = FACE_BOUND('',#4182,.T.);
#4182 = EDGE_LOOP('',(#4183,#4191,#4192));
#4183 = ORIENTED_EDGE('',*,*,#4184,.T.);
#4184 = EDGE_CURVE('',#4185,#4049,#4187,.T.);
#4185 = VERTEX_POINT('',#4186);
#4186 = CARTESIAN_POINT('',(-22.21619987487,20.733800888062,
    20.202100753784));
#4187 = LINE('',#4188,#4189);
#4188 = CARTESIAN_POINT('',(-22.21619987487,20.733800888062,
    20.202100753784));
#4189 = VECTOR('',#4190,1.);
#4190 = DIRECTION('',(-0.237791940342,-0.237791940342,0.941758985206));
#4191 = ORIENTED_EDGE('',*,*,#4161,.F.);
#4192 = ORIENTED_EDGE('',*,*,#4193,.T.);
#4193 = EDGE_CURVE('',#4162,#4185,#4194,.T.);
#4194 = LINE('',#4195,#4196);
#4195 = CARTESIAN_POINT('',(-22.13850021362,20.811500549316,
    20.424999237061));
#4196 = VECTOR('',#4197,1.);
#4197 = DIRECTION('',(-0.31265960905,-0.31265960905,-0.896932515709));
#4198 = PLANE('',#4199);
#4199 = AXIS2_PLACEMENT_3D('',#4200,#4201,#4202);
#4200 = CARTESIAN_POINT('',(-24.54889296345,18.401107799483,
    29.573484433661));
#4201 = DIRECTION('',(-0.707106781187,0.707106781187,-0.));
#4202 = DIRECTION('',(-0.707106781187,-0.707106781187,0.));
#4203 = ADVANCED_FACE('',(#4204),#4214,.T.);
#4204 = FACE_BOUND('',#4205,.T.);
#4205 = EDGE_LOOP('',(#4206,#4207,#4208));
#4206 = ORIENTED_EDGE('',*,*,#4095,.T.);
#4207 = ORIENTED_EDGE('',*,*,#4184,.F.);
#4208 = ORIENTED_EDGE('',*,*,#4209,.T.);
#4209 = EDGE_CURVE('',#4185,#4096,#4210,.T.);
#4210 = LINE('',#4211,#4212);
#4211 = CARTESIAN_POINT('',(-22.21619987487,20.733800888062,
    20.202100753784));
#4212 = VECTOR('',#4213,1.);
#4213 = DIRECTION('',(-0.227364916917,-0.22737259246,-0.946893287944));
#4214 = PLANE('',#4215);
#4215 = AXIS2_PLACEMENT_3D('',#4216,#4217,#4218);
#4216 = CARTESIAN_POINT('',(-24.58277111836,18.367229162483,
    29.45871617461));
#4217 = DIRECTION('',(-0.707112598874,0.707100963445,-2.937918530963E-06
    ));
#4218 = DIRECTION('',(-0.707100963448,-0.707112598877,
    -2.117582368136E-22));
#4219 = ADVANCED_FACE('',(#4220),#4237,.T.);
#4220 = FACE_BOUND('',#4221,.T.);
#4221 = EDGE_LOOP('',(#4222,#4230,#4236));
#4222 = ORIENTED_EDGE('',*,*,#4223,.T.);
#4223 = EDGE_CURVE('',#3918,#4224,#4226,.T.);
#4224 = VERTEX_POINT('',#4225);
#4225 = CARTESIAN_POINT('',(-20.09490013122,18.612400054932,
    18.747900009155));
#4226 = LINE('',#4227,#4228);
#4227 = CARTESIAN_POINT('',(-22.27269935607,20.677299499512,
    18.983200073242));
#4228 = VECTOR('',#4229,1.);
#4229 = DIRECTION('',(0.72344607077,-0.685941740023,-7.816464661802E-02)
  );
#4230 = ORIENTED_EDGE('',*,*,#4231,.T.);
#4231 = EDGE_CURVE('',#4224,#3941,#4232,.T.);
#4232 = LINE('',#4233,#4234);
#4233 = CARTESIAN_POINT('',(-20.09490013122,18.612400054932,
    18.747900009155));
#4234 = VECTOR('',#4235,1.);
#4235 = DIRECTION('',(-0.707089932977,0.707123628994,0.));
#4236 = ORIENTED_EDGE('',*,*,#3949,.F.);
#4237 = PLANE('',#4238);
#4238 = AXIS2_PLACEMENT_3D('',#4239,#4240,#4241);
#4239 = CARTESIAN_POINT('',(-21.21237012594,19.700504398941,
    18.809157102909));
#4240 = DIRECTION('',(0.669570618099,0.669538711566,0.321547976347));
#4241 = DIRECTION('',(-0.707089932977,0.707123628994,0.));
#4242 = ADVANCED_FACE('',(#4243),#4260,.T.);
#4243 = FACE_BOUND('',#4244,.T.);
#4244 = EDGE_LOOP('',(#4245,#4246,#4254));
#4245 = ORIENTED_EDGE('',*,*,#4223,.F.);
#4246 = ORIENTED_EDGE('',*,*,#4247,.T.);
#4247 = EDGE_CURVE('',#3918,#4248,#4250,.T.);
#4248 = VERTEX_POINT('',#4249);
#4249 = CARTESIAN_POINT('',(-20.15139961242,18.555999755859,
    18.983200073242));
#4250 = LINE('',#4251,#4252);
#4251 = CARTESIAN_POINT('',(-22.27269935607,20.677299499512,
    18.983200073242));
#4252 = VECTOR('',#4253,1.);
#4253 = DIRECTION('',(0.707106781187,-0.707106781187,0.));
#4254 = ORIENTED_EDGE('',*,*,#4255,.T.);
#4255 = EDGE_CURVE('',#4248,#4224,#4256,.T.);
#4256 = LINE('',#4257,#4258);
#4257 = CARTESIAN_POINT('',(-20.15139961242,18.555999755859,
    18.983200073242));
#4258 = VECTOR('',#4259,1.);
#4259 = DIRECTION('',(0.227385931367,0.226986766273,-0.946980805589));
#4260 = PLANE('',#4261);
#4261 = AXIS2_PLACEMENT_3D('',#4262,#4263,#4264);
#4262 = CARTESIAN_POINT('',(-21.15523249945,19.589224764295,
    18.92194248679));
#4263 = DIRECTION('',(0.669616575958,0.669616575958,0.321290028486));
#4264 = DIRECTION('',(-0.707106781187,0.707106781187,0.));
#4265 = ADVANCED_FACE('',(#4266),#4283,.T.);
#4266 = FACE_BOUND('',#4267,.T.);
#4267 = EDGE_LOOP('',(#4268,#4276,#4277));
#4268 = ORIENTED_EDGE('',*,*,#4269,.T.);
#4269 = EDGE_CURVE('',#4270,#4185,#4272,.T.);
#4270 = VERTEX_POINT('',#4271);
#4271 = CARTESIAN_POINT('',(-20.01720046997,18.690200805664,
    20.424999237061));
#4272 = LINE('',#4273,#4274);
#4273 = CARTESIAN_POINT('',(-20.01720046997,18.690200805664,
    20.424999237061));
#4274 = VECTOR('',#4275,1.);
#4275 = DIRECTION('',(-0.730504785891,0.678881329985,-7.404659066204E-02
    ));
#4276 = ORIENTED_EDGE('',*,*,#4193,.F.);
#4277 = ORIENTED_EDGE('',*,*,#4278,.T.);
#4278 = EDGE_CURVE('',#4162,#4270,#4279,.T.);
#4279 = LINE('',#4280,#4281);
#4280 = CARTESIAN_POINT('',(-22.13850021362,20.811500549316,
    20.424999237061));
#4281 = VECTOR('',#4282,1.);
#4282 = DIRECTION('',(0.707106781187,-0.707106781187,0.));
#4283 = PLANE('',#4284);
#4284 = AXIS2_PLACEMENT_3D('',#4285,#4286,#4287);
#4285 = CARTESIAN_POINT('',(-21.14019309612,19.772737228534,
    20.36697050048));
#4286 = DIRECTION('',(0.634227064125,0.634227064125,-0.442167459525));
#4287 = DIRECTION('',(0.707106781187,-0.707106781187,0.));
#4288 = ADVANCED_FACE('',(#4289),#4306,.T.);
#4289 = FACE_BOUND('',#4290,.T.);
#4290 = EDGE_LOOP('',(#4291,#4292,#4300));
#4291 = ORIENTED_EDGE('',*,*,#4269,.F.);
#4292 = ORIENTED_EDGE('',*,*,#4293,.T.);
#4293 = EDGE_CURVE('',#4270,#4294,#4296,.T.);
#4294 = VERTEX_POINT('',#4295);
#4295 = CARTESIAN_POINT('',(-20.09490013122,18.612400054932,
    20.202100753784));
#4296 = LINE('',#4297,#4298);
#4297 = CARTESIAN_POINT('',(-20.01720046997,18.690200805664,
    20.424999237061));
#4298 = VECTOR('',#4299,1.);
#4299 = DIRECTION('',(-0.312619825669,-0.313026552987,-0.896818388373));
#4300 = ORIENTED_EDGE('',*,*,#4301,.T.);
#4301 = EDGE_CURVE('',#4294,#4185,#4302,.T.);
#4302 = LINE('',#4303,#4304);
#4303 = CARTESIAN_POINT('',(-20.09490013122,18.612400054932,
    20.202100753784));
#4304 = VECTOR('',#4305,1.);
#4305 = DIRECTION('',(-0.707089932977,0.707123628994,0.));
#4306 = PLANE('',#4307);
#4307 = AXIS2_PLACEMENT_3D('',#4308,#4309,#4310);
#4308 = CARTESIAN_POINT('',(-21.0932027201,19.651233427957,
    20.260129097548));
#4309 = DIRECTION('',(0.63416150152,0.634131282311,-0.442398809656));
#4310 = DIRECTION('',(-0.707089932977,0.707123628994,0.));
#4311 = ADVANCED_FACE('',(#4312),#4322,.T.);
#4312 = FACE_BOUND('',#4313,.T.);
#4313 = EDGE_LOOP('',(#4314,#4320,#4321));
#4314 = ORIENTED_EDGE('',*,*,#4315,.T.);
#4315 = EDGE_CURVE('',#4294,#4096,#4316,.T.);
#4316 = LINE('',#4317,#4318);
#4317 = CARTESIAN_POINT('',(-20.09490013122,18.612400054932,
    20.202100753784));
#4318 = VECTOR('',#4319,1.);
#4319 = DIRECTION('',(-0.72344607077,0.685941740023,-7.816464661802E-02)
  );
#4320 = ORIENTED_EDGE('',*,*,#4209,.F.);
#4321 = ORIENTED_EDGE('',*,*,#4301,.F.);
#4322 = PLANE('',#4323);
#4323 = AXIS2_PLACEMENT_3D('',#4324,#4325,#4326);
#4324 = CARTESIAN_POINT('',(-21.21237012594,19.700504398941,
    20.140843660031));
#4325 = DIRECTION('',(0.669570618099,0.669538711566,-0.321547976347));
#4326 = DIRECTION('',(-0.707089932977,0.707123628994,-2.775557561563E-17
    ));
#4327 = ADVANCED_FACE('',(#4328),#4343,.T.);
#4328 = FACE_BOUND('',#4329,.T.);
#4329 = EDGE_LOOP('',(#4330,#4331,#4337));
#4330 = ORIENTED_EDGE('',*,*,#4315,.F.);
#4331 = ORIENTED_EDGE('',*,*,#4332,.T.);
#4332 = EDGE_CURVE('',#4294,#2174,#4333,.T.);
#4333 = LINE('',#4334,#4335);
#4334 = CARTESIAN_POINT('',(-20.09490013122,18.612400054932,
    20.202100753784));
#4335 = VECTOR('',#4336,1.);
#4336 = DIRECTION('',(-0.227385931367,-0.226986766273,-0.946980805589));
#4337 = ORIENTED_EDGE('',*,*,#4338,.T.);
#4338 = EDGE_CURVE('',#2174,#4096,#4339,.T.);
#4339 = LINE('',#4340,#4341);
#4340 = CARTESIAN_POINT('',(-20.15139961242,18.555999755859,
    19.966800689697));
#4341 = VECTOR('',#4342,1.);
#4342 = DIRECTION('',(-0.707106781187,0.707106781187,0.));
#4343 = PLANE('',#4344);
#4344 = AXIS2_PLACEMENT_3D('',#4345,#4346,#4347);
#4345 = CARTESIAN_POINT('',(-21.15523249945,19.589224764295,
    20.02805827615));
#4346 = DIRECTION('',(0.669616575958,0.669616575958,-0.321290028486));
#4347 = DIRECTION('',(-0.707106781187,0.707106781187,0.));
#4348 = ADVANCED_FACE('',(#4349),#4366,.T.);
#4349 = FACE_BOUND('',#4350,.T.);
#4350 = EDGE_LOOP('',(#4351,#4359,#4365));
#4351 = ORIENTED_EDGE('',*,*,#4352,.T.);
#4352 = EDGE_CURVE('',#3941,#4353,#4355,.T.);
#4353 = VERTEX_POINT('',#4354);
#4354 = CARTESIAN_POINT('',(-20.01720046997,18.690200805664,
    18.52499961853));
#4355 = LINE('',#4356,#4357);
#4356 = CARTESIAN_POINT('',(-22.21619987487,20.733800888062,
    18.747900009155));
#4357 = VECTOR('',#4358,1.);
#4358 = DIRECTION('',(0.730504751618,-0.678881298133,-7.40472208067E-02)
  );
#4359 = ORIENTED_EDGE('',*,*,#4360,.F.);
#4360 = EDGE_CURVE('',#3964,#4353,#4361,.T.);
#4361 = LINE('',#4362,#4363);
#4362 = CARTESIAN_POINT('',(-22.13850021362,20.811500549316,
    18.52499961853));
#4363 = VECTOR('',#4364,1.);
#4364 = DIRECTION('',(0.707106781187,-0.707106781187,0.));
#4365 = ORIENTED_EDGE('',*,*,#3972,.F.);
#4366 = PLANE('',#4367);
#4367 = AXIS2_PLACEMENT_3D('',#4368,#4369,#4370);
#4368 = CARTESIAN_POINT('',(-21.14019337909,19.77273750048,
    18.583028867472));
#4369 = DIRECTION('',(0.634228125177,0.634228125177,0.442164415651));
#4370 = DIRECTION('',(-0.707106781187,0.707106781187,0.));
#4371 = ADVANCED_FACE('',(#4372),#4382,.T.);
#4372 = FACE_BOUND('',#4373,.T.);
#4373 = EDGE_LOOP('',(#4374,#4375,#4376));
#4374 = ORIENTED_EDGE('',*,*,#4352,.F.);
#4375 = ORIENTED_EDGE('',*,*,#4231,.F.);
#4376 = ORIENTED_EDGE('',*,*,#4377,.T.);
#4377 = EDGE_CURVE('',#4224,#4353,#4378,.T.);
#4378 = LINE('',#4379,#4380);
#4379 = CARTESIAN_POINT('',(-20.09490013122,18.612400054932,
    18.747900009155));
#4380 = VECTOR('',#4381,1.);
#4381 = DIRECTION('',(0.312617674147,0.313024398666,-0.896819890308));
#4382 = PLANE('',#4383);
#4383 = AXIS2_PLACEMENT_3D('',#4384,#4385,#4386);
#4384 = CARTESIAN_POINT('',(-21.09320243718,19.651233156046,
    18.689871153036));
#4385 = DIRECTION('',(0.634162563573,0.634132344313,0.442395764964));
#4386 = DIRECTION('',(-0.707089932977,0.707123628994,0.));
#4387 = ADVANCED_FACE('',(#4388),#4405,.T.);
#4388 = FACE_BOUND('',#4389,.T.);
#4389 = EDGE_LOOP('',(#4390,#4398,#4399));
#4390 = ORIENTED_EDGE('',*,*,#4391,.T.);
#4391 = EDGE_CURVE('',#4392,#3216,#4394,.T.);
#4392 = VERTEX_POINT('',#4393);
#4393 = CARTESIAN_POINT('',(-17.55599975585,21.151399612427,
    19.966800689697));
#4394 = LINE('',#4395,#4396);
#4395 = CARTESIAN_POINT('',(-17.55599975585,21.151399612427,
    19.966800689697));
#4396 = VECTOR('',#4397,1.);
#4397 = DIRECTION('',(-0.723462722817,0.685923979862,7.816637732726E-02)
  );
#4398 = ORIENTED_EDGE('',*,*,#3224,.F.);
#4399 = ORIENTED_EDGE('',*,*,#4400,.F.);
#4400 = EDGE_CURVE('',#4392,#3193,#4401,.T.);
#4401 = LINE('',#4402,#4403);
#4402 = CARTESIAN_POINT('',(-17.55599975585,21.151399612427,
    19.966800689697));
#4403 = VECTOR('',#4404,1.);
#4404 = DIRECTION('',(-0.707106781187,0.707106781187,0.));
#4405 = PLANE('',#4406);
#4406 = AXIS2_PLACEMENT_3D('',#4407,#4408,#4409);
#4407 = CARTESIAN_POINT('',(-18.67347120034,22.239452807095,
    20.02805788252));
#4408 = DIRECTION('',(-0.669554664975,-0.669554664975,-0.321547976545));
#4409 = DIRECTION('',(-0.707106781187,0.707106781187,0.));
#4410 = ADVANCED_FACE('',(#4411),#4421,.T.);
#4411 = FACE_BOUND('',#4412,.T.);
#4412 = EDGE_LOOP('',(#4413,#4414,#4420));
#4413 = ORIENTED_EDGE('',*,*,#4391,.F.);
#4414 = ORIENTED_EDGE('',*,*,#4415,.T.);
#4415 = EDGE_CURVE('',#4392,#3377,#4416,.T.);
#4416 = LINE('',#4417,#4418);
#4417 = CARTESIAN_POINT('',(-17.55599975585,21.151399612427,
    19.966800689697));
#4418 = VECTOR('',#4419,1.);
#4419 = DIRECTION('',(-0.226986766273,-0.227385931367,0.946980805589));
#4420 = ORIENTED_EDGE('',*,*,#3385,.F.);
#4421 = PLANE('',#4422);
#4422 = AXIS2_PLACEMENT_3D('',#4423,#4424,#4425);
#4423 = CARTESIAN_POINT('',(-18.61630764509,22.128150680852,
    20.140844467509));
#4424 = DIRECTION('',(-0.6696006196,-0.669632529082,-0.321290034435));
#4425 = DIRECTION('',(-0.707123628994,0.707089932977,2.775557561563E-17)
  );
#4426 = ADVANCED_FACE('',(#4427),#4444,.T.);
#4427 = FACE_BOUND('',#4428,.T.);
#4428 = EDGE_LOOP('',(#4429,#4437,#4443));
#4429 = ORIENTED_EDGE('',*,*,#4430,.T.);
#4430 = EDGE_CURVE('',#3493,#4431,#4433,.T.);
#4431 = VERTEX_POINT('',#4432);
#4432 = CARTESIAN_POINT('',(-16.12159919738,22.585699081421,
    18.439699172974));
#4433 = LINE('',#4434,#4435);
#4434 = CARTESIAN_POINT('',(-17.61240005493,21.094900131226,
    18.747900009155));
#4435 = VECTOR('',#4436,1.);
#4436 = DIRECTION('',(0.69967086509,0.699669969923,-0.144646513035));
#4437 = ORIENTED_EDGE('',*,*,#4438,.T.);
#4438 = EDGE_CURVE('',#4431,#3469,#4439,.T.);
#4439 = LINE('',#4440,#4441);
#4440 = CARTESIAN_POINT('',(-16.12159919738,22.585699081421,
    18.439699172974));
#4441 = VECTOR('',#4442,1.);
#4442 = DIRECTION('',(-0.683039121891,-0.682990984663,0.258806632132));
#4443 = ORIENTED_EDGE('',*,*,#3500,.F.);
#4444 = PLANE('',#4445);
#4445 = AXIS2_PLACEMENT_3D('',#4446,#4447,#4448);
#4446 = CARTESIAN_POINT('',(-16.89356330488,21.813761981618,
    18.664033084448));
#4447 = DIRECTION('',(0.707135674465,-0.707077829621,2.841776443117E-04)
  );
#4448 = DIRECTION('',(0.707077858172,0.707135703018,0.));
#4449 = ADVANCED_FACE('',(#4450),#4460,.T.);
#4450 = FACE_BOUND('',#4451,.T.);
#4451 = EDGE_LOOP('',(#4452,#4458,#4459));
#4452 = ORIENTED_EDGE('',*,*,#4453,.T.);
#4453 = EDGE_CURVE('',#3532,#4431,#4454,.T.);
#4454 = LINE('',#4455,#4456);
#4455 = CARTESIAN_POINT('',(-17.69020080566,21.017200469971,
    18.52499961853));
#4456 = VECTOR('',#4457,1.);
#4457 = DIRECTION('',(0.706607764097,0.70656136713,-3.842528070431E-02)
  );
#4458 = ORIENTED_EDGE('',*,*,#4430,.F.);
#4459 = ORIENTED_EDGE('',*,*,#3539,.F.);
#4460 = PLANE('',#4461);
#4461 = AXIS2_PLACEMENT_3D('',#4462,#4463,#4464);
#4462 = CARTESIAN_POINT('',(-16.92816057326,21.779165838962,
    18.54231021163));
#4463 = DIRECTION('',(0.707075408068,-0.707138089775,-2.988219803745E-04
    ));
#4464 = DIRECTION('',(-0.707138121347,-0.707075439637,0.));
#4465 = ADVANCED_FACE('',(#4466),#4483,.T.);
#4466 = FACE_BOUND('',#4467,.T.);
#4467 = EDGE_LOOP('',(#4468,#4469,#4477));
#4468 = ORIENTED_EDGE('',*,*,#4453,.F.);
#4469 = ORIENTED_EDGE('',*,*,#4470,.F.);
#4470 = EDGE_CURVE('',#4471,#3532,#4473,.T.);
#4471 = VERTEX_POINT('',#4472);
#4472 = CARTESIAN_POINT('',(-16.24060058593,22.466800689697,
    17.944299697876));
#4473 = LINE('',#4474,#4475);
#4474 = CARTESIAN_POINT('',(-16.24060058593,22.466800689697,
    17.944299697876));
#4475 = VECTOR('',#4476,1.);
#4476 = DIRECTION('',(-0.68033903573,-0.68033903573,0.272539158514));
#4477 = ORIENTED_EDGE('',*,*,#4478,.F.);
#4478 = EDGE_CURVE('',#4431,#4471,#4479,.T.);
#4479 = LINE('',#4480,#4481);
#4480 = CARTESIAN_POINT('',(-16.12159919738,22.585699081421,
    18.439699172974));
#4481 = VECTOR('',#4482,1.);
#4482 = DIRECTION('',(-0.227457214764,-0.227260348396,-0.946898067111));
#4483 = PLANE('',#4484);
#4484 = AXIS2_PLACEMENT_3D('',#4485,#4486,#4487);
#4485 = CARTESIAN_POINT('',(-16.85410791714,21.853264373938,
    18.342893156266));
#4486 = DIRECTION('',(0.707079912057,-0.707133636578,-1.341124304071E-04
    ));
#4487 = DIRECTION('',(-0.707133642937,-0.707079918415,1.355252715607E-20
    ));
#4488 = ADVANCED_FACE('',(#4489),#4506,.T.);
#4489 = FACE_BOUND('',#4490,.T.);
#4490 = EDGE_LOOP('',(#4491,#4499,#4500));
#4491 = ORIENTED_EDGE('',*,*,#4492,.T.);
#4492 = EDGE_CURVE('',#4493,#4471,#4495,.T.);
#4493 = VERTEX_POINT('',#4494);
#4494 = CARTESIAN_POINT('',(-17.7877998352,20.919599533081,
    18.318399429321));
#4495 = LINE('',#4496,#4497);
#4496 = CARTESIAN_POINT('',(-17.7877998352,20.919599533081,
    18.318399429321));
#4497 = VECTOR('',#4498,1.);
#4498 = DIRECTION('',(0.696992636984,0.69699349622,-0.168526942111));
#4499 = ORIENTED_EDGE('',*,*,#4470,.T.);
#4500 = ORIENTED_EDGE('',*,*,#4501,.F.);
#4501 = EDGE_CURVE('',#4493,#3532,#4502,.T.);
#4502 = LINE('',#4503,#4504);
#4503 = CARTESIAN_POINT('',(-17.7877998352,20.919599533081,
    18.318399429321));
#4504 = VECTOR('',#4505,1.);
#4505 = DIRECTION('',(0.39280701923,0.39281469574,0.831504215536));
#4506 = PLANE('',#4507);
#4507 = AXIS2_PLACEMENT_3D('',#4508,#4509,#4510);
#4508 = CARTESIAN_POINT('',(-17.03074963458,21.676651129211,
    18.194894772056));
#4509 = DIRECTION('',(0.707107880654,-0.707105681696,5.48925406504E-06)
  );
#4510 = DIRECTION('',(0.707105681707,0.707107880664,0.));
#4511 = ADVANCED_FACE('',(#4512),#4529,.T.);
#4512 = FACE_BOUND('',#4513,.T.);
#4513 = EDGE_LOOP('',(#4514,#4522,#4523));
#4514 = ORIENTED_EDGE('',*,*,#4515,.T.);
#4515 = EDGE_CURVE('',#4516,#4431,#4518,.T.);
#4516 = VERTEX_POINT('',#4517);
#4517 = CARTESIAN_POINT('',(-9.773750305176,16.,17.944299697876));
#4518 = LINE('',#4519,#4520);
#4519 = CARTESIAN_POINT('',(-9.773750305176,16.,17.944299697876));
#4520 = VECTOR('',#4521,1.);
#4521 = DIRECTION('',(-0.692970016552,0.718935198199,5.408083719185E-02)
  );
#4522 = ORIENTED_EDGE('',*,*,#4478,.T.);
#4523 = ORIENTED_EDGE('',*,*,#4524,.T.);
#4524 = EDGE_CURVE('',#4471,#4516,#4525,.T.);
#4525 = LINE('',#4526,#4527);
#4526 = CARTESIAN_POINT('',(-16.24060058593,22.466800689697,
    17.944299697876));
#4527 = VECTOR('',#4528,1.);
#4528 = DIRECTION('',(0.707109492417,-0.707104069946,0.));
#4529 = PLANE('',#4530);
#4530 = AXIS2_PLACEMENT_3D('',#4531,#4532,#4533);
#4531 = CARTESIAN_POINT('',(-13.06641867253,19.353817393135,
    18.071688719614));
#4532 = DIRECTION('',(-0.669555483681,-0.669560618209,0.32153387507));
#4533 = DIRECTION('',(-0.707109492417,0.707104069946,0.));
#4534 = ADVANCED_FACE('',(#4535),#4552,.T.);
#4535 = FACE_BOUND('',#4536,.T.);
#4536 = EDGE_LOOP('',(#4537,#4538,#4546));
#4537 = ORIENTED_EDGE('',*,*,#4515,.F.);
#4538 = ORIENTED_EDGE('',*,*,#4539,.F.);
#4539 = EDGE_CURVE('',#4540,#4516,#4542,.T.);
#4540 = VERTEX_POINT('',#4541);
#4541 = CARTESIAN_POINT('',(-9.535900115967,16.,18.439699172974));
#4542 = LINE('',#4543,#4544);
#4543 = CARTESIAN_POINT('',(-9.535900115967,16.,18.439699172974));
#4544 = VECTOR('',#4545,1.);
#4545 = DIRECTION('',(-0.43281749745,0.,-0.901481566035));
#4546 = ORIENTED_EDGE('',*,*,#4547,.F.);
#4547 = EDGE_CURVE('',#4431,#4540,#4548,.T.);
#4548 = LINE('',#4549,#4550);
#4549 = CARTESIAN_POINT('',(-16.12159919738,22.585699081421,
    18.439699172974));
#4550 = VECTOR('',#4551,1.);
#4551 = DIRECTION('',(0.707106781187,-0.707106781187,0.));
#4552 = PLANE('',#4553);
#4553 = AXIS2_PLACEMENT_3D('',#4554,#4555,#4556);
#4554 = CARTESIAN_POINT('',(-12.79432901189,19.197727597774,
    18.313269207352));
#4555 = DIRECTION('',(-0.66957247929,-0.66957247929,0.321473778019));
#4556 = DIRECTION('',(0.707106781187,-0.707106781187,0.));
#4557 = ADVANCED_FACE('',(#4558),#4575,.T.);
#4558 = FACE_BOUND('',#4559,.T.);
#4559 = EDGE_LOOP('',(#4560,#4568,#4569));
#4560 = ORIENTED_EDGE('',*,*,#4561,.T.);
#4561 = EDGE_CURVE('',#4562,#4431,#4564,.T.);
#4562 = VERTEX_POINT('',#4563);
#4563 = CARTESIAN_POINT('',(-9.391539573669,16.,18.952899932861));
#4564 = LINE('',#4565,#4566);
#4565 = CARTESIAN_POINT('',(-9.391539573669,16.,18.952899932861));
#4566 = VECTOR('',#4567,1.);
#4567 = DIRECTION('',(-0.713671582486,0.698363246093,-5.442103323298E-02
    ));
#4568 = ORIENTED_EDGE('',*,*,#4547,.T.);
#4569 = ORIENTED_EDGE('',*,*,#4570,.F.);
#4570 = EDGE_CURVE('',#4562,#4540,#4571,.T.);
#4571 = LINE('',#4572,#4573);
#4572 = CARTESIAN_POINT('',(-9.391539573669,16.,18.952899932861));
#4573 = VECTOR('',#4574,1.);
#4574 = DIRECTION('',(-0.270785258644,0.,-0.962639778786));
#4575 = PLANE('',#4576);
#4576 = AXIS2_PLACEMENT_3D('',#4577,#4578,#4579);
#4577 = CARTESIAN_POINT('',(-12.70037668081,19.201783112614,
    18.572323700146));
#4578 = DIRECTION('',(-0.693520868941,-0.693520868941,0.195083594102));
#4579 = DIRECTION('',(0.707106781187,-0.707106781187,-1.387778780781E-17
    ));
#4580 = ADVANCED_FACE('',(#4581),#4598,.T.);
#4581 = FACE_BOUND('',#4582,.T.);
#4582 = EDGE_LOOP('',(#4583,#4584,#4592));
#4583 = ORIENTED_EDGE('',*,*,#4561,.F.);
#4584 = ORIENTED_EDGE('',*,*,#4585,.F.);
#4585 = EDGE_CURVE('',#4586,#4562,#4588,.T.);
#4586 = VERTEX_POINT('',#4587);
#4587 = CARTESIAN_POINT('',(-16.04940032959,22.657899856567,
    18.952899932861));
#4588 = LINE('',#4589,#4590);
#4589 = CARTESIAN_POINT('',(-16.04940032959,22.657899856567,
    18.952899932861));
#4590 = VECTOR('',#4591,1.);
#4591 = DIRECTION('',(0.707104704822,-0.707108857545,0.));
#4592 = ORIENTED_EDGE('',*,*,#4593,.T.);
#4593 = EDGE_CURVE('',#4586,#4431,#4594,.T.);
#4594 = LINE('',#4595,#4596);
#4595 = CARTESIAN_POINT('',(-16.04940032959,22.657899856567,
    18.952899932861));
#4596 = VECTOR('',#4597,1.);
#4597 = DIRECTION('',(-0.137979050175,-0.137982695304,-0.980776507421));
#4598 = PLANE('',#4599);
#4599 = AXIS2_PLACEMENT_3D('',#4600,#4601,#4602);
#4600 = CARTESIAN_POINT('',(-12.82895238764,19.400330662256,
    18.821037468766));
#4601 = DIRECTION('',(-0.693515755673,-0.69351168278,0.195134421569));
#4602 = DIRECTION('',(0.707104704822,-0.707108857545,1.387778780781E-17)
  );
#4603 = ADVANCED_FACE('',(#4604),#4630,.T.);
#4604 = FACE_BOUND('',#4605,.T.);
#4605 = EDGE_LOOP('',(#4606,#4616,#4624));
#4606 = ORIENTED_EDGE('',*,*,#4607,.T.);
#4607 = EDGE_CURVE('',#4608,#4610,#4612,.T.);
#4608 = VERTEX_POINT('',#4609);
#4609 = CARTESIAN_POINT('',(-9.773750305176,16.,21.005699157715));
#4610 = VERTEX_POINT('',#4611);
#4611 = CARTESIAN_POINT('',(-16.40419960022,22.303199768066,
    21.47500038147));
#4612 = LINE('',#4613,#4614);
#4613 = CARTESIAN_POINT('',(-9.773750305176,16.,21.005699157715));
#4614 = VECTOR('',#4615,1.);
#4615 = DIRECTION('',(-0.723814409364,0.688090145058,5.123136803714E-02)
  );
#4616 = ORIENTED_EDGE('',*,*,#4617,.T.);
#4617 = EDGE_CURVE('',#4610,#4618,#4620,.T.);
#4618 = VERTEX_POINT('',#4619);
#4619 = CARTESIAN_POINT('',(-16.24060058593,22.466800689697,
    21.005699157715));
#4620 = LINE('',#4621,#4622);
#4621 = CARTESIAN_POINT('',(-16.40419960022,22.303199768066,
    21.47500038147));
#4622 = VECTOR('',#4623,1.);
#4623 = DIRECTION('',(0.312669089303,0.312672734612,-0.896924635421));
#4624 = ORIENTED_EDGE('',*,*,#4625,.T.);
#4625 = EDGE_CURVE('',#4618,#4608,#4626,.T.);
#4626 = LINE('',#4627,#4628);
#4627 = CARTESIAN_POINT('',(-16.24060058593,22.466800689697,
    21.005699157715));
#4628 = VECTOR('',#4629,1.);
#4629 = DIRECTION('',(0.707109492417,-0.707104069946,0.));
#4630 = PLANE('',#4631);
#4631 = AXIS2_PLACEMENT_3D('',#4632,#4633,#4634);
#4632 = CARTESIAN_POINT('',(-13.13909632343,19.281182479751,
    21.126377945658));
#4633 = DIRECTION('',(-0.634219060141,-0.634223923689,-0.442183444257));
#4634 = DIRECTION('',(-0.707109492417,0.707104069946,-2.775557561563E-17
    ));
#4635 = ADVANCED_FACE('',(#4636),#4653,.T.);
#4636 = FACE_BOUND('',#4637,.T.);
#4637 = EDGE_LOOP('',(#4638,#4639,#4647));
#4638 = ORIENTED_EDGE('',*,*,#4607,.F.);
#4639 = ORIENTED_EDGE('',*,*,#4640,.F.);
#4640 = EDGE_CURVE('',#4641,#4608,#4643,.T.);
#4641 = VERTEX_POINT('',#4642);
#4642 = CARTESIAN_POINT('',(-10.10099983215,16.,21.47500038147));
#4643 = LINE('',#4644,#4645);
#4644 = CARTESIAN_POINT('',(-10.10099983215,16.,21.47500038147));
#4645 = VECTOR('',#4646,1.);
#4646 = DIRECTION('',(0.57198180497,0.,-0.820266307234));
#4647 = ORIENTED_EDGE('',*,*,#4648,.F.);
#4648 = EDGE_CURVE('',#4610,#4641,#4649,.T.);
#4649 = LINE('',#4650,#4651);
#4650 = CARTESIAN_POINT('',(-16.40419960022,22.303199768066,
    21.47500038147));
#4651 = VECTOR('',#4652,1.);
#4652 = DIRECTION('',(0.707106781187,-0.707106781187,0.));
#4653 = PLANE('',#4654);
#4654 = AXIS2_PLACEMENT_3D('',#4655,#4656,#4657);
#4655 = CARTESIAN_POINT('',(-13.07049596618,19.054899651103,
    21.352525108713));
#4656 = DIRECTION('',(-0.634202696601,-0.634202696601,-0.442237356234));
#4657 = DIRECTION('',(0.707106781187,-0.707106781187,-2.775557561563E-17
    ));
#4658 = ADVANCED_FACE('',(#4659),#4676,.T.);
#4659 = FACE_BOUND('',#4660,.T.);
#4660 = EDGE_LOOP('',(#4661,#4669,#4675));
#4661 = ORIENTED_EDGE('',*,*,#4662,.T.);
#4662 = EDGE_CURVE('',#4641,#4663,#4665,.T.);
#4663 = VERTEX_POINT('',#4664);
#4664 = CARTESIAN_POINT('',(-16.60969924926,22.09760093689,
    21.909999847412));
#4665 = LINE('',#4666,#4667);
#4666 = CARTESIAN_POINT('',(-10.10099983215,16.,21.47500038147));
#4667 = VECTOR('',#4668,1.);
#4668 = DIRECTION('',(-0.728911512357,0.68287245052,4.871574154446E-02)
  );
#4669 = ORIENTED_EDGE('',*,*,#4670,.T.);
#4670 = EDGE_CURVE('',#4663,#4610,#4671,.T.);
#4671 = LINE('',#4672,#4673);
#4672 = CARTESIAN_POINT('',(-16.60969924926,22.09760093689,
    21.909999847412));
#4673 = VECTOR('',#4674,1.);
#4674 = DIRECTION('',(0.392783684205,0.392973256898,-0.831440314626));
#4675 = ORIENTED_EDGE('',*,*,#4648,.T.);
#4676 = PLANE('',#4677);
#4677 = AXIS2_PLACEMENT_3D('',#4678,#4679,#4680);
#4678 = CARTESIAN_POINT('',(-13.39525674096,19.188469219458,
    21.586938495045));
#4679 = DIRECTION('',(-0.587917089906,-0.587917089906,-0.55561406641));
#4680 = DIRECTION('',(-0.707106781187,0.707106781187,0.));
#4681 = ADVANCED_FACE('',(#4682),#4699,.T.);
#4682 = FACE_BOUND('',#4683,.T.);
#4683 = EDGE_LOOP('',(#4684,#4685,#4693));
#4684 = ORIENTED_EDGE('',*,*,#4662,.F.);
#4685 = ORIENTED_EDGE('',*,*,#4686,.F.);
#4686 = EDGE_CURVE('',#4687,#4641,#4689,.T.);
#4687 = VERTEX_POINT('',#4688);
#4688 = CARTESIAN_POINT('',(-10.51210021972,16.,21.909999847412));
#4689 = LINE('',#4690,#4691);
#4690 = CARTESIAN_POINT('',(-10.51210021972,16.,21.909999847412));
#4691 = VECTOR('',#4692,1.);
#4692 = DIRECTION('',(0.686859774923,0.,-0.726789962502));
#4693 = ORIENTED_EDGE('',*,*,#4694,.T.);
#4694 = EDGE_CURVE('',#4687,#4663,#4695,.T.);
#4695 = LINE('',#4696,#4697);
#4696 = CARTESIAN_POINT('',(-10.51210021972,16.,21.909999847412));
#4697 = VECTOR('',#4698,1.);
#4698 = DIRECTION('',(-0.707106670594,0.707106891779,0.));
#4699 = PLANE('',#4700);
#4700 = AXIS2_PLACEMENT_3D('',#4701,#4702,#4703);
#4701 = CARTESIAN_POINT('',(-13.35247096584,18.948268507323,
    21.795830489387));
#4702 = DIRECTION('',(-0.587916311404,-0.587916127502,-0.555615908528));
#4703 = DIRECTION('',(0.707106670594,-0.707106891779,2.775557561563E-17)
  );
#4704 = ADVANCED_FACE('',(#4705),#4722,.T.);
#4705 = FACE_BOUND('',#4706,.T.);
#4706 = EDGE_LOOP('',(#4707,#4715,#4716));
#4707 = ORIENTED_EDGE('',*,*,#4708,.T.);
#4708 = EDGE_CURVE('',#4709,#4663,#4711,.T.);
#4709 = VERTEX_POINT('',#4710);
#4710 = CARTESIAN_POINT('',(-11.,16.,22.303400039673));
#4711 = LINE('',#4712,#4713);
#4712 = CARTESIAN_POINT('',(-11.,16.,22.303400039673));
#4713 = VECTOR('',#4714,1.);
#4714 = DIRECTION('',(-0.676288526605,0.735108491596,-4.742714797501E-02
    ));
#4715 = ORIENTED_EDGE('',*,*,#4694,.F.);
#4716 = ORIENTED_EDGE('',*,*,#4717,.F.);
#4717 = EDGE_CURVE('',#4709,#4687,#4718,.T.);
#4718 = LINE('',#4719,#4720);
#4719 = CARTESIAN_POINT('',(-11.,16.,22.303400039673));
#4720 = VECTOR('',#4721,1.);
#4721 = DIRECTION('',(0.778465564623,0.,-0.62768731443));
#4722 = PLANE('',#4723);
#4723 = AXIS2_PLACEMENT_3D('',#4724,#4725,#4726);
#4724 = CARTESIAN_POINT('',(-13.57603784085,18.939889985741,
    22.01002187521));
#4725 = DIRECTION('',(-0.53163473494,-0.531634568643,-0.659339968475));
#4726 = DIRECTION('',(-0.778465564623,2.775557561563E-17,0.62768731443)
  );
#4727 = ADVANCED_FACE('',(#4728),#4745,.T.);
#4728 = FACE_BOUND('',#4729,.T.);
#4729 = EDGE_LOOP('',(#4730,#4731,#4739));
#4730 = ORIENTED_EDGE('',*,*,#4708,.F.);
#4731 = ORIENTED_EDGE('',*,*,#4732,.F.);
#4732 = EDGE_CURVE('',#4733,#4709,#4735,.T.);
#4733 = VERTEX_POINT('',#4734);
#4734 = CARTESIAN_POINT('',(-16.85370063781,21.853700637817,
    22.303400039673));
#4735 = LINE('',#4736,#4737);
#4736 = CARTESIAN_POINT('',(-16.85370063781,21.853700637817,
    22.303400039673));
#4737 = VECTOR('',#4738,1.);
#4738 = DIRECTION('',(0.707106781187,-0.707106781187,0.));
#4739 = ORIENTED_EDGE('',*,*,#4740,.T.);
#4740 = EDGE_CURVE('',#4733,#4663,#4741,.T.);
#4741 = LINE('',#4742,#4743);
#4742 = CARTESIAN_POINT('',(-16.85370063781,21.853700637817,
    22.303400039673));
#4743 = VECTOR('',#4744,1.);
#4744 = DIRECTION('',(0.466321345695,0.466128149331,-0.751843701145));
#4745 = PLANE('',#4746);
#4746 = AXIS2_PLACEMENT_3D('',#4747,#4748,#4749);
#4747 = CARTESIAN_POINT('',(-13.95350231561,19.079328219804,
    22.2019453078));
#4748 = DIRECTION('',(-0.531633784433,-0.531633784433,-0.659341367199));
#4749 = DIRECTION('',(-2.775557561563E-17,-0.778466763636,0.627685827396
    ));
#4750 = ADVANCED_FACE('',(#4751),#4768,.T.);
#4751 = FACE_BOUND('',#4752,.T.);
#4752 = EDGE_LOOP('',(#4753,#4761,#4762));
#4753 = ORIENTED_EDGE('',*,*,#4754,.T.);
#4754 = EDGE_CURVE('',#4755,#4733,#4757,.T.);
#4755 = VERTEX_POINT('',#4756);
#4756 = CARTESIAN_POINT('',(-14.99289989471,16.,25.13689994812));
#4757 = LINE('',#4758,#4759);
#4758 = CARTESIAN_POINT('',(-14.99289989471,16.,25.13689994812));
#4759 = VECTOR('',#4760,1.);
#4760 = DIRECTION('',(-0.275087316359,0.865368742567,-0.418884122122));
#4761 = ORIENTED_EDGE('',*,*,#4732,.T.);
#4762 = ORIENTED_EDGE('',*,*,#4763,.F.);
#4763 = EDGE_CURVE('',#4755,#4709,#4764,.T.);
#4764 = LINE('',#4765,#4766);
#4765 = CARTESIAN_POINT('',(-14.99289989471,16.,25.13689994812));
#4766 = VECTOR('',#4767,1.);
#4767 = DIRECTION('',(0.815523626848,0.,-0.578723780446));
#4768 = PLANE('',#4769);
#4769 = AXIS2_PLACEMENT_3D('',#4770,#4771,#4772);
#4770 = CARTESIAN_POINT('',(-14.37569334597,18.208144491037,
    23.131933101058));
#4771 = DIRECTION('',(-0.500891326007,-0.500891326007,-0.705844004764));
#4772 = DIRECTION('',(-0.815523626848,-5.551115123126E-17,0.578723780446
    ));
#4773 = ADVANCED_FACE('',(#4774),#4791,.T.);
#4774 = FACE_BOUND('',#4775,.T.);
#4775 = EDGE_LOOP('',(#4776,#4777,#4785));
#4776 = ORIENTED_EDGE('',*,*,#4754,.F.);
#4777 = ORIENTED_EDGE('',*,*,#4778,.F.);
#4778 = EDGE_CURVE('',#4779,#4755,#4781,.T.);
#4779 = VERTEX_POINT('',#4780);
#4780 = CARTESIAN_POINT('',(-18.85009956359,19.857200622559,
    25.13689994812));
#4781 = LINE('',#4782,#4783);
#4782 = CARTESIAN_POINT('',(-18.85009956359,19.857200622559,
    25.13689994812));
#4783 = VECTOR('',#4784,1.);
#4784 = DIRECTION('',(0.707106693772,-0.707106868601,0.));
#4785 = ORIENTED_EDGE('',*,*,#4786,.T.);
#4786 = EDGE_CURVE('',#4779,#4733,#4787,.T.);
#4787 = LINE('',#4788,#4789);
#4788 = CARTESIAN_POINT('',(-18.85009956359,19.857200622559,
    25.13689994812));
#4789 = VECTOR('',#4790,1.);
#4790 = DIRECTION('',(0.499094386283,0.499119658382,-0.708367390694));
#4791 = PLANE('',#4792);
#4792 = AXIS2_PLACEMENT_3D('',#4793,#4794,#4795);
#4793 = CARTESIAN_POINT('',(-16.73465008055,19.066752684424,
    24.196632531006));
#4794 = DIRECTION('',(-0.500891447533,-0.50089132369,-0.705843920169));
#4795 = DIRECTION('',(-0.815523527844,0.,0.578723919958));
#4796 = ADVANCED_FACE('',(#4797),#4814,.T.);
#4797 = FACE_BOUND('',#4798,.T.);
#4798 = EDGE_LOOP('',(#4799,#4807,#4808));
#4799 = ORIENTED_EDGE('',*,*,#4800,.T.);
#4800 = EDGE_CURVE('',#4801,#4608,#4803,.T.);
#4801 = VERTEX_POINT('',#4802);
#4802 = CARTESIAN_POINT('',(-16.12159919738,22.585699081421,
    20.510299682617));
#4803 = LINE('',#4804,#4805);
#4804 = CARTESIAN_POINT('',(-16.12159919738,22.585699081421,
    20.510299682617));
#4805 = VECTOR('',#4806,1.);
#4806 = DIRECTION('',(0.692970016552,-0.718935198199,5.408083719185E-02)
  );
#4807 = ORIENTED_EDGE('',*,*,#4625,.F.);
#4808 = ORIENTED_EDGE('',*,*,#4809,.T.);
#4809 = EDGE_CURVE('',#4618,#4801,#4810,.T.);
#4810 = LINE('',#4811,#4812);
#4811 = CARTESIAN_POINT('',(-16.24060058593,22.466800689697,
    21.005699157715));
#4812 = VECTOR('',#4813,1.);
#4813 = DIRECTION('',(0.227457214764,0.227260348396,-0.946898067111));
#4814 = PLANE('',#4815);
#4815 = AXIS2_PLACEMENT_3D('',#4816,#4817,#4818);
#4816 = CARTESIAN_POINT('',(-13.06641867253,19.353817393135,
    20.878310135977));
#4817 = DIRECTION('',(-0.669555483681,-0.669560618209,-0.32153387507));
#4818 = DIRECTION('',(-0.707109492417,0.707104069946,0.));
#4819 = ADVANCED_FACE('',(#4820),#4837,.T.);
#4820 = FACE_BOUND('',#4821,.T.);
#4821 = EDGE_LOOP('',(#4822,#4823,#4831));
#4822 = ORIENTED_EDGE('',*,*,#4800,.F.);
#4823 = ORIENTED_EDGE('',*,*,#4824,.F.);
#4824 = EDGE_CURVE('',#4825,#4801,#4827,.T.);
#4825 = VERTEX_POINT('',#4826);
#4826 = CARTESIAN_POINT('',(-9.535900115967,16.,20.510299682617));
#4827 = LINE('',#4828,#4829);
#4828 = CARTESIAN_POINT('',(-9.535900115967,16.,20.510299682617));
#4829 = VECTOR('',#4830,1.);
#4830 = DIRECTION('',(-0.707106781187,0.707106781187,0.));
#4831 = ORIENTED_EDGE('',*,*,#4832,.F.);
#4832 = EDGE_CURVE('',#4608,#4825,#4833,.T.);
#4833 = LINE('',#4834,#4835);
#4834 = CARTESIAN_POINT('',(-9.773750305176,16.,21.005699157715));
#4835 = VECTOR('',#4836,1.);
#4836 = DIRECTION('',(0.43281749745,0.,-0.901481566035));
#4837 = PLANE('',#4838);
#4838 = AXIS2_PLACEMENT_3D('',#4839,#4840,#4841);
#4839 = CARTESIAN_POINT('',(-12.79432901189,19.197727597774,
    20.636729648239));
#4840 = DIRECTION('',(-0.66957247929,-0.66957247929,-0.321473778019));
#4841 = DIRECTION('',(0.707106781187,-0.707106781187,2.775557561563E-17)
  );
#4842 = ADVANCED_FACE('',(#4843),#4860,.T.);
#4843 = FACE_BOUND('',#4844,.T.);
#4844 = EDGE_LOOP('',(#4845,#4853,#4854));
#4845 = ORIENTED_EDGE('',*,*,#4846,.T.);
#4846 = EDGE_CURVE('',#4847,#4586,#4849,.T.);
#4847 = VERTEX_POINT('',#4848);
#4848 = CARTESIAN_POINT('',(-9.343150138855,16.,19.47500038147));
#4849 = LINE('',#4850,#4851);
#4850 = CARTESIAN_POINT('',(-9.343150138855,16.,19.47500038147));
#4851 = VECTOR('',#4852,1.);
#4852 = DIRECTION('',(-0.708579756538,0.703471079253,-5.516492797635E-02
    ));
#4853 = ORIENTED_EDGE('',*,*,#4585,.T.);
#4854 = ORIENTED_EDGE('',*,*,#4855,.F.);
#4855 = EDGE_CURVE('',#4847,#4562,#4856,.T.);
#4856 = LINE('',#4857,#4858);
#4857 = CARTESIAN_POINT('',(-9.343150138855,16.,19.47500038147));
#4858 = VECTOR('',#4859,1.);
#4859 = DIRECTION('',(-9.228670816511E-02,0.,-0.995732475867));
#4860 = PLANE('',#4861);
#4861 = AXIS2_PLACEMENT_3D('',#4862,#4863,#4864);
#4862 = CARTESIAN_POINT('',(-12.61806210084,19.238996153852,
    19.0872795695));
#4863 = DIRECTION('',(-0.705595207177,-0.705591063343,6.539613856697E-02
    ));
#4864 = DIRECTION('',(0.707104704822,-0.707108857545,0.));
#4865 = ADVANCED_FACE('',(#4866),#4883,.T.);
#4866 = FACE_BOUND('',#4867,.T.);
#4867 = EDGE_LOOP('',(#4868,#4869,#4877));
#4868 = ORIENTED_EDGE('',*,*,#4846,.F.);
#4869 = ORIENTED_EDGE('',*,*,#4870,.T.);
#4870 = EDGE_CURVE('',#4847,#4871,#4873,.T.);
#4871 = VERTEX_POINT('',#4872);
#4872 = CARTESIAN_POINT('',(-16.02529907226,22.682100296021,
    19.47500038147));
#4873 = LINE('',#4874,#4875);
#4874 = CARTESIAN_POINT('',(-9.343150138855,16.,19.47500038147));
#4875 = VECTOR('',#4876,1.);
#4876 = DIRECTION('',(-0.707109354602,0.707104207762,0.));
#4877 = ORIENTED_EDGE('',*,*,#4878,.T.);
#4878 = EDGE_CURVE('',#4871,#4586,#4879,.T.);
#4879 = LINE('',#4880,#4881);
#4880 = CARTESIAN_POINT('',(-16.02529907226,22.682100296021,
    19.47500038147));
#4881 = VECTOR('',#4882,1.);
#4882 = DIRECTION('',(-4.60636496188E-02,-4.625321196291E-02,
    -0.997867115686));
#4883 = PLANE('',#4884);
#4884 = AXIS2_PLACEMENT_3D('',#4885,#4886,#4887);
#4885 = CARTESIAN_POINT('',(-12.78035113106,19.424766602123,
    19.340865092169));
#4886 = DIRECTION('',(-0.705596042605,-0.705601178467,6.527787991403E-02
    ));
#4887 = DIRECTION('',(-0.707109354602,0.707104207762,-6.938893903907E-18
    ));
#4888 = ADVANCED_FACE('',(#4889),#4906,.T.);
#4889 = FACE_BOUND('',#4890,.T.);
#4890 = EDGE_LOOP('',(#4891,#4899,#4905));
#4891 = ORIENTED_EDGE('',*,*,#4892,.T.);
#4892 = EDGE_CURVE('',#4847,#4893,#4895,.T.);
#4893 = VERTEX_POINT('',#4894);
#4894 = CARTESIAN_POINT('',(-16.04940032959,22.657899856567,
    19.997100830078));
#4895 = LINE('',#4896,#4897);
#4896 = CARTESIAN_POINT('',(-9.343150138855,16.,19.47500038147));
#4897 = VECTOR('',#4898,1.);
#4898 = DIRECTION('',(-0.708579756538,0.703471079253,5.516492797635E-02)
  );
#4899 = ORIENTED_EDGE('',*,*,#4900,.T.);
#4900 = EDGE_CURVE('',#4893,#4871,#4901,.T.);
#4901 = LINE('',#4902,#4903);
#4902 = CARTESIAN_POINT('',(-16.04940032959,22.657899856567,
    19.997100830078));
#4903 = VECTOR('',#4904,1.);
#4904 = DIRECTION('',(4.60636496188E-02,4.625321196291E-02,
    -0.997867115686));
#4905 = ORIENTED_EDGE('',*,*,#4870,.F.);
#4906 = PLANE('',#4907);
#4907 = AXIS2_PLACEMENT_3D('',#4908,#4909,#4910);
#4908 = CARTESIAN_POINT('',(-12.78035113106,19.424766602123,
    19.60913567077));
#4909 = DIRECTION('',(-0.705596042605,-0.705601178467,
    -6.527787991403E-02));
#4910 = DIRECTION('',(-0.707109354602,0.707104207762,6.938893903907E-18)
  );
#4911 = ADVANCED_FACE('',(#4912),#4929,.T.);
#4912 = FACE_BOUND('',#4913,.T.);
#4913 = EDGE_LOOP('',(#4914,#4915,#4923));
#4914 = ORIENTED_EDGE('',*,*,#4892,.F.);
#4915 = ORIENTED_EDGE('',*,*,#4916,.F.);
#4916 = EDGE_CURVE('',#4917,#4847,#4919,.T.);
#4917 = VERTEX_POINT('',#4918);
#4918 = CARTESIAN_POINT('',(-9.391539573669,16.,19.997100830078));
#4919 = LINE('',#4920,#4921);
#4920 = CARTESIAN_POINT('',(-9.391539573669,16.,19.997100830078));
#4921 = VECTOR('',#4922,1.);
#4922 = DIRECTION('',(9.228670816511E-02,0.,-0.995732475867));
#4923 = ORIENTED_EDGE('',*,*,#4924,.F.);
#4924 = EDGE_CURVE('',#4893,#4917,#4925,.T.);
#4925 = LINE('',#4926,#4927);
#4926 = CARTESIAN_POINT('',(-16.04940032959,22.657899856567,
    19.997100830078));
#4927 = VECTOR('',#4928,1.);
#4928 = DIRECTION('',(0.707104704822,-0.707108857545,0.));
#4929 = PLANE('',#4930);
#4930 = AXIS2_PLACEMENT_3D('',#4931,#4932,#4933);
#4931 = CARTESIAN_POINT('',(-12.61806210084,19.238996153852,
    19.862721193439));
#4932 = DIRECTION('',(-0.705595207177,-0.705591063343,
    -6.539613856697E-02));
#4933 = DIRECTION('',(0.707104704822,-0.707108857545,0.));
#4934 = ADVANCED_FACE('',(#4935),#4950,.T.);
#4935 = FACE_BOUND('',#4936,.T.);
#4936 = EDGE_LOOP('',(#4937,#4943,#4949));
#4937 = ORIENTED_EDGE('',*,*,#4938,.T.);
#4938 = EDGE_CURVE('',#4917,#4801,#4939,.T.);
#4939 = LINE('',#4940,#4941);
#4940 = CARTESIAN_POINT('',(-9.391539573669,16.,19.997100830078));
#4941 = VECTOR('',#4942,1.);
#4942 = DIRECTION('',(-0.713671590342,0.69836325378,5.44208315722E-02));
#4943 = ORIENTED_EDGE('',*,*,#4944,.T.);
#4944 = EDGE_CURVE('',#4801,#4893,#4945,.T.);
#4945 = LINE('',#4946,#4947);
#4946 = CARTESIAN_POINT('',(-16.12159919738,22.585699081421,
    20.510299682617));
#4947 = VECTOR('',#4948,1.);
#4948 = DIRECTION('',(0.13797954346,0.137983188601,-0.980776368623));
#4949 = ORIENTED_EDGE('',*,*,#4924,.T.);
#4950 = PLANE('',#4951);
#4951 = AXIS2_PLACEMENT_3D('',#4952,#4953,#4954);
#4952 = CARTESIAN_POINT('',(-12.82895207351,19.4003303517,
    20.128962791381));
#4953 = DIRECTION('',(-0.693515657528,-0.693511584635,-0.195135119188));
#4954 = DIRECTION('',(0.707104704822,-0.707108857545,0.));
#4955 = ADVANCED_FACE('',(#4956),#4966,.T.);
#4956 = FACE_BOUND('',#4957,.T.);
#4957 = EDGE_LOOP('',(#4958,#4959,#4965));
#4958 = ORIENTED_EDGE('',*,*,#4938,.F.);
#4959 = ORIENTED_EDGE('',*,*,#4960,.F.);
#4960 = EDGE_CURVE('',#4825,#4917,#4961,.T.);
#4961 = LINE('',#4962,#4963);
#4962 = CARTESIAN_POINT('',(-9.535900115967,16.,20.510299682617));
#4963 = VECTOR('',#4964,1.);
#4964 = DIRECTION('',(0.270786191247,0.,-0.962639516449));
#4965 = ORIENTED_EDGE('',*,*,#4824,.T.);
#4966 = PLANE('',#4967);
#4967 = AXIS2_PLACEMENT_3D('',#4968,#4969,#4970);
#4968 = CARTESIAN_POINT('',(-12.70037698879,19.201783417087,
    20.377675660829));
#4969 = DIRECTION('',(-0.693520770846,-0.693520770846,-0.195084291554));
#4970 = DIRECTION('',(0.707106781187,-0.707106781187,-1.387778780781E-17
    ));
#4971 = ADVANCED_FACE('',(#4972),#4989,.T.);
#4972 = FACE_BOUND('',#4973,.T.);
#4973 = EDGE_LOOP('',(#4974,#4982,#4983));
#4974 = ORIENTED_EDGE('',*,*,#4975,.T.);
#4975 = EDGE_CURVE('',#4976,#4871,#4978,.T.);
#4976 = VERTEX_POINT('',#4977);
#4977 = CARTESIAN_POINT('',(-17.52169990539,21.185699462891,
    19.722999572754));
#4978 = LINE('',#4979,#4980);
#4979 = CARTESIAN_POINT('',(-17.52169990539,21.185699462891,
    19.722999572754));
#4980 = VECTOR('',#4981,1.);
#4981 = DIRECTION('',(0.702300774724,0.702300774724,-0.116392627105));
#4982 = ORIENTED_EDGE('',*,*,#4900,.F.);
#4983 = ORIENTED_EDGE('',*,*,#4984,.T.);
#4984 = EDGE_CURVE('',#4893,#4976,#4985,.T.);
#4985 = LINE('',#4986,#4987);
#4986 = CARTESIAN_POINT('',(-16.04940032959,22.657899856567,
    19.997100830078));
#4987 = VECTOR('',#4988,1.);
#4988 = DIRECTION('',(-0.701081400966,-0.7010341723,-0.130521869767));
#4989 = PLANE('',#4990);
#4990 = AXIS2_PLACEMENT_3D('',#4991,#4992,#4993);
#4991 = CARTESIAN_POINT('',(-16.69780299158,22.009569012173,
    19.729401166318));
#4992 = DIRECTION('',(0.707095557563,-0.707117991676,-1.353650591913E-04
    ));
#4993 = DIRECTION('',(-0.707117998154,-0.707095564041,1.355252715607E-20
    ));
#4994 = ADVANCED_FACE('',(#4995),#5010,.T.);
#4995 = FACE_BOUND('',#4996,.T.);
#4996 = EDGE_LOOP('',(#4997,#5003,#5004));
#4997 = ORIENTED_EDGE('',*,*,#4998,.T.);
#4998 = EDGE_CURVE('',#4392,#4893,#4999,.T.);
#4999 = LINE('',#5000,#5001);
#5000 = CARTESIAN_POINT('',(-17.55599975585,21.151399612427,
    19.966800689697));
#5001 = VECTOR('',#5002,1.);
#5002 = DIRECTION('',(0.707058558321,0.707012011394,1.422008610986E-02)
  );
#5003 = ORIENTED_EDGE('',*,*,#4944,.F.);
#5004 = ORIENTED_EDGE('',*,*,#5005,.T.);
#5005 = EDGE_CURVE('',#4801,#4392,#5006,.T.);
#5006 = LINE('',#5007,#5008);
#5007 = CARTESIAN_POINT('',(-16.12159919738,22.585699081421,
    20.510299682617));
#5008 = VECTOR('',#5009,1.);
#5009 = DIRECTION('',(-0.683039282447,-0.682991145207,-0.258805784718));
#5010 = PLANE('',#5011);
#5011 = AXIS2_PLACEMENT_3D('',#5012,#5013,#5014);
#5012 = CARTESIAN_POINT('',(-16.73970769305,21.967636099692,
    20.12520880457));
#5013 = DIRECTION('',(0.707083596987,-0.707129964567,-9.151287370076E-06
    ));
#5014 = DIRECTION('',(-0.707129964597,-0.707083597016,8.470329472543E-22
    ));
#5015 = ADVANCED_FACE('',(#5016),#5033,.T.);
#5016 = FACE_BOUND('',#5017,.T.);
#5017 = EDGE_LOOP('',(#5018,#5019,#5027));
#5018 = ORIENTED_EDGE('',*,*,#4975,.F.);
#5019 = ORIENTED_EDGE('',*,*,#5020,.F.);
#5020 = EDGE_CURVE('',#5021,#4976,#5023,.T.);
#5021 = VERTEX_POINT('',#5022);
#5022 = CARTESIAN_POINT('',(-17.51020050048,21.197200775146,
    19.47500038147));
#5023 = LINE('',#5024,#5025);
#5024 = CARTESIAN_POINT('',(-17.51020050048,21.197200775146,
    19.47500038147));
#5025 = VECTOR('',#5026,1.);
#5026 = DIRECTION('',(-4.626932788541E-02,-4.627700234683E-02,
    0.997856496873));
#5027 = ORIENTED_EDGE('',*,*,#5028,.T.);
#5028 = EDGE_CURVE('',#5021,#4871,#5029,.T.);
#5029 = LINE('',#5030,#5031);
#5030 = CARTESIAN_POINT('',(-17.51020050048,21.197200775146,
    19.47500038147));
#5031 = VECTOR('',#5032,1.);
#5032 = DIRECTION('',(0.707107235324,0.707106327049,0.));
#5033 = PLANE('',#5034);
#5034 = AXIS2_PLACEMENT_3D('',#5035,#5036,#5037);
#5035 = CARTESIAN_POINT('',(-16.81199924657,21.895400621736,
    19.540865852301));
#5036 = DIRECTION('',(0.707106327038,-0.707107235314,-5.480439843767E-06
    ));
#5037 = DIRECTION('',(-0.707107235324,-0.707106327049,0.));
#5038 = ADVANCED_FACE('',(#5039),#5054,.T.);
#5039 = FACE_BOUND('',#5040,.T.);
#5040 = EDGE_LOOP('',(#5041,#5047,#5048));
#5041 = ORIENTED_EDGE('',*,*,#5042,.T.);
#5042 = EDGE_CURVE('',#3401,#4801,#5043,.T.);
#5043 = LINE('',#5044,#5045);
#5044 = CARTESIAN_POINT('',(-17.69020080566,21.017200469971,
    20.424999237061));
#5045 = VECTOR('',#5046,1.);
#5046 = DIRECTION('',(0.706607764097,0.70656136713,3.842528070431E-02));
#5047 = ORIENTED_EDGE('',*,*,#4809,.F.);
#5048 = ORIENTED_EDGE('',*,*,#5049,.T.);
#5049 = EDGE_CURVE('',#4618,#3401,#5050,.T.);
#5050 = LINE('',#5051,#5052);
#5051 = CARTESIAN_POINT('',(-16.24060058593,22.466800689697,
    21.005699157715));
#5052 = VECTOR('',#5053,1.);
#5053 = DIRECTION('',(-0.68033903573,-0.68033903573,-0.272539158514));
#5054 = PLANE('',#5055);
#5055 = AXIS2_PLACEMENT_3D('',#5056,#5057,#5058);
#5056 = CARTESIAN_POINT('',(-16.85410791714,21.853264373938,
    20.607105699325));
#5057 = DIRECTION('',(0.707079912057,-0.707133636578,1.341124304071E-04)
  );
#5058 = DIRECTION('',(-0.707133642937,-0.707079918415,
    -1.355252715607E-20));
#5059 = ADVANCED_FACE('',(#5060),#5077,.T.);
#5060 = FACE_BOUND('',#5061,.T.);
#5061 = EDGE_LOOP('',(#5062,#5070,#5071));
#5062 = ORIENTED_EDGE('',*,*,#5063,.T.);
#5063 = EDGE_CURVE('',#5064,#4871,#5066,.T.);
#5064 = VERTEX_POINT('',#5065);
#5065 = CARTESIAN_POINT('',(-17.52169990539,21.185699462891,
    19.226999282837));
#5066 = LINE('',#5067,#5068);
#5067 = CARTESIAN_POINT('',(-17.52169990539,21.185699462891,
    19.226999282837));
#5068 = VECTOR('',#5069,1.);
#5069 = DIRECTION('',(0.70230070155,0.70230070155,0.116393510147));
#5070 = ORIENTED_EDGE('',*,*,#5028,.F.);
#5071 = ORIENTED_EDGE('',*,*,#5072,.F.);
#5072 = EDGE_CURVE('',#5064,#5021,#5073,.T.);
#5073 = LINE('',#5074,#5075);
#5074 = CARTESIAN_POINT('',(-17.52169990539,21.185699462891,
    19.226999282837));
#5075 = VECTOR('',#5076,1.);
#5076 = DIRECTION('',(4.626897355709E-02,4.627664795973E-02,
    0.997856529737));
#5077 = PLANE('',#5078);
#5078 = AXIS2_PLACEMENT_3D('',#5079,#5080,#5081);
#5079 = CARTESIAN_POINT('',(-16.81199954377,21.895400324529,
    19.409134376487));
#5080 = DIRECTION('',(0.707106327038,-0.707107235314,5.480397695218E-06)
  );
#5081 = DIRECTION('',(-0.707107235324,-0.707106327049,0.));
#5082 = ADVANCED_FACE('',(#5083),#5100,.T.);
#5083 = FACE_BOUND('',#5084,.T.);
#5084 = EDGE_LOOP('',(#5085,#5093,#5094));
#5085 = ORIENTED_EDGE('',*,*,#5086,.T.);
#5086 = EDGE_CURVE('',#5087,#4618,#5089,.T.);
#5087 = VERTEX_POINT('',#5088);
#5088 = CARTESIAN_POINT('',(-17.7877998352,20.919599533081,
    20.63159942627));
#5089 = LINE('',#5090,#5091);
#5090 = CARTESIAN_POINT('',(-17.7877998352,20.919599533081,
    20.63159942627));
#5091 = VECTOR('',#5092,1.);
#5092 = DIRECTION('',(0.696992636984,0.69699349622,0.168526942111));
#5093 = ORIENTED_EDGE('',*,*,#4617,.F.);
#5094 = ORIENTED_EDGE('',*,*,#5095,.T.);
#5095 = EDGE_CURVE('',#4610,#5087,#5096,.T.);
#5096 = LINE('',#5097,#5098);
#5097 = CARTESIAN_POINT('',(-16.40419960022,22.303199768066,
    21.47500038147));
#5098 = VECTOR('',#5099,1.);
#5099 = DIRECTION('',(-0.649354020794,-0.649354020794,-0.395826617799));
#5100 = PLANE('',#5101);
#5101 = AXIS2_PLACEMENT_3D('',#5102,#5103,#5104);
#5102 = CARTESIAN_POINT('',(-16.97569213384,21.731707771184,
    20.966506709383));
#5103 = DIRECTION('',(0.707107503581,-0.707106058787,-2.370185527939E-06
    ));
#5104 = DIRECTION('',(0.707106058789,0.707107503583,-2.117582368136E-22)
  );
#5105 = ADVANCED_FACE('',(#5106),#5116,.T.);
#5106 = FACE_BOUND('',#5107,.T.);
#5107 = EDGE_LOOP('',(#5108,#5109,#5115));
#5108 = ORIENTED_EDGE('',*,*,#5063,.F.);
#5109 = ORIENTED_EDGE('',*,*,#5110,.T.);
#5110 = EDGE_CURVE('',#5064,#4586,#5111,.T.);
#5111 = LINE('',#5112,#5113);
#5112 = CARTESIAN_POINT('',(-17.52169990539,21.185699462891,
    19.226999282837));
#5113 = VECTOR('',#5114,1.);
#5114 = DIRECTION('',(0.701081484076,0.701034255404,-0.130520976996));
#5115 = ORIENTED_EDGE('',*,*,#4878,.F.);
#5116 = PLANE('',#5117);
#5117 = AXIS2_PLACEMENT_3D('',#5118,#5119,#5120);
#5118 = CARTESIAN_POINT('',(-16.69780299052,22.009569013236,
    19.220598760839));
#5119 = DIRECTION('',(0.707095557476,-0.707117991763,1.353650672342E-04)
  );
#5120 = DIRECTION('',(-0.707117998241,-0.707095563954,0.));
#5121 = ADVANCED_FACE('',(#5122),#5137,.T.);
#5122 = FACE_BOUND('',#5123,.T.);
#5123 = EDGE_LOOP('',(#5124,#5130,#5131));
#5124 = ORIENTED_EDGE('',*,*,#5125,.T.);
#5125 = EDGE_CURVE('',#3339,#4610,#5126,.T.);
#5126 = LINE('',#5127,#5128);
#5127 = CARTESIAN_POINT('',(-17.90369987487,20.803699493408,
    20.818500518799));
#5128 = VECTOR('',#5129,1.);
#5129 = DIRECTION('',(0.675478382711,0.675478382711,0.295732833786));
#5130 = ORIENTED_EDGE('',*,*,#4670,.F.);
#5131 = ORIENTED_EDGE('',*,*,#5132,.T.);
#5132 = EDGE_CURVE('',#4663,#3339,#5133,.T.);
#5133 = LINE('',#5134,#5135);
#5134 = CARTESIAN_POINT('',(-16.60969924926,22.09760093689,
    21.909999847412));
#5135 = VECTOR('',#5136,1.);
#5136 = DIRECTION('',(-0.607305297278,-0.607258748744,-0.512266618055));
#5137 = PLANE('',#5138);
#5138 = AXIS2_PLACEMENT_3D('',#5139,#5140,#5141);
#5139 = CARTESIAN_POINT('',(-17.12941640765,21.577955957101,
    21.300420772593));
#5140 = DIRECTION('',(0.70713601743,-0.707077531115,-1.335876068028E-04)
  );
#5141 = DIRECTION('',(0.707077537424,0.70713602374,-1.355252715607E-20)
  );
#5142 = ADVANCED_FACE('',(#5143),#5158,.T.);
#5143 = FACE_BOUND('',#5144,.T.);
#5144 = EDGE_LOOP('',(#5145,#5151,#5152));
#5145 = ORIENTED_EDGE('',*,*,#5146,.T.);
#5146 = EDGE_CURVE('',#3469,#4586,#5147,.T.);
#5147 = LINE('',#5148,#5149);
#5148 = CARTESIAN_POINT('',(-17.55599975585,21.151399612427,
    18.983200073242));
#5149 = VECTOR('',#5150,1.);
#5150 = DIRECTION('',(0.707058558321,0.707012011394,-1.422008610986E-02)
  );
#5151 = ORIENTED_EDGE('',*,*,#5110,.F.);
#5152 = ORIENTED_EDGE('',*,*,#5153,.F.);
#5153 = EDGE_CURVE('',#3469,#5064,#5154,.T.);
#5154 = LINE('',#5155,#5156);
#5155 = CARTESIAN_POINT('',(-17.55599975585,21.151399612427,
    18.983200073242));
#5156 = VECTOR('',#5157,1.);
#5157 = DIRECTION('',(0.137984265239,0.137984265239,0.980775552863));
#5158 = PLANE('',#5159);
#5159 = AXIS2_PLACEMENT_3D('',#5160,#5161,#5162);
#5160 = CARTESIAN_POINT('',(-16.83551125081,21.871841278386,
    19.032804330488));
#5161 = DIRECTION('',(0.707083570649,-0.707129990933,6.530820179528E-06)
  );
#5162 = DIRECTION('',(-0.707129990948,-0.707083570664,0.));
#5163 = ADVANCED_FACE('',(#5164),#5174,.T.);
#5164 = FACE_BOUND('',#5165,.T.);
#5165 = EDGE_LOOP('',(#5166,#5167,#5168));
#5166 = ORIENTED_EDGE('',*,*,#5132,.F.);
#5167 = ORIENTED_EDGE('',*,*,#4740,.F.);
#5168 = ORIENTED_EDGE('',*,*,#5169,.T.);
#5169 = EDGE_CURVE('',#4733,#3339,#5170,.T.);
#5170 = LINE('',#5171,#5172);
#5171 = CARTESIAN_POINT('',(-16.85370063781,21.853700637817,
    22.303400039673));
#5172 = VECTOR('',#5173,1.);
#5173 = DIRECTION('',(-0.50000375306,-0.500004661328,-0.707100831265));
#5174 = PLANE('',#5175);
#5175 = AXIS2_PLACEMENT_3D('',#5176,#5177,#5178);
#5176 = CARTESIAN_POINT('',(-17.25280695314,21.454565256367,
    21.532857505495));
#5177 = DIRECTION('',(0.707038665532,-0.707174883596,9.723061474505E-05)
  );
#5178 = DIRECTION('',(-0.707174886939,-0.707038668874,6.776263578034E-21
    ));
#5179 = ADVANCED_FACE('',(#5180),#5185,.T.);
#5180 = FACE_BOUND('',#5181,.T.);
#5181 = EDGE_LOOP('',(#5182,#5183,#5184));
#5182 = ORIENTED_EDGE('',*,*,#5146,.F.);
#5183 = ORIENTED_EDGE('',*,*,#4438,.F.);
#5184 = ORIENTED_EDGE('',*,*,#4593,.F.);
#5185 = PLANE('',#5186);
#5186 = AXIS2_PLACEMENT_3D('',#5187,#5188,#5189);
#5187 = CARTESIAN_POINT('',(-16.73970744592,21.96763634681,
    18.824791369807));
#5188 = DIRECTION('',(0.707083596986,-0.707129964567,9.151253455091E-06)
  );
#5189 = DIRECTION('',(-0.707129964597,-0.707083597016,0.));
#5190 = ADVANCED_FACE('',(#5191),#5201,.T.);
#5191 = FACE_BOUND('',#5192,.T.);
#5192 = EDGE_LOOP('',(#5193,#5194,#5200));
#5193 = ORIENTED_EDGE('',*,*,#4998,.F.);
#5194 = ORIENTED_EDGE('',*,*,#5195,.F.);
#5195 = EDGE_CURVE('',#4976,#4392,#5196,.T.);
#5196 = LINE('',#5197,#5198);
#5197 = CARTESIAN_POINT('',(-17.52169990539,21.185699462891,
    19.722999572754));
#5198 = VECTOR('',#5199,1.);
#5199 = DIRECTION('',(-0.137983226842,-0.137983226842,0.980775845043));
#5200 = ORIENTED_EDGE('',*,*,#4984,.F.);
#5201 = PLANE('',#5202);
#5202 = AXIS2_PLACEMENT_3D('',#5203,#5204,#5205);
#5203 = CARTESIAN_POINT('',(-16.83551154176,21.871840987456,
    19.917195899059));
#5204 = DIRECTION('',(0.707083570648,-0.707129990933,-6.53076923121E-06)
  );
#5205 = DIRECTION('',(-0.707129990948,-0.707083570663,0.));
#5206 = ADVANCED_FACE('',(#5207),#5217,.T.);
#5207 = FACE_BOUND('',#5208,.T.);
#5208 = EDGE_LOOP('',(#5209,#5215,#5216));
#5209 = ORIENTED_EDGE('',*,*,#5210,.T.);
#5210 = EDGE_CURVE('',#4801,#3377,#5211,.T.);
#5211 = LINE('',#5212,#5213);
#5212 = CARTESIAN_POINT('',(-16.12159919738,22.585699081421,
    20.510299682617));
#5213 = VECTOR('',#5214,1.);
#5214 = DIRECTION('',(-0.699670955685,-0.699670060517,-0.144645636596));
#5215 = ORIENTED_EDGE('',*,*,#4415,.F.);
#5216 = ORIENTED_EDGE('',*,*,#5005,.F.);
#5217 = PLANE('',#5218);
#5218 = AXIS2_PLACEMENT_3D('',#5219,#5220,#5221);
#5219 = CARTESIAN_POINT('',(-16.89356331255,21.813761973946,
    20.285966778619));
#5220 = DIRECTION('',(0.707135674292,-0.707077829794,-2.841777274183E-04
    ));
#5221 = DIRECTION('',(0.707077858345,0.707135702845,0.));
#5222 = ADVANCED_FACE('',(#5223),#5228,.T.);
#5223 = FACE_BOUND('',#5224,.T.);
#5224 = EDGE_LOOP('',(#5225,#5226,#5227));
#5225 = ORIENTED_EDGE('',*,*,#5042,.F.);
#5226 = ORIENTED_EDGE('',*,*,#3400,.F.);
#5227 = ORIENTED_EDGE('',*,*,#5210,.F.);
#5228 = PLANE('',#5229);
#5229 = AXIS2_PLACEMENT_3D('',#5230,#5231,#5232);
#5230 = CARTESIAN_POINT('',(-16.92816030797,21.77916610424,
    20.407689175421));
#5231 = DIRECTION('',(0.707075407999,-0.707138089843,2.988244898047E-04)
  );
#5232 = DIRECTION('',(-0.707138121415,-0.707075439569,2.710505431214E-20
    ));
#5233 = ADVANCED_FACE('',(#5234),#5244,.T.);
#5234 = FACE_BOUND('',#5235,.T.);
#5235 = EDGE_LOOP('',(#5236,#5237,#5243));
#5236 = ORIENTED_EDGE('',*,*,#5086,.F.);
#5237 = ORIENTED_EDGE('',*,*,#5238,.F.);
#5238 = EDGE_CURVE('',#3401,#5087,#5239,.T.);
#5239 = LINE('',#5240,#5241);
#5240 = CARTESIAN_POINT('',(-17.69020080566,21.017200469971,
    20.424999237061));
#5241 = VECTOR('',#5242,1.);
#5242 = DIRECTION('',(-0.39280701923,-0.39281469574,0.831504215536));
#5243 = ORIENTED_EDGE('',*,*,#5049,.F.);
#5244 = PLANE('',#5245);
#5245 = AXIS2_PLACEMENT_3D('',#5246,#5247,#5248);
#5246 = CARTESIAN_POINT('',(-17.03074963458,21.676651129211,
    20.755104083535));
#5247 = DIRECTION('',(0.707107880654,-0.707105681696,-5.489254072266E-06
    ));
#5248 = DIRECTION('',(0.707105681707,0.707107880664,4.235164736272E-22)
  );
#5249 = ADVANCED_FACE('',(#5250),#5260,.T.);
#5250 = FACE_BOUND('',#5251,.T.);
#5251 = EDGE_LOOP('',(#5252,#5253,#5259));
#5252 = ORIENTED_EDGE('',*,*,#5125,.F.);
#5253 = ORIENTED_EDGE('',*,*,#5254,.F.);
#5254 = EDGE_CURVE('',#5087,#3339,#5255,.T.);
#5255 = LINE('',#5256,#5257);
#5256 = CARTESIAN_POINT('',(-17.7877998352,20.919599533081,
    20.63159942627));
#5257 = VECTOR('',#5258,1.);
#5258 = DIRECTION('',(-0.466227171743,-0.466227171743,0.75184070697));
#5259 = ORIENTED_EDGE('',*,*,#5095,.F.);
#5260 = PLANE('',#5261);
#5261 = AXIS2_PLACEMENT_3D('',#5262,#5263,#5264);
#5262 = CARTESIAN_POINT('',(-17.16449486149,21.542904506787,
    21.080663504085));
#5263 = DIRECTION('',(0.707106781187,-0.707106781187,-6.690682759089E-15
    ));
#5264 = DIRECTION('',(0.707106781187,0.707106781187,0.));
#5265 = ADVANCED_FACE('',(#5266),#5281,.T.);
#5266 = FACE_BOUND('',#5267,.T.);
#5267 = EDGE_LOOP('',(#5268,#5274,#5275));
#5268 = ORIENTED_EDGE('',*,*,#5269,.T.);
#5269 = EDGE_CURVE('',#3331,#4733,#5270,.T.);
#5270 = LINE('',#5271,#5272);
#5271 = CARTESIAN_POINT('',(-18.85009956359,19.857200622559,
    22.166999816895));
#5272 = VECTOR('',#5273,1.);
#5273 = DIRECTION('',(0.706265180674,0.706300943055,4.825424755568E-02)
  );
#5274 = ORIENTED_EDGE('',*,*,#4786,.F.);
#5275 = ORIENTED_EDGE('',*,*,#5276,.T.);
#5276 = EDGE_CURVE('',#4779,#3331,#5277,.T.);
#5277 = LINE('',#5278,#5279);
#5278 = CARTESIAN_POINT('',(-18.85009956359,19.857200622559,
    25.13689994812));
#5279 = VECTOR('',#5280,1.);
#5280 = DIRECTION('',(0.,0.,-1.));
#5281 = PLANE('',#5282);
#5282 = AXIS2_PLACEMENT_3D('',#5283,#5284,#5285);
#5283 = CARTESIAN_POINT('',(-18.15450917746,20.552826230546,
    23.271010975383));
#5284 = DIRECTION('',(0.707124683005,-0.707088878915,0.));
#5285 = DIRECTION('',(0.707088878915,0.707124683005,0.));
#5286 = ADVANCED_FACE('',(#5287),#5292,.T.);
#5287 = FACE_BOUND('',#5288,.T.);
#5288 = EDGE_LOOP('',(#5289,#5290,#5291));
#5289 = ORIENTED_EDGE('',*,*,#5269,.F.);
#5290 = ORIENTED_EDGE('',*,*,#3346,.F.);
#5291 = ORIENTED_EDGE('',*,*,#5169,.F.);
#5292 = PLANE('',#5293);
#5293 = AXIS2_PLACEMENT_3D('',#5294,#5295,#5296);
#5294 = CARTESIAN_POINT('',(-17.85245460362,20.854911116765,
    21.821153122252));
#5295 = DIRECTION('',(0.707125558923,-0.707088002487,-2.564858127986E-05
    ));
#5296 = DIRECTION('',(0.707088002719,0.707125559155,1.694065894509E-21)
  );
#5297 = ADVANCED_FACE('',(#5298),#5308,.T.);
#5298 = FACE_BOUND('',#5299,.T.);
#5299 = EDGE_LOOP('',(#5300,#5306,#5307));
#5300 = ORIENTED_EDGE('',*,*,#5301,.T.);
#5301 = EDGE_CURVE('',#2299,#2345,#5302,.T.);
#5302 = LINE('',#5303,#5304);
#5303 = CARTESIAN_POINT('',(-21.09760093689,17.609699249268,
    21.909999847412));
#5304 = VECTOR('',#5305,1.);
#5305 = DIRECTION('',(0.607258748744,0.607305297278,-0.512266618055));
#5306 = ORIENTED_EDGE('',*,*,#2344,.F.);
#5307 = ORIENTED_EDGE('',*,*,#2306,.F.);
#5308 = PLANE('',#5309);
#5309 = AXIS2_PLACEMENT_3D('',#5310,#5311,#5312);
#5310 = CARTESIAN_POINT('',(-20.45456525636,18.252806953141,
    21.532857505495));
#5311 = DIRECTION('',(0.707174883596,-0.707038665532,9.723061474589E-05)
  );
#5312 = DIRECTION('',(0.707038668874,0.707174886939,-6.776263578034E-21)
  );
#5313 = ADVANCED_FACE('',(#5314),#5331,.T.);
#5314 = FACE_BOUND('',#5315,.T.);
#5315 = EDGE_LOOP('',(#5316,#5324,#5325));
#5316 = ORIENTED_EDGE('',*,*,#5317,.T.);
#5317 = EDGE_CURVE('',#5318,#2345,#5320,.T.);
#5318 = VERTEX_POINT('',#5319);
#5319 = CARTESIAN_POINT('',(-21.30319976806,17.40419960022,
    21.47500038147));
#5320 = LINE('',#5321,#5322);
#5321 = CARTESIAN_POINT('',(-21.30319976806,17.40419960022,
    21.47500038147));
#5322 = VECTOR('',#5323,1.);
#5323 = DIRECTION('',(0.675478382711,0.675478382711,-0.295732833786));
#5324 = ORIENTED_EDGE('',*,*,#5301,.F.);
#5325 = ORIENTED_EDGE('',*,*,#5326,.T.);
#5326 = EDGE_CURVE('',#2299,#5318,#5327,.T.);
#5327 = LINE('',#5328,#5329);
#5328 = CARTESIAN_POINT('',(-21.09760093689,17.609699249268,
    21.909999847412));
#5329 = VECTOR('',#5330,1.);
#5330 = DIRECTION('',(-0.392973256898,-0.392783684205,-0.831440314626));
#5331 = PLANE('',#5332);
#5332 = AXIS2_PLACEMENT_3D('',#5333,#5334,#5335);
#5333 = CARTESIAN_POINT('',(-20.5779559571,18.129416407659,
    21.300420772593));
#5334 = DIRECTION('',(0.707077531115,-0.70713601743,-1.335876068028E-04)
  );
#5335 = DIRECTION('',(-0.70713602374,-0.707077537424,-1.355252715607E-20
    ));
#5336 = ADVANCED_FACE('',(#5337),#5354,.T.);
#5337 = FACE_BOUND('',#5338,.T.);
#5338 = EDGE_LOOP('',(#5339,#5340,#5348));
#5339 = ORIENTED_EDGE('',*,*,#5317,.F.);
#5340 = ORIENTED_EDGE('',*,*,#5341,.T.);
#5341 = EDGE_CURVE('',#5318,#5342,#5344,.T.);
#5342 = VERTEX_POINT('',#5343);
#5343 = CARTESIAN_POINT('',(-19.91959953308,18.787799835205,
    20.63159942627));
#5344 = LINE('',#5345,#5346);
#5345 = CARTESIAN_POINT('',(-21.30319976806,17.40419960022,
    21.47500038147));
#5346 = VECTOR('',#5347,1.);
#5347 = DIRECTION('',(0.649354020794,0.649354020794,-0.395826617799));
#5348 = ORIENTED_EDGE('',*,*,#5349,.F.);
#5349 = EDGE_CURVE('',#2345,#5342,#5350,.T.);
#5350 = LINE('',#5351,#5352);
#5351 = CARTESIAN_POINT('',(-19.8036994934,18.903699874878,
    20.818500518799));
#5352 = VECTOR('',#5353,1.);
#5353 = DIRECTION('',(-0.466227171743,-0.466227171743,-0.75184070697));
#5354 = PLANE('',#5355);
#5355 = AXIS2_PLACEMENT_3D('',#5356,#5357,#5358);
#5356 = CARTESIAN_POINT('',(-20.54290450678,18.164494861499,
    21.080663504085));
#5357 = DIRECTION('',(0.707106781187,-0.707106781187,6.690682759089E-15)
  );
#5358 = DIRECTION('',(0.707106781187,0.707106781187,0.));
#5359 = ADVANCED_FACE('',(#5360),#5377,.T.);
#5360 = FACE_BOUND('',#5361,.T.);
#5361 = EDGE_LOOP('',(#5362,#5370,#5371));
#5362 = ORIENTED_EDGE('',*,*,#5363,.T.);
#5363 = EDGE_CURVE('',#5364,#5342,#5366,.T.);
#5364 = VERTEX_POINT('',#5365);
#5365 = CARTESIAN_POINT('',(-21.46680068969,17.240600585938,
    21.005699157715));
#5366 = LINE('',#5367,#5368);
#5367 = CARTESIAN_POINT('',(-21.46680068969,17.240600585938,
    21.005699157715));
#5368 = VECTOR('',#5369,1.);
#5369 = DIRECTION('',(0.69699349622,0.696992636984,-0.168526942111));
#5370 = ORIENTED_EDGE('',*,*,#5341,.F.);
#5371 = ORIENTED_EDGE('',*,*,#5372,.T.);
#5372 = EDGE_CURVE('',#5318,#5364,#5373,.T.);
#5373 = LINE('',#5374,#5375);
#5374 = CARTESIAN_POINT('',(-21.30319976806,17.40419960022,
    21.47500038147));
#5375 = VECTOR('',#5376,1.);
#5376 = DIRECTION('',(-0.312672734612,-0.312669089303,-0.896924635421));
#5377 = PLANE('',#5378);
#5378 = AXIS2_PLACEMENT_3D('',#5379,#5380,#5381);
#5379 = CARTESIAN_POINT('',(-20.73170777118,17.975692133847,
    20.966506709383));
#5380 = DIRECTION('',(0.707106058787,-0.707107503581,-2.370185526662E-06
    ));
#5381 = DIRECTION('',(-0.707107503583,-0.707106058789,0.));
#5382 = ADVANCED_FACE('',(#5383),#5398,.T.);
#5383 = FACE_BOUND('',#5384,.T.);
#5384 = EDGE_LOOP('',(#5385,#5386,#5392));
#5385 = ORIENTED_EDGE('',*,*,#5363,.F.);
#5386 = ORIENTED_EDGE('',*,*,#5387,.T.);
#5387 = EDGE_CURVE('',#5364,#4270,#5388,.T.);
#5388 = LINE('',#5389,#5390);
#5389 = CARTESIAN_POINT('',(-21.46680068969,17.240600585938,
    21.005699157715));
#5390 = VECTOR('',#5391,1.);
#5391 = DIRECTION('',(0.68033903573,0.68033903573,-0.272539158514));
#5392 = ORIENTED_EDGE('',*,*,#5393,.F.);
#5393 = EDGE_CURVE('',#5342,#4270,#5394,.T.);
#5394 = LINE('',#5395,#5396);
#5395 = CARTESIAN_POINT('',(-19.91959953308,18.787799835205,
    20.63159942627));
#5396 = VECTOR('',#5397,1.);
#5397 = DIRECTION('',(-0.39281469574,-0.39280701923,-0.831504215536));
#5398 = PLANE('',#5399);
#5399 = AXIS2_PLACEMENT_3D('',#5400,#5401,#5402);
#5400 = CARTESIAN_POINT('',(-20.67665112921,18.030749634585,
    20.755104083535));
#5401 = DIRECTION('',(0.707105681696,-0.707107880654,-5.48925406504E-06)
  );
#5402 = DIRECTION('',(-0.707107880664,-0.707105681707,0.));
#5403 = ADVANCED_FACE('',(#5404),#5419,.T.);
#5404 = FACE_BOUND('',#5405,.T.);
#5405 = EDGE_LOOP('',(#5406,#5412,#5413));
#5406 = ORIENTED_EDGE('',*,*,#5407,.T.);
#5407 = EDGE_CURVE('',#2198,#4270,#5408,.T.);
#5408 = LINE('',#5409,#5410);
#5409 = CARTESIAN_POINT('',(-21.58569908142,17.121599197388,
    20.510299682617));
#5410 = VECTOR('',#5411,1.);
#5411 = DIRECTION('',(0.70656136713,0.706607764097,-3.842528070431E-02)
  );
#5412 = ORIENTED_EDGE('',*,*,#5387,.F.);
#5413 = ORIENTED_EDGE('',*,*,#5414,.F.);
#5414 = EDGE_CURVE('',#2198,#5364,#5415,.T.);
#5415 = LINE('',#5416,#5417);
#5416 = CARTESIAN_POINT('',(-21.58569908142,17.121599197388,
    20.510299682617));
#5417 = VECTOR('',#5418,1.);
#5418 = DIRECTION('',(0.227260348396,0.227457214764,0.946898067111));
#5419 = PLANE('',#5420);
#5420 = AXIS2_PLACEMENT_3D('',#5421,#5422,#5423);
#5421 = CARTESIAN_POINT('',(-20.85326437393,17.854107917148,
    20.607105699325));
#5422 = DIRECTION('',(0.707133636578,-0.707079912057,1.341124304071E-04)
  );
#5423 = DIRECTION('',(0.707079918415,0.707133642937,-1.355252715607E-20)
  );
#5424 = ADVANCED_FACE('',(#5425),#5442,.T.);
#5425 = FACE_BOUND('',#5426,.T.);
#5426 = EDGE_LOOP('',(#5427,#5435,#5436));
#5427 = ORIENTED_EDGE('',*,*,#5428,.T.);
#5428 = EDGE_CURVE('',#5429,#2198,#5431,.T.);
#5429 = VERTEX_POINT('',#5430);
#5430 = CARTESIAN_POINT('',(-20.22629928588,16.,21.005699157715));
#5431 = LINE('',#5432,#5433);
#5432 = CARTESIAN_POINT('',(-20.22629928588,16.,21.005699157715));
#5433 = VECTOR('',#5434,1.);
#5434 = DIRECTION('',(-0.742567271424,0.612669546055,-0.270610189657));
#5435 = ORIENTED_EDGE('',*,*,#5414,.T.);
#5436 = ORIENTED_EDGE('',*,*,#5437,.T.);
#5437 = EDGE_CURVE('',#5364,#5429,#5438,.T.);
#5438 = LINE('',#5439,#5440);
#5439 = CARTESIAN_POINT('',(-21.46680068969,17.240600585938,
    21.005699157715));
#5440 = VECTOR('',#5441,1.);
#5441 = DIRECTION('',(0.707078514006,-0.707135047237,0.));
#5442 = PLANE('',#5443);
#5443 = AXIS2_PLACEMENT_3D('',#5444,#5445,#5446);
#5444 = CARTESIAN_POINT('',(-20.95959989916,16.665203344834,
    20.863777853648));
#5445 = DIRECTION('',(0.669584817156,0.669531285949,-0.321533870331));
#5446 = DIRECTION('',(-0.707078514006,0.707135047237,0.));
#5447 = ADVANCED_FACE('',(#5448),#5465,.T.);
#5448 = FACE_BOUND('',#5449,.T.);
#5449 = EDGE_LOOP('',(#5450,#5451,#5459));
#5450 = ORIENTED_EDGE('',*,*,#5428,.F.);
#5451 = ORIENTED_EDGE('',*,*,#5452,.F.);
#5452 = EDGE_CURVE('',#5453,#5429,#5455,.T.);
#5453 = VERTEX_POINT('',#5454);
#5454 = CARTESIAN_POINT('',(-20.46409988403,16.,20.510299682617));
#5455 = LINE('',#5456,#5457);
#5456 = CARTESIAN_POINT('',(-20.46409988403,16.,20.510299682617));
#5457 = VECTOR('',#5458,1.);
#5458 = DIRECTION('',(0.432744156947,0.,0.901516774457));
#5459 = ORIENTED_EDGE('',*,*,#5460,.T.);
#5460 = EDGE_CURVE('',#5453,#2198,#5461,.T.);
#5461 = LINE('',#5462,#5463);
#5462 = CARTESIAN_POINT('',(-20.46409988403,16.,20.510299682617));
#5463 = VECTOR('',#5464,1.);
#5464 = DIRECTION('',(-0.707106781187,0.707106781187,0.));
#5465 = PLANE('',#5466);
#5466 = AXIS2_PLACEMENT_3D('',#5467,#5468,#5469);
#5467 = CARTESIAN_POINT('',(-20.87585276754,16.483104120604,
    20.658942561059));
#5468 = DIRECTION('',(0.669586905671,0.669586905671,-0.321413676603));
#5469 = DIRECTION('',(0.707106781187,-0.707106781187,0.));
#5470 = ADVANCED_FACE('',(#5471),#5481,.T.);
#5471 = FACE_BOUND('',#5472,.T.);
#5472 = EDGE_LOOP('',(#5473,#5474,#5480));
#5473 = ORIENTED_EDGE('',*,*,#5407,.F.);
#5474 = ORIENTED_EDGE('',*,*,#5475,.T.);
#5475 = EDGE_CURVE('',#2198,#4294,#5476,.T.);
#5476 = LINE('',#5477,#5478);
#5477 = CARTESIAN_POINT('',(-21.58569908142,17.121599197388,
    20.510299682617));
#5478 = VECTOR('',#5479,1.);
#5479 = DIRECTION('',(0.699670060517,0.699670955685,-0.144645636596));
#5480 = ORIENTED_EDGE('',*,*,#4293,.F.);
#5481 = PLANE('',#5482);
#5482 = AXIS2_PLACEMENT_3D('',#5483,#5484,#5485);
#5483 = CARTESIAN_POINT('',(-20.77916610424,17.928160307978,
    20.407689175421));
#5484 = DIRECTION('',(0.707138089843,-0.707075407999,2.988244898028E-04)
  );
#5485 = DIRECTION('',(0.707075439569,0.707138121415,2.710505431214E-20)
  );
#5486 = ADVANCED_FACE('',(#5487),#5492,.T.);
#5487 = FACE_BOUND('',#5488,.T.);
#5488 = EDGE_LOOP('',(#5489,#5490,#5491));
#5489 = ORIENTED_EDGE('',*,*,#5475,.F.);
#5490 = ORIENTED_EDGE('',*,*,#2197,.T.);
#5491 = ORIENTED_EDGE('',*,*,#4332,.F.);
#5492 = PLANE('',#5493);
#5493 = AXIS2_PLACEMENT_3D('',#5494,#5495,#5496);
#5494 = CARTESIAN_POINT('',(-20.81376197394,17.893563312552,
    20.285966778619));
#5495 = DIRECTION('',(0.707077829794,-0.707135674292,-2.841777274119E-04
    ));
#5496 = DIRECTION('',(-0.707135702845,-0.707077858345,0.));
#5497 = ADVANCED_FACE('',(#5498),#5515,.T.);
#5498 = FACE_BOUND('',#5499,.T.);
#5499 = EDGE_LOOP('',(#5500,#5501,#5509));
#5500 = ORIENTED_EDGE('',*,*,#4492,.F.);
#5501 = ORIENTED_EDGE('',*,*,#5502,.T.);
#5502 = EDGE_CURVE('',#4493,#5503,#5505,.T.);
#5503 = VERTEX_POINT('',#5504);
#5504 = CARTESIAN_POINT('',(-16.40419960022,22.303199768066,
    17.47500038147));
#5505 = LINE('',#5506,#5507);
#5506 = CARTESIAN_POINT('',(-17.7877998352,20.919599533081,
    18.318399429321));
#5507 = VECTOR('',#5508,1.);
#5508 = DIRECTION('',(0.649354250878,0.649354250878,-0.395825862891));
#5509 = ORIENTED_EDGE('',*,*,#5510,.T.);
#5510 = EDGE_CURVE('',#5503,#4471,#5511,.T.);
#5511 = LINE('',#5512,#5513);
#5512 = CARTESIAN_POINT('',(-16.40419960022,22.303199768066,
    17.47500038147));
#5513 = VECTOR('',#5514,1.);
#5514 = DIRECTION('',(0.312670111599,0.31267375692,0.896923922664));
#5515 = PLANE('',#5516);
#5516 = AXIS2_PLACEMENT_3D('',#5517,#5518,#5519);
#5517 = CARTESIAN_POINT('',(-16.97569234452,21.731707560509,
    17.983492775087));
#5518 = DIRECTION('',(0.707107503582,-0.707106058786,2.370194410998E-06)
  );
#5519 = DIRECTION('',(0.707106058788,0.707107503584,2.117582368136E-22)
  );
#5520 = ADVANCED_FACE('',(#5521),#5538,.T.);
#5521 = FACE_BOUND('',#5522,.T.);
#5522 = EDGE_LOOP('',(#5523,#5531,#5532));
#5523 = ORIENTED_EDGE('',*,*,#5524,.T.);
#5524 = EDGE_CURVE('',#5525,#5503,#5527,.T.);
#5525 = VERTEX_POINT('',#5526);
#5526 = CARTESIAN_POINT('',(-17.90369987487,20.803699493408,
    18.131500244141));
#5527 = LINE('',#5528,#5529);
#5528 = CARTESIAN_POINT('',(-17.90369987487,20.803699493408,
    18.131500244141));
#5529 = VECTOR('',#5530,1.);
#5530 = DIRECTION('',(0.675478382711,0.675478382711,-0.295732833786));
#5531 = ORIENTED_EDGE('',*,*,#5502,.F.);
#5532 = ORIENTED_EDGE('',*,*,#5533,.F.);
#5533 = EDGE_CURVE('',#5525,#4493,#5534,.T.);
#5534 = LINE('',#5535,#5536);
#5535 = CARTESIAN_POINT('',(-17.90369987487,20.803699493408,
    18.131500244141));
#5536 = VECTOR('',#5537,1.);
#5537 = DIRECTION('',(0.466229861227,0.466229861227,0.751837371378));
#5538 = PLANE('',#5539);
#5539 = AXIS2_PLACEMENT_3D('',#5540,#5541,#5542);
#5540 = CARTESIAN_POINT('',(-17.16449466033,21.542904707956,
    17.869336650119));
#5541 = DIRECTION('',(0.707106781187,-0.707106781187,-6.69079528629E-15)
  );
#5542 = DIRECTION('',(-0.707106781187,-0.707106781187,0.));
#5543 = ADVANCED_FACE('',(#5544),#5561,.T.);
#5544 = FACE_BOUND('',#5545,.T.);
#5545 = EDGE_LOOP('',(#5546,#5547,#5555));
#5546 = ORIENTED_EDGE('',*,*,#5524,.F.);
#5547 = ORIENTED_EDGE('',*,*,#5548,.T.);
#5548 = EDGE_CURVE('',#5525,#5549,#5551,.T.);
#5549 = VERTEX_POINT('',#5550);
#5550 = CARTESIAN_POINT('',(-16.60969924926,22.09760093689,
    17.040000915527));
#5551 = LINE('',#5552,#5553);
#5552 = CARTESIAN_POINT('',(-17.90369987487,20.803699493408,
    18.131500244141));
#5553 = VECTOR('',#5554,1.);
#5554 = DIRECTION('',(0.607305297278,0.607258748744,-0.512266618055));
#5555 = ORIENTED_EDGE('',*,*,#5556,.F.);
#5556 = EDGE_CURVE('',#5503,#5549,#5557,.T.);
#5557 = LINE('',#5558,#5559);
#5558 = CARTESIAN_POINT('',(-16.40419960022,22.303199768066,
    17.47500038147));
#5559 = VECTOR('',#5560,1.);
#5560 = DIRECTION('',(-0.392783684205,-0.392973256898,-0.831440314626));
#5561 = PLANE('',#5562);
#5562 = AXIS2_PLACEMENT_3D('',#5563,#5564,#5565);
#5563 = CARTESIAN_POINT('',(-17.12941640765,21.577955957101,
    17.649579990347));
#5564 = DIRECTION('',(0.70713601743,-0.707077531115,1.335876068005E-04)
  );
#5565 = DIRECTION('',(0.707077537424,0.70713602374,0.));
#5566 = ADVANCED_FACE('',(#5567),#5591,.T.);
#5567 = FACE_BOUND('',#5568,.T.);
#5568 = EDGE_LOOP('',(#5569,#5577,#5585));
#5569 = ORIENTED_EDGE('',*,*,#5570,.T.);
#5570 = EDGE_CURVE('',#5571,#5549,#5573,.T.);
#5571 = VERTEX_POINT('',#5572);
#5572 = CARTESIAN_POINT('',(-10.10099983215,16.,17.47500038147));
#5573 = LINE('',#5574,#5575);
#5574 = CARTESIAN_POINT('',(-10.10099983215,16.,17.47500038147));
#5575 = VECTOR('',#5576,1.);
#5576 = DIRECTION('',(-0.728911512357,0.68287245052,-4.871574154446E-02)
  );
#5577 = ORIENTED_EDGE('',*,*,#5578,.T.);
#5578 = EDGE_CURVE('',#5549,#5579,#5581,.T.);
#5579 = VERTEX_POINT('',#5580);
#5580 = CARTESIAN_POINT('',(-10.51210021972,16.,17.040000915527));
#5581 = LINE('',#5582,#5583);
#5582 = CARTESIAN_POINT('',(-16.60969924926,22.09760093689,
    17.040000915527));
#5583 = VECTOR('',#5584,1.);
#5584 = DIRECTION('',(0.707106670594,-0.707106891779,0.));
#5585 = ORIENTED_EDGE('',*,*,#5586,.F.);
#5586 = EDGE_CURVE('',#5571,#5579,#5587,.T.);
#5587 = LINE('',#5588,#5589);
#5588 = CARTESIAN_POINT('',(-10.10099983215,16.,17.47500038147));
#5589 = VECTOR('',#5590,1.);
#5590 = DIRECTION('',(-0.686859774923,0.,-0.726789962502));
#5591 = PLANE('',#5592);
#5592 = AXIS2_PLACEMENT_3D('',#5593,#5594,#5595);
#5593 = CARTESIAN_POINT('',(-13.35247096584,18.948268507323,
    17.154170273553));
#5594 = DIRECTION('',(-0.587916311404,-0.587916127502,0.555615908528));
#5595 = DIRECTION('',(0.707106670594,-0.707106891779,0.));
#5596 = ADVANCED_FACE('',(#5597),#5607,.T.);
#5597 = FACE_BOUND('',#5598,.T.);
#5598 = EDGE_LOOP('',(#5599,#5600,#5606));
#5599 = ORIENTED_EDGE('',*,*,#5570,.F.);
#5600 = ORIENTED_EDGE('',*,*,#5601,.T.);
#5601 = EDGE_CURVE('',#5571,#5503,#5602,.T.);
#5602 = LINE('',#5603,#5604);
#5603 = CARTESIAN_POINT('',(-10.10099983215,16.,17.47500038147));
#5604 = VECTOR('',#5605,1.);
#5605 = DIRECTION('',(-0.707106781187,0.707106781187,0.));
#5606 = ORIENTED_EDGE('',*,*,#5556,.T.);
#5607 = PLANE('',#5608);
#5608 = AXIS2_PLACEMENT_3D('',#5609,#5610,#5611);
#5609 = CARTESIAN_POINT('',(-13.39525674096,19.188469219458,
    17.363062267895));
#5610 = DIRECTION('',(-0.587917089906,-0.587917089906,0.55561406641));
#5611 = DIRECTION('',(-0.707106781187,0.707106781187,0.));
#5612 = ADVANCED_FACE('',(#5613),#5630,.T.);
#5613 = FACE_BOUND('',#5614,.T.);
#5614 = EDGE_LOOP('',(#5615,#5623,#5629));
#5615 = ORIENTED_EDGE('',*,*,#5616,.T.);
#5616 = EDGE_CURVE('',#5549,#5617,#5619,.T.);
#5617 = VERTEX_POINT('',#5618);
#5618 = CARTESIAN_POINT('',(-11.,16.,16.646600723267));
#5619 = LINE('',#5620,#5621);
#5620 = CARTESIAN_POINT('',(-16.60969924926,22.09760093689,
    17.040000915527));
#5621 = VECTOR('',#5622,1.);
#5622 = DIRECTION('',(0.676288526605,-0.735108491596,-4.742714797501E-02
    ));
#5623 = ORIENTED_EDGE('',*,*,#5624,.F.);
#5624 = EDGE_CURVE('',#5579,#5617,#5625,.T.);
#5625 = LINE('',#5626,#5627);
#5626 = CARTESIAN_POINT('',(-10.51210021972,16.,17.040000915527));
#5627 = VECTOR('',#5628,1.);
#5628 = DIRECTION('',(-0.778465564623,0.,-0.62768731443));
#5629 = ORIENTED_EDGE('',*,*,#5578,.F.);
#5630 = PLANE('',#5631);
#5631 = AXIS2_PLACEMENT_3D('',#5632,#5633,#5634);
#5632 = CARTESIAN_POINT('',(-13.57603784085,18.939889985741,
    16.939978887729));
#5633 = DIRECTION('',(-0.53163473494,-0.531634568643,0.659339968475));
#5634 = DIRECTION('',(0.778465564623,2.775557561563E-17,0.62768731443));
#5635 = ADVANCED_FACE('',(#5636),#5653,.T.);
#5636 = FACE_BOUND('',#5637,.T.);
#5637 = EDGE_LOOP('',(#5638,#5639,#5647));
#5638 = ORIENTED_EDGE('',*,*,#5616,.F.);
#5639 = ORIENTED_EDGE('',*,*,#5640,.T.);
#5640 = EDGE_CURVE('',#5549,#5641,#5643,.T.);
#5641 = VERTEX_POINT('',#5642);
#5642 = CARTESIAN_POINT('',(-16.85370063781,21.853700637817,
    16.646600723267));
#5643 = LINE('',#5644,#5645);
#5644 = CARTESIAN_POINT('',(-16.60969924926,22.09760093689,
    17.040000915527));
#5645 = VECTOR('',#5646,1.);
#5646 = DIRECTION('',(-0.466321345695,-0.466128149331,-0.751843701145));
#5647 = ORIENTED_EDGE('',*,*,#5648,.F.);
#5648 = EDGE_CURVE('',#5617,#5641,#5649,.T.);
#5649 = LINE('',#5650,#5651);
#5650 = CARTESIAN_POINT('',(-11.,16.,16.646600723267));
#5651 = VECTOR('',#5652,1.);
#5652 = DIRECTION('',(-0.707106781187,0.707106781187,0.));
#5653 = PLANE('',#5654);
#5654 = AXIS2_PLACEMENT_3D('',#5655,#5656,#5657);
#5655 = CARTESIAN_POINT('',(-13.95350231561,19.079328219804,
    16.748055455139));
#5656 = DIRECTION('',(-0.531633784433,-0.531633784433,0.659341367199));
#5657 = DIRECTION('',(0.778466763636,0.,0.627685827396));
#5658 = ADVANCED_FACE('',(#5659),#5676,.T.);
#5659 = FACE_BOUND('',#5660,.T.);
#5660 = EDGE_LOOP('',(#5661,#5669,#5675));
#5661 = ORIENTED_EDGE('',*,*,#5662,.T.);
#5662 = EDGE_CURVE('',#5641,#5663,#5665,.T.);
#5663 = VERTEX_POINT('',#5664);
#5664 = CARTESIAN_POINT('',(-11.55630016326,16.,16.301599502563));
#5665 = LINE('',#5666,#5667);
#5666 = CARTESIAN_POINT('',(-16.85370063781,21.853700637817,
    16.646600723267));
#5667 = VECTOR('',#5668,1.);
#5668 = DIRECTION('',(0.670356789287,-0.740753504265,-4.365800013081E-02
    ));
#5669 = ORIENTED_EDGE('',*,*,#5670,.F.);
#5670 = EDGE_CURVE('',#5617,#5663,#5671,.T.);
#5671 = LINE('',#5672,#5673);
#5672 = CARTESIAN_POINT('',(-11.,16.,16.646600723267));
#5673 = VECTOR('',#5674,1.);
#5674 = DIRECTION('',(-0.849837608413,0.,-0.527044627453));
#5675 = ORIENTED_EDGE('',*,*,#5648,.T.);
#5676 = PLANE('',#5677);
#5677 = AXIS2_PLACEMENT_3D('',#5678,#5679,#5680);
#5678 = CARTESIAN_POINT('',(-13.95442409423,18.813047792257,
    16.558923242685));
#5679 = DIRECTION('',(-0.466251262289,-0.466251262289,0.75181082782));
#5680 = DIRECTION('',(0.,0.849837608413,0.527044627453));
#5681 = ADVANCED_FACE('',(#5682),#5699,.T.);
#5682 = FACE_BOUND('',#5683,.T.);
#5683 = EDGE_LOOP('',(#5684,#5685,#5693));
#5684 = ORIENTED_EDGE('',*,*,#5662,.F.);
#5685 = ORIENTED_EDGE('',*,*,#5686,.T.);
#5686 = EDGE_CURVE('',#5641,#5687,#5689,.T.);
#5687 = VERTEX_POINT('',#5688);
#5688 = CARTESIAN_POINT('',(-17.13179969787,21.575500488281,
    16.301599502563));
#5689 = LINE('',#5690,#5691);
#5690 = CARTESIAN_POINT('',(-16.85370063781,21.853700637817,
    16.646600723267));
#5691 = VECTOR('',#5692,1.);
#5692 = DIRECTION('',(-0.53151353029,-0.531706736355,-0.659379491365));
#5693 = ORIENTED_EDGE('',*,*,#5694,.T.);
#5694 = EDGE_CURVE('',#5687,#5663,#5695,.T.);
#5695 = LINE('',#5696,#5697);
#5696 = CARTESIAN_POINT('',(-17.13179969787,21.575500488281,
    16.301599502563));
#5697 = VECTOR('',#5698,1.);
#5698 = DIRECTION('',(0.707106720712,-0.707106841661,0.));
#5699 = PLANE('',#5700);
#5700 = AXIS2_PLACEMENT_3D('',#5701,#5702,#5703);
#5701 = CARTESIAN_POINT('',(-14.36164815132,18.949033092008,
    16.39070868269));
#5702 = DIRECTION('',(-0.46625175395,-0.466251674199,0.751810267451));
#5703 = DIRECTION('',(0.84983718353,0.,0.527045312558));
#5704 = ADVANCED_FACE('',(#5705),#5722,.T.);
#5705 = FACE_BOUND('',#5706,.T.);
#5706 = EDGE_LOOP('',(#5707,#5715,#5721));
#5707 = ORIENTED_EDGE('',*,*,#5708,.T.);
#5708 = EDGE_CURVE('',#5687,#5709,#5711,.T.);
#5709 = VERTEX_POINT('',#5710);
#5710 = CARTESIAN_POINT('',(-12.17160034179,16.,16.010900497437));
#5711 = LINE('',#5712,#5713);
#5712 = CARTESIAN_POINT('',(-17.13179969787,21.575500488281,
    16.301599502563));
#5713 = VECTOR('',#5714,1.);
#5714 = DIRECTION('',(0.664174365107,-0.746563642129,-3.892481194953E-02
    ));
#5715 = ORIENTED_EDGE('',*,*,#5716,.F.);
#5716 = EDGE_CURVE('',#5663,#5709,#5717,.T.);
#5717 = LINE('',#5718,#5719);
#5718 = CARTESIAN_POINT('',(-11.55630016326,16.,16.301599502563));
#5719 = VECTOR('',#5720,1.);
#5720 = DIRECTION('',(-0.904168862485,0.,-0.427175219451));
#5721 = ORIENTED_EDGE('',*,*,#5694,.F.);
#5722 = PLANE('',#5723);
#5723 = AXIS2_PLACEMENT_3D('',#5724,#5725,#5726);
#5724 = CARTESIAN_POINT('',(-14.38208573151,18.669430256008,
    16.227729108839));
#5725 = DIRECTION('',(-0.392834304011,-0.392834236818,0.831482093599));
#5726 = DIRECTION('',(0.904168862485,0.,0.427175219451));
#5727 = ADVANCED_FACE('',(#5728),#5745,.T.);
#5728 = FACE_BOUND('',#5729,.T.);
#5729 = EDGE_LOOP('',(#5730,#5731,#5739));
#5730 = ORIENTED_EDGE('',*,*,#5708,.F.);
#5731 = ORIENTED_EDGE('',*,*,#5732,.T.);
#5732 = EDGE_CURVE('',#5687,#5733,#5735,.T.);
#5733 = VERTEX_POINT('',#5734);
#5734 = CARTESIAN_POINT('',(-17.43950080871,21.267900466919,
    16.010900497437));
#5735 = LINE('',#5736,#5737);
#5736 = CARTESIAN_POINT('',(-17.13179969787,21.575500488281,
    16.301599502563));
#5737 = VECTOR('',#5738,1.);
#5738 = DIRECTION('',(-0.588043482443,-0.587850291693,-0.555550985341));
#5739 = ORIENTED_EDGE('',*,*,#5740,.T.);
#5740 = EDGE_CURVE('',#5733,#5709,#5741,.T.);
#5741 = LINE('',#5742,#5743);
#5742 = CARTESIAN_POINT('',(-17.43950080871,21.267900466919,
    16.010900497437));
#5743 = VECTOR('',#5744,1.);
#5744 = DIRECTION('',(0.707106781187,-0.707106781187,0.));
#5745 = PLANE('',#5746);
#5746 = AXIS2_PLACEMENT_3D('',#5747,#5748,#5749);
#5747 = CARTESIAN_POINT('',(-14.81518399208,18.802803728795,
    16.086124019704));
#5748 = DIRECTION('',(-0.392833872695,-0.392833872695,0.831482469405));
#5749 = DIRECTION('',(0.,0.90416911821,0.427174678177));
#5750 = ADVANCED_FACE('',(#5751),#5768,.T.);
#5751 = FACE_BOUND('',#5752,.T.);
#5752 = EDGE_LOOP('',(#5753,#5761,#5767));
#5753 = ORIENTED_EDGE('',*,*,#5754,.T.);
#5754 = EDGE_CURVE('',#5733,#5755,#5757,.T.);
#5755 = VERTEX_POINT('',#5756);
#5756 = CARTESIAN_POINT('',(-12.83520030975,16.,15.779500007629));
#5757 = LINE('',#5758,#5759);
#5758 = CARTESIAN_POINT('',(-17.43950080871,21.267900466919,
    16.010900497437));
#5759 = VECTOR('',#5760,1.);
#5760 = DIRECTION('',(0.657731008772,-0.752527227316,-3.305589581422E-02
    ));
#5761 = ORIENTED_EDGE('',*,*,#5762,.F.);
#5762 = EDGE_CURVE('',#5709,#5755,#5763,.T.);
#5763 = LINE('',#5764,#5765);
#5764 = CARTESIAN_POINT('',(-12.17160034179,16.,16.010900497437));
#5765 = VECTOR('',#5766,1.);
#5766 = DIRECTION('',(-0.944239059021,0.,-0.329260686111));
#5767 = ORIENTED_EDGE('',*,*,#5740,.F.);
#5768 = PLANE('',#5769);
#5769 = AXIS2_PLACEMENT_3D('',#5770,#5771,#5772);
#5770 = CARTESIAN_POINT('',(-14.85206073749,18.51178904672,
    15.952083989519));
#5771 = DIRECTION('',(-0.312744119133,-0.312744119133,0.896873587467));
#5772 = DIRECTION('',(1.387778780781E-17,0.944239059021,0.329260686111)
  );
#5773 = ADVANCED_FACE('',(#5774),#5791,.T.);
#5774 = FACE_BOUND('',#5775,.T.);
#5775 = EDGE_LOOP('',(#5776,#5777,#5785));
#5776 = ORIENTED_EDGE('',*,*,#5754,.F.);
#5777 = ORIENTED_EDGE('',*,*,#5778,.T.);
#5778 = EDGE_CURVE('',#5733,#5779,#5781,.T.);
#5779 = VERTEX_POINT('',#5780);
#5780 = CARTESIAN_POINT('',(-17.77129936218,20.936100006104,
    15.779500007629));
#5781 = LINE('',#5782,#5783);
#5782 = CARTESIAN_POINT('',(-17.43950080871,21.267900466919,
    16.010900497437));
#5783 = VECTOR('',#5784,1.);
#5784 = DIRECTION('',(-0.63418339447,-0.634187040082,-0.442287486111));
#5785 = ORIENTED_EDGE('',*,*,#5786,.F.);
#5786 = EDGE_CURVE('',#5755,#5779,#5787,.T.);
#5787 = LINE('',#5788,#5789);
#5788 = CARTESIAN_POINT('',(-12.83520030975,16.,15.779500007629));
#5789 = VECTOR('',#5790,1.);
#5790 = DIRECTION('',(-0.707106712879,0.707106849494,0.));
#5791 = PLANE('',#5792);
#5792 = AXIS2_PLACEMENT_3D('',#5793,#5794,#5795);
#5793 = CARTESIAN_POINT('',(-15.30622286438,18.643131048437,
    15.839514978399));
#5794 = DIRECTION('',(-0.312744510876,-0.312744450452,0.896873335331));
#5795 = DIRECTION('',(0.944238902018,-1.387778780781E-17,0.329261136359)
  );
#5796 = ADVANCED_FACE('',(#5797),#5814,.T.);
#5797 = FACE_BOUND('',#5798,.T.);
#5798 = EDGE_LOOP('',(#5799,#5807,#5813));
#5799 = ORIENTED_EDGE('',*,*,#5800,.T.);
#5800 = EDGE_CURVE('',#5779,#5801,#5803,.T.);
#5801 = VERTEX_POINT('',#5802);
#5802 = CARTESIAN_POINT('',(-13.53590011596,16.,15.611300468445));
#5803 = LINE('',#5804,#5805);
#5804 = CARTESIAN_POINT('',(-17.77129936218,20.936100006104,
    15.779500007629));
#5805 = VECTOR('',#5806,1.);
#5806 = DIRECTION('',(0.650968626275,-0.758664308448,-2.585178317272E-02
    ));
#5807 = ORIENTED_EDGE('',*,*,#5808,.F.);
#5808 = EDGE_CURVE('',#5755,#5801,#5809,.T.);
#5809 = LINE('',#5810,#5811);
#5810 = CARTESIAN_POINT('',(-12.83520030975,16.,15.779500007629));
#5811 = VECTOR('',#5812,1.);
#5812 = DIRECTION('',(-0.972377354305,0.,-0.233414397232));
#5813 = ORIENTED_EDGE('',*,*,#5786,.T.);
#5814 = PLANE('',#5815);
#5815 = AXIS2_PLACEMENT_3D('',#5816,#5817,#5818);
#5816 = CARTESIAN_POINT('',(-15.3562818592,18.342871376207,
    15.736721424152));
#5817 = DIRECTION('',(-0.227304483119,-0.227304439203,0.946924159515));
#5818 = DIRECTION('',(0.972377354305,6.938893903907E-18,0.233414397232)
  );
#5819 = ADVANCED_FACE('',(#5820),#5837,.T.);
#5820 = FACE_BOUND('',#5821,.T.);
#5821 = EDGE_LOOP('',(#5822,#5823,#5831));
#5822 = ORIENTED_EDGE('',*,*,#5800,.F.);
#5823 = ORIENTED_EDGE('',*,*,#5824,.T.);
#5824 = EDGE_CURVE('',#5779,#5825,#5827,.T.);
#5825 = VERTEX_POINT('',#5826);
#5826 = CARTESIAN_POINT('',(-18.12159919738,20.585699081421,
    15.611300468445));
#5827 = LINE('',#5828,#5829);
#5828 = CARTESIAN_POINT('',(-17.77129936218,20.936100006104,
    15.779500007629));
#5829 = VECTOR('',#5830,1.);
#5830 = DIRECTION('',(-0.669479976481,-0.669673174919,-0.321456684305));
#5831 = ORIENTED_EDGE('',*,*,#5832,.F.);
#5832 = EDGE_CURVE('',#5801,#5825,#5833,.T.);
#5833 = LINE('',#5834,#5835);
#5834 = CARTESIAN_POINT('',(-13.53590011596,16.,15.611300468445));
#5835 = VECTOR('',#5836,1.);
#5836 = DIRECTION('',(-0.707106781187,0.707106781187,0.));
#5837 = PLANE('',#5838);
#5838 = AXIS2_PLACEMENT_3D('',#5839,#5840,#5841);
#5839 = CARTESIAN_POINT('',(-15.82641814152,18.472749464235,
    15.655044168702));
#5840 = DIRECTION('',(-0.227304203451,-0.227304203451,0.946924283239));
#5841 = DIRECTION('',(0.972377426409,-6.938893903907E-18,0.233414096856)
  );
#5842 = ADVANCED_FACE('',(#5843),#5860,.T.);
#5843 = FACE_BOUND('',#5844,.T.);
#5844 = EDGE_LOOP('',(#5845,#5853,#5859));
#5845 = ORIENTED_EDGE('',*,*,#5846,.T.);
#5846 = EDGE_CURVE('',#5825,#5847,#5849,.T.);
#5847 = VERTEX_POINT('',#5848);
#5848 = CARTESIAN_POINT('',(-14.26159954071,16.,15.50920009613));
#5849 = LINE('',#5850,#5851);
#5850 = CARTESIAN_POINT('',(-18.12159919738,20.585699081421,
    15.611300468445));
#5851 = VECTOR('',#5852,1.);
#5852 = DIRECTION('',(0.643882080529,-0.764935162654,-1.703124507664E-02
    ));
#5853 = ORIENTED_EDGE('',*,*,#5854,.F.);
#5854 = EDGE_CURVE('',#5801,#5847,#5855,.T.);
#5855 = LINE('',#5856,#5857);
#5856 = CARTESIAN_POINT('',(-13.53590011596,16.,15.611300468445));
#5857 = VECTOR('',#5858,1.);
#5858 = DIRECTION('',(-0.990247377028,0.,-0.139320250824));
#5859 = ORIENTED_EDGE('',*,*,#5832,.T.);
#5860 = PLANE('',#5861);
#5861 = AXIS2_PLACEMENT_3D('',#5862,#5863,#5864);
#5862 = CARTESIAN_POINT('',(-15.8863334869,18.165677745545,
    15.585306761551));
#5863 = DIRECTION('',(-0.137987509014,-0.137987509014,0.980774640125));
#5864 = DIRECTION('',(-3.469446951954E-18,0.990247377028,0.139320250824)
  );
#5865 = ADVANCED_FACE('',(#5866),#5883,.T.);
#5866 = FACE_BOUND('',#5867,.T.);
#5867 = EDGE_LOOP('',(#5868,#5869,#5877));
#5868 = ORIENTED_EDGE('',*,*,#5846,.F.);
#5869 = ORIENTED_EDGE('',*,*,#5870,.T.);
#5870 = EDGE_CURVE('',#5825,#5871,#5873,.T.);
#5871 = VERTEX_POINT('',#5872);
#5872 = CARTESIAN_POINT('',(-18.48450088501,20.222900390625,
    15.50920009613));
#5873 = LINE('',#5874,#5875);
#5874 = CARTESIAN_POINT('',(-18.12159919738,20.585699081421,
    15.611300468445));
#5875 = VECTOR('',#5876,1.);
#5876 = DIRECTION('',(-0.693610855307,-0.693413998364,-0.195143558114));
#5877 = ORIENTED_EDGE('',*,*,#5878,.T.);
#5878 = EDGE_CURVE('',#5871,#5847,#5879,.T.);
#5879 = LINE('',#5880,#5881);
#5880 = CARTESIAN_POINT('',(-18.48450088501,20.222900390625,
    15.50920009613));
#5881 = VECTOR('',#5882,1.);
#5882 = DIRECTION('',(0.707106861031,-0.707106701342,0.));
#5883 = PLANE('',#5884);
#5884 = AXIS2_PLACEMENT_3D('',#5885,#5886,#5887);
#5885 = CARTESIAN_POINT('',(-16.36680620796,18.294562273531,
    15.535841020126));
#5886 = DIRECTION('',(-0.137987319005,-0.137987350167,0.980774689206));
#5887 = DIRECTION('',(3.469446951954E-18,0.990247400116,0.139320086719)
  );
#5888 = ADVANCED_FACE('',(#5889),#5906,.T.);
#5889 = FACE_BOUND('',#5890,.T.);
#5890 = EDGE_LOOP('',(#5891,#5899,#5900));
#5891 = ORIENTED_EDGE('',*,*,#5892,.T.);
#5892 = EDGE_CURVE('',#5893,#5549,#5895,.T.);
#5893 = VERTEX_POINT('',#5894);
#5894 = CARTESIAN_POINT('',(-18.03580093383,20.671600341797,
    17.967599868774));
#5895 = LINE('',#5896,#5897);
#5896 = CARTESIAN_POINT('',(-18.03580093383,20.671600341797,
    17.967599868774));
#5897 = VECTOR('',#5898,1.);
#5898 = DIRECTION('',(0.642434845134,0.642389306023,-0.417867741356));
#5899 = ORIENTED_EDGE('',*,*,#5548,.F.);
#5900 = ORIENTED_EDGE('',*,*,#5901,.F.);
#5901 = EDGE_CURVE('',#5893,#5525,#5902,.T.);
#5902 = LINE('',#5903,#5904);
#5903 = CARTESIAN_POINT('',(-18.03580093383,20.671600341797,
    17.967599868774));
#5904 = VECTOR('',#5905,1.);
#5905 = DIRECTION('',(0.531542333001,0.531534658297,0.659495000175));
#5906 = PLANE('',#5907);
#5907 = AXIS2_PLACEMENT_3D('',#5908,#5909,#5910);
#5908 = CARTESIAN_POINT('',(-17.32711174467,21.38024122418,
    17.571258387834));
#5909 = DIRECTION('',(0.707088582574,-0.707124979016,2.110595998537E-05)
  );
#5910 = DIRECTION('',(-0.707124979174,-0.707088582731,0.));
#5911 = ADVANCED_FACE('',(#5912),#5922,.T.);
#5912 = FACE_BOUND('',#5913,.T.);
#5913 = EDGE_LOOP('',(#5914,#5915,#5921));
#5914 = ORIENTED_EDGE('',*,*,#5892,.F.);
#5915 = ORIENTED_EDGE('',*,*,#5916,.T.);
#5916 = EDGE_CURVE('',#5893,#5641,#5917,.T.);
#5917 = LINE('',#5918,#5919);
#5918 = CARTESIAN_POINT('',(-18.03580093383,20.671600341797,
    17.967599868774));
#5919 = VECTOR('',#5920,1.);
#5920 = DIRECTION('',(0.554801763799,0.554801763799,-0.619991940085));
#5921 = ORIENTED_EDGE('',*,*,#5640,.F.);
#5922 = PLANE('',#5923);
#5923 = AXIS2_PLACEMENT_3D('',#5924,#5925,#5926);
#5924 = CARTESIAN_POINT('',(-17.31263017907,21.394742648582,
    17.34689723859));
#5925 = DIRECTION('',(0.707046805861,-0.707166743281,-1.073263826572E-04
    ));
#5926 = DIRECTION('',(-0.707166747354,-0.707046809933,0.));
#5927 = ADVANCED_FACE('',(#5928),#5943,.T.);
#5928 = FACE_BOUND('',#5929,.T.);
#5929 = EDGE_LOOP('',(#5930,#5936,#5937));
#5930 = ORIENTED_EDGE('',*,*,#5931,.T.);
#5931 = EDGE_CURVE('',#2377,#5641,#5932,.T.);
#5932 = LINE('',#5933,#5934);
#5933 = CARTESIAN_POINT('',(-18.18190002441,20.525400161743,
    17.829599380493));
#5934 = VECTOR('',#5935,1.);
#5935 = DIRECTION('',(0.59831341035,0.598358948084,-0.532904899812));
#5936 = ORIENTED_EDGE('',*,*,#5916,.F.);
#5937 = ORIENTED_EDGE('',*,*,#5938,.F.);
#5938 = EDGE_CURVE('',#2377,#5893,#5939,.T.);
#5939 = LINE('',#5940,#5941);
#5940 = CARTESIAN_POINT('',(-18.18190002441,20.525400161743,
    17.829599380493));
#5941 = VECTOR('',#5942,1.);
#5942 = DIRECTION('',(0.587870018054,0.58827677947,0.555283056297));
#5943 = PLANE('',#5944);
#5944 = AXIS2_PLACEMENT_3D('',#5945,#5946,#5947);
#5945 = CARTESIAN_POINT('',(-17.51589666354,21.191477483724,
    17.305758080688));
#5946 = DIRECTION('',(0.707239298009,-0.706974199724,2.372240454769E-04)
  );
#5947 = DIRECTION('',(0.706974219617,0.70723931791,0.));
#5948 = ADVANCED_FACE('',(#5949),#5959,.T.);
#5949 = FACE_BOUND('',#5950,.T.);
#5950 = EDGE_LOOP('',(#5951,#5952,#5958));
#5951 = ORIENTED_EDGE('',*,*,#5931,.F.);
#5952 = ORIENTED_EDGE('',*,*,#5953,.T.);
#5953 = EDGE_CURVE('',#2377,#5687,#5954,.T.);
#5954 = LINE('',#5955,#5956);
#5955 = CARTESIAN_POINT('',(-18.18190002441,20.525400161743,
    17.829599380493));
#5956 = VECTOR('',#5957,1.);
#5957 = DIRECTION('',(0.49282537532,0.49282537532,-0.717109683997));
#5958 = ORIENTED_EDGE('',*,*,#5686,.F.);
#5959 = PLANE('',#5960);
#5960 = AXIS2_PLACEMENT_3D('',#5961,#5962,#5963);
#5961 = CARTESIAN_POINT('',(-17.52222513591,21.185103497802,
    17.080669543439));
#5962 = DIRECTION('',(0.707176140286,-0.707037408854,9.534157972188E-05)
  );
#5963 = DIRECTION('',(0.707037412068,0.707176143501,6.776263578034E-21)
  );
#5964 = ADVANCED_FACE('',(#5965),#5975,.T.);
#5965 = FACE_BOUND('',#5966,.T.);
#5966 = EDGE_LOOP('',(#5967,#5973,#5974));
#5967 = ORIENTED_EDGE('',*,*,#5968,.T.);
#5968 = EDGE_CURVE('',#2369,#5687,#5969,.T.);
#5969 = LINE('',#5970,#5971);
#5970 = CARTESIAN_POINT('',(-18.33950042724,20.367799758911,
    17.71960067749));
#5971 = VECTOR('',#5972,1.);
#5972 = DIRECTION('',(0.544041934488,0.544041934488,-0.638777541118));
#5973 = ORIENTED_EDGE('',*,*,#5953,.F.);
#5974 = ORIENTED_EDGE('',*,*,#2376,.F.);
#5975 = PLANE('',#5976);
#5976 = AXIS2_PLACEMENT_3D('',#5977,#5978,#5979);
#5977 = CARTESIAN_POINT('',(-17.72751688163,20.979783304521,
    17.077368591373));
#5978 = DIRECTION('',(0.707106781187,-0.707106781187,-8.272562789625E-15
    ));
#5979 = DIRECTION('',(-0.707106781187,-0.707106781187,0.));
#5980 = ADVANCED_FACE('',(#5981),#5991,.T.);
#5981 = FACE_BOUND('',#5982,.T.);
#5982 = EDGE_LOOP('',(#5983,#5984,#5990));
#5983 = ORIENTED_EDGE('',*,*,#5968,.F.);
#5984 = ORIENTED_EDGE('',*,*,#5985,.T.);
#5985 = EDGE_CURVE('',#2369,#5733,#5986,.T.);
#5986 = LINE('',#5987,#5988);
#5987 = CARTESIAN_POINT('',(-18.33950042724,20.367799758911,
    17.71960067749));
#5988 = VECTOR('',#5989,1.);
#5989 = DIRECTION('',(0.422398337256,0.422445781751,-0.80194713427));
#5990 = ORIENTED_EDGE('',*,*,#5732,.F.);
#5991 = PLANE('',#5992);
#5992 = AXIS2_PLACEMENT_3D('',#5993,#5994,#5995);
#5993 = CARTESIAN_POINT('',(-17.7545961303,20.952731579096,
    16.855332929573));
#5994 = DIRECTION('',(0.70704240411,-0.707171143902,-1.096466932971E-04)
  );
#5995 = DIRECTION('',(-0.707171148153,-0.707042408361,0.));
#5996 = ADVANCED_FACE('',(#5997),#6007,.T.);
#5997 = FACE_BOUND('',#5998,.T.);
#5998 = EDGE_LOOP('',(#5999,#6005,#6006));
#5999 = ORIENTED_EDGE('',*,*,#6000,.T.);
#6000 = EDGE_CURVE('',#3131,#5733,#6001,.T.);
#6001 = LINE('',#6002,#6003);
#6002 = CARTESIAN_POINT('',(-18.50600051879,20.201400756836,
    17.639699935913));
#6003 = VECTOR('',#6004,1.);
#6004 = DIRECTION('',(0.480433015541,0.480433015541,-0.733735807465));
#6005 = ORIENTED_EDGE('',*,*,#5985,.F.);
#6006 = ORIENTED_EDGE('',*,*,#3138,.F.);
#6007 = PLANE('',#6008);
#6008 = AXIS2_PLACEMENT_3D('',#6009,#6010,#6011);
#6009 = CARTESIAN_POINT('',(-17.95850534985,20.748869777486,
    16.889986418509));
#6010 = DIRECTION('',(0.706943373327,-0.707270118933,-2.139453672235E-04
    ));
#6011 = DIRECTION('',(-0.70727013512,-0.706943389507,1.355252715607E-20)
  );
#6012 = ADVANCED_FACE('',(#6013),#6023,.T.);
#6013 = FACE_BOUND('',#6014,.T.);
#6014 = EDGE_LOOP('',(#6015,#6016,#6022));
#6015 = ORIENTED_EDGE('',*,*,#6000,.F.);
#6016 = ORIENTED_EDGE('',*,*,#6017,.T.);
#6017 = EDGE_CURVE('',#3131,#5779,#6018,.T.);
#6018 = LINE('',#6019,#6020);
#6019 = CARTESIAN_POINT('',(-18.50600051879,20.201400756836,
    17.639699935913));
#6020 = VECTOR('',#6021,1.);
#6021 = DIRECTION('',(0.344815658852,0.344814763681,-0.873043492707));
#6022 = ORIENTED_EDGE('',*,*,#5778,.F.);
#6023 = PLANE('',#6024);
#6024 = AXIS2_PLACEMENT_3D('',#6025,#6026,#6027);
#6025 = CARTESIAN_POINT('',(-18.00584384563,20.701556910695,
    16.674874022052));
#6026 = DIRECTION('',(0.707108176443,-0.707105385925,1.827165253648E-06)
  );
#6027 = DIRECTION('',(0.707105385927,0.707108176444,1.058791184068E-22)
  );
#6028 = ADVANCED_FACE('',(#6029),#6039,.T.);
#6029 = FACE_BOUND('',#6030,.T.);
#6030 = EDGE_LOOP('',(#6031,#6037,#6038));
#6031 = ORIENTED_EDGE('',*,*,#6032,.T.);
#6032 = EDGE_CURVE('',#3423,#5779,#6033,.T.);
#6033 = LINE('',#6034,#6035);
#6034 = CARTESIAN_POINT('',(-18.67830085754,20.028999328613,
    17.591299057007));
#6035 = VECTOR('',#6036,1.);
#6036 = DIRECTION('',(0.408571702915,0.408616380914,-0.816150609156));
#6037 = ORIENTED_EDGE('',*,*,#6017,.F.);
#6038 = ORIENTED_EDGE('',*,*,#3430,.F.);
#6039 = PLANE('',#6040);
#6040 = AXIS2_PLACEMENT_3D('',#6041,#6042,#6043);
#6041 = CARTESIAN_POINT('',(-18.20473676611,20.502636479194,
    16.746866247057));
#6042 = DIRECTION('',(0.707293323768,-0.706920173866,1.48103439388E-04)
  );
#6043 = DIRECTION('',(0.706920181619,0.707293331525,1.355252715607E-20)
  );
#6044 = ADVANCED_FACE('',(#6045),#6055,.T.);
#6045 = FACE_BOUND('',#6046,.T.);
#6046 = EDGE_LOOP('',(#6047,#6048,#6054));
#6047 = ORIENTED_EDGE('',*,*,#6032,.F.);
#6048 = ORIENTED_EDGE('',*,*,#6049,.T.);
#6049 = EDGE_CURVE('',#3423,#5825,#6050,.T.);
#6050 = LINE('',#6051,#6052);
#6051 = CARTESIAN_POINT('',(-18.67830085754,20.028999328613,
    17.591299057007));
#6052 = VECTOR('',#6053,1.);
#6053 = DIRECTION('',(0.261266538895,0.261265643754,-0.929236277299));
#6054 = ORIENTED_EDGE('',*,*,#5824,.F.);
#6055 = PLANE('',#6056);
#6056 = AXIS2_PLACEMENT_3D('',#6057,#6058,#6059);
#6057 = CARTESIAN_POINT('',(-18.27148935981,20.43583821803,
    16.542352021088));
#6058 = DIRECTION('',(0.707196511733,-0.707017037402,5.114255479936E-05)
  );
#6059 = DIRECTION('',(0.707017038326,0.707196512658,-3.388131789017E-21)
  );
#6060 = ADVANCED_FACE('',(#6061),#6071,.T.);
#6061 = FACE_BOUND('',#6062,.T.);
#6062 = EDGE_LOOP('',(#6063,#6064,#6070));
#6063 = ORIENTED_EDGE('',*,*,#6049,.F.);
#6064 = ORIENTED_EDGE('',*,*,#6065,.T.);
#6065 = EDGE_CURVE('',#3423,#5871,#6066,.T.);
#6066 = LINE('',#6067,#6068);
#6067 = CARTESIAN_POINT('',(-18.67830085754,20.028999328613,
    17.591299057007));
#6068 = VECTOR('',#6069,1.);
#6069 = DIRECTION('',(9.228264469205E-02,9.233078094417E-02,
    -0.991442857849));
#6070 = ORIENTED_EDGE('',*,*,#5870,.F.);
#6071 = PLANE('',#6072);
#6072 = AXIS2_PLACEMENT_3D('',#6073,#6074,#6075);
#6073 = CARTESIAN_POINT('',(-18.46944030119,20.237887243024,
    16.464176286078));
#6074 = DIRECTION('',(0.707013685102,-0.707199863128,-5.166505676685E-05
    ));
#6075 = DIRECTION('',(-0.707199864072,-0.707013686046,
    -3.388131789017E-21));
#6076 = ADVANCED_FACE('',(#6077),#6087,.T.);
#6077 = FACE_BOUND('',#6078,.T.);
#6078 = EDGE_LOOP('',(#6079,#6085,#6086));
#6079 = ORIENTED_EDGE('',*,*,#6080,.T.);
#6080 = EDGE_CURVE('',#3554,#5871,#6081,.T.);
#6081 = LINE('',#6082,#6083);
#6082 = CARTESIAN_POINT('',(-18.85370063781,19.853700637817,
    17.575000762939));
#6083 = VECTOR('',#6084,1.);
#6084 = DIRECTION('',(0.173271180317,0.173271180317,-0.96951234966));
#6085 = ORIENTED_EDGE('',*,*,#6065,.F.);
#6086 = ORIENTED_EDGE('',*,*,#3561,.F.);
#6087 = PLANE('',#6088);
#6088 = AXIS2_PLACEMENT_3D('',#6089,#6090,#6091);
#6089 = CARTESIAN_POINT('',(-18.633360152,20.074014622311,
    16.603678923948));
#6090 = DIRECTION('',(0.706906256658,-0.707307245235,-7.166465087602E-05
    ));
#6091 = DIRECTION('',(-0.707307247051,-0.706906258473,
    -6.776263578034E-21));
#6092 = ADVANCED_FACE('',(#6093),#6103,.T.);
#6093 = FACE_BOUND('',#6094,.T.);
#6094 = EDGE_LOOP('',(#6095,#6101,#6102));
#6095 = ORIENTED_EDGE('',*,*,#6096,.T.);
#6096 = EDGE_CURVE('',#2041,#3554,#6097,.T.);
#6097 = LINE('',#6098,#6099);
#6098 = CARTESIAN_POINT('',(-19.22290039062,19.48450088501,
    15.50920009613));
#6099 = VECTOR('',#6100,1.);
#6100 = DIRECTION('',(0.173271180317,0.173271180317,0.96951234966));
#6101 = ORIENTED_EDGE('',*,*,#3605,.F.);
#6102 = ORIENTED_EDGE('',*,*,#2104,.T.);
#6103 = PLANE('',#6104);
#6104 = AXIS2_PLACEMENT_3D('',#6105,#6106,#6107);
#6105 = CARTESIAN_POINT('',(-19.07401462231,19.633360152001,
    16.603678923948));
#6106 = DIRECTION('',(0.707307245235,-0.706906256658,-7.166465087602E-05
    ));
#6107 = DIRECTION('',(0.706906258473,0.707307247051,0.));
#6108 = ADVANCED_FACE('',(#6109),#6126,.T.);
#6109 = FACE_BOUND('',#6110,.T.);
#6110 = EDGE_LOOP('',(#6111,#6119,#6120));
#6111 = ORIENTED_EDGE('',*,*,#6112,.T.);
#6112 = EDGE_CURVE('',#6113,#2096,#6115,.T.);
#6113 = VERTEX_POINT('',#6114);
#6114 = CARTESIAN_POINT('',(-19.9361000061,18.771299362183,
    15.779500007629));
#6115 = LINE('',#6116,#6117);
#6116 = CARTESIAN_POINT('',(-19.9361000061,18.771299362183,
    15.779500007629));
#6117 = VECTOR('',#6118,1.);
#6118 = DIRECTION('',(0.408616380914,0.408571702915,0.816150609156));
#6119 = ORIENTED_EDGE('',*,*,#3651,.F.);
#6120 = ORIENTED_EDGE('',*,*,#6121,.T.);
#6121 = EDGE_CURVE('',#3644,#6113,#6122,.T.);
#6122 = LINE('',#6123,#6124);
#6123 = CARTESIAN_POINT('',(-19.20140075683,19.506000518799,
    17.639699935913));
#6124 = VECTOR('',#6125,1.);
#6125 = DIRECTION('',(-0.344814763681,-0.344815658852,-0.873043492707));
#6126 = PLANE('',#6127);
#6127 = AXIS2_PLACEMENT_3D('',#6128,#6129,#6130);
#6128 = CARTESIAN_POINT('',(-19.50263647919,19.204736766119,
    16.746866247057));
#6129 = DIRECTION('',(0.706920173866,-0.707293323768,1.48103439388E-04)
  );
#6130 = DIRECTION('',(-0.707293331525,-0.706920181619,0.));
#6131 = ADVANCED_FACE('',(#6132),#6149,.T.);
#6132 = FACE_BOUND('',#6133,.T.);
#6133 = EDGE_LOOP('',(#6134,#6142,#6143));
#6134 = ORIENTED_EDGE('',*,*,#6135,.T.);
#6135 = EDGE_CURVE('',#6136,#3644,#6138,.T.);
#6136 = VERTEX_POINT('',#6137);
#6137 = CARTESIAN_POINT('',(-20.26790046691,18.439500808716,
    16.010900497437));
#6138 = LINE('',#6139,#6140);
#6139 = CARTESIAN_POINT('',(-20.26790046691,18.439500808716,
    16.010900497437));
#6140 = VECTOR('',#6141,1.);
#6141 = DIRECTION('',(0.480433015541,0.480433015541,0.733735807465));
#6142 = ORIENTED_EDGE('',*,*,#3743,.F.);
#6143 = ORIENTED_EDGE('',*,*,#6144,.F.);
#6144 = EDGE_CURVE('',#6136,#3736,#6145,.T.);
#6145 = LINE('',#6146,#6147);
#6146 = CARTESIAN_POINT('',(-20.26790046691,18.439500808716,
    16.010900497437));
#6147 = VECTOR('',#6148,1.);
#6148 = DIRECTION('',(0.422445781751,0.422398337256,0.80194713427));
#6149 = PLANE('',#6150);
#6150 = AXIS2_PLACEMENT_3D('',#6151,#6152,#6153);
#6151 = CARTESIAN_POINT('',(-19.74886977748,18.958505349855,
    16.889986418509));
#6152 = DIRECTION('',(0.707270118933,-0.706943373327,-2.139453672204E-04
    ));
#6153 = DIRECTION('',(0.706943389507,0.70727013512,-1.355252715607E-20)
  );
#6154 = ADVANCED_FACE('',(#6155),#6172,.T.);
#6155 = FACE_BOUND('',#6156,.T.);
#6156 = EDGE_LOOP('',(#6157,#6165,#6171));
#6157 = ORIENTED_EDGE('',*,*,#6158,.T.);
#6158 = EDGE_CURVE('',#3736,#6159,#6161,.T.);
#6159 = VERTEX_POINT('',#6160);
#6160 = CARTESIAN_POINT('',(-20.57550048828,18.131799697876,
    16.301599502563));
#6161 = LINE('',#6162,#6163);
#6162 = CARTESIAN_POINT('',(-19.36779975891,19.339500427246,
    17.71960067749));
#6163 = VECTOR('',#6164,1.);
#6164 = DIRECTION('',(-0.544041934488,-0.544041934488,-0.638777541118));
#6165 = ORIENTED_EDGE('',*,*,#6166,.F.);
#6166 = EDGE_CURVE('',#6136,#6159,#6167,.T.);
#6167 = LINE('',#6168,#6169);
#6168 = CARTESIAN_POINT('',(-20.26790046691,18.439500808716,
    16.010900497437));
#6169 = VECTOR('',#6170,1.);
#6170 = DIRECTION('',(-0.587850291693,-0.588043482443,0.555550985341));
#6171 = ORIENTED_EDGE('',*,*,#6144,.T.);
#6172 = PLANE('',#6173);
#6173 = AXIS2_PLACEMENT_3D('',#6174,#6175,#6176);
#6174 = CARTESIAN_POINT('',(-19.95273157909,18.754596130305,
    16.855332929573));
#6175 = DIRECTION('',(0.707171143902,-0.70704240411,-1.096466932978E-04)
  );
#6176 = DIRECTION('',(0.707042408361,0.707171148153,-6.776263578034E-21)
  );
#6177 = ADVANCED_FACE('',(#6178),#6188,.T.);
#6178 = FACE_BOUND('',#6179,.T.);
#6179 = EDGE_LOOP('',(#6180,#6181,#6182));
#6180 = ORIENTED_EDGE('',*,*,#6158,.F.);
#6181 = ORIENTED_EDGE('',*,*,#3789,.F.);
#6182 = ORIENTED_EDGE('',*,*,#6183,.T.);
#6183 = EDGE_CURVE('',#3782,#6159,#6184,.T.);
#6184 = LINE('',#6185,#6186);
#6185 = CARTESIAN_POINT('',(-19.52540016174,19.181900024414,
    17.829599380493));
#6186 = VECTOR('',#6187,1.);
#6187 = DIRECTION('',(-0.49282537532,-0.49282537532,-0.717109683997));
#6188 = PLANE('',#6189);
#6189 = AXIS2_PLACEMENT_3D('',#6190,#6191,#6192);
#6190 = CARTESIAN_POINT('',(-19.97978330452,18.727516881636,
    17.077368591373));
#6191 = DIRECTION('',(0.707106781187,-0.707106781187,-0.));
#6192 = DIRECTION('',(-0.707106781187,-0.707106781187,0.));
#6193 = ADVANCED_FACE('',(#6194),#6211,.T.);
#6194 = FACE_BOUND('',#6195,.T.);
#6195 = EDGE_LOOP('',(#6196,#6197,#6205));
#6196 = ORIENTED_EDGE('',*,*,#6183,.F.);
#6197 = ORIENTED_EDGE('',*,*,#6198,.F.);
#6198 = EDGE_CURVE('',#6199,#3782,#6201,.T.);
#6199 = VERTEX_POINT('',#6200);
#6200 = CARTESIAN_POINT('',(-19.67160034179,19.035800933838,
    17.967599868774));
#6201 = LINE('',#6202,#6203);
#6202 = CARTESIAN_POINT('',(-19.67160034179,19.035800933838,
    17.967599868774));
#6203 = VECTOR('',#6204,1.);
#6204 = DIRECTION('',(0.58827677947,0.587870018054,-0.555283056297));
#6205 = ORIENTED_EDGE('',*,*,#6206,.T.);
#6206 = EDGE_CURVE('',#6199,#6159,#6207,.T.);
#6207 = LINE('',#6208,#6209);
#6208 = CARTESIAN_POINT('',(-19.67160034179,19.035800933838,
    17.967599868774));
#6209 = VECTOR('',#6210,1.);
#6210 = DIRECTION('',(-0.430437868384,-0.430486007262,-0.793350514598));
#6211 = PLANE('',#6212);
#6212 = AXIS2_PLACEMENT_3D('',#6213,#6214,#6215);
#6213 = CARTESIAN_POINT('',(-20.05964538633,18.647681300487,
    17.144165419344));
#6214 = DIRECTION('',(0.706958443163,-0.707255058722,2.038456283815E-04)
  );
#6215 = DIRECTION('',(-0.707255073416,-0.706958457851,0.));
#6216 = ADVANCED_FACE('',(#6217),#6234,.T.);
#6217 = FACE_BOUND('',#6218,.T.);
#6218 = EDGE_LOOP('',(#6219,#6220,#6228));
#6219 = ORIENTED_EDGE('',*,*,#6206,.F.);
#6220 = ORIENTED_EDGE('',*,*,#6221,.F.);
#6221 = EDGE_CURVE('',#6222,#6199,#6224,.T.);
#6222 = VERTEX_POINT('',#6223);
#6223 = CARTESIAN_POINT('',(-19.8036994934,18.903699874878,
    18.131500244141));
#6224 = LINE('',#6225,#6226);
#6225 = CARTESIAN_POINT('',(-19.8036994934,18.903699874878,
    18.131500244141));
#6226 = VECTOR('',#6227,1.);
#6227 = DIRECTION('',(0.531534658297,0.531542333001,-0.659495000175));
#6228 = ORIENTED_EDGE('',*,*,#6229,.T.);
#6229 = EDGE_CURVE('',#6222,#6159,#6230,.T.);
#6230 = LINE('',#6231,#6232);
#6231 = CARTESIAN_POINT('',(-19.8036994934,18.903699874878,
    18.131500244141));
#6232 = VECTOR('',#6233,1.);
#6233 = DIRECTION('',(-0.362222424068,-0.362268972326,-0.858810868115));
#6234 = PLANE('',#6235);
#6235 = AXIS2_PLACEMENT_3D('',#6236,#6237,#6238);
#6236 = CARTESIAN_POINT('',(-20.13355858573,18.573794443005,
    17.224347862278));
#6237 = DIRECTION('',(0.707125739629,-0.707087821883,2.233209721181E-05)
  );
#6238 = DIRECTION('',(0.707087822059,0.707125739805,3.388131789017E-21)
  );
#6239 = ADVANCED_FACE('',(#6240),#6257,.T.);
#6240 = FACE_BOUND('',#6241,.T.);
#6241 = EDGE_LOOP('',(#6242,#6243,#6251));
#6242 = ORIENTED_EDGE('',*,*,#6229,.F.);
#6243 = ORIENTED_EDGE('',*,*,#6244,.F.);
#6244 = EDGE_CURVE('',#6245,#6222,#6247,.T.);
#6245 = VERTEX_POINT('',#6246);
#6246 = CARTESIAN_POINT('',(-19.91959953308,18.787799835205,
    18.318399429321));
#6247 = LINE('',#6248,#6249);
#6248 = CARTESIAN_POINT('',(-19.91959953308,18.787799835205,
    18.318399429321));
#6249 = VECTOR('',#6250,1.);
#6250 = DIRECTION('',(0.466229861227,0.466229861227,-0.751837371378));
#6251 = ORIENTED_EDGE('',*,*,#6252,.T.);
#6252 = EDGE_CURVE('',#6245,#6159,#6253,.T.);
#6253 = LINE('',#6254,#6255);
#6254 = CARTESIAN_POINT('',(-19.91959953308,18.787799835205,
    18.318399429321));
#6255 = VECTOR('',#6256,1.);
#6256 = DIRECTION('',(-0.295462146081,-0.295506824419,-0.908503074819));
#6257 = PLANE('',#6258);
#6258 = AXIS2_PLACEMENT_3D('',#6259,#6260,#6261);
#6259 = CARTESIAN_POINT('',(-20.19984492869,18.507507528938,
    17.316159361356));
#6260 = DIRECTION('',(0.707125172664,-0.707088388863,2.281039408181E-05)
  );
#6261 = DIRECTION('',(0.707088389047,0.707125172848,0.));
#6262 = ADVANCED_FACE('',(#6263),#6273,.T.);
#6263 = FACE_BOUND('',#6264,.T.);
#6264 = EDGE_LOOP('',(#6265,#6266,#6272));
#6265 = ORIENTED_EDGE('',*,*,#6112,.F.);
#6266 = ORIENTED_EDGE('',*,*,#6267,.F.);
#6267 = EDGE_CURVE('',#2074,#6113,#6268,.T.);
#6268 = LINE('',#6269,#6270);
#6269 = CARTESIAN_POINT('',(-19.58569908142,19.121599197388,
    15.611300468445));
#6270 = VECTOR('',#6271,1.);
#6271 = DIRECTION('',(-0.669673174919,-0.669479976481,0.321456684305));
#6272 = ORIENTED_EDGE('',*,*,#2095,.F.);
#6273 = PLANE('',#6274);
#6274 = AXIS2_PLACEMENT_3D('',#6275,#6276,#6277);
#6275 = CARTESIAN_POINT('',(-19.43583821803,19.271489359815,
    16.542352021088));
#6276 = DIRECTION('',(0.707017037402,-0.707196511733,5.114255480007E-05)
  );
#6277 = DIRECTION('',(-0.707196512658,-0.707017038326,0.));
#6278 = ADVANCED_FACE('',(#6279),#6294,.T.);
#6279 = FACE_BOUND('',#6280,.T.);
#6280 = EDGE_LOOP('',(#6281,#6282,#6288));
#6281 = ORIENTED_EDGE('',*,*,#6252,.F.);
#6282 = ORIENTED_EDGE('',*,*,#6283,.F.);
#6283 = EDGE_CURVE('',#4353,#6245,#6284,.T.);
#6284 = LINE('',#6285,#6286);
#6285 = CARTESIAN_POINT('',(-20.01720046997,18.690200805664,
    18.52499961853));
#6286 = VECTOR('',#6287,1.);
#6287 = DIRECTION('',(0.39281469574,0.39280701923,-0.831504215536));
#6288 = ORIENTED_EDGE('',*,*,#6289,.T.);
#6289 = EDGE_CURVE('',#4353,#6159,#6290,.T.);
#6290 = LINE('',#6291,#6292);
#6291 = CARTESIAN_POINT('',(-20.01720046997,18.690200805664,
    18.52499961853));
#6292 = VECTOR('',#6293,1.);
#6293 = DIRECTION('',(-0.236622641798,-0.236665486252,-0.942337080352));
#6294 = PLANE('',#6295);
#6295 = AXIS2_PLACEMENT_3D('',#6296,#6297,#6298);
#6296 = CARTESIAN_POINT('',(-20.25703319545,18.450319649143,
    17.417698060989));
#6297 = DIRECTION('',(0.707124486472,-0.707089075075,2.325675942868E-05)
  );
#6298 = DIRECTION('',(0.707089075266,0.707124486663,0.));
#6299 = ADVANCED_FACE('',(#6300),#6310,.T.);
#6300 = FACE_BOUND('',#6301,.T.);
#6301 = EDGE_LOOP('',(#6302,#6303,#6304));
#6302 = ORIENTED_EDGE('',*,*,#6289,.F.);
#6303 = ORIENTED_EDGE('',*,*,#4377,.F.);
#6304 = ORIENTED_EDGE('',*,*,#6305,.T.);
#6305 = EDGE_CURVE('',#4224,#6159,#6306,.T.);
#6306 = LINE('',#6307,#6308);
#6307 = CARTESIAN_POINT('',(-20.09490013122,18.612400054932,
    18.747900009155));
#6308 = VECTOR('',#6309,1.);
#6309 = DIRECTION('',(-0.189289925163,-0.189289925163,-0.963503320422));
#6310 = PLANE('',#6311);
#6311 = AXIS2_PLACEMENT_3D('',#6312,#6313,#6314);
#6312 = CARTESIAN_POINT('',(-20.30391083046,18.403414967026,
    17.527342808725));
#6313 = DIRECTION('',(0.707400776225,-0.706812654419,-1.155424483213E-04
    ));
#6314 = DIRECTION('',(0.706812659137,0.707400780947,0.));
#6315 = ADVANCED_FACE('',(#6316),#6326,.T.);
#6316 = FACE_BOUND('',#6317,.T.);
#6317 = EDGE_LOOP('',(#6318,#6319,#6320));
#6318 = ORIENTED_EDGE('',*,*,#6305,.F.);
#6319 = ORIENTED_EDGE('',*,*,#4255,.F.);
#6320 = ORIENTED_EDGE('',*,*,#6321,.T.);
#6321 = EDGE_CURVE('',#4248,#6159,#6322,.T.);
#6322 = LINE('',#6323,#6324);
#6323 = CARTESIAN_POINT('',(-20.15139961242,18.555999755859,
    18.983200073242));
#6324 = VECTOR('',#6325,1.);
#6325 = DIRECTION('',(-0.154338049029,-0.154374143216,-0.975883389821));
#6326 = PLANE('',#6327);
#6327 = AXIS2_PLACEMENT_3D('',#6328,#6329,#6330);
#6328 = CARTESIAN_POINT('',(-20.33970549722,18.367621533306,
    17.643341334491));
#6329 = DIRECTION('',(0.706765172935,-0.707448211757,1.341898514919E-04)
  );
#6330 = DIRECTION('',(-0.707448218127,-0.706765179299,
    -1.355252715607E-20));
#6331 = ADVANCED_FACE('',(#6332),#6349,.T.);
#6332 = FACE_BOUND('',#6333,.T.);
#6333 = EDGE_LOOP('',(#6334,#6335,#6343));
#6334 = ORIENTED_EDGE('',*,*,#6321,.F.);
#6335 = ORIENTED_EDGE('',*,*,#6336,.F.);
#6336 = EDGE_CURVE('',#6337,#4248,#6339,.T.);
#6337 = VERTEX_POINT('',#6338);
#6338 = CARTESIAN_POINT('',(-20.18569946289,18.521699905396,
    19.226999282837));
#6339 = LINE('',#6340,#6341);
#6340 = CARTESIAN_POINT('',(-20.18569946289,18.521699905396,
    19.226999282837));
#6341 = VECTOR('',#6342,1.);
#6342 = DIRECTION('',(0.137984265239,0.137984265239,-0.980775552863));
#6343 = ORIENTED_EDGE('',*,*,#6344,.F.);
#6344 = EDGE_CURVE('',#6159,#6337,#6345,.T.);
#6345 = LINE('',#6346,#6347);
#6346 = CARTESIAN_POINT('',(-20.57550048828,18.131799697876,
    16.301599502563));
#6347 = VECTOR('',#6348,1.);
#6348 = DIRECTION('',(0.130941948103,0.13097526536,0.982700201532));
#6349 = PLANE('',#6350);
#6350 = AXIS2_PLACEMENT_3D('',#6351,#6352,#6353);
#6351 = CARTESIAN_POINT('',(-20.36388625938,18.343465581548,
    17.764019680134));
#6352 = DIRECTION('',(0.707150534728,-0.707063024831,1.231167399535E-05)
  );
#6353 = DIRECTION('',(0.707063024884,0.707150534781,-1.694065894509E-21)
  );
#6354 = ADVANCED_FACE('',(#6355),#6379,.T.);
#6355 = FACE_BOUND('',#6356,.T.);
#6356 = EDGE_LOOP('',(#6357,#6365,#6373));
#6357 = ORIENTED_EDGE('',*,*,#6358,.T.);
#6358 = EDGE_CURVE('',#6359,#2119,#6361,.T.);
#6359 = VERTEX_POINT('',#6360);
#6360 = CARTESIAN_POINT('',(-20.60849952697,16.,18.952899932861));
#6361 = LINE('',#6362,#6363);
#6362 = CARTESIAN_POINT('',(-20.60849952697,16.,18.952899932861));
#6363 = VECTOR('',#6364,1.);
#6364 = DIRECTION('',(-0.682226226854,0.651532615883,0.331771948534));
#6365 = ORIENTED_EDGE('',*,*,#6366,.T.);
#6366 = EDGE_CURVE('',#2119,#6367,#6369,.T.);
#6367 = VERTEX_POINT('',#6368);
#6368 = CARTESIAN_POINT('',(-20.65690040588,16.,19.47500038147));
#6369 = LINE('',#6370,#6371);
#6370 = CARTESIAN_POINT('',(-21.68210029602,17.025299072266,
    19.47500038147));
#6371 = VECTOR('',#6372,1.);
#6372 = DIRECTION('',(0.707072577779,-0.70714098294,0.));
#6373 = ORIENTED_EDGE('',*,*,#6374,.F.);
#6374 = EDGE_CURVE('',#6359,#6367,#6375,.T.);
#6375 = LINE('',#6376,#6377);
#6376 = CARTESIAN_POINT('',(-20.60849952697,16.,18.952899932861));
#6377 = VECTOR('',#6378,1.);
#6378 = DIRECTION('',(-9.230834800135E-02,0.,0.995730470001));
#6379 = PLANE('',#6380);
#6380 = AXIS2_PLACEMENT_3D('',#6381,#6382,#6383);
#6381 = CARTESIAN_POINT('',(-21.07943411529,16.436886501106,
    19.320632649477));
#6382 = DIRECTION('',(0.70562641286,0.705558154211,6.541449763723E-02));
#6383 = DIRECTION('',(-0.707072577779,0.70714098294,0.));
#6384 = ADVANCED_FACE('',(#6385),#6402,.T.);
#6385 = FACE_BOUND('',#6386,.T.);
#6386 = EDGE_LOOP('',(#6387,#6388,#6396));
#6387 = ORIENTED_EDGE('',*,*,#6358,.F.);
#6388 = ORIENTED_EDGE('',*,*,#6389,.T.);
#6389 = EDGE_CURVE('',#6359,#6390,#6392,.T.);
#6390 = VERTEX_POINT('',#6391);
#6391 = CARTESIAN_POINT('',(-21.65789985656,17.04940032959,
    18.952899932861));
#6392 = LINE('',#6393,#6394);
#6393 = CARTESIAN_POINT('',(-20.60849952697,16.,18.952899932861));
#6394 = VECTOR('',#6395,1.);
#6395 = DIRECTION('',(-0.707106781187,0.707106781187,0.));
#6396 = ORIENTED_EDGE('',*,*,#6397,.T.);
#6397 = EDGE_CURVE('',#6390,#2119,#6398,.T.);
#6398 = LINE('',#6399,#6400);
#6399 = CARTESIAN_POINT('',(-21.65789985656,17.04940032959,
    18.952899932861));
#6400 = VECTOR('',#6401,1.);
#6401 = DIRECTION('',(-4.625321196291E-02,-4.60636496188E-02,
    0.997867115686));
#6402 = PLANE('',#6403);
#6403 = AXIS2_PLACEMENT_3D('',#6404,#6405,#6406);
#6404 = CARTESIAN_POINT('',(-21.21694933266,16.594307906338,
    19.105761891913));
#6405 = DIRECTION('',(0.705598610563,0.705598610563,6.527787942871E-02)
  );
#6406 = DIRECTION('',(0.707106781187,-0.707106781187,0.));
#6407 = ADVANCED_FACE('',(#6408),#6423,.T.);
#6408 = FACE_BOUND('',#6409,.T.);
#6409 = EDGE_LOOP('',(#6410,#6416,#6417));
#6410 = ORIENTED_EDGE('',*,*,#6411,.T.);
#6411 = EDGE_CURVE('',#6337,#2119,#6412,.T.);
#6412 = LINE('',#6413,#6414);
#6413 = CARTESIAN_POINT('',(-20.18569946289,18.521699905396,
    19.226999282837));
#6414 = VECTOR('',#6415,1.);
#6415 = DIRECTION('',(-0.70230070155,-0.70230070155,0.116393510147));
#6416 = ORIENTED_EDGE('',*,*,#6397,.F.);
#6417 = ORIENTED_EDGE('',*,*,#6418,.T.);
#6418 = EDGE_CURVE('',#6390,#6337,#6419,.T.);
#6419 = LINE('',#6420,#6421);
#6420 = CARTESIAN_POINT('',(-21.65789985656,17.04940032959,
    18.952899932861));
#6421 = VECTOR('',#6422,1.);
#6422 = DIRECTION('',(0.701034255404,0.701081484076,0.130520976996));
#6423 = PLANE('',#6424);
#6424 = AXIS2_PLACEMENT_3D('',#6425,#6426,#6427);
#6425 = CARTESIAN_POINT('',(-21.00956901323,17.697802990527,
    19.220598760839));
#6426 = DIRECTION('',(0.707117991763,-0.707095557476,1.35365067234E-04)
  );
#6427 = DIRECTION('',(0.707095563954,0.707117998241,0.));
#6428 = ADVANCED_FACE('',(#6429),#6446,.T.);
#6429 = FACE_BOUND('',#6430,.T.);
#6430 = EDGE_LOOP('',(#6431,#6432,#6440));
#6431 = ORIENTED_EDGE('',*,*,#6418,.F.);
#6432 = ORIENTED_EDGE('',*,*,#6433,.F.);
#6433 = EDGE_CURVE('',#6434,#6390,#6436,.T.);
#6434 = VERTEX_POINT('',#6435);
#6435 = CARTESIAN_POINT('',(-21.58569908142,17.121599197388,
    18.439699172974));
#6436 = LINE('',#6437,#6438);
#6437 = CARTESIAN_POINT('',(-21.58569908142,17.121599197388,
    18.439699172974));
#6438 = VECTOR('',#6439,1.);
#6439 = DIRECTION('',(-0.137982695304,-0.137979050175,0.980776507421));
#6440 = ORIENTED_EDGE('',*,*,#6441,.F.);
#6441 = EDGE_CURVE('',#6337,#6434,#6442,.T.);
#6442 = LINE('',#6443,#6444);
#6443 = CARTESIAN_POINT('',(-20.18569946289,18.521699905396,
    19.226999282837));
#6444 = VECTOR('',#6445,1.);
#6445 = DIRECTION('',(-0.657043521123,-0.657090964126,-0.369493269511));
#6446 = PLANE('',#6447);
#6447 = AXIS2_PLACEMENT_3D('',#6448,#6449,#6450);
#6448 = CARTESIAN_POINT('',(-20.9826656837,17.724678102827,
    18.931614498491));
#6449 = DIRECTION('',(0.707129752547,-0.707083809021,9.091595137051E-06)
  );
#6450 = DIRECTION('',(0.70708380905,0.707129752576,8.470329472543E-22));
#6451 = ADVANCED_FACE('',(#6452),#6476,.T.);
#6452 = FACE_BOUND('',#6453,.T.);
#6453 = EDGE_LOOP('',(#6454,#6462,#6470));
#6454 = ORIENTED_EDGE('',*,*,#6455,.T.);
#6455 = EDGE_CURVE('',#6456,#6434,#6458,.T.);
#6456 = VERTEX_POINT('',#6457);
#6457 = CARTESIAN_POINT('',(-20.22629928588,16.,17.944299697876));
#6458 = LINE('',#6459,#6460);
#6459 = CARTESIAN_POINT('',(-20.22629928588,16.,17.944299697876));
#6460 = VECTOR('',#6461,1.);
#6461 = DIRECTION('',(-0.742567271424,0.612669546055,0.270610189657));
#6462 = ORIENTED_EDGE('',*,*,#6463,.F.);
#6463 = EDGE_CURVE('',#6464,#6434,#6466,.T.);
#6464 = VERTEX_POINT('',#6465);
#6465 = CARTESIAN_POINT('',(-20.46409988403,16.,18.439699172974));
#6466 = LINE('',#6467,#6468);
#6467 = CARTESIAN_POINT('',(-20.46409988403,16.,18.439699172974));
#6468 = VECTOR('',#6469,1.);
#6469 = DIRECTION('',(-0.707106781187,0.707106781187,0.));
#6470 = ORIENTED_EDGE('',*,*,#6471,.F.);
#6471 = EDGE_CURVE('',#6456,#6464,#6472,.T.);
#6472 = LINE('',#6473,#6474);
#6473 = CARTESIAN_POINT('',(-20.22629928588,16.,17.944299697876));
#6474 = VECTOR('',#6475,1.);
#6475 = DIRECTION('',(-0.432744156947,0.,0.901516774457));
#6476 = PLANE('',#6477);
#6477 = AXIS2_PLACEMENT_3D('',#6478,#6479,#6480);
#6478 = CARTESIAN_POINT('',(-20.87585276754,16.483104120604,
    18.291056294532));
#6479 = DIRECTION('',(0.669586905671,0.669586905671,0.321413676603));
#6480 = DIRECTION('',(0.707106781187,-0.707106781187,0.));
#6481 = ADVANCED_FACE('',(#6482),#6499,.T.);
#6482 = FACE_BOUND('',#6483,.T.);
#6483 = EDGE_LOOP('',(#6484,#6485,#6493));
#6484 = ORIENTED_EDGE('',*,*,#6455,.F.);
#6485 = ORIENTED_EDGE('',*,*,#6486,.T.);
#6486 = EDGE_CURVE('',#6456,#6487,#6489,.T.);
#6487 = VERTEX_POINT('',#6488);
#6488 = CARTESIAN_POINT('',(-21.46680068969,17.240600585938,
    17.944299697876));
#6489 = LINE('',#6490,#6491);
#6490 = CARTESIAN_POINT('',(-20.22629928588,16.,17.944299697876));
#6491 = VECTOR('',#6492,1.);
#6492 = DIRECTION('',(-0.707078514006,0.707135047237,0.));
#6493 = ORIENTED_EDGE('',*,*,#6494,.T.);
#6494 = EDGE_CURVE('',#6487,#6434,#6495,.T.);
#6495 = LINE('',#6496,#6497);
#6496 = CARTESIAN_POINT('',(-21.46680068969,17.240600585938,
    17.944299697876));
#6497 = VECTOR('',#6498,1.);
#6498 = DIRECTION('',(-0.227260348396,-0.227457214764,0.946898067111));
#6499 = PLANE('',#6500);
#6500 = AXIS2_PLACEMENT_3D('',#6501,#6502,#6503);
#6501 = CARTESIAN_POINT('',(-20.95959989916,16.665203344834,
    18.086221001943));
#6502 = DIRECTION('',(0.669584817156,0.669531285949,0.321533870331));
#6503 = DIRECTION('',(-0.707078514006,0.707135047237,2.775557561563E-17)
  );
#6504 = ADVANCED_FACE('',(#6505),#6522,.T.);
#6505 = FACE_BOUND('',#6506,.T.);
#6506 = EDGE_LOOP('',(#6507,#6515,#6516));
#6507 = ORIENTED_EDGE('',*,*,#6508,.T.);
#6508 = EDGE_CURVE('',#6509,#6487,#6511,.T.);
#6509 = VERTEX_POINT('',#6510);
#6510 = CARTESIAN_POINT('',(-19.89900016784,16.,17.47500038147));
#6511 = LINE('',#6512,#6513);
#6512 = CARTESIAN_POINT('',(-19.89900016784,16.,17.47500038147));
#6513 = VECTOR('',#6514,1.);
#6514 = DIRECTION('',(-0.763434891752,0.604106045911,0.228523634115));
#6515 = ORIENTED_EDGE('',*,*,#6486,.F.);
#6516 = ORIENTED_EDGE('',*,*,#6517,.F.);
#6517 = EDGE_CURVE('',#6509,#6456,#6518,.T.);
#6518 = LINE('',#6519,#6520);
#6519 = CARTESIAN_POINT('',(-19.89900016784,16.,17.47500038147));
#6520 = VECTOR('',#6521,1.);
#6521 = DIRECTION('',(-0.572041684607,0.,0.820224549177));
#6522 = PLANE('',#6523);
#6523 = AXIS2_PLACEMENT_3D('',#6524,#6525,#6526);
#6524 = CARTESIAN_POINT('',(-20.66742732985,16.539273727219,
    17.803634885458));
#6525 = DIRECTION('',(0.634203787414,0.634153084808,0.442306930828));
#6526 = DIRECTION('',(-0.707078514006,0.707135047237,2.775557561563E-17)
  );
#6527 = ADVANCED_FACE('',(#6528),#6545,.T.);
#6528 = FACE_BOUND('',#6529,.T.);
#6529 = EDGE_LOOP('',(#6530,#6531,#6539));
#6530 = ORIENTED_EDGE('',*,*,#6508,.F.);
#6531 = ORIENTED_EDGE('',*,*,#6532,.F.);
#6532 = EDGE_CURVE('',#6533,#6509,#6535,.T.);
#6533 = VERTEX_POINT('',#6534);
#6534 = CARTESIAN_POINT('',(-21.30319976806,17.40419960022,
    17.47500038147));
#6535 = LINE('',#6536,#6537);
#6536 = CARTESIAN_POINT('',(-21.30319976806,17.40419960022,
    17.47500038147));
#6537 = VECTOR('',#6538,1.);
#6538 = DIRECTION('',(0.707106781187,-0.707106781187,0.));
#6539 = ORIENTED_EDGE('',*,*,#6540,.T.);
#6540 = EDGE_CURVE('',#6533,#6487,#6541,.T.);
#6541 = LINE('',#6542,#6543);
#6542 = CARTESIAN_POINT('',(-21.30319976806,17.40419960022,
    17.47500038147));
#6543 = VECTOR('',#6544,1.);
#6544 = DIRECTION('',(-0.31267375692,-0.312670111599,0.896923922664));
#6545 = PLANE('',#6546);
#6546 = AXIS2_PLACEMENT_3D('',#6547,#6548,#6549);
#6547 = CARTESIAN_POINT('',(-20.72781228791,16.736416523985,
    17.607522382001));
#6548 = DIRECTION('',(0.634220987926,0.634220987926,0.442184890004));
#6549 = DIRECTION('',(0.707106781187,-0.707106781187,0.));
#6550 = ADVANCED_FACE('',(#6551),#6577,.T.);
#6551 = FACE_BOUND('',#6552,.T.);
#6552 = EDGE_LOOP('',(#6553,#6563,#6571));
#6553 = ORIENTED_EDGE('',*,*,#6554,.T.);
#6554 = EDGE_CURVE('',#6555,#6557,#6559,.T.);
#6555 = VERTEX_POINT('',#6556);
#6556 = CARTESIAN_POINT('',(-20.85370063781,17.853700637817,
    16.646600723267));
#6557 = VERTEX_POINT('',#6558);
#6558 = CARTESIAN_POINT('',(-19.48789978027,16.,17.040000915527));
#6559 = LINE('',#6560,#6561);
#6560 = CARTESIAN_POINT('',(-20.85370063781,17.853700637817,
    16.646600723267));
#6561 = VECTOR('',#6562,1.);
#6562 = DIRECTION('',(0.584702576133,-0.793573625557,0.168415552381));
#6563 = ORIENTED_EDGE('',*,*,#6564,.F.);
#6564 = EDGE_CURVE('',#6565,#6557,#6567,.T.);
#6565 = VERTEX_POINT('',#6566);
#6566 = CARTESIAN_POINT('',(-19.,16.,16.646600723267));
#6567 = LINE('',#6568,#6569);
#6568 = CARTESIAN_POINT('',(-19.,16.,16.646600723267));
#6569 = VECTOR('',#6570,1.);
#6570 = DIRECTION('',(-0.778465564623,0.,0.62768731443));
#6571 = ORIENTED_EDGE('',*,*,#6572,.F.);
#6572 = EDGE_CURVE('',#6555,#6565,#6573,.T.);
#6573 = LINE('',#6574,#6575);
#6574 = CARTESIAN_POINT('',(-20.85370063781,17.853700637817,
    16.646600723267));
#6575 = VECTOR('',#6576,1.);
#6576 = DIRECTION('',(0.707106781187,-0.707106781187,0.));
#6577 = PLANE('',#6578);
#6578 = AXIS2_PLACEMENT_3D('',#6579,#6580,#6581);
#6579 = CARTESIAN_POINT('',(-19.95224988246,16.82282413776,
    16.750958451861));
#6580 = DIRECTION('',(0.531634687939,0.531634687939,0.659339910183));
#6581 = DIRECTION('',(0.,0.778465564623,-0.62768731443));
#6582 = ADVANCED_FACE('',(#6583),#6600,.T.);
#6583 = FACE_BOUND('',#6584,.T.);
#6584 = EDGE_LOOP('',(#6585,#6586,#6594));
#6585 = ORIENTED_EDGE('',*,*,#6554,.F.);
#6586 = ORIENTED_EDGE('',*,*,#6587,.T.);
#6587 = EDGE_CURVE('',#6555,#6588,#6590,.T.);
#6588 = VERTEX_POINT('',#6589);
#6589 = CARTESIAN_POINT('',(-21.09760093689,17.609699249268,
    17.040000915527));
#6590 = LINE('',#6591,#6592);
#6591 = CARTESIAN_POINT('',(-20.85370063781,17.853700637817,
    16.646600723267));
#6592 = VECTOR('',#6593,1.);
#6593 = DIRECTION('',(-0.466128149331,-0.466321345695,0.751843701145));
#6594 = ORIENTED_EDGE('',*,*,#6595,.F.);
#6595 = EDGE_CURVE('',#6557,#6588,#6596,.T.);
#6596 = LINE('',#6597,#6598);
#6597 = CARTESIAN_POINT('',(-19.48789978027,16.,17.040000915527));
#6598 = VECTOR('',#6599,1.);
#6599 = DIRECTION('',(-0.707107200115,0.707106362258,0.));
#6600 = PLANE('',#6601);
#6601 = AXIS2_PLACEMENT_3D('',#6602,#6603,#6604);
#6602 = CARTESIAN_POINT('',(-20.30686043838,16.95477418311,
    16.930492214075));
#6603 = DIRECTION('',(0.531633469435,0.531634099373,0.659341367245));
#6604 = DIRECTION('',(2.775557561563E-17,0.778466581963,-0.62768605271)
  );
#6605 = ADVANCED_FACE('',(#6606),#6621,.T.);
#6606 = FACE_BOUND('',#6607,.T.);
#6607 = EDGE_LOOP('',(#6608,#6614,#6615));
#6608 = ORIENTED_EDGE('',*,*,#6609,.T.);
#6609 = EDGE_CURVE('',#6557,#6533,#6610,.T.);
#6610 = LINE('',#6611,#6612);
#6611 = CARTESIAN_POINT('',(-19.48789978027,16.,17.040000915527));
#6612 = VECTOR('',#6613,1.);
#6613 = DIRECTION('',(-0.777138962912,0.601144840178,0.186225437175));
#6614 = ORIENTED_EDGE('',*,*,#6532,.T.);
#6615 = ORIENTED_EDGE('',*,*,#6616,.F.);
#6616 = EDGE_CURVE('',#6557,#6509,#6617,.T.);
#6617 = LINE('',#6618,#6619);
#6618 = CARTESIAN_POINT('',(-19.48789978027,16.,17.040000915527));
#6619 = VECTOR('',#6620,1.);
#6620 = DIRECTION('',(-0.686859774923,0.,0.726789962502));
#6621 = PLANE('',#6622);
#6622 = AXIS2_PLACEMENT_3D('',#6623,#6624,#6625);
#6623 = CARTESIAN_POINT('',(-20.39310426896,16.616692936022,
    17.345284917012));
#6624 = DIRECTION('',(0.587916247839,0.587916247839,0.555615848455));
#6625 = DIRECTION('',(0.707106781187,-0.707106781187,2.775557561563E-17)
  );
#6626 = ADVANCED_FACE('',(#6627),#6637,.T.);
#6627 = FACE_BOUND('',#6628,.T.);
#6628 = EDGE_LOOP('',(#6629,#6630,#6631));
#6629 = ORIENTED_EDGE('',*,*,#6609,.F.);
#6630 = ORIENTED_EDGE('',*,*,#6595,.T.);
#6631 = ORIENTED_EDGE('',*,*,#6632,.T.);
#6632 = EDGE_CURVE('',#6588,#6533,#6633,.T.);
#6633 = LINE('',#6634,#6635);
#6634 = CARTESIAN_POINT('',(-21.09760093689,17.609699249268,
    17.040000915527));
#6635 = VECTOR('',#6636,1.);
#6636 = DIRECTION('',(-0.392973256898,-0.392783684205,0.831440314626));
#6637 = PLANE('',#6638);
#6638 = AXIS2_PLACEMENT_3D('',#6639,#6640,#6641);
#6639 = CARTESIAN_POINT('',(-20.43197630421,16.82964150227,
    17.161087999514));
#6640 = DIRECTION('',(0.587916741618,0.587917438246,0.555614066355));
#6641 = DIRECTION('',(0.707107200115,-0.707106362258,-2.775557561563E-17
    ));
#6642 = ADVANCED_FACE('',(#6643),#6658,.T.);
#6643 = FACE_BOUND('',#6644,.T.);
#6644 = EDGE_LOOP('',(#6645,#6651,#6652));
#6645 = ORIENTED_EDGE('',*,*,#6646,.T.);
#6646 = EDGE_CURVE('',#6337,#6588,#6647,.T.);
#6647 = LINE('',#6648,#6649);
#6648 = CARTESIAN_POINT('',(-20.18569946289,18.521699905396,
    19.226999282837));
#6649 = VECTOR('',#6650,1.);
#6650 = DIRECTION('',(-0.359164683554,-0.359203747772,-0.861378777121));
#6651 = ORIENTED_EDGE('',*,*,#6587,.F.);
#6652 = ORIENTED_EDGE('',*,*,#6653,.T.);
#6653 = EDGE_CURVE('',#6555,#6337,#6654,.T.);
#6654 = LINE('',#6655,#6656);
#6655 = CARTESIAN_POINT('',(-20.85370063781,17.853700637817,
    16.646600723267));
#6656 = VECTOR('',#6657,1.);
#6657 = DIRECTION('',(0.243095944701,0.243095250588,0.93904688957));
#6658 = PLANE('',#6659);
#6659 = AXIS2_PLACEMENT_3D('',#6660,#6661,#6662);
#6660 = CARTESIAN_POINT('',(-20.61405323663,18.093320531686,
    17.924277195369));
#6661 = DIRECTION('',(0.707209833715,-0.707003711584,-5.388250120672E-05
    ));
#6662 = DIRECTION('',(0.70700371261,0.707209834742,0.));
#6663 = ADVANCED_FACE('',(#6664),#6674,.T.);
#6664 = FACE_BOUND('',#6665,.T.);
#6665 = EDGE_LOOP('',(#6666,#6672,#6673));
#6666 = ORIENTED_EDGE('',*,*,#6667,.T.);
#6667 = EDGE_CURVE('',#6337,#6533,#6668,.T.);
#6668 = LINE('',#6669,#6670);
#6669 = CARTESIAN_POINT('',(-20.18569946289,18.521699905396,
    19.226999282837));
#6670 = VECTOR('',#6671,1.);
#6671 = DIRECTION('',(-0.473622790795,-0.473622790795,-0.742538149915));
#6672 = ORIENTED_EDGE('',*,*,#6632,.F.);
#6673 = ORIENTED_EDGE('',*,*,#6646,.F.);
#6674 = PLANE('',#6675);
#6675 = AXIS2_PLACEMENT_3D('',#6676,#6677,#6678);
#6676 = CARTESIAN_POINT('',(-20.74030789908,17.96706346006,
    18.143621173524));
#6677 = DIRECTION('',(0.707034175242,-0.707179373612,9.261377006776E-05)
  );
#6678 = DIRECTION('',(-0.707179376645,-0.707034178274,0.));
#6679 = ADVANCED_FACE('',(#6680),#6690,.T.);
#6680 = FACE_BOUND('',#6681,.T.);
#6681 = EDGE_LOOP('',(#6682,#6683,#6689));
#6682 = ORIENTED_EDGE('',*,*,#6653,.F.);
#6683 = ORIENTED_EDGE('',*,*,#6684,.F.);
#6684 = EDGE_CURVE('',#6159,#6555,#6685,.T.);
#6685 = LINE('',#6686,#6687);
#6686 = CARTESIAN_POINT('',(-20.57550048828,18.131799697876,
    16.301599502563));
#6687 = VECTOR('',#6688,1.);
#6688 = DIRECTION('',(-0.531706736355,-0.53151353029,0.659379491365));
#6689 = ORIENTED_EDGE('',*,*,#6344,.T.);
#6690 = PLANE('',#6691);
#6691 = AXIS2_PLACEMENT_3D('',#6692,#6693,#6694);
#6692 = CARTESIAN_POINT('',(-20.46974641415,18.237625672631,
    17.732121712959));
#6693 = DIRECTION('',(0.707009264957,-0.707204282205,4.996238484236E-05)
  );
#6694 = DIRECTION('',(-0.707204283088,-0.707009265839,0.));
#6695 = ADVANCED_FACE('',(#6696),#6706,.T.);
#6696 = FACE_BOUND('',#6697,.T.);
#6697 = EDGE_LOOP('',(#6698,#6699,#6700));
#6698 = ORIENTED_EDGE('',*,*,#6441,.T.);
#6699 = ORIENTED_EDGE('',*,*,#6494,.F.);
#6700 = ORIENTED_EDGE('',*,*,#6701,.T.);
#6701 = EDGE_CURVE('',#6487,#6337,#6702,.T.);
#6702 = LINE('',#6703,#6704);
#6703 = CARTESIAN_POINT('',(-21.46680068969,17.240600585938,
    17.944299697876));
#6704 = VECTOR('',#6705,1.);
#6705 = DIRECTION('',(0.577110446258,0.577109587035,0.577830474596));
#6706 = PLANE('',#6707);
#6707 = AXIS2_PLACEMENT_3D('',#6708,#6709,#6710);
#6708 = CARTESIAN_POINT('',(-20.92738254555,17.779989836221,
    18.651683774452));
#6709 = DIRECTION('',(0.707165682932,-0.707047864567,-1.187229191841E-04
    ));
#6710 = DIRECTION('',(0.70704786955,0.707165687916,-6.776263578034E-21)
  );
#6711 = ADVANCED_FACE('',(#6712),#6717,.T.);
#6712 = FACE_BOUND('',#6713,.T.);
#6713 = EDGE_LOOP('',(#6714,#6715,#6716));
#6714 = ORIENTED_EDGE('',*,*,#6701,.F.);
#6715 = ORIENTED_EDGE('',*,*,#6540,.F.);
#6716 = ORIENTED_EDGE('',*,*,#6667,.F.);
#6717 = PLANE('',#6718);
#6718 = AXIS2_PLACEMENT_3D('',#6719,#6720,#6721);
#6719 = CARTESIAN_POINT('',(-20.84572069037,17.8616791906,
    18.387317555442));
#6720 = DIRECTION('',(0.707105324514,-0.707108237853,1.858253170121E-06)
  );
#6721 = DIRECTION('',(-0.707108237855,-0.707105324515,0.));
#6722 = ADVANCED_FACE('',(#6723),#6733,.T.);
#6723 = FACE_BOUND('',#6724,.T.);
#6724 = EDGE_LOOP('',(#6725,#6726,#6732));
#6725 = ORIENTED_EDGE('',*,*,#6135,.F.);
#6726 = ORIENTED_EDGE('',*,*,#6727,.F.);
#6727 = EDGE_CURVE('',#6113,#6136,#6728,.T.);
#6728 = LINE('',#6729,#6730);
#6729 = CARTESIAN_POINT('',(-19.9361000061,18.771299362183,
    15.779500007629));
#6730 = VECTOR('',#6731,1.);
#6731 = DIRECTION('',(-0.634187040082,-0.63418339447,0.442287486111));
#6732 = ORIENTED_EDGE('',*,*,#6121,.F.);
#6733 = PLANE('',#6734);
#6734 = AXIS2_PLACEMENT_3D('',#6735,#6736,#6737);
#6735 = CARTESIAN_POINT('',(-19.70155691069,19.005843845638,
    16.674874022052));
#6736 = DIRECTION('',(0.707105385925,-0.707108176443,1.827165254166E-06)
  );
#6737 = DIRECTION('',(-0.707108176444,-0.707105385927,
    -2.117582368136E-22));
#6738 = ADVANCED_FACE('',(#6739),#6749,.T.);
#6739 = FACE_BOUND('',#6740,.T.);
#6740 = EDGE_LOOP('',(#6741,#6742,#6748));
#6741 = ORIENTED_EDGE('',*,*,#6411,.F.);
#6742 = ORIENTED_EDGE('',*,*,#6743,.F.);
#6743 = EDGE_CURVE('',#2121,#6337,#6744,.T.);
#6744 = LINE('',#6745,#6746);
#6745 = CARTESIAN_POINT('',(-20.19720077514,18.510200500488,
    19.47500038147));
#6746 = VECTOR('',#6747,1.);
#6747 = DIRECTION('',(4.627664795973E-02,4.626897355709E-02,
    -0.997856529737));
#6748 = ORIENTED_EDGE('',*,*,#2118,.F.);
#6749 = PLANE('',#6750);
#6750 = AXIS2_PLACEMENT_3D('',#6751,#6752,#6753);
#6751 = CARTESIAN_POINT('',(-20.89540032452,17.811999543779,
    19.409134376487));
#6752 = DIRECTION('',(0.707107235314,-0.707106327038,5.480397695217E-06)
  );
#6753 = DIRECTION('',(0.707106327049,0.707107235324,4.235164736272E-22)
  );
#6754 = ADVANCED_FACE('',(#6755),#6772,.T.);
#6755 = FACE_BOUND('',#6756,.T.);
#6756 = EDGE_LOOP('',(#6757,#6765,#6766));
#6757 = ORIENTED_EDGE('',*,*,#6758,.T.);
#6758 = EDGE_CURVE('',#6759,#2119,#6761,.T.);
#6759 = VERTEX_POINT('',#6760);
#6760 = CARTESIAN_POINT('',(-20.60849952697,16.,19.997100830078));
#6761 = LINE('',#6762,#6763);
#6762 = CARTESIAN_POINT('',(-20.60849952697,16.,19.997100830078));
#6763 = VECTOR('',#6764,1.);
#6764 = DIRECTION('',(-0.682226226854,0.651532615883,-0.331771948534));
#6765 = ORIENTED_EDGE('',*,*,#2159,.F.);
#6766 = ORIENTED_EDGE('',*,*,#6767,.T.);
#6767 = EDGE_CURVE('',#2152,#6759,#6768,.T.);
#6768 = LINE('',#6769,#6770);
#6769 = CARTESIAN_POINT('',(-21.65789985656,17.04940032959,
    19.997100830078));
#6770 = VECTOR('',#6771,1.);
#6771 = DIRECTION('',(0.707106781187,-0.707106781187,0.));
#6772 = PLANE('',#6773);
#6773 = AXIS2_PLACEMENT_3D('',#6774,#6775,#6776);
#6774 = CARTESIAN_POINT('',(-21.21694933266,16.594307906338,
    19.844238871027));
#6775 = DIRECTION('',(0.705598610563,0.705598610563,-6.527787942871E-02)
  );
#6776 = DIRECTION('',(0.707106781187,-0.707106781187,0.));
#6777 = ADVANCED_FACE('',(#6778),#6788,.T.);
#6778 = FACE_BOUND('',#6779,.T.);
#6779 = EDGE_LOOP('',(#6780,#6781,#6787));
#6780 = ORIENTED_EDGE('',*,*,#6758,.F.);
#6781 = ORIENTED_EDGE('',*,*,#6782,.F.);
#6782 = EDGE_CURVE('',#6367,#6759,#6783,.T.);
#6783 = LINE('',#6784,#6785);
#6784 = CARTESIAN_POINT('',(-20.65690040588,16.,19.47500038147));
#6785 = VECTOR('',#6786,1.);
#6786 = DIRECTION('',(9.230834800135E-02,0.,0.995730470001));
#6787 = ORIENTED_EDGE('',*,*,#6366,.F.);
#6788 = PLANE('',#6789);
#6789 = AXIS2_PLACEMENT_3D('',#6790,#6791,#6792);
#6790 = CARTESIAN_POINT('',(-21.07943411529,16.436886501106,
    19.629368113462));
#6791 = DIRECTION('',(0.70562641286,0.705558154211,-6.541449763723E-02)
  );
#6792 = DIRECTION('',(-0.707072577779,0.70714098294,0.));
#6793 = ADVANCED_FACE('',(#6794),#6811,.T.);
#6794 = FACE_BOUND('',#6795,.T.);
#6795 = EDGE_LOOP('',(#6796,#6804,#6805));
#6796 = ORIENTED_EDGE('',*,*,#6797,.T.);
#6797 = EDGE_CURVE('',#6798,#5364,#6800,.T.);
#6798 = VERTEX_POINT('',#6799);
#6799 = CARTESIAN_POINT('',(-19.89900016784,16.,21.47500038147));
#6800 = LINE('',#6801,#6802);
#6801 = CARTESIAN_POINT('',(-19.89900016784,16.,21.47500038147));
#6802 = VECTOR('',#6803,1.);
#6803 = DIRECTION('',(-0.763434729715,0.604105917691,-0.228524514387));
#6804 = ORIENTED_EDGE('',*,*,#5372,.F.);
#6805 = ORIENTED_EDGE('',*,*,#6806,.T.);
#6806 = EDGE_CURVE('',#5318,#6798,#6807,.T.);
#6807 = LINE('',#6808,#6809);
#6808 = CARTESIAN_POINT('',(-21.30319976806,17.40419960022,
    21.47500038147));
#6809 = VECTOR('',#6810,1.);
#6810 = DIRECTION('',(0.707106781187,-0.707106781187,0.));
#6811 = PLANE('',#6812);
#6812 = AXIS2_PLACEMENT_3D('',#6813,#6814,#6815);
#6813 = CARTESIAN_POINT('',(-20.72781253003,16.736416732603,
    21.342477794288));
#6814 = DIRECTION('',(0.634221491921,0.634221491921,-0.442183444251));
#6815 = DIRECTION('',(-0.707106781187,0.707106781187,0.));
#6816 = ADVANCED_FACE('',(#6817),#6827,.T.);
#6817 = FACE_BOUND('',#6818,.T.);
#6818 = EDGE_LOOP('',(#6819,#6820,#6826));
#6819 = ORIENTED_EDGE('',*,*,#6797,.F.);
#6820 = ORIENTED_EDGE('',*,*,#6821,.F.);
#6821 = EDGE_CURVE('',#5429,#6798,#6822,.T.);
#6822 = LINE('',#6823,#6824);
#6823 = CARTESIAN_POINT('',(-20.22629928588,16.,21.005699157715));
#6824 = VECTOR('',#6825,1.);
#6825 = DIRECTION('',(0.572040120478,0.,0.82022564003));
#6826 = ORIENTED_EDGE('',*,*,#5437,.F.);
#6827 = PLANE('',#6828);
#6828 = AXIS2_PLACEMENT_3D('',#6829,#6830,#6831);
#6829 = CARTESIAN_POINT('',(-20.66742711538,16.539273542671,
    21.146364584751));
#6830 = DIRECTION('',(0.634204291673,0.634153589028,-0.44230548487));
#6831 = DIRECTION('',(-0.707078514006,0.707135047237,5.551115123126E-17)
  );
#6832 = ADVANCED_FACE('',(#6833),#6848,.T.);
#6833 = FACE_BOUND('',#6834,.T.);
#6834 = EDGE_LOOP('',(#6835,#6841,#6842));
#6835 = ORIENTED_EDGE('',*,*,#6836,.T.);
#6836 = EDGE_CURVE('',#4516,#5503,#6837,.T.);
#6837 = LINE('',#6838,#6839);
#6838 = CARTESIAN_POINT('',(-9.773750305176,16.,17.944299697876));
#6839 = VECTOR('',#6840,1.);
#6840 = DIRECTION('',(-0.723814417085,0.688090152398,-5.123116036751E-02
    ));
#6841 = ORIENTED_EDGE('',*,*,#5601,.F.);
#6842 = ORIENTED_EDGE('',*,*,#6843,.F.);
#6843 = EDGE_CURVE('',#4516,#5571,#6844,.T.);
#6844 = LINE('',#6845,#6846);
#6845 = CARTESIAN_POINT('',(-9.773750305176,16.,17.944299697876));
#6846 = VECTOR('',#6847,1.);
#6847 = DIRECTION('',(-0.571983369094,0.,-0.820265216549));
#6848 = PLANE('',#6849);
#6849 = AXIS2_PLACEMENT_3D('',#6850,#6851,#6852);
#6850 = CARTESIAN_POINT('',(-13.07049622896,19.054899906915,
    17.597475146458));
#6851 = DIRECTION('',(-0.634202192498,-0.634202192498,0.442238802077));
#6852 = DIRECTION('',(-0.707106781187,0.707106781187,0.));
#6853 = ADVANCED_FACE('',(#6854),#6859,.T.);
#6854 = FACE_BOUND('',#6855,.T.);
#6855 = EDGE_LOOP('',(#6856,#6857,#6858));
#6856 = ORIENTED_EDGE('',*,*,#6836,.F.);
#6857 = ORIENTED_EDGE('',*,*,#4524,.F.);
#6858 = ORIENTED_EDGE('',*,*,#5510,.F.);
#6859 = PLANE('',#6860);
#6860 = AXIS2_PLACEMENT_3D('',#6861,#6862,#6863);
#6861 = CARTESIAN_POINT('',(-13.13909603447,19.281182198422,
    17.823621411345));
#6862 = DIRECTION('',(-0.634218556147,-0.634223419692,0.44218489001));
#6863 = DIRECTION('',(-0.707109492417,0.707104069946,-2.775557561563E-17
    ));
#6864 = ADVANCED_FACE('',(#6865),#6875,.T.);
#6865 = FACE_BOUND('',#6866,.T.);
#6866 = EDGE_LOOP('',(#6867,#6873,#6874));
#6867 = ORIENTED_EDGE('',*,*,#6868,.T.);
#6868 = EDGE_CURVE('',#2275,#5318,#6869,.T.);
#6869 = LINE('',#6870,#6871);
#6870 = CARTESIAN_POINT('',(-19.48789978027,16.,21.909999847412));
#6871 = VECTOR('',#6872,1.);
#6872 = DIRECTION('',(-0.777138962912,0.601144840178,-0.186225437175));
#6873 = ORIENTED_EDGE('',*,*,#5326,.F.);
#6874 = ORIENTED_EDGE('',*,*,#2298,.F.);
#6875 = PLANE('',#6876);
#6876 = AXIS2_PLACEMENT_3D('',#6877,#6878,#6879);
#6877 = CARTESIAN_POINT('',(-20.43197630421,16.82964150227,
    21.788912763426));
#6878 = DIRECTION('',(0.587916741618,0.587917438246,-0.555614066355));
#6879 = DIRECTION('',(0.707107200115,-0.707106362258,0.));
#6880 = ADVANCED_FACE('',(#6881),#6891,.T.);
#6881 = FACE_BOUND('',#6882,.T.);
#6882 = EDGE_LOOP('',(#6883,#6884,#6890));
#6883 = ORIENTED_EDGE('',*,*,#6868,.F.);
#6884 = ORIENTED_EDGE('',*,*,#6885,.F.);
#6885 = EDGE_CURVE('',#6798,#2275,#6886,.T.);
#6886 = LINE('',#6887,#6888);
#6887 = CARTESIAN_POINT('',(-19.89900016784,16.,21.47500038147));
#6888 = VECTOR('',#6889,1.);
#6889 = DIRECTION('',(0.686859774923,0.,0.726789962502));
#6890 = ORIENTED_EDGE('',*,*,#6806,.F.);
#6891 = PLANE('',#6892);
#6892 = AXIS2_PLACEMENT_3D('',#6893,#6894,#6895);
#6893 = CARTESIAN_POINT('',(-20.39310426896,16.616692936022,
    21.604715845927));
#6894 = DIRECTION('',(0.587916247839,0.587916247839,-0.555615848455));
#6895 = DIRECTION('',(0.707106781187,-0.707106781187,0.));
#6896 = ADVANCED_FACE('',(#6897),#6914,.T.);
#6897 = FACE_BOUND('',#6898,.T.);
#6898 = EDGE_LOOP('',(#6899,#6907,#6908));
#6899 = ORIENTED_EDGE('',*,*,#6900,.T.);
#6900 = EDGE_CURVE('',#6901,#2733,#6903,.T.);
#6901 = VERTEX_POINT('',#6902);
#6902 = CARTESIAN_POINT('',(17.555999755859,21.151399612427,
    18.983200073242));
#6903 = LINE('',#6904,#6905);
#6904 = CARTESIAN_POINT('',(17.555999755859,21.151399612427,
    18.983200073242));
#6905 = VECTOR('',#6906,1.);
#6906 = DIRECTION('',(0.723462722817,0.685923979862,-7.816637732726E-02)
  );
#6907 = ORIENTED_EDGE('',*,*,#2741,.F.);
#6908 = ORIENTED_EDGE('',*,*,#6909,.T.);
#6909 = EDGE_CURVE('',#2710,#6901,#6910,.T.);
#6910 = LINE('',#6911,#6912);
#6911 = CARTESIAN_POINT('',(19.677299499512,23.272699356079,
    18.983200073242));
#6912 = VECTOR('',#6913,1.);
#6913 = DIRECTION('',(-0.707106781187,-0.707106781187,0.));
#6914 = PLANE('',#6915);
#6915 = AXIS2_PLACEMENT_3D('',#6916,#6917,#6918);
#6916 = CARTESIAN_POINT('',(18.673471200345,22.239452807095,
    18.921942880419));
#6917 = DIRECTION('',(0.669554664975,-0.669554664975,0.321547976545));
#6918 = DIRECTION('',(-0.707106781187,-0.707106781187,0.));
#6919 = ADVANCED_FACE('',(#6920),#6937,.T.);
#6920 = FACE_BOUND('',#6921,.T.);
#6921 = EDGE_LOOP('',(#6922,#6923,#6931));
#6922 = ORIENTED_EDGE('',*,*,#6900,.F.);
#6923 = ORIENTED_EDGE('',*,*,#6924,.T.);
#6924 = EDGE_CURVE('',#6901,#6925,#6927,.T.);
#6925 = VERTEX_POINT('',#6926);
#6926 = CARTESIAN_POINT('',(17.612400054932,21.094900131226,
    18.747900009155));
#6927 = LINE('',#6928,#6929);
#6928 = CARTESIAN_POINT('',(17.555999755859,21.151399612427,
    18.983200073242));
#6929 = VECTOR('',#6930,1.);
#6930 = DIRECTION('',(0.226986766273,-0.227385931367,-0.946980805589));
#6931 = ORIENTED_EDGE('',*,*,#6932,.T.);
#6932 = EDGE_CURVE('',#6925,#2733,#6933,.T.);
#6933 = LINE('',#6934,#6935);
#6934 = CARTESIAN_POINT('',(17.612400054932,21.094900131226,
    18.747900009155));
#6935 = VECTOR('',#6936,1.);
#6936 = DIRECTION('',(0.707123628994,0.707089932977,0.));
#6937 = PLANE('',#6938);
#6938 = AXIS2_PLACEMENT_3D('',#6939,#6940,#6941);
#6939 = CARTESIAN_POINT('',(18.616307645097,22.128150680852,
    18.80915629543));
#6940 = DIRECTION('',(0.6696006196,-0.669632529082,0.321290034435));
#6941 = DIRECTION('',(-0.707123628994,-0.707089932977,0.));
#6942 = ADVANCED_FACE('',(#6943),#6958,.T.);
#6943 = FACE_BOUND('',#6944,.T.);
#6944 = EDGE_LOOP('',(#6945,#6951,#6952));
#6945 = ORIENTED_EDGE('',*,*,#6946,.T.);
#6946 = EDGE_CURVE('',#1072,#2641,#6947,.T.);
#6947 = LINE('',#6948,#6949);
#6948 = CARTESIAN_POINT('',(18.850099563599,19.857200622559,
    22.166999816895));
#6949 = VECTOR('',#6950,1.);
#6950 = DIRECTION('',(0.330856324061,0.86390375785,-0.3797425312));
#6951 = ORIENTED_EDGE('',*,*,#2671,.F.);
#6952 = ORIENTED_EDGE('',*,*,#6953,.F.);
#6953 = EDGE_CURVE('',#1072,#2664,#6954,.T.);
#6954 = LINE('',#6955,#6956);
#6955 = CARTESIAN_POINT('',(18.850099563599,19.857200622559,
    22.166999816895));
#6956 = VECTOR('',#6957,1.);
#6957 = DIRECTION('',(0.707123628994,0.707089932977,0.));
#6958 = PLANE('',#6959);
#6959 = AXIS2_PLACEMENT_3D('',#6960,#6961,#6962);
#6960 = CARTESIAN_POINT('',(19.84401969448,21.461565269381,
    21.732098793388));
#6961 = DIRECTION('',(0.501835407641,-0.501859322356,-0.704484523749));
#6962 = DIRECTION('',(-2.775557561563E-17,-0.814467687513,0.58020891582)
  );
#6963 = ADVANCED_FACE('',(#6964),#6974,.T.);
#6964 = FACE_BOUND('',#6965,.T.);
#6965 = EDGE_LOOP('',(#6966,#6967,#6968));
#6966 = ORIENTED_EDGE('',*,*,#6946,.F.);
#6967 = ORIENTED_EDGE('',*,*,#1171,.T.);
#6968 = ORIENTED_EDGE('',*,*,#6969,.T.);
#6969 = EDGE_CURVE('',#1095,#2641,#6970,.T.);
#6970 = LINE('',#6971,#6972);
#6971 = CARTESIAN_POINT('',(17.903699874878,20.803699493408,
    20.818500518799));
#6972 = VECTOR('',#6973,1.);
#6973 = DIRECTION('',(0.707106781187,0.707106781187,0.));
#6974 = PLANE('',#6975);
#6975 = AXIS2_PLACEMENT_3D('',#6976,#6977,#6978);
#6976 = CARTESIAN_POINT('',(19.031113256816,21.320635891294,
    21.253403794696));
#6977 = DIRECTION('',(0.5018606658,-0.5018606658,-0.7044655735));
#6978 = DIRECTION('',(-0.814459577914,0.,-0.580220299493));
#6979 = ADVANCED_FACE('',(#6980),#6997,.T.);
#6980 = FACE_BOUND('',#6981,.T.);
#6981 = EDGE_LOOP('',(#6982,#6990,#6996));
#6982 = ORIENTED_EDGE('',*,*,#6983,.T.);
#6983 = EDGE_CURVE('',#2474,#6984,#6986,.T.);
#6984 = VERTEX_POINT('',#6985);
#6985 = CARTESIAN_POINT('',(18.339500427246,20.367799758911,
    17.71960067749));
#6986 = LINE('',#6987,#6988);
#6987 = CARTESIAN_POINT('',(20.303199768066,22.646699905396,
    17.829599380493));
#6988 = VECTOR('',#6989,1.);
#6989 = DIRECTION('',(-0.652337783978,-0.757046988081,-3.65413934128E-02
    ));
#6990 = ORIENTED_EDGE('',*,*,#6991,.T.);
#6991 = EDGE_CURVE('',#6984,#2422,#6992,.T.);
#6992 = LINE('',#6993,#6994);
#6993 = CARTESIAN_POINT('',(18.339500427246,20.367799758911,
    17.71960067749));
#6994 = VECTOR('',#6995,1.);
#6995 = DIRECTION('',(0.707123311122,0.707090250864,0.));
#6996 = ORIENTED_EDGE('',*,*,#2481,.F.);
#6997 = PLANE('',#6998);
#6998 = AXIS2_PLACEMENT_3D('',#6999,#7000,#7001);
#6999 = CARTESIAN_POINT('',(19.401276721153,21.5116090589,17.74823751939
    ));
#7000 = DIRECTION('',(0.312855966774,-0.312870594466,0.896790463359));
#7001 = DIRECTION('',(0.,0.944188160238,0.329406615092));
#7002 = ADVANCED_FACE('',(#7003),#7020,.T.);
#7003 = FACE_BOUND('',#7004,.T.);
#7004 = EDGE_LOOP('',(#7005,#7006,#7014));
#7005 = ORIENTED_EDGE('',*,*,#6983,.F.);
#7006 = ORIENTED_EDGE('',*,*,#7007,.F.);
#7007 = EDGE_CURVE('',#7008,#2474,#7010,.T.);
#7008 = VERTEX_POINT('',#7009);
#7009 = CARTESIAN_POINT('',(18.181900024414,20.525400161743,
    17.829599380493));
#7010 = LINE('',#7011,#7012);
#7011 = CARTESIAN_POINT('',(18.181900024414,20.525400161743,
    17.829599380493));
#7012 = VECTOR('',#7013,1.);
#7013 = DIRECTION('',(0.707106781187,0.707106781187,0.));
#7014 = ORIENTED_EDGE('',*,*,#7015,.T.);
#7015 = EDGE_CURVE('',#7008,#6984,#7016,.T.);
#7016 = LINE('',#7017,#7018);
#7017 = CARTESIAN_POINT('',(18.181900024414,20.525400161743,
    17.829599380493));
#7018 = VECTOR('',#7019,1.);
#7019 = DIRECTION('',(0.634087553745,-0.634087553745,-0.442567450647));
#7020 = PLANE('',#7021);
#7021 = AXIS2_PLACEMENT_3D('',#7022,#7023,#7024);
#7022 = CARTESIAN_POINT('',(19.241459058563,21.502900289509,
    17.80096248265));
#7023 = DIRECTION('',(0.312942445485,-0.312942445485,0.896735218238));
#7024 = DIRECTION('',(0.944158315719,0.,-0.329492146886));
#7025 = ADVANCED_FACE('',(#7026),#7036,.T.);
#7026 = FACE_BOUND('',#7027,.T.);
#7027 = EDGE_LOOP('',(#7028,#7034,#7035));
#7028 = ORIENTED_EDGE('',*,*,#7029,.T.);
#7029 = EDGE_CURVE('',#2422,#2019,#7030,.T.);
#7030 = LINE('',#7031,#7032);
#7031 = CARTESIAN_POINT('',(20.460899353027,22.489099502563,
    17.71960067749));
#7032 = VECTOR('',#7033,1.);
#7033 = DIRECTION('',(-0.649415042374,-0.759970772852,
    -2.654293028803E-02));
#7034 = ORIENTED_EDGE('',*,*,#2018,.T.);
#7035 = ORIENTED_EDGE('',*,*,#2429,.F.);
#7036 = PLANE('',#7037);
#7037 = AXIS2_PLACEMENT_3D('',#7038,#7039,#7040);
#7038 = CARTESIAN_POINT('',(19.565445927295,21.34748640564,
    17.660501081622));
#7039 = DIRECTION('',(0.227339588619,-0.227339588619,0.946907293716));
#7040 = DIRECTION('',(0.97236822794,0.,-0.233452413339));
#7041 = ADVANCED_FACE('',(#7042),#7052,.T.);
#7042 = FACE_BOUND('',#7043,.T.);
#7043 = EDGE_LOOP('',(#7044,#7045,#7046));
#7044 = ORIENTED_EDGE('',*,*,#7029,.F.);
#7045 = ORIENTED_EDGE('',*,*,#6991,.F.);
#7046 = ORIENTED_EDGE('',*,*,#7047,.T.);
#7047 = EDGE_CURVE('',#6984,#2019,#7048,.T.);
#7048 = LINE('',#7049,#7050);
#7049 = CARTESIAN_POINT('',(18.339500427246,20.367799758911,
    17.71960067749));
#7050 = VECTOR('',#7051,1.);
#7051 = DIRECTION('',(0.669788487888,-0.669381830043,-0.321420825556));
#7052 = PLANE('',#7053);
#7053 = AXIS2_PLACEMENT_3D('',#7054,#7055,#7056);
#7054 = CARTESIAN_POINT('',(19.401417805489,21.343003579051,
    17.698799561652));
#7055 = DIRECTION('',(0.227273543074,-0.22728416933,0.9469364514));
#7056 = DIRECTION('',(0.,0.972382776182,0.233391809164));
#7057 = ADVANCED_FACE('',(#7058),#7075,.T.);
#7058 = FACE_BOUND('',#7059,.T.);
#7059 = EDGE_LOOP('',(#7060,#7068,#7074));
#7060 = ORIENTED_EDGE('',*,*,#7061,.T.);
#7061 = EDGE_CURVE('',#2595,#7062,#7064,.T.);
#7062 = VERTEX_POINT('',#7063);
#7063 = CARTESIAN_POINT('',(17.612400054932,21.094900131226,
    20.202100753784));
#7064 = LINE('',#7065,#7066);
#7065 = CARTESIAN_POINT('',(19.811500549316,23.138500213623,
    20.424999237061));
#7066 = VECTOR('',#7067,1.);
#7067 = DIRECTION('',(-0.730520446613,-0.678864676127,-7.40447742012E-02
    ));
#7068 = ORIENTED_EDGE('',*,*,#7069,.T.);
#7069 = EDGE_CURVE('',#7062,#2572,#7070,.T.);
#7070 = LINE('',#7071,#7072);
#7071 = CARTESIAN_POINT('',(17.612400054932,21.094900131226,
    20.202100753784));
#7072 = VECTOR('',#7073,1.);
#7073 = DIRECTION('',(0.707123628994,0.707089932977,0.));
#7074 = ORIENTED_EDGE('',*,*,#2602,.F.);
#7075 = PLANE('',#7076);
#7076 = AXIS2_PLACEMENT_3D('',#7077,#7078,#7079);
#7077 = CARTESIAN_POINT('',(18.735444243531,22.177435587516,
    20.260129457922));
#7078 = DIRECTION('',(0.634211952453,-0.634242175507,-0.442167459424));
#7079 = DIRECTION('',(-0.707123628994,-0.707089932977,0.));
#7080 = ADVANCED_FACE('',(#7081),#7096,.T.);
#7081 = FACE_BOUND('',#7082,.T.);
#7082 = EDGE_LOOP('',(#7083,#7084,#7090));
#7083 = ORIENTED_EDGE('',*,*,#7061,.F.);
#7084 = ORIENTED_EDGE('',*,*,#7085,.T.);
#7085 = EDGE_CURVE('',#2595,#925,#7086,.T.);
#7086 = LINE('',#7087,#7088);
#7087 = CARTESIAN_POINT('',(19.811500549316,23.138500213623,
    20.424999237061));
#7088 = VECTOR('',#7089,1.);
#7089 = DIRECTION('',(-0.707106781187,-0.707106781187,0.));
#7090 = ORIENTED_EDGE('',*,*,#7091,.T.);
#7091 = EDGE_CURVE('',#925,#7062,#7092,.T.);
#7092 = LINE('',#7093,#7094);
#7093 = CARTESIAN_POINT('',(17.690200805664,21.017200469971,
    20.424999237061));
#7094 = VECTOR('',#7095,1.);
#7095 = DIRECTION('',(-0.313026552987,0.312619825669,-0.896818388373));
#7096 = PLANE('',#7097);
#7097 = AXIS2_PLACEMENT_3D('',#7098,#7099,#7100);
#7098 = CARTESIAN_POINT('',(18.688476641978,22.05595945493,
    20.366969600252));
#7099 = DIRECTION('',(0.634146390138,-0.634146390138,-0.442398815269));
#7100 = DIRECTION('',(0.707106781187,0.707106781187,2.775557561563E-17)
  );
#7101 = ADVANCED_FACE('',(#7102),#7119,.T.);
#7102 = FACE_BOUND('',#7103,.T.);
#7103 = EDGE_LOOP('',(#7104,#7112,#7118));
#7104 = ORIENTED_EDGE('',*,*,#7105,.T.);
#7105 = EDGE_CURVE('',#2572,#7106,#7108,.T.);
#7106 = VERTEX_POINT('',#7107);
#7107 = CARTESIAN_POINT('',(17.555999755859,21.151399612427,
    19.966800689697));
#7108 = LINE('',#7109,#7110);
#7109 = CARTESIAN_POINT('',(19.733800888062,23.216199874878,
    20.202100753784));
#7110 = VECTOR('',#7111,1.);
#7111 = DIRECTION('',(-0.723462722817,-0.685923979862,
    -7.816637732726E-02));
#7112 = ORIENTED_EDGE('',*,*,#7113,.T.);
#7113 = EDGE_CURVE('',#7106,#2549,#7114,.T.);
#7114 = LINE('',#7115,#7116);
#7115 = CARTESIAN_POINT('',(17.555999755859,21.151399612427,
    19.966800689697));
#7116 = VECTOR('',#7117,1.);
#7117 = DIRECTION('',(0.707106781187,0.707106781187,0.));
#7118 = ORIENTED_EDGE('',*,*,#2579,.F.);
#7119 = PLANE('',#7120);
#7120 = AXIS2_PLACEMENT_3D('',#7121,#7122,#7123);
#7121 = CARTESIAN_POINT('',(18.673471200345,22.239452807095,
    20.02805788252));
#7122 = DIRECTION('',(0.669554664975,-0.669554664975,-0.321547976545));
#7123 = DIRECTION('',(0.707106781187,0.707106781187,0.));
#7124 = ADVANCED_FACE('',(#7125),#7135,.T.);
#7125 = FACE_BOUND('',#7126,.T.);
#7126 = EDGE_LOOP('',(#7127,#7128,#7129));
#7127 = ORIENTED_EDGE('',*,*,#7105,.F.);
#7128 = ORIENTED_EDGE('',*,*,#7069,.F.);
#7129 = ORIENTED_EDGE('',*,*,#7130,.T.);
#7130 = EDGE_CURVE('',#7062,#7106,#7131,.T.);
#7131 = LINE('',#7132,#7133);
#7132 = CARTESIAN_POINT('',(17.612400054932,21.094900131226,
    20.202100753784));
#7133 = VECTOR('',#7134,1.);
#7134 = DIRECTION('',(-0.226986766273,0.227385931367,-0.946980805589));
#7135 = PLANE('',#7136);
#7136 = AXIS2_PLACEMENT_3D('',#7137,#7138,#7139);
#7137 = CARTESIAN_POINT('',(18.616307645097,22.128150680852,
    20.140844467509));
#7138 = DIRECTION('',(0.6696006196,-0.669632529082,-0.321290034435));
#7139 = DIRECTION('',(-0.707123628994,-0.707089932977,2.775557561563E-17
    ));
#7140 = ADVANCED_FACE('',(#7141),#7163,.T.);
#7141 = FACE_BOUND('',#7142,.T.);
#7142 = EDGE_LOOP('',(#7143,#7149,#7157));
#7143 = ORIENTED_EDGE('',*,*,#7144,.T.);
#7144 = EDGE_CURVE('',#7106,#879,#7145,.T.);
#7145 = LINE('',#7146,#7147);
#7146 = CARTESIAN_POINT('',(17.555999755859,21.151399612427,
    19.966800689697));
#7147 = VECTOR('',#7148,1.);
#7148 = DIRECTION('',(-0.683039282447,0.682991145207,0.258805784718));
#7149 = ORIENTED_EDGE('',*,*,#7150,.T.);
#7150 = EDGE_CURVE('',#879,#7151,#7153,.T.);
#7151 = VERTEX_POINT('',#7152);
#7152 = CARTESIAN_POINT('',(16.04940032959,22.657899856567,
    19.997100830078));
#7153 = LINE('',#7154,#7155);
#7154 = CARTESIAN_POINT('',(16.121599197388,22.585699081421,
    20.510299682617));
#7155 = VECTOR('',#7156,1.);
#7156 = DIRECTION('',(-0.13797954346,0.137983188601,-0.980776368623));
#7157 = ORIENTED_EDGE('',*,*,#7158,.T.);
#7158 = EDGE_CURVE('',#7151,#7106,#7159,.T.);
#7159 = LINE('',#7160,#7161);
#7160 = CARTESIAN_POINT('',(16.04940032959,22.657899856567,
    19.997100830078));
#7161 = VECTOR('',#7162,1.);
#7162 = DIRECTION('',(0.707058558321,-0.707012011394,-1.422008610986E-02
    ));
#7163 = PLANE('',#7164);
#7164 = AXIS2_PLACEMENT_3D('',#7165,#7166,#7167);
#7165 = CARTESIAN_POINT('',(16.739707693059,21.967636099692,
    20.12520880457));
#7166 = DIRECTION('',(-0.707083596987,-0.707129964567,
    -9.151287370722E-06));
#7167 = DIRECTION('',(-0.707129964597,0.707083597016,8.470329472543E-22)
  );
#7168 = ADVANCED_FACE('',(#7169),#7179,.T.);
#7169 = FACE_BOUND('',#7170,.T.);
#7170 = EDGE_LOOP('',(#7171,#7172,#7173));
#7171 = ORIENTED_EDGE('',*,*,#7144,.F.);
#7172 = ORIENTED_EDGE('',*,*,#7130,.F.);
#7173 = ORIENTED_EDGE('',*,*,#7174,.F.);
#7174 = EDGE_CURVE('',#879,#7062,#7175,.T.);
#7175 = LINE('',#7176,#7177);
#7176 = CARTESIAN_POINT('',(16.121599197388,22.585699081421,
    20.510299682617));
#7177 = VECTOR('',#7178,1.);
#7178 = DIRECTION('',(0.699670955685,-0.699670060517,-0.144645636596));
#7179 = PLANE('',#7180);
#7180 = AXIS2_PLACEMENT_3D('',#7181,#7182,#7183);
#7181 = CARTESIAN_POINT('',(16.893563312552,21.813761973946,
    20.285966778619));
#7182 = DIRECTION('',(-0.707135674292,-0.707077829794,
    -2.841777274183E-04));
#7183 = DIRECTION('',(0.707077858345,-0.707135702845,0.));
#7184 = ADVANCED_FACE('',(#7185),#7195,.T.);
#7185 = FACE_BOUND('',#7186,.T.);
#7186 = EDGE_LOOP('',(#7187,#7193,#7194));
#7187 = ORIENTED_EDGE('',*,*,#7188,.T.);
#7188 = EDGE_CURVE('',#6925,#2756,#7189,.T.);
#7189 = LINE('',#7190,#7191);
#7190 = CARTESIAN_POINT('',(17.612400054932,21.094900131226,
    18.747900009155));
#7191 = VECTOR('',#7192,1.);
#7192 = DIRECTION('',(0.730520412341,0.678864644278,-7.404540433058E-02)
  );
#7193 = ORIENTED_EDGE('',*,*,#2764,.F.);
#7194 = ORIENTED_EDGE('',*,*,#6932,.F.);
#7195 = PLANE('',#7196);
#7196 = AXIS2_PLACEMENT_3D('',#7197,#7198,#7199);
#7197 = CARTESIAN_POINT('',(18.735444526505,22.177435859456,
    18.689870792657));
#7198 = DIRECTION('',(0.634213013481,-0.634243236584,0.44216441555));
#7199 = DIRECTION('',(-0.707123628994,-0.707089932977,0.));
#7200 = ADVANCED_FACE('',(#7201),#7218,.T.);
#7201 = FACE_BOUND('',#7202,.T.);
#7202 = EDGE_LOOP('',(#7203,#7204,#7212));
#7203 = ORIENTED_EDGE('',*,*,#7188,.F.);
#7204 = ORIENTED_EDGE('',*,*,#7205,.T.);
#7205 = EDGE_CURVE('',#6925,#7206,#7208,.T.);
#7206 = VERTEX_POINT('',#7207);
#7207 = CARTESIAN_POINT('',(17.690200805664,21.017200469971,
    18.52499961853));
#7208 = LINE('',#7209,#7210);
#7209 = CARTESIAN_POINT('',(17.612400054932,21.094900131226,
    18.747900009155));
#7210 = VECTOR('',#7211,1.);
#7211 = DIRECTION('',(0.313024398666,-0.312617674147,-0.896819890308));
#7212 = ORIENTED_EDGE('',*,*,#7213,.F.);
#7213 = EDGE_CURVE('',#2756,#7206,#7214,.T.);
#7214 = LINE('',#7215,#7216);
#7215 = CARTESIAN_POINT('',(19.811500549316,23.138500213623,
    18.52499961853));
#7216 = VECTOR('',#7217,1.);
#7217 = DIRECTION('',(-0.707106781187,-0.707106781187,0.));
#7218 = PLANE('',#7219);
#7219 = AXIS2_PLACEMENT_3D('',#7220,#7221,#7222);
#7220 = CARTESIAN_POINT('',(18.688476359046,22.055959183024,
    18.583029767706));
#7221 = DIRECTION('',(0.634147452165,-0.634147452165,0.442395770577));
#7222 = DIRECTION('',(-0.707106781187,-0.707106781187,0.));
#7223 = ADVANCED_FACE('',(#7224),#7234,.T.);
#7224 = FACE_BOUND('',#7225,.T.);
#7225 = EDGE_LOOP('',(#7226,#7232,#7233));
#7226 = ORIENTED_EDGE('',*,*,#7227,.T.);
#7227 = EDGE_CURVE('',#1219,#1634,#7228,.T.);
#7228 = LINE('',#7229,#7230);
#7229 = CARTESIAN_POINT('',(22.272699356079,20.677299499512,
    19.966800689697));
#7230 = VECTOR('',#7231,1.);
#7231 = DIRECTION('',(-0.72344607077,-0.685941740023,7.816464661802E-02)
  );
#7232 = ORIENTED_EDGE('',*,*,#1633,.F.);
#7233 = ORIENTED_EDGE('',*,*,#1250,.F.);
#7234 = PLANE('',#7235);
#7235 = AXIS2_PLACEMENT_3D('',#7236,#7237,#7238);
#7236 = CARTESIAN_POINT('',(21.212370125945,19.700504398941,
    20.140843660031));
#7237 = DIRECTION('',(-0.669570618099,0.669538711566,-0.321547976347));
#7238 = DIRECTION('',(-0.707089932977,-0.707123628994,2.775557561563E-17
    ));
#7239 = ADVANCED_FACE('',(#7240),#7257,.T.);
#7240 = FACE_BOUND('',#7241,.T.);
#7241 = EDGE_LOOP('',(#7242,#7243,#7251));
#7242 = ORIENTED_EDGE('',*,*,#7227,.F.);
#7243 = ORIENTED_EDGE('',*,*,#7244,.F.);
#7244 = EDGE_CURVE('',#7245,#1219,#7247,.T.);
#7245 = VERTEX_POINT('',#7246);
#7246 = CARTESIAN_POINT('',(20.151399612427,18.555999755859,
    19.966800689697));
#7247 = LINE('',#7248,#7249);
#7248 = CARTESIAN_POINT('',(20.151399612427,18.555999755859,
    19.966800689697));
#7249 = VECTOR('',#7250,1.);
#7250 = DIRECTION('',(0.707106781187,0.707106781187,0.));
#7251 = ORIENTED_EDGE('',*,*,#7252,.T.);
#7252 = EDGE_CURVE('',#7245,#1634,#7253,.T.);
#7253 = LINE('',#7254,#7255);
#7254 = CARTESIAN_POINT('',(20.151399612427,18.555999755859,
    19.966800689697));
#7255 = VECTOR('',#7256,1.);
#7256 = DIRECTION('',(-0.227385931367,0.226986766273,0.946980805589));
#7257 = PLANE('',#7258);
#7258 = AXIS2_PLACEMENT_3D('',#7259,#7260,#7261);
#7259 = CARTESIAN_POINT('',(21.155232499456,19.589224764295,
    20.02805827615));
#7260 = DIRECTION('',(-0.669616575958,0.669616575958,-0.321290028485));
#7261 = DIRECTION('',(0.707106781187,0.707106781187,0.));
#7262 = ADVANCED_FACE('',(#7263),#7268,.T.);
#7263 = FACE_BOUND('',#7264,.T.);
#7264 = EDGE_LOOP('',(#7265,#7266,#7267));
#7265 = ORIENTED_EDGE('',*,*,#7174,.T.);
#7266 = ORIENTED_EDGE('',*,*,#7091,.F.);
#7267 = ORIENTED_EDGE('',*,*,#933,.F.);
#7268 = PLANE('',#7269);
#7269 = AXIS2_PLACEMENT_3D('',#7270,#7271,#7272);
#7270 = CARTESIAN_POINT('',(16.928160307978,21.77916610424,
    20.407689175421));
#7271 = DIRECTION('',(-0.707075407999,-0.707138089843,2.988244898047E-04
    ));
#7272 = DIRECTION('',(-0.707138121415,0.707075439569,-2.710505431214E-20
    ));
#7273 = ADVANCED_FACE('',(#7274),#7291,.T.);
#7274 = FACE_BOUND('',#7275,.T.);
#7275 = EDGE_LOOP('',(#7276,#7284,#7290));
#7276 = ORIENTED_EDGE('',*,*,#7277,.T.);
#7277 = EDGE_CURVE('',#7151,#7278,#7280,.T.);
#7278 = VERTEX_POINT('',#7279);
#7279 = CARTESIAN_POINT('',(17.521699905396,21.185699462891,
    19.722999572754));
#7280 = LINE('',#7281,#7282);
#7281 = CARTESIAN_POINT('',(16.04940032959,22.657899856567,
    19.997100830078));
#7282 = VECTOR('',#7283,1.);
#7283 = DIRECTION('',(0.701081400966,-0.7010341723,-0.130521869767));
#7284 = ORIENTED_EDGE('',*,*,#7285,.F.);
#7285 = EDGE_CURVE('',#7106,#7278,#7286,.T.);
#7286 = LINE('',#7287,#7288);
#7287 = CARTESIAN_POINT('',(17.555999755859,21.151399612427,
    19.966800689697));
#7288 = VECTOR('',#7289,1.);
#7289 = DIRECTION('',(-0.137983226842,0.137983226842,-0.980775845043));
#7290 = ORIENTED_EDGE('',*,*,#7158,.F.);
#7291 = PLANE('',#7292);
#7292 = AXIS2_PLACEMENT_3D('',#7293,#7294,#7295);
#7293 = CARTESIAN_POINT('',(16.835511541761,21.871840987456,
    19.917195899059));
#7294 = DIRECTION('',(-0.707083570648,-0.707129990933,-6.53076923121E-06
    ));
#7295 = DIRECTION('',(-0.707129990948,0.707083570663,0.));
#7296 = ADVANCED_FACE('',(#7297),#7314,.T.);
#7297 = FACE_BOUND('',#7298,.T.);
#7298 = EDGE_LOOP('',(#7299,#7307,#7308));
#7299 = ORIENTED_EDGE('',*,*,#7300,.T.);
#7300 = EDGE_CURVE('',#7301,#7278,#7303,.T.);
#7301 = VERTEX_POINT('',#7302);
#7302 = CARTESIAN_POINT('',(16.025299072266,22.682100296021,
    19.47500038147));
#7303 = LINE('',#7304,#7305);
#7304 = CARTESIAN_POINT('',(16.025299072266,22.682100296021,
    19.47500038147));
#7305 = VECTOR('',#7306,1.);
#7306 = DIRECTION('',(0.702300774724,-0.702300774724,0.116392627105));
#7307 = ORIENTED_EDGE('',*,*,#7277,.F.);
#7308 = ORIENTED_EDGE('',*,*,#7309,.T.);
#7309 = EDGE_CURVE('',#7151,#7301,#7310,.T.);
#7310 = LINE('',#7311,#7312);
#7311 = CARTESIAN_POINT('',(16.04940032959,22.657899856567,
    19.997100830078));
#7312 = VECTOR('',#7313,1.);
#7313 = DIRECTION('',(-4.60636496188E-02,4.625321196291E-02,
    -0.997867115686));
#7314 = PLANE('',#7315);
#7315 = AXIS2_PLACEMENT_3D('',#7316,#7317,#7318);
#7316 = CARTESIAN_POINT('',(16.697802991587,22.009569012173,
    19.729401166318));
#7317 = DIRECTION('',(-0.707095557563,-0.707117991676,
    -1.353650591913E-04));
#7318 = DIRECTION('',(-0.707117998154,0.707095564041,0.));
#7319 = ADVANCED_FACE('',(#7320),#7337,.T.);
#7320 = FACE_BOUND('',#7321,.T.);
#7321 = EDGE_LOOP('',(#7322,#7330,#7336));
#7322 = ORIENTED_EDGE('',*,*,#7323,.T.);
#7323 = EDGE_CURVE('',#7301,#7324,#7326,.T.);
#7324 = VERTEX_POINT('',#7325);
#7325 = CARTESIAN_POINT('',(17.510200500488,21.197200775146,
    19.47500038147));
#7326 = LINE('',#7327,#7328);
#7327 = CARTESIAN_POINT('',(16.025299072266,22.682100296021,
    19.47500038147));
#7328 = VECTOR('',#7329,1.);
#7329 = DIRECTION('',(0.707107235324,-0.707106327049,0.));
#7330 = ORIENTED_EDGE('',*,*,#7331,.F.);
#7331 = EDGE_CURVE('',#7278,#7324,#7332,.T.);
#7332 = LINE('',#7333,#7334);
#7333 = CARTESIAN_POINT('',(17.521699905396,21.185699462891,
    19.722999572754));
#7334 = VECTOR('',#7335,1.);
#7335 = DIRECTION('',(-4.626932788541E-02,4.627700234683E-02,
    -0.997856496873));
#7336 = ORIENTED_EDGE('',*,*,#7300,.F.);
#7337 = PLANE('',#7338);
#7338 = AXIS2_PLACEMENT_3D('',#7339,#7340,#7341);
#7339 = CARTESIAN_POINT('',(16.811999246572,21.895400621736,
    19.540865852301));
#7340 = DIRECTION('',(-0.707106327038,-0.707107235314,
    -5.480439843767E-06));
#7341 = DIRECTION('',(-0.707107235324,0.707106327049,4.235164736272E-22)
  );
#7342 = ADVANCED_FACE('',(#7343),#7360,.T.);
#7343 = FACE_BOUND('',#7344,.T.);
#7344 = EDGE_LOOP('',(#7345,#7353,#7359));
#7345 = ORIENTED_EDGE('',*,*,#7346,.T.);
#7346 = EDGE_CURVE('',#7301,#7347,#7349,.T.);
#7347 = VERTEX_POINT('',#7348);
#7348 = CARTESIAN_POINT('',(17.521699905396,21.185699462891,
    19.226999282837));
#7349 = LINE('',#7350,#7351);
#7350 = CARTESIAN_POINT('',(16.025299072266,22.682100296021,
    19.47500038147));
#7351 = VECTOR('',#7352,1.);
#7352 = DIRECTION('',(0.70230070155,-0.70230070155,-0.116393510147));
#7353 = ORIENTED_EDGE('',*,*,#7354,.F.);
#7354 = EDGE_CURVE('',#7324,#7347,#7355,.T.);
#7355 = LINE('',#7356,#7357);
#7356 = CARTESIAN_POINT('',(17.510200500488,21.197200775146,
    19.47500038147));
#7357 = VECTOR('',#7358,1.);
#7358 = DIRECTION('',(4.626897355709E-02,-4.627664795973E-02,
    -0.997856529737));
#7359 = ORIENTED_EDGE('',*,*,#7323,.F.);
#7360 = PLANE('',#7361);
#7361 = AXIS2_PLACEMENT_3D('',#7362,#7363,#7364);
#7362 = CARTESIAN_POINT('',(16.811999543779,21.895400324529,
    19.409134376487));
#7363 = DIRECTION('',(-0.707106327038,-0.707107235314,5.480397695217E-06
    ));
#7364 = DIRECTION('',(-0.707107235324,0.707106327049,-4.235164736272E-22
    ));
#7365 = ADVANCED_FACE('',(#7366),#7383,.T.);
#7366 = FACE_BOUND('',#7367,.T.);
#7367 = EDGE_LOOP('',(#7368,#7376,#7377));
#7368 = ORIENTED_EDGE('',*,*,#7369,.T.);
#7369 = EDGE_CURVE('',#7370,#7347,#7372,.T.);
#7370 = VERTEX_POINT('',#7371);
#7371 = CARTESIAN_POINT('',(16.04940032959,22.657899856567,
    18.952899932861));
#7372 = LINE('',#7373,#7374);
#7373 = CARTESIAN_POINT('',(16.04940032959,22.657899856567,
    18.952899932861));
#7374 = VECTOR('',#7375,1.);
#7375 = DIRECTION('',(0.701081484076,-0.701034255404,0.130520976996));
#7376 = ORIENTED_EDGE('',*,*,#7346,.F.);
#7377 = ORIENTED_EDGE('',*,*,#7378,.F.);
#7378 = EDGE_CURVE('',#7370,#7301,#7379,.T.);
#7379 = LINE('',#7380,#7381);
#7380 = CARTESIAN_POINT('',(16.04940032959,22.657899856567,
    18.952899932861));
#7381 = VECTOR('',#7382,1.);
#7382 = DIRECTION('',(-4.60636496188E-02,4.625321196291E-02,
    0.997867115686));
#7383 = PLANE('',#7384);
#7384 = AXIS2_PLACEMENT_3D('',#7385,#7386,#7387);
#7385 = CARTESIAN_POINT('',(16.697802990527,22.009569013236,
    19.220598760839));
#7386 = DIRECTION('',(-0.707095557476,-0.707117991763,1.353650672343E-04
    ));
#7387 = DIRECTION('',(-0.707117998241,0.707095563954,0.));
#7388 = ADVANCED_FACE('',(#7389),#7413,.T.);
#7389 = FACE_BOUND('',#7390,.T.);
#7390 = EDGE_LOOP('',(#7391,#7399,#7407));
#7391 = ORIENTED_EDGE('',*,*,#7392,.T.);
#7392 = EDGE_CURVE('',#7393,#7301,#7395,.T.);
#7393 = VERTEX_POINT('',#7394);
#7394 = CARTESIAN_POINT('',(9.391539573669,16.,18.952899932861));
#7395 = LINE('',#7396,#7397);
#7396 = CARTESIAN_POINT('',(9.391539573669,16.,18.952899932861));
#7397 = VECTOR('',#7398,1.);
#7398 = DIRECTION('',(0.703454512573,0.708580648378,5.536437018367E-02)
  );
#7399 = ORIENTED_EDGE('',*,*,#7400,.T.);
#7400 = EDGE_CURVE('',#7301,#7401,#7403,.T.);
#7401 = VERTEX_POINT('',#7402);
#7402 = CARTESIAN_POINT('',(9.343150138855,16.,19.47500038147));
#7403 = LINE('',#7404,#7405);
#7404 = CARTESIAN_POINT('',(16.025299072266,22.682100296021,
    19.47500038147));
#7405 = VECTOR('',#7406,1.);
#7406 = DIRECTION('',(-0.707109354602,-0.707104207762,0.));
#7407 = ORIENTED_EDGE('',*,*,#7408,.F.);
#7408 = EDGE_CURVE('',#7393,#7401,#7409,.T.);
#7409 = LINE('',#7410,#7411);
#7410 = CARTESIAN_POINT('',(9.391539573669,16.,18.952899932861));
#7411 = VECTOR('',#7412,1.);
#7412 = DIRECTION('',(-9.228670816511E-02,0.,0.995732475867));
#7413 = PLANE('',#7414);
#7414 = AXIS2_PLACEMENT_3D('',#7415,#7416,#7417);
#7415 = CARTESIAN_POINT('',(12.606356072845,19.250770301786,
    19.34108074671));
#7416 = DIRECTION('',(0.70559058719,-0.705595723013,6.539571037625E-02)
  );
#7417 = DIRECTION('',(-0.707109354602,-0.707104207762,0.));
#7418 = ADVANCED_FACE('',(#7419),#7429,.T.);
#7419 = FACE_BOUND('',#7420,.T.);
#7420 = EDGE_LOOP('',(#7421,#7422,#7428));
#7421 = ORIENTED_EDGE('',*,*,#7392,.F.);
#7422 = ORIENTED_EDGE('',*,*,#7423,.T.);
#7423 = EDGE_CURVE('',#7393,#7370,#7424,.T.);
#7424 = LINE('',#7425,#7426);
#7425 = CARTESIAN_POINT('',(9.391539573669,16.,18.952899932861));
#7426 = VECTOR('',#7427,1.);
#7427 = DIRECTION('',(0.707104704822,0.707108857545,0.));
#7428 = ORIENTED_EDGE('',*,*,#7378,.T.);
#7429 = PLANE('',#7430);
#7430 = AXIS2_PLACEMENT_3D('',#7431,#7432,#7433);
#7431 = CARTESIAN_POINT('',(12.804201350542,19.42509257132,
    19.087049265716));
#7432 = DIRECTION('',(0.705600682511,-0.705596538645,6.527787903651E-02)
  );
#7433 = DIRECTION('',(0.707104704822,0.707108857545,0.));
#7434 = ADVANCED_FACE('',(#7435),#7452,.T.);
#7435 = FACE_BOUND('',#7436,.T.);
#7436 = EDGE_LOOP('',(#7437,#7445,#7451));
#7437 = ORIENTED_EDGE('',*,*,#7438,.T.);
#7438 = EDGE_CURVE('',#7393,#7439,#7441,.T.);
#7439 = VERTEX_POINT('',#7440);
#7440 = CARTESIAN_POINT('',(16.121599197388,22.585699081421,
    18.439699172974));
#7441 = LINE('',#7442,#7443);
#7442 = CARTESIAN_POINT('',(9.391539573669,16.,18.952899932861));
#7443 = VECTOR('',#7444,1.);
#7444 = DIRECTION('',(0.713671582486,0.698363246093,-5.442103323298E-02)
  );
#7445 = ORIENTED_EDGE('',*,*,#7446,.T.);
#7446 = EDGE_CURVE('',#7439,#7370,#7447,.T.);
#7447 = LINE('',#7448,#7449);
#7448 = CARTESIAN_POINT('',(16.121599197388,22.585699081421,
    18.439699172974));
#7449 = VECTOR('',#7450,1.);
#7450 = DIRECTION('',(-0.137979050175,0.137982695304,0.980776507421));
#7451 = ORIENTED_EDGE('',*,*,#7423,.F.);
#7452 = PLANE('',#7453);
#7453 = AXIS2_PLACEMENT_3D('',#7454,#7455,#7456);
#7454 = CARTESIAN_POINT('',(12.828952387649,19.400330662256,
    18.821037468766));
#7455 = DIRECTION('',(0.693515755673,-0.69351168278,0.195134421569));
#7456 = DIRECTION('',(0.707104704822,0.707108857545,-1.387778780781E-17)
  );
#7457 = ADVANCED_FACE('',(#7458),#7475,.T.);
#7458 = FACE_BOUND('',#7459,.T.);
#7459 = EDGE_LOOP('',(#7460,#7461,#7469));
#7460 = ORIENTED_EDGE('',*,*,#7438,.F.);
#7461 = ORIENTED_EDGE('',*,*,#7462,.F.);
#7462 = EDGE_CURVE('',#7463,#7393,#7465,.T.);
#7463 = VERTEX_POINT('',#7464);
#7464 = CARTESIAN_POINT('',(9.535900115967,16.,18.439699172974));
#7465 = LINE('',#7466,#7467);
#7466 = CARTESIAN_POINT('',(9.535900115967,16.,18.439699172974));
#7467 = VECTOR('',#7468,1.);
#7468 = DIRECTION('',(-0.270785258644,0.,0.962639778786));
#7469 = ORIENTED_EDGE('',*,*,#7470,.T.);
#7470 = EDGE_CURVE('',#7463,#7439,#7471,.T.);
#7471 = LINE('',#7472,#7473);
#7472 = CARTESIAN_POINT('',(9.535900115967,16.,18.439699172974));
#7473 = VECTOR('',#7474,1.);
#7474 = DIRECTION('',(0.707106781187,0.707106781187,0.));
#7475 = PLANE('',#7476);
#7476 = AXIS2_PLACEMENT_3D('',#7477,#7478,#7479);
#7477 = CARTESIAN_POINT('',(12.70037668081,19.201783112614,
    18.572323700146));
#7478 = DIRECTION('',(0.693520868941,-0.693520868941,0.195083594102));
#7479 = DIRECTION('',(-0.707106781187,-0.707106781187,1.387778780781E-17
    ));
#7480 = ADVANCED_FACE('',(#7481),#7498,.T.);
#7481 = FACE_BOUND('',#7482,.T.);
#7482 = EDGE_LOOP('',(#7483,#7491,#7492));
#7483 = ORIENTED_EDGE('',*,*,#7484,.T.);
#7484 = EDGE_CURVE('',#7485,#7439,#7487,.T.);
#7485 = VERTEX_POINT('',#7486);
#7486 = CARTESIAN_POINT('',(9.773750305176,16.,17.944299697876));
#7487 = LINE('',#7488,#7489);
#7488 = CARTESIAN_POINT('',(9.773750305176,16.,17.944299697876));
#7489 = VECTOR('',#7490,1.);
#7490 = DIRECTION('',(0.692970016552,0.718935198199,5.408083719185E-02)
  );
#7491 = ORIENTED_EDGE('',*,*,#7470,.F.);
#7492 = ORIENTED_EDGE('',*,*,#7493,.F.);
#7493 = EDGE_CURVE('',#7485,#7463,#7494,.T.);
#7494 = LINE('',#7495,#7496);
#7495 = CARTESIAN_POINT('',(9.773750305176,16.,17.944299697876));
#7496 = VECTOR('',#7497,1.);
#7497 = DIRECTION('',(-0.43281749745,0.,0.901481566035));
#7498 = PLANE('',#7499);
#7499 = AXIS2_PLACEMENT_3D('',#7500,#7501,#7502);
#7500 = CARTESIAN_POINT('',(12.794329011898,19.197727597774,
    18.313269207352));
#7501 = DIRECTION('',(0.66957247929,-0.66957247929,0.321473778019));
#7502 = DIRECTION('',(0.707106781187,0.707106781187,0.));
#7503 = ADVANCED_FACE('',(#7504),#7521,.T.);
#7504 = FACE_BOUND('',#7505,.T.);
#7505 = EDGE_LOOP('',(#7506,#7507,#7515));
#7506 = ORIENTED_EDGE('',*,*,#7484,.F.);
#7507 = ORIENTED_EDGE('',*,*,#7508,.T.);
#7508 = EDGE_CURVE('',#7485,#7509,#7511,.T.);
#7509 = VERTEX_POINT('',#7510);
#7510 = CARTESIAN_POINT('',(16.240600585938,22.466800689697,
    17.944299697876));
#7511 = LINE('',#7512,#7513);
#7512 = CARTESIAN_POINT('',(9.773750305176,16.,17.944299697876));
#7513 = VECTOR('',#7514,1.);
#7514 = DIRECTION('',(0.707109492417,0.707104069946,0.));
#7515 = ORIENTED_EDGE('',*,*,#7516,.T.);
#7516 = EDGE_CURVE('',#7509,#7439,#7517,.T.);
#7517 = LINE('',#7518,#7519);
#7518 = CARTESIAN_POINT('',(16.240600585938,22.466800689697,
    17.944299697876));
#7519 = VECTOR('',#7520,1.);
#7520 = DIRECTION('',(-0.227457214764,0.227260348396,0.946898067111));
#7521 = PLANE('',#7522);
#7522 = AXIS2_PLACEMENT_3D('',#7523,#7524,#7525);
#7523 = CARTESIAN_POINT('',(13.066418672533,19.353817393135,
    18.071688719614));
#7524 = DIRECTION('',(0.669555483681,-0.669560618209,0.32153387507));
#7525 = DIRECTION('',(-0.707109492417,-0.707104069946,0.));
#7526 = ADVANCED_FACE('',(#7527),#7544,.T.);
#7527 = FACE_BOUND('',#7528,.T.);
#7528 = EDGE_LOOP('',(#7529,#7537,#7543));
#7529 = ORIENTED_EDGE('',*,*,#7530,.T.);
#7530 = EDGE_CURVE('',#7485,#7531,#7533,.T.);
#7531 = VERTEX_POINT('',#7532);
#7532 = CARTESIAN_POINT('',(16.40419960022,22.303199768066,
    17.47500038147));
#7533 = LINE('',#7534,#7535);
#7534 = CARTESIAN_POINT('',(9.773750305176,16.,17.944299697876));
#7535 = VECTOR('',#7536,1.);
#7536 = DIRECTION('',(0.723814417085,0.688090152398,-5.123116036751E-02)
  );
#7537 = ORIENTED_EDGE('',*,*,#7538,.T.);
#7538 = EDGE_CURVE('',#7531,#7509,#7539,.T.);
#7539 = LINE('',#7540,#7541);
#7540 = CARTESIAN_POINT('',(16.40419960022,22.303199768066,
    17.47500038147));
#7541 = VECTOR('',#7542,1.);
#7542 = DIRECTION('',(-0.312670111599,0.31267375692,0.896923922664));
#7543 = ORIENTED_EDGE('',*,*,#7508,.F.);
#7544 = PLANE('',#7545);
#7545 = AXIS2_PLACEMENT_3D('',#7546,#7547,#7548);
#7546 = CARTESIAN_POINT('',(13.139096034472,19.281182198422,
    17.823621411345));
#7547 = DIRECTION('',(0.634218556147,-0.634223419692,0.44218489001));
#7548 = DIRECTION('',(-0.707109492417,-0.707104069946,2.775557561563E-17
    ));
#7549 = ADVANCED_FACE('',(#7550),#7567,.T.);
#7550 = FACE_BOUND('',#7551,.T.);
#7551 = EDGE_LOOP('',(#7552,#7553,#7561));
#7552 = ORIENTED_EDGE('',*,*,#7530,.F.);
#7553 = ORIENTED_EDGE('',*,*,#7554,.F.);
#7554 = EDGE_CURVE('',#7555,#7485,#7557,.T.);
#7555 = VERTEX_POINT('',#7556);
#7556 = CARTESIAN_POINT('',(10.100999832153,16.,17.47500038147));
#7557 = LINE('',#7558,#7559);
#7558 = CARTESIAN_POINT('',(10.100999832153,16.,17.47500038147));
#7559 = VECTOR('',#7560,1.);
#7560 = DIRECTION('',(-0.571983369094,0.,0.820265216549));
#7561 = ORIENTED_EDGE('',*,*,#7562,.F.);
#7562 = EDGE_CURVE('',#7531,#7555,#7563,.T.);
#7563 = LINE('',#7564,#7565);
#7564 = CARTESIAN_POINT('',(16.40419960022,22.303199768066,
    17.47500038147));
#7565 = VECTOR('',#7566,1.);
#7566 = DIRECTION('',(-0.707106781187,-0.707106781187,0.));
#7567 = PLANE('',#7568);
#7568 = AXIS2_PLACEMENT_3D('',#7569,#7570,#7571);
#7569 = CARTESIAN_POINT('',(13.070496228967,19.054899906915,
    17.597475146458));
#7570 = DIRECTION('',(0.634202192498,-0.634202192498,0.442238802077));
#7571 = DIRECTION('',(-0.707106781187,-0.707106781187,
    -2.775557561563E-17));
#7572 = ADVANCED_FACE('',(#7573),#7599,.T.);
#7573 = FACE_BOUND('',#7574,.T.);
#7574 = EDGE_LOOP('',(#7575,#7585,#7593));
#7575 = ORIENTED_EDGE('',*,*,#7576,.T.);
#7576 = EDGE_CURVE('',#7577,#7579,#7581,.T.);
#7577 = VERTEX_POINT('',#7578);
#7578 = CARTESIAN_POINT('',(18.121599197388,20.585699081421,
    15.611300468445));
#7579 = VERTEX_POINT('',#7580);
#7580 = CARTESIAN_POINT('',(14.26159954071,16.,15.50920009613));
#7581 = LINE('',#7582,#7583);
#7582 = CARTESIAN_POINT('',(18.121599197388,20.585699081421,
    15.611300468445));
#7583 = VECTOR('',#7584,1.);
#7584 = DIRECTION('',(-0.643882080529,-0.764935162654,
    -1.703124507664E-02));
#7585 = ORIENTED_EDGE('',*,*,#7586,.F.);
#7586 = EDGE_CURVE('',#7587,#7579,#7589,.T.);
#7587 = VERTEX_POINT('',#7588);
#7588 = CARTESIAN_POINT('',(18.48450088501,20.222900390625,
    15.50920009613));
#7589 = LINE('',#7590,#7591);
#7590 = CARTESIAN_POINT('',(18.48450088501,20.222900390625,
    15.50920009613));
#7591 = VECTOR('',#7592,1.);
#7592 = DIRECTION('',(-0.707106861031,-0.707106701342,0.));
#7593 = ORIENTED_EDGE('',*,*,#7594,.T.);
#7594 = EDGE_CURVE('',#7587,#7577,#7595,.T.);
#7595 = LINE('',#7596,#7597);
#7596 = CARTESIAN_POINT('',(18.48450088501,20.222900390625,
    15.50920009613));
#7597 = VECTOR('',#7598,1.);
#7598 = DIRECTION('',(-0.693610855307,0.693413998364,0.195143558114));
#7599 = PLANE('',#7600);
#7600 = AXIS2_PLACEMENT_3D('',#7601,#7602,#7603);
#7601 = CARTESIAN_POINT('',(16.366806207967,18.294562273531,
    15.535841020126));
#7602 = DIRECTION('',(0.137987319005,-0.137987350167,0.980774689206));
#7603 = DIRECTION('',(-3.469446951954E-18,0.990247400116,0.139320086719)
  );
#7604 = ADVANCED_FACE('',(#7605),#7622,.T.);
#7605 = FACE_BOUND('',#7606,.T.);
#7606 = EDGE_LOOP('',(#7607,#7608,#7616));
#7607 = ORIENTED_EDGE('',*,*,#7576,.F.);
#7608 = ORIENTED_EDGE('',*,*,#7609,.F.);
#7609 = EDGE_CURVE('',#7610,#7577,#7612,.T.);
#7610 = VERTEX_POINT('',#7611);
#7611 = CARTESIAN_POINT('',(13.535900115967,16.,15.611300468445));
#7612 = LINE('',#7613,#7614);
#7613 = CARTESIAN_POINT('',(13.535900115967,16.,15.611300468445));
#7614 = VECTOR('',#7615,1.);
#7615 = DIRECTION('',(0.707106781187,0.707106781187,0.));
#7616 = ORIENTED_EDGE('',*,*,#7617,.F.);
#7617 = EDGE_CURVE('',#7579,#7610,#7618,.T.);
#7618 = LINE('',#7619,#7620);
#7619 = CARTESIAN_POINT('',(14.26159954071,16.,15.50920009613));
#7620 = VECTOR('',#7621,1.);
#7621 = DIRECTION('',(-0.990247377028,0.,0.139320250824));
#7622 = PLANE('',#7623);
#7623 = AXIS2_PLACEMENT_3D('',#7624,#7625,#7626);
#7624 = CARTESIAN_POINT('',(15.886333486901,18.165677745545,
    15.585306761551));
#7625 = DIRECTION('',(0.137987509014,-0.137987509014,0.980774640125));
#7626 = DIRECTION('',(0.990247377028,0.,-0.139320250824));
#7627 = ADVANCED_FACE('',(#7628),#7645,.T.);
#7628 = FACE_BOUND('',#7629,.T.);
#7629 = EDGE_LOOP('',(#7630,#7638,#7639));
#7630 = ORIENTED_EDGE('',*,*,#7631,.T.);
#7631 = EDGE_CURVE('',#7632,#7610,#7634,.T.);
#7632 = VERTEX_POINT('',#7633);
#7633 = CARTESIAN_POINT('',(17.771299362183,20.936100006104,
    15.779500007629));
#7634 = LINE('',#7635,#7636);
#7635 = CARTESIAN_POINT('',(17.771299362183,20.936100006104,
    15.779500007629));
#7636 = VECTOR('',#7637,1.);
#7637 = DIRECTION('',(-0.650968626275,-0.758664308448,
    -2.585178317272E-02));
#7638 = ORIENTED_EDGE('',*,*,#7609,.T.);
#7639 = ORIENTED_EDGE('',*,*,#7640,.T.);
#7640 = EDGE_CURVE('',#7577,#7632,#7641,.T.);
#7641 = LINE('',#7642,#7643);
#7642 = CARTESIAN_POINT('',(18.121599197388,20.585699081421,
    15.611300468445));
#7643 = VECTOR('',#7644,1.);
#7644 = DIRECTION('',(-0.669479976481,0.669673174919,0.321456684305));
#7645 = PLANE('',#7646);
#7646 = AXIS2_PLACEMENT_3D('',#7647,#7648,#7649);
#7647 = CARTESIAN_POINT('',(15.826418141524,18.472749464235,
    15.655044168702));
#7648 = DIRECTION('',(0.227304203451,-0.227304203451,0.946924283239));
#7649 = DIRECTION('',(0.972377426409,6.938893903907E-18,-0.233414096856)
  );
#7650 = ADVANCED_FACE('',(#7651),#7668,.T.);
#7651 = FACE_BOUND('',#7652,.T.);
#7652 = EDGE_LOOP('',(#7653,#7654,#7662));
#7653 = ORIENTED_EDGE('',*,*,#7631,.F.);
#7654 = ORIENTED_EDGE('',*,*,#7655,.F.);
#7655 = EDGE_CURVE('',#7656,#7632,#7658,.T.);
#7656 = VERTEX_POINT('',#7657);
#7657 = CARTESIAN_POINT('',(12.835200309753,16.,15.779500007629));
#7658 = LINE('',#7659,#7660);
#7659 = CARTESIAN_POINT('',(12.835200309753,16.,15.779500007629));
#7660 = VECTOR('',#7661,1.);
#7661 = DIRECTION('',(0.707106712879,0.707106849494,0.));
#7662 = ORIENTED_EDGE('',*,*,#7663,.F.);
#7663 = EDGE_CURVE('',#7610,#7656,#7664,.T.);
#7664 = LINE('',#7665,#7666);
#7665 = CARTESIAN_POINT('',(13.535900115967,16.,15.611300468445));
#7666 = VECTOR('',#7667,1.);
#7667 = DIRECTION('',(-0.972377354305,0.,0.233414397232));
#7668 = PLANE('',#7669);
#7669 = AXIS2_PLACEMENT_3D('',#7670,#7671,#7672);
#7670 = CARTESIAN_POINT('',(15.3562818592,18.342871376207,
    15.736721424152));
#7671 = DIRECTION('',(0.227304483119,-0.227304439203,0.946924159515));
#7672 = DIRECTION('',(0.972377354305,-6.938893903907E-18,-0.233414397232
    ));
#7673 = ADVANCED_FACE('',(#7674),#7691,.T.);
#7674 = FACE_BOUND('',#7675,.T.);
#7675 = EDGE_LOOP('',(#7676,#7684,#7685));
#7676 = ORIENTED_EDGE('',*,*,#7677,.T.);
#7677 = EDGE_CURVE('',#7678,#7656,#7680,.T.);
#7678 = VERTEX_POINT('',#7679);
#7679 = CARTESIAN_POINT('',(17.439500808716,21.267900466919,
    16.010900497437));
#7680 = LINE('',#7681,#7682);
#7681 = CARTESIAN_POINT('',(17.439500808716,21.267900466919,
    16.010900497437));
#7682 = VECTOR('',#7683,1.);
#7683 = DIRECTION('',(-0.657731008772,-0.752527227316,
    -3.305589581422E-02));
#7684 = ORIENTED_EDGE('',*,*,#7655,.T.);
#7685 = ORIENTED_EDGE('',*,*,#7686,.T.);
#7686 = EDGE_CURVE('',#7632,#7678,#7687,.T.);
#7687 = LINE('',#7688,#7689);
#7688 = CARTESIAN_POINT('',(17.771299362183,20.936100006104,
    15.779500007629));
#7689 = VECTOR('',#7690,1.);
#7690 = DIRECTION('',(-0.63418339447,0.634187040082,0.442287486111));
#7691 = PLANE('',#7692);
#7692 = AXIS2_PLACEMENT_3D('',#7693,#7694,#7695);
#7693 = CARTESIAN_POINT('',(15.306222864389,18.643131048437,
    15.839514978399));
#7694 = DIRECTION('',(0.312744510876,-0.312744450452,0.896873335331));
#7695 = DIRECTION('',(0.944238902018,0.,-0.329261136359));
#7696 = ADVANCED_FACE('',(#7697),#7714,.T.);
#7697 = FACE_BOUND('',#7698,.T.);
#7698 = EDGE_LOOP('',(#7699,#7700,#7708));
#7699 = ORIENTED_EDGE('',*,*,#7677,.F.);
#7700 = ORIENTED_EDGE('',*,*,#7701,.F.);
#7701 = EDGE_CURVE('',#7702,#7678,#7704,.T.);
#7702 = VERTEX_POINT('',#7703);
#7703 = CARTESIAN_POINT('',(12.171600341797,16.,16.010900497437));
#7704 = LINE('',#7705,#7706);
#7705 = CARTESIAN_POINT('',(12.171600341797,16.,16.010900497437));
#7706 = VECTOR('',#7707,1.);
#7707 = DIRECTION('',(0.707106781187,0.707106781187,0.));
#7708 = ORIENTED_EDGE('',*,*,#7709,.F.);
#7709 = EDGE_CURVE('',#7656,#7702,#7710,.T.);
#7710 = LINE('',#7711,#7712);
#7711 = CARTESIAN_POINT('',(12.835200309753,16.,15.779500007629));
#7712 = VECTOR('',#7713,1.);
#7713 = DIRECTION('',(-0.944239059021,0.,0.329260686111));
#7714 = PLANE('',#7715);
#7715 = AXIS2_PLACEMENT_3D('',#7716,#7717,#7718);
#7716 = CARTESIAN_POINT('',(14.852060737492,18.51178904672,
    15.952083989519));
#7717 = DIRECTION('',(0.312744119133,-0.312744119133,0.896873587467));
#7718 = DIRECTION('',(0.944239059021,0.,-0.329260686111));
#7719 = ADVANCED_FACE('',(#7720),#7737,.T.);
#7720 = FACE_BOUND('',#7721,.T.);
#7721 = EDGE_LOOP('',(#7722,#7730,#7731));
#7722 = ORIENTED_EDGE('',*,*,#7723,.T.);
#7723 = EDGE_CURVE('',#7724,#7702,#7726,.T.);
#7724 = VERTEX_POINT('',#7725);
#7725 = CARTESIAN_POINT('',(17.131799697876,21.575500488281,
    16.301599502563));
#7726 = LINE('',#7727,#7728);
#7727 = CARTESIAN_POINT('',(17.131799697876,21.575500488281,
    16.301599502563));
#7728 = VECTOR('',#7729,1.);
#7729 = DIRECTION('',(-0.664174365107,-0.746563642129,
    -3.892481194953E-02));
#7730 = ORIENTED_EDGE('',*,*,#7701,.T.);
#7731 = ORIENTED_EDGE('',*,*,#7732,.T.);
#7732 = EDGE_CURVE('',#7678,#7724,#7733,.T.);
#7733 = LINE('',#7734,#7735);
#7734 = CARTESIAN_POINT('',(17.439500808716,21.267900466919,
    16.010900497437));
#7735 = VECTOR('',#7736,1.);
#7736 = DIRECTION('',(-0.588043482443,0.587850291693,0.555550985341));
#7737 = PLANE('',#7738);
#7738 = AXIS2_PLACEMENT_3D('',#7739,#7740,#7741);
#7739 = CARTESIAN_POINT('',(14.815183992081,18.802803728795,
    16.086124019704));
#7740 = DIRECTION('',(0.392833872695,-0.392833872695,0.831482469405));
#7741 = DIRECTION('',(0.90416911821,-2.775557561563E-17,-0.427174678177)
  );
#7742 = ADVANCED_FACE('',(#7743),#7760,.T.);
#7743 = FACE_BOUND('',#7744,.T.);
#7744 = EDGE_LOOP('',(#7745,#7746,#7754));
#7745 = ORIENTED_EDGE('',*,*,#7723,.F.);
#7746 = ORIENTED_EDGE('',*,*,#7747,.F.);
#7747 = EDGE_CURVE('',#7748,#7724,#7750,.T.);
#7748 = VERTEX_POINT('',#7749);
#7749 = CARTESIAN_POINT('',(11.556300163269,16.,16.301599502563));
#7750 = LINE('',#7751,#7752);
#7751 = CARTESIAN_POINT('',(11.556300163269,16.,16.301599502563));
#7752 = VECTOR('',#7753,1.);
#7753 = DIRECTION('',(0.707106720712,0.707106841661,0.));
#7754 = ORIENTED_EDGE('',*,*,#7755,.F.);
#7755 = EDGE_CURVE('',#7702,#7748,#7756,.T.);
#7756 = LINE('',#7757,#7758);
#7757 = CARTESIAN_POINT('',(12.171600341797,16.,16.010900497437));
#7758 = VECTOR('',#7759,1.);
#7759 = DIRECTION('',(-0.904168862485,0.,0.427175219451));
#7760 = PLANE('',#7761);
#7761 = AXIS2_PLACEMENT_3D('',#7762,#7763,#7764);
#7762 = CARTESIAN_POINT('',(14.382085731513,18.669430256008,
    16.227729108839));
#7763 = DIRECTION('',(0.392834304011,-0.392834236818,0.831482093599));
#7764 = DIRECTION('',(0.904168862485,0.,-0.427175219451));
#7765 = ADVANCED_FACE('',(#7766),#7783,.T.);
#7766 = FACE_BOUND('',#7767,.T.);
#7767 = EDGE_LOOP('',(#7768,#7776,#7777));
#7768 = ORIENTED_EDGE('',*,*,#7769,.T.);
#7769 = EDGE_CURVE('',#7770,#7748,#7772,.T.);
#7770 = VERTEX_POINT('',#7771);
#7771 = CARTESIAN_POINT('',(16.853700637817,21.853700637817,
    16.646600723267));
#7772 = LINE('',#7773,#7774);
#7773 = CARTESIAN_POINT('',(16.853700637817,21.853700637817,
    16.646600723267));
#7774 = VECTOR('',#7775,1.);
#7775 = DIRECTION('',(-0.670356789287,-0.740753504265,
    -4.365800013081E-02));
#7776 = ORIENTED_EDGE('',*,*,#7747,.T.);
#7777 = ORIENTED_EDGE('',*,*,#7778,.T.);
#7778 = EDGE_CURVE('',#7724,#7770,#7779,.T.);
#7779 = LINE('',#7780,#7781);
#7780 = CARTESIAN_POINT('',(17.131799697876,21.575500488281,
    16.301599502563));
#7781 = VECTOR('',#7782,1.);
#7782 = DIRECTION('',(-0.53151353029,0.531706736355,0.659379491365));
#7783 = PLANE('',#7784);
#7784 = AXIS2_PLACEMENT_3D('',#7785,#7786,#7787);
#7785 = CARTESIAN_POINT('',(14.361648151329,18.949033092008,
    16.39070868269));
#7786 = DIRECTION('',(0.46625175395,-0.466251674199,0.751810267451));
#7787 = DIRECTION('',(0.84983718353,0.,-0.527045312558));
#7788 = ADVANCED_FACE('',(#7789),#7806,.T.);
#7789 = FACE_BOUND('',#7790,.T.);
#7790 = EDGE_LOOP('',(#7791,#7792,#7800));
#7791 = ORIENTED_EDGE('',*,*,#7769,.F.);
#7792 = ORIENTED_EDGE('',*,*,#7793,.T.);
#7793 = EDGE_CURVE('',#7770,#7794,#7796,.T.);
#7794 = VERTEX_POINT('',#7795);
#7795 = CARTESIAN_POINT('',(11.,16.,16.646600723267));
#7796 = LINE('',#7797,#7798);
#7797 = CARTESIAN_POINT('',(16.853700637817,21.853700637817,
    16.646600723267));
#7798 = VECTOR('',#7799,1.);
#7799 = DIRECTION('',(-0.707106781187,-0.707106781187,0.));
#7800 = ORIENTED_EDGE('',*,*,#7801,.F.);
#7801 = EDGE_CURVE('',#7748,#7794,#7802,.T.);
#7802 = LINE('',#7803,#7804);
#7803 = CARTESIAN_POINT('',(11.556300163269,16.,16.301599502563));
#7804 = VECTOR('',#7805,1.);
#7805 = DIRECTION('',(-0.849837608413,0.,0.527044627453));
#7806 = PLANE('',#7807);
#7807 = AXIS2_PLACEMENT_3D('',#7808,#7809,#7810);
#7808 = CARTESIAN_POINT('',(13.954424094239,18.813047792257,
    16.558923242685));
#7809 = DIRECTION('',(0.466251262289,-0.466251262289,0.75181082782));
#7810 = DIRECTION('',(2.775557561563E-17,0.849837608413,0.527044627453)
  );
#7811 = ADVANCED_FACE('',(#7812),#7829,.T.);
#7812 = FACE_BOUND('',#7813,.T.);
#7813 = EDGE_LOOP('',(#7814,#7822,#7823));
#7814 = ORIENTED_EDGE('',*,*,#7815,.T.);
#7815 = EDGE_CURVE('',#7816,#7794,#7818,.T.);
#7816 = VERTEX_POINT('',#7817);
#7817 = CARTESIAN_POINT('',(16.609699249268,22.09760093689,
    17.040000915527));
#7818 = LINE('',#7819,#7820);
#7819 = CARTESIAN_POINT('',(16.609699249268,22.09760093689,
    17.040000915527));
#7820 = VECTOR('',#7821,1.);
#7821 = DIRECTION('',(-0.676288526605,-0.735108491596,
    -4.742714797501E-02));
#7822 = ORIENTED_EDGE('',*,*,#7793,.F.);
#7823 = ORIENTED_EDGE('',*,*,#7824,.T.);
#7824 = EDGE_CURVE('',#7770,#7816,#7825,.T.);
#7825 = LINE('',#7826,#7827);
#7826 = CARTESIAN_POINT('',(16.853700637817,21.853700637817,
    16.646600723267));
#7827 = VECTOR('',#7828,1.);
#7828 = DIRECTION('',(-0.466321345695,0.466128149331,0.751843701145));
#7829 = PLANE('',#7830);
#7830 = AXIS2_PLACEMENT_3D('',#7831,#7832,#7833);
#7831 = CARTESIAN_POINT('',(13.953502315619,19.079328219804,
    16.748055455139));
#7832 = DIRECTION('',(0.531633784433,-0.531633784433,0.659341367199));
#7833 = DIRECTION('',(-2.775557561563E-17,0.778466763636,0.627685827396)
  );
#7834 = ADVANCED_FACE('',(#7835),#7852,.T.);
#7835 = FACE_BOUND('',#7836,.T.);
#7836 = EDGE_LOOP('',(#7837,#7838,#7846));
#7837 = ORIENTED_EDGE('',*,*,#7815,.F.);
#7838 = ORIENTED_EDGE('',*,*,#7839,.F.);
#7839 = EDGE_CURVE('',#7840,#7816,#7842,.T.);
#7840 = VERTEX_POINT('',#7841);
#7841 = CARTESIAN_POINT('',(10.512100219727,16.,17.040000915527));
#7842 = LINE('',#7843,#7844);
#7843 = CARTESIAN_POINT('',(10.512100219727,16.,17.040000915527));
#7844 = VECTOR('',#7845,1.);
#7845 = DIRECTION('',(0.707106670594,0.707106891779,0.));
#7846 = ORIENTED_EDGE('',*,*,#7847,.F.);
#7847 = EDGE_CURVE('',#7794,#7840,#7848,.T.);
#7848 = LINE('',#7849,#7850);
#7849 = CARTESIAN_POINT('',(11.,16.,16.646600723267));
#7850 = VECTOR('',#7851,1.);
#7851 = DIRECTION('',(-0.778465564623,0.,0.62768731443));
#7852 = PLANE('',#7853);
#7853 = AXIS2_PLACEMENT_3D('',#7854,#7855,#7856);
#7854 = CARTESIAN_POINT('',(13.576037840857,18.939889985741,
    16.939978887729));
#7855 = DIRECTION('',(0.53163473494,-0.531634568643,0.659339968475));
#7856 = DIRECTION('',(0.778465564623,0.,-0.62768731443));
#7857 = ADVANCED_FACE('',(#7858),#7873,.T.);
#7858 = FACE_BOUND('',#7859,.T.);
#7859 = EDGE_LOOP('',(#7860,#7866,#7872));
#7860 = ORIENTED_EDGE('',*,*,#7861,.T.);
#7861 = EDGE_CURVE('',#7555,#7816,#7862,.T.);
#7862 = LINE('',#7863,#7864);
#7863 = CARTESIAN_POINT('',(10.100999832153,16.,17.47500038147));
#7864 = VECTOR('',#7865,1.);
#7865 = DIRECTION('',(0.728911512357,0.68287245052,-4.871574154446E-02)
  );
#7866 = ORIENTED_EDGE('',*,*,#7867,.T.);
#7867 = EDGE_CURVE('',#7816,#7531,#7868,.T.);
#7868 = LINE('',#7869,#7870);
#7869 = CARTESIAN_POINT('',(16.609699249268,22.09760093689,
    17.040000915527));
#7870 = VECTOR('',#7871,1.);
#7871 = DIRECTION('',(-0.392783684205,0.392973256898,0.831440314626));
#7872 = ORIENTED_EDGE('',*,*,#7562,.T.);
#7873 = PLANE('',#7874);
#7874 = AXIS2_PLACEMENT_3D('',#7875,#7876,#7877);
#7875 = CARTESIAN_POINT('',(13.39525674096,19.188469219458,
    17.363062267895));
#7876 = DIRECTION('',(0.587917089906,-0.587917089906,0.55561406641));
#7877 = DIRECTION('',(-0.707106781187,-0.707106781187,2.775557561563E-17
    ));
#7878 = ADVANCED_FACE('',(#7879),#7889,.T.);
#7879 = FACE_BOUND('',#7880,.T.);
#7880 = EDGE_LOOP('',(#7881,#7882,#7888));
#7881 = ORIENTED_EDGE('',*,*,#7861,.F.);
#7882 = ORIENTED_EDGE('',*,*,#7883,.F.);
#7883 = EDGE_CURVE('',#7840,#7555,#7884,.T.);
#7884 = LINE('',#7885,#7886);
#7885 = CARTESIAN_POINT('',(10.512100219727,16.,17.040000915527));
#7886 = VECTOR('',#7887,1.);
#7887 = DIRECTION('',(-0.686859774923,0.,0.726789962502));
#7888 = ORIENTED_EDGE('',*,*,#7839,.T.);
#7889 = PLANE('',#7890);
#7890 = AXIS2_PLACEMENT_3D('',#7891,#7892,#7893);
#7891 = CARTESIAN_POINT('',(13.352470965841,18.948268507323,
    17.154170273553));
#7892 = DIRECTION('',(0.587916311404,-0.587916127502,0.555615908528));
#7893 = DIRECTION('',(0.707106670594,0.707106891779,2.775557561563E-17)
  );
#7894 = ADVANCED_FACE('',(#7895),#7910,.T.);
#7895 = FACE_BOUND('',#7896,.T.);
#7896 = EDGE_LOOP('',(#7897,#7898,#7904));
#7897 = ORIENTED_EDGE('',*,*,#7369,.F.);
#7898 = ORIENTED_EDGE('',*,*,#7899,.T.);
#7899 = EDGE_CURVE('',#7370,#6901,#7900,.T.);
#7900 = LINE('',#7901,#7902);
#7901 = CARTESIAN_POINT('',(16.04940032959,22.657899856567,
    18.952899932861));
#7902 = VECTOR('',#7903,1.);
#7903 = DIRECTION('',(0.707058558321,-0.707012011394,1.422008610986E-02)
  );
#7904 = ORIENTED_EDGE('',*,*,#7905,.F.);
#7905 = EDGE_CURVE('',#7347,#6901,#7906,.T.);
#7906 = LINE('',#7907,#7908);
#7907 = CARTESIAN_POINT('',(17.521699905396,21.185699462891,
    19.226999282837));
#7908 = VECTOR('',#7909,1.);
#7909 = DIRECTION('',(0.137984265239,-0.137984265239,-0.980775552863));
#7910 = PLANE('',#7911);
#7911 = AXIS2_PLACEMENT_3D('',#7912,#7913,#7914);
#7912 = CARTESIAN_POINT('',(16.835511250811,21.871841278386,
    19.032804330488));
#7913 = DIRECTION('',(-0.707083570649,-0.707129990933,6.530820179528E-06
    ));
#7914 = DIRECTION('',(-0.707129990948,0.707083570664,0.));
#7915 = ADVANCED_FACE('',(#7916),#7926,.T.);
#7916 = FACE_BOUND('',#7917,.T.);
#7917 = EDGE_LOOP('',(#7918,#7924,#7925));
#7918 = ORIENTED_EDGE('',*,*,#7919,.T.);
#7919 = EDGE_CURVE('',#7439,#6901,#7920,.T.);
#7920 = LINE('',#7921,#7922);
#7921 = CARTESIAN_POINT('',(16.121599197388,22.585699081421,
    18.439699172974));
#7922 = VECTOR('',#7923,1.);
#7923 = DIRECTION('',(0.683039121891,-0.682990984663,0.258806632132));
#7924 = ORIENTED_EDGE('',*,*,#7899,.F.);
#7925 = ORIENTED_EDGE('',*,*,#7446,.F.);
#7926 = PLANE('',#7927);
#7927 = AXIS2_PLACEMENT_3D('',#7928,#7929,#7930);
#7928 = CARTESIAN_POINT('',(16.739707445924,21.96763634681,
    18.824791369807));
#7929 = DIRECTION('',(-0.707083596986,-0.707129964567,9.151253454768E-06
    ));
#7930 = DIRECTION('',(-0.707129964597,0.707083597016,0.));
#7931 = ADVANCED_FACE('',(#7932),#7942,.T.);
#7932 = FACE_BOUND('',#7933,.T.);
#7933 = EDGE_LOOP('',(#7934,#7935,#7941));
#7934 = ORIENTED_EDGE('',*,*,#7919,.F.);
#7935 = ORIENTED_EDGE('',*,*,#7936,.T.);
#7936 = EDGE_CURVE('',#7439,#6925,#7937,.T.);
#7937 = LINE('',#7938,#7939);
#7938 = CARTESIAN_POINT('',(16.121599197388,22.585699081421,
    18.439699172974));
#7939 = VECTOR('',#7940,1.);
#7940 = DIRECTION('',(0.69967086509,-0.699669969923,0.144646513035));
#7941 = ORIENTED_EDGE('',*,*,#6924,.F.);
#7942 = PLANE('',#7943);
#7943 = AXIS2_PLACEMENT_3D('',#7944,#7945,#7946);
#7944 = CARTESIAN_POINT('',(16.89356330488,21.813761981618,
    18.664033084448));
#7945 = DIRECTION('',(-0.707135674465,-0.707077829621,2.84177644318E-04)
  );
#7946 = DIRECTION('',(0.707077858172,-0.707135703018,0.));
#7947 = ADVANCED_FACE('',(#7948),#7958,.T.);
#7948 = FACE_BOUND('',#7949,.T.);
#7949 = EDGE_LOOP('',(#7950,#7951,#7957));
#7950 = ORIENTED_EDGE('',*,*,#7936,.F.);
#7951 = ORIENTED_EDGE('',*,*,#7952,.T.);
#7952 = EDGE_CURVE('',#7439,#7206,#7953,.T.);
#7953 = LINE('',#7954,#7955);
#7954 = CARTESIAN_POINT('',(16.121599197388,22.585699081421,
    18.439699172974));
#7955 = VECTOR('',#7956,1.);
#7956 = DIRECTION('',(0.706607764097,-0.70656136713,3.842528070431E-02)
  );
#7957 = ORIENTED_EDGE('',*,*,#7205,.F.);
#7958 = PLANE('',#7959);
#7959 = AXIS2_PLACEMENT_3D('',#7960,#7961,#7962);
#7960 = CARTESIAN_POINT('',(16.928160573263,21.779165838962,
    18.54231021163));
#7961 = DIRECTION('',(-0.707075408068,-0.707138089775,
    -2.988219803764E-04));
#7962 = DIRECTION('',(-0.707138121347,0.707075439637,0.));
#7963 = ADVANCED_FACE('',(#7964),#7974,.T.);
#7964 = FACE_BOUND('',#7965,.T.);
#7965 = EDGE_LOOP('',(#7966,#7972,#7973));
#7966 = ORIENTED_EDGE('',*,*,#7967,.T.);
#7967 = EDGE_CURVE('',#7509,#7206,#7968,.T.);
#7968 = LINE('',#7969,#7970);
#7969 = CARTESIAN_POINT('',(16.240600585938,22.466800689697,
    17.944299697876));
#7970 = VECTOR('',#7971,1.);
#7971 = DIRECTION('',(0.68033903573,-0.68033903573,0.272539158514));
#7972 = ORIENTED_EDGE('',*,*,#7952,.F.);
#7973 = ORIENTED_EDGE('',*,*,#7516,.F.);
#7974 = PLANE('',#7975);
#7975 = AXIS2_PLACEMENT_3D('',#7976,#7977,#7978);
#7976 = CARTESIAN_POINT('',(16.854107917148,21.853264373938,
    18.342893156266));
#7977 = DIRECTION('',(-0.707079912057,-0.707133636578,
    -1.341124304071E-04));
#7978 = DIRECTION('',(-0.707133642937,0.707079918415,0.));
#7979 = ADVANCED_FACE('',(#7980),#7997,.T.);
#7980 = FACE_BOUND('',#7981,.T.);
#7981 = EDGE_LOOP('',(#7982,#7983,#7991));
#7982 = ORIENTED_EDGE('',*,*,#7967,.F.);
#7983 = ORIENTED_EDGE('',*,*,#7984,.T.);
#7984 = EDGE_CURVE('',#7509,#7985,#7987,.T.);
#7985 = VERTEX_POINT('',#7986);
#7986 = CARTESIAN_POINT('',(17.787799835205,20.919599533081,
    18.318399429321));
#7987 = LINE('',#7988,#7989);
#7988 = CARTESIAN_POINT('',(16.240600585938,22.466800689697,
    17.944299697876));
#7989 = VECTOR('',#7990,1.);
#7990 = DIRECTION('',(0.696992636984,-0.69699349622,0.168526942111));
#7991 = ORIENTED_EDGE('',*,*,#7992,.F.);
#7992 = EDGE_CURVE('',#7206,#7985,#7993,.T.);
#7993 = LINE('',#7994,#7995);
#7994 = CARTESIAN_POINT('',(17.690200805664,21.017200469971,
    18.52499961853));
#7995 = VECTOR('',#7996,1.);
#7996 = DIRECTION('',(0.39280701923,-0.39281469574,-0.831504215536));
#7997 = PLANE('',#7998);
#7998 = AXIS2_PLACEMENT_3D('',#7999,#8000,#8001);
#7999 = CARTESIAN_POINT('',(17.030749634585,21.676651129211,
    18.194894772056));
#8000 = DIRECTION('',(-0.707107880654,-0.707105681696,5.489254057814E-06
    ));
#8001 = DIRECTION('',(0.707105681707,-0.707107880664,0.));
#8002 = ADVANCED_FACE('',(#8003),#8013,.T.);
#8003 = FACE_BOUND('',#8004,.T.);
#8004 = EDGE_LOOP('',(#8005,#8011,#8012));
#8005 = ORIENTED_EDGE('',*,*,#8006,.T.);
#8006 = EDGE_CURVE('',#7531,#7985,#8007,.T.);
#8007 = LINE('',#8008,#8009);
#8008 = CARTESIAN_POINT('',(16.40419960022,22.303199768066,
    17.47500038147));
#8009 = VECTOR('',#8010,1.);
#8010 = DIRECTION('',(0.649354250878,-0.649354250878,0.395825862891));
#8011 = ORIENTED_EDGE('',*,*,#7984,.F.);
#8012 = ORIENTED_EDGE('',*,*,#7538,.F.);
#8013 = PLANE('',#8014);
#8014 = AXIS2_PLACEMENT_3D('',#8015,#8016,#8017);
#8015 = CARTESIAN_POINT('',(16.975692344522,21.731707560509,
    17.983492775087));
#8016 = DIRECTION('',(-0.707107503582,-0.707106058786,2.370194411637E-06
    ));
#8017 = DIRECTION('',(0.707106058788,-0.707107503584,0.));
#8018 = ADVANCED_FACE('',(#8019),#8036,.T.);
#8019 = FACE_BOUND('',#8020,.T.);
#8020 = EDGE_LOOP('',(#8021,#8022,#8030));
#8021 = ORIENTED_EDGE('',*,*,#8006,.F.);
#8022 = ORIENTED_EDGE('',*,*,#8023,.T.);
#8023 = EDGE_CURVE('',#7531,#8024,#8026,.T.);
#8024 = VERTEX_POINT('',#8025);
#8025 = CARTESIAN_POINT('',(17.903699874878,20.803699493408,
    18.131500244141));
#8026 = LINE('',#8027,#8028);
#8027 = CARTESIAN_POINT('',(16.40419960022,22.303199768066,
    17.47500038147));
#8028 = VECTOR('',#8029,1.);
#8029 = DIRECTION('',(0.675478382711,-0.675478382711,0.295732833786));
#8030 = ORIENTED_EDGE('',*,*,#8031,.F.);
#8031 = EDGE_CURVE('',#7985,#8024,#8032,.T.);
#8032 = LINE('',#8033,#8034);
#8033 = CARTESIAN_POINT('',(17.787799835205,20.919599533081,
    18.318399429321));
#8034 = VECTOR('',#8035,1.);
#8035 = DIRECTION('',(0.466229861227,-0.466229861227,-0.751837371378));
#8036 = PLANE('',#8037);
#8037 = AXIS2_PLACEMENT_3D('',#8038,#8039,#8040);
#8038 = CARTESIAN_POINT('',(17.164494660331,21.542904707956,
    17.869336650119));
#8039 = DIRECTION('',(-0.707106781187,-0.707106781187,-6.69079528629E-15
    ));
#8040 = DIRECTION('',(-0.707106781187,0.707106781187,0.));
#8041 = ADVANCED_FACE('',(#8042),#8052,.T.);
#8042 = FACE_BOUND('',#8043,.T.);
#8043 = EDGE_LOOP('',(#8044,#8050,#8051));
#8044 = ORIENTED_EDGE('',*,*,#8045,.T.);
#8045 = EDGE_CURVE('',#7816,#8024,#8046,.T.);
#8046 = LINE('',#8047,#8048);
#8047 = CARTESIAN_POINT('',(16.609699249268,22.09760093689,
    17.040000915527));
#8048 = VECTOR('',#8049,1.);
#8049 = DIRECTION('',(0.607305297278,-0.607258748744,0.512266618055));
#8050 = ORIENTED_EDGE('',*,*,#8023,.F.);
#8051 = ORIENTED_EDGE('',*,*,#7867,.F.);
#8052 = PLANE('',#8053);
#8053 = AXIS2_PLACEMENT_3D('',#8054,#8055,#8056);
#8054 = CARTESIAN_POINT('',(17.129416407659,21.577955957101,
    17.649579990347));
#8055 = DIRECTION('',(-0.70713601743,-0.707077531115,1.335876068005E-04)
  );
#8056 = DIRECTION('',(0.707077537424,-0.70713602374,-1.355252715607E-20)
  );
#8057 = ADVANCED_FACE('',(#8058),#8075,.T.);
#8058 = FACE_BOUND('',#8059,.T.);
#8059 = EDGE_LOOP('',(#8060,#8061,#8069));
#8060 = ORIENTED_EDGE('',*,*,#8045,.F.);
#8061 = ORIENTED_EDGE('',*,*,#8062,.T.);
#8062 = EDGE_CURVE('',#7816,#8063,#8065,.T.);
#8063 = VERTEX_POINT('',#8064);
#8064 = CARTESIAN_POINT('',(18.035800933838,20.671600341797,
    17.967599868774));
#8065 = LINE('',#8066,#8067);
#8066 = CARTESIAN_POINT('',(16.609699249268,22.09760093689,
    17.040000915527));
#8067 = VECTOR('',#8068,1.);
#8068 = DIRECTION('',(0.642434845134,-0.642389306023,0.417867741356));
#8069 = ORIENTED_EDGE('',*,*,#8070,.F.);
#8070 = EDGE_CURVE('',#8024,#8063,#8071,.T.);
#8071 = LINE('',#8072,#8073);
#8072 = CARTESIAN_POINT('',(17.903699874878,20.803699493408,
    18.131500244141));
#8073 = VECTOR('',#8074,1.);
#8074 = DIRECTION('',(0.531542333001,-0.531534658297,-0.659495000175));
#8075 = PLANE('',#8076);
#8076 = AXIS2_PLACEMENT_3D('',#8077,#8078,#8079);
#8077 = CARTESIAN_POINT('',(17.327111744672,21.38024122418,
    17.571258387834));
#8078 = DIRECTION('',(-0.707088582574,-0.707124979016,2.110595998537E-05
    ));
#8079 = DIRECTION('',(-0.707124979174,0.707088582731,0.));
#8080 = ADVANCED_FACE('',(#8081),#8091,.T.);
#8081 = FACE_BOUND('',#8082,.T.);
#8082 = EDGE_LOOP('',(#8083,#8089,#8090));
#8083 = ORIENTED_EDGE('',*,*,#8084,.T.);
#8084 = EDGE_CURVE('',#7770,#8063,#8085,.T.);
#8085 = LINE('',#8086,#8087);
#8086 = CARTESIAN_POINT('',(16.853700637817,21.853700637817,
    16.646600723267));
#8087 = VECTOR('',#8088,1.);
#8088 = DIRECTION('',(0.554801763799,-0.554801763799,0.619991940085));
#8089 = ORIENTED_EDGE('',*,*,#8062,.F.);
#8090 = ORIENTED_EDGE('',*,*,#7824,.F.);
#8091 = PLANE('',#8092);
#8092 = AXIS2_PLACEMENT_3D('',#8093,#8094,#8095);
#8093 = CARTESIAN_POINT('',(17.312630179071,21.394742648582,
    17.34689723859));
#8094 = DIRECTION('',(-0.707046805861,-0.707166743281,
    -1.073263826592E-04));
#8095 = DIRECTION('',(-0.707166747354,0.707046809933,6.776263578034E-21)
  );
#8096 = ADVANCED_FACE('',(#8097),#8112,.T.);
#8097 = FACE_BOUND('',#8098,.T.);
#8098 = EDGE_LOOP('',(#8099,#8100,#8106));
#8099 = ORIENTED_EDGE('',*,*,#8084,.F.);
#8100 = ORIENTED_EDGE('',*,*,#8101,.T.);
#8101 = EDGE_CURVE('',#7770,#7008,#8102,.T.);
#8102 = LINE('',#8103,#8104);
#8103 = CARTESIAN_POINT('',(16.853700637817,21.853700637817,
    16.646600723267));
#8104 = VECTOR('',#8105,1.);
#8105 = DIRECTION('',(0.59831341035,-0.598358948084,0.532904899812));
#8106 = ORIENTED_EDGE('',*,*,#8107,.F.);
#8107 = EDGE_CURVE('',#8063,#7008,#8108,.T.);
#8108 = LINE('',#8109,#8110);
#8109 = CARTESIAN_POINT('',(18.035800933838,20.671600341797,
    17.967599868774));
#8110 = VECTOR('',#8111,1.);
#8111 = DIRECTION('',(0.587870018054,-0.58827677947,-0.555283056297));
#8112 = PLANE('',#8113);
#8113 = AXIS2_PLACEMENT_3D('',#8114,#8115,#8116);
#8114 = CARTESIAN_POINT('',(17.515896663544,21.191477483724,
    17.305758080688));
#8115 = DIRECTION('',(-0.707239298009,-0.706974199724,2.372240454718E-04
    ));
#8116 = DIRECTION('',(0.706974219617,-0.70723931791,-1.355252715607E-20)
  );
#8117 = ADVANCED_FACE('',(#8118),#8133,.T.);
#8118 = FACE_BOUND('',#8119,.T.);
#8119 = EDGE_LOOP('',(#8120,#8126,#8132));
#8120 = ORIENTED_EDGE('',*,*,#8121,.T.);
#8121 = EDGE_CURVE('',#7008,#7724,#8122,.T.);
#8122 = LINE('',#8123,#8124);
#8123 = CARTESIAN_POINT('',(18.181900024414,20.525400161743,
    17.829599380493));
#8124 = VECTOR('',#8125,1.);
#8125 = DIRECTION('',(-0.49282537532,0.49282537532,-0.717109683997));
#8126 = ORIENTED_EDGE('',*,*,#8127,.T.);
#8127 = EDGE_CURVE('',#7724,#6984,#8128,.T.);
#8128 = LINE('',#8129,#8130);
#8129 = CARTESIAN_POINT('',(17.131799697876,21.575500488281,
    16.301599502563));
#8130 = VECTOR('',#8131,1.);
#8131 = DIRECTION('',(0.544041934488,-0.544041934488,0.638777541118));
#8132 = ORIENTED_EDGE('',*,*,#7015,.F.);
#8133 = PLANE('',#8134);
#8134 = AXIS2_PLACEMENT_3D('',#8135,#8136,#8137);
#8135 = CARTESIAN_POINT('',(17.727516881636,20.979783304521,
    17.077368591373));
#8136 = DIRECTION('',(-0.707106781187,-0.707106781187,
    -4.136281394813E-15));
#8137 = DIRECTION('',(-0.707106781187,0.707106781187,0.));
#8138 = ADVANCED_FACE('',(#8139),#8144,.T.);
#8139 = FACE_BOUND('',#8140,.T.);
#8140 = EDGE_LOOP('',(#8141,#8142,#8143));
#8141 = ORIENTED_EDGE('',*,*,#8121,.F.);
#8142 = ORIENTED_EDGE('',*,*,#8101,.F.);
#8143 = ORIENTED_EDGE('',*,*,#7778,.F.);
#8144 = PLANE('',#8145);
#8145 = AXIS2_PLACEMENT_3D('',#8146,#8147,#8148);
#8146 = CARTESIAN_POINT('',(17.522225135914,21.185103497802,
    17.080669543439));
#8147 = DIRECTION('',(-0.707176140286,-0.707037408854,9.534157972102E-05
    ));
#8148 = DIRECTION('',(0.707037412068,-0.707176143501,0.));
#8149 = ADVANCED_FACE('',(#8150),#8160,.T.);
#8150 = FACE_BOUND('',#8151,.T.);
#8151 = EDGE_LOOP('',(#8152,#8153,#8159));
#8152 = ORIENTED_EDGE('',*,*,#855,.F.);
#8153 = ORIENTED_EDGE('',*,*,#8154,.T.);
#8154 = EDGE_CURVE('',#856,#719,#8155,.T.);
#8155 = LINE('',#8156,#8157);
#8156 = CARTESIAN_POINT('',(19.803699493408,18.903699874878,
    20.818500518799));
#8157 = VECTOR('',#8158,1.);
#8158 = DIRECTION('',(0.607258748744,-0.607305297278,0.512266618055));
#8159 = ORIENTED_EDGE('',*,*,#748,.F.);
#8160 = PLANE('',#8161);
#8161 = AXIS2_PLACEMENT_3D('',#8162,#8163,#8164);
#8162 = CARTESIAN_POINT('',(20.454565256367,18.252806953141,
    21.532857505495));
#8163 = DIRECTION('',(-0.707174883596,-0.707038665532,9.723061474505E-05
    ));
#8164 = DIRECTION('',(0.707038668874,-0.707174886939,0.));
#8165 = ADVANCED_FACE('',(#8166),#8176,.T.);
#8166 = FACE_BOUND('',#8167,.T.);
#8167 = EDGE_LOOP('',(#8168,#8169,#8175));
#8168 = ORIENTED_EDGE('',*,*,#8154,.F.);
#8169 = ORIENTED_EDGE('',*,*,#8170,.T.);
#8170 = EDGE_CURVE('',#856,#673,#8171,.T.);
#8171 = LINE('',#8172,#8173);
#8172 = CARTESIAN_POINT('',(19.803699493408,18.903699874878,
    20.818500518799));
#8173 = VECTOR('',#8174,1.);
#8174 = DIRECTION('',(0.675478382711,-0.675478382711,0.295732833786));
#8175 = ORIENTED_EDGE('',*,*,#726,.F.);
#8176 = PLANE('',#8177);
#8177 = AXIS2_PLACEMENT_3D('',#8178,#8179,#8180);
#8178 = CARTESIAN_POINT('',(20.577955957101,18.129416407659,
    21.300420772593));
#8179 = DIRECTION('',(-0.707077531115,-0.70713601743,-1.335876068016E-04
    ));
#8180 = DIRECTION('',(-0.70713602374,0.707077537424,1.355252715607E-20)
  );
#8181 = ADVANCED_FACE('',(#8182),#8199,.T.);
#8182 = FACE_BOUND('',#8183,.T.);
#8183 = EDGE_LOOP('',(#8184,#8192,#8193));
#8184 = ORIENTED_EDGE('',*,*,#8185,.T.);
#8185 = EDGE_CURVE('',#8186,#673,#8188,.T.);
#8186 = VERTEX_POINT('',#8187);
#8187 = CARTESIAN_POINT('',(19.919599533081,18.787799835205,
    20.63159942627));
#8188 = LINE('',#8189,#8190);
#8189 = CARTESIAN_POINT('',(19.919599533081,18.787799835205,
    20.63159942627));
#8190 = VECTOR('',#8191,1.);
#8191 = DIRECTION('',(0.649354020794,-0.649354020794,0.395826617799));
#8192 = ORIENTED_EDGE('',*,*,#8170,.F.);
#8193 = ORIENTED_EDGE('',*,*,#8194,.F.);
#8194 = EDGE_CURVE('',#8186,#856,#8195,.T.);
#8195 = LINE('',#8196,#8197);
#8196 = CARTESIAN_POINT('',(19.919599533081,18.787799835205,
    20.63159942627));
#8197 = VECTOR('',#8198,1.);
#8198 = DIRECTION('',(-0.466227171743,0.466227171743,0.75184070697));
#8199 = PLANE('',#8200);
#8200 = AXIS2_PLACEMENT_3D('',#8201,#8202,#8203);
#8201 = CARTESIAN_POINT('',(20.542904506787,18.164494861499,
    21.080663504085));
#8202 = DIRECTION('',(-0.707106781187,-0.707106781187,
    -6.690682759089E-15));
#8203 = DIRECTION('',(-0.707106781187,0.707106781187,0.));
#8204 = ADVANCED_FACE('',(#8205),#8215,.T.);
#8205 = FACE_BOUND('',#8206,.T.);
#8206 = EDGE_LOOP('',(#8207,#8208,#8214));
#8207 = ORIENTED_EDGE('',*,*,#8185,.F.);
#8208 = ORIENTED_EDGE('',*,*,#8209,.T.);
#8209 = EDGE_CURVE('',#8186,#627,#8210,.T.);
#8210 = LINE('',#8211,#8212);
#8211 = CARTESIAN_POINT('',(19.919599533081,18.787799835205,
    20.63159942627));
#8212 = VECTOR('',#8213,1.);
#8213 = DIRECTION('',(0.69699349622,-0.696992636984,0.168526942111));
#8214 = ORIENTED_EDGE('',*,*,#680,.F.);
#8215 = PLANE('',#8216);
#8216 = AXIS2_PLACEMENT_3D('',#8217,#8218,#8219);
#8217 = CARTESIAN_POINT('',(20.731707771184,17.975692133847,
    20.966506709383));
#8218 = DIRECTION('',(-0.707106058787,-0.707107503581,
    -2.370185527939E-06));
#8219 = DIRECTION('',(-0.707107503583,0.707106058789,0.));
#8220 = ADVANCED_FACE('',(#8221),#8236,.T.);
#8221 = FACE_BOUND('',#8222,.T.);
#8222 = EDGE_LOOP('',(#8223,#8229,#8230));
#8223 = ORIENTED_EDGE('',*,*,#8224,.T.);
#8224 = EDGE_CURVE('',#1610,#627,#8225,.T.);
#8225 = LINE('',#8226,#8227);
#8226 = CARTESIAN_POINT('',(20.017200469971,18.690200805664,
    20.424999237061));
#8227 = VECTOR('',#8228,1.);
#8228 = DIRECTION('',(0.68033903573,-0.68033903573,0.272539158514));
#8229 = ORIENTED_EDGE('',*,*,#8209,.F.);
#8230 = ORIENTED_EDGE('',*,*,#8231,.F.);
#8231 = EDGE_CURVE('',#1610,#8186,#8232,.T.);
#8232 = LINE('',#8233,#8234);
#8233 = CARTESIAN_POINT('',(20.017200469971,18.690200805664,
    20.424999237061));
#8234 = VECTOR('',#8235,1.);
#8235 = DIRECTION('',(-0.39281469574,0.39280701923,0.831504215536));
#8236 = PLANE('',#8237);
#8237 = AXIS2_PLACEMENT_3D('',#8238,#8239,#8240);
#8238 = CARTESIAN_POINT('',(20.676651129211,18.030749634585,
    20.755104083535));
#8239 = DIRECTION('',(-0.707105681696,-0.707107880654,
    -5.489254061427E-06));
#8240 = DIRECTION('',(-0.707107880664,0.707105681707,-4.235164736272E-22
    ));
#8241 = ADVANCED_FACE('',(#8242),#8252,.T.);
#8242 = FACE_BOUND('',#8243,.T.);
#8243 = EDGE_LOOP('',(#8244,#8245,#8251));
#8244 = ORIENTED_EDGE('',*,*,#8224,.F.);
#8245 = ORIENTED_EDGE('',*,*,#8246,.T.);
#8246 = EDGE_CURVE('',#1610,#596,#8247,.T.);
#8247 = LINE('',#8248,#8249);
#8248 = CARTESIAN_POINT('',(20.017200469971,18.690200805664,
    20.424999237061));
#8249 = VECTOR('',#8250,1.);
#8250 = DIRECTION('',(0.70656136713,-0.706607764097,3.842528070431E-02)
  );
#8251 = ORIENTED_EDGE('',*,*,#634,.F.);
#8252 = PLANE('',#8253);
#8253 = AXIS2_PLACEMENT_3D('',#8254,#8255,#8256);
#8254 = CARTESIAN_POINT('',(20.853264373938,17.854107917148,
    20.607105699325));
#8255 = DIRECTION('',(-0.707133636578,-0.707079912057,1.341124304077E-04
    ));
#8256 = DIRECTION('',(0.707079918415,-0.707133642937,0.));
#8257 = ADVANCED_FACE('',(#8258),#8268,.T.);
#8258 = FACE_BOUND('',#8259,.T.);
#8259 = EDGE_LOOP('',(#8260,#8266,#8267));
#8260 = ORIENTED_EDGE('',*,*,#8261,.T.);
#8261 = EDGE_CURVE('',#1634,#596,#8262,.T.);
#8262 = LINE('',#8263,#8264);
#8263 = CARTESIAN_POINT('',(20.094900131226,18.612400054932,
    20.202100753784));
#8264 = VECTOR('',#8265,1.);
#8265 = DIRECTION('',(0.699670060517,-0.699670955685,0.144645636596));
#8266 = ORIENTED_EDGE('',*,*,#8246,.F.);
#8267 = ORIENTED_EDGE('',*,*,#1641,.F.);
#8268 = PLANE('',#8269);
#8269 = AXIS2_PLACEMENT_3D('',#8270,#8271,#8272);
#8270 = CARTESIAN_POINT('',(20.77916610424,17.928160307978,
    20.407689175421));
#8271 = DIRECTION('',(-0.707138089843,-0.707075407999,2.988244898028E-04
    ));
#8272 = DIRECTION('',(0.707075439569,-0.707138121415,-2.710505431214E-20
    ));
#8273 = ADVANCED_FACE('',(#8274),#8284,.T.);
#8274 = FACE_BOUND('',#8275,.T.);
#8275 = EDGE_LOOP('',(#8276,#8282,#8283));
#8276 = ORIENTED_EDGE('',*,*,#8277,.T.);
#8277 = EDGE_CURVE('',#7245,#596,#8278,.T.);
#8278 = LINE('',#8279,#8280);
#8279 = CARTESIAN_POINT('',(20.151399612427,18.555999755859,
    19.966800689697));
#8280 = VECTOR('',#8281,1.);
#8281 = DIRECTION('',(0.682991145207,-0.683039282447,0.258805784718));
#8282 = ORIENTED_EDGE('',*,*,#8261,.F.);
#8283 = ORIENTED_EDGE('',*,*,#7252,.F.);
#8284 = PLANE('',#8285);
#8285 = AXIS2_PLACEMENT_3D('',#8286,#8287,#8288);
#8286 = CARTESIAN_POINT('',(20.813761973946,17.893563312552,
    20.285966778619));
#8287 = DIRECTION('',(-0.707077829794,-0.707135674292,
    -2.841777274183E-04));
#8288 = DIRECTION('',(-0.707135702845,0.707077858345,0.));
#8289 = ADVANCED_FACE('',(#8290),#8305,.T.);
#8290 = FACE_BOUND('',#8291,.T.);
#8291 = EDGE_LOOP('',(#8292,#8293,#8299));
#8292 = ORIENTED_EDGE('',*,*,#8277,.F.);
#8293 = ORIENTED_EDGE('',*,*,#8294,.T.);
#8294 = EDGE_CURVE('',#7245,#487,#8295,.T.);
#8295 = LINE('',#8296,#8297);
#8296 = CARTESIAN_POINT('',(20.151399612427,18.555999755859,
    19.966800689697));
#8297 = VECTOR('',#8298,1.);
#8298 = DIRECTION('',(0.707012011394,-0.707058558321,1.422008610986E-02)
  );
#8299 = ORIENTED_EDGE('',*,*,#8300,.F.);
#8300 = EDGE_CURVE('',#596,#487,#8301,.T.);
#8301 = LINE('',#8302,#8303);
#8302 = CARTESIAN_POINT('',(21.585699081421,17.121599197388,
    20.510299682617));
#8303 = VECTOR('',#8304,1.);
#8304 = DIRECTION('',(0.137983188601,-0.13797954346,-0.980776368623));
#8305 = PLANE('',#8306);
#8306 = AXIS2_PLACEMENT_3D('',#8307,#8308,#8309);
#8307 = CARTESIAN_POINT('',(20.967636099692,17.739707693059,
    20.12520880457));
#8308 = DIRECTION('',(-0.707129964567,-0.707083596987,
    -9.151287370399E-06));
#8309 = DIRECTION('',(0.707083597016,-0.707129964597,-8.470329472543E-22
    ));
#8310 = ADVANCED_FACE('',(#8311),#8321,.T.);
#8311 = FACE_BOUND('',#8312,.T.);
#8312 = EDGE_LOOP('',(#8313,#8314,#8315));
#8313 = ORIENTED_EDGE('',*,*,#494,.T.);
#8314 = ORIENTED_EDGE('',*,*,#8294,.F.);
#8315 = ORIENTED_EDGE('',*,*,#8316,.F.);
#8316 = EDGE_CURVE('',#456,#7245,#8317,.T.);
#8317 = LINE('',#8318,#8319);
#8318 = CARTESIAN_POINT('',(20.185699462891,18.521699905396,
    19.722999572754));
#8319 = VECTOR('',#8320,1.);
#8320 = DIRECTION('',(-0.137983226842,0.137983226842,0.980775845043));
#8321 = PLANE('',#8322);
#8322 = AXIS2_PLACEMENT_3D('',#8323,#8324,#8325);
#8323 = CARTESIAN_POINT('',(20.871840987456,17.835511541761,
    19.917195899059));
#8324 = DIRECTION('',(-0.707129990933,-0.707083570648,
    -6.530769229573E-06));
#8325 = DIRECTION('',(0.707083570663,-0.707129990948,0.));
#8326 = ADVANCED_FACE('',(#8327),#8337,.T.);
#8327 = FACE_BOUND('',#8328,.T.);
#8328 = EDGE_LOOP('',(#8329,#8330,#8331));
#8329 = ORIENTED_EDGE('',*,*,#441,.T.);
#8330 = ORIENTED_EDGE('',*,*,#471,.F.);
#8331 = ORIENTED_EDGE('',*,*,#8332,.F.);
#8332 = EDGE_CURVE('',#403,#464,#8333,.T.);
#8333 = LINE('',#8334,#8335);
#8334 = CARTESIAN_POINT('',(20.185699462891,18.521699905396,
    19.226999282837));
#8335 = VECTOR('',#8336,1.);
#8336 = DIRECTION('',(4.627664795973E-02,-4.626897355709E-02,
    0.997856529737));
#8337 = PLANE('',#8338);
#8338 = AXIS2_PLACEMENT_3D('',#8339,#8340,#8341);
#8339 = CARTESIAN_POINT('',(20.895400324529,17.811999543779,
    19.409134376487));
#8340 = DIRECTION('',(-0.707107235314,-0.707106327038,5.480397696038E-06
    ));
#8341 = DIRECTION('',(0.707106327049,-0.707107235324,4.235164736272E-22)
  );
#8342 = ADVANCED_FACE('',(#8343),#8358,.T.);
#8343 = FACE_BOUND('',#8344,.T.);
#8344 = EDGE_LOOP('',(#8345,#8351,#8352));
#8345 = ORIENTED_EDGE('',*,*,#8346,.T.);
#8346 = EDGE_CURVE('',#333,#411,#8347,.T.);
#8347 = LINE('',#8348,#8349);
#8348 = CARTESIAN_POINT('',(21.585699081421,17.121599197388,
    18.439699172974));
#8349 = VECTOR('',#8350,1.);
#8350 = DIRECTION('',(-0.682990984663,0.683039121891,0.258806632132));
#8351 = ORIENTED_EDGE('',*,*,#1808,.F.);
#8352 = ORIENTED_EDGE('',*,*,#8353,.T.);
#8353 = EDGE_CURVE('',#1785,#333,#8354,.T.);
#8354 = LINE('',#8355,#8356);
#8355 = CARTESIAN_POINT('',(20.094900131226,18.612400054932,
    18.747900009155));
#8356 = VECTOR('',#8357,1.);
#8357 = DIRECTION('',(0.699669969923,-0.69967086509,-0.144646513035));
#8358 = PLANE('',#8359);
#8359 = AXIS2_PLACEMENT_3D('',#8360,#8361,#8362);
#8360 = CARTESIAN_POINT('',(20.813761981618,17.89356330488,
    18.664033084448));
#8361 = DIRECTION('',(-0.707077829621,-0.707135674465,2.841776443117E-04
    ));
#8362 = DIRECTION('',(-0.707135703018,0.707077858172,0.));
#8363 = ADVANCED_FACE('',(#8364),#8369,.T.);
#8364 = FACE_BOUND('',#8365,.T.);
#8365 = EDGE_LOOP('',(#8366,#8367,#8368));
#8366 = ORIENTED_EDGE('',*,*,#8353,.F.);
#8367 = ORIENTED_EDGE('',*,*,#1850,.F.);
#8368 = ORIENTED_EDGE('',*,*,#340,.T.);
#8369 = PLANE('',#8370);
#8370 = AXIS2_PLACEMENT_3D('',#8371,#8372,#8373);
#8371 = CARTESIAN_POINT('',(20.779165838962,17.928160573263,
    18.54231021163));
#8372 = DIRECTION('',(-0.707138089775,-0.707075408068,
    -2.988219803764E-04));
#8373 = DIRECTION('',(0.707075439637,-0.707138121347,0.));
#8374 = ADVANCED_FACE('',(#8375),#8385,.T.);
#8375 = FACE_BOUND('',#8376,.T.);
#8376 = EDGE_LOOP('',(#8377,#8378,#8384));
#8377 = ORIENTED_EDGE('',*,*,#8346,.F.);
#8378 = ORIENTED_EDGE('',*,*,#8379,.F.);
#8379 = EDGE_CURVE('',#401,#333,#8380,.T.);
#8380 = LINE('',#8381,#8382);
#8381 = CARTESIAN_POINT('',(21.657899856567,17.04940032959,
    18.952899932861));
#8382 = VECTOR('',#8383,1.);
#8383 = DIRECTION('',(-0.137982695304,0.137979050175,-0.980776507421));
#8384 = ORIENTED_EDGE('',*,*,#418,.F.);
#8385 = PLANE('',#8386);
#8386 = AXIS2_PLACEMENT_3D('',#8387,#8388,#8389);
#8387 = CARTESIAN_POINT('',(20.96763634681,17.739707445924,
    18.824791369807));
#8388 = DIRECTION('',(-0.707129964567,-0.707083596986,9.151253454768E-06
    ));
#8389 = DIRECTION('',(0.707083597016,-0.707129964597,0.));
#8390 = ADVANCED_FACE('',(#8391),#8408,.T.);
#8391 = FACE_BOUND('',#8392,.T.);
#8392 = EDGE_LOOP('',(#8393,#8401,#8402));
#8393 = ORIENTED_EDGE('',*,*,#8394,.T.);
#8394 = EDGE_CURVE('',#8395,#87,#8397,.T.);
#8395 = VERTEX_POINT('',#8396);
#8396 = CARTESIAN_POINT('',(20.575500488281,18.131799697876,
    16.301599502563));
#8397 = LINE('',#8398,#8399);
#8398 = CARTESIAN_POINT('',(20.575500488281,18.131799697876,
    16.301599502563));
#8399 = VECTOR('',#8400,1.);
#8400 = DIRECTION('',(-0.49282537532,0.49282537532,0.717109683997));
#8401 = ORIENTED_EDGE('',*,*,#1888,.F.);
#8402 = ORIENTED_EDGE('',*,*,#8403,.T.);
#8403 = EDGE_CURVE('',#1693,#8395,#8404,.T.);
#8404 = LINE('',#8405,#8406);
#8405 = CARTESIAN_POINT('',(19.367799758911,19.339500427246,
    17.71960067749));
#8406 = VECTOR('',#8407,1.);
#8407 = DIRECTION('',(0.544041934488,-0.544041934488,-0.638777541118));
#8408 = PLANE('',#8409);
#8409 = AXIS2_PLACEMENT_3D('',#8410,#8411,#8412);
#8410 = CARTESIAN_POINT('',(19.979783304521,18.727516881636,
    17.077368591373));
#8411 = DIRECTION('',(-0.707106781187,-0.707106781187,-0.));
#8412 = DIRECTION('',(-0.707106781187,0.707106781187,0.));
#8413 = ADVANCED_FACE('',(#8414),#8431,.T.);
#8414 = FACE_BOUND('',#8415,.T.);
#8415 = EDGE_LOOP('',(#8416,#8424,#8425));
#8416 = ORIENTED_EDGE('',*,*,#8417,.T.);
#8417 = EDGE_CURVE('',#8418,#1693,#8420,.T.);
#8418 = VERTEX_POINT('',#8419);
#8419 = CARTESIAN_POINT('',(20.267900466919,18.439500808716,
    16.010900497437));
#8420 = LINE('',#8421,#8422);
#8421 = CARTESIAN_POINT('',(20.267900466919,18.439500808716,
    16.010900497437));
#8422 = VECTOR('',#8423,1.);
#8423 = DIRECTION('',(-0.422445781751,0.422398337256,0.80194713427));
#8424 = ORIENTED_EDGE('',*,*,#1724,.F.);
#8425 = ORIENTED_EDGE('',*,*,#8426,.T.);
#8426 = EDGE_CURVE('',#1717,#8418,#8427,.T.);
#8427 = LINE('',#8428,#8429);
#8428 = CARTESIAN_POINT('',(19.201400756836,19.506000518799,
    17.639699935913));
#8429 = VECTOR('',#8430,1.);
#8430 = DIRECTION('',(0.480433015541,-0.480433015541,-0.733735807465));
#8431 = PLANE('',#8432);
#8432 = AXIS2_PLACEMENT_3D('',#8433,#8434,#8435);
#8433 = CARTESIAN_POINT('',(19.748869777486,18.958505349855,
    16.889986418509));
#8434 = DIRECTION('',(-0.707270118933,-0.706943373327,
    -2.139453672204E-04));
#8435 = DIRECTION('',(0.706943389507,-0.70727013512,1.355252715607E-20)
  );
#8436 = ADVANCED_FACE('',(#8437),#8454,.T.);
#8437 = FACE_BOUND('',#8438,.T.);
#8438 = EDGE_LOOP('',(#8439,#8447,#8448));
#8439 = ORIENTED_EDGE('',*,*,#8440,.T.);
#8440 = EDGE_CURVE('',#8441,#1717,#8443,.T.);
#8441 = VERTEX_POINT('',#8442);
#8442 = CARTESIAN_POINT('',(19.936100006104,18.771299362183,
    15.779500007629));
#8443 = LINE('',#8444,#8445);
#8444 = CARTESIAN_POINT('',(19.936100006104,18.771299362183,
    15.779500007629));
#8445 = VECTOR('',#8446,1.);
#8446 = DIRECTION('',(-0.344814763681,0.344815658852,0.873043492707));
#8447 = ORIENTED_EDGE('',*,*,#1770,.F.);
#8448 = ORIENTED_EDGE('',*,*,#8449,.T.);
#8449 = EDGE_CURVE('',#1763,#8441,#8450,.T.);
#8450 = LINE('',#8451,#8452);
#8451 = CARTESIAN_POINT('',(19.028999328613,19.678300857544,
    17.591299057007));
#8452 = VECTOR('',#8453,1.);
#8453 = DIRECTION('',(0.408616380914,-0.408571702915,-0.816150609156));
#8454 = PLANE('',#8455);
#8455 = AXIS2_PLACEMENT_3D('',#8456,#8457,#8458);
#8456 = CARTESIAN_POINT('',(19.502636479194,19.204736766119,
    16.746866247057));
#8457 = DIRECTION('',(-0.706920173866,-0.707293323768,1.48103439388E-04)
  );
#8458 = DIRECTION('',(-0.707293331525,0.706920181619,0.));
#8459 = ADVANCED_FACE('',(#8460),#8477,.T.);
#8460 = FACE_BOUND('',#8461,.T.);
#8461 = EDGE_LOOP('',(#8462,#8470,#8471));
#8462 = ORIENTED_EDGE('',*,*,#8463,.T.);
#8463 = EDGE_CURVE('',#8464,#1763,#8466,.T.);
#8464 = VERTEX_POINT('',#8465);
#8465 = CARTESIAN_POINT('',(19.222900390625,19.48450088501,
    15.50920009613));
#8466 = LINE('',#8467,#8468);
#8467 = CARTESIAN_POINT('',(19.222900390625,19.48450088501,
    15.50920009613));
#8468 = VECTOR('',#8469,1.);
#8469 = DIRECTION('',(-9.233078094417E-02,9.228264469205E-02,
    0.991442857849));
#8470 = ORIENTED_EDGE('',*,*,#1934,.F.);
#8471 = ORIENTED_EDGE('',*,*,#8472,.T.);
#8472 = EDGE_CURVE('',#1927,#8464,#8473,.T.);
#8473 = LINE('',#8474,#8475);
#8474 = CARTESIAN_POINT('',(18.853700637817,19.853700637817,
    17.575000762939));
#8475 = VECTOR('',#8476,1.);
#8476 = DIRECTION('',(0.173271180317,-0.173271180317,-0.96951234966));
#8477 = PLANE('',#8478);
#8478 = AXIS2_PLACEMENT_3D('',#8479,#8480,#8481);
#8479 = CARTESIAN_POINT('',(19.074014622311,19.633360152001,
    16.603678923948));
#8480 = DIRECTION('',(-0.707307245235,-0.706906256658,
    -7.166465087602E-05));
#8481 = DIRECTION('',(0.706906258473,-0.707307247051,0.));
#8482 = ADVANCED_FACE('',(#8483),#8493,.T.);
#8483 = FACE_BOUND('',#8484,.T.);
#8484 = EDGE_LOOP('',(#8485,#8491,#8492));
#8485 = ORIENTED_EDGE('',*,*,#8486,.T.);
#8486 = EDGE_CURVE('',#7678,#6984,#8487,.T.);
#8487 = LINE('',#8488,#8489);
#8488 = CARTESIAN_POINT('',(17.439500808716,21.267900466919,
    16.010900497437));
#8489 = VECTOR('',#8490,1.);
#8490 = DIRECTION('',(0.422398337256,-0.422445781751,0.80194713427));
#8491 = ORIENTED_EDGE('',*,*,#8127,.F.);
#8492 = ORIENTED_EDGE('',*,*,#7732,.F.);
#8493 = PLANE('',#8494);
#8494 = AXIS2_PLACEMENT_3D('',#8495,#8496,#8497);
#8495 = CARTESIAN_POINT('',(17.754596130305,20.952731579096,
    16.855332929573));
#8496 = DIRECTION('',(-0.70704240411,-0.707171143902,-1.096466932985E-04
    ));
#8497 = DIRECTION('',(-0.707171148153,0.707042408361,-6.776263578034E-21
    ));
#8498 = ADVANCED_FACE('',(#8499),#8509,.T.);
#8499 = FACE_BOUND('',#8500,.T.);
#8500 = EDGE_LOOP('',(#8501,#8502,#8508));
#8501 = ORIENTED_EDGE('',*,*,#8486,.F.);
#8502 = ORIENTED_EDGE('',*,*,#8503,.T.);
#8503 = EDGE_CURVE('',#7678,#2019,#8504,.T.);
#8504 = LINE('',#8505,#8506);
#8505 = CARTESIAN_POINT('',(17.439500808716,21.267900466919,
    16.010900497437));
#8506 = VECTOR('',#8507,1.);
#8507 = DIRECTION('',(0.480433015541,-0.480433015541,0.733735807465));
#8508 = ORIENTED_EDGE('',*,*,#7047,.F.);
#8509 = PLANE('',#8510);
#8510 = AXIS2_PLACEMENT_3D('',#8511,#8512,#8513);
#8511 = CARTESIAN_POINT('',(17.958505349855,20.748869777486,
    16.889986418509));
#8512 = DIRECTION('',(-0.706943373327,-0.707270118933,
    -2.139453672235E-04));
#8513 = DIRECTION('',(-0.70727013512,0.706943389507,-1.355252715607E-20)
  );
#8514 = ADVANCED_FACE('',(#8515),#8525,.T.);
#8515 = FACE_BOUND('',#8516,.T.);
#8516 = EDGE_LOOP('',(#8517,#8523,#8524));
#8517 = ORIENTED_EDGE('',*,*,#8518,.T.);
#8518 = EDGE_CURVE('',#7632,#2019,#8519,.T.);
#8519 = LINE('',#8520,#8521);
#8520 = CARTESIAN_POINT('',(17.771299362183,20.936100006104,
    15.779500007629));
#8521 = VECTOR('',#8522,1.);
#8522 = DIRECTION('',(0.344815658852,-0.344814763681,0.873043492707));
#8523 = ORIENTED_EDGE('',*,*,#8503,.F.);
#8524 = ORIENTED_EDGE('',*,*,#7686,.F.);
#8525 = PLANE('',#8526);
#8526 = AXIS2_PLACEMENT_3D('',#8527,#8528,#8529);
#8527 = CARTESIAN_POINT('',(18.005843845638,20.701556910695,
    16.674874022052));
#8528 = DIRECTION('',(-0.707108176443,-0.707105385925,1.827165254166E-06
    ));
#8529 = DIRECTION('',(0.707105385927,-0.707108176444,1.058791184068E-22)
  );
#8530 = ADVANCED_FACE('',(#8531),#8541,.T.);
#8531 = FACE_BOUND('',#8532,.T.);
#8532 = EDGE_LOOP('',(#8533,#8534,#8540));
#8533 = ORIENTED_EDGE('',*,*,#8518,.F.);
#8534 = ORIENTED_EDGE('',*,*,#8535,.T.);
#8535 = EDGE_CURVE('',#7632,#1973,#8536,.T.);
#8536 = LINE('',#8537,#8538);
#8537 = CARTESIAN_POINT('',(17.771299362183,20.936100006104,
    15.779500007629));
#8538 = VECTOR('',#8539,1.);
#8539 = DIRECTION('',(0.408571702915,-0.408616380914,0.816150609156));
#8540 = ORIENTED_EDGE('',*,*,#2026,.F.);
#8541 = PLANE('',#8542);
#8542 = AXIS2_PLACEMENT_3D('',#8543,#8544,#8545);
#8543 = CARTESIAN_POINT('',(18.204736766119,20.502636479194,
    16.746866247057));
#8544 = DIRECTION('',(-0.707293323768,-0.706920173866,1.481034393947E-04
    ));
#8545 = DIRECTION('',(0.706920181619,-0.707293331525,0.));
#8546 = ADVANCED_FACE('',(#8547),#8557,.T.);
#8547 = FACE_BOUND('',#8548,.T.);
#8548 = EDGE_LOOP('',(#8549,#8550,#8556));
#8549 = ORIENTED_EDGE('',*,*,#8394,.F.);
#8550 = ORIENTED_EDGE('',*,*,#8551,.F.);
#8551 = EDGE_CURVE('',#77,#8395,#8552,.T.);
#8552 = LINE('',#8553,#8554);
#8553 = CARTESIAN_POINT('',(20.853700637817,17.853700637817,
    16.646600723267));
#8554 = VECTOR('',#8555,1.);
#8555 = DIRECTION('',(-0.531706736355,0.53151353029,-0.659379491365));
#8556 = ORIENTED_EDGE('',*,*,#94,.F.);
#8557 = PLANE('',#8558);
#8558 = AXIS2_PLACEMENT_3D('',#8559,#8560,#8561);
#8559 = CARTESIAN_POINT('',(20.185103497802,18.522225135914,
    17.080669543439));
#8560 = DIRECTION('',(-0.707037408854,-0.707176140286,9.534157972188E-05
    ));
#8561 = DIRECTION('',(-0.707176143501,0.707037412068,0.));
#8562 = ADVANCED_FACE('',(#8563),#8573,.T.);
#8563 = FACE_BOUND('',#8564,.T.);
#8564 = EDGE_LOOP('',(#8565,#8571,#8572));
#8565 = ORIENTED_EDGE('',*,*,#8566,.T.);
#8566 = EDGE_CURVE('',#7577,#1973,#8567,.T.);
#8567 = LINE('',#8568,#8569);
#8568 = CARTESIAN_POINT('',(18.121599197388,20.585699081421,
    15.611300468445));
#8569 = VECTOR('',#8570,1.);
#8570 = DIRECTION('',(0.261266538895,-0.261265643754,0.929236277299));
#8571 = ORIENTED_EDGE('',*,*,#8535,.F.);
#8572 = ORIENTED_EDGE('',*,*,#7640,.F.);
#8573 = PLANE('',#8574);
#8574 = AXIS2_PLACEMENT_3D('',#8575,#8576,#8577);
#8575 = CARTESIAN_POINT('',(18.271489359815,20.43583821803,
    16.542352021088));
#8576 = DIRECTION('',(-0.707196511733,-0.707017037402,5.114255479971E-05
    ));
#8577 = DIRECTION('',(0.707017038326,-0.707196512658,-3.388131789017E-21
    ));
#8578 = ADVANCED_FACE('',(#8579),#8589,.T.);
#8579 = FACE_BOUND('',#8580,.T.);
#8580 = EDGE_LOOP('',(#8581,#8582,#8588));
#8581 = ORIENTED_EDGE('',*,*,#8417,.F.);
#8582 = ORIENTED_EDGE('',*,*,#8583,.F.);
#8583 = EDGE_CURVE('',#8395,#8418,#8584,.T.);
#8584 = LINE('',#8585,#8586);
#8585 = CARTESIAN_POINT('',(20.575500488281,18.131799697876,
    16.301599502563));
#8586 = VECTOR('',#8587,1.);
#8587 = DIRECTION('',(-0.587850291693,0.588043482443,-0.555550985341));
#8588 = ORIENTED_EDGE('',*,*,#8403,.F.);
#8589 = PLANE('',#8590);
#8590 = AXIS2_PLACEMENT_3D('',#8591,#8592,#8593);
#8591 = CARTESIAN_POINT('',(19.952731579096,18.754596130305,
    16.855332929573));
#8592 = DIRECTION('',(-0.707171143902,-0.70704240411,-1.096466932985E-04
    ));
#8593 = DIRECTION('',(0.707042408361,-0.707171148153,-6.776263578034E-21
    ));
#8594 = ADVANCED_FACE('',(#8595),#8605,.T.);
#8595 = FACE_BOUND('',#8596,.T.);
#8596 = EDGE_LOOP('',(#8597,#8603,#8604));
#8597 = ORIENTED_EDGE('',*,*,#8598,.T.);
#8598 = EDGE_CURVE('',#7587,#1973,#8599,.T.);
#8599 = LINE('',#8600,#8601);
#8600 = CARTESIAN_POINT('',(18.48450088501,20.222900390625,
    15.50920009613));
#8601 = VECTOR('',#8602,1.);
#8602 = DIRECTION('',(9.228264469205E-02,-9.233078094417E-02,
    0.991442857849));
#8603 = ORIENTED_EDGE('',*,*,#8566,.F.);
#8604 = ORIENTED_EDGE('',*,*,#7594,.F.);
#8605 = PLANE('',#8606);
#8606 = AXIS2_PLACEMENT_3D('',#8607,#8608,#8609);
#8607 = CARTESIAN_POINT('',(18.469440301193,20.237887243024,
    16.464176286078));
#8608 = DIRECTION('',(-0.707013685102,-0.707199863128,
    -5.166505676691E-05));
#8609 = DIRECTION('',(-0.707199864072,0.707013686046,0.));
#8610 = ADVANCED_FACE('',(#8611),#8621,.T.);
#8611 = FACE_BOUND('',#8612,.T.);
#8612 = EDGE_LOOP('',(#8613,#8614,#8620));
#8613 = ORIENTED_EDGE('',*,*,#8440,.F.);
#8614 = ORIENTED_EDGE('',*,*,#8615,.F.);
#8615 = EDGE_CURVE('',#8418,#8441,#8616,.T.);
#8616 = LINE('',#8617,#8618);
#8617 = CARTESIAN_POINT('',(20.267900466919,18.439500808716,
    16.010900497437));
#8618 = VECTOR('',#8619,1.);
#8619 = DIRECTION('',(-0.634187040082,0.63418339447,-0.442287486111));
#8620 = ORIENTED_EDGE('',*,*,#8426,.F.);
#8621 = PLANE('',#8622);
#8622 = AXIS2_PLACEMENT_3D('',#8623,#8624,#8625);
#8623 = CARTESIAN_POINT('',(19.701556910695,19.005843845638,
    16.674874022052));
#8624 = DIRECTION('',(-0.707105385925,-0.707108176443,1.827165254683E-06
    ));
#8625 = DIRECTION('',(-0.707108176444,0.707105385927,1.058791184068E-22)
  );
#8626 = ADVANCED_FACE('',(#8627),#8637,.T.);
#8627 = FACE_BOUND('',#8628,.T.);
#8628 = EDGE_LOOP('',(#8629,#8630,#8636));
#8629 = ORIENTED_EDGE('',*,*,#8598,.F.);
#8630 = ORIENTED_EDGE('',*,*,#8631,.T.);
#8631 = EDGE_CURVE('',#7587,#1927,#8632,.T.);
#8632 = LINE('',#8633,#8634);
#8633 = CARTESIAN_POINT('',(18.48450088501,20.222900390625,
    15.50920009613));
#8634 = VECTOR('',#8635,1.);
#8635 = DIRECTION('',(0.173271180317,-0.173271180317,0.96951234966));
#8636 = ORIENTED_EDGE('',*,*,#1980,.F.);
#8637 = PLANE('',#8638);
#8638 = AXIS2_PLACEMENT_3D('',#8639,#8640,#8641);
#8639 = CARTESIAN_POINT('',(18.633360152001,20.074014622311,
    16.603678923948));
#8640 = DIRECTION('',(-0.706906256658,-0.707307245235,
    -7.166465087588E-05));
#8641 = DIRECTION('',(-0.707307247051,0.706906258473,0.));
#8642 = ADVANCED_FACE('',(#8643),#8660,.T.);
#8643 = FACE_BOUND('',#8644,.T.);
#8644 = EDGE_LOOP('',(#8645,#8653,#8659));
#8645 = ORIENTED_EDGE('',*,*,#8646,.T.);
#8646 = EDGE_CURVE('',#1763,#8647,#8649,.T.);
#8647 = VERTEX_POINT('',#8648);
#8648 = CARTESIAN_POINT('',(19.585699081421,19.121599197388,
    15.611300468445));
#8649 = LINE('',#8650,#8651);
#8650 = CARTESIAN_POINT('',(19.028999328613,19.678300857544,
    17.591299057007));
#8651 = VECTOR('',#8652,1.);
#8652 = DIRECTION('',(0.261265643754,-0.261266538895,-0.929236277299));
#8653 = ORIENTED_EDGE('',*,*,#8654,.F.);
#8654 = EDGE_CURVE('',#8441,#8647,#8655,.T.);
#8655 = LINE('',#8656,#8657);
#8656 = CARTESIAN_POINT('',(19.936100006104,18.771299362183,
    15.779500007629));
#8657 = VECTOR('',#8658,1.);
#8658 = DIRECTION('',(-0.669673174919,0.669479976481,-0.321456684305));
#8659 = ORIENTED_EDGE('',*,*,#8449,.F.);
#8660 = PLANE('',#8661);
#8661 = AXIS2_PLACEMENT_3D('',#8662,#8663,#8664);
#8662 = CARTESIAN_POINT('',(19.43583821803,19.271489359815,
    16.542352021088));
#8663 = DIRECTION('',(-0.707017037402,-0.707196511733,5.114255479936E-05
    ));
#8664 = DIRECTION('',(-0.707196512658,0.707017038326,3.388131789017E-21)
  );
#8665 = ADVANCED_FACE('',(#8666),#8676,.T.);
#8666 = FACE_BOUND('',#8667,.T.);
#8667 = EDGE_LOOP('',(#8668,#8669,#8675));
#8668 = ORIENTED_EDGE('',*,*,#8463,.F.);
#8669 = ORIENTED_EDGE('',*,*,#8670,.F.);
#8670 = EDGE_CURVE('',#8647,#8464,#8671,.T.);
#8671 = LINE('',#8672,#8673);
#8672 = CARTESIAN_POINT('',(19.585699081421,19.121599197388,
    15.611300468445));
#8673 = VECTOR('',#8674,1.);
#8674 = DIRECTION('',(-0.693413998364,0.693610855307,-0.195143558114));
#8675 = ORIENTED_EDGE('',*,*,#8646,.F.);
#8676 = PLANE('',#8677);
#8677 = AXIS2_PLACEMENT_3D('',#8678,#8679,#8680);
#8678 = CARTESIAN_POINT('',(19.237887243024,19.469440301193,
    16.464176286078));
#8679 = DIRECTION('',(-0.707199863128,-0.707013685102,
    -5.166505676685E-05));
#8680 = DIRECTION('',(0.707013686046,-0.707199864072,0.));
#8681 = ADVANCED_FACE('',(#8682),#8699,.T.);
#8682 = FACE_BOUND('',#8683,.T.);
#8683 = EDGE_LOOP('',(#8684,#8692,#8698));
#8684 = ORIENTED_EDGE('',*,*,#8685,.T.);
#8685 = EDGE_CURVE('',#8464,#8686,#8688,.T.);
#8686 = VERTEX_POINT('',#8687);
#8687 = CARTESIAN_POINT('',(16.464099884033,16.,15.611300468445));
#8688 = LINE('',#8689,#8690);
#8689 = CARTESIAN_POINT('',(19.222900390625,19.48450088501,
    15.50920009613));
#8690 = VECTOR('',#8691,1.);
#8691 = DIRECTION('',(-0.620572035198,-0.783813037838,2.296673343734E-02
    ));
#8692 = ORIENTED_EDGE('',*,*,#8693,.T.);
#8693 = EDGE_CURVE('',#8686,#8647,#8694,.T.);
#8694 = LINE('',#8695,#8696);
#8695 = CARTESIAN_POINT('',(16.464099884033,16.,15.611300468445));
#8696 = VECTOR('',#8697,1.);
#8697 = DIRECTION('',(0.707106781187,0.707106781187,0.));
#8698 = ORIENTED_EDGE('',*,*,#8670,.T.);
#8699 = PLANE('',#8700);
#8700 = AXIS2_PLACEMENT_3D('',#8701,#8702,#8703);
#8701 = CARTESIAN_POINT('',(18.015871451836,17.743911474971,
    15.584267884969));
#8702 = DIRECTION('',(-0.137987334584,0.137987334584,0.980774689207));
#8703 = DIRECTION('',(0.,0.990247402287,-0.139320071291));
#8704 = ADVANCED_FACE('',(#8705),#8722,.T.);
#8705 = FACE_BOUND('',#8706,.T.);
#8706 = EDGE_LOOP('',(#8707,#8708,#8716));
#8707 = ORIENTED_EDGE('',*,*,#8685,.F.);
#8708 = ORIENTED_EDGE('',*,*,#8709,.T.);
#8709 = EDGE_CURVE('',#8464,#8710,#8712,.T.);
#8710 = VERTEX_POINT('',#8711);
#8711 = CARTESIAN_POINT('',(15.73840045929,16.,15.50920009613));
#8712 = LINE('',#8713,#8714);
#8713 = CARTESIAN_POINT('',(19.222900390625,19.48450088501,
    15.50920009613));
#8714 = VECTOR('',#8715,1.);
#8715 = DIRECTION('',(-0.707106684422,-0.707106877951,0.));
#8716 = ORIENTED_EDGE('',*,*,#8717,.F.);
#8717 = EDGE_CURVE('',#8686,#8710,#8718,.T.);
#8718 = LINE('',#8719,#8720);
#8719 = CARTESIAN_POINT('',(16.464099884033,16.,15.611300468445));
#8720 = VECTOR('',#8721,1.);
#8721 = DIRECTION('',(-0.990247377028,0.,-0.139320250824));
#8722 = PLANE('',#8723);
#8723 = AXIS2_PLACEMENT_3D('',#8724,#8725,#8726);
#8724 = CARTESIAN_POINT('',(17.540236061725,17.615912562527,
    15.535358111562));
#8725 = DIRECTION('',(-0.137987509733,0.137987471967,0.980774645236));
#8726 = DIRECTION('',(0.990247377028,-3.469446951954E-18,0.139320250824)
  );
#8727 = ADVANCED_FACE('',(#8728),#8745,.T.);
#8728 = FACE_BOUND('',#8729,.T.);
#8729 = EDGE_LOOP('',(#8730,#8738,#8744));
#8730 = ORIENTED_EDGE('',*,*,#8731,.T.);
#8731 = EDGE_CURVE('',#7301,#8732,#8734,.T.);
#8732 = VERTEX_POINT('',#8733);
#8733 = CARTESIAN_POINT('',(9.391539573669,16.,19.997100830078));
#8734 = LINE('',#8735,#8736);
#8735 = CARTESIAN_POINT('',(16.025299072266,22.682100296021,
    19.47500038147));
#8736 = VECTOR('',#8737,1.);
#8737 = DIRECTION('',(-0.703454512573,-0.708580648378,5.536437018367E-02
    ));
#8738 = ORIENTED_EDGE('',*,*,#8739,.F.);
#8739 = EDGE_CURVE('',#7401,#8732,#8740,.T.);
#8740 = LINE('',#8741,#8742);
#8741 = CARTESIAN_POINT('',(9.343150138855,16.,19.47500038147));
#8742 = VECTOR('',#8743,1.);
#8743 = DIRECTION('',(9.228670816511E-02,0.,0.995732475867));
#8744 = ORIENTED_EDGE('',*,*,#7400,.F.);
#8745 = PLANE('',#8746);
#8746 = AXIS2_PLACEMENT_3D('',#8747,#8748,#8749);
#8747 = CARTESIAN_POINT('',(12.606356072845,19.250770301786,
    19.608920016229));
#8748 = DIRECTION('',(0.70559058719,-0.705595723013,-6.539571037624E-02)
  );
#8749 = DIRECTION('',(-0.707109354602,-0.707104207762,
    -6.938893903907E-18));
#8750 = ADVANCED_FACE('',(#8751),#8761,.T.);
#8751 = FACE_BOUND('',#8752,.T.);
#8752 = EDGE_LOOP('',(#8753,#8754,#8755));
#8753 = ORIENTED_EDGE('',*,*,#8731,.F.);
#8754 = ORIENTED_EDGE('',*,*,#7309,.F.);
#8755 = ORIENTED_EDGE('',*,*,#8756,.T.);
#8756 = EDGE_CURVE('',#7151,#8732,#8757,.T.);
#8757 = LINE('',#8758,#8759);
#8758 = CARTESIAN_POINT('',(16.04940032959,22.657899856567,
    19.997100830078));
#8759 = VECTOR('',#8760,1.);
#8760 = DIRECTION('',(-0.707104704822,-0.707108857545,0.));
#8761 = PLANE('',#8762);
#8762 = AXIS2_PLACEMENT_3D('',#8763,#8764,#8765);
#8763 = CARTESIAN_POINT('',(12.804201350542,19.42509257132,
    19.862951497223));
#8764 = DIRECTION('',(0.705600682511,-0.705596538645,-6.527787903651E-02
    ));
#8765 = DIRECTION('',(0.707104704822,0.707108857545,0.));
#8766 = ADVANCED_FACE('',(#8767),#8777,.T.);
#8767 = FACE_BOUND('',#8768,.T.);
#8768 = EDGE_LOOP('',(#8769,#8775,#8776));
#8769 = ORIENTED_EDGE('',*,*,#8770,.T.);
#8770 = EDGE_CURVE('',#202,#287,#8771,.T.);
#8771 = LINE('',#8772,#8773);
#8772 = CARTESIAN_POINT('',(19.899000167847,16.,17.47500038147));
#8773 = VECTOR('',#8774,1.);
#8774 = DIRECTION('',(0.763434891752,0.604106045911,0.228523634115));
#8775 = ORIENTED_EDGE('',*,*,#286,.F.);
#8776 = ORIENTED_EDGE('',*,*,#209,.F.);
#8777 = PLANE('',#8778);
#8778 = AXIS2_PLACEMENT_3D('',#8779,#8780,#8781);
#8779 = CARTESIAN_POINT('',(20.727812287915,16.736416523985,
    17.607522382001));
#8780 = DIRECTION('',(-0.634220987926,0.634220987926,0.442184890004));
#8781 = DIRECTION('',(0.707106781187,0.707106781187,0.));
#8782 = ADVANCED_FACE('',(#8783),#8793,.T.);
#8783 = FACE_BOUND('',#8784,.T.);
#8784 = EDGE_LOOP('',(#8785,#8786,#8792));
#8785 = ORIENTED_EDGE('',*,*,#8770,.F.);
#8786 = ORIENTED_EDGE('',*,*,#8787,.F.);
#8787 = EDGE_CURVE('',#355,#202,#8788,.T.);
#8788 = LINE('',#8789,#8790);
#8789 = CARTESIAN_POINT('',(20.226299285889,16.,17.944299697876));
#8790 = VECTOR('',#8791,1.);
#8791 = DIRECTION('',(-0.572041684607,0.,-0.820224549177));
#8792 = ORIENTED_EDGE('',*,*,#363,.F.);
#8793 = PLANE('',#8794);
#8794 = AXIS2_PLACEMENT_3D('',#8795,#8796,#8797);
#8795 = CARTESIAN_POINT('',(20.667427329852,16.539273727219,
    17.803634885458));
#8796 = DIRECTION('',(-0.634203787414,0.634153084808,0.442306930828));
#8797 = DIRECTION('',(-0.707078514006,-0.707135047237,
    -2.775557561563E-17));
#8798 = ADVANCED_FACE('',(#8799),#8814,.T.);
#8799 = FACE_BOUND('',#8800,.T.);
#8800 = EDGE_LOOP('',(#8801,#8807,#8808));
#8801 = ORIENTED_EDGE('',*,*,#8802,.T.);
#8802 = EDGE_CURVE('',#32,#1026,#8803,.T.);
#8803 = LINE('',#8804,#8805);
#8804 = CARTESIAN_POINT('',(10.100999832153,16.,21.47500038147));
#8805 = VECTOR('',#8806,1.);
#8806 = DIRECTION('',(0.728911512357,0.68287245052,4.871574154446E-02));
#8807 = ORIENTED_EDGE('',*,*,#1057,.F.);
#8808 = ORIENTED_EDGE('',*,*,#8809,.F.);
#8809 = EDGE_CURVE('',#32,#1050,#8810,.T.);
#8810 = LINE('',#8811,#8812);
#8811 = CARTESIAN_POINT('',(10.100999832153,16.,21.47500038147));
#8812 = VECTOR('',#8813,1.);
#8813 = DIRECTION('',(0.686859774923,0.,0.726789962502));
#8814 = PLANE('',#8815);
#8815 = AXIS2_PLACEMENT_3D('',#8816,#8817,#8818);
#8816 = CARTESIAN_POINT('',(13.352470965841,18.948268507323,
    21.795830489387));
#8817 = DIRECTION('',(0.587916311404,-0.587916127502,-0.555615908528));
#8818 = DIRECTION('',(0.707106670594,0.707106891779,0.));
#8819 = ADVANCED_FACE('',(#8820),#8825,.T.);
#8820 = FACE_BOUND('',#8821,.T.);
#8821 = EDGE_LOOP('',(#8822,#8823,#8824));
#8822 = ORIENTED_EDGE('',*,*,#8802,.F.);
#8823 = ORIENTED_EDGE('',*,*,#31,.F.);
#8824 = ORIENTED_EDGE('',*,*,#1118,.F.);
#8825 = PLANE('',#8826);
#8826 = AXIS2_PLACEMENT_3D('',#8827,#8828,#8829);
#8827 = CARTESIAN_POINT('',(13.39525674096,19.188469219458,
    21.586938495045));
#8828 = DIRECTION('',(0.587917089906,-0.587917089906,-0.55561406641));
#8829 = DIRECTION('',(-0.707106781187,-0.707106781187,0.));
#8830 = ADVANCED_FACE('',(#8831),#8846,.T.);
#8831 = FACE_BOUND('',#8832,.T.);
#8832 = EDGE_LOOP('',(#8833,#8839,#8840));
#8833 = ORIENTED_EDGE('',*,*,#8834,.T.);
#8834 = EDGE_CURVE('',#8732,#879,#8835,.T.);
#8835 = LINE('',#8836,#8837);
#8836 = CARTESIAN_POINT('',(9.391539573669,16.,19.997100830078));
#8837 = VECTOR('',#8838,1.);
#8838 = DIRECTION('',(0.713671590342,0.69836325378,5.44208315722E-02));
#8839 = ORIENTED_EDGE('',*,*,#894,.F.);
#8840 = ORIENTED_EDGE('',*,*,#8841,.F.);
#8841 = EDGE_CURVE('',#8732,#887,#8842,.T.);
#8842 = LINE('',#8843,#8844);
#8843 = CARTESIAN_POINT('',(9.391539573669,16.,19.997100830078));
#8844 = VECTOR('',#8845,1.);
#8845 = DIRECTION('',(0.270786191247,0.,0.962639516449));
#8846 = PLANE('',#8847);
#8847 = AXIS2_PLACEMENT_3D('',#8848,#8849,#8850);
#8848 = CARTESIAN_POINT('',(12.700376988793,19.201783417087,
    20.377675660829));
#8849 = DIRECTION('',(0.693520770846,-0.693520770846,-0.195084291554));
#8850 = DIRECTION('',(0.707106781187,0.707106781187,0.));
#8851 = ADVANCED_FACE('',(#8852),#8857,.T.);
#8852 = FACE_BOUND('',#8853,.T.);
#8853 = EDGE_LOOP('',(#8854,#8855,#8856));
#8854 = ORIENTED_EDGE('',*,*,#8834,.F.);
#8855 = ORIENTED_EDGE('',*,*,#8756,.F.);
#8856 = ORIENTED_EDGE('',*,*,#7150,.F.);
#8857 = PLANE('',#8858);
#8858 = AXIS2_PLACEMENT_3D('',#8859,#8860,#8861);
#8859 = CARTESIAN_POINT('',(12.828952073517,19.4003303517,
    20.128962791381));
#8860 = DIRECTION('',(0.693515657528,-0.693511584635,-0.195135119188));
#8861 = DIRECTION('',(0.707104704822,0.707108857545,2.775557561563E-17)
  );
#8862 = ADVANCED_FACE('',(#8863),#8874,.T.);
#8863 = FACE_BOUND('',#8864,.T.);
#8864 = EDGE_LOOP('',(#8865,#8866,#8867,#8873));
#8865 = ORIENTED_EDGE('',*,*,#8379,.T.);
#8866 = ORIENTED_EDGE('',*,*,#386,.T.);
#8867 = ORIENTED_EDGE('',*,*,#8868,.F.);
#8868 = EDGE_CURVE('',#533,#379,#8869,.T.);
#8869 = LINE('',#8870,#8871);
#8870 = CARTESIAN_POINT('',(20.608499526978,16.,18.952899932861));
#8871 = VECTOR('',#8872,1.);
#8872 = DIRECTION('',(-0.270853222049,0.,-0.962620658466));
#8873 = ORIENTED_EDGE('',*,*,#532,.F.);
#8874 = PLANE('',#8875);
#8875 = AXIS2_PLACEMENT_3D('',#8876,#8877,#8878);
#8876 = CARTESIAN_POINT('',(21.076411744449,16.541898462182,
    18.689950549938));
#8877 = DIRECTION('',(-0.693513719228,0.693513719228,0.195134421577));
#8878 = DIRECTION('',(0.707106781187,0.707106781187,0.));
#8879 = ADVANCED_FACE('',(#8880),#8898,.T.);
#8880 = FACE_BOUND('',#8881,.T.);
#8881 = EDGE_LOOP('',(#8882,#8890,#8891,#8892));
#8882 = ORIENTED_EDGE('',*,*,#8883,.T.);
#8883 = EDGE_CURVE('',#8884,#8441,#8886,.T.);
#8884 = VERTEX_POINT('',#8885);
#8885 = CARTESIAN_POINT('',(17.164800643921,16.,15.779500007629));
#8886 = LINE('',#8887,#8888);
#8887 = CARTESIAN_POINT('',(17.164800643921,16.,15.779500007629));
#8888 = VECTOR('',#8889,1.);
#8889 = DIRECTION('',(0.707106781187,0.707106781187,0.));
#8890 = ORIENTED_EDGE('',*,*,#8654,.T.);
#8891 = ORIENTED_EDGE('',*,*,#8693,.F.);
#8892 = ORIENTED_EDGE('',*,*,#8893,.F.);
#8893 = EDGE_CURVE('',#8884,#8686,#8894,.T.);
#8894 = LINE('',#8895,#8896);
#8895 = CARTESIAN_POINT('',(17.164800643921,16.,15.779500007629));
#8896 = VECTOR('',#8897,1.);
#8897 = DIRECTION('',(-0.972377426409,0.,-0.233414096856));
#8898 = PLANE('',#8899);
#8899 = AXIS2_PLACEMENT_3D('',#8900,#8901,#8902);
#8900 = CARTESIAN_POINT('',(18.243724710219,17.447396103147,
    15.691050229424));
#8901 = DIRECTION('',(-0.227304203451,0.227304203451,0.946924283239));
#8902 = DIRECTION('',(6.938893903907E-18,0.972377426409,-0.233414096856)
  );
#8903 = ADVANCED_FACE('',(#8904),#8922,.T.);
#8904 = FACE_BOUND('',#8905,.T.);
#8905 = EDGE_LOOP('',(#8906,#8907,#8908,#8916));
#8906 = ORIENTED_EDGE('',*,*,#240,.T.);
#8907 = ORIENTED_EDGE('',*,*,#8551,.T.);
#8908 = ORIENTED_EDGE('',*,*,#8909,.T.);
#8909 = EDGE_CURVE('',#8395,#8910,#8912,.T.);
#8910 = VERTEX_POINT('',#8911);
#8911 = CARTESIAN_POINT('',(18.443700790405,16.,16.301599502563));
#8912 = LINE('',#8913,#8914);
#8913 = CARTESIAN_POINT('',(20.575500488281,18.131799697876,
    16.301599502563));
#8914 = VECTOR('',#8915,1.);
#8915 = DIRECTION('',(-0.707106781187,-0.707106781187,0.));
#8916 = ORIENTED_EDGE('',*,*,#8917,.F.);
#8917 = EDGE_CURVE('',#241,#8910,#8918,.T.);
#8918 = LINE('',#8919,#8920);
#8919 = CARTESIAN_POINT('',(19.,16.,16.646600723267));
#8920 = VECTOR('',#8921,1.);
#8921 = DIRECTION('',(-0.849837203723,0.,-0.527045279998));
#8922 = PLANE('',#8923);
#8923 = AXIS2_PLACEMENT_3D('',#8924,#8925,#8926);
#8924 = CARTESIAN_POINT('',(19.686974672648,16.981178169561,
    16.464143937747));
#8925 = DIRECTION('',(-0.46625171407,0.46625171407,0.751810267456));
#8926 = DIRECTION('',(0.849837203723,0.,0.527045279998));
#8927 = ADVANCED_FACE('',(#8928),#8944,.T.);
#8928 = FACE_BOUND('',#8929,.T.);
#8929 = EDGE_LOOP('',(#8930,#8936,#8937,#8943));
#8930 = ORIENTED_EDGE('',*,*,#8931,.T.);
#8931 = EDGE_CURVE('',#981,#787,#8932,.T.);
#8932 = LINE('',#8933,#8934);
#8933 = CARTESIAN_POINT('',(18.850099563599,19.857200622559,
    25.13689994812));
#8934 = VECTOR('',#8935,1.);
#8935 = DIRECTION('',(0.707106781187,-0.707106781187,0.));
#8936 = ORIENTED_EDGE('',*,*,#818,.T.);
#8937 = ORIENTED_EDGE('',*,*,#8938,.F.);
#8938 = EDGE_CURVE('',#971,#811,#8939,.T.);
#8939 = LINE('',#8940,#8941);
#8940 = CARTESIAN_POINT('',(14.992899894714,16.,25.13689994812));
#8941 = VECTOR('',#8942,1.);
#8942 = DIRECTION('',(1.,0.,0.));
#8943 = ORIENTED_EDGE('',*,*,#988,.F.);
#8944 = PLANE('',#8945);
#8945 = AXIS2_PLACEMENT_3D('',#8946,#8947,#8948);
#8946 = CARTESIAN_POINT('',(16.926086781209,17.926093307878,
    25.13689994812));
#8947 = DIRECTION('',(-0.,-0.,-1.));
#8948 = DIRECTION('',(-1.,0.,0.));
#8949 = ADVANCED_FACE('',(#8950),#8966,.T.);
#8950 = FACE_BOUND('',#8951,.T.);
#8951 = EDGE_LOOP('',(#8952,#8953,#8959,#8960));
#8952 = ORIENTED_EDGE('',*,*,#4778,.T.);
#8953 = ORIENTED_EDGE('',*,*,#8954,.F.);
#8954 = EDGE_CURVE('',#2230,#4755,#8955,.T.);
#8955 = LINE('',#8956,#8957);
#8956 = CARTESIAN_POINT('',(-15.00710010528,16.,25.13689994812));
#8957 = VECTOR('',#8958,1.);
#8958 = DIRECTION('',(1.,0.,0.));
#8959 = ORIENTED_EDGE('',*,*,#2229,.F.);
#8960 = ORIENTED_EDGE('',*,*,#8961,.T.);
#8961 = EDGE_CURVE('',#2222,#4779,#8962,.T.);
#8962 = LINE('',#8963,#8964);
#8963 = CARTESIAN_POINT('',(-18.85720062255,19.850099563599,
    25.13689994812));
#8964 = VECTOR('',#8965,1.);
#8965 = DIRECTION('',(0.707106781187,0.707106781187,0.));
#8966 = PLANE('',#8967);
#8967 = AXIS2_PLACEMENT_3D('',#8968,#8969,#8970);
#8968 = CARTESIAN_POINT('',(-16.9260867812,17.926093307878,
    25.13689994812));
#8969 = DIRECTION('',(-0.,-0.,-1.));
#8970 = DIRECTION('',(-1.,0.,0.));
#8971 = ADVANCED_FACE('',(#8972),#8997,.T.);
#8972 = FACE_BOUND('',#8973,.T.);
#8973 = EDGE_LOOP('',(#8974,#8984,#8990,#8991));
#8974 = ORIENTED_EDGE('',*,*,#8975,.T.);
#8975 = EDGE_CURVE('',#8976,#8978,#8980,.T.);
#8976 = VERTEX_POINT('',#8977);
#8977 = CARTESIAN_POINT('',(15.,16.,15.47500038147));
#8978 = VERTEX_POINT('',#8979);
#8979 = CARTESIAN_POINT('',(18.853700637817,19.853700637817,
    15.47500038147));
#8980 = LINE('',#8981,#8982);
#8981 = CARTESIAN_POINT('',(15.,16.,15.47500038147));
#8982 = VECTOR('',#8983,1.);
#8983 = DIRECTION('',(0.707106781187,0.707106781187,0.));
#8984 = ORIENTED_EDGE('',*,*,#8985,.T.);
#8985 = EDGE_CURVE('',#8978,#7587,#8986,.T.);
#8986 = LINE('',#8987,#8988);
#8987 = CARTESIAN_POINT('',(18.853700637817,19.853700637817,
    15.47500038147));
#8988 = VECTOR('',#8989,1.);
#8989 = DIRECTION('',(-0.705594778863,0.705594778863,6.536066159209E-02)
  );
#8990 = ORIENTED_EDGE('',*,*,#7586,.T.);
#8991 = ORIENTED_EDGE('',*,*,#8992,.F.);
#8992 = EDGE_CURVE('',#8976,#7579,#8993,.T.);
#8993 = LINE('',#8994,#8995);
#8994 = CARTESIAN_POINT('',(15.,16.,15.47500038147));
#8995 = VECTOR('',#8996,1.);
#8996 = DIRECTION('',(-0.998929139218,0.,4.626634653008E-02));
#8997 = PLANE('',#8998);
#8998 = AXIS2_PLACEMENT_3D('',#8999,#9000,#9001);
#8999 = CARTESIAN_POINT('',(16.604177431416,17.988574713434,
    15.492804115943));
#9000 = DIRECTION('',(4.621693534999E-02,-4.621694125714E-02,
    0.997861708469));
#9001 = DIRECTION('',(0.,0.998929137655,4.626638028418E-02));
#9002 = ADVANCED_FACE('',(#9003),#9019,.T.);
#9003 = FACE_BOUND('',#9004,.T.);
#9004 = EDGE_LOOP('',(#9005,#9011,#9012,#9018));
#9005 = ORIENTED_EDGE('',*,*,#9006,.T.);
#9006 = EDGE_CURVE('',#2498,#7324,#9007,.T.);
#9007 = LINE('',#9008,#9009);
#9008 = CARTESIAN_POINT('',(19.631500244141,23.318500518799,
    19.47500038147));
#9009 = VECTOR('',#9010,1.);
#9010 = DIRECTION('',(-0.707106781187,-0.707106781187,0.));
#9011 = ORIENTED_EDGE('',*,*,#7354,.T.);
#9012 = ORIENTED_EDGE('',*,*,#9013,.T.);
#9013 = EDGE_CURVE('',#7347,#2687,#9014,.T.);
#9014 = LINE('',#9015,#9016);
#9015 = CARTESIAN_POINT('',(17.521699905396,21.185699462891,
    19.226999282837));
#9016 = VECTOR('',#9017,1.);
#9017 = DIRECTION('',(0.707106781187,0.707106781187,0.));
#9018 = ORIENTED_EDGE('',*,*,#2695,.F.);
#9019 = PLANE('',#9020);
#9020 = AXIS2_PLACEMENT_3D('',#9021,#9022,#9023);
#9021 = CARTESIAN_POINT('',(18.576600074768,22.252099990845,
    19.350999832153));
#9022 = DIRECTION('',(0.705591118839,-0.705591118839,6.543963654463E-02)
  );
#9023 = DIRECTION('',(-0.707106781187,-0.707106781187,0.));
#9024 = ADVANCED_FACE('',(#9025),#9041,.T.);
#9025 = FACE_BOUND('',#9026,.T.);
#9026 = EDGE_LOOP('',(#9027,#9028,#9034,#9035));
#9027 = ORIENTED_EDGE('',*,*,#5533,.T.);
#9028 = ORIENTED_EDGE('',*,*,#9029,.T.);
#9029 = EDGE_CURVE('',#4493,#2979,#9030,.T.);
#9030 = LINE('',#9031,#9032);
#9031 = CARTESIAN_POINT('',(-17.7877998352,20.919599533081,
    18.318399429321));
#9032 = VECTOR('',#9033,1.);
#9033 = DIRECTION('',(-0.707106781187,0.707106781187,0.));
#9034 = ORIENTED_EDGE('',*,*,#3009,.F.);
#9035 = ORIENTED_EDGE('',*,*,#9036,.T.);
#9036 = EDGE_CURVE('',#3002,#5525,#9037,.T.);
#9037 = LINE('',#9038,#9039);
#9038 = CARTESIAN_POINT('',(-20.02499961853,22.924999237061,
    18.131500244141));
#9039 = VECTOR('',#9040,1.);
#9040 = DIRECTION('',(0.707106781187,-0.707106781187,0.));
#9041 = PLANE('',#9042);
#9042 = AXIS2_PLACEMENT_3D('',#9043,#9044,#9045);
#9043 = CARTESIAN_POINT('',(-18.90639972686,21.922299385071,
    18.224949836731));
#9044 = DIRECTION('',(-0.531629303651,-0.531629303651,0.659348592931));
#9045 = DIRECTION('',(2.775557561563E-17,0.778472709828,0.627678452755)
  );
#9046 = ADVANCED_FACE('',(#9047),#9058,.T.);
#9047 = FACE_BOUND('',#9048,.T.);
#9048 = EDGE_LOOP('',(#9049,#9050,#9056,#9057));
#9049 = ORIENTED_EDGE('',*,*,#5938,.T.);
#9050 = ORIENTED_EDGE('',*,*,#9051,.T.);
#9051 = EDGE_CURVE('',#5893,#3025,#9052,.T.);
#9052 = LINE('',#9053,#9054);
#9053 = CARTESIAN_POINT('',(-18.03580093383,20.671600341797,
    17.967599868774));
#9054 = VECTOR('',#9055,1.);
#9055 = DIRECTION('',(-0.707106781187,0.707106781187,0.));
#9056 = ORIENTED_EDGE('',*,*,#3053,.F.);
#9057 = ORIENTED_EDGE('',*,*,#2384,.T.);
#9058 = PLANE('',#9059);
#9059 = AXIS2_PLACEMENT_3D('',#9060,#9061,#9062);
#9060 = CARTESIAN_POINT('',(-19.16950035095,21.659150123596,
    17.898599624634));
#9061 = DIRECTION('',(-0.392644430827,-0.392644430827,0.8316614106));
#9062 = DIRECTION('',(0.,0.904284148642,0.426931116827));
#9063 = ADVANCED_FACE('',(#9064),#9075,.T.);
#9064 = FACE_BOUND('',#9065,.T.);
#9065 = EDGE_LOOP('',(#9066,#9067,#9068,#9069));
#9066 = ORIENTED_EDGE('',*,*,#6198,.T.);
#9067 = ORIENTED_EDGE('',*,*,#3813,.T.);
#9068 = ORIENTED_EDGE('',*,*,#3873,.F.);
#9069 = ORIENTED_EDGE('',*,*,#9070,.T.);
#9070 = EDGE_CURVE('',#3866,#6199,#9071,.T.);
#9071 = LINE('',#9072,#9073);
#9072 = CARTESIAN_POINT('',(-21.79290008544,21.15710067749,
    17.967599868774));
#9073 = VECTOR('',#9074,1.);
#9074 = DIRECTION('',(0.707106781187,-0.707106781187,0.));
#9075 = PLANE('',#9076);
#9076 = AXIS2_PLACEMENT_3D('',#9077,#9078,#9079);
#9077 = CARTESIAN_POINT('',(-20.65915012359,20.169500350952,
    17.898599624634));
#9078 = DIRECTION('',(0.392644430827,0.392644430827,0.8316614106));
#9079 = DIRECTION('',(0.904284148642,0.,-0.426931116827));
#9080 = ADVANCED_FACE('',(#9081),#9097,.T.);
#9081 = FACE_BOUND('',#9082,.T.);
#9082 = EDGE_LOOP('',(#9083,#9089,#9090,#9096));
#9083 = ORIENTED_EDGE('',*,*,#9084,.T.);
#9084 = EDGE_CURVE('',#3308,#3690,#9085,.T.);
#9085 = LINE('',#9086,#9087);
#9086 = CARTESIAN_POINT('',(-20.97150039672,21.978500366211,
    22.166999816895));
#9087 = VECTOR('',#9088,1.);
#9088 = DIRECTION('',(-0.707106781187,-0.707106781187,0.));
#9089 = ORIENTED_EDGE('',*,*,#4123,.T.);
#9090 = ORIENTED_EDGE('',*,*,#9091,.F.);
#9091 = EDGE_CURVE('',#2496,#4049,#9092,.T.);
#9092 = LINE('',#9093,#9094);
#9093 = CARTESIAN_POINT('',(0.,42.950000762939,38.950000762939));
#9094 = VECTOR('',#9095,1.);
#9095 = DIRECTION('',(-0.707106781187,-0.707106781187,0.));
#9096 = ORIENTED_EDGE('',*,*,#3307,.F.);
#9097 = PLANE('',#9098);
#9098 = AXIS2_PLACEMENT_3D('',#9099,#9100,#9101);
#9099 = CARTESIAN_POINT('',(-14.52216079616,28.427839966772,
    34.072603506467));
#9100 = DIRECTION('',(-0.707106781187,0.707106781187,-0.));
#9101 = DIRECTION('',(-0.707106781187,-0.707106781187,0.));
#9102 = ADVANCED_FACE('',(#9103),#9118,.T.);
#9103 = FACE_BOUND('',#9104,.T.);
#9104 = EDGE_LOOP('',(#9105,#9106,#9112));
#9105 = ORIENTED_EDGE('',*,*,#9091,.T.);
#9106 = ORIENTED_EDGE('',*,*,#9107,.F.);
#9107 = EDGE_CURVE('',#1189,#4049,#9108,.T.);
#9108 = LINE('',#9109,#9110);
#9109 = CARTESIAN_POINT('',(26.950000762939,16.,38.950000762939));
#9110 = VECTOR('',#9111,1.);
#9111 = DIRECTION('',(-1.,0.,0.));
#9112 = ORIENTED_EDGE('',*,*,#9113,.T.);
#9113 = EDGE_CURVE('',#1189,#2496,#9114,.T.);
#9114 = LINE('',#9115,#9116);
#9115 = CARTESIAN_POINT('',(26.950000762939,16.,38.950000762939));
#9116 = VECTOR('',#9117,1.);
#9117 = DIRECTION('',(-0.707106781187,0.707106781187,0.));
#9118 = PLANE('',#9119);
#9119 = AXIS2_PLACEMENT_3D('',#9120,#9121,#9122);
#9120 = CARTESIAN_POINT('',(0.,23.893472470482,38.950000762939));
#9121 = DIRECTION('',(0.,0.,1.));
#9122 = DIRECTION('',(1.,0.,-0.));
#9123 = ADVANCED_FACE('',(#9124),#9132,.T.);
#9124 = FACE_BOUND('',#9125,.T.);
#9125 = EDGE_LOOP('',(#9126,#9127,#9128,#9129,#9130,#9131));
#9126 = ORIENTED_EDGE('',*,*,#3108,.F.);
#9127 = ORIENTED_EDGE('',*,*,#3827,.T.);
#9128 = ORIENTED_EDGE('',*,*,#3667,.T.);
#9129 = ORIENTED_EDGE('',*,*,#3621,.T.);
#9130 = ORIENTED_EDGE('',*,*,#3577,.T.);
#9131 = ORIENTED_EDGE('',*,*,#3446,.T.);
#9132 = PLANE('',#9133);
#9133 = AXIS2_PLACEMENT_3D('',#9134,#9135,#9136);
#9134 = CARTESIAN_POINT('',(-23.88664455099,19.063356211941,
    9.03736228668));
#9135 = DIRECTION('',(-0.707106781187,0.707106781187,6.743266335205E-15)
  );
#9136 = DIRECTION('',(-0.707106781187,-0.707106781187,0.));
#9137 = ADVANCED_FACE('',(#9138),#9146,.T.);
#9138 = FACE_BOUND('',#9139,.T.);
#9139 = EDGE_LOOP('',(#9140,#9141,#9142,#9143,#9144,#9145));
#9140 = ORIENTED_EDGE('',*,*,#2435,.F.);
#9141 = ORIENTED_EDGE('',*,*,#2003,.T.);
#9142 = ORIENTED_EDGE('',*,*,#1957,.T.);
#9143 = ORIENTED_EDGE('',*,*,#1911,.T.);
#9144 = ORIENTED_EDGE('',*,*,#1747,.T.);
#9145 = ORIENTED_EDGE('',*,*,#1425,.T.);
#9146 = PLANE('',#9147);
#9147 = AXIS2_PLACEMENT_3D('',#9148,#9149,#9150);
#9148 = CARTESIAN_POINT('',(23.886644550999,19.063356211941,
    9.03736228668));
#9149 = DIRECTION('',(0.707106781187,0.707106781187,6.743266335205E-15)
  );
#9150 = DIRECTION('',(-0.707106781187,0.707106781187,0.));
#9151 = ADVANCED_FACE('',(#9152),#9163,.T.);
#9152 = FACE_BOUND('',#9153,.T.);
#9153 = EDGE_LOOP('',(#9154,#9155,#9156,#9157));
#9154 = ORIENTED_EDGE('',*,*,#2663,.F.);
#9155 = ORIENTED_EDGE('',*,*,#9113,.F.);
#9156 = ORIENTED_EDGE('',*,*,#1333,.F.);
#9157 = ORIENTED_EDGE('',*,*,#9158,.T.);
#9158 = EDGE_CURVE('',#1334,#2664,#9159,.T.);
#9159 = LINE('',#9160,#9161);
#9160 = CARTESIAN_POINT('',(20.978500366211,21.971500396729,
    22.166999816895));
#9161 = VECTOR('',#9162,1.);
#9162 = DIRECTION('',(-0.707106781187,0.707106781187,0.));
#9163 = PLANE('',#9164);
#9164 = AXIS2_PLACEMENT_3D('',#9165,#9166,#9167);
#9165 = CARTESIAN_POINT('',(14.522160796167,28.427839966772,
    34.072603506467));
#9166 = DIRECTION('',(0.707106781187,0.707106781187,-1.162751963838E-16)
  );
#9167 = DIRECTION('',(0.707106781187,-0.707106781187,0.));
#9168 = ADVANCED_FACE('',(#9169,#9212,#9301),#9364,.T.);
#9169 = FACE_BOUND('',#9170,.T.);
#9170 = EDGE_LOOP('',(#9171,#9181,#9189,#9197,#9203,#9204,#9205,#9206));
#9171 = ORIENTED_EDGE('',*,*,#9172,.T.);
#9172 = EDGE_CURVE('',#9173,#9175,#9177,.T.);
#9173 = VERTEX_POINT('',#9174);
#9174 = CARTESIAN_POINT('',(-5.007380008698,16.,5.72205010485E-07));
#9175 = VERTEX_POINT('',#9176);
#9176 = CARTESIAN_POINT('',(-5.007380008698,16.,30.049999237061));
#9177 = LINE('',#9178,#9179);
#9178 = CARTESIAN_POINT('',(-5.007380008698,16.,5.72205010485E-07));
#9179 = VECTOR('',#9180,1.);
#9180 = DIRECTION('',(0.,0.,1.));
#9181 = ORIENTED_EDGE('',*,*,#9182,.T.);
#9182 = EDGE_CURVE('',#9175,#9183,#9185,.T.);
#9183 = VERTEX_POINT('',#9184);
#9184 = CARTESIAN_POINT('',(5.007380008698,16.,30.049999237061));
#9185 = LINE('',#9186,#9187);
#9186 = CARTESIAN_POINT('',(-5.007380008698,16.,30.049999237061));
#9187 = VECTOR('',#9188,1.);
#9188 = DIRECTION('',(1.,0.,0.));
#9189 = ORIENTED_EDGE('',*,*,#9190,.T.);
#9190 = EDGE_CURVE('',#9183,#9191,#9193,.T.);
#9191 = VERTEX_POINT('',#9192);
#9192 = CARTESIAN_POINT('',(5.007380008698,16.,5.72205010485E-07));
#9193 = LINE('',#9194,#9195);
#9194 = CARTESIAN_POINT('',(5.007380008698,16.,30.049999237061));
#9195 = VECTOR('',#9196,1.);
#9196 = DIRECTION('',(0.,0.,-1.));
#9197 = ORIENTED_EDGE('',*,*,#9198,.F.);
#9198 = EDGE_CURVE('',#1357,#9191,#9199,.T.);
#9199 = LINE('',#9200,#9201);
#9200 = CARTESIAN_POINT('',(26.950000762939,16.,5.72205010485E-07));
#9201 = VECTOR('',#9202,1.);
#9202 = DIRECTION('',(-1.,0.,0.));
#9203 = ORIENTED_EDGE('',*,*,#1365,.T.);
#9204 = ORIENTED_EDGE('',*,*,#9107,.T.);
#9205 = ORIENTED_EDGE('',*,*,#4057,.T.);
#9206 = ORIENTED_EDGE('',*,*,#9207,.F.);
#9207 = EDGE_CURVE('',#9173,#3085,#9208,.T.);
#9208 = LINE('',#9209,#9210);
#9209 = CARTESIAN_POINT('',(-5.007380008698,16.,5.72205010485E-07));
#9210 = VECTOR('',#9211,1.);
#9211 = DIRECTION('',(-1.,0.,0.));
#9212 = FACE_BOUND('',#9213,.T.);
#9213 = EDGE_LOOP('',(#9214,#9215,#9216,#9217,#9218,#9219,#9220,#9221,
    #9222,#9223,#9224,#9232,#9238,#9239,#9247,#9255,#9263,#9269,#9270,
    #9271,#9272,#9273,#9279,#9280,#9281,#9287,#9288,#9289,#9290,#9291,
    #9292,#9293,#9294,#9295,#9296,#9297,#9298,#9299,#9300));
#9214 = ORIENTED_EDGE('',*,*,#4570,.T.);
#9215 = ORIENTED_EDGE('',*,*,#4539,.T.);
#9216 = ORIENTED_EDGE('',*,*,#6843,.T.);
#9217 = ORIENTED_EDGE('',*,*,#5586,.T.);
#9218 = ORIENTED_EDGE('',*,*,#5624,.T.);
#9219 = ORIENTED_EDGE('',*,*,#5670,.T.);
#9220 = ORIENTED_EDGE('',*,*,#5716,.T.);
#9221 = ORIENTED_EDGE('',*,*,#5762,.T.);
#9222 = ORIENTED_EDGE('',*,*,#5808,.T.);
#9223 = ORIENTED_EDGE('',*,*,#5854,.T.);
#9224 = ORIENTED_EDGE('',*,*,#9225,.T.);
#9225 = EDGE_CURVE('',#5847,#9226,#9228,.T.);
#9226 = VERTEX_POINT('',#9227);
#9227 = CARTESIAN_POINT('',(-15.,16.,15.47500038147));
#9228 = LINE('',#9229,#9230);
#9229 = CARTESIAN_POINT('',(-14.26159954071,16.,15.50920009613));
#9230 = VECTOR('',#9231,1.);
#9231 = DIRECTION('',(-0.998929139218,0.,-4.626634653008E-02));
#9232 = ORIENTED_EDGE('',*,*,#9233,.T.);
#9233 = EDGE_CURVE('',#9226,#2051,#9234,.T.);
#9234 = LINE('',#9235,#9236);
#9235 = CARTESIAN_POINT('',(-15.,16.,15.47500038147));
#9236 = VECTOR('',#9237,1.);
#9237 = DIRECTION('',(-0.998929139218,0.,4.626634653008E-02));
#9238 = ORIENTED_EDGE('',*,*,#2050,.T.);
#9239 = ORIENTED_EDGE('',*,*,#9240,.T.);
#9240 = EDGE_CURVE('',#2043,#9241,#9243,.T.);
#9241 = VERTEX_POINT('',#9242);
#9242 = CARTESIAN_POINT('',(-17.16480064392,16.,15.779500007629));
#9243 = LINE('',#9244,#9245);
#9244 = CARTESIAN_POINT('',(-16.46409988403,16.,15.611300468445));
#9245 = VECTOR('',#9246,1.);
#9246 = DIRECTION('',(-0.972377426409,0.,0.233414096856));
#9247 = ORIENTED_EDGE('',*,*,#9248,.T.);
#9248 = EDGE_CURVE('',#9241,#9249,#9251,.T.);
#9249 = VERTEX_POINT('',#9250);
#9250 = CARTESIAN_POINT('',(-17.8283996582,16.,16.010900497437));
#9251 = LINE('',#9252,#9253);
#9252 = CARTESIAN_POINT('',(-17.16480064392,16.,15.779500007629));
#9253 = VECTOR('',#9254,1.);
#9254 = DIRECTION('',(-0.944238911907,0.,0.329261108));
#9255 = ORIENTED_EDGE('',*,*,#9256,.T.);
#9256 = EDGE_CURVE('',#9249,#9257,#9259,.T.);
#9257 = VERTEX_POINT('',#9258);
#9258 = CARTESIAN_POINT('',(-18.4437007904,16.,16.301599502563));
#9259 = LINE('',#9260,#9261);
#9260 = CARTESIAN_POINT('',(-17.8283996582,16.,16.010900497437));
#9261 = VECTOR('',#9262,1.);
#9262 = DIRECTION('',(-0.90416911821,0.,0.427174678177));
#9263 = ORIENTED_EDGE('',*,*,#9264,.T.);
#9264 = EDGE_CURVE('',#9257,#6565,#9265,.T.);
#9265 = LINE('',#9266,#9267);
#9266 = CARTESIAN_POINT('',(-18.4437007904,16.,16.301599502563));
#9267 = VECTOR('',#9268,1.);
#9268 = DIRECTION('',(-0.849837203723,0.,0.527045279998));
#9269 = ORIENTED_EDGE('',*,*,#6564,.T.);
#9270 = ORIENTED_EDGE('',*,*,#6616,.T.);
#9271 = ORIENTED_EDGE('',*,*,#6517,.T.);
#9272 = ORIENTED_EDGE('',*,*,#6471,.T.);
#9273 = ORIENTED_EDGE('',*,*,#9274,.T.);
#9274 = EDGE_CURVE('',#6464,#6359,#9275,.T.);
#9275 = LINE('',#9276,#9277);
#9276 = CARTESIAN_POINT('',(-20.46409988403,16.,18.439699172974));
#9277 = VECTOR('',#9278,1.);
#9278 = DIRECTION('',(-0.270853222049,0.,0.962620658466));
#9279 = ORIENTED_EDGE('',*,*,#6374,.T.);
#9280 = ORIENTED_EDGE('',*,*,#6782,.T.);
#9281 = ORIENTED_EDGE('',*,*,#9282,.T.);
#9282 = EDGE_CURVE('',#6759,#5453,#9283,.T.);
#9283 = LINE('',#9284,#9285);
#9284 = CARTESIAN_POINT('',(-20.60849952697,16.,19.997100830078));
#9285 = VECTOR('',#9286,1.);
#9286 = DIRECTION('',(0.270854154849,0.,0.962620396003));
#9287 = ORIENTED_EDGE('',*,*,#5452,.T.);
#9288 = ORIENTED_EDGE('',*,*,#6821,.T.);
#9289 = ORIENTED_EDGE('',*,*,#6885,.T.);
#9290 = ORIENTED_EDGE('',*,*,#2283,.T.);
#9291 = ORIENTED_EDGE('',*,*,#2237,.T.);
#9292 = ORIENTED_EDGE('',*,*,#8954,.T.);
#9293 = ORIENTED_EDGE('',*,*,#4763,.T.);
#9294 = ORIENTED_EDGE('',*,*,#4717,.T.);
#9295 = ORIENTED_EDGE('',*,*,#4686,.T.);
#9296 = ORIENTED_EDGE('',*,*,#4640,.T.);
#9297 = ORIENTED_EDGE('',*,*,#4832,.T.);
#9298 = ORIENTED_EDGE('',*,*,#4960,.T.);
#9299 = ORIENTED_EDGE('',*,*,#4916,.T.);
#9300 = ORIENTED_EDGE('',*,*,#4855,.T.);
#9301 = FACE_BOUND('',#9302,.T.);
#9302 = EDGE_LOOP('',(#9303,#9304,#9305,#9306,#9307,#9308,#9309,#9315,
    #9316,#9317,#9318,#9319,#9320,#9321,#9322,#9323,#9331,#9337,#9338,
    #9339,#9345,#9346,#9347,#9348,#9349,#9350,#9351,#9352,#9353,#9354,
    #9355,#9356,#9357,#9358,#9359,#9360,#9361,#9362,#9363));
#9303 = ORIENTED_EDGE('',*,*,#8938,.T.);
#9304 = ORIENTED_EDGE('',*,*,#810,.T.);
#9305 = ORIENTED_EDGE('',*,*,#764,.T.);
#9306 = ORIENTED_EDGE('',*,*,#703,.T.);
#9307 = ORIENTED_EDGE('',*,*,#657,.T.);
#9308 = ORIENTED_EDGE('',*,*,#611,.T.);
#9309 = ORIENTED_EDGE('',*,*,#9310,.T.);
#9310 = EDGE_CURVE('',#604,#572,#9311,.T.);
#9311 = LINE('',#9312,#9313);
#9312 = CARTESIAN_POINT('',(20.464099884033,16.,20.510299682617));
#9313 = VECTOR('',#9314,1.);
#9314 = DIRECTION('',(0.270854154849,0.,-0.962620396003));
#9315 = ORIENTED_EDGE('',*,*,#571,.T.);
#9316 = ORIENTED_EDGE('',*,*,#540,.T.);
#9317 = ORIENTED_EDGE('',*,*,#8868,.T.);
#9318 = ORIENTED_EDGE('',*,*,#378,.T.);
#9319 = ORIENTED_EDGE('',*,*,#8787,.T.);
#9320 = ORIENTED_EDGE('',*,*,#201,.T.);
#9321 = ORIENTED_EDGE('',*,*,#248,.T.);
#9322 = ORIENTED_EDGE('',*,*,#8917,.T.);
#9323 = ORIENTED_EDGE('',*,*,#9324,.T.);
#9324 = EDGE_CURVE('',#8910,#9325,#9327,.T.);
#9325 = VERTEX_POINT('',#9326);
#9326 = CARTESIAN_POINT('',(17.828399658203,16.,16.010900497437));
#9327 = LINE('',#9328,#9329);
#9328 = CARTESIAN_POINT('',(18.443700790405,16.,16.301599502563));
#9329 = VECTOR('',#9330,1.);
#9330 = DIRECTION('',(-0.90416911821,0.,-0.427174678177));
#9331 = ORIENTED_EDGE('',*,*,#9332,.T.);
#9332 = EDGE_CURVE('',#9325,#8884,#9333,.T.);
#9333 = LINE('',#9334,#9335);
#9334 = CARTESIAN_POINT('',(17.828399658203,16.,16.010900497437));
#9335 = VECTOR('',#9336,1.);
#9336 = DIRECTION('',(-0.944238911907,0.,-0.329261108));
#9337 = ORIENTED_EDGE('',*,*,#8893,.T.);
#9338 = ORIENTED_EDGE('',*,*,#8717,.T.);
#9339 = ORIENTED_EDGE('',*,*,#9340,.T.);
#9340 = EDGE_CURVE('',#8710,#8976,#9341,.T.);
#9341 = LINE('',#9342,#9343);
#9342 = CARTESIAN_POINT('',(15.73840045929,16.,15.50920009613));
#9343 = VECTOR('',#9344,1.);
#9344 = DIRECTION('',(-0.998929139218,0.,-4.626634653008E-02));
#9345 = ORIENTED_EDGE('',*,*,#8992,.T.);
#9346 = ORIENTED_EDGE('',*,*,#7617,.T.);
#9347 = ORIENTED_EDGE('',*,*,#7663,.T.);
#9348 = ORIENTED_EDGE('',*,*,#7709,.T.);
#9349 = ORIENTED_EDGE('',*,*,#7755,.T.);
#9350 = ORIENTED_EDGE('',*,*,#7801,.T.);
#9351 = ORIENTED_EDGE('',*,*,#7847,.T.);
#9352 = ORIENTED_EDGE('',*,*,#7883,.T.);
#9353 = ORIENTED_EDGE('',*,*,#7554,.T.);
#9354 = ORIENTED_EDGE('',*,*,#7493,.T.);
#9355 = ORIENTED_EDGE('',*,*,#7462,.T.);
#9356 = ORIENTED_EDGE('',*,*,#7408,.T.);
#9357 = ORIENTED_EDGE('',*,*,#8739,.T.);
#9358 = ORIENTED_EDGE('',*,*,#8841,.T.);
#9359 = ORIENTED_EDGE('',*,*,#886,.T.);
#9360 = ORIENTED_EDGE('',*,*,#39,.T.);
#9361 = ORIENTED_EDGE('',*,*,#8809,.T.);
#9362 = ORIENTED_EDGE('',*,*,#1049,.T.);
#9363 = ORIENTED_EDGE('',*,*,#1003,.T.);
#9364 = PLANE('',#9365);
#9365 = AXIS2_PLACEMENT_3D('',#9366,#9367,#9368);
#9366 = CARTESIAN_POINT('',(-4.625176459265E-16,16.,19.611284195146));
#9367 = DIRECTION('',(-0.,-1.,-0.));
#9368 = DIRECTION('',(0.,0.,-1.));
#9369 = ADVANCED_FACE('',(#9370),#9398,.T.);
#9370 = FACE_BOUND('',#9371,.T.);
#9371 = EDGE_LOOP('',(#9372,#9380,#9388,#9394,#9395,#9396,#9397));
#9372 = ORIENTED_EDGE('',*,*,#9373,.T.);
#9373 = EDGE_CURVE('',#9191,#9374,#9376,.T.);
#9374 = VERTEX_POINT('',#9375);
#9375 = CARTESIAN_POINT('',(7.,13.300000190735,5.72205010485E-07));
#9376 = LINE('',#9377,#9378);
#9377 = CARTESIAN_POINT('',(5.007380008698,16.,5.72205010485E-07));
#9378 = VECTOR('',#9379,1.);
#9379 = DIRECTION('',(0.593806574356,-0.804607825125,0.));
#9380 = ORIENTED_EDGE('',*,*,#9381,.T.);
#9381 = EDGE_CURVE('',#9374,#9382,#9384,.T.);
#9382 = VERTEX_POINT('',#9383);
#9383 = CARTESIAN_POINT('',(-7.,13.300000190735,5.72205010485E-07));
#9384 = LINE('',#9385,#9386);
#9385 = CARTESIAN_POINT('',(7.,13.300000190735,5.72205010485E-07));
#9386 = VECTOR('',#9387,1.);
#9387 = DIRECTION('',(-1.,0.,0.));
#9388 = ORIENTED_EDGE('',*,*,#9389,.T.);
#9389 = EDGE_CURVE('',#9382,#9173,#9390,.T.);
#9390 = LINE('',#9391,#9392);
#9391 = CARTESIAN_POINT('',(-7.,13.300000190735,5.72205010485E-07));
#9392 = VECTOR('',#9393,1.);
#9393 = DIRECTION('',(0.593806574356,0.804607825125,0.));
#9394 = ORIENTED_EDGE('',*,*,#9207,.T.);
#9395 = ORIENTED_EDGE('',*,*,#3093,.T.);
#9396 = ORIENTED_EDGE('',*,*,#2450,.T.);
#9397 = ORIENTED_EDGE('',*,*,#9198,.T.);
#9398 = PLANE('',#9399);
#9399 = AXIS2_PLACEMENT_3D('',#9400,#9401,#9402);
#9400 = CARTESIAN_POINT('',(0.,22.961140533838,5.72205010485E-07));
#9401 = DIRECTION('',(-0.,-0.,-1.));
#9402 = DIRECTION('',(-1.,0.,0.));
#9403 = ADVANCED_FACE('',(#9404),#9422,.T.);
#9404 = FACE_BOUND('',#9405,.T.);
#9405 = EDGE_LOOP('',(#9406,#9407,#9415,#9421));
#9406 = ORIENTED_EDGE('',*,*,#9190,.F.);
#9407 = ORIENTED_EDGE('',*,*,#9408,.T.);
#9408 = EDGE_CURVE('',#9183,#9409,#9411,.T.);
#9409 = VERTEX_POINT('',#9410);
#9410 = CARTESIAN_POINT('',(7.,13.300000190735,30.049999237061));
#9411 = LINE('',#9412,#9413);
#9412 = CARTESIAN_POINT('',(5.007380008698,16.,30.049999237061));
#9413 = VECTOR('',#9414,1.);
#9414 = DIRECTION('',(0.593806574356,-0.804607825125,0.));
#9415 = ORIENTED_EDGE('',*,*,#9416,.T.);
#9416 = EDGE_CURVE('',#9409,#9374,#9417,.T.);
#9417 = LINE('',#9418,#9419);
#9418 = CARTESIAN_POINT('',(7.,13.300000190735,30.049999237061));
#9419 = VECTOR('',#9420,1.);
#9420 = DIRECTION('',(0.,0.,-1.));
#9421 = ORIENTED_EDGE('',*,*,#9373,.F.);
#9422 = PLANE('',#9423);
#9423 = AXIS2_PLACEMENT_3D('',#9424,#9425,#9426);
#9424 = CARTESIAN_POINT('',(6.003690004349,14.650000095367,
    15.024999904633));
#9425 = DIRECTION('',(0.804607825125,0.593806574356,0.));
#9426 = DIRECTION('',(-0.593806574356,0.804607825125,0.));
#9427 = ADVANCED_FACE('',(#9428),#9446,.T.);
#9428 = FACE_BOUND('',#9429,.T.);
#9429 = EDGE_LOOP('',(#9430,#9431,#9432,#9440));
#9430 = ORIENTED_EDGE('',*,*,#9172,.F.);
#9431 = ORIENTED_EDGE('',*,*,#9389,.F.);
#9432 = ORIENTED_EDGE('',*,*,#9433,.T.);
#9433 = EDGE_CURVE('',#9382,#9434,#9436,.T.);
#9434 = VERTEX_POINT('',#9435);
#9435 = CARTESIAN_POINT('',(-7.,13.300000190735,30.049999237061));
#9436 = LINE('',#9437,#9438);
#9437 = CARTESIAN_POINT('',(-7.,13.300000190735,5.72205010485E-07));
#9438 = VECTOR('',#9439,1.);
#9439 = DIRECTION('',(0.,0.,1.));
#9440 = ORIENTED_EDGE('',*,*,#9441,.T.);
#9441 = EDGE_CURVE('',#9434,#9175,#9442,.T.);
#9442 = LINE('',#9443,#9444);
#9443 = CARTESIAN_POINT('',(-7.,13.300000190735,30.049999237061));
#9444 = VECTOR('',#9445,1.);
#9445 = DIRECTION('',(0.593806574356,0.804607825125,0.));
#9446 = PLANE('',#9447);
#9447 = AXIS2_PLACEMENT_3D('',#9448,#9449,#9450);
#9448 = CARTESIAN_POINT('',(-6.003690004349,14.650000095367,
    15.024999904633));
#9449 = DIRECTION('',(-0.804607825125,0.593806574356,-0.));
#9450 = DIRECTION('',(-0.593806574356,-0.804607825125,0.));
#9451 = ADVANCED_FACE('',(#9452),#9463,.T.);
#9452 = FACE_BOUND('',#9453,.T.);
#9453 = EDGE_LOOP('',(#9454,#9460,#9461,#9462));
#9454 = ORIENTED_EDGE('',*,*,#9455,.T.);
#9455 = EDGE_CURVE('',#9409,#9434,#9456,.T.);
#9456 = LINE('',#9457,#9458);
#9457 = CARTESIAN_POINT('',(7.,13.300000190735,30.049999237061));
#9458 = VECTOR('',#9459,1.);
#9459 = DIRECTION('',(-1.,0.,0.));
#9460 = ORIENTED_EDGE('',*,*,#9433,.F.);
#9461 = ORIENTED_EDGE('',*,*,#9381,.F.);
#9462 = ORIENTED_EDGE('',*,*,#9416,.F.);
#9463 = PLANE('',#9464);
#9464 = AXIS2_PLACEMENT_3D('',#9465,#9466,#9467);
#9465 = CARTESIAN_POINT('',(0.,13.300000190735,15.024999904633));
#9466 = DIRECTION('',(-0.,-1.,-0.));
#9467 = DIRECTION('',(0.,0.,-1.));
#9468 = ADVANCED_FACE('',(#9469),#9475,.T.);
#9469 = FACE_BOUND('',#9470,.T.);
#9470 = EDGE_LOOP('',(#9471,#9472,#9473,#9474));
#9471 = ORIENTED_EDGE('',*,*,#9408,.F.);
#9472 = ORIENTED_EDGE('',*,*,#9182,.F.);
#9473 = ORIENTED_EDGE('',*,*,#9441,.F.);
#9474 = ORIENTED_EDGE('',*,*,#9455,.F.);
#9475 = PLANE('',#9476);
#9476 = AXIS2_PLACEMENT_3D('',#9477,#9478,#9479);
#9477 = CARTESIAN_POINT('',(0.,14.474902280996,30.049999237061));
#9478 = DIRECTION('',(0.,0.,1.));
#9479 = DIRECTION('',(1.,0.,-0.));
#9480 = ADVANCED_FACE('',(#9481),#9497,.T.);
#9481 = FACE_BOUND('',#9482,.T.);
#9482 = EDGE_LOOP('',(#9483,#9489,#9490,#9496));
#9483 = ORIENTED_EDGE('',*,*,#9484,.T.);
#9484 = EDGE_CURVE('',#6337,#3888,#9485,.T.);
#9485 = LINE('',#9486,#9487);
#9486 = CARTESIAN_POINT('',(-20.18569946289,18.521699905396,
    19.226999282837));
#9487 = VECTOR('',#9488,1.);
#9488 = DIRECTION('',(-0.707106781187,0.707106781187,0.));
#9489 = ORIENTED_EDGE('',*,*,#3903,.F.);
#9490 = ORIENTED_EDGE('',*,*,#9491,.T.);
#9491 = EDGE_CURVE('',#3896,#2121,#9492,.T.);
#9492 = LINE('',#9493,#9494);
#9493 = CARTESIAN_POINT('',(-22.31850051879,20.631500244141,
    19.47500038147));
#9494 = VECTOR('',#9495,1.);
#9495 = DIRECTION('',(0.707106781187,-0.707106781187,0.));
#9496 = ORIENTED_EDGE('',*,*,#6743,.T.);
#9497 = PLANE('',#9498);
#9498 = AXIS2_PLACEMENT_3D('',#9499,#9500,#9501);
#9499 = CARTESIAN_POINT('',(-21.25209999084,19.576600074768,
    19.350999832153));
#9500 = DIRECTION('',(0.705591118839,0.705591118839,6.543963654463E-02)
  );
#9501 = DIRECTION('',(0.707106781187,-0.707106781187,0.));
#9502 = ADVANCED_FACE('',(#9503),#9514,.T.);
#9503 = FACE_BOUND('',#9504,.T.);
#9504 = EDGE_LOOP('',(#9505,#9511,#9512,#9513));
#9505 = ORIENTED_EDGE('',*,*,#9506,.T.);
#9506 = EDGE_CURVE('',#5064,#2887,#9507,.T.);
#9507 = LINE('',#9508,#9509);
#9508 = CARTESIAN_POINT('',(-17.52169990539,21.185699462891,
    19.226999282837));
#9509 = VECTOR('',#9510,1.);
#9510 = DIRECTION('',(-0.707106781187,0.707106781187,0.));
#9511 = ORIENTED_EDGE('',*,*,#2917,.F.);
#9512 = ORIENTED_EDGE('',*,*,#3476,.T.);
#9513 = ORIENTED_EDGE('',*,*,#5153,.T.);
#9514 = PLANE('',#9515);
#9515 = AXIS2_PLACEMENT_3D('',#9516,#9517,#9518);
#9516 = CARTESIAN_POINT('',(-18.59949970245,22.229199409485,
    19.10509967804));
#9517 = DIRECTION('',(-0.693513044251,-0.693513044251,0.195139219295));
#9518 = DIRECTION('',(-0.707106781187,0.707106781187,0.));
#9519 = ADVANCED_FACE('',(#9520),#9531,.T.);
#9520 = FACE_BOUND('',#9521,.T.);
#9521 = EDGE_LOOP('',(#9522,#9528,#9529,#9530));
#9522 = ORIENTED_EDGE('',*,*,#9523,.T.);
#9523 = EDGE_CURVE('',#6245,#3987,#9524,.T.);
#9524 = LINE('',#9525,#9526);
#9525 = CARTESIAN_POINT('',(-19.91959953308,18.787799835205,
    18.318399429321));
#9526 = VECTOR('',#9527,1.);
#9527 = DIRECTION('',(-0.707106781187,0.707106781187,0.));
#9528 = ORIENTED_EDGE('',*,*,#3995,.F.);
#9529 = ORIENTED_EDGE('',*,*,#4360,.T.);
#9530 = ORIENTED_EDGE('',*,*,#6283,.T.);
#9531 = PLANE('',#9532);
#9532 = AXIS2_PLACEMENT_3D('',#9533,#9534,#9535);
#9533 = CARTESIAN_POINT('',(-21.02904987335,19.799650192261,
    18.421699523926));
#9534 = DIRECTION('',(0.587962269399,0.587962269399,0.555518442111));
#9535 = DIRECTION('',(0.707106781187,-0.707106781187,0.));
#9536 = ADVANCED_FACE('',(#9537),#9548,.T.);
#9537 = FACE_BOUND('',#9538,.T.);
#9538 = EDGE_LOOP('',(#9539,#9540,#9546,#9547));
#9539 = ORIENTED_EDGE('',*,*,#3361,.F.);
#9540 = ORIENTED_EDGE('',*,*,#9541,.T.);
#9541 = EDGE_CURVE('',#3331,#2321,#9542,.T.);
#9542 = LINE('',#9543,#9544);
#9543 = CARTESIAN_POINT('',(-18.85009956359,19.857200622559,
    22.166999816895));
#9544 = VECTOR('',#9545,1.);
#9545 = DIRECTION('',(-0.707106781187,-0.707106781187,0.));
#9546 = ORIENTED_EDGE('',*,*,#3697,.T.);
#9547 = ORIENTED_EDGE('',*,*,#9084,.F.);
#9548 = PLANE('',#9549);
#9549 = AXIS2_PLACEMENT_3D('',#9550,#9551,#9552);
#9550 = CARTESIAN_POINT('',(-19.91430004862,20.914300048622,
    22.166999816895));
#9551 = DIRECTION('',(-0.,-0.,-1.));
#9552 = DIRECTION('',(-1.,0.,0.));
#9553 = ADVANCED_FACE('',(#9554),#9565,.T.);
#9554 = FACE_BOUND('',#9555,.T.);
#9555 = EDGE_LOOP('',(#9556,#9557,#9558,#9564));
#9556 = ORIENTED_EDGE('',*,*,#9158,.F.);
#9557 = ORIENTED_EDGE('',*,*,#1678,.F.);
#9558 = ORIENTED_EDGE('',*,*,#9559,.T.);
#9559 = EDGE_CURVE('',#833,#1072,#9560,.T.);
#9560 = LINE('',#9561,#9562);
#9561 = CARTESIAN_POINT('',(18.857200622559,19.850099563599,
    22.166999816895));
#9562 = VECTOR('',#9563,1.);
#9563 = DIRECTION('',(-0.707106781187,0.707106781187,0.));
#9564 = ORIENTED_EDGE('',*,*,#6953,.T.);
#9565 = PLANE('',#9566);
#9566 = AXIS2_PLACEMENT_3D('',#9567,#9568,#9569);
#9567 = CARTESIAN_POINT('',(19.914300048622,20.914300048622,
    22.166999816895));
#9568 = DIRECTION('',(-0.,-0.,-1.));
#9569 = DIRECTION('',(-1.,0.,0.));
#9570 = ADVANCED_FACE('',(#9571),#9582,.T.);
#9571 = FACE_BOUND('',#9572,.T.);
#9572 = EDGE_LOOP('',(#9573,#9574,#9575,#9576));
#9573 = ORIENTED_EDGE('',*,*,#3270,.F.);
#9574 = ORIENTED_EDGE('',*,*,#3408,.F.);
#9575 = ORIENTED_EDGE('',*,*,#5238,.T.);
#9576 = ORIENTED_EDGE('',*,*,#9577,.T.);
#9577 = EDGE_CURVE('',#5087,#3262,#9578,.T.);
#9578 = LINE('',#9579,#9580);
#9579 = CARTESIAN_POINT('',(-17.7877998352,20.919599533081,
    20.63159942627));
#9580 = VECTOR('',#9581,1.);
#9581 = DIRECTION('',(-0.707106781187,0.707106781187,0.));
#9582 = PLANE('',#9583);
#9583 = AXIS2_PLACEMENT_3D('',#9584,#9585,#9586);
#9584 = CARTESIAN_POINT('',(-18.79965019226,22.029049873352,
    20.528299331665));
#9585 = DIRECTION('',(-0.587962269399,-0.587962269399,-0.555518442111));
#9586 = DIRECTION('',(0.707106781187,-0.707106781187,5.551115123126E-17)
  );
#9587 = ADVANCED_FACE('',(#9588),#9599,.T.);
#9588 = FACE_BOUND('',#9589,.T.);
#9589 = EDGE_LOOP('',(#9590,#9591,#9592,#9598));
#9590 = ORIENTED_EDGE('',*,*,#3713,.F.);
#9591 = ORIENTED_EDGE('',*,*,#5349,.T.);
#9592 = ORIENTED_EDGE('',*,*,#9593,.T.);
#9593 = EDGE_CURVE('',#5342,#4139,#9594,.T.);
#9594 = LINE('',#9595,#9596);
#9595 = CARTESIAN_POINT('',(-19.91959953308,18.787799835205,
    20.63159942627));
#9596 = VECTOR('',#9597,1.);
#9597 = DIRECTION('',(-0.707106781187,0.707106781187,0.));
#9598 = ORIENTED_EDGE('',*,*,#4147,.F.);
#9599 = PLANE('',#9600);
#9600 = AXIS2_PLACEMENT_3D('',#9601,#9602,#9603);
#9601 = CARTESIAN_POINT('',(-20.92229938507,19.906399726868,
    20.725049972534));
#9602 = DIRECTION('',(0.531631662271,0.531631662271,-0.659344789425));
#9603 = DIRECTION('',(-2.775557561563E-17,-0.778469579858,
    -0.627682334653));
#9604 = ADVANCED_FACE('',(#9605),#9621,.T.);
#9605 = FACE_BOUND('',#9606,.T.);
#9606 = EDGE_LOOP('',(#9607,#9613,#9614,#9620));
#9607 = ORIENTED_EDGE('',*,*,#9608,.T.);
#9608 = EDGE_CURVE('',#4976,#3170,#9609,.T.);
#9609 = LINE('',#9610,#9611);
#9610 = CARTESIAN_POINT('',(-17.52169990539,21.185699462891,
    19.722999572754));
#9611 = VECTOR('',#9612,1.);
#9612 = DIRECTION('',(-0.707106781187,0.707106781187,0.));
#9613 = ORIENTED_EDGE('',*,*,#3178,.F.);
#9614 = ORIENTED_EDGE('',*,*,#9615,.T.);
#9615 = EDGE_CURVE('',#2864,#5021,#9616,.T.);
#9616 = LINE('',#9617,#9618);
#9617 = CARTESIAN_POINT('',(-19.63150024414,23.318500518799,
    19.47500038147));
#9618 = VECTOR('',#9619,1.);
#9619 = DIRECTION('',(0.707106781187,-0.707106781187,0.));
#9620 = ORIENTED_EDGE('',*,*,#5020,.T.);
#9621 = PLANE('',#9622);
#9622 = AXIS2_PLACEMENT_3D('',#9623,#9624,#9625);
#9623 = CARTESIAN_POINT('',(-18.57660007476,22.252099990845,
    19.598999977112));
#9624 = DIRECTION('',(-0.7055910956,-0.7055910956,-6.544013768211E-02));
#9625 = DIRECTION('',(-0.707106781187,0.707106781187,-6.938893903907E-18
    ));
#9626 = ADVANCED_FACE('',(#9627),#9633,.T.);
#9627 = FACE_BOUND('',#9628,.T.);
#9628 = EDGE_LOOP('',(#9629,#9630,#9631,#9632));
#9629 = ORIENTED_EDGE('',*,*,#3201,.F.);
#9630 = ORIENTED_EDGE('',*,*,#9608,.F.);
#9631 = ORIENTED_EDGE('',*,*,#5195,.T.);
#9632 = ORIENTED_EDGE('',*,*,#4400,.T.);
#9633 = PLANE('',#9634);
#9634 = AXIS2_PLACEMENT_3D('',#9635,#9636,#9637);
#9635 = CARTESIAN_POINT('',(-18.59949970245,22.229199409485,
    19.844900131226));
#9636 = DIRECTION('',(-0.693513250854,-0.693513250854,-0.19513775078));
#9637 = DIRECTION('',(-0.707106781187,0.707106781187,1.387778780781E-17)
  );
#9638 = ADVANCED_FACE('',(#9639),#9650,.T.);
#9639 = FACE_BOUND('',#9640,.T.);
#9640 = EDGE_LOOP('',(#9641,#9642,#9643,#9644));
#9641 = ORIENTED_EDGE('',*,*,#6221,.T.);
#9642 = ORIENTED_EDGE('',*,*,#9070,.F.);
#9643 = ORIENTED_EDGE('',*,*,#4034,.F.);
#9644 = ORIENTED_EDGE('',*,*,#9645,.T.);
#9645 = EDGE_CURVE('',#4010,#6222,#9646,.T.);
#9646 = LINE('',#9647,#9648);
#9647 = CARTESIAN_POINT('',(-21.92499923706,21.02499961853,
    18.131500244141));
#9648 = VECTOR('',#9649,1.);
#9649 = DIRECTION('',(0.707106781187,-0.707106781187,0.));
#9650 = PLANE('',#9651);
#9651 = AXIS2_PLACEMENT_3D('',#9652,#9653,#9654);
#9652 = CARTESIAN_POINT('',(-20.79829978942,20.030400276184,
    18.049550056458));
#9653 = DIRECTION('',(0.466333386789,0.466333386789,0.751708949482));
#9654 = DIRECTION('',(0.849764027386,2.775557561563E-17,-0.527163255321)
  );
#9655 = ADVANCED_FACE('',(#9656),#9662,.T.);
#9656 = FACE_BOUND('',#9657,.T.);
#9657 = EDGE_LOOP('',(#9658,#9659,#9660,#9661));
#9658 = ORIENTED_EDGE('',*,*,#4247,.F.);
#9659 = ORIENTED_EDGE('',*,*,#3926,.F.);
#9660 = ORIENTED_EDGE('',*,*,#9484,.F.);
#9661 = ORIENTED_EDGE('',*,*,#6336,.T.);
#9662 = PLANE('',#9663);
#9663 = AXIS2_PLACEMENT_3D('',#9664,#9665,#9666);
#9664 = CARTESIAN_POINT('',(-21.22919940948,19.599499702454,
    19.10509967804));
#9665 = DIRECTION('',(0.693513044251,0.693513044251,0.195139219295));
#9666 = DIRECTION('',(0.707106781187,-0.707106781187,0.));
#9667 = ADVANCED_FACE('',(#9668),#9674,.T.);
#9668 = FACE_BOUND('',#9669,.T.);
#9669 = EDGE_LOOP('',(#9670,#9671,#9672,#9673));
#9670 = ORIENTED_EDGE('',*,*,#3531,.F.);
#9671 = ORIENTED_EDGE('',*,*,#2986,.F.);
#9672 = ORIENTED_EDGE('',*,*,#9029,.F.);
#9673 = ORIENTED_EDGE('',*,*,#4501,.T.);
#9674 = PLANE('',#9675);
#9675 = AXIS2_PLACEMENT_3D('',#9676,#9677,#9678);
#9676 = CARTESIAN_POINT('',(-18.79965019226,22.029049873352,
    18.421699523926));
#9677 = DIRECTION('',(-0.587962269399,-0.587962269399,0.555518442111));
#9678 = DIRECTION('',(0.707106781187,-0.707106781187,2.775557561563E-17)
  );
#9679 = ADVANCED_FACE('',(#9680),#9686,.T.);
#9680 = FACE_BOUND('',#9681,.T.);
#9681 = EDGE_LOOP('',(#9682,#9683,#9684,#9685));
#9682 = ORIENTED_EDGE('',*,*,#9577,.F.);
#9683 = ORIENTED_EDGE('',*,*,#5254,.T.);
#9684 = ORIENTED_EDGE('',*,*,#3338,.F.);
#9685 = ORIENTED_EDGE('',*,*,#3293,.F.);
#9686 = PLANE('',#9687);
#9687 = AXIS2_PLACEMENT_3D('',#9688,#9689,#9690);
#9688 = CARTESIAN_POINT('',(-18.90639972686,21.922299385071,
    20.725049972534));
#9689 = DIRECTION('',(-0.531631662271,-0.531631662271,-0.659344789425));
#9690 = DIRECTION('',(-2.775557561563E-17,-0.778469579858,0.627682334653
    ));
#9691 = ADVANCED_FACE('',(#9692),#9698,.T.);
#9692 = FACE_BOUND('',#9693,.T.);
#9693 = EDGE_LOOP('',(#9694,#9695,#9696,#9697));
#9694 = ORIENTED_EDGE('',*,*,#2894,.F.);
#9695 = ORIENTED_EDGE('',*,*,#9506,.F.);
#9696 = ORIENTED_EDGE('',*,*,#5072,.T.);
#9697 = ORIENTED_EDGE('',*,*,#9615,.F.);
#9698 = PLANE('',#9699);
#9699 = AXIS2_PLACEMENT_3D('',#9700,#9701,#9702);
#9700 = CARTESIAN_POINT('',(-18.57660007476,22.252099990845,
    19.350999832153));
#9701 = DIRECTION('',(-0.705591118839,-0.705591118839,6.543963654463E-02
    ));
#9702 = DIRECTION('',(-0.707106781187,0.707106781187,0.));
#9703 = ADVANCED_FACE('',(#9704),#9710,.T.);
#9704 = FACE_BOUND('',#9705,.T.);
#9705 = EDGE_LOOP('',(#9706,#9707,#9708,#9709));
#9706 = ORIENTED_EDGE('',*,*,#6244,.T.);
#9707 = ORIENTED_EDGE('',*,*,#9645,.F.);
#9708 = ORIENTED_EDGE('',*,*,#4018,.F.);
#9709 = ORIENTED_EDGE('',*,*,#9523,.F.);
#9710 = PLANE('',#9711);
#9711 = AXIS2_PLACEMENT_3D('',#9712,#9713,#9714);
#9712 = CARTESIAN_POINT('',(-20.92229938507,19.906399726868,
    18.224949836731));
#9713 = DIRECTION('',(0.531629303651,0.531629303651,0.659348592931));
#9714 = DIRECTION('',(-2.775557561563E-17,0.778472709828,-0.627678452755
    ));
#9715 = ADVANCED_FACE('',(#9716),#9722,.T.);
#9716 = FACE_BOUND('',#9717,.T.);
#9717 = EDGE_LOOP('',(#9718,#9719,#9720,#9721));
#9718 = ORIENTED_EDGE('',*,*,#4170,.F.);
#9719 = ORIENTED_EDGE('',*,*,#9593,.F.);
#9720 = ORIENTED_EDGE('',*,*,#5393,.T.);
#9721 = ORIENTED_EDGE('',*,*,#4278,.F.);
#9722 = PLANE('',#9723);
#9723 = AXIS2_PLACEMENT_3D('',#9724,#9725,#9726);
#9724 = CARTESIAN_POINT('',(-21.02904987335,19.799650192261,
    20.528299331665));
#9725 = DIRECTION('',(0.587962269399,0.587962269399,-0.555518442111));
#9726 = DIRECTION('',(0.707106781187,-0.707106781187,0.));
#9727 = ADVANCED_FACE('',(#9728),#9734,.T.);
#9728 = FACE_BOUND('',#9729,.T.);
#9729 = EDGE_LOOP('',(#9730,#9731,#9732,#9733));
#9730 = ORIENTED_EDGE('',*,*,#5901,.T.);
#9731 = ORIENTED_EDGE('',*,*,#9036,.F.);
#9732 = ORIENTED_EDGE('',*,*,#3032,.F.);
#9733 = ORIENTED_EDGE('',*,*,#9051,.F.);
#9734 = PLANE('',#9735);
#9735 = AXIS2_PLACEMENT_3D('',#9736,#9737,#9738);
#9736 = CARTESIAN_POINT('',(-19.03040027618,21.798299789429,
    18.049550056458));
#9737 = DIRECTION('',(-0.466333386789,-0.466333386789,0.751708949482));
#9738 = DIRECTION('',(2.775557561563E-17,0.849764027386,0.527163255321)
  );
#9739 = ADVANCED_FACE('',(#9740),#9751,.T.);
#9740 = FACE_BOUND('',#9741,.T.);
#9741 = EDGE_LOOP('',(#9742,#9743,#9749,#9750));
#9742 = ORIENTED_EDGE('',*,*,#4080,.F.);
#9743 = ORIENTED_EDGE('',*,*,#9744,.T.);
#9744 = EDGE_CURVE('',#4073,#2129,#9745,.T.);
#9745 = LINE('',#9746,#9747);
#9746 = CARTESIAN_POINT('',(-22.30699920654,20.642999649048,
    19.722999572754));
#9747 = VECTOR('',#9748,1.);
#9748 = DIRECTION('',(0.707106781187,-0.707106781187,0.));
#9749 = ORIENTED_EDGE('',*,*,#2128,.T.);
#9750 = ORIENTED_EDGE('',*,*,#9491,.F.);
#9751 = PLANE('',#9752);
#9752 = AXIS2_PLACEMENT_3D('',#9753,#9754,#9755);
#9753 = CARTESIAN_POINT('',(-21.25209999084,19.576600074768,
    19.598999977112));
#9754 = DIRECTION('',(0.7055910956,0.7055910956,-6.544013768211E-02));
#9755 = DIRECTION('',(-0.707106781187,0.707106781187,6.938893903907E-18)
  );
#9756 = ADVANCED_FACE('',(#9757),#9763,.T.);
#9757 = FACE_BOUND('',#9758,.T.);
#9758 = EDGE_LOOP('',(#9759,#9760,#9761,#9762));
#9759 = ORIENTED_EDGE('',*,*,#4103,.F.);
#9760 = ORIENTED_EDGE('',*,*,#4338,.F.);
#9761 = ORIENTED_EDGE('',*,*,#2182,.T.);
#9762 = ORIENTED_EDGE('',*,*,#9744,.F.);
#9763 = PLANE('',#9764);
#9764 = AXIS2_PLACEMENT_3D('',#9765,#9766,#9767);
#9765 = CARTESIAN_POINT('',(-21.22919940948,19.599499702454,
    19.844900131226));
#9766 = DIRECTION('',(0.693513250854,0.693513250854,-0.19513775078));
#9767 = DIRECTION('',(0.707106781187,-0.707106781187,1.387778780781E-17)
  );
#9768 = ADVANCED_FACE('',(#9769),#9787,.T.);
#9769 = FACE_BOUND('',#9770,.T.);
#9770 = EDGE_LOOP('',(#9771,#9772,#9780,#9786));
#9771 = ORIENTED_EDGE('',*,*,#9233,.F.);
#9772 = ORIENTED_EDGE('',*,*,#9773,.T.);
#9773 = EDGE_CURVE('',#9226,#9774,#9776,.T.);
#9774 = VERTEX_POINT('',#9775);
#9775 = CARTESIAN_POINT('',(-18.85370063781,19.853700637817,
    15.47500038147));
#9776 = LINE('',#9777,#9778);
#9777 = CARTESIAN_POINT('',(-15.,16.,15.47500038147));
#9778 = VECTOR('',#9779,1.);
#9779 = DIRECTION('',(-0.707106781187,0.707106781187,0.));
#9780 = ORIENTED_EDGE('',*,*,#9781,.T.);
#9781 = EDGE_CURVE('',#9774,#2041,#9782,.T.);
#9782 = LINE('',#9783,#9784);
#9783 = CARTESIAN_POINT('',(-18.85370063781,19.853700637817,
    15.47500038147));
#9784 = VECTOR('',#9785,1.);
#9785 = DIRECTION('',(-0.705594778863,-0.705594778863,6.536066159209E-02
    ));
#9786 = ORIENTED_EDGE('',*,*,#2058,.T.);
#9787 = PLANE('',#9788);
#9788 = AXIS2_PLACEMENT_3D('',#9789,#9790,#9791);
#9789 = CARTESIAN_POINT('',(-17.15729586067,17.804656515579,
    15.491333216134));
#9790 = DIRECTION('',(4.621693809487E-02,4.621693268486E-02,
    0.997861708738));
#9791 = DIRECTION('',(0.998929137802,0.,-4.626637711282E-02));
#9792 = ADVANCED_FACE('',(#9793),#9804,.T.);
#9793 = FACE_BOUND('',#9794,.T.);
#9794 = EDGE_LOOP('',(#9795,#9796,#9797,#9803));
#9795 = ORIENTED_EDGE('',*,*,#9225,.F.);
#9796 = ORIENTED_EDGE('',*,*,#5878,.F.);
#9797 = ORIENTED_EDGE('',*,*,#9798,.T.);
#9798 = EDGE_CURVE('',#5871,#9774,#9799,.T.);
#9799 = LINE('',#9800,#9801);
#9800 = CARTESIAN_POINT('',(-18.48450088501,20.222900390625,
    15.50920009613));
#9801 = VECTOR('',#9802,1.);
#9802 = DIRECTION('',(-0.705594778863,-0.705594778863,
    -6.536066159209E-02));
#9803 = ORIENTED_EDGE('',*,*,#9773,.F.);
#9804 = PLANE('',#9805);
#9805 = AXIS2_PLACEMENT_3D('',#9806,#9807,#9808);
#9806 = CARTESIAN_POINT('',(-16.60417743141,17.988574713434,
    15.492804115943));
#9807 = DIRECTION('',(-4.621693534999E-02,-4.621694125714E-02,
    0.997861708469));
#9808 = DIRECTION('',(0.,0.998929137655,4.626638028418E-02));
#9809 = ADVANCED_FACE('',(#9810),#9821,.T.);
#9810 = FACE_BOUND('',#9811,.T.);
#9811 = EDGE_LOOP('',(#9812,#9813,#9819,#9820));
#9812 = ORIENTED_EDGE('',*,*,#9264,.F.);
#9813 = ORIENTED_EDGE('',*,*,#9814,.T.);
#9814 = EDGE_CURVE('',#9257,#6159,#9815,.T.);
#9815 = LINE('',#9816,#9817);
#9816 = CARTESIAN_POINT('',(-18.4437007904,16.,16.301599502563));
#9817 = VECTOR('',#9818,1.);
#9818 = DIRECTION('',(-0.707106781187,0.707106781187,0.));
#9819 = ORIENTED_EDGE('',*,*,#6684,.T.);
#9820 = ORIENTED_EDGE('',*,*,#6572,.T.);
#9821 = PLANE('',#9822);
#9822 = AXIS2_PLACEMENT_3D('',#9823,#9824,#9825);
#9823 = CARTESIAN_POINT('',(-19.68697467264,16.981178169561,
    16.464143937747));
#9824 = DIRECTION('',(0.46625171407,0.46625171407,0.751810267456));
#9825 = DIRECTION('',(0.849837203723,-2.775557561563E-17,-0.527045279998
    ));
#9826 = ADVANCED_FACE('',(#9827),#9838,.T.);
#9827 = FACE_BOUND('',#9828,.T.);
#9828 = EDGE_LOOP('',(#9829,#9830,#9836,#9837));
#9829 = ORIENTED_EDGE('',*,*,#9256,.F.);
#9830 = ORIENTED_EDGE('',*,*,#9831,.T.);
#9831 = EDGE_CURVE('',#9249,#6136,#9832,.T.);
#9832 = LINE('',#9833,#9834);
#9833 = CARTESIAN_POINT('',(-17.8283996582,16.,16.010900497437));
#9834 = VECTOR('',#9835,1.);
#9835 = DIRECTION('',(-0.707106781187,0.707106781187,0.));
#9836 = ORIENTED_EDGE('',*,*,#6166,.T.);
#9837 = ORIENTED_EDGE('',*,*,#9814,.F.);
#9838 = PLANE('',#9839);
#9839 = AXIS2_PLACEMENT_3D('',#9840,#9841,#9842);
#9840 = CARTESIAN_POINT('',(-19.24234782761,17.123755310768,
    16.148002106531));
#9841 = DIRECTION('',(0.392833872695,0.392833872695,0.831482469405));
#9842 = DIRECTION('',(-2.775557561563E-17,0.90416911821,-0.427174678177)
  );
#9843 = ADVANCED_FACE('',(#9844),#9855,.T.);
#9844 = FACE_BOUND('',#9845,.T.);
#9845 = EDGE_LOOP('',(#9846,#9847,#9853,#9854));
#9846 = ORIENTED_EDGE('',*,*,#9248,.F.);
#9847 = ORIENTED_EDGE('',*,*,#9848,.T.);
#9848 = EDGE_CURVE('',#9241,#6113,#9849,.T.);
#9849 = LINE('',#9850,#9851);
#9850 = CARTESIAN_POINT('',(-17.16480064392,16.,15.779500007629));
#9851 = VECTOR('',#9852,1.);
#9852 = DIRECTION('',(-0.707106781187,0.707106781187,0.));
#9853 = ORIENTED_EDGE('',*,*,#6727,.T.);
#9854 = ORIENTED_EDGE('',*,*,#9831,.F.);
#9855 = PLANE('',#9856);
#9856 = AXIS2_PLACEMENT_3D('',#9857,#9858,#9859);
#9857 = CARTESIAN_POINT('',(-18.75849470205,17.280008417875,
    15.888883851246));
#9858 = DIRECTION('',(0.312744480664,0.312744480664,0.896873335332));
#9859 = DIRECTION('',(0.944238911907,0.,-0.329261108));
#9860 = ADVANCED_FACE('',(#9861),#9867,.T.);
#9861 = FACE_BOUND('',#9862,.T.);
#9862 = EDGE_LOOP('',(#9863,#9864,#9865,#9866));
#9863 = ORIENTED_EDGE('',*,*,#6389,.F.);
#9864 = ORIENTED_EDGE('',*,*,#9274,.F.);
#9865 = ORIENTED_EDGE('',*,*,#6463,.T.);
#9866 = ORIENTED_EDGE('',*,*,#6433,.T.);
#9867 = PLANE('',#9868);
#9868 = AXIS2_PLACEMENT_3D('',#9869,#9870,#9871);
#9869 = CARTESIAN_POINT('',(-21.07641174444,16.541898462182,
    18.689950549938));
#9870 = DIRECTION('',(0.693513719228,0.693513719228,0.195134421577));
#9871 = DIRECTION('',(0.707106781187,-0.707106781187,0.));
#9872 = ADVANCED_FACE('',(#9873),#9879,.T.);
#9873 = FACE_BOUND('',#9874,.T.);
#9874 = EDGE_LOOP('',(#9875,#9876,#9877,#9878));
#9875 = ORIENTED_EDGE('',*,*,#9240,.F.);
#9876 = ORIENTED_EDGE('',*,*,#2081,.T.);
#9877 = ORIENTED_EDGE('',*,*,#6267,.T.);
#9878 = ORIENTED_EDGE('',*,*,#9848,.F.);
#9879 = PLANE('',#9880);
#9880 = AXIS2_PLACEMENT_3D('',#9881,#9882,#9883);
#9881 = CARTESIAN_POINT('',(-18.24372471021,17.447396103147,
    15.691050229424));
#9882 = DIRECTION('',(0.227304203451,0.227304203451,0.946924283239));
#9883 = DIRECTION('',(0.972377426409,0.,-0.233414096856));
#9884 = ADVANCED_FACE('',(#9885),#9891,.T.);
#9885 = FACE_BOUND('',#9886,.T.);
#9886 = EDGE_LOOP('',(#9887,#9888,#9889,#9890));
#9887 = ORIENTED_EDGE('',*,*,#5276,.F.);
#9888 = ORIENTED_EDGE('',*,*,#8961,.F.);
#9889 = ORIENTED_EDGE('',*,*,#2328,.T.);
#9890 = ORIENTED_EDGE('',*,*,#9541,.F.);
#9891 = PLANE('',#9892);
#9892 = AXIS2_PLACEMENT_3D('',#9893,#9894,#9895);
#9893 = CARTESIAN_POINT('',(-18.85365009307,19.853650093079,
    23.651949882507));
#9894 = DIRECTION('',(0.707106781187,-0.707106781187,0.));
#9895 = DIRECTION('',(0.707106781187,0.707106781187,0.));
#9896 = ADVANCED_FACE('',(#9897),#9903,.T.);
#9897 = FACE_BOUND('',#9898,.T.);
#9898 = EDGE_LOOP('',(#9899,#9900,#9901,#9902));
#9899 = ORIENTED_EDGE('',*,*,#9798,.F.);
#9900 = ORIENTED_EDGE('',*,*,#6080,.F.);
#9901 = ORIENTED_EDGE('',*,*,#6096,.F.);
#9902 = ORIENTED_EDGE('',*,*,#9781,.F.);
#9903 = PLANE('',#9904);
#9904 = AXIS2_PLACEMENT_3D('',#9905,#9906,#9907);
#9905 = CARTESIAN_POINT('',(-18.85370063781,19.853700637817,
    16.335089598723));
#9906 = DIRECTION('',(0.707106781187,-0.707106781187,-0.));
#9907 = DIRECTION('',(-0.707106781187,-0.707106781187,0.));
#9908 = ADVANCED_FACE('',(#9909),#9915,.T.);
#9909 = FACE_BOUND('',#9910,.T.);
#9910 = EDGE_LOOP('',(#9911,#9912,#9913,#9914));
#9911 = ORIENTED_EDGE('',*,*,#2205,.F.);
#9912 = ORIENTED_EDGE('',*,*,#5460,.F.);
#9913 = ORIENTED_EDGE('',*,*,#9282,.F.);
#9914 = ORIENTED_EDGE('',*,*,#6767,.F.);
#9915 = PLANE('',#9916);
#9916 = AXIS2_PLACEMENT_3D('',#9917,#9918,#9919);
#9917 = CARTESIAN_POINT('',(-21.07641173752,16.541898456862,
    20.260049241434));
#9918 = DIRECTION('',(0.693513621083,0.693513621083,-0.195135119196));
#9919 = DIRECTION('',(0.707106781187,-0.707106781187,0.));
#9920 = ADVANCED_FACE('',(#9921),#9932,.T.);
#9921 = FACE_BOUND('',#9922,.T.);
#9922 = EDGE_LOOP('',(#9923,#9924,#9925,#9926));
#9923 = ORIENTED_EDGE('',*,*,#1411,.F.);
#9924 = ORIENTED_EDGE('',*,*,#1814,.T.);
#9925 = ORIENTED_EDGE('',*,*,#410,.T.);
#9926 = ORIENTED_EDGE('',*,*,#9927,.T.);
#9927 = EDGE_CURVE('',#403,#1381,#9928,.T.);
#9928 = LINE('',#9929,#9930);
#9929 = CARTESIAN_POINT('',(20.185699462891,18.521699905396,
    19.226999282837));
#9930 = VECTOR('',#9931,1.);
#9931 = DIRECTION('',(0.707106781187,0.707106781187,0.));
#9932 = PLANE('',#9933);
#9933 = AXIS2_PLACEMENT_3D('',#9934,#9935,#9936);
#9934 = CARTESIAN_POINT('',(21.229199409485,19.599499702454,
    19.10509967804));
#9935 = DIRECTION('',(-0.693513044251,0.693513044251,0.195139219295));
#9936 = DIRECTION('',(-0.707106781187,-0.707106781187,
    -1.387778780781E-17));
#9937 = ADVANCED_FACE('',(#9938),#9949,.T.);
#9938 = FACE_BOUND('',#9939,.T.);
#9939 = EDGE_LOOP('',(#9940,#9941,#9942,#9943));
#9940 = ORIENTED_EDGE('',*,*,#2787,.F.);
#9941 = ORIENTED_EDGE('',*,*,#7213,.T.);
#9942 = ORIENTED_EDGE('',*,*,#7992,.T.);
#9943 = ORIENTED_EDGE('',*,*,#9944,.T.);
#9944 = EDGE_CURVE('',#7985,#2779,#9945,.T.);
#9945 = LINE('',#9946,#9947);
#9946 = CARTESIAN_POINT('',(17.787799835205,20.919599533081,
    18.318399429321));
#9947 = VECTOR('',#9948,1.);
#9948 = DIRECTION('',(0.707106781187,0.707106781187,0.));
#9949 = PLANE('',#9950);
#9950 = AXIS2_PLACEMENT_3D('',#9951,#9952,#9953);
#9951 = CARTESIAN_POINT('',(18.799650192261,22.029049873352,
    18.421699523926));
#9952 = DIRECTION('',(0.587962269399,-0.587962269399,0.555518442111));
#9953 = DIRECTION('',(0.707106781187,0.707106781187,5.551115123126E-17)
  );
#9954 = ADVANCED_FACE('',(#9955),#9966,.T.);
#9955 = FACE_BOUND('',#9956,.T.);
#9956 = EDGE_LOOP('',(#9957,#9963,#9964,#9965));
#9957 = ORIENTED_EDGE('',*,*,#9958,.T.);
#9958 = EDGE_CURVE('',#8186,#1288,#9959,.T.);
#9959 = LINE('',#9960,#9961);
#9960 = CARTESIAN_POINT('',(19.919599533081,18.787799835205,
    20.63159942627));
#9961 = VECTOR('',#9962,1.);
#9962 = DIRECTION('',(0.707106781187,0.707106781187,0.));
#9963 = ORIENTED_EDGE('',*,*,#1296,.F.);
#9964 = ORIENTED_EDGE('',*,*,#1617,.F.);
#9965 = ORIENTED_EDGE('',*,*,#8231,.T.);
#9966 = PLANE('',#9967);
#9967 = AXIS2_PLACEMENT_3D('',#9968,#9969,#9970);
#9968 = CARTESIAN_POINT('',(21.029049873352,19.799650192261,
    20.528299331665));
#9969 = DIRECTION('',(-0.587962269399,0.587962269399,-0.555518442111));
#9970 = DIRECTION('',(0.707106781187,0.707106781187,0.));
#9971 = ADVANCED_FACE('',(#9972),#9983,.T.);
#9972 = FACE_BOUND('',#9973,.T.);
#9973 = EDGE_LOOP('',(#9974,#9975,#9976,#9982));
#9974 = ORIENTED_EDGE('',*,*,#7007,.T.);
#9975 = ORIENTED_EDGE('',*,*,#2849,.F.);
#9976 = ORIENTED_EDGE('',*,*,#9977,.T.);
#9977 = EDGE_CURVE('',#2825,#8063,#9978,.T.);
#9978 = LINE('',#9979,#9980);
#9979 = CARTESIAN_POINT('',(20.15710067749,22.792900085449,
    17.967599868774));
#9980 = VECTOR('',#9981,1.);
#9981 = DIRECTION('',(-0.707106781187,-0.707106781187,0.));
#9982 = ORIENTED_EDGE('',*,*,#8107,.T.);
#9983 = PLANE('',#9984);
#9984 = AXIS2_PLACEMENT_3D('',#9985,#9986,#9987);
#9985 = CARTESIAN_POINT('',(19.169500350952,21.659150123596,
    17.898599624634));
#9986 = DIRECTION('',(0.392644430827,-0.392644430827,0.8316614106));
#9987 = DIRECTION('',(0.,0.904284148642,0.426931116827));
#9988 = ADVANCED_FACE('',(#9989),#10000,.T.);
#9989 = FACE_BOUND('',#9990,.T.);
#9990 = EDGE_LOOP('',(#9991,#9997,#9998,#9999));
#9991 = ORIENTED_EDGE('',*,*,#9992,.T.);
#9992 = EDGE_CURVE('',#79,#1479,#9993,.T.);
#9993 = LINE('',#9994,#9995);
#9994 = CARTESIAN_POINT('',(19.671600341797,19.035800933838,
    17.967599868774));
#9995 = VECTOR('',#9996,1.);
#9996 = DIRECTION('',(0.707106781187,0.707106781187,0.));
#9997 = ORIENTED_EDGE('',*,*,#1487,.F.);
#9998 = ORIENTED_EDGE('',*,*,#1871,.T.);
#9999 = ORIENTED_EDGE('',*,*,#86,.T.);
#10000 = PLANE('',#10001);
#10001 = AXIS2_PLACEMENT_3D('',#10002,#10003,#10004);
#10002 = CARTESIAN_POINT('',(20.659150123596,20.169500350952,
    17.898599624634));
#10003 = DIRECTION('',(-0.392644430827,0.392644430827,0.8316614106));
#10004 = DIRECTION('',(0.904284148642,0.,0.426931116827));
#10005 = ADVANCED_FACE('',(#10006),#10017,.T.);
#10006 = FACE_BOUND('',#10007,.T.);
#10007 = EDGE_LOOP('',(#10008,#10009,#10010,#10011));
#10008 = ORIENTED_EDGE('',*,*,#2648,.F.);
#10009 = ORIENTED_EDGE('',*,*,#6969,.F.);
#10010 = ORIENTED_EDGE('',*,*,#1155,.T.);
#10011 = ORIENTED_EDGE('',*,*,#10012,.T.);
#10012 = EDGE_CURVE('',#949,#2618,#10013,.T.);
#10013 = LINE('',#10014,#10015);
#10014 = CARTESIAN_POINT('',(17.787799835205,20.919599533081,
    20.63159942627));
#10015 = VECTOR('',#10016,1.);
#10016 = DIRECTION('',(0.707106781187,0.707106781187,0.));
#10017 = PLANE('',#10018);
#10018 = AXIS2_PLACEMENT_3D('',#10019,#10020,#10021);
#10019 = CARTESIAN_POINT('',(18.906399726868,21.922299385071,
    20.725049972534));
#10020 = DIRECTION('',(0.531631662271,-0.531631662271,-0.659344789425));
#10021 = DIRECTION('',(-0.778469579858,2.775557561563E-17,
    -0.627682334653));
#10022 = ADVANCED_FACE('',(#10023),#10039,.T.);
#10023 = FACE_BOUND('',#10024,.T.);
#10024 = EDGE_LOOP('',(#10025,#10031,#10032,#10038));
#10025 = ORIENTED_EDGE('',*,*,#10026,.T.);
#10026 = EDGE_CURVE('',#456,#1187,#10027,.T.);
#10027 = LINE('',#10028,#10029);
#10028 = CARTESIAN_POINT('',(20.185699462891,18.521699905396,
    19.722999572754));
#10029 = VECTOR('',#10030,1.);
#10030 = DIRECTION('',(0.707106781187,0.707106781187,0.));
#10031 = ORIENTED_EDGE('',*,*,#1204,.F.);
#10032 = ORIENTED_EDGE('',*,*,#10033,.T.);
#10033 = EDGE_CURVE('',#1197,#464,#10034,.T.);
#10034 = LINE('',#10035,#10036);
#10035 = CARTESIAN_POINT('',(22.318500518799,20.631500244141,
    19.47500038147));
#10036 = VECTOR('',#10037,1.);
#10037 = DIRECTION('',(-0.707106781187,-0.707106781187,0.));
#10038 = ORIENTED_EDGE('',*,*,#463,.T.);
#10039 = PLANE('',#10040);
#10040 = AXIS2_PLACEMENT_3D('',#10041,#10042,#10043);
#10041 = CARTESIAN_POINT('',(21.252099990845,19.576600074768,
    19.598999977112));
#10042 = DIRECTION('',(-0.7055910956,0.7055910956,-6.544013768211E-02));
#10043 = DIRECTION('',(-0.707106781187,-0.707106781187,0.));
#10044 = ADVANCED_FACE('',(#10045),#10051,.T.);
#10045 = FACE_BOUND('',#10046,.T.);
#10046 = EDGE_LOOP('',(#10047,#10048,#10049,#10050));
#10047 = ORIENTED_EDGE('',*,*,#7244,.T.);
#10048 = ORIENTED_EDGE('',*,*,#1227,.F.);
#10049 = ORIENTED_EDGE('',*,*,#10026,.F.);
#10050 = ORIENTED_EDGE('',*,*,#8316,.T.);
#10051 = PLANE('',#10052);
#10052 = AXIS2_PLACEMENT_3D('',#10053,#10054,#10055);
#10053 = CARTESIAN_POINT('',(21.229199409485,19.599499702454,
    19.844900131226));
#10054 = DIRECTION('',(-0.693513250854,0.693513250854,-0.19513775078));
#10055 = DIRECTION('',(-0.707106781187,-0.707106781187,
    1.387778780781E-17));
#10056 = ADVANCED_FACE('',(#10057),#10068,.T.);
#10057 = FACE_BOUND('',#10058,.T.);
#10058 = EDGE_LOOP('',(#10059,#10060,#10061,#10067));
#10059 = ORIENTED_EDGE('',*,*,#9977,.F.);
#10060 = ORIENTED_EDGE('',*,*,#2833,.F.);
#10061 = ORIENTED_EDGE('',*,*,#10062,.T.);
#10062 = EDGE_CURVE('',#2802,#8024,#10063,.T.);
#10063 = LINE('',#10064,#10065);
#10064 = CARTESIAN_POINT('',(20.02499961853,22.924999237061,
    18.131500244141));
#10065 = VECTOR('',#10066,1.);
#10066 = DIRECTION('',(-0.707106781187,-0.707106781187,0.));
#10067 = ORIENTED_EDGE('',*,*,#8070,.T.);
#10068 = PLANE('',#10069);
#10069 = AXIS2_PLACEMENT_3D('',#10070,#10071,#10072);
#10070 = CARTESIAN_POINT('',(19.030400276184,21.798299789429,
    18.049550056458));
#10071 = DIRECTION('',(0.466333386789,-0.466333386789,0.751708949482));
#10072 = DIRECTION('',(-2.775557561563E-17,0.849764027386,0.527163255321
    ));
#10073 = ADVANCED_FACE('',(#10074),#10090,.T.);
#10074 = FACE_BOUND('',#10075,.T.);
#10075 = EDGE_LOOP('',(#10076,#10082,#10083,#10089));
#10076 = ORIENTED_EDGE('',*,*,#10077,.T.);
#10077 = EDGE_CURVE('',#263,#1525,#10078,.T.);
#10078 = LINE('',#10079,#10080);
#10079 = CARTESIAN_POINT('',(19.919599533081,18.787799835205,
    18.318399429321));
#10080 = VECTOR('',#10081,1.);
#10081 = DIRECTION('',(0.707106781187,0.707106781187,0.));
#10082 = ORIENTED_EDGE('',*,*,#1533,.F.);
#10083 = ORIENTED_EDGE('',*,*,#10084,.T.);
#10084 = EDGE_CURVE('',#1502,#132,#10085,.T.);
#10085 = LINE('',#10086,#10087);
#10086 = CARTESIAN_POINT('',(21.924999237061,21.02499961853,
    18.131500244141));
#10087 = VECTOR('',#10088,1.);
#10088 = DIRECTION('',(-0.707106781187,-0.707106781187,0.));
#10089 = ORIENTED_EDGE('',*,*,#270,.T.);
#10090 = PLANE('',#10091);
#10091 = AXIS2_PLACEMENT_3D('',#10092,#10093,#10094);
#10092 = CARTESIAN_POINT('',(20.922299385071,19.906399726868,
    18.224949836731));
#10093 = DIRECTION('',(-0.531629303651,0.531629303651,0.659348592931));
#10094 = DIRECTION('',(0.778472709828,2.775557561563E-17,0.627678452755)
  );
#10095 = ADVANCED_FACE('',(#10096),#10102,.T.);
#10096 = FACE_BOUND('',#10097,.T.);
#10097 = EDGE_LOOP('',(#10098,#10099,#10100,#10101));
#10098 = ORIENTED_EDGE('',*,*,#2718,.F.);
#10099 = ORIENTED_EDGE('',*,*,#9013,.F.);
#10100 = ORIENTED_EDGE('',*,*,#7905,.T.);
#10101 = ORIENTED_EDGE('',*,*,#6909,.F.);
#10102 = PLANE('',#10103);
#10103 = AXIS2_PLACEMENT_3D('',#10104,#10105,#10106);
#10104 = CARTESIAN_POINT('',(18.599499702454,22.229199409485,
    19.10509967804));
#10105 = DIRECTION('',(0.693513044251,-0.693513044251,0.195139219295));
#10106 = DIRECTION('',(0.707106781187,0.707106781187,-1.387778780781E-17
    ));
#10107 = ADVANCED_FACE('',(#10108),#10114,.T.);
#10108 = FACE_BOUND('',#10109,.T.);
#10109 = EDGE_LOOP('',(#10110,#10111,#10112,#10113));
#10110 = ORIENTED_EDGE('',*,*,#1556,.F.);
#10111 = ORIENTED_EDGE('',*,*,#10077,.F.);
#10112 = ORIENTED_EDGE('',*,*,#316,.T.);
#10113 = ORIENTED_EDGE('',*,*,#1835,.F.);
#10114 = PLANE('',#10115);
#10115 = AXIS2_PLACEMENT_3D('',#10116,#10117,#10118);
#10116 = CARTESIAN_POINT('',(21.029049873352,19.799650192261,
    18.421699523926));
#10117 = DIRECTION('',(-0.587962269399,0.587962269399,0.555518442111));
#10118 = DIRECTION('',(0.707106781187,0.707106781187,5.551115123126E-17)
  );
#10119 = ADVANCED_FACE('',(#10120),#10126,.T.);
#10120 = FACE_BOUND('',#10121,.T.);
#10121 = EDGE_LOOP('',(#10122,#10123,#10124,#10125));
#10122 = ORIENTED_EDGE('',*,*,#1319,.F.);
#10123 = ORIENTED_EDGE('',*,*,#9958,.F.);
#10124 = ORIENTED_EDGE('',*,*,#8194,.T.);
#10125 = ORIENTED_EDGE('',*,*,#1662,.F.);
#10126 = PLANE('',#10127);
#10127 = AXIS2_PLACEMENT_3D('',#10128,#10129,#10130);
#10128 = CARTESIAN_POINT('',(20.922299385071,19.906399726868,
    20.725049972534));
#10129 = DIRECTION('',(-0.531631662271,0.531631662271,-0.659344789425));
#10130 = DIRECTION('',(-0.778469579858,0.,0.627682334653));
#10131 = ADVANCED_FACE('',(#10132),#10138,.T.);
#10132 = FACE_BOUND('',#10133,.T.);
#10133 = EDGE_LOOP('',(#10134,#10135,#10136,#10137));
#10134 = ORIENTED_EDGE('',*,*,#1388,.F.);
#10135 = ORIENTED_EDGE('',*,*,#9927,.F.);
#10136 = ORIENTED_EDGE('',*,*,#8332,.T.);
#10137 = ORIENTED_EDGE('',*,*,#10033,.F.);
#10138 = PLANE('',#10139);
#10139 = AXIS2_PLACEMENT_3D('',#10140,#10141,#10142);
#10140 = CARTESIAN_POINT('',(21.252099990845,19.576600074768,
    19.350999832153));
#10141 = DIRECTION('',(-0.705591118839,0.705591118839,6.543963654463E-02
    ));
#10142 = DIRECTION('',(0.707106781187,0.707106781187,0.));
#10143 = ADVANCED_FACE('',(#10144),#10150,.T.);
#10144 = FACE_BOUND('',#10145,.T.);
#10145 = EDGE_LOOP('',(#10146,#10147,#10148,#10149));
#10146 = ORIENTED_EDGE('',*,*,#10062,.F.);
#10147 = ORIENTED_EDGE('',*,*,#2810,.F.);
#10148 = ORIENTED_EDGE('',*,*,#9944,.F.);
#10149 = ORIENTED_EDGE('',*,*,#8031,.T.);
#10150 = PLANE('',#10151);
#10151 = AXIS2_PLACEMENT_3D('',#10152,#10153,#10154);
#10152 = CARTESIAN_POINT('',(18.906399726868,21.922299385071,
    18.224949836731));
#10153 = DIRECTION('',(0.531629303651,-0.531629303651,0.659348592931));
#10154 = DIRECTION('',(0.778472709828,-2.775557561563E-17,
    -0.627678452755));
#10155 = ADVANCED_FACE('',(#10156),#10162,.T.);
#10156 = FACE_BOUND('',#10157,.T.);
#10157 = EDGE_LOOP('',(#10158,#10159,#10160,#10161));
#10158 = ORIENTED_EDGE('',*,*,#7085,.F.);
#10159 = ORIENTED_EDGE('',*,*,#2625,.F.);
#10160 = ORIENTED_EDGE('',*,*,#10012,.F.);
#10161 = ORIENTED_EDGE('',*,*,#948,.T.);
#10162 = PLANE('',#10163);
#10163 = AXIS2_PLACEMENT_3D('',#10164,#10165,#10166);
#10164 = CARTESIAN_POINT('',(18.799650192261,22.029049873352,
    20.528299331665));
#10165 = DIRECTION('',(0.587962269399,-0.587962269399,-0.555518442111));
#10166 = DIRECTION('',(0.707106781187,0.707106781187,2.775557561563E-17)
  );
#10167 = ADVANCED_FACE('',(#10168),#10174,.T.);
#10168 = FACE_BOUND('',#10169,.T.);
#10169 = EDGE_LOOP('',(#10170,#10171,#10172,#10173));
#10170 = ORIENTED_EDGE('',*,*,#10084,.F.);
#10171 = ORIENTED_EDGE('',*,*,#1510,.F.);
#10172 = ORIENTED_EDGE('',*,*,#9992,.F.);
#10173 = ORIENTED_EDGE('',*,*,#139,.T.);
#10174 = PLANE('',#10175);
#10175 = AXIS2_PLACEMENT_3D('',#10176,#10177,#10178);
#10176 = CARTESIAN_POINT('',(20.798299789429,20.030400276184,
    18.049550056458));
#10177 = DIRECTION('',(-0.466333386789,0.466333386789,0.751708949482));
#10178 = DIRECTION('',(0.849764027386,0.,0.527163255321));
#10179 = ADVANCED_FACE('',(#10180),#10191,.T.);
#10180 = FACE_BOUND('',#10181,.T.);
#10181 = EDGE_LOOP('',(#10182,#10183,#10184,#10185));
#10182 = ORIENTED_EDGE('',*,*,#7331,.T.);
#10183 = ORIENTED_EDGE('',*,*,#9006,.F.);
#10184 = ORIENTED_EDGE('',*,*,#2533,.F.);
#10185 = ORIENTED_EDGE('',*,*,#10186,.T.);
#10186 = EDGE_CURVE('',#2526,#7278,#10187,.T.);
#10187 = LINE('',#10188,#10189);
#10188 = CARTESIAN_POINT('',(19.642999649048,23.306999206543,
    19.722999572754));
#10189 = VECTOR('',#10190,1.);
#10190 = DIRECTION('',(-0.707106781187,-0.707106781187,0.));
#10191 = PLANE('',#10192);
#10192 = AXIS2_PLACEMENT_3D('',#10193,#10194,#10195);
#10193 = CARTESIAN_POINT('',(18.576600074768,22.252099990845,
    19.598999977112));
#10194 = DIRECTION('',(0.7055910956,-0.7055910956,-6.544013768211E-02));
#10195 = DIRECTION('',(-0.707106781187,-0.707106781187,0.));
#10196 = ADVANCED_FACE('',(#10197),#10203,.T.);
#10197 = FACE_BOUND('',#10198,.T.);
#10198 = EDGE_LOOP('',(#10199,#10200,#10201,#10202));
#10199 = ORIENTED_EDGE('',*,*,#10186,.F.);
#10200 = ORIENTED_EDGE('',*,*,#2556,.F.);
#10201 = ORIENTED_EDGE('',*,*,#7113,.F.);
#10202 = ORIENTED_EDGE('',*,*,#7285,.T.);
#10203 = PLANE('',#10204);
#10204 = AXIS2_PLACEMENT_3D('',#10205,#10206,#10207);
#10205 = CARTESIAN_POINT('',(18.599499702454,22.229199409485,
    19.844900131226));
#10206 = DIRECTION('',(0.693513250854,-0.693513250854,-0.19513775078));
#10207 = DIRECTION('',(-0.707106781187,-0.707106781187,0.));
#10208 = ADVANCED_FACE('',(#10209),#10220,.T.);
#10209 = FACE_BOUND('',#10210,.T.);
#10210 = EDGE_LOOP('',(#10211,#10212,#10218,#10219));
#10211 = ORIENTED_EDGE('',*,*,#8709,.F.);
#10212 = ORIENTED_EDGE('',*,*,#10213,.T.);
#10213 = EDGE_CURVE('',#8464,#8978,#10214,.T.);
#10214 = LINE('',#10215,#10216);
#10215 = CARTESIAN_POINT('',(19.222900390625,19.48450088501,
    15.50920009613));
#10216 = VECTOR('',#10217,1.);
#10217 = DIRECTION('',(-0.705594778863,0.705594778863,
    -6.536066159209E-02));
#10218 = ORIENTED_EDGE('',*,*,#8975,.F.);
#10219 = ORIENTED_EDGE('',*,*,#9340,.F.);
#10220 = PLANE('',#10221);
#10221 = AXIS2_PLACEMENT_3D('',#10222,#10223,#10224);
#10222 = CARTESIAN_POINT('',(17.157295860677,17.804656515579,
    15.491333216134));
#10223 = DIRECTION('',(-4.621693809487E-02,4.621693268486E-02,
    0.997861708738));
#10224 = DIRECTION('',(0.998929137802,0.,4.626637711282E-02));
#10225 = ADVANCED_FACE('',(#10226),#10232,.T.);
#10226 = FACE_BOUND('',#10227,.T.);
#10227 = EDGE_LOOP('',(#10228,#10229,#10230,#10231));
#10228 = ORIENTED_EDGE('',*,*,#579,.T.);
#10229 = ORIENTED_EDGE('',*,*,#9310,.F.);
#10230 = ORIENTED_EDGE('',*,*,#603,.T.);
#10231 = ORIENTED_EDGE('',*,*,#8300,.T.);
#10232 = PLANE('',#10233);
#10233 = AXIS2_PLACEMENT_3D('',#10234,#10235,#10236);
#10234 = CARTESIAN_POINT('',(21.076411737525,16.541898456862,
    20.260049241434));
#10235 = DIRECTION('',(-0.693513621083,0.693513621083,-0.195135119196));
#10236 = DIRECTION('',(0.707106781187,0.707106781187,1.387778780781E-17)
  );
#10237 = ADVANCED_FACE('',(#10238),#10249,.T.);
#10238 = FACE_BOUND('',#10239,.T.);
#10239 = EDGE_LOOP('',(#10240,#10241,#10242,#10248));
#10240 = ORIENTED_EDGE('',*,*,#8909,.F.);
#10241 = ORIENTED_EDGE('',*,*,#8583,.T.);
#10242 = ORIENTED_EDGE('',*,*,#10243,.T.);
#10243 = EDGE_CURVE('',#8418,#9325,#10244,.T.);
#10244 = LINE('',#10245,#10246);
#10245 = CARTESIAN_POINT('',(20.267900466919,18.439500808716,
    16.010900497437));
#10246 = VECTOR('',#10247,1.);
#10247 = DIRECTION('',(-0.707106781187,-0.707106781187,0.));
#10248 = ORIENTED_EDGE('',*,*,#9324,.F.);
#10249 = PLANE('',#10250);
#10250 = AXIS2_PLACEMENT_3D('',#10251,#10252,#10253);
#10251 = CARTESIAN_POINT('',(19.242347827614,17.123755310768,
    16.148002106531));
#10252 = DIRECTION('',(-0.392833872695,0.392833872695,0.831482469405));
#10253 = DIRECTION('',(0.90416911821,-2.775557561563E-17,0.427174678177)
  );
#10254 = ADVANCED_FACE('',(#10255),#10261,.T.);
#10255 = FACE_BOUND('',#10256,.T.);
#10256 = EDGE_LOOP('',(#10257,#10258,#10259,#10260));
#10257 = ORIENTED_EDGE('',*,*,#10243,.F.);
#10258 = ORIENTED_EDGE('',*,*,#8615,.T.);
#10259 = ORIENTED_EDGE('',*,*,#8883,.F.);
#10260 = ORIENTED_EDGE('',*,*,#9332,.F.);
#10261 = PLANE('',#10262);
#10262 = AXIS2_PLACEMENT_3D('',#10263,#10264,#10265);
#10263 = CARTESIAN_POINT('',(18.758494702059,17.280008417875,
    15.888883851246));
#10264 = DIRECTION('',(-0.312744480664,0.312744480664,0.896873335332));
#10265 = DIRECTION('',(0.944238911907,0.,0.329261108));
#10266 = ADVANCED_FACE('',(#10267),#10273,.T.);
#10267 = FACE_BOUND('',#10268,.T.);
#10268 = EDGE_LOOP('',(#10269,#10270,#10271,#10272));
#10269 = ORIENTED_EDGE('',*,*,#1071,.F.);
#10270 = ORIENTED_EDGE('',*,*,#9559,.F.);
#10271 = ORIENTED_EDGE('',*,*,#832,.T.);
#10272 = ORIENTED_EDGE('',*,*,#8931,.F.);
#10273 = PLANE('',#10274);
#10274 = AXIS2_PLACEMENT_3D('',#10275,#10276,#10277);
#10275 = CARTESIAN_POINT('',(18.853650093079,19.853650093079,
    23.651949882507));
#10276 = DIRECTION('',(-0.707106781187,-0.707106781187,-0.));
#10277 = DIRECTION('',(-0.707106781187,0.707106781187,0.));
#10278 = ADVANCED_FACE('',(#10279),#10285,.T.);
#10279 = FACE_BOUND('',#10280,.T.);
#10280 = EDGE_LOOP('',(#10281,#10282,#10283,#10284));
#10281 = ORIENTED_EDGE('',*,*,#8631,.F.);
#10282 = ORIENTED_EDGE('',*,*,#8985,.F.);
#10283 = ORIENTED_EDGE('',*,*,#10213,.F.);
#10284 = ORIENTED_EDGE('',*,*,#8472,.F.);
#10285 = PLANE('',#10286);
#10286 = AXIS2_PLACEMENT_3D('',#10287,#10288,#10289);
#10287 = CARTESIAN_POINT('',(18.853700637817,19.853700637817,
    16.335089598723));
#10288 = DIRECTION('',(-0.707106781187,-0.707106781187,-0.));
#10289 = DIRECTION('',(-0.707106781187,0.707106781187,0.));
#10290 = ( GEOMETRIC_REPRESENTATION_CONTEXT(3) 
GLOBAL_UNCERTAINTY_ASSIGNED_CONTEXT((#10294)) 
GLOBAL_UNIT_ASSIGNED_CONTEXT((#10291,#10292,#10293)) 
REPRESENTATION_CONTEXT('Context #1',
  '3D Context with UNIT and UNCERTAINTY') );
#10291 = ( LENGTH_UNIT() NAMED_UNIT(*) SI_UNIT(.MILLI.,.METRE.) );
#10292 = ( NAMED_UNIT(*) PLANE_ANGLE_UNIT() SI_UNIT($,.RADIAN.) );
#10293 = ( NAMED_UNIT(*) SI_UNIT($,.STERADIAN.) SOLID_ANGLE_UNIT() );
#10294 = UNCERTAINTY_MEASURE_WITH_UNIT(LENGTH_MEASURE(1.E-07),#10291,
  'distance_accuracy_value','confusion accuracy');
#10295 = PRODUCT_RELATED_PRODUCT_CATEGORY('part',$,(#7));
ENDSEC;
END-ISO-10303-21;
