ISO-10303-21;
HEADER;
FILE_DESCRIPTION(('FreeCAD Model'),'2;1');
FILE_NAME('Open CASCADE Shape Model','2026-10-01T16:22:25',('FreeCAD'),(
    'FreeCAD'),'Open CASCADE STEP processor 7.9','FreeCAD','Unknown');
FILE_SCHEMA(('AUTOMOTIVE_DESIGN { 1 0 10303 214 1 1 1 1 }'));
ENDSEC;
DATA;
#1 = APPLICATION_PROTOCOL_DEFINITION('international standard',
  'automotive_design',2000,#2);
#2 = APPLICATION_CONTEXT(
  'core data for automotive mechanical design processes');
#3 = SHAPE_DEFINITION_REPRESENTATION(#4,#10);
#4 = PRODUCT_DEFINITION_SHAPE('','',#5);
#5 = PRODUCT_DEFINITION('design','',#6,#9);
#6 = PRODUCT_DEFINITION_FORMATION('','',#7);
#7 = PRODUCT('Open CASCADE STEP translator 7.9 1',
  'Open CASCADE STEP translator 7.9 1','',(#8));
#8 = PRODUCT_CONTEXT('',#2,'mechanical');
#9 = PRODUCT_DEFINITION_CONTEXT('part definition',#2,'design');
#10 = ADVANCED_BREP_SHAPE_REPRESENTATION('',(#11,#15),#18511);
#11 = AXIS2_PLACEMENT_3D('',#12,#13,#14);
#12 = CARTESIAN_POINT('',(0.,0.,0.));
#13 = DIRECTION('',(0.,0.,1.));
#14 = DIRECTION('',(1.,0.,-0.));
#15 = MANIFOLD_SOLID_BREP('',#16);
#16 = CLOSED_SHELL('',(#17,#49,#80,#112,#135,#158,#181,#204,#227,#250,
    #273,#296,#319,#342,#365,#388,#411,#434,#457,#489,#510,#526,#549,
    #572,#595,#618,#641,#1774,#1814,#4069,#4941,#4963,#4985,#5007,#5029,
    #5051,#5073,#5095,#5112,#5134,#5151,#5173,#5195,#5217,#5239,#5261,
    #5278,#5300,#5322,#5339,#5370,#5394,#5418,#5449,#5473,#5497,#5528,
    #5552,#5583,#5607,#5662,#5693,#5725,#5748,#5780,#5803,#5833,#5849,
    #5870,#5886,#5909,#5932,#5955,#5978,#6008,#6031,#6054,#6070,#6093,
    #6116,#6139,#6162,#6185,#6208,#6231,#6254,#6277,#6300,#6323,#6346,
    #6369,#6392,#6415,#6438,#6470,#6493,#6516,#6539,#6571,#6594,#6615,
    #6631,#6654,#6677,#6700,#6723,#6746,#6778,#6801,#6831,#6847,#6870,
    #6893,#6916,#6939,#6962,#6985,#7008,#7031,#7054,#7077,#7107,#7130,
    #7153,#7176,#7199,#7222,#7245,#7277,#7298,#7321,#7337,#7353,#7376,
    #7397,#7413,#7436,#7459,#7482,#7505,#7528,#7551,#7574,#7597,#7620,
    #7643,#7666,#7689,#7712,#7735,#7763,#7779,#7802,#7818,#7841,#7864,
    #7887,#7910,#7942,#7965,#7988,#8011,#8041,#8064,#8087,#8110,#8133,
    #8156,#8179,#8209,#8232,#8255,#8278,#8294,#8317,#8347,#8363,#8386,
    #8409,#8432,#8462,#8478,#8501,#8522,#8545,#8561,#8584,#8600,#8621,
    #8637,#8659,#8681,#8698,#8715,#8737,#8759,#8776,#8793,#8825,#8848,
    #8880,#8903,#8933,#8949,#8970,#8986,#9009,#9032,#9055,#9078,#9108,
    #9131,#9154,#9170,#9193,#9216,#9239,#9262,#9285,#9308,#9331,#9354,
    #9377,#9400,#9423,#9446,#9469,#9492,#9515,#9538,#9570,#9593,#9616,
    #9639,#9671,#9694,#9715,#9731,#9754,#9777,#9800,#9823,#9846,#9878,
    #9901,#9931,#9947,#9970,#9993,#10016,#10039,#10062,#10085,#10108,
    #10131,#10154,#10177,#10207,#10230,#10253,#10276,#10299,#10322,
    #10345,#10377,#10398,#10421,#10437,#10453,#10476,#10497,#10513,
    #10536,#10559,#10582,#10605,#10628,#10651,#10674,#10697,#10720,
    #10743,#10766,#10789,#10812,#10835,#10863,#10879,#10902,#10918,
    #10941,#10964,#10987,#11010,#11042,#11065,#11095,#11118,#11141,
    #11164,#11187,#11210,#11233,#11263,#11286,#11309,#11332,#11348,
    #11371,#11401,#11417,#11440,#11463,#11486,#11516,#11532,#11555,
    #11576,#11599,#11615,#11638,#11654,#11677,#11700,#11721,#11737,
    #11759,#11781,#11798,#11815,#11837,#11859,#11876,#11893,#11924,
    #11947,#11970,#11993,#12009,#12025,#12055,#12076,#12087,#12103,
    #12119,#12142,#12163,#12179,#12202,#12225,#12248,#12264,#12280,
    #12303,#12319,#12340,#12363,#12374,#12390,#12421,#12444,#12460,
    #12476,#12499,#12522,#12538,#12554,#12577,#12598,#12614,#12630,
    #12646,#12669,#12690,#12701,#12724,#12747,#12763,#12786,#12802,
    #12825,#12841,#12857,#12880,#12911,#12941,#12957,#12980,#12996,
    #13019,#13042,#13065,#13086,#13107,#13123,#13146,#13162,#13178,
    #13201,#13224,#13240,#13251,#13267,#13283,#13299,#13322,#13338,
    #13366,#13377,#13394,#13411,#13433,#13448,#13463,#13478,#13493,
    #13508,#13523,#13538,#13553,#13568,#13583,#13598,#13613,#13628,
    #13643,#13660,#13682,#13699,#13716,#13733,#13755,#13772,#13796,
    #13819,#13861,#13878,#13895,#13912,#13929,#13946,#13963,#13980,
    #14002,#14014,#14031,#14048,#14065,#14087,#14104,#14121,#14138,
    #14160,#14177,#14194,#14211,#14233,#14250,#14272,#14284,#14301,
    #14313,#14325,#14347,#14364,#14381,#14393,#14405,#14427,#14439,
    #14451,#14463,#14475,#14492,#14504,#14516,#14528,#14552,#14569,
    #14581,#14603,#14625,#14642,#14659,#14671,#14688,#14705,#14717,
    #14734,#14751,#14768,#14780,#14792,#14804,#14826,#14843,#14855,
    #14867,#14879,#14891,#14903,#14925,#14937,#14949,#14961,#14973,
    #14995,#15012,#15024,#15036,#15053,#15065,#15077,#15089,#15111,
    #15133,#15155,#15177,#15199,#15221,#15243,#15265,#15282,#15304,
    #15326,#15343,#15365,#15382,#15404,#15426,#15448,#15465,#15477,
    #15499,#15511,#15533,#15555,#15572,#15584,#15596,#15613,#15630,
    #15652,#15669,#15681,#15703,#15725,#15742,#15759,#15771,#15783,
    #15800,#15812,#15829,#15841,#15853,#15865,#15877,#15889,#15906,
    #15923,#15935,#15947,#15959,#15971,#15983,#15995,#16007,#16019,
    #16036,#16053,#16065,#16077,#16101,#16125,#16142,#16154,#16171,
    #16183,#16200,#16233,#16251,#16282,#16299,#16316,#16328,#16350,
    #16372,#16389,#16411,#16433,#16455,#16477,#16499,#16516,#16538,
    #16550,#16562,#16584,#16606,#16623,#16640,#16657,#16669,#16686,
    #16703,#16720,#16732,#16749,#16761,#16773,#16790,#16807,#16824,
    #16836,#16848,#16865,#16877,#16894,#16906,#16918,#16935,#16947,
    #16959,#16976,#16988,#17003,#17018,#17033,#17048,#17063,#17078,
    #17093,#17108,#17123,#17138,#17311,#17534,#17544,#17554,#17564,
    #17574,#17584,#17594,#17604,#17626,#17648,#17665,#17687,#17709,
    #17731,#17753,#17775,#17792,#17814,#17826,#17838,#17860,#17882,
    #17899,#17916,#17933,#17945,#17962,#17979,#17996,#18008,#18025,
    #18037,#18049,#18066,#18083,#18100,#18112,#18124,#18141,#18153,
    #18170,#18182,#18194,#18211,#18223,#18235,#18252,#18264,#18274,
    #18284,#18294,#18304,#18314,#18324,#18334,#18344,#18354,#18364,
    #18374,#18384,#18394,#18404,#18414,#18424,#18434,#18458,#18482,
    #18499));
#17 = ADVANCED_FACE('',(#18),#44,.T.);
#18 = FACE_BOUND('',#19,.T.);
#19 = EDGE_LOOP('',(#20,#30,#38));
#20 = ORIENTED_EDGE('',*,*,#21,.T.);
#21 = EDGE_CURVE('',#22,#24,#26,.T.);
#22 = VERTEX_POINT('',#23);
#23 = CARTESIAN_POINT('',(7.25,-1.600000023842,3.25));
#24 = VERTEX_POINT('',#25);
#25 = CARTESIAN_POINT('',(5.256130218506,-0.599999010563,0.));
#26 = LINE('',#27,#28);
#27 = CARTESIAN_POINT('',(7.25,-1.600000023842,3.25));
#28 = VECTOR('',#29,1.);
#29 = DIRECTION('',(-0.505823463563,0.253689574313,-0.824490281079));
#30 = ORIENTED_EDGE('',*,*,#31,.F.);
#31 = EDGE_CURVE('',#32,#24,#34,.T.);
#32 = VERTEX_POINT('',#33);
#33 = CARTESIAN_POINT('',(5.869629859924,-1.600000023842,1.));
#34 = LINE('',#35,#36);
#35 = CARTESIAN_POINT('',(5.869629859924,-1.600000023842,1.));
#36 = VECTOR('',#37,1.);
#37 = DIRECTION('',(-0.397975207945,0.648697381933,-0.648696724622));
#38 = ORIENTED_EDGE('',*,*,#39,.F.);
#39 = EDGE_CURVE('',#22,#32,#40,.T.);
#40 = LINE('',#41,#42);
#41 = CARTESIAN_POINT('',(7.25,-1.600000023842,3.25));
#42 = VECTOR('',#43,1.);
#43 = DIRECTION('',(-0.522930441794,0.,-0.852375359243));
#44 = PLANE('',#45);
#45 = AXIS2_PLACEMENT_3D('',#46,#47,#48);
#46 = CARTESIAN_POINT('',(6.221767258675,-1.262480376186,1.573984101938)
  );
#47 = DIRECTION('',(-0.852375359242,-1.535454476794E-06,0.522930441793)
  );
#48 = DIRECTION('',(-0.522930441794,-1.058791184068E-22,-0.852375359243)
  );
#49 = ADVANCED_FACE('',(#50),#75,.T.);
#50 = FACE_BOUND('',#51,.T.);
#51 = EDGE_LOOP('',(#52,#53,#61,#69));
#52 = ORIENTED_EDGE('',*,*,#31,.T.);
#53 = ORIENTED_EDGE('',*,*,#54,.T.);
#54 = EDGE_CURVE('',#24,#55,#57,.T.);
#55 = VERTEX_POINT('',#56);
#56 = CARTESIAN_POINT('',(23.97500038147,-0.599999010563,0.));
#57 = LINE('',#58,#59);
#58 = CARTESIAN_POINT('',(5.256130218506,-0.599999010563,0.));
#59 = VECTOR('',#60,1.);
#60 = DIRECTION('',(1.,0.,0.));
#61 = ORIENTED_EDGE('',*,*,#62,.T.);
#62 = EDGE_CURVE('',#55,#63,#65,.T.);
#63 = VERTEX_POINT('',#64);
#64 = CARTESIAN_POINT('',(23.97500038147,-1.600000023842,1.));
#65 = LINE('',#66,#67);
#66 = CARTESIAN_POINT('',(23.97500038147,-0.599999010563,0.));
#67 = VECTOR('',#68,1.);
#68 = DIRECTION('',(0.,-0.707107139434,0.707106422938));
#69 = ORIENTED_EDGE('',*,*,#70,.F.);
#70 = EDGE_CURVE('',#32,#63,#71,.T.);
#71 = LINE('',#72,#73);
#72 = CARTESIAN_POINT('',(5.869629859924,-1.600000023842,1.));
#73 = VECTOR('',#74,1.);
#74 = DIRECTION('',(1.,0.,0.));
#75 = PLANE('',#76);
#76 = AXIS2_PLACEMENT_3D('',#77,#78,#79);
#77 = CARTESIAN_POINT('',(14.737105677251,-1.092288353938,0.492288844549
    ));
#78 = DIRECTION('',(-0.,-0.707106422938,-0.707107139434));
#79 = DIRECTION('',(0.,-0.707107139434,0.707106422938));
#80 = ADVANCED_FACE('',(#81),#107,.T.);
#81 = FACE_BOUND('',#82,.T.);
#82 = EDGE_LOOP('',(#83,#93,#101));
#83 = ORIENTED_EDGE('',*,*,#84,.F.);
#84 = EDGE_CURVE('',#85,#87,#89,.T.);
#85 = VERTEX_POINT('',#86);
#86 = CARTESIAN_POINT('',(-27.97500038147,33.349998474121,1.));
#87 = VERTEX_POINT('',#88);
#88 = CARTESIAN_POINT('',(-26.97500038147,33.349998474121,0.));
#89 = LINE('',#90,#91);
#90 = CARTESIAN_POINT('',(-27.97500038147,33.349998474121,1.));
#91 = VECTOR('',#92,1.);
#92 = DIRECTION('',(0.707106781187,0.,-0.707106781187));
#93 = ORIENTED_EDGE('',*,*,#94,.T.);
#94 = EDGE_CURVE('',#85,#95,#97,.T.);
#95 = VERTEX_POINT('',#96);
#96 = CARTESIAN_POINT('',(-27.94079971313,33.872100830078,1.));
#97 = LINE('',#98,#99);
#98 = CARTESIAN_POINT('',(-27.97500038147,33.349998474121,1.));
#99 = VECTOR('',#100,1.);
#100 = DIRECTION('',(6.536558554883E-02,0.997861383272,0.));
#101 = ORIENTED_EDGE('',*,*,#102,.T.);
#102 = EDGE_CURVE('',#95,#87,#103,.T.);
#103 = LINE('',#104,#105);
#104 = CARTESIAN_POINT('',(-27.94079971313,33.872100830078,1.));
#105 = VECTOR('',#106,1.);
#106 = DIRECTION('',(0.650350129111,-0.351573379141,-0.673380181357));
#107 = PLANE('',#108);
#108 = AXIS2_PLACEMENT_3D('',#109,#110,#111);
#109 = CARTESIAN_POINT('',(-27.54140504391,33.503179888702,
    0.576438914725));
#110 = DIRECTION('',(-0.706349451913,4.626989910664E-02,-0.706349451913)
  );
#111 = DIRECTION('',(-0.707106781187,0.,0.707106781187));
#112 = ADVANCED_FACE('',(#113),#130,.T.);
#113 = FACE_BOUND('',#114,.T.);
#114 = EDGE_LOOP('',(#115,#116,#124));
#115 = ORIENTED_EDGE('',*,*,#102,.F.);
#116 = ORIENTED_EDGE('',*,*,#117,.T.);
#117 = EDGE_CURVE('',#95,#118,#120,.T.);
#118 = VERTEX_POINT('',#119);
#119 = CARTESIAN_POINT('',(-26.94930076599,33.741600036621,0.));
#120 = LINE('',#121,#122);
#121 = CARTESIAN_POINT('',(-27.94079971313,33.872100830078,1.));
#122 = VECTOR('',#123,1.);
#123 = DIRECTION('',(0.701077993796,-9.22756748549E-02,-0.707088994714)
  );
#124 = ORIENTED_EDGE('',*,*,#125,.T.);
#125 = EDGE_CURVE('',#118,#87,#126,.T.);
#126 = LINE('',#127,#128);
#127 = CARTESIAN_POINT('',(-26.94930076599,33.741600036621,0.));
#128 = VECTOR('',#129,1.);
#129 = DIRECTION('',(-6.548607889218E-02,-0.997853482968,0.));
#130 = PLANE('',#131);
#131 = AXIS2_PLACEMENT_3D('',#132,#133,#134);
#132 = CARTESIAN_POINT('',(-27.3932756169,33.687393498768,0.440389557573
    ));
#133 = DIRECTION('',(-0.706324336635,4.635391069117E-02,-0.706369058241)
  );
#134 = DIRECTION('',(-0.707129165697,-3.469446951954E-18,0.707084395968)
  );
#135 = ADVANCED_FACE('',(#136),#153,.T.);
#136 = FACE_BOUND('',#137,.T.);
#137 = EDGE_LOOP('',(#138,#139,#147));
#138 = ORIENTED_EDGE('',*,*,#117,.F.);
#139 = ORIENTED_EDGE('',*,*,#140,.F.);
#140 = EDGE_CURVE('',#141,#95,#143,.T.);
#141 = VERTEX_POINT('',#142);
#142 = CARTESIAN_POINT('',(-26.87280082702,34.126499176025,0.));
#143 = LINE('',#144,#145);
#144 = CARTESIAN_POINT('',(-26.87280082702,34.126499176025,0.));
#145 = VECTOR('',#146,1.);
#146 = DIRECTION('',(-0.719172394637,-0.171307545379,0.6733830943));
#147 = ORIENTED_EDGE('',*,*,#148,.F.);
#148 = EDGE_CURVE('',#118,#141,#149,.T.);
#149 = LINE('',#150,#151);
#150 = CARTESIAN_POINT('',(-26.94930076599,33.741600036621,0.));
#151 = VECTOR('',#152,1.);
#152 = DIRECTION('',(0.194940155846,0.980815138361,0.));
#153 = PLANE('',#154);
#154 = AXIS2_PLACEMENT_3D('',#155,#156,#157);
#155 = CARTESIAN_POINT('',(-27.36413227946,33.90883723716,0.440391600221
    ));
#156 = DIRECTION('',(-0.694263726519,0.137987143298,-0.706369185571));
#157 = DIRECTION('',(-0.713191561674,0.,0.7009691836));
#158 = ADVANCED_FACE('',(#159),#176,.T.);
#159 = FACE_BOUND('',#160,.T.);
#160 = EDGE_LOOP('',(#161,#162,#170));
#161 = ORIENTED_EDGE('',*,*,#140,.T.);
#162 = ORIENTED_EDGE('',*,*,#163,.T.);
#163 = EDGE_CURVE('',#95,#164,#166,.T.);
#164 = VERTEX_POINT('',#165);
#165 = CARTESIAN_POINT('',(-27.83869934082,34.385299682617,1.));
#166 = LINE('',#167,#168);
#167 = CARTESIAN_POINT('',(-27.94079971313,33.872100830078,1.));
#168 = VECTOR('',#169,1.);
#169 = DIRECTION('',(0.195124834768,0.980778414759,0.));
#170 = ORIENTED_EDGE('',*,*,#171,.T.);
#171 = EDGE_CURVE('',#164,#141,#172,.T.);
#172 = LINE('',#173,#174);
#173 = CARTESIAN_POINT('',(-27.83869934082,34.385299682617,1.));
#174 = VECTOR('',#175,1.);
#175 = DIRECTION('',(0.683004036959,-0.183002446163,-0.707117805034));
#176 = PLANE('',#177);
#177 = AXIS2_PLACEMENT_3D('',#178,#179,#180);
#178 = CARTESIAN_POINT('',(-27.4595431102,34.125112104923,0.576443925406
    ));
#179 = DIRECTION('',(-0.69426765514,0.138123820279,-0.706338610935));
#180 = DIRECTION('',(-0.713174409961,-1.387778780781E-17,0.700986633951)
  );
#181 = ADVANCED_FACE('',(#182),#199,.T.);
#182 = FACE_BOUND('',#183,.T.);
#183 = EDGE_LOOP('',(#184,#185,#193));
#184 = ORIENTED_EDGE('',*,*,#171,.F.);
#185 = ORIENTED_EDGE('',*,*,#186,.T.);
#186 = EDGE_CURVE('',#164,#187,#189,.T.);
#187 = VERTEX_POINT('',#188);
#188 = CARTESIAN_POINT('',(-27.67049980163,34.880699157715,1.));
#189 = LINE('',#190,#191);
#190 = CARTESIAN_POINT('',(-27.83869934082,34.385299682617,1.));
#191 = VECTOR('',#192,1.);
#192 = DIRECTION('',(0.321497870656,0.94691030154,0.));
#193 = ORIENTED_EDGE('',*,*,#194,.F.);
#194 = EDGE_CURVE('',#141,#187,#195,.T.);
#195 = LINE('',#196,#197);
#196 = CARTESIAN_POINT('',(-26.87280082702,34.126499176025,0.));
#197 = VECTOR('',#198,1.);
#198 = DIRECTION('',(-0.537181225293,0.507888418032,0.67341345845));
#199 = PLANE('',#200);
#200 = AXIS2_PLACEMENT_3D('',#201,#202,#203);
#201 = CARTESIAN_POINT('',(-27.38023105529,34.421025226161,
    0.576435270689));
#202 = DIRECTION('',(-0.670295893271,0.227580903963,-0.706335860349));
#203 = DIRECTION('',(-0.725370171615,1.387778780781E-17,0.688359000908)
  );
#204 = ADVANCED_FACE('',(#205),#222,.T.);
#205 = FACE_BOUND('',#206,.T.);
#206 = EDGE_LOOP('',(#207,#208,#216));
#207 = ORIENTED_EDGE('',*,*,#194,.T.);
#208 = ORIENTED_EDGE('',*,*,#209,.T.);
#209 = EDGE_CURVE('',#187,#210,#212,.T.);
#210 = VERTEX_POINT('',#211);
#211 = CARTESIAN_POINT('',(-26.74659919738,34.498001098633,0.));
#212 = LINE('',#213,#214);
#213 = CARTESIAN_POINT('',(-27.67049980163,34.880699157715,1.));
#214 = VECTOR('',#215,1.);
#215 = DIRECTION('',(0.653288194967,-0.270605001323,-0.707097919369));
#216 = ORIENTED_EDGE('',*,*,#217,.T.);
#217 = EDGE_CURVE('',#210,#141,#218,.T.);
#218 = LINE('',#219,#220);
#219 = CARTESIAN_POINT('',(-26.74659919738,34.498001098633,0.));
#220 = VECTOR('',#221,1.);
#221 = DIRECTION('',(-0.321653642987,-0.946857398954,0.));
#222 = PLANE('',#223);
#223 = AXIS2_PLACEMENT_3D('',#224,#225,#226);
#224 = CARTESIAN_POINT('',(-27.18947442003,34.560599126645,
    0.440400132995));
#225 = DIRECTION('',(-0.670233215703,0.227682601118,-0.70636256251));
#226 = DIRECTION('',(-0.725415303834,1.387778780781E-17,0.688311438932)
  );
#227 = ADVANCED_FACE('',(#228),#245,.T.);
#228 = FACE_BOUND('',#229,.T.);
#229 = EDGE_LOOP('',(#230,#231,#239));
#230 = ORIENTED_EDGE('',*,*,#209,.F.);
#231 = ORIENTED_EDGE('',*,*,#232,.T.);
#232 = EDGE_CURVE('',#187,#233,#235,.T.);
#233 = VERTEX_POINT('',#234);
#234 = CARTESIAN_POINT('',(-26.57309913635,34.849998474121,0.));
#235 = LINE('',#236,#237);
#236 = CARTESIAN_POINT('',(-27.67049980163,34.880699157715,1.));
#237 = VECTOR('',#238,1.);
#238 = DIRECTION('',(0.738989383198,-2.067383404296E-02,-0.673399795149)
  );
#239 = ORIENTED_EDGE('',*,*,#240,.T.);
#240 = EDGE_CURVE('',#233,#210,#241,.T.);
#241 = LINE('',#242,#243);
#242 = CARTESIAN_POINT('',(-26.57309913635,34.849998474121,0.));
#243 = VECTOR('',#244,1.);
#244 = DIRECTION('',(-0.442112744478,-0.896959486917,0.));
#245 = PLANE('',#246);
#246 = AXIS2_PLACEMENT_3D('',#247,#248,#249);
#247 = CARTESIAN_POINT('',(-27.10399682314,34.766920058942,
    0.440389785776));
#248 = DIRECTION('',(-0.634913363606,0.312949797381,-0.706362120328));
#249 = DIRECTION('',(-0.743719391467,0.,0.668491934698));
#250 = ADVANCED_FACE('',(#251),#268,.T.);
#251 = FACE_BOUND('',#252,.T.);
#252 = EDGE_LOOP('',(#253,#254,#262));
#253 = ORIENTED_EDGE('',*,*,#232,.F.);
#254 = ORIENTED_EDGE('',*,*,#255,.F.);
#255 = EDGE_CURVE('',#256,#187,#258,.T.);
#256 = VERTEX_POINT('',#257);
#257 = CARTESIAN_POINT('',(-27.4391002655,35.349998474121,1.));
#258 = LINE('',#259,#260);
#259 = CARTESIAN_POINT('',(-27.4391002655,35.349998474121,1.));
#260 = VECTOR('',#261,1.);
#261 = DIRECTION('',(-0.442237536001,-0.896897966188,0.));
#262 = ORIENTED_EDGE('',*,*,#263,.F.);
#263 = EDGE_CURVE('',#233,#256,#264,.T.);
#264 = LINE('',#265,#266);
#265 = CARTESIAN_POINT('',(-26.57309913635,34.849998474121,0.));
#266 = VECTOR('',#267,1.);
#267 = DIRECTION('',(-0.612361707553,0.353557106879,0.707114213758));
#268 = PLANE('',#269);
#269 = AXIS2_PLACEMENT_3D('',#270,#271,#272);
#270 = CARTESIAN_POINT('',(-27.14019094184,35.000530726398,
    0.576443410405));
#271 = DIRECTION('',(-0.634890031189,0.313048098679,-0.706339533235));
#272 = DIRECTION('',(-0.743720977624,2.775557561563E-17,0.668490170041)
  );
#273 = ADVANCED_FACE('',(#274),#291,.T.);
#274 = FACE_BOUND('',#275,.T.);
#275 = EDGE_LOOP('',(#276,#277,#285));
#276 = ORIENTED_EDGE('',*,*,#263,.T.);
#277 = ORIENTED_EDGE('',*,*,#278,.T.);
#278 = EDGE_CURVE('',#256,#279,#281,.T.);
#279 = VERTEX_POINT('',#280);
#280 = CARTESIAN_POINT('',(-27.14839935302,35.784999847412,1.));
#281 = LINE('',#282,#283);
#282 = CARTESIAN_POINT('',(-27.4391002655,35.349998474121,1.));
#283 = VECTOR('',#284,1.);
#284 = DIRECTION('',(0.555626109625,0.831432274033,0.));
#285 = ORIENTED_EDGE('',*,*,#286,.T.);
#286 = EDGE_CURVE('',#279,#233,#287,.T.);
#287 = LINE('',#288,#289);
#288 = CARTESIAN_POINT('',(-27.14839935302,35.784999847412,1.));
#289 = VECTOR('',#290,1.);
#290 = DIRECTION('',(0.387409933116,-0.629634422153,-0.673404810024));
#291 = PLANE('',#292);
#292 = AXIS2_PLACEMENT_3D('',#293,#294,#295);
#293 = CARTESIAN_POINT('',(-26.98700572099,35.265842085386,
    0.576437226192));
#294 = DIRECTION('',(-0.588548350597,0.393312649245,-0.706339860799));
#295 = DIRECTION('',(-0.76825775958,-2.775557561563E-17,0.640140621149)
  );
#296 = ADVANCED_FACE('',(#297),#314,.T.);
#297 = FACE_BOUND('',#298,.T.);
#298 = EDGE_LOOP('',(#299,#300,#308));
#299 = ORIENTED_EDGE('',*,*,#286,.F.);
#300 = ORIENTED_EDGE('',*,*,#301,.F.);
#301 = EDGE_CURVE('',#302,#279,#304,.T.);
#302 = VERTEX_POINT('',#303);
#303 = CARTESIAN_POINT('',(-26.35510063171,35.176300048828,0.));
#304 = LINE('',#305,#306);
#305 = CARTESIAN_POINT('',(-26.35510063171,35.176300048828,0.));
#306 = VECTOR('',#307,1.);
#307 = DIRECTION('',(-0.560969582155,0.430433155248,0.707135366645));
#308 = ORIENTED_EDGE('',*,*,#309,.T.);
#309 = EDGE_CURVE('',#302,#233,#310,.T.);
#310 = LINE('',#311,#312);
#311 = CARTESIAN_POINT('',(-26.35510063171,35.176300048828,0.));
#312 = VECTOR('',#313,1.);
#313 = DIRECTION('',(-0.555518724243,-0.831504027059,0.));
#314 = PLANE('',#315);
#315 = AXIS2_PLACEMENT_3D('',#316,#317,#318);
#316 = CARTESIAN_POINT('',(-26.76663112042,35.351308774297,
    0.440389653948));
#317 = DIRECTION('',(-0.588616543573,0.393248259435,-0.706318887672));
#318 = DIRECTION('',(-0.768211934559,0.,0.640195613545));
#319 = ADVANCED_FACE('',(#320),#337,.T.);
#320 = FACE_BOUND('',#321,.T.);
#321 = EDGE_LOOP('',(#322,#323,#331));
#322 = ORIENTED_EDGE('',*,*,#301,.T.);
#323 = ORIENTED_EDGE('',*,*,#324,.F.);
#324 = EDGE_CURVE('',#325,#279,#327,.T.);
#325 = VERTEX_POINT('',#326);
#326 = CARTESIAN_POINT('',(-26.09630012512,35.471298217773,0.));
#327 = LINE('',#328,#329);
#328 = CARTESIAN_POINT('',(-26.09630012512,35.471298217773,0.));
#329 = VECTOR('',#330,1.);
#330 = DIRECTION('',(-0.708468827885,0.211242266852,0.673385940312));
#331 = ORIENTED_EDGE('',*,*,#332,.T.);
#332 = EDGE_CURVE('',#325,#302,#333,.T.);
#333 = LINE('',#334,#335);
#334 = CARTESIAN_POINT('',(-26.09630012512,35.471298217773,0.));
#335 = VECTOR('',#336,1.);
#336 = DIRECTION('',(-0.659481283891,-0.751720982944,0.));
#337 = PLANE('',#338);
#338 = AXIS2_PLACEMENT_3D('',#339,#340,#341);
#339 = CARTESIAN_POINT('',(-26.63065414014,35.528495063355,
    0.440389460394));
#340 = DIRECTION('',(-0.532141228361,0.466844997616,-0.706315412036));
#341 = DIRECTION('',(-0.798692905115,0.,0.601738849767));
#342 = ADVANCED_FACE('',(#343),#360,.T.);
#343 = FACE_BOUND('',#344,.T.);
#344 = EDGE_LOOP('',(#345,#346,#354));
#345 = ORIENTED_EDGE('',*,*,#324,.T.);
#346 = ORIENTED_EDGE('',*,*,#347,.F.);
#347 = EDGE_CURVE('',#348,#279,#350,.T.);
#348 = VERTEX_POINT('',#349);
#349 = CARTESIAN_POINT('',(-26.80340003967,36.178398132324,1.));
#350 = LINE('',#351,#352);
#351 = CARTESIAN_POINT('',(-26.80340003967,36.178398132324,1.));
#352 = VECTOR('',#353,1.);
#353 = DIRECTION('',(-0.659343953638,-0.751841439933,0.));
#354 = ORIENTED_EDGE('',*,*,#355,.T.);
#355 = EDGE_CURVE('',#348,#325,#356,.T.);
#356 = LINE('',#357,#358);
#357 = CARTESIAN_POINT('',(-26.80340003967,36.178398132324,1.));
#358 = VECTOR('',#359,1.);
#359 = DIRECTION('',(0.49999757226,-0.49999757226,-0.707110214513));
#360 = PLANE('',#361);
#361 = AXIS2_PLACEMENT_3D('',#362,#363,#364);
#362 = CARTESIAN_POINT('',(-26.6051235313,35.763479617,0.576442447981));
#363 = DIRECTION('',(-0.532204239153,0.466728260173,-0.706345084915));
#364 = DIRECTION('',(-0.798670811617,-2.775557561563E-17,0.601768173528)
  );
#365 = ADVANCED_FACE('',(#366),#383,.T.);
#366 = FACE_BOUND('',#367,.T.);
#367 = EDGE_LOOP('',(#368,#369,#377));
#368 = ORIENTED_EDGE('',*,*,#355,.F.);
#369 = ORIENTED_EDGE('',*,*,#370,.F.);
#370 = EDGE_CURVE('',#371,#348,#373,.T.);
#371 = VERTEX_POINT('',#372);
#372 = CARTESIAN_POINT('',(-26.40999984741,36.523399353027,1.));
#373 = LINE('',#374,#375);
#374 = CARTESIAN_POINT('',(-26.40999984741,36.523399353027,1.));
#375 = VECTOR('',#376,1.);
#376 = DIRECTION('',(-0.751841217621,-0.659344207138,0.));
#377 = ORIENTED_EDGE('',*,*,#378,.F.);
#378 = EDGE_CURVE('',#325,#371,#379,.T.);
#379 = LINE('',#380,#381);
#380 = CARTESIAN_POINT('',(-26.09630012512,35.471298217773,0.));
#381 = VECTOR('',#382,1.);
#382 = DIRECTION('',(-0.211240847565,0.708469659817,0.673385510268));
#383 = PLANE('',#384);
#384 = AXIS2_PLACEMENT_3D('',#385,#386,#387);
#385 = CARTESIAN_POINT('',(-26.38848109886,35.980122479936,
    0.576442759906));
#386 = DIRECTION('',(-0.466728434471,0.532204075917,-0.706345092737));
#387 = DIRECTION('',(-2.775557561563E-17,-0.798670903528,-0.601768051543
    ));
#388 = ADVANCED_FACE('',(#389),#406,.T.);
#389 = FACE_BOUND('',#390,.T.);
#390 = EDGE_LOOP('',(#391,#392,#400));
#391 = ORIENTED_EDGE('',*,*,#378,.T.);
#392 = ORIENTED_EDGE('',*,*,#393,.T.);
#393 = EDGE_CURVE('',#371,#394,#396,.T.);
#394 = VERTEX_POINT('',#395);
#395 = CARTESIAN_POINT('',(-25.80130004882,35.730098724365,0.));
#396 = LINE('',#397,#398);
#397 = CARTESIAN_POINT('',(-26.40999984741,36.523399353027,1.));
#398 = VECTOR('',#399,1.);
#399 = DIRECTION('',(0.430432829578,-0.560970506472,-0.707134831619));
#400 = ORIENTED_EDGE('',*,*,#401,.T.);
#401 = EDGE_CURVE('',#394,#325,#402,.T.);
#402 = LINE('',#403,#404);
#403 = CARTESIAN_POINT('',(-25.80130004882,35.730098724365,0.));
#404 = VECTOR('',#405,1.);
#405 = DIRECTION('',(-0.751723096773,-0.659478874398,0.));
#406 = PLANE('',#407);
#407 = AXIS2_PLACEMENT_3D('',#408,#409,#410);
#408 = CARTESIAN_POINT('',(-26.1534955313,36.005652933352,0.440389305117
    ));
#409 = DIRECTION('',(-0.46684290819,0.532142287305,-0.706315995242));
#410 = DIRECTION('',(0.,-0.798692568412,-0.601739296676));
#411 = ADVANCED_FACE('',(#412),#429,.T.);
#412 = FACE_BOUND('',#413,.T.);
#413 = EDGE_LOOP('',(#414,#415,#423));
#414 = ORIENTED_EDGE('',*,*,#393,.F.);
#415 = ORIENTED_EDGE('',*,*,#416,.T.);
#416 = EDGE_CURVE('',#371,#417,#419,.T.);
#417 = VERTEX_POINT('',#418);
#418 = CARTESIAN_POINT('',(-25.47500038147,35.948101043701,0.));
#419 = LINE('',#420,#421);
#420 = CARTESIAN_POINT('',(-26.40999984741,36.523399353027,1.));
#421 = VECTOR('',#422,1.);
#422 = DIRECTION('',(0.629633960232,-0.387409154775,-0.6734056897));
#423 = ORIENTED_EDGE('',*,*,#424,.T.);
#424 = EDGE_CURVE('',#417,#394,#425,.T.);
#425 = LINE('',#426,#427);
#426 = CARTESIAN_POINT('',(-25.47500038147,35.948101043701,0.));
#427 = VECTOR('',#428,1.);
#428 = DIRECTION('',(-0.831498036856,-0.555527690314,0.));
#429 = PLANE('',#430);
#430 = AXIS2_PLACEMENT_3D('',#431,#432,#433);
#431 = CARTESIAN_POINT('',(-25.97630932543,36.141631031641,
    0.440389566857));
#432 = DIRECTION('',(-0.393254155875,0.588611628721,-0.706319700576));
#433 = DIRECTION('',(2.775557561563E-17,-0.768214925885,-0.640192024043)
  );
#434 = ADVANCED_FACE('',(#435),#452,.T.);
#435 = FACE_BOUND('',#436,.T.);
#436 = EDGE_LOOP('',(#437,#438,#446));
#437 = ORIENTED_EDGE('',*,*,#416,.F.);
#438 = ORIENTED_EDGE('',*,*,#439,.T.);
#439 = EDGE_CURVE('',#371,#440,#442,.T.);
#440 = VERTEX_POINT('',#441);
#441 = CARTESIAN_POINT('',(-25.97500038147,36.814098358154,1.));
#442 = LINE('',#443,#444);
#443 = CARTESIAN_POINT('',(-26.40999984741,36.523399353027,1.));
#444 = VECTOR('',#445,1.);
#445 = DIRECTION('',(0.831432832702,0.555625273638,0.));
#446 = ORIENTED_EDGE('',*,*,#447,.F.);
#447 = EDGE_CURVE('',#417,#440,#448,.T.);
#448 = LINE('',#449,#450);
#449 = CARTESIAN_POINT('',(-25.47500038147,35.948101043701,0.));
#450 = VECTOR('',#451,1.);
#451 = DIRECTION('',(-0.353557690885,0.612360021621,0.70711538177));
#452 = PLANE('',#453);
#453 = AXIS2_PLACEMENT_3D('',#454,#455,#456);
#454 = CARTESIAN_POINT('',(-25.89084328386,36.362005810411,
    0.576436994263));
#455 = DIRECTION('',(-0.393312668256,0.588549660034,-0.70633875914));
#456 = DIRECTION('',(2.775557561563E-17,-0.768256568145,-0.640142051034)
  );
#457 = ADVANCED_FACE('',(#458),#484,.T.);
#458 = FACE_BOUND('',#459,.T.);
#459 = EDGE_LOOP('',(#460,#470,#478));
#460 = ORIENTED_EDGE('',*,*,#461,.T.);
#461 = EDGE_CURVE('',#462,#464,#466,.T.);
#462 = VERTEX_POINT('',#463);
#463 = CARTESIAN_POINT('',(-25.12299919128,36.121601104736,0.));
#464 = VERTEX_POINT('',#465);
#465 = CARTESIAN_POINT('',(-25.50569915771,37.045501708984,1.));
#466 = LINE('',#467,#468);
#467 = CARTESIAN_POINT('',(-25.12299919128,36.121601104736,0.));
#468 = VECTOR('',#469,1.);
#469 = DIRECTION('',(-0.270606251245,0.653287956543,0.707097661306));
#470 = ORIENTED_EDGE('',*,*,#471,.T.);
#471 = EDGE_CURVE('',#464,#472,#474,.T.);
#472 = VERTEX_POINT('',#473);
#473 = CARTESIAN_POINT('',(-24.75149917602,36.247798919678,0.));
#474 = LINE('',#475,#476);
#475 = CARTESIAN_POINT('',(-25.50569915771,37.045501708984,1.));
#476 = VECTOR('',#477,1.);
#477 = DIRECTION('',(0.507887717172,-0.537183052876,-0.673412529174));
#478 = ORIENTED_EDGE('',*,*,#479,.T.);
#479 = EDGE_CURVE('',#472,#462,#480,.T.);
#480 = LINE('',#481,#482);
#481 = CARTESIAN_POINT('',(-24.75149917602,36.247798919678,0.));
#482 = VECTOR('',#483,1.);
#483 = DIRECTION('',(-0.946859857113,-0.321646406771,0.));
#484 = PLANE('',#485);
#485 = AXIS2_PLACEMENT_3D('',#486,#487,#488);
#486 = CARTESIAN_POINT('',(-25.18559881676,36.564475643627,
    0.440400585249));
#487 = DIRECTION('',(-0.227677465836,0.670234917073,-0.706362603404));
#488 = DIRECTION('',(1.387778780781E-17,-0.725414451303,-0.688312337417)
  );
#489 = ADVANCED_FACE('',(#490),#505,.T.);
#490 = FACE_BOUND('',#491,.T.);
#491 = EDGE_LOOP('',(#492,#498,#499));
#492 = ORIENTED_EDGE('',*,*,#493,.T.);
#493 = EDGE_CURVE('',#417,#464,#494,.T.);
#494 = LINE('',#495,#496);
#495 = CARTESIAN_POINT('',(-25.47500038147,35.948101043701,0.));
#496 = VECTOR('',#497,1.);
#497 = DIRECTION('',(-2.06725501837E-02,0.73898940282,0.67339981303));
#498 = ORIENTED_EDGE('',*,*,#461,.F.);
#499 = ORIENTED_EDGE('',*,*,#500,.T.);
#500 = EDGE_CURVE('',#462,#417,#501,.T.);
#501 = LINE('',#502,#503);
#502 = CARTESIAN_POINT('',(-25.12299919128,36.121601104736,0.));
#503 = VECTOR('',#504,1.);
#504 = DIRECTION('',(-0.896961386918,-0.44210888973,0.));
#505 = PLANE('',#506);
#506 = AXIS2_PLACEMENT_3D('',#507,#508,#509);
#507 = CARTESIAN_POINT('',(-25.39191996951,36.478998284986,
    0.440389336632));
#508 = DIRECTION('',(-0.312946893003,0.634914351872,-0.706362518787));
#509 = DIRECTION('',(-2.775557561563E-17,-0.743719061627,-0.668492301656
    ));
#510 = ADVANCED_FACE('',(#511),#521,.T.);
#511 = FACE_BOUND('',#512,.T.);
#512 = EDGE_LOOP('',(#513,#514,#520));
#513 = ORIENTED_EDGE('',*,*,#447,.T.);
#514 = ORIENTED_EDGE('',*,*,#515,.T.);
#515 = EDGE_CURVE('',#440,#464,#516,.T.);
#516 = LINE('',#517,#518);
#517 = CARTESIAN_POINT('',(-25.97500038147,36.814098358154,1.));
#518 = VECTOR('',#519,1.);
#519 = DIRECTION('',(0.89689578741,0.442241954733,0.));
#520 = ORIENTED_EDGE('',*,*,#493,.F.);
#521 = PLANE('',#522);
#522 = AXIS2_PLACEMENT_3D('',#523,#524,#525);
#523 = CARTESIAN_POINT('',(-25.62553212179,36.515192272792,
    0.576443883956));
#524 = DIRECTION('',(-0.313051711629,0.634889472599,-0.706338434059));
#525 = DIRECTION('',(2.775557561563E-17,-0.743720752841,-0.668490420121)
  );
#526 = ADVANCED_FACE('',(#527),#544,.T.);
#527 = FACE_BOUND('',#528,.T.);
#528 = EDGE_LOOP('',(#529,#530,#538));
#529 = ORIENTED_EDGE('',*,*,#471,.F.);
#530 = ORIENTED_EDGE('',*,*,#531,.F.);
#531 = EDGE_CURVE('',#532,#464,#534,.T.);
#532 = VERTEX_POINT('',#533);
#533 = CARTESIAN_POINT('',(-25.01029968261,37.21369934082,1.));
#534 = LINE('',#535,#536);
#535 = CARTESIAN_POINT('',(-25.01029968261,37.21369934082,1.));
#536 = VECTOR('',#537,1.);
#537 = DIRECTION('',(-0.946911411402,-0.321494601755,0.));
#538 = ORIENTED_EDGE('',*,*,#539,.F.);
#539 = EDGE_CURVE('',#472,#532,#540,.T.);
#540 = LINE('',#541,#542);
#541 = CARTESIAN_POINT('',(-24.75149917602,36.247798919678,0.));
#542 = VECTOR('',#543,1.);
#543 = DIRECTION('',(-0.183002277584,0.683004756508,0.70711715365));
#544 = PLANE('',#545);
#545 = AXIS2_PLACEMENT_3D('',#546,#547,#548);
#546 = CARTESIAN_POINT('',(-25.04602517476,36.755230665587,
    0.576435119934));
#547 = DIRECTION('',(-0.227578358752,0.67029599786,-0.706336581157));
#548 = DIRECTION('',(0.,-0.725370468735,-0.688358687812));
#549 = ADVANCED_FACE('',(#550),#567,.T.);
#550 = FACE_BOUND('',#551,.T.);
#551 = EDGE_LOOP('',(#552,#553,#561));
#552 = ORIENTED_EDGE('',*,*,#539,.T.);
#553 = ORIENTED_EDGE('',*,*,#554,.F.);
#554 = EDGE_CURVE('',#555,#532,#557,.T.);
#555 = VERTEX_POINT('',#556);
#556 = CARTESIAN_POINT('',(-24.49710083007,37.315799713135,1.));
#557 = LINE('',#558,#559);
#558 = CARTESIAN_POINT('',(-24.49710083007,37.315799713135,1.));
#559 = VECTOR('',#560,1.);
#560 = DIRECTION('',(-0.980778414759,-0.195124834768,0.));
#561 = ORIENTED_EDGE('',*,*,#562,.T.);
#562 = EDGE_CURVE('',#555,#472,#563,.T.);
#563 = LINE('',#564,#565);
#564 = CARTESIAN_POINT('',(-24.49710083007,37.315799713135,1.));
#565 = VECTOR('',#566,1.);
#566 = DIRECTION('',(-0.171307387144,-0.719173014721,-0.673382472304));
#567 = PLANE('',#568);
#568 = AXIS2_PLACEMENT_3D('',#569,#570,#571);
#569 = CARTESIAN_POINT('',(-24.75011210428,36.834542241689,
    0.576443865671));
#570 = DIRECTION('',(-0.138123691087,0.694267005763,-0.706339274477));
#571 = DIRECTION('',(-1.387778780781E-17,-0.71317506695,-0.700985965537)
  );
#572 = ADVANCED_FACE('',(#573),#590,.T.);
#573 = FACE_BOUND('',#574,.T.);
#574 = EDGE_LOOP('',(#575,#583,#584));
#575 = ORIENTED_EDGE('',*,*,#576,.F.);
#576 = EDGE_CURVE('',#472,#577,#579,.T.);
#577 = VERTEX_POINT('',#578);
#578 = CARTESIAN_POINT('',(-24.36660003662,36.324298858643,0.));
#579 = LINE('',#580,#581);
#580 = CARTESIAN_POINT('',(-24.75149917602,36.247798919678,0.));
#581 = VECTOR('',#582,1.);
#582 = DIRECTION('',(0.980815138361,0.194940155846,0.));
#583 = ORIENTED_EDGE('',*,*,#562,.F.);
#584 = ORIENTED_EDGE('',*,*,#585,.T.);
#585 = EDGE_CURVE('',#555,#577,#586,.T.);
#586 = LINE('',#587,#588);
#587 = CARTESIAN_POINT('',(-24.49710083007,37.315799713135,1.));
#588 = VECTOR('',#589,1.);
#589 = DIRECTION('',(9.227558760649E-02,-0.701078679577,-0.707088326148)
  );
#590 = PLANE('',#591);
#591 = AXIS2_PLACEMENT_3D('',#592,#593,#594);
#592 = CARTESIAN_POINT('',(-24.53383723342,36.739131262753,
    0.440391649275));
#593 = DIRECTION('',(-0.137987014228,0.694263077122,-0.706369849052));
#594 = DIRECTION('',(0.,-0.713192218615,-0.700968515204));
#595 = ADVANCED_FACE('',(#596),#613,.T.);
#596 = FACE_BOUND('',#597,.T.);
#597 = EDGE_LOOP('',(#598,#599,#607));
#598 = ORIENTED_EDGE('',*,*,#585,.F.);
#599 = ORIENTED_EDGE('',*,*,#600,.F.);
#600 = EDGE_CURVE('',#601,#555,#603,.T.);
#601 = VERTEX_POINT('',#602);
#602 = CARTESIAN_POINT('',(-23.97500038147,36.349998474121,0.));
#603 = LINE('',#604,#605);
#604 = CARTESIAN_POINT('',(-23.97500038147,36.349998474121,0.));
#605 = VECTOR('',#606,1.);
#606 = DIRECTION('',(-0.351571959858,0.650351163915,0.673379922953));
#607 = ORIENTED_EDGE('',*,*,#608,.F.);
#608 = EDGE_CURVE('',#577,#601,#609,.T.);
#609 = LINE('',#610,#611);
#610 = CARTESIAN_POINT('',(-24.36660003662,36.324298858643,0.));
#611 = VECTOR('',#612,1.);
#612 = DIRECTION('',(0.997853462125,6.548639648473E-02,0.));
#613 = PLANE('',#614);
#614 = AXIS2_PLACEMENT_3D('',#615,#616,#617);
#615 = CARTESIAN_POINT('',(-24.31239415988,36.76827483103,0.440389846738
    ));
#616 = DIRECTION('',(-4.63540909037E-02,0.706323642387,-0.706369740618)
  );
#617 = DIRECTION('',(0.,-0.707129854728,-0.707083706892));
#618 = ADVANCED_FACE('',(#619),#636,.T.);
#619 = FACE_BOUND('',#620,.T.);
#620 = EDGE_LOOP('',(#621,#622,#630));
#621 = ORIENTED_EDGE('',*,*,#600,.T.);
#622 = ORIENTED_EDGE('',*,*,#623,.F.);
#623 = EDGE_CURVE('',#624,#555,#626,.T.);
#624 = VERTEX_POINT('',#625);
#625 = CARTESIAN_POINT('',(-23.97500038147,37.349998474121,1.));
#626 = LINE('',#627,#628);
#627 = CARTESIAN_POINT('',(-23.97500038147,37.349998474121,1.));
#628 = VECTOR('',#629,1.);
#629 = DIRECTION('',(-0.997861605466,-6.536219348922E-02,0.));
#630 = ORIENTED_EDGE('',*,*,#631,.F.);
#631 = EDGE_CURVE('',#601,#624,#632,.T.);
#632 = LINE('',#633,#634);
#633 = CARTESIAN_POINT('',(-23.97500038147,36.349998474121,0.));
#634 = VECTOR('',#635,1.);
#635 = DIRECTION('',(0.,0.707106781187,0.707106781187));
#636 = PLANE('',#637);
#637 = AXIS2_PLACEMENT_3D('',#638,#639,#640);
#638 = CARTESIAN_POINT('',(-24.12818119049,36.916403435478,
    0.576438651022));
#639 = DIRECTION('',(-4.626749285197E-02,0.706349530723,-0.706349530723)
  );
#640 = DIRECTION('',(0.,-0.707106781187,-0.707106781187));
#641 = ADVANCED_FACE('',(#642,#997,#1383),#1769,.T.);
#642 = FACE_BOUND('',#643,.T.);
#643 = EDGE_LOOP('',(#644,#645,#653,#661,#669,#677,#685,#693,#701,#709,
    #717,#725,#733,#741,#749,#757,#765,#773,#781,#789,#797,#805,#813,
    #821,#829,#837,#845,#851,#852,#860,#868,#876,#884,#892,#900,#908,
    #916,#924,#932,#940,#948,#956,#964,#972,#980,#986,#987,#988,#989,
    #990,#991,#992,#993,#994,#995,#996));
#644 = ORIENTED_EDGE('',*,*,#608,.T.);
#645 = ORIENTED_EDGE('',*,*,#646,.F.);
#646 = EDGE_CURVE('',#647,#601,#649,.T.);
#647 = VERTEX_POINT('',#648);
#648 = CARTESIAN_POINT('',(23.97500038147,36.349998474121,0.));
#649 = LINE('',#650,#651);
#650 = CARTESIAN_POINT('',(23.97500038147,36.349998474121,0.));
#651 = VECTOR('',#652,1.);
#652 = DIRECTION('',(-1.,0.,0.));
#653 = ORIENTED_EDGE('',*,*,#654,.T.);
#654 = EDGE_CURVE('',#647,#655,#657,.T.);
#655 = VERTEX_POINT('',#656);
#656 = CARTESIAN_POINT('',(24.366600036621,36.324298858643,0.));
#657 = LINE('',#658,#659);
#658 = CARTESIAN_POINT('',(23.97500038147,36.349998474121,0.));
#659 = VECTOR('',#660,1.);
#660 = DIRECTION('',(0.997853462125,-6.548639648473E-02,0.));
#661 = ORIENTED_EDGE('',*,*,#662,.F.);
#662 = EDGE_CURVE('',#663,#655,#665,.T.);
#663 = VERTEX_POINT('',#664);
#664 = CARTESIAN_POINT('',(24.751499176025,36.247798919678,0.));
#665 = LINE('',#666,#667);
#666 = CARTESIAN_POINT('',(24.751499176025,36.247798919678,0.));
#667 = VECTOR('',#668,1.);
#668 = DIRECTION('',(-0.980815138361,0.194940155846,0.));
#669 = ORIENTED_EDGE('',*,*,#670,.F.);
#670 = EDGE_CURVE('',#671,#663,#673,.T.);
#671 = VERTEX_POINT('',#672);
#672 = CARTESIAN_POINT('',(25.122999191284,36.121601104736,0.));
#673 = LINE('',#674,#675);
#674 = CARTESIAN_POINT('',(25.122999191284,36.121601104736,0.));
#675 = VECTOR('',#676,1.);
#676 = DIRECTION('',(-0.946859857113,0.321646406771,0.));
#677 = ORIENTED_EDGE('',*,*,#678,.T.);
#678 = EDGE_CURVE('',#671,#679,#681,.T.);
#679 = VERTEX_POINT('',#680);
#680 = CARTESIAN_POINT('',(25.47500038147,35.948101043701,0.));
#681 = LINE('',#682,#683);
#682 = CARTESIAN_POINT('',(25.122999191284,36.121601104736,0.));
#683 = VECTOR('',#684,1.);
#684 = DIRECTION('',(0.896961386918,-0.44210888973,0.));
#685 = ORIENTED_EDGE('',*,*,#686,.F.);
#686 = EDGE_CURVE('',#687,#679,#689,.T.);
#687 = VERTEX_POINT('',#688);
#688 = CARTESIAN_POINT('',(25.801300048828,35.730098724365,0.));
#689 = LINE('',#690,#691);
#690 = CARTESIAN_POINT('',(25.801300048828,35.730098724365,0.));
#691 = VECTOR('',#692,1.);
#692 = DIRECTION('',(-0.831498036856,0.555527690314,0.));
#693 = ORIENTED_EDGE('',*,*,#694,.T.);
#694 = EDGE_CURVE('',#687,#695,#697,.T.);
#695 = VERTEX_POINT('',#696);
#696 = CARTESIAN_POINT('',(26.096300125122,35.471298217773,0.));
#697 = LINE('',#698,#699);
#698 = CARTESIAN_POINT('',(25.801300048828,35.730098724365,0.));
#699 = VECTOR('',#700,1.);
#700 = DIRECTION('',(0.751723096773,-0.659478874398,0.));
#701 = ORIENTED_EDGE('',*,*,#702,.T.);
#702 = EDGE_CURVE('',#695,#703,#705,.T.);
#703 = VERTEX_POINT('',#704);
#704 = CARTESIAN_POINT('',(26.355100631714,35.176300048828,0.));
#705 = LINE('',#706,#707);
#706 = CARTESIAN_POINT('',(26.096300125122,35.471298217773,0.));
#707 = VECTOR('',#708,1.);
#708 = DIRECTION('',(0.659481283891,-0.751720982944,0.));
#709 = ORIENTED_EDGE('',*,*,#710,.F.);
#710 = EDGE_CURVE('',#711,#703,#713,.T.);
#711 = VERTEX_POINT('',#712);
#712 = CARTESIAN_POINT('',(26.573099136353,34.849998474121,0.));
#713 = LINE('',#714,#715);
#714 = CARTESIAN_POINT('',(26.573099136353,34.849998474121,0.));
#715 = VECTOR('',#716,1.);
#716 = DIRECTION('',(-0.555518724243,0.831504027059,0.));
#717 = ORIENTED_EDGE('',*,*,#718,.T.);
#718 = EDGE_CURVE('',#711,#719,#721,.T.);
#719 = VERTEX_POINT('',#720);
#720 = CARTESIAN_POINT('',(26.746599197388,34.498001098633,0.));
#721 = LINE('',#722,#723);
#722 = CARTESIAN_POINT('',(26.573099136353,34.849998474121,0.));
#723 = VECTOR('',#724,1.);
#724 = DIRECTION('',(0.442112744478,-0.896959486917,0.));
#725 = ORIENTED_EDGE('',*,*,#726,.T.);
#726 = EDGE_CURVE('',#719,#727,#729,.T.);
#727 = VERTEX_POINT('',#728);
#728 = CARTESIAN_POINT('',(26.872800827026,34.126499176025,0.));
#729 = LINE('',#730,#731);
#730 = CARTESIAN_POINT('',(26.746599197388,34.498001098633,0.));
#731 = VECTOR('',#732,1.);
#732 = DIRECTION('',(0.321653642987,-0.946857398954,0.));
#733 = ORIENTED_EDGE('',*,*,#734,.T.);
#734 = EDGE_CURVE('',#727,#735,#737,.T.);
#735 = VERTEX_POINT('',#736);
#736 = CARTESIAN_POINT('',(26.949300765991,33.741600036621,0.));
#737 = LINE('',#738,#739);
#738 = CARTESIAN_POINT('',(26.872800827026,34.126499176025,0.));
#739 = VECTOR('',#740,1.);
#740 = DIRECTION('',(0.194940155846,-0.980815138361,0.));
#741 = ORIENTED_EDGE('',*,*,#742,.T.);
#742 = EDGE_CURVE('',#735,#743,#745,.T.);
#743 = VERTEX_POINT('',#744);
#744 = CARTESIAN_POINT('',(26.97500038147,33.349998474121,0.));
#745 = LINE('',#746,#747);
#746 = CARTESIAN_POINT('',(26.949300765991,33.741600036621,0.));
#747 = VECTOR('',#748,1.);
#748 = DIRECTION('',(6.548607889218E-02,-0.997853482968,0.));
#749 = ORIENTED_EDGE('',*,*,#750,.F.);
#750 = EDGE_CURVE('',#751,#743,#753,.T.);
#751 = VERTEX_POINT('',#752);
#752 = CARTESIAN_POINT('',(26.97500038147,2.400000095367,0.));
#753 = LINE('',#754,#755);
#754 = CARTESIAN_POINT('',(26.97500038147,2.400000095367,0.));
#755 = VECTOR('',#756,1.);
#756 = DIRECTION('',(0.,1.,0.));
#757 = ORIENTED_EDGE('',*,*,#758,.T.);
#758 = EDGE_CURVE('',#751,#759,#761,.T.);
#759 = VERTEX_POINT('',#760);
#760 = CARTESIAN_POINT('',(26.949300765991,2.00841999054,0.));
#761 = LINE('',#762,#763);
#762 = CARTESIAN_POINT('',(26.97500038147,2.400000095367,0.));
#763 = VECTOR('',#764,1.);
#764 = DIRECTION('',(-6.548965198563E-02,-0.99785324847,0.));
#765 = ORIENTED_EDGE('',*,*,#766,.T.);
#766 = EDGE_CURVE('',#759,#767,#769,.T.);
#767 = VERTEX_POINT('',#768);
#768 = CARTESIAN_POINT('',(26.872800827026,1.623540043831,0.));
#769 = LINE('',#770,#771);
#770 = CARTESIAN_POINT('',(26.949300765991,2.00841999054,0.));
#771 = VECTOR('',#772,1.);
#772 = DIRECTION('',(-0.194949507428,-0.980813279658,0.));
#773 = ORIENTED_EDGE('',*,*,#774,.F.);
#774 = EDGE_CURVE('',#775,#767,#777,.T.);
#775 = VERTEX_POINT('',#776);
#776 = CARTESIAN_POINT('',(26.746599197388,1.251950025558,0.));
#777 = LINE('',#778,#779);
#778 = CARTESIAN_POINT('',(26.746599197388,1.251950025558,0.));
#779 = VECTOR('',#780,1.);
#780 = DIRECTION('',(0.321585273219,0.946880621857,0.));
#781 = ORIENTED_EDGE('',*,*,#782,.F.);
#782 = EDGE_CURVE('',#783,#775,#785,.T.);
#783 = VERTEX_POINT('',#784);
#784 = CARTESIAN_POINT('',(26.573099136353,0.899999976158,0.));
#785 = LINE('',#786,#787);
#786 = CARTESIAN_POINT('',(26.573099136353,0.899999976158,0.));
#787 = VECTOR('',#788,1.);
#788 = DIRECTION('',(0.442160572359,0.896935910894,0.));
#789 = ORIENTED_EDGE('',*,*,#790,.F.);
#790 = EDGE_CURVE('',#791,#783,#793,.T.);
#791 = VERTEX_POINT('',#792);
#792 = CARTESIAN_POINT('',(26.355100631714,0.573715984821,0.));
#793 = LINE('',#794,#795);
#794 = CARTESIAN_POINT('',(26.355100631714,0.573715984821,0.));
#795 = VECTOR('',#796,1.);
#796 = DIRECTION('',(0.555539421984,0.831490198753,0.));
#797 = ORIENTED_EDGE('',*,*,#798,.T.);
#798 = EDGE_CURVE('',#791,#799,#801,.T.);
#799 = VERTEX_POINT('',#800);
#800 = CARTESIAN_POINT('',(26.096300125122,0.278679996729,0.));
#801 = LINE('',#802,#803);
#802 = CARTESIAN_POINT('',(26.355100631714,0.573715984821,0.));
#803 = VECTOR('',#804,1.);
#804 = DIRECTION('',(-0.659433510191,-0.751762891899,0.));
#805 = ORIENTED_EDGE('',*,*,#806,.F.);
#806 = EDGE_CURVE('',#807,#799,#809,.T.);
#807 = VERTEX_POINT('',#808);
#808 = CARTESIAN_POINT('',(25.801300048828,1.994040049613E-02,0.));
#809 = LINE('',#810,#811);
#810 = CARTESIAN_POINT('',(25.801300048828,1.994040049613E-02,0.));
#811 = VECTOR('',#812,1.);
#812 = DIRECTION('',(0.751800045472,0.659391152222,0.));
#813 = ORIENTED_EDGE('',*,*,#814,.F.);
#814 = EDGE_CURVE('',#815,#807,#817,.T.);
#815 = VERTEX_POINT('',#816);
#816 = CARTESIAN_POINT('',(25.47500038147,-0.198074996471,0.));
#817 = LINE('',#818,#819);
#818 = CARTESIAN_POINT('',(25.47500038147,-0.198074996471,0.));
#819 = VECTOR('',#820,1.);
#820 = DIRECTION('',(0.831482643206,0.5555507304,0.));
#821 = ORIENTED_EDGE('',*,*,#822,.T.);
#822 = EDGE_CURVE('',#815,#823,#825,.T.);
#823 = VERTEX_POINT('',#824);
#824 = CARTESIAN_POINT('',(25.122999191284,-0.371636986732,0.));
#825 = LINE('',#826,#827);
#826 = CARTESIAN_POINT('',(25.47500038147,-0.198074996471,0.));
#827 = VECTOR('',#828,1.);
#828 = DIRECTION('',(-0.896898803351,-0.442235838153,0.));
#829 = ORIENTED_EDGE('',*,*,#830,.T.);
#830 = EDGE_CURVE('',#823,#831,#833,.T.);
#831 = VERTEX_POINT('',#832);
#832 = CARTESIAN_POINT('',(24.751499176025,-0.497776001692,0.));
#833 = LINE('',#834,#835);
#834 = CARTESIAN_POINT('',(25.122999191284,-0.371636986732,0.));
#835 = VECTOR('',#836,1.);
#836 = DIRECTION('',(-0.946905492178,-0.321512035362,0.));
#837 = ORIENTED_EDGE('',*,*,#838,.F.);
#838 = EDGE_CURVE('',#839,#831,#841,.T.);
#839 = VERTEX_POINT('',#840);
#840 = CARTESIAN_POINT('',(24.366600036621,-0.574333012104,0.));
#841 = LINE('',#842,#843);
#842 = CARTESIAN_POINT('',(24.366600036621,-0.574333012104,0.));
#843 = VECTOR('',#844,1.);
#844 = DIRECTION('',(0.980787322592,0.195080054957,0.));
#845 = ORIENTED_EDGE('',*,*,#846,.T.);
#846 = EDGE_CURVE('',#839,#55,#847,.T.);
#847 = LINE('',#848,#849);
#848 = CARTESIAN_POINT('',(24.366600036621,-0.574333012104,0.));
#849 = VECTOR('',#850,1.);
#850 = DIRECTION('',(-0.997859056107,-6.540110201657E-02,0.));
#851 = ORIENTED_EDGE('',*,*,#54,.F.);
#852 = ORIENTED_EDGE('',*,*,#853,.T.);
#853 = EDGE_CURVE('',#24,#854,#856,.T.);
#854 = VERTEX_POINT('',#855);
#855 = CARTESIAN_POINT('',(5.256130218506,28.75,0.));
#856 = LINE('',#857,#858);
#857 = CARTESIAN_POINT('',(5.256130218506,-0.599999010563,0.));
#858 = VECTOR('',#859,1.);
#859 = DIRECTION('',(0.,1.,0.));
#860 = ORIENTED_EDGE('',*,*,#861,.T.);
#861 = EDGE_CURVE('',#854,#862,#864,.T.);
#862 = VERTEX_POINT('',#863);
#863 = CARTESIAN_POINT('',(-5.256130218506,28.75,0.));
#864 = LINE('',#865,#866);
#865 = CARTESIAN_POINT('',(5.256130218506,28.75,0.));
#866 = VECTOR('',#867,1.);
#867 = DIRECTION('',(-1.,0.,0.));
#868 = ORIENTED_EDGE('',*,*,#869,.T.);
#869 = EDGE_CURVE('',#862,#870,#872,.T.);
#870 = VERTEX_POINT('',#871);
#871 = CARTESIAN_POINT('',(-5.256130218506,-0.599999010563,0.));
#872 = LINE('',#873,#874);
#873 = CARTESIAN_POINT('',(-5.256130218506,28.75,0.));
#874 = VECTOR('',#875,1.);
#875 = DIRECTION('',(0.,-1.,0.));
#876 = ORIENTED_EDGE('',*,*,#877,.F.);
#877 = EDGE_CURVE('',#878,#870,#880,.T.);
#878 = VERTEX_POINT('',#879);
#879 = CARTESIAN_POINT('',(-23.97500038147,-0.599999010563,0.));
#880 = LINE('',#881,#882);
#881 = CARTESIAN_POINT('',(-23.97500038147,-0.599999010563,0.));
#882 = VECTOR('',#883,1.);
#883 = DIRECTION('',(1.,0.,0.));
#884 = ORIENTED_EDGE('',*,*,#885,.T.);
#885 = EDGE_CURVE('',#878,#886,#888,.T.);
#886 = VERTEX_POINT('',#887);
#887 = CARTESIAN_POINT('',(-24.36660003662,-0.574333012104,0.));
#888 = LINE('',#889,#890);
#889 = CARTESIAN_POINT('',(-23.97500038147,-0.599999010563,0.));
#890 = VECTOR('',#891,1.);
#891 = DIRECTION('',(-0.997859056107,6.540110201657E-02,0.));
#892 = ORIENTED_EDGE('',*,*,#893,.F.);
#893 = EDGE_CURVE('',#894,#886,#896,.T.);
#894 = VERTEX_POINT('',#895);
#895 = CARTESIAN_POINT('',(-24.75149917602,-0.497776001692,0.));
#896 = LINE('',#897,#898);
#897 = CARTESIAN_POINT('',(-24.75149917602,-0.497776001692,0.));
#898 = VECTOR('',#899,1.);
#899 = DIRECTION('',(0.980787322592,-0.195080054957,0.));
#900 = ORIENTED_EDGE('',*,*,#901,.F.);
#901 = EDGE_CURVE('',#902,#894,#904,.T.);
#902 = VERTEX_POINT('',#903);
#903 = CARTESIAN_POINT('',(-25.12299919128,-0.371636986732,0.));
#904 = LINE('',#905,#906);
#905 = CARTESIAN_POINT('',(-25.12299919128,-0.371636986732,0.));
#906 = VECTOR('',#907,1.);
#907 = DIRECTION('',(0.946905492178,-0.321512035362,0.));
#908 = ORIENTED_EDGE('',*,*,#909,.F.);
#909 = EDGE_CURVE('',#910,#902,#912,.T.);
#910 = VERTEX_POINT('',#911);
#911 = CARTESIAN_POINT('',(-25.47500038147,-0.198074996471,0.));
#912 = LINE('',#913,#914);
#913 = CARTESIAN_POINT('',(-25.47500038147,-0.198074996471,0.));
#914 = VECTOR('',#915,1.);
#915 = DIRECTION('',(0.896898803351,-0.442235838153,0.));
#916 = ORIENTED_EDGE('',*,*,#917,.F.);
#917 = EDGE_CURVE('',#918,#910,#920,.T.);
#918 = VERTEX_POINT('',#919);
#919 = CARTESIAN_POINT('',(-25.80130004882,1.994040049613E-02,0.));
#920 = LINE('',#921,#922);
#921 = CARTESIAN_POINT('',(-25.80130004882,1.994040049613E-02,0.));
#922 = VECTOR('',#923,1.);
#923 = DIRECTION('',(0.831482643206,-0.5555507304,0.));
#924 = ORIENTED_EDGE('',*,*,#925,.T.);
#925 = EDGE_CURVE('',#918,#926,#928,.T.);
#926 = VERTEX_POINT('',#927);
#927 = CARTESIAN_POINT('',(-26.09630012512,0.278679996729,0.));
#928 = LINE('',#929,#930);
#929 = CARTESIAN_POINT('',(-25.80130004882,1.994040049613E-02,0.));
#930 = VECTOR('',#931,1.);
#931 = DIRECTION('',(-0.751800045472,0.659391152222,0.));
#932 = ORIENTED_EDGE('',*,*,#933,.F.);
#933 = EDGE_CURVE('',#934,#926,#936,.T.);
#934 = VERTEX_POINT('',#935);
#935 = CARTESIAN_POINT('',(-26.35510063171,0.573715984821,0.));
#936 = LINE('',#937,#938);
#937 = CARTESIAN_POINT('',(-26.35510063171,0.573715984821,0.));
#938 = VECTOR('',#939,1.);
#939 = DIRECTION('',(0.659433510191,-0.751762891899,0.));
#940 = ORIENTED_EDGE('',*,*,#941,.T.);
#941 = EDGE_CURVE('',#934,#942,#944,.T.);
#942 = VERTEX_POINT('',#943);
#943 = CARTESIAN_POINT('',(-26.57309913635,0.899999976158,0.));
#944 = LINE('',#945,#946);
#945 = CARTESIAN_POINT('',(-26.35510063171,0.573715984821,0.));
#946 = VECTOR('',#947,1.);
#947 = DIRECTION('',(-0.555539421984,0.831490198753,0.));
#948 = ORIENTED_EDGE('',*,*,#949,.T.);
#949 = EDGE_CURVE('',#942,#950,#952,.T.);
#950 = VERTEX_POINT('',#951);
#951 = CARTESIAN_POINT('',(-26.74659919738,1.251950025558,0.));
#952 = LINE('',#953,#954);
#953 = CARTESIAN_POINT('',(-26.57309913635,0.899999976158,0.));
#954 = VECTOR('',#955,1.);
#955 = DIRECTION('',(-0.442160572359,0.896935910894,0.));
#956 = ORIENTED_EDGE('',*,*,#957,.T.);
#957 = EDGE_CURVE('',#950,#958,#960,.T.);
#958 = VERTEX_POINT('',#959);
#959 = CARTESIAN_POINT('',(-26.87280082702,1.623540043831,0.));
#960 = LINE('',#961,#962);
#961 = CARTESIAN_POINT('',(-26.74659919738,1.251950025558,0.));
#962 = VECTOR('',#963,1.);
#963 = DIRECTION('',(-0.321585273219,0.946880621857,0.));
#964 = ORIENTED_EDGE('',*,*,#965,.T.);
#965 = EDGE_CURVE('',#958,#966,#968,.T.);
#966 = VERTEX_POINT('',#967);
#967 = CARTESIAN_POINT('',(-26.94930076599,2.00841999054,0.));
#968 = LINE('',#969,#970);
#969 = CARTESIAN_POINT('',(-26.87280082702,1.623540043831,0.));
#970 = VECTOR('',#971,1.);
#971 = DIRECTION('',(-0.194949507428,0.980813279658,0.));
#972 = ORIENTED_EDGE('',*,*,#973,.F.);
#973 = EDGE_CURVE('',#974,#966,#976,.T.);
#974 = VERTEX_POINT('',#975);
#975 = CARTESIAN_POINT('',(-26.97500038147,2.400000095367,0.));
#976 = LINE('',#977,#978);
#977 = CARTESIAN_POINT('',(-26.97500038147,2.400000095367,0.));
#978 = VECTOR('',#979,1.);
#979 = DIRECTION('',(6.548965198563E-02,-0.99785324847,0.));
#980 = ORIENTED_EDGE('',*,*,#981,.F.);
#981 = EDGE_CURVE('',#87,#974,#982,.T.);
#982 = LINE('',#983,#984);
#983 = CARTESIAN_POINT('',(-26.97500038147,33.349998474121,0.));
#984 = VECTOR('',#985,1.);
#985 = DIRECTION('',(0.,-1.,0.));
#986 = ORIENTED_EDGE('',*,*,#125,.F.);
#987 = ORIENTED_EDGE('',*,*,#148,.T.);
#988 = ORIENTED_EDGE('',*,*,#217,.F.);
#989 = ORIENTED_EDGE('',*,*,#240,.F.);
#990 = ORIENTED_EDGE('',*,*,#309,.F.);
#991 = ORIENTED_EDGE('',*,*,#332,.F.);
#992 = ORIENTED_EDGE('',*,*,#401,.F.);
#993 = ORIENTED_EDGE('',*,*,#424,.F.);
#994 = ORIENTED_EDGE('',*,*,#500,.F.);
#995 = ORIENTED_EDGE('',*,*,#479,.F.);
#996 = ORIENTED_EDGE('',*,*,#576,.T.);
#997 = FACE_BOUND('',#998,.T.);
#998 = EDGE_LOOP('',(#999,#1009,#1017,#1025,#1033,#1041,#1049,#1057,
    #1065,#1073,#1081,#1089,#1097,#1105,#1113,#1121,#1129,#1137,#1145,
    #1153,#1161,#1169,#1177,#1185,#1193,#1201,#1209,#1217,#1225,#1233,
    #1241,#1249,#1257,#1265,#1273,#1281,#1289,#1297,#1305,#1313,#1321,
    #1329,#1337,#1345,#1353,#1361,#1369,#1377));
#999 = ORIENTED_EDGE('',*,*,#1000,.T.);
#1000 = EDGE_CURVE('',#1001,#1003,#1005,.T.);
#1001 = VERTEX_POINT('',#1002);
#1002 = CARTESIAN_POINT('',(-20.93059921264,8.125040054321,
    9.536749701056E-08));
#1003 = VERTEX_POINT('',#1004);
#1004 = CARTESIAN_POINT('',(-21.21279907226,8.181180000305,
    9.536749701056E-08));
#1005 = LINE('',#1006,#1007);
#1006 = CARTESIAN_POINT('',(-20.93059921264,8.125040054321,0.));
#1007 = VECTOR('',#1008,1.);
#1008 = DIRECTION('',(-0.98078068905,0.19511340289,0.));
#1009 = ORIENTED_EDGE('',*,*,#1010,.T.);
#1010 = EDGE_CURVE('',#1003,#1011,#1013,.T.);
#1011 = VERTEX_POINT('',#1012);
#1012 = CARTESIAN_POINT('',(-21.5,8.199999809265,9.536749701056E-08));
#1013 = LINE('',#1014,#1015);
#1014 = CARTESIAN_POINT('',(-21.21279907226,8.181180000305,0.));
#1015 = VECTOR('',#1016,1.);
#1016 = DIRECTION('',(-0.997859905953,6.538813417835E-02,0.));
#1017 = ORIENTED_EDGE('',*,*,#1018,.T.);
#1018 = EDGE_CURVE('',#1011,#1019,#1021,.T.);
#1019 = VERTEX_POINT('',#1020);
#1020 = CARTESIAN_POINT('',(-21.78720092773,8.181180000305,
    9.536749701056E-08));
#1021 = LINE('',#1022,#1023);
#1022 = CARTESIAN_POINT('',(-21.5,8.199999809265,0.));
#1023 = VECTOR('',#1024,1.);
#1024 = DIRECTION('',(-0.997859905953,-6.538813417835E-02,0.));
#1025 = ORIENTED_EDGE('',*,*,#1026,.T.);
#1026 = EDGE_CURVE('',#1019,#1027,#1029,.T.);
#1027 = VERTEX_POINT('',#1028);
#1028 = CARTESIAN_POINT('',(-22.06940078735,8.125040054321,
    9.536749701056E-08));
#1029 = LINE('',#1030,#1031);
#1030 = CARTESIAN_POINT('',(-21.78720092773,8.181180000305,0.));
#1031 = VECTOR('',#1032,1.);
#1032 = DIRECTION('',(-0.98078068905,-0.19511340289,0.));
#1033 = ORIENTED_EDGE('',*,*,#1034,.T.);
#1034 = EDGE_CURVE('',#1027,#1035,#1037,.T.);
#1035 = VERTEX_POINT('',#1036);
#1036 = CARTESIAN_POINT('',(-22.34189987182,8.032529830933,
    9.536749701056E-08));
#1037 = LINE('',#1038,#1039);
#1038 = CARTESIAN_POINT('',(-22.06940078735,8.125040054321,0.));
#1039 = VECTOR('',#1040,1.);
#1040 = DIRECTION('',(-0.946920346714,-0.321468283005,0.));
#1041 = ORIENTED_EDGE('',*,*,#1042,.T.);
#1042 = EDGE_CURVE('',#1035,#1043,#1045,.T.);
#1043 = VERTEX_POINT('',#1044);
#1044 = CARTESIAN_POINT('',(-22.60000038147,7.90526008606,
    9.536749701056E-08));
#1045 = LINE('',#1046,#1047);
#1046 = CARTESIAN_POINT('',(-22.34189987182,8.032529830933,0.));
#1047 = VECTOR('',#1048,1.);
#1048 = DIRECTION('',(-0.896888373682,-0.442256989944,0.));
#1049 = ORIENTED_EDGE('',*,*,#1050,.T.);
#1050 = EDGE_CURVE('',#1043,#1051,#1053,.T.);
#1051 = VERTEX_POINT('',#1052);
#1052 = CARTESIAN_POINT('',(-22.83930015564,7.745379924774,
    9.536749701056E-08));
#1053 = LINE('',#1054,#1055);
#1054 = CARTESIAN_POINT('',(-22.60000038147,7.90526008606,0.));
#1055 = VECTOR('',#1056,1.);
#1056 = DIRECTION('',(-0.831493424588,-0.555534593762,0.));
#1057 = ORIENTED_EDGE('',*,*,#1058,.T.);
#1058 = EDGE_CURVE('',#1051,#1059,#1061,.T.);
#1059 = VERTEX_POINT('',#1060);
#1060 = CARTESIAN_POINT('',(-23.05559921264,7.555630207062,
    9.536749701056E-08));
#1061 = LINE('',#1062,#1063);
#1062 = CARTESIAN_POINT('',(-22.83930015564,7.745379924774,0.));
#1063 = VECTOR('',#1064,1.);
#1064 = DIRECTION('',(-0.751735503687,-0.659464731806,0.));
#1065 = ORIENTED_EDGE('',*,*,#1066,.T.);
#1066 = EDGE_CURVE('',#1059,#1067,#1069,.T.);
#1067 = VERTEX_POINT('',#1068);
#1068 = CARTESIAN_POINT('',(-23.24539947509,7.339270114899,
    9.536749701056E-08));
#1069 = LINE('',#1070,#1071);
#1070 = CARTESIAN_POINT('',(-23.05559921264,7.555630207062,0.));
#1071 = VECTOR('',#1072,1.);
#1072 = DIRECTION('',(-0.659458843897,-0.751740668852,0.));
#1073 = ORIENTED_EDGE('',*,*,#1074,.T.);
#1074 = EDGE_CURVE('',#1067,#1075,#1077,.T.);
#1075 = VERTEX_POINT('',#1076);
#1076 = CARTESIAN_POINT('',(-23.40530014038,7.099999904633,
    9.536749701056E-08));
#1077 = LINE('',#1078,#1079);
#1078 = CARTESIAN_POINT('',(-23.24539947509,7.339270114899,0.));
#1079 = VECTOR('',#1080,1.);
#1080 = DIRECTION('',(-0.55563130329,-0.831428803208,0.));
#1081 = ORIENTED_EDGE('',*,*,#1082,.T.);
#1082 = EDGE_CURVE('',#1075,#1083,#1085,.T.);
#1083 = VERTEX_POINT('',#1084);
#1084 = CARTESIAN_POINT('',(-23.53249931335,6.841899871826,
    9.536749701056E-08));
#1085 = LINE('',#1086,#1087);
#1086 = CARTESIAN_POINT('',(-23.40530014038,7.099999904633,0.));
#1087 = VECTOR('',#1088,1.);
#1088 = DIRECTION('',(-0.44206034628,-0.896985312169,0.));
#1089 = ORIENTED_EDGE('',*,*,#1090,.T.);
#1090 = EDGE_CURVE('',#1083,#1091,#1093,.T.);
#1091 = VERTEX_POINT('',#1092);
#1092 = CARTESIAN_POINT('',(-23.625,6.569399833679,9.536749701056E-08));
#1093 = LINE('',#1094,#1095);
#1094 = CARTESIAN_POINT('',(-23.53249931335,6.841899871826,0.));
#1095 = VECTOR('',#1096,1.);
#1096 = DIRECTION('',(-0.32143755884,-0.94693077665,0.));
#1097 = ORIENTED_EDGE('',*,*,#1098,.T.);
#1098 = EDGE_CURVE('',#1091,#1099,#1101,.T.);
#1099 = VERTEX_POINT('',#1100);
#1100 = CARTESIAN_POINT('',(-23.68120002746,6.287159919739,
    9.536749701056E-08));
#1101 = LINE('',#1102,#1103);
#1102 = CARTESIAN_POINT('',(-23.625,6.569399833679,0.));
#1103 = VECTOR('',#1104,1.);
#1104 = DIRECTION('',(-0.19528759241,-0.980746020257,0.));
#1105 = ORIENTED_EDGE('',*,*,#1106,.T.);
#1106 = EDGE_CURVE('',#1099,#1107,#1109,.T.);
#1107 = VERTEX_POINT('',#1108);
#1108 = CARTESIAN_POINT('',(-23.70000076293,6.,9.536749701056E-08));
#1109 = LINE('',#1110,#1111);
#1110 = CARTESIAN_POINT('',(-23.68120002746,6.287159919739,0.));
#1111 = VECTOR('',#1112,1.);
#1112 = DIRECTION('',(-6.533143611819E-02,-0.997863619667,0.));
#1113 = ORIENTED_EDGE('',*,*,#1114,.T.);
#1114 = EDGE_CURVE('',#1107,#1115,#1117,.T.);
#1115 = VERTEX_POINT('',#1116);
#1116 = CARTESIAN_POINT('',(-23.68120002746,5.712840080261,
    9.536749701056E-08));
#1117 = LINE('',#1118,#1119);
#1118 = CARTESIAN_POINT('',(-23.70000076293,6.,0.));
#1119 = VECTOR('',#1120,1.);
#1120 = DIRECTION('',(6.533143611819E-02,-0.997863619667,0.));
#1121 = ORIENTED_EDGE('',*,*,#1122,.T.);
#1122 = EDGE_CURVE('',#1115,#1123,#1125,.T.);
#1123 = VERTEX_POINT('',#1124);
#1124 = CARTESIAN_POINT('',(-23.625,5.430600166321,9.536749701056E-08));
#1125 = LINE('',#1126,#1127);
#1126 = CARTESIAN_POINT('',(-23.68120002746,5.712840080261,0.));
#1127 = VECTOR('',#1128,1.);
#1128 = DIRECTION('',(0.19528759241,-0.980746020257,0.));
#1129 = ORIENTED_EDGE('',*,*,#1130,.T.);
#1130 = EDGE_CURVE('',#1123,#1131,#1133,.T.);
#1131 = VERTEX_POINT('',#1132);
#1132 = CARTESIAN_POINT('',(-23.53249931335,5.158100128174,
    9.536749701056E-08));
#1133 = LINE('',#1134,#1135);
#1134 = CARTESIAN_POINT('',(-23.625,5.430600166321,0.));
#1135 = VECTOR('',#1136,1.);
#1136 = DIRECTION('',(0.32143755884,-0.94693077665,0.));
#1137 = ORIENTED_EDGE('',*,*,#1138,.T.);
#1138 = EDGE_CURVE('',#1131,#1139,#1141,.T.);
#1139 = VERTEX_POINT('',#1140);
#1140 = CARTESIAN_POINT('',(-23.40530014038,4.900000095367,
    9.536749701056E-08));
#1141 = LINE('',#1142,#1143);
#1142 = CARTESIAN_POINT('',(-23.53249931335,5.158100128174,0.));
#1143 = VECTOR('',#1144,1.);
#1144 = DIRECTION('',(0.44206034628,-0.896985312169,0.));
#1145 = ORIENTED_EDGE('',*,*,#1146,.T.);
#1146 = EDGE_CURVE('',#1139,#1147,#1149,.T.);
#1147 = VERTEX_POINT('',#1148);
#1148 = CARTESIAN_POINT('',(-23.24539947509,4.660729885101,
    9.536749701056E-08));
#1149 = LINE('',#1150,#1151);
#1150 = CARTESIAN_POINT('',(-23.40530014038,4.900000095367,0.));
#1151 = VECTOR('',#1152,1.);
#1152 = DIRECTION('',(0.55563130329,-0.831428803208,0.));
#1153 = ORIENTED_EDGE('',*,*,#1154,.T.);
#1154 = EDGE_CURVE('',#1147,#1155,#1157,.T.);
#1155 = VERTEX_POINT('',#1156);
#1156 = CARTESIAN_POINT('',(-23.05559921264,4.444369792938,
    9.536749701056E-08));
#1157 = LINE('',#1158,#1159);
#1158 = CARTESIAN_POINT('',(-23.24539947509,4.660729885101,0.));
#1159 = VECTOR('',#1160,1.);
#1160 = DIRECTION('',(0.659458843897,-0.751740668852,0.));
#1161 = ORIENTED_EDGE('',*,*,#1162,.T.);
#1162 = EDGE_CURVE('',#1155,#1163,#1165,.T.);
#1163 = VERTEX_POINT('',#1164);
#1164 = CARTESIAN_POINT('',(-22.83930015564,4.254620075226,
    9.536749701056E-08));
#1165 = LINE('',#1166,#1167);
#1166 = CARTESIAN_POINT('',(-23.05559921264,4.444369792938,0.));
#1167 = VECTOR('',#1168,1.);
#1168 = DIRECTION('',(0.751735503687,-0.659464731806,0.));
#1169 = ORIENTED_EDGE('',*,*,#1170,.T.);
#1170 = EDGE_CURVE('',#1163,#1171,#1173,.T.);
#1171 = VERTEX_POINT('',#1172);
#1172 = CARTESIAN_POINT('',(-22.60000038147,4.09473991394,
    9.536749701056E-08));
#1173 = LINE('',#1174,#1175);
#1174 = CARTESIAN_POINT('',(-22.83930015564,4.254620075226,0.));
#1175 = VECTOR('',#1176,1.);
#1176 = DIRECTION('',(0.831493424588,-0.555534593762,0.));
#1177 = ORIENTED_EDGE('',*,*,#1178,.T.);
#1178 = EDGE_CURVE('',#1171,#1179,#1181,.T.);
#1179 = VERTEX_POINT('',#1180);
#1180 = CARTESIAN_POINT('',(-22.34189987182,3.967469930649,
    9.536749701056E-08));
#1181 = LINE('',#1182,#1183);
#1182 = CARTESIAN_POINT('',(-22.60000038147,4.09473991394,0.));
#1183 = VECTOR('',#1184,1.);
#1184 = DIRECTION('',(0.896888045055,-0.442257656392,0.));
#1185 = ORIENTED_EDGE('',*,*,#1186,.T.);
#1186 = EDGE_CURVE('',#1179,#1187,#1189,.T.);
#1187 = VERTEX_POINT('',#1188);
#1188 = CARTESIAN_POINT('',(-22.06940078735,3.874959945679,
    9.536749701056E-08));
#1189 = LINE('',#1190,#1191);
#1190 = CARTESIAN_POINT('',(-22.34189987182,3.967469930649,0.));
#1191 = VECTOR('',#1192,1.);
#1192 = DIRECTION('',(0.946920598911,-0.32146754013,0.));
#1193 = ORIENTED_EDGE('',*,*,#1194,.T.);
#1194 = EDGE_CURVE('',#1187,#1195,#1197,.T.);
#1195 = VERTEX_POINT('',#1196);
#1196 = CARTESIAN_POINT('',(-21.78720092773,3.818819999695,
    9.536749701056E-08));
#1197 = LINE('',#1198,#1199);
#1198 = CARTESIAN_POINT('',(-22.06940078735,3.874959945679,0.));
#1199 = VECTOR('',#1200,1.);
#1200 = DIRECTION('',(0.98078068905,-0.19511340289,0.));
#1201 = ORIENTED_EDGE('',*,*,#1202,.T.);
#1202 = EDGE_CURVE('',#1195,#1203,#1205,.T.);
#1203 = VERTEX_POINT('',#1204);
#1204 = CARTESIAN_POINT('',(-21.5,3.799999952316,9.536749701056E-08));
#1205 = LINE('',#1206,#1207);
#1206 = CARTESIAN_POINT('',(-21.78720092773,3.818819999695,0.));
#1207 = VECTOR('',#1208,1.);
#1208 = DIRECTION('',(0.997859851903,-6.538895900548E-02,0.));
#1209 = ORIENTED_EDGE('',*,*,#1210,.T.);
#1210 = EDGE_CURVE('',#1203,#1211,#1213,.T.);
#1211 = VERTEX_POINT('',#1212);
#1212 = CARTESIAN_POINT('',(-21.21279907226,3.818819999695,
    9.536749701056E-08));
#1213 = LINE('',#1214,#1215);
#1214 = CARTESIAN_POINT('',(-21.5,3.799999952316,0.));
#1215 = VECTOR('',#1216,1.);
#1216 = DIRECTION('',(0.997859851903,6.538895900548E-02,0.));
#1217 = ORIENTED_EDGE('',*,*,#1218,.T.);
#1218 = EDGE_CURVE('',#1211,#1219,#1221,.T.);
#1219 = VERTEX_POINT('',#1220);
#1220 = CARTESIAN_POINT('',(-20.93059921264,3.874959945679,
    9.536749701056E-08));
#1221 = LINE('',#1222,#1223);
#1222 = CARTESIAN_POINT('',(-21.21279907226,3.818819999695,0.));
#1223 = VECTOR('',#1224,1.);
#1224 = DIRECTION('',(0.98078068905,0.19511340289,0.));
#1225 = ORIENTED_EDGE('',*,*,#1226,.T.);
#1226 = EDGE_CURVE('',#1219,#1227,#1229,.T.);
#1227 = VERTEX_POINT('',#1228);
#1228 = CARTESIAN_POINT('',(-20.65810012817,3.967469930649,
    9.536749701056E-08));
#1229 = LINE('',#1230,#1231);
#1230 = CARTESIAN_POINT('',(-20.93059921264,3.874959945679,0.));
#1231 = VECTOR('',#1232,1.);
#1232 = DIRECTION('',(0.946920598911,0.32146754013,0.));
#1233 = ORIENTED_EDGE('',*,*,#1234,.T.);
#1234 = EDGE_CURVE('',#1227,#1235,#1237,.T.);
#1235 = VERTEX_POINT('',#1236);
#1236 = CARTESIAN_POINT('',(-20.39999961853,4.09473991394,
    9.536749701056E-08));
#1237 = LINE('',#1238,#1239);
#1238 = CARTESIAN_POINT('',(-20.65810012817,3.967469930649,0.));
#1239 = VECTOR('',#1240,1.);
#1240 = DIRECTION('',(0.896888045055,0.442257656392,0.));
#1241 = ORIENTED_EDGE('',*,*,#1242,.T.);
#1242 = EDGE_CURVE('',#1235,#1243,#1245,.T.);
#1243 = VERTEX_POINT('',#1244);
#1244 = CARTESIAN_POINT('',(-20.16069984436,4.254620075226,
    9.536749701056E-08));
#1245 = LINE('',#1246,#1247);
#1246 = CARTESIAN_POINT('',(-20.39999961853,4.09473991394,0.));
#1247 = VECTOR('',#1248,1.);
#1248 = DIRECTION('',(0.831493424588,0.555534593762,0.));
#1249 = ORIENTED_EDGE('',*,*,#1250,.T.);
#1250 = EDGE_CURVE('',#1243,#1251,#1253,.T.);
#1251 = VERTEX_POINT('',#1252);
#1252 = CARTESIAN_POINT('',(-19.94440078735,4.444369792938,
    9.536749701056E-08));
#1253 = LINE('',#1254,#1255);
#1254 = CARTESIAN_POINT('',(-20.16069984436,4.254620075226,0.));
#1255 = VECTOR('',#1256,1.);
#1256 = DIRECTION('',(0.751735503687,0.659464731806,0.));
#1257 = ORIENTED_EDGE('',*,*,#1258,.T.);
#1258 = EDGE_CURVE('',#1251,#1259,#1261,.T.);
#1259 = VERTEX_POINT('',#1260);
#1260 = CARTESIAN_POINT('',(-19.7546005249,4.660729885101,
    9.536749701056E-08));
#1261 = LINE('',#1262,#1263);
#1262 = CARTESIAN_POINT('',(-19.94440078735,4.444369792938,0.));
#1263 = VECTOR('',#1264,1.);
#1264 = DIRECTION('',(0.659458843897,0.751740668852,0.));
#1265 = ORIENTED_EDGE('',*,*,#1266,.T.);
#1266 = EDGE_CURVE('',#1259,#1267,#1269,.T.);
#1267 = VERTEX_POINT('',#1268);
#1268 = CARTESIAN_POINT('',(-19.59469985961,4.900000095367,
    9.536749701056E-08));
#1269 = LINE('',#1270,#1271);
#1270 = CARTESIAN_POINT('',(-19.7546005249,4.660729885101,0.));
#1271 = VECTOR('',#1272,1.);
#1272 = DIRECTION('',(0.55563130329,0.831428803208,0.));
#1273 = ORIENTED_EDGE('',*,*,#1274,.T.);
#1274 = EDGE_CURVE('',#1267,#1275,#1277,.T.);
#1275 = VERTEX_POINT('',#1276);
#1276 = CARTESIAN_POINT('',(-19.46750068664,5.158100128174,
    9.536749701056E-08));
#1277 = LINE('',#1278,#1279);
#1278 = CARTESIAN_POINT('',(-19.59469985961,4.900000095367,0.));
#1279 = VECTOR('',#1280,1.);
#1280 = DIRECTION('',(0.44206034628,0.896985312169,0.));
#1281 = ORIENTED_EDGE('',*,*,#1282,.T.);
#1282 = EDGE_CURVE('',#1275,#1283,#1285,.T.);
#1283 = VERTEX_POINT('',#1284);
#1284 = CARTESIAN_POINT('',(-19.375,5.430600166321,9.536749701056E-08));
#1285 = LINE('',#1286,#1287);
#1286 = CARTESIAN_POINT('',(-19.46750068664,5.158100128174,0.));
#1287 = VECTOR('',#1288,1.);
#1288 = DIRECTION('',(0.32143755884,0.94693077665,0.));
#1289 = ORIENTED_EDGE('',*,*,#1290,.T.);
#1290 = EDGE_CURVE('',#1283,#1291,#1293,.T.);
#1291 = VERTEX_POINT('',#1292);
#1292 = CARTESIAN_POINT('',(-19.31879997253,5.712840080261,
    9.536749701056E-08));
#1293 = LINE('',#1294,#1295);
#1294 = CARTESIAN_POINT('',(-19.375,5.430600166321,0.));
#1295 = VECTOR('',#1296,1.);
#1296 = DIRECTION('',(0.19528759241,0.980746020257,0.));
#1297 = ORIENTED_EDGE('',*,*,#1298,.T.);
#1298 = EDGE_CURVE('',#1291,#1299,#1301,.T.);
#1299 = VERTEX_POINT('',#1300);
#1300 = CARTESIAN_POINT('',(-19.29999923706,6.,9.536749701056E-08));
#1301 = LINE('',#1302,#1303);
#1302 = CARTESIAN_POINT('',(-19.31879997253,5.712840080261,0.));
#1303 = VECTOR('',#1304,1.);
#1304 = DIRECTION('',(6.533143611819E-02,0.997863619667,0.));
#1305 = ORIENTED_EDGE('',*,*,#1306,.T.);
#1306 = EDGE_CURVE('',#1299,#1307,#1309,.T.);
#1307 = VERTEX_POINT('',#1308);
#1308 = CARTESIAN_POINT('',(-19.31879997253,6.287159919739,
    9.536749701056E-08));
#1309 = LINE('',#1310,#1311);
#1310 = CARTESIAN_POINT('',(-19.29999923706,6.,0.));
#1311 = VECTOR('',#1312,1.);
#1312 = DIRECTION('',(-6.533143611819E-02,0.997863619667,0.));
#1313 = ORIENTED_EDGE('',*,*,#1314,.T.);
#1314 = EDGE_CURVE('',#1307,#1315,#1317,.T.);
#1315 = VERTEX_POINT('',#1316);
#1316 = CARTESIAN_POINT('',(-19.375,6.569399833679,9.536749701056E-08));
#1317 = LINE('',#1318,#1319);
#1318 = CARTESIAN_POINT('',(-19.31879997253,6.287159919739,0.));
#1319 = VECTOR('',#1320,1.);
#1320 = DIRECTION('',(-0.19528759241,0.980746020257,0.));
#1321 = ORIENTED_EDGE('',*,*,#1322,.T.);
#1322 = EDGE_CURVE('',#1315,#1323,#1325,.T.);
#1323 = VERTEX_POINT('',#1324);
#1324 = CARTESIAN_POINT('',(-19.46750068664,6.841899871826,
    9.536749701056E-08));
#1325 = LINE('',#1326,#1327);
#1326 = CARTESIAN_POINT('',(-19.375,6.569399833679,0.));
#1327 = VECTOR('',#1328,1.);
#1328 = DIRECTION('',(-0.32143755884,0.94693077665,0.));
#1329 = ORIENTED_EDGE('',*,*,#1330,.T.);
#1330 = EDGE_CURVE('',#1323,#1331,#1333,.T.);
#1331 = VERTEX_POINT('',#1332);
#1332 = CARTESIAN_POINT('',(-19.59469985961,7.099999904633,
    9.536749701056E-08));
#1333 = LINE('',#1334,#1335);
#1334 = CARTESIAN_POINT('',(-19.46750068664,6.841899871826,0.));
#1335 = VECTOR('',#1336,1.);
#1336 = DIRECTION('',(-0.44206034628,0.896985312169,0.));
#1337 = ORIENTED_EDGE('',*,*,#1338,.T.);
#1338 = EDGE_CURVE('',#1331,#1339,#1341,.T.);
#1339 = VERTEX_POINT('',#1340);
#1340 = CARTESIAN_POINT('',(-19.7546005249,7.339270114899,
    9.536749701056E-08));
#1341 = LINE('',#1342,#1343);
#1342 = CARTESIAN_POINT('',(-19.59469985961,7.099999904633,0.));
#1343 = VECTOR('',#1344,1.);
#1344 = DIRECTION('',(-0.55563130329,0.831428803208,0.));
#1345 = ORIENTED_EDGE('',*,*,#1346,.T.);
#1346 = EDGE_CURVE('',#1339,#1347,#1349,.T.);
#1347 = VERTEX_POINT('',#1348);
#1348 = CARTESIAN_POINT('',(-19.94440078735,7.555630207062,
    9.536749701056E-08));
#1349 = LINE('',#1350,#1351);
#1350 = CARTESIAN_POINT('',(-19.7546005249,7.339270114899,0.));
#1351 = VECTOR('',#1352,1.);
#1352 = DIRECTION('',(-0.659458843897,0.751740668852,0.));
#1353 = ORIENTED_EDGE('',*,*,#1354,.T.);
#1354 = EDGE_CURVE('',#1347,#1355,#1357,.T.);
#1355 = VERTEX_POINT('',#1356);
#1356 = CARTESIAN_POINT('',(-20.16069984436,7.745379924774,
    9.536749701056E-08));
#1357 = LINE('',#1358,#1359);
#1358 = CARTESIAN_POINT('',(-19.94440078735,7.555630207062,0.));
#1359 = VECTOR('',#1360,1.);
#1360 = DIRECTION('',(-0.751735503687,0.659464731806,0.));
#1361 = ORIENTED_EDGE('',*,*,#1362,.T.);
#1362 = EDGE_CURVE('',#1355,#1363,#1365,.T.);
#1363 = VERTEX_POINT('',#1364);
#1364 = CARTESIAN_POINT('',(-20.39999961853,7.90526008606,
    9.536749701056E-08));
#1365 = LINE('',#1366,#1367);
#1366 = CARTESIAN_POINT('',(-20.16069984436,7.745379924774,0.));
#1367 = VECTOR('',#1368,1.);
#1368 = DIRECTION('',(-0.831493424588,0.555534593762,0.));
#1369 = ORIENTED_EDGE('',*,*,#1370,.T.);
#1370 = EDGE_CURVE('',#1363,#1371,#1373,.T.);
#1371 = VERTEX_POINT('',#1372);
#1372 = CARTESIAN_POINT('',(-20.65810012817,8.032529830933,
    9.536749701056E-08));
#1373 = LINE('',#1374,#1375);
#1374 = CARTESIAN_POINT('',(-20.39999961853,7.90526008606,0.));
#1375 = VECTOR('',#1376,1.);
#1376 = DIRECTION('',(-0.896888373682,0.442256989944,0.));
#1377 = ORIENTED_EDGE('',*,*,#1378,.T.);
#1378 = EDGE_CURVE('',#1371,#1001,#1379,.T.);
#1379 = LINE('',#1380,#1381);
#1380 = CARTESIAN_POINT('',(-20.65810012817,8.032529830933,0.));
#1381 = VECTOR('',#1382,1.);
#1382 = DIRECTION('',(-0.946920346714,0.321468283005,0.));
#1383 = FACE_BOUND('',#1384,.T.);
#1384 = EDGE_LOOP('',(#1385,#1395,#1403,#1411,#1419,#1427,#1435,#1443,
    #1451,#1459,#1467,#1475,#1483,#1491,#1499,#1507,#1515,#1523,#1531,
    #1539,#1547,#1555,#1563,#1571,#1579,#1587,#1595,#1603,#1611,#1619,
    #1627,#1635,#1643,#1651,#1659,#1667,#1675,#1683,#1691,#1699,#1707,
    #1715,#1723,#1731,#1739,#1747,#1755,#1763));
#1385 = ORIENTED_EDGE('',*,*,#1386,.T.);
#1386 = EDGE_CURVE('',#1387,#1389,#1391,.T.);
#1387 = VERTEX_POINT('',#1388);
#1388 = CARTESIAN_POINT('',(21.212799072266,8.181180000305,
    9.536749701056E-08));
#1389 = VERTEX_POINT('',#1390);
#1390 = CARTESIAN_POINT('',(20.930599212646,8.125040054321,
    9.536749701056E-08));
#1391 = LINE('',#1392,#1393);
#1392 = CARTESIAN_POINT('',(21.212799072266,8.181180000305,0.));
#1393 = VECTOR('',#1394,1.);
#1394 = DIRECTION('',(-0.98078068905,-0.19511340289,0.));
#1395 = ORIENTED_EDGE('',*,*,#1396,.T.);
#1396 = EDGE_CURVE('',#1389,#1397,#1399,.T.);
#1397 = VERTEX_POINT('',#1398);
#1398 = CARTESIAN_POINT('',(20.658100128174,8.032529830933,
    9.536749701056E-08));
#1399 = LINE('',#1400,#1401);
#1400 = CARTESIAN_POINT('',(20.930599212646,8.125040054321,0.));
#1401 = VECTOR('',#1402,1.);
#1402 = DIRECTION('',(-0.946920346714,-0.321468283005,0.));
#1403 = ORIENTED_EDGE('',*,*,#1404,.T.);
#1404 = EDGE_CURVE('',#1397,#1405,#1407,.T.);
#1405 = VERTEX_POINT('',#1406);
#1406 = CARTESIAN_POINT('',(20.39999961853,7.90526008606,
    9.536749701056E-08));
#1407 = LINE('',#1408,#1409);
#1408 = CARTESIAN_POINT('',(20.658100128174,8.032529830933,0.));
#1409 = VECTOR('',#1410,1.);
#1410 = DIRECTION('',(-0.896888373682,-0.442256989944,0.));
#1411 = ORIENTED_EDGE('',*,*,#1412,.T.);
#1412 = EDGE_CURVE('',#1405,#1413,#1415,.T.);
#1413 = VERTEX_POINT('',#1414);
#1414 = CARTESIAN_POINT('',(20.16069984436,7.745379924774,
    9.536749701056E-08));
#1415 = LINE('',#1416,#1417);
#1416 = CARTESIAN_POINT('',(20.39999961853,7.90526008606,0.));
#1417 = VECTOR('',#1418,1.);
#1418 = DIRECTION('',(-0.831493424588,-0.555534593762,0.));
#1419 = ORIENTED_EDGE('',*,*,#1420,.T.);
#1420 = EDGE_CURVE('',#1413,#1421,#1423,.T.);
#1421 = VERTEX_POINT('',#1422);
#1422 = CARTESIAN_POINT('',(19.944400787354,7.555630207062,
    9.536749701056E-08));
#1423 = LINE('',#1424,#1425);
#1424 = CARTESIAN_POINT('',(20.16069984436,7.745379924774,0.));
#1425 = VECTOR('',#1426,1.);
#1426 = DIRECTION('',(-0.751735503687,-0.659464731806,0.));
#1427 = ORIENTED_EDGE('',*,*,#1428,.T.);
#1428 = EDGE_CURVE('',#1421,#1429,#1431,.T.);
#1429 = VERTEX_POINT('',#1430);
#1430 = CARTESIAN_POINT('',(19.754600524902,7.339270114899,
    9.536749701056E-08));
#1431 = LINE('',#1432,#1433);
#1432 = CARTESIAN_POINT('',(19.944400787354,7.555630207062,0.));
#1433 = VECTOR('',#1434,1.);
#1434 = DIRECTION('',(-0.659458843897,-0.751740668852,0.));
#1435 = ORIENTED_EDGE('',*,*,#1436,.T.);
#1436 = EDGE_CURVE('',#1429,#1437,#1439,.T.);
#1437 = VERTEX_POINT('',#1438);
#1438 = CARTESIAN_POINT('',(19.594699859619,7.099999904633,
    9.536749701056E-08));
#1439 = LINE('',#1440,#1441);
#1440 = CARTESIAN_POINT('',(19.754600524902,7.339270114899,0.));
#1441 = VECTOR('',#1442,1.);
#1442 = DIRECTION('',(-0.55563130329,-0.831428803208,0.));
#1443 = ORIENTED_EDGE('',*,*,#1444,.T.);
#1444 = EDGE_CURVE('',#1437,#1445,#1447,.T.);
#1445 = VERTEX_POINT('',#1446);
#1446 = CARTESIAN_POINT('',(19.467500686646,6.841899871826,
    9.536749701056E-08));
#1447 = LINE('',#1448,#1449);
#1448 = CARTESIAN_POINT('',(19.594699859619,7.099999904633,0.));
#1449 = VECTOR('',#1450,1.);
#1450 = DIRECTION('',(-0.44206034628,-0.896985312169,0.));
#1451 = ORIENTED_EDGE('',*,*,#1452,.T.);
#1452 = EDGE_CURVE('',#1445,#1453,#1455,.T.);
#1453 = VERTEX_POINT('',#1454);
#1454 = CARTESIAN_POINT('',(19.375,6.569399833679,9.536749701056E-08));
#1455 = LINE('',#1456,#1457);
#1456 = CARTESIAN_POINT('',(19.467500686646,6.841899871826,0.));
#1457 = VECTOR('',#1458,1.);
#1458 = DIRECTION('',(-0.32143755884,-0.94693077665,0.));
#1459 = ORIENTED_EDGE('',*,*,#1460,.T.);
#1460 = EDGE_CURVE('',#1453,#1461,#1463,.T.);
#1461 = VERTEX_POINT('',#1462);
#1462 = CARTESIAN_POINT('',(19.318799972534,6.287159919739,
    9.536749701056E-08));
#1463 = LINE('',#1464,#1465);
#1464 = CARTESIAN_POINT('',(19.375,6.569399833679,0.));
#1465 = VECTOR('',#1466,1.);
#1466 = DIRECTION('',(-0.19528759241,-0.980746020257,0.));
#1467 = ORIENTED_EDGE('',*,*,#1468,.T.);
#1468 = EDGE_CURVE('',#1461,#1469,#1471,.T.);
#1469 = VERTEX_POINT('',#1470);
#1470 = CARTESIAN_POINT('',(19.299999237061,6.,9.536749701056E-08));
#1471 = LINE('',#1472,#1473);
#1472 = CARTESIAN_POINT('',(19.318799972534,6.287159919739,0.));
#1473 = VECTOR('',#1474,1.);
#1474 = DIRECTION('',(-6.533143611819E-02,-0.997863619667,0.));
#1475 = ORIENTED_EDGE('',*,*,#1476,.T.);
#1476 = EDGE_CURVE('',#1469,#1477,#1479,.T.);
#1477 = VERTEX_POINT('',#1478);
#1478 = CARTESIAN_POINT('',(19.318799972534,5.712840080261,
    9.536749701056E-08));
#1479 = LINE('',#1480,#1481);
#1480 = CARTESIAN_POINT('',(19.299999237061,6.,0.));
#1481 = VECTOR('',#1482,1.);
#1482 = DIRECTION('',(6.533143611819E-02,-0.997863619667,0.));
#1483 = ORIENTED_EDGE('',*,*,#1484,.T.);
#1484 = EDGE_CURVE('',#1477,#1485,#1487,.T.);
#1485 = VERTEX_POINT('',#1486);
#1486 = CARTESIAN_POINT('',(19.375,5.430600166321,9.536749701056E-08));
#1487 = LINE('',#1488,#1489);
#1488 = CARTESIAN_POINT('',(19.318799972534,5.712840080261,0.));
#1489 = VECTOR('',#1490,1.);
#1490 = DIRECTION('',(0.19528759241,-0.980746020257,0.));
#1491 = ORIENTED_EDGE('',*,*,#1492,.T.);
#1492 = EDGE_CURVE('',#1485,#1493,#1495,.T.);
#1493 = VERTEX_POINT('',#1494);
#1494 = CARTESIAN_POINT('',(19.467500686646,5.158100128174,
    9.536749701056E-08));
#1495 = LINE('',#1496,#1497);
#1496 = CARTESIAN_POINT('',(19.375,5.430600166321,0.));
#1497 = VECTOR('',#1498,1.);
#1498 = DIRECTION('',(0.32143755884,-0.94693077665,0.));
#1499 = ORIENTED_EDGE('',*,*,#1500,.T.);
#1500 = EDGE_CURVE('',#1493,#1501,#1503,.T.);
#1501 = VERTEX_POINT('',#1502);
#1502 = CARTESIAN_POINT('',(19.594699859619,4.900000095367,
    9.536749701056E-08));
#1503 = LINE('',#1504,#1505);
#1504 = CARTESIAN_POINT('',(19.467500686646,5.158100128174,0.));
#1505 = VECTOR('',#1506,1.);
#1506 = DIRECTION('',(0.44206034628,-0.896985312169,0.));
#1507 = ORIENTED_EDGE('',*,*,#1508,.T.);
#1508 = EDGE_CURVE('',#1501,#1509,#1511,.T.);
#1509 = VERTEX_POINT('',#1510);
#1510 = CARTESIAN_POINT('',(19.754600524902,4.660729885101,
    9.536749701056E-08));
#1511 = LINE('',#1512,#1513);
#1512 = CARTESIAN_POINT('',(19.594699859619,4.900000095367,0.));
#1513 = VECTOR('',#1514,1.);
#1514 = DIRECTION('',(0.55563130329,-0.831428803208,0.));
#1515 = ORIENTED_EDGE('',*,*,#1516,.T.);
#1516 = EDGE_CURVE('',#1509,#1517,#1519,.T.);
#1517 = VERTEX_POINT('',#1518);
#1518 = CARTESIAN_POINT('',(19.944400787354,4.444369792938,
    9.536749701056E-08));
#1519 = LINE('',#1520,#1521);
#1520 = CARTESIAN_POINT('',(19.754600524902,4.660729885101,0.));
#1521 = VECTOR('',#1522,1.);
#1522 = DIRECTION('',(0.659458843897,-0.751740668852,0.));
#1523 = ORIENTED_EDGE('',*,*,#1524,.T.);
#1524 = EDGE_CURVE('',#1517,#1525,#1527,.T.);
#1525 = VERTEX_POINT('',#1526);
#1526 = CARTESIAN_POINT('',(20.16069984436,4.254620075226,
    9.536749701056E-08));
#1527 = LINE('',#1528,#1529);
#1528 = CARTESIAN_POINT('',(19.944400787354,4.444369792938,0.));
#1529 = VECTOR('',#1530,1.);
#1530 = DIRECTION('',(0.751735503687,-0.659464731806,0.));
#1531 = ORIENTED_EDGE('',*,*,#1532,.T.);
#1532 = EDGE_CURVE('',#1525,#1533,#1535,.T.);
#1533 = VERTEX_POINT('',#1534);
#1534 = CARTESIAN_POINT('',(20.39999961853,4.09473991394,
    9.536749701056E-08));
#1535 = LINE('',#1536,#1537);
#1536 = CARTESIAN_POINT('',(20.16069984436,4.254620075226,0.));
#1537 = VECTOR('',#1538,1.);
#1538 = DIRECTION('',(0.831493424588,-0.555534593762,0.));
#1539 = ORIENTED_EDGE('',*,*,#1540,.T.);
#1540 = EDGE_CURVE('',#1533,#1541,#1543,.T.);
#1541 = VERTEX_POINT('',#1542);
#1542 = CARTESIAN_POINT('',(20.658100128174,3.967469930649,
    9.536749701056E-08));
#1543 = LINE('',#1544,#1545);
#1544 = CARTESIAN_POINT('',(20.39999961853,4.09473991394,0.));
#1545 = VECTOR('',#1546,1.);
#1546 = DIRECTION('',(0.896888045055,-0.442257656392,0.));
#1547 = ORIENTED_EDGE('',*,*,#1548,.T.);
#1548 = EDGE_CURVE('',#1541,#1549,#1551,.T.);
#1549 = VERTEX_POINT('',#1550);
#1550 = CARTESIAN_POINT('',(20.930599212646,3.874959945679,
    9.536749701056E-08));
#1551 = LINE('',#1552,#1553);
#1552 = CARTESIAN_POINT('',(20.658100128174,3.967469930649,0.));
#1553 = VECTOR('',#1554,1.);
#1554 = DIRECTION('',(0.946920598911,-0.32146754013,0.));
#1555 = ORIENTED_EDGE('',*,*,#1556,.T.);
#1556 = EDGE_CURVE('',#1549,#1557,#1559,.T.);
#1557 = VERTEX_POINT('',#1558);
#1558 = CARTESIAN_POINT('',(21.212799072266,3.818819999695,
    9.536749701056E-08));
#1559 = LINE('',#1560,#1561);
#1560 = CARTESIAN_POINT('',(20.930599212646,3.874959945679,0.));
#1561 = VECTOR('',#1562,1.);
#1562 = DIRECTION('',(0.98078068905,-0.19511340289,0.));
#1563 = ORIENTED_EDGE('',*,*,#1564,.T.);
#1564 = EDGE_CURVE('',#1557,#1565,#1567,.T.);
#1565 = VERTEX_POINT('',#1566);
#1566 = CARTESIAN_POINT('',(21.5,3.799999952316,9.536749701056E-08));
#1567 = LINE('',#1568,#1569);
#1568 = CARTESIAN_POINT('',(21.212799072266,3.818819999695,0.));
#1569 = VECTOR('',#1570,1.);
#1570 = DIRECTION('',(0.997859851903,-6.538895900548E-02,0.));
#1571 = ORIENTED_EDGE('',*,*,#1572,.T.);
#1572 = EDGE_CURVE('',#1565,#1573,#1575,.T.);
#1573 = VERTEX_POINT('',#1574);
#1574 = CARTESIAN_POINT('',(21.787200927734,3.818819999695,
    9.536749701056E-08));
#1575 = LINE('',#1576,#1577);
#1576 = CARTESIAN_POINT('',(21.5,3.799999952316,0.));
#1577 = VECTOR('',#1578,1.);
#1578 = DIRECTION('',(0.997859851903,6.538895900548E-02,0.));
#1579 = ORIENTED_EDGE('',*,*,#1580,.T.);
#1580 = EDGE_CURVE('',#1573,#1581,#1583,.T.);
#1581 = VERTEX_POINT('',#1582);
#1582 = CARTESIAN_POINT('',(22.069400787354,3.874959945679,
    9.536749701056E-08));
#1583 = LINE('',#1584,#1585);
#1584 = CARTESIAN_POINT('',(21.787200927734,3.818819999695,0.));
#1585 = VECTOR('',#1586,1.);
#1586 = DIRECTION('',(0.98078068905,0.19511340289,0.));
#1587 = ORIENTED_EDGE('',*,*,#1588,.T.);
#1588 = EDGE_CURVE('',#1581,#1589,#1591,.T.);
#1589 = VERTEX_POINT('',#1590);
#1590 = CARTESIAN_POINT('',(22.341899871826,3.967469930649,
    9.536749701056E-08));
#1591 = LINE('',#1592,#1593);
#1592 = CARTESIAN_POINT('',(22.069400787354,3.874959945679,0.));
#1593 = VECTOR('',#1594,1.);
#1594 = DIRECTION('',(0.946920598911,0.32146754013,0.));
#1595 = ORIENTED_EDGE('',*,*,#1596,.T.);
#1596 = EDGE_CURVE('',#1589,#1597,#1599,.T.);
#1597 = VERTEX_POINT('',#1598);
#1598 = CARTESIAN_POINT('',(22.60000038147,4.09473991394,
    9.536749701056E-08));
#1599 = LINE('',#1600,#1601);
#1600 = CARTESIAN_POINT('',(22.341899871826,3.967469930649,0.));
#1601 = VECTOR('',#1602,1.);
#1602 = DIRECTION('',(0.896888045055,0.442257656392,0.));
#1603 = ORIENTED_EDGE('',*,*,#1604,.T.);
#1604 = EDGE_CURVE('',#1597,#1605,#1607,.T.);
#1605 = VERTEX_POINT('',#1606);
#1606 = CARTESIAN_POINT('',(22.83930015564,4.254620075226,
    9.536749701056E-08));
#1607 = LINE('',#1608,#1609);
#1608 = CARTESIAN_POINT('',(22.60000038147,4.09473991394,0.));
#1609 = VECTOR('',#1610,1.);
#1610 = DIRECTION('',(0.831493424588,0.555534593762,0.));
#1611 = ORIENTED_EDGE('',*,*,#1612,.T.);
#1612 = EDGE_CURVE('',#1605,#1613,#1615,.T.);
#1613 = VERTEX_POINT('',#1614);
#1614 = CARTESIAN_POINT('',(23.055599212646,4.444369792938,
    9.536749701056E-08));
#1615 = LINE('',#1616,#1617);
#1616 = CARTESIAN_POINT('',(22.83930015564,4.254620075226,0.));
#1617 = VECTOR('',#1618,1.);
#1618 = DIRECTION('',(0.751735503687,0.659464731806,0.));
#1619 = ORIENTED_EDGE('',*,*,#1620,.T.);
#1620 = EDGE_CURVE('',#1613,#1621,#1623,.T.);
#1621 = VERTEX_POINT('',#1622);
#1622 = CARTESIAN_POINT('',(23.245399475098,4.660729885101,
    9.536749701056E-08));
#1623 = LINE('',#1624,#1625);
#1624 = CARTESIAN_POINT('',(23.055599212646,4.444369792938,0.));
#1625 = VECTOR('',#1626,1.);
#1626 = DIRECTION('',(0.659458843897,0.751740668852,0.));
#1627 = ORIENTED_EDGE('',*,*,#1628,.T.);
#1628 = EDGE_CURVE('',#1621,#1629,#1631,.T.);
#1629 = VERTEX_POINT('',#1630);
#1630 = CARTESIAN_POINT('',(23.405300140381,4.900000095367,
    9.536749701056E-08));
#1631 = LINE('',#1632,#1633);
#1632 = CARTESIAN_POINT('',(23.245399475098,4.660729885101,0.));
#1633 = VECTOR('',#1634,1.);
#1634 = DIRECTION('',(0.55563130329,0.831428803208,0.));
#1635 = ORIENTED_EDGE('',*,*,#1636,.T.);
#1636 = EDGE_CURVE('',#1629,#1637,#1639,.T.);
#1637 = VERTEX_POINT('',#1638);
#1638 = CARTESIAN_POINT('',(23.532499313354,5.158100128174,
    9.536749701056E-08));
#1639 = LINE('',#1640,#1641);
#1640 = CARTESIAN_POINT('',(23.405300140381,4.900000095367,0.));
#1641 = VECTOR('',#1642,1.);
#1642 = DIRECTION('',(0.44206034628,0.896985312169,0.));
#1643 = ORIENTED_EDGE('',*,*,#1644,.T.);
#1644 = EDGE_CURVE('',#1637,#1645,#1647,.T.);
#1645 = VERTEX_POINT('',#1646);
#1646 = CARTESIAN_POINT('',(23.625,5.430600166321,9.536749701056E-08));
#1647 = LINE('',#1648,#1649);
#1648 = CARTESIAN_POINT('',(23.532499313354,5.158100128174,0.));
#1649 = VECTOR('',#1650,1.);
#1650 = DIRECTION('',(0.32143755884,0.94693077665,0.));
#1651 = ORIENTED_EDGE('',*,*,#1652,.T.);
#1652 = EDGE_CURVE('',#1645,#1653,#1655,.T.);
#1653 = VERTEX_POINT('',#1654);
#1654 = CARTESIAN_POINT('',(23.681200027466,5.712840080261,
    9.536749701056E-08));
#1655 = LINE('',#1656,#1657);
#1656 = CARTESIAN_POINT('',(23.625,5.430600166321,0.));
#1657 = VECTOR('',#1658,1.);
#1658 = DIRECTION('',(0.19528759241,0.980746020257,0.));
#1659 = ORIENTED_EDGE('',*,*,#1660,.T.);
#1660 = EDGE_CURVE('',#1653,#1661,#1663,.T.);
#1661 = VERTEX_POINT('',#1662);
#1662 = CARTESIAN_POINT('',(23.700000762939,6.,9.536749701056E-08));
#1663 = LINE('',#1664,#1665);
#1664 = CARTESIAN_POINT('',(23.681200027466,5.712840080261,0.));
#1665 = VECTOR('',#1666,1.);
#1666 = DIRECTION('',(6.533143611819E-02,0.997863619667,0.));
#1667 = ORIENTED_EDGE('',*,*,#1668,.T.);
#1668 = EDGE_CURVE('',#1661,#1669,#1671,.T.);
#1669 = VERTEX_POINT('',#1670);
#1670 = CARTESIAN_POINT('',(23.681200027466,6.287159919739,
    9.536749701056E-08));
#1671 = LINE('',#1672,#1673);
#1672 = CARTESIAN_POINT('',(23.700000762939,6.,0.));
#1673 = VECTOR('',#1674,1.);
#1674 = DIRECTION('',(-6.533143611819E-02,0.997863619667,0.));
#1675 = ORIENTED_EDGE('',*,*,#1676,.T.);
#1676 = EDGE_CURVE('',#1669,#1677,#1679,.T.);
#1677 = VERTEX_POINT('',#1678);
#1678 = CARTESIAN_POINT('',(23.625,6.569399833679,9.536749701056E-08));
#1679 = LINE('',#1680,#1681);
#1680 = CARTESIAN_POINT('',(23.681200027466,6.287159919739,0.));
#1681 = VECTOR('',#1682,1.);
#1682 = DIRECTION('',(-0.19528759241,0.980746020257,0.));
#1683 = ORIENTED_EDGE('',*,*,#1684,.T.);
#1684 = EDGE_CURVE('',#1677,#1685,#1687,.T.);
#1685 = VERTEX_POINT('',#1686);
#1686 = CARTESIAN_POINT('',(23.532499313354,6.841899871826,
    9.536749701056E-08));
#1687 = LINE('',#1688,#1689);
#1688 = CARTESIAN_POINT('',(23.625,6.569399833679,0.));
#1689 = VECTOR('',#1690,1.);
#1690 = DIRECTION('',(-0.32143755884,0.94693077665,0.));
#1691 = ORIENTED_EDGE('',*,*,#1692,.T.);
#1692 = EDGE_CURVE('',#1685,#1693,#1695,.T.);
#1693 = VERTEX_POINT('',#1694);
#1694 = CARTESIAN_POINT('',(23.405300140381,7.099999904633,
    9.536749701056E-08));
#1695 = LINE('',#1696,#1697);
#1696 = CARTESIAN_POINT('',(23.532499313354,6.841899871826,0.));
#1697 = VECTOR('',#1698,1.);
#1698 = DIRECTION('',(-0.44206034628,0.896985312169,0.));
#1699 = ORIENTED_EDGE('',*,*,#1700,.T.);
#1700 = EDGE_CURVE('',#1693,#1701,#1703,.T.);
#1701 = VERTEX_POINT('',#1702);
#1702 = CARTESIAN_POINT('',(23.245399475098,7.339270114899,
    9.536749701056E-08));
#1703 = LINE('',#1704,#1705);
#1704 = CARTESIAN_POINT('',(23.405300140381,7.099999904633,0.));
#1705 = VECTOR('',#1706,1.);
#1706 = DIRECTION('',(-0.55563130329,0.831428803208,0.));
#1707 = ORIENTED_EDGE('',*,*,#1708,.T.);
#1708 = EDGE_CURVE('',#1701,#1709,#1711,.T.);
#1709 = VERTEX_POINT('',#1710);
#1710 = CARTESIAN_POINT('',(23.055599212646,7.555630207062,
    9.536749701056E-08));
#1711 = LINE('',#1712,#1713);
#1712 = CARTESIAN_POINT('',(23.245399475098,7.339270114899,0.));
#1713 = VECTOR('',#1714,1.);
#1714 = DIRECTION('',(-0.659458843897,0.751740668852,0.));
#1715 = ORIENTED_EDGE('',*,*,#1716,.T.);
#1716 = EDGE_CURVE('',#1709,#1717,#1719,.T.);
#1717 = VERTEX_POINT('',#1718);
#1718 = CARTESIAN_POINT('',(22.83930015564,7.745379924774,
    9.536749701056E-08));
#1719 = LINE('',#1720,#1721);
#1720 = CARTESIAN_POINT('',(23.055599212646,7.555630207062,0.));
#1721 = VECTOR('',#1722,1.);
#1722 = DIRECTION('',(-0.751735503687,0.659464731806,0.));
#1723 = ORIENTED_EDGE('',*,*,#1724,.T.);
#1724 = EDGE_CURVE('',#1717,#1725,#1727,.T.);
#1725 = VERTEX_POINT('',#1726);
#1726 = CARTESIAN_POINT('',(22.60000038147,7.90526008606,
    9.536749701056E-08));
#1727 = LINE('',#1728,#1729);
#1728 = CARTESIAN_POINT('',(22.83930015564,7.745379924774,0.));
#1729 = VECTOR('',#1730,1.);
#1730 = DIRECTION('',(-0.831493424588,0.555534593762,0.));
#1731 = ORIENTED_EDGE('',*,*,#1732,.T.);
#1732 = EDGE_CURVE('',#1725,#1733,#1735,.T.);
#1733 = VERTEX_POINT('',#1734);
#1734 = CARTESIAN_POINT('',(22.341899871826,8.032529830933,
    9.536749701056E-08));
#1735 = LINE('',#1736,#1737);
#1736 = CARTESIAN_POINT('',(22.60000038147,7.90526008606,0.));
#1737 = VECTOR('',#1738,1.);
#1738 = DIRECTION('',(-0.896888373682,0.442256989944,0.));
#1739 = ORIENTED_EDGE('',*,*,#1740,.T.);
#1740 = EDGE_CURVE('',#1733,#1741,#1743,.T.);
#1741 = VERTEX_POINT('',#1742);
#1742 = CARTESIAN_POINT('',(22.069400787354,8.125040054321,
    9.536749701056E-08));
#1743 = LINE('',#1744,#1745);
#1744 = CARTESIAN_POINT('',(22.341899871826,8.032529830933,0.));
#1745 = VECTOR('',#1746,1.);
#1746 = DIRECTION('',(-0.946920346714,0.321468283005,0.));
#1747 = ORIENTED_EDGE('',*,*,#1748,.T.);
#1748 = EDGE_CURVE('',#1741,#1749,#1751,.T.);
#1749 = VERTEX_POINT('',#1750);
#1750 = CARTESIAN_POINT('',(21.787200927734,8.181180000305,
    9.536749701056E-08));
#1751 = LINE('',#1752,#1753);
#1752 = CARTESIAN_POINT('',(22.069400787354,8.125040054321,0.));
#1753 = VECTOR('',#1754,1.);
#1754 = DIRECTION('',(-0.98078068905,0.19511340289,0.));
#1755 = ORIENTED_EDGE('',*,*,#1756,.T.);
#1756 = EDGE_CURVE('',#1749,#1757,#1759,.T.);
#1757 = VERTEX_POINT('',#1758);
#1758 = CARTESIAN_POINT('',(21.5,8.199999809265,9.536749701056E-08));
#1759 = LINE('',#1760,#1761);
#1760 = CARTESIAN_POINT('',(21.787200927734,8.181180000305,0.));
#1761 = VECTOR('',#1762,1.);
#1762 = DIRECTION('',(-0.997859905953,6.538813417835E-02,0.));
#1763 = ORIENTED_EDGE('',*,*,#1764,.T.);
#1764 = EDGE_CURVE('',#1757,#1387,#1765,.T.);
#1765 = LINE('',#1766,#1767);
#1766 = CARTESIAN_POINT('',(21.5,8.199999809265,0.));
#1767 = VECTOR('',#1768,1.);
#1768 = DIRECTION('',(-0.997859905953,-6.538813417835E-02,0.));
#1769 = PLANE('',#1770);
#1770 = AXIS2_PLACEMENT_3D('',#1771,#1772,#1773);
#1771 = CARTESIAN_POINT('',(-5.28371902073E-17,18.238203178078,0.));
#1772 = DIRECTION('',(-0.,-0.,-1.));
#1773 = DIRECTION('',(-1.,0.,0.));
#1774 = ADVANCED_FACE('',(#1775),#1809,.T.);
#1775 = FACE_BOUND('',#1776,.T.);
#1776 = EDGE_LOOP('',(#1777,#1787,#1795,#1803));
#1777 = ORIENTED_EDGE('',*,*,#1778,.T.);
#1778 = EDGE_CURVE('',#1779,#1781,#1783,.T.);
#1779 = VERTEX_POINT('',#1780);
#1780 = CARTESIAN_POINT('',(5.099999904633,0.,4.199999809265));
#1781 = VERTEX_POINT('',#1782);
#1782 = CARTESIAN_POINT('',(5.099999904633,0.,6.550000190735));
#1783 = LINE('',#1784,#1785);
#1784 = CARTESIAN_POINT('',(5.099999904633,0.,4.199999809265));
#1785 = VECTOR('',#1786,1.);
#1786 = DIRECTION('',(0.,0.,1.));
#1787 = ORIENTED_EDGE('',*,*,#1788,.T.);
#1788 = EDGE_CURVE('',#1781,#1789,#1791,.T.);
#1789 = VERTEX_POINT('',#1790);
#1790 = CARTESIAN_POINT('',(5.099999904633,-1.600000023842,
    6.550000190735));
#1791 = LINE('',#1792,#1793);
#1792 = CARTESIAN_POINT('',(5.099999904633,0.,6.550000190735));
#1793 = VECTOR('',#1794,1.);
#1794 = DIRECTION('',(0.,-1.,0.));
#1795 = ORIENTED_EDGE('',*,*,#1796,.F.);
#1796 = EDGE_CURVE('',#1797,#1789,#1799,.T.);
#1797 = VERTEX_POINT('',#1798);
#1798 = CARTESIAN_POINT('',(5.099999904633,-1.600000023842,
    4.199999809265));
#1799 = LINE('',#1800,#1801);
#1800 = CARTESIAN_POINT('',(5.099999904633,-1.600000023842,
    4.199999809265));
#1801 = VECTOR('',#1802,1.);
#1802 = DIRECTION('',(0.,0.,1.));
#1803 = ORIENTED_EDGE('',*,*,#1804,.F.);
#1804 = EDGE_CURVE('',#1779,#1797,#1805,.T.);
#1805 = LINE('',#1806,#1807);
#1806 = CARTESIAN_POINT('',(5.099999904633,0.,4.199999809265));
#1807 = VECTOR('',#1808,1.);
#1808 = DIRECTION('',(0.,-1.,0.));
#1809 = PLANE('',#1810);
#1810 = AXIS2_PLACEMENT_3D('',#1811,#1812,#1813);
#1811 = CARTESIAN_POINT('',(5.099999904633,-0.800000011921,5.375));
#1812 = DIRECTION('',(1.,0.,0.));
#1813 = DIRECTION('',(-0.,0.,1.));
#1814 = ADVANCED_FACE('',(#1815,#2256,#3122,#3156,#3190,#3224,#3258,
    #3292,#3678),#4064,.T.);
#1815 = FACE_BOUND('',#1816,.T.);
#1816 = EDGE_LOOP('',(#1817,#1827,#1835,#1843,#1851,#1859,#1867,#1875,
    #1883,#1891,#1899,#1907,#1915,#1921,#1922,#1930,#1938,#1946,#1954,
    #1962,#1970,#1978,#1986,#1994,#2002,#2010,#2018,#2026,#2034,#2042,
    #2050,#2058,#2066,#2074,#2082,#2090,#2098,#2106,#2114,#2122,#2130,
    #2138,#2146,#2154,#2162,#2170,#2178,#2186,#2194,#2202,#2210,#2218,
    #2226,#2234,#2242,#2250));
#1817 = ORIENTED_EDGE('',*,*,#1818,.F.);
#1818 = EDGE_CURVE('',#1819,#1821,#1823,.T.);
#1819 = VERTEX_POINT('',#1820);
#1820 = CARTESIAN_POINT('',(-27.67049980163,0.869266986847,
    4.199999809265));
#1821 = VERTEX_POINT('',#1822);
#1822 = CARTESIAN_POINT('',(-27.83869934082,1.364719986916,
    4.199999809265));
#1823 = LINE('',#1824,#1825);
#1824 = CARTESIAN_POINT('',(-27.67049980163,0.869266986847,
    4.199999809265));
#1825 = VECTOR('',#1826,1.);
#1826 = DIRECTION('',(-0.321466727901,0.946920874652,0.));
#1827 = ORIENTED_EDGE('',*,*,#1828,.F.);
#1828 = EDGE_CURVE('',#1829,#1819,#1831,.T.);
#1829 = VERTEX_POINT('',#1830);
#1830 = CARTESIAN_POINT('',(-27.4391002655,0.40000000596,4.199999809265)
  );
#1831 = LINE('',#1832,#1833);
#1832 = CARTESIAN_POINT('',(-27.4391002655,0.40000000596,4.199999809265)
  );
#1833 = VECTOR('',#1834,1.);
#1834 = DIRECTION('',(-0.442262048791,0.896885879139,0.));
#1835 = ORIENTED_EDGE('',*,*,#1836,.F.);
#1836 = EDGE_CURVE('',#1837,#1829,#1839,.T.);
#1837 = VERTEX_POINT('',#1838);
#1838 = CARTESIAN_POINT('',(-27.14839935302,-3.50446999073E-02,
    4.199999809265));
#1839 = LINE('',#1840,#1841);
#1840 = CARTESIAN_POINT('',(-27.14839935302,-3.50446999073E-02,
    4.199999809265));
#1841 = VECTOR('',#1842,1.);
#1842 = DIRECTION('',(-0.555587850321,0.831457840528,0.));
#1843 = ORIENTED_EDGE('',*,*,#1844,.F.);
#1844 = EDGE_CURVE('',#1845,#1837,#1847,.T.);
#1845 = VERTEX_POINT('',#1846);
#1846 = CARTESIAN_POINT('',(-26.80340003967,-0.428425997496,
    4.199999809265));
#1847 = LINE('',#1848,#1849);
#1848 = CARTESIAN_POINT('',(-26.80340003967,-0.428425997496,
    4.199999809265));
#1849 = VECTOR('',#1850,1.);
#1850 = DIRECTION('',(-0.659360047622,0.751827325654,0.));
#1851 = ORIENTED_EDGE('',*,*,#1852,.F.);
#1852 = EDGE_CURVE('',#1853,#1845,#1855,.T.);
#1853 = VERTEX_POINT('',#1854);
#1854 = CARTESIAN_POINT('',(-26.40999984741,-0.773413002491,
    4.199999809265));
#1855 = LINE('',#1856,#1857);
#1856 = CARTESIAN_POINT('',(-26.40999984741,-0.773413002491,
    4.199999809265));
#1857 = VECTOR('',#1858,1.);
#1858 = DIRECTION('',(-0.751854685558,0.659328849516,0.));
#1859 = ORIENTED_EDGE('',*,*,#1860,.F.);
#1860 = EDGE_CURVE('',#1861,#1853,#1863,.T.);
#1861 = VERTEX_POINT('',#1862);
#1862 = CARTESIAN_POINT('',(-25.97500038147,-1.064100027084,
    4.199999809265));
#1863 = LINE('',#1864,#1865);
#1864 = CARTESIAN_POINT('',(-25.97500038147,-1.064100027084,
    4.199999809265));
#1865 = VECTOR('',#1866,1.);
#1866 = DIRECTION('',(-0.831443411178,0.555609443772,0.));
#1867 = ORIENTED_EDGE('',*,*,#1868,.F.);
#1868 = EDGE_CURVE('',#1869,#1861,#1871,.T.);
#1869 = VERTEX_POINT('',#1870);
#1870 = CARTESIAN_POINT('',(-25.50569915771,-1.295519948006,
    4.199999809265));
#1871 = LINE('',#1872,#1873);
#1872 = CARTESIAN_POINT('',(-25.50569915771,-1.295519948006,
    4.199999809265));
#1873 = VECTOR('',#1874,1.);
#1874 = DIRECTION('',(-0.896883226429,0.442267428317,0.));
#1875 = ORIENTED_EDGE('',*,*,#1876,.F.);
#1876 = EDGE_CURVE('',#1877,#1869,#1879,.T.);
#1877 = VERTEX_POINT('',#1878);
#1878 = CARTESIAN_POINT('',(-25.01029968261,-1.463700056076,
    4.199999809265));
#1879 = LINE('',#1880,#1881);
#1880 = CARTESIAN_POINT('',(-25.01029968261,-1.463700056076,
    4.199999809265));
#1881 = VECTOR('',#1882,1.);
#1882 = DIRECTION('',(-0.946921607844,0.321464568185,0.));
#1883 = ORIENTED_EDGE('',*,*,#1884,.F.);
#1884 = EDGE_CURVE('',#1885,#1877,#1887,.T.);
#1885 = VERTEX_POINT('',#1886);
#1886 = CARTESIAN_POINT('',(-24.49710083007,-1.565780043602,
    4.199999809265));
#1887 = LINE('',#1888,#1889);
#1888 = CARTESIAN_POINT('',(-24.49710083007,-1.565780043602,
    4.199999809265));
#1889 = VECTOR('',#1890,1.);
#1890 = DIRECTION('',(-0.980785869567,0.195087360067,0.));
#1891 = ORIENTED_EDGE('',*,*,#1892,.F.);
#1892 = EDGE_CURVE('',#1893,#1885,#1895,.T.);
#1893 = VERTEX_POINT('',#1894);
#1894 = CARTESIAN_POINT('',(-23.97500038147,-1.600000023842,
    4.199999809265));
#1895 = LINE('',#1896,#1897);
#1896 = CARTESIAN_POINT('',(-23.97500038147,-1.600000023842,
    4.199999809265));
#1897 = VECTOR('',#1898,1.);
#1898 = DIRECTION('',(-0.997858959548,6.540257524952E-02,0.));
#1899 = ORIENTED_EDGE('',*,*,#1900,.F.);
#1900 = EDGE_CURVE('',#1901,#1893,#1903,.T.);
#1901 = VERTEX_POINT('',#1902);
#1902 = CARTESIAN_POINT('',(-5.099999904633,-1.600000023842,
    4.199999809265));
#1903 = LINE('',#1904,#1905);
#1904 = CARTESIAN_POINT('',(-5.099999904633,-1.600000023842,
    4.199999809265));
#1905 = VECTOR('',#1906,1.);
#1906 = DIRECTION('',(-1.,0.,0.));
#1907 = ORIENTED_EDGE('',*,*,#1908,.T.);
#1908 = EDGE_CURVE('',#1901,#1909,#1911,.T.);
#1909 = VERTEX_POINT('',#1910);
#1910 = CARTESIAN_POINT('',(-5.099999904633,0.,4.199999809265));
#1911 = LINE('',#1912,#1913);
#1912 = CARTESIAN_POINT('',(-5.099999904633,-1.600000023842,
    4.199999809265));
#1913 = VECTOR('',#1914,1.);
#1914 = DIRECTION('',(0.,1.,0.));
#1915 = ORIENTED_EDGE('',*,*,#1916,.T.);
#1916 = EDGE_CURVE('',#1909,#1779,#1917,.T.);
#1917 = LINE('',#1918,#1919);
#1918 = CARTESIAN_POINT('',(-5.099999904633,0.,4.199999809265));
#1919 = VECTOR('',#1920,1.);
#1920 = DIRECTION('',(1.,0.,0.));
#1921 = ORIENTED_EDGE('',*,*,#1804,.T.);
#1922 = ORIENTED_EDGE('',*,*,#1923,.F.);
#1923 = EDGE_CURVE('',#1924,#1797,#1926,.T.);
#1924 = VERTEX_POINT('',#1925);
#1925 = CARTESIAN_POINT('',(23.97500038147,-1.600000023842,
    4.199999809265));
#1926 = LINE('',#1927,#1928);
#1927 = CARTESIAN_POINT('',(23.97500038147,-1.600000023842,
    4.199999809265));
#1928 = VECTOR('',#1929,1.);
#1929 = DIRECTION('',(-1.,0.,0.));
#1930 = ORIENTED_EDGE('',*,*,#1931,.F.);
#1931 = EDGE_CURVE('',#1932,#1924,#1934,.T.);
#1932 = VERTEX_POINT('',#1933);
#1933 = CARTESIAN_POINT('',(24.497100830078,-1.565780043602,
    4.199999809265));
#1934 = LINE('',#1935,#1936);
#1935 = CARTESIAN_POINT('',(24.497100830078,-1.565780043602,
    4.199999809265));
#1936 = VECTOR('',#1937,1.);
#1937 = DIRECTION('',(-0.997858959548,-6.540257524952E-02,0.));
#1938 = ORIENTED_EDGE('',*,*,#1939,.F.);
#1939 = EDGE_CURVE('',#1940,#1932,#1942,.T.);
#1940 = VERTEX_POINT('',#1941);
#1941 = CARTESIAN_POINT('',(25.010299682617,-1.463700056076,
    4.199999809265));
#1942 = LINE('',#1943,#1944);
#1943 = CARTESIAN_POINT('',(25.010299682617,-1.463700056076,
    4.199999809265));
#1944 = VECTOR('',#1945,1.);
#1945 = DIRECTION('',(-0.980785869567,-0.195087360067,0.));
#1946 = ORIENTED_EDGE('',*,*,#1947,.F.);
#1947 = EDGE_CURVE('',#1948,#1940,#1950,.T.);
#1948 = VERTEX_POINT('',#1949);
#1949 = CARTESIAN_POINT('',(25.505699157715,-1.295519948006,
    4.199999809265));
#1950 = LINE('',#1951,#1952);
#1951 = CARTESIAN_POINT('',(25.505699157715,-1.295519948006,
    4.199999809265));
#1952 = VECTOR('',#1953,1.);
#1953 = DIRECTION('',(-0.946921607844,-0.321464568185,0.));
#1954 = ORIENTED_EDGE('',*,*,#1955,.F.);
#1955 = EDGE_CURVE('',#1956,#1948,#1958,.T.);
#1956 = VERTEX_POINT('',#1957);
#1957 = CARTESIAN_POINT('',(25.97500038147,-1.064100027084,
    4.199999809265));
#1958 = LINE('',#1959,#1960);
#1959 = CARTESIAN_POINT('',(25.97500038147,-1.064100027084,
    4.199999809265));
#1960 = VECTOR('',#1961,1.);
#1961 = DIRECTION('',(-0.896883226429,-0.442267428317,0.));
#1962 = ORIENTED_EDGE('',*,*,#1963,.F.);
#1963 = EDGE_CURVE('',#1964,#1956,#1966,.T.);
#1964 = VERTEX_POINT('',#1965);
#1965 = CARTESIAN_POINT('',(26.409999847412,-0.773413002491,
    4.199999809265));
#1966 = LINE('',#1967,#1968);
#1967 = CARTESIAN_POINT('',(26.409999847412,-0.773413002491,
    4.199999809265));
#1968 = VECTOR('',#1969,1.);
#1969 = DIRECTION('',(-0.831443411178,-0.555609443772,0.));
#1970 = ORIENTED_EDGE('',*,*,#1971,.F.);
#1971 = EDGE_CURVE('',#1972,#1964,#1974,.T.);
#1972 = VERTEX_POINT('',#1973);
#1973 = CARTESIAN_POINT('',(26.803400039673,-0.428425997496,
    4.199999809265));
#1974 = LINE('',#1975,#1976);
#1975 = CARTESIAN_POINT('',(26.803400039673,-0.428425997496,
    4.199999809265));
#1976 = VECTOR('',#1977,1.);
#1977 = DIRECTION('',(-0.751854685558,-0.659328849516,0.));
#1978 = ORIENTED_EDGE('',*,*,#1979,.F.);
#1979 = EDGE_CURVE('',#1980,#1972,#1982,.T.);
#1980 = VERTEX_POINT('',#1981);
#1981 = CARTESIAN_POINT('',(27.148399353027,-3.50446999073E-02,
    4.199999809265));
#1982 = LINE('',#1983,#1984);
#1983 = CARTESIAN_POINT('',(27.148399353027,-3.50446999073E-02,
    4.199999809265));
#1984 = VECTOR('',#1985,1.);
#1985 = DIRECTION('',(-0.659360047622,-0.751827325654,0.));
#1986 = ORIENTED_EDGE('',*,*,#1987,.F.);
#1987 = EDGE_CURVE('',#1988,#1980,#1990,.T.);
#1988 = VERTEX_POINT('',#1989);
#1989 = CARTESIAN_POINT('',(27.439100265503,0.40000000596,4.199999809265
    ));
#1990 = LINE('',#1991,#1992);
#1991 = CARTESIAN_POINT('',(27.439100265503,0.40000000596,4.199999809265
    ));
#1992 = VECTOR('',#1993,1.);
#1993 = DIRECTION('',(-0.555587850321,-0.831457840528,0.));
#1994 = ORIENTED_EDGE('',*,*,#1995,.F.);
#1995 = EDGE_CURVE('',#1996,#1988,#1998,.T.);
#1996 = VERTEX_POINT('',#1997);
#1997 = CARTESIAN_POINT('',(27.670499801636,0.869266986847,
    4.199999809265));
#1998 = LINE('',#1999,#2000);
#1999 = CARTESIAN_POINT('',(27.670499801636,0.869266986847,
    4.199999809265));
#2000 = VECTOR('',#2001,1.);
#2001 = DIRECTION('',(-0.442262048791,-0.896885879139,0.));
#2002 = ORIENTED_EDGE('',*,*,#2003,.F.);
#2003 = EDGE_CURVE('',#2004,#1996,#2006,.T.);
#2004 = VERTEX_POINT('',#2005);
#2005 = CARTESIAN_POINT('',(27.83869934082,1.364719986916,4.199999809265
    ));
#2006 = LINE('',#2007,#2008);
#2007 = CARTESIAN_POINT('',(27.83869934082,1.364719986916,4.199999809265
    ));
#2008 = VECTOR('',#2009,1.);
#2009 = DIRECTION('',(-0.321466727901,-0.946920874652,0.));
#2010 = ORIENTED_EDGE('',*,*,#2011,.F.);
#2011 = EDGE_CURVE('',#2012,#2004,#2014,.T.);
#2012 = VERTEX_POINT('',#2013);
#2013 = CARTESIAN_POINT('',(27.940799713135,1.877900004387,
    4.199999809265));
#2014 = LINE('',#2015,#2016);
#2015 = CARTESIAN_POINT('',(27.940799713135,1.877900004387,
    4.199999809265));
#2016 = VECTOR('',#2017,1.);
#2017 = DIRECTION('',(-0.195131723684,-0.980777044191,0.));
#2018 = ORIENTED_EDGE('',*,*,#2019,.F.);
#2019 = EDGE_CURVE('',#2020,#2012,#2022,.T.);
#2020 = VERTEX_POINT('',#2021);
#2021 = CARTESIAN_POINT('',(27.97500038147,2.400000095367,4.199999809265
    ));
#2022 = LINE('',#2023,#2024);
#2023 = CARTESIAN_POINT('',(27.97500038147,2.400000095367,4.199999809265
    ));
#2024 = VECTOR('',#2025,1.);
#2025 = DIRECTION('',(-6.536586790645E-02,-0.997861364776,0.));
#2026 = ORIENTED_EDGE('',*,*,#2027,.F.);
#2027 = EDGE_CURVE('',#2028,#2020,#2030,.T.);
#2028 = VERTEX_POINT('',#2029);
#2029 = CARTESIAN_POINT('',(27.97500038147,33.349998474121,
    4.199999809265));
#2030 = LINE('',#2031,#2032);
#2031 = CARTESIAN_POINT('',(27.97500038147,33.349998474121,
    4.199999809265));
#2032 = VECTOR('',#2033,1.);
#2033 = DIRECTION('',(0.,-1.,0.));
#2034 = ORIENTED_EDGE('',*,*,#2035,.F.);
#2035 = EDGE_CURVE('',#2036,#2028,#2038,.T.);
#2036 = VERTEX_POINT('',#2037);
#2037 = CARTESIAN_POINT('',(27.940799713135,33.872100830078,
    4.199999809265));
#2038 = LINE('',#2039,#2040);
#2039 = CARTESIAN_POINT('',(27.940799713135,33.872100830078,
    4.199999809265));
#2040 = VECTOR('',#2041,1.);
#2041 = DIRECTION('',(6.536558554883E-02,-0.997861383272,0.));
#2042 = ORIENTED_EDGE('',*,*,#2043,.F.);
#2043 = EDGE_CURVE('',#2044,#2036,#2046,.T.);
#2044 = VERTEX_POINT('',#2045);
#2045 = CARTESIAN_POINT('',(27.83869934082,34.385299682617,
    4.199999809265));
#2046 = LINE('',#2047,#2048);
#2047 = CARTESIAN_POINT('',(27.83869934082,34.385299682617,
    4.199999809265));
#2048 = VECTOR('',#2049,1.);
#2049 = DIRECTION('',(0.195124834768,-0.980778414759,0.));
#2050 = ORIENTED_EDGE('',*,*,#2051,.F.);
#2051 = EDGE_CURVE('',#2052,#2044,#2054,.T.);
#2052 = VERTEX_POINT('',#2053);
#2053 = CARTESIAN_POINT('',(27.670499801636,34.880699157715,
    4.199999809265));
#2054 = LINE('',#2055,#2056);
#2055 = CARTESIAN_POINT('',(27.670499801636,34.880699157715,
    4.199999809265));
#2056 = VECTOR('',#2057,1.);
#2057 = DIRECTION('',(0.321497870656,-0.94691030154,0.));
#2058 = ORIENTED_EDGE('',*,*,#2059,.F.);
#2059 = EDGE_CURVE('',#2060,#2052,#2062,.T.);
#2060 = VERTEX_POINT('',#2061);
#2061 = CARTESIAN_POINT('',(27.439100265503,35.349998474121,
    4.199999809265));
#2062 = LINE('',#2063,#2064);
#2063 = CARTESIAN_POINT('',(27.439100265503,35.349998474121,
    4.199999809265));
#2064 = VECTOR('',#2065,1.);
#2065 = DIRECTION('',(0.442237536001,-0.896897966188,0.));
#2066 = ORIENTED_EDGE('',*,*,#2067,.F.);
#2067 = EDGE_CURVE('',#2068,#2060,#2070,.T.);
#2068 = VERTEX_POINT('',#2069);
#2069 = CARTESIAN_POINT('',(27.148399353027,35.784999847412,
    4.199999809265));
#2070 = LINE('',#2071,#2072);
#2071 = CARTESIAN_POINT('',(27.148399353027,35.784999847412,
    4.199999809265));
#2072 = VECTOR('',#2073,1.);
#2073 = DIRECTION('',(0.555626109625,-0.831432274033,0.));
#2074 = ORIENTED_EDGE('',*,*,#2075,.F.);
#2075 = EDGE_CURVE('',#2076,#2068,#2078,.T.);
#2076 = VERTEX_POINT('',#2077);
#2077 = CARTESIAN_POINT('',(26.803400039673,36.178398132324,
    4.199999809265));
#2078 = LINE('',#2079,#2080);
#2079 = CARTESIAN_POINT('',(26.803400039673,36.178398132324,
    4.199999809265));
#2080 = VECTOR('',#2081,1.);
#2081 = DIRECTION('',(0.659343953638,-0.751841439933,0.));
#2082 = ORIENTED_EDGE('',*,*,#2083,.F.);
#2083 = EDGE_CURVE('',#2084,#2076,#2086,.T.);
#2084 = VERTEX_POINT('',#2085);
#2085 = CARTESIAN_POINT('',(26.409999847412,36.523399353027,
    4.199999809265));
#2086 = LINE('',#2087,#2088);
#2087 = CARTESIAN_POINT('',(26.409999847412,36.523399353027,
    4.199999809265));
#2088 = VECTOR('',#2089,1.);
#2089 = DIRECTION('',(0.751841217621,-0.659344207138,0.));
#2090 = ORIENTED_EDGE('',*,*,#2091,.F.);
#2091 = EDGE_CURVE('',#2092,#2084,#2094,.T.);
#2092 = VERTEX_POINT('',#2093);
#2093 = CARTESIAN_POINT('',(25.97500038147,36.814098358154,
    4.199999809265));
#2094 = LINE('',#2095,#2096);
#2095 = CARTESIAN_POINT('',(25.97500038147,36.814098358154,
    4.199999809265));
#2096 = VECTOR('',#2097,1.);
#2097 = DIRECTION('',(0.831432832702,-0.555625273638,0.));
#2098 = ORIENTED_EDGE('',*,*,#2099,.F.);
#2099 = EDGE_CURVE('',#2100,#2092,#2102,.T.);
#2100 = VERTEX_POINT('',#2101);
#2101 = CARTESIAN_POINT('',(25.505699157715,37.045501708984,
    4.199999809265));
#2102 = LINE('',#2103,#2104);
#2103 = CARTESIAN_POINT('',(25.505699157715,37.045501708984,
    4.199999809265));
#2104 = VECTOR('',#2105,1.);
#2105 = DIRECTION('',(0.89689578741,-0.442241954733,0.));
#2106 = ORIENTED_EDGE('',*,*,#2107,.F.);
#2107 = EDGE_CURVE('',#2108,#2100,#2110,.T.);
#2108 = VERTEX_POINT('',#2109);
#2109 = CARTESIAN_POINT('',(25.010299682617,37.21369934082,
    4.199999809265));
#2110 = LINE('',#2111,#2112);
#2111 = CARTESIAN_POINT('',(25.010299682617,37.21369934082,
    4.199999809265));
#2112 = VECTOR('',#2113,1.);
#2113 = DIRECTION('',(0.946911411402,-0.321494601755,0.));
#2114 = ORIENTED_EDGE('',*,*,#2115,.F.);
#2115 = EDGE_CURVE('',#2116,#2108,#2118,.T.);
#2116 = VERTEX_POINT('',#2117);
#2117 = CARTESIAN_POINT('',(24.497100830078,37.315799713135,
    4.199999809265));
#2118 = LINE('',#2119,#2120);
#2119 = CARTESIAN_POINT('',(24.497100830078,37.315799713135,
    4.199999809265));
#2120 = VECTOR('',#2121,1.);
#2121 = DIRECTION('',(0.980778414759,-0.195124834768,0.));
#2122 = ORIENTED_EDGE('',*,*,#2123,.F.);
#2123 = EDGE_CURVE('',#2124,#2116,#2126,.T.);
#2124 = VERTEX_POINT('',#2125);
#2125 = CARTESIAN_POINT('',(23.97500038147,37.349998474121,
    4.199999809265));
#2126 = LINE('',#2127,#2128);
#2127 = CARTESIAN_POINT('',(23.97500038147,37.349998474121,
    4.199999809265));
#2128 = VECTOR('',#2129,1.);
#2129 = DIRECTION('',(0.997861605466,-6.536219348922E-02,0.));
#2130 = ORIENTED_EDGE('',*,*,#2131,.F.);
#2131 = EDGE_CURVE('',#2132,#2124,#2134,.T.);
#2132 = VERTEX_POINT('',#2133);
#2133 = CARTESIAN_POINT('',(-23.97500038147,37.349998474121,
    4.199999809265));
#2134 = LINE('',#2135,#2136);
#2135 = CARTESIAN_POINT('',(-23.97500038147,37.349998474121,
    4.199999809265));
#2136 = VECTOR('',#2137,1.);
#2137 = DIRECTION('',(1.,0.,0.));
#2138 = ORIENTED_EDGE('',*,*,#2139,.F.);
#2139 = EDGE_CURVE('',#2140,#2132,#2142,.T.);
#2140 = VERTEX_POINT('',#2141);
#2141 = CARTESIAN_POINT('',(-24.49710083007,37.315799713135,
    4.199999809265));
#2142 = LINE('',#2143,#2144);
#2143 = CARTESIAN_POINT('',(-24.49710083007,37.315799713135,
    4.199999809265));
#2144 = VECTOR('',#2145,1.);
#2145 = DIRECTION('',(0.997861605466,6.536219348922E-02,0.));
#2146 = ORIENTED_EDGE('',*,*,#2147,.F.);
#2147 = EDGE_CURVE('',#2148,#2140,#2150,.T.);
#2148 = VERTEX_POINT('',#2149);
#2149 = CARTESIAN_POINT('',(-25.01029968261,37.21369934082,
    4.199999809265));
#2150 = LINE('',#2151,#2152);
#2151 = CARTESIAN_POINT('',(-25.01029968261,37.21369934082,
    4.199999809265));
#2152 = VECTOR('',#2153,1.);
#2153 = DIRECTION('',(0.980778414759,0.195124834768,0.));
#2154 = ORIENTED_EDGE('',*,*,#2155,.F.);
#2155 = EDGE_CURVE('',#2156,#2148,#2158,.T.);
#2156 = VERTEX_POINT('',#2157);
#2157 = CARTESIAN_POINT('',(-25.50569915771,37.045501708984,
    4.199999809265));
#2158 = LINE('',#2159,#2160);
#2159 = CARTESIAN_POINT('',(-25.50569915771,37.045501708984,
    4.199999809265));
#2160 = VECTOR('',#2161,1.);
#2161 = DIRECTION('',(0.946911411402,0.321494601755,0.));
#2162 = ORIENTED_EDGE('',*,*,#2163,.F.);
#2163 = EDGE_CURVE('',#2164,#2156,#2166,.T.);
#2164 = VERTEX_POINT('',#2165);
#2165 = CARTESIAN_POINT('',(-25.97500038147,36.814098358154,
    4.199999809265));
#2166 = LINE('',#2167,#2168);
#2167 = CARTESIAN_POINT('',(-25.97500038147,36.814098358154,
    4.199999809265));
#2168 = VECTOR('',#2169,1.);
#2169 = DIRECTION('',(0.89689578741,0.442241954733,0.));
#2170 = ORIENTED_EDGE('',*,*,#2171,.F.);
#2171 = EDGE_CURVE('',#2172,#2164,#2174,.T.);
#2172 = VERTEX_POINT('',#2173);
#2173 = CARTESIAN_POINT('',(-26.40999984741,36.523399353027,
    4.199999809265));
#2174 = LINE('',#2175,#2176);
#2175 = CARTESIAN_POINT('',(-26.40999984741,36.523399353027,
    4.199999809265));
#2176 = VECTOR('',#2177,1.);
#2177 = DIRECTION('',(0.831432832702,0.555625273638,0.));
#2178 = ORIENTED_EDGE('',*,*,#2179,.F.);
#2179 = EDGE_CURVE('',#2180,#2172,#2182,.T.);
#2180 = VERTEX_POINT('',#2181);
#2181 = CARTESIAN_POINT('',(-26.80340003967,36.178398132324,
    4.199999809265));
#2182 = LINE('',#2183,#2184);
#2183 = CARTESIAN_POINT('',(-26.80340003967,36.178398132324,
    4.199999809265));
#2184 = VECTOR('',#2185,1.);
#2185 = DIRECTION('',(0.751841217621,0.659344207138,0.));
#2186 = ORIENTED_EDGE('',*,*,#2187,.F.);
#2187 = EDGE_CURVE('',#2188,#2180,#2190,.T.);
#2188 = VERTEX_POINT('',#2189);
#2189 = CARTESIAN_POINT('',(-27.14839935302,35.784999847412,
    4.199999809265));
#2190 = LINE('',#2191,#2192);
#2191 = CARTESIAN_POINT('',(-27.14839935302,35.784999847412,
    4.199999809265));
#2192 = VECTOR('',#2193,1.);
#2193 = DIRECTION('',(0.659343953638,0.751841439933,0.));
#2194 = ORIENTED_EDGE('',*,*,#2195,.F.);
#2195 = EDGE_CURVE('',#2196,#2188,#2198,.T.);
#2196 = VERTEX_POINT('',#2197);
#2197 = CARTESIAN_POINT('',(-27.4391002655,35.349998474121,
    4.199999809265));
#2198 = LINE('',#2199,#2200);
#2199 = CARTESIAN_POINT('',(-27.4391002655,35.349998474121,
    4.199999809265));
#2200 = VECTOR('',#2201,1.);
#2201 = DIRECTION('',(0.555626109625,0.831432274033,0.));
#2202 = ORIENTED_EDGE('',*,*,#2203,.F.);
#2203 = EDGE_CURVE('',#2204,#2196,#2206,.T.);
#2204 = VERTEX_POINT('',#2205);
#2205 = CARTESIAN_POINT('',(-27.67049980163,34.880699157715,
    4.199999809265));
#2206 = LINE('',#2207,#2208);
#2207 = CARTESIAN_POINT('',(-27.67049980163,34.880699157715,
    4.199999809265));
#2208 = VECTOR('',#2209,1.);
#2209 = DIRECTION('',(0.442237536001,0.896897966188,0.));
#2210 = ORIENTED_EDGE('',*,*,#2211,.F.);
#2211 = EDGE_CURVE('',#2212,#2204,#2214,.T.);
#2212 = VERTEX_POINT('',#2213);
#2213 = CARTESIAN_POINT('',(-27.83869934082,34.385299682617,
    4.199999809265));
#2214 = LINE('',#2215,#2216);
#2215 = CARTESIAN_POINT('',(-27.83869934082,34.385299682617,
    4.199999809265));
#2216 = VECTOR('',#2217,1.);
#2217 = DIRECTION('',(0.321497870656,0.94691030154,0.));
#2218 = ORIENTED_EDGE('',*,*,#2219,.F.);
#2219 = EDGE_CURVE('',#2220,#2212,#2222,.T.);
#2220 = VERTEX_POINT('',#2221);
#2221 = CARTESIAN_POINT('',(-27.94079971313,33.872100830078,
    4.199999809265));
#2222 = LINE('',#2223,#2224);
#2223 = CARTESIAN_POINT('',(-27.94079971313,33.872100830078,
    4.199999809265));
#2224 = VECTOR('',#2225,1.);
#2225 = DIRECTION('',(0.195124834768,0.980778414759,0.));
#2226 = ORIENTED_EDGE('',*,*,#2227,.F.);
#2227 = EDGE_CURVE('',#2228,#2220,#2230,.T.);
#2228 = VERTEX_POINT('',#2229);
#2229 = CARTESIAN_POINT('',(-27.97500038147,33.349998474121,
    4.199999809265));
#2230 = LINE('',#2231,#2232);
#2231 = CARTESIAN_POINT('',(-27.97500038147,33.349998474121,
    4.199999809265));
#2232 = VECTOR('',#2233,1.);
#2233 = DIRECTION('',(6.536558554883E-02,0.997861383272,0.));
#2234 = ORIENTED_EDGE('',*,*,#2235,.F.);
#2235 = EDGE_CURVE('',#2236,#2228,#2238,.T.);
#2236 = VERTEX_POINT('',#2237);
#2237 = CARTESIAN_POINT('',(-27.97500038147,2.400000095367,
    4.199999809265));
#2238 = LINE('',#2239,#2240);
#2239 = CARTESIAN_POINT('',(-27.97500038147,2.400000095367,
    4.199999809265));
#2240 = VECTOR('',#2241,1.);
#2241 = DIRECTION('',(0.,1.,0.));
#2242 = ORIENTED_EDGE('',*,*,#2243,.F.);
#2243 = EDGE_CURVE('',#2244,#2236,#2246,.T.);
#2244 = VERTEX_POINT('',#2245);
#2245 = CARTESIAN_POINT('',(-27.94079971313,1.877900004387,
    4.199999809265));
#2246 = LINE('',#2247,#2248);
#2247 = CARTESIAN_POINT('',(-27.94079971313,1.877900004387,
    4.199999809265));
#2248 = VECTOR('',#2249,1.);
#2249 = DIRECTION('',(-6.536586790645E-02,0.997861364776,0.));
#2250 = ORIENTED_EDGE('',*,*,#2251,.F.);
#2251 = EDGE_CURVE('',#1821,#2244,#2252,.T.);
#2252 = LINE('',#2253,#2254);
#2253 = CARTESIAN_POINT('',(-27.83869934082,1.364719986916,
    4.199999809265));
#2254 = VECTOR('',#2255,1.);
#2255 = DIRECTION('',(-0.195131723684,0.980777044191,0.));
#2256 = FACE_BOUND('',#2257,.T.);
#2257 = EDGE_LOOP('',(#2258,#2268,#2276,#2284,#2292,#2300,#2308,#2316,
    #2324,#2332,#2340,#2348,#2356,#2364,#2372,#2380,#2388,#2396,#2404,
    #2412,#2420,#2428,#2436,#2444,#2452,#2460,#2468,#2476,#2484,#2492,
    #2500,#2508,#2516,#2524,#2532,#2540,#2548,#2556,#2564,#2572,#2580,
    #2588,#2596,#2604,#2612,#2620,#2628,#2636,#2644,#2652,#2660,#2668,
    #2676,#2684,#2692,#2700,#2708,#2716,#2724,#2732,#2740,#2748,#2756,
    #2764,#2772,#2780,#2788,#2796,#2804,#2812,#2820,#2828,#2836,#2844,
    #2852,#2860,#2868,#2876,#2884,#2892,#2900,#2908,#2916,#2924,#2932,
    #2940,#2948,#2956,#2964,#2972,#2980,#2988,#2996,#3004,#3012,#3020,
    #3028,#3036,#3044,#3052,#3060,#3068,#3076,#3084,#3092,#3100,#3108,
    #3116));
#2258 = ORIENTED_EDGE('',*,*,#2259,.T.);
#2259 = EDGE_CURVE('',#2260,#2262,#2264,.T.);
#2260 = VERTEX_POINT('',#2261);
#2261 = CARTESIAN_POINT('',(-26.14830017089,1.817659974098,
    4.199999809265));
#2262 = VERTEX_POINT('',#2263);
#2263 = CARTESIAN_POINT('',(-26.20569992065,2.106319904327,
    4.199999809265));
#2264 = LINE('',#2265,#2266);
#2265 = CARTESIAN_POINT('',(-26.14830017089,1.817659974098,
    4.199999809265));
#2266 = VECTOR('',#2267,1.);
#2267 = DIRECTION('',(-0.195030573472,0.980797163236,0.));
#2268 = ORIENTED_EDGE('',*,*,#2269,.T.);
#2269 = EDGE_CURVE('',#2262,#2270,#2272,.T.);
#2270 = VERTEX_POINT('',#2271);
#2271 = CARTESIAN_POINT('',(-26.22500038147,2.400000095367,
    4.199999809265));
#2272 = LINE('',#2273,#2274);
#2273 = CARTESIAN_POINT('',(-26.20569992065,2.106319904327,
    4.199999809265));
#2274 = VECTOR('',#2275,1.);
#2275 = DIRECTION('',(-6.557785071097E-02,0.997847456025,0.));
#2276 = ORIENTED_EDGE('',*,*,#2277,.T.);
#2277 = EDGE_CURVE('',#2270,#2278,#2280,.T.);
#2278 = VERTEX_POINT('',#2279);
#2279 = CARTESIAN_POINT('',(-26.22500038147,33.349998474121,
    4.199999809265));
#2280 = LINE('',#2281,#2282);
#2281 = CARTESIAN_POINT('',(-26.22500038147,2.400000095367,
    4.199999809265));
#2282 = VECTOR('',#2283,1.);
#2283 = DIRECTION('',(0.,1.,0.));
#2284 = ORIENTED_EDGE('',*,*,#2285,.T.);
#2285 = EDGE_CURVE('',#2278,#2286,#2288,.T.);
#2286 = VERTEX_POINT('',#2287);
#2287 = CARTESIAN_POINT('',(-26.20569992065,33.643699645996,
    4.199999809265));
#2288 = LINE('',#2289,#2290);
#2289 = CARTESIAN_POINT('',(-26.22500038147,33.349998474121,
    4.199999809265));
#2290 = VECTOR('',#2291,1.);
#2291 = DIRECTION('',(6.55731862359E-02,0.99784776256,0.));
#2292 = ORIENTED_EDGE('',*,*,#2293,.T.);
#2293 = EDGE_CURVE('',#2286,#2294,#2296,.T.);
#2294 = VERTEX_POINT('',#2295);
#2295 = CARTESIAN_POINT('',(-26.14830017089,33.932300567627,
    4.199999809265));
#2296 = LINE('',#2297,#2298);
#2297 = CARTESIAN_POINT('',(-26.20569992065,33.643699645996,
    4.199999809265));
#2298 = VECTOR('',#2299,1.);
#2299 = DIRECTION('',(0.195068933032,0.980789534694,0.));
#2300 = ORIENTED_EDGE('',*,*,#2301,.T.);
#2301 = EDGE_CURVE('',#2294,#2302,#2304,.T.);
#2302 = VERTEX_POINT('',#2303);
#2303 = CARTESIAN_POINT('',(-26.0536994934,34.210998535156,
    4.199999809265));
#2304 = LINE('',#2305,#2306);
#2305 = CARTESIAN_POINT('',(-26.14830017089,33.932300567627,
    4.199999809265));
#2306 = VECTOR('',#2307,1.);
#2307 = DIRECTION('',(0.321425650174,0.946934818987,0.));
#2308 = ORIENTED_EDGE('',*,*,#2309,.T.);
#2309 = EDGE_CURVE('',#2302,#2310,#2312,.T.);
#2310 = VERTEX_POINT('',#2311);
#2311 = CARTESIAN_POINT('',(-25.92359924316,34.474998474121,
    4.199999809265));
#2312 = LINE('',#2313,#2314);
#2313 = CARTESIAN_POINT('',(-26.0536994934,34.210998535156,
    4.199999809265));
#2314 = VECTOR('',#2315,1.);
#2315 = DIRECTION('',(0.442042392668,0.896994160006,0.));
#2316 = ORIENTED_EDGE('',*,*,#2317,.T.);
#2317 = EDGE_CURVE('',#2310,#2318,#2320,.T.);
#2318 = VERTEX_POINT('',#2319);
#2319 = CARTESIAN_POINT('',(-25.76000022888,34.719699859619,
    4.199999809265));
#2320 = LINE('',#2321,#2322);
#2321 = CARTESIAN_POINT('',(-25.92359924316,34.474998474121,
    4.199999809265));
#2322 = VECTOR('',#2323,1.);
#2323 = DIRECTION('',(0.555792811783,0.831320846827,0.));
#2324 = ORIENTED_EDGE('',*,*,#2325,.T.);
#2325 = EDGE_CURVE('',#2318,#2326,#2328,.T.);
#2326 = VERTEX_POINT('',#2327);
#2327 = CARTESIAN_POINT('',(-25.56599998474,34.94100189209,
    4.199999809265));
#2328 = LINE('',#2329,#2330);
#2329 = CARTESIAN_POINT('',(-25.76000022888,34.719699859619,
    4.199999809265));
#2330 = VECTOR('',#2331,1.);
#2331 = DIRECTION('',(0.659199002485,0.751968533333,0.));
#2332 = ORIENTED_EDGE('',*,*,#2333,.T.);
#2333 = EDGE_CURVE('',#2326,#2334,#2336,.T.);
#2334 = VERTEX_POINT('',#2335);
#2335 = CARTESIAN_POINT('',(-25.34469985961,35.134998321533,
    4.199999809265));
#2336 = LINE('',#2337,#2338);
#2337 = CARTESIAN_POINT('',(-25.56599998474,34.94100189209,
    4.199999809265));
#2338 = VECTOR('',#2339,1.);
#2339 = DIRECTION('',(0.751972142337,0.65919488556,0.));
#2340 = ORIENTED_EDGE('',*,*,#2341,.T.);
#2341 = EDGE_CURVE('',#2334,#2342,#2344,.T.);
#2342 = VERTEX_POINT('',#2343);
#2343 = CARTESIAN_POINT('',(-25.10000038147,35.298599243164,
    4.199999809265));
#2344 = LINE('',#2345,#2346);
#2345 = CARTESIAN_POINT('',(-25.34469985961,35.134998321533,
    4.199999809265));
#2346 = VECTOR('',#2347,1.);
#2347 = DIRECTION('',(0.831315851189,0.555800283881,0.));
#2348 = ORIENTED_EDGE('',*,*,#2349,.T.);
#2349 = EDGE_CURVE('',#2342,#2350,#2352,.T.);
#2350 = VERTEX_POINT('',#2351);
#2351 = CARTESIAN_POINT('',(-24.8360004425,35.428699493408,
    4.199999809265));
#2352 = LINE('',#2353,#2354);
#2353 = CARTESIAN_POINT('',(-25.10000038147,35.298599243164,
    4.199999809265));
#2354 = VECTOR('',#2355,1.);
#2355 = DIRECTION('',(0.896994160006,0.442042392668,0.));
#2356 = ORIENTED_EDGE('',*,*,#2357,.T.);
#2357 = EDGE_CURVE('',#2350,#2358,#2360,.T.);
#2358 = VERTEX_POINT('',#2359);
#2359 = CARTESIAN_POINT('',(-24.55730056762,35.523300170898,
    4.199999809265));
#2360 = LINE('',#2361,#2362);
#2361 = CARTESIAN_POINT('',(-24.8360004425,35.428699493408,
    4.199999809265));
#2362 = VECTOR('',#2363,1.);
#2363 = DIRECTION('',(0.946935488522,0.321423677686,0.));
#2364 = ORIENTED_EDGE('',*,*,#2365,.T.);
#2365 = EDGE_CURVE('',#2358,#2366,#2368,.T.);
#2366 = VERTEX_POINT('',#2367);
#2367 = CARTESIAN_POINT('',(-24.26869964599,35.580699920654,
    4.199999809265));
#2368 = LINE('',#2369,#2370);
#2369 = CARTESIAN_POINT('',(-24.55730056762,35.523300170898,
    4.199999809265));
#2370 = VECTOR('',#2371,1.);
#2371 = DIRECTION('',(0.980789534694,0.195068933032,0.));
#2372 = ORIENTED_EDGE('',*,*,#2373,.T.);
#2373 = EDGE_CURVE('',#2366,#2374,#2376,.T.);
#2374 = VERTEX_POINT('',#2375);
#2375 = CARTESIAN_POINT('',(-23.97500038147,35.599998474121,
    4.199999809265));
#2376 = LINE('',#2377,#2378);
#2377 = CARTESIAN_POINT('',(-24.26869964599,35.580699920654,
    4.199999809265));
#2378 = VECTOR('',#2379,1.);
#2379 = DIRECTION('',(0.997848158694,6.556715786592E-02,0.));
#2380 = ORIENTED_EDGE('',*,*,#2381,.T.);
#2381 = EDGE_CURVE('',#2374,#2382,#2384,.T.);
#2382 = VERTEX_POINT('',#2383);
#2383 = CARTESIAN_POINT('',(23.97500038147,35.599998474121,
    4.199999809265));
#2384 = LINE('',#2385,#2386);
#2385 = CARTESIAN_POINT('',(-23.97500038147,35.599998474121,
    4.199999809265));
#2386 = VECTOR('',#2387,1.);
#2387 = DIRECTION('',(1.,0.,0.));
#2388 = ORIENTED_EDGE('',*,*,#2389,.T.);
#2389 = EDGE_CURVE('',#2382,#2390,#2392,.T.);
#2390 = VERTEX_POINT('',#2391);
#2391 = CARTESIAN_POINT('',(24.268699645996,35.580699920654,
    4.199999809265));
#2392 = LINE('',#2393,#2394);
#2393 = CARTESIAN_POINT('',(23.97500038147,35.599998474121,
    4.199999809265));
#2394 = VECTOR('',#2395,1.);
#2395 = DIRECTION('',(0.997848158694,-6.556715786592E-02,0.));
#2396 = ORIENTED_EDGE('',*,*,#2397,.T.);
#2397 = EDGE_CURVE('',#2390,#2398,#2400,.T.);
#2398 = VERTEX_POINT('',#2399);
#2399 = CARTESIAN_POINT('',(24.557300567627,35.523300170898,
    4.199999809265));
#2400 = LINE('',#2401,#2402);
#2401 = CARTESIAN_POINT('',(24.268699645996,35.580699920654,
    4.199999809265));
#2402 = VECTOR('',#2403,1.);
#2403 = DIRECTION('',(0.980789534694,-0.195068933032,0.));
#2404 = ORIENTED_EDGE('',*,*,#2405,.T.);
#2405 = EDGE_CURVE('',#2398,#2406,#2408,.T.);
#2406 = VERTEX_POINT('',#2407);
#2407 = CARTESIAN_POINT('',(24.836000442505,35.428699493408,
    4.199999809265));
#2408 = LINE('',#2409,#2410);
#2409 = CARTESIAN_POINT('',(24.557300567627,35.523300170898,
    4.199999809265));
#2410 = VECTOR('',#2411,1.);
#2411 = DIRECTION('',(0.946935488522,-0.321423677686,0.));
#2412 = ORIENTED_EDGE('',*,*,#2413,.T.);
#2413 = EDGE_CURVE('',#2406,#2414,#2416,.T.);
#2414 = VERTEX_POINT('',#2415);
#2415 = CARTESIAN_POINT('',(25.10000038147,35.298599243164,
    4.199999809265));
#2416 = LINE('',#2417,#2418);
#2417 = CARTESIAN_POINT('',(24.836000442505,35.428699493408,
    4.199999809265));
#2418 = VECTOR('',#2419,1.);
#2419 = DIRECTION('',(0.896994160006,-0.442042392668,0.));
#2420 = ORIENTED_EDGE('',*,*,#2421,.T.);
#2421 = EDGE_CURVE('',#2414,#2422,#2424,.T.);
#2422 = VERTEX_POINT('',#2423);
#2423 = CARTESIAN_POINT('',(25.344699859619,35.134998321533,
    4.199999809265));
#2424 = LINE('',#2425,#2426);
#2425 = CARTESIAN_POINT('',(25.10000038147,35.298599243164,
    4.199999809265));
#2426 = VECTOR('',#2427,1.);
#2427 = DIRECTION('',(0.831315851189,-0.555800283881,0.));
#2428 = ORIENTED_EDGE('',*,*,#2429,.T.);
#2429 = EDGE_CURVE('',#2422,#2430,#2432,.T.);
#2430 = VERTEX_POINT('',#2431);
#2431 = CARTESIAN_POINT('',(25.565999984741,34.94100189209,
    4.199999809265));
#2432 = LINE('',#2433,#2434);
#2433 = CARTESIAN_POINT('',(25.344699859619,35.134998321533,
    4.199999809265));
#2434 = VECTOR('',#2435,1.);
#2435 = DIRECTION('',(0.751972142337,-0.65919488556,0.));
#2436 = ORIENTED_EDGE('',*,*,#2437,.T.);
#2437 = EDGE_CURVE('',#2430,#2438,#2440,.T.);
#2438 = VERTEX_POINT('',#2439);
#2439 = CARTESIAN_POINT('',(25.760000228882,34.719699859619,
    4.199999809265));
#2440 = LINE('',#2441,#2442);
#2441 = CARTESIAN_POINT('',(25.565999984741,34.94100189209,
    4.199999809265));
#2442 = VECTOR('',#2443,1.);
#2443 = DIRECTION('',(0.659199002485,-0.751968533333,0.));
#2444 = ORIENTED_EDGE('',*,*,#2445,.T.);
#2445 = EDGE_CURVE('',#2438,#2446,#2448,.T.);
#2446 = VERTEX_POINT('',#2447);
#2447 = CARTESIAN_POINT('',(25.923599243164,34.474998474121,
    4.199999809265));
#2448 = LINE('',#2449,#2450);
#2449 = CARTESIAN_POINT('',(25.760000228882,34.719699859619,
    4.199999809265));
#2450 = VECTOR('',#2451,1.);
#2451 = DIRECTION('',(0.555792811783,-0.831320846827,0.));
#2452 = ORIENTED_EDGE('',*,*,#2453,.T.);
#2453 = EDGE_CURVE('',#2446,#2454,#2456,.T.);
#2454 = VERTEX_POINT('',#2455);
#2455 = CARTESIAN_POINT('',(26.053699493408,34.210998535156,
    4.199999809265));
#2456 = LINE('',#2457,#2458);
#2457 = CARTESIAN_POINT('',(25.923599243164,34.474998474121,
    4.199999809265));
#2458 = VECTOR('',#2459,1.);
#2459 = DIRECTION('',(0.442042392668,-0.896994160006,0.));
#2460 = ORIENTED_EDGE('',*,*,#2461,.T.);
#2461 = EDGE_CURVE('',#2454,#2462,#2464,.T.);
#2462 = VERTEX_POINT('',#2463);
#2463 = CARTESIAN_POINT('',(26.148300170898,33.932300567627,
    4.199999809265));
#2464 = LINE('',#2465,#2466);
#2465 = CARTESIAN_POINT('',(26.053699493408,34.210998535156,
    4.199999809265));
#2466 = VECTOR('',#2467,1.);
#2467 = DIRECTION('',(0.321425650174,-0.946934818987,0.));
#2468 = ORIENTED_EDGE('',*,*,#2469,.T.);
#2469 = EDGE_CURVE('',#2462,#2470,#2472,.T.);
#2470 = VERTEX_POINT('',#2471);
#2471 = CARTESIAN_POINT('',(26.205699920654,33.643699645996,
    4.199999809265));
#2472 = LINE('',#2473,#2474);
#2473 = CARTESIAN_POINT('',(26.148300170898,33.932300567627,
    4.199999809265));
#2474 = VECTOR('',#2475,1.);
#2475 = DIRECTION('',(0.195068933032,-0.980789534694,0.));
#2476 = ORIENTED_EDGE('',*,*,#2477,.T.);
#2477 = EDGE_CURVE('',#2470,#2478,#2480,.T.);
#2478 = VERTEX_POINT('',#2479);
#2479 = CARTESIAN_POINT('',(26.22500038147,33.349998474121,
    4.199999809265));
#2480 = LINE('',#2481,#2482);
#2481 = CARTESIAN_POINT('',(26.205699920654,33.643699645996,
    4.199999809265));
#2482 = VECTOR('',#2483,1.);
#2483 = DIRECTION('',(6.55731862359E-02,-0.99784776256,0.));
#2484 = ORIENTED_EDGE('',*,*,#2485,.T.);
#2485 = EDGE_CURVE('',#2478,#2486,#2488,.T.);
#2486 = VERTEX_POINT('',#2487);
#2487 = CARTESIAN_POINT('',(26.22500038147,2.400000095367,4.199999809265
    ));
#2488 = LINE('',#2489,#2490);
#2489 = CARTESIAN_POINT('',(26.22500038147,33.349998474121,
    4.199999809265));
#2490 = VECTOR('',#2491,1.);
#2491 = DIRECTION('',(0.,-1.,0.));
#2492 = ORIENTED_EDGE('',*,*,#2493,.T.);
#2493 = EDGE_CURVE('',#2486,#2494,#2496,.T.);
#2494 = VERTEX_POINT('',#2495);
#2495 = CARTESIAN_POINT('',(26.205699920654,2.106319904327,
    4.199999809265));
#2496 = LINE('',#2497,#2498);
#2497 = CARTESIAN_POINT('',(26.22500038147,2.400000095367,4.199999809265
    ));
#2498 = VECTOR('',#2499,1.);
#2499 = DIRECTION('',(-6.557785071097E-02,-0.997847456025,0.));
#2500 = ORIENTED_EDGE('',*,*,#2501,.T.);
#2501 = EDGE_CURVE('',#2494,#2502,#2504,.T.);
#2502 = VERTEX_POINT('',#2503);
#2503 = CARTESIAN_POINT('',(26.148300170898,1.817659974098,
    4.199999809265));
#2504 = LINE('',#2505,#2506);
#2505 = CARTESIAN_POINT('',(26.205699920654,2.106319904327,
    4.199999809265));
#2506 = VECTOR('',#2507,1.);
#2507 = DIRECTION('',(-0.195030573472,-0.980797163236,0.));
#2508 = ORIENTED_EDGE('',*,*,#2509,.T.);
#2509 = EDGE_CURVE('',#2502,#2510,#2512,.T.);
#2510 = VERTEX_POINT('',#2511);
#2511 = CARTESIAN_POINT('',(26.053699493408,1.538959980011,
    4.199999809265));
#2512 = LINE('',#2513,#2514);
#2513 = CARTESIAN_POINT('',(26.148300170898,1.817659974098,
    4.199999809265));
#2514 = VECTOR('',#2515,1.);
#2515 = DIRECTION('',(-0.321423554406,-0.946935530368,0.));
#2516 = ORIENTED_EDGE('',*,*,#2517,.T.);
#2517 = EDGE_CURVE('',#2510,#2518,#2520,.T.);
#2518 = VERTEX_POINT('',#2519);
#2519 = CARTESIAN_POINT('',(25.923599243164,1.274999976158,
    4.199999809265));
#2520 = LINE('',#2521,#2522);
#2521 = CARTESIAN_POINT('',(26.053699493408,1.538959980011,
    4.199999809265));
#2522 = VECTOR('',#2523,1.);
#2523 = DIRECTION('',(-0.442096199903,-0.896967641574,0.));
#2524 = ORIENTED_EDGE('',*,*,#2525,.T.);
#2525 = EDGE_CURVE('',#2518,#2526,#2528,.T.);
#2526 = VERTEX_POINT('',#2527);
#2527 = CARTESIAN_POINT('',(25.760000228882,1.030290007591,
    4.199999809265));
#2528 = LINE('',#2529,#2530);
#2529 = CARTESIAN_POINT('',(25.923599243164,1.274999976158,
    4.199999809265));
#2530 = VECTOR('',#2531,1.);
#2531 = DIRECTION('',(-0.555779339281,-0.831329853926,0.));
#2532 = ORIENTED_EDGE('',*,*,#2533,.T.);
#2533 = EDGE_CURVE('',#2526,#2534,#2536,.T.);
#2534 = VERTEX_POINT('',#2535);
#2535 = CARTESIAN_POINT('',(25.565999984741,0.809010028839,
    4.199999809265));
#2536 = LINE('',#2537,#2538);
#2537 = CARTESIAN_POINT('',(25.760000228882,1.030290007591,
    4.199999809265));
#2538 = VECTOR('',#2539,1.);
#2539 = DIRECTION('',(-0.659236149795,-0.751935967223,0.));
#2540 = ORIENTED_EDGE('',*,*,#2541,.T.);
#2541 = EDGE_CURVE('',#2534,#2542,#2544,.T.);
#2542 = VERTEX_POINT('',#2543);
#2543 = CARTESIAN_POINT('',(25.344699859619,0.61495500803,4.199999809265
    ));
#2544 = LINE('',#2545,#2546);
#2545 = CARTESIAN_POINT('',(25.565999984741,0.809010028839,
    4.199999809265));
#2546 = VECTOR('',#2547,1.);
#2547 = DIRECTION('',(-0.751873457739,-0.659307442357,0.));
#2548 = ORIENTED_EDGE('',*,*,#2549,.T.);
#2549 = EDGE_CURVE('',#2542,#2550,#2552,.T.);
#2550 = VERTEX_POINT('',#2551);
#2551 = CARTESIAN_POINT('',(25.10000038147,0.451442986727,4.199999809265
    ));
#2552 = LINE('',#2553,#2554);
#2553 = CARTESIAN_POINT('',(25.344699859619,0.61495500803,4.199999809265
    ));
#2554 = VECTOR('',#2555,1.);
#2555 = DIRECTION('',(-0.831455395628,-0.555591509188,0.));
#2556 = ORIENTED_EDGE('',*,*,#2557,.T.);
#2557 = EDGE_CURVE('',#2550,#2558,#2560,.T.);
#2558 = VERTEX_POINT('',#2559);
#2559 = CARTESIAN_POINT('',(24.836000442505,0.321271002293,
    4.199999809265));
#2560 = LINE('',#2561,#2562);
#2561 = CARTESIAN_POINT('',(25.10000038147,0.451442986727,4.199999809265
    ));
#2562 = VECTOR('',#2563,1.);
#2563 = DIRECTION('',(-0.896897507072,-0.442238467128,0.));
#2564 = ORIENTED_EDGE('',*,*,#2565,.T.);
#2565 = EDGE_CURVE('',#2558,#2566,#2568,.T.);
#2566 = VERTEX_POINT('',#2567);
#2567 = CARTESIAN_POINT('',(24.557300567627,0.226666003466,
    4.199999809265));
#2568 = LINE('',#2569,#2570);
#2569 = CARTESIAN_POINT('',(24.836000442505,0.321271002293,
    4.199999809265));
#2570 = VECTOR('',#2571,1.);
#2571 = DIRECTION('',(-0.946931019559,-0.321436843249,0.));
#2572 = ORIENTED_EDGE('',*,*,#2573,.T.);
#2573 = EDGE_CURVE('',#2566,#2574,#2576,.T.);
#2574 = VERTEX_POINT('',#2575);
#2575 = CARTESIAN_POINT('',(24.268699645996,0.169248998165,
    4.199999809265));
#2576 = LINE('',#2577,#2578);
#2577 = CARTESIAN_POINT('',(24.557300567627,0.226666003466,
    4.199999809265));
#2578 = VECTOR('',#2579,1.);
#2579 = DIRECTION('',(-0.980778313772,-0.195125342367,0.));
#2580 = ORIENTED_EDGE('',*,*,#2581,.T.);
#2581 = EDGE_CURVE('',#2574,#2582,#2584,.T.);
#2582 = VERTEX_POINT('',#2583);
#2583 = CARTESIAN_POINT('',(23.97500038147,0.15000000596,4.199999809265)
  );
#2584 = LINE('',#2585,#2586);
#2585 = CARTESIAN_POINT('',(24.268699645996,0.169248998165,
    4.199999809265));
#2586 = VECTOR('',#2587,1.);
#2587 = DIRECTION('',(-0.997859161512,-6.539949377225E-02,0.));
#2588 = ORIENTED_EDGE('',*,*,#2589,.T.);
#2589 = EDGE_CURVE('',#2582,#2590,#2592,.T.);
#2590 = VERTEX_POINT('',#2591);
#2591 = CARTESIAN_POINT('',(10.5,0.15000000596,4.199999809265));
#2592 = LINE('',#2593,#2594);
#2593 = CARTESIAN_POINT('',(23.97500038147,0.15000000596,4.199999809265)
  );
#2594 = VECTOR('',#2595,1.);
#2595 = DIRECTION('',(-1.,0.,0.));
#2596 = ORIENTED_EDGE('',*,*,#2597,.T.);
#2597 = EDGE_CURVE('',#2590,#2598,#2600,.T.);
#2598 = VERTEX_POINT('',#2599);
#2599 = CARTESIAN_POINT('',(10.5,1.350000023842,4.199999809265));
#2600 = LINE('',#2601,#2602);
#2601 = CARTESIAN_POINT('',(10.5,0.15000000596,4.199999809265));
#2602 = VECTOR('',#2603,1.);
#2603 = DIRECTION('',(0.,1.,0.));
#2604 = ORIENTED_EDGE('',*,*,#2605,.T.);
#2605 = EDGE_CURVE('',#2598,#2606,#2608,.T.);
#2606 = VERTEX_POINT('',#2607);
#2607 = CARTESIAN_POINT('',(23.97500038147,1.350000023842,4.199999809265
    ));
#2608 = LINE('',#2609,#2610);
#2609 = CARTESIAN_POINT('',(10.5,1.350000023842,4.199999809265));
#2610 = VECTOR('',#2611,1.);
#2611 = DIRECTION('',(1.,0.,0.));
#2612 = ORIENTED_EDGE('',*,*,#2613,.T.);
#2613 = EDGE_CURVE('',#2606,#2614,#2616,.T.);
#2614 = VERTEX_POINT('',#2615);
#2615 = CARTESIAN_POINT('',(24.112100601196,1.358979940414,
    4.199999809265));
#2616 = LINE('',#2617,#2618);
#2617 = CARTESIAN_POINT('',(23.97500038147,1.350000023842,4.199999809265
    ));
#2618 = VECTOR('',#2619,1.);
#2619 = DIRECTION('',(0.997861822925,6.53588735211E-02,0.));
#2620 = ORIENTED_EDGE('',*,*,#2621,.T.);
#2621 = EDGE_CURVE('',#2614,#2622,#2624,.T.);
#2622 = VERTEX_POINT('',#2623);
#2623 = CARTESIAN_POINT('',(24.246799468994,1.385779976845,
    4.199999809265));
#2624 = LINE('',#2625,#2626);
#2625 = CARTESIAN_POINT('',(24.112100601196,1.358979940414,
    4.199999809265));
#2626 = VECTOR('',#2627,1.);
#2627 = DIRECTION('',(0.980775853167,0.19513770995,0.));
#2628 = ORIENTED_EDGE('',*,*,#2629,.T.);
#2629 = EDGE_CURVE('',#2622,#2630,#2632,.T.);
#2630 = VERTEX_POINT('',#2631);
#2631 = CARTESIAN_POINT('',(24.376800537109,1.429929971695,
    4.199999809265));
#2632 = LINE('',#2633,#2634);
#2633 = CARTESIAN_POINT('',(24.246799468994,1.385779976845,
    4.199999809265));
#2634 = VECTOR('',#2635,1.);
#2635 = DIRECTION('',(0.946884496993,0.321573862984,0.));
#2636 = ORIENTED_EDGE('',*,*,#2637,.T.);
#2637 = EDGE_CURVE('',#2630,#2638,#2640,.T.);
#2638 = VERTEX_POINT('',#2639);
#2639 = CARTESIAN_POINT('',(24.5,1.490669965744,4.199999809265));
#2640 = LINE('',#2641,#2642);
#2641 = CARTESIAN_POINT('',(24.376800537109,1.429929971695,
    4.199999809265));
#2642 = VECTOR('',#2643,1.);
#2643 = DIRECTION('',(0.896916799186,0.442199338916,0.));
#2644 = ORIENTED_EDGE('',*,*,#2645,.T.);
#2645 = EDGE_CURVE('',#2638,#2646,#2648,.T.);
#2646 = VERTEX_POINT('',#2647);
#2647 = CARTESIAN_POINT('',(24.614200592041,1.566980004311,
    4.199999809265));
#2648 = LINE('',#2649,#2650);
#2649 = CARTESIAN_POINT('',(24.5,1.490669965744,4.199999809265));
#2650 = VECTOR('',#2651,1.);
#2651 = DIRECTION('',(0.831457361433,0.555588567305,0.));
#2652 = ORIENTED_EDGE('',*,*,#2653,.T.);
#2653 = EDGE_CURVE('',#2646,#2654,#2656,.T.);
#2654 = VERTEX_POINT('',#2655);
#2655 = CARTESIAN_POINT('',(24.717500686646,1.657539963722,
    4.199999809265));
#2656 = LINE('',#2657,#2658);
#2657 = CARTESIAN_POINT('',(24.614200592041,1.566980004311,
    4.199999809265));
#2658 = VECTOR('',#2659,1.);
#2659 = DIRECTION('',(0.751954518902,0.659214988833,0.));
#2660 = ORIENTED_EDGE('',*,*,#2661,.T.);
#2661 = EDGE_CURVE('',#2654,#2662,#2664,.T.);
#2662 = VERTEX_POINT('',#2663);
#2663 = CARTESIAN_POINT('',(24.808000564575,1.760800004005,
    4.199999809265));
#2664 = LINE('',#2665,#2666);
#2665 = CARTESIAN_POINT('',(24.717500686646,1.657539963722,
    4.199999809265));
#2666 = VECTOR('',#2667,1.);
#2667 = DIRECTION('',(0.659112166176,0.752044647876,0.));
#2668 = ORIENTED_EDGE('',*,*,#2669,.T.);
#2669 = EDGE_CURVE('',#2662,#2670,#2672,.T.);
#2670 = VERTEX_POINT('',#2671);
#2671 = CARTESIAN_POINT('',(24.884300231934,1.875,4.199999809265));
#2672 = LINE('',#2673,#2674);
#2673 = CARTESIAN_POINT('',(24.808000564575,1.760800004005,
    4.199999809265));
#2674 = VECTOR('',#2675,1.);
#2675 = DIRECTION('',(0.55553836743,0.831490903326,0.));
#2676 = ORIENTED_EDGE('',*,*,#2677,.T.);
#2677 = EDGE_CURVE('',#2670,#2678,#2680,.T.);
#2678 = VERTEX_POINT('',#2679);
#2679 = CARTESIAN_POINT('',(24.945100784302,1.998180031776,
    4.199999809265));
#2680 = LINE('',#2681,#2682);
#2681 = CARTESIAN_POINT('',(24.884300231934,1.875,4.199999809265));
#2682 = VECTOR('',#2683,1.);
#2683 = DIRECTION('',(0.442610038364,0.896714198583,0.));
#2684 = ORIENTED_EDGE('',*,*,#2685,.T.);
#2685 = EDGE_CURVE('',#2678,#2686,#2688,.T.);
#2686 = VERTEX_POINT('',#2687);
#2687 = CARTESIAN_POINT('',(24.989200592041,2.12824010849,4.199999809265
    ));
#2688 = LINE('',#2689,#2690);
#2689 = CARTESIAN_POINT('',(24.945100784302,1.998180031776,
    4.199999809265));
#2690 = VECTOR('',#2691,1.);
#2691 = DIRECTION('',(0.321115341958,0.947040092688,0.));
#2692 = ORIENTED_EDGE('',*,*,#2693,.T.);
#2693 = EDGE_CURVE('',#2686,#2694,#2696,.T.);
#2694 = VERTEX_POINT('',#2695);
#2695 = CARTESIAN_POINT('',(25.016000747681,2.262949943542,
    4.199999809265));
#2696 = LINE('',#2697,#2698);
#2697 = CARTESIAN_POINT('',(24.989200592041,2.12824010849,4.199999809265
    ));
#2698 = VECTOR('',#2699,1.);
#2699 = DIRECTION('',(0.195123262788,0.980778727501,0.));
#2700 = ORIENTED_EDGE('',*,*,#2701,.T.);
#2701 = EDGE_CURVE('',#2694,#2702,#2704,.T.);
#2702 = VERTEX_POINT('',#2703);
#2703 = CARTESIAN_POINT('',(25.02499961853,2.400000095367,4.199999809265
    ));
#2704 = LINE('',#2705,#2706);
#2705 = CARTESIAN_POINT('',(25.016000747681,2.262949943542,
    4.199999809265));
#2706 = VECTOR('',#2707,1.);
#2707 = DIRECTION('',(6.552006273235E-02,0.997851252131,0.));
#2708 = ORIENTED_EDGE('',*,*,#2709,.T.);
#2709 = EDGE_CURVE('',#2702,#2710,#2712,.T.);
#2710 = VERTEX_POINT('',#2711);
#2711 = CARTESIAN_POINT('',(25.02499961853,33.349998474121,
    4.199999809265));
#2712 = LINE('',#2713,#2714);
#2713 = CARTESIAN_POINT('',(25.02499961853,2.400000095367,4.199999809265
    ));
#2714 = VECTOR('',#2715,1.);
#2715 = DIRECTION('',(0.,1.,0.));
#2716 = ORIENTED_EDGE('',*,*,#2717,.T.);
#2717 = EDGE_CURVE('',#2710,#2718,#2720,.T.);
#2718 = VERTEX_POINT('',#2719);
#2719 = CARTESIAN_POINT('',(25.016000747681,33.487098693848,
    4.199999809265));
#2720 = LINE('',#2721,#2722);
#2721 = CARTESIAN_POINT('',(25.02499961853,33.349998474121,
    4.199999809265));
#2722 = VECTOR('',#2723,1.);
#2723 = DIRECTION('',(-6.549623799189E-02,0.997852816205,0.));
#2724 = ORIENTED_EDGE('',*,*,#2725,.T.);
#2725 = EDGE_CURVE('',#2718,#2726,#2728,.T.);
#2726 = VERTEX_POINT('',#2727);
#2727 = CARTESIAN_POINT('',(24.989200592041,33.621799468994,
    4.199999809265));
#2728 = LINE('',#2729,#2730);
#2729 = CARTESIAN_POINT('',(25.016000747681,33.487098693848,
    4.199999809265));
#2730 = VECTOR('',#2731,1.);
#2731 = DIRECTION('',(-0.195135886964,0.980776215871,0.));
#2732 = ORIENTED_EDGE('',*,*,#2733,.T.);
#2733 = EDGE_CURVE('',#2726,#2734,#2736,.T.);
#2734 = VERTEX_POINT('',#2735);
#2735 = CARTESIAN_POINT('',(24.945100784302,33.751800537109,
    4.199999809265));
#2736 = LINE('',#2737,#2738);
#2737 = CARTESIAN_POINT('',(24.989200592041,33.621799468994,
    4.199999809265));
#2738 = VECTOR('',#2739,1.);
#2739 = DIRECTION('',(-0.321246060041,0.94699575971,0.));
#2740 = ORIENTED_EDGE('',*,*,#2741,.T.);
#2741 = EDGE_CURVE('',#2734,#2742,#2744,.T.);
#2742 = VERTEX_POINT('',#2743);
#2743 = CARTESIAN_POINT('',(24.884300231934,33.875,4.199999809265));
#2744 = LINE('',#2745,#2746);
#2745 = CARTESIAN_POINT('',(24.945100784302,33.751800537109,
    4.199999809265));
#2746 = VECTOR('',#2747,1.);
#2747 = DIRECTION('',(-0.442553902764,0.896741904423,0.));
#2748 = ORIENTED_EDGE('',*,*,#2749,.T.);
#2749 = EDGE_CURVE('',#2742,#2750,#2752,.T.);
#2750 = VERTEX_POINT('',#2751);
#2751 = CARTESIAN_POINT('',(24.808000564575,33.989200592041,
    4.199999809265));
#2752 = LINE('',#2753,#2754);
#2753 = CARTESIAN_POINT('',(24.884300231934,33.875,4.199999809265));
#2754 = VECTOR('',#2755,1.);
#2755 = DIRECTION('',(-0.555536362764,0.831492242686,0.));
#2756 = ORIENTED_EDGE('',*,*,#2757,.T.);
#2757 = EDGE_CURVE('',#2750,#2758,#2760,.T.);
#2758 = VERTEX_POINT('',#2759);
#2759 = CARTESIAN_POINT('',(24.717500686646,34.092498779297,
    4.199999809265));
#2760 = LINE('',#2761,#2762);
#2761 = CARTESIAN_POINT('',(24.808000564575,33.989200592041,
    4.199999809265));
#2762 = VECTOR('',#2763,1.);
#2763 = DIRECTION('',(-0.658974471081,0.752165305278,0.));
#2764 = ORIENTED_EDGE('',*,*,#2765,.T.);
#2765 = EDGE_CURVE('',#2758,#2766,#2768,.T.);
#2766 = VERTEX_POINT('',#2767);
#2767 = CARTESIAN_POINT('',(24.614200592041,34.182998657227,
    4.199999809265));
#2768 = LINE('',#2769,#2770);
#2769 = CARTESIAN_POINT('',(24.717500686646,34.092498779297,
    4.199999809265));
#2770 = VECTOR('',#2771,1.);
#2771 = DIRECTION('',(-0.752171336163,0.658967587257,0.));
#2772 = ORIENTED_EDGE('',*,*,#2773,.T.);
#2773 = EDGE_CURVE('',#2766,#2774,#2776,.T.);
#2774 = VERTEX_POINT('',#2775);
#2775 = CARTESIAN_POINT('',(24.5,34.259300231934,4.199999809265));
#2776 = LINE('',#2777,#2778);
#2777 = CARTESIAN_POINT('',(24.614200592041,34.182998657227,
    4.199999809265));
#2778 = VECTOR('',#2779,1.);
#2779 = DIRECTION('',(-0.831485827769,0.555545964092,0.));
#2780 = ORIENTED_EDGE('',*,*,#2781,.T.);
#2781 = EDGE_CURVE('',#2774,#2782,#2784,.T.);
#2782 = VERTEX_POINT('',#2783);
#2783 = CARTESIAN_POINT('',(24.376800537109,34.320098876953,
    4.199999809265));
#2784 = LINE('',#2785,#2786);
#2785 = CARTESIAN_POINT('',(24.5,34.259300231934,4.199999809265));
#2786 = VECTOR('',#2787,1.);
#2787 = DIRECTION('',(-0.896747414017,0.442542738562,0.));
#2788 = ORIENTED_EDGE('',*,*,#2789,.T.);
#2789 = EDGE_CURVE('',#2782,#2790,#2792,.T.);
#2790 = VERTEX_POINT('',#2791);
#2791 = CARTESIAN_POINT('',(24.246799468994,34.364200592041,
    4.199999809265));
#2792 = LINE('',#2793,#2794);
#2793 = CARTESIAN_POINT('',(24.376800537109,34.320098876953,
    4.199999809265));
#2794 = VECTOR('',#2795,1.);
#2795 = DIRECTION('',(-0.946991532795,0.321258520222,0.));
#2796 = ORIENTED_EDGE('',*,*,#2797,.T.);
#2797 = EDGE_CURVE('',#2790,#2798,#2800,.T.);
#2798 = VERTEX_POINT('',#2799);
#2799 = CARTESIAN_POINT('',(24.112100601196,34.390998840332,
    4.199999809265));
#2800 = LINE('',#2801,#2802);
#2801 = CARTESIAN_POINT('',(24.246799468994,34.364200592041,
    4.199999809265));
#2802 = VECTOR('',#2803,1.);
#2803 = DIRECTION('',(-0.980778344922,0.195125185797,0.));
#2804 = ORIENTED_EDGE('',*,*,#2805,.T.);
#2805 = EDGE_CURVE('',#2798,#2806,#2808,.T.);
#2806 = VERTEX_POINT('',#2807);
#2807 = CARTESIAN_POINT('',(23.97500038147,34.400001525879,
    4.199999809265));
#2808 = LINE('',#2809,#2810);
#2809 = CARTESIAN_POINT('',(24.112100601196,34.390998840332,
    4.199999809265));
#2810 = VECTOR('',#2811,1.);
#2811 = DIRECTION('',(-0.997851001266,6.55238832217E-02,0.));
#2812 = ORIENTED_EDGE('',*,*,#2813,.T.);
#2813 = EDGE_CURVE('',#2806,#2814,#2816,.T.);
#2814 = VERTEX_POINT('',#2815);
#2815 = CARTESIAN_POINT('',(-23.97500038147,34.400001525879,
    4.199999809265));
#2816 = LINE('',#2817,#2818);
#2817 = CARTESIAN_POINT('',(23.97500038147,34.400001525879,
    4.199999809265));
#2818 = VECTOR('',#2819,1.);
#2819 = DIRECTION('',(-1.,0.,0.));
#2820 = ORIENTED_EDGE('',*,*,#2821,.T.);
#2821 = EDGE_CURVE('',#2814,#2822,#2824,.T.);
#2822 = VERTEX_POINT('',#2823);
#2823 = CARTESIAN_POINT('',(-24.11210060119,34.390998840332,
    4.199999809265));
#2824 = LINE('',#2825,#2826);
#2825 = CARTESIAN_POINT('',(-23.97500038147,34.400001525879,
    4.199999809265));
#2826 = VECTOR('',#2827,1.);
#2827 = DIRECTION('',(-0.997851001266,-6.55238832217E-02,0.));
#2828 = ORIENTED_EDGE('',*,*,#2829,.T.);
#2829 = EDGE_CURVE('',#2822,#2830,#2832,.T.);
#2830 = VERTEX_POINT('',#2831);
#2831 = CARTESIAN_POINT('',(-24.24679946899,34.364200592041,
    4.199999809265));
#2832 = LINE('',#2833,#2834);
#2833 = CARTESIAN_POINT('',(-24.11210060119,34.390998840332,
    4.199999809265));
#2834 = VECTOR('',#2835,1.);
#2835 = DIRECTION('',(-0.980778344922,-0.195125185797,0.));
#2836 = ORIENTED_EDGE('',*,*,#2837,.T.);
#2837 = EDGE_CURVE('',#2830,#2838,#2840,.T.);
#2838 = VERTEX_POINT('',#2839);
#2839 = CARTESIAN_POINT('',(-24.3768005371,34.320098876953,
    4.199999809265));
#2840 = LINE('',#2841,#2842);
#2841 = CARTESIAN_POINT('',(-24.24679946899,34.364200592041,
    4.199999809265));
#2842 = VECTOR('',#2843,1.);
#2843 = DIRECTION('',(-0.946991532795,-0.321258520222,0.));
#2844 = ORIENTED_EDGE('',*,*,#2845,.T.);
#2845 = EDGE_CURVE('',#2838,#2846,#2848,.T.);
#2846 = VERTEX_POINT('',#2847);
#2847 = CARTESIAN_POINT('',(-24.5,34.259300231934,4.199999809265));
#2848 = LINE('',#2849,#2850);
#2849 = CARTESIAN_POINT('',(-24.3768005371,34.320098876953,
    4.199999809265));
#2850 = VECTOR('',#2851,1.);
#2851 = DIRECTION('',(-0.896747414017,-0.442542738562,0.));
#2852 = ORIENTED_EDGE('',*,*,#2853,.T.);
#2853 = EDGE_CURVE('',#2846,#2854,#2856,.T.);
#2854 = VERTEX_POINT('',#2855);
#2855 = CARTESIAN_POINT('',(-24.61420059204,34.182998657227,
    4.199999809265));
#2856 = LINE('',#2857,#2858);
#2857 = CARTESIAN_POINT('',(-24.5,34.259300231934,4.199999809265));
#2858 = VECTOR('',#2859,1.);
#2859 = DIRECTION('',(-0.831485827769,-0.555545964092,0.));
#2860 = ORIENTED_EDGE('',*,*,#2861,.T.);
#2861 = EDGE_CURVE('',#2854,#2862,#2864,.T.);
#2862 = VERTEX_POINT('',#2863);
#2863 = CARTESIAN_POINT('',(-24.71750068664,34.092498779297,
    4.199999809265));
#2864 = LINE('',#2865,#2866);
#2865 = CARTESIAN_POINT('',(-24.61420059204,34.182998657227,
    4.199999809265));
#2866 = VECTOR('',#2867,1.);
#2867 = DIRECTION('',(-0.752171336163,-0.658967587257,0.));
#2868 = ORIENTED_EDGE('',*,*,#2869,.T.);
#2869 = EDGE_CURVE('',#2862,#2870,#2872,.T.);
#2870 = VERTEX_POINT('',#2871);
#2871 = CARTESIAN_POINT('',(-24.80800056457,33.989200592041,
    4.199999809265));
#2872 = LINE('',#2873,#2874);
#2873 = CARTESIAN_POINT('',(-24.71750068664,34.092498779297,
    4.199999809265));
#2874 = VECTOR('',#2875,1.);
#2875 = DIRECTION('',(-0.658974471081,-0.752165305278,0.));
#2876 = ORIENTED_EDGE('',*,*,#2877,.T.);
#2877 = EDGE_CURVE('',#2870,#2878,#2880,.T.);
#2878 = VERTEX_POINT('',#2879);
#2879 = CARTESIAN_POINT('',(-24.88430023193,33.875,4.199999809265));
#2880 = LINE('',#2881,#2882);
#2881 = CARTESIAN_POINT('',(-24.80800056457,33.989200592041,
    4.199999809265));
#2882 = VECTOR('',#2883,1.);
#2883 = DIRECTION('',(-0.555536362764,-0.831492242686,0.));
#2884 = ORIENTED_EDGE('',*,*,#2885,.T.);
#2885 = EDGE_CURVE('',#2878,#2886,#2888,.T.);
#2886 = VERTEX_POINT('',#2887);
#2887 = CARTESIAN_POINT('',(-24.9451007843,33.751800537109,
    4.199999809265));
#2888 = LINE('',#2889,#2890);
#2889 = CARTESIAN_POINT('',(-24.88430023193,33.875,4.199999809265));
#2890 = VECTOR('',#2891,1.);
#2891 = DIRECTION('',(-0.442553902764,-0.896741904423,0.));
#2892 = ORIENTED_EDGE('',*,*,#2893,.T.);
#2893 = EDGE_CURVE('',#2886,#2894,#2896,.T.);
#2894 = VERTEX_POINT('',#2895);
#2895 = CARTESIAN_POINT('',(-24.98920059204,33.621799468994,
    4.199999809265));
#2896 = LINE('',#2897,#2898);
#2897 = CARTESIAN_POINT('',(-24.9451007843,33.751800537109,
    4.199999809265));
#2898 = VECTOR('',#2899,1.);
#2899 = DIRECTION('',(-0.321246060041,-0.94699575971,0.));
#2900 = ORIENTED_EDGE('',*,*,#2901,.T.);
#2901 = EDGE_CURVE('',#2894,#2902,#2904,.T.);
#2902 = VERTEX_POINT('',#2903);
#2903 = CARTESIAN_POINT('',(-25.01600074768,33.487098693848,
    4.199999809265));
#2904 = LINE('',#2905,#2906);
#2905 = CARTESIAN_POINT('',(-24.98920059204,33.621799468994,
    4.199999809265));
#2906 = VECTOR('',#2907,1.);
#2907 = DIRECTION('',(-0.195135886964,-0.980776215871,0.));
#2908 = ORIENTED_EDGE('',*,*,#2909,.T.);
#2909 = EDGE_CURVE('',#2902,#2910,#2912,.T.);
#2910 = VERTEX_POINT('',#2911);
#2911 = CARTESIAN_POINT('',(-25.02499961853,33.349998474121,
    4.199999809265));
#2912 = LINE('',#2913,#2914);
#2913 = CARTESIAN_POINT('',(-25.01600074768,33.487098693848,
    4.199999809265));
#2914 = VECTOR('',#2915,1.);
#2915 = DIRECTION('',(-6.549623799189E-02,-0.997852816205,0.));
#2916 = ORIENTED_EDGE('',*,*,#2917,.T.);
#2917 = EDGE_CURVE('',#2910,#2918,#2920,.T.);
#2918 = VERTEX_POINT('',#2919);
#2919 = CARTESIAN_POINT('',(-25.02499961853,2.400000095367,
    4.199999809265));
#2920 = LINE('',#2921,#2922);
#2921 = CARTESIAN_POINT('',(-25.02499961853,33.349998474121,
    4.199999809265));
#2922 = VECTOR('',#2923,1.);
#2923 = DIRECTION('',(0.,-1.,0.));
#2924 = ORIENTED_EDGE('',*,*,#2925,.T.);
#2925 = EDGE_CURVE('',#2918,#2926,#2928,.T.);
#2926 = VERTEX_POINT('',#2927);
#2927 = CARTESIAN_POINT('',(-25.01600074768,2.262949943542,
    4.199999809265));
#2928 = LINE('',#2929,#2930);
#2929 = CARTESIAN_POINT('',(-25.02499961853,2.400000095367,
    4.199999809265));
#2930 = VECTOR('',#2931,1.);
#2931 = DIRECTION('',(6.552006273235E-02,-0.997851252131,0.));
#2932 = ORIENTED_EDGE('',*,*,#2933,.T.);
#2933 = EDGE_CURVE('',#2926,#2934,#2936,.T.);
#2934 = VERTEX_POINT('',#2935);
#2935 = CARTESIAN_POINT('',(-24.98920059204,2.12824010849,4.199999809265
    ));
#2936 = LINE('',#2937,#2938);
#2937 = CARTESIAN_POINT('',(-25.01600074768,2.262949943542,
    4.199999809265));
#2938 = VECTOR('',#2939,1.);
#2939 = DIRECTION('',(0.195123262788,-0.980778727501,0.));
#2940 = ORIENTED_EDGE('',*,*,#2941,.T.);
#2941 = EDGE_CURVE('',#2934,#2942,#2944,.T.);
#2942 = VERTEX_POINT('',#2943);
#2943 = CARTESIAN_POINT('',(-24.9451007843,1.998180031776,4.199999809265
    ));
#2944 = LINE('',#2945,#2946);
#2945 = CARTESIAN_POINT('',(-24.98920059204,2.12824010849,4.199999809265
    ));
#2946 = VECTOR('',#2947,1.);
#2947 = DIRECTION('',(0.321115341958,-0.947040092688,0.));
#2948 = ORIENTED_EDGE('',*,*,#2949,.T.);
#2949 = EDGE_CURVE('',#2942,#2950,#2952,.T.);
#2950 = VERTEX_POINT('',#2951);
#2951 = CARTESIAN_POINT('',(-24.88430023193,1.875,4.199999809265));
#2952 = LINE('',#2953,#2954);
#2953 = CARTESIAN_POINT('',(-24.9451007843,1.998180031776,4.199999809265
    ));
#2954 = VECTOR('',#2955,1.);
#2955 = DIRECTION('',(0.442610038364,-0.896714198583,0.));
#2956 = ORIENTED_EDGE('',*,*,#2957,.T.);
#2957 = EDGE_CURVE('',#2950,#2958,#2960,.T.);
#2958 = VERTEX_POINT('',#2959);
#2959 = CARTESIAN_POINT('',(-24.80800056457,1.760800004005,
    4.199999809265));
#2960 = LINE('',#2961,#2962);
#2961 = CARTESIAN_POINT('',(-24.88430023193,1.875,4.199999809265));
#2962 = VECTOR('',#2963,1.);
#2963 = DIRECTION('',(0.55553836743,-0.831490903326,0.));
#2964 = ORIENTED_EDGE('',*,*,#2965,.T.);
#2965 = EDGE_CURVE('',#2958,#2966,#2968,.T.);
#2966 = VERTEX_POINT('',#2967);
#2967 = CARTESIAN_POINT('',(-24.71750068664,1.657539963722,
    4.199999809265));
#2968 = LINE('',#2969,#2970);
#2969 = CARTESIAN_POINT('',(-24.80800056457,1.760800004005,
    4.199999809265));
#2970 = VECTOR('',#2971,1.);
#2971 = DIRECTION('',(0.659112166176,-0.752044647876,0.));
#2972 = ORIENTED_EDGE('',*,*,#2973,.T.);
#2973 = EDGE_CURVE('',#2966,#2974,#2976,.T.);
#2974 = VERTEX_POINT('',#2975);
#2975 = CARTESIAN_POINT('',(-24.61420059204,1.566980004311,
    4.199999809265));
#2976 = LINE('',#2977,#2978);
#2977 = CARTESIAN_POINT('',(-24.71750068664,1.657539963722,
    4.199999809265));
#2978 = VECTOR('',#2979,1.);
#2979 = DIRECTION('',(0.751954518902,-0.659214988833,0.));
#2980 = ORIENTED_EDGE('',*,*,#2981,.T.);
#2981 = EDGE_CURVE('',#2974,#2982,#2984,.T.);
#2982 = VERTEX_POINT('',#2983);
#2983 = CARTESIAN_POINT('',(-24.5,1.490669965744,4.199999809265));
#2984 = LINE('',#2985,#2986);
#2985 = CARTESIAN_POINT('',(-24.61420059204,1.566980004311,
    4.199999809265));
#2986 = VECTOR('',#2987,1.);
#2987 = DIRECTION('',(0.831457361433,-0.555588567305,0.));
#2988 = ORIENTED_EDGE('',*,*,#2989,.T.);
#2989 = EDGE_CURVE('',#2982,#2990,#2992,.T.);
#2990 = VERTEX_POINT('',#2991);
#2991 = CARTESIAN_POINT('',(-24.3768005371,1.429929971695,4.199999809265
    ));
#2992 = LINE('',#2993,#2994);
#2993 = CARTESIAN_POINT('',(-24.5,1.490669965744,4.199999809265));
#2994 = VECTOR('',#2995,1.);
#2995 = DIRECTION('',(0.896916799186,-0.442199338916,0.));
#2996 = ORIENTED_EDGE('',*,*,#2997,.T.);
#2997 = EDGE_CURVE('',#2990,#2998,#3000,.T.);
#2998 = VERTEX_POINT('',#2999);
#2999 = CARTESIAN_POINT('',(-24.24679946899,1.385779976845,
    4.199999809265));
#3000 = LINE('',#3001,#3002);
#3001 = CARTESIAN_POINT('',(-24.3768005371,1.429929971695,4.199999809265
    ));
#3002 = VECTOR('',#3003,1.);
#3003 = DIRECTION('',(0.946884496993,-0.321573862984,0.));
#3004 = ORIENTED_EDGE('',*,*,#3005,.T.);
#3005 = EDGE_CURVE('',#2998,#3006,#3008,.T.);
#3006 = VERTEX_POINT('',#3007);
#3007 = CARTESIAN_POINT('',(-24.11210060119,1.358979940414,
    4.199999809265));
#3008 = LINE('',#3009,#3010);
#3009 = CARTESIAN_POINT('',(-24.24679946899,1.385779976845,
    4.199999809265));
#3010 = VECTOR('',#3011,1.);
#3011 = DIRECTION('',(0.980775853167,-0.19513770995,0.));
#3012 = ORIENTED_EDGE('',*,*,#3013,.T.);
#3013 = EDGE_CURVE('',#3006,#3014,#3016,.T.);
#3014 = VERTEX_POINT('',#3015);
#3015 = CARTESIAN_POINT('',(-23.97500038147,1.350000023842,
    4.199999809265));
#3016 = LINE('',#3017,#3018);
#3017 = CARTESIAN_POINT('',(-24.11210060119,1.358979940414,
    4.199999809265));
#3018 = VECTOR('',#3019,1.);
#3019 = DIRECTION('',(0.997861822925,-6.53588735211E-02,0.));
#3020 = ORIENTED_EDGE('',*,*,#3021,.T.);
#3021 = EDGE_CURVE('',#3014,#3022,#3024,.T.);
#3022 = VERTEX_POINT('',#3023);
#3023 = CARTESIAN_POINT('',(-10.5,1.350000023842,4.199999809265));
#3024 = LINE('',#3025,#3026);
#3025 = CARTESIAN_POINT('',(-23.97500038147,1.350000023842,
    4.199999809265));
#3026 = VECTOR('',#3027,1.);
#3027 = DIRECTION('',(1.,0.,0.));
#3028 = ORIENTED_EDGE('',*,*,#3029,.T.);
#3029 = EDGE_CURVE('',#3022,#3030,#3032,.T.);
#3030 = VERTEX_POINT('',#3031);
#3031 = CARTESIAN_POINT('',(-10.5,0.15000000596,4.199999809265));
#3032 = LINE('',#3033,#3034);
#3033 = CARTESIAN_POINT('',(-10.5,1.350000023842,4.199999809265));
#3034 = VECTOR('',#3035,1.);
#3035 = DIRECTION('',(0.,-1.,0.));
#3036 = ORIENTED_EDGE('',*,*,#3037,.T.);
#3037 = EDGE_CURVE('',#3030,#3038,#3040,.T.);
#3038 = VERTEX_POINT('',#3039);
#3039 = CARTESIAN_POINT('',(-23.97500038147,0.15000000596,4.199999809265
    ));
#3040 = LINE('',#3041,#3042);
#3041 = CARTESIAN_POINT('',(-10.5,0.15000000596,4.199999809265));
#3042 = VECTOR('',#3043,1.);
#3043 = DIRECTION('',(-1.,0.,0.));
#3044 = ORIENTED_EDGE('',*,*,#3045,.T.);
#3045 = EDGE_CURVE('',#3038,#3046,#3048,.T.);
#3046 = VERTEX_POINT('',#3047);
#3047 = CARTESIAN_POINT('',(-24.26869964599,0.169248998165,
    4.199999809265));
#3048 = LINE('',#3049,#3050);
#3049 = CARTESIAN_POINT('',(-23.97500038147,0.15000000596,4.199999809265
    ));
#3050 = VECTOR('',#3051,1.);
#3051 = DIRECTION('',(-0.997859161512,6.539949377225E-02,0.));
#3052 = ORIENTED_EDGE('',*,*,#3053,.T.);
#3053 = EDGE_CURVE('',#3046,#3054,#3056,.T.);
#3054 = VERTEX_POINT('',#3055);
#3055 = CARTESIAN_POINT('',(-24.55730056762,0.226666003466,
    4.199999809265));
#3056 = LINE('',#3057,#3058);
#3057 = CARTESIAN_POINT('',(-24.26869964599,0.169248998165,
    4.199999809265));
#3058 = VECTOR('',#3059,1.);
#3059 = DIRECTION('',(-0.980778313772,0.195125342367,0.));
#3060 = ORIENTED_EDGE('',*,*,#3061,.T.);
#3061 = EDGE_CURVE('',#3054,#3062,#3064,.T.);
#3062 = VERTEX_POINT('',#3063);
#3063 = CARTESIAN_POINT('',(-24.8360004425,0.321271002293,4.199999809265
    ));
#3064 = LINE('',#3065,#3066);
#3065 = CARTESIAN_POINT('',(-24.55730056762,0.226666003466,
    4.199999809265));
#3066 = VECTOR('',#3067,1.);
#3067 = DIRECTION('',(-0.946931019559,0.321436843249,0.));
#3068 = ORIENTED_EDGE('',*,*,#3069,.T.);
#3069 = EDGE_CURVE('',#3062,#3070,#3072,.T.);
#3070 = VERTEX_POINT('',#3071);
#3071 = CARTESIAN_POINT('',(-25.10000038147,0.451442986727,
    4.199999809265));
#3072 = LINE('',#3073,#3074);
#3073 = CARTESIAN_POINT('',(-24.8360004425,0.321271002293,4.199999809265
    ));
#3074 = VECTOR('',#3075,1.);
#3075 = DIRECTION('',(-0.896897507072,0.442238467128,0.));
#3076 = ORIENTED_EDGE('',*,*,#3077,.T.);
#3077 = EDGE_CURVE('',#3070,#3078,#3080,.T.);
#3078 = VERTEX_POINT('',#3079);
#3079 = CARTESIAN_POINT('',(-25.34469985961,0.61495500803,4.199999809265
    ));
#3080 = LINE('',#3081,#3082);
#3081 = CARTESIAN_POINT('',(-25.10000038147,0.451442986727,
    4.199999809265));
#3082 = VECTOR('',#3083,1.);
#3083 = DIRECTION('',(-0.831455395628,0.555591509188,0.));
#3084 = ORIENTED_EDGE('',*,*,#3085,.T.);
#3085 = EDGE_CURVE('',#3078,#3086,#3088,.T.);
#3086 = VERTEX_POINT('',#3087);
#3087 = CARTESIAN_POINT('',(-25.56599998474,0.809010028839,
    4.199999809265));
#3088 = LINE('',#3089,#3090);
#3089 = CARTESIAN_POINT('',(-25.34469985961,0.61495500803,4.199999809265
    ));
#3090 = VECTOR('',#3091,1.);
#3091 = DIRECTION('',(-0.751873457739,0.659307442357,0.));
#3092 = ORIENTED_EDGE('',*,*,#3093,.T.);
#3093 = EDGE_CURVE('',#3086,#3094,#3096,.T.);
#3094 = VERTEX_POINT('',#3095);
#3095 = CARTESIAN_POINT('',(-25.76000022888,1.030290007591,
    4.199999809265));
#3096 = LINE('',#3097,#3098);
#3097 = CARTESIAN_POINT('',(-25.56599998474,0.809010028839,
    4.199999809265));
#3098 = VECTOR('',#3099,1.);
#3099 = DIRECTION('',(-0.659236149795,0.751935967223,0.));
#3100 = ORIENTED_EDGE('',*,*,#3101,.T.);
#3101 = EDGE_CURVE('',#3094,#3102,#3104,.T.);
#3102 = VERTEX_POINT('',#3103);
#3103 = CARTESIAN_POINT('',(-25.92359924316,1.274999976158,
    4.199999809265));
#3104 = LINE('',#3105,#3106);
#3105 = CARTESIAN_POINT('',(-25.76000022888,1.030290007591,
    4.199999809265));
#3106 = VECTOR('',#3107,1.);
#3107 = DIRECTION('',(-0.555779339281,0.831329853926,0.));
#3108 = ORIENTED_EDGE('',*,*,#3109,.T.);
#3109 = EDGE_CURVE('',#3102,#3110,#3112,.T.);
#3110 = VERTEX_POINT('',#3111);
#3111 = CARTESIAN_POINT('',(-26.0536994934,1.538959980011,4.199999809265
    ));
#3112 = LINE('',#3113,#3114);
#3113 = CARTESIAN_POINT('',(-25.92359924316,1.274999976158,
    4.199999809265));
#3114 = VECTOR('',#3115,1.);
#3115 = DIRECTION('',(-0.442096199903,0.896967641574,0.));
#3116 = ORIENTED_EDGE('',*,*,#3117,.T.);
#3117 = EDGE_CURVE('',#3110,#2260,#3118,.T.);
#3118 = LINE('',#3119,#3120);
#3119 = CARTESIAN_POINT('',(-26.0536994934,1.538959980011,4.199999809265
    ));
#3120 = VECTOR('',#3121,1.);
#3121 = DIRECTION('',(-0.321423554406,0.946935530368,0.));
#3122 = FACE_BOUND('',#3123,.T.);
#3123 = EDGE_LOOP('',(#3124,#3134,#3142,#3150));
#3124 = ORIENTED_EDGE('',*,*,#3125,.T.);
#3125 = EDGE_CURVE('',#3126,#3128,#3130,.T.);
#3126 = VERTEX_POINT('',#3127);
#3127 = CARTESIAN_POINT('',(-4.5,2.,4.199999809265));
#3128 = VERTEX_POINT('',#3129);
#3129 = CARTESIAN_POINT('',(-4.5,20.,4.199999809265));
#3130 = LINE('',#3131,#3132);
#3131 = CARTESIAN_POINT('',(-4.5,2.,4.199999809265));
#3132 = VECTOR('',#3133,1.);
#3133 = DIRECTION('',(0.,1.,0.));
#3134 = ORIENTED_EDGE('',*,*,#3135,.T.);
#3135 = EDGE_CURVE('',#3128,#3136,#3138,.T.);
#3136 = VERTEX_POINT('',#3137);
#3137 = CARTESIAN_POINT('',(-2.5,20.,4.199999809265));
#3138 = LINE('',#3139,#3140);
#3139 = CARTESIAN_POINT('',(-4.5,20.,4.199999809265));
#3140 = VECTOR('',#3141,1.);
#3141 = DIRECTION('',(1.,0.,0.));
#3142 = ORIENTED_EDGE('',*,*,#3143,.T.);
#3143 = EDGE_CURVE('',#3136,#3144,#3146,.T.);
#3144 = VERTEX_POINT('',#3145);
#3145 = CARTESIAN_POINT('',(-2.5,2.,4.199999809265));
#3146 = LINE('',#3147,#3148);
#3147 = CARTESIAN_POINT('',(-2.5,20.,4.199999809265));
#3148 = VECTOR('',#3149,1.);
#3149 = DIRECTION('',(0.,-1.,0.));
#3150 = ORIENTED_EDGE('',*,*,#3151,.T.);
#3151 = EDGE_CURVE('',#3144,#3126,#3152,.T.);
#3152 = LINE('',#3153,#3154);
#3153 = CARTESIAN_POINT('',(-2.5,2.,4.199999809265));
#3154 = VECTOR('',#3155,1.);
#3155 = DIRECTION('',(-1.,0.,0.));
#3156 = FACE_BOUND('',#3157,.T.);
#3157 = EDGE_LOOP('',(#3158,#3168,#3176,#3184));
#3158 = ORIENTED_EDGE('',*,*,#3159,.T.);
#3159 = EDGE_CURVE('',#3160,#3162,#3164,.T.);
#3160 = VERTEX_POINT('',#3161);
#3161 = CARTESIAN_POINT('',(2.5,2.,4.199999809265));
#3162 = VERTEX_POINT('',#3163);
#3163 = CARTESIAN_POINT('',(2.5,20.,4.199999809265));
#3164 = LINE('',#3165,#3166);
#3165 = CARTESIAN_POINT('',(2.5,2.,4.199999809265));
#3166 = VECTOR('',#3167,1.);
#3167 = DIRECTION('',(0.,1.,0.));
#3168 = ORIENTED_EDGE('',*,*,#3169,.T.);
#3169 = EDGE_CURVE('',#3162,#3170,#3172,.T.);
#3170 = VERTEX_POINT('',#3171);
#3171 = CARTESIAN_POINT('',(4.5,20.,4.199999809265));
#3172 = LINE('',#3173,#3174);
#3173 = CARTESIAN_POINT('',(2.5,20.,4.199999809265));
#3174 = VECTOR('',#3175,1.);
#3175 = DIRECTION('',(1.,0.,0.));
#3176 = ORIENTED_EDGE('',*,*,#3177,.T.);
#3177 = EDGE_CURVE('',#3170,#3178,#3180,.T.);
#3178 = VERTEX_POINT('',#3179);
#3179 = CARTESIAN_POINT('',(4.5,2.,4.199999809265));
#3180 = LINE('',#3181,#3182);
#3181 = CARTESIAN_POINT('',(4.5,20.,4.199999809265));
#3182 = VECTOR('',#3183,1.);
#3183 = DIRECTION('',(0.,-1.,0.));
#3184 = ORIENTED_EDGE('',*,*,#3185,.T.);
#3185 = EDGE_CURVE('',#3178,#3160,#3186,.T.);
#3186 = LINE('',#3187,#3188);
#3187 = CARTESIAN_POINT('',(4.5,2.,4.199999809265));
#3188 = VECTOR('',#3189,1.);
#3189 = DIRECTION('',(-1.,0.,0.));
#3190 = FACE_BOUND('',#3191,.T.);
#3191 = EDGE_LOOP('',(#3192,#3202,#3210,#3218));
#3192 = ORIENTED_EDGE('',*,*,#3193,.T.);
#3193 = EDGE_CURVE('',#3194,#3196,#3198,.T.);
#3194 = VERTEX_POINT('',#3195);
#3195 = CARTESIAN_POINT('',(-9.300000190735,24.700000762939,
    4.199999809265));
#3196 = VERTEX_POINT('',#3197);
#3197 = CARTESIAN_POINT('',(-9.300000190735,12.,4.199999809265));
#3198 = LINE('',#3199,#3200);
#3199 = CARTESIAN_POINT('',(-9.300000190735,24.700000762939,
    4.199999809265));
#3200 = VECTOR('',#3201,1.);
#3201 = DIRECTION('',(0.,-1.,0.));
#3202 = ORIENTED_EDGE('',*,*,#3203,.T.);
#3203 = EDGE_CURVE('',#3196,#3204,#3206,.T.);
#3204 = VERTEX_POINT('',#3205);
#3205 = CARTESIAN_POINT('',(-10.80000019073,12.,4.199999809265));
#3206 = LINE('',#3207,#3208);
#3207 = CARTESIAN_POINT('',(-9.300000190735,12.,4.199999809265));
#3208 = VECTOR('',#3209,1.);
#3209 = DIRECTION('',(-1.,0.,0.));
#3210 = ORIENTED_EDGE('',*,*,#3211,.T.);
#3211 = EDGE_CURVE('',#3204,#3212,#3214,.T.);
#3212 = VERTEX_POINT('',#3213);
#3213 = CARTESIAN_POINT('',(-10.80000019073,24.700000762939,
    4.199999809265));
#3214 = LINE('',#3215,#3216);
#3215 = CARTESIAN_POINT('',(-10.80000019073,12.,4.199999809265));
#3216 = VECTOR('',#3217,1.);
#3217 = DIRECTION('',(0.,1.,0.));
#3218 = ORIENTED_EDGE('',*,*,#3219,.T.);
#3219 = EDGE_CURVE('',#3212,#3194,#3220,.T.);
#3220 = LINE('',#3221,#3222);
#3221 = CARTESIAN_POINT('',(-10.80000019073,24.700000762939,
    4.199999809265));
#3222 = VECTOR('',#3223,1.);
#3223 = DIRECTION('',(1.,0.,0.));
#3224 = FACE_BOUND('',#3225,.T.);
#3225 = EDGE_LOOP('',(#3226,#3236,#3244,#3252));
#3226 = ORIENTED_EDGE('',*,*,#3227,.T.);
#3227 = EDGE_CURVE('',#3228,#3230,#3232,.T.);
#3228 = VERTEX_POINT('',#3229);
#3229 = CARTESIAN_POINT('',(10.800000190735,12.,4.199999809265));
#3230 = VERTEX_POINT('',#3231);
#3231 = CARTESIAN_POINT('',(9.300000190735,12.,4.199999809265));
#3232 = LINE('',#3233,#3234);
#3233 = CARTESIAN_POINT('',(10.800000190735,12.,4.199999809265));
#3234 = VECTOR('',#3235,1.);
#3235 = DIRECTION('',(-1.,0.,0.));
#3236 = ORIENTED_EDGE('',*,*,#3237,.T.);
#3237 = EDGE_CURVE('',#3230,#3238,#3240,.T.);
#3238 = VERTEX_POINT('',#3239);
#3239 = CARTESIAN_POINT('',(9.300000190735,24.700000762939,
    4.199999809265));
#3240 = LINE('',#3241,#3242);
#3241 = CARTESIAN_POINT('',(9.300000190735,12.,4.199999809265));
#3242 = VECTOR('',#3243,1.);
#3243 = DIRECTION('',(0.,1.,0.));
#3244 = ORIENTED_EDGE('',*,*,#3245,.T.);
#3245 = EDGE_CURVE('',#3238,#3246,#3248,.T.);
#3246 = VERTEX_POINT('',#3247);
#3247 = CARTESIAN_POINT('',(10.800000190735,24.700000762939,
    4.199999809265));
#3248 = LINE('',#3249,#3250);
#3249 = CARTESIAN_POINT('',(9.300000190735,24.700000762939,
    4.199999809265));
#3250 = VECTOR('',#3251,1.);
#3251 = DIRECTION('',(1.,0.,0.));
#3252 = ORIENTED_EDGE('',*,*,#3253,.T.);
#3253 = EDGE_CURVE('',#3246,#3228,#3254,.T.);
#3254 = LINE('',#3255,#3256);
#3255 = CARTESIAN_POINT('',(10.800000190735,24.700000762939,
    4.199999809265));
#3256 = VECTOR('',#3257,1.);
#3257 = DIRECTION('',(0.,-1.,0.));
#3258 = FACE_BOUND('',#3259,.T.);
#3259 = EDGE_LOOP('',(#3260,#3270,#3278,#3286));
#3260 = ORIENTED_EDGE('',*,*,#3261,.T.);
#3261 = EDGE_CURVE('',#3262,#3264,#3266,.T.);
#3262 = VERTEX_POINT('',#3263);
#3263 = CARTESIAN_POINT('',(6.,23.5,4.199999809265));
#3264 = VERTEX_POINT('',#3265);
#3265 = CARTESIAN_POINT('',(-6.,23.5,4.199999809265));
#3266 = LINE('',#3267,#3268);
#3267 = CARTESIAN_POINT('',(6.,23.5,4.199999809265));
#3268 = VECTOR('',#3269,1.);
#3269 = DIRECTION('',(-1.,0.,0.));
#3270 = ORIENTED_EDGE('',*,*,#3271,.T.);
#3271 = EDGE_CURVE('',#3264,#3272,#3274,.T.);
#3272 = VERTEX_POINT('',#3273);
#3273 = CARTESIAN_POINT('',(-6.,25.,4.199999809265));
#3274 = LINE('',#3275,#3276);
#3275 = CARTESIAN_POINT('',(-6.,23.5,4.199999809265));
#3276 = VECTOR('',#3277,1.);
#3277 = DIRECTION('',(0.,1.,0.));
#3278 = ORIENTED_EDGE('',*,*,#3279,.T.);
#3279 = EDGE_CURVE('',#3272,#3280,#3282,.T.);
#3280 = VERTEX_POINT('',#3281);
#3281 = CARTESIAN_POINT('',(6.,25.,4.199999809265));
#3282 = LINE('',#3283,#3284);
#3283 = CARTESIAN_POINT('',(-6.,25.,4.199999809265));
#3284 = VECTOR('',#3285,1.);
#3285 = DIRECTION('',(1.,0.,0.));
#3286 = ORIENTED_EDGE('',*,*,#3287,.T.);
#3287 = EDGE_CURVE('',#3280,#3262,#3288,.T.);
#3288 = LINE('',#3289,#3290);
#3289 = CARTESIAN_POINT('',(6.,25.,4.199999809265));
#3290 = VECTOR('',#3291,1.);
#3291 = DIRECTION('',(0.,-1.,0.));
#3292 = FACE_BOUND('',#3293,.T.);
#3293 = EDGE_LOOP('',(#3294,#3304,#3312,#3320,#3328,#3336,#3344,#3352,
    #3360,#3368,#3376,#3384,#3392,#3400,#3408,#3416,#3424,#3432,#3440,
    #3448,#3456,#3464,#3472,#3480,#3488,#3496,#3504,#3512,#3520,#3528,
    #3536,#3544,#3552,#3560,#3568,#3576,#3584,#3592,#3600,#3608,#3616,
    #3624,#3632,#3640,#3648,#3656,#3664,#3672));
#3294 = ORIENTED_EDGE('',*,*,#3295,.T.);
#3295 = EDGE_CURVE('',#3296,#3298,#3300,.T.);
#3296 = VERTEX_POINT('',#3297);
#3297 = CARTESIAN_POINT('',(20.39999961853,6.,4.199999809265));
#3298 = VERTEX_POINT('',#3299);
#3299 = CARTESIAN_POINT('',(20.409400939941,6.143579959869,
    4.199999809265));
#3300 = LINE('',#3301,#3302);
#3301 = CARTESIAN_POINT('',(20.39999961853,6.,4.199999809265));
#3302 = VECTOR('',#3303,1.);
#3303 = DIRECTION('',(6.533803574754E-02,0.997863187559,0.));
#3304 = ORIENTED_EDGE('',*,*,#3305,.T.);
#3305 = EDGE_CURVE('',#3298,#3306,#3308,.T.);
#3306 = VERTEX_POINT('',#3307);
#3307 = CARTESIAN_POINT('',(20.4375,6.28469991684,4.199999809265));
#3308 = LINE('',#3309,#3310);
#3309 = CARTESIAN_POINT('',(20.409400939941,6.143579959869,
    4.199999809265));
#3310 = VECTOR('',#3311,1.);
#3311 = DIRECTION('',(0.195281217381,0.980747289641,0.));
#3312 = ORIENTED_EDGE('',*,*,#3313,.T.);
#3313 = EDGE_CURVE('',#3306,#3314,#3316,.T.);
#3314 = VERTEX_POINT('',#3315);
#3315 = CARTESIAN_POINT('',(20.483699798584,6.420949935913,
    4.199999809265));
#3316 = LINE('',#3317,#3318);
#3317 = CARTESIAN_POINT('',(20.4375,6.28469991684,4.199999809265));
#3318 = VECTOR('',#3319,1.);
#3319 = DIRECTION('',(0.321122517447,0.947037659646,0.));
#3320 = ORIENTED_EDGE('',*,*,#3321,.T.);
#3321 = EDGE_CURVE('',#3314,#3322,#3324,.T.);
#3322 = VERTEX_POINT('',#3323);
#3323 = CARTESIAN_POINT('',(20.547399520874,6.550000190735,
    4.199999809265));
#3324 = LINE('',#3325,#3326);
#3325 = CARTESIAN_POINT('',(20.483699798584,6.420949935913,
    4.199999809265));
#3326 = VECTOR('',#3327,1.);
#3327 = DIRECTION('',(0.442619429381,0.8967095632,0.));
#3328 = ORIENTED_EDGE('',*,*,#3329,.T.);
#3329 = EDGE_CURVE('',#3322,#3330,#3332,.T.);
#3330 = VERTEX_POINT('',#3331);
#3331 = CARTESIAN_POINT('',(20.627300262451,6.66964006424,4.199999809265
    ));
#3332 = LINE('',#3333,#3334);
#3333 = CARTESIAN_POINT('',(20.547399520874,6.550000190735,
    4.199999809265));
#3334 = VECTOR('',#3335,1.);
#3335 = DIRECTION('',(0.555377683916,0.831598237256,0.));
#3336 = ORIENTED_EDGE('',*,*,#3337,.T.);
#3337 = EDGE_CURVE('',#3330,#3338,#3340,.T.);
#3338 = VERTEX_POINT('',#3339);
#3339 = CARTESIAN_POINT('',(20.722200393677,6.777820110321,
    4.199999809265));
#3340 = LINE('',#3341,#3342);
#3341 = CARTESIAN_POINT('',(20.627300262451,6.66964006424,4.199999809265
    ));
#3342 = VECTOR('',#3343,1.);
#3343 = DIRECTION('',(0.659458843897,0.751740668852,0.));
#3344 = ORIENTED_EDGE('',*,*,#3345,.T.);
#3345 = EDGE_CURVE('',#3338,#3346,#3348,.T.);
#3346 = VERTEX_POINT('',#3347);
#3347 = CARTESIAN_POINT('',(20.830400466919,6.872690200806,
    4.199999809265));
#3348 = LINE('',#3349,#3350);
#3349 = CARTESIAN_POINT('',(20.722200393677,6.777820110321,
    4.199999809265));
#3350 = VECTOR('',#3351,1.);
#3351 = DIRECTION('',(0.751904660699,0.659271856838,0.));
#3352 = ORIENTED_EDGE('',*,*,#3353,.T.);
#3353 = EDGE_CURVE('',#3346,#3354,#3356,.T.);
#3354 = VERTEX_POINT('',#3355);
#3355 = CARTESIAN_POINT('',(20.950000762939,6.95263004303,4.199999809265
    ));
#3356 = LINE('',#3357,#3358);
#3357 = CARTESIAN_POINT('',(20.830400466919,6.872690200806,
    4.199999809265));
#3358 = VECTOR('',#3359,1.);
#3359 = DIRECTION('',(0.831387786048,0.555692675145,0.));
#3360 = ORIENTED_EDGE('',*,*,#3361,.T.);
#3361 = EDGE_CURVE('',#3354,#3362,#3364,.T.);
#3362 = VERTEX_POINT('',#3363);
#3363 = CARTESIAN_POINT('',(21.079000473022,7.016270160675,
    4.199999809265));
#3364 = LINE('',#3365,#3366);
#3365 = CARTESIAN_POINT('',(20.950000762939,6.95263004303,4.199999809265
    ));
#3366 = VECTOR('',#3367,1.);
#3367 = DIRECTION('',(0.896805165756,0.442425693956,0.));
#3368 = ORIENTED_EDGE('',*,*,#3369,.T.);
#3369 = EDGE_CURVE('',#3362,#3370,#3372,.T.);
#3370 = VERTEX_POINT('',#3371);
#3371 = CARTESIAN_POINT('',(21.215299606323,7.062520027161,
    4.199999809265));
#3372 = LINE('',#3373,#3374);
#3373 = CARTESIAN_POINT('',(21.079000473022,7.016270160675,
    4.199999809265));
#3374 = VECTOR('',#3375,1.);
#3375 = DIRECTION('',(0.946967035763,0.321330722431,0.));
#3376 = ORIENTED_EDGE('',*,*,#3377,.T.);
#3377 = EDGE_CURVE('',#3370,#3378,#3380,.T.);
#3378 = VERTEX_POINT('',#3379);
#3379 = CARTESIAN_POINT('',(21.356399536133,7.090590000153,
    4.199999809265));
#3380 = LINE('',#3381,#3382);
#3381 = CARTESIAN_POINT('',(21.215299606323,7.062520027161,
    4.199999809265));
#3382 = VECTOR('',#3383,1.);
#3383 = DIRECTION('',(0.98078068905,0.19511340289,0.));
#3384 = ORIENTED_EDGE('',*,*,#3385,.T.);
#3385 = EDGE_CURVE('',#3378,#3386,#3388,.T.);
#3386 = VERTEX_POINT('',#3387);
#3387 = CARTESIAN_POINT('',(21.5,7.099999904633,4.199999809265));
#3388 = LINE('',#3389,#3390);
#3389 = CARTESIAN_POINT('',(21.356399536133,7.090590000153,
    4.199999809265));
#3390 = VECTOR('',#3391,1.);
#3391 = DIRECTION('',(0.997859905953,6.538813417835E-02,0.));
#3392 = ORIENTED_EDGE('',*,*,#3393,.T.);
#3393 = EDGE_CURVE('',#3386,#3394,#3396,.T.);
#3394 = VERTEX_POINT('',#3395);
#3395 = CARTESIAN_POINT('',(21.643600463867,7.090590000153,
    4.199999809265));
#3396 = LINE('',#3397,#3398);
#3397 = CARTESIAN_POINT('',(21.5,7.099999904633,4.199999809265));
#3398 = VECTOR('',#3399,1.);
#3399 = DIRECTION('',(0.997859905953,-6.538813417835E-02,0.));
#3400 = ORIENTED_EDGE('',*,*,#3401,.T.);
#3401 = EDGE_CURVE('',#3394,#3402,#3404,.T.);
#3402 = VERTEX_POINT('',#3403);
#3403 = CARTESIAN_POINT('',(21.784700393677,7.062520027161,
    4.199999809265));
#3404 = LINE('',#3405,#3406);
#3405 = CARTESIAN_POINT('',(21.643600463867,7.090590000153,
    4.199999809265));
#3406 = VECTOR('',#3407,1.);
#3407 = DIRECTION('',(0.98078068905,-0.19511340289,0.));
#3408 = ORIENTED_EDGE('',*,*,#3409,.T.);
#3409 = EDGE_CURVE('',#3402,#3410,#3412,.T.);
#3410 = VERTEX_POINT('',#3411);
#3411 = CARTESIAN_POINT('',(21.920999526978,7.016270160675,
    4.199999809265));
#3412 = LINE('',#3413,#3414);
#3413 = CARTESIAN_POINT('',(21.784700393677,7.062520027161,
    4.199999809265));
#3414 = VECTOR('',#3415,1.);
#3415 = DIRECTION('',(0.946967035763,-0.321330722431,0.));
#3416 = ORIENTED_EDGE('',*,*,#3417,.T.);
#3417 = EDGE_CURVE('',#3410,#3418,#3420,.T.);
#3418 = VERTEX_POINT('',#3419);
#3419 = CARTESIAN_POINT('',(22.049999237061,6.95263004303,4.199999809265
    ));
#3420 = LINE('',#3421,#3422);
#3421 = CARTESIAN_POINT('',(21.920999526978,7.016270160675,
    4.199999809265));
#3422 = VECTOR('',#3423,1.);
#3423 = DIRECTION('',(0.896805165756,-0.442425693956,0.));
#3424 = ORIENTED_EDGE('',*,*,#3425,.T.);
#3425 = EDGE_CURVE('',#3418,#3426,#3428,.T.);
#3426 = VERTEX_POINT('',#3427);
#3427 = CARTESIAN_POINT('',(22.169599533081,6.872690200806,
    4.199999809265));
#3428 = LINE('',#3429,#3430);
#3429 = CARTESIAN_POINT('',(22.049999237061,6.95263004303,4.199999809265
    ));
#3430 = VECTOR('',#3431,1.);
#3431 = DIRECTION('',(0.831387786048,-0.555692675145,0.));
#3432 = ORIENTED_EDGE('',*,*,#3433,.T.);
#3433 = EDGE_CURVE('',#3426,#3434,#3436,.T.);
#3434 = VERTEX_POINT('',#3435);
#3435 = CARTESIAN_POINT('',(22.277799606323,6.777820110321,
    4.199999809265));
#3436 = LINE('',#3437,#3438);
#3437 = CARTESIAN_POINT('',(22.169599533081,6.872690200806,
    4.199999809265));
#3438 = VECTOR('',#3439,1.);
#3439 = DIRECTION('',(0.751904660699,-0.659271856838,0.));
#3440 = ORIENTED_EDGE('',*,*,#3441,.T.);
#3441 = EDGE_CURVE('',#3434,#3442,#3444,.T.);
#3442 = VERTEX_POINT('',#3443);
#3443 = CARTESIAN_POINT('',(22.372699737549,6.66964006424,4.199999809265
    ));
#3444 = LINE('',#3445,#3446);
#3445 = CARTESIAN_POINT('',(22.277799606323,6.777820110321,
    4.199999809265));
#3446 = VECTOR('',#3447,1.);
#3447 = DIRECTION('',(0.659458843897,-0.751740668852,0.));
#3448 = ORIENTED_EDGE('',*,*,#3449,.T.);
#3449 = EDGE_CURVE('',#3442,#3450,#3452,.T.);
#3450 = VERTEX_POINT('',#3451);
#3451 = CARTESIAN_POINT('',(22.452600479126,6.550000190735,
    4.199999809265));
#3452 = LINE('',#3453,#3454);
#3453 = CARTESIAN_POINT('',(22.372699737549,6.66964006424,4.199999809265
    ));
#3454 = VECTOR('',#3455,1.);
#3455 = DIRECTION('',(0.555377683916,-0.831598237256,0.));
#3456 = ORIENTED_EDGE('',*,*,#3457,.T.);
#3457 = EDGE_CURVE('',#3450,#3458,#3460,.T.);
#3458 = VERTEX_POINT('',#3459);
#3459 = CARTESIAN_POINT('',(22.516300201416,6.420949935913,
    4.199999809265));
#3460 = LINE('',#3461,#3462);
#3461 = CARTESIAN_POINT('',(22.452600479126,6.550000190735,
    4.199999809265));
#3462 = VECTOR('',#3463,1.);
#3463 = DIRECTION('',(0.442619429381,-0.8967095632,0.));
#3464 = ORIENTED_EDGE('',*,*,#3465,.T.);
#3465 = EDGE_CURVE('',#3458,#3466,#3468,.T.);
#3466 = VERTEX_POINT('',#3467);
#3467 = CARTESIAN_POINT('',(22.5625,6.28469991684,4.199999809265));
#3468 = LINE('',#3469,#3470);
#3469 = CARTESIAN_POINT('',(22.516300201416,6.420949935913,
    4.199999809265));
#3470 = VECTOR('',#3471,1.);
#3471 = DIRECTION('',(0.321122517447,-0.947037659646,0.));
#3472 = ORIENTED_EDGE('',*,*,#3473,.T.);
#3473 = EDGE_CURVE('',#3466,#3474,#3476,.T.);
#3474 = VERTEX_POINT('',#3475);
#3475 = CARTESIAN_POINT('',(22.590599060059,6.143579959869,
    4.199999809265));
#3476 = LINE('',#3477,#3478);
#3477 = CARTESIAN_POINT('',(22.5625,6.28469991684,4.199999809265));
#3478 = VECTOR('',#3479,1.);
#3479 = DIRECTION('',(0.195281217381,-0.980747289641,0.));
#3480 = ORIENTED_EDGE('',*,*,#3481,.T.);
#3481 = EDGE_CURVE('',#3474,#3482,#3484,.T.);
#3482 = VERTEX_POINT('',#3483);
#3483 = CARTESIAN_POINT('',(22.60000038147,6.,4.199999809265));
#3484 = LINE('',#3485,#3486);
#3485 = CARTESIAN_POINT('',(22.590599060059,6.143579959869,
    4.199999809265));
#3486 = VECTOR('',#3487,1.);
#3487 = DIRECTION('',(6.533803574754E-02,-0.997863187559,0.));
#3488 = ORIENTED_EDGE('',*,*,#3489,.T.);
#3489 = EDGE_CURVE('',#3482,#3490,#3492,.T.);
#3490 = VERTEX_POINT('',#3491);
#3491 = CARTESIAN_POINT('',(22.590599060059,5.856420040131,
    4.199999809265));
#3492 = LINE('',#3493,#3494);
#3493 = CARTESIAN_POINT('',(22.60000038147,6.,4.199999809265));
#3494 = VECTOR('',#3495,1.);
#3495 = DIRECTION('',(-6.533803574754E-02,-0.997863187559,0.));
#3496 = ORIENTED_EDGE('',*,*,#3497,.T.);
#3497 = EDGE_CURVE('',#3490,#3498,#3500,.T.);
#3498 = VERTEX_POINT('',#3499);
#3499 = CARTESIAN_POINT('',(22.5625,5.71530008316,4.199999809265));
#3500 = LINE('',#3501,#3502);
#3501 = CARTESIAN_POINT('',(22.590599060059,5.856420040131,
    4.199999809265));
#3502 = VECTOR('',#3503,1.);
#3503 = DIRECTION('',(-0.195281217381,-0.980747289641,0.));
#3504 = ORIENTED_EDGE('',*,*,#3505,.T.);
#3505 = EDGE_CURVE('',#3498,#3506,#3508,.T.);
#3506 = VERTEX_POINT('',#3507);
#3507 = CARTESIAN_POINT('',(22.516300201416,5.579050064087,
    4.199999809265));
#3508 = LINE('',#3509,#3510);
#3509 = CARTESIAN_POINT('',(22.5625,5.71530008316,4.199999809265));
#3510 = VECTOR('',#3511,1.);
#3511 = DIRECTION('',(-0.321122517447,-0.947037659646,0.));
#3512 = ORIENTED_EDGE('',*,*,#3513,.T.);
#3513 = EDGE_CURVE('',#3506,#3514,#3516,.T.);
#3514 = VERTEX_POINT('',#3515);
#3515 = CARTESIAN_POINT('',(22.452600479126,5.449999809265,
    4.199999809265));
#3516 = LINE('',#3517,#3518);
#3517 = CARTESIAN_POINT('',(22.516300201416,5.579050064087,
    4.199999809265));
#3518 = VECTOR('',#3519,1.);
#3519 = DIRECTION('',(-0.442619429381,-0.8967095632,0.));
#3520 = ORIENTED_EDGE('',*,*,#3521,.T.);
#3521 = EDGE_CURVE('',#3514,#3522,#3524,.T.);
#3522 = VERTEX_POINT('',#3523);
#3523 = CARTESIAN_POINT('',(22.372699737549,5.33035993576,4.199999809265
    ));
#3524 = LINE('',#3525,#3526);
#3525 = CARTESIAN_POINT('',(22.452600479126,5.449999809265,
    4.199999809265));
#3526 = VECTOR('',#3527,1.);
#3527 = DIRECTION('',(-0.555377683916,-0.831598237256,0.));
#3528 = ORIENTED_EDGE('',*,*,#3529,.T.);
#3529 = EDGE_CURVE('',#3522,#3530,#3532,.T.);
#3530 = VERTEX_POINT('',#3531);
#3531 = CARTESIAN_POINT('',(22.277799606323,5.222179889679,
    4.199999809265));
#3532 = LINE('',#3533,#3534);
#3533 = CARTESIAN_POINT('',(22.372699737549,5.33035993576,4.199999809265
    ));
#3534 = VECTOR('',#3535,1.);
#3535 = DIRECTION('',(-0.659458843897,-0.751740668852,0.));
#3536 = ORIENTED_EDGE('',*,*,#3537,.T.);
#3537 = EDGE_CURVE('',#3530,#3538,#3540,.T.);
#3538 = VERTEX_POINT('',#3539);
#3539 = CARTESIAN_POINT('',(22.169599533081,5.127309799194,
    4.199999809265));
#3540 = LINE('',#3541,#3542);
#3541 = CARTESIAN_POINT('',(22.277799606323,5.222179889679,
    4.199999809265));
#3542 = VECTOR('',#3543,1.);
#3543 = DIRECTION('',(-0.751904660699,-0.659271856838,0.));
#3544 = ORIENTED_EDGE('',*,*,#3545,.T.);
#3545 = EDGE_CURVE('',#3538,#3546,#3548,.T.);
#3546 = VERTEX_POINT('',#3547);
#3547 = CARTESIAN_POINT('',(22.049999237061,5.04736995697,4.199999809265
    ));
#3548 = LINE('',#3549,#3550);
#3549 = CARTESIAN_POINT('',(22.169599533081,5.127309799194,
    4.199999809265));
#3550 = VECTOR('',#3551,1.);
#3551 = DIRECTION('',(-0.831387786048,-0.555692675145,0.));
#3552 = ORIENTED_EDGE('',*,*,#3553,.T.);
#3553 = EDGE_CURVE('',#3546,#3554,#3556,.T.);
#3554 = VERTEX_POINT('',#3555);
#3555 = CARTESIAN_POINT('',(21.920999526978,4.983729839325,
    4.199999809265));
#3556 = LINE('',#3557,#3558);
#3557 = CARTESIAN_POINT('',(22.049999237061,5.04736995697,4.199999809265
    ));
#3558 = VECTOR('',#3559,1.);
#3559 = DIRECTION('',(-0.896805165756,-0.442425693956,0.));
#3560 = ORIENTED_EDGE('',*,*,#3561,.T.);
#3561 = EDGE_CURVE('',#3554,#3562,#3564,.T.);
#3562 = VERTEX_POINT('',#3563);
#3563 = CARTESIAN_POINT('',(21.784700393677,4.937479972839,
    4.199999809265));
#3564 = LINE('',#3565,#3566);
#3565 = CARTESIAN_POINT('',(21.920999526978,4.983729839325,
    4.199999809265));
#3566 = VECTOR('',#3567,1.);
#3567 = DIRECTION('',(-0.946967035763,-0.321330722431,0.));
#3568 = ORIENTED_EDGE('',*,*,#3569,.T.);
#3569 = EDGE_CURVE('',#3562,#3570,#3572,.T.);
#3570 = VERTEX_POINT('',#3571);
#3571 = CARTESIAN_POINT('',(21.643600463867,4.909409999847,
    4.199999809265));
#3572 = LINE('',#3573,#3574);
#3573 = CARTESIAN_POINT('',(21.784700393677,4.937479972839,
    4.199999809265));
#3574 = VECTOR('',#3575,1.);
#3575 = DIRECTION('',(-0.98078068905,-0.19511340289,0.));
#3576 = ORIENTED_EDGE('',*,*,#3577,.T.);
#3577 = EDGE_CURVE('',#3570,#3578,#3580,.T.);
#3578 = VERTEX_POINT('',#3579);
#3579 = CARTESIAN_POINT('',(21.5,4.900000095367,4.199999809265));
#3580 = LINE('',#3581,#3582);
#3581 = CARTESIAN_POINT('',(21.643600463867,4.909409999847,
    4.199999809265));
#3582 = VECTOR('',#3583,1.);
#3583 = DIRECTION('',(-0.997859905953,-6.538813417835E-02,0.));
#3584 = ORIENTED_EDGE('',*,*,#3585,.T.);
#3585 = EDGE_CURVE('',#3578,#3586,#3588,.T.);
#3586 = VERTEX_POINT('',#3587);
#3587 = CARTESIAN_POINT('',(21.356399536133,4.909409999847,
    4.199999809265));
#3588 = LINE('',#3589,#3590);
#3589 = CARTESIAN_POINT('',(21.5,4.900000095367,4.199999809265));
#3590 = VECTOR('',#3591,1.);
#3591 = DIRECTION('',(-0.997859905953,6.538813417835E-02,0.));
#3592 = ORIENTED_EDGE('',*,*,#3593,.T.);
#3593 = EDGE_CURVE('',#3586,#3594,#3596,.T.);
#3594 = VERTEX_POINT('',#3595);
#3595 = CARTESIAN_POINT('',(21.215299606323,4.937479972839,
    4.199999809265));
#3596 = LINE('',#3597,#3598);
#3597 = CARTESIAN_POINT('',(21.356399536133,4.909409999847,
    4.199999809265));
#3598 = VECTOR('',#3599,1.);
#3599 = DIRECTION('',(-0.98078068905,0.19511340289,0.));
#3600 = ORIENTED_EDGE('',*,*,#3601,.T.);
#3601 = EDGE_CURVE('',#3594,#3602,#3604,.T.);
#3602 = VERTEX_POINT('',#3603);
#3603 = CARTESIAN_POINT('',(21.079000473022,4.983729839325,
    4.199999809265));
#3604 = LINE('',#3605,#3606);
#3605 = CARTESIAN_POINT('',(21.215299606323,4.937479972839,
    4.199999809265));
#3606 = VECTOR('',#3607,1.);
#3607 = DIRECTION('',(-0.946967035763,0.321330722431,0.));
#3608 = ORIENTED_EDGE('',*,*,#3609,.T.);
#3609 = EDGE_CURVE('',#3602,#3610,#3612,.T.);
#3610 = VERTEX_POINT('',#3611);
#3611 = CARTESIAN_POINT('',(20.950000762939,5.04736995697,4.199999809265
    ));
#3612 = LINE('',#3613,#3614);
#3613 = CARTESIAN_POINT('',(21.079000473022,4.983729839325,
    4.199999809265));
#3614 = VECTOR('',#3615,1.);
#3615 = DIRECTION('',(-0.896805165756,0.442425693956,0.));
#3616 = ORIENTED_EDGE('',*,*,#3617,.T.);
#3617 = EDGE_CURVE('',#3610,#3618,#3620,.T.);
#3618 = VERTEX_POINT('',#3619);
#3619 = CARTESIAN_POINT('',(20.830400466919,5.127309799194,
    4.199999809265));
#3620 = LINE('',#3621,#3622);
#3621 = CARTESIAN_POINT('',(20.950000762939,5.04736995697,4.199999809265
    ));
#3622 = VECTOR('',#3623,1.);
#3623 = DIRECTION('',(-0.831387786048,0.555692675145,0.));
#3624 = ORIENTED_EDGE('',*,*,#3625,.T.);
#3625 = EDGE_CURVE('',#3618,#3626,#3628,.T.);
#3626 = VERTEX_POINT('',#3627);
#3627 = CARTESIAN_POINT('',(20.722200393677,5.222179889679,
    4.199999809265));
#3628 = LINE('',#3629,#3630);
#3629 = CARTESIAN_POINT('',(20.830400466919,5.127309799194,
    4.199999809265));
#3630 = VECTOR('',#3631,1.);
#3631 = DIRECTION('',(-0.751904660699,0.659271856838,0.));
#3632 = ORIENTED_EDGE('',*,*,#3633,.T.);
#3633 = EDGE_CURVE('',#3626,#3634,#3636,.T.);
#3634 = VERTEX_POINT('',#3635);
#3635 = CARTESIAN_POINT('',(20.627300262451,5.33035993576,4.199999809265
    ));
#3636 = LINE('',#3637,#3638);
#3637 = CARTESIAN_POINT('',(20.722200393677,5.222179889679,
    4.199999809265));
#3638 = VECTOR('',#3639,1.);
#3639 = DIRECTION('',(-0.659458843897,0.751740668852,0.));
#3640 = ORIENTED_EDGE('',*,*,#3641,.T.);
#3641 = EDGE_CURVE('',#3634,#3642,#3644,.T.);
#3642 = VERTEX_POINT('',#3643);
#3643 = CARTESIAN_POINT('',(20.547399520874,5.449999809265,
    4.199999809265));
#3644 = LINE('',#3645,#3646);
#3645 = CARTESIAN_POINT('',(20.627300262451,5.33035993576,4.199999809265
    ));
#3646 = VECTOR('',#3647,1.);
#3647 = DIRECTION('',(-0.555377683916,0.831598237256,0.));
#3648 = ORIENTED_EDGE('',*,*,#3649,.T.);
#3649 = EDGE_CURVE('',#3642,#3650,#3652,.T.);
#3650 = VERTEX_POINT('',#3651);
#3651 = CARTESIAN_POINT('',(20.483699798584,5.579050064087,
    4.199999809265));
#3652 = LINE('',#3653,#3654);
#3653 = CARTESIAN_POINT('',(20.547399520874,5.449999809265,
    4.199999809265));
#3654 = VECTOR('',#3655,1.);
#3655 = DIRECTION('',(-0.442619429381,0.8967095632,0.));
#3656 = ORIENTED_EDGE('',*,*,#3657,.T.);
#3657 = EDGE_CURVE('',#3650,#3658,#3660,.T.);
#3658 = VERTEX_POINT('',#3659);
#3659 = CARTESIAN_POINT('',(20.4375,5.71530008316,4.199999809265));
#3660 = LINE('',#3661,#3662);
#3661 = CARTESIAN_POINT('',(20.483699798584,5.579050064087,
    4.199999809265));
#3662 = VECTOR('',#3663,1.);
#3663 = DIRECTION('',(-0.321122517447,0.947037659646,0.));
#3664 = ORIENTED_EDGE('',*,*,#3665,.T.);
#3665 = EDGE_CURVE('',#3658,#3666,#3668,.T.);
#3666 = VERTEX_POINT('',#3667);
#3667 = CARTESIAN_POINT('',(20.409400939941,5.856420040131,
    4.199999809265));
#3668 = LINE('',#3669,#3670);
#3669 = CARTESIAN_POINT('',(20.4375,5.71530008316,4.199999809265));
#3670 = VECTOR('',#3671,1.);
#3671 = DIRECTION('',(-0.195281217381,0.980747289641,0.));
#3672 = ORIENTED_EDGE('',*,*,#3673,.T.);
#3673 = EDGE_CURVE('',#3666,#3296,#3674,.T.);
#3674 = LINE('',#3675,#3676);
#3675 = CARTESIAN_POINT('',(20.409400939941,5.856420040131,
    4.199999809265));
#3676 = VECTOR('',#3677,1.);
#3677 = DIRECTION('',(-6.533803574754E-02,0.997863187559,0.));
#3678 = FACE_BOUND('',#3679,.T.);
#3679 = EDGE_LOOP('',(#3680,#3690,#3698,#3706,#3714,#3722,#3730,#3738,
    #3746,#3754,#3762,#3770,#3778,#3786,#3794,#3802,#3810,#3818,#3826,
    #3834,#3842,#3850,#3858,#3866,#3874,#3882,#3890,#3898,#3906,#3914,
    #3922,#3930,#3938,#3946,#3954,#3962,#3970,#3978,#3986,#3994,#4002,
    #4010,#4018,#4026,#4034,#4042,#4050,#4058));
#3680 = ORIENTED_EDGE('',*,*,#3681,.T.);
#3681 = EDGE_CURVE('',#3682,#3684,#3686,.T.);
#3682 = VERTEX_POINT('',#3683);
#3683 = CARTESIAN_POINT('',(-21.78470039367,7.062520027161,
    4.199999809265));
#3684 = VERTEX_POINT('',#3685);
#3685 = CARTESIAN_POINT('',(-21.64360046386,7.090590000153,
    4.199999809265));
#3686 = LINE('',#3687,#3688);
#3687 = CARTESIAN_POINT('',(-21.78470039367,7.062520027161,
    4.199999809265));
#3688 = VECTOR('',#3689,1.);
#3689 = DIRECTION('',(0.98078068905,0.19511340289,0.));
#3690 = ORIENTED_EDGE('',*,*,#3691,.T.);
#3691 = EDGE_CURVE('',#3684,#3692,#3694,.T.);
#3692 = VERTEX_POINT('',#3693);
#3693 = CARTESIAN_POINT('',(-21.5,7.099999904633,4.199999809265));
#3694 = LINE('',#3695,#3696);
#3695 = CARTESIAN_POINT('',(-21.64360046386,7.090590000153,
    4.199999809265));
#3696 = VECTOR('',#3697,1.);
#3697 = DIRECTION('',(0.997859905953,6.538813417835E-02,0.));
#3698 = ORIENTED_EDGE('',*,*,#3699,.T.);
#3699 = EDGE_CURVE('',#3692,#3700,#3702,.T.);
#3700 = VERTEX_POINT('',#3701);
#3701 = CARTESIAN_POINT('',(-21.35639953613,7.090590000153,
    4.199999809265));
#3702 = LINE('',#3703,#3704);
#3703 = CARTESIAN_POINT('',(-21.5,7.099999904633,4.199999809265));
#3704 = VECTOR('',#3705,1.);
#3705 = DIRECTION('',(0.997859905953,-6.538813417835E-02,0.));
#3706 = ORIENTED_EDGE('',*,*,#3707,.T.);
#3707 = EDGE_CURVE('',#3700,#3708,#3710,.T.);
#3708 = VERTEX_POINT('',#3709);
#3709 = CARTESIAN_POINT('',(-21.21529960632,7.062520027161,
    4.199999809265));
#3710 = LINE('',#3711,#3712);
#3711 = CARTESIAN_POINT('',(-21.35639953613,7.090590000153,
    4.199999809265));
#3712 = VECTOR('',#3713,1.);
#3713 = DIRECTION('',(0.98078068905,-0.19511340289,0.));
#3714 = ORIENTED_EDGE('',*,*,#3715,.T.);
#3715 = EDGE_CURVE('',#3708,#3716,#3718,.T.);
#3716 = VERTEX_POINT('',#3717);
#3717 = CARTESIAN_POINT('',(-21.07900047302,7.016270160675,
    4.199999809265));
#3718 = LINE('',#3719,#3720);
#3719 = CARTESIAN_POINT('',(-21.21529960632,7.062520027161,
    4.199999809265));
#3720 = VECTOR('',#3721,1.);
#3721 = DIRECTION('',(0.946967035763,-0.321330722431,0.));
#3722 = ORIENTED_EDGE('',*,*,#3723,.T.);
#3723 = EDGE_CURVE('',#3716,#3724,#3726,.T.);
#3724 = VERTEX_POINT('',#3725);
#3725 = CARTESIAN_POINT('',(-20.95000076293,6.95263004303,4.199999809265
    ));
#3726 = LINE('',#3727,#3728);
#3727 = CARTESIAN_POINT('',(-21.07900047302,7.016270160675,
    4.199999809265));
#3728 = VECTOR('',#3729,1.);
#3729 = DIRECTION('',(0.896805165756,-0.442425693956,0.));
#3730 = ORIENTED_EDGE('',*,*,#3731,.T.);
#3731 = EDGE_CURVE('',#3724,#3732,#3734,.T.);
#3732 = VERTEX_POINT('',#3733);
#3733 = CARTESIAN_POINT('',(-20.83040046691,6.872690200806,
    4.199999809265));
#3734 = LINE('',#3735,#3736);
#3735 = CARTESIAN_POINT('',(-20.95000076293,6.95263004303,4.199999809265
    ));
#3736 = VECTOR('',#3737,1.);
#3737 = DIRECTION('',(0.831387786048,-0.555692675145,0.));
#3738 = ORIENTED_EDGE('',*,*,#3739,.T.);
#3739 = EDGE_CURVE('',#3732,#3740,#3742,.T.);
#3740 = VERTEX_POINT('',#3741);
#3741 = CARTESIAN_POINT('',(-20.72220039367,6.777820110321,
    4.199999809265));
#3742 = LINE('',#3743,#3744);
#3743 = CARTESIAN_POINT('',(-20.83040046691,6.872690200806,
    4.199999809265));
#3744 = VECTOR('',#3745,1.);
#3745 = DIRECTION('',(0.751904660699,-0.659271856838,0.));
#3746 = ORIENTED_EDGE('',*,*,#3747,.T.);
#3747 = EDGE_CURVE('',#3740,#3748,#3750,.T.);
#3748 = VERTEX_POINT('',#3749);
#3749 = CARTESIAN_POINT('',(-20.62730026245,6.66964006424,4.199999809265
    ));
#3750 = LINE('',#3751,#3752);
#3751 = CARTESIAN_POINT('',(-20.72220039367,6.777820110321,
    4.199999809265));
#3752 = VECTOR('',#3753,1.);
#3753 = DIRECTION('',(0.659458843897,-0.751740668852,0.));
#3754 = ORIENTED_EDGE('',*,*,#3755,.T.);
#3755 = EDGE_CURVE('',#3748,#3756,#3758,.T.);
#3756 = VERTEX_POINT('',#3757);
#3757 = CARTESIAN_POINT('',(-20.54739952087,6.550000190735,
    4.199999809265));
#3758 = LINE('',#3759,#3760);
#3759 = CARTESIAN_POINT('',(-20.62730026245,6.66964006424,4.199999809265
    ));
#3760 = VECTOR('',#3761,1.);
#3761 = DIRECTION('',(0.555377683916,-0.831598237256,0.));
#3762 = ORIENTED_EDGE('',*,*,#3763,.T.);
#3763 = EDGE_CURVE('',#3756,#3764,#3766,.T.);
#3764 = VERTEX_POINT('',#3765);
#3765 = CARTESIAN_POINT('',(-20.48369979858,6.420949935913,
    4.199999809265));
#3766 = LINE('',#3767,#3768);
#3767 = CARTESIAN_POINT('',(-20.54739952087,6.550000190735,
    4.199999809265));
#3768 = VECTOR('',#3769,1.);
#3769 = DIRECTION('',(0.442619429381,-0.8967095632,0.));
#3770 = ORIENTED_EDGE('',*,*,#3771,.T.);
#3771 = EDGE_CURVE('',#3764,#3772,#3774,.T.);
#3772 = VERTEX_POINT('',#3773);
#3773 = CARTESIAN_POINT('',(-20.4375,6.28469991684,4.199999809265));
#3774 = LINE('',#3775,#3776);
#3775 = CARTESIAN_POINT('',(-20.48369979858,6.420949935913,
    4.199999809265));
#3776 = VECTOR('',#3777,1.);
#3777 = DIRECTION('',(0.321122517447,-0.947037659646,0.));
#3778 = ORIENTED_EDGE('',*,*,#3779,.T.);
#3779 = EDGE_CURVE('',#3772,#3780,#3782,.T.);
#3780 = VERTEX_POINT('',#3781);
#3781 = CARTESIAN_POINT('',(-20.40940093994,6.143579959869,
    4.199999809265));
#3782 = LINE('',#3783,#3784);
#3783 = CARTESIAN_POINT('',(-20.4375,6.28469991684,4.199999809265));
#3784 = VECTOR('',#3785,1.);
#3785 = DIRECTION('',(0.195281217381,-0.980747289641,0.));
#3786 = ORIENTED_EDGE('',*,*,#3787,.T.);
#3787 = EDGE_CURVE('',#3780,#3788,#3790,.T.);
#3788 = VERTEX_POINT('',#3789);
#3789 = CARTESIAN_POINT('',(-20.39999961853,6.,4.199999809265));
#3790 = LINE('',#3791,#3792);
#3791 = CARTESIAN_POINT('',(-20.40940093994,6.143579959869,
    4.199999809265));
#3792 = VECTOR('',#3793,1.);
#3793 = DIRECTION('',(6.533803574754E-02,-0.997863187559,0.));
#3794 = ORIENTED_EDGE('',*,*,#3795,.T.);
#3795 = EDGE_CURVE('',#3788,#3796,#3798,.T.);
#3796 = VERTEX_POINT('',#3797);
#3797 = CARTESIAN_POINT('',(-20.40940093994,5.856420040131,
    4.199999809265));
#3798 = LINE('',#3799,#3800);
#3799 = CARTESIAN_POINT('',(-20.39999961853,6.,4.199999809265));
#3800 = VECTOR('',#3801,1.);
#3801 = DIRECTION('',(-6.533803574754E-02,-0.997863187559,0.));
#3802 = ORIENTED_EDGE('',*,*,#3803,.T.);
#3803 = EDGE_CURVE('',#3796,#3804,#3806,.T.);
#3804 = VERTEX_POINT('',#3805);
#3805 = CARTESIAN_POINT('',(-20.4375,5.71530008316,4.199999809265));
#3806 = LINE('',#3807,#3808);
#3807 = CARTESIAN_POINT('',(-20.40940093994,5.856420040131,
    4.199999809265));
#3808 = VECTOR('',#3809,1.);
#3809 = DIRECTION('',(-0.195281217381,-0.980747289641,0.));
#3810 = ORIENTED_EDGE('',*,*,#3811,.T.);
#3811 = EDGE_CURVE('',#3804,#3812,#3814,.T.);
#3812 = VERTEX_POINT('',#3813);
#3813 = CARTESIAN_POINT('',(-20.48369979858,5.579050064087,
    4.199999809265));
#3814 = LINE('',#3815,#3816);
#3815 = CARTESIAN_POINT('',(-20.4375,5.71530008316,4.199999809265));
#3816 = VECTOR('',#3817,1.);
#3817 = DIRECTION('',(-0.321122517447,-0.947037659646,0.));
#3818 = ORIENTED_EDGE('',*,*,#3819,.T.);
#3819 = EDGE_CURVE('',#3812,#3820,#3822,.T.);
#3820 = VERTEX_POINT('',#3821);
#3821 = CARTESIAN_POINT('',(-20.54739952087,5.449999809265,
    4.199999809265));
#3822 = LINE('',#3823,#3824);
#3823 = CARTESIAN_POINT('',(-20.48369979858,5.579050064087,
    4.199999809265));
#3824 = VECTOR('',#3825,1.);
#3825 = DIRECTION('',(-0.442619429381,-0.8967095632,0.));
#3826 = ORIENTED_EDGE('',*,*,#3827,.T.);
#3827 = EDGE_CURVE('',#3820,#3828,#3830,.T.);
#3828 = VERTEX_POINT('',#3829);
#3829 = CARTESIAN_POINT('',(-20.62730026245,5.33035993576,4.199999809265
    ));
#3830 = LINE('',#3831,#3832);
#3831 = CARTESIAN_POINT('',(-20.54739952087,5.449999809265,
    4.199999809265));
#3832 = VECTOR('',#3833,1.);
#3833 = DIRECTION('',(-0.555377683916,-0.831598237256,0.));
#3834 = ORIENTED_EDGE('',*,*,#3835,.T.);
#3835 = EDGE_CURVE('',#3828,#3836,#3838,.T.);
#3836 = VERTEX_POINT('',#3837);
#3837 = CARTESIAN_POINT('',(-20.72220039367,5.222179889679,
    4.199999809265));
#3838 = LINE('',#3839,#3840);
#3839 = CARTESIAN_POINT('',(-20.62730026245,5.33035993576,4.199999809265
    ));
#3840 = VECTOR('',#3841,1.);
#3841 = DIRECTION('',(-0.659458843897,-0.751740668852,0.));
#3842 = ORIENTED_EDGE('',*,*,#3843,.T.);
#3843 = EDGE_CURVE('',#3836,#3844,#3846,.T.);
#3844 = VERTEX_POINT('',#3845);
#3845 = CARTESIAN_POINT('',(-20.83040046691,5.127309799194,
    4.199999809265));
#3846 = LINE('',#3847,#3848);
#3847 = CARTESIAN_POINT('',(-20.72220039367,5.222179889679,
    4.199999809265));
#3848 = VECTOR('',#3849,1.);
#3849 = DIRECTION('',(-0.751904660699,-0.659271856838,0.));
#3850 = ORIENTED_EDGE('',*,*,#3851,.T.);
#3851 = EDGE_CURVE('',#3844,#3852,#3854,.T.);
#3852 = VERTEX_POINT('',#3853);
#3853 = CARTESIAN_POINT('',(-20.95000076293,5.04736995697,4.199999809265
    ));
#3854 = LINE('',#3855,#3856);
#3855 = CARTESIAN_POINT('',(-20.83040046691,5.127309799194,
    4.199999809265));
#3856 = VECTOR('',#3857,1.);
#3857 = DIRECTION('',(-0.831387786048,-0.555692675145,0.));
#3858 = ORIENTED_EDGE('',*,*,#3859,.T.);
#3859 = EDGE_CURVE('',#3852,#3860,#3862,.T.);
#3860 = VERTEX_POINT('',#3861);
#3861 = CARTESIAN_POINT('',(-21.07900047302,4.983729839325,
    4.199999809265));
#3862 = LINE('',#3863,#3864);
#3863 = CARTESIAN_POINT('',(-20.95000076293,5.04736995697,4.199999809265
    ));
#3864 = VECTOR('',#3865,1.);
#3865 = DIRECTION('',(-0.896805165756,-0.442425693956,0.));
#3866 = ORIENTED_EDGE('',*,*,#3867,.T.);
#3867 = EDGE_CURVE('',#3860,#3868,#3870,.T.);
#3868 = VERTEX_POINT('',#3869);
#3869 = CARTESIAN_POINT('',(-21.21529960632,4.937479972839,
    4.199999809265));
#3870 = LINE('',#3871,#3872);
#3871 = CARTESIAN_POINT('',(-21.07900047302,4.983729839325,
    4.199999809265));
#3872 = VECTOR('',#3873,1.);
#3873 = DIRECTION('',(-0.946967035763,-0.321330722431,0.));
#3874 = ORIENTED_EDGE('',*,*,#3875,.T.);
#3875 = EDGE_CURVE('',#3868,#3876,#3878,.T.);
#3876 = VERTEX_POINT('',#3877);
#3877 = CARTESIAN_POINT('',(-21.35639953613,4.909409999847,
    4.199999809265));
#3878 = LINE('',#3879,#3880);
#3879 = CARTESIAN_POINT('',(-21.21529960632,4.937479972839,
    4.199999809265));
#3880 = VECTOR('',#3881,1.);
#3881 = DIRECTION('',(-0.98078068905,-0.19511340289,0.));
#3882 = ORIENTED_EDGE('',*,*,#3883,.T.);
#3883 = EDGE_CURVE('',#3876,#3884,#3886,.T.);
#3884 = VERTEX_POINT('',#3885);
#3885 = CARTESIAN_POINT('',(-21.5,4.900000095367,4.199999809265));
#3886 = LINE('',#3887,#3888);
#3887 = CARTESIAN_POINT('',(-21.35639953613,4.909409999847,
    4.199999809265));
#3888 = VECTOR('',#3889,1.);
#3889 = DIRECTION('',(-0.997859905953,-6.538813417835E-02,0.));
#3890 = ORIENTED_EDGE('',*,*,#3891,.T.);
#3891 = EDGE_CURVE('',#3884,#3892,#3894,.T.);
#3892 = VERTEX_POINT('',#3893);
#3893 = CARTESIAN_POINT('',(-21.64360046386,4.909409999847,
    4.199999809265));
#3894 = LINE('',#3895,#3896);
#3895 = CARTESIAN_POINT('',(-21.5,4.900000095367,4.199999809265));
#3896 = VECTOR('',#3897,1.);
#3897 = DIRECTION('',(-0.997859905953,6.538813417835E-02,0.));
#3898 = ORIENTED_EDGE('',*,*,#3899,.T.);
#3899 = EDGE_CURVE('',#3892,#3900,#3902,.T.);
#3900 = VERTEX_POINT('',#3901);
#3901 = CARTESIAN_POINT('',(-21.78470039367,4.937479972839,
    4.199999809265));
#3902 = LINE('',#3903,#3904);
#3903 = CARTESIAN_POINT('',(-21.64360046386,4.909409999847,
    4.199999809265));
#3904 = VECTOR('',#3905,1.);
#3905 = DIRECTION('',(-0.98078068905,0.19511340289,0.));
#3906 = ORIENTED_EDGE('',*,*,#3907,.T.);
#3907 = EDGE_CURVE('',#3900,#3908,#3910,.T.);
#3908 = VERTEX_POINT('',#3909);
#3909 = CARTESIAN_POINT('',(-21.92099952697,4.983729839325,
    4.199999809265));
#3910 = LINE('',#3911,#3912);
#3911 = CARTESIAN_POINT('',(-21.78470039367,4.937479972839,
    4.199999809265));
#3912 = VECTOR('',#3913,1.);
#3913 = DIRECTION('',(-0.946967035763,0.321330722431,0.));
#3914 = ORIENTED_EDGE('',*,*,#3915,.T.);
#3915 = EDGE_CURVE('',#3908,#3916,#3918,.T.);
#3916 = VERTEX_POINT('',#3917);
#3917 = CARTESIAN_POINT('',(-22.04999923706,5.04736995697,4.199999809265
    ));
#3918 = LINE('',#3919,#3920);
#3919 = CARTESIAN_POINT('',(-21.92099952697,4.983729839325,
    4.199999809265));
#3920 = VECTOR('',#3921,1.);
#3921 = DIRECTION('',(-0.896805165756,0.442425693956,0.));
#3922 = ORIENTED_EDGE('',*,*,#3923,.T.);
#3923 = EDGE_CURVE('',#3916,#3924,#3926,.T.);
#3924 = VERTEX_POINT('',#3925);
#3925 = CARTESIAN_POINT('',(-22.16959953308,5.127309799194,
    4.199999809265));
#3926 = LINE('',#3927,#3928);
#3927 = CARTESIAN_POINT('',(-22.04999923706,5.04736995697,4.199999809265
    ));
#3928 = VECTOR('',#3929,1.);
#3929 = DIRECTION('',(-0.831387786048,0.555692675145,0.));
#3930 = ORIENTED_EDGE('',*,*,#3931,.T.);
#3931 = EDGE_CURVE('',#3924,#3932,#3934,.T.);
#3932 = VERTEX_POINT('',#3933);
#3933 = CARTESIAN_POINT('',(-22.27779960632,5.222179889679,
    4.199999809265));
#3934 = LINE('',#3935,#3936);
#3935 = CARTESIAN_POINT('',(-22.16959953308,5.127309799194,
    4.199999809265));
#3936 = VECTOR('',#3937,1.);
#3937 = DIRECTION('',(-0.751904660699,0.659271856838,0.));
#3938 = ORIENTED_EDGE('',*,*,#3939,.T.);
#3939 = EDGE_CURVE('',#3932,#3940,#3942,.T.);
#3940 = VERTEX_POINT('',#3941);
#3941 = CARTESIAN_POINT('',(-22.37269973754,5.33035993576,4.199999809265
    ));
#3942 = LINE('',#3943,#3944);
#3943 = CARTESIAN_POINT('',(-22.27779960632,5.222179889679,
    4.199999809265));
#3944 = VECTOR('',#3945,1.);
#3945 = DIRECTION('',(-0.659458843897,0.751740668852,0.));
#3946 = ORIENTED_EDGE('',*,*,#3947,.T.);
#3947 = EDGE_CURVE('',#3940,#3948,#3950,.T.);
#3948 = VERTEX_POINT('',#3949);
#3949 = CARTESIAN_POINT('',(-22.45260047912,5.449999809265,
    4.199999809265));
#3950 = LINE('',#3951,#3952);
#3951 = CARTESIAN_POINT('',(-22.37269973754,5.33035993576,4.199999809265
    ));
#3952 = VECTOR('',#3953,1.);
#3953 = DIRECTION('',(-0.555377683916,0.831598237256,0.));
#3954 = ORIENTED_EDGE('',*,*,#3955,.T.);
#3955 = EDGE_CURVE('',#3948,#3956,#3958,.T.);
#3956 = VERTEX_POINT('',#3957);
#3957 = CARTESIAN_POINT('',(-22.51630020141,5.579050064087,
    4.199999809265));
#3958 = LINE('',#3959,#3960);
#3959 = CARTESIAN_POINT('',(-22.45260047912,5.449999809265,
    4.199999809265));
#3960 = VECTOR('',#3961,1.);
#3961 = DIRECTION('',(-0.442619429381,0.8967095632,0.));
#3962 = ORIENTED_EDGE('',*,*,#3963,.T.);
#3963 = EDGE_CURVE('',#3956,#3964,#3966,.T.);
#3964 = VERTEX_POINT('',#3965);
#3965 = CARTESIAN_POINT('',(-22.5625,5.71530008316,4.199999809265));
#3966 = LINE('',#3967,#3968);
#3967 = CARTESIAN_POINT('',(-22.51630020141,5.579050064087,
    4.199999809265));
#3968 = VECTOR('',#3969,1.);
#3969 = DIRECTION('',(-0.321122517447,0.947037659646,0.));
#3970 = ORIENTED_EDGE('',*,*,#3971,.T.);
#3971 = EDGE_CURVE('',#3964,#3972,#3974,.T.);
#3972 = VERTEX_POINT('',#3973);
#3973 = CARTESIAN_POINT('',(-22.59059906005,5.856420040131,
    4.199999809265));
#3974 = LINE('',#3975,#3976);
#3975 = CARTESIAN_POINT('',(-22.5625,5.71530008316,4.199999809265));
#3976 = VECTOR('',#3977,1.);
#3977 = DIRECTION('',(-0.195281217381,0.980747289641,0.));
#3978 = ORIENTED_EDGE('',*,*,#3979,.T.);
#3979 = EDGE_CURVE('',#3972,#3980,#3982,.T.);
#3980 = VERTEX_POINT('',#3981);
#3981 = CARTESIAN_POINT('',(-22.60000038147,6.,4.199999809265));
#3982 = LINE('',#3983,#3984);
#3983 = CARTESIAN_POINT('',(-22.59059906005,5.856420040131,
    4.199999809265));
#3984 = VECTOR('',#3985,1.);
#3985 = DIRECTION('',(-6.533803574754E-02,0.997863187559,0.));
#3986 = ORIENTED_EDGE('',*,*,#3987,.T.);
#3987 = EDGE_CURVE('',#3980,#3988,#3990,.T.);
#3988 = VERTEX_POINT('',#3989);
#3989 = CARTESIAN_POINT('',(-22.59059906005,6.143579959869,
    4.199999809265));
#3990 = LINE('',#3991,#3992);
#3991 = CARTESIAN_POINT('',(-22.60000038147,6.,4.199999809265));
#3992 = VECTOR('',#3993,1.);
#3993 = DIRECTION('',(6.533803574754E-02,0.997863187559,0.));
#3994 = ORIENTED_EDGE('',*,*,#3995,.T.);
#3995 = EDGE_CURVE('',#3988,#3996,#3998,.T.);
#3996 = VERTEX_POINT('',#3997);
#3997 = CARTESIAN_POINT('',(-22.5625,6.28469991684,4.199999809265));
#3998 = LINE('',#3999,#4000);
#3999 = CARTESIAN_POINT('',(-22.59059906005,6.143579959869,
    4.199999809265));
#4000 = VECTOR('',#4001,1.);
#4001 = DIRECTION('',(0.195281217381,0.980747289641,0.));
#4002 = ORIENTED_EDGE('',*,*,#4003,.T.);
#4003 = EDGE_CURVE('',#3996,#4004,#4006,.T.);
#4004 = VERTEX_POINT('',#4005);
#4005 = CARTESIAN_POINT('',(-22.51630020141,6.420949935913,
    4.199999809265));
#4006 = LINE('',#4007,#4008);
#4007 = CARTESIAN_POINT('',(-22.5625,6.28469991684,4.199999809265));
#4008 = VECTOR('',#4009,1.);
#4009 = DIRECTION('',(0.321122517447,0.947037659646,0.));
#4010 = ORIENTED_EDGE('',*,*,#4011,.T.);
#4011 = EDGE_CURVE('',#4004,#4012,#4014,.T.);
#4012 = VERTEX_POINT('',#4013);
#4013 = CARTESIAN_POINT('',(-22.45260047912,6.550000190735,
    4.199999809265));
#4014 = LINE('',#4015,#4016);
#4015 = CARTESIAN_POINT('',(-22.51630020141,6.420949935913,
    4.199999809265));
#4016 = VECTOR('',#4017,1.);
#4017 = DIRECTION('',(0.442619429381,0.8967095632,0.));
#4018 = ORIENTED_EDGE('',*,*,#4019,.T.);
#4019 = EDGE_CURVE('',#4012,#4020,#4022,.T.);
#4020 = VERTEX_POINT('',#4021);
#4021 = CARTESIAN_POINT('',(-22.37269973754,6.66964006424,4.199999809265
    ));
#4022 = LINE('',#4023,#4024);
#4023 = CARTESIAN_POINT('',(-22.45260047912,6.550000190735,
    4.199999809265));
#4024 = VECTOR('',#4025,1.);
#4025 = DIRECTION('',(0.555377683916,0.831598237256,0.));
#4026 = ORIENTED_EDGE('',*,*,#4027,.T.);
#4027 = EDGE_CURVE('',#4020,#4028,#4030,.T.);
#4028 = VERTEX_POINT('',#4029);
#4029 = CARTESIAN_POINT('',(-22.27779960632,6.777820110321,
    4.199999809265));
#4030 = LINE('',#4031,#4032);
#4031 = CARTESIAN_POINT('',(-22.37269973754,6.66964006424,4.199999809265
    ));
#4032 = VECTOR('',#4033,1.);
#4033 = DIRECTION('',(0.659458843897,0.751740668852,0.));
#4034 = ORIENTED_EDGE('',*,*,#4035,.T.);
#4035 = EDGE_CURVE('',#4028,#4036,#4038,.T.);
#4036 = VERTEX_POINT('',#4037);
#4037 = CARTESIAN_POINT('',(-22.16959953308,6.872690200806,
    4.199999809265));
#4038 = LINE('',#4039,#4040);
#4039 = CARTESIAN_POINT('',(-22.27779960632,6.777820110321,
    4.199999809265));
#4040 = VECTOR('',#4041,1.);
#4041 = DIRECTION('',(0.751904660699,0.659271856838,0.));
#4042 = ORIENTED_EDGE('',*,*,#4043,.T.);
#4043 = EDGE_CURVE('',#4036,#4044,#4046,.T.);
#4044 = VERTEX_POINT('',#4045);
#4045 = CARTESIAN_POINT('',(-22.04999923706,6.95263004303,4.199999809265
    ));
#4046 = LINE('',#4047,#4048);
#4047 = CARTESIAN_POINT('',(-22.16959953308,6.872690200806,
    4.199999809265));
#4048 = VECTOR('',#4049,1.);
#4049 = DIRECTION('',(0.831387786048,0.555692675145,0.));
#4050 = ORIENTED_EDGE('',*,*,#4051,.T.);
#4051 = EDGE_CURVE('',#4044,#4052,#4054,.T.);
#4052 = VERTEX_POINT('',#4053);
#4053 = CARTESIAN_POINT('',(-21.92099952697,7.016270160675,
    4.199999809265));
#4054 = LINE('',#4055,#4056);
#4055 = CARTESIAN_POINT('',(-22.04999923706,6.95263004303,4.199999809265
    ));
#4056 = VECTOR('',#4057,1.);
#4057 = DIRECTION('',(0.896805165756,0.442425693956,0.));
#4058 = ORIENTED_EDGE('',*,*,#4059,.T.);
#4059 = EDGE_CURVE('',#4052,#3682,#4060,.T.);
#4060 = LINE('',#4061,#4062);
#4061 = CARTESIAN_POINT('',(-21.92099952697,7.016270160675,
    4.199999809265));
#4062 = VECTOR('',#4063,1.);
#4063 = DIRECTION('',(0.946967035763,0.321330722431,0.));
#4064 = PLANE('',#4065);
#4065 = AXIS2_PLACEMENT_3D('',#4066,#4067,#4068);
#4066 = CARTESIAN_POINT('',(-4.915374986961E-16,17.6415932778,
    4.199999809265));
#4067 = DIRECTION('',(0.,0.,1.));
#4068 = DIRECTION('',(1.,0.,-0.));
#4069 = ADVANCED_FACE('',(#4070),#4936,.T.);
#4070 = FACE_BOUND('',#4071,.T.);
#4071 = EDGE_LOOP('',(#4072,#4082,#4090,#4098,#4106,#4114,#4122,#4130,
    #4138,#4146,#4154,#4162,#4170,#4178,#4186,#4194,#4202,#4210,#4218,
    #4226,#4234,#4242,#4250,#4258,#4266,#4274,#4282,#4290,#4298,#4306,
    #4314,#4322,#4330,#4338,#4346,#4354,#4362,#4370,#4378,#4386,#4394,
    #4402,#4410,#4418,#4426,#4434,#4442,#4450,#4458,#4466,#4474,#4482,
    #4490,#4498,#4506,#4514,#4522,#4530,#4538,#4546,#4554,#4562,#4570,
    #4578,#4586,#4594,#4602,#4610,#4618,#4626,#4634,#4642,#4650,#4658,
    #4666,#4674,#4682,#4690,#4698,#4706,#4714,#4722,#4730,#4738,#4746,
    #4754,#4762,#4770,#4778,#4786,#4794,#4802,#4810,#4818,#4826,#4834,
    #4842,#4850,#4858,#4866,#4874,#4882,#4890,#4898,#4906,#4914,#4922,
    #4930));
#4072 = ORIENTED_EDGE('',*,*,#4073,.T.);
#4073 = EDGE_CURVE('',#4074,#4076,#4078,.T.);
#4074 = VERTEX_POINT('',#4075);
#4075 = CARTESIAN_POINT('',(-24.98920059204,2.12824010849,5.699999809265
    ));
#4076 = VERTEX_POINT('',#4077);
#4077 = CARTESIAN_POINT('',(-25.01600074768,2.262949943542,
    5.699999809265));
#4078 = LINE('',#4079,#4080);
#4079 = CARTESIAN_POINT('',(-24.98920059204,2.12824010849,5.699999809265
    ));
#4080 = VECTOR('',#4081,1.);
#4081 = DIRECTION('',(-0.195123262788,0.980778727501,0.));
#4082 = ORIENTED_EDGE('',*,*,#4083,.T.);
#4083 = EDGE_CURVE('',#4076,#4084,#4086,.T.);
#4084 = VERTEX_POINT('',#4085);
#4085 = CARTESIAN_POINT('',(-25.02499961853,2.400000095367,
    5.699999809265));
#4086 = LINE('',#4087,#4088);
#4087 = CARTESIAN_POINT('',(-25.01600074768,2.262949943542,
    5.699999809265));
#4088 = VECTOR('',#4089,1.);
#4089 = DIRECTION('',(-6.552006273235E-02,0.997851252131,0.));
#4090 = ORIENTED_EDGE('',*,*,#4091,.T.);
#4091 = EDGE_CURVE('',#4084,#4092,#4094,.T.);
#4092 = VERTEX_POINT('',#4093);
#4093 = CARTESIAN_POINT('',(-25.02499961853,33.349998474121,
    5.699999809265));
#4094 = LINE('',#4095,#4096);
#4095 = CARTESIAN_POINT('',(-25.02499961853,2.400000095367,
    5.699999809265));
#4096 = VECTOR('',#4097,1.);
#4097 = DIRECTION('',(0.,1.,0.));
#4098 = ORIENTED_EDGE('',*,*,#4099,.T.);
#4099 = EDGE_CURVE('',#4092,#4100,#4102,.T.);
#4100 = VERTEX_POINT('',#4101);
#4101 = CARTESIAN_POINT('',(-25.01600074768,33.487098693848,
    5.699999809265));
#4102 = LINE('',#4103,#4104);
#4103 = CARTESIAN_POINT('',(-25.02499961853,33.349998474121,
    5.699999809265));
#4104 = VECTOR('',#4105,1.);
#4105 = DIRECTION('',(6.549623799189E-02,0.997852816205,0.));
#4106 = ORIENTED_EDGE('',*,*,#4107,.T.);
#4107 = EDGE_CURVE('',#4100,#4108,#4110,.T.);
#4108 = VERTEX_POINT('',#4109);
#4109 = CARTESIAN_POINT('',(-24.98920059204,33.621799468994,
    5.699999809265));
#4110 = LINE('',#4111,#4112);
#4111 = CARTESIAN_POINT('',(-25.01600074768,33.487098693848,
    5.699999809265));
#4112 = VECTOR('',#4113,1.);
#4113 = DIRECTION('',(0.195135886964,0.980776215871,0.));
#4114 = ORIENTED_EDGE('',*,*,#4115,.T.);
#4115 = EDGE_CURVE('',#4108,#4116,#4118,.T.);
#4116 = VERTEX_POINT('',#4117);
#4117 = CARTESIAN_POINT('',(-24.9451007843,33.751800537109,
    5.699999809265));
#4118 = LINE('',#4119,#4120);
#4119 = CARTESIAN_POINT('',(-24.98920059204,33.621799468994,
    5.699999809265));
#4120 = VECTOR('',#4121,1.);
#4121 = DIRECTION('',(0.321246060041,0.94699575971,0.));
#4122 = ORIENTED_EDGE('',*,*,#4123,.T.);
#4123 = EDGE_CURVE('',#4116,#4124,#4126,.T.);
#4124 = VERTEX_POINT('',#4125);
#4125 = CARTESIAN_POINT('',(-24.88430023193,33.875,5.699999809265));
#4126 = LINE('',#4127,#4128);
#4127 = CARTESIAN_POINT('',(-24.9451007843,33.751800537109,
    5.699999809265));
#4128 = VECTOR('',#4129,1.);
#4129 = DIRECTION('',(0.442553902764,0.896741904423,0.));
#4130 = ORIENTED_EDGE('',*,*,#4131,.T.);
#4131 = EDGE_CURVE('',#4124,#4132,#4134,.T.);
#4132 = VERTEX_POINT('',#4133);
#4133 = CARTESIAN_POINT('',(-24.80800056457,33.989200592041,
    5.699999809265));
#4134 = LINE('',#4135,#4136);
#4135 = CARTESIAN_POINT('',(-24.88430023193,33.875,5.699999809265));
#4136 = VECTOR('',#4137,1.);
#4137 = DIRECTION('',(0.555536362764,0.831492242686,0.));
#4138 = ORIENTED_EDGE('',*,*,#4139,.T.);
#4139 = EDGE_CURVE('',#4132,#4140,#4142,.T.);
#4140 = VERTEX_POINT('',#4141);
#4141 = CARTESIAN_POINT('',(-24.71750068664,34.092498779297,
    5.699999809265));
#4142 = LINE('',#4143,#4144);
#4143 = CARTESIAN_POINT('',(-24.80800056457,33.989200592041,
    5.699999809265));
#4144 = VECTOR('',#4145,1.);
#4145 = DIRECTION('',(0.658974471081,0.752165305278,0.));
#4146 = ORIENTED_EDGE('',*,*,#4147,.T.);
#4147 = EDGE_CURVE('',#4140,#4148,#4150,.T.);
#4148 = VERTEX_POINT('',#4149);
#4149 = CARTESIAN_POINT('',(-24.61420059204,34.182998657227,
    5.699999809265));
#4150 = LINE('',#4151,#4152);
#4151 = CARTESIAN_POINT('',(-24.71750068664,34.092498779297,
    5.699999809265));
#4152 = VECTOR('',#4153,1.);
#4153 = DIRECTION('',(0.752171336163,0.658967587257,0.));
#4154 = ORIENTED_EDGE('',*,*,#4155,.T.);
#4155 = EDGE_CURVE('',#4148,#4156,#4158,.T.);
#4156 = VERTEX_POINT('',#4157);
#4157 = CARTESIAN_POINT('',(-24.5,34.259300231934,5.699999809265));
#4158 = LINE('',#4159,#4160);
#4159 = CARTESIAN_POINT('',(-24.61420059204,34.182998657227,
    5.699999809265));
#4160 = VECTOR('',#4161,1.);
#4161 = DIRECTION('',(0.831485827769,0.555545964092,0.));
#4162 = ORIENTED_EDGE('',*,*,#4163,.T.);
#4163 = EDGE_CURVE('',#4156,#4164,#4166,.T.);
#4164 = VERTEX_POINT('',#4165);
#4165 = CARTESIAN_POINT('',(-24.3768005371,34.320098876953,
    5.699999809265));
#4166 = LINE('',#4167,#4168);
#4167 = CARTESIAN_POINT('',(-24.5,34.259300231934,5.699999809265));
#4168 = VECTOR('',#4169,1.);
#4169 = DIRECTION('',(0.896747414017,0.442542738562,0.));
#4170 = ORIENTED_EDGE('',*,*,#4171,.T.);
#4171 = EDGE_CURVE('',#4164,#4172,#4174,.T.);
#4172 = VERTEX_POINT('',#4173);
#4173 = CARTESIAN_POINT('',(-24.24679946899,34.364200592041,
    5.699999809265));
#4174 = LINE('',#4175,#4176);
#4175 = CARTESIAN_POINT('',(-24.3768005371,34.320098876953,
    5.699999809265));
#4176 = VECTOR('',#4177,1.);
#4177 = DIRECTION('',(0.946991532795,0.321258520222,0.));
#4178 = ORIENTED_EDGE('',*,*,#4179,.T.);
#4179 = EDGE_CURVE('',#4172,#4180,#4182,.T.);
#4180 = VERTEX_POINT('',#4181);
#4181 = CARTESIAN_POINT('',(-24.11210060119,34.390998840332,
    5.699999809265));
#4182 = LINE('',#4183,#4184);
#4183 = CARTESIAN_POINT('',(-24.24679946899,34.364200592041,
    5.699999809265));
#4184 = VECTOR('',#4185,1.);
#4185 = DIRECTION('',(0.980778344922,0.195125185797,0.));
#4186 = ORIENTED_EDGE('',*,*,#4187,.T.);
#4187 = EDGE_CURVE('',#4180,#4188,#4190,.T.);
#4188 = VERTEX_POINT('',#4189);
#4189 = CARTESIAN_POINT('',(-23.97500038147,34.400001525879,
    5.699999809265));
#4190 = LINE('',#4191,#4192);
#4191 = CARTESIAN_POINT('',(-24.11210060119,34.390998840332,
    5.699999809265));
#4192 = VECTOR('',#4193,1.);
#4193 = DIRECTION('',(0.997851001266,6.55238832217E-02,0.));
#4194 = ORIENTED_EDGE('',*,*,#4195,.T.);
#4195 = EDGE_CURVE('',#4188,#4196,#4198,.T.);
#4196 = VERTEX_POINT('',#4197);
#4197 = CARTESIAN_POINT('',(23.97500038147,34.400001525879,
    5.699999809265));
#4198 = LINE('',#4199,#4200);
#4199 = CARTESIAN_POINT('',(-23.97500038147,34.400001525879,
    5.699999809265));
#4200 = VECTOR('',#4201,1.);
#4201 = DIRECTION('',(1.,0.,0.));
#4202 = ORIENTED_EDGE('',*,*,#4203,.T.);
#4203 = EDGE_CURVE('',#4196,#4204,#4206,.T.);
#4204 = VERTEX_POINT('',#4205);
#4205 = CARTESIAN_POINT('',(24.112100601196,34.390998840332,
    5.699999809265));
#4206 = LINE('',#4207,#4208);
#4207 = CARTESIAN_POINT('',(23.97500038147,34.400001525879,
    5.699999809265));
#4208 = VECTOR('',#4209,1.);
#4209 = DIRECTION('',(0.997851001266,-6.55238832217E-02,0.));
#4210 = ORIENTED_EDGE('',*,*,#4211,.T.);
#4211 = EDGE_CURVE('',#4204,#4212,#4214,.T.);
#4212 = VERTEX_POINT('',#4213);
#4213 = CARTESIAN_POINT('',(24.246799468994,34.364200592041,
    5.699999809265));
#4214 = LINE('',#4215,#4216);
#4215 = CARTESIAN_POINT('',(24.112100601196,34.390998840332,
    5.699999809265));
#4216 = VECTOR('',#4217,1.);
#4217 = DIRECTION('',(0.980778344922,-0.195125185797,0.));
#4218 = ORIENTED_EDGE('',*,*,#4219,.T.);
#4219 = EDGE_CURVE('',#4212,#4220,#4222,.T.);
#4220 = VERTEX_POINT('',#4221);
#4221 = CARTESIAN_POINT('',(24.376800537109,34.320098876953,
    5.699999809265));
#4222 = LINE('',#4223,#4224);
#4223 = CARTESIAN_POINT('',(24.246799468994,34.364200592041,
    5.699999809265));
#4224 = VECTOR('',#4225,1.);
#4225 = DIRECTION('',(0.946991532795,-0.321258520222,0.));
#4226 = ORIENTED_EDGE('',*,*,#4227,.T.);
#4227 = EDGE_CURVE('',#4220,#4228,#4230,.T.);
#4228 = VERTEX_POINT('',#4229);
#4229 = CARTESIAN_POINT('',(24.5,34.259300231934,5.699999809265));
#4230 = LINE('',#4231,#4232);
#4231 = CARTESIAN_POINT('',(24.376800537109,34.320098876953,
    5.699999809265));
#4232 = VECTOR('',#4233,1.);
#4233 = DIRECTION('',(0.896747414017,-0.442542738562,0.));
#4234 = ORIENTED_EDGE('',*,*,#4235,.T.);
#4235 = EDGE_CURVE('',#4228,#4236,#4238,.T.);
#4236 = VERTEX_POINT('',#4237);
#4237 = CARTESIAN_POINT('',(24.614200592041,34.182998657227,
    5.699999809265));
#4238 = LINE('',#4239,#4240);
#4239 = CARTESIAN_POINT('',(24.5,34.259300231934,5.699999809265));
#4240 = VECTOR('',#4241,1.);
#4241 = DIRECTION('',(0.831485827769,-0.555545964092,0.));
#4242 = ORIENTED_EDGE('',*,*,#4243,.T.);
#4243 = EDGE_CURVE('',#4236,#4244,#4246,.T.);
#4244 = VERTEX_POINT('',#4245);
#4245 = CARTESIAN_POINT('',(24.717500686646,34.092498779297,
    5.699999809265));
#4246 = LINE('',#4247,#4248);
#4247 = CARTESIAN_POINT('',(24.614200592041,34.182998657227,
    5.699999809265));
#4248 = VECTOR('',#4249,1.);
#4249 = DIRECTION('',(0.752171336163,-0.658967587257,0.));
#4250 = ORIENTED_EDGE('',*,*,#4251,.T.);
#4251 = EDGE_CURVE('',#4244,#4252,#4254,.T.);
#4252 = VERTEX_POINT('',#4253);
#4253 = CARTESIAN_POINT('',(24.808000564575,33.989200592041,
    5.699999809265));
#4254 = LINE('',#4255,#4256);
#4255 = CARTESIAN_POINT('',(24.717500686646,34.092498779297,
    5.699999809265));
#4256 = VECTOR('',#4257,1.);
#4257 = DIRECTION('',(0.658974471081,-0.752165305278,0.));
#4258 = ORIENTED_EDGE('',*,*,#4259,.T.);
#4259 = EDGE_CURVE('',#4252,#4260,#4262,.T.);
#4260 = VERTEX_POINT('',#4261);
#4261 = CARTESIAN_POINT('',(24.884300231934,33.875,5.699999809265));
#4262 = LINE('',#4263,#4264);
#4263 = CARTESIAN_POINT('',(24.808000564575,33.989200592041,
    5.699999809265));
#4264 = VECTOR('',#4265,1.);
#4265 = DIRECTION('',(0.555536362764,-0.831492242686,0.));
#4266 = ORIENTED_EDGE('',*,*,#4267,.T.);
#4267 = EDGE_CURVE('',#4260,#4268,#4270,.T.);
#4268 = VERTEX_POINT('',#4269);
#4269 = CARTESIAN_POINT('',(24.945100784302,33.751800537109,
    5.699999809265));
#4270 = LINE('',#4271,#4272);
#4271 = CARTESIAN_POINT('',(24.884300231934,33.875,5.699999809265));
#4272 = VECTOR('',#4273,1.);
#4273 = DIRECTION('',(0.442553902764,-0.896741904423,0.));
#4274 = ORIENTED_EDGE('',*,*,#4275,.T.);
#4275 = EDGE_CURVE('',#4268,#4276,#4278,.T.);
#4276 = VERTEX_POINT('',#4277);
#4277 = CARTESIAN_POINT('',(24.989200592041,33.621799468994,
    5.699999809265));
#4278 = LINE('',#4279,#4280);
#4279 = CARTESIAN_POINT('',(24.945100784302,33.751800537109,
    5.699999809265));
#4280 = VECTOR('',#4281,1.);
#4281 = DIRECTION('',(0.321246060041,-0.94699575971,0.));
#4282 = ORIENTED_EDGE('',*,*,#4283,.T.);
#4283 = EDGE_CURVE('',#4276,#4284,#4286,.T.);
#4284 = VERTEX_POINT('',#4285);
#4285 = CARTESIAN_POINT('',(25.016000747681,33.487098693848,
    5.699999809265));
#4286 = LINE('',#4287,#4288);
#4287 = CARTESIAN_POINT('',(24.989200592041,33.621799468994,
    5.699999809265));
#4288 = VECTOR('',#4289,1.);
#4289 = DIRECTION('',(0.195135886964,-0.980776215871,0.));
#4290 = ORIENTED_EDGE('',*,*,#4291,.T.);
#4291 = EDGE_CURVE('',#4284,#4292,#4294,.T.);
#4292 = VERTEX_POINT('',#4293);
#4293 = CARTESIAN_POINT('',(25.02499961853,33.349998474121,
    5.699999809265));
#4294 = LINE('',#4295,#4296);
#4295 = CARTESIAN_POINT('',(25.016000747681,33.487098693848,
    5.699999809265));
#4296 = VECTOR('',#4297,1.);
#4297 = DIRECTION('',(6.549623799189E-02,-0.997852816205,0.));
#4298 = ORIENTED_EDGE('',*,*,#4299,.T.);
#4299 = EDGE_CURVE('',#4292,#4300,#4302,.T.);
#4300 = VERTEX_POINT('',#4301);
#4301 = CARTESIAN_POINT('',(25.02499961853,2.400000095367,5.699999809265
    ));
#4302 = LINE('',#4303,#4304);
#4303 = CARTESIAN_POINT('',(25.02499961853,33.349998474121,
    5.699999809265));
#4304 = VECTOR('',#4305,1.);
#4305 = DIRECTION('',(0.,-1.,0.));
#4306 = ORIENTED_EDGE('',*,*,#4307,.T.);
#4307 = EDGE_CURVE('',#4300,#4308,#4310,.T.);
#4308 = VERTEX_POINT('',#4309);
#4309 = CARTESIAN_POINT('',(25.016000747681,2.262949943542,
    5.699999809265));
#4310 = LINE('',#4311,#4312);
#4311 = CARTESIAN_POINT('',(25.02499961853,2.400000095367,5.699999809265
    ));
#4312 = VECTOR('',#4313,1.);
#4313 = DIRECTION('',(-6.552006273235E-02,-0.997851252131,0.));
#4314 = ORIENTED_EDGE('',*,*,#4315,.T.);
#4315 = EDGE_CURVE('',#4308,#4316,#4318,.T.);
#4316 = VERTEX_POINT('',#4317);
#4317 = CARTESIAN_POINT('',(24.989200592041,2.12824010849,5.699999809265
    ));
#4318 = LINE('',#4319,#4320);
#4319 = CARTESIAN_POINT('',(25.016000747681,2.262949943542,
    5.699999809265));
#4320 = VECTOR('',#4321,1.);
#4321 = DIRECTION('',(-0.195123262788,-0.980778727501,0.));
#4322 = ORIENTED_EDGE('',*,*,#4323,.T.);
#4323 = EDGE_CURVE('',#4316,#4324,#4326,.T.);
#4324 = VERTEX_POINT('',#4325);
#4325 = CARTESIAN_POINT('',(24.945100784302,1.998180031776,
    5.699999809265));
#4326 = LINE('',#4327,#4328);
#4327 = CARTESIAN_POINT('',(24.989200592041,2.12824010849,5.699999809265
    ));
#4328 = VECTOR('',#4329,1.);
#4329 = DIRECTION('',(-0.321115341958,-0.947040092688,0.));
#4330 = ORIENTED_EDGE('',*,*,#4331,.T.);
#4331 = EDGE_CURVE('',#4324,#4332,#4334,.T.);
#4332 = VERTEX_POINT('',#4333);
#4333 = CARTESIAN_POINT('',(24.884300231934,1.875,5.699999809265));
#4334 = LINE('',#4335,#4336);
#4335 = CARTESIAN_POINT('',(24.945100784302,1.998180031776,
    5.699999809265));
#4336 = VECTOR('',#4337,1.);
#4337 = DIRECTION('',(-0.442610038364,-0.896714198583,0.));
#4338 = ORIENTED_EDGE('',*,*,#4339,.T.);
#4339 = EDGE_CURVE('',#4332,#4340,#4342,.T.);
#4340 = VERTEX_POINT('',#4341);
#4341 = CARTESIAN_POINT('',(24.808000564575,1.760800004005,
    5.699999809265));
#4342 = LINE('',#4343,#4344);
#4343 = CARTESIAN_POINT('',(24.884300231934,1.875,5.699999809265));
#4344 = VECTOR('',#4345,1.);
#4345 = DIRECTION('',(-0.55553836743,-0.831490903326,0.));
#4346 = ORIENTED_EDGE('',*,*,#4347,.T.);
#4347 = EDGE_CURVE('',#4340,#4348,#4350,.T.);
#4348 = VERTEX_POINT('',#4349);
#4349 = CARTESIAN_POINT('',(24.717500686646,1.657539963722,
    5.699999809265));
#4350 = LINE('',#4351,#4352);
#4351 = CARTESIAN_POINT('',(24.808000564575,1.760800004005,
    5.699999809265));
#4352 = VECTOR('',#4353,1.);
#4353 = DIRECTION('',(-0.659112166176,-0.752044647876,0.));
#4354 = ORIENTED_EDGE('',*,*,#4355,.T.);
#4355 = EDGE_CURVE('',#4348,#4356,#4358,.T.);
#4356 = VERTEX_POINT('',#4357);
#4357 = CARTESIAN_POINT('',(24.614200592041,1.566980004311,
    5.699999809265));
#4358 = LINE('',#4359,#4360);
#4359 = CARTESIAN_POINT('',(24.717500686646,1.657539963722,
    5.699999809265));
#4360 = VECTOR('',#4361,1.);
#4361 = DIRECTION('',(-0.751954518902,-0.659214988833,0.));
#4362 = ORIENTED_EDGE('',*,*,#4363,.T.);
#4363 = EDGE_CURVE('',#4356,#4364,#4366,.T.);
#4364 = VERTEX_POINT('',#4365);
#4365 = CARTESIAN_POINT('',(24.5,1.490669965744,5.699999809265));
#4366 = LINE('',#4367,#4368);
#4367 = CARTESIAN_POINT('',(24.614200592041,1.566980004311,
    5.699999809265));
#4368 = VECTOR('',#4369,1.);
#4369 = DIRECTION('',(-0.831457361433,-0.555588567305,0.));
#4370 = ORIENTED_EDGE('',*,*,#4371,.T.);
#4371 = EDGE_CURVE('',#4364,#4372,#4374,.T.);
#4372 = VERTEX_POINT('',#4373);
#4373 = CARTESIAN_POINT('',(24.376800537109,1.429929971695,
    5.699999809265));
#4374 = LINE('',#4375,#4376);
#4375 = CARTESIAN_POINT('',(24.5,1.490669965744,5.699999809265));
#4376 = VECTOR('',#4377,1.);
#4377 = DIRECTION('',(-0.896916799186,-0.442199338916,0.));
#4378 = ORIENTED_EDGE('',*,*,#4379,.T.);
#4379 = EDGE_CURVE('',#4372,#4380,#4382,.T.);
#4380 = VERTEX_POINT('',#4381);
#4381 = CARTESIAN_POINT('',(24.246799468994,1.385779976845,
    5.699999809265));
#4382 = LINE('',#4383,#4384);
#4383 = CARTESIAN_POINT('',(24.376800537109,1.429929971695,
    5.699999809265));
#4384 = VECTOR('',#4385,1.);
#4385 = DIRECTION('',(-0.946884496993,-0.321573862984,0.));
#4386 = ORIENTED_EDGE('',*,*,#4387,.T.);
#4387 = EDGE_CURVE('',#4380,#4388,#4390,.T.);
#4388 = VERTEX_POINT('',#4389);
#4389 = CARTESIAN_POINT('',(24.112100601196,1.358979940414,
    5.699999809265));
#4390 = LINE('',#4391,#4392);
#4391 = CARTESIAN_POINT('',(24.246799468994,1.385779976845,
    5.699999809265));
#4392 = VECTOR('',#4393,1.);
#4393 = DIRECTION('',(-0.980775853167,-0.19513770995,0.));
#4394 = ORIENTED_EDGE('',*,*,#4395,.T.);
#4395 = EDGE_CURVE('',#4388,#4396,#4398,.T.);
#4396 = VERTEX_POINT('',#4397);
#4397 = CARTESIAN_POINT('',(23.97500038147,1.350000023842,5.699999809265
    ));
#4398 = LINE('',#4399,#4400);
#4399 = CARTESIAN_POINT('',(24.112100601196,1.358979940414,
    5.699999809265));
#4400 = VECTOR('',#4401,1.);
#4401 = DIRECTION('',(-0.997861822925,-6.53588735211E-02,0.));
#4402 = ORIENTED_EDGE('',*,*,#4403,.T.);
#4403 = EDGE_CURVE('',#4396,#4404,#4406,.T.);
#4404 = VERTEX_POINT('',#4405);
#4405 = CARTESIAN_POINT('',(10.5,1.350000023842,5.699999809265));
#4406 = LINE('',#4407,#4408);
#4407 = CARTESIAN_POINT('',(23.97500038147,1.350000023842,5.699999809265
    ));
#4408 = VECTOR('',#4409,1.);
#4409 = DIRECTION('',(-1.,0.,0.));
#4410 = ORIENTED_EDGE('',*,*,#4411,.T.);
#4411 = EDGE_CURVE('',#4404,#4412,#4414,.T.);
#4412 = VERTEX_POINT('',#4413);
#4413 = CARTESIAN_POINT('',(10.5,0.15000000596,5.699999809265));
#4414 = LINE('',#4415,#4416);
#4415 = CARTESIAN_POINT('',(10.5,1.350000023842,5.699999809265));
#4416 = VECTOR('',#4417,1.);
#4417 = DIRECTION('',(0.,-1.,0.));
#4418 = ORIENTED_EDGE('',*,*,#4419,.F.);
#4419 = EDGE_CURVE('',#4420,#4412,#4422,.T.);
#4420 = VERTEX_POINT('',#4421);
#4421 = CARTESIAN_POINT('',(23.97500038147,0.15000000596,5.699999809265)
  );
#4422 = LINE('',#4423,#4424);
#4423 = CARTESIAN_POINT('',(23.97500038147,0.15000000596,5.699999809265)
  );
#4424 = VECTOR('',#4425,1.);
#4425 = DIRECTION('',(-1.,0.,0.));
#4426 = ORIENTED_EDGE('',*,*,#4427,.F.);
#4427 = EDGE_CURVE('',#4428,#4420,#4430,.T.);
#4428 = VERTEX_POINT('',#4429);
#4429 = CARTESIAN_POINT('',(24.268699645996,0.169248998165,
    5.699999809265));
#4430 = LINE('',#4431,#4432);
#4431 = CARTESIAN_POINT('',(24.268699645996,0.169248998165,
    5.699999809265));
#4432 = VECTOR('',#4433,1.);
#4433 = DIRECTION('',(-0.997859161512,-6.539949377225E-02,0.));
#4434 = ORIENTED_EDGE('',*,*,#4435,.F.);
#4435 = EDGE_CURVE('',#4436,#4428,#4438,.T.);
#4436 = VERTEX_POINT('',#4437);
#4437 = CARTESIAN_POINT('',(24.557300567627,0.226666003466,
    5.699999809265));
#4438 = LINE('',#4439,#4440);
#4439 = CARTESIAN_POINT('',(24.557300567627,0.226666003466,
    5.699999809265));
#4440 = VECTOR('',#4441,1.);
#4441 = DIRECTION('',(-0.980778313772,-0.195125342367,0.));
#4442 = ORIENTED_EDGE('',*,*,#4443,.F.);
#4443 = EDGE_CURVE('',#4444,#4436,#4446,.T.);
#4444 = VERTEX_POINT('',#4445);
#4445 = CARTESIAN_POINT('',(24.836000442505,0.321271002293,
    5.699999809265));
#4446 = LINE('',#4447,#4448);
#4447 = CARTESIAN_POINT('',(24.836000442505,0.321271002293,
    5.699999809265));
#4448 = VECTOR('',#4449,1.);
#4449 = DIRECTION('',(-0.946931019559,-0.321436843249,0.));
#4450 = ORIENTED_EDGE('',*,*,#4451,.F.);
#4451 = EDGE_CURVE('',#4452,#4444,#4454,.T.);
#4452 = VERTEX_POINT('',#4453);
#4453 = CARTESIAN_POINT('',(25.10000038147,0.451442986727,5.699999809265
    ));
#4454 = LINE('',#4455,#4456);
#4455 = CARTESIAN_POINT('',(25.10000038147,0.451442986727,5.699999809265
    ));
#4456 = VECTOR('',#4457,1.);
#4457 = DIRECTION('',(-0.896897507072,-0.442238467128,0.));
#4458 = ORIENTED_EDGE('',*,*,#4459,.F.);
#4459 = EDGE_CURVE('',#4460,#4452,#4462,.T.);
#4460 = VERTEX_POINT('',#4461);
#4461 = CARTESIAN_POINT('',(25.344699859619,0.61495500803,5.699999809265
    ));
#4462 = LINE('',#4463,#4464);
#4463 = CARTESIAN_POINT('',(25.344699859619,0.61495500803,5.699999809265
    ));
#4464 = VECTOR('',#4465,1.);
#4465 = DIRECTION('',(-0.831455395628,-0.555591509188,0.));
#4466 = ORIENTED_EDGE('',*,*,#4467,.F.);
#4467 = EDGE_CURVE('',#4468,#4460,#4470,.T.);
#4468 = VERTEX_POINT('',#4469);
#4469 = CARTESIAN_POINT('',(25.565999984741,0.809010028839,
    5.699999809265));
#4470 = LINE('',#4471,#4472);
#4471 = CARTESIAN_POINT('',(25.565999984741,0.809010028839,
    5.699999809265));
#4472 = VECTOR('',#4473,1.);
#4473 = DIRECTION('',(-0.751873457739,-0.659307442357,0.));
#4474 = ORIENTED_EDGE('',*,*,#4475,.F.);
#4475 = EDGE_CURVE('',#4476,#4468,#4478,.T.);
#4476 = VERTEX_POINT('',#4477);
#4477 = CARTESIAN_POINT('',(25.760000228882,1.030290007591,
    5.699999809265));
#4478 = LINE('',#4479,#4480);
#4479 = CARTESIAN_POINT('',(25.760000228882,1.030290007591,
    5.699999809265));
#4480 = VECTOR('',#4481,1.);
#4481 = DIRECTION('',(-0.659236149795,-0.751935967223,0.));
#4482 = ORIENTED_EDGE('',*,*,#4483,.F.);
#4483 = EDGE_CURVE('',#4484,#4476,#4486,.T.);
#4484 = VERTEX_POINT('',#4485);
#4485 = CARTESIAN_POINT('',(25.923599243164,1.274999976158,
    5.699999809265));
#4486 = LINE('',#4487,#4488);
#4487 = CARTESIAN_POINT('',(25.923599243164,1.274999976158,
    5.699999809265));
#4488 = VECTOR('',#4489,1.);
#4489 = DIRECTION('',(-0.555779339281,-0.831329853926,0.));
#4490 = ORIENTED_EDGE('',*,*,#4491,.F.);
#4491 = EDGE_CURVE('',#4492,#4484,#4494,.T.);
#4492 = VERTEX_POINT('',#4493);
#4493 = CARTESIAN_POINT('',(26.053699493408,1.538959980011,
    5.699999809265));
#4494 = LINE('',#4495,#4496);
#4495 = CARTESIAN_POINT('',(26.053699493408,1.538959980011,
    5.699999809265));
#4496 = VECTOR('',#4497,1.);
#4497 = DIRECTION('',(-0.442096199903,-0.896967641574,0.));
#4498 = ORIENTED_EDGE('',*,*,#4499,.F.);
#4499 = EDGE_CURVE('',#4500,#4492,#4502,.T.);
#4500 = VERTEX_POINT('',#4501);
#4501 = CARTESIAN_POINT('',(26.148300170898,1.817659974098,
    5.699999809265));
#4502 = LINE('',#4503,#4504);
#4503 = CARTESIAN_POINT('',(26.148300170898,1.817659974098,
    5.699999809265));
#4504 = VECTOR('',#4505,1.);
#4505 = DIRECTION('',(-0.321423554406,-0.946935530368,0.));
#4506 = ORIENTED_EDGE('',*,*,#4507,.F.);
#4507 = EDGE_CURVE('',#4508,#4500,#4510,.T.);
#4508 = VERTEX_POINT('',#4509);
#4509 = CARTESIAN_POINT('',(26.205699920654,2.106319904327,
    5.699999809265));
#4510 = LINE('',#4511,#4512);
#4511 = CARTESIAN_POINT('',(26.205699920654,2.106319904327,
    5.699999809265));
#4512 = VECTOR('',#4513,1.);
#4513 = DIRECTION('',(-0.195030573472,-0.980797163236,0.));
#4514 = ORIENTED_EDGE('',*,*,#4515,.F.);
#4515 = EDGE_CURVE('',#4516,#4508,#4518,.T.);
#4516 = VERTEX_POINT('',#4517);
#4517 = CARTESIAN_POINT('',(26.22500038147,2.400000095367,5.699999809265
    ));
#4518 = LINE('',#4519,#4520);
#4519 = CARTESIAN_POINT('',(26.22500038147,2.400000095367,5.699999809265
    ));
#4520 = VECTOR('',#4521,1.);
#4521 = DIRECTION('',(-6.557785071097E-02,-0.997847456025,0.));
#4522 = ORIENTED_EDGE('',*,*,#4523,.F.);
#4523 = EDGE_CURVE('',#4524,#4516,#4526,.T.);
#4524 = VERTEX_POINT('',#4525);
#4525 = CARTESIAN_POINT('',(26.22500038147,33.349998474121,
    5.699999809265));
#4526 = LINE('',#4527,#4528);
#4527 = CARTESIAN_POINT('',(26.22500038147,33.349998474121,
    5.699999809265));
#4528 = VECTOR('',#4529,1.);
#4529 = DIRECTION('',(0.,-1.,0.));
#4530 = ORIENTED_EDGE('',*,*,#4531,.F.);
#4531 = EDGE_CURVE('',#4532,#4524,#4534,.T.);
#4532 = VERTEX_POINT('',#4533);
#4533 = CARTESIAN_POINT('',(26.205699920654,33.643699645996,
    5.699999809265));
#4534 = LINE('',#4535,#4536);
#4535 = CARTESIAN_POINT('',(26.205699920654,33.643699645996,
    5.699999809265));
#4536 = VECTOR('',#4537,1.);
#4537 = DIRECTION('',(6.55731862359E-02,-0.99784776256,0.));
#4538 = ORIENTED_EDGE('',*,*,#4539,.F.);
#4539 = EDGE_CURVE('',#4540,#4532,#4542,.T.);
#4540 = VERTEX_POINT('',#4541);
#4541 = CARTESIAN_POINT('',(26.148300170898,33.932300567627,
    5.699999809265));
#4542 = LINE('',#4543,#4544);
#4543 = CARTESIAN_POINT('',(26.148300170898,33.932300567627,
    5.699999809265));
#4544 = VECTOR('',#4545,1.);
#4545 = DIRECTION('',(0.195068933032,-0.980789534694,0.));
#4546 = ORIENTED_EDGE('',*,*,#4547,.F.);
#4547 = EDGE_CURVE('',#4548,#4540,#4550,.T.);
#4548 = VERTEX_POINT('',#4549);
#4549 = CARTESIAN_POINT('',(26.053699493408,34.210998535156,
    5.699999809265));
#4550 = LINE('',#4551,#4552);
#4551 = CARTESIAN_POINT('',(26.053699493408,34.210998535156,
    5.699999809265));
#4552 = VECTOR('',#4553,1.);
#4553 = DIRECTION('',(0.321425650174,-0.946934818987,0.));
#4554 = ORIENTED_EDGE('',*,*,#4555,.F.);
#4555 = EDGE_CURVE('',#4556,#4548,#4558,.T.);
#4556 = VERTEX_POINT('',#4557);
#4557 = CARTESIAN_POINT('',(25.923599243164,34.474998474121,
    5.699999809265));
#4558 = LINE('',#4559,#4560);
#4559 = CARTESIAN_POINT('',(25.923599243164,34.474998474121,
    5.699999809265));
#4560 = VECTOR('',#4561,1.);
#4561 = DIRECTION('',(0.442042392668,-0.896994160006,0.));
#4562 = ORIENTED_EDGE('',*,*,#4563,.F.);
#4563 = EDGE_CURVE('',#4564,#4556,#4566,.T.);
#4564 = VERTEX_POINT('',#4565);
#4565 = CARTESIAN_POINT('',(25.760000228882,34.719699859619,
    5.699999809265));
#4566 = LINE('',#4567,#4568);
#4567 = CARTESIAN_POINT('',(25.760000228882,34.719699859619,
    5.699999809265));
#4568 = VECTOR('',#4569,1.);
#4569 = DIRECTION('',(0.555792811783,-0.831320846827,0.));
#4570 = ORIENTED_EDGE('',*,*,#4571,.F.);
#4571 = EDGE_CURVE('',#4572,#4564,#4574,.T.);
#4572 = VERTEX_POINT('',#4573);
#4573 = CARTESIAN_POINT('',(25.565999984741,34.94100189209,
    5.699999809265));
#4574 = LINE('',#4575,#4576);
#4575 = CARTESIAN_POINT('',(25.565999984741,34.94100189209,
    5.699999809265));
#4576 = VECTOR('',#4577,1.);
#4577 = DIRECTION('',(0.659199002485,-0.751968533333,0.));
#4578 = ORIENTED_EDGE('',*,*,#4579,.F.);
#4579 = EDGE_CURVE('',#4580,#4572,#4582,.T.);
#4580 = VERTEX_POINT('',#4581);
#4581 = CARTESIAN_POINT('',(25.344699859619,35.134998321533,
    5.699999809265));
#4582 = LINE('',#4583,#4584);
#4583 = CARTESIAN_POINT('',(25.344699859619,35.134998321533,
    5.699999809265));
#4584 = VECTOR('',#4585,1.);
#4585 = DIRECTION('',(0.751972142337,-0.65919488556,0.));
#4586 = ORIENTED_EDGE('',*,*,#4587,.F.);
#4587 = EDGE_CURVE('',#4588,#4580,#4590,.T.);
#4588 = VERTEX_POINT('',#4589);
#4589 = CARTESIAN_POINT('',(25.10000038147,35.298599243164,
    5.699999809265));
#4590 = LINE('',#4591,#4592);
#4591 = CARTESIAN_POINT('',(25.10000038147,35.298599243164,
    5.699999809265));
#4592 = VECTOR('',#4593,1.);
#4593 = DIRECTION('',(0.831315851189,-0.555800283881,0.));
#4594 = ORIENTED_EDGE('',*,*,#4595,.F.);
#4595 = EDGE_CURVE('',#4596,#4588,#4598,.T.);
#4596 = VERTEX_POINT('',#4597);
#4597 = CARTESIAN_POINT('',(24.836000442505,35.428699493408,
    5.699999809265));
#4598 = LINE('',#4599,#4600);
#4599 = CARTESIAN_POINT('',(24.836000442505,35.428699493408,
    5.699999809265));
#4600 = VECTOR('',#4601,1.);
#4601 = DIRECTION('',(0.896994160006,-0.442042392668,0.));
#4602 = ORIENTED_EDGE('',*,*,#4603,.F.);
#4603 = EDGE_CURVE('',#4604,#4596,#4606,.T.);
#4604 = VERTEX_POINT('',#4605);
#4605 = CARTESIAN_POINT('',(24.557300567627,35.523300170898,
    5.699999809265));
#4606 = LINE('',#4607,#4608);
#4607 = CARTESIAN_POINT('',(24.557300567627,35.523300170898,
    5.699999809265));
#4608 = VECTOR('',#4609,1.);
#4609 = DIRECTION('',(0.946935488522,-0.321423677686,0.));
#4610 = ORIENTED_EDGE('',*,*,#4611,.F.);
#4611 = EDGE_CURVE('',#4612,#4604,#4614,.T.);
#4612 = VERTEX_POINT('',#4613);
#4613 = CARTESIAN_POINT('',(24.268699645996,35.580699920654,
    5.699999809265));
#4614 = LINE('',#4615,#4616);
#4615 = CARTESIAN_POINT('',(24.268699645996,35.580699920654,
    5.699999809265));
#4616 = VECTOR('',#4617,1.);
#4617 = DIRECTION('',(0.980789534694,-0.195068933032,0.));
#4618 = ORIENTED_EDGE('',*,*,#4619,.F.);
#4619 = EDGE_CURVE('',#4620,#4612,#4622,.T.);
#4620 = VERTEX_POINT('',#4621);
#4621 = CARTESIAN_POINT('',(23.97500038147,35.599998474121,
    5.699999809265));
#4622 = LINE('',#4623,#4624);
#4623 = CARTESIAN_POINT('',(23.97500038147,35.599998474121,
    5.699999809265));
#4624 = VECTOR('',#4625,1.);
#4625 = DIRECTION('',(0.997848158694,-6.556715786592E-02,0.));
#4626 = ORIENTED_EDGE('',*,*,#4627,.F.);
#4627 = EDGE_CURVE('',#4628,#4620,#4630,.T.);
#4628 = VERTEX_POINT('',#4629);
#4629 = CARTESIAN_POINT('',(-23.97500038147,35.599998474121,
    5.699999809265));
#4630 = LINE('',#4631,#4632);
#4631 = CARTESIAN_POINT('',(-23.97500038147,35.599998474121,
    5.699999809265));
#4632 = VECTOR('',#4633,1.);
#4633 = DIRECTION('',(1.,0.,0.));
#4634 = ORIENTED_EDGE('',*,*,#4635,.F.);
#4635 = EDGE_CURVE('',#4636,#4628,#4638,.T.);
#4636 = VERTEX_POINT('',#4637);
#4637 = CARTESIAN_POINT('',(-24.26869964599,35.580699920654,
    5.699999809265));
#4638 = LINE('',#4639,#4640);
#4639 = CARTESIAN_POINT('',(-24.26869964599,35.580699920654,
    5.699999809265));
#4640 = VECTOR('',#4641,1.);
#4641 = DIRECTION('',(0.997848158694,6.556715786592E-02,0.));
#4642 = ORIENTED_EDGE('',*,*,#4643,.F.);
#4643 = EDGE_CURVE('',#4644,#4636,#4646,.T.);
#4644 = VERTEX_POINT('',#4645);
#4645 = CARTESIAN_POINT('',(-24.55730056762,35.523300170898,
    5.699999809265));
#4646 = LINE('',#4647,#4648);
#4647 = CARTESIAN_POINT('',(-24.55730056762,35.523300170898,
    5.699999809265));
#4648 = VECTOR('',#4649,1.);
#4649 = DIRECTION('',(0.980789534694,0.195068933032,0.));
#4650 = ORIENTED_EDGE('',*,*,#4651,.F.);
#4651 = EDGE_CURVE('',#4652,#4644,#4654,.T.);
#4652 = VERTEX_POINT('',#4653);
#4653 = CARTESIAN_POINT('',(-24.8360004425,35.428699493408,
    5.699999809265));
#4654 = LINE('',#4655,#4656);
#4655 = CARTESIAN_POINT('',(-24.8360004425,35.428699493408,
    5.699999809265));
#4656 = VECTOR('',#4657,1.);
#4657 = DIRECTION('',(0.946935488522,0.321423677686,0.));
#4658 = ORIENTED_EDGE('',*,*,#4659,.F.);
#4659 = EDGE_CURVE('',#4660,#4652,#4662,.T.);
#4660 = VERTEX_POINT('',#4661);
#4661 = CARTESIAN_POINT('',(-25.10000038147,35.298599243164,
    5.699999809265));
#4662 = LINE('',#4663,#4664);
#4663 = CARTESIAN_POINT('',(-25.10000038147,35.298599243164,
    5.699999809265));
#4664 = VECTOR('',#4665,1.);
#4665 = DIRECTION('',(0.896994160006,0.442042392668,0.));
#4666 = ORIENTED_EDGE('',*,*,#4667,.F.);
#4667 = EDGE_CURVE('',#4668,#4660,#4670,.T.);
#4668 = VERTEX_POINT('',#4669);
#4669 = CARTESIAN_POINT('',(-25.34469985961,35.134998321533,
    5.699999809265));
#4670 = LINE('',#4671,#4672);
#4671 = CARTESIAN_POINT('',(-25.34469985961,35.134998321533,
    5.699999809265));
#4672 = VECTOR('',#4673,1.);
#4673 = DIRECTION('',(0.831315851189,0.555800283881,0.));
#4674 = ORIENTED_EDGE('',*,*,#4675,.T.);
#4675 = EDGE_CURVE('',#4668,#4676,#4678,.T.);
#4676 = VERTEX_POINT('',#4677);
#4677 = CARTESIAN_POINT('',(-25.56599998474,34.94100189209,
    5.699999809265));
#4678 = LINE('',#4679,#4680);
#4679 = CARTESIAN_POINT('',(-25.34469985961,35.134998321533,
    5.699999809265));
#4680 = VECTOR('',#4681,1.);
#4681 = DIRECTION('',(-0.751972142337,-0.65919488556,0.));
#4682 = ORIENTED_EDGE('',*,*,#4683,.F.);
#4683 = EDGE_CURVE('',#4684,#4676,#4686,.T.);
#4684 = VERTEX_POINT('',#4685);
#4685 = CARTESIAN_POINT('',(-25.76000022888,34.719699859619,
    5.699999809265));
#4686 = LINE('',#4687,#4688);
#4687 = CARTESIAN_POINT('',(-25.76000022888,34.719699859619,
    5.699999809265));
#4688 = VECTOR('',#4689,1.);
#4689 = DIRECTION('',(0.659199002485,0.751968533333,0.));
#4690 = ORIENTED_EDGE('',*,*,#4691,.F.);
#4691 = EDGE_CURVE('',#4692,#4684,#4694,.T.);
#4692 = VERTEX_POINT('',#4693);
#4693 = CARTESIAN_POINT('',(-25.92359924316,34.474998474121,
    5.699999809265));
#4694 = LINE('',#4695,#4696);
#4695 = CARTESIAN_POINT('',(-25.92359924316,34.474998474121,
    5.699999809265));
#4696 = VECTOR('',#4697,1.);
#4697 = DIRECTION('',(0.555792811783,0.831320846827,0.));
#4698 = ORIENTED_EDGE('',*,*,#4699,.T.);
#4699 = EDGE_CURVE('',#4692,#4700,#4702,.T.);
#4700 = VERTEX_POINT('',#4701);
#4701 = CARTESIAN_POINT('',(-26.0536994934,34.210998535156,
    5.699999809265));
#4702 = LINE('',#4703,#4704);
#4703 = CARTESIAN_POINT('',(-25.92359924316,34.474998474121,
    5.699999809265));
#4704 = VECTOR('',#4705,1.);
#4705 = DIRECTION('',(-0.442042392668,-0.896994160006,0.));
#4706 = ORIENTED_EDGE('',*,*,#4707,.F.);
#4707 = EDGE_CURVE('',#4708,#4700,#4710,.T.);
#4708 = VERTEX_POINT('',#4709);
#4709 = CARTESIAN_POINT('',(-26.14830017089,33.932300567627,
    5.699999809265));
#4710 = LINE('',#4711,#4712);
#4711 = CARTESIAN_POINT('',(-26.14830017089,33.932300567627,
    5.699999809265));
#4712 = VECTOR('',#4713,1.);
#4713 = DIRECTION('',(0.321425650174,0.946934818987,0.));
#4714 = ORIENTED_EDGE('',*,*,#4715,.T.);
#4715 = EDGE_CURVE('',#4708,#4716,#4718,.T.);
#4716 = VERTEX_POINT('',#4717);
#4717 = CARTESIAN_POINT('',(-26.20569992065,33.643699645996,
    5.699999809265));
#4718 = LINE('',#4719,#4720);
#4719 = CARTESIAN_POINT('',(-26.14830017089,33.932300567627,
    5.699999809265));
#4720 = VECTOR('',#4721,1.);
#4721 = DIRECTION('',(-0.195068933032,-0.980789534694,0.));
#4722 = ORIENTED_EDGE('',*,*,#4723,.T.);
#4723 = EDGE_CURVE('',#4716,#4724,#4726,.T.);
#4724 = VERTEX_POINT('',#4725);
#4725 = CARTESIAN_POINT('',(-26.22500038147,33.349998474121,
    5.699999809265));
#4726 = LINE('',#4727,#4728);
#4727 = CARTESIAN_POINT('',(-26.20569992065,33.643699645996,
    5.699999809265));
#4728 = VECTOR('',#4729,1.);
#4729 = DIRECTION('',(-6.55731862359E-02,-0.99784776256,0.));
#4730 = ORIENTED_EDGE('',*,*,#4731,.F.);
#4731 = EDGE_CURVE('',#4732,#4724,#4734,.T.);
#4732 = VERTEX_POINT('',#4733);
#4733 = CARTESIAN_POINT('',(-26.22500038147,2.400000095367,
    5.699999809265));
#4734 = LINE('',#4735,#4736);
#4735 = CARTESIAN_POINT('',(-26.22500038147,2.400000095367,
    5.699999809265));
#4736 = VECTOR('',#4737,1.);
#4737 = DIRECTION('',(0.,1.,0.));
#4738 = ORIENTED_EDGE('',*,*,#4739,.F.);
#4739 = EDGE_CURVE('',#4740,#4732,#4742,.T.);
#4740 = VERTEX_POINT('',#4741);
#4741 = CARTESIAN_POINT('',(-26.20569992065,2.106319904327,
    5.699999809265));
#4742 = LINE('',#4743,#4744);
#4743 = CARTESIAN_POINT('',(-26.20569992065,2.106319904327,
    5.699999809265));
#4744 = VECTOR('',#4745,1.);
#4745 = DIRECTION('',(-6.557785071097E-02,0.997847456025,0.));
#4746 = ORIENTED_EDGE('',*,*,#4747,.F.);
#4747 = EDGE_CURVE('',#4748,#4740,#4750,.T.);
#4748 = VERTEX_POINT('',#4749);
#4749 = CARTESIAN_POINT('',(-26.14830017089,1.817659974098,
    5.699999809265));
#4750 = LINE('',#4751,#4752);
#4751 = CARTESIAN_POINT('',(-26.14830017089,1.817659974098,
    5.699999809265));
#4752 = VECTOR('',#4753,1.);
#4753 = DIRECTION('',(-0.195030573472,0.980797163236,0.));
#4754 = ORIENTED_EDGE('',*,*,#4755,.F.);
#4755 = EDGE_CURVE('',#4756,#4748,#4758,.T.);
#4756 = VERTEX_POINT('',#4757);
#4757 = CARTESIAN_POINT('',(-26.0536994934,1.538959980011,5.699999809265
    ));
#4758 = LINE('',#4759,#4760);
#4759 = CARTESIAN_POINT('',(-26.0536994934,1.538959980011,5.699999809265
    ));
#4760 = VECTOR('',#4761,1.);
#4761 = DIRECTION('',(-0.321423554406,0.946935530368,0.));
#4762 = ORIENTED_EDGE('',*,*,#4763,.T.);
#4763 = EDGE_CURVE('',#4756,#4764,#4766,.T.);
#4764 = VERTEX_POINT('',#4765);
#4765 = CARTESIAN_POINT('',(-25.92359924316,1.274999976158,
    5.699999809265));
#4766 = LINE('',#4767,#4768);
#4767 = CARTESIAN_POINT('',(-26.0536994934,1.538959980011,5.699999809265
    ));
#4768 = VECTOR('',#4769,1.);
#4769 = DIRECTION('',(0.442096199903,-0.896967641574,0.));
#4770 = ORIENTED_EDGE('',*,*,#4771,.F.);
#4771 = EDGE_CURVE('',#4772,#4764,#4774,.T.);
#4772 = VERTEX_POINT('',#4773);
#4773 = CARTESIAN_POINT('',(-25.76000022888,1.030290007591,
    5.699999809265));
#4774 = LINE('',#4775,#4776);
#4775 = CARTESIAN_POINT('',(-25.76000022888,1.030290007591,
    5.699999809265));
#4776 = VECTOR('',#4777,1.);
#4777 = DIRECTION('',(-0.555779339281,0.831329853926,0.));
#4778 = ORIENTED_EDGE('',*,*,#4779,.F.);
#4779 = EDGE_CURVE('',#4780,#4772,#4782,.T.);
#4780 = VERTEX_POINT('',#4781);
#4781 = CARTESIAN_POINT('',(-25.56599998474,0.809010028839,
    5.699999809265));
#4782 = LINE('',#4783,#4784);
#4783 = CARTESIAN_POINT('',(-25.56599998474,0.809010028839,
    5.699999809265));
#4784 = VECTOR('',#4785,1.);
#4785 = DIRECTION('',(-0.659236149795,0.751935967223,0.));
#4786 = ORIENTED_EDGE('',*,*,#4787,.F.);
#4787 = EDGE_CURVE('',#4788,#4780,#4790,.T.);
#4788 = VERTEX_POINT('',#4789);
#4789 = CARTESIAN_POINT('',(-25.34469985961,0.61495500803,5.699999809265
    ));
#4790 = LINE('',#4791,#4792);
#4791 = CARTESIAN_POINT('',(-25.34469985961,0.61495500803,5.699999809265
    ));
#4792 = VECTOR('',#4793,1.);
#4793 = DIRECTION('',(-0.751873457739,0.659307442357,0.));
#4794 = ORIENTED_EDGE('',*,*,#4795,.F.);
#4795 = EDGE_CURVE('',#4796,#4788,#4798,.T.);
#4796 = VERTEX_POINT('',#4797);
#4797 = CARTESIAN_POINT('',(-25.10000038147,0.451442986727,
    5.699999809265));
#4798 = LINE('',#4799,#4800);
#4799 = CARTESIAN_POINT('',(-25.10000038147,0.451442986727,
    5.699999809265));
#4800 = VECTOR('',#4801,1.);
#4801 = DIRECTION('',(-0.831455395628,0.555591509188,0.));
#4802 = ORIENTED_EDGE('',*,*,#4803,.F.);
#4803 = EDGE_CURVE('',#4804,#4796,#4806,.T.);
#4804 = VERTEX_POINT('',#4805);
#4805 = CARTESIAN_POINT('',(-24.8360004425,0.321271002293,5.699999809265
    ));
#4806 = LINE('',#4807,#4808);
#4807 = CARTESIAN_POINT('',(-24.8360004425,0.321271002293,5.699999809265
    ));
#4808 = VECTOR('',#4809,1.);
#4809 = DIRECTION('',(-0.896897507072,0.442238467128,0.));
#4810 = ORIENTED_EDGE('',*,*,#4811,.F.);
#4811 = EDGE_CURVE('',#4812,#4804,#4814,.T.);
#4812 = VERTEX_POINT('',#4813);
#4813 = CARTESIAN_POINT('',(-24.55730056762,0.226666003466,
    5.699999809265));
#4814 = LINE('',#4815,#4816);
#4815 = CARTESIAN_POINT('',(-24.55730056762,0.226666003466,
    5.699999809265));
#4816 = VECTOR('',#4817,1.);
#4817 = DIRECTION('',(-0.946931019559,0.321436843249,0.));
#4818 = ORIENTED_EDGE('',*,*,#4819,.F.);
#4819 = EDGE_CURVE('',#4820,#4812,#4822,.T.);
#4820 = VERTEX_POINT('',#4821);
#4821 = CARTESIAN_POINT('',(-24.26869964599,0.169248998165,
    5.699999809265));
#4822 = LINE('',#4823,#4824);
#4823 = CARTESIAN_POINT('',(-24.26869964599,0.169248998165,
    5.699999809265));
#4824 = VECTOR('',#4825,1.);
#4825 = DIRECTION('',(-0.980778313772,0.195125342367,0.));
#4826 = ORIENTED_EDGE('',*,*,#4827,.F.);
#4827 = EDGE_CURVE('',#4828,#4820,#4830,.T.);
#4828 = VERTEX_POINT('',#4829);
#4829 = CARTESIAN_POINT('',(-23.97500038147,0.15000000596,5.699999809265
    ));
#4830 = LINE('',#4831,#4832);
#4831 = CARTESIAN_POINT('',(-23.97500038147,0.15000000596,5.699999809265
    ));
#4832 = VECTOR('',#4833,1.);
#4833 = DIRECTION('',(-0.997859161512,6.539949377225E-02,0.));
#4834 = ORIENTED_EDGE('',*,*,#4835,.F.);
#4835 = EDGE_CURVE('',#4836,#4828,#4838,.T.);
#4836 = VERTEX_POINT('',#4837);
#4837 = CARTESIAN_POINT('',(-10.5,0.15000000596,5.699999809265));
#4838 = LINE('',#4839,#4840);
#4839 = CARTESIAN_POINT('',(-10.5,0.15000000596,5.699999809265));
#4840 = VECTOR('',#4841,1.);
#4841 = DIRECTION('',(-1.,0.,0.));
#4842 = ORIENTED_EDGE('',*,*,#4843,.T.);
#4843 = EDGE_CURVE('',#4836,#4844,#4846,.T.);
#4844 = VERTEX_POINT('',#4845);
#4845 = CARTESIAN_POINT('',(-10.5,1.350000023842,5.699999809265));
#4846 = LINE('',#4847,#4848);
#4847 = CARTESIAN_POINT('',(-10.5,0.15000000596,5.699999809265));
#4848 = VECTOR('',#4849,1.);
#4849 = DIRECTION('',(0.,1.,0.));
#4850 = ORIENTED_EDGE('',*,*,#4851,.T.);
#4851 = EDGE_CURVE('',#4844,#4852,#4854,.T.);
#4852 = VERTEX_POINT('',#4853);
#4853 = CARTESIAN_POINT('',(-23.97500038147,1.350000023842,
    5.699999809265));
#4854 = LINE('',#4855,#4856);
#4855 = CARTESIAN_POINT('',(-10.5,1.350000023842,5.699999809265));
#4856 = VECTOR('',#4857,1.);
#4857 = DIRECTION('',(-1.,0.,0.));
#4858 = ORIENTED_EDGE('',*,*,#4859,.T.);
#4859 = EDGE_CURVE('',#4852,#4860,#4862,.T.);
#4860 = VERTEX_POINT('',#4861);
#4861 = CARTESIAN_POINT('',(-24.11210060119,1.358979940414,
    5.699999809265));
#4862 = LINE('',#4863,#4864);
#4863 = CARTESIAN_POINT('',(-23.97500038147,1.350000023842,
    5.699999809265));
#4864 = VECTOR('',#4865,1.);
#4865 = DIRECTION('',(-0.997861822925,6.53588735211E-02,0.));
#4866 = ORIENTED_EDGE('',*,*,#4867,.T.);
#4867 = EDGE_CURVE('',#4860,#4868,#4870,.T.);
#4868 = VERTEX_POINT('',#4869);
#4869 = CARTESIAN_POINT('',(-24.24679946899,1.385779976845,
    5.699999809265));
#4870 = LINE('',#4871,#4872);
#4871 = CARTESIAN_POINT('',(-24.11210060119,1.358979940414,
    5.699999809265));
#4872 = VECTOR('',#4873,1.);
#4873 = DIRECTION('',(-0.980775853167,0.19513770995,0.));
#4874 = ORIENTED_EDGE('',*,*,#4875,.T.);
#4875 = EDGE_CURVE('',#4868,#4876,#4878,.T.);
#4876 = VERTEX_POINT('',#4877);
#4877 = CARTESIAN_POINT('',(-24.3768005371,1.429929971695,5.699999809265
    ));
#4878 = LINE('',#4879,#4880);
#4879 = CARTESIAN_POINT('',(-24.24679946899,1.385779976845,
    5.699999809265));
#4880 = VECTOR('',#4881,1.);
#4881 = DIRECTION('',(-0.946884496993,0.321573862984,0.));
#4882 = ORIENTED_EDGE('',*,*,#4883,.T.);
#4883 = EDGE_CURVE('',#4876,#4884,#4886,.T.);
#4884 = VERTEX_POINT('',#4885);
#4885 = CARTESIAN_POINT('',(-24.5,1.490669965744,5.699999809265));
#4886 = LINE('',#4887,#4888);
#4887 = CARTESIAN_POINT('',(-24.3768005371,1.429929971695,5.699999809265
    ));
#4888 = VECTOR('',#4889,1.);
#4889 = DIRECTION('',(-0.896916799186,0.442199338916,0.));
#4890 = ORIENTED_EDGE('',*,*,#4891,.T.);
#4891 = EDGE_CURVE('',#4884,#4892,#4894,.T.);
#4892 = VERTEX_POINT('',#4893);
#4893 = CARTESIAN_POINT('',(-24.61420059204,1.566980004311,
    5.699999809265));
#4894 = LINE('',#4895,#4896);
#4895 = CARTESIAN_POINT('',(-24.5,1.490669965744,5.699999809265));
#4896 = VECTOR('',#4897,1.);
#4897 = DIRECTION('',(-0.831457361433,0.555588567305,0.));
#4898 = ORIENTED_EDGE('',*,*,#4899,.T.);
#4899 = EDGE_CURVE('',#4892,#4900,#4902,.T.);
#4900 = VERTEX_POINT('',#4901);
#4901 = CARTESIAN_POINT('',(-24.71750068664,1.657539963722,
    5.699999809265));
#4902 = LINE('',#4903,#4904);
#4903 = CARTESIAN_POINT('',(-24.61420059204,1.566980004311,
    5.699999809265));
#4904 = VECTOR('',#4905,1.);
#4905 = DIRECTION('',(-0.751954518902,0.659214988833,0.));
#4906 = ORIENTED_EDGE('',*,*,#4907,.T.);
#4907 = EDGE_CURVE('',#4900,#4908,#4910,.T.);
#4908 = VERTEX_POINT('',#4909);
#4909 = CARTESIAN_POINT('',(-24.80800056457,1.760800004005,
    5.699999809265));
#4910 = LINE('',#4911,#4912);
#4911 = CARTESIAN_POINT('',(-24.71750068664,1.657539963722,
    5.699999809265));
#4912 = VECTOR('',#4913,1.);
#4913 = DIRECTION('',(-0.659112166176,0.752044647876,0.));
#4914 = ORIENTED_EDGE('',*,*,#4915,.T.);
#4915 = EDGE_CURVE('',#4908,#4916,#4918,.T.);
#4916 = VERTEX_POINT('',#4917);
#4917 = CARTESIAN_POINT('',(-24.88430023193,1.875,5.699999809265));
#4918 = LINE('',#4919,#4920);
#4919 = CARTESIAN_POINT('',(-24.80800056457,1.760800004005,
    5.699999809265));
#4920 = VECTOR('',#4921,1.);
#4921 = DIRECTION('',(-0.55553836743,0.831490903326,0.));
#4922 = ORIENTED_EDGE('',*,*,#4923,.T.);
#4923 = EDGE_CURVE('',#4916,#4924,#4926,.T.);
#4924 = VERTEX_POINT('',#4925);
#4925 = CARTESIAN_POINT('',(-24.9451007843,1.998180031776,5.699999809265
    ));
#4926 = LINE('',#4927,#4928);
#4927 = CARTESIAN_POINT('',(-24.88430023193,1.875,5.699999809265));
#4928 = VECTOR('',#4929,1.);
#4929 = DIRECTION('',(-0.442610038364,0.896714198583,0.));
#4930 = ORIENTED_EDGE('',*,*,#4931,.T.);
#4931 = EDGE_CURVE('',#4924,#4074,#4932,.T.);
#4932 = LINE('',#4933,#4934);
#4933 = CARTESIAN_POINT('',(-24.9451007843,1.998180031776,5.699999809265
    ));
#4934 = VECTOR('',#4935,1.);
#4935 = DIRECTION('',(-0.321115341958,0.947040092688,0.));
#4936 = PLANE('',#4937);
#4937 = AXIS2_PLACEMENT_3D('',#4938,#4939,#4940);
#4938 = CARTESIAN_POINT('',(9.204476864475E-17,20.160488562692,
    5.699999809265));
#4939 = DIRECTION('',(0.,0.,1.));
#4940 = DIRECTION('',(1.,0.,-0.));
#4941 = ADVANCED_FACE('',(#4942),#4958,.T.);
#4942 = FACE_BOUND('',#4943,.T.);
#4943 = EDGE_LOOP('',(#4944,#4950,#4951,#4957));
#4944 = ORIENTED_EDGE('',*,*,#4945,.T.);
#4945 = EDGE_CURVE('',#2462,#4540,#4946,.T.);
#4946 = LINE('',#4947,#4948);
#4947 = CARTESIAN_POINT('',(26.148300170898,33.932300567627,
    4.199999809265));
#4948 = VECTOR('',#4949,1.);
#4949 = DIRECTION('',(0.,0.,1.));
#4950 = ORIENTED_EDGE('',*,*,#4539,.T.);
#4951 = ORIENTED_EDGE('',*,*,#4952,.F.);
#4952 = EDGE_CURVE('',#2470,#4532,#4953,.T.);
#4953 = LINE('',#4954,#4955);
#4954 = CARTESIAN_POINT('',(26.205699920654,33.643699645996,
    4.199999809265));
#4955 = VECTOR('',#4956,1.);
#4956 = DIRECTION('',(0.,0.,1.));
#4957 = ORIENTED_EDGE('',*,*,#2469,.F.);
#4958 = PLANE('',#4959);
#4959 = AXIS2_PLACEMENT_3D('',#4960,#4961,#4962);
#4960 = CARTESIAN_POINT('',(26.177000045776,33.788000106812,
    4.949999809265));
#4961 = DIRECTION('',(0.980789534694,0.195068933032,0.));
#4962 = DIRECTION('',(-0.195068933032,0.980789534694,0.));
#4963 = ADVANCED_FACE('',(#4964),#4980,.T.);
#4964 = FACE_BOUND('',#4965,.T.);
#4965 = EDGE_LOOP('',(#4966,#4972,#4973,#4979));
#4966 = ORIENTED_EDGE('',*,*,#4967,.T.);
#4967 = EDGE_CURVE('',#2502,#4500,#4968,.T.);
#4968 = LINE('',#4969,#4970);
#4969 = CARTESIAN_POINT('',(26.148300170898,1.817659974098,
    4.199999809265));
#4970 = VECTOR('',#4971,1.);
#4971 = DIRECTION('',(0.,0.,1.));
#4972 = ORIENTED_EDGE('',*,*,#4499,.T.);
#4973 = ORIENTED_EDGE('',*,*,#4974,.F.);
#4974 = EDGE_CURVE('',#2510,#4492,#4975,.T.);
#4975 = LINE('',#4976,#4977);
#4976 = CARTESIAN_POINT('',(26.053699493408,1.538959980011,
    4.199999809265));
#4977 = VECTOR('',#4978,1.);
#4978 = DIRECTION('',(0.,0.,1.));
#4979 = ORIENTED_EDGE('',*,*,#2509,.F.);
#4980 = PLANE('',#4981);
#4981 = AXIS2_PLACEMENT_3D('',#4982,#4983,#4984);
#4982 = CARTESIAN_POINT('',(26.100999832153,1.678309977055,
    4.949999809265));
#4983 = DIRECTION('',(0.946935530368,-0.321423554406,0.));
#4984 = DIRECTION('',(0.321423554406,0.946935530368,0.));
#4985 = ADVANCED_FACE('',(#4986),#5002,.T.);
#4986 = FACE_BOUND('',#4987,.T.);
#4987 = EDGE_LOOP('',(#4988,#4989,#4995,#4996));
#4988 = ORIENTED_EDGE('',*,*,#4643,.T.);
#4989 = ORIENTED_EDGE('',*,*,#4990,.T.);
#4990 = EDGE_CURVE('',#4636,#2366,#4991,.T.);
#4991 = LINE('',#4992,#4993);
#4992 = CARTESIAN_POINT('',(-24.26869964599,35.580699920654,
    5.699999809265));
#4993 = VECTOR('',#4994,1.);
#4994 = DIRECTION('',(0.,0.,-1.));
#4995 = ORIENTED_EDGE('',*,*,#2365,.F.);
#4996 = ORIENTED_EDGE('',*,*,#4997,.F.);
#4997 = EDGE_CURVE('',#4644,#2358,#4998,.T.);
#4998 = LINE('',#4999,#5000);
#4999 = CARTESIAN_POINT('',(-24.55730056762,35.523300170898,
    5.699999809265));
#5000 = VECTOR('',#5001,1.);
#5001 = DIRECTION('',(0.,0.,-1.));
#5002 = PLANE('',#5003);
#5003 = AXIS2_PLACEMENT_3D('',#5004,#5005,#5006);
#5004 = CARTESIAN_POINT('',(-24.41300010681,35.552000045776,
    4.949999809265));
#5005 = DIRECTION('',(-0.195068933032,0.980789534694,0.));
#5006 = DIRECTION('',(0.980789534694,0.195068933032,0.));
#5007 = ADVANCED_FACE('',(#5008),#5024,.T.);
#5008 = FACE_BOUND('',#5009,.T.);
#5009 = EDGE_LOOP('',(#5010,#5011,#5017,#5018));
#5010 = ORIENTED_EDGE('',*,*,#4611,.T.);
#5011 = ORIENTED_EDGE('',*,*,#5012,.T.);
#5012 = EDGE_CURVE('',#4604,#2398,#5013,.T.);
#5013 = LINE('',#5014,#5015);
#5014 = CARTESIAN_POINT('',(24.557300567627,35.523300170898,
    5.699999809265));
#5015 = VECTOR('',#5016,1.);
#5016 = DIRECTION('',(0.,0.,-1.));
#5017 = ORIENTED_EDGE('',*,*,#2397,.F.);
#5018 = ORIENTED_EDGE('',*,*,#5019,.T.);
#5019 = EDGE_CURVE('',#2390,#4612,#5020,.T.);
#5020 = LINE('',#5021,#5022);
#5021 = CARTESIAN_POINT('',(24.268699645996,35.580699920654,
    4.199999809265));
#5022 = VECTOR('',#5023,1.);
#5023 = DIRECTION('',(0.,0.,1.));
#5024 = PLANE('',#5025);
#5025 = AXIS2_PLACEMENT_3D('',#5026,#5027,#5028);
#5026 = CARTESIAN_POINT('',(24.413000106812,35.552000045776,
    4.949999809265));
#5027 = DIRECTION('',(0.195068933032,0.980789534694,0.));
#5028 = DIRECTION('',(0.980789534694,-0.195068933032,0.));
#5029 = ADVANCED_FACE('',(#5030),#5046,.T.);
#5030 = FACE_BOUND('',#5031,.T.);
#5031 = EDGE_LOOP('',(#5032,#5038,#5039,#5045));
#5032 = ORIENTED_EDGE('',*,*,#5033,.T.);
#5033 = EDGE_CURVE('',#2446,#4556,#5034,.T.);
#5034 = LINE('',#5035,#5036);
#5035 = CARTESIAN_POINT('',(25.923599243164,34.474998474121,
    4.199999809265));
#5036 = VECTOR('',#5037,1.);
#5037 = DIRECTION('',(0.,0.,1.));
#5038 = ORIENTED_EDGE('',*,*,#4555,.T.);
#5039 = ORIENTED_EDGE('',*,*,#5040,.T.);
#5040 = EDGE_CURVE('',#4548,#2454,#5041,.T.);
#5041 = LINE('',#5042,#5043);
#5042 = CARTESIAN_POINT('',(26.053699493408,34.210998535156,
    5.699999809265));
#5043 = VECTOR('',#5044,1.);
#5044 = DIRECTION('',(0.,0.,-1.));
#5045 = ORIENTED_EDGE('',*,*,#2453,.F.);
#5046 = PLANE('',#5047);
#5047 = AXIS2_PLACEMENT_3D('',#5048,#5049,#5050);
#5048 = CARTESIAN_POINT('',(25.988649368286,34.342998504639,
    4.949999809265));
#5049 = DIRECTION('',(0.896994160006,0.442042392668,0.));
#5050 = DIRECTION('',(-0.442042392668,0.896994160006,0.));
#5051 = ADVANCED_FACE('',(#5052),#5068,.T.);
#5052 = FACE_BOUND('',#5053,.T.);
#5053 = EDGE_LOOP('',(#5054,#5055,#5061,#5062));
#5054 = ORIENTED_EDGE('',*,*,#4667,.T.);
#5055 = ORIENTED_EDGE('',*,*,#5056,.T.);
#5056 = EDGE_CURVE('',#4660,#2342,#5057,.T.);
#5057 = LINE('',#5058,#5059);
#5058 = CARTESIAN_POINT('',(-25.10000038147,35.298599243164,
    5.699999809265));
#5059 = VECTOR('',#5060,1.);
#5060 = DIRECTION('',(0.,0.,-1.));
#5061 = ORIENTED_EDGE('',*,*,#2341,.F.);
#5062 = ORIENTED_EDGE('',*,*,#5063,.T.);
#5063 = EDGE_CURVE('',#2334,#4668,#5064,.T.);
#5064 = LINE('',#5065,#5066);
#5065 = CARTESIAN_POINT('',(-25.34469985961,35.134998321533,
    4.199999809265));
#5066 = VECTOR('',#5067,1.);
#5067 = DIRECTION('',(0.,0.,1.));
#5068 = PLANE('',#5069);
#5069 = AXIS2_PLACEMENT_3D('',#5070,#5071,#5072);
#5070 = CARTESIAN_POINT('',(-25.22235012054,35.216798782349,
    4.949999809265));
#5071 = DIRECTION('',(-0.555800283881,0.831315851189,0.));
#5072 = DIRECTION('',(0.831315851189,0.555800283881,0.));
#5073 = ADVANCED_FACE('',(#5074),#5090,.T.);
#5074 = FACE_BOUND('',#5075,.T.);
#5075 = EDGE_LOOP('',(#5076,#5077,#5083,#5084));
#5076 = ORIENTED_EDGE('',*,*,#4443,.T.);
#5077 = ORIENTED_EDGE('',*,*,#5078,.T.);
#5078 = EDGE_CURVE('',#4436,#2566,#5079,.T.);
#5079 = LINE('',#5080,#5081);
#5080 = CARTESIAN_POINT('',(24.557300567627,0.226666003466,
    5.699999809265));
#5081 = VECTOR('',#5082,1.);
#5082 = DIRECTION('',(0.,0.,-1.));
#5083 = ORIENTED_EDGE('',*,*,#2565,.F.);
#5084 = ORIENTED_EDGE('',*,*,#5085,.T.);
#5085 = EDGE_CURVE('',#2558,#4444,#5086,.T.);
#5086 = LINE('',#5087,#5088);
#5087 = CARTESIAN_POINT('',(24.836000442505,0.321271002293,
    4.199999809265));
#5088 = VECTOR('',#5089,1.);
#5089 = DIRECTION('',(0.,0.,1.));
#5090 = PLANE('',#5091);
#5091 = AXIS2_PLACEMENT_3D('',#5092,#5093,#5094);
#5092 = CARTESIAN_POINT('',(24.696650505066,0.273968502879,
    4.949999809265));
#5093 = DIRECTION('',(0.321436843249,-0.946931019559,-0.));
#5094 = DIRECTION('',(-0.946931019559,-0.321436843249,0.));
#5095 = ADVANCED_FACE('',(#5096),#5107,.T.);
#5096 = FACE_BOUND('',#5097,.T.);
#5097 = EDGE_LOOP('',(#5098,#5099,#5100,#5106));
#5098 = ORIENTED_EDGE('',*,*,#4974,.T.);
#5099 = ORIENTED_EDGE('',*,*,#4491,.T.);
#5100 = ORIENTED_EDGE('',*,*,#5101,.T.);
#5101 = EDGE_CURVE('',#4484,#2518,#5102,.T.);
#5102 = LINE('',#5103,#5104);
#5103 = CARTESIAN_POINT('',(25.923599243164,1.274999976158,
    5.699999809265));
#5104 = VECTOR('',#5105,1.);
#5105 = DIRECTION('',(0.,0.,-1.));
#5106 = ORIENTED_EDGE('',*,*,#2517,.F.);
#5107 = PLANE('',#5108);
#5108 = AXIS2_PLACEMENT_3D('',#5109,#5110,#5111);
#5109 = CARTESIAN_POINT('',(25.988649368286,1.406979978085,
    4.949999809265));
#5110 = DIRECTION('',(0.896967641574,-0.442096199903,0.));
#5111 = DIRECTION('',(0.442096199903,0.896967641574,0.));
#5112 = ADVANCED_FACE('',(#5113),#5129,.T.);
#5113 = FACE_BOUND('',#5114,.T.);
#5114 = EDGE_LOOP('',(#5115,#5116,#5122,#5123));
#5115 = ORIENTED_EDGE('',*,*,#4803,.T.);
#5116 = ORIENTED_EDGE('',*,*,#5117,.T.);
#5117 = EDGE_CURVE('',#4796,#3070,#5118,.T.);
#5118 = LINE('',#5119,#5120);
#5119 = CARTESIAN_POINT('',(-25.10000038147,0.451442986727,
    5.699999809265));
#5120 = VECTOR('',#5121,1.);
#5121 = DIRECTION('',(0.,0.,-1.));
#5122 = ORIENTED_EDGE('',*,*,#3069,.F.);
#5123 = ORIENTED_EDGE('',*,*,#5124,.T.);
#5124 = EDGE_CURVE('',#3062,#4804,#5125,.T.);
#5125 = LINE('',#5126,#5127);
#5126 = CARTESIAN_POINT('',(-24.8360004425,0.321271002293,4.199999809265
    ));
#5127 = VECTOR('',#5128,1.);
#5128 = DIRECTION('',(0.,0.,1.));
#5129 = PLANE('',#5130);
#5130 = AXIS2_PLACEMENT_3D('',#5131,#5132,#5133);
#5131 = CARTESIAN_POINT('',(-24.96800041198,0.38635699451,4.949999809265
    ));
#5132 = DIRECTION('',(-0.442238467128,-0.896897507072,-0.));
#5133 = DIRECTION('',(-0.896897507072,0.442238467128,0.));
#5134 = ADVANCED_FACE('',(#5135),#5146,.T.);
#5135 = FACE_BOUND('',#5136,.T.);
#5136 = EDGE_LOOP('',(#5137,#5138,#5139,#5140));
#5137 = ORIENTED_EDGE('',*,*,#4651,.T.);
#5138 = ORIENTED_EDGE('',*,*,#4997,.T.);
#5139 = ORIENTED_EDGE('',*,*,#2357,.F.);
#5140 = ORIENTED_EDGE('',*,*,#5141,.T.);
#5141 = EDGE_CURVE('',#2350,#4652,#5142,.T.);
#5142 = LINE('',#5143,#5144);
#5143 = CARTESIAN_POINT('',(-24.8360004425,35.428699493408,
    4.199999809265));
#5144 = VECTOR('',#5145,1.);
#5145 = DIRECTION('',(0.,0.,1.));
#5146 = PLANE('',#5147);
#5147 = AXIS2_PLACEMENT_3D('',#5148,#5149,#5150);
#5148 = CARTESIAN_POINT('',(-24.69665050506,35.475999832153,
    4.949999809265));
#5149 = DIRECTION('',(-0.321423677686,0.946935488522,0.));
#5150 = DIRECTION('',(0.946935488522,0.321423677686,0.));
#5151 = ADVANCED_FACE('',(#5152),#5168,.T.);
#5152 = FACE_BOUND('',#5153,.T.);
#5153 = EDGE_LOOP('',(#5154,#5155,#5161,#5162));
#5154 = ORIENTED_EDGE('',*,*,#4587,.T.);
#5155 = ORIENTED_EDGE('',*,*,#5156,.T.);
#5156 = EDGE_CURVE('',#4580,#2422,#5157,.T.);
#5157 = LINE('',#5158,#5159);
#5158 = CARTESIAN_POINT('',(25.344699859619,35.134998321533,
    5.699999809265));
#5159 = VECTOR('',#5160,1.);
#5160 = DIRECTION('',(0.,0.,-1.));
#5161 = ORIENTED_EDGE('',*,*,#2421,.F.);
#5162 = ORIENTED_EDGE('',*,*,#5163,.T.);
#5163 = EDGE_CURVE('',#2414,#4588,#5164,.T.);
#5164 = LINE('',#5165,#5166);
#5165 = CARTESIAN_POINT('',(25.10000038147,35.298599243164,
    4.199999809265));
#5166 = VECTOR('',#5167,1.);
#5167 = DIRECTION('',(0.,0.,1.));
#5168 = PLANE('',#5169);
#5169 = AXIS2_PLACEMENT_3D('',#5170,#5171,#5172);
#5170 = CARTESIAN_POINT('',(25.222350120544,35.216798782349,
    4.949999809265));
#5171 = DIRECTION('',(0.555800283881,0.831315851189,0.));
#5172 = DIRECTION('',(0.831315851189,-0.555800283881,0.));
#5173 = ADVANCED_FACE('',(#5174),#5190,.T.);
#5174 = FACE_BOUND('',#5175,.T.);
#5175 = EDGE_LOOP('',(#5176,#5182,#5183,#5189));
#5176 = ORIENTED_EDGE('',*,*,#5177,.T.);
#5177 = EDGE_CURVE('',#2430,#4572,#5178,.T.);
#5178 = LINE('',#5179,#5180);
#5179 = CARTESIAN_POINT('',(25.565999984741,34.94100189209,
    4.199999809265));
#5180 = VECTOR('',#5181,1.);
#5181 = DIRECTION('',(0.,0.,1.));
#5182 = ORIENTED_EDGE('',*,*,#4571,.T.);
#5183 = ORIENTED_EDGE('',*,*,#5184,.T.);
#5184 = EDGE_CURVE('',#4564,#2438,#5185,.T.);
#5185 = LINE('',#5186,#5187);
#5186 = CARTESIAN_POINT('',(25.760000228882,34.719699859619,
    5.699999809265));
#5187 = VECTOR('',#5188,1.);
#5188 = DIRECTION('',(0.,0.,-1.));
#5189 = ORIENTED_EDGE('',*,*,#2437,.F.);
#5190 = PLANE('',#5191);
#5191 = AXIS2_PLACEMENT_3D('',#5192,#5193,#5194);
#5192 = CARTESIAN_POINT('',(25.663000106812,34.830350875854,
    4.949999809265));
#5193 = DIRECTION('',(0.751968533333,0.659199002485,0.));
#5194 = DIRECTION('',(-0.659199002485,0.751968533333,0.));
#5195 = ADVANCED_FACE('',(#5196),#5212,.T.);
#5196 = FACE_BOUND('',#5197,.T.);
#5197 = EDGE_LOOP('',(#5198,#5199,#5205,#5206));
#5198 = ORIENTED_EDGE('',*,*,#4787,.T.);
#5199 = ORIENTED_EDGE('',*,*,#5200,.T.);
#5200 = EDGE_CURVE('',#4780,#3086,#5201,.T.);
#5201 = LINE('',#5202,#5203);
#5202 = CARTESIAN_POINT('',(-25.56599998474,0.809010028839,
    5.699999809265));
#5203 = VECTOR('',#5204,1.);
#5204 = DIRECTION('',(0.,0.,-1.));
#5205 = ORIENTED_EDGE('',*,*,#3085,.F.);
#5206 = ORIENTED_EDGE('',*,*,#5207,.T.);
#5207 = EDGE_CURVE('',#3078,#4788,#5208,.T.);
#5208 = LINE('',#5209,#5210);
#5209 = CARTESIAN_POINT('',(-25.34469985961,0.61495500803,4.199999809265
    ));
#5210 = VECTOR('',#5211,1.);
#5211 = DIRECTION('',(0.,0.,1.));
#5212 = PLANE('',#5213);
#5213 = AXIS2_PLACEMENT_3D('',#5214,#5215,#5216);
#5214 = CARTESIAN_POINT('',(-25.45534992218,0.711982518435,
    4.949999809265));
#5215 = DIRECTION('',(-0.659307442357,-0.751873457739,-0.));
#5216 = DIRECTION('',(-0.751873457739,0.659307442357,0.));
#5217 = ADVANCED_FACE('',(#5218),#5234,.T.);
#5218 = FACE_BOUND('',#5219,.T.);
#5219 = EDGE_LOOP('',(#5220,#5221,#5227,#5228));
#5220 = ORIENTED_EDGE('',*,*,#4827,.T.);
#5221 = ORIENTED_EDGE('',*,*,#5222,.T.);
#5222 = EDGE_CURVE('',#4820,#3046,#5223,.T.);
#5223 = LINE('',#5224,#5225);
#5224 = CARTESIAN_POINT('',(-24.26869964599,0.169248998165,
    5.699999809265));
#5225 = VECTOR('',#5226,1.);
#5226 = DIRECTION('',(0.,0.,-1.));
#5227 = ORIENTED_EDGE('',*,*,#3045,.F.);
#5228 = ORIENTED_EDGE('',*,*,#5229,.F.);
#5229 = EDGE_CURVE('',#4828,#3038,#5230,.T.);
#5230 = LINE('',#5231,#5232);
#5231 = CARTESIAN_POINT('',(-23.97500038147,0.15000000596,5.699999809265
    ));
#5232 = VECTOR('',#5233,1.);
#5233 = DIRECTION('',(0.,0.,-1.));
#5234 = PLANE('',#5235);
#5235 = AXIS2_PLACEMENT_3D('',#5236,#5237,#5238);
#5236 = CARTESIAN_POINT('',(-24.12185001373,0.159624502063,
    4.949999809265));
#5237 = DIRECTION('',(-6.539949377225E-02,-0.997859161512,-0.));
#5238 = DIRECTION('',(-0.997859161512,6.539949377225E-02,0.));
#5239 = ADVANCED_FACE('',(#5240),#5256,.T.);
#5240 = FACE_BOUND('',#5241,.T.);
#5241 = EDGE_LOOP('',(#5242,#5243,#5249,#5250));
#5242 = ORIENTED_EDGE('',*,*,#4419,.T.);
#5243 = ORIENTED_EDGE('',*,*,#5244,.T.);
#5244 = EDGE_CURVE('',#4412,#2590,#5245,.T.);
#5245 = LINE('',#5246,#5247);
#5246 = CARTESIAN_POINT('',(10.5,0.15000000596,5.699999809265));
#5247 = VECTOR('',#5248,1.);
#5248 = DIRECTION('',(0.,0.,-1.));
#5249 = ORIENTED_EDGE('',*,*,#2589,.F.);
#5250 = ORIENTED_EDGE('',*,*,#5251,.T.);
#5251 = EDGE_CURVE('',#2582,#4420,#5252,.T.);
#5252 = LINE('',#5253,#5254);
#5253 = CARTESIAN_POINT('',(23.97500038147,0.15000000596,4.199999809265)
  );
#5254 = VECTOR('',#5255,1.);
#5255 = DIRECTION('',(0.,0.,1.));
#5256 = PLANE('',#5257);
#5257 = AXIS2_PLACEMENT_3D('',#5258,#5259,#5260);
#5258 = CARTESIAN_POINT('',(17.237500190735,0.15000000596,4.949999809265
    ));
#5259 = DIRECTION('',(-0.,-1.,-0.));
#5260 = DIRECTION('',(0.,0.,-1.));
#5261 = ADVANCED_FACE('',(#5262),#5273,.T.);
#5262 = FACE_BOUND('',#5263,.T.);
#5263 = EDGE_LOOP('',(#5264,#5265,#5266,#5267));
#5264 = ORIENTED_EDGE('',*,*,#4835,.T.);
#5265 = ORIENTED_EDGE('',*,*,#5229,.T.);
#5266 = ORIENTED_EDGE('',*,*,#3037,.F.);
#5267 = ORIENTED_EDGE('',*,*,#5268,.T.);
#5268 = EDGE_CURVE('',#3030,#4836,#5269,.T.);
#5269 = LINE('',#5270,#5271);
#5270 = CARTESIAN_POINT('',(-10.5,0.15000000596,4.199999809265));
#5271 = VECTOR('',#5272,1.);
#5272 = DIRECTION('',(0.,0.,1.));
#5273 = PLANE('',#5274);
#5274 = AXIS2_PLACEMENT_3D('',#5275,#5276,#5277);
#5275 = CARTESIAN_POINT('',(-17.23750019073,0.15000000596,4.949999809265
    ));
#5276 = DIRECTION('',(-0.,-1.,-0.));
#5277 = DIRECTION('',(0.,0.,-1.));
#5278 = ADVANCED_FACE('',(#5279),#5295,.T.);
#5279 = FACE_BOUND('',#5280,.T.);
#5280 = EDGE_LOOP('',(#5281,#5282,#5288,#5289));
#5281 = ORIENTED_EDGE('',*,*,#4459,.T.);
#5282 = ORIENTED_EDGE('',*,*,#5283,.T.);
#5283 = EDGE_CURVE('',#4452,#2550,#5284,.T.);
#5284 = LINE('',#5285,#5286);
#5285 = CARTESIAN_POINT('',(25.10000038147,0.451442986727,5.699999809265
    ));
#5286 = VECTOR('',#5287,1.);
#5287 = DIRECTION('',(0.,0.,-1.));
#5288 = ORIENTED_EDGE('',*,*,#2549,.F.);
#5289 = ORIENTED_EDGE('',*,*,#5290,.T.);
#5290 = EDGE_CURVE('',#2542,#4460,#5291,.T.);
#5291 = LINE('',#5292,#5293);
#5292 = CARTESIAN_POINT('',(25.344699859619,0.61495500803,4.199999809265
    ));
#5293 = VECTOR('',#5294,1.);
#5294 = DIRECTION('',(0.,0.,1.));
#5295 = PLANE('',#5296);
#5296 = AXIS2_PLACEMENT_3D('',#5297,#5298,#5299);
#5297 = CARTESIAN_POINT('',(25.222350120544,0.533198997378,
    4.949999809265));
#5298 = DIRECTION('',(0.555591509188,-0.831455395628,-0.));
#5299 = DIRECTION('',(-0.831455395628,-0.555591509188,0.));
#5300 = ADVANCED_FACE('',(#5301),#5317,.T.);
#5301 = FACE_BOUND('',#5302,.T.);
#5302 = EDGE_LOOP('',(#5303,#5304,#5310,#5311));
#5303 = ORIENTED_EDGE('',*,*,#4627,.T.);
#5304 = ORIENTED_EDGE('',*,*,#5305,.T.);
#5305 = EDGE_CURVE('',#4620,#2382,#5306,.T.);
#5306 = LINE('',#5307,#5308);
#5307 = CARTESIAN_POINT('',(23.97500038147,35.599998474121,
    5.699999809265));
#5308 = VECTOR('',#5309,1.);
#5309 = DIRECTION('',(0.,0.,-1.));
#5310 = ORIENTED_EDGE('',*,*,#2381,.F.);
#5311 = ORIENTED_EDGE('',*,*,#5312,.T.);
#5312 = EDGE_CURVE('',#2374,#4628,#5313,.T.);
#5313 = LINE('',#5314,#5315);
#5314 = CARTESIAN_POINT('',(-23.97500038147,35.599998474121,
    4.199999809265));
#5315 = VECTOR('',#5316,1.);
#5316 = DIRECTION('',(0.,0.,1.));
#5317 = PLANE('',#5318);
#5318 = AXIS2_PLACEMENT_3D('',#5319,#5320,#5321);
#5319 = CARTESIAN_POINT('',(0.,35.599998474121,4.949999809265));
#5320 = DIRECTION('',(0.,1.,0.));
#5321 = DIRECTION('',(0.,-0.,1.));
#5322 = ADVANCED_FACE('',(#5323),#5334,.T.);
#5323 = FACE_BOUND('',#5324,.T.);
#5324 = EDGE_LOOP('',(#5325,#5326,#5327,#5333));
#5325 = ORIENTED_EDGE('',*,*,#4952,.T.);
#5326 = ORIENTED_EDGE('',*,*,#4531,.T.);
#5327 = ORIENTED_EDGE('',*,*,#5328,.T.);
#5328 = EDGE_CURVE('',#4524,#2478,#5329,.T.);
#5329 = LINE('',#5330,#5331);
#5330 = CARTESIAN_POINT('',(26.22500038147,33.349998474121,
    5.699999809265));
#5331 = VECTOR('',#5332,1.);
#5332 = DIRECTION('',(0.,0.,-1.));
#5333 = ORIENTED_EDGE('',*,*,#2477,.F.);
#5334 = PLANE('',#5335);
#5335 = AXIS2_PLACEMENT_3D('',#5336,#5337,#5338);
#5336 = CARTESIAN_POINT('',(26.215350151062,33.496849060059,
    4.949999809265));
#5337 = DIRECTION('',(0.99784776256,6.55731862359E-02,0.));
#5338 = DIRECTION('',(-6.55731862359E-02,0.99784776256,0.));
#5339 = ADVANCED_FACE('',(#5340),#5365,.T.);
#5340 = FACE_BOUND('',#5341,.T.);
#5341 = EDGE_LOOP('',(#5342,#5352,#5358,#5359));
#5342 = ORIENTED_EDGE('',*,*,#5343,.T.);
#5343 = EDGE_CURVE('',#5344,#5346,#5348,.T.);
#5344 = VERTEX_POINT('',#5345);
#5345 = CARTESIAN_POINT('',(-2.5,2.,5.699999809265));
#5346 = VERTEX_POINT('',#5347);
#5347 = CARTESIAN_POINT('',(-4.5,2.,5.699999809265));
#5348 = LINE('',#5349,#5350);
#5349 = CARTESIAN_POINT('',(-2.5,2.,5.699999809265));
#5350 = VECTOR('',#5351,1.);
#5351 = DIRECTION('',(-1.,0.,0.));
#5352 = ORIENTED_EDGE('',*,*,#5353,.T.);
#5353 = EDGE_CURVE('',#5346,#3126,#5354,.T.);
#5354 = LINE('',#5355,#5356);
#5355 = CARTESIAN_POINT('',(-4.5,2.,5.699999809265));
#5356 = VECTOR('',#5357,1.);
#5357 = DIRECTION('',(0.,0.,-1.));
#5358 = ORIENTED_EDGE('',*,*,#3151,.F.);
#5359 = ORIENTED_EDGE('',*,*,#5360,.F.);
#5360 = EDGE_CURVE('',#5344,#3144,#5361,.T.);
#5361 = LINE('',#5362,#5363);
#5362 = CARTESIAN_POINT('',(-2.5,2.,5.699999809265));
#5363 = VECTOR('',#5364,1.);
#5364 = DIRECTION('',(0.,0.,-1.));
#5365 = PLANE('',#5366);
#5366 = AXIS2_PLACEMENT_3D('',#5367,#5368,#5369);
#5367 = CARTESIAN_POINT('',(-3.5,2.,4.949999809265));
#5368 = DIRECTION('',(-0.,-1.,-0.));
#5369 = DIRECTION('',(0.,0.,-1.));
#5370 = ADVANCED_FACE('',(#5371),#5389,.T.);
#5371 = FACE_BOUND('',#5372,.T.);
#5372 = EDGE_LOOP('',(#5373,#5381,#5387,#5388));
#5373 = ORIENTED_EDGE('',*,*,#5374,.T.);
#5374 = EDGE_CURVE('',#3136,#5375,#5377,.T.);
#5375 = VERTEX_POINT('',#5376);
#5376 = CARTESIAN_POINT('',(-2.5,20.,5.699999809265));
#5377 = LINE('',#5378,#5379);
#5378 = CARTESIAN_POINT('',(-2.5,20.,4.199999809265));
#5379 = VECTOR('',#5380,1.);
#5380 = DIRECTION('',(0.,0.,1.));
#5381 = ORIENTED_EDGE('',*,*,#5382,.T.);
#5382 = EDGE_CURVE('',#5375,#5344,#5383,.T.);
#5383 = LINE('',#5384,#5385);
#5384 = CARTESIAN_POINT('',(-2.5,20.,5.699999809265));
#5385 = VECTOR('',#5386,1.);
#5386 = DIRECTION('',(0.,-1.,0.));
#5387 = ORIENTED_EDGE('',*,*,#5360,.T.);
#5388 = ORIENTED_EDGE('',*,*,#3143,.F.);
#5389 = PLANE('',#5390);
#5390 = AXIS2_PLACEMENT_3D('',#5391,#5392,#5393);
#5391 = CARTESIAN_POINT('',(-2.5,11.,4.949999809265));
#5392 = DIRECTION('',(1.,0.,0.));
#5393 = DIRECTION('',(-0.,0.,1.));
#5394 = ADVANCED_FACE('',(#5395),#5413,.T.);
#5395 = FACE_BOUND('',#5396,.T.);
#5396 = EDGE_LOOP('',(#5397,#5398,#5406,#5412));
#5397 = ORIENTED_EDGE('',*,*,#5382,.F.);
#5398 = ORIENTED_EDGE('',*,*,#5399,.F.);
#5399 = EDGE_CURVE('',#5400,#5375,#5402,.T.);
#5400 = VERTEX_POINT('',#5401);
#5401 = CARTESIAN_POINT('',(-4.5,20.,5.699999809265));
#5402 = LINE('',#5403,#5404);
#5403 = CARTESIAN_POINT('',(-4.5,20.,5.699999809265));
#5404 = VECTOR('',#5405,1.);
#5405 = DIRECTION('',(1.,0.,0.));
#5406 = ORIENTED_EDGE('',*,*,#5407,.F.);
#5407 = EDGE_CURVE('',#5346,#5400,#5408,.T.);
#5408 = LINE('',#5409,#5410);
#5409 = CARTESIAN_POINT('',(-4.5,2.,5.699999809265));
#5410 = VECTOR('',#5411,1.);
#5411 = DIRECTION('',(0.,1.,0.));
#5412 = ORIENTED_EDGE('',*,*,#5343,.F.);
#5413 = PLANE('',#5414);
#5414 = AXIS2_PLACEMENT_3D('',#5415,#5416,#5417);
#5415 = CARTESIAN_POINT('',(-3.5,11.,5.699999809265));
#5416 = DIRECTION('',(0.,0.,1.));
#5417 = DIRECTION('',(1.,0.,-0.));
#5418 = ADVANCED_FACE('',(#5419),#5444,.T.);
#5419 = FACE_BOUND('',#5420,.T.);
#5420 = EDGE_LOOP('',(#5421,#5431,#5437,#5438));
#5421 = ORIENTED_EDGE('',*,*,#5422,.T.);
#5422 = EDGE_CURVE('',#5423,#5425,#5427,.T.);
#5423 = VERTEX_POINT('',#5424);
#5424 = CARTESIAN_POINT('',(4.5,2.,5.699999809265));
#5425 = VERTEX_POINT('',#5426);
#5426 = CARTESIAN_POINT('',(2.5,2.,5.699999809265));
#5427 = LINE('',#5428,#5429);
#5428 = CARTESIAN_POINT('',(4.5,2.,5.699999809265));
#5429 = VECTOR('',#5430,1.);
#5430 = DIRECTION('',(-1.,0.,0.));
#5431 = ORIENTED_EDGE('',*,*,#5432,.T.);
#5432 = EDGE_CURVE('',#5425,#3160,#5433,.T.);
#5433 = LINE('',#5434,#5435);
#5434 = CARTESIAN_POINT('',(2.5,2.,5.699999809265));
#5435 = VECTOR('',#5436,1.);
#5436 = DIRECTION('',(0.,0.,-1.));
#5437 = ORIENTED_EDGE('',*,*,#3185,.F.);
#5438 = ORIENTED_EDGE('',*,*,#5439,.F.);
#5439 = EDGE_CURVE('',#5423,#3178,#5440,.T.);
#5440 = LINE('',#5441,#5442);
#5441 = CARTESIAN_POINT('',(4.5,2.,5.699999809265));
#5442 = VECTOR('',#5443,1.);
#5443 = DIRECTION('',(0.,0.,-1.));
#5444 = PLANE('',#5445);
#5445 = AXIS2_PLACEMENT_3D('',#5446,#5447,#5448);
#5446 = CARTESIAN_POINT('',(3.5,2.,4.949999809265));
#5447 = DIRECTION('',(-0.,-1.,-0.));
#5448 = DIRECTION('',(0.,0.,-1.));
#5449 = ADVANCED_FACE('',(#5450),#5468,.T.);
#5450 = FACE_BOUND('',#5451,.T.);
#5451 = EDGE_LOOP('',(#5452,#5460,#5466,#5467));
#5452 = ORIENTED_EDGE('',*,*,#5453,.T.);
#5453 = EDGE_CURVE('',#3170,#5454,#5456,.T.);
#5454 = VERTEX_POINT('',#5455);
#5455 = CARTESIAN_POINT('',(4.5,20.,5.699999809265));
#5456 = LINE('',#5457,#5458);
#5457 = CARTESIAN_POINT('',(4.5,20.,4.199999809265));
#5458 = VECTOR('',#5459,1.);
#5459 = DIRECTION('',(0.,0.,1.));
#5460 = ORIENTED_EDGE('',*,*,#5461,.T.);
#5461 = EDGE_CURVE('',#5454,#5423,#5462,.T.);
#5462 = LINE('',#5463,#5464);
#5463 = CARTESIAN_POINT('',(4.5,20.,5.699999809265));
#5464 = VECTOR('',#5465,1.);
#5465 = DIRECTION('',(0.,-1.,0.));
#5466 = ORIENTED_EDGE('',*,*,#5439,.T.);
#5467 = ORIENTED_EDGE('',*,*,#3177,.F.);
#5468 = PLANE('',#5469);
#5469 = AXIS2_PLACEMENT_3D('',#5470,#5471,#5472);
#5470 = CARTESIAN_POINT('',(4.5,11.,4.949999809265));
#5471 = DIRECTION('',(1.,0.,0.));
#5472 = DIRECTION('',(-0.,0.,1.));
#5473 = ADVANCED_FACE('',(#5474),#5492,.T.);
#5474 = FACE_BOUND('',#5475,.T.);
#5475 = EDGE_LOOP('',(#5476,#5477,#5485,#5491));
#5476 = ORIENTED_EDGE('',*,*,#5461,.F.);
#5477 = ORIENTED_EDGE('',*,*,#5478,.F.);
#5478 = EDGE_CURVE('',#5479,#5454,#5481,.T.);
#5479 = VERTEX_POINT('',#5480);
#5480 = CARTESIAN_POINT('',(2.5,20.,5.699999809265));
#5481 = LINE('',#5482,#5483);
#5482 = CARTESIAN_POINT('',(2.5,20.,5.699999809265));
#5483 = VECTOR('',#5484,1.);
#5484 = DIRECTION('',(1.,0.,0.));
#5485 = ORIENTED_EDGE('',*,*,#5486,.F.);
#5486 = EDGE_CURVE('',#5425,#5479,#5487,.T.);
#5487 = LINE('',#5488,#5489);
#5488 = CARTESIAN_POINT('',(2.5,2.,5.699999809265));
#5489 = VECTOR('',#5490,1.);
#5490 = DIRECTION('',(0.,1.,0.));
#5491 = ORIENTED_EDGE('',*,*,#5422,.F.);
#5492 = PLANE('',#5493);
#5493 = AXIS2_PLACEMENT_3D('',#5494,#5495,#5496);
#5494 = CARTESIAN_POINT('',(3.5,11.,5.699999809265));
#5495 = DIRECTION('',(0.,0.,1.));
#5496 = DIRECTION('',(1.,0.,-0.));
#5497 = ADVANCED_FACE('',(#5498),#5523,.T.);
#5498 = FACE_BOUND('',#5499,.T.);
#5499 = EDGE_LOOP('',(#5500,#5510,#5516,#5517));
#5500 = ORIENTED_EDGE('',*,*,#5501,.T.);
#5501 = EDGE_CURVE('',#5502,#5504,#5506,.T.);
#5502 = VERTEX_POINT('',#5503);
#5503 = CARTESIAN_POINT('',(-9.300000190735,12.,9.199999809265));
#5504 = VERTEX_POINT('',#5505);
#5505 = CARTESIAN_POINT('',(-10.80000019073,12.,9.199999809265));
#5506 = LINE('',#5507,#5508);
#5507 = CARTESIAN_POINT('',(-9.300000190735,12.,9.199999809265));
#5508 = VECTOR('',#5509,1.);
#5509 = DIRECTION('',(-1.,0.,0.));
#5510 = ORIENTED_EDGE('',*,*,#5511,.T.);
#5511 = EDGE_CURVE('',#5504,#3204,#5512,.T.);
#5512 = LINE('',#5513,#5514);
#5513 = CARTESIAN_POINT('',(-10.80000019073,12.,9.199999809265));
#5514 = VECTOR('',#5515,1.);
#5515 = DIRECTION('',(0.,0.,-1.));
#5516 = ORIENTED_EDGE('',*,*,#3203,.F.);
#5517 = ORIENTED_EDGE('',*,*,#5518,.F.);
#5518 = EDGE_CURVE('',#5502,#3196,#5519,.T.);
#5519 = LINE('',#5520,#5521);
#5520 = CARTESIAN_POINT('',(-9.300000190735,12.,9.199999809265));
#5521 = VECTOR('',#5522,1.);
#5522 = DIRECTION('',(0.,0.,-1.));
#5523 = PLANE('',#5524);
#5524 = AXIS2_PLACEMENT_3D('',#5525,#5526,#5527);
#5525 = CARTESIAN_POINT('',(-10.05000019073,12.,6.699999809265));
#5526 = DIRECTION('',(-0.,-1.,-0.));
#5527 = DIRECTION('',(0.,0.,-1.));
#5528 = ADVANCED_FACE('',(#5529),#5547,.T.);
#5529 = FACE_BOUND('',#5530,.T.);
#5530 = EDGE_LOOP('',(#5531,#5539,#5545,#5546));
#5531 = ORIENTED_EDGE('',*,*,#5532,.T.);
#5532 = EDGE_CURVE('',#3194,#5533,#5535,.T.);
#5533 = VERTEX_POINT('',#5534);
#5534 = CARTESIAN_POINT('',(-9.300000190735,24.700000762939,
    9.199999809265));
#5535 = LINE('',#5536,#5537);
#5536 = CARTESIAN_POINT('',(-9.300000190735,24.700000762939,
    4.199999809265));
#5537 = VECTOR('',#5538,1.);
#5538 = DIRECTION('',(0.,0.,1.));
#5539 = ORIENTED_EDGE('',*,*,#5540,.T.);
#5540 = EDGE_CURVE('',#5533,#5502,#5541,.T.);
#5541 = LINE('',#5542,#5543);
#5542 = CARTESIAN_POINT('',(-9.300000190735,24.700000762939,
    9.199999809265));
#5543 = VECTOR('',#5544,1.);
#5544 = DIRECTION('',(0.,-1.,0.));
#5545 = ORIENTED_EDGE('',*,*,#5518,.T.);
#5546 = ORIENTED_EDGE('',*,*,#3193,.F.);
#5547 = PLANE('',#5548);
#5548 = AXIS2_PLACEMENT_3D('',#5549,#5550,#5551);
#5549 = CARTESIAN_POINT('',(-9.300000190735,18.35000038147,
    6.699999809265));
#5550 = DIRECTION('',(1.,0.,0.));
#5551 = DIRECTION('',(-0.,0.,1.));
#5552 = ADVANCED_FACE('',(#5553),#5578,.T.);
#5553 = FACE_BOUND('',#5554,.T.);
#5554 = EDGE_LOOP('',(#5555,#5565,#5571,#5572));
#5555 = ORIENTED_EDGE('',*,*,#5556,.T.);
#5556 = EDGE_CURVE('',#5557,#5559,#5561,.T.);
#5557 = VERTEX_POINT('',#5558);
#5558 = CARTESIAN_POINT('',(10.800000190735,12.,9.199999809265));
#5559 = VERTEX_POINT('',#5560);
#5560 = CARTESIAN_POINT('',(9.300000190735,12.,9.199999809265));
#5561 = LINE('',#5562,#5563);
#5562 = CARTESIAN_POINT('',(10.800000190735,12.,9.199999809265));
#5563 = VECTOR('',#5564,1.);
#5564 = DIRECTION('',(-1.,0.,0.));
#5565 = ORIENTED_EDGE('',*,*,#5566,.T.);
#5566 = EDGE_CURVE('',#5559,#3230,#5567,.T.);
#5567 = LINE('',#5568,#5569);
#5568 = CARTESIAN_POINT('',(9.300000190735,12.,9.199999809265));
#5569 = VECTOR('',#5570,1.);
#5570 = DIRECTION('',(0.,0.,-1.));
#5571 = ORIENTED_EDGE('',*,*,#3227,.F.);
#5572 = ORIENTED_EDGE('',*,*,#5573,.F.);
#5573 = EDGE_CURVE('',#5557,#3228,#5574,.T.);
#5574 = LINE('',#5575,#5576);
#5575 = CARTESIAN_POINT('',(10.800000190735,12.,9.199999809265));
#5576 = VECTOR('',#5577,1.);
#5577 = DIRECTION('',(0.,0.,-1.));
#5578 = PLANE('',#5579);
#5579 = AXIS2_PLACEMENT_3D('',#5580,#5581,#5582);
#5580 = CARTESIAN_POINT('',(10.050000190735,12.,6.699999809265));
#5581 = DIRECTION('',(-0.,-1.,-0.));
#5582 = DIRECTION('',(0.,0.,-1.));
#5583 = ADVANCED_FACE('',(#5584),#5602,.T.);
#5584 = FACE_BOUND('',#5585,.T.);
#5585 = EDGE_LOOP('',(#5586,#5594,#5600,#5601));
#5586 = ORIENTED_EDGE('',*,*,#5587,.T.);
#5587 = EDGE_CURVE('',#3246,#5588,#5590,.T.);
#5588 = VERTEX_POINT('',#5589);
#5589 = CARTESIAN_POINT('',(10.800000190735,24.700000762939,
    9.199999809265));
#5590 = LINE('',#5591,#5592);
#5591 = CARTESIAN_POINT('',(10.800000190735,24.700000762939,
    4.199999809265));
#5592 = VECTOR('',#5593,1.);
#5593 = DIRECTION('',(0.,0.,1.));
#5594 = ORIENTED_EDGE('',*,*,#5595,.T.);
#5595 = EDGE_CURVE('',#5588,#5557,#5596,.T.);
#5596 = LINE('',#5597,#5598);
#5597 = CARTESIAN_POINT('',(10.800000190735,24.700000762939,
    9.199999809265));
#5598 = VECTOR('',#5599,1.);
#5599 = DIRECTION('',(0.,-1.,0.));
#5600 = ORIENTED_EDGE('',*,*,#5573,.T.);
#5601 = ORIENTED_EDGE('',*,*,#3253,.F.);
#5602 = PLANE('',#5603);
#5603 = AXIS2_PLACEMENT_3D('',#5604,#5605,#5606);
#5604 = CARTESIAN_POINT('',(10.800000190735,18.35000038147,
    6.699999809265));
#5605 = DIRECTION('',(1.,0.,0.));
#5606 = DIRECTION('',(-0.,0.,1.));
#5607 = ADVANCED_FACE('',(#5608),#5657,.T.);
#5608 = FACE_BOUND('',#5609,.T.);
#5609 = EDGE_LOOP('',(#5610,#5620,#5628,#5636,#5644,#5650,#5651));
#5610 = ORIENTED_EDGE('',*,*,#5611,.T.);
#5611 = EDGE_CURVE('',#5612,#5614,#5616,.T.);
#5612 = VERTEX_POINT('',#5613);
#5613 = CARTESIAN_POINT('',(-6.,23.5,6.75));
#5614 = VERTEX_POINT('',#5615);
#5615 = CARTESIAN_POINT('',(-6.,22.200000762939,6.75));
#5616 = LINE('',#5617,#5618);
#5617 = CARTESIAN_POINT('',(-6.,23.5,6.75));
#5618 = VECTOR('',#5619,1.);
#5619 = DIRECTION('',(0.,-1.,0.));
#5620 = ORIENTED_EDGE('',*,*,#5621,.T.);
#5621 = EDGE_CURVE('',#5614,#5622,#5624,.T.);
#5622 = VERTEX_POINT('',#5623);
#5623 = CARTESIAN_POINT('',(-6.,22.200000762939,7.5));
#5624 = LINE('',#5625,#5626);
#5625 = CARTESIAN_POINT('',(-6.,22.200000762939,6.75));
#5626 = VECTOR('',#5627,1.);
#5627 = DIRECTION('',(0.,0.,1.));
#5628 = ORIENTED_EDGE('',*,*,#5629,.T.);
#5629 = EDGE_CURVE('',#5622,#5630,#5632,.T.);
#5630 = VERTEX_POINT('',#5631);
#5631 = CARTESIAN_POINT('',(-6.,23.5,8.199999809265));
#5632 = LINE('',#5633,#5634);
#5633 = CARTESIAN_POINT('',(-6.,22.200000762939,7.5));
#5634 = VECTOR('',#5635,1.);
#5635 = DIRECTION('',(0.,0.880471037701,0.474099938588));
#5636 = ORIENTED_EDGE('',*,*,#5637,.T.);
#5637 = EDGE_CURVE('',#5630,#5638,#5640,.T.);
#5638 = VERTEX_POINT('',#5639);
#5639 = CARTESIAN_POINT('',(-6.,25.,8.199999809265));
#5640 = LINE('',#5641,#5642);
#5641 = CARTESIAN_POINT('',(-6.,23.5,8.199999809265));
#5642 = VECTOR('',#5643,1.);
#5643 = DIRECTION('',(0.,1.,0.));
#5644 = ORIENTED_EDGE('',*,*,#5645,.F.);
#5645 = EDGE_CURVE('',#3272,#5638,#5646,.T.);
#5646 = LINE('',#5647,#5648);
#5647 = CARTESIAN_POINT('',(-6.,25.,4.199999809265));
#5648 = VECTOR('',#5649,1.);
#5649 = DIRECTION('',(0.,0.,1.));
#5650 = ORIENTED_EDGE('',*,*,#3271,.F.);
#5651 = ORIENTED_EDGE('',*,*,#5652,.F.);
#5652 = EDGE_CURVE('',#5612,#3264,#5653,.T.);
#5653 = LINE('',#5654,#5655);
#5654 = CARTESIAN_POINT('',(-6.,23.5,6.75));
#5655 = VECTOR('',#5656,1.);
#5656 = DIRECTION('',(0.,0.,-1.));
#5657 = PLANE('',#5658);
#5658 = AXIS2_PLACEMENT_3D('',#5659,#5660,#5661);
#5659 = CARTESIAN_POINT('',(-6.,23.918330370045,6.352655158115));
#5660 = DIRECTION('',(-1.,-0.,-0.));
#5661 = DIRECTION('',(0.,0.,-1.));
#5662 = ADVANCED_FACE('',(#5663),#5688,.T.);
#5663 = FACE_BOUND('',#5664,.T.);
#5664 = EDGE_LOOP('',(#5665,#5673,#5681,#5687));
#5665 = ORIENTED_EDGE('',*,*,#5666,.T.);
#5666 = EDGE_CURVE('',#3280,#5667,#5669,.T.);
#5667 = VERTEX_POINT('',#5668);
#5668 = CARTESIAN_POINT('',(6.,25.,8.199999809265));
#5669 = LINE('',#5670,#5671);
#5670 = CARTESIAN_POINT('',(6.,25.,4.199999809265));
#5671 = VECTOR('',#5672,1.);
#5672 = DIRECTION('',(0.,0.,1.));
#5673 = ORIENTED_EDGE('',*,*,#5674,.T.);
#5674 = EDGE_CURVE('',#5667,#5675,#5677,.T.);
#5675 = VERTEX_POINT('',#5676);
#5676 = CARTESIAN_POINT('',(6.,23.5,8.199999809265));
#5677 = LINE('',#5678,#5679);
#5678 = CARTESIAN_POINT('',(6.,25.,8.199999809265));
#5679 = VECTOR('',#5680,1.);
#5680 = DIRECTION('',(0.,-1.,0.));
#5681 = ORIENTED_EDGE('',*,*,#5682,.T.);
#5682 = EDGE_CURVE('',#5675,#3262,#5683,.T.);
#5683 = LINE('',#5684,#5685);
#5684 = CARTESIAN_POINT('',(6.,23.5,8.199999809265));
#5685 = VECTOR('',#5686,1.);
#5686 = DIRECTION('',(0.,0.,-1.));
#5687 = ORIENTED_EDGE('',*,*,#3287,.F.);
#5688 = PLANE('',#5689);
#5689 = AXIS2_PLACEMENT_3D('',#5690,#5691,#5692);
#5690 = CARTESIAN_POINT('',(6.,24.25,6.199999809265));
#5691 = DIRECTION('',(1.,0.,0.));
#5692 = DIRECTION('',(-0.,0.,1.));
#5693 = ADVANCED_FACE('',(#5694),#5720,.T.);
#5694 = FACE_BOUND('',#5695,.T.);
#5695 = EDGE_LOOP('',(#5696,#5706,#5714));
#5696 = ORIENTED_EDGE('',*,*,#5697,.T.);
#5697 = EDGE_CURVE('',#5698,#5700,#5702,.T.);
#5698 = VERTEX_POINT('',#5699);
#5699 = CARTESIAN_POINT('',(20.403600692749,7.896719932556,
    1.907349940211E-07));
#5700 = VERTEX_POINT('',#5701);
#5701 = CARTESIAN_POINT('',(20.950000762939,6.95263004303,1.200000047684
    ));
#5702 = LINE('',#5703,#5704);
#5703 = CARTESIAN_POINT('',(20.403600692749,7.896719932556,
    1.907349940211E-07));
#5704 = VECTOR('',#5705,1.);
#5705 = DIRECTION('',(0.336933786577,-0.582166435734,0.739971529566));
#5706 = ORIENTED_EDGE('',*,*,#5707,.F.);
#5707 = EDGE_CURVE('',#5708,#5700,#5710,.T.);
#5708 = VERTEX_POINT('',#5709);
#5709 = CARTESIAN_POINT('',(20.830400466919,6.872690200806,
    1.200000047684));
#5710 = LINE('',#5711,#5712);
#5711 = CARTESIAN_POINT('',(20.830400466919,6.872690200806,
    1.200000047684));
#5712 = VECTOR('',#5713,1.);
#5713 = DIRECTION('',(0.831387786048,0.555692675145,0.));
#5714 = ORIENTED_EDGE('',*,*,#5715,.T.);
#5715 = EDGE_CURVE('',#5708,#5698,#5716,.T.);
#5716 = LINE('',#5717,#5718);
#5717 = CARTESIAN_POINT('',(20.830400466919,6.872690200806,
    1.200000047684));
#5718 = VECTOR('',#5719,1.);
#5719 = DIRECTION('',(-0.261158362343,0.626602786411,-0.734278733071));
#5720 = PLANE('',#5721);
#5721 = AXIS2_PLACEMENT_3D('',#5722,#5723,#5724);
#5722 = CARTESIAN_POINT('',(20.657084875873,7.383796770471,
    0.625388024857));
#5723 = DIRECTION('',(0.411584259232,-0.615783042247,-0.671870257144));
#5724 = DIRECTION('',(-2.775557561563E-17,-0.737207714755,0.675666178898
    ));
#5725 = ADVANCED_FACE('',(#5726),#5743,.T.);
#5726 = FACE_BOUND('',#5727,.T.);
#5727 = EDGE_LOOP('',(#5728,#5729,#5737));
#5728 = ORIENTED_EDGE('',*,*,#5697,.F.);
#5729 = ORIENTED_EDGE('',*,*,#5730,.T.);
#5730 = EDGE_CURVE('',#5698,#5731,#5733,.T.);
#5731 = VERTEX_POINT('',#5732);
#5732 = CARTESIAN_POINT('',(20.404499053955,7.897379875183,
    1.907349940211E-07));
#5733 = LINE('',#5734,#5735);
#5734 = CARTESIAN_POINT('',(20.403600692749,7.896719932556,
    1.907349940211E-07));
#5735 = VECTOR('',#5736,1.);
#5736 = DIRECTION('',(0.805915135179,0.592031075949,0.));
#5737 = ORIENTED_EDGE('',*,*,#5738,.F.);
#5738 = EDGE_CURVE('',#5700,#5731,#5739,.T.);
#5739 = LINE('',#5740,#5741);
#5740 = CARTESIAN_POINT('',(20.950000762939,6.95263004303,1.200000047684
    ));
#5741 = VECTOR('',#5742,1.);
#5742 = DIRECTION('',(-0.336362833291,0.582543968352,-0.739934165529));
#5743 = PLANE('',#5744);
#5744 = AXIS2_PLACEMENT_3D('',#5745,#5746,#5747);
#5745 = CARTESIAN_POINT('',(20.676931539786,7.425002211068,
    0.599793981949));
#5746 = DIRECTION('',(0.439261998234,-0.597954916329,-0.670446727895));
#5747 = DIRECTION('',(2.775557561563E-17,-0.746301563431,0.665607975027)
  );
#5748 = ADVANCED_FACE('',(#5749),#5775,.T.);
#5749 = FACE_BOUND('',#5750,.T.);
#5750 = EDGE_LOOP('',(#5751,#5761,#5769));
#5751 = ORIENTED_EDGE('',*,*,#5752,.T.);
#5752 = EDGE_CURVE('',#5753,#5755,#5757,.T.);
#5753 = VERTEX_POINT('',#5754);
#5754 = CARTESIAN_POINT('',(20.662700653076,8.024519920349,
    1.907349940211E-07));
#5755 = VERTEX_POINT('',#5756);
#5756 = CARTESIAN_POINT('',(21.079000473022,7.016270160675,
    1.200000047684));
#5757 = LINE('',#5758,#5759);
#5758 = CARTESIAN_POINT('',(20.662700653076,8.024519920349,
    1.907349940211E-07));
#5759 = VECTOR('',#5760,1.);
#5760 = DIRECTION('',(0.256707675094,-0.621728473852,0.739969509067));
#5761 = ORIENTED_EDGE('',*,*,#5762,.T.);
#5762 = EDGE_CURVE('',#5755,#5763,#5765,.T.);
#5763 = VERTEX_POINT('',#5764);
#5764 = CARTESIAN_POINT('',(20.661600112915,8.024140357971,
    1.907349940211E-07));
#5765 = LINE('',#5766,#5767);
#5766 = CARTESIAN_POINT('',(21.079000473022,7.016270160675,
    1.200000047684));
#5767 = VECTOR('',#5768,1.);
#5768 = DIRECTION('',(-0.257378862261,0.621476427621,-0.73994808681));
#5769 = ORIENTED_EDGE('',*,*,#5770,.T.);
#5770 = EDGE_CURVE('',#5763,#5753,#5771,.T.);
#5771 = LINE('',#5772,#5773);
#5772 = CARTESIAN_POINT('',(20.661600112915,8.024140357971,
    1.907349940211E-07));
#5773 = VECTOR('',#5774,1.);
#5774 = DIRECTION('',(0.945355569036,0.326041175456,0.));
#5775 = PLANE('',#5776);
#5776 = AXIS2_PLACEMENT_3D('',#5777,#5778,#5779);
#5777 = CARTESIAN_POINT('',(20.870500641333,7.520480993992,
    0.599784839845));
#5778 = DIRECTION('',(0.241453487986,-0.700093781607,-0.671988772298));
#5779 = DIRECTION('',(1.387778780781E-17,0.692477524929,-0.721439448234)
  );
#5780 = ADVANCED_FACE('',(#5781),#5798,.T.);
#5781 = FACE_BOUND('',#5782,.T.);
#5782 = EDGE_LOOP('',(#5783,#5784,#5792));
#5783 = ORIENTED_EDGE('',*,*,#5752,.F.);
#5784 = ORIENTED_EDGE('',*,*,#5785,.T.);
#5785 = EDGE_CURVE('',#5753,#5786,#5788,.T.);
#5786 = VERTEX_POINT('',#5787);
#5787 = CARTESIAN_POINT('',(21.215299606323,7.062520027161,
    1.200000047684));
#5788 = LINE('',#5789,#5790);
#5789 = CARTESIAN_POINT('',(20.662700653076,8.024519920349,
    1.907349940211E-07));
#5790 = VECTOR('',#5791,1.);
#5791 = DIRECTION('',(0.338133841104,-0.588645195787,0.734276745496));
#5792 = ORIENTED_EDGE('',*,*,#5793,.F.);
#5793 = EDGE_CURVE('',#5755,#5786,#5794,.T.);
#5794 = LINE('',#5795,#5796);
#5795 = CARTESIAN_POINT('',(21.079000473022,7.016270160675,
    1.200000047684));
#5796 = VECTOR('',#5797,1.);
#5797 = DIRECTION('',(0.946967035763,0.321330722431,0.));
#5798 = PLANE('',#5799);
#5799 = AXIS2_PLACEMENT_3D('',#5800,#5801,#5802);
#5800 = CARTESIAN_POINT('',(20.915305816487,7.511147881107,
    0.625400816853));
#5801 = DIRECTION('',(0.237998288565,-0.701384953588,-0.671874959736));
#5802 = DIRECTION('',(0.,0.691752058278,-0.722135091149));
#5803 = ADVANCED_FACE('',(#5804),#5828,.T.);
#5804 = FACE_BOUND('',#5805,.T.);
#5805 = EDGE_LOOP('',(#5806,#5814,#5822));
#5806 = ORIENTED_EDGE('',*,*,#5807,.T.);
#5807 = EDGE_CURVE('',#5808,#5786,#5810,.T.);
#5808 = VERTEX_POINT('',#5809);
#5809 = CARTESIAN_POINT('',(21.212900161743,8.17193031311,
    1.907349940211E-07));
#5810 = LINE('',#5811,#5812);
#5811 = CARTESIAN_POINT('',(21.212900161743,8.17193031311,
    1.907349940211E-07));
#5812 = VECTOR('',#5813,1.);
#5813 = DIRECTION('',(1.468217230253E-03,-0.678846809289,0.734278457982)
  );
#5814 = ORIENTED_EDGE('',*,*,#5815,.T.);
#5815 = EDGE_CURVE('',#5786,#5816,#5818,.T.);
#5816 = VERTEX_POINT('',#5817);
#5817 = CARTESIAN_POINT('',(20.933000564575,8.11625957489,
    1.907349940211E-07));
#5818 = LINE('',#5819,#5820);
#5819 = CARTESIAN_POINT('',(21.215299606323,7.062520027161,
    1.200000047684));
#5820 = VECTOR('',#5821,1.);
#5821 = DIRECTION('',(-0.174071079286,0.649756298227,-0.739943249358));
#5822 = ORIENTED_EDGE('',*,*,#5823,.T.);
#5823 = EDGE_CURVE('',#5816,#5808,#5824,.T.);
#5824 = LINE('',#5825,#5826);
#5825 = CARTESIAN_POINT('',(20.933000564575,8.11625957489,
    1.907349940211E-07));
#5826 = VECTOR('',#5827,1.);
#5827 = DIRECTION('',(0.98078846723,0.195074300074,0.));
#5828 = PLANE('',#5829);
#5829 = AXIS2_PLACEMENT_3D('',#5830,#5831,#5832);
#5830 = CARTESIAN_POINT('',(21.138636599036,7.646935966841,
    0.551649176035));
#5831 = DIRECTION('',(0.144483687716,-0.72643056805,-0.671880267448));
#5832 = DIRECTION('',(0.,0.679004942472,-0.734133699062));
#5833 = ADVANCED_FACE('',(#5834),#5844,.T.);
#5834 = FACE_BOUND('',#5835,.T.);
#5835 = EDGE_LOOP('',(#5836,#5837,#5838));
#5836 = ORIENTED_EDGE('',*,*,#5815,.F.);
#5837 = ORIENTED_EDGE('',*,*,#5785,.F.);
#5838 = ORIENTED_EDGE('',*,*,#5839,.T.);
#5839 = EDGE_CURVE('',#5753,#5816,#5840,.T.);
#5840 = LINE('',#5841,#5842);
#5841 = CARTESIAN_POINT('',(20.662700653076,8.024519920349,
    1.907349940211E-07));
#5842 = VECTOR('',#5843,1.);
#5843 = DIRECTION('',(0.946945911904,0.321392968075,0.));
#5844 = PLANE('',#5845);
#5845 = AXIS2_PLACEMENT_3D('',#5846,#5847,#5848);
#5846 = CARTESIAN_POINT('',(20.989512934352,7.606991406782,
    0.551639625076));
#5847 = DIRECTION('',(0.238043002215,-0.701365213916,-0.671879725699));
#5848 = DIRECTION('',(1.387778780781E-17,0.691764769641,-0.722122914387)
  );
#5849 = ADVANCED_FACE('',(#5850),#5865,.T.);
#5850 = FACE_BOUND('',#5851,.T.);
#5851 = EDGE_LOOP('',(#5852,#5858,#5859));
#5852 = ORIENTED_EDGE('',*,*,#5853,.T.);
#5853 = EDGE_CURVE('',#5700,#5763,#5854,.T.);
#5854 = LINE('',#5855,#5856);
#5855 = CARTESIAN_POINT('',(20.950000762939,6.95263004303,1.200000047684
    ));
#5856 = VECTOR('',#5857,1.);
#5857 = DIRECTION('',(-0.176455083942,0.655592983413,-0.734208038263));
#5858 = ORIENTED_EDGE('',*,*,#5762,.F.);
#5859 = ORIENTED_EDGE('',*,*,#5860,.F.);
#5860 = EDGE_CURVE('',#5700,#5755,#5861,.T.);
#5861 = LINE('',#5862,#5863);
#5862 = CARTESIAN_POINT('',(20.950000762939,6.95263004303,1.200000047684
    ));
#5863 = VECTOR('',#5864,1.);
#5864 = DIRECTION('',(0.896805165756,0.442425693956,0.));
#5865 = PLANE('',#5866);
#5866 = AXIS2_PLACEMENT_3D('',#5867,#5868,#5869);
#5867 = CARTESIAN_POINT('',(20.845395191665,7.482242792068,
    0.625384340066));
#5868 = DIRECTION('',(0.327691406021,-0.664236615793,-0.67186908));
#5869 = DIRECTION('',(0.,-0.711134504838,0.703055983567));
#5870 = ADVANCED_FACE('',(#5871),#5881,.T.);
#5871 = FACE_BOUND('',#5872,.T.);
#5872 = EDGE_LOOP('',(#5873,#5874,#5875));
#5873 = ORIENTED_EDGE('',*,*,#5853,.F.);
#5874 = ORIENTED_EDGE('',*,*,#5738,.T.);
#5875 = ORIENTED_EDGE('',*,*,#5876,.T.);
#5876 = EDGE_CURVE('',#5731,#5763,#5877,.T.);
#5877 = LINE('',#5878,#5879);
#5878 = CARTESIAN_POINT('',(20.404499053955,7.897379875183,
    1.907349940211E-07));
#5879 = VECTOR('',#5880,1.);
#5880 = DIRECTION('',(0.896911109592,0.442210878982,0.));
#5881 = PLANE('',#5882);
#5882 = AXIS2_PLACEMENT_3D('',#5883,#5884,#5885);
#5883 = CARTESIAN_POINT('',(20.724886812512,7.497592286316,
    0.551453925359));
#5884 = DIRECTION('',(0.327525294941,-0.664300879212,-0.671886540312));
#5885 = DIRECTION('',(0.,-0.711109633373,0.703081139929));
#5886 = ADVANCED_FACE('',(#5887),#5904,.T.);
#5887 = FACE_BOUND('',#5888,.T.);
#5888 = EDGE_LOOP('',(#5889,#5890,#5898));
#5889 = ORIENTED_EDGE('',*,*,#5715,.F.);
#5890 = ORIENTED_EDGE('',*,*,#5891,.F.);
#5891 = EDGE_CURVE('',#5892,#5708,#5894,.T.);
#5892 = VERTEX_POINT('',#5893);
#5893 = CARTESIAN_POINT('',(20.166299819946,7.738160133362,
    1.907349940211E-07));
#5894 = LINE('',#5895,#5896);
#5895 = CARTESIAN_POINT('',(20.166299819946,7.738160133362,
    1.907349940211E-07));
#5896 = VECTOR('',#5897,1.);
#5897 = DIRECTION('',(0.40949674453,-0.533664771275,0.73994211133));
#5898 = ORIENTED_EDGE('',*,*,#5899,.T.);
#5899 = EDGE_CURVE('',#5892,#5698,#5900,.T.);
#5900 = LINE('',#5901,#5902);
#5901 = CARTESIAN_POINT('',(20.166299819946,7.738160133362,
    1.907349940211E-07));
#5902 = VECTOR('',#5903,1.);
#5903 = DIRECTION('',(0.83146892404,0.555571263076,0.));
#5904 = PLANE('',#5905);
#5905 = AXIS2_PLACEMENT_3D('',#5906,#5907,#5908);
#5906 = CARTESIAN_POINT('',(20.535906153573,7.383273524754,
    0.551646500327));
#5907 = DIRECTION('',(0.411488997227,-0.615835152963,-0.671880844746));
#5908 = DIRECTION('',(-2.775557561563E-17,-0.737184538072,0.675691465706
    ));
#5909 = ADVANCED_FACE('',(#5910),#5927,.T.);
#5910 = FACE_BOUND('',#5911,.T.);
#5911 = EDGE_LOOP('',(#5912,#5913,#5921));
#5912 = ORIENTED_EDGE('',*,*,#5891,.T.);
#5913 = ORIENTED_EDGE('',*,*,#5914,.T.);
#5914 = EDGE_CURVE('',#5708,#5915,#5917,.T.);
#5915 = VERTEX_POINT('',#5916);
#5916 = CARTESIAN_POINT('',(19.951700210571,7.549990177155,
    1.907349940211E-07));
#5917 = LINE('',#5918,#5919);
#5918 = CARTESIAN_POINT('',(20.830400466919,6.872690200806,
    1.200000047684));
#5919 = VECTOR('',#5920,1.);
#5920 = DIRECTION('',(-0.537670341501,0.414434964542,-0.734271246908));
#5921 = ORIENTED_EDGE('',*,*,#5922,.T.);
#5922 = EDGE_CURVE('',#5915,#5892,#5923,.T.);
#5923 = LINE('',#5924,#5925);
#5924 = CARTESIAN_POINT('',(19.951700210571,7.549990177155,
    1.907349940211E-07));
#5925 = VECTOR('',#5926,1.);
#5926 = DIRECTION('',(0.75188991393,0.659288675263,0.));
#5927 = PLANE('',#5928);
#5928 = AXIS2_PLACEMENT_3D('',#5929,#5930,#5931);
#5929 = CARTESIAN_POINT('',(20.413425899145,7.2893002778,0.551644541808)
  );
#5930 = DIRECTION('',(0.488307132459,-0.556892938665,-0.671882727307));
#5931 = DIRECTION('',(-2.775557561563E-17,-0.769914525392,0.638147023491
    ));
#5932 = ADVANCED_FACE('',(#5933),#5950,.T.);
#5933 = FACE_BOUND('',#5934,.T.);
#5934 = EDGE_LOOP('',(#5935,#5943,#5944));
#5935 = ORIENTED_EDGE('',*,*,#5936,.T.);
#5936 = EDGE_CURVE('',#5937,#5915,#5939,.T.);
#5937 = VERTEX_POINT('',#5938);
#5938 = CARTESIAN_POINT('',(20.722200393677,6.777820110321,
    1.200000047684));
#5939 = LINE('',#5940,#5941);
#5940 = CARTESIAN_POINT('',(20.722200393677,6.777820110321,
    1.200000047684));
#5941 = VECTOR('',#5942,1.);
#5942 = DIRECTION('',(-0.475118281571,0.476147992277,-0.739963315285));
#5943 = ORIENTED_EDGE('',*,*,#5914,.F.);
#5944 = ORIENTED_EDGE('',*,*,#5945,.F.);
#5945 = EDGE_CURVE('',#5937,#5708,#5946,.T.);
#5946 = LINE('',#5947,#5948);
#5947 = CARTESIAN_POINT('',(20.722200393677,6.777820110321,
    1.200000047684));
#5948 = VECTOR('',#5949,1.);
#5949 = DIRECTION('',(0.751904660699,0.659271856838,0.));
#5950 = PLANE('',#5951);
#5951 = AXIS2_PLACEMENT_3D('',#5952,#5953,#5954);
#5952 = CARTESIAN_POINT('',(20.381551131267,7.172372994295,
    0.625395390033));
#5953 = DIRECTION('',(0.488295645786,-0.556904967287,-0.671881105343));
#5954 = DIRECTION('',(0.,-0.76990699633,0.638156107079));
#5955 = ADVANCED_FACE('',(#5956),#5973,.T.);
#5956 = FACE_BOUND('',#5957,.T.);
#5957 = EDGE_LOOP('',(#5958,#5959,#5967));
#5958 = ORIENTED_EDGE('',*,*,#5936,.F.);
#5959 = ORIENTED_EDGE('',*,*,#5960,.F.);
#5960 = EDGE_CURVE('',#5961,#5937,#5963,.T.);
#5961 = VERTEX_POINT('',#5962);
#5962 = CARTESIAN_POINT('',(19.950799942017,7.549210071564,
    1.907349940211E-07));
#5963 = LINE('',#5964,#5965);
#5964 = CARTESIAN_POINT('',(19.950799942017,7.549210071564,
    1.907349940211E-07));
#5965 = VECTOR('',#5966,1.);
#5966 = DIRECTION('',(0.475656781914,-0.47565031337,0.739937433308));
#5967 = ORIENTED_EDGE('',*,*,#5968,.T.);
#5968 = EDGE_CURVE('',#5961,#5915,#5969,.T.);
#5969 = LINE('',#5970,#5971);
#5970 = CARTESIAN_POINT('',(19.950799942017,7.549210071564,
    1.907349940211E-07));
#5971 = VECTOR('',#5972,1.);
#5972 = DIRECTION('',(0.755741910091,0.654869578872,0.));
#5973 = PLANE('',#5974);
#5974 = AXIS2_PLACEMENT_3D('',#5975,#5976,#5977);
#5975 = CARTESIAN_POINT('',(20.336583708092,7.163851789196,
    0.599779835845));
#5976 = DIRECTION('',(0.485121344103,-0.559846636803,-0.671735829591));
#5977 = DIRECTION('',(0.,-0.768183720774,0.640229467564));
#5978 = ADVANCED_FACE('',(#5979),#6003,.T.);
#5979 = FACE_BOUND('',#5980,.T.);
#5980 = EDGE_LOOP('',(#5981,#5989,#5997));
#5981 = ORIENTED_EDGE('',*,*,#5982,.T.);
#5982 = EDGE_CURVE('',#5983,#5937,#5985,.T.);
#5983 = VERTEX_POINT('',#5984);
#5984 = CARTESIAN_POINT('',(19.950000762939,7.548309803009,
    1.907349940211E-07));
#5985 = LINE('',#5986,#5987);
#5986 = CARTESIAN_POINT('',(19.950000762939,7.548309803009,
    1.907349940211E-07));
#5987 = VECTOR('',#5988,1.);
#5988 = DIRECTION('',(0.4761635526,-0.475109148863,0.739959166334));
#5989 = ORIENTED_EDGE('',*,*,#5990,.F.);
#5990 = EDGE_CURVE('',#5991,#5937,#5993,.T.);
#5991 = VERTEX_POINT('',#5992);
#5992 = CARTESIAN_POINT('',(20.627300262451,6.66964006424,1.200000047684
    ));
#5993 = LINE('',#5994,#5995);
#5994 = CARTESIAN_POINT('',(20.627300262451,6.66964006424,1.200000047684
    ));
#5995 = VECTOR('',#5996,1.);
#5996 = DIRECTION('',(0.659458843897,0.751740668852,0.));
#5997 = ORIENTED_EDGE('',*,*,#5998,.F.);
#5998 = EDGE_CURVE('',#5983,#5991,#5999,.T.);
#5999 = LINE('',#6000,#6001);
#6000 = CARTESIAN_POINT('',(19.950000762939,7.548309803009,
    1.907349940211E-07));
#6001 = VECTOR('',#6002,1.);
#6002 = DIRECTION('',(0.414438883873,-0.537657131137,0.734278707897));
#6003 = PLANE('',#6004);
#6004 = AXIS2_PLACEMENT_3D('',#6005,#6006,#6007);
#6005 = CARTESIAN_POINT('',(20.327626195675,7.118469200784,
    0.625396249097));
#6006 = DIRECTION('',(0.556775943369,-0.488427505837,-0.671892194051));
#6007 = DIRECTION('',(-0.769984812739,-2.775557561563E-17,
    -0.638062213386));
#6008 = ADVANCED_FACE('',(#6009),#6026,.T.);
#6009 = FACE_BOUND('',#6010,.T.);
#6010 = EDGE_LOOP('',(#6011,#6012,#6020));
#6011 = ORIENTED_EDGE('',*,*,#5998,.T.);
#6012 = ORIENTED_EDGE('',*,*,#6013,.F.);
#6013 = EDGE_CURVE('',#6014,#5991,#6016,.T.);
#6014 = VERTEX_POINT('',#6015);
#6015 = CARTESIAN_POINT('',(19.761800765991,7.333740234375,
    1.907349940211E-07));
#6016 = LINE('',#6017,#6018);
#6017 = CARTESIAN_POINT('',(19.761800765991,7.333740234375,
    1.907349940211E-07));
#6018 = VECTOR('',#6019,1.);
#6019 = DIRECTION('',(0.53367787322,-0.409492516001,0.739935001858));
#6020 = ORIENTED_EDGE('',*,*,#6021,.T.);
#6021 = EDGE_CURVE('',#6014,#5983,#6022,.T.);
#6022 = LINE('',#6023,#6024);
#6023 = CARTESIAN_POINT('',(19.761800765991,7.333740234375,
    1.907349940211E-07));
#6024 = VECTOR('',#6025,1.);
#6025 = DIRECTION('',(0.659400348256,0.751791979685,0.));
#6026 = PLANE('',#6027);
#6027 = AXIS2_PLACEMENT_3D('',#6028,#6029,#6030);
#6028 = CARTESIAN_POINT('',(20.210682195995,7.086605475771,
    0.551644960659));
#6029 = DIRECTION('',(0.556817790302,-0.488387552358,-0.671886558211));
#6030 = DIRECTION('',(-0.769958622424,0.,-0.638093817361));
#6031 = ADVANCED_FACE('',(#6032),#6049,.T.);
#6032 = FACE_BOUND('',#6033,.T.);
#6033 = EDGE_LOOP('',(#6034,#6035,#6043));
#6034 = ORIENTED_EDGE('',*,*,#6013,.T.);
#6035 = ORIENTED_EDGE('',*,*,#6036,.T.);
#6036 = EDGE_CURVE('',#5991,#6037,#6039,.T.);
#6037 = VERTEX_POINT('',#6038);
#6038 = CARTESIAN_POINT('',(19.603300094604,7.096439838409,
    1.907349940211E-07));
#6039 = LINE('',#6040,#6041);
#6040 = CARTESIAN_POINT('',(20.627300262451,6.66964006424,1.200000047684
    ));
#6041 = VECTOR('',#6042,1.);
#6042 = DIRECTION('',(-0.626591798845,0.261161322665,-0.734287056378));
#6043 = ORIENTED_EDGE('',*,*,#6044,.T.);
#6044 = EDGE_CURVE('',#6037,#6014,#6045,.T.);
#6045 = LINE('',#6046,#6047);
#6046 = CARTESIAN_POINT('',(19.603300094604,7.096439838409,
    1.907349940211E-07));
#6047 = VECTOR('',#6048,1.);
#6048 = DIRECTION('',(0.555428781271,0.831564109938,0.));
#6049 = PLANE('',#6050);
#6050 = AXIS2_PLACEMENT_3D('',#6051,#6052,#6053);
#6051 = CARTESIAN_POINT('',(20.116721416014,6.964132482973,
    0.551651638325));
#6052 = DIRECTION('',(0.615902568477,-0.411381406319,-0.671884934106));
#6053 = DIRECTION('',(-0.737149743307,0.,-0.675729425098));
#6054 = ADVANCED_FACE('',(#6055),#6065,.T.);
#6055 = FACE_BOUND('',#6056,.T.);
#6056 = EDGE_LOOP('',(#6057,#6058,#6064));
#6057 = ORIENTED_EDGE('',*,*,#5982,.F.);
#6058 = ORIENTED_EDGE('',*,*,#6059,.T.);
#6059 = EDGE_CURVE('',#5983,#5961,#6060,.T.);
#6060 = LINE('',#6061,#6062);
#6061 = CARTESIAN_POINT('',(19.950000762939,7.548309803009,
    1.907349940211E-07));
#6062 = VECTOR('',#6063,1.);
#6063 = DIRECTION('',(0.663871978503,0.747846238313,0.));
#6064 = ORIENTED_EDGE('',*,*,#5960,.T.);
#6065 = PLANE('',#6066);
#6066 = AXIS2_PLACEMENT_3D('',#6067,#6068,#6069);
#6067 = CARTESIAN_POINT('',(20.336157202195,7.163433041347,
    0.599777511606));
#6068 = DIRECTION('',(0.553801272922,-0.491615960583,-0.672025220814));
#6069 = DIRECTION('',(-0.771722402387,0.,-0.635959537749));
#6070 = ADVANCED_FACE('',(#6071),#6088,.T.);
#6071 = FACE_BOUND('',#6072,.T.);
#6072 = EDGE_LOOP('',(#6073,#6081,#6082));
#6073 = ORIENTED_EDGE('',*,*,#6074,.T.);
#6074 = EDGE_CURVE('',#6075,#6037,#6077,.T.);
#6075 = VERTEX_POINT('',#6076);
#6076 = CARTESIAN_POINT('',(20.547399520874,6.550000190735,
    1.200000047684));
#6077 = LINE('',#6078,#6079);
#6078 = CARTESIAN_POINT('',(20.547399520874,6.550000190735,
    1.200000047684));
#6079 = VECTOR('',#6080,1.);
#6080 = DIRECTION('',(-0.582165536157,0.33695426733,-0.739962911395));
#6081 = ORIENTED_EDGE('',*,*,#6036,.F.);
#6082 = ORIENTED_EDGE('',*,*,#6083,.F.);
#6083 = EDGE_CURVE('',#6075,#5991,#6084,.T.);
#6084 = LINE('',#6085,#6086);
#6085 = CARTESIAN_POINT('',(20.547399520874,6.550000190735,
    1.200000047684));
#6086 = VECTOR('',#6087,1.);
#6087 = DIRECTION('',(0.555377683916,0.831598237256,0.));
#6088 = PLANE('',#6089);
#6089 = AXIS2_PLACEMENT_3D('',#6090,#6091,#6092);
#6090 = CARTESIAN_POINT('',(20.116219330055,6.842944283727,
    0.625389912833));
#6091 = DIRECTION('',(0.615924489316,-0.411341319664,-0.671889382412));
#6092 = DIRECTION('',(-0.737139992148,0.,-0.675740062432));
#6093 = ADVANCED_FACE('',(#6094),#6111,.T.);
#6094 = FACE_BOUND('',#6095,.T.);
#6095 = EDGE_LOOP('',(#6096,#6097,#6105));
#6096 = ORIENTED_EDGE('',*,*,#6074,.F.);
#6097 = ORIENTED_EDGE('',*,*,#6098,.F.);
#6098 = EDGE_CURVE('',#6099,#6075,#6101,.T.);
#6099 = VERTEX_POINT('',#6100);
#6100 = CARTESIAN_POINT('',(19.602600097656,7.095449924469,
    1.907349940211E-07));
#6101 = LINE('',#6102,#6103);
#6102 = CARTESIAN_POINT('',(19.602600097656,7.095449924469,
    1.907349940211E-07));
#6103 = VECTOR('',#6104,1.);
#6104 = DIRECTION('',(0.582570448817,-0.3363284189,0.739928960648));
#6105 = ORIENTED_EDGE('',*,*,#6106,.T.);
#6106 = EDGE_CURVE('',#6099,#6037,#6107,.T.);
#6107 = LINE('',#6108,#6109);
#6108 = CARTESIAN_POINT('',(19.602600097656,7.095449924469,
    1.907349940211E-07));
#6109 = VECTOR('',#6110,1.);
#6110 = DIRECTION('',(0.57736241478,0.816487992563,0.));
#6111 = PLANE('',#6112);
#6112 = AXIS2_PLACEMENT_3D('',#6113,#6114,#6115);
#6113 = CARTESIAN_POINT('',(20.074998354011,6.823074528676,
    0.599775924516));
#6114 = DIRECTION('',(0.605298089948,-0.428023890405,-0.67112574943));
#6115 = DIRECTION('',(-0.742586792426,0.,-0.669749845625));
#6116 = ADVANCED_FACE('',(#6117),#6134,.T.);
#6117 = FACE_BOUND('',#6118,.T.);
#6118 = EDGE_LOOP('',(#6119,#6127,#6128));
#6119 = ORIENTED_EDGE('',*,*,#6120,.T.);
#6120 = EDGE_CURVE('',#6121,#6099,#6123,.T.);
#6121 = VERTEX_POINT('',#6122);
#6122 = CARTESIAN_POINT('',(20.483699798584,6.420949935913,
    1.200000047684));
#6123 = LINE('',#6124,#6125);
#6124 = CARTESIAN_POINT('',(20.483699798584,6.420949935913,
    1.200000047684));
#6125 = VECTOR('',#6126,1.);
#6126 = DIRECTION('',(-0.539094390859,0.412687871852,-0.734211112808));
#6127 = ORIENTED_EDGE('',*,*,#6098,.T.);
#6128 = ORIENTED_EDGE('',*,*,#6129,.F.);
#6129 = EDGE_CURVE('',#6121,#6075,#6130,.T.);
#6130 = LINE('',#6131,#6132);
#6131 = CARTESIAN_POINT('',(20.483699798584,6.420949935913,
    1.200000047684));
#6132 = VECTOR('',#6133,1.);
#6133 = DIRECTION('',(0.442619429381,0.8967095632,0.));
#6134 = PLANE('',#6135);
#6135 = AXIS2_PLACEMENT_3D('',#6136,#6137,#6138);
#6136 = CARTESIAN_POINT('',(20.078336840648,6.777433509763,
    0.625396195946));
#6137 = DIRECTION('',(0.664136753146,-0.32782055949,-0.671904795262));
#6138 = DIRECTION('',(-0.711206035843,0.,-0.702983623266));
#6139 = ADVANCED_FACE('',(#6140),#6157,.T.);
#6140 = FACE_BOUND('',#6141,.T.);
#6141 = EDGE_LOOP('',(#6142,#6143,#6151));
#6142 = ORIENTED_EDGE('',*,*,#6120,.F.);
#6143 = ORIENTED_EDGE('',*,*,#6144,.T.);
#6144 = EDGE_CURVE('',#6121,#6145,#6147,.T.);
#6145 = VERTEX_POINT('',#6146);
#6146 = CARTESIAN_POINT('',(19.475900650024,6.838419914246,
    1.907349940211E-07));
#6147 = LINE('',#6148,#6149);
#6148 = CARTESIAN_POINT('',(20.483699798584,6.420949935913,
    1.200000047684));
#6149 = VECTOR('',#6150,1.);
#6150 = DIRECTION('',(-0.621442670075,0.257425954747,-0.739960056781));
#6151 = ORIENTED_EDGE('',*,*,#6152,.T.);
#6152 = EDGE_CURVE('',#6145,#6099,#6153,.T.);
#6153 = LINE('',#6154,#6155);
#6154 = CARTESIAN_POINT('',(19.475900650024,6.838419914246,
    1.907349940211E-07));
#6155 = VECTOR('',#6156,1.);
#6156 = DIRECTION('',(0.442137873571,0.89694710031,0.));
#6157 = PLANE('',#6158);
#6158 = AXIS2_PLACEMENT_3D('',#6159,#6160,#6161);
#6159 = CARTESIAN_POINT('',(19.973391188524,6.716254633132,
    0.551467174507));
#6160 = DIRECTION('',(0.664344505934,-0.327479588341,-0.671865683493));
#6161 = DIRECTION('',(-0.711075635947,0.,-0.703115523909));
#6162 = ADVANCED_FACE('',(#6163),#6180,.T.);
#6163 = FACE_BOUND('',#6164,.T.);
#6164 = EDGE_LOOP('',(#6165,#6173,#6179));
#6165 = ORIENTED_EDGE('',*,*,#6166,.T.);
#6166 = EDGE_CURVE('',#6121,#6167,#6169,.T.);
#6167 = VERTEX_POINT('',#6168);
#6168 = CARTESIAN_POINT('',(19.475500106812,6.837299823761,
    1.907349940211E-07));
#6169 = LINE('',#6170,#6171);
#6170 = CARTESIAN_POINT('',(20.483699798584,6.420949935913,
    1.200000047684));
#6171 = VECTOR('',#6172,1.);
#6172 = DIRECTION('',(-0.621704605742,0.256741442184,-0.739977847685));
#6173 = ORIENTED_EDGE('',*,*,#6174,.T.);
#6174 = EDGE_CURVE('',#6167,#6145,#6175,.T.);
#6175 = LINE('',#6176,#6177);
#6176 = CARTESIAN_POINT('',(19.475500106812,6.837299823761,
    1.907349940211E-07));
#6177 = VECTOR('',#6178,1.);
#6178 = DIRECTION('',(0.336717271378,0.941605798175,0.));
#6179 = ORIENTED_EDGE('',*,*,#6144,.F.);
#6180 = PLANE('',#6181);
#6181 = AXIS2_PLACEMENT_3D('',#6182,#6183,#6184);
#6182 = CARTESIAN_POINT('',(19.9795153087,6.629481331498,0.599780141723)
  );
#6183 = DIRECTION('',(0.69713367802,-0.24929429097,-0.672203087958));
#6184 = DIRECTION('',(0.694117935191,0.,0.719861300562));
#6185 = ADVANCED_FACE('',(#6186),#6203,.T.);
#6186 = FACE_BOUND('',#6187,.T.);
#6187 = EDGE_LOOP('',(#6188,#6189,#6197));
#6188 = ORIENTED_EDGE('',*,*,#6166,.F.);
#6189 = ORIENTED_EDGE('',*,*,#6190,.F.);
#6190 = EDGE_CURVE('',#6191,#6121,#6193,.T.);
#6191 = VERTEX_POINT('',#6192);
#6192 = CARTESIAN_POINT('',(20.4375,6.28469991684,1.200000047684));
#6193 = LINE('',#6194,#6195);
#6194 = CARTESIAN_POINT('',(20.4375,6.28469991684,1.200000047684));
#6195 = VECTOR('',#6196,1.);
#6196 = DIRECTION('',(0.321122517447,0.947037659646,0.));
#6197 = ORIENTED_EDGE('',*,*,#6198,.F.);
#6198 = EDGE_CURVE('',#6167,#6191,#6199,.T.);
#6199 = LINE('',#6200,#6201);
#6200 = CARTESIAN_POINT('',(19.475500106812,6.837299823761,
    1.907349940211E-07));
#6201 = VECTOR('',#6202,1.);
#6202 = DIRECTION('',(0.588645079637,-0.338134357935,0.73427660061));
#6203 = PLANE('',#6204);
#6204 = AXIS2_PLACEMENT_3D('',#6205,#6206,#6207);
#6205 = CARTESIAN_POINT('',(19.988850506851,6.584685437991,
    0.625390371911));
#6206 = DIRECTION('',(0.70145087777,-0.237848695287,-0.671859110399));
#6207 = DIRECTION('',(0.691709643138,0.,0.72217571933));
#6208 = ADVANCED_FACE('',(#6209),#6226,.T.);
#6209 = FACE_BOUND('',#6210,.T.);
#6210 = EDGE_LOOP('',(#6211,#6212,#6220));
#6211 = ORIENTED_EDGE('',*,*,#6198,.T.);
#6212 = ORIENTED_EDGE('',*,*,#6213,.F.);
#6213 = EDGE_CURVE('',#6214,#6191,#6216,.T.);
#6214 = VERTEX_POINT('',#6215);
#6215 = CARTESIAN_POINT('',(19.383699417114,6.567049980164,
    1.907349940211E-07));
#6216 = LINE('',#6217,#6218);
#6217 = CARTESIAN_POINT('',(19.383699417114,6.567049980164,
    1.907349940211E-07));
#6218 = VECTOR('',#6219,1.);
#6219 = DIRECTION('',(0.649774485248,-0.174097329263,0.73992110273));
#6220 = ORIENTED_EDGE('',*,*,#6221,.T.);
#6221 = EDGE_CURVE('',#6214,#6167,#6222,.T.);
#6222 = LINE('',#6223,#6224);
#6223 = CARTESIAN_POINT('',(19.383699417114,6.567049980164,
    1.907349940211E-07));
#6224 = VECTOR('',#6225,1.);
#6225 = DIRECTION('',(0.321638102483,0.946862678022,0.));
#6226 = PLANE('',#6227);
#6227 = AXIS2_PLACEMENT_3D('',#6228,#6229,#6230);
#6228 = CARTESIAN_POINT('',(19.893016068335,6.51049792655,0.55164462039)
  );
#6229 = DIRECTION('',(0.701287367882,-0.23821906126,-0.671898583494));
#6230 = DIRECTION('',(0.691814932907,1.387778780781E-17,0.722074856651)
  );
#6231 = ADVANCED_FACE('',(#6232),#6249,.T.);
#6232 = FACE_BOUND('',#6233,.T.);
#6233 = EDGE_LOOP('',(#6234,#6235,#6243));
#6234 = ORIENTED_EDGE('',*,*,#6213,.T.);
#6235 = ORIENTED_EDGE('',*,*,#6236,.T.);
#6236 = EDGE_CURVE('',#6191,#6237,#6239,.T.);
#6237 = VERTEX_POINT('',#6238);
#6238 = CARTESIAN_POINT('',(19.328100204468,6.287139892578,
    1.907349940211E-07));
#6239 = LINE('',#6240,#6241);
#6240 = CARTESIAN_POINT('',(20.4375,6.28469991684,1.200000047684));
#6241 = VECTOR('',#6242,1.);
#6242 = DIRECTION('',(-0.678843323386,1.493024648095E-03,-0.734281630692
    ));
#6243 = ORIENTED_EDGE('',*,*,#6244,.T.);
#6244 = EDGE_CURVE('',#6237,#6214,#6245,.T.);
#6245 = LINE('',#6246,#6247);
#6246 = CARTESIAN_POINT('',(19.328100204468,6.287139892578,
    1.907349940211E-07));
#6247 = VECTOR('',#6248,1.);
#6248 = DIRECTION('',(0.194826164351,0.980837787651,0.));
#6249 = PLANE('',#6250);
#6250 = AXIS2_PLACEMENT_3D('',#6251,#6252,#6253);
#6251 = CARTESIAN_POINT('',(19.853071711355,6.361388614051,
    0.551650311658));
#6252 = DIRECTION('',(0.726451514017,-0.144296808141,-0.671897781618));
#6253 = DIRECTION('',(0.679003930023,0.,0.734134635481));
#6254 = ADVANCED_FACE('',(#6255),#6272,.T.);
#6255 = FACE_BOUND('',#6256,.T.);
#6256 = EDGE_LOOP('',(#6257,#6265,#6266));
#6257 = ORIENTED_EDGE('',*,*,#6258,.T.);
#6258 = EDGE_CURVE('',#6259,#5786,#6261,.T.);
#6259 = VERTEX_POINT('',#6260);
#6260 = CARTESIAN_POINT('',(21.214000701904,8.172169685364,
    1.907349940211E-07));
#6261 = LINE('',#6262,#6263);
#6262 = CARTESIAN_POINT('',(21.214000701904,8.172169685364,
    1.907349940211E-07));
#6263 = VECTOR('',#6264,1.);
#6264 = DIRECTION('',(7.947196201116E-04,-0.678926287386,0.734206009725)
  );
#6265 = ORIENTED_EDGE('',*,*,#5807,.F.);
#6266 = ORIENTED_EDGE('',*,*,#6267,.T.);
#6267 = EDGE_CURVE('',#5808,#6259,#6268,.T.);
#6268 = LINE('',#6269,#6270);
#6269 = CARTESIAN_POINT('',(21.212900161743,8.17193031311,
    1.907349940211E-07));
#6270 = VECTOR('',#6271,1.);
#6271 = DIRECTION('',(0.977153431695,0.212535105161,0.));
#6272 = PLANE('',#6273);
#6273 = AXIS2_PLACEMENT_3D('',#6274,#6275,#6276);
#6274 = CARTESIAN_POINT('',(21.214374714172,7.617476102969,
    0.599793451376));
#6275 = DIRECTION('',(0.15767689427,-0.724936796569,-0.670525643055));
#6276 = DIRECTION('',(0.,0.679019664401,-0.734120082382));
#6277 = ADVANCED_FACE('',(#6278),#6295,.T.);
#6278 = FACE_BOUND('',#6279,.T.);
#6279 = EDGE_LOOP('',(#6280,#6281,#6289));
#6280 = ORIENTED_EDGE('',*,*,#6258,.F.);
#6281 = ORIENTED_EDGE('',*,*,#6282,.F.);
#6282 = EDGE_CURVE('',#6283,#6259,#6285,.T.);
#6283 = VERTEX_POINT('',#6284);
#6284 = CARTESIAN_POINT('',(21.356399536133,7.090590000153,
    1.200000047684));
#6285 = LINE('',#6286,#6287);
#6286 = CARTESIAN_POINT('',(21.356399536133,7.090590000153,
    1.200000047684));
#6287 = VECTOR('',#6288,1.);
#6288 = DIRECTION('',(-8.780535204991E-02,0.666918978266,-0.739938711367
    ));
#6289 = ORIENTED_EDGE('',*,*,#6290,.F.);
#6290 = EDGE_CURVE('',#5786,#6283,#6291,.T.);
#6291 = LINE('',#6292,#6293);
#6292 = CARTESIAN_POINT('',(21.215299606323,7.062520027161,
    1.200000047684));
#6293 = VECTOR('',#6294,1.);
#6294 = DIRECTION('',(0.98078068905,0.19511340289,0.));
#6295 = PLANE('',#6296);
#6296 = AXIS2_PLACEMENT_3D('',#6297,#6298,#6299);
#6297 = CARTESIAN_POINT('',(21.251313823131,7.60115699418,0.625387750119
    ));
#6298 = DIRECTION('',(0.144511960049,-0.72642134089,-0.671884163306));
#6299 = DIRECTION('',(1.387778780781E-17,0.679011712751,-0.73412743713)
  );
#6300 = ADVANCED_FACE('',(#6301),#6318,.T.);
#6301 = FACE_BOUND('',#6302,.T.);
#6302 = EDGE_LOOP('',(#6303,#6311,#6312));
#6303 = ORIENTED_EDGE('',*,*,#6304,.T.);
#6304 = EDGE_CURVE('',#6305,#6283,#6307,.T.);
#6305 = VERTEX_POINT('',#6306);
#6306 = CARTESIAN_POINT('',(21.5,8.190910339355,1.907349940211E-07));
#6307 = LINE('',#6308,#6309);
#6308 = CARTESIAN_POINT('',(21.5,8.190910339355,1.907349940211E-07));
#6309 = VECTOR('',#6310,1.);
#6310 = DIRECTION('',(-8.786024901859E-02,-0.673218013362,0.73420574986)
  );
#6311 = ORIENTED_EDGE('',*,*,#6282,.T.);
#6312 = ORIENTED_EDGE('',*,*,#6313,.T.);
#6313 = EDGE_CURVE('',#6259,#6305,#6314,.T.);
#6314 = LINE('',#6315,#6316);
#6315 = CARTESIAN_POINT('',(21.214000701904,8.172169685364,
    1.907349940211E-07));
#6316 = VECTOR('',#6317,1.);
#6317 = DIRECTION('',(0.997860000231,6.53866954255E-02,0.));
#6318 = PLANE('',#6319);
#6319 = AXIS2_PLACEMENT_3D('',#6320,#6321,#6322);
#6320 = CARTESIAN_POINT('',(21.356979814655,7.68021085722,0.551459930983
    ));
#6321 = DIRECTION('',(4.842907015414E-02,-0.739071330043,-0.671884063119
    ));
#6322 = DIRECTION('',(0.,0.672673361779,-0.73993955723));
#6323 = ADVANCED_FACE('',(#6324),#6341,.T.);
#6324 = FACE_BOUND('',#6325,.T.);
#6325 = EDGE_LOOP('',(#6326,#6327,#6335));
#6326 = ORIENTED_EDGE('',*,*,#6304,.F.);
#6327 = ORIENTED_EDGE('',*,*,#6328,.T.);
#6328 = EDGE_CURVE('',#6305,#6329,#6331,.T.);
#6329 = VERTEX_POINT('',#6330);
#6330 = CARTESIAN_POINT('',(21.5,7.099999904633,1.200000047684));
#6331 = LINE('',#6332,#6333);
#6332 = CARTESIAN_POINT('',(21.5,8.190910339355,1.907349940211E-07));
#6333 = VECTOR('',#6334,1.);
#6334 = DIRECTION('',(0.,-0.672673291578,0.739939621049));
#6335 = ORIENTED_EDGE('',*,*,#6336,.F.);
#6336 = EDGE_CURVE('',#6283,#6329,#6337,.T.);
#6337 = LINE('',#6338,#6339);
#6338 = CARTESIAN_POINT('',(21.356399536133,7.090590000153,
    1.200000047684));
#6339 = VECTOR('',#6340,1.);
#6340 = DIRECTION('',(0.997859905953,6.538813417835E-02,0.));
#6341 = PLANE('',#6342);
#6342 = AXIS2_PLACEMENT_3D('',#6343,#6344,#6345);
#6343 = CARTESIAN_POINT('',(21.462446683815,7.619907921762,
    0.625395116754));
#6344 = DIRECTION('',(4.843014200839E-02,-0.739071355332,-0.671883958041
    ));
#6345 = DIRECTION('',(0.,0.672673291578,-0.739939621049));
#6346 = ADVANCED_FACE('',(#6347),#6364,.T.);
#6347 = FACE_BOUND('',#6348,.T.);
#6348 = EDGE_LOOP('',(#6349,#6357,#6363));
#6349 = ORIENTED_EDGE('',*,*,#6350,.T.);
#6350 = EDGE_CURVE('',#6305,#6351,#6353,.T.);
#6351 = VERTEX_POINT('',#6352);
#6352 = CARTESIAN_POINT('',(21.643600463867,7.090590000153,
    1.200000047684));
#6353 = LINE('',#6354,#6355);
#6354 = CARTESIAN_POINT('',(21.5,8.190910339355,1.907349940211E-07));
#6355 = VECTOR('',#6356,1.);
#6356 = DIRECTION('',(8.786024901859E-02,-0.673218013362,0.73420574986)
  );
#6357 = ORIENTED_EDGE('',*,*,#6358,.F.);
#6358 = EDGE_CURVE('',#6329,#6351,#6359,.T.);
#6359 = LINE('',#6360,#6361);
#6360 = CARTESIAN_POINT('',(21.5,7.099999904633,1.200000047684));
#6361 = VECTOR('',#6362,1.);
#6362 = DIRECTION('',(0.997859905953,-6.538813417835E-02,0.));
#6363 = ORIENTED_EDGE('',*,*,#6328,.F.);
#6364 = PLANE('',#6365);
#6365 = AXIS2_PLACEMENT_3D('',#6366,#6367,#6368);
#6366 = CARTESIAN_POINT('',(21.537553316185,7.619907921762,
    0.625395116754));
#6367 = DIRECTION('',(-4.843014200839E-02,-0.739071355332,
    -0.671883958041));
#6368 = DIRECTION('',(0.,0.672673291578,-0.739939621049));
#6369 = ADVANCED_FACE('',(#6370),#6387,.T.);
#6370 = FACE_BOUND('',#6371,.T.);
#6371 = EDGE_LOOP('',(#6372,#6373,#6381));
#6372 = ORIENTED_EDGE('',*,*,#6350,.F.);
#6373 = ORIENTED_EDGE('',*,*,#6374,.T.);
#6374 = EDGE_CURVE('',#6305,#6375,#6377,.T.);
#6375 = VERTEX_POINT('',#6376);
#6376 = CARTESIAN_POINT('',(21.785999298096,8.172169685364,
    1.907349940211E-07));
#6377 = LINE('',#6378,#6379);
#6378 = CARTESIAN_POINT('',(21.5,8.190910339355,1.907349940211E-07));
#6379 = VECTOR('',#6380,1.);
#6380 = DIRECTION('',(0.997860000231,-6.53866954255E-02,0.));
#6381 = ORIENTED_EDGE('',*,*,#6382,.T.);
#6382 = EDGE_CURVE('',#6375,#6351,#6383,.T.);
#6383 = LINE('',#6384,#6385);
#6384 = CARTESIAN_POINT('',(21.785999298096,8.172169685364,
    1.907349940211E-07));
#6385 = VECTOR('',#6386,1.);
#6386 = DIRECTION('',(-8.780535204991E-02,-0.666918978266,0.739938711367
    ));
#6387 = PLANE('',#6388);
#6388 = AXIS2_PLACEMENT_3D('',#6389,#6390,#6391);
#6389 = CARTESIAN_POINT('',(21.643020185345,7.68021085722,0.551459930983
    ));
#6390 = DIRECTION('',(-4.842907015414E-02,-0.739071330043,
    -0.671884063119));
#6391 = DIRECTION('',(-3.469446951954E-18,0.672673361779,-0.73993955723)
  );
#6392 = ADVANCED_FACE('',(#6393),#6410,.T.);
#6393 = FACE_BOUND('',#6394,.T.);
#6394 = EDGE_LOOP('',(#6395,#6403,#6409));
#6395 = ORIENTED_EDGE('',*,*,#6396,.T.);
#6396 = EDGE_CURVE('',#6375,#6397,#6399,.T.);
#6397 = VERTEX_POINT('',#6398);
#6398 = CARTESIAN_POINT('',(21.784700393677,7.062520027161,
    1.200000047684));
#6399 = LINE('',#6400,#6401);
#6400 = CARTESIAN_POINT('',(21.785999298096,8.172169685364,
    1.907349940211E-07));
#6401 = VECTOR('',#6402,1.);
#6402 = DIRECTION('',(-7.947196201116E-04,-0.678926287386,0.734206009725
    ));
#6403 = ORIENTED_EDGE('',*,*,#6404,.F.);
#6404 = EDGE_CURVE('',#6351,#6397,#6405,.T.);
#6405 = LINE('',#6406,#6407);
#6406 = CARTESIAN_POINT('',(21.643600463867,7.090590000153,
    1.200000047684));
#6407 = VECTOR('',#6408,1.);
#6408 = DIRECTION('',(0.98078068905,-0.19511340289,0.));
#6409 = ORIENTED_EDGE('',*,*,#6382,.F.);
#6410 = PLANE('',#6411);
#6411 = AXIS2_PLACEMENT_3D('',#6412,#6413,#6414);
#6412 = CARTESIAN_POINT('',(21.748686176869,7.60115699418,0.625387750119
    ));
#6413 = DIRECTION('',(-0.144511960049,-0.72642134089,-0.671884163306));
#6414 = DIRECTION('',(-1.387778780781E-17,0.679011712751,-0.73412743713)
  );
#6415 = ADVANCED_FACE('',(#6416),#6433,.T.);
#6416 = FACE_BOUND('',#6417,.T.);
#6417 = EDGE_LOOP('',(#6418,#6419,#6427));
#6418 = ORIENTED_EDGE('',*,*,#6396,.F.);
#6419 = ORIENTED_EDGE('',*,*,#6420,.T.);
#6420 = EDGE_CURVE('',#6375,#6421,#6423,.T.);
#6421 = VERTEX_POINT('',#6422);
#6422 = CARTESIAN_POINT('',(21.787099838257,8.17193031311,
    1.907349940211E-07));
#6423 = LINE('',#6424,#6425);
#6424 = CARTESIAN_POINT('',(21.785999298096,8.172169685364,
    1.907349940211E-07));
#6425 = VECTOR('',#6426,1.);
#6426 = DIRECTION('',(0.977153431695,-0.212535105161,0.));
#6427 = ORIENTED_EDGE('',*,*,#6428,.F.);
#6428 = EDGE_CURVE('',#6397,#6421,#6429,.T.);
#6429 = LINE('',#6430,#6431);
#6430 = CARTESIAN_POINT('',(21.784700393677,7.062520027161,
    1.200000047684));
#6431 = VECTOR('',#6432,1.);
#6432 = DIRECTION('',(1.468217230253E-03,0.678846809289,-0.734278457982)
  );
#6433 = PLANE('',#6434);
#6434 = AXIS2_PLACEMENT_3D('',#6435,#6436,#6437);
#6435 = CARTESIAN_POINT('',(21.785625285828,7.617476102969,
    0.599793451376));
#6436 = DIRECTION('',(-0.157676894216,-0.724936796575,-0.670525643061));
#6437 = DIRECTION('',(1.387778780781E-17,0.679019664401,-0.734120082382)
  );
#6438 = ADVANCED_FACE('',(#6439),#6465,.T.);
#6439 = FACE_BOUND('',#6440,.T.);
#6440 = EDGE_LOOP('',(#6441,#6451,#6459));
#6441 = ORIENTED_EDGE('',*,*,#6442,.T.);
#6442 = EDGE_CURVE('',#6443,#6445,#6447,.T.);
#6443 = VERTEX_POINT('',#6444);
#6444 = CARTESIAN_POINT('',(21.785999298096,3.827830076218,
    1.907349940211E-07));
#6445 = VERTEX_POINT('',#6446);
#6446 = CARTESIAN_POINT('',(21.784700393677,4.937479972839,
    1.200000047684));
#6447 = LINE('',#6448,#6449);
#6448 = CARTESIAN_POINT('',(21.785999298096,3.827830076218,
    1.907349940211E-07));
#6449 = VECTOR('',#6450,1.);
#6450 = DIRECTION('',(-7.947195414046E-04,0.678926366021,0.734205937011)
  );
#6451 = ORIENTED_EDGE('',*,*,#6452,.T.);
#6452 = EDGE_CURVE('',#6445,#6453,#6455,.T.);
#6453 = VERTEX_POINT('',#6454);
#6454 = CARTESIAN_POINT('',(21.787099838257,3.828069925308,
    1.907349940211E-07));
#6455 = LINE('',#6456,#6457);
#6456 = CARTESIAN_POINT('',(21.784700393677,4.937479972839,
    1.200000047684));
#6457 = VECTOR('',#6458,1.);
#6458 = DIRECTION('',(1.468217375659E-03,-0.678846730631,-0.734278530702
    ));
#6459 = ORIENTED_EDGE('',*,*,#6460,.T.);
#6460 = EDGE_CURVE('',#6453,#6443,#6461,.T.);
#6461 = LINE('',#6462,#6463);
#6462 = CARTESIAN_POINT('',(21.787099838257,3.828069925308,
    1.907349940211E-07));
#6463 = VECTOR('',#6464,1.);
#6464 = DIRECTION('',(-0.977065429386,-0.212939302851,0.));
#6465 = PLANE('',#6466);
#6466 = AXIS2_PLACEMENT_3D('',#6467,#6468,#6469);
#6467 = CARTESIAN_POINT('',(21.78562528583,4.382523879814,0.599793432768
    ));
#6468 = DIRECTION('',(-0.157983108458,0.724900625102,-0.670492670481));
#6469 = DIRECTION('',(-1.387778780781E-17,0.679019928558,0.734119838051)
  );
#6470 = ADVANCED_FACE('',(#6471),#6488,.T.);
#6471 = FACE_BOUND('',#6472,.T.);
#6472 = EDGE_LOOP('',(#6473,#6474,#6482));
#6473 = ORIENTED_EDGE('',*,*,#6442,.F.);
#6474 = ORIENTED_EDGE('',*,*,#6475,.T.);
#6475 = EDGE_CURVE('',#6443,#6476,#6478,.T.);
#6476 = VERTEX_POINT('',#6477);
#6477 = CARTESIAN_POINT('',(21.643600463867,4.909409999847,
    1.200000047684));
#6478 = LINE('',#6479,#6480);
#6479 = CARTESIAN_POINT('',(21.785999298096,3.827830076218,
    1.907349940211E-07));
#6480 = VECTOR('',#6481,1.);
#6481 = DIRECTION('',(-8.780534344099E-02,0.666919059891,0.739938638819)
  );
#6482 = ORIENTED_EDGE('',*,*,#6483,.F.);
#6483 = EDGE_CURVE('',#6445,#6476,#6484,.T.);
#6484 = LINE('',#6485,#6486);
#6485 = CARTESIAN_POINT('',(21.784700393677,4.937479972839,
    1.200000047684));
#6486 = VECTOR('',#6487,1.);
#6487 = DIRECTION('',(-0.98078068905,-0.19511340289,0.));
#6488 = PLANE('',#6489);
#6489 = AXIS2_PLACEMENT_3D('',#6490,#6491,#6492);
#6490 = CARTESIAN_POINT('',(21.74868617703,4.39884288947,0.625387747723)
  );
#6491 = DIRECTION('',(-0.144511946036,0.726421270448,-0.67188424248));
#6492 = DIRECTION('',(0.,0.67901179136,0.734127364423));
#6493 = ADVANCED_FACE('',(#6494),#6511,.T.);
#6494 = FACE_BOUND('',#6495,.T.);
#6495 = EDGE_LOOP('',(#6496,#6504,#6505));
#6496 = ORIENTED_EDGE('',*,*,#6497,.T.);
#6497 = EDGE_CURVE('',#6498,#6453,#6500,.T.);
#6498 = VERTEX_POINT('',#6499);
#6499 = CARTESIAN_POINT('',(22.066999435425,3.883739948273,
    1.907349940211E-07));
#6500 = LINE('',#6501,#6502);
#6501 = CARTESIAN_POINT('',(22.066999435425,3.883739948273,
    1.907349940211E-07));
#6502 = VECTOR('',#6503,1.);
#6503 = DIRECTION('',(-0.98078894675,-0.195071889139,0.));
#6504 = ORIENTED_EDGE('',*,*,#6452,.F.);
#6505 = ORIENTED_EDGE('',*,*,#6506,.T.);
#6506 = EDGE_CURVE('',#6445,#6498,#6507,.T.);
#6507 = LINE('',#6508,#6509);
#6508 = CARTESIAN_POINT('',(21.784700393677,4.937479972839,
    1.200000047684));
#6509 = VECTOR('',#6510,1.);
#6510 = DIRECTION('',(0.17407104603,-0.649756468121,-0.739943107995));
#6511 = PLANE('',#6512);
#6512 = AXIS2_PLACEMENT_3D('',#6513,#6514,#6515);
#6513 = CARTESIAN_POINT('',(21.861363407467,4.353063992647,0.55164919979
    ));
#6514 = DIRECTION('',(-0.144481884517,0.726430835138,-0.671880366439));
#6515 = DIRECTION('',(1.387778780781E-17,0.679004861839,0.73413377364));
#6516 = ADVANCED_FACE('',(#6517),#6534,.T.);
#6517 = FACE_BOUND('',#6518,.T.);
#6518 = EDGE_LOOP('',(#6519,#6527,#6528));
#6519 = ORIENTED_EDGE('',*,*,#6520,.T.);
#6520 = EDGE_CURVE('',#6521,#6498,#6523,.T.);
#6521 = VERTEX_POINT('',#6522);
#6522 = CARTESIAN_POINT('',(22.337299346924,3.975480079651,
    1.907349940211E-07));
#6523 = LINE('',#6524,#6525);
#6524 = CARTESIAN_POINT('',(22.337299346924,3.975480079651,
    1.907349940211E-07));
#6525 = VECTOR('',#6526,1.);
#6526 = DIRECTION('',(-0.946945403497,-0.321394466032,0.));
#6527 = ORIENTED_EDGE('',*,*,#6506,.F.);
#6528 = ORIENTED_EDGE('',*,*,#6529,.F.);
#6529 = EDGE_CURVE('',#6521,#6445,#6530,.T.);
#6530 = LINE('',#6531,#6532);
#6531 = CARTESIAN_POINT('',(22.337299346924,3.975480079651,
    1.907349940211E-07));
#6532 = VECTOR('',#6533,1.);
#6533 = DIRECTION('',(-0.338133841104,0.588645195787,0.734276745496));
#6534 = PLANE('',#6535);
#6535 = AXIS2_PLACEMENT_3D('',#6536,#6537,#6538);
#6536 = CARTESIAN_POINT('',(22.010487066538,4.393008446309,
    0.551639605436));
#6537 = DIRECTION('',(-0.238044078259,0.701364738852,-0.671879840373));
#6538 = DIRECTION('',(0.,0.691765075546,0.722122621343));
#6539 = ADVANCED_FACE('',(#6540),#6566,.T.);
#6540 = FACE_BOUND('',#6541,.T.);
#6541 = EDGE_LOOP('',(#6542,#6552,#6560));
#6542 = ORIENTED_EDGE('',*,*,#6543,.T.);
#6543 = EDGE_CURVE('',#6544,#6546,#6548,.T.);
#6544 = VERTEX_POINT('',#6545);
#6545 = CARTESIAN_POINT('',(22.338399887085,3.975860118866,
    1.907349940211E-07));
#6546 = VERTEX_POINT('',#6547);
#6547 = CARTESIAN_POINT('',(22.049999237061,5.04736995697,1.200000047684
    ));
#6548 = LINE('',#6549,#6550);
#6549 = CARTESIAN_POINT('',(22.338399887085,3.975860118866,
    1.907349940211E-07));
#6550 = VECTOR('',#6551,1.);
#6551 = DIRECTION('',(-0.176455117692,0.655592817059,0.734208178694));
#6552 = ORIENTED_EDGE('',*,*,#6553,.T.);
#6553 = EDGE_CURVE('',#6546,#6554,#6556,.T.);
#6554 = VERTEX_POINT('',#6555);
#6555 = CARTESIAN_POINT('',(22.595500946045,4.102620124817,
    1.907349940211E-07));
#6556 = LINE('',#6557,#6558);
#6557 = CARTESIAN_POINT('',(22.049999237061,5.04736995697,1.200000047684
    ));
#6558 = VECTOR('',#6559,1.);
#6559 = DIRECTION('',(0.336362833291,-0.582543968352,-0.739934165529));
#6560 = ORIENTED_EDGE('',*,*,#6561,.T.);
#6561 = EDGE_CURVE('',#6554,#6544,#6562,.T.);
#6562 = LINE('',#6563,#6564);
#6563 = CARTESIAN_POINT('',(22.595500946045,4.102620124817,
    1.907349940211E-07));
#6564 = VECTOR('',#6565,1.);
#6565 = DIRECTION('',(-0.896911769365,-0.442209540801,0.));
#6566 = PLANE('',#6567);
#6567 = AXIS2_PLACEMENT_3D('',#6568,#6569,#6570);
#6568 = CARTESIAN_POINT('',(22.27511318321,4.502407869718,0.551453953897
    ));
#6569 = DIRECTION('',(-0.327524318298,0.664301397258,-0.671886504199));
#6570 = DIRECTION('',(-2.775557561563E-17,-0.711109340353,
    -0.703081436295));
#6571 = ADVANCED_FACE('',(#6572),#6589,.T.);
#6572 = FACE_BOUND('',#6573,.T.);
#6573 = EDGE_LOOP('',(#6574,#6575,#6583));
#6574 = ORIENTED_EDGE('',*,*,#6543,.F.);
#6575 = ORIENTED_EDGE('',*,*,#6576,.T.);
#6576 = EDGE_CURVE('',#6544,#6577,#6579,.T.);
#6577 = VERTEX_POINT('',#6578);
#6578 = CARTESIAN_POINT('',(21.920999526978,4.983729839325,
    1.200000047684));
#6579 = LINE('',#6580,#6581);
#6580 = CARTESIAN_POINT('',(22.338399887085,3.975860118866,
    1.907349940211E-07));
#6581 = VECTOR('',#6582,1.);
#6582 = DIRECTION('',(-0.257378909293,0.621476247155,0.739948222022));
#6583 = ORIENTED_EDGE('',*,*,#6584,.F.);
#6584 = EDGE_CURVE('',#6546,#6577,#6585,.T.);
#6585 = LINE('',#6586,#6587);
#6586 = CARTESIAN_POINT('',(22.049999237061,5.04736995697,1.200000047684
    ));
#6587 = VECTOR('',#6588,1.);
#6588 = DIRECTION('',(-0.896805165756,-0.442425693956,0.));
#6589 = PLANE('',#6590);
#6590 = AXIS2_PLACEMENT_3D('',#6591,#6592,#6593);
#6591 = CARTESIAN_POINT('',(22.154604806865,4.517757440137,
    0.625384344612));
#6592 = DIRECTION('',(-0.327691464132,0.664236733586,-0.671868935202));
#6593 = DIRECTION('',(0.,-0.711134366749,-0.703056123242));
#6594 = ADVANCED_FACE('',(#6595),#6610,.T.);
#6595 = FACE_BOUND('',#6596,.T.);
#6596 = EDGE_LOOP('',(#6597,#6603,#6604));
#6597 = ORIENTED_EDGE('',*,*,#6598,.T.);
#6598 = EDGE_CURVE('',#6521,#6577,#6599,.T.);
#6599 = LINE('',#6600,#6601);
#6600 = CARTESIAN_POINT('',(22.337299346924,3.975480079651,
    1.907349940211E-07));
#6601 = VECTOR('',#6602,1.);
#6602 = DIRECTION('',(-0.256707675094,0.621728473852,0.739969509067));
#6603 = ORIENTED_EDGE('',*,*,#6576,.F.);
#6604 = ORIENTED_EDGE('',*,*,#6605,.T.);
#6605 = EDGE_CURVE('',#6544,#6521,#6606,.T.);
#6606 = LINE('',#6607,#6608);
#6607 = CARTESIAN_POINT('',(22.338399887085,3.975860118866,
    1.907349940211E-07));
#6608 = VECTOR('',#6609,1.);
#6609 = DIRECTION('',(-0.94522926632,-0.32640715999,0.));
#6610 = PLANE('',#6611);
#6611 = AXIS2_PLACEMENT_3D('',#6612,#6613,#6614);
#6612 = CARTESIAN_POINT('',(22.129499368637,4.47951910108,0.599784811069
    ));
#6613 = DIRECTION('',(-0.241722014556,0.699992985046,-0.671997238511));
#6614 = DIRECTION('',(1.387778780781E-17,0.692533958849,0.721385275592)
  );
#6615 = ADVANCED_FACE('',(#6616),#6626,.T.);
#6616 = FACE_BOUND('',#6617,.T.);
#6617 = EDGE_LOOP('',(#6618,#6619,#6620));
#6618 = ORIENTED_EDGE('',*,*,#6598,.F.);
#6619 = ORIENTED_EDGE('',*,*,#6529,.T.);
#6620 = ORIENTED_EDGE('',*,*,#6621,.F.);
#6621 = EDGE_CURVE('',#6577,#6445,#6622,.T.);
#6622 = LINE('',#6623,#6624);
#6623 = CARTESIAN_POINT('',(21.920999526978,4.983729839325,
    1.200000047684));
#6624 = VECTOR('',#6625,1.);
#6625 = DIRECTION('',(-0.946967035763,-0.321330722431,0.));
#6626 = PLANE('',#6627);
#6627 = AXIS2_PLACEMENT_3D('',#6628,#6629,#6630);
#6628 = CARTESIAN_POINT('',(22.084694183513,4.488852118893,
    0.625400816853));
#6629 = DIRECTION('',(-0.237998288565,0.701384953588,-0.671874959736));
#6630 = DIRECTION('',(1.387778780781E-17,0.691752058278,0.722135091149)
  );
#6631 = ADVANCED_FACE('',(#6632),#6649,.T.);
#6632 = FACE_BOUND('',#6633,.T.);
#6633 = EDGE_LOOP('',(#6634,#6642,#6648));
#6634 = ORIENTED_EDGE('',*,*,#6635,.T.);
#6635 = EDGE_CURVE('',#6546,#6636,#6638,.T.);
#6636 = VERTEX_POINT('',#6637);
#6637 = CARTESIAN_POINT('',(22.596399307251,4.103280067444,
    1.907349940211E-07));
#6638 = LINE('',#6639,#6640);
#6639 = CARTESIAN_POINT('',(22.049999237061,5.04736995697,1.200000047684
    ));
#6640 = VECTOR('',#6641,1.);
#6641 = DIRECTION('',(0.336933786577,-0.582166435734,-0.739971529566));
#6642 = ORIENTED_EDGE('',*,*,#6643,.T.);
#6643 = EDGE_CURVE('',#6636,#6554,#6644,.T.);
#6644 = LINE('',#6645,#6646);
#6645 = CARTESIAN_POINT('',(22.596399307251,4.103280067444,
    1.907349940211E-07));
#6646 = VECTOR('',#6647,1.);
#6647 = DIRECTION('',(-0.805915135179,-0.592031075949,0.));
#6648 = ORIENTED_EDGE('',*,*,#6553,.F.);
#6649 = PLANE('',#6650);
#6650 = AXIS2_PLACEMENT_3D('',#6651,#6652,#6653);
#6651 = CARTESIAN_POINT('',(22.323068460214,4.574997788932,
    0.599793981949));
#6652 = DIRECTION('',(-0.439261997967,0.597954916506,-0.670446727913));
#6653 = DIRECTION('',(-2.775557561563E-17,-0.746301563342,
    -0.665607975127));
#6654 = ADVANCED_FACE('',(#6655),#6672,.T.);
#6655 = FACE_BOUND('',#6656,.T.);
#6656 = EDGE_LOOP('',(#6657,#6658,#6666));
#6657 = ORIENTED_EDGE('',*,*,#6635,.F.);
#6658 = ORIENTED_EDGE('',*,*,#6659,.F.);
#6659 = EDGE_CURVE('',#6660,#6546,#6662,.T.);
#6660 = VERTEX_POINT('',#6661);
#6661 = CARTESIAN_POINT('',(22.169599533081,5.127309799194,
    1.200000047684));
#6662 = LINE('',#6663,#6664);
#6663 = CARTESIAN_POINT('',(22.169599533081,5.127309799194,
    1.200000047684));
#6664 = VECTOR('',#6665,1.);
#6665 = DIRECTION('',(-0.831387786048,-0.555692675145,0.));
#6666 = ORIENTED_EDGE('',*,*,#6667,.T.);
#6667 = EDGE_CURVE('',#6660,#6636,#6668,.T.);
#6668 = LINE('',#6669,#6670);
#6669 = CARTESIAN_POINT('',(22.169599533081,5.127309799194,
    1.200000047684));
#6670 = VECTOR('',#6671,1.);
#6671 = DIRECTION('',(0.261158362343,-0.626602786411,-0.734278733071));
#6672 = PLANE('',#6673);
#6673 = AXIS2_PLACEMENT_3D('',#6674,#6675,#6676);
#6674 = CARTESIAN_POINT('',(22.342915124127,4.616203229529,
    0.625388024857));
#6675 = DIRECTION('',(-0.411584259232,0.615783042247,-0.671870257144));
#6676 = DIRECTION('',(2.775557561563E-17,-0.737207714755,-0.675666178898
    ));
#6677 = ADVANCED_FACE('',(#6678),#6695,.T.);
#6678 = FACE_BOUND('',#6679,.T.);
#6679 = EDGE_LOOP('',(#6680,#6688,#6689));
#6680 = ORIENTED_EDGE('',*,*,#6681,.T.);
#6681 = EDGE_CURVE('',#6682,#6476,#6684,.T.);
#6682 = VERTEX_POINT('',#6683);
#6683 = CARTESIAN_POINT('',(21.5,3.809089899063,1.907349940211E-07));
#6684 = LINE('',#6685,#6686);
#6685 = CARTESIAN_POINT('',(21.5,3.809089899063,1.907349940211E-07));
#6686 = VECTOR('',#6687,1.);
#6687 = DIRECTION('',(8.786025764688E-02,0.673217933602,0.734205821962)
  );
#6688 = ORIENTED_EDGE('',*,*,#6475,.F.);
#6689 = ORIENTED_EDGE('',*,*,#6690,.T.);
#6690 = EDGE_CURVE('',#6443,#6682,#6691,.T.);
#6691 = LINE('',#6692,#6693);
#6692 = CARTESIAN_POINT('',(21.785999298096,3.827830076218,
    1.907349940211E-07));
#6693 = VECTOR('',#6694,1.);
#6694 = DIRECTION('',(-0.997860108781,-6.53850388393E-02,0.));
#6695 = PLANE('',#6696);
#6696 = AXIS2_PLACEMENT_3D('',#6697,#6698,#6699);
#6697 = CARTESIAN_POINT('',(21.643020191793,4.319789148022,
    0.551459935816));
#6698 = DIRECTION('',(-4.842784079485E-02,0.73907137384,-0.671884103552)
  );
#6699 = DIRECTION('',(0.,0.672673362117,0.739939556922));
#6700 = ADVANCED_FACE('',(#6701),#6718,.T.);
#6701 = FACE_BOUND('',#6702,.T.);
#6702 = EDGE_LOOP('',(#6703,#6704,#6712));
#6703 = ORIENTED_EDGE('',*,*,#6681,.F.);
#6704 = ORIENTED_EDGE('',*,*,#6705,.T.);
#6705 = EDGE_CURVE('',#6682,#6706,#6708,.T.);
#6706 = VERTEX_POINT('',#6707);
#6707 = CARTESIAN_POINT('',(21.5,4.900000095367,1.200000047684));
#6708 = LINE('',#6709,#6710);
#6709 = CARTESIAN_POINT('',(21.5,3.809089899063,1.907349940211E-07));
#6710 = VECTOR('',#6711,1.);
#6711 = DIRECTION('',(0.,0.672673211087,0.739939694222));
#6712 = ORIENTED_EDGE('',*,*,#6713,.F.);
#6713 = EDGE_CURVE('',#6476,#6706,#6714,.T.);
#6714 = LINE('',#6715,#6716);
#6715 = CARTESIAN_POINT('',(21.643600463867,4.909409999847,
    1.200000047684));
#6716 = VECTOR('',#6717,1.);
#6717 = DIRECTION('',(-0.997859905953,-6.538813417835E-02,0.));
#6718 = PLANE('',#6719);
#6719 = AXIS2_PLACEMENT_3D('',#6720,#6721,#6722);
#6720 = CARTESIAN_POINT('',(21.53755331634,4.38009219459,0.62539511915)
  );
#6721 = DIRECTION('',(-4.843014678649E-02,0.739071428248,-0.671883877489
    ));
#6722 = DIRECTION('',(3.469446951954E-18,0.672673211087,0.739939694222)
  );
#6723 = ADVANCED_FACE('',(#6724),#6741,.T.);
#6724 = FACE_BOUND('',#6725,.T.);
#6725 = EDGE_LOOP('',(#6726,#6734,#6735));
#6726 = ORIENTED_EDGE('',*,*,#6727,.T.);
#6727 = EDGE_CURVE('',#6728,#6636,#6730,.T.);
#6728 = VERTEX_POINT('',#6729);
#6729 = CARTESIAN_POINT('',(22.833700180054,4.261839866638,
    1.907349940211E-07));
#6730 = LINE('',#6731,#6732);
#6731 = CARTESIAN_POINT('',(22.833700180054,4.261839866638,
    1.907349940211E-07));
#6732 = VECTOR('',#6733,1.);
#6733 = DIRECTION('',(-0.83146892404,-0.555571263076,0.));
#6734 = ORIENTED_EDGE('',*,*,#6667,.F.);
#6735 = ORIENTED_EDGE('',*,*,#6736,.F.);
#6736 = EDGE_CURVE('',#6728,#6660,#6737,.T.);
#6737 = LINE('',#6738,#6739);
#6738 = CARTESIAN_POINT('',(22.833700180054,4.261839866638,
    1.907349940211E-07));
#6739 = VECTOR('',#6740,1.);
#6740 = DIRECTION('',(-0.40949674453,0.533664771275,0.73994211133));
#6741 = PLANE('',#6742);
#6742 = AXIS2_PLACEMENT_3D('',#6743,#6744,#6745);
#6743 = CARTESIAN_POINT('',(22.464093846427,4.616726475246,
    0.551646500327));
#6744 = DIRECTION('',(-0.411488997227,0.615835152963,-0.671880844746));
#6745 = DIRECTION('',(2.775557561563E-17,-0.737184538072,-0.675691465706
    ));
#6746 = ADVANCED_FACE('',(#6747),#6773,.T.);
#6747 = FACE_BOUND('',#6748,.T.);
#6748 = EDGE_LOOP('',(#6749,#6759,#6767));
#6749 = ORIENTED_EDGE('',*,*,#6750,.T.);
#6750 = EDGE_CURVE('',#6751,#6753,#6755,.T.);
#6751 = VERTEX_POINT('',#6752);
#6752 = CARTESIAN_POINT('',(23.524499893188,6.837299823761,
    1.907349940211E-07));
#6753 = VERTEX_POINT('',#6754);
#6754 = CARTESIAN_POINT('',(22.516300201416,6.420949935913,
    1.200000047684));
#6755 = LINE('',#6756,#6757);
#6756 = CARTESIAN_POINT('',(23.524499893188,6.837299823761,
    1.907349940211E-07));
#6757 = VECTOR('',#6758,1.);
#6758 = DIRECTION('',(-0.621704605742,-0.256741442184,0.739977847685));
#6759 = ORIENTED_EDGE('',*,*,#6760,.T.);
#6760 = EDGE_CURVE('',#6753,#6761,#6763,.T.);
#6761 = VERTEX_POINT('',#6762);
#6762 = CARTESIAN_POINT('',(23.524099349976,6.838419914246,
    1.907349940211E-07));
#6763 = LINE('',#6764,#6765);
#6764 = CARTESIAN_POINT('',(22.516300201416,6.420949935913,
    1.200000047684));
#6765 = VECTOR('',#6766,1.);
#6766 = DIRECTION('',(0.621442670075,0.257425954747,-0.739960056781));
#6767 = ORIENTED_EDGE('',*,*,#6768,.T.);
#6768 = EDGE_CURVE('',#6761,#6751,#6769,.T.);
#6769 = LINE('',#6770,#6771);
#6770 = CARTESIAN_POINT('',(23.524099349976,6.838419914246,
    1.907349940211E-07));
#6771 = VECTOR('',#6772,1.);
#6772 = DIRECTION('',(0.336717271378,-0.941605798175,0.));
#6773 = PLANE('',#6774);
#6774 = AXIS2_PLACEMENT_3D('',#6775,#6776,#6777);
#6775 = CARTESIAN_POINT('',(23.0204846913,6.629481331498,0.599780141723)
  );
#6776 = DIRECTION('',(-0.697133678016,-0.249294290979,-0.672203087958));
#6777 = DIRECTION('',(0.694117935193,0.,-0.71986130056));
#6778 = ADVANCED_FACE('',(#6779),#6796,.T.);
#6779 = FACE_BOUND('',#6780,.T.);
#6780 = EDGE_LOOP('',(#6781,#6782,#6790));
#6781 = ORIENTED_EDGE('',*,*,#6750,.F.);
#6782 = ORIENTED_EDGE('',*,*,#6783,.T.);
#6783 = EDGE_CURVE('',#6751,#6784,#6786,.T.);
#6784 = VERTEX_POINT('',#6785);
#6785 = CARTESIAN_POINT('',(22.5625,6.28469991684,1.200000047684));
#6786 = LINE('',#6787,#6788);
#6787 = CARTESIAN_POINT('',(23.524499893188,6.837299823761,
    1.907349940211E-07));
#6788 = VECTOR('',#6789,1.);
#6789 = DIRECTION('',(-0.588645079637,-0.338134357935,0.73427660061));
#6790 = ORIENTED_EDGE('',*,*,#6791,.F.);
#6791 = EDGE_CURVE('',#6753,#6784,#6792,.T.);
#6792 = LINE('',#6793,#6794);
#6793 = CARTESIAN_POINT('',(22.516300201416,6.420949935913,
    1.200000047684));
#6794 = VECTOR('',#6795,1.);
#6795 = DIRECTION('',(0.321122517447,-0.947037659646,0.));
#6796 = PLANE('',#6797);
#6797 = AXIS2_PLACEMENT_3D('',#6798,#6799,#6800);
#6798 = CARTESIAN_POINT('',(23.011149493149,6.584685437991,
    0.625390371911));
#6799 = DIRECTION('',(-0.70145087777,-0.237848695287,-0.671859110399));
#6800 = DIRECTION('',(0.691709643138,0.,-0.72217571933));
#6801 = ADVANCED_FACE('',(#6802),#6826,.T.);
#6802 = FACE_BOUND('',#6803,.T.);
#6803 = EDGE_LOOP('',(#6804,#6814,#6820));
#6804 = ORIENTED_EDGE('',*,*,#6805,.T.);
#6805 = EDGE_CURVE('',#6806,#6808,#6810,.T.);
#6806 = VERTEX_POINT('',#6807);
#6807 = CARTESIAN_POINT('',(23.616300582886,6.567049980164,
    1.907349940211E-07));
#6808 = VERTEX_POINT('',#6809);
#6809 = CARTESIAN_POINT('',(23.671899795532,6.287139892578,
    1.907349940211E-07));
#6810 = LINE('',#6811,#6812);
#6811 = CARTESIAN_POINT('',(23.616300582886,6.567049980164,
    1.907349940211E-07));
#6812 = VECTOR('',#6813,1.);
#6813 = DIRECTION('',(0.194826164351,-0.980837787651,0.));
#6814 = ORIENTED_EDGE('',*,*,#6815,.T.);
#6815 = EDGE_CURVE('',#6808,#6784,#6816,.T.);
#6816 = LINE('',#6817,#6818);
#6817 = CARTESIAN_POINT('',(23.671899795532,6.287139892578,
    1.907349940211E-07));
#6818 = VECTOR('',#6819,1.);
#6819 = DIRECTION('',(-0.678843323386,-1.493024648095E-03,0.734281630692
    ));
#6820 = ORIENTED_EDGE('',*,*,#6821,.T.);
#6821 = EDGE_CURVE('',#6784,#6806,#6822,.T.);
#6822 = LINE('',#6823,#6824);
#6823 = CARTESIAN_POINT('',(22.5625,6.28469991684,1.200000047684));
#6824 = VECTOR('',#6825,1.);
#6825 = DIRECTION('',(0.649774485248,0.174097329263,-0.73992110273));
#6826 = PLANE('',#6827);
#6827 = AXIS2_PLACEMENT_3D('',#6828,#6829,#6830);
#6828 = CARTESIAN_POINT('',(23.146928288645,6.361388614051,
    0.551650311658));
#6829 = DIRECTION('',(-0.726451514017,-0.144296808141,-0.671897781618));
#6830 = DIRECTION('',(0.679003930023,1.387778780781E-17,-0.734134635481)
  );
#6831 = ADVANCED_FACE('',(#6832),#6842,.T.);
#6832 = FACE_BOUND('',#6833,.T.);
#6833 = EDGE_LOOP('',(#6834,#6840,#6841));
#6834 = ORIENTED_EDGE('',*,*,#6835,.T.);
#6835 = EDGE_CURVE('',#6751,#6806,#6836,.T.);
#6836 = LINE('',#6837,#6838);
#6837 = CARTESIAN_POINT('',(23.524499893188,6.837299823761,
    1.907349940211E-07));
#6838 = VECTOR('',#6839,1.);
#6839 = DIRECTION('',(0.321638102483,-0.946862678022,0.));
#6840 = ORIENTED_EDGE('',*,*,#6821,.F.);
#6841 = ORIENTED_EDGE('',*,*,#6783,.F.);
#6842 = PLANE('',#6843);
#6843 = AXIS2_PLACEMENT_3D('',#6844,#6845,#6846);
#6844 = CARTESIAN_POINT('',(23.106983931665,6.51049792655,0.55164462039)
  );
#6845 = DIRECTION('',(-0.701287367882,-0.23821906126,-0.671898583494));
#6846 = DIRECTION('',(0.691814932907,0.,-0.722074856651));
#6847 = ADVANCED_FACE('',(#6848),#6865,.T.);
#6848 = FACE_BOUND('',#6849,.T.);
#6849 = EDGE_LOOP('',(#6850,#6858,#6864));
#6850 = ORIENTED_EDGE('',*,*,#6851,.T.);
#6851 = EDGE_CURVE('',#6753,#6852,#6854,.T.);
#6852 = VERTEX_POINT('',#6853);
#6853 = CARTESIAN_POINT('',(23.397399902344,7.095449924469,
    1.907349940211E-07));
#6854 = LINE('',#6855,#6856);
#6855 = CARTESIAN_POINT('',(22.516300201416,6.420949935913,
    1.200000047684));
#6856 = VECTOR('',#6857,1.);
#6857 = DIRECTION('',(0.539094390859,0.412687871852,-0.734211112808));
#6858 = ORIENTED_EDGE('',*,*,#6859,.T.);
#6859 = EDGE_CURVE('',#6852,#6761,#6860,.T.);
#6860 = LINE('',#6861,#6862);
#6861 = CARTESIAN_POINT('',(23.397399902344,7.095449924469,
    1.907349940211E-07));
#6862 = VECTOR('',#6863,1.);
#6863 = DIRECTION('',(0.442137873571,-0.89694710031,0.));
#6864 = ORIENTED_EDGE('',*,*,#6760,.F.);
#6865 = PLANE('',#6866);
#6866 = AXIS2_PLACEMENT_3D('',#6867,#6868,#6869);
#6867 = CARTESIAN_POINT('',(23.026608811476,6.716254633132,
    0.551467174507));
#6868 = DIRECTION('',(-0.664344505934,-0.327479588341,-0.671865683493));
#6869 = DIRECTION('',(-0.711075635947,0.,0.703115523909));
#6870 = ADVANCED_FACE('',(#6871),#6888,.T.);
#6871 = FACE_BOUND('',#6872,.T.);
#6872 = EDGE_LOOP('',(#6873,#6874,#6882));
#6873 = ORIENTED_EDGE('',*,*,#6851,.F.);
#6874 = ORIENTED_EDGE('',*,*,#6875,.F.);
#6875 = EDGE_CURVE('',#6876,#6753,#6878,.T.);
#6876 = VERTEX_POINT('',#6877);
#6877 = CARTESIAN_POINT('',(22.452600479126,6.550000190735,
    1.200000047684));
#6878 = LINE('',#6879,#6880);
#6879 = CARTESIAN_POINT('',(22.452600479126,6.550000190735,
    1.200000047684));
#6880 = VECTOR('',#6881,1.);
#6881 = DIRECTION('',(0.442619429381,-0.8967095632,0.));
#6882 = ORIENTED_EDGE('',*,*,#6883,.T.);
#6883 = EDGE_CURVE('',#6876,#6852,#6884,.T.);
#6884 = LINE('',#6885,#6886);
#6885 = CARTESIAN_POINT('',(22.452600479126,6.550000190735,
    1.200000047684));
#6886 = VECTOR('',#6887,1.);
#6887 = DIRECTION('',(0.582570448817,0.3363284189,-0.739928960648));
#6888 = PLANE('',#6889);
#6889 = AXIS2_PLACEMENT_3D('',#6890,#6891,#6892);
#6890 = CARTESIAN_POINT('',(22.921663159352,6.777433509763,
    0.625396195946));
#6891 = DIRECTION('',(-0.664136753146,-0.32782055949,-0.671904795262));
#6892 = DIRECTION('',(-0.711206035843,2.775557561563E-17,0.702983623266)
  );
#6893 = ADVANCED_FACE('',(#6894),#6911,.T.);
#6894 = FACE_BOUND('',#6895,.T.);
#6895 = EDGE_LOOP('',(#6896,#6904,#6905));
#6896 = ORIENTED_EDGE('',*,*,#6897,.T.);
#6897 = EDGE_CURVE('',#6898,#6784,#6900,.T.);
#6898 = VERTEX_POINT('',#6899);
#6899 = CARTESIAN_POINT('',(23.672199249268,6.285970211029,
    1.907349940211E-07));
#6900 = LINE('',#6901,#6902);
#6901 = CARTESIAN_POINT('',(23.672199249268,6.285970211029,
    1.907349940211E-07));
#6902 = VECTOR('',#6903,1.);
#6903 = DIRECTION('',(-0.678942652201,-7.771987830322E-04,0.734190895466
    ));
#6904 = ORIENTED_EDGE('',*,*,#6815,.F.);
#6905 = ORIENTED_EDGE('',*,*,#6906,.T.);
#6906 = EDGE_CURVE('',#6808,#6898,#6907,.T.);
#6907 = LINE('',#6908,#6909);
#6908 = CARTESIAN_POINT('',(23.671899795532,6.287139892578,
    1.907349940211E-07));
#6909 = VECTOR('',#6910,1.);
#6910 = DIRECTION('',(0.248014270654,-0.968756378845,0.));
#6911 = PLANE('',#6912);
#6912 = AXIS2_PLACEMENT_3D('',#6913,#6914,#6915);
#6913 = CARTESIAN_POINT('',(23.117479614898,6.285627808762,
    0.599778570865));
#6914 = DIRECTION('',(-0.72146136421,-0.184703520958,-0.667366547931));
#6915 = DIRECTION('',(0.679050089299,1.387778780781E-17,-0.734091939897)
  );
#6916 = ADVANCED_FACE('',(#6917),#6934,.T.);
#6917 = FACE_BOUND('',#6918,.T.);
#6918 = EDGE_LOOP('',(#6919,#6920,#6928));
#6919 = ORIENTED_EDGE('',*,*,#6897,.F.);
#6920 = ORIENTED_EDGE('',*,*,#6921,.F.);
#6921 = EDGE_CURVE('',#6922,#6898,#6924,.T.);
#6922 = VERTEX_POINT('',#6923);
#6923 = CARTESIAN_POINT('',(22.590599060059,6.143579959869,
    1.200000047684));
#6924 = LINE('',#6925,#6926);
#6925 = CARTESIAN_POINT('',(22.590599060059,6.143579959869,
    1.200000047684));
#6926 = VECTOR('',#6927,1.);
#6927 = DIRECTION('',(0.66692630777,8.779936007394E-02,-0.739932816122)
  );
#6928 = ORIENTED_EDGE('',*,*,#6929,.F.);
#6929 = EDGE_CURVE('',#6784,#6922,#6930,.T.);
#6930 = LINE('',#6931,#6932);
#6931 = CARTESIAN_POINT('',(22.5625,6.28469991684,1.200000047684));
#6932 = VECTOR('',#6933,1.);
#6933 = DIRECTION('',(0.195281217381,-0.980747289641,0.));
#6934 = PLANE('',#6935);
#6935 = AXIS2_PLACEMENT_3D('',#6936,#6937,#6938);
#6936 = CARTESIAN_POINT('',(23.101164634084,6.248666777165,
    0.625391681383));
#6937 = DIRECTION('',(-0.726394734077,-0.144635880688,-0.671886264425));
#6938 = DIRECTION('',(0.679026260972,0.,-0.734113980871));
#6939 = ADVANCED_FACE('',(#6940),#6957,.T.);
#6940 = FACE_BOUND('',#6941,.T.);
#6941 = EDGE_LOOP('',(#6942,#6950,#6951));
#6942 = ORIENTED_EDGE('',*,*,#6943,.T.);
#6943 = EDGE_CURVE('',#6944,#6922,#6946,.T.);
#6944 = VERTEX_POINT('',#6945);
#6945 = CARTESIAN_POINT('',(23.690900802612,6.,1.907349940211E-07));
#6946 = LINE('',#6947,#6948);
#6947 = CARTESIAN_POINT('',(23.690900802612,6.,1.907349940211E-07));
#6948 = VECTOR('',#6949,1.);
#6949 = DIRECTION('',(-0.673212533966,8.784847362507E-02,0.734212183087)
  );
#6950 = ORIENTED_EDGE('',*,*,#6921,.T.);
#6951 = ORIENTED_EDGE('',*,*,#6952,.T.);
#6952 = EDGE_CURVE('',#6898,#6944,#6953,.T.);
#6953 = LINE('',#6954,#6955);
#6954 = CARTESIAN_POINT('',(23.672199249268,6.285970211029,
    1.907349940211E-07));
#6955 = VECTOR('',#6956,1.);
#6956 = DIRECTION('',(6.525746220243E-02,-0.997868460082,0.));
#6957 = PLANE('',#6958);
#6958 = AXIS2_PLACEMENT_3D('',#6959,#6960,#6961);
#6959 = CARTESIAN_POINT('',(23.180215910387,6.143003478461,
    0.551464827353));
#6960 = DIRECTION('',(-0.739074332503,-4.833313933394E-02,
    -0.671887668199));
#6961 = DIRECTION('',(0.672673841721,-3.469446951954E-18,-0.739939120918
    ));
#6962 = ADVANCED_FACE('',(#6963),#6980,.T.);
#6963 = FACE_BOUND('',#6964,.T.);
#6964 = EDGE_LOOP('',(#6965,#6966,#6974));
#6965 = ORIENTED_EDGE('',*,*,#6943,.F.);
#6966 = ORIENTED_EDGE('',*,*,#6967,.F.);
#6967 = EDGE_CURVE('',#6968,#6944,#6970,.T.);
#6968 = VERTEX_POINT('',#6969);
#6969 = CARTESIAN_POINT('',(22.60000038147,6.,1.200000047684));
#6970 = LINE('',#6971,#6972);
#6971 = CARTESIAN_POINT('',(22.60000038147,6.,1.200000047684));
#6972 = VECTOR('',#6973,1.);
#6973 = DIRECTION('',(0.672669910932,0.,-0.739942694354));
#6974 = ORIENTED_EDGE('',*,*,#6975,.F.);
#6975 = EDGE_CURVE('',#6922,#6968,#6976,.T.);
#6976 = LINE('',#6977,#6978);
#6977 = CARTESIAN_POINT('',(22.590599060059,6.143579959869,
    1.200000047684));
#6978 = VECTOR('',#6979,1.);
#6979 = DIRECTION('',(6.533803574754E-02,-0.997863187559,0.));
#6980 = PLANE('',#6981);
#6981 = AXIS2_PLACEMENT_3D('',#6982,#6983,#6984);
#6982 = CARTESIAN_POINT('',(23.119908953342,6.037547672587,0.62539172146
    ));
#6983 = DIRECTION('',(-0.739075751171,-4.839316496713E-02,
    -0.671881786935));
#6984 = DIRECTION('',(0.672669910932,3.469446951954E-18,-0.739942694354)
  );
#6985 = ADVANCED_FACE('',(#6986),#7003,.T.);
#6986 = FACE_BOUND('',#6987,.T.);
#6987 = EDGE_LOOP('',(#6988,#6996,#7002));
#6988 = ORIENTED_EDGE('',*,*,#6989,.T.);
#6989 = EDGE_CURVE('',#6944,#6990,#6992,.T.);
#6990 = VERTEX_POINT('',#6991);
#6991 = CARTESIAN_POINT('',(22.590599060059,5.856420040131,
    1.200000047684));
#6992 = LINE('',#6993,#6994);
#6993 = CARTESIAN_POINT('',(23.690900802612,6.,1.907349940211E-07));
#6994 = VECTOR('',#6995,1.);
#6995 = DIRECTION('',(-0.673212533966,-8.784847362507E-02,0.734212183087
    ));
#6996 = ORIENTED_EDGE('',*,*,#6997,.F.);
#6997 = EDGE_CURVE('',#6968,#6990,#6998,.T.);
#6998 = LINE('',#6999,#7000);
#6999 = CARTESIAN_POINT('',(22.60000038147,6.,1.200000047684));
#7000 = VECTOR('',#7001,1.);
#7001 = DIRECTION('',(-6.533803574754E-02,-0.997863187559,0.));
#7002 = ORIENTED_EDGE('',*,*,#6967,.T.);
#7003 = PLANE('',#7004);
#7004 = AXIS2_PLACEMENT_3D('',#7005,#7006,#7007);
#7005 = CARTESIAN_POINT('',(23.119908953342,5.962452327413,0.62539172146
    ));
#7006 = DIRECTION('',(-0.739075751171,4.839316496713E-02,-0.671881786935
    ));
#7007 = DIRECTION('',(0.672669910932,-3.469446951954E-18,-0.739942694354
    ));
#7008 = ADVANCED_FACE('',(#7009),#7026,.T.);
#7009 = FACE_BOUND('',#7010,.T.);
#7010 = EDGE_LOOP('',(#7011,#7012,#7020));
#7011 = ORIENTED_EDGE('',*,*,#6989,.F.);
#7012 = ORIENTED_EDGE('',*,*,#7013,.T.);
#7013 = EDGE_CURVE('',#6944,#7014,#7016,.T.);
#7014 = VERTEX_POINT('',#7015);
#7015 = CARTESIAN_POINT('',(23.672199249268,5.714029788971,
    1.907349940211E-07));
#7016 = LINE('',#7017,#7018);
#7017 = CARTESIAN_POINT('',(23.690900802612,6.,1.907349940211E-07));
#7018 = VECTOR('',#7019,1.);
#7019 = DIRECTION('',(-6.525746220243E-02,-0.997868460082,0.));
#7020 = ORIENTED_EDGE('',*,*,#7021,.T.);
#7021 = EDGE_CURVE('',#7014,#6990,#7022,.T.);
#7022 = LINE('',#7023,#7024);
#7023 = CARTESIAN_POINT('',(23.672199249268,5.714029788971,
    1.907349940211E-07));
#7024 = VECTOR('',#7025,1.);
#7025 = DIRECTION('',(-0.66692630777,8.779936007394E-02,0.739932816122)
  );
#7026 = PLANE('',#7027);
#7027 = AXIS2_PLACEMENT_3D('',#7028,#7029,#7030);
#7028 = CARTESIAN_POINT('',(23.180215910387,5.856996521539,
    0.551464827353));
#7029 = DIRECTION('',(-0.739074332503,4.833313933394E-02,-0.671887668199
    ));
#7030 = DIRECTION('',(0.672673841721,0.,-0.739939120918));
#7031 = ADVANCED_FACE('',(#7032),#7049,.T.);
#7032 = FACE_BOUND('',#7033,.T.);
#7033 = EDGE_LOOP('',(#7034,#7042,#7048));
#7034 = ORIENTED_EDGE('',*,*,#7035,.T.);
#7035 = EDGE_CURVE('',#7014,#7036,#7038,.T.);
#7036 = VERTEX_POINT('',#7037);
#7037 = CARTESIAN_POINT('',(22.5625,5.71530008316,1.200000047684));
#7038 = LINE('',#7039,#7040);
#7039 = CARTESIAN_POINT('',(23.672199249268,5.714029788971,
    1.907349940211E-07));
#7040 = VECTOR('',#7041,1.);
#7041 = DIRECTION('',(-0.678942652201,7.771987830322E-04,0.734190895466)
  );
#7042 = ORIENTED_EDGE('',*,*,#7043,.F.);
#7043 = EDGE_CURVE('',#6990,#7036,#7044,.T.);
#7044 = LINE('',#7045,#7046);
#7045 = CARTESIAN_POINT('',(22.590599060059,5.856420040131,
    1.200000047684));
#7046 = VECTOR('',#7047,1.);
#7047 = DIRECTION('',(-0.195281217381,-0.980747289641,0.));
#7048 = ORIENTED_EDGE('',*,*,#7021,.F.);
#7049 = PLANE('',#7050);
#7050 = AXIS2_PLACEMENT_3D('',#7051,#7052,#7053);
#7051 = CARTESIAN_POINT('',(23.101164634084,5.751333222835,
    0.625391681383));
#7052 = DIRECTION('',(-0.726394734077,0.144635880688,-0.671886264425));
#7053 = DIRECTION('',(0.679026260972,0.,-0.734113980871));
#7054 = ADVANCED_FACE('',(#7055),#7072,.T.);
#7055 = FACE_BOUND('',#7056,.T.);
#7056 = EDGE_LOOP('',(#7057,#7058,#7066));
#7057 = ORIENTED_EDGE('',*,*,#7035,.F.);
#7058 = ORIENTED_EDGE('',*,*,#7059,.T.);
#7059 = EDGE_CURVE('',#7014,#7060,#7062,.T.);
#7060 = VERTEX_POINT('',#7061);
#7061 = CARTESIAN_POINT('',(23.671899795532,5.712860107422,
    1.907349940211E-07));
#7062 = LINE('',#7063,#7064);
#7063 = CARTESIAN_POINT('',(23.672199249268,5.714029788971,
    1.907349940211E-07));
#7064 = VECTOR('',#7065,1.);
#7065 = DIRECTION('',(-0.248014270654,-0.968756378845,0.));
#7066 = ORIENTED_EDGE('',*,*,#7067,.F.);
#7067 = EDGE_CURVE('',#7036,#7060,#7068,.T.);
#7068 = LINE('',#7069,#7070);
#7069 = CARTESIAN_POINT('',(22.5625,5.71530008316,1.200000047684));
#7070 = VECTOR('',#7071,1.);
#7071 = DIRECTION('',(0.678843323386,-1.493024648095E-03,-0.734281630692
    ));
#7072 = PLANE('',#7073);
#7073 = AXIS2_PLACEMENT_3D('',#7074,#7075,#7076);
#7074 = CARTESIAN_POINT('',(23.117479614898,5.714372191238,
    0.599778570865));
#7075 = DIRECTION('',(-0.721461364218,0.184703520903,-0.667366547938));
#7076 = DIRECTION('',(0.679050089299,0.,-0.734091939897));
#7077 = ADVANCED_FACE('',(#7078),#7102,.T.);
#7078 = FACE_BOUND('',#7079,.T.);
#7079 = EDGE_LOOP('',(#7080,#7090,#7096));
#7080 = ORIENTED_EDGE('',*,*,#7081,.T.);
#7081 = EDGE_CURVE('',#7082,#7084,#7086,.T.);
#7082 = VERTEX_POINT('',#7083);
#7083 = CARTESIAN_POINT('',(23.524499893188,5.162700176239,
    1.907349940211E-07));
#7084 = VERTEX_POINT('',#7085);
#7085 = CARTESIAN_POINT('',(22.516300201416,5.579050064087,
    1.200000047684));
#7086 = LINE('',#7087,#7088);
#7087 = CARTESIAN_POINT('',(23.524499893188,5.162700176239,
    1.907349940211E-07));
#7088 = VECTOR('',#7089,1.);
#7089 = DIRECTION('',(-0.621704605742,0.256741442184,0.739977847685));
#7090 = ORIENTED_EDGE('',*,*,#7091,.F.);
#7091 = EDGE_CURVE('',#7036,#7084,#7092,.T.);
#7092 = LINE('',#7093,#7094);
#7093 = CARTESIAN_POINT('',(22.5625,5.71530008316,1.200000047684));
#7094 = VECTOR('',#7095,1.);
#7095 = DIRECTION('',(-0.321122517447,-0.947037659646,0.));
#7096 = ORIENTED_EDGE('',*,*,#7097,.T.);
#7097 = EDGE_CURVE('',#7036,#7082,#7098,.T.);
#7098 = LINE('',#7099,#7100);
#7099 = CARTESIAN_POINT('',(22.5625,5.71530008316,1.200000047684));
#7100 = VECTOR('',#7101,1.);
#7101 = DIRECTION('',(0.588645079637,-0.338134357935,-0.73427660061));
#7102 = PLANE('',#7103);
#7103 = AXIS2_PLACEMENT_3D('',#7104,#7105,#7106);
#7104 = CARTESIAN_POINT('',(23.011149493149,5.415314562009,
    0.625390371911));
#7105 = DIRECTION('',(-0.70145087777,0.237848695287,-0.671859110399));
#7106 = DIRECTION('',(0.691709643138,1.387778780781E-17,-0.72217571933)
  );
#7107 = ADVANCED_FACE('',(#7108),#7125,.T.);
#7108 = FACE_BOUND('',#7109,.T.);
#7109 = EDGE_LOOP('',(#7110,#7111,#7119));
#7110 = ORIENTED_EDGE('',*,*,#7081,.F.);
#7111 = ORIENTED_EDGE('',*,*,#7112,.T.);
#7112 = EDGE_CURVE('',#7082,#7113,#7115,.T.);
#7113 = VERTEX_POINT('',#7114);
#7114 = CARTESIAN_POINT('',(23.524099349976,5.161580085754,
    1.907349940211E-07));
#7115 = LINE('',#7116,#7117);
#7116 = CARTESIAN_POINT('',(23.524499893188,5.162700176239,
    1.907349940211E-07));
#7117 = VECTOR('',#7118,1.);
#7118 = DIRECTION('',(-0.336717271378,-0.941605798175,0.));
#7119 = ORIENTED_EDGE('',*,*,#7120,.T.);
#7120 = EDGE_CURVE('',#7113,#7084,#7121,.T.);
#7121 = LINE('',#7122,#7123);
#7122 = CARTESIAN_POINT('',(23.524099349976,5.161580085754,
    1.907349940211E-07));
#7123 = VECTOR('',#7124,1.);
#7124 = DIRECTION('',(-0.621442670075,0.257425954747,0.739960056781));
#7125 = PLANE('',#7126);
#7126 = AXIS2_PLACEMENT_3D('',#7127,#7128,#7129);
#7127 = CARTESIAN_POINT('',(23.0204846913,5.370518668502,0.599780141723)
  );
#7128 = DIRECTION('',(-0.697133678059,0.249294290868,-0.672203087955));
#7129 = DIRECTION('',(0.694117935169,0.,-0.719861300583));
#7130 = ADVANCED_FACE('',(#7131),#7148,.T.);
#7131 = FACE_BOUND('',#7132,.T.);
#7132 = EDGE_LOOP('',(#7133,#7141,#7142));
#7133 = ORIENTED_EDGE('',*,*,#7134,.T.);
#7134 = EDGE_CURVE('',#7135,#7082,#7137,.T.);
#7135 = VERTEX_POINT('',#7136);
#7136 = CARTESIAN_POINT('',(23.616300582886,5.432950019836,
    1.907349940211E-07));
#7137 = LINE('',#7138,#7139);
#7138 = CARTESIAN_POINT('',(23.616300582886,5.432950019836,
    1.907349940211E-07));
#7139 = VECTOR('',#7140,1.);
#7140 = DIRECTION('',(-0.321638102483,-0.946862678022,0.));
#7141 = ORIENTED_EDGE('',*,*,#7097,.F.);
#7142 = ORIENTED_EDGE('',*,*,#7143,.T.);
#7143 = EDGE_CURVE('',#7036,#7135,#7144,.T.);
#7144 = LINE('',#7145,#7146);
#7145 = CARTESIAN_POINT('',(22.5625,5.71530008316,1.200000047684));
#7146 = VECTOR('',#7147,1.);
#7147 = DIRECTION('',(0.649774485248,-0.174097329263,-0.73992110273));
#7148 = PLANE('',#7149);
#7149 = AXIS2_PLACEMENT_3D('',#7150,#7151,#7152);
#7150 = CARTESIAN_POINT('',(23.106983931665,5.48950207345,0.55164462039)
  );
#7151 = DIRECTION('',(-0.701287367882,0.23821906126,-0.671898583494));
#7152 = DIRECTION('',(0.691814932907,-1.387778780781E-17,-0.722074856651
    ));
#7153 = ADVANCED_FACE('',(#7154),#7171,.T.);
#7154 = FACE_BOUND('',#7155,.T.);
#7155 = EDGE_LOOP('',(#7156,#7164,#7165));
#7156 = ORIENTED_EDGE('',*,*,#7157,.T.);
#7157 = EDGE_CURVE('',#7158,#7084,#7160,.T.);
#7158 = VERTEX_POINT('',#7159);
#7159 = CARTESIAN_POINT('',(23.397399902344,4.904550075531,
    1.907349940211E-07));
#7160 = LINE('',#7161,#7162);
#7161 = CARTESIAN_POINT('',(23.397399902344,4.904550075531,
    1.907349940211E-07));
#7162 = VECTOR('',#7163,1.);
#7163 = DIRECTION('',(-0.539094390859,0.412687871852,0.734211112808));
#7164 = ORIENTED_EDGE('',*,*,#7120,.F.);
#7165 = ORIENTED_EDGE('',*,*,#7166,.T.);
#7166 = EDGE_CURVE('',#7113,#7158,#7167,.T.);
#7167 = LINE('',#7168,#7169);
#7168 = CARTESIAN_POINT('',(23.524099349976,5.161580085754,
    1.907349940211E-07));
#7169 = VECTOR('',#7170,1.);
#7170 = DIRECTION('',(-0.442137873571,-0.89694710031,0.));
#7171 = PLANE('',#7172);
#7172 = AXIS2_PLACEMENT_3D('',#7173,#7174,#7175);
#7173 = CARTESIAN_POINT('',(23.026608811476,5.283745366868,
    0.551467174507));
#7174 = DIRECTION('',(-0.664344505934,0.327479588341,-0.671865683493));
#7175 = DIRECTION('',(-0.711075635947,2.775557561563E-17,0.703115523909)
  );
#7176 = ADVANCED_FACE('',(#7177),#7194,.T.);
#7177 = FACE_BOUND('',#7178,.T.);
#7178 = EDGE_LOOP('',(#7179,#7180,#7188));
#7179 = ORIENTED_EDGE('',*,*,#7157,.F.);
#7180 = ORIENTED_EDGE('',*,*,#7181,.T.);
#7181 = EDGE_CURVE('',#7158,#7182,#7184,.T.);
#7182 = VERTEX_POINT('',#7183);
#7183 = CARTESIAN_POINT('',(22.452600479126,5.449999809265,
    1.200000047684));
#7184 = LINE('',#7185,#7186);
#7185 = CARTESIAN_POINT('',(23.397399902344,4.904550075531,
    1.907349940211E-07));
#7186 = VECTOR('',#7187,1.);
#7187 = DIRECTION('',(-0.582570448817,0.3363284189,0.739928960648));
#7188 = ORIENTED_EDGE('',*,*,#7189,.F.);
#7189 = EDGE_CURVE('',#7084,#7182,#7190,.T.);
#7190 = LINE('',#7191,#7192);
#7191 = CARTESIAN_POINT('',(22.516300201416,5.579050064087,
    1.200000047684));
#7192 = VECTOR('',#7193,1.);
#7193 = DIRECTION('',(-0.442619429381,-0.8967095632,0.));
#7194 = PLANE('',#7195);
#7195 = AXIS2_PLACEMENT_3D('',#7196,#7197,#7198);
#7196 = CARTESIAN_POINT('',(22.921663159352,5.222566490237,
    0.625396195946));
#7197 = DIRECTION('',(-0.664136753146,0.32782055949,-0.671904795262));
#7198 = DIRECTION('',(-0.711206035843,-2.775557561563E-17,0.702983623266
    ));
#7199 = ADVANCED_FACE('',(#7200),#7217,.T.);
#7200 = FACE_BOUND('',#7201,.T.);
#7201 = EDGE_LOOP('',(#7202,#7210,#7211));
#7202 = ORIENTED_EDGE('',*,*,#7203,.T.);
#7203 = EDGE_CURVE('',#7204,#7182,#7206,.T.);
#7204 = VERTEX_POINT('',#7205);
#7205 = CARTESIAN_POINT('',(23.396699905396,4.903560161591,
    1.907349940211E-07));
#7206 = LINE('',#7207,#7208);
#7207 = CARTESIAN_POINT('',(23.396699905396,4.903560161591,
    1.907349940211E-07));
#7208 = VECTOR('',#7209,1.);
#7209 = DIRECTION('',(-0.582165536157,0.33695426733,0.739962911395));
#7210 = ORIENTED_EDGE('',*,*,#7181,.F.);
#7211 = ORIENTED_EDGE('',*,*,#7212,.T.);
#7212 = EDGE_CURVE('',#7158,#7204,#7213,.T.);
#7213 = LINE('',#7214,#7215);
#7214 = CARTESIAN_POINT('',(23.397399902344,4.904550075531,
    1.907349940211E-07));
#7215 = VECTOR('',#7216,1.);
#7216 = DIRECTION('',(-0.57736241478,-0.816487992563,0.));
#7217 = PLANE('',#7218);
#7218 = AXIS2_PLACEMENT_3D('',#7219,#7220,#7221);
#7219 = CARTESIAN_POINT('',(22.925001645989,5.176925471324,
    0.599775924516));
#7220 = DIRECTION('',(-0.605298090019,0.428023890295,-0.671125749436));
#7221 = DIRECTION('',(-0.74258679239,0.,0.669749845665));
#7222 = ADVANCED_FACE('',(#7223),#7240,.T.);
#7223 = FACE_BOUND('',#7224,.T.);
#7224 = EDGE_LOOP('',(#7225,#7226,#7234));
#7225 = ORIENTED_EDGE('',*,*,#7203,.F.);
#7226 = ORIENTED_EDGE('',*,*,#7227,.F.);
#7227 = EDGE_CURVE('',#7228,#7204,#7230,.T.);
#7228 = VERTEX_POINT('',#7229);
#7229 = CARTESIAN_POINT('',(22.372699737549,5.33035993576,1.200000047684
    ));
#7230 = LINE('',#7231,#7232);
#7231 = CARTESIAN_POINT('',(22.372699737549,5.33035993576,1.200000047684
    ));
#7232 = VECTOR('',#7233,1.);
#7233 = DIRECTION('',(0.626591798845,-0.261161322665,-0.734287056378));
#7234 = ORIENTED_EDGE('',*,*,#7235,.F.);
#7235 = EDGE_CURVE('',#7182,#7228,#7236,.T.);
#7236 = LINE('',#7237,#7238);
#7237 = CARTESIAN_POINT('',(22.452600479126,5.449999809265,
    1.200000047684));
#7238 = VECTOR('',#7239,1.);
#7239 = DIRECTION('',(-0.555377683916,-0.831598237256,0.));
#7240 = PLANE('',#7241);
#7241 = AXIS2_PLACEMENT_3D('',#7242,#7243,#7244);
#7242 = CARTESIAN_POINT('',(22.883780669945,5.157055716273,
    0.625389912833));
#7243 = DIRECTION('',(-0.615924489316,0.411341319664,-0.671889382412));
#7244 = DIRECTION('',(-0.737139992148,0.,0.675740062432));
#7245 = ADVANCED_FACE('',(#7246),#7272,.T.);
#7246 = FACE_BOUND('',#7247,.T.);
#7247 = EDGE_LOOP('',(#7248,#7258,#7266));
#7248 = ORIENTED_EDGE('',*,*,#7249,.T.);
#7249 = EDGE_CURVE('',#7250,#7252,#7254,.T.);
#7250 = VERTEX_POINT('',#7251);
#7251 = CARTESIAN_POINT('',(22.277799606323,5.222179889679,
    1.200000047684));
#7252 = VERTEX_POINT('',#7253);
#7253 = CARTESIAN_POINT('',(23.049999237061,4.451690196991,
    1.907349940211E-07));
#7254 = LINE('',#7255,#7256);
#7255 = CARTESIAN_POINT('',(22.277799606323,5.222179889679,
    1.200000047684));
#7256 = VECTOR('',#7257,1.);
#7257 = DIRECTION('',(0.4761635526,-0.475109148863,-0.739959166334));
#7258 = ORIENTED_EDGE('',*,*,#7259,.T.);
#7259 = EDGE_CURVE('',#7252,#7260,#7262,.T.);
#7260 = VERTEX_POINT('',#7261);
#7261 = CARTESIAN_POINT('',(23.049200057983,4.450789928436,
    1.907349940211E-07));
#7262 = LINE('',#7263,#7264);
#7263 = CARTESIAN_POINT('',(23.049999237061,4.451690196991,
    1.907349940211E-07));
#7264 = VECTOR('',#7265,1.);
#7265 = DIRECTION('',(-0.663871978503,-0.747846238313,0.));
#7266 = ORIENTED_EDGE('',*,*,#7267,.T.);
#7267 = EDGE_CURVE('',#7260,#7250,#7268,.T.);
#7268 = LINE('',#7269,#7270);
#7269 = CARTESIAN_POINT('',(23.049200057983,4.450789928436,
    1.907349940211E-07));
#7270 = VECTOR('',#7271,1.);
#7271 = DIRECTION('',(-0.475656781914,0.47565031337,0.739937433308));
#7272 = PLANE('',#7273);
#7273 = AXIS2_PLACEMENT_3D('',#7274,#7275,#7276);
#7274 = CARTESIAN_POINT('',(22.663842797805,4.836566958653,
    0.599777511606));
#7275 = DIRECTION('',(-0.553801272922,0.491615960583,-0.672025220814));
#7276 = DIRECTION('',(-0.771722402387,0.,0.635959537749));
#7277 = ADVANCED_FACE('',(#7278),#7293,.T.);
#7278 = FACE_BOUND('',#7279,.T.);
#7279 = EDGE_LOOP('',(#7280,#7281,#7287));
#7280 = ORIENTED_EDGE('',*,*,#7249,.F.);
#7281 = ORIENTED_EDGE('',*,*,#7282,.F.);
#7282 = EDGE_CURVE('',#7228,#7250,#7283,.T.);
#7283 = LINE('',#7284,#7285);
#7284 = CARTESIAN_POINT('',(22.372699737549,5.33035993576,1.200000047684
    ));
#7285 = VECTOR('',#7286,1.);
#7286 = DIRECTION('',(-0.659458843897,-0.751740668852,0.));
#7287 = ORIENTED_EDGE('',*,*,#7288,.T.);
#7288 = EDGE_CURVE('',#7228,#7252,#7289,.T.);
#7289 = LINE('',#7290,#7291);
#7290 = CARTESIAN_POINT('',(22.372699737549,5.33035993576,1.200000047684
    ));
#7291 = VECTOR('',#7292,1.);
#7292 = DIRECTION('',(0.414438883873,-0.537657131137,-0.734278707897));
#7293 = PLANE('',#7294);
#7294 = AXIS2_PLACEMENT_3D('',#7295,#7296,#7297);
#7295 = CARTESIAN_POINT('',(22.672373804325,4.881530799216,
    0.625396249097));
#7296 = DIRECTION('',(-0.556775943369,0.488427505837,-0.671892194051));
#7297 = DIRECTION('',(-0.769984812739,0.,0.638062213386));
#7298 = ADVANCED_FACE('',(#7299),#7316,.T.);
#7299 = FACE_BOUND('',#7300,.T.);
#7300 = EDGE_LOOP('',(#7301,#7309,#7310));
#7301 = ORIENTED_EDGE('',*,*,#7302,.T.);
#7302 = EDGE_CURVE('',#7303,#7252,#7305,.T.);
#7303 = VERTEX_POINT('',#7304);
#7304 = CARTESIAN_POINT('',(23.238199234009,4.666259765625,
    1.907349940211E-07));
#7305 = LINE('',#7306,#7307);
#7306 = CARTESIAN_POINT('',(23.238199234009,4.666259765625,
    1.907349940211E-07));
#7307 = VECTOR('',#7308,1.);
#7308 = DIRECTION('',(-0.659400348256,-0.751791979685,0.));
#7309 = ORIENTED_EDGE('',*,*,#7288,.F.);
#7310 = ORIENTED_EDGE('',*,*,#7311,.F.);
#7311 = EDGE_CURVE('',#7303,#7228,#7312,.T.);
#7312 = LINE('',#7313,#7314);
#7313 = CARTESIAN_POINT('',(23.238199234009,4.666259765625,
    1.907349940211E-07));
#7314 = VECTOR('',#7315,1.);
#7315 = DIRECTION('',(-0.53367787322,0.409492516001,0.739935001858));
#7316 = PLANE('',#7317);
#7317 = AXIS2_PLACEMENT_3D('',#7318,#7319,#7320);
#7318 = CARTESIAN_POINT('',(22.789317804005,4.913394524229,
    0.551644960659));
#7319 = DIRECTION('',(-0.556817790302,0.488387552358,-0.671886558211));
#7320 = DIRECTION('',(-0.769958622424,0.,0.638093817361));
#7321 = ADVANCED_FACE('',(#7322),#7332,.T.);
#7322 = FACE_BOUND('',#7323,.T.);
#7323 = EDGE_LOOP('',(#7324,#7330,#7331));
#7324 = ORIENTED_EDGE('',*,*,#7325,.T.);
#7325 = EDGE_CURVE('',#7204,#7303,#7326,.T.);
#7326 = LINE('',#7327,#7328);
#7327 = CARTESIAN_POINT('',(23.396699905396,4.903560161591,
    1.907349940211E-07));
#7328 = VECTOR('',#7329,1.);
#7329 = DIRECTION('',(-0.555428781271,-0.831564109938,0.));
#7330 = ORIENTED_EDGE('',*,*,#7311,.T.);
#7331 = ORIENTED_EDGE('',*,*,#7227,.T.);
#7332 = PLANE('',#7333);
#7333 = AXIS2_PLACEMENT_3D('',#7334,#7335,#7336);
#7334 = CARTESIAN_POINT('',(22.883278583986,5.035867517027,
    0.551651638325));
#7335 = DIRECTION('',(-0.615902568477,0.411381406319,-0.671884934106));
#7336 = DIRECTION('',(-0.737149743307,0.,0.675729425098));
#7337 = ADVANCED_FACE('',(#7338),#7348,.T.);
#7338 = FACE_BOUND('',#7339,.T.);
#7339 = EDGE_LOOP('',(#7340,#7346,#7347));
#7340 = ORIENTED_EDGE('',*,*,#7341,.T.);
#7341 = EDGE_CURVE('',#7060,#7135,#7342,.T.);
#7342 = LINE('',#7343,#7344);
#7343 = CARTESIAN_POINT('',(23.671899795532,5.712860107422,
    1.907349940211E-07));
#7344 = VECTOR('',#7345,1.);
#7345 = DIRECTION('',(-0.194826164351,-0.980837787651,0.));
#7346 = ORIENTED_EDGE('',*,*,#7143,.F.);
#7347 = ORIENTED_EDGE('',*,*,#7067,.T.);
#7348 = PLANE('',#7349);
#7349 = AXIS2_PLACEMENT_3D('',#7350,#7351,#7352);
#7350 = CARTESIAN_POINT('',(23.146928288645,5.638611385949,
    0.551650311658));
#7351 = DIRECTION('',(-0.726451514017,0.144296808141,-0.671897781618));
#7352 = DIRECTION('',(0.679003930023,-1.387778780781E-17,-0.734134635481
    ));
#7353 = ADVANCED_FACE('',(#7354),#7371,.T.);
#7354 = FACE_BOUND('',#7355,.T.);
#7355 = EDGE_LOOP('',(#7356,#7364,#7365));
#7356 = ORIENTED_EDGE('',*,*,#7357,.T.);
#7357 = EDGE_CURVE('',#7358,#7250,#7360,.T.);
#7358 = VERTEX_POINT('',#7359);
#7359 = CARTESIAN_POINT('',(23.048299789429,4.450009822845,
    1.907349940211E-07));
#7360 = LINE('',#7361,#7362);
#7361 = CARTESIAN_POINT('',(23.048299789429,4.450009822845,
    1.907349940211E-07));
#7362 = VECTOR('',#7363,1.);
#7363 = DIRECTION('',(-0.475118281571,0.476147992277,0.739963315285));
#7364 = ORIENTED_EDGE('',*,*,#7267,.F.);
#7365 = ORIENTED_EDGE('',*,*,#7366,.T.);
#7366 = EDGE_CURVE('',#7260,#7358,#7367,.T.);
#7367 = LINE('',#7368,#7369);
#7368 = CARTESIAN_POINT('',(23.049200057983,4.450789928436,
    1.907349940211E-07));
#7369 = VECTOR('',#7370,1.);
#7370 = DIRECTION('',(-0.755741910091,-0.654869578872,0.));
#7371 = PLANE('',#7372);
#7372 = AXIS2_PLACEMENT_3D('',#7373,#7374,#7375);
#7373 = CARTESIAN_POINT('',(22.663416291908,4.836148210804,
    0.599779835845));
#7374 = DIRECTION('',(-0.48512134418,0.559846636732,-0.671735829595));
#7375 = DIRECTION('',(0.,-0.768183720816,-0.640229467514));
#7376 = ADVANCED_FACE('',(#7377),#7392,.T.);
#7377 = FACE_BOUND('',#7378,.T.);
#7378 = EDGE_LOOP('',(#7379,#7380,#7386));
#7379 = ORIENTED_EDGE('',*,*,#7357,.F.);
#7380 = ORIENTED_EDGE('',*,*,#7381,.F.);
#7381 = EDGE_CURVE('',#6660,#7358,#7382,.T.);
#7382 = LINE('',#7383,#7384);
#7383 = CARTESIAN_POINT('',(22.169599533081,5.127309799194,
    1.200000047684));
#7384 = VECTOR('',#7385,1.);
#7385 = DIRECTION('',(0.537670341501,-0.414434964542,-0.734271246908));
#7386 = ORIENTED_EDGE('',*,*,#7387,.F.);
#7387 = EDGE_CURVE('',#7250,#6660,#7388,.T.);
#7388 = LINE('',#7389,#7390);
#7389 = CARTESIAN_POINT('',(22.277799606323,5.222179889679,
    1.200000047684));
#7390 = VECTOR('',#7391,1.);
#7391 = DIRECTION('',(-0.751904660699,-0.659271856838,0.));
#7392 = PLANE('',#7393);
#7393 = AXIS2_PLACEMENT_3D('',#7394,#7395,#7396);
#7394 = CARTESIAN_POINT('',(22.618448868733,4.827627005705,
    0.625395390033));
#7395 = DIRECTION('',(-0.488295645786,0.556904967287,-0.671881105343));
#7396 = DIRECTION('',(2.775557561563E-17,-0.76990699633,-0.638156107079)
  );
#7397 = ADVANCED_FACE('',(#7398),#7408,.T.);
#7398 = FACE_BOUND('',#7399,.T.);
#7399 = EDGE_LOOP('',(#7400,#7406,#7407));
#7400 = ORIENTED_EDGE('',*,*,#7401,.T.);
#7401 = EDGE_CURVE('',#7358,#6728,#7402,.T.);
#7402 = LINE('',#7403,#7404);
#7403 = CARTESIAN_POINT('',(23.048299789429,4.450009822845,
    1.907349940211E-07));
#7404 = VECTOR('',#7405,1.);
#7405 = DIRECTION('',(-0.75188991393,-0.659288675263,0.));
#7406 = ORIENTED_EDGE('',*,*,#6736,.T.);
#7407 = ORIENTED_EDGE('',*,*,#7381,.T.);
#7408 = PLANE('',#7409);
#7409 = AXIS2_PLACEMENT_3D('',#7410,#7411,#7412);
#7410 = CARTESIAN_POINT('',(22.586574100855,4.7106997222,0.551644541808)
  );
#7411 = DIRECTION('',(-0.488307132459,0.556892938665,-0.671882727307));
#7412 = DIRECTION('',(2.775557561563E-17,-0.769914525392,-0.638147023491
    ));
#7413 = ADVANCED_FACE('',(#7414),#7431,.T.);
#7414 = FACE_BOUND('',#7415,.T.);
#7415 = EDGE_LOOP('',(#7416,#7424,#7430));
#7416 = ORIENTED_EDGE('',*,*,#7417,.T.);
#7417 = EDGE_CURVE('',#6876,#7418,#7420,.T.);
#7418 = VERTEX_POINT('',#7419);
#7419 = CARTESIAN_POINT('',(23.396699905396,7.096439838409,
    1.907349940211E-07));
#7420 = LINE('',#7421,#7422);
#7421 = CARTESIAN_POINT('',(22.452600479126,6.550000190735,
    1.200000047684));
#7422 = VECTOR('',#7423,1.);
#7423 = DIRECTION('',(0.582165536157,0.33695426733,-0.739962911395));
#7424 = ORIENTED_EDGE('',*,*,#7425,.T.);
#7425 = EDGE_CURVE('',#7418,#6852,#7426,.T.);
#7426 = LINE('',#7427,#7428);
#7427 = CARTESIAN_POINT('',(23.396699905396,7.096439838409,
    1.907349940211E-07));
#7428 = VECTOR('',#7429,1.);
#7429 = DIRECTION('',(0.57736241478,-0.816487992563,0.));
#7430 = ORIENTED_EDGE('',*,*,#6883,.F.);
#7431 = PLANE('',#7432);
#7432 = AXIS2_PLACEMENT_3D('',#7433,#7434,#7435);
#7433 = CARTESIAN_POINT('',(22.925001645989,6.823074528676,
    0.599775924516));
#7434 = DIRECTION('',(-0.605298089959,-0.428023890388,-0.671125749431));
#7435 = DIRECTION('',(-0.74258679242,0.,0.669749845631));
#7436 = ADVANCED_FACE('',(#7437),#7454,.T.);
#7437 = FACE_BOUND('',#7438,.T.);
#7438 = EDGE_LOOP('',(#7439,#7440,#7448));
#7439 = ORIENTED_EDGE('',*,*,#7417,.F.);
#7440 = ORIENTED_EDGE('',*,*,#7441,.F.);
#7441 = EDGE_CURVE('',#7442,#6876,#7444,.T.);
#7442 = VERTEX_POINT('',#7443);
#7443 = CARTESIAN_POINT('',(22.372699737549,6.66964006424,1.200000047684
    ));
#7444 = LINE('',#7445,#7446);
#7445 = CARTESIAN_POINT('',(22.372699737549,6.66964006424,1.200000047684
    ));
#7446 = VECTOR('',#7447,1.);
#7447 = DIRECTION('',(0.555377683916,-0.831598237256,0.));
#7448 = ORIENTED_EDGE('',*,*,#7449,.F.);
#7449 = EDGE_CURVE('',#7418,#7442,#7450,.T.);
#7450 = LINE('',#7451,#7452);
#7451 = CARTESIAN_POINT('',(23.396699905396,7.096439838409,
    1.907349940211E-07));
#7452 = VECTOR('',#7453,1.);
#7453 = DIRECTION('',(-0.626591798845,-0.261161322665,0.734287056378));
#7454 = PLANE('',#7455);
#7455 = AXIS2_PLACEMENT_3D('',#7456,#7457,#7458);
#7456 = CARTESIAN_POINT('',(22.883780669945,6.842944283727,
    0.625389912833));
#7457 = DIRECTION('',(-0.615924489316,-0.411341319664,-0.671889382412));
#7458 = DIRECTION('',(-0.737139992148,0.,0.675740062432));
#7459 = ADVANCED_FACE('',(#7460),#7477,.T.);
#7460 = FACE_BOUND('',#7461,.T.);
#7461 = EDGE_LOOP('',(#7462,#7470,#7471));
#7462 = ORIENTED_EDGE('',*,*,#7463,.T.);
#7463 = EDGE_CURVE('',#7464,#7418,#7466,.T.);
#7464 = VERTEX_POINT('',#7465);
#7465 = CARTESIAN_POINT('',(23.238199234009,7.333740234375,
    1.907349940211E-07));
#7466 = LINE('',#7467,#7468);
#7467 = CARTESIAN_POINT('',(23.238199234009,7.333740234375,
    1.907349940211E-07));
#7468 = VECTOR('',#7469,1.);
#7469 = DIRECTION('',(0.555428781271,-0.831564109938,0.));
#7470 = ORIENTED_EDGE('',*,*,#7449,.T.);
#7471 = ORIENTED_EDGE('',*,*,#7472,.T.);
#7472 = EDGE_CURVE('',#7442,#7464,#7473,.T.);
#7473 = LINE('',#7474,#7475);
#7474 = CARTESIAN_POINT('',(22.372699737549,6.66964006424,1.200000047684
    ));
#7475 = VECTOR('',#7476,1.);
#7476 = DIRECTION('',(0.53367787322,0.409492516001,-0.739935001858));
#7477 = PLANE('',#7478);
#7478 = AXIS2_PLACEMENT_3D('',#7479,#7480,#7481);
#7479 = CARTESIAN_POINT('',(22.883278583986,6.964132482973,
    0.551651638325));
#7480 = DIRECTION('',(-0.615902568477,-0.411381406319,-0.671884934106));
#7481 = DIRECTION('',(-0.737149743307,0.,0.675729425098));
#7482 = ADVANCED_FACE('',(#7483),#7500,.T.);
#7483 = FACE_BOUND('',#7484,.T.);
#7484 = EDGE_LOOP('',(#7485,#7493,#7494));
#7485 = ORIENTED_EDGE('',*,*,#7486,.T.);
#7486 = EDGE_CURVE('',#7487,#7464,#7489,.T.);
#7487 = VERTEX_POINT('',#7488);
#7488 = CARTESIAN_POINT('',(23.049999237061,7.548309803009,
    1.907349940211E-07));
#7489 = LINE('',#7490,#7491);
#7490 = CARTESIAN_POINT('',(23.049999237061,7.548309803009,
    1.907349940211E-07));
#7491 = VECTOR('',#7492,1.);
#7492 = DIRECTION('',(0.659400348256,-0.751791979685,0.));
#7493 = ORIENTED_EDGE('',*,*,#7472,.F.);
#7494 = ORIENTED_EDGE('',*,*,#7495,.F.);
#7495 = EDGE_CURVE('',#7487,#7442,#7496,.T.);
#7496 = LINE('',#7497,#7498);
#7497 = CARTESIAN_POINT('',(23.049999237061,7.548309803009,
    1.907349940211E-07));
#7498 = VECTOR('',#7499,1.);
#7499 = DIRECTION('',(-0.414438883873,-0.537657131137,0.734278707897));
#7500 = PLANE('',#7501);
#7501 = AXIS2_PLACEMENT_3D('',#7502,#7503,#7504);
#7502 = CARTESIAN_POINT('',(22.789317804005,7.086605475771,
    0.551644960659));
#7503 = DIRECTION('',(-0.556817790302,-0.488387552358,-0.671886558211));
#7504 = DIRECTION('',(-0.769958622424,2.775557561563E-17,0.638093817361)
  );
#7505 = ADVANCED_FACE('',(#7506),#7523,.T.);
#7506 = FACE_BOUND('',#7507,.T.);
#7507 = EDGE_LOOP('',(#7508,#7516,#7517));
#7508 = ORIENTED_EDGE('',*,*,#7509,.T.);
#7509 = EDGE_CURVE('',#7510,#7487,#7512,.T.);
#7510 = VERTEX_POINT('',#7511);
#7511 = CARTESIAN_POINT('',(22.277799606323,6.777820110321,
    1.200000047684));
#7512 = LINE('',#7513,#7514);
#7513 = CARTESIAN_POINT('',(22.277799606323,6.777820110321,
    1.200000047684));
#7514 = VECTOR('',#7515,1.);
#7515 = DIRECTION('',(0.4761635526,0.475109148863,-0.739959166334));
#7516 = ORIENTED_EDGE('',*,*,#7495,.T.);
#7517 = ORIENTED_EDGE('',*,*,#7518,.F.);
#7518 = EDGE_CURVE('',#7510,#7442,#7519,.T.);
#7519 = LINE('',#7520,#7521);
#7520 = CARTESIAN_POINT('',(22.277799606323,6.777820110321,
    1.200000047684));
#7521 = VECTOR('',#7522,1.);
#7522 = DIRECTION('',(0.659458843897,-0.751740668852,0.));
#7523 = PLANE('',#7524);
#7524 = AXIS2_PLACEMENT_3D('',#7525,#7526,#7527);
#7525 = CARTESIAN_POINT('',(22.672373804325,7.118469200784,
    0.625396249097));
#7526 = DIRECTION('',(-0.556775943369,-0.488427505837,-0.671892194051));
#7527 = DIRECTION('',(-0.769984812739,2.775557561563E-17,0.638062213386)
  );
#7528 = ADVANCED_FACE('',(#7529),#7546,.T.);
#7529 = FACE_BOUND('',#7530,.T.);
#7530 = EDGE_LOOP('',(#7531,#7532,#7540));
#7531 = ORIENTED_EDGE('',*,*,#7509,.F.);
#7532 = ORIENTED_EDGE('',*,*,#7533,.F.);
#7533 = EDGE_CURVE('',#7534,#7510,#7536,.T.);
#7534 = VERTEX_POINT('',#7535);
#7535 = CARTESIAN_POINT('',(23.049200057983,7.549210071564,
    1.907349940211E-07));
#7536 = LINE('',#7537,#7538);
#7537 = CARTESIAN_POINT('',(23.049200057983,7.549210071564,
    1.907349940211E-07));
#7538 = VECTOR('',#7539,1.);
#7539 = DIRECTION('',(-0.475656781914,-0.47565031337,0.739937433308));
#7540 = ORIENTED_EDGE('',*,*,#7541,.T.);
#7541 = EDGE_CURVE('',#7534,#7487,#7542,.T.);
#7542 = LINE('',#7543,#7544);
#7543 = CARTESIAN_POINT('',(23.049200057983,7.549210071564,
    1.907349940211E-07));
#7544 = VECTOR('',#7545,1.);
#7545 = DIRECTION('',(0.663871978503,-0.747846238313,0.));
#7546 = PLANE('',#7547);
#7547 = AXIS2_PLACEMENT_3D('',#7548,#7549,#7550);
#7548 = CARTESIAN_POINT('',(22.663842797805,7.163433041347,
    0.599777511606));
#7549 = DIRECTION('',(-0.553801272983,-0.491615960518,-0.672025220811));
#7550 = DIRECTION('',(-0.771722402351,0.,0.635959537792));
#7551 = ADVANCED_FACE('',(#7552),#7569,.T.);
#7552 = FACE_BOUND('',#7553,.T.);
#7553 = EDGE_LOOP('',(#7554,#7562,#7568));
#7554 = ORIENTED_EDGE('',*,*,#7555,.T.);
#7555 = EDGE_CURVE('',#7510,#7556,#7558,.T.);
#7556 = VERTEX_POINT('',#7557);
#7557 = CARTESIAN_POINT('',(23.048299789429,7.549990177155,
    1.907349940211E-07));
#7558 = LINE('',#7559,#7560);
#7559 = CARTESIAN_POINT('',(22.277799606323,6.777820110321,
    1.200000047684));
#7560 = VECTOR('',#7561,1.);
#7561 = DIRECTION('',(0.475118281571,0.476147992277,-0.739963315285));
#7562 = ORIENTED_EDGE('',*,*,#7563,.T.);
#7563 = EDGE_CURVE('',#7556,#7534,#7564,.T.);
#7564 = LINE('',#7565,#7566);
#7565 = CARTESIAN_POINT('',(23.048299789429,7.549990177155,
    1.907349940211E-07));
#7566 = VECTOR('',#7567,1.);
#7567 = DIRECTION('',(0.755741910091,-0.654869578872,0.));
#7568 = ORIENTED_EDGE('',*,*,#7533,.T.);
#7569 = PLANE('',#7570);
#7570 = AXIS2_PLACEMENT_3D('',#7571,#7572,#7573);
#7571 = CARTESIAN_POINT('',(22.663416291908,7.163851789196,
    0.599779835845));
#7572 = DIRECTION('',(-0.48512134402,-0.55984663688,-0.671735829587));
#7573 = DIRECTION('',(-2.775557561563E-17,-0.768183720729,0.640229467618
    ));
#7574 = ADVANCED_FACE('',(#7575),#7592,.T.);
#7575 = FACE_BOUND('',#7576,.T.);
#7576 = EDGE_LOOP('',(#7577,#7578,#7586));
#7577 = ORIENTED_EDGE('',*,*,#7555,.F.);
#7578 = ORIENTED_EDGE('',*,*,#7579,.F.);
#7579 = EDGE_CURVE('',#7580,#7510,#7582,.T.);
#7580 = VERTEX_POINT('',#7581);
#7581 = CARTESIAN_POINT('',(22.169599533081,6.872690200806,
    1.200000047684));
#7582 = LINE('',#7583,#7584);
#7583 = CARTESIAN_POINT('',(22.169599533081,6.872690200806,
    1.200000047684));
#7584 = VECTOR('',#7585,1.);
#7585 = DIRECTION('',(0.751904660699,-0.659271856838,0.));
#7586 = ORIENTED_EDGE('',*,*,#7587,.T.);
#7587 = EDGE_CURVE('',#7580,#7556,#7588,.T.);
#7588 = LINE('',#7589,#7590);
#7589 = CARTESIAN_POINT('',(22.169599533081,6.872690200806,
    1.200000047684));
#7590 = VECTOR('',#7591,1.);
#7591 = DIRECTION('',(0.537670341501,0.414434964542,-0.734271246908));
#7592 = PLANE('',#7593);
#7593 = AXIS2_PLACEMENT_3D('',#7594,#7595,#7596);
#7594 = CARTESIAN_POINT('',(22.618448868733,7.172372994295,
    0.625395390033));
#7595 = DIRECTION('',(-0.488295645786,-0.556904967287,-0.671881105343));
#7596 = DIRECTION('',(2.775557561563E-17,-0.76990699633,0.638156107079)
  );
#7597 = ADVANCED_FACE('',(#7598),#7615,.T.);
#7598 = FACE_BOUND('',#7599,.T.);
#7599 = EDGE_LOOP('',(#7600,#7608,#7609));
#7600 = ORIENTED_EDGE('',*,*,#7601,.T.);
#7601 = EDGE_CURVE('',#7602,#7556,#7604,.T.);
#7602 = VERTEX_POINT('',#7603);
#7603 = CARTESIAN_POINT('',(22.833700180054,7.738160133362,
    1.907349940211E-07));
#7604 = LINE('',#7605,#7606);
#7605 = CARTESIAN_POINT('',(22.833700180054,7.738160133362,
    1.907349940211E-07));
#7606 = VECTOR('',#7607,1.);
#7607 = DIRECTION('',(0.75188991393,-0.659288675263,0.));
#7608 = ORIENTED_EDGE('',*,*,#7587,.F.);
#7609 = ORIENTED_EDGE('',*,*,#7610,.F.);
#7610 = EDGE_CURVE('',#7602,#7580,#7611,.T.);
#7611 = LINE('',#7612,#7613);
#7612 = CARTESIAN_POINT('',(22.833700180054,7.738160133362,
    1.907349940211E-07));
#7613 = VECTOR('',#7614,1.);
#7614 = DIRECTION('',(-0.40949674453,-0.533664771275,0.73994211133));
#7615 = PLANE('',#7616);
#7616 = AXIS2_PLACEMENT_3D('',#7617,#7618,#7619);
#7617 = CARTESIAN_POINT('',(22.586574100855,7.2893002778,0.551644541808)
  );
#7618 = DIRECTION('',(-0.488307132459,-0.556892938665,-0.671882727307));
#7619 = DIRECTION('',(0.,-0.769914525392,0.638147023491));
#7620 = ADVANCED_FACE('',(#7621),#7638,.T.);
#7621 = FACE_BOUND('',#7622,.T.);
#7622 = EDGE_LOOP('',(#7623,#7631,#7632));
#7623 = ORIENTED_EDGE('',*,*,#7624,.T.);
#7624 = EDGE_CURVE('',#7625,#7602,#7627,.T.);
#7625 = VERTEX_POINT('',#7626);
#7626 = CARTESIAN_POINT('',(22.596399307251,7.896719932556,
    1.907349940211E-07));
#7627 = LINE('',#7628,#7629);
#7628 = CARTESIAN_POINT('',(22.596399307251,7.896719932556,
    1.907349940211E-07));
#7629 = VECTOR('',#7630,1.);
#7630 = DIRECTION('',(0.83146892404,-0.555571263076,0.));
#7631 = ORIENTED_EDGE('',*,*,#7610,.T.);
#7632 = ORIENTED_EDGE('',*,*,#7633,.T.);
#7633 = EDGE_CURVE('',#7580,#7625,#7634,.T.);
#7634 = LINE('',#7635,#7636);
#7635 = CARTESIAN_POINT('',(22.169599533081,6.872690200806,
    1.200000047684));
#7636 = VECTOR('',#7637,1.);
#7637 = DIRECTION('',(0.261158362343,0.626602786411,-0.734278733071));
#7638 = PLANE('',#7639);
#7639 = AXIS2_PLACEMENT_3D('',#7640,#7641,#7642);
#7640 = CARTESIAN_POINT('',(22.464093846427,7.383273524754,
    0.551646500327));
#7641 = DIRECTION('',(-0.411488997227,-0.615835152963,-0.671880844746));
#7642 = DIRECTION('',(0.,-0.737184538072,0.675691465706));
#7643 = ADVANCED_FACE('',(#7644),#7661,.T.);
#7644 = FACE_BOUND('',#7645,.T.);
#7645 = EDGE_LOOP('',(#7646,#7654,#7655));
#7646 = ORIENTED_EDGE('',*,*,#7647,.T.);
#7647 = EDGE_CURVE('',#7648,#7625,#7650,.T.);
#7648 = VERTEX_POINT('',#7649);
#7649 = CARTESIAN_POINT('',(22.049999237061,6.95263004303,1.200000047684
    ));
#7650 = LINE('',#7651,#7652);
#7651 = CARTESIAN_POINT('',(22.049999237061,6.95263004303,1.200000047684
    ));
#7652 = VECTOR('',#7653,1.);
#7653 = DIRECTION('',(0.336933786577,0.582166435734,-0.739971529566));
#7654 = ORIENTED_EDGE('',*,*,#7633,.F.);
#7655 = ORIENTED_EDGE('',*,*,#7656,.F.);
#7656 = EDGE_CURVE('',#7648,#7580,#7657,.T.);
#7657 = LINE('',#7658,#7659);
#7658 = CARTESIAN_POINT('',(22.049999237061,6.95263004303,1.200000047684
    ));
#7659 = VECTOR('',#7660,1.);
#7660 = DIRECTION('',(0.831387786048,-0.555692675145,0.));
#7661 = PLANE('',#7662);
#7662 = AXIS2_PLACEMENT_3D('',#7663,#7664,#7665);
#7663 = CARTESIAN_POINT('',(22.342915124127,7.383796770471,
    0.625388024857));
#7664 = DIRECTION('',(-0.411584259232,-0.615783042247,-0.671870257144));
#7665 = DIRECTION('',(2.775557561563E-17,-0.737207714755,0.675666178898)
  );
#7666 = ADVANCED_FACE('',(#7667),#7684,.T.);
#7667 = FACE_BOUND('',#7668,.T.);
#7668 = EDGE_LOOP('',(#7669,#7670,#7678));
#7669 = ORIENTED_EDGE('',*,*,#7647,.F.);
#7670 = ORIENTED_EDGE('',*,*,#7671,.T.);
#7671 = EDGE_CURVE('',#7648,#7672,#7674,.T.);
#7672 = VERTEX_POINT('',#7673);
#7673 = CARTESIAN_POINT('',(22.595500946045,7.897379875183,
    1.907349940211E-07));
#7674 = LINE('',#7675,#7676);
#7675 = CARTESIAN_POINT('',(22.049999237061,6.95263004303,1.200000047684
    ));
#7676 = VECTOR('',#7677,1.);
#7677 = DIRECTION('',(0.336362833291,0.582543968352,-0.739934165529));
#7678 = ORIENTED_EDGE('',*,*,#7679,.T.);
#7679 = EDGE_CURVE('',#7672,#7625,#7680,.T.);
#7680 = LINE('',#7681,#7682);
#7681 = CARTESIAN_POINT('',(22.595500946045,7.897379875183,
    1.907349940211E-07));
#7682 = VECTOR('',#7683,1.);
#7683 = DIRECTION('',(0.805915135179,-0.592031075949,0.));
#7684 = PLANE('',#7685);
#7685 = AXIS2_PLACEMENT_3D('',#7686,#7687,#7688);
#7686 = CARTESIAN_POINT('',(22.323068460214,7.425002211068,
    0.599793981949));
#7687 = DIRECTION('',(-0.439261998333,-0.597954916263,-0.670446727889));
#7688 = DIRECTION('',(-2.775557561563E-17,-0.746301563465,0.66560797499)
  );
#7689 = ADVANCED_FACE('',(#7690),#7707,.T.);
#7690 = FACE_BOUND('',#7691,.T.);
#7691 = EDGE_LOOP('',(#7692,#7700,#7706));
#7692 = ORIENTED_EDGE('',*,*,#7693,.T.);
#7693 = EDGE_CURVE('',#7648,#7694,#7696,.T.);
#7694 = VERTEX_POINT('',#7695);
#7695 = CARTESIAN_POINT('',(22.338399887085,8.024140357971,
    1.907349940211E-07));
#7696 = LINE('',#7697,#7698);
#7697 = CARTESIAN_POINT('',(22.049999237061,6.95263004303,1.200000047684
    ));
#7698 = VECTOR('',#7699,1.);
#7699 = DIRECTION('',(0.176455083942,0.655592983413,-0.734208038263));
#7700 = ORIENTED_EDGE('',*,*,#7701,.T.);
#7701 = EDGE_CURVE('',#7694,#7672,#7702,.T.);
#7702 = LINE('',#7703,#7704);
#7703 = CARTESIAN_POINT('',(22.338399887085,8.024140357971,
    1.907349940211E-07));
#7704 = VECTOR('',#7705,1.);
#7705 = DIRECTION('',(0.896911109592,-0.442210878982,0.));
#7706 = ORIENTED_EDGE('',*,*,#7671,.F.);
#7707 = PLANE('',#7708);
#7708 = AXIS2_PLACEMENT_3D('',#7709,#7710,#7711);
#7709 = CARTESIAN_POINT('',(22.275113187488,7.497592286316,
    0.551453925359));
#7710 = DIRECTION('',(-0.327525294941,-0.664300879212,-0.671886540312));
#7711 = DIRECTION('',(2.775557561563E-17,-0.711109633373,0.703081139929)
  );
#7712 = ADVANCED_FACE('',(#7713),#7730,.T.);
#7713 = FACE_BOUND('',#7714,.T.);
#7714 = EDGE_LOOP('',(#7715,#7716,#7724));
#7715 = ORIENTED_EDGE('',*,*,#7693,.F.);
#7716 = ORIENTED_EDGE('',*,*,#7717,.F.);
#7717 = EDGE_CURVE('',#7718,#7648,#7720,.T.);
#7718 = VERTEX_POINT('',#7719);
#7719 = CARTESIAN_POINT('',(21.920999526978,7.016270160675,
    1.200000047684));
#7720 = LINE('',#7721,#7722);
#7721 = CARTESIAN_POINT('',(21.920999526978,7.016270160675,
    1.200000047684));
#7722 = VECTOR('',#7723,1.);
#7723 = DIRECTION('',(0.896805165756,-0.442425693956,0.));
#7724 = ORIENTED_EDGE('',*,*,#7725,.F.);
#7725 = EDGE_CURVE('',#7694,#7718,#7726,.T.);
#7726 = LINE('',#7727,#7728);
#7727 = CARTESIAN_POINT('',(22.338399887085,8.024140357971,
    1.907349940211E-07));
#7728 = VECTOR('',#7729,1.);
#7729 = DIRECTION('',(-0.257378862261,-0.621476427621,0.73994808681));
#7730 = PLANE('',#7731);
#7731 = AXIS2_PLACEMENT_3D('',#7732,#7733,#7734);
#7732 = CARTESIAN_POINT('',(22.154604808335,7.482242792068,
    0.625384340066));
#7733 = DIRECTION('',(-0.327691406021,-0.664236615793,-0.67186908));
#7734 = DIRECTION('',(0.,-0.711134504838,0.703055983567));
#7735 = ADVANCED_FACE('',(#7736),#7758,.T.);
#7736 = FACE_BOUND('',#7737,.T.);
#7737 = EDGE_LOOP('',(#7738,#7746,#7752));
#7738 = ORIENTED_EDGE('',*,*,#7739,.T.);
#7739 = EDGE_CURVE('',#7740,#7718,#7742,.T.);
#7740 = VERTEX_POINT('',#7741);
#7741 = CARTESIAN_POINT('',(22.337299346924,8.024519920349,
    1.907349940211E-07));
#7742 = LINE('',#7743,#7744);
#7743 = CARTESIAN_POINT('',(22.337299346924,8.024519920349,
    1.907349940211E-07));
#7744 = VECTOR('',#7745,1.);
#7745 = DIRECTION('',(-0.256707675094,-0.621728473852,0.739969509067));
#7746 = ORIENTED_EDGE('',*,*,#7747,.F.);
#7747 = EDGE_CURVE('',#6397,#7718,#7748,.T.);
#7748 = LINE('',#7749,#7750);
#7749 = CARTESIAN_POINT('',(21.784700393677,7.062520027161,
    1.200000047684));
#7750 = VECTOR('',#7751,1.);
#7751 = DIRECTION('',(0.946967035763,-0.321330722431,0.));
#7752 = ORIENTED_EDGE('',*,*,#7753,.T.);
#7753 = EDGE_CURVE('',#6397,#7740,#7754,.T.);
#7754 = LINE('',#7755,#7756);
#7755 = CARTESIAN_POINT('',(21.784700393677,7.062520027161,
    1.200000047684));
#7756 = VECTOR('',#7757,1.);
#7757 = DIRECTION('',(0.338133841104,0.588645195787,-0.734276745496));
#7758 = PLANE('',#7759);
#7759 = AXIS2_PLACEMENT_3D('',#7760,#7761,#7762);
#7760 = CARTESIAN_POINT('',(22.084694183513,7.511147881107,
    0.625400816853));
#7761 = DIRECTION('',(-0.237998288565,-0.701384953588,-0.671874959736));
#7762 = DIRECTION('',(-1.387778780781E-17,0.691752058278,-0.722135091149
    ));
#7763 = ADVANCED_FACE('',(#7764),#7774,.T.);
#7764 = FACE_BOUND('',#7765,.T.);
#7765 = EDGE_LOOP('',(#7766,#7767,#7773));
#7766 = ORIENTED_EDGE('',*,*,#7739,.F.);
#7767 = ORIENTED_EDGE('',*,*,#7768,.T.);
#7768 = EDGE_CURVE('',#7740,#7694,#7769,.T.);
#7769 = LINE('',#7770,#7771);
#7770 = CARTESIAN_POINT('',(22.337299346924,8.024519920349,
    1.907349940211E-07));
#7771 = VECTOR('',#7772,1.);
#7772 = DIRECTION('',(0.945355569036,-0.326041175456,0.));
#7773 = ORIENTED_EDGE('',*,*,#7725,.T.);
#7774 = PLANE('',#7775);
#7775 = AXIS2_PLACEMENT_3D('',#7776,#7777,#7778);
#7776 = CARTESIAN_POINT('',(22.129499358667,7.520480993992,
    0.599784839845));
#7777 = DIRECTION('',(-0.241453487987,-0.700093781607,-0.671988772298));
#7778 = DIRECTION('',(1.387778780781E-17,0.69247752493,-0.721439448233)
  );
#7779 = ADVANCED_FACE('',(#7780),#7797,.T.);
#7780 = FACE_BOUND('',#7781,.T.);
#7781 = EDGE_LOOP('',(#7782,#7790,#7791));
#7782 = ORIENTED_EDGE('',*,*,#7783,.T.);
#7783 = EDGE_CURVE('',#7784,#7740,#7786,.T.);
#7784 = VERTEX_POINT('',#7785);
#7785 = CARTESIAN_POINT('',(22.066999435425,8.11625957489,
    1.907349940211E-07));
#7786 = LINE('',#7787,#7788);
#7787 = CARTESIAN_POINT('',(22.066999435425,8.11625957489,
    1.907349940211E-07));
#7788 = VECTOR('',#7789,1.);
#7789 = DIRECTION('',(0.946945911904,-0.321392968075,0.));
#7790 = ORIENTED_EDGE('',*,*,#7753,.F.);
#7791 = ORIENTED_EDGE('',*,*,#7792,.T.);
#7792 = EDGE_CURVE('',#6397,#7784,#7793,.T.);
#7793 = LINE('',#7794,#7795);
#7794 = CARTESIAN_POINT('',(21.784700393677,7.062520027161,
    1.200000047684));
#7795 = VECTOR('',#7796,1.);
#7796 = DIRECTION('',(0.174071079286,0.649756298227,-0.739943249358));
#7797 = PLANE('',#7798);
#7798 = AXIS2_PLACEMENT_3D('',#7799,#7800,#7801);
#7799 = CARTESIAN_POINT('',(22.010487065648,7.606991406782,
    0.551639625076));
#7800 = DIRECTION('',(-0.238043002215,-0.701365213916,-0.671879725699));
#7801 = DIRECTION('',(-1.387778780781E-17,0.691764769641,-0.722122914387
    ));
#7802 = ADVANCED_FACE('',(#7803),#7813,.T.);
#7803 = FACE_BOUND('',#7804,.T.);
#7804 = EDGE_LOOP('',(#7805,#7811,#7812));
#7805 = ORIENTED_EDGE('',*,*,#7806,.T.);
#7806 = EDGE_CURVE('',#6421,#7784,#7807,.T.);
#7807 = LINE('',#7808,#7809);
#7808 = CARTESIAN_POINT('',(21.787099838257,8.17193031311,
    1.907349940211E-07));
#7809 = VECTOR('',#7810,1.);
#7810 = DIRECTION('',(0.98078846723,-0.195074300074,0.));
#7811 = ORIENTED_EDGE('',*,*,#7792,.F.);
#7812 = ORIENTED_EDGE('',*,*,#6428,.T.);
#7813 = PLANE('',#7814);
#7814 = AXIS2_PLACEMENT_3D('',#7815,#7816,#7817);
#7815 = CARTESIAN_POINT('',(21.861363400964,7.646935966841,
    0.551649176035));
#7816 = DIRECTION('',(-0.144483687716,-0.72643056805,-0.671880267448));
#7817 = DIRECTION('',(0.,0.679004942472,-0.734133699062));
#7818 = ADVANCED_FACE('',(#7819),#7836,.T.);
#7819 = FACE_BOUND('',#7820,.T.);
#7820 = EDGE_LOOP('',(#7821,#7829,#7835));
#7821 = ORIENTED_EDGE('',*,*,#7822,.T.);
#7822 = EDGE_CURVE('',#6682,#7823,#7825,.T.);
#7823 = VERTEX_POINT('',#7824);
#7824 = CARTESIAN_POINT('',(21.356399536133,4.909409999847,
    1.200000047684));
#7825 = LINE('',#7826,#7827);
#7826 = CARTESIAN_POINT('',(21.5,3.809089899063,1.907349940211E-07));
#7827 = VECTOR('',#7828,1.);
#7828 = DIRECTION('',(-8.786025764688E-02,0.673217933602,0.734205821962)
  );
#7829 = ORIENTED_EDGE('',*,*,#7830,.F.);
#7830 = EDGE_CURVE('',#6706,#7823,#7831,.T.);
#7831 = LINE('',#7832,#7833);
#7832 = CARTESIAN_POINT('',(21.5,4.900000095367,1.200000047684));
#7833 = VECTOR('',#7834,1.);
#7834 = DIRECTION('',(-0.997859905953,6.538813417835E-02,0.));
#7835 = ORIENTED_EDGE('',*,*,#6705,.F.);
#7836 = PLANE('',#7837);
#7837 = AXIS2_PLACEMENT_3D('',#7838,#7839,#7840);
#7838 = CARTESIAN_POINT('',(21.46244668366,4.38009219459,0.62539511915)
  );
#7839 = DIRECTION('',(4.843014678649E-02,0.739071428248,-0.671883877489)
  );
#7840 = DIRECTION('',(0.,0.672673211087,0.739939694222));
#7841 = ADVANCED_FACE('',(#7842),#7859,.T.);
#7842 = FACE_BOUND('',#7843,.T.);
#7843 = EDGE_LOOP('',(#7844,#7845,#7853));
#7844 = ORIENTED_EDGE('',*,*,#7822,.F.);
#7845 = ORIENTED_EDGE('',*,*,#7846,.T.);
#7846 = EDGE_CURVE('',#6682,#7847,#7849,.T.);
#7847 = VERTEX_POINT('',#7848);
#7848 = CARTESIAN_POINT('',(21.214000701904,3.827830076218,
    1.907349940211E-07));
#7849 = LINE('',#7850,#7851);
#7850 = CARTESIAN_POINT('',(21.5,3.809089899063,1.907349940211E-07));
#7851 = VECTOR('',#7852,1.);
#7852 = DIRECTION('',(-0.997860108781,6.53850388393E-02,0.));
#7853 = ORIENTED_EDGE('',*,*,#7854,.F.);
#7854 = EDGE_CURVE('',#7823,#7847,#7855,.T.);
#7855 = LINE('',#7856,#7857);
#7856 = CARTESIAN_POINT('',(21.356399536133,4.909409999847,
    1.200000047684));
#7857 = VECTOR('',#7858,1.);
#7858 = DIRECTION('',(-8.780534344099E-02,-0.666919059891,
    -0.739938638819));
#7859 = PLANE('',#7860);
#7860 = AXIS2_PLACEMENT_3D('',#7861,#7862,#7863);
#7861 = CARTESIAN_POINT('',(21.356979808207,4.319789148022,
    0.551459935816));
#7862 = DIRECTION('',(4.842784079485E-02,0.73907137384,-0.671884103552)
  );
#7863 = DIRECTION('',(0.,0.672673362117,0.739939556922));
#7864 = ADVANCED_FACE('',(#7865),#7882,.T.);
#7865 = FACE_BOUND('',#7866,.T.);
#7866 = EDGE_LOOP('',(#7867,#7875,#7881));
#7867 = ORIENTED_EDGE('',*,*,#7868,.T.);
#7868 = EDGE_CURVE('',#7847,#7869,#7871,.T.);
#7869 = VERTEX_POINT('',#7870);
#7870 = CARTESIAN_POINT('',(21.215299606323,4.937479972839,
    1.200000047684));
#7871 = LINE('',#7872,#7873);
#7872 = CARTESIAN_POINT('',(21.214000701904,3.827830076218,
    1.907349940211E-07));
#7873 = VECTOR('',#7874,1.);
#7874 = DIRECTION('',(7.947195414046E-04,0.678926366021,0.734205937011)
  );
#7875 = ORIENTED_EDGE('',*,*,#7876,.F.);
#7876 = EDGE_CURVE('',#7823,#7869,#7877,.T.);
#7877 = LINE('',#7878,#7879);
#7878 = CARTESIAN_POINT('',(21.356399536133,4.909409999847,
    1.200000047684));
#7879 = VECTOR('',#7880,1.);
#7880 = DIRECTION('',(-0.98078068905,0.19511340289,0.));
#7881 = ORIENTED_EDGE('',*,*,#7854,.T.);
#7882 = PLANE('',#7883);
#7883 = AXIS2_PLACEMENT_3D('',#7884,#7885,#7886);
#7884 = CARTESIAN_POINT('',(21.25131382297,4.39884288947,0.625387747723)
  );
#7885 = DIRECTION('',(0.144511946036,0.726421270448,-0.67188424248));
#7886 = DIRECTION('',(0.,0.67901179136,0.734127364423));
#7887 = ADVANCED_FACE('',(#7888),#7905,.T.);
#7888 = FACE_BOUND('',#7889,.T.);
#7889 = EDGE_LOOP('',(#7890,#7891,#7899));
#7890 = ORIENTED_EDGE('',*,*,#7868,.F.);
#7891 = ORIENTED_EDGE('',*,*,#7892,.T.);
#7892 = EDGE_CURVE('',#7847,#7893,#7895,.T.);
#7893 = VERTEX_POINT('',#7894);
#7894 = CARTESIAN_POINT('',(21.212900161743,3.828069925308,
    1.907349940211E-07));
#7895 = LINE('',#7896,#7897);
#7896 = CARTESIAN_POINT('',(21.214000701904,3.827830076218,
    1.907349940211E-07));
#7897 = VECTOR('',#7898,1.);
#7898 = DIRECTION('',(-0.977065429386,0.212939302851,0.));
#7899 = ORIENTED_EDGE('',*,*,#7900,.F.);
#7900 = EDGE_CURVE('',#7869,#7893,#7901,.T.);
#7901 = LINE('',#7902,#7903);
#7902 = CARTESIAN_POINT('',(21.215299606323,4.937479972839,
    1.200000047684));
#7903 = VECTOR('',#7904,1.);
#7904 = DIRECTION('',(-1.468217375659E-03,-0.678846730631,
    -0.734278530702));
#7905 = PLANE('',#7906);
#7906 = AXIS2_PLACEMENT_3D('',#7907,#7908,#7909);
#7907 = CARTESIAN_POINT('',(21.21437471417,4.382523879814,0.599793432768
    ));
#7908 = DIRECTION('',(0.157983108568,0.724900625089,-0.670492670469));
#7909 = DIRECTION('',(-1.387778780781E-17,0.679019928558,0.734119838051)
  );
#7910 = ADVANCED_FACE('',(#7911),#7937,.T.);
#7911 = FACE_BOUND('',#7912,.T.);
#7912 = EDGE_LOOP('',(#7913,#7923,#7931));
#7913 = ORIENTED_EDGE('',*,*,#7914,.T.);
#7914 = EDGE_CURVE('',#7915,#7917,#7919,.T.);
#7915 = VERTEX_POINT('',#7916);
#7916 = CARTESIAN_POINT('',(19.309099197388,6.,1.907349940211E-07));
#7917 = VERTEX_POINT('',#7918);
#7918 = CARTESIAN_POINT('',(20.409400939941,6.143579959869,
    1.200000047684));
#7919 = LINE('',#7920,#7921);
#7920 = CARTESIAN_POINT('',(19.309099197388,6.,1.907349940211E-07));
#7921 = VECTOR('',#7922,1.);
#7922 = DIRECTION('',(0.673212533966,8.784847362507E-02,0.734212183087)
  );
#7923 = ORIENTED_EDGE('',*,*,#7924,.F.);
#7924 = EDGE_CURVE('',#7925,#7917,#7927,.T.);
#7925 = VERTEX_POINT('',#7926);
#7926 = CARTESIAN_POINT('',(20.39999961853,6.,1.200000047684));
#7927 = LINE('',#7928,#7929);
#7928 = CARTESIAN_POINT('',(20.39999961853,6.,1.200000047684));
#7929 = VECTOR('',#7930,1.);
#7930 = DIRECTION('',(6.533803574754E-02,0.997863187559,0.));
#7931 = ORIENTED_EDGE('',*,*,#7932,.T.);
#7932 = EDGE_CURVE('',#7925,#7915,#7933,.T.);
#7933 = LINE('',#7934,#7935);
#7934 = CARTESIAN_POINT('',(20.39999961853,6.,1.200000047684));
#7935 = VECTOR('',#7936,1.);
#7936 = DIRECTION('',(-0.672669910932,0.,-0.739942694354));
#7937 = PLANE('',#7938);
#7938 = AXIS2_PLACEMENT_3D('',#7939,#7940,#7941);
#7939 = CARTESIAN_POINT('',(19.880091046658,6.037547672587,0.62539172146
    ));
#7940 = DIRECTION('',(0.739075751171,-4.839316496714E-02,-0.671881786935
    ));
#7941 = DIRECTION('',(0.672669910932,3.469446951954E-18,0.739942694354)
  );
#7942 = ADVANCED_FACE('',(#7943),#7960,.T.);
#7943 = FACE_BOUND('',#7944,.T.);
#7944 = EDGE_LOOP('',(#7945,#7946,#7954));
#7945 = ORIENTED_EDGE('',*,*,#7914,.F.);
#7946 = ORIENTED_EDGE('',*,*,#7947,.T.);
#7947 = EDGE_CURVE('',#7915,#7948,#7950,.T.);
#7948 = VERTEX_POINT('',#7949);
#7949 = CARTESIAN_POINT('',(19.327800750732,6.285970211029,
    1.907349940211E-07));
#7950 = LINE('',#7951,#7952);
#7951 = CARTESIAN_POINT('',(19.309099197388,6.,1.907349940211E-07));
#7952 = VECTOR('',#7953,1.);
#7953 = DIRECTION('',(6.525746220243E-02,0.997868460082,0.));
#7954 = ORIENTED_EDGE('',*,*,#7955,.T.);
#7955 = EDGE_CURVE('',#7948,#7917,#7956,.T.);
#7956 = LINE('',#7957,#7958);
#7957 = CARTESIAN_POINT('',(19.327800750732,6.285970211029,
    1.907349940211E-07));
#7958 = VECTOR('',#7959,1.);
#7959 = DIRECTION('',(0.66692630777,-8.779936007394E-02,0.739932816122)
  );
#7960 = PLANE('',#7961);
#7961 = AXIS2_PLACEMENT_3D('',#7962,#7963,#7964);
#7962 = CARTESIAN_POINT('',(19.819784089613,6.143003478461,
    0.551464827353));
#7963 = DIRECTION('',(0.739074332503,-4.833313933394E-02,-0.671887668199
    ));
#7964 = DIRECTION('',(0.672673841721,0.,0.739939120918));
#7965 = ADVANCED_FACE('',(#7966),#7983,.T.);
#7966 = FACE_BOUND('',#7967,.T.);
#7967 = EDGE_LOOP('',(#7968,#7976,#7977));
#7968 = ORIENTED_EDGE('',*,*,#7969,.T.);
#7969 = EDGE_CURVE('',#7970,#7915,#7972,.T.);
#7970 = VERTEX_POINT('',#7971);
#7971 = CARTESIAN_POINT('',(20.409400939941,5.856420040131,
    1.200000047684));
#7972 = LINE('',#7973,#7974);
#7973 = CARTESIAN_POINT('',(20.409400939941,5.856420040131,
    1.200000047684));
#7974 = VECTOR('',#7975,1.);
#7975 = DIRECTION('',(-0.673212533966,8.784847362507E-02,-0.734212183087
    ));
#7976 = ORIENTED_EDGE('',*,*,#7932,.F.);
#7977 = ORIENTED_EDGE('',*,*,#7978,.F.);
#7978 = EDGE_CURVE('',#7970,#7925,#7979,.T.);
#7979 = LINE('',#7980,#7981);
#7980 = CARTESIAN_POINT('',(20.409400939941,5.856420040131,
    1.200000047684));
#7981 = VECTOR('',#7982,1.);
#7982 = DIRECTION('',(-6.533803574754E-02,0.997863187559,0.));
#7983 = PLANE('',#7984);
#7984 = AXIS2_PLACEMENT_3D('',#7985,#7986,#7987);
#7985 = CARTESIAN_POINT('',(19.880091046658,5.962452327413,0.62539172146
    ));
#7986 = DIRECTION('',(0.739075751171,4.839316496713E-02,-0.671881786935)
  );
#7987 = DIRECTION('',(0.672669910932,3.469446951954E-18,0.739942694354)
  );
#7988 = ADVANCED_FACE('',(#7989),#8006,.T.);
#7989 = FACE_BOUND('',#7990,.T.);
#7990 = EDGE_LOOP('',(#7991,#7992,#8000));
#7991 = ORIENTED_EDGE('',*,*,#7969,.F.);
#7992 = ORIENTED_EDGE('',*,*,#7993,.F.);
#7993 = EDGE_CURVE('',#7994,#7970,#7996,.T.);
#7994 = VERTEX_POINT('',#7995);
#7995 = CARTESIAN_POINT('',(19.327800750732,5.714029788971,
    1.907349940211E-07));
#7996 = LINE('',#7997,#7998);
#7997 = CARTESIAN_POINT('',(19.327800750732,5.714029788971,
    1.907349940211E-07));
#7998 = VECTOR('',#7999,1.);
#7999 = DIRECTION('',(0.66692630777,8.779936007394E-02,0.739932816122));
#8000 = ORIENTED_EDGE('',*,*,#8001,.T.);
#8001 = EDGE_CURVE('',#7994,#7915,#8002,.T.);
#8002 = LINE('',#8003,#8004);
#8003 = CARTESIAN_POINT('',(19.327800750732,5.714029788971,
    1.907349940211E-07));
#8004 = VECTOR('',#8005,1.);
#8005 = DIRECTION('',(-6.525746220243E-02,0.997868460082,0.));
#8006 = PLANE('',#8007);
#8007 = AXIS2_PLACEMENT_3D('',#8008,#8009,#8010);
#8008 = CARTESIAN_POINT('',(19.819784089613,5.856996521539,
    0.551464827353));
#8009 = DIRECTION('',(0.739074332503,4.833313933394E-02,-0.671887668199)
  );
#8010 = DIRECTION('',(0.672673841721,0.,0.739939120918));
#8011 = ADVANCED_FACE('',(#8012),#8036,.T.);
#8012 = FACE_BOUND('',#8013,.T.);
#8013 = EDGE_LOOP('',(#8014,#8024,#8030));
#8014 = ORIENTED_EDGE('',*,*,#8015,.T.);
#8015 = EDGE_CURVE('',#8016,#8018,#8020,.T.);
#8016 = VERTEX_POINT('',#8017);
#8017 = CARTESIAN_POINT('',(20.662700653076,3.975480079651,
    1.907349940211E-07));
#8018 = VERTEX_POINT('',#8019);
#8019 = CARTESIAN_POINT('',(21.079000473022,4.983729839325,
    1.200000047684));
#8020 = LINE('',#8021,#8022);
#8021 = CARTESIAN_POINT('',(20.662700653076,3.975480079651,
    1.907349940211E-07));
#8022 = VECTOR('',#8023,1.);
#8023 = DIRECTION('',(0.256707675094,0.621728473852,0.739969509067));
#8024 = ORIENTED_EDGE('',*,*,#8025,.F.);
#8025 = EDGE_CURVE('',#7869,#8018,#8026,.T.);
#8026 = LINE('',#8027,#8028);
#8027 = CARTESIAN_POINT('',(21.215299606323,4.937479972839,
    1.200000047684));
#8028 = VECTOR('',#8029,1.);
#8029 = DIRECTION('',(-0.946967035763,0.321330722431,0.));
#8030 = ORIENTED_EDGE('',*,*,#8031,.T.);
#8031 = EDGE_CURVE('',#7869,#8016,#8032,.T.);
#8032 = LINE('',#8033,#8034);
#8033 = CARTESIAN_POINT('',(21.215299606323,4.937479972839,
    1.200000047684));
#8034 = VECTOR('',#8035,1.);
#8035 = DIRECTION('',(-0.338133841104,-0.588645195787,-0.734276745496));
#8036 = PLANE('',#8037);
#8037 = AXIS2_PLACEMENT_3D('',#8038,#8039,#8040);
#8038 = CARTESIAN_POINT('',(20.915305816487,4.488852118893,
    0.625400816853));
#8039 = DIRECTION('',(0.237998288565,0.701384953588,-0.671874959736));
#8040 = DIRECTION('',(1.387778780781E-17,0.691752058278,0.722135091149)
  );
#8041 = ADVANCED_FACE('',(#8042),#8059,.T.);
#8042 = FACE_BOUND('',#8043,.T.);
#8043 = EDGE_LOOP('',(#8044,#8045,#8053));
#8044 = ORIENTED_EDGE('',*,*,#8015,.F.);
#8045 = ORIENTED_EDGE('',*,*,#8046,.T.);
#8046 = EDGE_CURVE('',#8016,#8047,#8049,.T.);
#8047 = VERTEX_POINT('',#8048);
#8048 = CARTESIAN_POINT('',(20.661600112915,3.975860118866,
    1.907349940211E-07));
#8049 = LINE('',#8050,#8051);
#8050 = CARTESIAN_POINT('',(20.662700653076,3.975480079651,
    1.907349940211E-07));
#8051 = VECTOR('',#8052,1.);
#8052 = DIRECTION('',(-0.94522926632,0.32640715999,0.));
#8053 = ORIENTED_EDGE('',*,*,#8054,.T.);
#8054 = EDGE_CURVE('',#8047,#8018,#8055,.T.);
#8055 = LINE('',#8056,#8057);
#8056 = CARTESIAN_POINT('',(20.661600112915,3.975860118866,
    1.907349940211E-07));
#8057 = VECTOR('',#8058,1.);
#8058 = DIRECTION('',(0.257378909293,0.621476247155,0.739948222022));
#8059 = PLANE('',#8060);
#8060 = AXIS2_PLACEMENT_3D('',#8061,#8062,#8063);
#8061 = CARTESIAN_POINT('',(20.870500631363,4.47951910108,0.599784811069
    ));
#8062 = DIRECTION('',(0.241722014366,0.699992985117,-0.671997238505));
#8063 = DIRECTION('',(-1.387778780781E-17,0.692533958809,0.721385275631)
  );
#8064 = ADVANCED_FACE('',(#8065),#8082,.T.);
#8065 = FACE_BOUND('',#8066,.T.);
#8066 = EDGE_LOOP('',(#8067,#8075,#8081));
#8067 = ORIENTED_EDGE('',*,*,#8068,.T.);
#8068 = EDGE_CURVE('',#8047,#8069,#8071,.T.);
#8069 = VERTEX_POINT('',#8070);
#8070 = CARTESIAN_POINT('',(20.950000762939,5.04736995697,1.200000047684
    ));
#8071 = LINE('',#8072,#8073);
#8072 = CARTESIAN_POINT('',(20.661600112915,3.975860118866,
    1.907349940211E-07));
#8073 = VECTOR('',#8074,1.);
#8074 = DIRECTION('',(0.176455117692,0.655592817059,0.734208178694));
#8075 = ORIENTED_EDGE('',*,*,#8076,.F.);
#8076 = EDGE_CURVE('',#8018,#8069,#8077,.T.);
#8077 = LINE('',#8078,#8079);
#8078 = CARTESIAN_POINT('',(21.079000473022,4.983729839325,
    1.200000047684));
#8079 = VECTOR('',#8080,1.);
#8080 = DIRECTION('',(-0.896805165756,0.442425693956,0.));
#8081 = ORIENTED_EDGE('',*,*,#8054,.F.);
#8082 = PLANE('',#8083);
#8083 = AXIS2_PLACEMENT_3D('',#8084,#8085,#8086);
#8084 = CARTESIAN_POINT('',(20.845395193135,4.517757440137,
    0.625384344612));
#8085 = DIRECTION('',(0.327691464132,0.664236733586,-0.671868935202));
#8086 = DIRECTION('',(0.,-0.711134366749,-0.703056123242));
#8087 = ADVANCED_FACE('',(#8088),#8105,.T.);
#8088 = FACE_BOUND('',#8089,.T.);
#8089 = EDGE_LOOP('',(#8090,#8091,#8099));
#8090 = ORIENTED_EDGE('',*,*,#8068,.F.);
#8091 = ORIENTED_EDGE('',*,*,#8092,.T.);
#8092 = EDGE_CURVE('',#8047,#8093,#8095,.T.);
#8093 = VERTEX_POINT('',#8094);
#8094 = CARTESIAN_POINT('',(20.404499053955,4.102620124817,
    1.907349940211E-07));
#8095 = LINE('',#8096,#8097);
#8096 = CARTESIAN_POINT('',(20.661600112915,3.975860118866,
    1.907349940211E-07));
#8097 = VECTOR('',#8098,1.);
#8098 = DIRECTION('',(-0.896911769365,0.442209540801,0.));
#8099 = ORIENTED_EDGE('',*,*,#8100,.T.);
#8100 = EDGE_CURVE('',#8093,#8069,#8101,.T.);
#8101 = LINE('',#8102,#8103);
#8102 = CARTESIAN_POINT('',(20.404499053955,4.102620124817,
    1.907349940211E-07));
#8103 = VECTOR('',#8104,1.);
#8104 = DIRECTION('',(0.336362833291,0.582543968352,0.739934165529));
#8105 = PLANE('',#8106);
#8106 = AXIS2_PLACEMENT_3D('',#8107,#8108,#8109);
#8107 = CARTESIAN_POINT('',(20.72488681679,4.502407869718,0.551453953897
    ));
#8108 = DIRECTION('',(0.327524318298,0.664301397258,-0.671886504199));
#8109 = DIRECTION('',(-2.775557561563E-17,-0.711109340353,
    -0.703081436295));
#8110 = ADVANCED_FACE('',(#8111),#8128,.T.);
#8111 = FACE_BOUND('',#8112,.T.);
#8112 = EDGE_LOOP('',(#8113,#8121,#8122));
#8113 = ORIENTED_EDGE('',*,*,#8114,.T.);
#8114 = EDGE_CURVE('',#8115,#8069,#8117,.T.);
#8115 = VERTEX_POINT('',#8116);
#8116 = CARTESIAN_POINT('',(20.403600692749,4.103280067444,
    1.907349940211E-07));
#8117 = LINE('',#8118,#8119);
#8118 = CARTESIAN_POINT('',(20.403600692749,4.103280067444,
    1.907349940211E-07));
#8119 = VECTOR('',#8120,1.);
#8120 = DIRECTION('',(0.336933786577,0.582166435734,0.739971529566));
#8121 = ORIENTED_EDGE('',*,*,#8100,.F.);
#8122 = ORIENTED_EDGE('',*,*,#8123,.T.);
#8123 = EDGE_CURVE('',#8093,#8115,#8124,.T.);
#8124 = LINE('',#8125,#8126);
#8125 = CARTESIAN_POINT('',(20.404499053955,4.102620124817,
    1.907349940211E-07));
#8126 = VECTOR('',#8127,1.);
#8127 = DIRECTION('',(-0.805915135179,0.592031075949,0.));
#8128 = PLANE('',#8129);
#8129 = AXIS2_PLACEMENT_3D('',#8130,#8131,#8132);
#8130 = CARTESIAN_POINT('',(20.676931539786,4.574997788932,
    0.599793981949));
#8131 = DIRECTION('',(0.439261998066,0.59795491644,-0.670446727906));
#8132 = DIRECTION('',(0.,-0.746301563375,-0.66560797509));
#8133 = ADVANCED_FACE('',(#8134),#8151,.T.);
#8134 = FACE_BOUND('',#8135,.T.);
#8135 = EDGE_LOOP('',(#8136,#8137,#8145));
#8136 = ORIENTED_EDGE('',*,*,#8114,.F.);
#8137 = ORIENTED_EDGE('',*,*,#8138,.T.);
#8138 = EDGE_CURVE('',#8115,#8139,#8141,.T.);
#8139 = VERTEX_POINT('',#8140);
#8140 = CARTESIAN_POINT('',(20.830400466919,5.127309799194,
    1.200000047684));
#8141 = LINE('',#8142,#8143);
#8142 = CARTESIAN_POINT('',(20.403600692749,4.103280067444,
    1.907349940211E-07));
#8143 = VECTOR('',#8144,1.);
#8144 = DIRECTION('',(0.261158362343,0.626602786411,0.734278733071));
#8145 = ORIENTED_EDGE('',*,*,#8146,.F.);
#8146 = EDGE_CURVE('',#8069,#8139,#8147,.T.);
#8147 = LINE('',#8148,#8149);
#8148 = CARTESIAN_POINT('',(20.950000762939,5.04736995697,1.200000047684
    ));
#8149 = VECTOR('',#8150,1.);
#8150 = DIRECTION('',(-0.831387786048,0.555692675145,0.));
#8151 = PLANE('',#8152);
#8152 = AXIS2_PLACEMENT_3D('',#8153,#8154,#8155);
#8153 = CARTESIAN_POINT('',(20.657084875873,4.616203229529,
    0.625388024857));
#8154 = DIRECTION('',(0.411584259232,0.615783042247,-0.671870257144));
#8155 = DIRECTION('',(2.775557561563E-17,-0.737207714755,-0.675666178898
    ));
#8156 = ADVANCED_FACE('',(#8157),#8174,.T.);
#8157 = FACE_BOUND('',#8158,.T.);
#8158 = EDGE_LOOP('',(#8159,#8160,#8168));
#8159 = ORIENTED_EDGE('',*,*,#8138,.F.);
#8160 = ORIENTED_EDGE('',*,*,#8161,.T.);
#8161 = EDGE_CURVE('',#8115,#8162,#8164,.T.);
#8162 = VERTEX_POINT('',#8163);
#8163 = CARTESIAN_POINT('',(20.166299819946,4.261839866638,
    1.907349940211E-07));
#8164 = LINE('',#8165,#8166);
#8165 = CARTESIAN_POINT('',(20.403600692749,4.103280067444,
    1.907349940211E-07));
#8166 = VECTOR('',#8167,1.);
#8167 = DIRECTION('',(-0.83146892404,0.555571263076,0.));
#8168 = ORIENTED_EDGE('',*,*,#8169,.F.);
#8169 = EDGE_CURVE('',#8139,#8162,#8170,.T.);
#8170 = LINE('',#8171,#8172);
#8171 = CARTESIAN_POINT('',(20.830400466919,5.127309799194,
    1.200000047684));
#8172 = VECTOR('',#8173,1.);
#8173 = DIRECTION('',(-0.40949674453,-0.533664771275,-0.73994211133));
#8174 = PLANE('',#8175);
#8175 = AXIS2_PLACEMENT_3D('',#8176,#8177,#8178);
#8176 = CARTESIAN_POINT('',(20.535906153573,4.616726475246,
    0.551646500327));
#8177 = DIRECTION('',(0.411488997227,0.615835152963,-0.671880844746));
#8178 = DIRECTION('',(-2.775557561563E-17,-0.737184538072,
    -0.675691465706));
#8179 = ADVANCED_FACE('',(#8180),#8204,.T.);
#8180 = FACE_BOUND('',#8181,.T.);
#8181 = EDGE_LOOP('',(#8182,#8192,#8198));
#8182 = ORIENTED_EDGE('',*,*,#8183,.T.);
#8183 = EDGE_CURVE('',#8184,#8186,#8188,.T.);
#8184 = VERTEX_POINT('',#8185);
#8185 = CARTESIAN_POINT('',(19.951700210571,4.450009822845,
    1.907349940211E-07));
#8186 = VERTEX_POINT('',#8187);
#8187 = CARTESIAN_POINT('',(20.722200393677,5.222179889679,
    1.200000047684));
#8188 = LINE('',#8189,#8190);
#8189 = CARTESIAN_POINT('',(19.951700210571,4.450009822845,
    1.907349940211E-07));
#8190 = VECTOR('',#8191,1.);
#8191 = DIRECTION('',(0.475118281571,0.476147992277,0.739963315285));
#8192 = ORIENTED_EDGE('',*,*,#8193,.F.);
#8193 = EDGE_CURVE('',#8139,#8186,#8194,.T.);
#8194 = LINE('',#8195,#8196);
#8195 = CARTESIAN_POINT('',(20.830400466919,5.127309799194,
    1.200000047684));
#8196 = VECTOR('',#8197,1.);
#8197 = DIRECTION('',(-0.751904660699,0.659271856838,0.));
#8198 = ORIENTED_EDGE('',*,*,#8199,.T.);
#8199 = EDGE_CURVE('',#8139,#8184,#8200,.T.);
#8200 = LINE('',#8201,#8202);
#8201 = CARTESIAN_POINT('',(20.830400466919,5.127309799194,
    1.200000047684));
#8202 = VECTOR('',#8203,1.);
#8203 = DIRECTION('',(-0.537670341501,-0.414434964542,-0.734271246908));
#8204 = PLANE('',#8205);
#8205 = AXIS2_PLACEMENT_3D('',#8206,#8207,#8208);
#8206 = CARTESIAN_POINT('',(20.381551131267,4.827627005705,
    0.625395390033));
#8207 = DIRECTION('',(0.488295645786,0.556904967287,-0.671881105343));
#8208 = DIRECTION('',(0.,-0.76990699633,-0.638156107079));
#8209 = ADVANCED_FACE('',(#8210),#8227,.T.);
#8210 = FACE_BOUND('',#8211,.T.);
#8211 = EDGE_LOOP('',(#8212,#8213,#8221));
#8212 = ORIENTED_EDGE('',*,*,#8183,.F.);
#8213 = ORIENTED_EDGE('',*,*,#8214,.T.);
#8214 = EDGE_CURVE('',#8184,#8215,#8217,.T.);
#8215 = VERTEX_POINT('',#8216);
#8216 = CARTESIAN_POINT('',(19.950799942017,4.450789928436,
    1.907349940211E-07));
#8217 = LINE('',#8218,#8219);
#8218 = CARTESIAN_POINT('',(19.951700210571,4.450009822845,
    1.907349940211E-07));
#8219 = VECTOR('',#8220,1.);
#8220 = DIRECTION('',(-0.755741910091,0.654869578872,0.));
#8221 = ORIENTED_EDGE('',*,*,#8222,.F.);
#8222 = EDGE_CURVE('',#8186,#8215,#8223,.T.);
#8223 = LINE('',#8224,#8225);
#8224 = CARTESIAN_POINT('',(20.722200393677,5.222179889679,
    1.200000047684));
#8225 = VECTOR('',#8226,1.);
#8226 = DIRECTION('',(-0.475656781914,-0.47565031337,-0.739937433308));
#8227 = PLANE('',#8228);
#8228 = AXIS2_PLACEMENT_3D('',#8229,#8230,#8231);
#8229 = CARTESIAN_POINT('',(20.336583708092,4.836148210804,
    0.599779835845));
#8230 = DIRECTION('',(0.485121344026,0.559846636874,-0.671735829587));
#8231 = DIRECTION('',(2.775557561563E-17,-0.768183720733,-0.640229467614
    ));
#8232 = ADVANCED_FACE('',(#8233),#8250,.T.);
#8233 = FACE_BOUND('',#8234,.T.);
#8234 = EDGE_LOOP('',(#8235,#8243,#8244));
#8235 = ORIENTED_EDGE('',*,*,#8236,.T.);
#8236 = EDGE_CURVE('',#8237,#8186,#8239,.T.);
#8237 = VERTEX_POINT('',#8238);
#8238 = CARTESIAN_POINT('',(19.950000762939,4.451690196991,
    1.907349940211E-07));
#8239 = LINE('',#8240,#8241);
#8240 = CARTESIAN_POINT('',(19.950000762939,4.451690196991,
    1.907349940211E-07));
#8241 = VECTOR('',#8242,1.);
#8242 = DIRECTION('',(0.4761635526,0.475109148863,0.739959166334));
#8243 = ORIENTED_EDGE('',*,*,#8222,.T.);
#8244 = ORIENTED_EDGE('',*,*,#8245,.T.);
#8245 = EDGE_CURVE('',#8215,#8237,#8246,.T.);
#8246 = LINE('',#8247,#8248);
#8247 = CARTESIAN_POINT('',(19.950799942017,4.450789928436,
    1.907349940211E-07));
#8248 = VECTOR('',#8249,1.);
#8249 = DIRECTION('',(-0.663871978503,0.747846238313,0.));
#8250 = PLANE('',#8251);
#8251 = AXIS2_PLACEMENT_3D('',#8252,#8253,#8254);
#8252 = CARTESIAN_POINT('',(20.336157202195,4.836566958653,
    0.599777511606));
#8253 = DIRECTION('',(0.553801272913,0.491615960593,-0.672025220814));
#8254 = DIRECTION('',(-0.771722402392,-2.775557561563E-17,
    -0.635959537743));
#8255 = ADVANCED_FACE('',(#8256),#8273,.T.);
#8256 = FACE_BOUND('',#8257,.T.);
#8257 = EDGE_LOOP('',(#8258,#8259,#8267));
#8258 = ORIENTED_EDGE('',*,*,#8236,.F.);
#8259 = ORIENTED_EDGE('',*,*,#8260,.T.);
#8260 = EDGE_CURVE('',#8237,#8261,#8263,.T.);
#8261 = VERTEX_POINT('',#8262);
#8262 = CARTESIAN_POINT('',(20.627300262451,5.33035993576,1.200000047684
    ));
#8263 = LINE('',#8264,#8265);
#8264 = CARTESIAN_POINT('',(19.950000762939,4.451690196991,
    1.907349940211E-07));
#8265 = VECTOR('',#8266,1.);
#8266 = DIRECTION('',(0.414438883873,0.537657131137,0.734278707897));
#8267 = ORIENTED_EDGE('',*,*,#8268,.F.);
#8268 = EDGE_CURVE('',#8186,#8261,#8269,.T.);
#8269 = LINE('',#8270,#8271);
#8270 = CARTESIAN_POINT('',(20.722200393677,5.222179889679,
    1.200000047684));
#8271 = VECTOR('',#8272,1.);
#8272 = DIRECTION('',(-0.659458843897,0.751740668852,0.));
#8273 = PLANE('',#8274);
#8274 = AXIS2_PLACEMENT_3D('',#8275,#8276,#8277);
#8275 = CARTESIAN_POINT('',(20.327626195675,4.881530799216,
    0.625396249097));
#8276 = DIRECTION('',(0.556775943369,0.488427505837,-0.671892194051));
#8277 = DIRECTION('',(-0.769984812739,2.775557561563E-17,-0.638062213386
    ));
#8278 = ADVANCED_FACE('',(#8279),#8289,.T.);
#8279 = FACE_BOUND('',#8280,.T.);
#8280 = EDGE_LOOP('',(#8281,#8282,#8288));
#8281 = ORIENTED_EDGE('',*,*,#8169,.T.);
#8282 = ORIENTED_EDGE('',*,*,#8283,.T.);
#8283 = EDGE_CURVE('',#8162,#8184,#8284,.T.);
#8284 = LINE('',#8285,#8286);
#8285 = CARTESIAN_POINT('',(20.166299819946,4.261839866638,
    1.907349940211E-07));
#8286 = VECTOR('',#8287,1.);
#8287 = DIRECTION('',(-0.75188991393,0.659288675263,0.));
#8288 = ORIENTED_EDGE('',*,*,#8199,.F.);
#8289 = PLANE('',#8290);
#8290 = AXIS2_PLACEMENT_3D('',#8291,#8292,#8293);
#8291 = CARTESIAN_POINT('',(20.413425899145,4.7106997222,0.551644541808)
  );
#8292 = DIRECTION('',(0.488307132459,0.556892938665,-0.671882727307));
#8293 = DIRECTION('',(-2.775557561563E-17,-0.769914525392,
    -0.638147023491));
#8294 = ADVANCED_FACE('',(#8295),#8312,.T.);
#8295 = FACE_BOUND('',#8296,.T.);
#8296 = EDGE_LOOP('',(#8297,#8298,#8306));
#8297 = ORIENTED_EDGE('',*,*,#8260,.F.);
#8298 = ORIENTED_EDGE('',*,*,#8299,.T.);
#8299 = EDGE_CURVE('',#8237,#8300,#8302,.T.);
#8300 = VERTEX_POINT('',#8301);
#8301 = CARTESIAN_POINT('',(19.761800765991,4.666259765625,
    1.907349940211E-07));
#8302 = LINE('',#8303,#8304);
#8303 = CARTESIAN_POINT('',(19.950000762939,4.451690196991,
    1.907349940211E-07));
#8304 = VECTOR('',#8305,1.);
#8305 = DIRECTION('',(-0.659400348256,0.751791979685,0.));
#8306 = ORIENTED_EDGE('',*,*,#8307,.F.);
#8307 = EDGE_CURVE('',#8261,#8300,#8308,.T.);
#8308 = LINE('',#8309,#8310);
#8309 = CARTESIAN_POINT('',(20.627300262451,5.33035993576,1.200000047684
    ));
#8310 = VECTOR('',#8311,1.);
#8311 = DIRECTION('',(-0.53367787322,-0.409492516001,-0.739935001858));
#8312 = PLANE('',#8313);
#8313 = AXIS2_PLACEMENT_3D('',#8314,#8315,#8316);
#8314 = CARTESIAN_POINT('',(20.210682195995,4.913394524229,
    0.551644960659));
#8315 = DIRECTION('',(0.556817790302,0.488387552358,-0.671886558211));
#8316 = DIRECTION('',(-0.769958622424,0.,-0.638093817361));
#8317 = ADVANCED_FACE('',(#8318),#8342,.T.);
#8318 = FACE_BOUND('',#8319,.T.);
#8319 = EDGE_LOOP('',(#8320,#8330,#8336));
#8320 = ORIENTED_EDGE('',*,*,#8321,.T.);
#8321 = EDGE_CURVE('',#8322,#8324,#8326,.T.);
#8322 = VERTEX_POINT('',#8323);
#8323 = CARTESIAN_POINT('',(19.603300094604,4.903560161591,
    1.907349940211E-07));
#8324 = VERTEX_POINT('',#8325);
#8325 = CARTESIAN_POINT('',(20.547399520874,5.449999809265,
    1.200000047684));
#8326 = LINE('',#8327,#8328);
#8327 = CARTESIAN_POINT('',(19.603300094604,4.903560161591,
    1.907349940211E-07));
#8328 = VECTOR('',#8329,1.);
#8329 = DIRECTION('',(0.582165536157,0.33695426733,0.739962911395));
#8330 = ORIENTED_EDGE('',*,*,#8331,.F.);
#8331 = EDGE_CURVE('',#8261,#8324,#8332,.T.);
#8332 = LINE('',#8333,#8334);
#8333 = CARTESIAN_POINT('',(20.627300262451,5.33035993576,1.200000047684
    ));
#8334 = VECTOR('',#8335,1.);
#8335 = DIRECTION('',(-0.555377683916,0.831598237256,0.));
#8336 = ORIENTED_EDGE('',*,*,#8337,.F.);
#8337 = EDGE_CURVE('',#8322,#8261,#8338,.T.);
#8338 = LINE('',#8339,#8340);
#8339 = CARTESIAN_POINT('',(19.603300094604,4.903560161591,
    1.907349940211E-07));
#8340 = VECTOR('',#8341,1.);
#8341 = DIRECTION('',(0.626591798845,0.261161322665,0.734287056378));
#8342 = PLANE('',#8343);
#8343 = AXIS2_PLACEMENT_3D('',#8344,#8345,#8346);
#8344 = CARTESIAN_POINT('',(20.116219330055,5.157055716273,
    0.625389912833));
#8345 = DIRECTION('',(0.615924489316,0.411341319664,-0.671889382412));
#8346 = DIRECTION('',(-0.737139992148,2.775557561563E-17,-0.675740062432
    ));
#8347 = ADVANCED_FACE('',(#8348),#8358,.T.);
#8348 = FACE_BOUND('',#8349,.T.);
#8349 = EDGE_LOOP('',(#8350,#8351,#8357));
#8350 = ORIENTED_EDGE('',*,*,#8307,.T.);
#8351 = ORIENTED_EDGE('',*,*,#8352,.T.);
#8352 = EDGE_CURVE('',#8300,#8322,#8353,.T.);
#8353 = LINE('',#8354,#8355);
#8354 = CARTESIAN_POINT('',(19.761800765991,4.666259765625,
    1.907349940211E-07));
#8355 = VECTOR('',#8356,1.);
#8356 = DIRECTION('',(-0.555428781271,0.831564109938,0.));
#8357 = ORIENTED_EDGE('',*,*,#8337,.T.);
#8358 = PLANE('',#8359);
#8359 = AXIS2_PLACEMENT_3D('',#8360,#8361,#8362);
#8360 = CARTESIAN_POINT('',(20.116721416014,5.035867517027,
    0.551651638325));
#8361 = DIRECTION('',(0.615902568477,0.411381406319,-0.671884934106));
#8362 = DIRECTION('',(-0.737149743307,-2.775557561563E-17,
    -0.675729425098));
#8363 = ADVANCED_FACE('',(#8364),#8381,.T.);
#8364 = FACE_BOUND('',#8365,.T.);
#8365 = EDGE_LOOP('',(#8366,#8367,#8375));
#8366 = ORIENTED_EDGE('',*,*,#8321,.F.);
#8367 = ORIENTED_EDGE('',*,*,#8368,.T.);
#8368 = EDGE_CURVE('',#8322,#8369,#8371,.T.);
#8369 = VERTEX_POINT('',#8370);
#8370 = CARTESIAN_POINT('',(19.602600097656,4.904550075531,
    1.907349940211E-07));
#8371 = LINE('',#8372,#8373);
#8372 = CARTESIAN_POINT('',(19.603300094604,4.903560161591,
    1.907349940211E-07));
#8373 = VECTOR('',#8374,1.);
#8374 = DIRECTION('',(-0.57736241478,0.816487992563,0.));
#8375 = ORIENTED_EDGE('',*,*,#8376,.F.);
#8376 = EDGE_CURVE('',#8324,#8369,#8377,.T.);
#8377 = LINE('',#8378,#8379);
#8378 = CARTESIAN_POINT('',(20.547399520874,5.449999809265,
    1.200000047684));
#8379 = VECTOR('',#8380,1.);
#8380 = DIRECTION('',(-0.582570448817,-0.3363284189,-0.739928960648));
#8381 = PLANE('',#8382);
#8382 = AXIS2_PLACEMENT_3D('',#8383,#8384,#8385);
#8383 = CARTESIAN_POINT('',(20.074998354011,5.176925471324,
    0.599775924516));
#8384 = DIRECTION('',(0.605298090022,0.42802389029,-0.671125749436));
#8385 = DIRECTION('',(-0.742586792388,0.,-0.669749845667));
#8386 = ADVANCED_FACE('',(#8387),#8404,.T.);
#8387 = FACE_BOUND('',#8388,.T.);
#8388 = EDGE_LOOP('',(#8389,#8397,#8403));
#8389 = ORIENTED_EDGE('',*,*,#8390,.T.);
#8390 = EDGE_CURVE('',#8369,#8391,#8393,.T.);
#8391 = VERTEX_POINT('',#8392);
#8392 = CARTESIAN_POINT('',(20.483699798584,5.579050064087,
    1.200000047684));
#8393 = LINE('',#8394,#8395);
#8394 = CARTESIAN_POINT('',(19.602600097656,4.904550075531,
    1.907349940211E-07));
#8395 = VECTOR('',#8396,1.);
#8396 = DIRECTION('',(0.539094390859,0.412687871852,0.734211112808));
#8397 = ORIENTED_EDGE('',*,*,#8398,.F.);
#8398 = EDGE_CURVE('',#8324,#8391,#8399,.T.);
#8399 = LINE('',#8400,#8401);
#8400 = CARTESIAN_POINT('',(20.547399520874,5.449999809265,
    1.200000047684));
#8401 = VECTOR('',#8402,1.);
#8402 = DIRECTION('',(-0.442619429381,0.8967095632,0.));
#8403 = ORIENTED_EDGE('',*,*,#8376,.T.);
#8404 = PLANE('',#8405);
#8405 = AXIS2_PLACEMENT_3D('',#8406,#8407,#8408);
#8406 = CARTESIAN_POINT('',(20.078336840648,5.222566490237,
    0.625396195946));
#8407 = DIRECTION('',(0.664136753146,0.32782055949,-0.671904795262));
#8408 = DIRECTION('',(-0.711206035843,-2.775557561563E-17,
    -0.702983623266));
#8409 = ADVANCED_FACE('',(#8410),#8427,.T.);
#8410 = FACE_BOUND('',#8411,.T.);
#8411 = EDGE_LOOP('',(#8412,#8413,#8421));
#8412 = ORIENTED_EDGE('',*,*,#8390,.F.);
#8413 = ORIENTED_EDGE('',*,*,#8414,.T.);
#8414 = EDGE_CURVE('',#8369,#8415,#8417,.T.);
#8415 = VERTEX_POINT('',#8416);
#8416 = CARTESIAN_POINT('',(19.475900650024,5.161580085754,
    1.907349940211E-07));
#8417 = LINE('',#8418,#8419);
#8418 = CARTESIAN_POINT('',(19.602600097656,4.904550075531,
    1.907349940211E-07));
#8419 = VECTOR('',#8420,1.);
#8420 = DIRECTION('',(-0.442137873571,0.89694710031,0.));
#8421 = ORIENTED_EDGE('',*,*,#8422,.F.);
#8422 = EDGE_CURVE('',#8391,#8415,#8423,.T.);
#8423 = LINE('',#8424,#8425);
#8424 = CARTESIAN_POINT('',(20.483699798584,5.579050064087,
    1.200000047684));
#8425 = VECTOR('',#8426,1.);
#8426 = DIRECTION('',(-0.621442670075,-0.257425954747,-0.739960056781));
#8427 = PLANE('',#8428);
#8428 = AXIS2_PLACEMENT_3D('',#8429,#8430,#8431);
#8429 = CARTESIAN_POINT('',(19.973391188524,5.283745366868,
    0.551467174507));
#8430 = DIRECTION('',(0.664344505934,0.327479588341,-0.671865683493));
#8431 = DIRECTION('',(-0.711075635947,2.775557561563E-17,-0.703115523909
    ));
#8432 = ADVANCED_FACE('',(#8433),#8457,.T.);
#8433 = FACE_BOUND('',#8434,.T.);
#8434 = EDGE_LOOP('',(#8435,#8443,#8451));
#8435 = ORIENTED_EDGE('',*,*,#8436,.T.);
#8436 = EDGE_CURVE('',#8391,#8437,#8439,.T.);
#8437 = VERTEX_POINT('',#8438);
#8438 = CARTESIAN_POINT('',(19.475500106812,5.162700176239,
    1.907349940211E-07));
#8439 = LINE('',#8440,#8441);
#8440 = CARTESIAN_POINT('',(20.483699798584,5.579050064087,
    1.200000047684));
#8441 = VECTOR('',#8442,1.);
#8442 = DIRECTION('',(-0.621704605742,-0.256741442184,-0.739977847685));
#8443 = ORIENTED_EDGE('',*,*,#8444,.T.);
#8444 = EDGE_CURVE('',#8437,#8445,#8447,.T.);
#8445 = VERTEX_POINT('',#8446);
#8446 = CARTESIAN_POINT('',(20.4375,5.71530008316,1.200000047684));
#8447 = LINE('',#8448,#8449);
#8448 = CARTESIAN_POINT('',(19.475500106812,5.162700176239,
    1.907349940211E-07));
#8449 = VECTOR('',#8450,1.);
#8450 = DIRECTION('',(0.588645079637,0.338134357935,0.73427660061));
#8451 = ORIENTED_EDGE('',*,*,#8452,.F.);
#8452 = EDGE_CURVE('',#8391,#8445,#8453,.T.);
#8453 = LINE('',#8454,#8455);
#8454 = CARTESIAN_POINT('',(20.483699798584,5.579050064087,
    1.200000047684));
#8455 = VECTOR('',#8456,1.);
#8456 = DIRECTION('',(-0.321122517447,0.947037659646,0.));
#8457 = PLANE('',#8458);
#8458 = AXIS2_PLACEMENT_3D('',#8459,#8460,#8461);
#8459 = CARTESIAN_POINT('',(19.988850506851,5.415314562009,
    0.625390371911));
#8460 = DIRECTION('',(0.70145087777,0.237848695287,-0.671859110399));
#8461 = DIRECTION('',(0.691709643138,0.,0.72217571933));
#8462 = ADVANCED_FACE('',(#8463),#8473,.T.);
#8463 = FACE_BOUND('',#8464,.T.);
#8464 = EDGE_LOOP('',(#8465,#8466,#8467));
#8465 = ORIENTED_EDGE('',*,*,#8436,.F.);
#8466 = ORIENTED_EDGE('',*,*,#8422,.T.);
#8467 = ORIENTED_EDGE('',*,*,#8468,.T.);
#8468 = EDGE_CURVE('',#8415,#8437,#8469,.T.);
#8469 = LINE('',#8470,#8471);
#8470 = CARTESIAN_POINT('',(19.475900650024,5.161580085754,
    1.907349940211E-07));
#8471 = VECTOR('',#8472,1.);
#8472 = DIRECTION('',(-0.336717271378,0.941605798175,0.));
#8473 = PLANE('',#8474);
#8474 = AXIS2_PLACEMENT_3D('',#8475,#8476,#8477);
#8475 = CARTESIAN_POINT('',(19.9795153087,5.370518668502,0.599780141723)
  );
#8476 = DIRECTION('',(0.697133678016,0.249294290979,-0.672203087958));
#8477 = DIRECTION('',(0.694117935193,0.,0.71986130056));
#8478 = ADVANCED_FACE('',(#8479),#8496,.T.);
#8479 = FACE_BOUND('',#8480,.T.);
#8480 = EDGE_LOOP('',(#8481,#8482,#8490));
#8481 = ORIENTED_EDGE('',*,*,#8444,.F.);
#8482 = ORIENTED_EDGE('',*,*,#8483,.T.);
#8483 = EDGE_CURVE('',#8437,#8484,#8486,.T.);
#8484 = VERTEX_POINT('',#8485);
#8485 = CARTESIAN_POINT('',(19.383699417114,5.432950019836,
    1.907349940211E-07));
#8486 = LINE('',#8487,#8488);
#8487 = CARTESIAN_POINT('',(19.475500106812,5.162700176239,
    1.907349940211E-07));
#8488 = VECTOR('',#8489,1.);
#8489 = DIRECTION('',(-0.321638102483,0.946862678022,0.));
#8490 = ORIENTED_EDGE('',*,*,#8491,.F.);
#8491 = EDGE_CURVE('',#8445,#8484,#8492,.T.);
#8492 = LINE('',#8493,#8494);
#8493 = CARTESIAN_POINT('',(20.4375,5.71530008316,1.200000047684));
#8494 = VECTOR('',#8495,1.);
#8495 = DIRECTION('',(-0.649774485248,-0.174097329263,-0.73992110273));
#8496 = PLANE('',#8497);
#8497 = AXIS2_PLACEMENT_3D('',#8498,#8499,#8500);
#8498 = CARTESIAN_POINT('',(19.893016068335,5.48950207345,0.55164462039)
  );
#8499 = DIRECTION('',(0.701287367882,0.23821906126,-0.671898583494));
#8500 = DIRECTION('',(0.691814932907,-1.387778780781E-17,0.722074856651)
  );
#8501 = ADVANCED_FACE('',(#8502),#8517,.T.);
#8502 = FACE_BOUND('',#8503,.T.);
#8503 = EDGE_LOOP('',(#8504,#8510,#8511));
#8504 = ORIENTED_EDGE('',*,*,#8505,.T.);
#8505 = EDGE_CURVE('',#8445,#7994,#8506,.T.);
#8506 = LINE('',#8507,#8508);
#8507 = CARTESIAN_POINT('',(20.4375,5.71530008316,1.200000047684));
#8508 = VECTOR('',#8509,1.);
#8509 = DIRECTION('',(-0.678942652201,-7.771987830322E-04,
    -0.734190895466));
#8510 = ORIENTED_EDGE('',*,*,#7993,.T.);
#8511 = ORIENTED_EDGE('',*,*,#8512,.F.);
#8512 = EDGE_CURVE('',#8445,#7970,#8513,.T.);
#8513 = LINE('',#8514,#8515);
#8514 = CARTESIAN_POINT('',(20.4375,5.71530008316,1.200000047684));
#8515 = VECTOR('',#8516,1.);
#8516 = DIRECTION('',(-0.195281217381,0.980747289641,0.));
#8517 = PLANE('',#8518);
#8518 = AXIS2_PLACEMENT_3D('',#8519,#8520,#8521);
#8519 = CARTESIAN_POINT('',(19.898835365916,5.751333222835,
    0.625391681383));
#8520 = DIRECTION('',(0.726394734077,0.144635880688,-0.671886264425));
#8521 = DIRECTION('',(0.679026260972,1.387778780781E-17,0.734113980871)
  );
#8522 = ADVANCED_FACE('',(#8523),#8540,.T.);
#8523 = FACE_BOUND('',#8524,.T.);
#8524 = EDGE_LOOP('',(#8525,#8526,#8534));
#8525 = ORIENTED_EDGE('',*,*,#8505,.F.);
#8526 = ORIENTED_EDGE('',*,*,#8527,.T.);
#8527 = EDGE_CURVE('',#8445,#8528,#8530,.T.);
#8528 = VERTEX_POINT('',#8529);
#8529 = CARTESIAN_POINT('',(19.328100204468,5.712860107422,
    1.907349940211E-07));
#8530 = LINE('',#8531,#8532);
#8531 = CARTESIAN_POINT('',(20.4375,5.71530008316,1.200000047684));
#8532 = VECTOR('',#8533,1.);
#8533 = DIRECTION('',(-0.678843323386,-1.493024648095E-03,
    -0.734281630692));
#8534 = ORIENTED_EDGE('',*,*,#8535,.T.);
#8535 = EDGE_CURVE('',#8528,#7994,#8536,.T.);
#8536 = LINE('',#8537,#8538);
#8537 = CARTESIAN_POINT('',(19.328100204468,5.712860107422,
    1.907349940211E-07));
#8538 = VECTOR('',#8539,1.);
#8539 = DIRECTION('',(-0.248014270654,0.968756378845,0.));
#8540 = PLANE('',#8541);
#8541 = AXIS2_PLACEMENT_3D('',#8542,#8543,#8544);
#8542 = CARTESIAN_POINT('',(19.882520385102,5.714372191238,
    0.599778570865));
#8543 = DIRECTION('',(0.72146136421,0.184703520959,-0.667366547931));
#8544 = DIRECTION('',(0.679050089299,-1.387778780781E-17,0.734091939897)
  );
#8545 = ADVANCED_FACE('',(#8546),#8556,.T.);
#8546 = FACE_BOUND('',#8547,.T.);
#8547 = EDGE_LOOP('',(#8548,#8549,#8555));
#8548 = ORIENTED_EDGE('',*,*,#8491,.T.);
#8549 = ORIENTED_EDGE('',*,*,#8550,.T.);
#8550 = EDGE_CURVE('',#8484,#8528,#8551,.T.);
#8551 = LINE('',#8552,#8553);
#8552 = CARTESIAN_POINT('',(19.383699417114,5.432950019836,
    1.907349940211E-07));
#8553 = VECTOR('',#8554,1.);
#8554 = DIRECTION('',(-0.194826164351,0.980837787651,0.));
#8555 = ORIENTED_EDGE('',*,*,#8527,.F.);
#8556 = PLANE('',#8557);
#8557 = AXIS2_PLACEMENT_3D('',#8558,#8559,#8560);
#8558 = CARTESIAN_POINT('',(19.853071711355,5.638611385949,
    0.551650311658));
#8559 = DIRECTION('',(0.726451514017,0.144296808141,-0.671897781618));
#8560 = DIRECTION('',(0.679003930023,1.387778780781E-17,0.734134635481)
  );
#8561 = ADVANCED_FACE('',(#8562),#8579,.T.);
#8562 = FACE_BOUND('',#8563,.T.);
#8563 = EDGE_LOOP('',(#8564,#8572,#8578));
#8564 = ORIENTED_EDGE('',*,*,#8565,.T.);
#8565 = EDGE_CURVE('',#7869,#8566,#8568,.T.);
#8566 = VERTEX_POINT('',#8567);
#8567 = CARTESIAN_POINT('',(20.933000564575,3.883739948273,
    1.907349940211E-07));
#8568 = LINE('',#8569,#8570);
#8569 = CARTESIAN_POINT('',(21.215299606323,4.937479972839,
    1.200000047684));
#8570 = VECTOR('',#8571,1.);
#8571 = DIRECTION('',(-0.17407104603,-0.649756468121,-0.739943107995));
#8572 = ORIENTED_EDGE('',*,*,#8573,.T.);
#8573 = EDGE_CURVE('',#8566,#8016,#8574,.T.);
#8574 = LINE('',#8575,#8576);
#8575 = CARTESIAN_POINT('',(20.933000564575,3.883739948273,
    1.907349940211E-07));
#8576 = VECTOR('',#8577,1.);
#8577 = DIRECTION('',(-0.946945403497,0.321394466032,0.));
#8578 = ORIENTED_EDGE('',*,*,#8031,.F.);
#8579 = PLANE('',#8580);
#8580 = AXIS2_PLACEMENT_3D('',#8581,#8582,#8583);
#8581 = CARTESIAN_POINT('',(20.989512933462,4.393008446309,
    0.551639605436));
#8582 = DIRECTION('',(0.238044078259,0.701364738852,-0.671879840373));
#8583 = DIRECTION('',(0.,0.691765075546,0.722122621343));
#8584 = ADVANCED_FACE('',(#8585),#8595,.T.);
#8585 = FACE_BOUND('',#8586,.T.);
#8586 = EDGE_LOOP('',(#8587,#8588,#8594));
#8587 = ORIENTED_EDGE('',*,*,#7900,.T.);
#8588 = ORIENTED_EDGE('',*,*,#8589,.T.);
#8589 = EDGE_CURVE('',#7893,#8566,#8590,.T.);
#8590 = LINE('',#8591,#8592);
#8591 = CARTESIAN_POINT('',(21.212900161743,3.828069925308,
    1.907349940211E-07));
#8592 = VECTOR('',#8593,1.);
#8593 = DIRECTION('',(-0.98078894675,0.195071889139,0.));
#8594 = ORIENTED_EDGE('',*,*,#8565,.F.);
#8595 = PLANE('',#8596);
#8596 = AXIS2_PLACEMENT_3D('',#8597,#8598,#8599);
#8597 = CARTESIAN_POINT('',(21.138636592533,4.353063992647,0.55164919979
    ));
#8598 = DIRECTION('',(0.144481884517,0.726430835138,-0.671880366439));
#8599 = DIRECTION('',(-1.387778780781E-17,0.679004861839,0.73413377364)
  );
#8600 = ADVANCED_FACE('',(#8601),#8616,.T.);
#8601 = FACE_BOUND('',#8602,.T.);
#8602 = EDGE_LOOP('',(#8603,#8609,#8615));
#8603 = ORIENTED_EDGE('',*,*,#8604,.T.);
#8604 = EDGE_CURVE('',#6191,#7948,#8605,.T.);
#8605 = LINE('',#8606,#8607);
#8606 = CARTESIAN_POINT('',(20.4375,6.28469991684,1.200000047684));
#8607 = VECTOR('',#8608,1.);
#8608 = DIRECTION('',(-0.678942652201,7.771987830322E-04,-0.734190895466
    ));
#8609 = ORIENTED_EDGE('',*,*,#8610,.T.);
#8610 = EDGE_CURVE('',#7948,#6237,#8611,.T.);
#8611 = LINE('',#8612,#8613);
#8612 = CARTESIAN_POINT('',(19.327800750732,6.285970211029,
    1.907349940211E-07));
#8613 = VECTOR('',#8614,1.);
#8614 = DIRECTION('',(0.248014270654,0.968756378845,0.));
#8615 = ORIENTED_EDGE('',*,*,#6236,.F.);
#8616 = PLANE('',#8617);
#8617 = AXIS2_PLACEMENT_3D('',#8618,#8619,#8620);
#8618 = CARTESIAN_POINT('',(19.882520385102,6.285627808762,
    0.599778570865));
#8619 = DIRECTION('',(0.721461364218,-0.184703520902,-0.667366547938));
#8620 = DIRECTION('',(0.679050089299,0.,0.734091939897));
#8621 = ADVANCED_FACE('',(#8622),#8632,.T.);
#8622 = FACE_BOUND('',#8623,.T.);
#8623 = EDGE_LOOP('',(#8624,#8625,#8631));
#8624 = ORIENTED_EDGE('',*,*,#8604,.F.);
#8625 = ORIENTED_EDGE('',*,*,#8626,.F.);
#8626 = EDGE_CURVE('',#7917,#6191,#8627,.T.);
#8627 = LINE('',#8628,#8629);
#8628 = CARTESIAN_POINT('',(20.409400939941,6.143579959869,
    1.200000047684));
#8629 = VECTOR('',#8630,1.);
#8630 = DIRECTION('',(0.195281217381,0.980747289641,0.));
#8631 = ORIENTED_EDGE('',*,*,#7955,.F.);
#8632 = PLANE('',#8633);
#8633 = AXIS2_PLACEMENT_3D('',#8634,#8635,#8636);
#8634 = CARTESIAN_POINT('',(19.898835365916,6.248666777165,
    0.625391681383));
#8635 = DIRECTION('',(0.726394734077,-0.144635880688,-0.671886264425));
#8636 = DIRECTION('',(0.679026260972,0.,0.734113980871));
#8637 = ADVANCED_FACE('',(#8638),#8654,.T.);
#8638 = FACE_BOUND('',#8639,.T.);
#8639 = EDGE_LOOP('',(#8640,#8646,#8647,#8653));
#8640 = ORIENTED_EDGE('',*,*,#8641,.T.);
#8641 = EDGE_CURVE('',#3506,#7084,#8642,.T.);
#8642 = LINE('',#8643,#8644);
#8643 = CARTESIAN_POINT('',(22.516300201416,5.579050064087,
    4.199999809265));
#8644 = VECTOR('',#8645,1.);
#8645 = DIRECTION('',(0.,0.,-1.));
#8646 = ORIENTED_EDGE('',*,*,#7189,.T.);
#8647 = ORIENTED_EDGE('',*,*,#8648,.F.);
#8648 = EDGE_CURVE('',#3514,#7182,#8649,.T.);
#8649 = LINE('',#8650,#8651);
#8650 = CARTESIAN_POINT('',(22.452600479126,5.449999809265,
    4.199999809265));
#8651 = VECTOR('',#8652,1.);
#8652 = DIRECTION('',(0.,0.,-1.));
#8653 = ORIENTED_EDGE('',*,*,#3513,.F.);
#8654 = PLANE('',#8655);
#8655 = AXIS2_PLACEMENT_3D('',#8656,#8657,#8658);
#8656 = CARTESIAN_POINT('',(22.484450340271,5.514524936676,
    2.699999928474));
#8657 = DIRECTION('',(-0.8967095632,0.442619429381,-0.));
#8658 = DIRECTION('',(-0.442619429381,-0.8967095632,0.));
#8659 = ADVANCED_FACE('',(#8660),#8676,.T.);
#8660 = FACE_BOUND('',#8661,.T.);
#8661 = EDGE_LOOP('',(#8662,#8668,#8669,#8675));
#8662 = ORIENTED_EDGE('',*,*,#8663,.T.);
#8663 = EDGE_CURVE('',#3458,#6753,#8664,.T.);
#8664 = LINE('',#8665,#8666);
#8665 = CARTESIAN_POINT('',(22.516300201416,6.420949935913,
    4.199999809265));
#8666 = VECTOR('',#8667,1.);
#8667 = DIRECTION('',(0.,0.,-1.));
#8668 = ORIENTED_EDGE('',*,*,#6791,.T.);
#8669 = ORIENTED_EDGE('',*,*,#8670,.T.);
#8670 = EDGE_CURVE('',#6784,#3466,#8671,.T.);
#8671 = LINE('',#8672,#8673);
#8672 = CARTESIAN_POINT('',(22.5625,6.28469991684,1.200000047684));
#8673 = VECTOR('',#8674,1.);
#8674 = DIRECTION('',(0.,0.,1.));
#8675 = ORIENTED_EDGE('',*,*,#3465,.F.);
#8676 = PLANE('',#8677);
#8677 = AXIS2_PLACEMENT_3D('',#8678,#8679,#8680);
#8678 = CARTESIAN_POINT('',(22.539400100708,6.352824926376,
    2.699999928474));
#8679 = DIRECTION('',(-0.947037659646,-0.321122517447,-0.));
#8680 = DIRECTION('',(0.321122517447,-0.947037659646,0.));
#8681 = ADVANCED_FACE('',(#8682),#8693,.T.);
#8682 = FACE_BOUND('',#8683,.T.);
#8683 = EDGE_LOOP('',(#8684,#8685,#8686,#8692));
#8684 = ORIENTED_EDGE('',*,*,#8648,.T.);
#8685 = ORIENTED_EDGE('',*,*,#7235,.T.);
#8686 = ORIENTED_EDGE('',*,*,#8687,.F.);
#8687 = EDGE_CURVE('',#3522,#7228,#8688,.T.);
#8688 = LINE('',#8689,#8690);
#8689 = CARTESIAN_POINT('',(22.372699737549,5.33035993576,4.199999809265
    ));
#8690 = VECTOR('',#8691,1.);
#8691 = DIRECTION('',(0.,0.,-1.));
#8692 = ORIENTED_EDGE('',*,*,#3521,.F.);
#8693 = PLANE('',#8694);
#8694 = AXIS2_PLACEMENT_3D('',#8695,#8696,#8697);
#8695 = CARTESIAN_POINT('',(22.412650108337,5.390179872513,
    2.699999928474));
#8696 = DIRECTION('',(-0.831598237256,0.555377683916,-0.));
#8697 = DIRECTION('',(-0.555377683916,-0.831598237256,0.));
#8698 = ADVANCED_FACE('',(#8699),#8710,.T.);
#8699 = FACE_BOUND('',#8700,.T.);
#8700 = EDGE_LOOP('',(#8701,#8702,#8703,#8709));
#8701 = ORIENTED_EDGE('',*,*,#8687,.T.);
#8702 = ORIENTED_EDGE('',*,*,#7282,.T.);
#8703 = ORIENTED_EDGE('',*,*,#8704,.F.);
#8704 = EDGE_CURVE('',#3530,#7250,#8705,.T.);
#8705 = LINE('',#8706,#8707);
#8706 = CARTESIAN_POINT('',(22.277799606323,5.222179889679,
    4.199999809265));
#8707 = VECTOR('',#8708,1.);
#8708 = DIRECTION('',(0.,0.,-1.));
#8709 = ORIENTED_EDGE('',*,*,#3529,.F.);
#8710 = PLANE('',#8711);
#8711 = AXIS2_PLACEMENT_3D('',#8712,#8713,#8714);
#8712 = CARTESIAN_POINT('',(22.325249671936,5.27626991272,2.699999928474
    ));
#8713 = DIRECTION('',(-0.751740668852,0.659458843897,-0.));
#8714 = DIRECTION('',(-0.659458843897,-0.751740668852,0.));
#8715 = ADVANCED_FACE('',(#8716),#8732,.T.);
#8716 = FACE_BOUND('',#8717,.T.);
#8717 = EDGE_LOOP('',(#8718,#8724,#8725,#8731));
#8718 = ORIENTED_EDGE('',*,*,#8719,.T.);
#8719 = EDGE_CURVE('',#3474,#6922,#8720,.T.);
#8720 = LINE('',#8721,#8722);
#8721 = CARTESIAN_POINT('',(22.590599060059,6.143579959869,
    4.199999809265));
#8722 = VECTOR('',#8723,1.);
#8723 = DIRECTION('',(0.,0.,-1.));
#8724 = ORIENTED_EDGE('',*,*,#6975,.T.);
#8725 = ORIENTED_EDGE('',*,*,#8726,.F.);
#8726 = EDGE_CURVE('',#3482,#6968,#8727,.T.);
#8727 = LINE('',#8728,#8729);
#8728 = CARTESIAN_POINT('',(22.60000038147,6.,4.199999809265));
#8729 = VECTOR('',#8730,1.);
#8730 = DIRECTION('',(0.,0.,-1.));
#8731 = ORIENTED_EDGE('',*,*,#3481,.F.);
#8732 = PLANE('',#8733);
#8733 = AXIS2_PLACEMENT_3D('',#8734,#8735,#8736);
#8734 = CARTESIAN_POINT('',(22.595299720764,6.071789979935,
    2.699999928474));
#8735 = DIRECTION('',(-0.997863187559,-6.533803574754E-02,-0.));
#8736 = DIRECTION('',(6.533803574754E-02,-0.997863187559,0.));
#8737 = ADVANCED_FACE('',(#8738),#8754,.T.);
#8738 = FACE_BOUND('',#8739,.T.);
#8739 = EDGE_LOOP('',(#8740,#8746,#8747,#8753));
#8740 = ORIENTED_EDGE('',*,*,#8741,.T.);
#8741 = EDGE_CURVE('',#3434,#7510,#8742,.T.);
#8742 = LINE('',#8743,#8744);
#8743 = CARTESIAN_POINT('',(22.277799606323,6.777820110321,
    4.199999809265));
#8744 = VECTOR('',#8745,1.);
#8745 = DIRECTION('',(0.,0.,-1.));
#8746 = ORIENTED_EDGE('',*,*,#7518,.T.);
#8747 = ORIENTED_EDGE('',*,*,#8748,.T.);
#8748 = EDGE_CURVE('',#7442,#3442,#8749,.T.);
#8749 = LINE('',#8750,#8751);
#8750 = CARTESIAN_POINT('',(22.372699737549,6.66964006424,1.200000047684
    ));
#8751 = VECTOR('',#8752,1.);
#8752 = DIRECTION('',(0.,0.,1.));
#8753 = ORIENTED_EDGE('',*,*,#3441,.F.);
#8754 = PLANE('',#8755);
#8755 = AXIS2_PLACEMENT_3D('',#8756,#8757,#8758);
#8756 = CARTESIAN_POINT('',(22.325249671936,6.72373008728,2.699999928474
    ));
#8757 = DIRECTION('',(-0.751740668852,-0.659458843897,-0.));
#8758 = DIRECTION('',(0.659458843897,-0.751740668852,0.));
#8759 = ADVANCED_FACE('',(#8760),#8771,.T.);
#8760 = FACE_BOUND('',#8761,.T.);
#8761 = EDGE_LOOP('',(#8762,#8763,#8764,#8770));
#8762 = ORIENTED_EDGE('',*,*,#8726,.T.);
#8763 = ORIENTED_EDGE('',*,*,#6997,.T.);
#8764 = ORIENTED_EDGE('',*,*,#8765,.F.);
#8765 = EDGE_CURVE('',#3490,#6990,#8766,.T.);
#8766 = LINE('',#8767,#8768);
#8767 = CARTESIAN_POINT('',(22.590599060059,5.856420040131,
    4.199999809265));
#8768 = VECTOR('',#8769,1.);
#8769 = DIRECTION('',(0.,0.,-1.));
#8770 = ORIENTED_EDGE('',*,*,#3489,.F.);
#8771 = PLANE('',#8772);
#8772 = AXIS2_PLACEMENT_3D('',#8773,#8774,#8775);
#8773 = CARTESIAN_POINT('',(22.595299720764,5.928210020065,
    2.699999928474));
#8774 = DIRECTION('',(-0.997863187559,6.533803574754E-02,-0.));
#8775 = DIRECTION('',(-6.533803574754E-02,-0.997863187559,0.));
#8776 = ADVANCED_FACE('',(#8777),#8788,.T.);
#8777 = FACE_BOUND('',#8778,.T.);
#8778 = EDGE_LOOP('',(#8779,#8780,#8781,#8787));
#8779 = ORIENTED_EDGE('',*,*,#8765,.T.);
#8780 = ORIENTED_EDGE('',*,*,#7043,.T.);
#8781 = ORIENTED_EDGE('',*,*,#8782,.T.);
#8782 = EDGE_CURVE('',#7036,#3498,#8783,.T.);
#8783 = LINE('',#8784,#8785);
#8784 = CARTESIAN_POINT('',(22.5625,5.71530008316,1.200000047684));
#8785 = VECTOR('',#8786,1.);
#8786 = DIRECTION('',(0.,0.,1.));
#8787 = ORIENTED_EDGE('',*,*,#3497,.F.);
#8788 = PLANE('',#8789);
#8789 = AXIS2_PLACEMENT_3D('',#8790,#8791,#8792);
#8790 = CARTESIAN_POINT('',(22.576549530029,5.785860061646,
    2.699999928474));
#8791 = DIRECTION('',(-0.980747289641,0.195281217381,-0.));
#8792 = DIRECTION('',(-0.195281217381,-0.980747289641,0.));
#8793 = ADVANCED_FACE('',(#8794),#8820,.T.);
#8794 = FACE_BOUND('',#8795,.T.);
#8795 = EDGE_LOOP('',(#8796,#8806,#8814));
#8796 = ORIENTED_EDGE('',*,*,#8797,.T.);
#8797 = EDGE_CURVE('',#8798,#8800,#8802,.T.);
#8798 = VERTEX_POINT('',#8799);
#8799 = CARTESIAN_POINT('',(-22.59639930725,7.896719932556,
    1.907349940211E-07));
#8800 = VERTEX_POINT('',#8801);
#8801 = CARTESIAN_POINT('',(-22.04999923706,6.95263004303,1.200000047684
    ));
#8802 = LINE('',#8803,#8804);
#8803 = CARTESIAN_POINT('',(-22.59639930725,7.896719932556,
    1.907349940211E-07));
#8804 = VECTOR('',#8805,1.);
#8805 = DIRECTION('',(0.336933786577,-0.582166435734,0.739971529566));
#8806 = ORIENTED_EDGE('',*,*,#8807,.F.);
#8807 = EDGE_CURVE('',#8808,#8800,#8810,.T.);
#8808 = VERTEX_POINT('',#8809);
#8809 = CARTESIAN_POINT('',(-22.16959953308,6.872690200806,
    1.200000047684));
#8810 = LINE('',#8811,#8812);
#8811 = CARTESIAN_POINT('',(-22.16959953308,6.872690200806,
    1.200000047684));
#8812 = VECTOR('',#8813,1.);
#8813 = DIRECTION('',(0.831387786048,0.555692675145,0.));
#8814 = ORIENTED_EDGE('',*,*,#8815,.T.);
#8815 = EDGE_CURVE('',#8808,#8798,#8816,.T.);
#8816 = LINE('',#8817,#8818);
#8817 = CARTESIAN_POINT('',(-22.16959953308,6.872690200806,
    1.200000047684));
#8818 = VECTOR('',#8819,1.);
#8819 = DIRECTION('',(-0.261158362343,0.626602786411,-0.734278733071));
#8820 = PLANE('',#8821);
#8821 = AXIS2_PLACEMENT_3D('',#8822,#8823,#8824);
#8822 = CARTESIAN_POINT('',(-22.34291512412,7.383796770471,
    0.625388024857));
#8823 = DIRECTION('',(0.411584259232,-0.615783042247,-0.671870257144));
#8824 = DIRECTION('',(-2.775557561563E-17,-0.737207714755,0.675666178898
    ));
#8825 = ADVANCED_FACE('',(#8826),#8843,.T.);
#8826 = FACE_BOUND('',#8827,.T.);
#8827 = EDGE_LOOP('',(#8828,#8829,#8837));
#8828 = ORIENTED_EDGE('',*,*,#8797,.F.);
#8829 = ORIENTED_EDGE('',*,*,#8830,.T.);
#8830 = EDGE_CURVE('',#8798,#8831,#8833,.T.);
#8831 = VERTEX_POINT('',#8832);
#8832 = CARTESIAN_POINT('',(-22.59550094604,7.897379875183,
    1.907349940211E-07));
#8833 = LINE('',#8834,#8835);
#8834 = CARTESIAN_POINT('',(-22.59639930725,7.896719932556,
    1.907349940211E-07));
#8835 = VECTOR('',#8836,1.);
#8836 = DIRECTION('',(0.805915135179,0.592031075949,0.));
#8837 = ORIENTED_EDGE('',*,*,#8838,.F.);
#8838 = EDGE_CURVE('',#8800,#8831,#8839,.T.);
#8839 = LINE('',#8840,#8841);
#8840 = CARTESIAN_POINT('',(-22.04999923706,6.95263004303,1.200000047684
    ));
#8841 = VECTOR('',#8842,1.);
#8842 = DIRECTION('',(-0.336362833291,0.582543968352,-0.739934165529));
#8843 = PLANE('',#8844);
#8844 = AXIS2_PLACEMENT_3D('',#8845,#8846,#8847);
#8845 = CARTESIAN_POINT('',(-22.32306846021,7.425002211068,
    0.599793981949));
#8846 = DIRECTION('',(0.439261998234,-0.597954916329,-0.670446727895));
#8847 = DIRECTION('',(2.775557561563E-17,-0.746301563431,0.665607975027)
  );
#8848 = ADVANCED_FACE('',(#8849),#8875,.T.);
#8849 = FACE_BOUND('',#8850,.T.);
#8850 = EDGE_LOOP('',(#8851,#8861,#8869));
#8851 = ORIENTED_EDGE('',*,*,#8852,.T.);
#8852 = EDGE_CURVE('',#8853,#8855,#8857,.T.);
#8853 = VERTEX_POINT('',#8854);
#8854 = CARTESIAN_POINT('',(-22.33729934692,8.024519920349,
    1.907349940211E-07));
#8855 = VERTEX_POINT('',#8856);
#8856 = CARTESIAN_POINT('',(-21.92099952697,7.016270160675,
    1.200000047684));
#8857 = LINE('',#8858,#8859);
#8858 = CARTESIAN_POINT('',(-22.33729934692,8.024519920349,
    1.907349940211E-07));
#8859 = VECTOR('',#8860,1.);
#8860 = DIRECTION('',(0.256707675094,-0.621728473852,0.739969509067));
#8861 = ORIENTED_EDGE('',*,*,#8862,.T.);
#8862 = EDGE_CURVE('',#8855,#8863,#8865,.T.);
#8863 = VERTEX_POINT('',#8864);
#8864 = CARTESIAN_POINT('',(-22.33839988708,8.024140357971,
    1.907349940211E-07));
#8865 = LINE('',#8866,#8867);
#8866 = CARTESIAN_POINT('',(-21.92099952697,7.016270160675,
    1.200000047684));
#8867 = VECTOR('',#8868,1.);
#8868 = DIRECTION('',(-0.257378862261,0.621476427621,-0.73994808681));
#8869 = ORIENTED_EDGE('',*,*,#8870,.T.);
#8870 = EDGE_CURVE('',#8863,#8853,#8871,.T.);
#8871 = LINE('',#8872,#8873);
#8872 = CARTESIAN_POINT('',(-22.33839988708,8.024140357971,
    1.907349940211E-07));
#8873 = VECTOR('',#8874,1.);
#8874 = DIRECTION('',(0.945355569036,0.326041175456,0.));
#8875 = PLANE('',#8876);
#8876 = AXIS2_PLACEMENT_3D('',#8877,#8878,#8879);
#8877 = CARTESIAN_POINT('',(-22.12949935866,7.520480993992,
    0.599784839845));
#8878 = DIRECTION('',(0.241453487986,-0.700093781607,-0.671988772298));
#8879 = DIRECTION('',(1.387778780781E-17,0.692477524929,-0.721439448234)
  );
#8880 = ADVANCED_FACE('',(#8881),#8898,.T.);
#8881 = FACE_BOUND('',#8882,.T.);
#8882 = EDGE_LOOP('',(#8883,#8884,#8892));
#8883 = ORIENTED_EDGE('',*,*,#8852,.F.);
#8884 = ORIENTED_EDGE('',*,*,#8885,.T.);
#8885 = EDGE_CURVE('',#8853,#8886,#8888,.T.);
#8886 = VERTEX_POINT('',#8887);
#8887 = CARTESIAN_POINT('',(-21.78470039367,7.062520027161,
    1.200000047684));
#8888 = LINE('',#8889,#8890);
#8889 = CARTESIAN_POINT('',(-22.33729934692,8.024519920349,
    1.907349940211E-07));
#8890 = VECTOR('',#8891,1.);
#8891 = DIRECTION('',(0.338133841104,-0.588645195787,0.734276745496));
#8892 = ORIENTED_EDGE('',*,*,#8893,.F.);
#8893 = EDGE_CURVE('',#8855,#8886,#8894,.T.);
#8894 = LINE('',#8895,#8896);
#8895 = CARTESIAN_POINT('',(-21.92099952697,7.016270160675,
    1.200000047684));
#8896 = VECTOR('',#8897,1.);
#8897 = DIRECTION('',(0.946967035763,0.321330722431,0.));
#8898 = PLANE('',#8899);
#8899 = AXIS2_PLACEMENT_3D('',#8900,#8901,#8902);
#8900 = CARTESIAN_POINT('',(-22.08469418351,7.511147881107,
    0.625400816853));
#8901 = DIRECTION('',(0.237998288565,-0.701384953588,-0.671874959736));
#8902 = DIRECTION('',(0.,0.691752058278,-0.722135091149));
#8903 = ADVANCED_FACE('',(#8904),#8928,.T.);
#8904 = FACE_BOUND('',#8905,.T.);
#8905 = EDGE_LOOP('',(#8906,#8914,#8922));
#8906 = ORIENTED_EDGE('',*,*,#8907,.T.);
#8907 = EDGE_CURVE('',#8908,#8886,#8910,.T.);
#8908 = VERTEX_POINT('',#8909);
#8909 = CARTESIAN_POINT('',(-21.78709983825,8.17193031311,
    1.907349940211E-07));
#8910 = LINE('',#8911,#8912);
#8911 = CARTESIAN_POINT('',(-21.78709983825,8.17193031311,
    1.907349940211E-07));
#8912 = VECTOR('',#8913,1.);
#8913 = DIRECTION('',(1.468217230253E-03,-0.678846809289,0.734278457982)
  );
#8914 = ORIENTED_EDGE('',*,*,#8915,.T.);
#8915 = EDGE_CURVE('',#8886,#8916,#8918,.T.);
#8916 = VERTEX_POINT('',#8917);
#8917 = CARTESIAN_POINT('',(-22.06699943542,8.11625957489,
    1.907349940211E-07));
#8918 = LINE('',#8919,#8920);
#8919 = CARTESIAN_POINT('',(-21.78470039367,7.062520027161,
    1.200000047684));
#8920 = VECTOR('',#8921,1.);
#8921 = DIRECTION('',(-0.174071079286,0.649756298227,-0.739943249358));
#8922 = ORIENTED_EDGE('',*,*,#8923,.T.);
#8923 = EDGE_CURVE('',#8916,#8908,#8924,.T.);
#8924 = LINE('',#8925,#8926);
#8925 = CARTESIAN_POINT('',(-22.06699943542,8.11625957489,
    1.907349940211E-07));
#8926 = VECTOR('',#8927,1.);
#8927 = DIRECTION('',(0.98078846723,0.195074300074,0.));
#8928 = PLANE('',#8929);
#8929 = AXIS2_PLACEMENT_3D('',#8930,#8931,#8932);
#8930 = CARTESIAN_POINT('',(-21.86136340096,7.646935966841,
    0.551649176035));
#8931 = DIRECTION('',(0.144483687716,-0.72643056805,-0.671880267448));
#8932 = DIRECTION('',(0.,0.679004942472,-0.734133699062));
#8933 = ADVANCED_FACE('',(#8934),#8944,.T.);
#8934 = FACE_BOUND('',#8935,.T.);
#8935 = EDGE_LOOP('',(#8936,#8937,#8938));
#8936 = ORIENTED_EDGE('',*,*,#8915,.F.);
#8937 = ORIENTED_EDGE('',*,*,#8885,.F.);
#8938 = ORIENTED_EDGE('',*,*,#8939,.T.);
#8939 = EDGE_CURVE('',#8853,#8916,#8940,.T.);
#8940 = LINE('',#8941,#8942);
#8941 = CARTESIAN_POINT('',(-22.33729934692,8.024519920349,
    1.907349940211E-07));
#8942 = VECTOR('',#8943,1.);
#8943 = DIRECTION('',(0.946945911904,0.321392968075,0.));
#8944 = PLANE('',#8945);
#8945 = AXIS2_PLACEMENT_3D('',#8946,#8947,#8948);
#8946 = CARTESIAN_POINT('',(-22.01048706564,7.606991406782,
    0.551639625076));
#8947 = DIRECTION('',(0.238043002215,-0.701365213916,-0.671879725699));
#8948 = DIRECTION('',(1.387778780781E-17,0.691764769641,-0.722122914387)
  );
#8949 = ADVANCED_FACE('',(#8950),#8965,.T.);
#8950 = FACE_BOUND('',#8951,.T.);
#8951 = EDGE_LOOP('',(#8952,#8958,#8959));
#8952 = ORIENTED_EDGE('',*,*,#8953,.T.);
#8953 = EDGE_CURVE('',#8800,#8863,#8954,.T.);
#8954 = LINE('',#8955,#8956);
#8955 = CARTESIAN_POINT('',(-22.04999923706,6.95263004303,1.200000047684
    ));
#8956 = VECTOR('',#8957,1.);
#8957 = DIRECTION('',(-0.176455083942,0.655592983413,-0.734208038263));
#8958 = ORIENTED_EDGE('',*,*,#8862,.F.);
#8959 = ORIENTED_EDGE('',*,*,#8960,.F.);
#8960 = EDGE_CURVE('',#8800,#8855,#8961,.T.);
#8961 = LINE('',#8962,#8963);
#8962 = CARTESIAN_POINT('',(-22.04999923706,6.95263004303,1.200000047684
    ));
#8963 = VECTOR('',#8964,1.);
#8964 = DIRECTION('',(0.896805165756,0.442425693956,0.));
#8965 = PLANE('',#8966);
#8966 = AXIS2_PLACEMENT_3D('',#8967,#8968,#8969);
#8967 = CARTESIAN_POINT('',(-22.15460480833,7.482242792068,
    0.625384340066));
#8968 = DIRECTION('',(0.327691406021,-0.664236615793,-0.67186908));
#8969 = DIRECTION('',(0.,-0.711134504838,0.703055983567));
#8970 = ADVANCED_FACE('',(#8971),#8981,.T.);
#8971 = FACE_BOUND('',#8972,.T.);
#8972 = EDGE_LOOP('',(#8973,#8974,#8975));
#8973 = ORIENTED_EDGE('',*,*,#8953,.F.);
#8974 = ORIENTED_EDGE('',*,*,#8838,.T.);
#8975 = ORIENTED_EDGE('',*,*,#8976,.T.);
#8976 = EDGE_CURVE('',#8831,#8863,#8977,.T.);
#8977 = LINE('',#8978,#8979);
#8978 = CARTESIAN_POINT('',(-22.59550094604,7.897379875183,
    1.907349940211E-07));
#8979 = VECTOR('',#8980,1.);
#8980 = DIRECTION('',(0.896911109592,0.442210878982,0.));
#8981 = PLANE('',#8982);
#8982 = AXIS2_PLACEMENT_3D('',#8983,#8984,#8985);
#8983 = CARTESIAN_POINT('',(-22.27511318748,7.497592286316,
    0.551453925359));
#8984 = DIRECTION('',(0.327525294941,-0.664300879212,-0.671886540312));
#8985 = DIRECTION('',(0.,-0.711109633373,0.703081139929));
#8986 = ADVANCED_FACE('',(#8987),#9004,.T.);
#8987 = FACE_BOUND('',#8988,.T.);
#8988 = EDGE_LOOP('',(#8989,#8990,#8998));
#8989 = ORIENTED_EDGE('',*,*,#8815,.F.);
#8990 = ORIENTED_EDGE('',*,*,#8991,.F.);
#8991 = EDGE_CURVE('',#8992,#8808,#8994,.T.);
#8992 = VERTEX_POINT('',#8993);
#8993 = CARTESIAN_POINT('',(-22.83370018005,7.738160133362,
    1.907349940211E-07));
#8994 = LINE('',#8995,#8996);
#8995 = CARTESIAN_POINT('',(-22.83370018005,7.738160133362,
    1.907349940211E-07));
#8996 = VECTOR('',#8997,1.);
#8997 = DIRECTION('',(0.40949674453,-0.533664771275,0.73994211133));
#8998 = ORIENTED_EDGE('',*,*,#8999,.T.);
#8999 = EDGE_CURVE('',#8992,#8798,#9000,.T.);
#9000 = LINE('',#9001,#9002);
#9001 = CARTESIAN_POINT('',(-22.83370018005,7.738160133362,
    1.907349940211E-07));
#9002 = VECTOR('',#9003,1.);
#9003 = DIRECTION('',(0.83146892404,0.555571263076,0.));
#9004 = PLANE('',#9005);
#9005 = AXIS2_PLACEMENT_3D('',#9006,#9007,#9008);
#9006 = CARTESIAN_POINT('',(-22.46409384642,7.383273524754,
    0.551646500327));
#9007 = DIRECTION('',(0.411488997227,-0.615835152963,-0.671880844746));
#9008 = DIRECTION('',(5.551115123126E-17,-0.737184538072,0.675691465706)
  );
#9009 = ADVANCED_FACE('',(#9010),#9027,.T.);
#9010 = FACE_BOUND('',#9011,.T.);
#9011 = EDGE_LOOP('',(#9012,#9013,#9021));
#9012 = ORIENTED_EDGE('',*,*,#8991,.T.);
#9013 = ORIENTED_EDGE('',*,*,#9014,.T.);
#9014 = EDGE_CURVE('',#8808,#9015,#9017,.T.);
#9015 = VERTEX_POINT('',#9016);
#9016 = CARTESIAN_POINT('',(-23.04829978942,7.549990177155,
    1.907349940211E-07));
#9017 = LINE('',#9018,#9019);
#9018 = CARTESIAN_POINT('',(-22.16959953308,6.872690200806,
    1.200000047684));
#9019 = VECTOR('',#9020,1.);
#9020 = DIRECTION('',(-0.537670341501,0.414434964542,-0.734271246908));
#9021 = ORIENTED_EDGE('',*,*,#9022,.T.);
#9022 = EDGE_CURVE('',#9015,#8992,#9023,.T.);
#9023 = LINE('',#9024,#9025);
#9024 = CARTESIAN_POINT('',(-23.04829978942,7.549990177155,
    1.907349940211E-07));
#9025 = VECTOR('',#9026,1.);
#9026 = DIRECTION('',(0.75188991393,0.659288675263,0.));
#9027 = PLANE('',#9028);
#9028 = AXIS2_PLACEMENT_3D('',#9029,#9030,#9031);
#9029 = CARTESIAN_POINT('',(-22.58657410085,7.2893002778,0.551644541808)
  );
#9030 = DIRECTION('',(0.488307132459,-0.556892938665,-0.671882727307));
#9031 = DIRECTION('',(-2.775557561563E-17,-0.769914525392,0.638147023491
    ));
#9032 = ADVANCED_FACE('',(#9033),#9050,.T.);
#9033 = FACE_BOUND('',#9034,.T.);
#9034 = EDGE_LOOP('',(#9035,#9043,#9044));
#9035 = ORIENTED_EDGE('',*,*,#9036,.T.);
#9036 = EDGE_CURVE('',#9037,#9015,#9039,.T.);
#9037 = VERTEX_POINT('',#9038);
#9038 = CARTESIAN_POINT('',(-22.27779960632,6.777820110321,
    1.200000047684));
#9039 = LINE('',#9040,#9041);
#9040 = CARTESIAN_POINT('',(-22.27779960632,6.777820110321,
    1.200000047684));
#9041 = VECTOR('',#9042,1.);
#9042 = DIRECTION('',(-0.475118281571,0.476147992277,-0.739963315285));
#9043 = ORIENTED_EDGE('',*,*,#9014,.F.);
#9044 = ORIENTED_EDGE('',*,*,#9045,.F.);
#9045 = EDGE_CURVE('',#9037,#8808,#9046,.T.);
#9046 = LINE('',#9047,#9048);
#9047 = CARTESIAN_POINT('',(-22.27779960632,6.777820110321,
    1.200000047684));
#9048 = VECTOR('',#9049,1.);
#9049 = DIRECTION('',(0.751904660699,0.659271856838,0.));
#9050 = PLANE('',#9051);
#9051 = AXIS2_PLACEMENT_3D('',#9052,#9053,#9054);
#9052 = CARTESIAN_POINT('',(-22.61844886873,7.172372994295,
    0.625395390033));
#9053 = DIRECTION('',(0.488295645786,-0.556904967287,-0.671881105343));
#9054 = DIRECTION('',(0.,-0.76990699633,0.638156107079));
#9055 = ADVANCED_FACE('',(#9056),#9073,.T.);
#9056 = FACE_BOUND('',#9057,.T.);
#9057 = EDGE_LOOP('',(#9058,#9059,#9067));
#9058 = ORIENTED_EDGE('',*,*,#9036,.F.);
#9059 = ORIENTED_EDGE('',*,*,#9060,.F.);
#9060 = EDGE_CURVE('',#9061,#9037,#9063,.T.);
#9061 = VERTEX_POINT('',#9062);
#9062 = CARTESIAN_POINT('',(-23.04920005798,7.549210071564,
    1.907349940211E-07));
#9063 = LINE('',#9064,#9065);
#9064 = CARTESIAN_POINT('',(-23.04920005798,7.549210071564,
    1.907349940211E-07));
#9065 = VECTOR('',#9066,1.);
#9066 = DIRECTION('',(0.475656781914,-0.47565031337,0.739937433308));
#9067 = ORIENTED_EDGE('',*,*,#9068,.T.);
#9068 = EDGE_CURVE('',#9061,#9015,#9069,.T.);
#9069 = LINE('',#9070,#9071);
#9070 = CARTESIAN_POINT('',(-23.04920005798,7.549210071564,
    1.907349940211E-07));
#9071 = VECTOR('',#9072,1.);
#9072 = DIRECTION('',(0.755741910091,0.654869578872,0.));
#9073 = PLANE('',#9074);
#9074 = AXIS2_PLACEMENT_3D('',#9075,#9076,#9077);
#9075 = CARTESIAN_POINT('',(-22.6634162919,7.163851789196,0.599779835845
    ));
#9076 = DIRECTION('',(0.48512134418,-0.559846636732,-0.671735829595));
#9077 = DIRECTION('',(0.,-0.768183720816,0.640229467514));
#9078 = ADVANCED_FACE('',(#9079),#9103,.T.);
#9079 = FACE_BOUND('',#9080,.T.);
#9080 = EDGE_LOOP('',(#9081,#9089,#9097));
#9081 = ORIENTED_EDGE('',*,*,#9082,.T.);
#9082 = EDGE_CURVE('',#9083,#9037,#9085,.T.);
#9083 = VERTEX_POINT('',#9084);
#9084 = CARTESIAN_POINT('',(-23.04999923706,7.548309803009,
    1.907349940211E-07));
#9085 = LINE('',#9086,#9087);
#9086 = CARTESIAN_POINT('',(-23.04999923706,7.548309803009,
    1.907349940211E-07));
#9087 = VECTOR('',#9088,1.);
#9088 = DIRECTION('',(0.4761635526,-0.475109148863,0.739959166334));
#9089 = ORIENTED_EDGE('',*,*,#9090,.F.);
#9090 = EDGE_CURVE('',#9091,#9037,#9093,.T.);
#9091 = VERTEX_POINT('',#9092);
#9092 = CARTESIAN_POINT('',(-22.37269973754,6.66964006424,1.200000047684
    ));
#9093 = LINE('',#9094,#9095);
#9094 = CARTESIAN_POINT('',(-22.37269973754,6.66964006424,1.200000047684
    ));
#9095 = VECTOR('',#9096,1.);
#9096 = DIRECTION('',(0.659458843897,0.751740668852,0.));
#9097 = ORIENTED_EDGE('',*,*,#9098,.F.);
#9098 = EDGE_CURVE('',#9083,#9091,#9099,.T.);
#9099 = LINE('',#9100,#9101);
#9100 = CARTESIAN_POINT('',(-23.04999923706,7.548309803009,
    1.907349940211E-07));
#9101 = VECTOR('',#9102,1.);
#9102 = DIRECTION('',(0.414438883873,-0.537657131137,0.734278707897));
#9103 = PLANE('',#9104);
#9104 = AXIS2_PLACEMENT_3D('',#9105,#9106,#9107);
#9105 = CARTESIAN_POINT('',(-22.67237380432,7.118469200784,
    0.625396249097));
#9106 = DIRECTION('',(0.556775943369,-0.488427505837,-0.671892194051));
#9107 = DIRECTION('',(-0.769984812739,2.775557561563E-17,-0.638062213386
    ));
#9108 = ADVANCED_FACE('',(#9109),#9126,.T.);
#9109 = FACE_BOUND('',#9110,.T.);
#9110 = EDGE_LOOP('',(#9111,#9112,#9120));
#9111 = ORIENTED_EDGE('',*,*,#9098,.T.);
#9112 = ORIENTED_EDGE('',*,*,#9113,.F.);
#9113 = EDGE_CURVE('',#9114,#9091,#9116,.T.);
#9114 = VERTEX_POINT('',#9115);
#9115 = CARTESIAN_POINT('',(-23.238199234,7.333740234375,
    1.907349940211E-07));
#9116 = LINE('',#9117,#9118);
#9117 = CARTESIAN_POINT('',(-23.238199234,7.333740234375,
    1.907349940211E-07));
#9118 = VECTOR('',#9119,1.);
#9119 = DIRECTION('',(0.53367787322,-0.409492516001,0.739935001858));
#9120 = ORIENTED_EDGE('',*,*,#9121,.T.);
#9121 = EDGE_CURVE('',#9114,#9083,#9122,.T.);
#9122 = LINE('',#9123,#9124);
#9123 = CARTESIAN_POINT('',(-23.238199234,7.333740234375,
    1.907349940211E-07));
#9124 = VECTOR('',#9125,1.);
#9125 = DIRECTION('',(0.659400348256,0.751791979685,0.));
#9126 = PLANE('',#9127);
#9127 = AXIS2_PLACEMENT_3D('',#9128,#9129,#9130);
#9128 = CARTESIAN_POINT('',(-22.789317804,7.086605475771,0.551644960659)
  );
#9129 = DIRECTION('',(0.556817790302,-0.488387552358,-0.671886558211));
#9130 = DIRECTION('',(-0.769958622424,5.551115123126E-17,-0.638093817361
    ));
#9131 = ADVANCED_FACE('',(#9132),#9149,.T.);
#9132 = FACE_BOUND('',#9133,.T.);
#9133 = EDGE_LOOP('',(#9134,#9135,#9143));
#9134 = ORIENTED_EDGE('',*,*,#9113,.T.);
#9135 = ORIENTED_EDGE('',*,*,#9136,.T.);
#9136 = EDGE_CURVE('',#9091,#9137,#9139,.T.);
#9137 = VERTEX_POINT('',#9138);
#9138 = CARTESIAN_POINT('',(-23.39669990539,7.096439838409,
    1.907349940211E-07));
#9139 = LINE('',#9140,#9141);
#9140 = CARTESIAN_POINT('',(-22.37269973754,6.66964006424,1.200000047684
    ));
#9141 = VECTOR('',#9142,1.);
#9142 = DIRECTION('',(-0.626591798845,0.261161322665,-0.734287056378));
#9143 = ORIENTED_EDGE('',*,*,#9144,.T.);
#9144 = EDGE_CURVE('',#9137,#9114,#9145,.T.);
#9145 = LINE('',#9146,#9147);
#9146 = CARTESIAN_POINT('',(-23.39669990539,7.096439838409,
    1.907349940211E-07));
#9147 = VECTOR('',#9148,1.);
#9148 = DIRECTION('',(0.555428781271,0.831564109938,0.));
#9149 = PLANE('',#9150);
#9150 = AXIS2_PLACEMENT_3D('',#9151,#9152,#9153);
#9151 = CARTESIAN_POINT('',(-22.88327858398,6.964132482973,
    0.551651638325));
#9152 = DIRECTION('',(0.615902568477,-0.411381406319,-0.671884934106));
#9153 = DIRECTION('',(-0.737149743307,0.,-0.675729425098));
#9154 = ADVANCED_FACE('',(#9155),#9165,.T.);
#9155 = FACE_BOUND('',#9156,.T.);
#9156 = EDGE_LOOP('',(#9157,#9158,#9164));
#9157 = ORIENTED_EDGE('',*,*,#9082,.F.);
#9158 = ORIENTED_EDGE('',*,*,#9159,.T.);
#9159 = EDGE_CURVE('',#9083,#9061,#9160,.T.);
#9160 = LINE('',#9161,#9162);
#9161 = CARTESIAN_POINT('',(-23.04999923706,7.548309803009,
    1.907349940211E-07));
#9162 = VECTOR('',#9163,1.);
#9163 = DIRECTION('',(0.663871978503,0.747846238313,0.));
#9164 = ORIENTED_EDGE('',*,*,#9060,.T.);
#9165 = PLANE('',#9166);
#9166 = AXIS2_PLACEMENT_3D('',#9167,#9168,#9169);
#9167 = CARTESIAN_POINT('',(-22.6638427978,7.163433041347,0.599777511606
    ));
#9168 = DIRECTION('',(0.553801272922,-0.491615960583,-0.672025220814));
#9169 = DIRECTION('',(-0.771722402387,0.,-0.635959537749));
#9170 = ADVANCED_FACE('',(#9171),#9188,.T.);
#9171 = FACE_BOUND('',#9172,.T.);
#9172 = EDGE_LOOP('',(#9173,#9181,#9182));
#9173 = ORIENTED_EDGE('',*,*,#9174,.T.);
#9174 = EDGE_CURVE('',#9175,#9137,#9177,.T.);
#9175 = VERTEX_POINT('',#9176);
#9176 = CARTESIAN_POINT('',(-22.45260047912,6.550000190735,
    1.200000047684));
#9177 = LINE('',#9178,#9179);
#9178 = CARTESIAN_POINT('',(-22.45260047912,6.550000190735,
    1.200000047684));
#9179 = VECTOR('',#9180,1.);
#9180 = DIRECTION('',(-0.582165536157,0.33695426733,-0.739962911395));
#9181 = ORIENTED_EDGE('',*,*,#9136,.F.);
#9182 = ORIENTED_EDGE('',*,*,#9183,.F.);
#9183 = EDGE_CURVE('',#9175,#9091,#9184,.T.);
#9184 = LINE('',#9185,#9186);
#9185 = CARTESIAN_POINT('',(-22.45260047912,6.550000190735,
    1.200000047684));
#9186 = VECTOR('',#9187,1.);
#9187 = DIRECTION('',(0.555377683916,0.831598237256,0.));
#9188 = PLANE('',#9189);
#9189 = AXIS2_PLACEMENT_3D('',#9190,#9191,#9192);
#9190 = CARTESIAN_POINT('',(-22.88378066994,6.842944283727,
    0.625389912833));
#9191 = DIRECTION('',(0.615924489316,-0.411341319664,-0.671889382412));
#9192 = DIRECTION('',(-0.737139992148,0.,-0.675740062432));
#9193 = ADVANCED_FACE('',(#9194),#9211,.T.);
#9194 = FACE_BOUND('',#9195,.T.);
#9195 = EDGE_LOOP('',(#9196,#9197,#9205));
#9196 = ORIENTED_EDGE('',*,*,#9174,.F.);
#9197 = ORIENTED_EDGE('',*,*,#9198,.F.);
#9198 = EDGE_CURVE('',#9199,#9175,#9201,.T.);
#9199 = VERTEX_POINT('',#9200);
#9200 = CARTESIAN_POINT('',(-23.39739990234,7.095449924469,
    1.907349940211E-07));
#9201 = LINE('',#9202,#9203);
#9202 = CARTESIAN_POINT('',(-23.39739990234,7.095449924469,
    1.907349940211E-07));
#9203 = VECTOR('',#9204,1.);
#9204 = DIRECTION('',(0.582570448817,-0.3363284189,0.739928960648));
#9205 = ORIENTED_EDGE('',*,*,#9206,.T.);
#9206 = EDGE_CURVE('',#9199,#9137,#9207,.T.);
#9207 = LINE('',#9208,#9209);
#9208 = CARTESIAN_POINT('',(-23.39739990234,7.095449924469,
    1.907349940211E-07));
#9209 = VECTOR('',#9210,1.);
#9210 = DIRECTION('',(0.57736241478,0.816487992563,0.));
#9211 = PLANE('',#9212);
#9212 = AXIS2_PLACEMENT_3D('',#9213,#9214,#9215);
#9213 = CARTESIAN_POINT('',(-22.92500164598,6.823074528676,
    0.599775924516));
#9214 = DIRECTION('',(0.605298090019,-0.428023890295,-0.671125749436));
#9215 = DIRECTION('',(-0.74258679239,0.,-0.669749845665));
#9216 = ADVANCED_FACE('',(#9217),#9234,.T.);
#9217 = FACE_BOUND('',#9218,.T.);
#9218 = EDGE_LOOP('',(#9219,#9227,#9228));
#9219 = ORIENTED_EDGE('',*,*,#9220,.T.);
#9220 = EDGE_CURVE('',#9221,#9199,#9223,.T.);
#9221 = VERTEX_POINT('',#9222);
#9222 = CARTESIAN_POINT('',(-22.51630020141,6.420949935913,
    1.200000047684));
#9223 = LINE('',#9224,#9225);
#9224 = CARTESIAN_POINT('',(-22.51630020141,6.420949935913,
    1.200000047684));
#9225 = VECTOR('',#9226,1.);
#9226 = DIRECTION('',(-0.539094390859,0.412687871852,-0.734211112808));
#9227 = ORIENTED_EDGE('',*,*,#9198,.T.);
#9228 = ORIENTED_EDGE('',*,*,#9229,.F.);
#9229 = EDGE_CURVE('',#9221,#9175,#9230,.T.);
#9230 = LINE('',#9231,#9232);
#9231 = CARTESIAN_POINT('',(-22.51630020141,6.420949935913,
    1.200000047684));
#9232 = VECTOR('',#9233,1.);
#9233 = DIRECTION('',(0.442619429381,0.8967095632,0.));
#9234 = PLANE('',#9235);
#9235 = AXIS2_PLACEMENT_3D('',#9236,#9237,#9238);
#9236 = CARTESIAN_POINT('',(-22.92166315935,6.777433509763,
    0.625396195946));
#9237 = DIRECTION('',(0.664136753146,-0.32782055949,-0.671904795262));
#9238 = DIRECTION('',(-0.711206035843,0.,-0.702983623266));
#9239 = ADVANCED_FACE('',(#9240),#9257,.T.);
#9240 = FACE_BOUND('',#9241,.T.);
#9241 = EDGE_LOOP('',(#9242,#9243,#9251));
#9242 = ORIENTED_EDGE('',*,*,#9220,.F.);
#9243 = ORIENTED_EDGE('',*,*,#9244,.T.);
#9244 = EDGE_CURVE('',#9221,#9245,#9247,.T.);
#9245 = VERTEX_POINT('',#9246);
#9246 = CARTESIAN_POINT('',(-23.52409934997,6.838419914246,
    1.907349940211E-07));
#9247 = LINE('',#9248,#9249);
#9248 = CARTESIAN_POINT('',(-22.51630020141,6.420949935913,
    1.200000047684));
#9249 = VECTOR('',#9250,1.);
#9250 = DIRECTION('',(-0.621442670075,0.257425954747,-0.739960056781));
#9251 = ORIENTED_EDGE('',*,*,#9252,.T.);
#9252 = EDGE_CURVE('',#9245,#9199,#9253,.T.);
#9253 = LINE('',#9254,#9255);
#9254 = CARTESIAN_POINT('',(-23.52409934997,6.838419914246,
    1.907349940211E-07));
#9255 = VECTOR('',#9256,1.);
#9256 = DIRECTION('',(0.442137873571,0.89694710031,0.));
#9257 = PLANE('',#9258);
#9258 = AXIS2_PLACEMENT_3D('',#9259,#9260,#9261);
#9259 = CARTESIAN_POINT('',(-23.02660881147,6.716254633132,
    0.551467174507));
#9260 = DIRECTION('',(0.664344505934,-0.327479588341,-0.671865683493));
#9261 = DIRECTION('',(-0.711075635947,0.,-0.703115523909));
#9262 = ADVANCED_FACE('',(#9263),#9280,.T.);
#9263 = FACE_BOUND('',#9264,.T.);
#9264 = EDGE_LOOP('',(#9265,#9273,#9279));
#9265 = ORIENTED_EDGE('',*,*,#9266,.T.);
#9266 = EDGE_CURVE('',#9221,#9267,#9269,.T.);
#9267 = VERTEX_POINT('',#9268);
#9268 = CARTESIAN_POINT('',(-23.52449989318,6.837299823761,
    1.907349940211E-07));
#9269 = LINE('',#9270,#9271);
#9270 = CARTESIAN_POINT('',(-22.51630020141,6.420949935913,
    1.200000047684));
#9271 = VECTOR('',#9272,1.);
#9272 = DIRECTION('',(-0.621704605742,0.256741442184,-0.739977847685));
#9273 = ORIENTED_EDGE('',*,*,#9274,.T.);
#9274 = EDGE_CURVE('',#9267,#9245,#9275,.T.);
#9275 = LINE('',#9276,#9277);
#9276 = CARTESIAN_POINT('',(-23.52449989318,6.837299823761,
    1.907349940211E-07));
#9277 = VECTOR('',#9278,1.);
#9278 = DIRECTION('',(0.336717271378,0.941605798175,0.));
#9279 = ORIENTED_EDGE('',*,*,#9244,.F.);
#9280 = PLANE('',#9281);
#9281 = AXIS2_PLACEMENT_3D('',#9282,#9283,#9284);
#9282 = CARTESIAN_POINT('',(-23.0204846913,6.629481331498,0.599780141723
    ));
#9283 = DIRECTION('',(0.69713367802,-0.24929429097,-0.672203087958));
#9284 = DIRECTION('',(0.694117935191,0.,0.719861300562));
#9285 = ADVANCED_FACE('',(#9286),#9303,.T.);
#9286 = FACE_BOUND('',#9287,.T.);
#9287 = EDGE_LOOP('',(#9288,#9289,#9297));
#9288 = ORIENTED_EDGE('',*,*,#9266,.F.);
#9289 = ORIENTED_EDGE('',*,*,#9290,.F.);
#9290 = EDGE_CURVE('',#9291,#9221,#9293,.T.);
#9291 = VERTEX_POINT('',#9292);
#9292 = CARTESIAN_POINT('',(-22.5625,6.28469991684,1.200000047684));
#9293 = LINE('',#9294,#9295);
#9294 = CARTESIAN_POINT('',(-22.5625,6.28469991684,1.200000047684));
#9295 = VECTOR('',#9296,1.);
#9296 = DIRECTION('',(0.321122517447,0.947037659646,0.));
#9297 = ORIENTED_EDGE('',*,*,#9298,.F.);
#9298 = EDGE_CURVE('',#9267,#9291,#9299,.T.);
#9299 = LINE('',#9300,#9301);
#9300 = CARTESIAN_POINT('',(-23.52449989318,6.837299823761,
    1.907349940211E-07));
#9301 = VECTOR('',#9302,1.);
#9302 = DIRECTION('',(0.588645079637,-0.338134357935,0.73427660061));
#9303 = PLANE('',#9304);
#9304 = AXIS2_PLACEMENT_3D('',#9305,#9306,#9307);
#9305 = CARTESIAN_POINT('',(-23.01114949314,6.584685437991,
    0.625390371911));
#9306 = DIRECTION('',(0.70145087777,-0.237848695287,-0.671859110399));
#9307 = DIRECTION('',(0.691709643138,0.,0.72217571933));
#9308 = ADVANCED_FACE('',(#9309),#9326,.T.);
#9309 = FACE_BOUND('',#9310,.T.);
#9310 = EDGE_LOOP('',(#9311,#9312,#9320));
#9311 = ORIENTED_EDGE('',*,*,#9298,.T.);
#9312 = ORIENTED_EDGE('',*,*,#9313,.F.);
#9313 = EDGE_CURVE('',#9314,#9291,#9316,.T.);
#9314 = VERTEX_POINT('',#9315);
#9315 = CARTESIAN_POINT('',(-23.61630058288,6.567049980164,
    1.907349940211E-07));
#9316 = LINE('',#9317,#9318);
#9317 = CARTESIAN_POINT('',(-23.61630058288,6.567049980164,
    1.907349940211E-07));
#9318 = VECTOR('',#9319,1.);
#9319 = DIRECTION('',(0.649774485248,-0.174097329263,0.73992110273));
#9320 = ORIENTED_EDGE('',*,*,#9321,.T.);
#9321 = EDGE_CURVE('',#9314,#9267,#9322,.T.);
#9322 = LINE('',#9323,#9324);
#9323 = CARTESIAN_POINT('',(-23.61630058288,6.567049980164,
    1.907349940211E-07));
#9324 = VECTOR('',#9325,1.);
#9325 = DIRECTION('',(0.321638102483,0.946862678022,0.));
#9326 = PLANE('',#9327);
#9327 = AXIS2_PLACEMENT_3D('',#9328,#9329,#9330);
#9328 = CARTESIAN_POINT('',(-23.10698393166,6.51049792655,0.55164462039)
  );
#9329 = DIRECTION('',(0.701287367882,-0.23821906126,-0.671898583494));
#9330 = DIRECTION('',(0.691814932907,0.,0.722074856651));
#9331 = ADVANCED_FACE('',(#9332),#9349,.T.);
#9332 = FACE_BOUND('',#9333,.T.);
#9333 = EDGE_LOOP('',(#9334,#9335,#9343));
#9334 = ORIENTED_EDGE('',*,*,#9313,.T.);
#9335 = ORIENTED_EDGE('',*,*,#9336,.T.);
#9336 = EDGE_CURVE('',#9291,#9337,#9339,.T.);
#9337 = VERTEX_POINT('',#9338);
#9338 = CARTESIAN_POINT('',(-23.67189979553,6.287139892578,
    1.907349940211E-07));
#9339 = LINE('',#9340,#9341);
#9340 = CARTESIAN_POINT('',(-22.5625,6.28469991684,1.200000047684));
#9341 = VECTOR('',#9342,1.);
#9342 = DIRECTION('',(-0.678843323386,1.493024648095E-03,-0.734281630692
    ));
#9343 = ORIENTED_EDGE('',*,*,#9344,.T.);
#9344 = EDGE_CURVE('',#9337,#9314,#9345,.T.);
#9345 = LINE('',#9346,#9347);
#9346 = CARTESIAN_POINT('',(-23.67189979553,6.287139892578,
    1.907349940211E-07));
#9347 = VECTOR('',#9348,1.);
#9348 = DIRECTION('',(0.194826164351,0.980837787651,0.));
#9349 = PLANE('',#9350);
#9350 = AXIS2_PLACEMENT_3D('',#9351,#9352,#9353);
#9351 = CARTESIAN_POINT('',(-23.14692828864,6.361388614051,
    0.551650311658));
#9352 = DIRECTION('',(0.726451514017,-0.144296808141,-0.671897781618));
#9353 = DIRECTION('',(0.679003930023,-1.387778780781E-17,0.734134635481)
  );
#9354 = ADVANCED_FACE('',(#9355),#9372,.T.);
#9355 = FACE_BOUND('',#9356,.T.);
#9356 = EDGE_LOOP('',(#9357,#9365,#9366));
#9357 = ORIENTED_EDGE('',*,*,#9358,.T.);
#9358 = EDGE_CURVE('',#9359,#8886,#9361,.T.);
#9359 = VERTEX_POINT('',#9360);
#9360 = CARTESIAN_POINT('',(-21.78599929809,8.172169685364,
    1.907349940211E-07));
#9361 = LINE('',#9362,#9363);
#9362 = CARTESIAN_POINT('',(-21.78599929809,8.172169685364,
    1.907349940211E-07));
#9363 = VECTOR('',#9364,1.);
#9364 = DIRECTION('',(7.947196201116E-04,-0.678926287386,0.734206009725)
  );
#9365 = ORIENTED_EDGE('',*,*,#8907,.F.);
#9366 = ORIENTED_EDGE('',*,*,#9367,.T.);
#9367 = EDGE_CURVE('',#8908,#9359,#9368,.T.);
#9368 = LINE('',#9369,#9370);
#9369 = CARTESIAN_POINT('',(-21.78709983825,8.17193031311,
    1.907349940211E-07));
#9370 = VECTOR('',#9371,1.);
#9371 = DIRECTION('',(0.977153431695,0.212535105161,0.));
#9372 = PLANE('',#9373);
#9373 = AXIS2_PLACEMENT_3D('',#9374,#9375,#9376);
#9374 = CARTESIAN_POINT('',(-21.78562528582,7.617476102969,
    0.599793451376));
#9375 = DIRECTION('',(0.157676894271,-0.724936796569,-0.670525643055));
#9376 = DIRECTION('',(-1.387778780781E-17,0.679019664401,-0.734120082382
    ));
#9377 = ADVANCED_FACE('',(#9378),#9395,.T.);
#9378 = FACE_BOUND('',#9379,.T.);
#9379 = EDGE_LOOP('',(#9380,#9381,#9389));
#9380 = ORIENTED_EDGE('',*,*,#9358,.F.);
#9381 = ORIENTED_EDGE('',*,*,#9382,.F.);
#9382 = EDGE_CURVE('',#9383,#9359,#9385,.T.);
#9383 = VERTEX_POINT('',#9384);
#9384 = CARTESIAN_POINT('',(-21.64360046386,7.090590000153,
    1.200000047684));
#9385 = LINE('',#9386,#9387);
#9386 = CARTESIAN_POINT('',(-21.64360046386,7.090590000153,
    1.200000047684));
#9387 = VECTOR('',#9388,1.);
#9388 = DIRECTION('',(-8.780535204991E-02,0.666918978266,-0.739938711367
    ));
#9389 = ORIENTED_EDGE('',*,*,#9390,.F.);
#9390 = EDGE_CURVE('',#8886,#9383,#9391,.T.);
#9391 = LINE('',#9392,#9393);
#9392 = CARTESIAN_POINT('',(-21.78470039367,7.062520027161,
    1.200000047684));
#9393 = VECTOR('',#9394,1.);
#9394 = DIRECTION('',(0.98078068905,0.19511340289,0.));
#9395 = PLANE('',#9396);
#9396 = AXIS2_PLACEMENT_3D('',#9397,#9398,#9399);
#9397 = CARTESIAN_POINT('',(-21.74868617686,7.60115699418,0.625387750119
    ));
#9398 = DIRECTION('',(0.144511960049,-0.72642134089,-0.671884163306));
#9399 = DIRECTION('',(1.387778780781E-17,0.679011712751,-0.73412743713)
  );
#9400 = ADVANCED_FACE('',(#9401),#9418,.T.);
#9401 = FACE_BOUND('',#9402,.T.);
#9402 = EDGE_LOOP('',(#9403,#9411,#9412));
#9403 = ORIENTED_EDGE('',*,*,#9404,.T.);
#9404 = EDGE_CURVE('',#9405,#9383,#9407,.T.);
#9405 = VERTEX_POINT('',#9406);
#9406 = CARTESIAN_POINT('',(-21.5,8.190910339355,1.907349940211E-07));
#9407 = LINE('',#9408,#9409);
#9408 = CARTESIAN_POINT('',(-21.5,8.190910339355,1.907349940211E-07));
#9409 = VECTOR('',#9410,1.);
#9410 = DIRECTION('',(-8.786024901859E-02,-0.673218013362,0.73420574986)
  );
#9411 = ORIENTED_EDGE('',*,*,#9382,.T.);
#9412 = ORIENTED_EDGE('',*,*,#9413,.T.);
#9413 = EDGE_CURVE('',#9359,#9405,#9414,.T.);
#9414 = LINE('',#9415,#9416);
#9415 = CARTESIAN_POINT('',(-21.78599929809,8.172169685364,
    1.907349940211E-07));
#9416 = VECTOR('',#9417,1.);
#9417 = DIRECTION('',(0.997860000231,6.53866954255E-02,0.));
#9418 = PLANE('',#9419);
#9419 = AXIS2_PLACEMENT_3D('',#9420,#9421,#9422);
#9420 = CARTESIAN_POINT('',(-21.64302018534,7.68021085722,0.551459930983
    ));
#9421 = DIRECTION('',(4.842907015414E-02,-0.739071330043,-0.671884063119
    ));
#9422 = DIRECTION('',(0.,0.672673361779,-0.73993955723));
#9423 = ADVANCED_FACE('',(#9424),#9441,.T.);
#9424 = FACE_BOUND('',#9425,.T.);
#9425 = EDGE_LOOP('',(#9426,#9427,#9435));
#9426 = ORIENTED_EDGE('',*,*,#9404,.F.);
#9427 = ORIENTED_EDGE('',*,*,#9428,.T.);
#9428 = EDGE_CURVE('',#9405,#9429,#9431,.T.);
#9429 = VERTEX_POINT('',#9430);
#9430 = CARTESIAN_POINT('',(-21.5,7.099999904633,1.200000047684));
#9431 = LINE('',#9432,#9433);
#9432 = CARTESIAN_POINT('',(-21.5,8.190910339355,1.907349940211E-07));
#9433 = VECTOR('',#9434,1.);
#9434 = DIRECTION('',(0.,-0.672673291578,0.739939621049));
#9435 = ORIENTED_EDGE('',*,*,#9436,.F.);
#9436 = EDGE_CURVE('',#9383,#9429,#9437,.T.);
#9437 = LINE('',#9438,#9439);
#9438 = CARTESIAN_POINT('',(-21.64360046386,7.090590000153,
    1.200000047684));
#9439 = VECTOR('',#9440,1.);
#9440 = DIRECTION('',(0.997859905953,6.538813417835E-02,0.));
#9441 = PLANE('',#9442);
#9442 = AXIS2_PLACEMENT_3D('',#9443,#9444,#9445);
#9443 = CARTESIAN_POINT('',(-21.53755331618,7.619907921762,
    0.625395116754));
#9444 = DIRECTION('',(4.843014200839E-02,-0.739071355332,-0.671883958041
    ));
#9445 = DIRECTION('',(0.,0.672673291578,-0.739939621049));
#9446 = ADVANCED_FACE('',(#9447),#9464,.T.);
#9447 = FACE_BOUND('',#9448,.T.);
#9448 = EDGE_LOOP('',(#9449,#9457,#9463));
#9449 = ORIENTED_EDGE('',*,*,#9450,.T.);
#9450 = EDGE_CURVE('',#9405,#9451,#9453,.T.);
#9451 = VERTEX_POINT('',#9452);
#9452 = CARTESIAN_POINT('',(-21.35639953613,7.090590000153,
    1.200000047684));
#9453 = LINE('',#9454,#9455);
#9454 = CARTESIAN_POINT('',(-21.5,8.190910339355,1.907349940211E-07));
#9455 = VECTOR('',#9456,1.);
#9456 = DIRECTION('',(8.786024901859E-02,-0.673218013362,0.73420574986)
  );
#9457 = ORIENTED_EDGE('',*,*,#9458,.F.);
#9458 = EDGE_CURVE('',#9429,#9451,#9459,.T.);
#9459 = LINE('',#9460,#9461);
#9460 = CARTESIAN_POINT('',(-21.5,7.099999904633,1.200000047684));
#9461 = VECTOR('',#9462,1.);
#9462 = DIRECTION('',(0.997859905953,-6.538813417835E-02,0.));
#9463 = ORIENTED_EDGE('',*,*,#9428,.F.);
#9464 = PLANE('',#9465);
#9465 = AXIS2_PLACEMENT_3D('',#9466,#9467,#9468);
#9466 = CARTESIAN_POINT('',(-21.46244668381,7.619907921762,
    0.625395116754));
#9467 = DIRECTION('',(-4.843014200839E-02,-0.739071355332,
    -0.671883958041));
#9468 = DIRECTION('',(0.,0.672673291578,-0.739939621049));
#9469 = ADVANCED_FACE('',(#9470),#9487,.T.);
#9470 = FACE_BOUND('',#9471,.T.);
#9471 = EDGE_LOOP('',(#9472,#9473,#9481));
#9472 = ORIENTED_EDGE('',*,*,#9450,.F.);
#9473 = ORIENTED_EDGE('',*,*,#9474,.T.);
#9474 = EDGE_CURVE('',#9405,#9475,#9477,.T.);
#9475 = VERTEX_POINT('',#9476);
#9476 = CARTESIAN_POINT('',(-21.2140007019,8.172169685364,
    1.907349940211E-07));
#9477 = LINE('',#9478,#9479);
#9478 = CARTESIAN_POINT('',(-21.5,8.190910339355,1.907349940211E-07));
#9479 = VECTOR('',#9480,1.);
#9480 = DIRECTION('',(0.997860000231,-6.53866954255E-02,0.));
#9481 = ORIENTED_EDGE('',*,*,#9482,.T.);
#9482 = EDGE_CURVE('',#9475,#9451,#9483,.T.);
#9483 = LINE('',#9484,#9485);
#9484 = CARTESIAN_POINT('',(-21.2140007019,8.172169685364,
    1.907349940211E-07));
#9485 = VECTOR('',#9486,1.);
#9486 = DIRECTION('',(-8.780535204991E-02,-0.666918978266,0.739938711367
    ));
#9487 = PLANE('',#9488);
#9488 = AXIS2_PLACEMENT_3D('',#9489,#9490,#9491);
#9489 = CARTESIAN_POINT('',(-21.35697981465,7.68021085722,0.551459930983
    ));
#9490 = DIRECTION('',(-4.842907015414E-02,-0.739071330043,
    -0.671884063119));
#9491 = DIRECTION('',(-3.469446951954E-18,0.672673361779,-0.73993955723)
  );
#9492 = ADVANCED_FACE('',(#9493),#9510,.T.);
#9493 = FACE_BOUND('',#9494,.T.);
#9494 = EDGE_LOOP('',(#9495,#9503,#9509));
#9495 = ORIENTED_EDGE('',*,*,#9496,.T.);
#9496 = EDGE_CURVE('',#9475,#9497,#9499,.T.);
#9497 = VERTEX_POINT('',#9498);
#9498 = CARTESIAN_POINT('',(-21.21529960632,7.062520027161,
    1.200000047684));
#9499 = LINE('',#9500,#9501);
#9500 = CARTESIAN_POINT('',(-21.2140007019,8.172169685364,
    1.907349940211E-07));
#9501 = VECTOR('',#9502,1.);
#9502 = DIRECTION('',(-7.947196201116E-04,-0.678926287386,0.734206009725
    ));
#9503 = ORIENTED_EDGE('',*,*,#9504,.F.);
#9504 = EDGE_CURVE('',#9451,#9497,#9505,.T.);
#9505 = LINE('',#9506,#9507);
#9506 = CARTESIAN_POINT('',(-21.35639953613,7.090590000153,
    1.200000047684));
#9507 = VECTOR('',#9508,1.);
#9508 = DIRECTION('',(0.98078068905,-0.19511340289,0.));
#9509 = ORIENTED_EDGE('',*,*,#9482,.F.);
#9510 = PLANE('',#9511);
#9511 = AXIS2_PLACEMENT_3D('',#9512,#9513,#9514);
#9512 = CARTESIAN_POINT('',(-21.25131382313,7.60115699418,0.625387750119
    ));
#9513 = DIRECTION('',(-0.144511960049,-0.72642134089,-0.671884163306));
#9514 = DIRECTION('',(-1.387778780781E-17,0.679011712751,-0.73412743713)
  );
#9515 = ADVANCED_FACE('',(#9516),#9533,.T.);
#9516 = FACE_BOUND('',#9517,.T.);
#9517 = EDGE_LOOP('',(#9518,#9519,#9527));
#9518 = ORIENTED_EDGE('',*,*,#9496,.F.);
#9519 = ORIENTED_EDGE('',*,*,#9520,.T.);
#9520 = EDGE_CURVE('',#9475,#9521,#9523,.T.);
#9521 = VERTEX_POINT('',#9522);
#9522 = CARTESIAN_POINT('',(-21.21290016174,8.17193031311,
    1.907349940211E-07));
#9523 = LINE('',#9524,#9525);
#9524 = CARTESIAN_POINT('',(-21.2140007019,8.172169685364,
    1.907349940211E-07));
#9525 = VECTOR('',#9526,1.);
#9526 = DIRECTION('',(0.977153431695,-0.212535105161,0.));
#9527 = ORIENTED_EDGE('',*,*,#9528,.F.);
#9528 = EDGE_CURVE('',#9497,#9521,#9529,.T.);
#9529 = LINE('',#9530,#9531);
#9530 = CARTESIAN_POINT('',(-21.21529960632,7.062520027161,
    1.200000047684));
#9531 = VECTOR('',#9532,1.);
#9532 = DIRECTION('',(1.468217230253E-03,0.678846809289,-0.734278457982)
  );
#9533 = PLANE('',#9534);
#9534 = AXIS2_PLACEMENT_3D('',#9535,#9536,#9537);
#9535 = CARTESIAN_POINT('',(-21.21437471417,7.617476102969,
    0.599793451376));
#9536 = DIRECTION('',(-0.157676894216,-0.724936796575,-0.670525643061));
#9537 = DIRECTION('',(1.387778780781E-17,0.679019664401,-0.734120082382)
  );
#9538 = ADVANCED_FACE('',(#9539),#9565,.T.);
#9539 = FACE_BOUND('',#9540,.T.);
#9540 = EDGE_LOOP('',(#9541,#9551,#9559));
#9541 = ORIENTED_EDGE('',*,*,#9542,.T.);
#9542 = EDGE_CURVE('',#9543,#9545,#9547,.T.);
#9543 = VERTEX_POINT('',#9544);
#9544 = CARTESIAN_POINT('',(-21.2140007019,3.827830076218,
    1.907349940211E-07));
#9545 = VERTEX_POINT('',#9546);
#9546 = CARTESIAN_POINT('',(-21.21529960632,4.937479972839,
    1.200000047684));
#9547 = LINE('',#9548,#9549);
#9548 = CARTESIAN_POINT('',(-21.2140007019,3.827830076218,
    1.907349940211E-07));
#9549 = VECTOR('',#9550,1.);
#9550 = DIRECTION('',(-7.947195414046E-04,0.678926366021,0.734205937011)
  );
#9551 = ORIENTED_EDGE('',*,*,#9552,.T.);
#9552 = EDGE_CURVE('',#9545,#9553,#9555,.T.);
#9553 = VERTEX_POINT('',#9554);
#9554 = CARTESIAN_POINT('',(-21.21290016174,3.828069925308,
    1.907349940211E-07));
#9555 = LINE('',#9556,#9557);
#9556 = CARTESIAN_POINT('',(-21.21529960632,4.937479972839,
    1.200000047684));
#9557 = VECTOR('',#9558,1.);
#9558 = DIRECTION('',(1.468217375659E-03,-0.678846730631,-0.734278530702
    ));
#9559 = ORIENTED_EDGE('',*,*,#9560,.T.);
#9560 = EDGE_CURVE('',#9553,#9543,#9561,.T.);
#9561 = LINE('',#9562,#9563);
#9562 = CARTESIAN_POINT('',(-21.21290016174,3.828069925308,
    1.907349940211E-07));
#9563 = VECTOR('',#9564,1.);
#9564 = DIRECTION('',(-0.977065429386,-0.212939302851,0.));
#9565 = PLANE('',#9566);
#9566 = AXIS2_PLACEMENT_3D('',#9567,#9568,#9569);
#9567 = CARTESIAN_POINT('',(-21.21437471417,4.382523879814,
    0.599793432768));
#9568 = DIRECTION('',(-0.157983108458,0.724900625102,-0.670492670481));
#9569 = DIRECTION('',(0.,0.679019928558,0.734119838051));
#9570 = ADVANCED_FACE('',(#9571),#9588,.T.);
#9571 = FACE_BOUND('',#9572,.T.);
#9572 = EDGE_LOOP('',(#9573,#9574,#9582));
#9573 = ORIENTED_EDGE('',*,*,#9542,.F.);
#9574 = ORIENTED_EDGE('',*,*,#9575,.T.);
#9575 = EDGE_CURVE('',#9543,#9576,#9578,.T.);
#9576 = VERTEX_POINT('',#9577);
#9577 = CARTESIAN_POINT('',(-21.35639953613,4.909409999847,
    1.200000047684));
#9578 = LINE('',#9579,#9580);
#9579 = CARTESIAN_POINT('',(-21.2140007019,3.827830076218,
    1.907349940211E-07));
#9580 = VECTOR('',#9581,1.);
#9581 = DIRECTION('',(-8.780534344099E-02,0.666919059891,0.739938638819)
  );
#9582 = ORIENTED_EDGE('',*,*,#9583,.F.);
#9583 = EDGE_CURVE('',#9545,#9576,#9584,.T.);
#9584 = LINE('',#9585,#9586);
#9585 = CARTESIAN_POINT('',(-21.21529960632,4.937479972839,
    1.200000047684));
#9586 = VECTOR('',#9587,1.);
#9587 = DIRECTION('',(-0.98078068905,-0.19511340289,0.));
#9588 = PLANE('',#9589);
#9589 = AXIS2_PLACEMENT_3D('',#9590,#9591,#9592);
#9590 = CARTESIAN_POINT('',(-21.25131382297,4.39884288947,0.625387747723
    ));
#9591 = DIRECTION('',(-0.144511946036,0.726421270448,-0.67188424248));
#9592 = DIRECTION('',(0.,0.67901179136,0.734127364423));
#9593 = ADVANCED_FACE('',(#9594),#9611,.T.);
#9594 = FACE_BOUND('',#9595,.T.);
#9595 = EDGE_LOOP('',(#9596,#9604,#9605));
#9596 = ORIENTED_EDGE('',*,*,#9597,.T.);
#9597 = EDGE_CURVE('',#9598,#9553,#9600,.T.);
#9598 = VERTEX_POINT('',#9599);
#9599 = CARTESIAN_POINT('',(-20.93300056457,3.883739948273,
    1.907349940211E-07));
#9600 = LINE('',#9601,#9602);
#9601 = CARTESIAN_POINT('',(-20.93300056457,3.883739948273,
    1.907349940211E-07));
#9602 = VECTOR('',#9603,1.);
#9603 = DIRECTION('',(-0.98078894675,-0.195071889139,0.));
#9604 = ORIENTED_EDGE('',*,*,#9552,.F.);
#9605 = ORIENTED_EDGE('',*,*,#9606,.T.);
#9606 = EDGE_CURVE('',#9545,#9598,#9607,.T.);
#9607 = LINE('',#9608,#9609);
#9608 = CARTESIAN_POINT('',(-21.21529960632,4.937479972839,
    1.200000047684));
#9609 = VECTOR('',#9610,1.);
#9610 = DIRECTION('',(0.17407104603,-0.649756468121,-0.739943107995));
#9611 = PLANE('',#9612);
#9612 = AXIS2_PLACEMENT_3D('',#9613,#9614,#9615);
#9613 = CARTESIAN_POINT('',(-21.13863659253,4.353063992647,0.55164919979
    ));
#9614 = DIRECTION('',(-0.144481884517,0.726430835138,-0.671880366439));
#9615 = DIRECTION('',(1.387778780781E-17,0.679004861839,0.73413377364));
#9616 = ADVANCED_FACE('',(#9617),#9634,.T.);
#9617 = FACE_BOUND('',#9618,.T.);
#9618 = EDGE_LOOP('',(#9619,#9627,#9628));
#9619 = ORIENTED_EDGE('',*,*,#9620,.T.);
#9620 = EDGE_CURVE('',#9621,#9598,#9623,.T.);
#9621 = VERTEX_POINT('',#9622);
#9622 = CARTESIAN_POINT('',(-20.66270065307,3.975480079651,
    1.907349940211E-07));
#9623 = LINE('',#9624,#9625);
#9624 = CARTESIAN_POINT('',(-20.66270065307,3.975480079651,
    1.907349940211E-07));
#9625 = VECTOR('',#9626,1.);
#9626 = DIRECTION('',(-0.946945403497,-0.321394466032,0.));
#9627 = ORIENTED_EDGE('',*,*,#9606,.F.);
#9628 = ORIENTED_EDGE('',*,*,#9629,.F.);
#9629 = EDGE_CURVE('',#9621,#9545,#9630,.T.);
#9630 = LINE('',#9631,#9632);
#9631 = CARTESIAN_POINT('',(-20.66270065307,3.975480079651,
    1.907349940211E-07));
#9632 = VECTOR('',#9633,1.);
#9633 = DIRECTION('',(-0.338133841104,0.588645195787,0.734276745496));
#9634 = PLANE('',#9635);
#9635 = AXIS2_PLACEMENT_3D('',#9636,#9637,#9638);
#9636 = CARTESIAN_POINT('',(-20.98951293346,4.393008446309,
    0.551639605436));
#9637 = DIRECTION('',(-0.238044078259,0.701364738852,-0.671879840373));
#9638 = DIRECTION('',(1.387778780781E-17,0.691765075546,0.722122621343)
  );
#9639 = ADVANCED_FACE('',(#9640),#9666,.T.);
#9640 = FACE_BOUND('',#9641,.T.);
#9641 = EDGE_LOOP('',(#9642,#9652,#9660));
#9642 = ORIENTED_EDGE('',*,*,#9643,.T.);
#9643 = EDGE_CURVE('',#9644,#9646,#9648,.T.);
#9644 = VERTEX_POINT('',#9645);
#9645 = CARTESIAN_POINT('',(-20.66160011291,3.975860118866,
    1.907349940211E-07));
#9646 = VERTEX_POINT('',#9647);
#9647 = CARTESIAN_POINT('',(-20.95000076293,5.04736995697,1.200000047684
    ));
#9648 = LINE('',#9649,#9650);
#9649 = CARTESIAN_POINT('',(-20.66160011291,3.975860118866,
    1.907349940211E-07));
#9650 = VECTOR('',#9651,1.);
#9651 = DIRECTION('',(-0.176455117692,0.655592817059,0.734208178694));
#9652 = ORIENTED_EDGE('',*,*,#9653,.T.);
#9653 = EDGE_CURVE('',#9646,#9654,#9656,.T.);
#9654 = VERTEX_POINT('',#9655);
#9655 = CARTESIAN_POINT('',(-20.40449905395,4.102620124817,
    1.907349940211E-07));
#9656 = LINE('',#9657,#9658);
#9657 = CARTESIAN_POINT('',(-20.95000076293,5.04736995697,1.200000047684
    ));
#9658 = VECTOR('',#9659,1.);
#9659 = DIRECTION('',(0.336362833291,-0.582543968352,-0.739934165529));
#9660 = ORIENTED_EDGE('',*,*,#9661,.T.);
#9661 = EDGE_CURVE('',#9654,#9644,#9662,.T.);
#9662 = LINE('',#9663,#9664);
#9663 = CARTESIAN_POINT('',(-20.40449905395,4.102620124817,
    1.907349940211E-07));
#9664 = VECTOR('',#9665,1.);
#9665 = DIRECTION('',(-0.896911769365,-0.442209540801,0.));
#9666 = PLANE('',#9667);
#9667 = AXIS2_PLACEMENT_3D('',#9668,#9669,#9670);
#9668 = CARTESIAN_POINT('',(-20.72488681679,4.502407869718,
    0.551453953897));
#9669 = DIRECTION('',(-0.327524318298,0.664301397258,-0.671886504199));
#9670 = DIRECTION('',(-2.775557561563E-17,-0.711109340353,
    -0.703081436295));
#9671 = ADVANCED_FACE('',(#9672),#9689,.T.);
#9672 = FACE_BOUND('',#9673,.T.);
#9673 = EDGE_LOOP('',(#9674,#9675,#9683));
#9674 = ORIENTED_EDGE('',*,*,#9643,.F.);
#9675 = ORIENTED_EDGE('',*,*,#9676,.T.);
#9676 = EDGE_CURVE('',#9644,#9677,#9679,.T.);
#9677 = VERTEX_POINT('',#9678);
#9678 = CARTESIAN_POINT('',(-21.07900047302,4.983729839325,
    1.200000047684));
#9679 = LINE('',#9680,#9681);
#9680 = CARTESIAN_POINT('',(-20.66160011291,3.975860118866,
    1.907349940211E-07));
#9681 = VECTOR('',#9682,1.);
#9682 = DIRECTION('',(-0.257378909293,0.621476247155,0.739948222022));
#9683 = ORIENTED_EDGE('',*,*,#9684,.F.);
#9684 = EDGE_CURVE('',#9646,#9677,#9685,.T.);
#9685 = LINE('',#9686,#9687);
#9686 = CARTESIAN_POINT('',(-20.95000076293,5.04736995697,1.200000047684
    ));
#9687 = VECTOR('',#9688,1.);
#9688 = DIRECTION('',(-0.896805165756,-0.442425693956,0.));
#9689 = PLANE('',#9690);
#9690 = AXIS2_PLACEMENT_3D('',#9691,#9692,#9693);
#9691 = CARTESIAN_POINT('',(-20.84539519313,4.517757440137,
    0.625384344612));
#9692 = DIRECTION('',(-0.327691464132,0.664236733586,-0.671868935202));
#9693 = DIRECTION('',(0.,-0.711134366749,-0.703056123242));
#9694 = ADVANCED_FACE('',(#9695),#9710,.T.);
#9695 = FACE_BOUND('',#9696,.T.);
#9696 = EDGE_LOOP('',(#9697,#9703,#9704));
#9697 = ORIENTED_EDGE('',*,*,#9698,.T.);
#9698 = EDGE_CURVE('',#9621,#9677,#9699,.T.);
#9699 = LINE('',#9700,#9701);
#9700 = CARTESIAN_POINT('',(-20.66270065307,3.975480079651,
    1.907349940211E-07));
#9701 = VECTOR('',#9702,1.);
#9702 = DIRECTION('',(-0.256707675094,0.621728473852,0.739969509067));
#9703 = ORIENTED_EDGE('',*,*,#9676,.F.);
#9704 = ORIENTED_EDGE('',*,*,#9705,.T.);
#9705 = EDGE_CURVE('',#9644,#9621,#9706,.T.);
#9706 = LINE('',#9707,#9708);
#9707 = CARTESIAN_POINT('',(-20.66160011291,3.975860118866,
    1.907349940211E-07));
#9708 = VECTOR('',#9709,1.);
#9709 = DIRECTION('',(-0.94522926632,-0.32640715999,0.));
#9710 = PLANE('',#9711);
#9711 = AXIS2_PLACEMENT_3D('',#9712,#9713,#9714);
#9712 = CARTESIAN_POINT('',(-20.87050063136,4.47951910108,0.599784811069
    ));
#9713 = DIRECTION('',(-0.241722014561,0.699992985044,-0.671997238511));
#9714 = DIRECTION('',(-1.387778780781E-17,0.69253395885,0.721385275591)
  );
#9715 = ADVANCED_FACE('',(#9716),#9726,.T.);
#9716 = FACE_BOUND('',#9717,.T.);
#9717 = EDGE_LOOP('',(#9718,#9719,#9720));
#9718 = ORIENTED_EDGE('',*,*,#9698,.F.);
#9719 = ORIENTED_EDGE('',*,*,#9629,.T.);
#9720 = ORIENTED_EDGE('',*,*,#9721,.F.);
#9721 = EDGE_CURVE('',#9677,#9545,#9722,.T.);
#9722 = LINE('',#9723,#9724);
#9723 = CARTESIAN_POINT('',(-21.07900047302,4.983729839325,
    1.200000047684));
#9724 = VECTOR('',#9725,1.);
#9725 = DIRECTION('',(-0.946967035763,-0.321330722431,0.));
#9726 = PLANE('',#9727);
#9727 = AXIS2_PLACEMENT_3D('',#9728,#9729,#9730);
#9728 = CARTESIAN_POINT('',(-20.91530581648,4.488852118893,
    0.625400816853));
#9729 = DIRECTION('',(-0.237998288565,0.701384953588,-0.671874959736));
#9730 = DIRECTION('',(1.387778780781E-17,0.691752058278,0.722135091149)
  );
#9731 = ADVANCED_FACE('',(#9732),#9749,.T.);
#9732 = FACE_BOUND('',#9733,.T.);
#9733 = EDGE_LOOP('',(#9734,#9742,#9748));
#9734 = ORIENTED_EDGE('',*,*,#9735,.T.);
#9735 = EDGE_CURVE('',#9646,#9736,#9738,.T.);
#9736 = VERTEX_POINT('',#9737);
#9737 = CARTESIAN_POINT('',(-20.40360069274,4.103280067444,
    1.907349940211E-07));
#9738 = LINE('',#9739,#9740);
#9739 = CARTESIAN_POINT('',(-20.95000076293,5.04736995697,1.200000047684
    ));
#9740 = VECTOR('',#9741,1.);
#9741 = DIRECTION('',(0.336933786577,-0.582166435734,-0.739971529566));
#9742 = ORIENTED_EDGE('',*,*,#9743,.T.);
#9743 = EDGE_CURVE('',#9736,#9654,#9744,.T.);
#9744 = LINE('',#9745,#9746);
#9745 = CARTESIAN_POINT('',(-20.40360069274,4.103280067444,
    1.907349940211E-07));
#9746 = VECTOR('',#9747,1.);
#9747 = DIRECTION('',(-0.805915135179,-0.592031075949,0.));
#9748 = ORIENTED_EDGE('',*,*,#9653,.F.);
#9749 = PLANE('',#9750);
#9750 = AXIS2_PLACEMENT_3D('',#9751,#9752,#9753);
#9751 = CARTESIAN_POINT('',(-20.67693153978,4.574997788932,
    0.599793981949));
#9752 = DIRECTION('',(-0.439261998234,0.597954916329,-0.670446727895));
#9753 = DIRECTION('',(2.775557561563E-17,-0.746301563431,-0.665607975027
    ));
#9754 = ADVANCED_FACE('',(#9755),#9772,.T.);
#9755 = FACE_BOUND('',#9756,.T.);
#9756 = EDGE_LOOP('',(#9757,#9758,#9766));
#9757 = ORIENTED_EDGE('',*,*,#9735,.F.);
#9758 = ORIENTED_EDGE('',*,*,#9759,.F.);
#9759 = EDGE_CURVE('',#9760,#9646,#9762,.T.);
#9760 = VERTEX_POINT('',#9761);
#9761 = CARTESIAN_POINT('',(-20.83040046691,5.127309799194,
    1.200000047684));
#9762 = LINE('',#9763,#9764);
#9763 = CARTESIAN_POINT('',(-20.83040046691,5.127309799194,
    1.200000047684));
#9764 = VECTOR('',#9765,1.);
#9765 = DIRECTION('',(-0.831387786048,-0.555692675145,0.));
#9766 = ORIENTED_EDGE('',*,*,#9767,.T.);
#9767 = EDGE_CURVE('',#9760,#9736,#9768,.T.);
#9768 = LINE('',#9769,#9770);
#9769 = CARTESIAN_POINT('',(-20.83040046691,5.127309799194,
    1.200000047684));
#9770 = VECTOR('',#9771,1.);
#9771 = DIRECTION('',(0.261158362343,-0.626602786411,-0.734278733071));
#9772 = PLANE('',#9773);
#9773 = AXIS2_PLACEMENT_3D('',#9774,#9775,#9776);
#9774 = CARTESIAN_POINT('',(-20.65708487587,4.616203229529,
    0.625388024857));
#9775 = DIRECTION('',(-0.411584259232,0.615783042247,-0.671870257144));
#9776 = DIRECTION('',(2.775557561563E-17,-0.737207714755,-0.675666178898
    ));
#9777 = ADVANCED_FACE('',(#9778),#9795,.T.);
#9778 = FACE_BOUND('',#9779,.T.);
#9779 = EDGE_LOOP('',(#9780,#9788,#9789));
#9780 = ORIENTED_EDGE('',*,*,#9781,.T.);
#9781 = EDGE_CURVE('',#9782,#9576,#9784,.T.);
#9782 = VERTEX_POINT('',#9783);
#9783 = CARTESIAN_POINT('',(-21.5,3.809089899063,1.907349940211E-07));
#9784 = LINE('',#9785,#9786);
#9785 = CARTESIAN_POINT('',(-21.5,3.809089899063,1.907349940211E-07));
#9786 = VECTOR('',#9787,1.);
#9787 = DIRECTION('',(8.786025764688E-02,0.673217933602,0.734205821962)
  );
#9788 = ORIENTED_EDGE('',*,*,#9575,.F.);
#9789 = ORIENTED_EDGE('',*,*,#9790,.T.);
#9790 = EDGE_CURVE('',#9543,#9782,#9791,.T.);
#9791 = LINE('',#9792,#9793);
#9792 = CARTESIAN_POINT('',(-21.2140007019,3.827830076218,
    1.907349940211E-07));
#9793 = VECTOR('',#9794,1.);
#9794 = DIRECTION('',(-0.997860108781,-6.53850388393E-02,0.));
#9795 = PLANE('',#9796);
#9796 = AXIS2_PLACEMENT_3D('',#9797,#9798,#9799);
#9797 = CARTESIAN_POINT('',(-21.3569798082,4.319789148022,0.551459935816
    ));
#9798 = DIRECTION('',(-4.842784079485E-02,0.73907137384,-0.671884103552)
  );
#9799 = DIRECTION('',(0.,0.672673362117,0.739939556922));
#9800 = ADVANCED_FACE('',(#9801),#9818,.T.);
#9801 = FACE_BOUND('',#9802,.T.);
#9802 = EDGE_LOOP('',(#9803,#9804,#9812));
#9803 = ORIENTED_EDGE('',*,*,#9781,.F.);
#9804 = ORIENTED_EDGE('',*,*,#9805,.T.);
#9805 = EDGE_CURVE('',#9782,#9806,#9808,.T.);
#9806 = VERTEX_POINT('',#9807);
#9807 = CARTESIAN_POINT('',(-21.5,4.900000095367,1.200000047684));
#9808 = LINE('',#9809,#9810);
#9809 = CARTESIAN_POINT('',(-21.5,3.809089899063,1.907349940211E-07));
#9810 = VECTOR('',#9811,1.);
#9811 = DIRECTION('',(0.,0.672673211087,0.739939694222));
#9812 = ORIENTED_EDGE('',*,*,#9813,.F.);
#9813 = EDGE_CURVE('',#9576,#9806,#9814,.T.);
#9814 = LINE('',#9815,#9816);
#9815 = CARTESIAN_POINT('',(-21.35639953613,4.909409999847,
    1.200000047684));
#9816 = VECTOR('',#9817,1.);
#9817 = DIRECTION('',(-0.997859905953,-6.538813417835E-02,0.));
#9818 = PLANE('',#9819);
#9819 = AXIS2_PLACEMENT_3D('',#9820,#9821,#9822);
#9820 = CARTESIAN_POINT('',(-21.46244668366,4.38009219459,0.62539511915)
  );
#9821 = DIRECTION('',(-4.843014678649E-02,0.739071428248,-0.671883877489
    ));
#9822 = DIRECTION('',(3.469446951954E-18,0.672673211087,0.739939694222)
  );
#9823 = ADVANCED_FACE('',(#9824),#9841,.T.);
#9824 = FACE_BOUND('',#9825,.T.);
#9825 = EDGE_LOOP('',(#9826,#9834,#9835));
#9826 = ORIENTED_EDGE('',*,*,#9827,.T.);
#9827 = EDGE_CURVE('',#9828,#9736,#9830,.T.);
#9828 = VERTEX_POINT('',#9829);
#9829 = CARTESIAN_POINT('',(-20.16629981994,4.261839866638,
    1.907349940211E-07));
#9830 = LINE('',#9831,#9832);
#9831 = CARTESIAN_POINT('',(-20.16629981994,4.261839866638,
    1.907349940211E-07));
#9832 = VECTOR('',#9833,1.);
#9833 = DIRECTION('',(-0.83146892404,-0.555571263076,0.));
#9834 = ORIENTED_EDGE('',*,*,#9767,.F.);
#9835 = ORIENTED_EDGE('',*,*,#9836,.F.);
#9836 = EDGE_CURVE('',#9828,#9760,#9837,.T.);
#9837 = LINE('',#9838,#9839);
#9838 = CARTESIAN_POINT('',(-20.16629981994,4.261839866638,
    1.907349940211E-07));
#9839 = VECTOR('',#9840,1.);
#9840 = DIRECTION('',(-0.40949674453,0.533664771275,0.73994211133));
#9841 = PLANE('',#9842);
#9842 = AXIS2_PLACEMENT_3D('',#9843,#9844,#9845);
#9843 = CARTESIAN_POINT('',(-20.53590615357,4.616726475246,
    0.551646500327));
#9844 = DIRECTION('',(-0.411488997227,0.615835152963,-0.671880844746));
#9845 = DIRECTION('',(2.775557561563E-17,-0.737184538072,-0.675691465706
    ));
#9846 = ADVANCED_FACE('',(#9847),#9873,.T.);
#9847 = FACE_BOUND('',#9848,.T.);
#9848 = EDGE_LOOP('',(#9849,#9859,#9867));
#9849 = ORIENTED_EDGE('',*,*,#9850,.T.);
#9850 = EDGE_CURVE('',#9851,#9853,#9855,.T.);
#9851 = VERTEX_POINT('',#9852);
#9852 = CARTESIAN_POINT('',(-19.47550010681,6.837299823761,
    1.907349940211E-07));
#9853 = VERTEX_POINT('',#9854);
#9854 = CARTESIAN_POINT('',(-20.48369979858,6.420949935913,
    1.200000047684));
#9855 = LINE('',#9856,#9857);
#9856 = CARTESIAN_POINT('',(-19.47550010681,6.837299823761,
    1.907349940211E-07));
#9857 = VECTOR('',#9858,1.);
#9858 = DIRECTION('',(-0.621704605742,-0.256741442184,0.739977847685));
#9859 = ORIENTED_EDGE('',*,*,#9860,.T.);
#9860 = EDGE_CURVE('',#9853,#9861,#9863,.T.);
#9861 = VERTEX_POINT('',#9862);
#9862 = CARTESIAN_POINT('',(-19.47590065002,6.838419914246,
    1.907349940211E-07));
#9863 = LINE('',#9864,#9865);
#9864 = CARTESIAN_POINT('',(-20.48369979858,6.420949935913,
    1.200000047684));
#9865 = VECTOR('',#9866,1.);
#9866 = DIRECTION('',(0.621442670075,0.257425954747,-0.739960056781));
#9867 = ORIENTED_EDGE('',*,*,#9868,.T.);
#9868 = EDGE_CURVE('',#9861,#9851,#9869,.T.);
#9869 = LINE('',#9870,#9871);
#9870 = CARTESIAN_POINT('',(-19.47590065002,6.838419914246,
    1.907349940211E-07));
#9871 = VECTOR('',#9872,1.);
#9872 = DIRECTION('',(0.336717271378,-0.941605798175,0.));
#9873 = PLANE('',#9874);
#9874 = AXIS2_PLACEMENT_3D('',#9875,#9876,#9877);
#9875 = CARTESIAN_POINT('',(-19.9795153087,6.629481331498,0.599780141723
    ));
#9876 = DIRECTION('',(-0.697133678016,-0.249294290979,-0.672203087958));
#9877 = DIRECTION('',(0.694117935193,0.,-0.71986130056));
#9878 = ADVANCED_FACE('',(#9879),#9896,.T.);
#9879 = FACE_BOUND('',#9880,.T.);
#9880 = EDGE_LOOP('',(#9881,#9882,#9890));
#9881 = ORIENTED_EDGE('',*,*,#9850,.F.);
#9882 = ORIENTED_EDGE('',*,*,#9883,.T.);
#9883 = EDGE_CURVE('',#9851,#9884,#9886,.T.);
#9884 = VERTEX_POINT('',#9885);
#9885 = CARTESIAN_POINT('',(-20.4375,6.28469991684,1.200000047684));
#9886 = LINE('',#9887,#9888);
#9887 = CARTESIAN_POINT('',(-19.47550010681,6.837299823761,
    1.907349940211E-07));
#9888 = VECTOR('',#9889,1.);
#9889 = DIRECTION('',(-0.588645079637,-0.338134357935,0.73427660061));
#9890 = ORIENTED_EDGE('',*,*,#9891,.F.);
#9891 = EDGE_CURVE('',#9853,#9884,#9892,.T.);
#9892 = LINE('',#9893,#9894);
#9893 = CARTESIAN_POINT('',(-20.48369979858,6.420949935913,
    1.200000047684));
#9894 = VECTOR('',#9895,1.);
#9895 = DIRECTION('',(0.321122517447,-0.947037659646,0.));
#9896 = PLANE('',#9897);
#9897 = AXIS2_PLACEMENT_3D('',#9898,#9899,#9900);
#9898 = CARTESIAN_POINT('',(-19.98885050685,6.584685437991,
    0.625390371911));
#9899 = DIRECTION('',(-0.70145087777,-0.237848695287,-0.671859110399));
#9900 = DIRECTION('',(0.691709643138,0.,-0.72217571933));
#9901 = ADVANCED_FACE('',(#9902),#9926,.T.);
#9902 = FACE_BOUND('',#9903,.T.);
#9903 = EDGE_LOOP('',(#9904,#9914,#9920));
#9904 = ORIENTED_EDGE('',*,*,#9905,.T.);
#9905 = EDGE_CURVE('',#9906,#9908,#9910,.T.);
#9906 = VERTEX_POINT('',#9907);
#9907 = CARTESIAN_POINT('',(-19.38369941711,6.567049980164,
    1.907349940211E-07));
#9908 = VERTEX_POINT('',#9909);
#9909 = CARTESIAN_POINT('',(-19.32810020446,6.287139892578,
    1.907349940211E-07));
#9910 = LINE('',#9911,#9912);
#9911 = CARTESIAN_POINT('',(-19.38369941711,6.567049980164,
    1.907349940211E-07));
#9912 = VECTOR('',#9913,1.);
#9913 = DIRECTION('',(0.194826164351,-0.980837787651,0.));
#9914 = ORIENTED_EDGE('',*,*,#9915,.T.);
#9915 = EDGE_CURVE('',#9908,#9884,#9916,.T.);
#9916 = LINE('',#9917,#9918);
#9917 = CARTESIAN_POINT('',(-19.32810020446,6.287139892578,
    1.907349940211E-07));
#9918 = VECTOR('',#9919,1.);
#9919 = DIRECTION('',(-0.678843323386,-1.493024648095E-03,0.734281630692
    ));
#9920 = ORIENTED_EDGE('',*,*,#9921,.T.);
#9921 = EDGE_CURVE('',#9884,#9906,#9922,.T.);
#9922 = LINE('',#9923,#9924);
#9923 = CARTESIAN_POINT('',(-20.4375,6.28469991684,1.200000047684));
#9924 = VECTOR('',#9925,1.);
#9925 = DIRECTION('',(0.649774485248,0.174097329263,-0.73992110273));
#9926 = PLANE('',#9927);
#9927 = AXIS2_PLACEMENT_3D('',#9928,#9929,#9930);
#9928 = CARTESIAN_POINT('',(-19.85307171135,6.361388614051,
    0.551650311658));
#9929 = DIRECTION('',(-0.726451514017,-0.144296808141,-0.671897781618));
#9930 = DIRECTION('',(0.679003930023,1.387778780781E-17,-0.734134635481)
  );
#9931 = ADVANCED_FACE('',(#9932),#9942,.T.);
#9932 = FACE_BOUND('',#9933,.T.);
#9933 = EDGE_LOOP('',(#9934,#9940,#9941));
#9934 = ORIENTED_EDGE('',*,*,#9935,.T.);
#9935 = EDGE_CURVE('',#9851,#9906,#9936,.T.);
#9936 = LINE('',#9937,#9938);
#9937 = CARTESIAN_POINT('',(-19.47550010681,6.837299823761,
    1.907349940211E-07));
#9938 = VECTOR('',#9939,1.);
#9939 = DIRECTION('',(0.321638102483,-0.946862678022,0.));
#9940 = ORIENTED_EDGE('',*,*,#9921,.F.);
#9941 = ORIENTED_EDGE('',*,*,#9883,.F.);
#9942 = PLANE('',#9943);
#9943 = AXIS2_PLACEMENT_3D('',#9944,#9945,#9946);
#9944 = CARTESIAN_POINT('',(-19.89301606833,6.51049792655,0.55164462039)
  );
#9945 = DIRECTION('',(-0.701287367882,-0.23821906126,-0.671898583494));
#9946 = DIRECTION('',(0.691814932907,0.,-0.722074856651));
#9947 = ADVANCED_FACE('',(#9948),#9965,.T.);
#9948 = FACE_BOUND('',#9949,.T.);
#9949 = EDGE_LOOP('',(#9950,#9958,#9964));
#9950 = ORIENTED_EDGE('',*,*,#9951,.T.);
#9951 = EDGE_CURVE('',#9853,#9952,#9954,.T.);
#9952 = VERTEX_POINT('',#9953);
#9953 = CARTESIAN_POINT('',(-19.60260009765,7.095449924469,
    1.907349940211E-07));
#9954 = LINE('',#9955,#9956);
#9955 = CARTESIAN_POINT('',(-20.48369979858,6.420949935913,
    1.200000047684));
#9956 = VECTOR('',#9957,1.);
#9957 = DIRECTION('',(0.539094390859,0.412687871852,-0.734211112808));
#9958 = ORIENTED_EDGE('',*,*,#9959,.T.);
#9959 = EDGE_CURVE('',#9952,#9861,#9960,.T.);
#9960 = LINE('',#9961,#9962);
#9961 = CARTESIAN_POINT('',(-19.60260009765,7.095449924469,
    1.907349940211E-07));
#9962 = VECTOR('',#9963,1.);
#9963 = DIRECTION('',(0.442137873571,-0.89694710031,0.));
#9964 = ORIENTED_EDGE('',*,*,#9860,.F.);
#9965 = PLANE('',#9966);
#9966 = AXIS2_PLACEMENT_3D('',#9967,#9968,#9969);
#9967 = CARTESIAN_POINT('',(-19.97339118852,6.716254633132,
    0.551467174507));
#9968 = DIRECTION('',(-0.664344505934,-0.327479588341,-0.671865683493));
#9969 = DIRECTION('',(-0.711075635947,2.775557561563E-17,0.703115523909)
  );
#9970 = ADVANCED_FACE('',(#9971),#9988,.T.);
#9971 = FACE_BOUND('',#9972,.T.);
#9972 = EDGE_LOOP('',(#9973,#9974,#9982));
#9973 = ORIENTED_EDGE('',*,*,#9951,.F.);
#9974 = ORIENTED_EDGE('',*,*,#9975,.F.);
#9975 = EDGE_CURVE('',#9976,#9853,#9978,.T.);
#9976 = VERTEX_POINT('',#9977);
#9977 = CARTESIAN_POINT('',(-20.54739952087,6.550000190735,
    1.200000047684));
#9978 = LINE('',#9979,#9980);
#9979 = CARTESIAN_POINT('',(-20.54739952087,6.550000190735,
    1.200000047684));
#9980 = VECTOR('',#9981,1.);
#9981 = DIRECTION('',(0.442619429381,-0.8967095632,0.));
#9982 = ORIENTED_EDGE('',*,*,#9983,.T.);
#9983 = EDGE_CURVE('',#9976,#9952,#9984,.T.);
#9984 = LINE('',#9985,#9986);
#9985 = CARTESIAN_POINT('',(-20.54739952087,6.550000190735,
    1.200000047684));
#9986 = VECTOR('',#9987,1.);
#9987 = DIRECTION('',(0.582570448817,0.3363284189,-0.739928960648));
#9988 = PLANE('',#9989);
#9989 = AXIS2_PLACEMENT_3D('',#9990,#9991,#9992);
#9990 = CARTESIAN_POINT('',(-20.07833684064,6.777433509763,
    0.625396195946));
#9991 = DIRECTION('',(-0.664136753146,-0.32782055949,-0.671904795262));
#9992 = DIRECTION('',(-0.711206035843,2.775557561563E-17,0.702983623266)
  );
#9993 = ADVANCED_FACE('',(#9994),#10011,.T.);
#9994 = FACE_BOUND('',#9995,.T.);
#9995 = EDGE_LOOP('',(#9996,#10004,#10005));
#9996 = ORIENTED_EDGE('',*,*,#9997,.T.);
#9997 = EDGE_CURVE('',#9998,#9884,#10000,.T.);
#9998 = VERTEX_POINT('',#9999);
#9999 = CARTESIAN_POINT('',(-19.32780075073,6.285970211029,
    1.907349940211E-07));
#10000 = LINE('',#10001,#10002);
#10001 = CARTESIAN_POINT('',(-19.32780075073,6.285970211029,
    1.907349940211E-07));
#10002 = VECTOR('',#10003,1.);
#10003 = DIRECTION('',(-0.678942652201,-7.771987830322E-04,
    0.734190895466));
#10004 = ORIENTED_EDGE('',*,*,#9915,.F.);
#10005 = ORIENTED_EDGE('',*,*,#10006,.T.);
#10006 = EDGE_CURVE('',#9908,#9998,#10007,.T.);
#10007 = LINE('',#10008,#10009);
#10008 = CARTESIAN_POINT('',(-19.32810020446,6.287139892578,
    1.907349940211E-07));
#10009 = VECTOR('',#10010,1.);
#10010 = DIRECTION('',(0.248014270654,-0.968756378845,0.));
#10011 = PLANE('',#10012);
#10012 = AXIS2_PLACEMENT_3D('',#10013,#10014,#10015);
#10013 = CARTESIAN_POINT('',(-19.8825203851,6.285627808762,
    0.599778570865));
#10014 = DIRECTION('',(-0.72146136421,-0.184703520959,-0.667366547931));
#10015 = DIRECTION('',(0.679050089299,1.387778780781E-17,-0.734091939897
    ));
#10016 = ADVANCED_FACE('',(#10017),#10034,.T.);
#10017 = FACE_BOUND('',#10018,.T.);
#10018 = EDGE_LOOP('',(#10019,#10020,#10028));
#10019 = ORIENTED_EDGE('',*,*,#9997,.F.);
#10020 = ORIENTED_EDGE('',*,*,#10021,.F.);
#10021 = EDGE_CURVE('',#10022,#9998,#10024,.T.);
#10022 = VERTEX_POINT('',#10023);
#10023 = CARTESIAN_POINT('',(-20.40940093994,6.143579959869,
    1.200000047684));
#10024 = LINE('',#10025,#10026);
#10025 = CARTESIAN_POINT('',(-20.40940093994,6.143579959869,
    1.200000047684));
#10026 = VECTOR('',#10027,1.);
#10027 = DIRECTION('',(0.66692630777,8.779936007394E-02,-0.739932816122)
  );
#10028 = ORIENTED_EDGE('',*,*,#10029,.F.);
#10029 = EDGE_CURVE('',#9884,#10022,#10030,.T.);
#10030 = LINE('',#10031,#10032);
#10031 = CARTESIAN_POINT('',(-20.4375,6.28469991684,1.200000047684));
#10032 = VECTOR('',#10033,1.);
#10033 = DIRECTION('',(0.195281217381,-0.980747289641,0.));
#10034 = PLANE('',#10035);
#10035 = AXIS2_PLACEMENT_3D('',#10036,#10037,#10038);
#10036 = CARTESIAN_POINT('',(-19.89883536591,6.248666777165,
    0.625391681383));
#10037 = DIRECTION('',(-0.726394734077,-0.144635880688,-0.671886264425)
  );
#10038 = DIRECTION('',(0.679026260972,0.,-0.734113980871));
#10039 = ADVANCED_FACE('',(#10040),#10057,.T.);
#10040 = FACE_BOUND('',#10041,.T.);
#10041 = EDGE_LOOP('',(#10042,#10050,#10051));
#10042 = ORIENTED_EDGE('',*,*,#10043,.T.);
#10043 = EDGE_CURVE('',#10044,#10022,#10046,.T.);
#10044 = VERTEX_POINT('',#10045);
#10045 = CARTESIAN_POINT('',(-19.30909919738,6.,1.907349940211E-07));
#10046 = LINE('',#10047,#10048);
#10047 = CARTESIAN_POINT('',(-19.30909919738,6.,1.907349940211E-07));
#10048 = VECTOR('',#10049,1.);
#10049 = DIRECTION('',(-0.673212533966,8.784847362507E-02,0.734212183087
    ));
#10050 = ORIENTED_EDGE('',*,*,#10021,.T.);
#10051 = ORIENTED_EDGE('',*,*,#10052,.T.);
#10052 = EDGE_CURVE('',#9998,#10044,#10053,.T.);
#10053 = LINE('',#10054,#10055);
#10054 = CARTESIAN_POINT('',(-19.32780075073,6.285970211029,
    1.907349940211E-07));
#10055 = VECTOR('',#10056,1.);
#10056 = DIRECTION('',(6.525746220243E-02,-0.997868460082,0.));
#10057 = PLANE('',#10058);
#10058 = AXIS2_PLACEMENT_3D('',#10059,#10060,#10061);
#10059 = CARTESIAN_POINT('',(-19.81978408961,6.143003478461,
    0.551464827353));
#10060 = DIRECTION('',(-0.739074332503,-4.833313933394E-02,
    -0.671887668199));
#10061 = DIRECTION('',(0.672673841721,0.,-0.739939120918));
#10062 = ADVANCED_FACE('',(#10063),#10080,.T.);
#10063 = FACE_BOUND('',#10064,.T.);
#10064 = EDGE_LOOP('',(#10065,#10066,#10074));
#10065 = ORIENTED_EDGE('',*,*,#10043,.F.);
#10066 = ORIENTED_EDGE('',*,*,#10067,.F.);
#10067 = EDGE_CURVE('',#10068,#10044,#10070,.T.);
#10068 = VERTEX_POINT('',#10069);
#10069 = CARTESIAN_POINT('',(-20.39999961853,6.,1.200000047684));
#10070 = LINE('',#10071,#10072);
#10071 = CARTESIAN_POINT('',(-20.39999961853,6.,1.200000047684));
#10072 = VECTOR('',#10073,1.);
#10073 = DIRECTION('',(0.672669910932,0.,-0.739942694354));
#10074 = ORIENTED_EDGE('',*,*,#10075,.F.);
#10075 = EDGE_CURVE('',#10022,#10068,#10076,.T.);
#10076 = LINE('',#10077,#10078);
#10077 = CARTESIAN_POINT('',(-20.40940093994,6.143579959869,
    1.200000047684));
#10078 = VECTOR('',#10079,1.);
#10079 = DIRECTION('',(6.533803574754E-02,-0.997863187559,0.));
#10080 = PLANE('',#10081);
#10081 = AXIS2_PLACEMENT_3D('',#10082,#10083,#10084);
#10082 = CARTESIAN_POINT('',(-19.88009104665,6.037547672587,
    0.62539172146));
#10083 = DIRECTION('',(-0.739075751171,-4.839316496713E-02,
    -0.671881786935));
#10084 = DIRECTION('',(0.672669910932,3.469446951954E-18,-0.739942694354
    ));
#10085 = ADVANCED_FACE('',(#10086),#10103,.T.);
#10086 = FACE_BOUND('',#10087,.T.);
#10087 = EDGE_LOOP('',(#10088,#10096,#10102));
#10088 = ORIENTED_EDGE('',*,*,#10089,.T.);
#10089 = EDGE_CURVE('',#10044,#10090,#10092,.T.);
#10090 = VERTEX_POINT('',#10091);
#10091 = CARTESIAN_POINT('',(-20.40940093994,5.856420040131,
    1.200000047684));
#10092 = LINE('',#10093,#10094);
#10093 = CARTESIAN_POINT('',(-19.30909919738,6.,1.907349940211E-07));
#10094 = VECTOR('',#10095,1.);
#10095 = DIRECTION('',(-0.673212533966,-8.784847362507E-02,
    0.734212183087));
#10096 = ORIENTED_EDGE('',*,*,#10097,.F.);
#10097 = EDGE_CURVE('',#10068,#10090,#10098,.T.);
#10098 = LINE('',#10099,#10100);
#10099 = CARTESIAN_POINT('',(-20.39999961853,6.,1.200000047684));
#10100 = VECTOR('',#10101,1.);
#10101 = DIRECTION('',(-6.533803574754E-02,-0.997863187559,0.));
#10102 = ORIENTED_EDGE('',*,*,#10067,.T.);
#10103 = PLANE('',#10104);
#10104 = AXIS2_PLACEMENT_3D('',#10105,#10106,#10107);
#10105 = CARTESIAN_POINT('',(-19.88009104665,5.962452327413,
    0.62539172146));
#10106 = DIRECTION('',(-0.739075751171,4.839316496714E-02,
    -0.671881786935));
#10107 = DIRECTION('',(0.672669910932,3.469446951954E-18,-0.739942694354
    ));
#10108 = ADVANCED_FACE('',(#10109),#10126,.T.);
#10109 = FACE_BOUND('',#10110,.T.);
#10110 = EDGE_LOOP('',(#10111,#10112,#10120));
#10111 = ORIENTED_EDGE('',*,*,#10089,.F.);
#10112 = ORIENTED_EDGE('',*,*,#10113,.T.);
#10113 = EDGE_CURVE('',#10044,#10114,#10116,.T.);
#10114 = VERTEX_POINT('',#10115);
#10115 = CARTESIAN_POINT('',(-19.32780075073,5.714029788971,
    1.907349940211E-07));
#10116 = LINE('',#10117,#10118);
#10117 = CARTESIAN_POINT('',(-19.30909919738,6.,1.907349940211E-07));
#10118 = VECTOR('',#10119,1.);
#10119 = DIRECTION('',(-6.525746220243E-02,-0.997868460082,0.));
#10120 = ORIENTED_EDGE('',*,*,#10121,.T.);
#10121 = EDGE_CURVE('',#10114,#10090,#10122,.T.);
#10122 = LINE('',#10123,#10124);
#10123 = CARTESIAN_POINT('',(-19.32780075073,5.714029788971,
    1.907349940211E-07));
#10124 = VECTOR('',#10125,1.);
#10125 = DIRECTION('',(-0.66692630777,8.779936007394E-02,0.739932816122)
  );
#10126 = PLANE('',#10127);
#10127 = AXIS2_PLACEMENT_3D('',#10128,#10129,#10130);
#10128 = CARTESIAN_POINT('',(-19.81978408961,5.856996521539,
    0.551464827353));
#10129 = DIRECTION('',(-0.739074332503,4.833313933394E-02,
    -0.671887668199));
#10130 = DIRECTION('',(0.672673841721,0.,-0.739939120918));
#10131 = ADVANCED_FACE('',(#10132),#10149,.T.);
#10132 = FACE_BOUND('',#10133,.T.);
#10133 = EDGE_LOOP('',(#10134,#10142,#10148));
#10134 = ORIENTED_EDGE('',*,*,#10135,.T.);
#10135 = EDGE_CURVE('',#10114,#10136,#10138,.T.);
#10136 = VERTEX_POINT('',#10137);
#10137 = CARTESIAN_POINT('',(-20.4375,5.71530008316,1.200000047684));
#10138 = LINE('',#10139,#10140);
#10139 = CARTESIAN_POINT('',(-19.32780075073,5.714029788971,
    1.907349940211E-07));
#10140 = VECTOR('',#10141,1.);
#10141 = DIRECTION('',(-0.678942652201,7.771987830322E-04,0.734190895466
    ));
#10142 = ORIENTED_EDGE('',*,*,#10143,.F.);
#10143 = EDGE_CURVE('',#10090,#10136,#10144,.T.);
#10144 = LINE('',#10145,#10146);
#10145 = CARTESIAN_POINT('',(-20.40940093994,5.856420040131,
    1.200000047684));
#10146 = VECTOR('',#10147,1.);
#10147 = DIRECTION('',(-0.195281217381,-0.980747289641,0.));
#10148 = ORIENTED_EDGE('',*,*,#10121,.F.);
#10149 = PLANE('',#10150);
#10150 = AXIS2_PLACEMENT_3D('',#10151,#10152,#10153);
#10151 = CARTESIAN_POINT('',(-19.89883536591,5.751333222835,
    0.625391681383));
#10152 = DIRECTION('',(-0.726394734077,0.144635880688,-0.671886264425));
#10153 = DIRECTION('',(0.679026260972,0.,-0.734113980871));
#10154 = ADVANCED_FACE('',(#10155),#10172,.T.);
#10155 = FACE_BOUND('',#10156,.T.);
#10156 = EDGE_LOOP('',(#10157,#10158,#10166));
#10157 = ORIENTED_EDGE('',*,*,#10135,.F.);
#10158 = ORIENTED_EDGE('',*,*,#10159,.T.);
#10159 = EDGE_CURVE('',#10114,#10160,#10162,.T.);
#10160 = VERTEX_POINT('',#10161);
#10161 = CARTESIAN_POINT('',(-19.32810020446,5.712860107422,
    1.907349940211E-07));
#10162 = LINE('',#10163,#10164);
#10163 = CARTESIAN_POINT('',(-19.32780075073,5.714029788971,
    1.907349940211E-07));
#10164 = VECTOR('',#10165,1.);
#10165 = DIRECTION('',(-0.248014270654,-0.968756378845,0.));
#10166 = ORIENTED_EDGE('',*,*,#10167,.F.);
#10167 = EDGE_CURVE('',#10136,#10160,#10168,.T.);
#10168 = LINE('',#10169,#10170);
#10169 = CARTESIAN_POINT('',(-20.4375,5.71530008316,1.200000047684));
#10170 = VECTOR('',#10171,1.);
#10171 = DIRECTION('',(0.678843323386,-1.493024648095E-03,
    -0.734281630692));
#10172 = PLANE('',#10173);
#10173 = AXIS2_PLACEMENT_3D('',#10174,#10175,#10176);
#10174 = CARTESIAN_POINT('',(-19.8825203851,5.714372191238,
    0.599778570865));
#10175 = DIRECTION('',(-0.721461364218,0.184703520903,-0.667366547938));
#10176 = DIRECTION('',(0.679050089299,0.,-0.734091939897));
#10177 = ADVANCED_FACE('',(#10178),#10202,.T.);
#10178 = FACE_BOUND('',#10179,.T.);
#10179 = EDGE_LOOP('',(#10180,#10190,#10196));
#10180 = ORIENTED_EDGE('',*,*,#10181,.T.);
#10181 = EDGE_CURVE('',#10182,#10184,#10186,.T.);
#10182 = VERTEX_POINT('',#10183);
#10183 = CARTESIAN_POINT('',(-19.47550010681,5.162700176239,
    1.907349940211E-07));
#10184 = VERTEX_POINT('',#10185);
#10185 = CARTESIAN_POINT('',(-20.48369979858,5.579050064087,
    1.200000047684));
#10186 = LINE('',#10187,#10188);
#10187 = CARTESIAN_POINT('',(-19.47550010681,5.162700176239,
    1.907349940211E-07));
#10188 = VECTOR('',#10189,1.);
#10189 = DIRECTION('',(-0.621704605742,0.256741442184,0.739977847685));
#10190 = ORIENTED_EDGE('',*,*,#10191,.F.);
#10191 = EDGE_CURVE('',#10136,#10184,#10192,.T.);
#10192 = LINE('',#10193,#10194);
#10193 = CARTESIAN_POINT('',(-20.4375,5.71530008316,1.200000047684));
#10194 = VECTOR('',#10195,1.);
#10195 = DIRECTION('',(-0.321122517447,-0.947037659646,0.));
#10196 = ORIENTED_EDGE('',*,*,#10197,.T.);
#10197 = EDGE_CURVE('',#10136,#10182,#10198,.T.);
#10198 = LINE('',#10199,#10200);
#10199 = CARTESIAN_POINT('',(-20.4375,5.71530008316,1.200000047684));
#10200 = VECTOR('',#10201,1.);
#10201 = DIRECTION('',(0.588645079637,-0.338134357935,-0.73427660061));
#10202 = PLANE('',#10203);
#10203 = AXIS2_PLACEMENT_3D('',#10204,#10205,#10206);
#10204 = CARTESIAN_POINT('',(-19.98885050685,5.415314562009,
    0.625390371911));
#10205 = DIRECTION('',(-0.70145087777,0.237848695287,-0.671859110399));
#10206 = DIRECTION('',(0.691709643138,1.387778780781E-17,-0.72217571933)
  );
#10207 = ADVANCED_FACE('',(#10208),#10225,.T.);
#10208 = FACE_BOUND('',#10209,.T.);
#10209 = EDGE_LOOP('',(#10210,#10211,#10219));
#10210 = ORIENTED_EDGE('',*,*,#10181,.F.);
#10211 = ORIENTED_EDGE('',*,*,#10212,.T.);
#10212 = EDGE_CURVE('',#10182,#10213,#10215,.T.);
#10213 = VERTEX_POINT('',#10214);
#10214 = CARTESIAN_POINT('',(-19.47590065002,5.161580085754,
    1.907349940211E-07));
#10215 = LINE('',#10216,#10217);
#10216 = CARTESIAN_POINT('',(-19.47550010681,5.162700176239,
    1.907349940211E-07));
#10217 = VECTOR('',#10218,1.);
#10218 = DIRECTION('',(-0.336717271378,-0.941605798175,0.));
#10219 = ORIENTED_EDGE('',*,*,#10220,.T.);
#10220 = EDGE_CURVE('',#10213,#10184,#10221,.T.);
#10221 = LINE('',#10222,#10223);
#10222 = CARTESIAN_POINT('',(-19.47590065002,5.161580085754,
    1.907349940211E-07));
#10223 = VECTOR('',#10224,1.);
#10224 = DIRECTION('',(-0.621442670075,0.257425954747,0.739960056781));
#10225 = PLANE('',#10226);
#10226 = AXIS2_PLACEMENT_3D('',#10227,#10228,#10229);
#10227 = CARTESIAN_POINT('',(-19.9795153087,5.370518668502,
    0.599780141723));
#10228 = DIRECTION('',(-0.69713367802,0.249294290969,-0.672203087958));
#10229 = DIRECTION('',(0.694117935191,0.,-0.719861300562));
#10230 = ADVANCED_FACE('',(#10231),#10248,.T.);
#10231 = FACE_BOUND('',#10232,.T.);
#10232 = EDGE_LOOP('',(#10233,#10241,#10242));
#10233 = ORIENTED_EDGE('',*,*,#10234,.T.);
#10234 = EDGE_CURVE('',#10235,#10182,#10237,.T.);
#10235 = VERTEX_POINT('',#10236);
#10236 = CARTESIAN_POINT('',(-19.38369941711,5.432950019836,
    1.907349940211E-07));
#10237 = LINE('',#10238,#10239);
#10238 = CARTESIAN_POINT('',(-19.38369941711,5.432950019836,
    1.907349940211E-07));
#10239 = VECTOR('',#10240,1.);
#10240 = DIRECTION('',(-0.321638102483,-0.946862678022,0.));
#10241 = ORIENTED_EDGE('',*,*,#10197,.F.);
#10242 = ORIENTED_EDGE('',*,*,#10243,.T.);
#10243 = EDGE_CURVE('',#10136,#10235,#10244,.T.);
#10244 = LINE('',#10245,#10246);
#10245 = CARTESIAN_POINT('',(-20.4375,5.71530008316,1.200000047684));
#10246 = VECTOR('',#10247,1.);
#10247 = DIRECTION('',(0.649774485248,-0.174097329263,-0.73992110273));
#10248 = PLANE('',#10249);
#10249 = AXIS2_PLACEMENT_3D('',#10250,#10251,#10252);
#10250 = CARTESIAN_POINT('',(-19.89301606833,5.48950207345,0.55164462039
    ));
#10251 = DIRECTION('',(-0.701287367882,0.23821906126,-0.671898583494));
#10252 = DIRECTION('',(0.691814932907,-1.387778780781E-17,
    -0.722074856651));
#10253 = ADVANCED_FACE('',(#10254),#10271,.T.);
#10254 = FACE_BOUND('',#10255,.T.);
#10255 = EDGE_LOOP('',(#10256,#10264,#10265));
#10256 = ORIENTED_EDGE('',*,*,#10257,.T.);
#10257 = EDGE_CURVE('',#10258,#10184,#10260,.T.);
#10258 = VERTEX_POINT('',#10259);
#10259 = CARTESIAN_POINT('',(-19.60260009765,4.904550075531,
    1.907349940211E-07));
#10260 = LINE('',#10261,#10262);
#10261 = CARTESIAN_POINT('',(-19.60260009765,4.904550075531,
    1.907349940211E-07));
#10262 = VECTOR('',#10263,1.);
#10263 = DIRECTION('',(-0.539094390859,0.412687871852,0.734211112808));
#10264 = ORIENTED_EDGE('',*,*,#10220,.F.);
#10265 = ORIENTED_EDGE('',*,*,#10266,.T.);
#10266 = EDGE_CURVE('',#10213,#10258,#10267,.T.);
#10267 = LINE('',#10268,#10269);
#10268 = CARTESIAN_POINT('',(-19.47590065002,5.161580085754,
    1.907349940211E-07));
#10269 = VECTOR('',#10270,1.);
#10270 = DIRECTION('',(-0.442137873571,-0.89694710031,0.));
#10271 = PLANE('',#10272);
#10272 = AXIS2_PLACEMENT_3D('',#10273,#10274,#10275);
#10273 = CARTESIAN_POINT('',(-19.97339118852,5.283745366868,
    0.551467174507));
#10274 = DIRECTION('',(-0.664344505934,0.327479588341,-0.671865683493));
#10275 = DIRECTION('',(-0.711075635947,2.775557561563E-17,0.703115523909
    ));
#10276 = ADVANCED_FACE('',(#10277),#10294,.T.);
#10277 = FACE_BOUND('',#10278,.T.);
#10278 = EDGE_LOOP('',(#10279,#10280,#10288));
#10279 = ORIENTED_EDGE('',*,*,#10257,.F.);
#10280 = ORIENTED_EDGE('',*,*,#10281,.T.);
#10281 = EDGE_CURVE('',#10258,#10282,#10284,.T.);
#10282 = VERTEX_POINT('',#10283);
#10283 = CARTESIAN_POINT('',(-20.54739952087,5.449999809265,
    1.200000047684));
#10284 = LINE('',#10285,#10286);
#10285 = CARTESIAN_POINT('',(-19.60260009765,4.904550075531,
    1.907349940211E-07));
#10286 = VECTOR('',#10287,1.);
#10287 = DIRECTION('',(-0.582570448817,0.3363284189,0.739928960648));
#10288 = ORIENTED_EDGE('',*,*,#10289,.F.);
#10289 = EDGE_CURVE('',#10184,#10282,#10290,.T.);
#10290 = LINE('',#10291,#10292);
#10291 = CARTESIAN_POINT('',(-20.48369979858,5.579050064087,
    1.200000047684));
#10292 = VECTOR('',#10293,1.);
#10293 = DIRECTION('',(-0.442619429381,-0.8967095632,0.));
#10294 = PLANE('',#10295);
#10295 = AXIS2_PLACEMENT_3D('',#10296,#10297,#10298);
#10296 = CARTESIAN_POINT('',(-20.07833684064,5.222566490237,
    0.625396195946));
#10297 = DIRECTION('',(-0.664136753146,0.32782055949,-0.671904795262));
#10298 = DIRECTION('',(-0.711206035843,0.,0.702983623266));
#10299 = ADVANCED_FACE('',(#10300),#10317,.T.);
#10300 = FACE_BOUND('',#10301,.T.);
#10301 = EDGE_LOOP('',(#10302,#10310,#10311));
#10302 = ORIENTED_EDGE('',*,*,#10303,.T.);
#10303 = EDGE_CURVE('',#10304,#10282,#10306,.T.);
#10304 = VERTEX_POINT('',#10305);
#10305 = CARTESIAN_POINT('',(-19.6033000946,4.903560161591,
    1.907349940211E-07));
#10306 = LINE('',#10307,#10308);
#10307 = CARTESIAN_POINT('',(-19.6033000946,4.903560161591,
    1.907349940211E-07));
#10308 = VECTOR('',#10309,1.);
#10309 = DIRECTION('',(-0.582165536157,0.33695426733,0.739962911395));
#10310 = ORIENTED_EDGE('',*,*,#10281,.F.);
#10311 = ORIENTED_EDGE('',*,*,#10312,.T.);
#10312 = EDGE_CURVE('',#10258,#10304,#10313,.T.);
#10313 = LINE('',#10314,#10315);
#10314 = CARTESIAN_POINT('',(-19.60260009765,4.904550075531,
    1.907349940211E-07));
#10315 = VECTOR('',#10316,1.);
#10316 = DIRECTION('',(-0.57736241478,-0.816487992563,0.));
#10317 = PLANE('',#10318);
#10318 = AXIS2_PLACEMENT_3D('',#10319,#10320,#10321);
#10319 = CARTESIAN_POINT('',(-20.07499835401,5.176925471324,
    0.599775924516));
#10320 = DIRECTION('',(-0.605298089948,0.428023890405,-0.67112574943));
#10321 = DIRECTION('',(-0.742586792426,0.,0.669749845625));
#10322 = ADVANCED_FACE('',(#10323),#10340,.T.);
#10323 = FACE_BOUND('',#10324,.T.);
#10324 = EDGE_LOOP('',(#10325,#10326,#10334));
#10325 = ORIENTED_EDGE('',*,*,#10303,.F.);
#10326 = ORIENTED_EDGE('',*,*,#10327,.F.);
#10327 = EDGE_CURVE('',#10328,#10304,#10330,.T.);
#10328 = VERTEX_POINT('',#10329);
#10329 = CARTESIAN_POINT('',(-20.62730026245,5.33035993576,
    1.200000047684));
#10330 = LINE('',#10331,#10332);
#10331 = CARTESIAN_POINT('',(-20.62730026245,5.33035993576,
    1.200000047684));
#10332 = VECTOR('',#10333,1.);
#10333 = DIRECTION('',(0.626591798845,-0.261161322665,-0.734287056378));
#10334 = ORIENTED_EDGE('',*,*,#10335,.F.);
#10335 = EDGE_CURVE('',#10282,#10328,#10336,.T.);
#10336 = LINE('',#10337,#10338);
#10337 = CARTESIAN_POINT('',(-20.54739952087,5.449999809265,
    1.200000047684));
#10338 = VECTOR('',#10339,1.);
#10339 = DIRECTION('',(-0.555377683916,-0.831598237256,0.));
#10340 = PLANE('',#10341);
#10341 = AXIS2_PLACEMENT_3D('',#10342,#10343,#10344);
#10342 = CARTESIAN_POINT('',(-20.11621933005,5.157055716273,
    0.625389912833));
#10343 = DIRECTION('',(-0.615924489316,0.411341319664,-0.671889382412));
#10344 = DIRECTION('',(-0.737139992148,0.,0.675740062432));
#10345 = ADVANCED_FACE('',(#10346),#10372,.T.);
#10346 = FACE_BOUND('',#10347,.T.);
#10347 = EDGE_LOOP('',(#10348,#10358,#10366));
#10348 = ORIENTED_EDGE('',*,*,#10349,.T.);
#10349 = EDGE_CURVE('',#10350,#10352,#10354,.T.);
#10350 = VERTEX_POINT('',#10351);
#10351 = CARTESIAN_POINT('',(-20.72220039367,5.222179889679,
    1.200000047684));
#10352 = VERTEX_POINT('',#10353);
#10353 = CARTESIAN_POINT('',(-19.95000076293,4.451690196991,
    1.907349940211E-07));
#10354 = LINE('',#10355,#10356);
#10355 = CARTESIAN_POINT('',(-20.72220039367,5.222179889679,
    1.200000047684));
#10356 = VECTOR('',#10357,1.);
#10357 = DIRECTION('',(0.4761635526,-0.475109148863,-0.739959166334));
#10358 = ORIENTED_EDGE('',*,*,#10359,.T.);
#10359 = EDGE_CURVE('',#10352,#10360,#10362,.T.);
#10360 = VERTEX_POINT('',#10361);
#10361 = CARTESIAN_POINT('',(-19.95079994201,4.450789928436,
    1.907349940211E-07));
#10362 = LINE('',#10363,#10364);
#10363 = CARTESIAN_POINT('',(-19.95000076293,4.451690196991,
    1.907349940211E-07));
#10364 = VECTOR('',#10365,1.);
#10365 = DIRECTION('',(-0.663871978503,-0.747846238313,0.));
#10366 = ORIENTED_EDGE('',*,*,#10367,.T.);
#10367 = EDGE_CURVE('',#10360,#10350,#10368,.T.);
#10368 = LINE('',#10369,#10370);
#10369 = CARTESIAN_POINT('',(-19.95079994201,4.450789928436,
    1.907349940211E-07));
#10370 = VECTOR('',#10371,1.);
#10371 = DIRECTION('',(-0.475656781914,0.47565031337,0.739937433308));
#10372 = PLANE('',#10373);
#10373 = AXIS2_PLACEMENT_3D('',#10374,#10375,#10376);
#10374 = CARTESIAN_POINT('',(-20.33615720219,4.836566958653,
    0.599777511606));
#10375 = DIRECTION('',(-0.553801272922,0.491615960583,-0.672025220814));
#10376 = DIRECTION('',(-0.771722402387,0.,0.635959537749));
#10377 = ADVANCED_FACE('',(#10378),#10393,.T.);
#10378 = FACE_BOUND('',#10379,.T.);
#10379 = EDGE_LOOP('',(#10380,#10381,#10387));
#10380 = ORIENTED_EDGE('',*,*,#10349,.F.);
#10381 = ORIENTED_EDGE('',*,*,#10382,.F.);
#10382 = EDGE_CURVE('',#10328,#10350,#10383,.T.);
#10383 = LINE('',#10384,#10385);
#10384 = CARTESIAN_POINT('',(-20.62730026245,5.33035993576,
    1.200000047684));
#10385 = VECTOR('',#10386,1.);
#10386 = DIRECTION('',(-0.659458843897,-0.751740668852,0.));
#10387 = ORIENTED_EDGE('',*,*,#10388,.T.);
#10388 = EDGE_CURVE('',#10328,#10352,#10389,.T.);
#10389 = LINE('',#10390,#10391);
#10390 = CARTESIAN_POINT('',(-20.62730026245,5.33035993576,
    1.200000047684));
#10391 = VECTOR('',#10392,1.);
#10392 = DIRECTION('',(0.414438883873,-0.537657131137,-0.734278707897));
#10393 = PLANE('',#10394);
#10394 = AXIS2_PLACEMENT_3D('',#10395,#10396,#10397);
#10395 = CARTESIAN_POINT('',(-20.32762619567,4.881530799216,
    0.625396249097));
#10396 = DIRECTION('',(-0.556775943369,0.488427505837,-0.671892194051));
#10397 = DIRECTION('',(-0.769984812739,0.,0.638062213386));
#10398 = ADVANCED_FACE('',(#10399),#10416,.T.);
#10399 = FACE_BOUND('',#10400,.T.);
#10400 = EDGE_LOOP('',(#10401,#10409,#10410));
#10401 = ORIENTED_EDGE('',*,*,#10402,.T.);
#10402 = EDGE_CURVE('',#10403,#10352,#10405,.T.);
#10403 = VERTEX_POINT('',#10404);
#10404 = CARTESIAN_POINT('',(-19.76180076599,4.666259765625,
    1.907349940211E-07));
#10405 = LINE('',#10406,#10407);
#10406 = CARTESIAN_POINT('',(-19.76180076599,4.666259765625,
    1.907349940211E-07));
#10407 = VECTOR('',#10408,1.);
#10408 = DIRECTION('',(-0.659400348256,-0.751791979685,0.));
#10409 = ORIENTED_EDGE('',*,*,#10388,.F.);
#10410 = ORIENTED_EDGE('',*,*,#10411,.F.);
#10411 = EDGE_CURVE('',#10403,#10328,#10412,.T.);
#10412 = LINE('',#10413,#10414);
#10413 = CARTESIAN_POINT('',(-19.76180076599,4.666259765625,
    1.907349940211E-07));
#10414 = VECTOR('',#10415,1.);
#10415 = DIRECTION('',(-0.53367787322,0.409492516001,0.739935001858));
#10416 = PLANE('',#10417);
#10417 = AXIS2_PLACEMENT_3D('',#10418,#10419,#10420);
#10418 = CARTESIAN_POINT('',(-20.21068219599,4.913394524229,
    0.551644960659));
#10419 = DIRECTION('',(-0.556817790302,0.488387552358,-0.671886558211));
#10420 = DIRECTION('',(-0.769958622424,0.,0.638093817361));
#10421 = ADVANCED_FACE('',(#10422),#10432,.T.);
#10422 = FACE_BOUND('',#10423,.T.);
#10423 = EDGE_LOOP('',(#10424,#10430,#10431));
#10424 = ORIENTED_EDGE('',*,*,#10425,.T.);
#10425 = EDGE_CURVE('',#10304,#10403,#10426,.T.);
#10426 = LINE('',#10427,#10428);
#10427 = CARTESIAN_POINT('',(-19.6033000946,4.903560161591,
    1.907349940211E-07));
#10428 = VECTOR('',#10429,1.);
#10429 = DIRECTION('',(-0.555428781271,-0.831564109938,0.));
#10430 = ORIENTED_EDGE('',*,*,#10411,.T.);
#10431 = ORIENTED_EDGE('',*,*,#10327,.T.);
#10432 = PLANE('',#10433);
#10433 = AXIS2_PLACEMENT_3D('',#10434,#10435,#10436);
#10434 = CARTESIAN_POINT('',(-20.11672141601,5.035867517027,
    0.551651638325));
#10435 = DIRECTION('',(-0.615902568477,0.411381406319,-0.671884934106));
#10436 = DIRECTION('',(-0.737149743307,-2.775557561563E-17,
    0.675729425098));
#10437 = ADVANCED_FACE('',(#10438),#10448,.T.);
#10438 = FACE_BOUND('',#10439,.T.);
#10439 = EDGE_LOOP('',(#10440,#10446,#10447));
#10440 = ORIENTED_EDGE('',*,*,#10441,.T.);
#10441 = EDGE_CURVE('',#10160,#10235,#10442,.T.);
#10442 = LINE('',#10443,#10444);
#10443 = CARTESIAN_POINT('',(-19.32810020446,5.712860107422,
    1.907349940211E-07));
#10444 = VECTOR('',#10445,1.);
#10445 = DIRECTION('',(-0.194826164351,-0.980837787651,0.));
#10446 = ORIENTED_EDGE('',*,*,#10243,.F.);
#10447 = ORIENTED_EDGE('',*,*,#10167,.T.);
#10448 = PLANE('',#10449);
#10449 = AXIS2_PLACEMENT_3D('',#10450,#10451,#10452);
#10450 = CARTESIAN_POINT('',(-19.85307171135,5.638611385949,
    0.551650311658));
#10451 = DIRECTION('',(-0.726451514017,0.144296808141,-0.671897781618));
#10452 = DIRECTION('',(0.679003930023,0.,-0.734134635481));
#10453 = ADVANCED_FACE('',(#10454),#10471,.T.);
#10454 = FACE_BOUND('',#10455,.T.);
#10455 = EDGE_LOOP('',(#10456,#10464,#10465));
#10456 = ORIENTED_EDGE('',*,*,#10457,.T.);
#10457 = EDGE_CURVE('',#10458,#10350,#10460,.T.);
#10458 = VERTEX_POINT('',#10459);
#10459 = CARTESIAN_POINT('',(-19.95170021057,4.450009822845,
    1.907349940211E-07));
#10460 = LINE('',#10461,#10462);
#10461 = CARTESIAN_POINT('',(-19.95170021057,4.450009822845,
    1.907349940211E-07));
#10462 = VECTOR('',#10463,1.);
#10463 = DIRECTION('',(-0.475118281571,0.476147992277,0.739963315285));
#10464 = ORIENTED_EDGE('',*,*,#10367,.F.);
#10465 = ORIENTED_EDGE('',*,*,#10466,.T.);
#10466 = EDGE_CURVE('',#10360,#10458,#10467,.T.);
#10467 = LINE('',#10468,#10469);
#10468 = CARTESIAN_POINT('',(-19.95079994201,4.450789928436,
    1.907349940211E-07));
#10469 = VECTOR('',#10470,1.);
#10470 = DIRECTION('',(-0.755741910091,-0.654869578872,0.));
#10471 = PLANE('',#10472);
#10472 = AXIS2_PLACEMENT_3D('',#10473,#10474,#10475);
#10473 = CARTESIAN_POINT('',(-20.33658370809,4.836148210804,
    0.599779835845));
#10474 = DIRECTION('',(-0.485121344091,0.559846636814,-0.67173582959));
#10475 = DIRECTION('',(2.775557561563E-17,-0.768183720768,
    -0.640229467572));
#10476 = ADVANCED_FACE('',(#10477),#10492,.T.);
#10477 = FACE_BOUND('',#10478,.T.);
#10478 = EDGE_LOOP('',(#10479,#10480,#10486));
#10479 = ORIENTED_EDGE('',*,*,#10457,.F.);
#10480 = ORIENTED_EDGE('',*,*,#10481,.F.);
#10481 = EDGE_CURVE('',#9760,#10458,#10482,.T.);
#10482 = LINE('',#10483,#10484);
#10483 = CARTESIAN_POINT('',(-20.83040046691,5.127309799194,
    1.200000047684));
#10484 = VECTOR('',#10485,1.);
#10485 = DIRECTION('',(0.537670341501,-0.414434964542,-0.734271246908));
#10486 = ORIENTED_EDGE('',*,*,#10487,.F.);
#10487 = EDGE_CURVE('',#10350,#9760,#10488,.T.);
#10488 = LINE('',#10489,#10490);
#10489 = CARTESIAN_POINT('',(-20.72220039367,5.222179889679,
    1.200000047684));
#10490 = VECTOR('',#10491,1.);
#10491 = DIRECTION('',(-0.751904660699,-0.659271856838,0.));
#10492 = PLANE('',#10493);
#10493 = AXIS2_PLACEMENT_3D('',#10494,#10495,#10496);
#10494 = CARTESIAN_POINT('',(-20.38155113126,4.827627005705,
    0.625395390033));
#10495 = DIRECTION('',(-0.488295645786,0.556904967287,-0.671881105343));
#10496 = DIRECTION('',(2.775557561563E-17,-0.76990699633,-0.638156107079
    ));
#10497 = ADVANCED_FACE('',(#10498),#10508,.T.);
#10498 = FACE_BOUND('',#10499,.T.);
#10499 = EDGE_LOOP('',(#10500,#10506,#10507));
#10500 = ORIENTED_EDGE('',*,*,#10501,.T.);
#10501 = EDGE_CURVE('',#10458,#9828,#10502,.T.);
#10502 = LINE('',#10503,#10504);
#10503 = CARTESIAN_POINT('',(-19.95170021057,4.450009822845,
    1.907349940211E-07));
#10504 = VECTOR('',#10505,1.);
#10505 = DIRECTION('',(-0.75188991393,-0.659288675263,0.));
#10506 = ORIENTED_EDGE('',*,*,#9836,.T.);
#10507 = ORIENTED_EDGE('',*,*,#10481,.T.);
#10508 = PLANE('',#10509);
#10509 = AXIS2_PLACEMENT_3D('',#10510,#10511,#10512);
#10510 = CARTESIAN_POINT('',(-20.41342589914,4.7106997222,0.551644541808
    ));
#10511 = DIRECTION('',(-0.488307132459,0.556892938665,-0.671882727307));
#10512 = DIRECTION('',(2.775557561563E-17,-0.769914525392,
    -0.638147023491));
#10513 = ADVANCED_FACE('',(#10514),#10531,.T.);
#10514 = FACE_BOUND('',#10515,.T.);
#10515 = EDGE_LOOP('',(#10516,#10524,#10530));
#10516 = ORIENTED_EDGE('',*,*,#10517,.T.);
#10517 = EDGE_CURVE('',#9976,#10518,#10520,.T.);
#10518 = VERTEX_POINT('',#10519);
#10519 = CARTESIAN_POINT('',(-19.6033000946,7.096439838409,
    1.907349940211E-07));
#10520 = LINE('',#10521,#10522);
#10521 = CARTESIAN_POINT('',(-20.54739952087,6.550000190735,
    1.200000047684));
#10522 = VECTOR('',#10523,1.);
#10523 = DIRECTION('',(0.582165536157,0.33695426733,-0.739962911395));
#10524 = ORIENTED_EDGE('',*,*,#10525,.T.);
#10525 = EDGE_CURVE('',#10518,#9952,#10526,.T.);
#10526 = LINE('',#10527,#10528);
#10527 = CARTESIAN_POINT('',(-19.6033000946,7.096439838409,
    1.907349940211E-07));
#10528 = VECTOR('',#10529,1.);
#10529 = DIRECTION('',(0.57736241478,-0.816487992563,0.));
#10530 = ORIENTED_EDGE('',*,*,#9983,.F.);
#10531 = PLANE('',#10532);
#10532 = AXIS2_PLACEMENT_3D('',#10533,#10534,#10535);
#10533 = CARTESIAN_POINT('',(-20.07499835401,6.823074528676,
    0.599775924516));
#10534 = DIRECTION('',(-0.605298089959,-0.428023890388,-0.671125749431)
  );
#10535 = DIRECTION('',(-0.74258679242,0.,0.669749845631));
#10536 = ADVANCED_FACE('',(#10537),#10554,.T.);
#10537 = FACE_BOUND('',#10538,.T.);
#10538 = EDGE_LOOP('',(#10539,#10540,#10548));
#10539 = ORIENTED_EDGE('',*,*,#10517,.F.);
#10540 = ORIENTED_EDGE('',*,*,#10541,.F.);
#10541 = EDGE_CURVE('',#10542,#9976,#10544,.T.);
#10542 = VERTEX_POINT('',#10543);
#10543 = CARTESIAN_POINT('',(-20.62730026245,6.66964006424,
    1.200000047684));
#10544 = LINE('',#10545,#10546);
#10545 = CARTESIAN_POINT('',(-20.62730026245,6.66964006424,
    1.200000047684));
#10546 = VECTOR('',#10547,1.);
#10547 = DIRECTION('',(0.555377683916,-0.831598237256,0.));
#10548 = ORIENTED_EDGE('',*,*,#10549,.F.);
#10549 = EDGE_CURVE('',#10518,#10542,#10550,.T.);
#10550 = LINE('',#10551,#10552);
#10551 = CARTESIAN_POINT('',(-19.6033000946,7.096439838409,
    1.907349940211E-07));
#10552 = VECTOR('',#10553,1.);
#10553 = DIRECTION('',(-0.626591798845,-0.261161322665,0.734287056378));
#10554 = PLANE('',#10555);
#10555 = AXIS2_PLACEMENT_3D('',#10556,#10557,#10558);
#10556 = CARTESIAN_POINT('',(-20.11621933005,6.842944283727,
    0.625389912833));
#10557 = DIRECTION('',(-0.615924489316,-0.411341319664,-0.671889382412)
  );
#10558 = DIRECTION('',(-0.737139992148,2.775557561563E-17,0.675740062432
    ));
#10559 = ADVANCED_FACE('',(#10560),#10577,.T.);
#10560 = FACE_BOUND('',#10561,.T.);
#10561 = EDGE_LOOP('',(#10562,#10570,#10571));
#10562 = ORIENTED_EDGE('',*,*,#10563,.T.);
#10563 = EDGE_CURVE('',#10564,#10518,#10566,.T.);
#10564 = VERTEX_POINT('',#10565);
#10565 = CARTESIAN_POINT('',(-19.76180076599,7.333740234375,
    1.907349940211E-07));
#10566 = LINE('',#10567,#10568);
#10567 = CARTESIAN_POINT('',(-19.76180076599,7.333740234375,
    1.907349940211E-07));
#10568 = VECTOR('',#10569,1.);
#10569 = DIRECTION('',(0.555428781271,-0.831564109938,0.));
#10570 = ORIENTED_EDGE('',*,*,#10549,.T.);
#10571 = ORIENTED_EDGE('',*,*,#10572,.T.);
#10572 = EDGE_CURVE('',#10542,#10564,#10573,.T.);
#10573 = LINE('',#10574,#10575);
#10574 = CARTESIAN_POINT('',(-20.62730026245,6.66964006424,
    1.200000047684));
#10575 = VECTOR('',#10576,1.);
#10576 = DIRECTION('',(0.53367787322,0.409492516001,-0.739935001858));
#10577 = PLANE('',#10578);
#10578 = AXIS2_PLACEMENT_3D('',#10579,#10580,#10581);
#10579 = CARTESIAN_POINT('',(-20.11672141601,6.964132482973,
    0.551651638325));
#10580 = DIRECTION('',(-0.615902568477,-0.411381406319,-0.671884934106)
  );
#10581 = DIRECTION('',(-0.737149743307,2.775557561563E-17,0.675729425098
    ));
#10582 = ADVANCED_FACE('',(#10583),#10600,.T.);
#10583 = FACE_BOUND('',#10584,.T.);
#10584 = EDGE_LOOP('',(#10585,#10593,#10594));
#10585 = ORIENTED_EDGE('',*,*,#10586,.T.);
#10586 = EDGE_CURVE('',#10587,#10564,#10589,.T.);
#10587 = VERTEX_POINT('',#10588);
#10588 = CARTESIAN_POINT('',(-19.95000076293,7.548309803009,
    1.907349940211E-07));
#10589 = LINE('',#10590,#10591);
#10590 = CARTESIAN_POINT('',(-19.95000076293,7.548309803009,
    1.907349940211E-07));
#10591 = VECTOR('',#10592,1.);
#10592 = DIRECTION('',(0.659400348256,-0.751791979685,0.));
#10593 = ORIENTED_EDGE('',*,*,#10572,.F.);
#10594 = ORIENTED_EDGE('',*,*,#10595,.F.);
#10595 = EDGE_CURVE('',#10587,#10542,#10596,.T.);
#10596 = LINE('',#10597,#10598);
#10597 = CARTESIAN_POINT('',(-19.95000076293,7.548309803009,
    1.907349940211E-07));
#10598 = VECTOR('',#10599,1.);
#10599 = DIRECTION('',(-0.414438883873,-0.537657131137,0.734278707897));
#10600 = PLANE('',#10601);
#10601 = AXIS2_PLACEMENT_3D('',#10602,#10603,#10604);
#10602 = CARTESIAN_POINT('',(-20.21068219599,7.086605475771,
    0.551644960659));
#10603 = DIRECTION('',(-0.556817790302,-0.488387552358,-0.671886558211)
  );
#10604 = DIRECTION('',(-0.769958622424,-5.551115123126E-17,
    0.638093817361));
#10605 = ADVANCED_FACE('',(#10606),#10623,.T.);
#10606 = FACE_BOUND('',#10607,.T.);
#10607 = EDGE_LOOP('',(#10608,#10616,#10617));
#10608 = ORIENTED_EDGE('',*,*,#10609,.T.);
#10609 = EDGE_CURVE('',#10610,#10587,#10612,.T.);
#10610 = VERTEX_POINT('',#10611);
#10611 = CARTESIAN_POINT('',(-20.72220039367,6.777820110321,
    1.200000047684));
#10612 = LINE('',#10613,#10614);
#10613 = CARTESIAN_POINT('',(-20.72220039367,6.777820110321,
    1.200000047684));
#10614 = VECTOR('',#10615,1.);
#10615 = DIRECTION('',(0.4761635526,0.475109148863,-0.739959166334));
#10616 = ORIENTED_EDGE('',*,*,#10595,.T.);
#10617 = ORIENTED_EDGE('',*,*,#10618,.F.);
#10618 = EDGE_CURVE('',#10610,#10542,#10619,.T.);
#10619 = LINE('',#10620,#10621);
#10620 = CARTESIAN_POINT('',(-20.72220039367,6.777820110321,
    1.200000047684));
#10621 = VECTOR('',#10622,1.);
#10622 = DIRECTION('',(0.659458843897,-0.751740668852,0.));
#10623 = PLANE('',#10624);
#10624 = AXIS2_PLACEMENT_3D('',#10625,#10626,#10627);
#10625 = CARTESIAN_POINT('',(-20.32762619567,7.118469200784,
    0.625396249097));
#10626 = DIRECTION('',(-0.556775943369,-0.488427505837,-0.671892194051)
  );
#10627 = DIRECTION('',(-0.769984812739,0.,0.638062213386));
#10628 = ADVANCED_FACE('',(#10629),#10646,.T.);
#10629 = FACE_BOUND('',#10630,.T.);
#10630 = EDGE_LOOP('',(#10631,#10632,#10640));
#10631 = ORIENTED_EDGE('',*,*,#10609,.F.);
#10632 = ORIENTED_EDGE('',*,*,#10633,.F.);
#10633 = EDGE_CURVE('',#10634,#10610,#10636,.T.);
#10634 = VERTEX_POINT('',#10635);
#10635 = CARTESIAN_POINT('',(-19.95079994201,7.549210071564,
    1.907349940211E-07));
#10636 = LINE('',#10637,#10638);
#10637 = CARTESIAN_POINT('',(-19.95079994201,7.549210071564,
    1.907349940211E-07));
#10638 = VECTOR('',#10639,1.);
#10639 = DIRECTION('',(-0.475656781914,-0.47565031337,0.739937433308));
#10640 = ORIENTED_EDGE('',*,*,#10641,.T.);
#10641 = EDGE_CURVE('',#10634,#10587,#10642,.T.);
#10642 = LINE('',#10643,#10644);
#10643 = CARTESIAN_POINT('',(-19.95079994201,7.549210071564,
    1.907349940211E-07));
#10644 = VECTOR('',#10645,1.);
#10645 = DIRECTION('',(0.663871978503,-0.747846238313,0.));
#10646 = PLANE('',#10647);
#10647 = AXIS2_PLACEMENT_3D('',#10648,#10649,#10650);
#10648 = CARTESIAN_POINT('',(-20.33615720219,7.163433041347,
    0.599777511606));
#10649 = DIRECTION('',(-0.553801272992,-0.491615960508,-0.672025220811)
  );
#10650 = DIRECTION('',(-0.771722402346,2.775557561563E-17,0.635959537799
    ));
#10651 = ADVANCED_FACE('',(#10652),#10669,.T.);
#10652 = FACE_BOUND('',#10653,.T.);
#10653 = EDGE_LOOP('',(#10654,#10662,#10668));
#10654 = ORIENTED_EDGE('',*,*,#10655,.T.);
#10655 = EDGE_CURVE('',#10610,#10656,#10658,.T.);
#10656 = VERTEX_POINT('',#10657);
#10657 = CARTESIAN_POINT('',(-19.95170021057,7.549990177155,
    1.907349940211E-07));
#10658 = LINE('',#10659,#10660);
#10659 = CARTESIAN_POINT('',(-20.72220039367,6.777820110321,
    1.200000047684));
#10660 = VECTOR('',#10661,1.);
#10661 = DIRECTION('',(0.475118281571,0.476147992277,-0.739963315285));
#10662 = ORIENTED_EDGE('',*,*,#10663,.T.);
#10663 = EDGE_CURVE('',#10656,#10634,#10664,.T.);
#10664 = LINE('',#10665,#10666);
#10665 = CARTESIAN_POINT('',(-19.95170021057,7.549990177155,
    1.907349940211E-07));
#10666 = VECTOR('',#10667,1.);
#10667 = DIRECTION('',(0.755741910091,-0.654869578872,0.));
#10668 = ORIENTED_EDGE('',*,*,#10633,.T.);
#10669 = PLANE('',#10670);
#10670 = AXIS2_PLACEMENT_3D('',#10671,#10672,#10673);
#10671 = CARTESIAN_POINT('',(-20.33658370809,7.163851789196,
    0.599779835845));
#10672 = DIRECTION('',(-0.485121344097,-0.559846636809,-0.671735829591)
  );
#10673 = DIRECTION('',(0.,-0.768183720771,0.640229467568));
#10674 = ADVANCED_FACE('',(#10675),#10692,.T.);
#10675 = FACE_BOUND('',#10676,.T.);
#10676 = EDGE_LOOP('',(#10677,#10678,#10686));
#10677 = ORIENTED_EDGE('',*,*,#10655,.F.);
#10678 = ORIENTED_EDGE('',*,*,#10679,.F.);
#10679 = EDGE_CURVE('',#10680,#10610,#10682,.T.);
#10680 = VERTEX_POINT('',#10681);
#10681 = CARTESIAN_POINT('',(-20.83040046691,6.872690200806,
    1.200000047684));
#10682 = LINE('',#10683,#10684);
#10683 = CARTESIAN_POINT('',(-20.83040046691,6.872690200806,
    1.200000047684));
#10684 = VECTOR('',#10685,1.);
#10685 = DIRECTION('',(0.751904660699,-0.659271856838,0.));
#10686 = ORIENTED_EDGE('',*,*,#10687,.T.);
#10687 = EDGE_CURVE('',#10680,#10656,#10688,.T.);
#10688 = LINE('',#10689,#10690);
#10689 = CARTESIAN_POINT('',(-20.83040046691,6.872690200806,
    1.200000047684));
#10690 = VECTOR('',#10691,1.);
#10691 = DIRECTION('',(0.537670341501,0.414434964542,-0.734271246908));
#10692 = PLANE('',#10693);
#10693 = AXIS2_PLACEMENT_3D('',#10694,#10695,#10696);
#10694 = CARTESIAN_POINT('',(-20.38155113126,7.172372994295,
    0.625395390033));
#10695 = DIRECTION('',(-0.488295645786,-0.556904967287,-0.671881105343)
  );
#10696 = DIRECTION('',(0.,-0.76990699633,0.638156107079));
#10697 = ADVANCED_FACE('',(#10698),#10715,.T.);
#10698 = FACE_BOUND('',#10699,.T.);
#10699 = EDGE_LOOP('',(#10700,#10708,#10709));
#10700 = ORIENTED_EDGE('',*,*,#10701,.T.);
#10701 = EDGE_CURVE('',#10702,#10656,#10704,.T.);
#10702 = VERTEX_POINT('',#10703);
#10703 = CARTESIAN_POINT('',(-20.16629981994,7.738160133362,
    1.907349940211E-07));
#10704 = LINE('',#10705,#10706);
#10705 = CARTESIAN_POINT('',(-20.16629981994,7.738160133362,
    1.907349940211E-07));
#10706 = VECTOR('',#10707,1.);
#10707 = DIRECTION('',(0.75188991393,-0.659288675263,0.));
#10708 = ORIENTED_EDGE('',*,*,#10687,.F.);
#10709 = ORIENTED_EDGE('',*,*,#10710,.F.);
#10710 = EDGE_CURVE('',#10702,#10680,#10711,.T.);
#10711 = LINE('',#10712,#10713);
#10712 = CARTESIAN_POINT('',(-20.16629981994,7.738160133362,
    1.907349940211E-07));
#10713 = VECTOR('',#10714,1.);
#10714 = DIRECTION('',(-0.40949674453,-0.533664771275,0.73994211133));
#10715 = PLANE('',#10716);
#10716 = AXIS2_PLACEMENT_3D('',#10717,#10718,#10719);
#10717 = CARTESIAN_POINT('',(-20.41342589914,7.2893002778,0.551644541808
    ));
#10718 = DIRECTION('',(-0.488307132459,-0.556892938665,-0.671882727307)
  );
#10719 = DIRECTION('',(0.,-0.769914525392,0.638147023491));
#10720 = ADVANCED_FACE('',(#10721),#10738,.T.);
#10721 = FACE_BOUND('',#10722,.T.);
#10722 = EDGE_LOOP('',(#10723,#10731,#10732));
#10723 = ORIENTED_EDGE('',*,*,#10724,.T.);
#10724 = EDGE_CURVE('',#10725,#10702,#10727,.T.);
#10725 = VERTEX_POINT('',#10726);
#10726 = CARTESIAN_POINT('',(-20.40360069274,7.896719932556,
    1.907349940211E-07));
#10727 = LINE('',#10728,#10729);
#10728 = CARTESIAN_POINT('',(-20.40360069274,7.896719932556,
    1.907349940211E-07));
#10729 = VECTOR('',#10730,1.);
#10730 = DIRECTION('',(0.83146892404,-0.555571263076,0.));
#10731 = ORIENTED_EDGE('',*,*,#10710,.T.);
#10732 = ORIENTED_EDGE('',*,*,#10733,.T.);
#10733 = EDGE_CURVE('',#10680,#10725,#10734,.T.);
#10734 = LINE('',#10735,#10736);
#10735 = CARTESIAN_POINT('',(-20.83040046691,6.872690200806,
    1.200000047684));
#10736 = VECTOR('',#10737,1.);
#10737 = DIRECTION('',(0.261158362343,0.626602786411,-0.734278733071));
#10738 = PLANE('',#10739);
#10739 = AXIS2_PLACEMENT_3D('',#10740,#10741,#10742);
#10740 = CARTESIAN_POINT('',(-20.53590615357,7.383273524754,
    0.551646500327));
#10741 = DIRECTION('',(-0.411488997227,-0.615835152963,-0.671880844746)
  );
#10742 = DIRECTION('',(0.,-0.737184538072,0.675691465706));
#10743 = ADVANCED_FACE('',(#10744),#10761,.T.);
#10744 = FACE_BOUND('',#10745,.T.);
#10745 = EDGE_LOOP('',(#10746,#10754,#10755));
#10746 = ORIENTED_EDGE('',*,*,#10747,.T.);
#10747 = EDGE_CURVE('',#10748,#10725,#10750,.T.);
#10748 = VERTEX_POINT('',#10749);
#10749 = CARTESIAN_POINT('',(-20.95000076293,6.95263004303,
    1.200000047684));
#10750 = LINE('',#10751,#10752);
#10751 = CARTESIAN_POINT('',(-20.95000076293,6.95263004303,
    1.200000047684));
#10752 = VECTOR('',#10753,1.);
#10753 = DIRECTION('',(0.336933786577,0.582166435734,-0.739971529566));
#10754 = ORIENTED_EDGE('',*,*,#10733,.F.);
#10755 = ORIENTED_EDGE('',*,*,#10756,.F.);
#10756 = EDGE_CURVE('',#10748,#10680,#10757,.T.);
#10757 = LINE('',#10758,#10759);
#10758 = CARTESIAN_POINT('',(-20.95000076293,6.95263004303,
    1.200000047684));
#10759 = VECTOR('',#10760,1.);
#10760 = DIRECTION('',(0.831387786048,-0.555692675145,0.));
#10761 = PLANE('',#10762);
#10762 = AXIS2_PLACEMENT_3D('',#10763,#10764,#10765);
#10763 = CARTESIAN_POINT('',(-20.65708487587,7.383796770471,
    0.625388024857));
#10764 = DIRECTION('',(-0.411584259232,-0.615783042247,-0.671870257144)
  );
#10765 = DIRECTION('',(2.775557561563E-17,-0.737207714755,0.675666178898
    ));
#10766 = ADVANCED_FACE('',(#10767),#10784,.T.);
#10767 = FACE_BOUND('',#10768,.T.);
#10768 = EDGE_LOOP('',(#10769,#10770,#10778));
#10769 = ORIENTED_EDGE('',*,*,#10747,.F.);
#10770 = ORIENTED_EDGE('',*,*,#10771,.T.);
#10771 = EDGE_CURVE('',#10748,#10772,#10774,.T.);
#10772 = VERTEX_POINT('',#10773);
#10773 = CARTESIAN_POINT('',(-20.40449905395,7.897379875183,
    1.907349940211E-07));
#10774 = LINE('',#10775,#10776);
#10775 = CARTESIAN_POINT('',(-20.95000076293,6.95263004303,
    1.200000047684));
#10776 = VECTOR('',#10777,1.);
#10777 = DIRECTION('',(0.336362833291,0.582543968352,-0.739934165529));
#10778 = ORIENTED_EDGE('',*,*,#10779,.T.);
#10779 = EDGE_CURVE('',#10772,#10725,#10780,.T.);
#10780 = LINE('',#10781,#10782);
#10781 = CARTESIAN_POINT('',(-20.40449905395,7.897379875183,
    1.907349940211E-07));
#10782 = VECTOR('',#10783,1.);
#10783 = DIRECTION('',(0.805915135179,-0.592031075949,0.));
#10784 = PLANE('',#10785);
#10785 = AXIS2_PLACEMENT_3D('',#10786,#10787,#10788);
#10786 = CARTESIAN_POINT('',(-20.67693153978,7.425002211068,
    0.599793981949));
#10787 = DIRECTION('',(-0.439261998333,-0.597954916263,-0.670446727889)
  );
#10788 = DIRECTION('',(-2.775557561563E-17,-0.746301563465,0.66560797499
    ));
#10789 = ADVANCED_FACE('',(#10790),#10807,.T.);
#10790 = FACE_BOUND('',#10791,.T.);
#10791 = EDGE_LOOP('',(#10792,#10800,#10806));
#10792 = ORIENTED_EDGE('',*,*,#10793,.T.);
#10793 = EDGE_CURVE('',#10748,#10794,#10796,.T.);
#10794 = VERTEX_POINT('',#10795);
#10795 = CARTESIAN_POINT('',(-20.66160011291,8.024140357971,
    1.907349940211E-07));
#10796 = LINE('',#10797,#10798);
#10797 = CARTESIAN_POINT('',(-20.95000076293,6.95263004303,
    1.200000047684));
#10798 = VECTOR('',#10799,1.);
#10799 = DIRECTION('',(0.176455083942,0.655592983413,-0.734208038263));
#10800 = ORIENTED_EDGE('',*,*,#10801,.T.);
#10801 = EDGE_CURVE('',#10794,#10772,#10802,.T.);
#10802 = LINE('',#10803,#10804);
#10803 = CARTESIAN_POINT('',(-20.66160011291,8.024140357971,
    1.907349940211E-07));
#10804 = VECTOR('',#10805,1.);
#10805 = DIRECTION('',(0.896911109592,-0.442210878982,0.));
#10806 = ORIENTED_EDGE('',*,*,#10771,.F.);
#10807 = PLANE('',#10808);
#10808 = AXIS2_PLACEMENT_3D('',#10809,#10810,#10811);
#10809 = CARTESIAN_POINT('',(-20.72488681251,7.497592286316,
    0.551453925359));
#10810 = DIRECTION('',(-0.327525294941,-0.664300879212,-0.671886540312)
  );
#10811 = DIRECTION('',(2.775557561563E-17,-0.711109633373,0.703081139929
    ));
#10812 = ADVANCED_FACE('',(#10813),#10830,.T.);
#10813 = FACE_BOUND('',#10814,.T.);
#10814 = EDGE_LOOP('',(#10815,#10816,#10824));
#10815 = ORIENTED_EDGE('',*,*,#10793,.F.);
#10816 = ORIENTED_EDGE('',*,*,#10817,.F.);
#10817 = EDGE_CURVE('',#10818,#10748,#10820,.T.);
#10818 = VERTEX_POINT('',#10819);
#10819 = CARTESIAN_POINT('',(-21.07900047302,7.016270160675,
    1.200000047684));
#10820 = LINE('',#10821,#10822);
#10821 = CARTESIAN_POINT('',(-21.07900047302,7.016270160675,
    1.200000047684));
#10822 = VECTOR('',#10823,1.);
#10823 = DIRECTION('',(0.896805165756,-0.442425693956,0.));
#10824 = ORIENTED_EDGE('',*,*,#10825,.F.);
#10825 = EDGE_CURVE('',#10794,#10818,#10826,.T.);
#10826 = LINE('',#10827,#10828);
#10827 = CARTESIAN_POINT('',(-20.66160011291,8.024140357971,
    1.907349940211E-07));
#10828 = VECTOR('',#10829,1.);
#10829 = DIRECTION('',(-0.257378862261,-0.621476427621,0.73994808681));
#10830 = PLANE('',#10831);
#10831 = AXIS2_PLACEMENT_3D('',#10832,#10833,#10834);
#10832 = CARTESIAN_POINT('',(-20.84539519166,7.482242792068,
    0.625384340066));
#10833 = DIRECTION('',(-0.327691406021,-0.664236615793,-0.67186908));
#10834 = DIRECTION('',(2.775557561563E-17,-0.711134504838,0.703055983567
    ));
#10835 = ADVANCED_FACE('',(#10836),#10858,.T.);
#10836 = FACE_BOUND('',#10837,.T.);
#10837 = EDGE_LOOP('',(#10838,#10846,#10852));
#10838 = ORIENTED_EDGE('',*,*,#10839,.T.);
#10839 = EDGE_CURVE('',#10840,#10818,#10842,.T.);
#10840 = VERTEX_POINT('',#10841);
#10841 = CARTESIAN_POINT('',(-20.66270065307,8.024519920349,
    1.907349940211E-07));
#10842 = LINE('',#10843,#10844);
#10843 = CARTESIAN_POINT('',(-20.66270065307,8.024519920349,
    1.907349940211E-07));
#10844 = VECTOR('',#10845,1.);
#10845 = DIRECTION('',(-0.256707675094,-0.621728473852,0.739969509067));
#10846 = ORIENTED_EDGE('',*,*,#10847,.F.);
#10847 = EDGE_CURVE('',#9497,#10818,#10848,.T.);
#10848 = LINE('',#10849,#10850);
#10849 = CARTESIAN_POINT('',(-21.21529960632,7.062520027161,
    1.200000047684));
#10850 = VECTOR('',#10851,1.);
#10851 = DIRECTION('',(0.946967035763,-0.321330722431,0.));
#10852 = ORIENTED_EDGE('',*,*,#10853,.T.);
#10853 = EDGE_CURVE('',#9497,#10840,#10854,.T.);
#10854 = LINE('',#10855,#10856);
#10855 = CARTESIAN_POINT('',(-21.21529960632,7.062520027161,
    1.200000047684));
#10856 = VECTOR('',#10857,1.);
#10857 = DIRECTION('',(0.338133841104,0.588645195787,-0.734276745496));
#10858 = PLANE('',#10859);
#10859 = AXIS2_PLACEMENT_3D('',#10860,#10861,#10862);
#10860 = CARTESIAN_POINT('',(-20.91530581648,7.511147881107,
    0.625400816853));
#10861 = DIRECTION('',(-0.237998288565,-0.701384953588,-0.671874959736)
  );
#10862 = DIRECTION('',(-1.387778780781E-17,0.691752058278,
    -0.722135091149));
#10863 = ADVANCED_FACE('',(#10864),#10874,.T.);
#10864 = FACE_BOUND('',#10865,.T.);
#10865 = EDGE_LOOP('',(#10866,#10867,#10873));
#10866 = ORIENTED_EDGE('',*,*,#10839,.F.);
#10867 = ORIENTED_EDGE('',*,*,#10868,.T.);
#10868 = EDGE_CURVE('',#10840,#10794,#10869,.T.);
#10869 = LINE('',#10870,#10871);
#10870 = CARTESIAN_POINT('',(-20.66270065307,8.024519920349,
    1.907349940211E-07));
#10871 = VECTOR('',#10872,1.);
#10872 = DIRECTION('',(0.945355569036,-0.326041175456,0.));
#10873 = ORIENTED_EDGE('',*,*,#10825,.T.);
#10874 = PLANE('',#10875);
#10875 = AXIS2_PLACEMENT_3D('',#10876,#10877,#10878);
#10876 = CARTESIAN_POINT('',(-20.87050064133,7.520480993992,
    0.599784839845));
#10877 = DIRECTION('',(-0.241453487987,-0.700093781607,-0.671988772298)
  );
#10878 = DIRECTION('',(1.387778780781E-17,0.69247752493,-0.721439448233)
  );
#10879 = ADVANCED_FACE('',(#10880),#10897,.T.);
#10880 = FACE_BOUND('',#10881,.T.);
#10881 = EDGE_LOOP('',(#10882,#10890,#10891));
#10882 = ORIENTED_EDGE('',*,*,#10883,.T.);
#10883 = EDGE_CURVE('',#10884,#10840,#10886,.T.);
#10884 = VERTEX_POINT('',#10885);
#10885 = CARTESIAN_POINT('',(-20.93300056457,8.11625957489,
    1.907349940211E-07));
#10886 = LINE('',#10887,#10888);
#10887 = CARTESIAN_POINT('',(-20.93300056457,8.11625957489,
    1.907349940211E-07));
#10888 = VECTOR('',#10889,1.);
#10889 = DIRECTION('',(0.946945911904,-0.321392968075,0.));
#10890 = ORIENTED_EDGE('',*,*,#10853,.F.);
#10891 = ORIENTED_EDGE('',*,*,#10892,.T.);
#10892 = EDGE_CURVE('',#9497,#10884,#10893,.T.);
#10893 = LINE('',#10894,#10895);
#10894 = CARTESIAN_POINT('',(-21.21529960632,7.062520027161,
    1.200000047684));
#10895 = VECTOR('',#10896,1.);
#10896 = DIRECTION('',(0.174071079286,0.649756298227,-0.739943249358));
#10897 = PLANE('',#10898);
#10898 = AXIS2_PLACEMENT_3D('',#10899,#10900,#10901);
#10899 = CARTESIAN_POINT('',(-20.98951293435,7.606991406782,
    0.551639625076));
#10900 = DIRECTION('',(-0.238043002215,-0.701365213916,-0.671879725699)
  );
#10901 = DIRECTION('',(-1.387778780781E-17,0.691764769641,
    -0.722122914387));
#10902 = ADVANCED_FACE('',(#10903),#10913,.T.);
#10903 = FACE_BOUND('',#10904,.T.);
#10904 = EDGE_LOOP('',(#10905,#10911,#10912));
#10905 = ORIENTED_EDGE('',*,*,#10906,.T.);
#10906 = EDGE_CURVE('',#9521,#10884,#10907,.T.);
#10907 = LINE('',#10908,#10909);
#10908 = CARTESIAN_POINT('',(-21.21290016174,8.17193031311,
    1.907349940211E-07));
#10909 = VECTOR('',#10910,1.);
#10910 = DIRECTION('',(0.98078846723,-0.195074300074,0.));
#10911 = ORIENTED_EDGE('',*,*,#10892,.F.);
#10912 = ORIENTED_EDGE('',*,*,#9528,.T.);
#10913 = PLANE('',#10914);
#10914 = AXIS2_PLACEMENT_3D('',#10915,#10916,#10917);
#10915 = CARTESIAN_POINT('',(-21.13863659903,7.646935966841,
    0.551649176035));
#10916 = DIRECTION('',(-0.144483687716,-0.72643056805,-0.671880267448));
#10917 = DIRECTION('',(0.,0.679004942472,-0.734133699062));
#10918 = ADVANCED_FACE('',(#10919),#10936,.T.);
#10919 = FACE_BOUND('',#10920,.T.);
#10920 = EDGE_LOOP('',(#10921,#10929,#10935));
#10921 = ORIENTED_EDGE('',*,*,#10922,.T.);
#10922 = EDGE_CURVE('',#9782,#10923,#10925,.T.);
#10923 = VERTEX_POINT('',#10924);
#10924 = CARTESIAN_POINT('',(-21.64360046386,4.909409999847,
    1.200000047684));
#10925 = LINE('',#10926,#10927);
#10926 = CARTESIAN_POINT('',(-21.5,3.809089899063,1.907349940211E-07));
#10927 = VECTOR('',#10928,1.);
#10928 = DIRECTION('',(-8.786025764688E-02,0.673217933602,0.734205821962
    ));
#10929 = ORIENTED_EDGE('',*,*,#10930,.F.);
#10930 = EDGE_CURVE('',#9806,#10923,#10931,.T.);
#10931 = LINE('',#10932,#10933);
#10932 = CARTESIAN_POINT('',(-21.5,4.900000095367,1.200000047684));
#10933 = VECTOR('',#10934,1.);
#10934 = DIRECTION('',(-0.997859905953,6.538813417835E-02,0.));
#10935 = ORIENTED_EDGE('',*,*,#9805,.F.);
#10936 = PLANE('',#10937);
#10937 = AXIS2_PLACEMENT_3D('',#10938,#10939,#10940);
#10938 = CARTESIAN_POINT('',(-21.53755331634,4.38009219459,0.62539511915
    ));
#10939 = DIRECTION('',(4.843014678649E-02,0.739071428248,-0.671883877489
    ));
#10940 = DIRECTION('',(0.,0.672673211087,0.739939694222));
#10941 = ADVANCED_FACE('',(#10942),#10959,.T.);
#10942 = FACE_BOUND('',#10943,.T.);
#10943 = EDGE_LOOP('',(#10944,#10945,#10953));
#10944 = ORIENTED_EDGE('',*,*,#10922,.F.);
#10945 = ORIENTED_EDGE('',*,*,#10946,.T.);
#10946 = EDGE_CURVE('',#9782,#10947,#10949,.T.);
#10947 = VERTEX_POINT('',#10948);
#10948 = CARTESIAN_POINT('',(-21.78599929809,3.827830076218,
    1.907349940211E-07));
#10949 = LINE('',#10950,#10951);
#10950 = CARTESIAN_POINT('',(-21.5,3.809089899063,1.907349940211E-07));
#10951 = VECTOR('',#10952,1.);
#10952 = DIRECTION('',(-0.997860108781,6.53850388393E-02,0.));
#10953 = ORIENTED_EDGE('',*,*,#10954,.F.);
#10954 = EDGE_CURVE('',#10923,#10947,#10955,.T.);
#10955 = LINE('',#10956,#10957);
#10956 = CARTESIAN_POINT('',(-21.64360046386,4.909409999847,
    1.200000047684));
#10957 = VECTOR('',#10958,1.);
#10958 = DIRECTION('',(-8.780534344099E-02,-0.666919059891,
    -0.739938638819));
#10959 = PLANE('',#10960);
#10960 = AXIS2_PLACEMENT_3D('',#10961,#10962,#10963);
#10961 = CARTESIAN_POINT('',(-21.64302019179,4.319789148022,
    0.551459935816));
#10962 = DIRECTION('',(4.842784079485E-02,0.73907137384,-0.671884103552)
  );
#10963 = DIRECTION('',(0.,0.672673362117,0.739939556922));
#10964 = ADVANCED_FACE('',(#10965),#10982,.T.);
#10965 = FACE_BOUND('',#10966,.T.);
#10966 = EDGE_LOOP('',(#10967,#10975,#10981));
#10967 = ORIENTED_EDGE('',*,*,#10968,.T.);
#10968 = EDGE_CURVE('',#10947,#10969,#10971,.T.);
#10969 = VERTEX_POINT('',#10970);
#10970 = CARTESIAN_POINT('',(-21.78470039367,4.937479972839,
    1.200000047684));
#10971 = LINE('',#10972,#10973);
#10972 = CARTESIAN_POINT('',(-21.78599929809,3.827830076218,
    1.907349940211E-07));
#10973 = VECTOR('',#10974,1.);
#10974 = DIRECTION('',(7.947195414046E-04,0.678926366021,0.734205937011)
  );
#10975 = ORIENTED_EDGE('',*,*,#10976,.F.);
#10976 = EDGE_CURVE('',#10923,#10969,#10977,.T.);
#10977 = LINE('',#10978,#10979);
#10978 = CARTESIAN_POINT('',(-21.64360046386,4.909409999847,
    1.200000047684));
#10979 = VECTOR('',#10980,1.);
#10980 = DIRECTION('',(-0.98078068905,0.19511340289,0.));
#10981 = ORIENTED_EDGE('',*,*,#10954,.T.);
#10982 = PLANE('',#10983);
#10983 = AXIS2_PLACEMENT_3D('',#10984,#10985,#10986);
#10984 = CARTESIAN_POINT('',(-21.74868617703,4.39884288947,
    0.625387747723));
#10985 = DIRECTION('',(0.144511946036,0.726421270448,-0.67188424248));
#10986 = DIRECTION('',(0.,0.67901179136,0.734127364423));
#10987 = ADVANCED_FACE('',(#10988),#11005,.T.);
#10988 = FACE_BOUND('',#10989,.T.);
#10989 = EDGE_LOOP('',(#10990,#10991,#10999));
#10990 = ORIENTED_EDGE('',*,*,#10968,.F.);
#10991 = ORIENTED_EDGE('',*,*,#10992,.T.);
#10992 = EDGE_CURVE('',#10947,#10993,#10995,.T.);
#10993 = VERTEX_POINT('',#10994);
#10994 = CARTESIAN_POINT('',(-21.78709983825,3.828069925308,
    1.907349940211E-07));
#10995 = LINE('',#10996,#10997);
#10996 = CARTESIAN_POINT('',(-21.78599929809,3.827830076218,
    1.907349940211E-07));
#10997 = VECTOR('',#10998,1.);
#10998 = DIRECTION('',(-0.977065429386,0.212939302851,0.));
#10999 = ORIENTED_EDGE('',*,*,#11000,.F.);
#11000 = EDGE_CURVE('',#10969,#10993,#11001,.T.);
#11001 = LINE('',#11002,#11003);
#11002 = CARTESIAN_POINT('',(-21.78470039367,4.937479972839,
    1.200000047684));
#11003 = VECTOR('',#11004,1.);
#11004 = DIRECTION('',(-1.468217375659E-03,-0.678846730631,
    -0.734278530702));
#11005 = PLANE('',#11006);
#11006 = AXIS2_PLACEMENT_3D('',#11007,#11008,#11009);
#11007 = CARTESIAN_POINT('',(-21.78562528583,4.382523879814,
    0.599793432768));
#11008 = DIRECTION('',(0.157983108568,0.724900625089,-0.670492670469));
#11009 = DIRECTION('',(-1.387778780781E-17,0.679019928558,0.734119838051
    ));
#11010 = ADVANCED_FACE('',(#11011),#11037,.T.);
#11011 = FACE_BOUND('',#11012,.T.);
#11012 = EDGE_LOOP('',(#11013,#11023,#11031));
#11013 = ORIENTED_EDGE('',*,*,#11014,.T.);
#11014 = EDGE_CURVE('',#11015,#11017,#11019,.T.);
#11015 = VERTEX_POINT('',#11016);
#11016 = CARTESIAN_POINT('',(-22.59059906005,5.856420040131,
    1.200000047684));
#11017 = VERTEX_POINT('',#11018);
#11018 = CARTESIAN_POINT('',(-23.69090080261,6.,1.907349940211E-07));
#11019 = LINE('',#11020,#11021);
#11020 = CARTESIAN_POINT('',(-22.59059906005,5.856420040131,
    1.200000047684));
#11021 = VECTOR('',#11022,1.);
#11022 = DIRECTION('',(-0.673212533966,8.784847362507E-02,
    -0.734212183087));
#11023 = ORIENTED_EDGE('',*,*,#11024,.T.);
#11024 = EDGE_CURVE('',#11017,#11025,#11027,.T.);
#11025 = VERTEX_POINT('',#11026);
#11026 = CARTESIAN_POINT('',(-22.60000038147,6.,1.200000047684));
#11027 = LINE('',#11028,#11029);
#11028 = CARTESIAN_POINT('',(-23.69090080261,6.,1.907349940211E-07));
#11029 = VECTOR('',#11030,1.);
#11030 = DIRECTION('',(0.672669910932,0.,0.739942694354));
#11031 = ORIENTED_EDGE('',*,*,#11032,.F.);
#11032 = EDGE_CURVE('',#11015,#11025,#11033,.T.);
#11033 = LINE('',#11034,#11035);
#11034 = CARTESIAN_POINT('',(-22.59059906005,5.856420040131,
    1.200000047684));
#11035 = VECTOR('',#11036,1.);
#11036 = DIRECTION('',(-6.533803574754E-02,0.997863187559,0.));
#11037 = PLANE('',#11038);
#11038 = AXIS2_PLACEMENT_3D('',#11039,#11040,#11041);
#11039 = CARTESIAN_POINT('',(-23.11990895334,5.962452327413,
    0.62539172146));
#11040 = DIRECTION('',(0.739075751171,4.839316496713E-02,-0.671881786935
    ));
#11041 = DIRECTION('',(0.672669910932,0.,0.739942694354));
#11042 = ADVANCED_FACE('',(#11043),#11060,.T.);
#11043 = FACE_BOUND('',#11044,.T.);
#11044 = EDGE_LOOP('',(#11045,#11046,#11054));
#11045 = ORIENTED_EDGE('',*,*,#11014,.F.);
#11046 = ORIENTED_EDGE('',*,*,#11047,.F.);
#11047 = EDGE_CURVE('',#11048,#11015,#11050,.T.);
#11048 = VERTEX_POINT('',#11049);
#11049 = CARTESIAN_POINT('',(-23.67219924926,5.714029788971,
    1.907349940211E-07));
#11050 = LINE('',#11051,#11052);
#11051 = CARTESIAN_POINT('',(-23.67219924926,5.714029788971,
    1.907349940211E-07));
#11052 = VECTOR('',#11053,1.);
#11053 = DIRECTION('',(0.66692630777,8.779936007394E-02,0.739932816122)
  );
#11054 = ORIENTED_EDGE('',*,*,#11055,.T.);
#11055 = EDGE_CURVE('',#11048,#11017,#11056,.T.);
#11056 = LINE('',#11057,#11058);
#11057 = CARTESIAN_POINT('',(-23.67219924926,5.714029788971,
    1.907349940211E-07));
#11058 = VECTOR('',#11059,1.);
#11059 = DIRECTION('',(-6.525746220243E-02,0.997868460082,0.));
#11060 = PLANE('',#11061);
#11061 = AXIS2_PLACEMENT_3D('',#11062,#11063,#11064);
#11062 = CARTESIAN_POINT('',(-23.18021591038,5.856996521539,
    0.551464827353));
#11063 = DIRECTION('',(0.739074332503,4.833313933394E-02,-0.671887668199
    ));
#11064 = DIRECTION('',(0.672673841721,-3.469446951954E-18,0.739939120918
    ));
#11065 = ADVANCED_FACE('',(#11066),#11090,.T.);
#11066 = FACE_BOUND('',#11067,.T.);
#11067 = EDGE_LOOP('',(#11068,#11078,#11084));
#11068 = ORIENTED_EDGE('',*,*,#11069,.T.);
#11069 = EDGE_CURVE('',#11070,#11072,#11074,.T.);
#11070 = VERTEX_POINT('',#11071);
#11071 = CARTESIAN_POINT('',(-22.33729934692,3.975480079651,
    1.907349940211E-07));
#11072 = VERTEX_POINT('',#11073);
#11073 = CARTESIAN_POINT('',(-21.92099952697,4.983729839325,
    1.200000047684));
#11074 = LINE('',#11075,#11076);
#11075 = CARTESIAN_POINT('',(-22.33729934692,3.975480079651,
    1.907349940211E-07));
#11076 = VECTOR('',#11077,1.);
#11077 = DIRECTION('',(0.256707675094,0.621728473852,0.739969509067));
#11078 = ORIENTED_EDGE('',*,*,#11079,.F.);
#11079 = EDGE_CURVE('',#10969,#11072,#11080,.T.);
#11080 = LINE('',#11081,#11082);
#11081 = CARTESIAN_POINT('',(-21.78470039367,4.937479972839,
    1.200000047684));
#11082 = VECTOR('',#11083,1.);
#11083 = DIRECTION('',(-0.946967035763,0.321330722431,0.));
#11084 = ORIENTED_EDGE('',*,*,#11085,.T.);
#11085 = EDGE_CURVE('',#10969,#11070,#11086,.T.);
#11086 = LINE('',#11087,#11088);
#11087 = CARTESIAN_POINT('',(-21.78470039367,4.937479972839,
    1.200000047684));
#11088 = VECTOR('',#11089,1.);
#11089 = DIRECTION('',(-0.338133841104,-0.588645195787,-0.734276745496)
  );
#11090 = PLANE('',#11091);
#11091 = AXIS2_PLACEMENT_3D('',#11092,#11093,#11094);
#11092 = CARTESIAN_POINT('',(-22.08469418351,4.488852118893,
    0.625400816853));
#11093 = DIRECTION('',(0.237998288565,0.701384953588,-0.671874959736));
#11094 = DIRECTION('',(1.387778780781E-17,0.691752058278,0.722135091149)
  );
#11095 = ADVANCED_FACE('',(#11096),#11113,.T.);
#11096 = FACE_BOUND('',#11097,.T.);
#11097 = EDGE_LOOP('',(#11098,#11099,#11107));
#11098 = ORIENTED_EDGE('',*,*,#11069,.F.);
#11099 = ORIENTED_EDGE('',*,*,#11100,.T.);
#11100 = EDGE_CURVE('',#11070,#11101,#11103,.T.);
#11101 = VERTEX_POINT('',#11102);
#11102 = CARTESIAN_POINT('',(-22.33839988708,3.975860118866,
    1.907349940211E-07));
#11103 = LINE('',#11104,#11105);
#11104 = CARTESIAN_POINT('',(-22.33729934692,3.975480079651,
    1.907349940211E-07));
#11105 = VECTOR('',#11106,1.);
#11106 = DIRECTION('',(-0.94522926632,0.32640715999,0.));
#11107 = ORIENTED_EDGE('',*,*,#11108,.T.);
#11108 = EDGE_CURVE('',#11101,#11072,#11109,.T.);
#11109 = LINE('',#11110,#11111);
#11110 = CARTESIAN_POINT('',(-22.33839988708,3.975860118866,
    1.907349940211E-07));
#11111 = VECTOR('',#11112,1.);
#11112 = DIRECTION('',(0.257378909293,0.621476247155,0.739948222022));
#11113 = PLANE('',#11114);
#11114 = AXIS2_PLACEMENT_3D('',#11115,#11116,#11117);
#11115 = CARTESIAN_POINT('',(-22.12949936863,4.47951910108,
    0.599784811069));
#11116 = DIRECTION('',(0.241722014366,0.699992985117,-0.671997238505));
#11117 = DIRECTION('',(-1.387778780781E-17,0.692533958809,0.721385275631
    ));
#11118 = ADVANCED_FACE('',(#11119),#11136,.T.);
#11119 = FACE_BOUND('',#11120,.T.);
#11120 = EDGE_LOOP('',(#11121,#11129,#11135));
#11121 = ORIENTED_EDGE('',*,*,#11122,.T.);
#11122 = EDGE_CURVE('',#11101,#11123,#11125,.T.);
#11123 = VERTEX_POINT('',#11124);
#11124 = CARTESIAN_POINT('',(-22.04999923706,5.04736995697,
    1.200000047684));
#11125 = LINE('',#11126,#11127);
#11126 = CARTESIAN_POINT('',(-22.33839988708,3.975860118866,
    1.907349940211E-07));
#11127 = VECTOR('',#11128,1.);
#11128 = DIRECTION('',(0.176455117692,0.655592817059,0.734208178694));
#11129 = ORIENTED_EDGE('',*,*,#11130,.F.);
#11130 = EDGE_CURVE('',#11072,#11123,#11131,.T.);
#11131 = LINE('',#11132,#11133);
#11132 = CARTESIAN_POINT('',(-21.92099952697,4.983729839325,
    1.200000047684));
#11133 = VECTOR('',#11134,1.);
#11134 = DIRECTION('',(-0.896805165756,0.442425693956,0.));
#11135 = ORIENTED_EDGE('',*,*,#11108,.F.);
#11136 = PLANE('',#11137);
#11137 = AXIS2_PLACEMENT_3D('',#11138,#11139,#11140);
#11138 = CARTESIAN_POINT('',(-22.15460480686,4.517757440137,
    0.625384344612));
#11139 = DIRECTION('',(0.327691464132,0.664236733586,-0.671868935202));
#11140 = DIRECTION('',(-2.775557561563E-17,-0.711134366749,
    -0.703056123242));
#11141 = ADVANCED_FACE('',(#11142),#11159,.T.);
#11142 = FACE_BOUND('',#11143,.T.);
#11143 = EDGE_LOOP('',(#11144,#11145,#11153));
#11144 = ORIENTED_EDGE('',*,*,#11122,.F.);
#11145 = ORIENTED_EDGE('',*,*,#11146,.T.);
#11146 = EDGE_CURVE('',#11101,#11147,#11149,.T.);
#11147 = VERTEX_POINT('',#11148);
#11148 = CARTESIAN_POINT('',(-22.59550094604,4.102620124817,
    1.907349940211E-07));
#11149 = LINE('',#11150,#11151);
#11150 = CARTESIAN_POINT('',(-22.33839988708,3.975860118866,
    1.907349940211E-07));
#11151 = VECTOR('',#11152,1.);
#11152 = DIRECTION('',(-0.896911769365,0.442209540801,0.));
#11153 = ORIENTED_EDGE('',*,*,#11154,.T.);
#11154 = EDGE_CURVE('',#11147,#11123,#11155,.T.);
#11155 = LINE('',#11156,#11157);
#11156 = CARTESIAN_POINT('',(-22.59550094604,4.102620124817,
    1.907349940211E-07));
#11157 = VECTOR('',#11158,1.);
#11158 = DIRECTION('',(0.336362833291,0.582543968352,0.739934165529));
#11159 = PLANE('',#11160);
#11160 = AXIS2_PLACEMENT_3D('',#11161,#11162,#11163);
#11161 = CARTESIAN_POINT('',(-22.27511318321,4.502407869718,
    0.551453953897));
#11162 = DIRECTION('',(0.327524318298,0.664301397258,-0.671886504199));
#11163 = DIRECTION('',(0.,-0.711109340353,-0.703081436295));
#11164 = ADVANCED_FACE('',(#11165),#11182,.T.);
#11165 = FACE_BOUND('',#11166,.T.);
#11166 = EDGE_LOOP('',(#11167,#11175,#11176));
#11167 = ORIENTED_EDGE('',*,*,#11168,.T.);
#11168 = EDGE_CURVE('',#11169,#11123,#11171,.T.);
#11169 = VERTEX_POINT('',#11170);
#11170 = CARTESIAN_POINT('',(-22.59639930725,4.103280067444,
    1.907349940211E-07));
#11171 = LINE('',#11172,#11173);
#11172 = CARTESIAN_POINT('',(-22.59639930725,4.103280067444,
    1.907349940211E-07));
#11173 = VECTOR('',#11174,1.);
#11174 = DIRECTION('',(0.336933786577,0.582166435734,0.739971529566));
#11175 = ORIENTED_EDGE('',*,*,#11154,.F.);
#11176 = ORIENTED_EDGE('',*,*,#11177,.T.);
#11177 = EDGE_CURVE('',#11147,#11169,#11178,.T.);
#11178 = LINE('',#11179,#11180);
#11179 = CARTESIAN_POINT('',(-22.59550094604,4.102620124817,
    1.907349940211E-07));
#11180 = VECTOR('',#11181,1.);
#11181 = DIRECTION('',(-0.805915135179,0.592031075949,0.));
#11182 = PLANE('',#11183);
#11183 = AXIS2_PLACEMENT_3D('',#11184,#11185,#11186);
#11184 = CARTESIAN_POINT('',(-22.32306846021,4.574997788932,
    0.599793981949));
#11185 = DIRECTION('',(0.439261998072,0.597954916436,-0.670446727906));
#11186 = DIRECTION('',(-5.551115123126E-17,-0.746301563377,
    -0.665607975088));
#11187 = ADVANCED_FACE('',(#11188),#11205,.T.);
#11188 = FACE_BOUND('',#11189,.T.);
#11189 = EDGE_LOOP('',(#11190,#11191,#11199));
#11190 = ORIENTED_EDGE('',*,*,#11168,.F.);
#11191 = ORIENTED_EDGE('',*,*,#11192,.T.);
#11192 = EDGE_CURVE('',#11169,#11193,#11195,.T.);
#11193 = VERTEX_POINT('',#11194);
#11194 = CARTESIAN_POINT('',(-22.16959953308,5.127309799194,
    1.200000047684));
#11195 = LINE('',#11196,#11197);
#11196 = CARTESIAN_POINT('',(-22.59639930725,4.103280067444,
    1.907349940211E-07));
#11197 = VECTOR('',#11198,1.);
#11198 = DIRECTION('',(0.261158362343,0.626602786411,0.734278733071));
#11199 = ORIENTED_EDGE('',*,*,#11200,.F.);
#11200 = EDGE_CURVE('',#11123,#11193,#11201,.T.);
#11201 = LINE('',#11202,#11203);
#11202 = CARTESIAN_POINT('',(-22.04999923706,5.04736995697,
    1.200000047684));
#11203 = VECTOR('',#11204,1.);
#11204 = DIRECTION('',(-0.831387786048,0.555692675145,0.));
#11205 = PLANE('',#11206);
#11206 = AXIS2_PLACEMENT_3D('',#11207,#11208,#11209);
#11207 = CARTESIAN_POINT('',(-22.34291512412,4.616203229529,
    0.625388024857));
#11208 = DIRECTION('',(0.411584259232,0.615783042247,-0.671870257144));
#11209 = DIRECTION('',(0.,-0.737207714755,-0.675666178898));
#11210 = ADVANCED_FACE('',(#11211),#11228,.T.);
#11211 = FACE_BOUND('',#11212,.T.);
#11212 = EDGE_LOOP('',(#11213,#11214,#11222));
#11213 = ORIENTED_EDGE('',*,*,#11192,.F.);
#11214 = ORIENTED_EDGE('',*,*,#11215,.T.);
#11215 = EDGE_CURVE('',#11169,#11216,#11218,.T.);
#11216 = VERTEX_POINT('',#11217);
#11217 = CARTESIAN_POINT('',(-22.83370018005,4.261839866638,
    1.907349940211E-07));
#11218 = LINE('',#11219,#11220);
#11219 = CARTESIAN_POINT('',(-22.59639930725,4.103280067444,
    1.907349940211E-07));
#11220 = VECTOR('',#11221,1.);
#11221 = DIRECTION('',(-0.83146892404,0.555571263076,0.));
#11222 = ORIENTED_EDGE('',*,*,#11223,.F.);
#11223 = EDGE_CURVE('',#11193,#11216,#11224,.T.);
#11224 = LINE('',#11225,#11226);
#11225 = CARTESIAN_POINT('',(-22.16959953308,5.127309799194,
    1.200000047684));
#11226 = VECTOR('',#11227,1.);
#11227 = DIRECTION('',(-0.40949674453,-0.533664771275,-0.73994211133));
#11228 = PLANE('',#11229);
#11229 = AXIS2_PLACEMENT_3D('',#11230,#11231,#11232);
#11230 = CARTESIAN_POINT('',(-22.46409384642,4.616726475246,
    0.551646500327));
#11231 = DIRECTION('',(0.411488997227,0.615835152963,-0.671880844746));
#11232 = DIRECTION('',(2.775557561563E-17,-0.737184538072,
    -0.675691465706));
#11233 = ADVANCED_FACE('',(#11234),#11258,.T.);
#11234 = FACE_BOUND('',#11235,.T.);
#11235 = EDGE_LOOP('',(#11236,#11246,#11252));
#11236 = ORIENTED_EDGE('',*,*,#11237,.T.);
#11237 = EDGE_CURVE('',#11238,#11240,#11242,.T.);
#11238 = VERTEX_POINT('',#11239);
#11239 = CARTESIAN_POINT('',(-23.04829978942,4.450009822845,
    1.907349940211E-07));
#11240 = VERTEX_POINT('',#11241);
#11241 = CARTESIAN_POINT('',(-22.27779960632,5.222179889679,
    1.200000047684));
#11242 = LINE('',#11243,#11244);
#11243 = CARTESIAN_POINT('',(-23.04829978942,4.450009822845,
    1.907349940211E-07));
#11244 = VECTOR('',#11245,1.);
#11245 = DIRECTION('',(0.475118281571,0.476147992277,0.739963315285));
#11246 = ORIENTED_EDGE('',*,*,#11247,.F.);
#11247 = EDGE_CURVE('',#11193,#11240,#11248,.T.);
#11248 = LINE('',#11249,#11250);
#11249 = CARTESIAN_POINT('',(-22.16959953308,5.127309799194,
    1.200000047684));
#11250 = VECTOR('',#11251,1.);
#11251 = DIRECTION('',(-0.751904660699,0.659271856838,0.));
#11252 = ORIENTED_EDGE('',*,*,#11253,.T.);
#11253 = EDGE_CURVE('',#11193,#11238,#11254,.T.);
#11254 = LINE('',#11255,#11256);
#11255 = CARTESIAN_POINT('',(-22.16959953308,5.127309799194,
    1.200000047684));
#11256 = VECTOR('',#11257,1.);
#11257 = DIRECTION('',(-0.537670341501,-0.414434964542,-0.734271246908)
  );
#11258 = PLANE('',#11259);
#11259 = AXIS2_PLACEMENT_3D('',#11260,#11261,#11262);
#11260 = CARTESIAN_POINT('',(-22.61844886873,4.827627005705,
    0.625395390033));
#11261 = DIRECTION('',(0.488295645786,0.556904967287,-0.671881105343));
#11262 = DIRECTION('',(0.,-0.76990699633,-0.638156107079));
#11263 = ADVANCED_FACE('',(#11264),#11281,.T.);
#11264 = FACE_BOUND('',#11265,.T.);
#11265 = EDGE_LOOP('',(#11266,#11267,#11275));
#11266 = ORIENTED_EDGE('',*,*,#11237,.F.);
#11267 = ORIENTED_EDGE('',*,*,#11268,.T.);
#11268 = EDGE_CURVE('',#11238,#11269,#11271,.T.);
#11269 = VERTEX_POINT('',#11270);
#11270 = CARTESIAN_POINT('',(-23.04920005798,4.450789928436,
    1.907349940211E-07));
#11271 = LINE('',#11272,#11273);
#11272 = CARTESIAN_POINT('',(-23.04829978942,4.450009822845,
    1.907349940211E-07));
#11273 = VECTOR('',#11274,1.);
#11274 = DIRECTION('',(-0.755741910091,0.654869578872,0.));
#11275 = ORIENTED_EDGE('',*,*,#11276,.F.);
#11276 = EDGE_CURVE('',#11240,#11269,#11277,.T.);
#11277 = LINE('',#11278,#11279);
#11278 = CARTESIAN_POINT('',(-22.27779960632,5.222179889679,
    1.200000047684));
#11279 = VECTOR('',#11280,1.);
#11280 = DIRECTION('',(-0.475656781914,-0.47565031337,-0.739937433308));
#11281 = PLANE('',#11282);
#11282 = AXIS2_PLACEMENT_3D('',#11283,#11284,#11285);
#11283 = CARTESIAN_POINT('',(-22.6634162919,4.836148210804,
    0.599779835845));
#11284 = DIRECTION('',(0.485121344026,0.559846636874,-0.671735829587));
#11285 = DIRECTION('',(2.775557561563E-17,-0.768183720733,
    -0.640229467614));
#11286 = ADVANCED_FACE('',(#11287),#11304,.T.);
#11287 = FACE_BOUND('',#11288,.T.);
#11288 = EDGE_LOOP('',(#11289,#11297,#11298));
#11289 = ORIENTED_EDGE('',*,*,#11290,.T.);
#11290 = EDGE_CURVE('',#11291,#11240,#11293,.T.);
#11291 = VERTEX_POINT('',#11292);
#11292 = CARTESIAN_POINT('',(-23.04999923706,4.451690196991,
    1.907349940211E-07));
#11293 = LINE('',#11294,#11295);
#11294 = CARTESIAN_POINT('',(-23.04999923706,4.451690196991,
    1.907349940211E-07));
#11295 = VECTOR('',#11296,1.);
#11296 = DIRECTION('',(0.4761635526,0.475109148863,0.739959166334));
#11297 = ORIENTED_EDGE('',*,*,#11276,.T.);
#11298 = ORIENTED_EDGE('',*,*,#11299,.T.);
#11299 = EDGE_CURVE('',#11269,#11291,#11300,.T.);
#11300 = LINE('',#11301,#11302);
#11301 = CARTESIAN_POINT('',(-23.04920005798,4.450789928436,
    1.907349940211E-07));
#11302 = VECTOR('',#11303,1.);
#11303 = DIRECTION('',(-0.663871978503,0.747846238313,0.));
#11304 = PLANE('',#11305);
#11305 = AXIS2_PLACEMENT_3D('',#11306,#11307,#11308);
#11306 = CARTESIAN_POINT('',(-22.6638427978,4.836566958653,
    0.599777511606));
#11307 = DIRECTION('',(0.553801272922,0.491615960583,-0.672025220814));
#11308 = DIRECTION('',(-0.771722402387,0.,-0.635959537749));
#11309 = ADVANCED_FACE('',(#11310),#11327,.T.);
#11310 = FACE_BOUND('',#11311,.T.);
#11311 = EDGE_LOOP('',(#11312,#11313,#11321));
#11312 = ORIENTED_EDGE('',*,*,#11290,.F.);
#11313 = ORIENTED_EDGE('',*,*,#11314,.T.);
#11314 = EDGE_CURVE('',#11291,#11315,#11317,.T.);
#11315 = VERTEX_POINT('',#11316);
#11316 = CARTESIAN_POINT('',(-22.37269973754,5.33035993576,
    1.200000047684));
#11317 = LINE('',#11318,#11319);
#11318 = CARTESIAN_POINT('',(-23.04999923706,4.451690196991,
    1.907349940211E-07));
#11319 = VECTOR('',#11320,1.);
#11320 = DIRECTION('',(0.414438883873,0.537657131137,0.734278707897));
#11321 = ORIENTED_EDGE('',*,*,#11322,.F.);
#11322 = EDGE_CURVE('',#11240,#11315,#11323,.T.);
#11323 = LINE('',#11324,#11325);
#11324 = CARTESIAN_POINT('',(-22.27779960632,5.222179889679,
    1.200000047684));
#11325 = VECTOR('',#11326,1.);
#11326 = DIRECTION('',(-0.659458843897,0.751740668852,0.));
#11327 = PLANE('',#11328);
#11328 = AXIS2_PLACEMENT_3D('',#11329,#11330,#11331);
#11329 = CARTESIAN_POINT('',(-22.67237380432,4.881530799216,
    0.625396249097));
#11330 = DIRECTION('',(0.556775943369,0.488427505837,-0.671892194051));
#11331 = DIRECTION('',(-0.769984812739,0.,-0.638062213386));
#11332 = ADVANCED_FACE('',(#11333),#11343,.T.);
#11333 = FACE_BOUND('',#11334,.T.);
#11334 = EDGE_LOOP('',(#11335,#11336,#11342));
#11335 = ORIENTED_EDGE('',*,*,#11223,.T.);
#11336 = ORIENTED_EDGE('',*,*,#11337,.T.);
#11337 = EDGE_CURVE('',#11216,#11238,#11338,.T.);
#11338 = LINE('',#11339,#11340);
#11339 = CARTESIAN_POINT('',(-22.83370018005,4.261839866638,
    1.907349940211E-07));
#11340 = VECTOR('',#11341,1.);
#11341 = DIRECTION('',(-0.75188991393,0.659288675263,0.));
#11342 = ORIENTED_EDGE('',*,*,#11253,.F.);
#11343 = PLANE('',#11344);
#11344 = AXIS2_PLACEMENT_3D('',#11345,#11346,#11347);
#11345 = CARTESIAN_POINT('',(-22.58657410085,4.7106997222,0.551644541808
    ));
#11346 = DIRECTION('',(0.488307132459,0.556892938665,-0.671882727307));
#11347 = DIRECTION('',(-2.775557561563E-17,-0.769914525392,
    -0.638147023491));
#11348 = ADVANCED_FACE('',(#11349),#11366,.T.);
#11349 = FACE_BOUND('',#11350,.T.);
#11350 = EDGE_LOOP('',(#11351,#11352,#11360));
#11351 = ORIENTED_EDGE('',*,*,#11314,.F.);
#11352 = ORIENTED_EDGE('',*,*,#11353,.T.);
#11353 = EDGE_CURVE('',#11291,#11354,#11356,.T.);
#11354 = VERTEX_POINT('',#11355);
#11355 = CARTESIAN_POINT('',(-23.238199234,4.666259765625,
    1.907349940211E-07));
#11356 = LINE('',#11357,#11358);
#11357 = CARTESIAN_POINT('',(-23.04999923706,4.451690196991,
    1.907349940211E-07));
#11358 = VECTOR('',#11359,1.);
#11359 = DIRECTION('',(-0.659400348256,0.751791979685,0.));
#11360 = ORIENTED_EDGE('',*,*,#11361,.F.);
#11361 = EDGE_CURVE('',#11315,#11354,#11362,.T.);
#11362 = LINE('',#11363,#11364);
#11363 = CARTESIAN_POINT('',(-22.37269973754,5.33035993576,
    1.200000047684));
#11364 = VECTOR('',#11365,1.);
#11365 = DIRECTION('',(-0.53367787322,-0.409492516001,-0.739935001858));
#11366 = PLANE('',#11367);
#11367 = AXIS2_PLACEMENT_3D('',#11368,#11369,#11370);
#11368 = CARTESIAN_POINT('',(-22.789317804,4.913394524229,0.551644960659
    ));
#11369 = DIRECTION('',(0.556817790302,0.488387552358,-0.671886558211));
#11370 = DIRECTION('',(-0.769958622424,0.,-0.638093817361));
#11371 = ADVANCED_FACE('',(#11372),#11396,.T.);
#11372 = FACE_BOUND('',#11373,.T.);
#11373 = EDGE_LOOP('',(#11374,#11384,#11390));
#11374 = ORIENTED_EDGE('',*,*,#11375,.T.);
#11375 = EDGE_CURVE('',#11376,#11378,#11380,.T.);
#11376 = VERTEX_POINT('',#11377);
#11377 = CARTESIAN_POINT('',(-23.39669990539,4.903560161591,
    1.907349940211E-07));
#11378 = VERTEX_POINT('',#11379);
#11379 = CARTESIAN_POINT('',(-22.45260047912,5.449999809265,
    1.200000047684));
#11380 = LINE('',#11381,#11382);
#11381 = CARTESIAN_POINT('',(-23.39669990539,4.903560161591,
    1.907349940211E-07));
#11382 = VECTOR('',#11383,1.);
#11383 = DIRECTION('',(0.582165536157,0.33695426733,0.739962911395));
#11384 = ORIENTED_EDGE('',*,*,#11385,.F.);
#11385 = EDGE_CURVE('',#11315,#11378,#11386,.T.);
#11386 = LINE('',#11387,#11388);
#11387 = CARTESIAN_POINT('',(-22.37269973754,5.33035993576,
    1.200000047684));
#11388 = VECTOR('',#11389,1.);
#11389 = DIRECTION('',(-0.555377683916,0.831598237256,0.));
#11390 = ORIENTED_EDGE('',*,*,#11391,.F.);
#11391 = EDGE_CURVE('',#11376,#11315,#11392,.T.);
#11392 = LINE('',#11393,#11394);
#11393 = CARTESIAN_POINT('',(-23.39669990539,4.903560161591,
    1.907349940211E-07));
#11394 = VECTOR('',#11395,1.);
#11395 = DIRECTION('',(0.626591798845,0.261161322665,0.734287056378));
#11396 = PLANE('',#11397);
#11397 = AXIS2_PLACEMENT_3D('',#11398,#11399,#11400);
#11398 = CARTESIAN_POINT('',(-22.88378066994,5.157055716273,
    0.625389912833));
#11399 = DIRECTION('',(0.615924489316,0.411341319664,-0.671889382412));
#11400 = DIRECTION('',(-0.737139992148,-5.551115123126E-17,
    -0.675740062432));
#11401 = ADVANCED_FACE('',(#11402),#11412,.T.);
#11402 = FACE_BOUND('',#11403,.T.);
#11403 = EDGE_LOOP('',(#11404,#11405,#11411));
#11404 = ORIENTED_EDGE('',*,*,#11361,.T.);
#11405 = ORIENTED_EDGE('',*,*,#11406,.T.);
#11406 = EDGE_CURVE('',#11354,#11376,#11407,.T.);
#11407 = LINE('',#11408,#11409);
#11408 = CARTESIAN_POINT('',(-23.238199234,4.666259765625,
    1.907349940211E-07));
#11409 = VECTOR('',#11410,1.);
#11410 = DIRECTION('',(-0.555428781271,0.831564109938,0.));
#11411 = ORIENTED_EDGE('',*,*,#11391,.T.);
#11412 = PLANE('',#11413);
#11413 = AXIS2_PLACEMENT_3D('',#11414,#11415,#11416);
#11414 = CARTESIAN_POINT('',(-22.88327858398,5.035867517027,
    0.551651638325));
#11415 = DIRECTION('',(0.615902568477,0.411381406319,-0.671884934106));
#11416 = DIRECTION('',(-0.737149743307,0.,-0.675729425098));
#11417 = ADVANCED_FACE('',(#11418),#11435,.T.);
#11418 = FACE_BOUND('',#11419,.T.);
#11419 = EDGE_LOOP('',(#11420,#11421,#11429));
#11420 = ORIENTED_EDGE('',*,*,#11375,.F.);
#11421 = ORIENTED_EDGE('',*,*,#11422,.T.);
#11422 = EDGE_CURVE('',#11376,#11423,#11425,.T.);
#11423 = VERTEX_POINT('',#11424);
#11424 = CARTESIAN_POINT('',(-23.39739990234,4.904550075531,
    1.907349940211E-07));
#11425 = LINE('',#11426,#11427);
#11426 = CARTESIAN_POINT('',(-23.39669990539,4.903560161591,
    1.907349940211E-07));
#11427 = VECTOR('',#11428,1.);
#11428 = DIRECTION('',(-0.57736241478,0.816487992563,0.));
#11429 = ORIENTED_EDGE('',*,*,#11430,.F.);
#11430 = EDGE_CURVE('',#11378,#11423,#11431,.T.);
#11431 = LINE('',#11432,#11433);
#11432 = CARTESIAN_POINT('',(-22.45260047912,5.449999809265,
    1.200000047684));
#11433 = VECTOR('',#11434,1.);
#11434 = DIRECTION('',(-0.582570448817,-0.3363284189,-0.739928960648));
#11435 = PLANE('',#11436);
#11436 = AXIS2_PLACEMENT_3D('',#11437,#11438,#11439);
#11437 = CARTESIAN_POINT('',(-22.92500164598,5.176925471324,
    0.599775924516));
#11438 = DIRECTION('',(0.605298090022,0.42802389029,-0.671125749436));
#11439 = DIRECTION('',(-0.742586792388,0.,-0.669749845667));
#11440 = ADVANCED_FACE('',(#11441),#11458,.T.);
#11441 = FACE_BOUND('',#11442,.T.);
#11442 = EDGE_LOOP('',(#11443,#11451,#11457));
#11443 = ORIENTED_EDGE('',*,*,#11444,.T.);
#11444 = EDGE_CURVE('',#11423,#11445,#11447,.T.);
#11445 = VERTEX_POINT('',#11446);
#11446 = CARTESIAN_POINT('',(-22.51630020141,5.579050064087,
    1.200000047684));
#11447 = LINE('',#11448,#11449);
#11448 = CARTESIAN_POINT('',(-23.39739990234,4.904550075531,
    1.907349940211E-07));
#11449 = VECTOR('',#11450,1.);
#11450 = DIRECTION('',(0.539094390859,0.412687871852,0.734211112808));
#11451 = ORIENTED_EDGE('',*,*,#11452,.F.);
#11452 = EDGE_CURVE('',#11378,#11445,#11453,.T.);
#11453 = LINE('',#11454,#11455);
#11454 = CARTESIAN_POINT('',(-22.45260047912,5.449999809265,
    1.200000047684));
#11455 = VECTOR('',#11456,1.);
#11456 = DIRECTION('',(-0.442619429381,0.8967095632,0.));
#11457 = ORIENTED_EDGE('',*,*,#11430,.T.);
#11458 = PLANE('',#11459);
#11459 = AXIS2_PLACEMENT_3D('',#11460,#11461,#11462);
#11460 = CARTESIAN_POINT('',(-22.92166315935,5.222566490237,
    0.625396195946));
#11461 = DIRECTION('',(0.664136753146,0.32782055949,-0.671904795262));
#11462 = DIRECTION('',(-0.711206035843,-2.775557561563E-17,
    -0.702983623266));
#11463 = ADVANCED_FACE('',(#11464),#11481,.T.);
#11464 = FACE_BOUND('',#11465,.T.);
#11465 = EDGE_LOOP('',(#11466,#11467,#11475));
#11466 = ORIENTED_EDGE('',*,*,#11444,.F.);
#11467 = ORIENTED_EDGE('',*,*,#11468,.T.);
#11468 = EDGE_CURVE('',#11423,#11469,#11471,.T.);
#11469 = VERTEX_POINT('',#11470);
#11470 = CARTESIAN_POINT('',(-23.52409934997,5.161580085754,
    1.907349940211E-07));
#11471 = LINE('',#11472,#11473);
#11472 = CARTESIAN_POINT('',(-23.39739990234,4.904550075531,
    1.907349940211E-07));
#11473 = VECTOR('',#11474,1.);
#11474 = DIRECTION('',(-0.442137873571,0.89694710031,0.));
#11475 = ORIENTED_EDGE('',*,*,#11476,.F.);
#11476 = EDGE_CURVE('',#11445,#11469,#11477,.T.);
#11477 = LINE('',#11478,#11479);
#11478 = CARTESIAN_POINT('',(-22.51630020141,5.579050064087,
    1.200000047684));
#11479 = VECTOR('',#11480,1.);
#11480 = DIRECTION('',(-0.621442670075,-0.257425954747,-0.739960056781)
  );
#11481 = PLANE('',#11482);
#11482 = AXIS2_PLACEMENT_3D('',#11483,#11484,#11485);
#11483 = CARTESIAN_POINT('',(-23.02660881147,5.283745366868,
    0.551467174507));
#11484 = DIRECTION('',(0.664344505934,0.327479588341,-0.671865683493));
#11485 = DIRECTION('',(-0.711075635947,-2.775557561563E-17,
    -0.703115523909));
#11486 = ADVANCED_FACE('',(#11487),#11511,.T.);
#11487 = FACE_BOUND('',#11488,.T.);
#11488 = EDGE_LOOP('',(#11489,#11497,#11505));
#11489 = ORIENTED_EDGE('',*,*,#11490,.T.);
#11490 = EDGE_CURVE('',#11445,#11491,#11493,.T.);
#11491 = VERTEX_POINT('',#11492);
#11492 = CARTESIAN_POINT('',(-23.52449989318,5.162700176239,
    1.907349940211E-07));
#11493 = LINE('',#11494,#11495);
#11494 = CARTESIAN_POINT('',(-22.51630020141,5.579050064087,
    1.200000047684));
#11495 = VECTOR('',#11496,1.);
#11496 = DIRECTION('',(-0.621704605742,-0.256741442184,-0.739977847685)
  );
#11497 = ORIENTED_EDGE('',*,*,#11498,.T.);
#11498 = EDGE_CURVE('',#11491,#11499,#11501,.T.);
#11499 = VERTEX_POINT('',#11500);
#11500 = CARTESIAN_POINT('',(-22.5625,5.71530008316,1.200000047684));
#11501 = LINE('',#11502,#11503);
#11502 = CARTESIAN_POINT('',(-23.52449989318,5.162700176239,
    1.907349940211E-07));
#11503 = VECTOR('',#11504,1.);
#11504 = DIRECTION('',(0.588645079637,0.338134357935,0.73427660061));
#11505 = ORIENTED_EDGE('',*,*,#11506,.F.);
#11506 = EDGE_CURVE('',#11445,#11499,#11507,.T.);
#11507 = LINE('',#11508,#11509);
#11508 = CARTESIAN_POINT('',(-22.51630020141,5.579050064087,
    1.200000047684));
#11509 = VECTOR('',#11510,1.);
#11510 = DIRECTION('',(-0.321122517447,0.947037659646,0.));
#11511 = PLANE('',#11512);
#11512 = AXIS2_PLACEMENT_3D('',#11513,#11514,#11515);
#11513 = CARTESIAN_POINT('',(-23.01114949314,5.415314562009,
    0.625390371911));
#11514 = DIRECTION('',(0.70145087777,0.237848695287,-0.671859110399));
#11515 = DIRECTION('',(0.691709643138,-1.387778780781E-17,0.72217571933)
  );
#11516 = ADVANCED_FACE('',(#11517),#11527,.T.);
#11517 = FACE_BOUND('',#11518,.T.);
#11518 = EDGE_LOOP('',(#11519,#11520,#11521));
#11519 = ORIENTED_EDGE('',*,*,#11490,.F.);
#11520 = ORIENTED_EDGE('',*,*,#11476,.T.);
#11521 = ORIENTED_EDGE('',*,*,#11522,.T.);
#11522 = EDGE_CURVE('',#11469,#11491,#11523,.T.);
#11523 = LINE('',#11524,#11525);
#11524 = CARTESIAN_POINT('',(-23.52409934997,5.161580085754,
    1.907349940211E-07));
#11525 = VECTOR('',#11526,1.);
#11526 = DIRECTION('',(-0.336717271378,0.941605798175,0.));
#11527 = PLANE('',#11528);
#11528 = AXIS2_PLACEMENT_3D('',#11529,#11530,#11531);
#11529 = CARTESIAN_POINT('',(-23.0204846913,5.370518668502,
    0.599780141723));
#11530 = DIRECTION('',(0.697133678016,0.249294290979,-0.672203087958));
#11531 = DIRECTION('',(0.694117935193,0.,0.71986130056));
#11532 = ADVANCED_FACE('',(#11533),#11550,.T.);
#11533 = FACE_BOUND('',#11534,.T.);
#11534 = EDGE_LOOP('',(#11535,#11536,#11544));
#11535 = ORIENTED_EDGE('',*,*,#11498,.F.);
#11536 = ORIENTED_EDGE('',*,*,#11537,.T.);
#11537 = EDGE_CURVE('',#11491,#11538,#11540,.T.);
#11538 = VERTEX_POINT('',#11539);
#11539 = CARTESIAN_POINT('',(-23.61630058288,5.432950019836,
    1.907349940211E-07));
#11540 = LINE('',#11541,#11542);
#11541 = CARTESIAN_POINT('',(-23.52449989318,5.162700176239,
    1.907349940211E-07));
#11542 = VECTOR('',#11543,1.);
#11543 = DIRECTION('',(-0.321638102483,0.946862678022,0.));
#11544 = ORIENTED_EDGE('',*,*,#11545,.F.);
#11545 = EDGE_CURVE('',#11499,#11538,#11546,.T.);
#11546 = LINE('',#11547,#11548);
#11547 = CARTESIAN_POINT('',(-22.5625,5.71530008316,1.200000047684));
#11548 = VECTOR('',#11549,1.);
#11549 = DIRECTION('',(-0.649774485248,-0.174097329263,-0.73992110273));
#11550 = PLANE('',#11551);
#11551 = AXIS2_PLACEMENT_3D('',#11552,#11553,#11554);
#11552 = CARTESIAN_POINT('',(-23.10698393166,5.48950207345,0.55164462039
    ));
#11553 = DIRECTION('',(0.701287367882,0.23821906126,-0.671898583494));
#11554 = DIRECTION('',(0.691814932907,-1.387778780781E-17,0.722074856651
    ));
#11555 = ADVANCED_FACE('',(#11556),#11571,.T.);
#11556 = FACE_BOUND('',#11557,.T.);
#11557 = EDGE_LOOP('',(#11558,#11564,#11565));
#11558 = ORIENTED_EDGE('',*,*,#11559,.T.);
#11559 = EDGE_CURVE('',#11499,#11048,#11560,.T.);
#11560 = LINE('',#11561,#11562);
#11561 = CARTESIAN_POINT('',(-22.5625,5.71530008316,1.200000047684));
#11562 = VECTOR('',#11563,1.);
#11563 = DIRECTION('',(-0.678942652201,-7.771987830322E-04,
    -0.734190895466));
#11564 = ORIENTED_EDGE('',*,*,#11047,.T.);
#11565 = ORIENTED_EDGE('',*,*,#11566,.F.);
#11566 = EDGE_CURVE('',#11499,#11015,#11567,.T.);
#11567 = LINE('',#11568,#11569);
#11568 = CARTESIAN_POINT('',(-22.5625,5.71530008316,1.200000047684));
#11569 = VECTOR('',#11570,1.);
#11570 = DIRECTION('',(-0.195281217381,0.980747289641,0.));
#11571 = PLANE('',#11572);
#11572 = AXIS2_PLACEMENT_3D('',#11573,#11574,#11575);
#11573 = CARTESIAN_POINT('',(-23.10116463408,5.751333222835,
    0.625391681383));
#11574 = DIRECTION('',(0.726394734077,0.144635880688,-0.671886264425));
#11575 = DIRECTION('',(0.679026260972,0.,0.734113980871));
#11576 = ADVANCED_FACE('',(#11577),#11594,.T.);
#11577 = FACE_BOUND('',#11578,.T.);
#11578 = EDGE_LOOP('',(#11579,#11580,#11588));
#11579 = ORIENTED_EDGE('',*,*,#11559,.F.);
#11580 = ORIENTED_EDGE('',*,*,#11581,.T.);
#11581 = EDGE_CURVE('',#11499,#11582,#11584,.T.);
#11582 = VERTEX_POINT('',#11583);
#11583 = CARTESIAN_POINT('',(-23.67189979553,5.712860107422,
    1.907349940211E-07));
#11584 = LINE('',#11585,#11586);
#11585 = CARTESIAN_POINT('',(-22.5625,5.71530008316,1.200000047684));
#11586 = VECTOR('',#11587,1.);
#11587 = DIRECTION('',(-0.678843323386,-1.493024648095E-03,
    -0.734281630692));
#11588 = ORIENTED_EDGE('',*,*,#11589,.T.);
#11589 = EDGE_CURVE('',#11582,#11048,#11590,.T.);
#11590 = LINE('',#11591,#11592);
#11591 = CARTESIAN_POINT('',(-23.67189979553,5.712860107422,
    1.907349940211E-07));
#11592 = VECTOR('',#11593,1.);
#11593 = DIRECTION('',(-0.248014270654,0.968756378845,0.));
#11594 = PLANE('',#11595);
#11595 = AXIS2_PLACEMENT_3D('',#11596,#11597,#11598);
#11596 = CARTESIAN_POINT('',(-23.11747961489,5.714372191238,
    0.599778570865));
#11597 = DIRECTION('',(0.721461364218,0.184703520903,-0.667366547938));
#11598 = DIRECTION('',(0.679050089299,0.,0.734091939897));
#11599 = ADVANCED_FACE('',(#11600),#11610,.T.);
#11600 = FACE_BOUND('',#11601,.T.);
#11601 = EDGE_LOOP('',(#11602,#11603,#11609));
#11602 = ORIENTED_EDGE('',*,*,#11545,.T.);
#11603 = ORIENTED_EDGE('',*,*,#11604,.T.);
#11604 = EDGE_CURVE('',#11538,#11582,#11605,.T.);
#11605 = LINE('',#11606,#11607);
#11606 = CARTESIAN_POINT('',(-23.61630058288,5.432950019836,
    1.907349940211E-07));
#11607 = VECTOR('',#11608,1.);
#11608 = DIRECTION('',(-0.194826164351,0.980837787651,0.));
#11609 = ORIENTED_EDGE('',*,*,#11581,.F.);
#11610 = PLANE('',#11611);
#11611 = AXIS2_PLACEMENT_3D('',#11612,#11613,#11614);
#11612 = CARTESIAN_POINT('',(-23.14692828864,5.638611385949,
    0.551650311658));
#11613 = DIRECTION('',(0.726451514017,0.144296808141,-0.671897781618));
#11614 = DIRECTION('',(0.679003930023,1.387778780781E-17,0.734134635481)
  );
#11615 = ADVANCED_FACE('',(#11616),#11633,.T.);
#11616 = FACE_BOUND('',#11617,.T.);
#11617 = EDGE_LOOP('',(#11618,#11626,#11632));
#11618 = ORIENTED_EDGE('',*,*,#11619,.T.);
#11619 = EDGE_CURVE('',#10969,#11620,#11622,.T.);
#11620 = VERTEX_POINT('',#11621);
#11621 = CARTESIAN_POINT('',(-22.06699943542,3.883739948273,
    1.907349940211E-07));
#11622 = LINE('',#11623,#11624);
#11623 = CARTESIAN_POINT('',(-21.78470039367,4.937479972839,
    1.200000047684));
#11624 = VECTOR('',#11625,1.);
#11625 = DIRECTION('',(-0.17407104603,-0.649756468121,-0.739943107995));
#11626 = ORIENTED_EDGE('',*,*,#11627,.T.);
#11627 = EDGE_CURVE('',#11620,#11070,#11628,.T.);
#11628 = LINE('',#11629,#11630);
#11629 = CARTESIAN_POINT('',(-22.06699943542,3.883739948273,
    1.907349940211E-07));
#11630 = VECTOR('',#11631,1.);
#11631 = DIRECTION('',(-0.946945403497,0.321394466032,0.));
#11632 = ORIENTED_EDGE('',*,*,#11085,.F.);
#11633 = PLANE('',#11634);
#11634 = AXIS2_PLACEMENT_3D('',#11635,#11636,#11637);
#11635 = CARTESIAN_POINT('',(-22.01048706653,4.393008446309,
    0.551639605436));
#11636 = DIRECTION('',(0.238044078259,0.701364738852,-0.671879840373));
#11637 = DIRECTION('',(0.,0.691765075546,0.722122621343));
#11638 = ADVANCED_FACE('',(#11639),#11649,.T.);
#11639 = FACE_BOUND('',#11640,.T.);
#11640 = EDGE_LOOP('',(#11641,#11642,#11648));
#11641 = ORIENTED_EDGE('',*,*,#11000,.T.);
#11642 = ORIENTED_EDGE('',*,*,#11643,.T.);
#11643 = EDGE_CURVE('',#10993,#11620,#11644,.T.);
#11644 = LINE('',#11645,#11646);
#11645 = CARTESIAN_POINT('',(-21.78709983825,3.828069925308,
    1.907349940211E-07));
#11646 = VECTOR('',#11647,1.);
#11647 = DIRECTION('',(-0.98078894675,0.195071889139,0.));
#11648 = ORIENTED_EDGE('',*,*,#11619,.F.);
#11649 = PLANE('',#11650);
#11650 = AXIS2_PLACEMENT_3D('',#11651,#11652,#11653);
#11651 = CARTESIAN_POINT('',(-21.86136340746,4.353063992647,
    0.55164919979));
#11652 = DIRECTION('',(0.144481884517,0.726430835138,-0.671880366439));
#11653 = DIRECTION('',(-1.387778780781E-17,0.679004861839,0.73413377364)
  );
#11654 = ADVANCED_FACE('',(#11655),#11672,.T.);
#11655 = FACE_BOUND('',#11656,.T.);
#11656 = EDGE_LOOP('',(#11657,#11665,#11671));
#11657 = ORIENTED_EDGE('',*,*,#11658,.T.);
#11658 = EDGE_CURVE('',#11017,#11659,#11661,.T.);
#11659 = VERTEX_POINT('',#11660);
#11660 = CARTESIAN_POINT('',(-22.59059906005,6.143579959869,
    1.200000047684));
#11661 = LINE('',#11662,#11663);
#11662 = CARTESIAN_POINT('',(-23.69090080261,6.,1.907349940211E-07));
#11663 = VECTOR('',#11664,1.);
#11664 = DIRECTION('',(0.673212533966,8.784847362507E-02,0.734212183087)
  );
#11665 = ORIENTED_EDGE('',*,*,#11666,.F.);
#11666 = EDGE_CURVE('',#11025,#11659,#11667,.T.);
#11667 = LINE('',#11668,#11669);
#11668 = CARTESIAN_POINT('',(-22.60000038147,6.,1.200000047684));
#11669 = VECTOR('',#11670,1.);
#11670 = DIRECTION('',(6.533803574754E-02,0.997863187559,0.));
#11671 = ORIENTED_EDGE('',*,*,#11024,.F.);
#11672 = PLANE('',#11673);
#11673 = AXIS2_PLACEMENT_3D('',#11674,#11675,#11676);
#11674 = CARTESIAN_POINT('',(-23.11990895334,6.037547672587,
    0.62539172146));
#11675 = DIRECTION('',(0.739075751171,-4.839316496714E-02,
    -0.671881786935));
#11676 = DIRECTION('',(0.672669910932,0.,0.739942694354));
#11677 = ADVANCED_FACE('',(#11678),#11695,.T.);
#11678 = FACE_BOUND('',#11679,.T.);
#11679 = EDGE_LOOP('',(#11680,#11681,#11689));
#11680 = ORIENTED_EDGE('',*,*,#11658,.F.);
#11681 = ORIENTED_EDGE('',*,*,#11682,.T.);
#11682 = EDGE_CURVE('',#11017,#11683,#11685,.T.);
#11683 = VERTEX_POINT('',#11684);
#11684 = CARTESIAN_POINT('',(-23.67219924926,6.285970211029,
    1.907349940211E-07));
#11685 = LINE('',#11686,#11687);
#11686 = CARTESIAN_POINT('',(-23.69090080261,6.,1.907349940211E-07));
#11687 = VECTOR('',#11688,1.);
#11688 = DIRECTION('',(6.525746220243E-02,0.997868460082,0.));
#11689 = ORIENTED_EDGE('',*,*,#11690,.T.);
#11690 = EDGE_CURVE('',#11683,#11659,#11691,.T.);
#11691 = LINE('',#11692,#11693);
#11692 = CARTESIAN_POINT('',(-23.67219924926,6.285970211029,
    1.907349940211E-07));
#11693 = VECTOR('',#11694,1.);
#11694 = DIRECTION('',(0.66692630777,-8.779936007394E-02,0.739932816122)
  );
#11695 = PLANE('',#11696);
#11696 = AXIS2_PLACEMENT_3D('',#11697,#11698,#11699);
#11697 = CARTESIAN_POINT('',(-23.18021591038,6.143003478461,
    0.551464827353));
#11698 = DIRECTION('',(0.739074332503,-4.833313933394E-02,
    -0.671887668199));
#11699 = DIRECTION('',(0.672673841721,0.,0.739939120918));
#11700 = ADVANCED_FACE('',(#11701),#11716,.T.);
#11701 = FACE_BOUND('',#11702,.T.);
#11702 = EDGE_LOOP('',(#11703,#11709,#11715));
#11703 = ORIENTED_EDGE('',*,*,#11704,.T.);
#11704 = EDGE_CURVE('',#9291,#11683,#11705,.T.);
#11705 = LINE('',#11706,#11707);
#11706 = CARTESIAN_POINT('',(-22.5625,6.28469991684,1.200000047684));
#11707 = VECTOR('',#11708,1.);
#11708 = DIRECTION('',(-0.678942652201,7.771987830322E-04,
    -0.734190895466));
#11709 = ORIENTED_EDGE('',*,*,#11710,.T.);
#11710 = EDGE_CURVE('',#11683,#9337,#11711,.T.);
#11711 = LINE('',#11712,#11713);
#11712 = CARTESIAN_POINT('',(-23.67219924926,6.285970211029,
    1.907349940211E-07));
#11713 = VECTOR('',#11714,1.);
#11714 = DIRECTION('',(0.248014270654,0.968756378845,0.));
#11715 = ORIENTED_EDGE('',*,*,#9336,.F.);
#11716 = PLANE('',#11717);
#11717 = AXIS2_PLACEMENT_3D('',#11718,#11719,#11720);
#11718 = CARTESIAN_POINT('',(-23.11747961489,6.285627808762,
    0.599778570865));
#11719 = DIRECTION('',(0.721461364218,-0.184703520902,-0.667366547938));
#11720 = DIRECTION('',(0.679050089299,0.,0.734091939897));
#11721 = ADVANCED_FACE('',(#11722),#11732,.T.);
#11722 = FACE_BOUND('',#11723,.T.);
#11723 = EDGE_LOOP('',(#11724,#11725,#11731));
#11724 = ORIENTED_EDGE('',*,*,#11704,.F.);
#11725 = ORIENTED_EDGE('',*,*,#11726,.F.);
#11726 = EDGE_CURVE('',#11659,#9291,#11727,.T.);
#11727 = LINE('',#11728,#11729);
#11728 = CARTESIAN_POINT('',(-22.59059906005,6.143579959869,
    1.200000047684));
#11729 = VECTOR('',#11730,1.);
#11730 = DIRECTION('',(0.195281217381,0.980747289641,0.));
#11731 = ORIENTED_EDGE('',*,*,#11690,.F.);
#11732 = PLANE('',#11733);
#11733 = AXIS2_PLACEMENT_3D('',#11734,#11735,#11736);
#11734 = CARTESIAN_POINT('',(-23.10116463408,6.248666777165,
    0.625391681383));
#11735 = DIRECTION('',(0.726394734077,-0.144635880688,-0.671886264425));
#11736 = DIRECTION('',(0.679026260972,0.,0.734113980871));
#11737 = ADVANCED_FACE('',(#11738),#11754,.T.);
#11738 = FACE_BOUND('',#11739,.T.);
#11739 = EDGE_LOOP('',(#11740,#11746,#11747,#11753));
#11740 = ORIENTED_EDGE('',*,*,#11741,.T.);
#11741 = EDGE_CURVE('',#3812,#10184,#11742,.T.);
#11742 = LINE('',#11743,#11744);
#11743 = CARTESIAN_POINT('',(-20.48369979858,5.579050064087,
    4.199999809265));
#11744 = VECTOR('',#11745,1.);
#11745 = DIRECTION('',(0.,0.,-1.));
#11746 = ORIENTED_EDGE('',*,*,#10289,.T.);
#11747 = ORIENTED_EDGE('',*,*,#11748,.F.);
#11748 = EDGE_CURVE('',#3820,#10282,#11749,.T.);
#11749 = LINE('',#11750,#11751);
#11750 = CARTESIAN_POINT('',(-20.54739952087,5.449999809265,
    4.199999809265));
#11751 = VECTOR('',#11752,1.);
#11752 = DIRECTION('',(0.,0.,-1.));
#11753 = ORIENTED_EDGE('',*,*,#3819,.F.);
#11754 = PLANE('',#11755);
#11755 = AXIS2_PLACEMENT_3D('',#11756,#11757,#11758);
#11756 = CARTESIAN_POINT('',(-20.51554965972,5.514524936676,
    2.699999928474));
#11757 = DIRECTION('',(-0.8967095632,0.442619429381,-0.));
#11758 = DIRECTION('',(-0.442619429381,-0.8967095632,0.));
#11759 = ADVANCED_FACE('',(#11760),#11776,.T.);
#11760 = FACE_BOUND('',#11761,.T.);
#11761 = EDGE_LOOP('',(#11762,#11768,#11769,#11775));
#11762 = ORIENTED_EDGE('',*,*,#11763,.T.);
#11763 = EDGE_CURVE('',#3764,#9853,#11764,.T.);
#11764 = LINE('',#11765,#11766);
#11765 = CARTESIAN_POINT('',(-20.48369979858,6.420949935913,
    4.199999809265));
#11766 = VECTOR('',#11767,1.);
#11767 = DIRECTION('',(0.,0.,-1.));
#11768 = ORIENTED_EDGE('',*,*,#9891,.T.);
#11769 = ORIENTED_EDGE('',*,*,#11770,.T.);
#11770 = EDGE_CURVE('',#9884,#3772,#11771,.T.);
#11771 = LINE('',#11772,#11773);
#11772 = CARTESIAN_POINT('',(-20.4375,6.28469991684,1.200000047684));
#11773 = VECTOR('',#11774,1.);
#11774 = DIRECTION('',(0.,0.,1.));
#11775 = ORIENTED_EDGE('',*,*,#3771,.F.);
#11776 = PLANE('',#11777);
#11777 = AXIS2_PLACEMENT_3D('',#11778,#11779,#11780);
#11778 = CARTESIAN_POINT('',(-20.46059989929,6.352824926376,
    2.699999928474));
#11779 = DIRECTION('',(-0.947037659646,-0.321122517447,-0.));
#11780 = DIRECTION('',(0.321122517447,-0.947037659646,0.));
#11781 = ADVANCED_FACE('',(#11782),#11793,.T.);
#11782 = FACE_BOUND('',#11783,.T.);
#11783 = EDGE_LOOP('',(#11784,#11785,#11786,#11792));
#11784 = ORIENTED_EDGE('',*,*,#11748,.T.);
#11785 = ORIENTED_EDGE('',*,*,#10335,.T.);
#11786 = ORIENTED_EDGE('',*,*,#11787,.F.);
#11787 = EDGE_CURVE('',#3828,#10328,#11788,.T.);
#11788 = LINE('',#11789,#11790);
#11789 = CARTESIAN_POINT('',(-20.62730026245,5.33035993576,
    4.199999809265));
#11790 = VECTOR('',#11791,1.);
#11791 = DIRECTION('',(0.,0.,-1.));
#11792 = ORIENTED_EDGE('',*,*,#3827,.F.);
#11793 = PLANE('',#11794);
#11794 = AXIS2_PLACEMENT_3D('',#11795,#11796,#11797);
#11795 = CARTESIAN_POINT('',(-20.58734989166,5.390179872513,
    2.699999928474));
#11796 = DIRECTION('',(-0.831598237256,0.555377683916,-0.));
#11797 = DIRECTION('',(-0.555377683916,-0.831598237256,0.));
#11798 = ADVANCED_FACE('',(#11799),#11810,.T.);
#11799 = FACE_BOUND('',#11800,.T.);
#11800 = EDGE_LOOP('',(#11801,#11802,#11803,#11809));
#11801 = ORIENTED_EDGE('',*,*,#11787,.T.);
#11802 = ORIENTED_EDGE('',*,*,#10382,.T.);
#11803 = ORIENTED_EDGE('',*,*,#11804,.F.);
#11804 = EDGE_CURVE('',#3836,#10350,#11805,.T.);
#11805 = LINE('',#11806,#11807);
#11806 = CARTESIAN_POINT('',(-20.72220039367,5.222179889679,
    4.199999809265));
#11807 = VECTOR('',#11808,1.);
#11808 = DIRECTION('',(0.,0.,-1.));
#11809 = ORIENTED_EDGE('',*,*,#3835,.F.);
#11810 = PLANE('',#11811);
#11811 = AXIS2_PLACEMENT_3D('',#11812,#11813,#11814);
#11812 = CARTESIAN_POINT('',(-20.67475032806,5.27626991272,
    2.699999928474));
#11813 = DIRECTION('',(-0.751740668852,0.659458843897,-0.));
#11814 = DIRECTION('',(-0.659458843897,-0.751740668852,0.));
#11815 = ADVANCED_FACE('',(#11816),#11832,.T.);
#11816 = FACE_BOUND('',#11817,.T.);
#11817 = EDGE_LOOP('',(#11818,#11824,#11825,#11831));
#11818 = ORIENTED_EDGE('',*,*,#11819,.T.);
#11819 = EDGE_CURVE('',#3780,#10022,#11820,.T.);
#11820 = LINE('',#11821,#11822);
#11821 = CARTESIAN_POINT('',(-20.40940093994,6.143579959869,
    4.199999809265));
#11822 = VECTOR('',#11823,1.);
#11823 = DIRECTION('',(0.,0.,-1.));
#11824 = ORIENTED_EDGE('',*,*,#10075,.T.);
#11825 = ORIENTED_EDGE('',*,*,#11826,.F.);
#11826 = EDGE_CURVE('',#3788,#10068,#11827,.T.);
#11827 = LINE('',#11828,#11829);
#11828 = CARTESIAN_POINT('',(-20.39999961853,6.,4.199999809265));
#11829 = VECTOR('',#11830,1.);
#11830 = DIRECTION('',(0.,0.,-1.));
#11831 = ORIENTED_EDGE('',*,*,#3787,.F.);
#11832 = PLANE('',#11833);
#11833 = AXIS2_PLACEMENT_3D('',#11834,#11835,#11836);
#11834 = CARTESIAN_POINT('',(-20.40470027923,6.071789979935,
    2.699999928474));
#11835 = DIRECTION('',(-0.997863187559,-6.533803574754E-02,-0.));
#11836 = DIRECTION('',(6.533803574754E-02,-0.997863187559,0.));
#11837 = ADVANCED_FACE('',(#11838),#11854,.T.);
#11838 = FACE_BOUND('',#11839,.T.);
#11839 = EDGE_LOOP('',(#11840,#11846,#11847,#11853));
#11840 = ORIENTED_EDGE('',*,*,#11841,.T.);
#11841 = EDGE_CURVE('',#3740,#10610,#11842,.T.);
#11842 = LINE('',#11843,#11844);
#11843 = CARTESIAN_POINT('',(-20.72220039367,6.777820110321,
    4.199999809265));
#11844 = VECTOR('',#11845,1.);
#11845 = DIRECTION('',(0.,0.,-1.));
#11846 = ORIENTED_EDGE('',*,*,#10618,.T.);
#11847 = ORIENTED_EDGE('',*,*,#11848,.T.);
#11848 = EDGE_CURVE('',#10542,#3748,#11849,.T.);
#11849 = LINE('',#11850,#11851);
#11850 = CARTESIAN_POINT('',(-20.62730026245,6.66964006424,
    1.200000047684));
#11851 = VECTOR('',#11852,1.);
#11852 = DIRECTION('',(0.,0.,1.));
#11853 = ORIENTED_EDGE('',*,*,#3747,.F.);
#11854 = PLANE('',#11855);
#11855 = AXIS2_PLACEMENT_3D('',#11856,#11857,#11858);
#11856 = CARTESIAN_POINT('',(-20.67475032806,6.72373008728,
    2.699999928474));
#11857 = DIRECTION('',(-0.751740668852,-0.659458843897,-0.));
#11858 = DIRECTION('',(0.659458843897,-0.751740668852,0.));
#11859 = ADVANCED_FACE('',(#11860),#11871,.T.);
#11860 = FACE_BOUND('',#11861,.T.);
#11861 = EDGE_LOOP('',(#11862,#11863,#11864,#11870));
#11862 = ORIENTED_EDGE('',*,*,#11826,.T.);
#11863 = ORIENTED_EDGE('',*,*,#10097,.T.);
#11864 = ORIENTED_EDGE('',*,*,#11865,.F.);
#11865 = EDGE_CURVE('',#3796,#10090,#11866,.T.);
#11866 = LINE('',#11867,#11868);
#11867 = CARTESIAN_POINT('',(-20.40940093994,5.856420040131,
    4.199999809265));
#11868 = VECTOR('',#11869,1.);
#11869 = DIRECTION('',(0.,0.,-1.));
#11870 = ORIENTED_EDGE('',*,*,#3795,.F.);
#11871 = PLANE('',#11872);
#11872 = AXIS2_PLACEMENT_3D('',#11873,#11874,#11875);
#11873 = CARTESIAN_POINT('',(-20.40470027923,5.928210020065,
    2.699999928474));
#11874 = DIRECTION('',(-0.997863187559,6.533803574754E-02,-0.));
#11875 = DIRECTION('',(-6.533803574754E-02,-0.997863187559,0.));
#11876 = ADVANCED_FACE('',(#11877),#11888,.T.);
#11877 = FACE_BOUND('',#11878,.T.);
#11878 = EDGE_LOOP('',(#11879,#11880,#11881,#11887));
#11879 = ORIENTED_EDGE('',*,*,#11865,.T.);
#11880 = ORIENTED_EDGE('',*,*,#10143,.T.);
#11881 = ORIENTED_EDGE('',*,*,#11882,.T.);
#11882 = EDGE_CURVE('',#10136,#3804,#11883,.T.);
#11883 = LINE('',#11884,#11885);
#11884 = CARTESIAN_POINT('',(-20.4375,5.71530008316,1.200000047684));
#11885 = VECTOR('',#11886,1.);
#11886 = DIRECTION('',(0.,0.,1.));
#11887 = ORIENTED_EDGE('',*,*,#3803,.F.);
#11888 = PLANE('',#11889);
#11889 = AXIS2_PLACEMENT_3D('',#11890,#11891,#11892);
#11890 = CARTESIAN_POINT('',(-20.42345046997,5.785860061646,
    2.699999928474));
#11891 = DIRECTION('',(-0.980747289641,0.195281217381,-0.));
#11892 = DIRECTION('',(-0.195281217381,-0.980747289641,0.));
#11893 = ADVANCED_FACE('',(#11894),#11919,.T.);
#11894 = FACE_BOUND('',#11895,.T.);
#11895 = EDGE_LOOP('',(#11896,#11897,#11905,#11913));
#11896 = ORIENTED_EDGE('',*,*,#2083,.T.);
#11897 = ORIENTED_EDGE('',*,*,#11898,.T.);
#11898 = EDGE_CURVE('',#2076,#11899,#11901,.T.);
#11899 = VERTEX_POINT('',#11900);
#11900 = CARTESIAN_POINT('',(26.803400039673,36.178398132324,1.));
#11901 = LINE('',#11902,#11903);
#11902 = CARTESIAN_POINT('',(26.803400039673,36.178398132324,
    4.199999809265));
#11903 = VECTOR('',#11904,1.);
#11904 = DIRECTION('',(0.,0.,-1.));
#11905 = ORIENTED_EDGE('',*,*,#11906,.T.);
#11906 = EDGE_CURVE('',#11899,#11907,#11909,.T.);
#11907 = VERTEX_POINT('',#11908);
#11908 = CARTESIAN_POINT('',(26.409999847412,36.523399353027,1.));
#11909 = LINE('',#11910,#11911);
#11910 = CARTESIAN_POINT('',(26.803400039673,36.178398132324,1.));
#11911 = VECTOR('',#11912,1.);
#11912 = DIRECTION('',(-0.751841217621,0.659344207138,0.));
#11913 = ORIENTED_EDGE('',*,*,#11914,.F.);
#11914 = EDGE_CURVE('',#2084,#11907,#11915,.T.);
#11915 = LINE('',#11916,#11917);
#11916 = CARTESIAN_POINT('',(26.409999847412,36.523399353027,
    4.199999809265));
#11917 = VECTOR('',#11918,1.);
#11918 = DIRECTION('',(0.,0.,-1.));
#11919 = PLANE('',#11920);
#11920 = AXIS2_PLACEMENT_3D('',#11921,#11922,#11923);
#11921 = CARTESIAN_POINT('',(26.606699943542,36.350898742676,
    2.599999904633));
#11922 = DIRECTION('',(0.659344207138,0.751841217621,0.));
#11923 = DIRECTION('',(0.751841217621,-0.659344207138,0.));
#11924 = ADVANCED_FACE('',(#11925),#11942,.T.);
#11925 = FACE_BOUND('',#11926,.T.);
#11926 = EDGE_LOOP('',(#11927,#11928,#11936));
#11927 = ORIENTED_EDGE('',*,*,#710,.T.);
#11928 = ORIENTED_EDGE('',*,*,#11929,.T.);
#11929 = EDGE_CURVE('',#703,#11930,#11932,.T.);
#11930 = VERTEX_POINT('',#11931);
#11931 = CARTESIAN_POINT('',(27.148399353027,35.784999847412,1.));
#11932 = LINE('',#11933,#11934);
#11933 = CARTESIAN_POINT('',(26.355100631714,35.176300048828,0.));
#11934 = VECTOR('',#11935,1.);
#11935 = DIRECTION('',(0.560969582155,0.430433155248,0.707135366645));
#11936 = ORIENTED_EDGE('',*,*,#11937,.T.);
#11937 = EDGE_CURVE('',#11930,#711,#11938,.T.);
#11938 = LINE('',#11939,#11940);
#11939 = CARTESIAN_POINT('',(27.148399353027,35.784999847412,1.));
#11940 = VECTOR('',#11941,1.);
#11941 = DIRECTION('',(-0.387409933116,-0.629634422153,-0.673404810024)
  );
#11942 = PLANE('',#11943);
#11943 = AXIS2_PLACEMENT_3D('',#11944,#11945,#11946);
#11944 = CARTESIAN_POINT('',(26.766631120429,35.351308774297,
    0.440389653948));
#11945 = DIRECTION('',(0.588616543573,0.393248259435,-0.706318887672));
#11946 = DIRECTION('',(-0.768211934559,2.775557561563E-17,
    -0.640195613545));
#11947 = ADVANCED_FACE('',(#11948),#11965,.T.);
#11948 = FACE_BOUND('',#11949,.T.);
#11949 = EDGE_LOOP('',(#11950,#11958,#11959));
#11950 = ORIENTED_EDGE('',*,*,#11951,.T.);
#11951 = EDGE_CURVE('',#11952,#711,#11954,.T.);
#11952 = VERTEX_POINT('',#11953);
#11953 = CARTESIAN_POINT('',(27.439100265503,35.349998474121,1.));
#11954 = LINE('',#11955,#11956);
#11955 = CARTESIAN_POINT('',(27.439100265503,35.349998474121,1.));
#11956 = VECTOR('',#11957,1.);
#11957 = DIRECTION('',(-0.612361707553,-0.353557106879,-0.707114213758)
  );
#11958 = ORIENTED_EDGE('',*,*,#11937,.F.);
#11959 = ORIENTED_EDGE('',*,*,#11960,.T.);
#11960 = EDGE_CURVE('',#11930,#11952,#11961,.T.);
#11961 = LINE('',#11962,#11963);
#11962 = CARTESIAN_POINT('',(27.148399353027,35.784999847412,1.));
#11963 = VECTOR('',#11964,1.);
#11964 = DIRECTION('',(0.555626109625,-0.831432274033,0.));
#11965 = PLANE('',#11966);
#11966 = AXIS2_PLACEMENT_3D('',#11967,#11968,#11969);
#11967 = CARTESIAN_POINT('',(26.98700572099,35.265842085386,
    0.576437226192));
#11968 = DIRECTION('',(0.588548350597,0.393312649245,-0.706339860799));
#11969 = DIRECTION('',(-0.76825775958,0.,-0.640140621149));
#11970 = ADVANCED_FACE('',(#11971),#11988,.T.);
#11971 = FACE_BOUND('',#11972,.T.);
#11972 = EDGE_LOOP('',(#11973,#11981,#11982));
#11973 = ORIENTED_EDGE('',*,*,#11974,.T.);
#11974 = EDGE_CURVE('',#11975,#711,#11977,.T.);
#11975 = VERTEX_POINT('',#11976);
#11976 = CARTESIAN_POINT('',(27.670499801636,34.880699157715,1.));
#11977 = LINE('',#11978,#11979);
#11978 = CARTESIAN_POINT('',(27.670499801636,34.880699157715,1.));
#11979 = VECTOR('',#11980,1.);
#11980 = DIRECTION('',(-0.738989383198,-2.067383404296E-02,
    -0.673399795149));
#11981 = ORIENTED_EDGE('',*,*,#11951,.F.);
#11982 = ORIENTED_EDGE('',*,*,#11983,.F.);
#11983 = EDGE_CURVE('',#11975,#11952,#11984,.T.);
#11984 = LINE('',#11985,#11986);
#11985 = CARTESIAN_POINT('',(27.670499801636,34.880699157715,1.));
#11986 = VECTOR('',#11987,1.);
#11987 = DIRECTION('',(-0.442237536001,0.896897966188,0.));
#11988 = PLANE('',#11989);
#11989 = AXIS2_PLACEMENT_3D('',#11990,#11991,#11992);
#11990 = CARTESIAN_POINT('',(27.140190941846,35.000530726398,
    0.576443410405));
#11991 = DIRECTION('',(0.634890031189,0.313048098679,-0.706339533235));
#11992 = DIRECTION('',(-0.743720977624,-2.775557561563E-17,
    -0.668490170041));
#11993 = ADVANCED_FACE('',(#11994),#12004,.T.);
#11994 = FACE_BOUND('',#11995,.T.);
#11995 = EDGE_LOOP('',(#11996,#11997,#12003));
#11996 = ORIENTED_EDGE('',*,*,#702,.F.);
#11997 = ORIENTED_EDGE('',*,*,#11998,.T.);
#11998 = EDGE_CURVE('',#695,#11930,#11999,.T.);
#11999 = LINE('',#12000,#12001);
#12000 = CARTESIAN_POINT('',(26.096300125122,35.471298217773,0.));
#12001 = VECTOR('',#12002,1.);
#12002 = DIRECTION('',(0.708468827885,0.211242266852,0.673385940312));
#12003 = ORIENTED_EDGE('',*,*,#11929,.F.);
#12004 = PLANE('',#12005);
#12005 = AXIS2_PLACEMENT_3D('',#12006,#12007,#12008);
#12006 = CARTESIAN_POINT('',(26.630654140148,35.528495063355,
    0.440389460394));
#12007 = DIRECTION('',(0.532141228361,0.466844997616,-0.706315412036));
#12008 = DIRECTION('',(-0.798692905115,2.775557561563E-17,
    -0.601738849767));
#12009 = ADVANCED_FACE('',(#12010),#12020,.T.);
#12010 = FACE_BOUND('',#12011,.T.);
#12011 = EDGE_LOOP('',(#12012,#12013,#12014));
#12012 = ORIENTED_EDGE('',*,*,#718,.F.);
#12013 = ORIENTED_EDGE('',*,*,#11974,.F.);
#12014 = ORIENTED_EDGE('',*,*,#12015,.F.);
#12015 = EDGE_CURVE('',#719,#11975,#12016,.T.);
#12016 = LINE('',#12017,#12018);
#12017 = CARTESIAN_POINT('',(26.746599197388,34.498001098633,0.));
#12018 = VECTOR('',#12019,1.);
#12019 = DIRECTION('',(0.653288194967,0.270605001323,0.707097919369));
#12020 = PLANE('',#12021);
#12021 = AXIS2_PLACEMENT_3D('',#12022,#12023,#12024);
#12022 = CARTESIAN_POINT('',(27.10399682314,34.766920058942,
    0.440389785776));
#12023 = DIRECTION('',(0.634913363606,0.312949797381,-0.706362120328));
#12024 = DIRECTION('',(-0.743719391467,-2.775557561563E-17,
    -0.668491934698));
#12025 = ADVANCED_FACE('',(#12026),#12050,.T.);
#12026 = FACE_BOUND('',#12027,.T.);
#12027 = EDGE_LOOP('',(#12028,#12036,#12044));
#12028 = ORIENTED_EDGE('',*,*,#12029,.T.);
#12029 = EDGE_CURVE('',#12030,#727,#12032,.T.);
#12030 = VERTEX_POINT('',#12031);
#12031 = CARTESIAN_POINT('',(27.940799713135,33.872100830078,1.));
#12032 = LINE('',#12033,#12034);
#12033 = CARTESIAN_POINT('',(27.940799713135,33.872100830078,1.));
#12034 = VECTOR('',#12035,1.);
#12035 = DIRECTION('',(-0.719172394637,0.171307545379,-0.6733830943));
#12036 = ORIENTED_EDGE('',*,*,#12037,.T.);
#12037 = EDGE_CURVE('',#727,#12038,#12040,.T.);
#12038 = VERTEX_POINT('',#12039);
#12039 = CARTESIAN_POINT('',(27.83869934082,34.385299682617,1.));
#12040 = LINE('',#12041,#12042);
#12041 = CARTESIAN_POINT('',(26.872800827026,34.126499176025,0.));
#12042 = VECTOR('',#12043,1.);
#12043 = DIRECTION('',(0.683004036959,0.183002446163,0.707117805034));
#12044 = ORIENTED_EDGE('',*,*,#12045,.T.);
#12045 = EDGE_CURVE('',#12038,#12030,#12046,.T.);
#12046 = LINE('',#12047,#12048);
#12047 = CARTESIAN_POINT('',(27.83869934082,34.385299682617,1.));
#12048 = VECTOR('',#12049,1.);
#12049 = DIRECTION('',(0.195124834768,-0.980778414759,0.));
#12050 = PLANE('',#12051);
#12051 = AXIS2_PLACEMENT_3D('',#12052,#12053,#12054);
#12052 = CARTESIAN_POINT('',(27.459543110205,34.125112104923,
    0.576443925406));
#12053 = DIRECTION('',(0.69426765514,0.138123820279,-0.706338610935));
#12054 = DIRECTION('',(-0.713174409961,1.387778780781E-17,
    -0.700986633951));
#12055 = ADVANCED_FACE('',(#12056),#12071,.T.);
#12056 = FACE_BOUND('',#12057,.T.);
#12057 = EDGE_LOOP('',(#12058,#12059,#12065));
#12058 = ORIENTED_EDGE('',*,*,#12037,.F.);
#12059 = ORIENTED_EDGE('',*,*,#12060,.T.);
#12060 = EDGE_CURVE('',#727,#11975,#12061,.T.);
#12061 = LINE('',#12062,#12063);
#12062 = CARTESIAN_POINT('',(26.872800827026,34.126499176025,0.));
#12063 = VECTOR('',#12064,1.);
#12064 = DIRECTION('',(0.537181225293,0.507888418032,0.67341345845));
#12065 = ORIENTED_EDGE('',*,*,#12066,.T.);
#12066 = EDGE_CURVE('',#11975,#12038,#12067,.T.);
#12067 = LINE('',#12068,#12069);
#12068 = CARTESIAN_POINT('',(27.670499801636,34.880699157715,1.));
#12069 = VECTOR('',#12070,1.);
#12070 = DIRECTION('',(0.321497870656,-0.94691030154,0.));
#12071 = PLANE('',#12072);
#12072 = AXIS2_PLACEMENT_3D('',#12073,#12074,#12075);
#12073 = CARTESIAN_POINT('',(27.380231055291,34.421025226161,
    0.576435270689));
#12074 = DIRECTION('',(0.670295893271,0.227580903963,-0.706335860349));
#12075 = DIRECTION('',(-0.725370171615,1.387778780781E-17,
    -0.688359000908));
#12076 = ADVANCED_FACE('',(#12077),#12082,.T.);
#12077 = FACE_BOUND('',#12078,.T.);
#12078 = EDGE_LOOP('',(#12079,#12080,#12081));
#12079 = ORIENTED_EDGE('',*,*,#726,.F.);
#12080 = ORIENTED_EDGE('',*,*,#12015,.T.);
#12081 = ORIENTED_EDGE('',*,*,#12060,.F.);
#12082 = PLANE('',#12083);
#12083 = AXIS2_PLACEMENT_3D('',#12084,#12085,#12086);
#12084 = CARTESIAN_POINT('',(27.189474420034,34.560599126645,
    0.440400132995));
#12085 = DIRECTION('',(0.670233215703,0.227682601118,-0.70636256251));
#12086 = DIRECTION('',(-0.725415303834,0.,-0.688311438932));
#12087 = ADVANCED_FACE('',(#12088),#12098,.T.);
#12088 = FACE_BOUND('',#12089,.T.);
#12089 = EDGE_LOOP('',(#12090,#12091,#12092));
#12090 = ORIENTED_EDGE('',*,*,#734,.F.);
#12091 = ORIENTED_EDGE('',*,*,#12029,.F.);
#12092 = ORIENTED_EDGE('',*,*,#12093,.T.);
#12093 = EDGE_CURVE('',#12030,#735,#12094,.T.);
#12094 = LINE('',#12095,#12096);
#12095 = CARTESIAN_POINT('',(27.940799713135,33.872100830078,1.));
#12096 = VECTOR('',#12097,1.);
#12097 = DIRECTION('',(-0.701077993796,-9.22756748549E-02,
    -0.707088994714));
#12098 = PLANE('',#12099);
#12099 = AXIS2_PLACEMENT_3D('',#12100,#12101,#12102);
#12100 = CARTESIAN_POINT('',(27.364132279469,33.90883723716,
    0.440391600221));
#12101 = DIRECTION('',(0.694263726519,0.137987143298,-0.706369185571));
#12102 = DIRECTION('',(-0.713191561674,0.,-0.7009691836));
#12103 = ADVANCED_FACE('',(#12104),#12114,.T.);
#12104 = FACE_BOUND('',#12105,.T.);
#12105 = EDGE_LOOP('',(#12106,#12107,#12108));
#12106 = ORIENTED_EDGE('',*,*,#742,.F.);
#12107 = ORIENTED_EDGE('',*,*,#12093,.F.);
#12108 = ORIENTED_EDGE('',*,*,#12109,.F.);
#12109 = EDGE_CURVE('',#743,#12030,#12110,.T.);
#12110 = LINE('',#12111,#12112);
#12111 = CARTESIAN_POINT('',(26.97500038147,33.349998474121,0.));
#12112 = VECTOR('',#12113,1.);
#12113 = DIRECTION('',(0.650350129111,0.351573379141,0.673380181357));
#12114 = PLANE('',#12115);
#12115 = AXIS2_PLACEMENT_3D('',#12116,#12117,#12118);
#12116 = CARTESIAN_POINT('',(27.393275616908,33.687393498768,
    0.440389557573));
#12117 = DIRECTION('',(0.706324336635,4.635391069117E-02,-0.706369058241
    ));
#12118 = DIRECTION('',(-0.707129165697,0.,-0.707084395968));
#12119 = ADVANCED_FACE('',(#12120),#12137,.T.);
#12120 = FACE_BOUND('',#12121,.T.);
#12121 = EDGE_LOOP('',(#12122,#12130,#12131));
#12122 = ORIENTED_EDGE('',*,*,#12123,.F.);
#12123 = EDGE_CURVE('',#743,#12124,#12126,.T.);
#12124 = VERTEX_POINT('',#12125);
#12125 = CARTESIAN_POINT('',(27.97500038147,33.349998474121,1.));
#12126 = LINE('',#12127,#12128);
#12127 = CARTESIAN_POINT('',(26.97500038147,33.349998474121,0.));
#12128 = VECTOR('',#12129,1.);
#12129 = DIRECTION('',(0.707106781187,0.,0.707106781187));
#12130 = ORIENTED_EDGE('',*,*,#12109,.T.);
#12131 = ORIENTED_EDGE('',*,*,#12132,.F.);
#12132 = EDGE_CURVE('',#12124,#12030,#12133,.T.);
#12133 = LINE('',#12134,#12135);
#12134 = CARTESIAN_POINT('',(27.97500038147,33.349998474121,1.));
#12135 = VECTOR('',#12136,1.);
#12136 = DIRECTION('',(-6.536558554883E-02,0.997861383272,0.));
#12137 = PLANE('',#12138);
#12138 = AXIS2_PLACEMENT_3D('',#12139,#12140,#12141);
#12139 = CARTESIAN_POINT('',(27.541405043916,33.503179888702,
    0.576438914725));
#12140 = DIRECTION('',(0.706349451913,4.626989910664E-02,-0.706349451913
    ));
#12141 = DIRECTION('',(0.707106781187,0.,0.707106781187));
#12142 = ADVANCED_FACE('',(#12143),#12158,.T.);
#12143 = FACE_BOUND('',#12144,.T.);
#12144 = EDGE_LOOP('',(#12145,#12146,#12152));
#12145 = ORIENTED_EDGE('',*,*,#11998,.F.);
#12146 = ORIENTED_EDGE('',*,*,#12147,.T.);
#12147 = EDGE_CURVE('',#695,#11899,#12148,.T.);
#12148 = LINE('',#12149,#12150);
#12149 = CARTESIAN_POINT('',(26.096300125122,35.471298217773,0.));
#12150 = VECTOR('',#12151,1.);
#12151 = DIRECTION('',(0.49999757226,0.49999757226,0.707110214513));
#12152 = ORIENTED_EDGE('',*,*,#12153,.T.);
#12153 = EDGE_CURVE('',#11899,#11930,#12154,.T.);
#12154 = LINE('',#12155,#12156);
#12155 = CARTESIAN_POINT('',(26.803400039673,36.178398132324,1.));
#12156 = VECTOR('',#12157,1.);
#12157 = DIRECTION('',(0.659343953638,-0.751841439933,0.));
#12158 = PLANE('',#12159);
#12159 = AXIS2_PLACEMENT_3D('',#12160,#12161,#12162);
#12160 = CARTESIAN_POINT('',(26.605123531307,35.763479617,0.576442447981
    ));
#12161 = DIRECTION('',(0.532204239153,0.466728260173,-0.706345084915));
#12162 = DIRECTION('',(-0.798670811617,2.775557561563E-17,
    -0.601768173528));
#12163 = ADVANCED_FACE('',(#12164),#12174,.T.);
#12164 = FACE_BOUND('',#12165,.T.);
#12165 = EDGE_LOOP('',(#12166,#12167,#12173));
#12166 = ORIENTED_EDGE('',*,*,#12147,.F.);
#12167 = ORIENTED_EDGE('',*,*,#12168,.F.);
#12168 = EDGE_CURVE('',#11907,#695,#12169,.T.);
#12169 = LINE('',#12170,#12171);
#12170 = CARTESIAN_POINT('',(26.409999847412,36.523399353027,1.));
#12171 = VECTOR('',#12172,1.);
#12172 = DIRECTION('',(-0.211240847565,-0.708469659817,-0.673385510268)
  );
#12173 = ORIENTED_EDGE('',*,*,#11906,.F.);
#12174 = PLANE('',#12175);
#12175 = AXIS2_PLACEMENT_3D('',#12176,#12177,#12178);
#12176 = CARTESIAN_POINT('',(26.388481098861,35.980122479936,
    0.576442759906));
#12177 = DIRECTION('',(0.466728434471,0.532204075917,-0.706345092737));
#12178 = DIRECTION('',(2.775557561563E-17,-0.798670903528,
    -0.601768051543));
#12179 = ADVANCED_FACE('',(#12180),#12197,.T.);
#12180 = FACE_BOUND('',#12181,.T.);
#12181 = EDGE_LOOP('',(#12182,#12183,#12191));
#12182 = ORIENTED_EDGE('',*,*,#662,.T.);
#12183 = ORIENTED_EDGE('',*,*,#12184,.T.);
#12184 = EDGE_CURVE('',#655,#12185,#12187,.T.);
#12185 = VERTEX_POINT('',#12186);
#12186 = CARTESIAN_POINT('',(24.497100830078,37.315799713135,1.));
#12187 = LINE('',#12188,#12189);
#12188 = CARTESIAN_POINT('',(24.366600036621,36.324298858643,0.));
#12189 = VECTOR('',#12190,1.);
#12190 = DIRECTION('',(9.227558760649E-02,0.701078679577,0.707088326148)
  );
#12191 = ORIENTED_EDGE('',*,*,#12192,.T.);
#12192 = EDGE_CURVE('',#12185,#663,#12193,.T.);
#12193 = LINE('',#12194,#12195);
#12194 = CARTESIAN_POINT('',(24.497100830078,37.315799713135,1.));
#12195 = VECTOR('',#12196,1.);
#12196 = DIRECTION('',(0.171307387144,-0.719173014721,-0.673382472304));
#12197 = PLANE('',#12198);
#12198 = AXIS2_PLACEMENT_3D('',#12199,#12200,#12201);
#12199 = CARTESIAN_POINT('',(24.533837233427,36.739131262753,
    0.440391649275));
#12200 = DIRECTION('',(0.137987014228,0.694263077122,-0.706369849052));
#12201 = DIRECTION('',(0.,-0.713192218615,-0.700968515204));
#12202 = ADVANCED_FACE('',(#12203),#12220,.T.);
#12203 = FACE_BOUND('',#12204,.T.);
#12204 = EDGE_LOOP('',(#12205,#12206,#12214));
#12205 = ORIENTED_EDGE('',*,*,#12192,.F.);
#12206 = ORIENTED_EDGE('',*,*,#12207,.F.);
#12207 = EDGE_CURVE('',#12208,#12185,#12210,.T.);
#12208 = VERTEX_POINT('',#12209);
#12209 = CARTESIAN_POINT('',(25.010299682617,37.21369934082,1.));
#12210 = LINE('',#12211,#12212);
#12211 = CARTESIAN_POINT('',(25.010299682617,37.21369934082,1.));
#12212 = VECTOR('',#12213,1.);
#12213 = DIRECTION('',(-0.980778414759,0.195124834768,0.));
#12214 = ORIENTED_EDGE('',*,*,#12215,.F.);
#12215 = EDGE_CURVE('',#663,#12208,#12216,.T.);
#12216 = LINE('',#12217,#12218);
#12217 = CARTESIAN_POINT('',(24.751499176025,36.247798919678,0.));
#12218 = VECTOR('',#12219,1.);
#12219 = DIRECTION('',(0.183002277584,0.683004756508,0.70711715365));
#12220 = PLANE('',#12221);
#12221 = AXIS2_PLACEMENT_3D('',#12222,#12223,#12224);
#12222 = CARTESIAN_POINT('',(24.750112104281,36.834542241689,
    0.576443865671));
#12223 = DIRECTION('',(0.138123691087,0.694267005763,-0.706339274477));
#12224 = DIRECTION('',(1.387778780781E-17,-0.71317506695,-0.700985965537
    ));
#12225 = ADVANCED_FACE('',(#12226),#12243,.T.);
#12226 = FACE_BOUND('',#12227,.T.);
#12227 = EDGE_LOOP('',(#12228,#12236,#12237));
#12228 = ORIENTED_EDGE('',*,*,#12229,.T.);
#12229 = EDGE_CURVE('',#12230,#663,#12232,.T.);
#12230 = VERTEX_POINT('',#12231);
#12231 = CARTESIAN_POINT('',(25.505699157715,37.045501708984,1.));
#12232 = LINE('',#12233,#12234);
#12233 = CARTESIAN_POINT('',(25.505699157715,37.045501708984,1.));
#12234 = VECTOR('',#12235,1.);
#12235 = DIRECTION('',(-0.507887717172,-0.537183052876,-0.673412529174)
  );
#12236 = ORIENTED_EDGE('',*,*,#12215,.T.);
#12237 = ORIENTED_EDGE('',*,*,#12238,.F.);
#12238 = EDGE_CURVE('',#12230,#12208,#12239,.T.);
#12239 = LINE('',#12240,#12241);
#12240 = CARTESIAN_POINT('',(25.505699157715,37.045501708984,1.));
#12241 = VECTOR('',#12242,1.);
#12242 = DIRECTION('',(-0.946911411402,0.321494601755,0.));
#12243 = PLANE('',#12244);
#12244 = AXIS2_PLACEMENT_3D('',#12245,#12246,#12247);
#12245 = CARTESIAN_POINT('',(25.046025174767,36.755230665587,
    0.576435119934));
#12246 = DIRECTION('',(0.227578358752,0.67029599786,-0.706336581157));
#12247 = DIRECTION('',(-1.387778780781E-17,-0.725370468735,
    -0.688358687812));
#12248 = ADVANCED_FACE('',(#12249),#12259,.T.);
#12249 = FACE_BOUND('',#12250,.T.);
#12250 = EDGE_LOOP('',(#12251,#12252,#12253));
#12251 = ORIENTED_EDGE('',*,*,#670,.T.);
#12252 = ORIENTED_EDGE('',*,*,#12229,.F.);
#12253 = ORIENTED_EDGE('',*,*,#12254,.T.);
#12254 = EDGE_CURVE('',#12230,#671,#12255,.T.);
#12255 = LINE('',#12256,#12257);
#12256 = CARTESIAN_POINT('',(25.505699157715,37.045501708984,1.));
#12257 = VECTOR('',#12258,1.);
#12258 = DIRECTION('',(-0.270606251245,-0.653287956543,-0.707097661306)
  );
#12259 = PLANE('',#12260);
#12260 = AXIS2_PLACEMENT_3D('',#12261,#12262,#12263);
#12261 = CARTESIAN_POINT('',(25.18559881676,36.564475643627,
    0.440400585249));
#12262 = DIRECTION('',(0.227677465836,0.670234917073,-0.706362603404));
#12263 = DIRECTION('',(0.,-0.725414451303,-0.688312337417));
#12264 = ADVANCED_FACE('',(#12265),#12275,.T.);
#12265 = FACE_BOUND('',#12266,.T.);
#12266 = EDGE_LOOP('',(#12267,#12268,#12274));
#12267 = ORIENTED_EDGE('',*,*,#654,.F.);
#12268 = ORIENTED_EDGE('',*,*,#12269,.T.);
#12269 = EDGE_CURVE('',#647,#12185,#12270,.T.);
#12270 = LINE('',#12271,#12272);
#12271 = CARTESIAN_POINT('',(23.97500038147,36.349998474121,0.));
#12272 = VECTOR('',#12273,1.);
#12273 = DIRECTION('',(0.351571959858,0.650351163915,0.673379922953));
#12274 = ORIENTED_EDGE('',*,*,#12184,.F.);
#12275 = PLANE('',#12276);
#12276 = AXIS2_PLACEMENT_3D('',#12277,#12278,#12279);
#12277 = CARTESIAN_POINT('',(24.312394159888,36.76827483103,
    0.440389846738));
#12278 = DIRECTION('',(4.63540909037E-02,0.706323642387,-0.706369740618)
  );
#12279 = DIRECTION('',(0.,-0.707129854728,-0.707083706892));
#12280 = ADVANCED_FACE('',(#12281),#12298,.T.);
#12281 = FACE_BOUND('',#12282,.T.);
#12282 = EDGE_LOOP('',(#12283,#12291,#12297));
#12283 = ORIENTED_EDGE('',*,*,#12284,.F.);
#12284 = EDGE_CURVE('',#12285,#647,#12287,.T.);
#12285 = VERTEX_POINT('',#12286);
#12286 = CARTESIAN_POINT('',(23.97500038147,37.349998474121,1.));
#12287 = LINE('',#12288,#12289);
#12288 = CARTESIAN_POINT('',(23.97500038147,37.349998474121,1.));
#12289 = VECTOR('',#12290,1.);
#12290 = DIRECTION('',(0.,-0.707106781187,-0.707106781187));
#12291 = ORIENTED_EDGE('',*,*,#12292,.F.);
#12292 = EDGE_CURVE('',#12185,#12285,#12293,.T.);
#12293 = LINE('',#12294,#12295);
#12294 = CARTESIAN_POINT('',(24.497100830078,37.315799713135,1.));
#12295 = VECTOR('',#12296,1.);
#12296 = DIRECTION('',(-0.997861605466,6.536219348922E-02,0.));
#12297 = ORIENTED_EDGE('',*,*,#12269,.F.);
#12298 = PLANE('',#12299);
#12299 = AXIS2_PLACEMENT_3D('',#12300,#12301,#12302);
#12300 = CARTESIAN_POINT('',(24.128181190492,36.916403435478,
    0.576438651022));
#12301 = DIRECTION('',(4.626749285197E-02,0.706349530723,-0.706349530723
    ));
#12302 = DIRECTION('',(3.469446951954E-18,0.707106781187,0.707106781187)
  );
#12303 = ADVANCED_FACE('',(#12304),#12314,.T.);
#12304 = FACE_BOUND('',#12305,.T.);
#12305 = EDGE_LOOP('',(#12306,#12307,#12308));
#12306 = ORIENTED_EDGE('',*,*,#678,.F.);
#12307 = ORIENTED_EDGE('',*,*,#12254,.F.);
#12308 = ORIENTED_EDGE('',*,*,#12309,.F.);
#12309 = EDGE_CURVE('',#679,#12230,#12310,.T.);
#12310 = LINE('',#12311,#12312);
#12311 = CARTESIAN_POINT('',(25.47500038147,35.948101043701,0.));
#12312 = VECTOR('',#12313,1.);
#12313 = DIRECTION('',(2.06725501837E-02,0.73898940282,0.67339981303));
#12314 = PLANE('',#12315);
#12315 = AXIS2_PLACEMENT_3D('',#12316,#12317,#12318);
#12316 = CARTESIAN_POINT('',(25.391919969514,36.478998284986,
    0.440389336632));
#12317 = DIRECTION('',(0.312946893003,0.634914351872,-0.706362518787));
#12318 = DIRECTION('',(0.,-0.743719061627,-0.668492301656));
#12319 = ADVANCED_FACE('',(#12320),#12335,.T.);
#12320 = FACE_BOUND('',#12321,.T.);
#12321 = EDGE_LOOP('',(#12322,#12323,#12329));
#12322 = ORIENTED_EDGE('',*,*,#686,.T.);
#12323 = ORIENTED_EDGE('',*,*,#12324,.T.);
#12324 = EDGE_CURVE('',#679,#11907,#12325,.T.);
#12325 = LINE('',#12326,#12327);
#12326 = CARTESIAN_POINT('',(25.47500038147,35.948101043701,0.));
#12327 = VECTOR('',#12328,1.);
#12328 = DIRECTION('',(0.629633960232,0.387409154775,0.6734056897));
#12329 = ORIENTED_EDGE('',*,*,#12330,.T.);
#12330 = EDGE_CURVE('',#11907,#687,#12331,.T.);
#12331 = LINE('',#12332,#12333);
#12332 = CARTESIAN_POINT('',(26.409999847412,36.523399353027,1.));
#12333 = VECTOR('',#12334,1.);
#12334 = DIRECTION('',(-0.430432829578,-0.560970506472,-0.707134831619)
  );
#12335 = PLANE('',#12336);
#12336 = AXIS2_PLACEMENT_3D('',#12337,#12338,#12339);
#12337 = CARTESIAN_POINT('',(25.976309325436,36.141631031641,
    0.440389566857));
#12338 = DIRECTION('',(0.393254155875,0.588611628721,-0.706319700576));
#12339 = DIRECTION('',(5.551115123126E-17,-0.768214925885,
    -0.640192024043));
#12340 = ADVANCED_FACE('',(#12341),#12358,.T.);
#12341 = FACE_BOUND('',#12342,.T.);
#12342 = EDGE_LOOP('',(#12343,#12344,#12352));
#12343 = ORIENTED_EDGE('',*,*,#12324,.F.);
#12344 = ORIENTED_EDGE('',*,*,#12345,.T.);
#12345 = EDGE_CURVE('',#679,#12346,#12348,.T.);
#12346 = VERTEX_POINT('',#12347);
#12347 = CARTESIAN_POINT('',(25.97500038147,36.814098358154,1.));
#12348 = LINE('',#12349,#12350);
#12349 = CARTESIAN_POINT('',(25.47500038147,35.948101043701,0.));
#12350 = VECTOR('',#12351,1.);
#12351 = DIRECTION('',(0.353557690885,0.612360021621,0.70711538177));
#12352 = ORIENTED_EDGE('',*,*,#12353,.T.);
#12353 = EDGE_CURVE('',#12346,#11907,#12354,.T.);
#12354 = LINE('',#12355,#12356);
#12355 = CARTESIAN_POINT('',(25.97500038147,36.814098358154,1.));
#12356 = VECTOR('',#12357,1.);
#12357 = DIRECTION('',(0.831432832702,-0.555625273638,0.));
#12358 = PLANE('',#12359);
#12359 = AXIS2_PLACEMENT_3D('',#12360,#12361,#12362);
#12360 = CARTESIAN_POINT('',(25.890843283865,36.362005810411,
    0.576436994263));
#12361 = DIRECTION('',(0.393312668256,0.588549660034,-0.70633875914));
#12362 = DIRECTION('',(0.,-0.768256568145,-0.640142051034));
#12363 = ADVANCED_FACE('',(#12364),#12369,.T.);
#12364 = FACE_BOUND('',#12365,.T.);
#12365 = EDGE_LOOP('',(#12366,#12367,#12368));
#12366 = ORIENTED_EDGE('',*,*,#694,.F.);
#12367 = ORIENTED_EDGE('',*,*,#12330,.F.);
#12368 = ORIENTED_EDGE('',*,*,#12168,.T.);
#12369 = PLANE('',#12370);
#12370 = AXIS2_PLACEMENT_3D('',#12371,#12372,#12373);
#12371 = CARTESIAN_POINT('',(26.153495531305,36.005652933352,
    0.440389305117));
#12372 = DIRECTION('',(0.46684290819,0.532142287305,-0.706315995242));
#12373 = DIRECTION('',(2.775557561563E-17,-0.798692568412,
    -0.601739296676));
#12374 = ADVANCED_FACE('',(#12375),#12385,.T.);
#12375 = FACE_BOUND('',#12376,.T.);
#12376 = EDGE_LOOP('',(#12377,#12378,#12379));
#12377 = ORIENTED_EDGE('',*,*,#12345,.F.);
#12378 = ORIENTED_EDGE('',*,*,#12309,.T.);
#12379 = ORIENTED_EDGE('',*,*,#12380,.F.);
#12380 = EDGE_CURVE('',#12346,#12230,#12381,.T.);
#12381 = LINE('',#12382,#12383);
#12382 = CARTESIAN_POINT('',(25.97500038147,36.814098358154,1.));
#12383 = VECTOR('',#12384,1.);
#12384 = DIRECTION('',(-0.89689578741,0.442241954733,0.));
#12385 = PLANE('',#12386);
#12386 = AXIS2_PLACEMENT_3D('',#12387,#12388,#12389);
#12387 = CARTESIAN_POINT('',(25.625532121797,36.515192272792,
    0.576443883956));
#12388 = DIRECTION('',(0.313051711629,0.634889472599,-0.706338434059));
#12389 = DIRECTION('',(-2.775557561563E-17,-0.743720752841,
    -0.668490420121));
#12390 = ADVANCED_FACE('',(#12391),#12416,.T.);
#12391 = FACE_BOUND('',#12392,.T.);
#12392 = EDGE_LOOP('',(#12393,#12394,#12402,#12410));
#12393 = ORIENTED_EDGE('',*,*,#1971,.T.);
#12394 = ORIENTED_EDGE('',*,*,#12395,.T.);
#12395 = EDGE_CURVE('',#1964,#12396,#12398,.T.);
#12396 = VERTEX_POINT('',#12397);
#12397 = CARTESIAN_POINT('',(26.409999847412,-0.773413002491,1.));
#12398 = LINE('',#12399,#12400);
#12399 = CARTESIAN_POINT('',(26.409999847412,-0.773413002491,
    4.199999809265));
#12400 = VECTOR('',#12401,1.);
#12401 = DIRECTION('',(0.,0.,-1.));
#12402 = ORIENTED_EDGE('',*,*,#12403,.F.);
#12403 = EDGE_CURVE('',#12404,#12396,#12406,.T.);
#12404 = VERTEX_POINT('',#12405);
#12405 = CARTESIAN_POINT('',(26.803400039673,-0.428425997496,1.));
#12406 = LINE('',#12407,#12408);
#12407 = CARTESIAN_POINT('',(26.803400039673,-0.428425997496,1.));
#12408 = VECTOR('',#12409,1.);
#12409 = DIRECTION('',(-0.751854685558,-0.659328849516,0.));
#12410 = ORIENTED_EDGE('',*,*,#12411,.F.);
#12411 = EDGE_CURVE('',#1972,#12404,#12412,.T.);
#12412 = LINE('',#12413,#12414);
#12413 = CARTESIAN_POINT('',(26.803400039673,-0.428425997496,
    4.199999809265));
#12414 = VECTOR('',#12415,1.);
#12415 = DIRECTION('',(0.,0.,-1.));
#12416 = PLANE('',#12417);
#12417 = AXIS2_PLACEMENT_3D('',#12418,#12419,#12420);
#12418 = CARTESIAN_POINT('',(26.606699943542,-0.600919499993,
    2.599999904633));
#12419 = DIRECTION('',(0.659328849516,-0.751854685558,-0.));
#12420 = DIRECTION('',(-0.751854685558,-0.659328849516,0.));
#12421 = ADVANCED_FACE('',(#12422),#12439,.T.);
#12422 = FACE_BOUND('',#12423,.T.);
#12423 = EDGE_LOOP('',(#12424,#12432,#12433));
#12424 = ORIENTED_EDGE('',*,*,#12425,.F.);
#12425 = EDGE_CURVE('',#63,#12426,#12428,.T.);
#12426 = VERTEX_POINT('',#12427);
#12427 = CARTESIAN_POINT('',(24.497100830078,-1.565780043602,1.));
#12428 = LINE('',#12429,#12430);
#12429 = CARTESIAN_POINT('',(23.97500038147,-1.600000023842,1.));
#12430 = VECTOR('',#12431,1.);
#12431 = DIRECTION('',(0.997858959548,6.540257524952E-02,0.));
#12432 = ORIENTED_EDGE('',*,*,#62,.F.);
#12433 = ORIENTED_EDGE('',*,*,#12434,.T.);
#12434 = EDGE_CURVE('',#55,#12426,#12435,.T.);
#12435 = LINE('',#12436,#12437);
#12436 = CARTESIAN_POINT('',(23.97500038147,-0.599999010563,0.));
#12437 = VECTOR('',#12438,1.);
#12438 = DIRECTION('',(0.351575070882,-0.650343312387,0.673385881622));
#12439 = PLANE('',#12440);
#12440 = AXIS2_PLACEMENT_3D('',#12441,#12442,#12443);
#12441 = CARTESIAN_POINT('',(24.128180787975,-1.166398805997,
    0.576439100212));
#12442 = DIRECTION('',(4.629611545743E-02,-0.706348235146,
    -0.706348950874));
#12443 = DIRECTION('',(0.,-0.707107139434,0.707106422938));
#12444 = ADVANCED_FACE('',(#12445),#12455,.T.);
#12445 = FACE_BOUND('',#12446,.T.);
#12446 = EDGE_LOOP('',(#12447,#12448,#12449));
#12447 = ORIENTED_EDGE('',*,*,#12434,.F.);
#12448 = ORIENTED_EDGE('',*,*,#846,.F.);
#12449 = ORIENTED_EDGE('',*,*,#12450,.F.);
#12450 = EDGE_CURVE('',#12426,#839,#12451,.T.);
#12451 = LINE('',#12452,#12453);
#12452 = CARTESIAN_POINT('',(24.497100830078,-1.565780043602,1.));
#12453 = VECTOR('',#12454,1.);
#12454 = DIRECTION('',(-9.227804967818E-02,0.701059326938,
    -0.707107192483));
#12455 = PLANE('',#12456);
#12456 = AXIS2_PLACEMENT_3D('',#12457,#12458,#12459);
#12457 = CARTESIAN_POINT('',(24.312393189933,-1.018275131035,
    0.440389219773));
#12458 = DIRECTION('',(4.629508825503E-02,-0.706348542214,
    -0.706348711131));
#12459 = DIRECTION('',(-3.469446951954E-18,-0.707106865736,
    0.707106696637));
#12460 = ADVANCED_FACE('',(#12461),#12471,.T.);
#12461 = FACE_BOUND('',#12462,.T.);
#12462 = EDGE_LOOP('',(#12463,#12464,#12465));
#12463 = ORIENTED_EDGE('',*,*,#12450,.T.);
#12464 = ORIENTED_EDGE('',*,*,#838,.T.);
#12465 = ORIENTED_EDGE('',*,*,#12466,.T.);
#12466 = EDGE_CURVE('',#831,#12426,#12467,.T.);
#12467 = LINE('',#12468,#12469);
#12468 = CARTESIAN_POINT('',(24.751499176025,-0.497776001692,0.));
#12469 = VECTOR('',#12470,1.);
#12470 = DIRECTION('',(-0.171307117651,-0.719174070799,0.67338141297));
#12471 = PLANE('',#12472);
#12472 = AXIS2_PLACEMENT_3D('',#12473,#12474,#12475);
#12473 = CARTESIAN_POINT('',(24.53383855198,-0.989123008014,
    0.44038951927));
#12474 = DIRECTION('',(0.138090329237,-0.694264948401,-0.706347819699));
#12475 = DIRECTION('',(0.,-0.713180344987,0.700980595684));
#12476 = ADVANCED_FACE('',(#12477),#12494,.T.);
#12477 = FACE_BOUND('',#12478,.T.);
#12478 = EDGE_LOOP('',(#12479,#12487,#12488));
#12479 = ORIENTED_EDGE('',*,*,#12480,.F.);
#12480 = EDGE_CURVE('',#12426,#12481,#12483,.T.);
#12481 = VERTEX_POINT('',#12482);
#12482 = CARTESIAN_POINT('',(25.010299682617,-1.463700056076,1.));
#12483 = LINE('',#12484,#12485);
#12484 = CARTESIAN_POINT('',(24.497100830078,-1.565780043602,1.));
#12485 = VECTOR('',#12486,1.);
#12486 = DIRECTION('',(0.980785869567,0.195087360067,0.));
#12487 = ORIENTED_EDGE('',*,*,#12466,.F.);
#12488 = ORIENTED_EDGE('',*,*,#12489,.F.);
#12489 = EDGE_CURVE('',#12481,#831,#12490,.T.);
#12490 = LINE('',#12491,#12492);
#12491 = CARTESIAN_POINT('',(25.010299682617,-1.463700056076,1.));
#12492 = VECTOR('',#12493,1.);
#12493 = DIRECTION('',(-0.183000188804,0.683013672,-0.707109082645));
#12494 = PLANE('',#12495);
#12495 = AXIS2_PLACEMENT_3D('',#12496,#12497,#12498);
#12496 = CARTESIAN_POINT('',(24.75011263107,-1.084525940653,
    0.576442960752));
#12497 = DIRECTION('',(0.138095735738,-0.694265103658,-0.70634661011));
#12498 = DIRECTION('',(-1.387778780781E-17,-0.713179666508,
    0.700981285969));
#12499 = ADVANCED_FACE('',(#12500),#12517,.T.);
#12500 = FACE_BOUND('',#12501,.T.);
#12501 = EDGE_LOOP('',(#12502,#12503,#12511));
#12502 = ORIENTED_EDGE('',*,*,#12489,.T.);
#12503 = ORIENTED_EDGE('',*,*,#12504,.T.);
#12504 = EDGE_CURVE('',#831,#12505,#12507,.T.);
#12505 = VERTEX_POINT('',#12506);
#12506 = CARTESIAN_POINT('',(25.505699157715,-1.295519948006,1.));
#12507 = LINE('',#12508,#12509);
#12508 = CARTESIAN_POINT('',(24.751499176025,-0.497776001692,0.));
#12509 = VECTOR('',#12510,1.);
#12510 = DIRECTION('',(0.507880155524,-0.537202770298,0.673402503121));
#12511 = ORIENTED_EDGE('',*,*,#12512,.T.);
#12512 = EDGE_CURVE('',#12505,#12481,#12513,.T.);
#12513 = LINE('',#12514,#12515);
#12514 = CARTESIAN_POINT('',(25.505699157715,-1.295519948006,1.));
#12515 = VECTOR('',#12516,1.);
#12516 = DIRECTION('',(-0.946921607844,-0.321464568185,0.));
#12517 = PLANE('',#12518);
#12518 = AXIS2_PLACEMENT_3D('',#12519,#12520,#12521);
#12519 = CARTESIAN_POINT('',(25.046024580463,-1.005225078685,
    0.576433568413));
#12520 = DIRECTION('',(0.227554316288,-0.670295019658,-0.706345255354));
#12521 = DIRECTION('',(1.387778780781E-17,-0.725375191203,0.688353711392
    ));
#12522 = ADVANCED_FACE('',(#12523),#12533,.T.);
#12523 = FACE_BOUND('',#12524,.T.);
#12524 = EDGE_LOOP('',(#12525,#12526,#12527));
#12525 = ORIENTED_EDGE('',*,*,#12504,.F.);
#12526 = ORIENTED_EDGE('',*,*,#830,.F.);
#12527 = ORIENTED_EDGE('',*,*,#12528,.F.);
#12528 = EDGE_CURVE('',#12505,#823,#12529,.T.);
#12529 = LINE('',#12530,#12531);
#12530 = CARTESIAN_POINT('',(25.505699157715,-1.295519948006,1.));
#12531 = VECTOR('',#12532,1.);
#12532 = DIRECTION('',(-0.270608456683,0.653280805424,-0.707103424144));
#12533 = PLANE('',#12534);
#12534 = AXIS2_PLACEMENT_3D('',#12535,#12536,#12537);
#12535 = CARTESIAN_POINT('',(25.185599409742,-0.814489654232,
    0.440403306837));
#12536 = DIRECTION('',(0.22758530594,-0.670275922614,-0.706353393199));
#12537 = DIRECTION('',(-1.387778780781E-17,-0.72538894334,0.688339219339
    ));
#12538 = ADVANCED_FACE('',(#12539),#12549,.T.);
#12539 = FACE_BOUND('',#12540,.T.);
#12540 = EDGE_LOOP('',(#12541,#12542,#12543));
#12541 = ORIENTED_EDGE('',*,*,#12528,.T.);
#12542 = ORIENTED_EDGE('',*,*,#822,.F.);
#12543 = ORIENTED_EDGE('',*,*,#12544,.T.);
#12544 = EDGE_CURVE('',#815,#12505,#12545,.T.);
#12545 = LINE('',#12546,#12547);
#12546 = CARTESIAN_POINT('',(25.47500038147,-0.198074996471,0.));
#12547 = VECTOR('',#12548,1.);
#12548 = DIRECTION('',(2.067209459958E-02,-0.73900293858,0.673384972564)
  );
#12549 = PLANE('',#12550);
#12550 = AXIS2_PLACEMENT_3D('',#12551,#12552,#12553);
#12551 = CARTESIAN_POINT('',(25.391920446758,-0.729004852075,
    0.440386057034));
#12552 = DIRECTION('',(0.313040676125,-0.634878007603,-0.706353629956));
#12553 = DIRECTION('',(-2.775557561563E-17,-0.743733904498,
    0.668475788118));
#12554 = ADVANCED_FACE('',(#12555),#12572,.T.);
#12555 = FACE_BOUND('',#12556,.T.);
#12556 = EDGE_LOOP('',(#12557,#12558,#12566));
#12557 = ORIENTED_EDGE('',*,*,#12544,.F.);
#12558 = ORIENTED_EDGE('',*,*,#12559,.F.);
#12559 = EDGE_CURVE('',#12560,#815,#12562,.T.);
#12560 = VERTEX_POINT('',#12561);
#12561 = CARTESIAN_POINT('',(25.97500038147,-1.064100027084,1.));
#12562 = LINE('',#12563,#12564);
#12563 = CARTESIAN_POINT('',(25.97500038147,-1.064100027084,1.));
#12564 = VECTOR('',#12565,1.);
#12565 = DIRECTION('',(-0.353553447723,0.612372270776,-0.707106895447));
#12566 = ORIENTED_EDGE('',*,*,#12567,.F.);
#12567 = EDGE_CURVE('',#12505,#12560,#12568,.T.);
#12568 = LINE('',#12569,#12570);
#12569 = CARTESIAN_POINT('',(25.505699157715,-1.295519948006,1.));
#12570 = VECTOR('',#12571,1.);
#12571 = DIRECTION('',(0.896883226429,0.442267428317,0.));
#12572 = PLANE('',#12573);
#12573 = AXIS2_PLACEMENT_3D('',#12574,#12575,#12576);
#12574 = CARTESIAN_POINT('',(25.625531568244,-0.765187110865,
    0.576443680789));
#12575 = DIRECTION('',(0.313065561592,-0.634872099972,-0.706347910609));
#12576 = DIRECTION('',(2.775557561563E-17,-0.743734306021,0.66847534139)
  );
#12577 = ADVANCED_FACE('',(#12578),#12593,.T.);
#12578 = FACE_BOUND('',#12579,.T.);
#12579 = EDGE_LOOP('',(#12580,#12586,#12592));
#12580 = ORIENTED_EDGE('',*,*,#12581,.T.);
#12581 = EDGE_CURVE('',#12396,#799,#12582,.T.);
#12582 = LINE('',#12583,#12584);
#12583 = CARTESIAN_POINT('',(26.409999847412,-0.773413002491,1.));
#12584 = VECTOR('',#12585,1.);
#12585 = DIRECTION('',(-0.211241667495,0.708466931027,-0.673388124008));
#12586 = ORIENTED_EDGE('',*,*,#12587,.T.);
#12587 = EDGE_CURVE('',#799,#12404,#12588,.T.);
#12588 = LINE('',#12589,#12590);
#12589 = CARTESIAN_POINT('',(26.096300125122,0.278679996729,0.));
#12590 = VECTOR('',#12591,1.);
#12591 = DIRECTION('',(0.499996497519,-0.50000079651,0.707108694585));
#12592 = ORIENTED_EDGE('',*,*,#12403,.T.);
#12593 = PLANE('',#12594);
#12594 = AXIS2_PLACEMENT_3D('',#12595,#12596,#12597);
#12595 = CARTESIAN_POINT('',(26.38848078367,-0.230142416861,
    0.576441660784));
#12596 = DIRECTION('',(0.466716808432,-0.532212748625,-0.706346240117));
#12597 = DIRECTION('',(0.,-0.798666660284,0.601773683165));
#12598 = ADVANCED_FACE('',(#12599),#12609,.T.);
#12599 = FACE_BOUND('',#12600,.T.);
#12600 = EDGE_LOOP('',(#12601,#12607,#12608));
#12601 = ORIENTED_EDGE('',*,*,#12602,.T.);
#12602 = EDGE_CURVE('',#12396,#807,#12603,.T.);
#12603 = LINE('',#12604,#12605);
#12604 = CARTESIAN_POINT('',(26.409999847412,-0.773413002491,1.));
#12605 = VECTOR('',#12606,1.);
#12606 = DIRECTION('',(-0.430423818617,0.560996080532,-0.707120027997));
#12607 = ORIENTED_EDGE('',*,*,#806,.T.);
#12608 = ORIENTED_EDGE('',*,*,#12581,.F.);
#12609 = PLANE('',#12610);
#12610 = AXIS2_PLACEMENT_3D('',#12611,#12612,#12613);
#12611 = CARTESIAN_POINT('',(26.153497424293,-0.255660465875,
    0.440395110813));
#12612 = DIRECTION('',(0.466769765442,-0.532184166714,-0.706332781888));
#12613 = DIRECTION('',(-2.775557561563E-17,-0.798676682225,
    0.601760381938));
#12614 = ADVANCED_FACE('',(#12615),#12625,.T.);
#12615 = FACE_BOUND('',#12616,.T.);
#12616 = EDGE_LOOP('',(#12617,#12623,#12624));
#12617 = ORIENTED_EDGE('',*,*,#12618,.T.);
#12618 = EDGE_CURVE('',#12396,#815,#12619,.T.);
#12619 = LINE('',#12620,#12621);
#12620 = CARTESIAN_POINT('',(26.409999847412,-0.773413002491,1.));
#12621 = VECTOR('',#12622,1.);
#12622 = DIRECTION('',(-0.629627439484,0.387431874309,-0.673398715634));
#12623 = ORIENTED_EDGE('',*,*,#814,.T.);
#12624 = ORIENTED_EDGE('',*,*,#12602,.F.);
#12625 = PLANE('',#12626);
#12626 = AXIS2_PLACEMENT_3D('',#12627,#12628,#12629);
#12627 = CARTESIAN_POINT('',(25.976309584415,-0.391618515726,
    0.440389409511));
#12628 = DIRECTION('',(0.393261480935,-0.588587284196,-0.706335909108));
#12629 = DIRECTION('',(-2.775557561563E-17,-0.76823517264,0.640167727645
    ));
#12630 = ADVANCED_FACE('',(#12631),#12641,.T.);
#12631 = FACE_BOUND('',#12632,.T.);
#12632 = EDGE_LOOP('',(#12633,#12634,#12635));
#12633 = ORIENTED_EDGE('',*,*,#12559,.T.);
#12634 = ORIENTED_EDGE('',*,*,#12618,.F.);
#12635 = ORIENTED_EDGE('',*,*,#12636,.T.);
#12636 = EDGE_CURVE('',#12396,#12560,#12637,.T.);
#12637 = LINE('',#12638,#12639);
#12638 = CARTESIAN_POINT('',(26.409999847412,-0.773413002491,1.));
#12639 = VECTOR('',#12640,1.);
#12640 = DIRECTION('',(-0.831443411178,-0.555609443772,0.));
#12641 = PLANE('',#12642);
#12642 = AXIS2_PLACEMENT_3D('',#12643,#12644,#12645);
#12643 = CARTESIAN_POINT('',(25.890842106822,-0.61199818543,
    0.576435447877));
#12644 = DIRECTION('',(0.393296686018,-0.588550000173,-0.706347374926));
#12645 = DIRECTION('',(2.775557561563E-17,-0.768260226249,0.640137660792
    ));
#12646 = ADVANCED_FACE('',(#12647),#12664,.T.);
#12647 = FACE_BOUND('',#12648,.T.);
#12648 = EDGE_LOOP('',(#12649,#12650,#12658));
#12649 = ORIENTED_EDGE('',*,*,#12587,.F.);
#12650 = ORIENTED_EDGE('',*,*,#12651,.F.);
#12651 = EDGE_CURVE('',#12652,#799,#12654,.T.);
#12652 = VERTEX_POINT('',#12653);
#12653 = CARTESIAN_POINT('',(27.148399353027,-3.50446999073E-02,1.));
#12654 = LINE('',#12655,#12656);
#12655 = CARTESIAN_POINT('',(27.148399353027,-3.50446999073E-02,1.));
#12656 = VECTOR('',#12657,1.);
#12657 = DIRECTION('',(-0.708466503166,0.211257106637,-0.673383730712));
#12658 = ORIENTED_EDGE('',*,*,#12659,.F.);
#12659 = EDGE_CURVE('',#12404,#12652,#12660,.T.);
#12660 = LINE('',#12661,#12662);
#12661 = CARTESIAN_POINT('',(26.803400039673,-0.428425997496,1.));
#12662 = VECTOR('',#12663,1.);
#12663 = DIRECTION('',(0.659360047622,0.751827325654,0.));
#12664 = PLANE('',#12665);
#12665 = AXIS2_PLACEMENT_3D('',#12666,#12667,#12668);
#12666 = CARTESIAN_POINT('',(26.605122034297,-1.350893854587E-02,
    0.57644069066));
#12667 = DIRECTION('',(0.532192808918,-0.466738390398,-0.706347003296));
#12668 = DIRECTION('',(-0.798677808695,-2.775557561563E-17,
    -0.601758886846));
#12669 = ADVANCED_FACE('',(#12670),#12685,.T.);
#12670 = FACE_BOUND('',#12671,.T.);
#12671 = EDGE_LOOP('',(#12672,#12678,#12679));
#12672 = ORIENTED_EDGE('',*,*,#12673,.T.);
#12673 = EDGE_CURVE('',#12652,#791,#12674,.T.);
#12674 = LINE('',#12675,#12676);
#12675 = CARTESIAN_POINT('',(27.148399353027,-3.50446999073E-02,1.));
#12676 = VECTOR('',#12677,1.);
#12677 = DIRECTION('',(-0.560959185929,0.43046823215,-0.707122261587));
#12678 = ORIENTED_EDGE('',*,*,#790,.T.);
#12679 = ORIENTED_EDGE('',*,*,#12680,.T.);
#12680 = EDGE_CURVE('',#783,#12652,#12681,.T.);
#12681 = LINE('',#12682,#12683);
#12682 = CARTESIAN_POINT('',(26.573099136353,0.899999976158,0.));
#12683 = VECTOR('',#12684,1.);
#12684 = DIRECTION('',(0.387402820175,-0.629652021671,0.673392446146));
#12685 = PLANE('',#12686);
#12686 = AXIS2_PLACEMENT_3D('',#12687,#12688,#12689);
#12687 = CARTESIAN_POINT('',(26.766633125318,0.398673179247,
    0.44039257845));
#12688 = DIRECTION('',(0.588596320668,-0.393255940065,-0.706331463903));
#12689 = DIRECTION('',(-0.76822835767,0.,-0.640175905882));
#12690 = ADVANCED_FACE('',(#12691),#12696,.T.);
#12691 = FACE_BOUND('',#12692,.T.);
#12692 = EDGE_LOOP('',(#12693,#12694,#12695));
#12693 = ORIENTED_EDGE('',*,*,#12651,.T.);
#12694 = ORIENTED_EDGE('',*,*,#798,.F.);
#12695 = ORIENTED_EDGE('',*,*,#12673,.F.);
#12696 = PLANE('',#12697);
#12697 = AXIS2_PLACEMENT_3D('',#12698,#12699,#12700);
#12698 = CARTESIAN_POINT('',(26.630651594438,0.221485372679,
    0.440386219616));
#12699 = DIRECTION('',(0.532159103688,-0.466800835086,-0.70633113249));
#12700 = DIRECTION('',(-0.798689627318,0.,-0.601743200389));
#12701 = ADVANCED_FACE('',(#12702),#12719,.T.);
#12702 = FACE_BOUND('',#12703,.T.);
#12703 = EDGE_LOOP('',(#12704,#12705,#12713));
#12704 = ORIENTED_EDGE('',*,*,#12680,.F.);
#12705 = ORIENTED_EDGE('',*,*,#12706,.F.);
#12706 = EDGE_CURVE('',#12707,#783,#12709,.T.);
#12707 = VERTEX_POINT('',#12708);
#12708 = CARTESIAN_POINT('',(27.439100265503,0.40000000596,1.));
#12709 = LINE('',#12710,#12711);
#12710 = CARTESIAN_POINT('',(27.439100265503,0.40000000596,1.));
#12711 = VECTOR('',#12712,1.);
#12712 = DIRECTION('',(-0.612361712115,0.35355708844,-0.707114219026));
#12713 = ORIENTED_EDGE('',*,*,#12714,.T.);
#12714 = EDGE_CURVE('',#12707,#12652,#12715,.T.);
#12715 = LINE('',#12716,#12717);
#12716 = CARTESIAN_POINT('',(27.439100265503,0.40000000596,1.));
#12717 = VECTOR('',#12718,1.);
#12718 = DIRECTION('',(-0.555587850321,-0.831457840528,0.));
#12719 = PLANE('',#12720);
#12720 = AXIS2_PLACEMENT_3D('',#12721,#12722,#12723);
#12721 = CARTESIAN_POINT('',(26.987007944239,0.484140080934,
    0.576441076394));
#12722 = DIRECTION('',(0.588565567225,-0.393284977696,-0.706340922923));
#12723 = DIRECTION('',(-0.768249023774,-2.775557561563E-17,
    -0.640151105186));
#12724 = ADVANCED_FACE('',(#12725),#12742,.T.);
#12725 = FACE_BOUND('',#12726,.T.);
#12726 = EDGE_LOOP('',(#12727,#12735,#12736));
#12727 = ORIENTED_EDGE('',*,*,#12728,.T.);
#12728 = EDGE_CURVE('',#12729,#783,#12731,.T.);
#12729 = VERTEX_POINT('',#12730);
#12730 = CARTESIAN_POINT('',(27.670499801636,0.869266986847,1.));
#12731 = LINE('',#12732,#12733);
#12732 = CARTESIAN_POINT('',(27.670499801636,0.869266986847,1.));
#12733 = VECTOR('',#12734,1.);
#12734 = DIRECTION('',(-0.738989050661,2.069557939371E-02,
    -0.673399492127));
#12735 = ORIENTED_EDGE('',*,*,#782,.T.);
#12736 = ORIENTED_EDGE('',*,*,#12737,.T.);
#12737 = EDGE_CURVE('',#775,#12729,#12738,.T.);
#12738 = LINE('',#12739,#12740);
#12739 = CARTESIAN_POINT('',(26.746599197388,1.251950025558,0.));
#12740 = VECTOR('',#12741,1.);
#12741 = DIRECTION('',(0.653290072529,-0.270595158143,0.70709995158));
#12742 = PLANE('',#12743);
#12743 = AXIS2_PLACEMENT_3D('',#12744,#12745,#12746);
#12744 = CARTESIAN_POINT('',(27.104002425418,0.983049862424,
    0.440395403575));
#12745 = DIRECTION('',(0.634899887779,-0.312985236026,-0.70635853115));
#12746 = DIRECTION('',(-0.743724756858,0.,-0.668485965475));
#12747 = ADVANCED_FACE('',(#12748),#12758,.T.);
#12748 = FACE_BOUND('',#12749,.T.);
#12749 = EDGE_LOOP('',(#12750,#12751,#12752));
#12750 = ORIENTED_EDGE('',*,*,#12737,.F.);
#12751 = ORIENTED_EDGE('',*,*,#774,.T.);
#12752 = ORIENTED_EDGE('',*,*,#12753,.F.);
#12753 = EDGE_CURVE('',#12729,#767,#12754,.T.);
#12754 = LINE('',#12755,#12756);
#12755 = CARTESIAN_POINT('',(27.670499801636,0.869266986847,1.));
#12756 = VECTOR('',#12757,1.);
#12757 = DIRECTION('',(-0.537167799305,0.507924932828,-0.673396627554));
#12758 = PLANE('',#12759);
#12759 = AXIS2_PLACEMENT_3D('',#12760,#12761,#12762);
#12760 = CARTESIAN_POINT('',(27.189465699104,1.189390830731,
    0.440389571138));
#12761 = DIRECTION('',(0.670252851016,-0.227635291339,-0.70635917906));
#12762 = DIRECTION('',(-0.72540358905,0.,-0.688323784997));
#12763 = ADVANCED_FACE('',(#12764),#12781,.T.);
#12764 = FACE_BOUND('',#12765,.T.);
#12765 = EDGE_LOOP('',(#12766,#12767,#12775));
#12766 = ORIENTED_EDGE('',*,*,#12753,.T.);
#12767 = ORIENTED_EDGE('',*,*,#12768,.T.);
#12768 = EDGE_CURVE('',#767,#12769,#12771,.T.);
#12769 = VERTEX_POINT('',#12770);
#12770 = CARTESIAN_POINT('',(27.83869934082,1.364719986916,1.));
#12771 = LINE('',#12772,#12773);
#12772 = CARTESIAN_POINT('',(26.872800827026,1.623540043831,0.));
#12773 = VECTOR('',#12774,1.);
#12774 = DIRECTION('',(0.683002308972,-0.183015807517,0.707116016039));
#12775 = ORIENTED_EDGE('',*,*,#12776,.T.);
#12776 = EDGE_CURVE('',#12769,#12729,#12777,.T.);
#12777 = LINE('',#12778,#12779);
#12778 = CARTESIAN_POINT('',(27.83869934082,1.364719986916,1.));
#12779 = VECTOR('',#12780,1.);
#12780 = DIRECTION('',(-0.321466727901,-0.946920874652,0.));
#12781 = PLANE('',#12782);
#12782 = AXIS2_PLACEMENT_3D('',#12783,#12784,#12785);
#12783 = CARTESIAN_POINT('',(27.380235396285,1.32898315819,
    0.576440634538));
#12784 = DIRECTION('',(0.670300549879,-0.227557898709,-0.706338853219));
#12785 = DIRECTION('',(-0.7253692402,0.,-0.688359982402));
#12786 = ADVANCED_FACE('',(#12787),#12797,.T.);
#12787 = FACE_BOUND('',#12788,.T.);
#12788 = EDGE_LOOP('',(#12789,#12790,#12791));
#12789 = ORIENTED_EDGE('',*,*,#12706,.T.);
#12790 = ORIENTED_EDGE('',*,*,#12728,.F.);
#12791 = ORIENTED_EDGE('',*,*,#12792,.T.);
#12792 = EDGE_CURVE('',#12729,#12707,#12793,.T.);
#12793 = LINE('',#12794,#12795);
#12794 = CARTESIAN_POINT('',(27.670499801636,0.869266986847,1.));
#12795 = VECTOR('',#12796,1.);
#12796 = DIRECTION('',(-0.442262048791,-0.896885879139,0.));
#12797 = PLANE('',#12798);
#12798 = AXIS2_PLACEMENT_3D('',#12799,#12800,#12801);
#12799 = CARTESIAN_POINT('',(27.140187425285,0.749459253744,
    0.576439806511));
#12800 = DIRECTION('',(0.634880911376,-0.313065172654,-0.706340163124));
#12801 = DIRECTION('',(-0.74372604807,2.775557561563E-17,-0.668484528933
    ));
#12802 = ADVANCED_FACE('',(#12803),#12820,.T.);
#12803 = FACE_BOUND('',#12804,.T.);
#12804 = EDGE_LOOP('',(#12805,#12806,#12814));
#12805 = ORIENTED_EDGE('',*,*,#12768,.F.);
#12806 = ORIENTED_EDGE('',*,*,#12807,.T.);
#12807 = EDGE_CURVE('',#767,#12808,#12810,.T.);
#12808 = VERTEX_POINT('',#12809);
#12809 = CARTESIAN_POINT('',(27.940799713135,1.877900004387,1.));
#12810 = LINE('',#12811,#12812);
#12811 = CARTESIAN_POINT('',(26.872800827026,1.623540043831,0.));
#12812 = VECTOR('',#12813,1.);
#12813 = DIRECTION('',(0.719175578891,0.171282455683,0.673386075815));
#12814 = ORIENTED_EDGE('',*,*,#12815,.T.);
#12815 = EDGE_CURVE('',#12808,#12769,#12816,.T.);
#12816 = LINE('',#12817,#12818);
#12817 = CARTESIAN_POINT('',(27.940799713135,1.877900004387,1.));
#12818 = VECTOR('',#12819,1.);
#12819 = DIRECTION('',(-0.195131723684,-0.980777044191,0.));
#12820 = PLANE('',#12821);
#12821 = AXIS2_PLACEMENT_3D('',#12822,#12823,#12824);
#12822 = CARTESIAN_POINT('',(27.459540780956,1.624909960123,
    0.576441706179));
#12823 = DIRECTION('',(0.694265201337,-0.138128401591,-0.706340126912));
#12824 = DIRECTION('',(-0.713176400683,0.,-0.700984608611));
#12825 = ADVANCED_FACE('',(#12826),#12836,.T.);
#12826 = FACE_BOUND('',#12827,.T.);
#12827 = EDGE_LOOP('',(#12828,#12829,#12830));
#12828 = ORIENTED_EDGE('',*,*,#12807,.F.);
#12829 = ORIENTED_EDGE('',*,*,#766,.F.);
#12830 = ORIENTED_EDGE('',*,*,#12831,.F.);
#12831 = EDGE_CURVE('',#12808,#759,#12832,.T.);
#12832 = LINE('',#12833,#12834);
#12833 = CARTESIAN_POINT('',(27.940799713135,1.877900004387,1.));
#12834 = VECTOR('',#12835,1.);
#12835 = DIRECTION('',(-0.701077115795,9.22891302196E-02,-0.707088109186
    ));
#12836 = PLANE('',#12837);
#12837 = AXIS2_PLACEMENT_3D('',#12838,#12839,#12840);
#12838 = CARTESIAN_POINT('',(27.364134828852,1.841180190762,
    0.440394031728));
#12839 = DIRECTION('',(0.694261328117,-0.137993547548,-0.706370291785));
#12840 = DIRECTION('',(-0.713193321073,0.,-0.700967393519));
#12841 = ADVANCED_FACE('',(#12842),#12852,.T.);
#12842 = FACE_BOUND('',#12843,.T.);
#12843 = EDGE_LOOP('',(#12844,#12845,#12846));
#12844 = ORIENTED_EDGE('',*,*,#12831,.T.);
#12845 = ORIENTED_EDGE('',*,*,#758,.F.);
#12846 = ORIENTED_EDGE('',*,*,#12847,.T.);
#12847 = EDGE_CURVE('',#751,#12808,#12848,.T.);
#12848 = LINE('',#12849,#12850);
#12849 = CARTESIAN_POINT('',(26.97500038147,2.400000095367,0.));
#12850 = VECTOR('',#12851,1.);
#12851 = DIRECTION('',(0.650350477839,-0.351572042469,0.673380542434));
#12852 = PLANE('',#12853);
#12853 = AXIS2_PLACEMENT_3D('',#12854,#12855,#12856);
#12854 = CARTESIAN_POINT('',(27.393278433468,2.062610952996,
    0.440392439825));
#12855 = DIRECTION('',(0.706323644187,-4.635640533106E-02,
    -0.706369586936));
#12856 = DIRECTION('',(-0.707129776909,3.469446951954E-18,
    -0.707083784717));
#12857 = ADVANCED_FACE('',(#12858),#12875,.T.);
#12858 = FACE_BOUND('',#12859,.T.);
#12859 = EDGE_LOOP('',(#12860,#12861,#12869));
#12860 = ORIENTED_EDGE('',*,*,#12847,.F.);
#12861 = ORIENTED_EDGE('',*,*,#12862,.F.);
#12862 = EDGE_CURVE('',#12863,#751,#12865,.T.);
#12863 = VERTEX_POINT('',#12864);
#12864 = CARTESIAN_POINT('',(27.97500038147,2.400000095367,1.));
#12865 = LINE('',#12866,#12867);
#12866 = CARTESIAN_POINT('',(27.97500038147,2.400000095367,1.));
#12867 = VECTOR('',#12868,1.);
#12868 = DIRECTION('',(-0.707106781187,0.,-0.707106781187));
#12869 = ORIENTED_EDGE('',*,*,#12870,.F.);
#12870 = EDGE_CURVE('',#12808,#12863,#12871,.T.);
#12871 = LINE('',#12872,#12873);
#12872 = CARTESIAN_POINT('',(27.940799713135,1.877900004387,1.));
#12873 = VECTOR('',#12874,1.);
#12874 = DIRECTION('',(6.536586790645E-02,0.997861364776,0.));
#12875 = PLANE('',#12876);
#12876 = AXIS2_PLACEMENT_3D('',#12877,#12878,#12879);
#12877 = CARTESIAN_POINT('',(27.5414047883,2.246819441648,0.576438652799
    ));
#12878 = DIRECTION('',(0.706349445353,-4.627009940514E-02,
    -0.706349445353));
#12879 = DIRECTION('',(0.707106781187,0.,0.707106781187));
#12880 = ADVANCED_FACE('',(#12881),#12906,.T.);
#12881 = FACE_BOUND('',#12882,.T.);
#12882 = EDGE_LOOP('',(#12883,#12884,#12892,#12900));
#12883 = ORIENTED_EDGE('',*,*,#1860,.T.);
#12884 = ORIENTED_EDGE('',*,*,#12885,.T.);
#12885 = EDGE_CURVE('',#1853,#12886,#12888,.T.);
#12886 = VERTEX_POINT('',#12887);
#12887 = CARTESIAN_POINT('',(-26.40999984741,-0.773413002491,1.));
#12888 = LINE('',#12889,#12890);
#12889 = CARTESIAN_POINT('',(-26.40999984741,-0.773413002491,
    4.199999809265));
#12890 = VECTOR('',#12891,1.);
#12891 = DIRECTION('',(0.,0.,-1.));
#12892 = ORIENTED_EDGE('',*,*,#12893,.F.);
#12893 = EDGE_CURVE('',#12894,#12886,#12896,.T.);
#12894 = VERTEX_POINT('',#12895);
#12895 = CARTESIAN_POINT('',(-25.97500038147,-1.064100027084,1.));
#12896 = LINE('',#12897,#12898);
#12897 = CARTESIAN_POINT('',(-25.97500038147,-1.064100027084,1.));
#12898 = VECTOR('',#12899,1.);
#12899 = DIRECTION('',(-0.831443411178,0.555609443772,0.));
#12900 = ORIENTED_EDGE('',*,*,#12901,.F.);
#12901 = EDGE_CURVE('',#1861,#12894,#12902,.T.);
#12902 = LINE('',#12903,#12904);
#12903 = CARTESIAN_POINT('',(-25.97500038147,-1.064100027084,
    4.199999809265));
#12904 = VECTOR('',#12905,1.);
#12905 = DIRECTION('',(0.,0.,-1.));
#12906 = PLANE('',#12907);
#12907 = AXIS2_PLACEMENT_3D('',#12908,#12909,#12910);
#12908 = CARTESIAN_POINT('',(-26.19250011444,-0.918756514788,
    2.599999904633));
#12909 = DIRECTION('',(-0.555609443772,-0.831443411178,-0.));
#12910 = DIRECTION('',(-0.831443411178,0.555609443772,0.));
#12911 = ADVANCED_FACE('',(#12912),#12936,.T.);
#12912 = FACE_BOUND('',#12913,.T.);
#12913 = EDGE_LOOP('',(#12914,#12924,#12930));
#12914 = ORIENTED_EDGE('',*,*,#12915,.T.);
#12915 = EDGE_CURVE('',#12916,#12918,#12920,.T.);
#12916 = VERTEX_POINT('',#12917);
#12917 = CARTESIAN_POINT('',(-27.67049980163,0.869266986847,1.));
#12918 = VERTEX_POINT('',#12919);
#12919 = CARTESIAN_POINT('',(-27.83869934082,1.364719986916,1.));
#12920 = LINE('',#12921,#12922);
#12921 = CARTESIAN_POINT('',(-27.67049980163,0.869266986847,1.));
#12922 = VECTOR('',#12923,1.);
#12923 = DIRECTION('',(-0.321466727901,0.946920874652,0.));
#12924 = ORIENTED_EDGE('',*,*,#12925,.T.);
#12925 = EDGE_CURVE('',#12918,#958,#12926,.T.);
#12926 = LINE('',#12927,#12928);
#12927 = CARTESIAN_POINT('',(-27.83869934082,1.364719986916,1.));
#12928 = VECTOR('',#12929,1.);
#12929 = DIRECTION('',(0.683002308972,0.183015807517,-0.707116016039));
#12930 = ORIENTED_EDGE('',*,*,#12931,.T.);
#12931 = EDGE_CURVE('',#958,#12916,#12932,.T.);
#12932 = LINE('',#12933,#12934);
#12933 = CARTESIAN_POINT('',(-26.87280082702,1.623540043831,0.));
#12934 = VECTOR('',#12935,1.);
#12935 = DIRECTION('',(-0.537167799305,-0.507924932828,0.673396627554));
#12936 = PLANE('',#12937);
#12937 = AXIS2_PLACEMENT_3D('',#12938,#12939,#12940);
#12938 = CARTESIAN_POINT('',(-27.38023539628,1.32898315819,
    0.576440634538));
#12939 = DIRECTION('',(-0.670300549879,-0.227557898709,-0.706338853219)
  );
#12940 = DIRECTION('',(-0.7253692402,-1.387778780781E-17,0.688359982402)
  );
#12941 = ADVANCED_FACE('',(#12942),#12952,.T.);
#12942 = FACE_BOUND('',#12943,.T.);
#12943 = EDGE_LOOP('',(#12944,#12950,#12951));
#12944 = ORIENTED_EDGE('',*,*,#12945,.T.);
#12945 = EDGE_CURVE('',#950,#12916,#12946,.T.);
#12946 = LINE('',#12947,#12948);
#12947 = CARTESIAN_POINT('',(-26.74659919738,1.251950025558,0.));
#12948 = VECTOR('',#12949,1.);
#12949 = DIRECTION('',(-0.653290072529,-0.270595158143,0.70709995158));
#12950 = ORIENTED_EDGE('',*,*,#12931,.F.);
#12951 = ORIENTED_EDGE('',*,*,#957,.F.);
#12952 = PLANE('',#12953);
#12953 = AXIS2_PLACEMENT_3D('',#12954,#12955,#12956);
#12954 = CARTESIAN_POINT('',(-27.1894656991,1.189390830731,
    0.440389571138));
#12955 = DIRECTION('',(-0.670252851016,-0.227635291339,-0.70635917906));
#12956 = DIRECTION('',(-0.72540358905,2.775557561563E-17,0.688323784997)
  );
#12957 = ADVANCED_FACE('',(#12958),#12975,.T.);
#12958 = FACE_BOUND('',#12959,.T.);
#12959 = EDGE_LOOP('',(#12960,#12968,#12974));
#12960 = ORIENTED_EDGE('',*,*,#12961,.F.);
#12961 = EDGE_CURVE('',#12962,#12918,#12964,.T.);
#12962 = VERTEX_POINT('',#12963);
#12963 = CARTESIAN_POINT('',(-27.94079971313,1.877900004387,1.));
#12964 = LINE('',#12965,#12966);
#12965 = CARTESIAN_POINT('',(-27.94079971313,1.877900004387,1.));
#12966 = VECTOR('',#12967,1.);
#12967 = DIRECTION('',(0.195131723684,-0.980777044191,0.));
#12968 = ORIENTED_EDGE('',*,*,#12969,.T.);
#12969 = EDGE_CURVE('',#12962,#958,#12970,.T.);
#12970 = LINE('',#12971,#12972);
#12971 = CARTESIAN_POINT('',(-27.94079971313,1.877900004387,1.));
#12972 = VECTOR('',#12973,1.);
#12973 = DIRECTION('',(0.719175578891,-0.171282455683,-0.673386075815));
#12974 = ORIENTED_EDGE('',*,*,#12925,.F.);
#12975 = PLANE('',#12976);
#12976 = AXIS2_PLACEMENT_3D('',#12977,#12978,#12979);
#12977 = CARTESIAN_POINT('',(-27.45954078095,1.624909960123,
    0.576441706179));
#12978 = DIRECTION('',(-0.694265201337,-0.138128401591,-0.706340126912)
  );
#12979 = DIRECTION('',(-0.713176400683,-1.387778780781E-17,
    0.700984608611));
#12980 = ADVANCED_FACE('',(#12981),#12991,.T.);
#12981 = FACE_BOUND('',#12982,.T.);
#12982 = EDGE_LOOP('',(#12983,#12989,#12990));
#12983 = ORIENTED_EDGE('',*,*,#12984,.T.);
#12984 = EDGE_CURVE('',#942,#12916,#12985,.T.);
#12985 = LINE('',#12986,#12987);
#12986 = CARTESIAN_POINT('',(-26.57309913635,0.899999976158,0.));
#12987 = VECTOR('',#12988,1.);
#12988 = DIRECTION('',(-0.738989050661,-2.069557939371E-02,
    0.673399492127));
#12989 = ORIENTED_EDGE('',*,*,#12945,.F.);
#12990 = ORIENTED_EDGE('',*,*,#949,.F.);
#12991 = PLANE('',#12992);
#12992 = AXIS2_PLACEMENT_3D('',#12993,#12994,#12995);
#12993 = CARTESIAN_POINT('',(-27.10400242541,0.983049862424,
    0.440395403575));
#12994 = DIRECTION('',(-0.634899887779,-0.312985236026,-0.70635853115));
#12995 = DIRECTION('',(-0.743724756858,0.,0.668485965475));
#12996 = ADVANCED_FACE('',(#12997),#13014,.T.);
#12997 = FACE_BOUND('',#12998,.T.);
#12998 = EDGE_LOOP('',(#12999,#13007,#13008));
#12999 = ORIENTED_EDGE('',*,*,#13000,.F.);
#13000 = EDGE_CURVE('',#12916,#13001,#13003,.T.);
#13001 = VERTEX_POINT('',#13002);
#13002 = CARTESIAN_POINT('',(-27.4391002655,0.40000000596,1.));
#13003 = LINE('',#13004,#13005);
#13004 = CARTESIAN_POINT('',(-27.67049980163,0.869266986847,1.));
#13005 = VECTOR('',#13006,1.);
#13006 = DIRECTION('',(0.442262048791,-0.896885879139,0.));
#13007 = ORIENTED_EDGE('',*,*,#12984,.F.);
#13008 = ORIENTED_EDGE('',*,*,#13009,.F.);
#13009 = EDGE_CURVE('',#13001,#942,#13010,.T.);
#13010 = LINE('',#13011,#13012);
#13011 = CARTESIAN_POINT('',(-27.4391002655,0.40000000596,1.));
#13012 = VECTOR('',#13013,1.);
#13013 = DIRECTION('',(0.612361712115,0.35355708844,-0.707114219026));
#13014 = PLANE('',#13015);
#13015 = AXIS2_PLACEMENT_3D('',#13016,#13017,#13018);
#13016 = CARTESIAN_POINT('',(-27.14018742528,0.749459253744,
    0.576439806511));
#13017 = DIRECTION('',(-0.634880911376,-0.313065172654,-0.706340163124)
  );
#13018 = DIRECTION('',(-0.74372604807,2.775557561563E-17,0.668484528933)
  );
#13019 = ADVANCED_FACE('',(#13020),#13037,.T.);
#13020 = FACE_BOUND('',#13021,.T.);
#13021 = EDGE_LOOP('',(#13022,#13030,#13036));
#13022 = ORIENTED_EDGE('',*,*,#13023,.T.);
#13023 = EDGE_CURVE('',#926,#13024,#13026,.T.);
#13024 = VERTEX_POINT('',#13025);
#13025 = CARTESIAN_POINT('',(-27.14839935302,-3.50446999073E-02,1.));
#13026 = LINE('',#13027,#13028);
#13027 = CARTESIAN_POINT('',(-26.09630012512,0.278679996729,0.));
#13028 = VECTOR('',#13029,1.);
#13029 = DIRECTION('',(-0.708466503166,-0.211257106637,0.673383730712));
#13030 = ORIENTED_EDGE('',*,*,#13031,.T.);
#13031 = EDGE_CURVE('',#13024,#934,#13032,.T.);
#13032 = LINE('',#13033,#13034);
#13033 = CARTESIAN_POINT('',(-27.14839935302,-3.50446999073E-02,1.));
#13034 = VECTOR('',#13035,1.);
#13035 = DIRECTION('',(0.560959185929,0.43046823215,-0.707122261587));
#13036 = ORIENTED_EDGE('',*,*,#933,.T.);
#13037 = PLANE('',#13038);
#13038 = AXIS2_PLACEMENT_3D('',#13039,#13040,#13041);
#13039 = CARTESIAN_POINT('',(-26.63065159443,0.221485372679,
    0.440386219616));
#13040 = DIRECTION('',(-0.532159103688,-0.466800835086,-0.70633113249));
#13041 = DIRECTION('',(-0.798689627318,-2.775557561563E-17,
    0.601743200389));
#13042 = ADVANCED_FACE('',(#13043),#13060,.T.);
#13043 = FACE_BOUND('',#13044,.T.);
#13044 = EDGE_LOOP('',(#13045,#13053,#13054));
#13045 = ORIENTED_EDGE('',*,*,#13046,.T.);
#13046 = EDGE_CURVE('',#13047,#13024,#13049,.T.);
#13047 = VERTEX_POINT('',#13048);
#13048 = CARTESIAN_POINT('',(-26.80340003967,-0.428425997496,1.));
#13049 = LINE('',#13050,#13051);
#13050 = CARTESIAN_POINT('',(-26.80340003967,-0.428425997496,1.));
#13051 = VECTOR('',#13052,1.);
#13052 = DIRECTION('',(-0.659360047622,0.751827325654,0.));
#13053 = ORIENTED_EDGE('',*,*,#13023,.F.);
#13054 = ORIENTED_EDGE('',*,*,#13055,.T.);
#13055 = EDGE_CURVE('',#926,#13047,#13056,.T.);
#13056 = LINE('',#13057,#13058);
#13057 = CARTESIAN_POINT('',(-26.09630012512,0.278679996729,0.));
#13058 = VECTOR('',#13059,1.);
#13059 = DIRECTION('',(-0.499996497519,-0.50000079651,0.707108694585));
#13060 = PLANE('',#13061);
#13061 = AXIS2_PLACEMENT_3D('',#13062,#13063,#13064);
#13062 = CARTESIAN_POINT('',(-26.60512203429,-1.350893854587E-02,
    0.57644069066));
#13063 = DIRECTION('',(-0.532192808918,-0.466738390398,-0.706347003296)
  );
#13064 = DIRECTION('',(-0.798677808695,0.,0.601758886846));
#13065 = ADVANCED_FACE('',(#13066),#13081,.T.);
#13066 = FACE_BOUND('',#13067,.T.);
#13067 = EDGE_LOOP('',(#13068,#13074,#13075));
#13068 = ORIENTED_EDGE('',*,*,#13069,.T.);
#13069 = EDGE_CURVE('',#12886,#13047,#13070,.T.);
#13070 = LINE('',#13071,#13072);
#13071 = CARTESIAN_POINT('',(-26.40999984741,-0.773413002491,1.));
#13072 = VECTOR('',#13073,1.);
#13073 = DIRECTION('',(-0.751854685558,0.659328849516,0.));
#13074 = ORIENTED_EDGE('',*,*,#13055,.F.);
#13075 = ORIENTED_EDGE('',*,*,#13076,.F.);
#13076 = EDGE_CURVE('',#12886,#926,#13077,.T.);
#13077 = LINE('',#13078,#13079);
#13078 = CARTESIAN_POINT('',(-26.40999984741,-0.773413002491,1.));
#13079 = VECTOR('',#13080,1.);
#13080 = DIRECTION('',(0.211241667495,0.708466931027,-0.673388124008));
#13081 = PLANE('',#13082);
#13082 = AXIS2_PLACEMENT_3D('',#13083,#13084,#13085);
#13083 = CARTESIAN_POINT('',(-26.38848078367,-0.230142416861,
    0.576441660784));
#13084 = DIRECTION('',(-0.466716808432,-0.532212748625,-0.706346240117)
  );
#13085 = DIRECTION('',(5.551115123126E-17,-0.798666660284,0.601773683165
    ));
#13086 = ADVANCED_FACE('',(#13087),#13102,.T.);
#13087 = FACE_BOUND('',#13088,.T.);
#13088 = EDGE_LOOP('',(#13089,#13095,#13101));
#13089 = ORIENTED_EDGE('',*,*,#13090,.T.);
#13090 = EDGE_CURVE('',#910,#12886,#13091,.T.);
#13091 = LINE('',#13092,#13093);
#13092 = CARTESIAN_POINT('',(-25.47500038147,-0.198074996471,0.));
#13093 = VECTOR('',#13094,1.);
#13094 = DIRECTION('',(-0.629627439484,-0.387431874309,0.673398715634));
#13095 = ORIENTED_EDGE('',*,*,#13096,.T.);
#13096 = EDGE_CURVE('',#12886,#918,#13097,.T.);
#13097 = LINE('',#13098,#13099);
#13098 = CARTESIAN_POINT('',(-26.40999984741,-0.773413002491,1.));
#13099 = VECTOR('',#13100,1.);
#13100 = DIRECTION('',(0.430423818617,0.560996080532,-0.707120027997));
#13101 = ORIENTED_EDGE('',*,*,#917,.T.);
#13102 = PLANE('',#13103);
#13103 = AXIS2_PLACEMENT_3D('',#13104,#13105,#13106);
#13104 = CARTESIAN_POINT('',(-25.97630958441,-0.391618515726,
    0.440389409511));
#13105 = DIRECTION('',(-0.393261480935,-0.588587284196,-0.706335909108)
  );
#13106 = DIRECTION('',(2.775557561563E-17,-0.76823517264,0.640167727645)
  );
#13107 = ADVANCED_FACE('',(#13108),#13118,.T.);
#13108 = FACE_BOUND('',#13109,.T.);
#13109 = EDGE_LOOP('',(#13110,#13111,#13112));
#13110 = ORIENTED_EDGE('',*,*,#12893,.T.);
#13111 = ORIENTED_EDGE('',*,*,#13090,.F.);
#13112 = ORIENTED_EDGE('',*,*,#13113,.T.);
#13113 = EDGE_CURVE('',#910,#12894,#13114,.T.);
#13114 = LINE('',#13115,#13116);
#13115 = CARTESIAN_POINT('',(-25.47500038147,-0.198074996471,0.));
#13116 = VECTOR('',#13117,1.);
#13117 = DIRECTION('',(-0.353553447723,-0.612372270776,0.707106895447));
#13118 = PLANE('',#13119);
#13119 = AXIS2_PLACEMENT_3D('',#13120,#13121,#13122);
#13120 = CARTESIAN_POINT('',(-25.89084210682,-0.61199818543,
    0.576435447877));
#13121 = DIRECTION('',(-0.393296686018,-0.588550000173,-0.706347374926)
  );
#13122 = DIRECTION('',(-2.775557561563E-17,-0.768260226249,
    0.640137660792));
#13123 = ADVANCED_FACE('',(#13124),#13141,.T.);
#13124 = FACE_BOUND('',#13125,.T.);
#13125 = EDGE_LOOP('',(#13126,#13134,#13140));
#13126 = ORIENTED_EDGE('',*,*,#13127,.T.);
#13127 = EDGE_CURVE('',#894,#13128,#13130,.T.);
#13128 = VERTEX_POINT('',#13129);
#13129 = CARTESIAN_POINT('',(-25.50569915771,-1.295519948006,1.));
#13130 = LINE('',#13131,#13132);
#13131 = CARTESIAN_POINT('',(-24.75149917602,-0.497776001692,0.));
#13132 = VECTOR('',#13133,1.);
#13133 = DIRECTION('',(-0.507880155524,-0.537202770298,0.673402503121));
#13134 = ORIENTED_EDGE('',*,*,#13135,.T.);
#13135 = EDGE_CURVE('',#13128,#902,#13136,.T.);
#13136 = LINE('',#13137,#13138);
#13137 = CARTESIAN_POINT('',(-25.50569915771,-1.295519948006,1.));
#13138 = VECTOR('',#13139,1.);
#13139 = DIRECTION('',(0.270608456683,0.653280805424,-0.707103424144));
#13140 = ORIENTED_EDGE('',*,*,#901,.T.);
#13141 = PLANE('',#13142);
#13142 = AXIS2_PLACEMENT_3D('',#13143,#13144,#13145);
#13143 = CARTESIAN_POINT('',(-25.18559940974,-0.814489654232,
    0.440403306837));
#13144 = DIRECTION('',(-0.22758530594,-0.670275922614,-0.706353393199));
#13145 = DIRECTION('',(0.,-0.72538894334,0.688339219339));
#13146 = ADVANCED_FACE('',(#13147),#13157,.T.);
#13147 = FACE_BOUND('',#13148,.T.);
#13148 = EDGE_LOOP('',(#13149,#13150,#13156));
#13149 = ORIENTED_EDGE('',*,*,#13135,.F.);
#13150 = ORIENTED_EDGE('',*,*,#13151,.T.);
#13151 = EDGE_CURVE('',#13128,#910,#13152,.T.);
#13152 = LINE('',#13153,#13154);
#13153 = CARTESIAN_POINT('',(-25.50569915771,-1.295519948006,1.));
#13154 = VECTOR('',#13155,1.);
#13155 = DIRECTION('',(2.067209459958E-02,0.73900293858,-0.673384972564)
  );
#13156 = ORIENTED_EDGE('',*,*,#909,.T.);
#13157 = PLANE('',#13158);
#13158 = AXIS2_PLACEMENT_3D('',#13159,#13160,#13161);
#13159 = CARTESIAN_POINT('',(-25.39192044675,-0.729004852075,
    0.440386057034));
#13160 = DIRECTION('',(-0.313040676125,-0.634878007603,-0.706353629956)
  );
#13161 = DIRECTION('',(2.775557561563E-17,-0.743733904498,0.668475788118
    ));
#13162 = ADVANCED_FACE('',(#13163),#13173,.T.);
#13163 = FACE_BOUND('',#13164,.T.);
#13164 = EDGE_LOOP('',(#13165,#13171,#13172));
#13165 = ORIENTED_EDGE('',*,*,#13166,.F.);
#13166 = EDGE_CURVE('',#12894,#13128,#13167,.T.);
#13167 = LINE('',#13168,#13169);
#13168 = CARTESIAN_POINT('',(-25.97500038147,-1.064100027084,1.));
#13169 = VECTOR('',#13170,1.);
#13170 = DIRECTION('',(0.896883226429,-0.442267428317,0.));
#13171 = ORIENTED_EDGE('',*,*,#13113,.F.);
#13172 = ORIENTED_EDGE('',*,*,#13151,.F.);
#13173 = PLANE('',#13174);
#13174 = AXIS2_PLACEMENT_3D('',#13175,#13176,#13177);
#13175 = CARTESIAN_POINT('',(-25.62553156824,-0.765187110865,
    0.576443680789));
#13176 = DIRECTION('',(-0.313065561592,-0.634872099972,-0.706347910609)
  );
#13177 = DIRECTION('',(-2.775557561563E-17,-0.743734306021,0.66847534139
    ));
#13178 = ADVANCED_FACE('',(#13179),#13196,.T.);
#13179 = FACE_BOUND('',#13180,.T.);
#13180 = EDGE_LOOP('',(#13181,#13189,#13190));
#13181 = ORIENTED_EDGE('',*,*,#13182,.T.);
#13182 = EDGE_CURVE('',#13183,#13128,#13185,.T.);
#13183 = VERTEX_POINT('',#13184);
#13184 = CARTESIAN_POINT('',(-25.01029968261,-1.463700056076,1.));
#13185 = LINE('',#13186,#13187);
#13186 = CARTESIAN_POINT('',(-25.01029968261,-1.463700056076,1.));
#13187 = VECTOR('',#13188,1.);
#13188 = DIRECTION('',(-0.946921607844,0.321464568185,0.));
#13189 = ORIENTED_EDGE('',*,*,#13127,.F.);
#13190 = ORIENTED_EDGE('',*,*,#13191,.T.);
#13191 = EDGE_CURVE('',#894,#13183,#13192,.T.);
#13192 = LINE('',#13193,#13194);
#13193 = CARTESIAN_POINT('',(-24.75149917602,-0.497776001692,0.));
#13194 = VECTOR('',#13195,1.);
#13195 = DIRECTION('',(-0.183000188804,-0.683013672,0.707109082645));
#13196 = PLANE('',#13197);
#13197 = AXIS2_PLACEMENT_3D('',#13198,#13199,#13200);
#13198 = CARTESIAN_POINT('',(-25.04602458046,-1.005225078685,
    0.576433568413));
#13199 = DIRECTION('',(-0.227554316288,-0.670295019658,-0.706345255354)
  );
#13200 = DIRECTION('',(0.,-0.725375191203,0.688353711392));
#13201 = ADVANCED_FACE('',(#13202),#13219,.T.);
#13202 = FACE_BOUND('',#13203,.T.);
#13203 = EDGE_LOOP('',(#13204,#13212,#13213));
#13204 = ORIENTED_EDGE('',*,*,#13205,.F.);
#13205 = EDGE_CURVE('',#13183,#13206,#13208,.T.);
#13206 = VERTEX_POINT('',#13207);
#13207 = CARTESIAN_POINT('',(-24.49710083007,-1.565780043602,1.));
#13208 = LINE('',#13209,#13210);
#13209 = CARTESIAN_POINT('',(-25.01029968261,-1.463700056076,1.));
#13210 = VECTOR('',#13211,1.);
#13211 = DIRECTION('',(0.980785869567,-0.195087360067,0.));
#13212 = ORIENTED_EDGE('',*,*,#13191,.F.);
#13213 = ORIENTED_EDGE('',*,*,#13214,.F.);
#13214 = EDGE_CURVE('',#13206,#894,#13215,.T.);
#13215 = LINE('',#13216,#13217);
#13216 = CARTESIAN_POINT('',(-24.49710083007,-1.565780043602,1.));
#13217 = VECTOR('',#13218,1.);
#13218 = DIRECTION('',(-0.171307117651,0.719174070799,-0.67338141297));
#13219 = PLANE('',#13220);
#13220 = AXIS2_PLACEMENT_3D('',#13221,#13222,#13223);
#13221 = CARTESIAN_POINT('',(-24.75011263107,-1.084525940653,
    0.576442960752));
#13222 = DIRECTION('',(-0.138095735738,-0.694265103658,-0.70634661011));
#13223 = DIRECTION('',(1.387778780781E-17,-0.713179666508,0.700981285969
    ));
#13224 = ADVANCED_FACE('',(#13225),#13235,.T.);
#13225 = FACE_BOUND('',#13226,.T.);
#13226 = EDGE_LOOP('',(#13227,#13228,#13229));
#13227 = ORIENTED_EDGE('',*,*,#13214,.T.);
#13228 = ORIENTED_EDGE('',*,*,#893,.T.);
#13229 = ORIENTED_EDGE('',*,*,#13230,.T.);
#13230 = EDGE_CURVE('',#886,#13206,#13231,.T.);
#13231 = LINE('',#13232,#13233);
#13232 = CARTESIAN_POINT('',(-24.36660003662,-0.574333012104,0.));
#13233 = VECTOR('',#13234,1.);
#13234 = DIRECTION('',(-9.227804967818E-02,-0.701059326938,
    0.707107192483));
#13235 = PLANE('',#13236);
#13236 = AXIS2_PLACEMENT_3D('',#13237,#13238,#13239);
#13237 = CARTESIAN_POINT('',(-24.53383855198,-0.989123008014,
    0.44038951927));
#13238 = DIRECTION('',(-0.138090329237,-0.694264948401,-0.706347819699)
  );
#13239 = DIRECTION('',(1.387778780781E-17,-0.713180344987,0.700980595684
    ));
#13240 = ADVANCED_FACE('',(#13241),#13246,.T.);
#13241 = FACE_BOUND('',#13242,.T.);
#13242 = EDGE_LOOP('',(#13243,#13244,#13245));
#13243 = ORIENTED_EDGE('',*,*,#13096,.F.);
#13244 = ORIENTED_EDGE('',*,*,#13076,.T.);
#13245 = ORIENTED_EDGE('',*,*,#925,.F.);
#13246 = PLANE('',#13247);
#13247 = AXIS2_PLACEMENT_3D('',#13248,#13249,#13250);
#13248 = CARTESIAN_POINT('',(-26.15349742429,-0.255660465875,
    0.440395110813));
#13249 = DIRECTION('',(-0.466769765442,-0.532184166714,-0.706332781888)
  );
#13250 = DIRECTION('',(5.551115123126E-17,-0.798676682225,0.601760381938
    ));
#13251 = ADVANCED_FACE('',(#13252),#13262,.T.);
#13252 = FACE_BOUND('',#13253,.T.);
#13253 = EDGE_LOOP('',(#13254,#13255,#13261));
#13254 = ORIENTED_EDGE('',*,*,#13031,.F.);
#13255 = ORIENTED_EDGE('',*,*,#13256,.F.);
#13256 = EDGE_CURVE('',#942,#13024,#13257,.T.);
#13257 = LINE('',#13258,#13259);
#13258 = CARTESIAN_POINT('',(-26.57309913635,0.899999976158,0.));
#13259 = VECTOR('',#13260,1.);
#13260 = DIRECTION('',(-0.387402820175,-0.629652021671,0.673392446146));
#13261 = ORIENTED_EDGE('',*,*,#941,.F.);
#13262 = PLANE('',#13263);
#13263 = AXIS2_PLACEMENT_3D('',#13264,#13265,#13266);
#13264 = CARTESIAN_POINT('',(-26.76663312531,0.398673179247,
    0.44039257845));
#13265 = DIRECTION('',(-0.588596320668,-0.393255940065,-0.706331463903)
  );
#13266 = DIRECTION('',(-0.76822835767,-2.775557561563E-17,0.640175905882
    ));
#13267 = ADVANCED_FACE('',(#13268),#13278,.T.);
#13268 = FACE_BOUND('',#13269,.T.);
#13269 = EDGE_LOOP('',(#13270,#13276,#13277));
#13270 = ORIENTED_EDGE('',*,*,#13271,.T.);
#13271 = EDGE_CURVE('',#13024,#13001,#13272,.T.);
#13272 = LINE('',#13273,#13274);
#13273 = CARTESIAN_POINT('',(-27.14839935302,-3.50446999073E-02,1.));
#13274 = VECTOR('',#13275,1.);
#13275 = DIRECTION('',(-0.555587850321,0.831457840528,0.));
#13276 = ORIENTED_EDGE('',*,*,#13009,.T.);
#13277 = ORIENTED_EDGE('',*,*,#13256,.T.);
#13278 = PLANE('',#13279);
#13279 = AXIS2_PLACEMENT_3D('',#13280,#13281,#13282);
#13280 = CARTESIAN_POINT('',(-26.98700794423,0.484140080934,
    0.576441076394));
#13281 = DIRECTION('',(-0.588565567225,-0.393284977696,-0.706340922923)
  );
#13282 = DIRECTION('',(-0.768249023774,-2.775557561563E-17,
    0.640151105186));
#13283 = ADVANCED_FACE('',(#13284),#13294,.T.);
#13284 = FACE_BOUND('',#13285,.T.);
#13285 = EDGE_LOOP('',(#13286,#13292,#13293));
#13286 = ORIENTED_EDGE('',*,*,#13287,.T.);
#13287 = EDGE_CURVE('',#878,#13206,#13288,.T.);
#13288 = LINE('',#13289,#13290);
#13289 = CARTESIAN_POINT('',(-23.97500038147,-0.599999010563,0.));
#13290 = VECTOR('',#13291,1.);
#13291 = DIRECTION('',(-0.351575070882,-0.650343312387,0.673385881622));
#13292 = ORIENTED_EDGE('',*,*,#13230,.F.);
#13293 = ORIENTED_EDGE('',*,*,#885,.F.);
#13294 = PLANE('',#13295);
#13295 = AXIS2_PLACEMENT_3D('',#13296,#13297,#13298);
#13296 = CARTESIAN_POINT('',(-24.31239318993,-1.018275131035,
    0.440389219773));
#13297 = DIRECTION('',(-4.629508825503E-02,-0.706348542214,
    -0.706348711131));
#13298 = DIRECTION('',(3.469446951954E-18,-0.707106865736,0.707106696637
    ));
#13299 = ADVANCED_FACE('',(#13300),#13317,.T.);
#13300 = FACE_BOUND('',#13301,.T.);
#13301 = EDGE_LOOP('',(#13302,#13310,#13311));
#13302 = ORIENTED_EDGE('',*,*,#13303,.F.);
#13303 = EDGE_CURVE('',#13206,#13304,#13306,.T.);
#13304 = VERTEX_POINT('',#13305);
#13305 = CARTESIAN_POINT('',(-23.97500038147,-1.600000023842,1.));
#13306 = LINE('',#13307,#13308);
#13307 = CARTESIAN_POINT('',(-24.49710083007,-1.565780043602,1.));
#13308 = VECTOR('',#13309,1.);
#13309 = DIRECTION('',(0.997858959548,-6.540257524952E-02,0.));
#13310 = ORIENTED_EDGE('',*,*,#13287,.F.);
#13311 = ORIENTED_EDGE('',*,*,#13312,.F.);
#13312 = EDGE_CURVE('',#13304,#878,#13313,.T.);
#13313 = LINE('',#13314,#13315);
#13314 = CARTESIAN_POINT('',(-23.97500038147,-1.600000023842,1.));
#13315 = VECTOR('',#13316,1.);
#13316 = DIRECTION('',(0.,0.707107139434,-0.707106422938));
#13317 = PLANE('',#13318);
#13318 = AXIS2_PLACEMENT_3D('',#13319,#13320,#13321);
#13319 = CARTESIAN_POINT('',(-24.12818078797,-1.166398805997,
    0.576439100212));
#13320 = DIRECTION('',(-4.629611545743E-02,-0.706348235146,
    -0.706348950874));
#13321 = DIRECTION('',(0.,-0.707107139434,0.707106422938));
#13322 = ADVANCED_FACE('',(#13323),#13333,.T.);
#13323 = FACE_BOUND('',#13324,.T.);
#13324 = EDGE_LOOP('',(#13325,#13326,#13332));
#13325 = ORIENTED_EDGE('',*,*,#12969,.F.);
#13326 = ORIENTED_EDGE('',*,*,#13327,.F.);
#13327 = EDGE_CURVE('',#966,#12962,#13328,.T.);
#13328 = LINE('',#13329,#13330);
#13329 = CARTESIAN_POINT('',(-26.94930076599,2.00841999054,0.));
#13330 = VECTOR('',#13331,1.);
#13331 = DIRECTION('',(-0.701077115795,-9.22891302196E-02,0.707088109186
    ));
#13332 = ORIENTED_EDGE('',*,*,#965,.F.);
#13333 = PLANE('',#13334);
#13334 = AXIS2_PLACEMENT_3D('',#13335,#13336,#13337);
#13335 = CARTESIAN_POINT('',(-27.36413482885,1.841180190762,
    0.440394031728));
#13336 = DIRECTION('',(-0.694261328117,-0.137993547548,-0.706370291785)
  );
#13337 = DIRECTION('',(-0.713193321073,0.,0.700967393519));
#13338 = ADVANCED_FACE('',(#13339),#13361,.T.);
#13339 = FACE_BOUND('',#13340,.T.);
#13340 = EDGE_LOOP('',(#13341,#13349,#13355));
#13341 = ORIENTED_EDGE('',*,*,#13342,.F.);
#13342 = EDGE_CURVE('',#13343,#12962,#13345,.T.);
#13343 = VERTEX_POINT('',#13344);
#13344 = CARTESIAN_POINT('',(-27.97500038147,2.400000095367,1.));
#13345 = LINE('',#13346,#13347);
#13346 = CARTESIAN_POINT('',(-27.97500038147,2.400000095367,1.));
#13347 = VECTOR('',#13348,1.);
#13348 = DIRECTION('',(6.536586790645E-02,-0.997861364776,0.));
#13349 = ORIENTED_EDGE('',*,*,#13350,.F.);
#13350 = EDGE_CURVE('',#974,#13343,#13351,.T.);
#13351 = LINE('',#13352,#13353);
#13352 = CARTESIAN_POINT('',(-26.97500038147,2.400000095367,0.));
#13353 = VECTOR('',#13354,1.);
#13354 = DIRECTION('',(-0.707106781187,0.,0.707106781187));
#13355 = ORIENTED_EDGE('',*,*,#13356,.T.);
#13356 = EDGE_CURVE('',#974,#12962,#13357,.T.);
#13357 = LINE('',#13358,#13359);
#13358 = CARTESIAN_POINT('',(-26.97500038147,2.400000095367,0.));
#13359 = VECTOR('',#13360,1.);
#13360 = DIRECTION('',(-0.650350477839,-0.351572042469,0.673380542434));
#13361 = PLANE('',#13362);
#13362 = AXIS2_PLACEMENT_3D('',#13363,#13364,#13365);
#13363 = CARTESIAN_POINT('',(-27.5414047883,2.246819441648,
    0.576438652799));
#13364 = DIRECTION('',(-0.706349445353,-4.627009940514E-02,
    -0.706349445353));
#13365 = DIRECTION('',(-0.707106781187,0.,0.707106781187));
#13366 = ADVANCED_FACE('',(#13367),#13372,.T.);
#13367 = FACE_BOUND('',#13368,.T.);
#13368 = EDGE_LOOP('',(#13369,#13370,#13371));
#13369 = ORIENTED_EDGE('',*,*,#13327,.T.);
#13370 = ORIENTED_EDGE('',*,*,#13356,.F.);
#13371 = ORIENTED_EDGE('',*,*,#973,.T.);
#13372 = PLANE('',#13373);
#13373 = AXIS2_PLACEMENT_3D('',#13374,#13375,#13376);
#13374 = CARTESIAN_POINT('',(-27.39327843346,2.062610952996,
    0.440392439825));
#13375 = DIRECTION('',(-0.706323644187,-4.635640533107E-02,
    -0.706369586936));
#13376 = DIRECTION('',(-0.707129776909,0.,0.707083784717));
#13377 = ADVANCED_FACE('',(#13378),#13389,.T.);
#13378 = FACE_BOUND('',#13379,.T.);
#13379 = EDGE_LOOP('',(#13380,#13381,#13382,#13383));
#13380 = ORIENTED_EDGE('',*,*,#1868,.T.);
#13381 = ORIENTED_EDGE('',*,*,#12901,.T.);
#13382 = ORIENTED_EDGE('',*,*,#13166,.T.);
#13383 = ORIENTED_EDGE('',*,*,#13384,.T.);
#13384 = EDGE_CURVE('',#13128,#1869,#13385,.T.);
#13385 = LINE('',#13386,#13387);
#13386 = CARTESIAN_POINT('',(-25.50569915771,-1.295519948006,1.));
#13387 = VECTOR('',#13388,1.);
#13388 = DIRECTION('',(0.,0.,1.));
#13389 = PLANE('',#13390);
#13390 = AXIS2_PLACEMENT_3D('',#13391,#13392,#13393);
#13391 = CARTESIAN_POINT('',(-25.74034976959,-1.179809987545,
    2.599999904633));
#13392 = DIRECTION('',(-0.442267428317,-0.896883226429,-0.));
#13393 = DIRECTION('',(-0.896883226429,0.442267428317,0.));
#13394 = ADVANCED_FACE('',(#13395),#13406,.T.);
#13395 = FACE_BOUND('',#13396,.T.);
#13396 = EDGE_LOOP('',(#13397,#13398,#13399,#13400));
#13397 = ORIENTED_EDGE('',*,*,#2091,.T.);
#13398 = ORIENTED_EDGE('',*,*,#11914,.T.);
#13399 = ORIENTED_EDGE('',*,*,#12353,.F.);
#13400 = ORIENTED_EDGE('',*,*,#13401,.F.);
#13401 = EDGE_CURVE('',#2092,#12346,#13402,.T.);
#13402 = LINE('',#13403,#13404);
#13403 = CARTESIAN_POINT('',(25.97500038147,36.814098358154,
    4.199999809265));
#13404 = VECTOR('',#13405,1.);
#13405 = DIRECTION('',(0.,0.,-1.));
#13406 = PLANE('',#13407);
#13407 = AXIS2_PLACEMENT_3D('',#13408,#13409,#13410);
#13408 = CARTESIAN_POINT('',(26.192500114441,36.668748855591,
    2.599999904633));
#13409 = DIRECTION('',(0.555625273638,0.831432832702,0.));
#13410 = DIRECTION('',(0.831432832702,-0.555625273638,0.));
#13411 = ADVANCED_FACE('',(#13412),#13428,.T.);
#13412 = FACE_BOUND('',#13413,.T.);
#13413 = EDGE_LOOP('',(#13414,#13420,#13421,#13427));
#13414 = ORIENTED_EDGE('',*,*,#13415,.T.);
#13415 = EDGE_CURVE('',#11930,#2068,#13416,.T.);
#13416 = LINE('',#13417,#13418);
#13417 = CARTESIAN_POINT('',(27.148399353027,35.784999847412,1.));
#13418 = VECTOR('',#13419,1.);
#13419 = DIRECTION('',(0.,0.,1.));
#13420 = ORIENTED_EDGE('',*,*,#2067,.T.);
#13421 = ORIENTED_EDGE('',*,*,#13422,.F.);
#13422 = EDGE_CURVE('',#11952,#2060,#13423,.T.);
#13423 = LINE('',#13424,#13425);
#13424 = CARTESIAN_POINT('',(27.439100265503,35.349998474121,1.));
#13425 = VECTOR('',#13426,1.);
#13426 = DIRECTION('',(0.,0.,1.));
#13427 = ORIENTED_EDGE('',*,*,#11960,.F.);
#13428 = PLANE('',#13429);
#13429 = AXIS2_PLACEMENT_3D('',#13430,#13431,#13432);
#13430 = CARTESIAN_POINT('',(27.293749809265,35.567499160767,
    2.599999904633));
#13431 = DIRECTION('',(0.831432274033,0.555626109625,0.));
#13432 = DIRECTION('',(-0.555626109625,0.831432274033,0.));
#13433 = ADVANCED_FACE('',(#13434),#13443,.T.);
#13434 = FACE_BOUND('',#13435,.T.);
#13435 = EDGE_LOOP('',(#13436,#13442));
#13436 = ORIENTED_EDGE('',*,*,#13437,.T.);
#13437 = EDGE_CURVE('',#1067,#1075,#13438,.T.);
#13438 = LINE('',#13439,#13440);
#13439 = CARTESIAN_POINT('',(-23.24539947509,7.339270114899,
    1.907349940211E-07));
#13440 = VECTOR('',#13441,1.);
#13441 = DIRECTION('',(-0.55563130329,-0.831428803208,0.));
#13442 = ORIENTED_EDGE('',*,*,#1074,.F.);
#13443 = PLANE('',#13444);
#13444 = AXIS2_PLACEMENT_3D('',#13445,#13446,#13447);
#13445 = CARTESIAN_POINT('',(-23.32534983423,7.21963497012,
    9.536749701056E-08));
#13446 = DIRECTION('',(0.831428803208,-0.55563130329,0.));
#13447 = DIRECTION('',(0.55563130329,0.831428803208,0.));
#13448 = ADVANCED_FACE('',(#13449),#13458,.T.);
#13449 = FACE_BOUND('',#13450,.T.);
#13450 = EDGE_LOOP('',(#13451,#13457));
#13451 = ORIENTED_EDGE('',*,*,#13452,.T.);
#13452 = EDGE_CURVE('',#1083,#1091,#13453,.T.);
#13453 = LINE('',#13454,#13455);
#13454 = CARTESIAN_POINT('',(-23.53249931335,6.841899871826,
    1.907349940211E-07));
#13455 = VECTOR('',#13456,1.);
#13456 = DIRECTION('',(-0.32143755884,-0.94693077665,0.));
#13457 = ORIENTED_EDGE('',*,*,#1090,.F.);
#13458 = PLANE('',#13459);
#13459 = AXIS2_PLACEMENT_3D('',#13460,#13461,#13462);
#13460 = CARTESIAN_POINT('',(-23.578749672,6.705649807599,
    9.536749701056E-08));
#13461 = DIRECTION('',(0.94693077665,-0.32143755884,0.));
#13462 = DIRECTION('',(0.32143755884,0.94693077665,0.));
#13463 = ADVANCED_FACE('',(#13464),#13473,.T.);
#13464 = FACE_BOUND('',#13465,.T.);
#13465 = EDGE_LOOP('',(#13466,#13472));
#13466 = ORIENTED_EDGE('',*,*,#13467,.T.);
#13467 = EDGE_CURVE('',#1099,#1107,#13468,.T.);
#13468 = LINE('',#13469,#13470);
#13469 = CARTESIAN_POINT('',(-23.68120002746,6.287159919739,
    1.907349940211E-07));
#13470 = VECTOR('',#13471,1.);
#13471 = DIRECTION('',(-6.533143611819E-02,-0.997863619667,0.));
#13472 = ORIENTED_EDGE('',*,*,#1106,.F.);
#13473 = PLANE('',#13474);
#13474 = AXIS2_PLACEMENT_3D('',#13475,#13476,#13477);
#13475 = CARTESIAN_POINT('',(-23.69060039831,6.143579912288,
    9.536749701056E-08));
#13476 = DIRECTION('',(0.997863619667,-6.533143611819E-02,0.));
#13477 = DIRECTION('',(6.533143611819E-02,0.997863619667,0.));
#13478 = ADVANCED_FACE('',(#13479),#13488,.T.);
#13479 = FACE_BOUND('',#13480,.T.);
#13480 = EDGE_LOOP('',(#13481,#13487));
#13481 = ORIENTED_EDGE('',*,*,#13482,.T.);
#13482 = EDGE_CURVE('',#1107,#1115,#13483,.T.);
#13483 = LINE('',#13484,#13485);
#13484 = CARTESIAN_POINT('',(-23.70000076293,6.,1.907349940211E-07));
#13485 = VECTOR('',#13486,1.);
#13486 = DIRECTION('',(6.533143611819E-02,-0.997863619667,0.));
#13487 = ORIENTED_EDGE('',*,*,#1114,.F.);
#13488 = PLANE('',#13489);
#13489 = AXIS2_PLACEMENT_3D('',#13490,#13491,#13492);
#13490 = CARTESIAN_POINT('',(-23.69060039208,5.856419992549,
    9.536749701056E-08));
#13491 = DIRECTION('',(0.997863619667,6.533143611819E-02,0.));
#13492 = DIRECTION('',(-6.533143611819E-02,0.997863619667,0.));
#13493 = ADVANCED_FACE('',(#13494),#13503,.T.);
#13494 = FACE_BOUND('',#13495,.T.);
#13495 = EDGE_LOOP('',(#13496,#13502));
#13496 = ORIENTED_EDGE('',*,*,#13497,.T.);
#13497 = EDGE_CURVE('',#1123,#1131,#13498,.T.);
#13498 = LINE('',#13499,#13500);
#13499 = CARTESIAN_POINT('',(-23.625,5.430600166321,1.907349940211E-07)
  );
#13500 = VECTOR('',#13501,1.);
#13501 = DIRECTION('',(0.32143755884,-0.94693077665,0.));
#13502 = ORIENTED_EDGE('',*,*,#1130,.F.);
#13503 = PLANE('',#13504);
#13504 = AXIS2_PLACEMENT_3D('',#13505,#13506,#13507);
#13505 = CARTESIAN_POINT('',(-23.57874964135,5.294350102094,
    9.536749701056E-08));
#13506 = DIRECTION('',(0.94693077665,0.32143755884,0.));
#13507 = DIRECTION('',(-0.32143755884,0.94693077665,0.));
#13508 = ADVANCED_FACE('',(#13509),#13518,.T.);
#13509 = FACE_BOUND('',#13510,.T.);
#13510 = EDGE_LOOP('',(#13511,#13517));
#13511 = ORIENTED_EDGE('',*,*,#13512,.T.);
#13512 = EDGE_CURVE('',#1131,#1139,#13513,.T.);
#13513 = LINE('',#13514,#13515);
#13514 = CARTESIAN_POINT('',(-23.53249931335,5.158100128174,
    1.907349940211E-07));
#13515 = VECTOR('',#13516,1.);
#13516 = DIRECTION('',(0.44206034628,-0.896985312169,0.));
#13517 = ORIENTED_EDGE('',*,*,#1138,.F.);
#13518 = PLANE('',#13519);
#13519 = AXIS2_PLACEMENT_3D('',#13520,#13521,#13522);
#13520 = CARTESIAN_POINT('',(-23.46889970578,5.029050068999,
    9.536749701056E-08));
#13521 = DIRECTION('',(0.896985312169,0.44206034628,0.));
#13522 = DIRECTION('',(-0.44206034628,0.896985312169,0.));
#13523 = ADVANCED_FACE('',(#13524),#13533,.T.);
#13524 = FACE_BOUND('',#13525,.T.);
#13525 = EDGE_LOOP('',(#13526,#13532));
#13526 = ORIENTED_EDGE('',*,*,#13527,.T.);
#13527 = EDGE_CURVE('',#1147,#1155,#13528,.T.);
#13528 = LINE('',#13529,#13530);
#13529 = CARTESIAN_POINT('',(-23.24539947509,4.660729885101,
    1.907349940211E-07));
#13530 = VECTOR('',#13531,1.);
#13531 = DIRECTION('',(0.659458843897,-0.751740668852,0.));
#13532 = ORIENTED_EDGE('',*,*,#1154,.F.);
#13533 = PLANE('',#13534);
#13534 = AXIS2_PLACEMENT_3D('',#13535,#13536,#13537);
#13535 = CARTESIAN_POINT('',(-23.15049931242,4.552549803174,
    9.536749701056E-08));
#13536 = DIRECTION('',(0.751740668852,0.659458843897,0.));
#13537 = DIRECTION('',(-0.659458843897,0.751740668852,0.));
#13538 = ADVANCED_FACE('',(#13539),#13548,.T.);
#13539 = FACE_BOUND('',#13540,.T.);
#13540 = EDGE_LOOP('',(#13541,#13547));
#13541 = ORIENTED_EDGE('',*,*,#13542,.T.);
#13542 = EDGE_CURVE('',#1429,#1437,#13543,.T.);
#13543 = LINE('',#13544,#13545);
#13544 = CARTESIAN_POINT('',(19.754600524902,7.339270114899,
    1.907349940211E-07));
#13545 = VECTOR('',#13546,1.);
#13546 = DIRECTION('',(-0.55563130329,-0.831428803208,0.));
#13547 = ORIENTED_EDGE('',*,*,#1436,.F.);
#13548 = PLANE('',#13549);
#13549 = AXIS2_PLACEMENT_3D('',#13550,#13551,#13552);
#13550 = CARTESIAN_POINT('',(19.674650165766,7.21963497012,
    9.536749701056E-08));
#13551 = DIRECTION('',(0.831428803208,-0.55563130329,0.));
#13552 = DIRECTION('',(0.55563130329,0.831428803208,0.));
#13553 = ADVANCED_FACE('',(#13554),#13563,.T.);
#13554 = FACE_BOUND('',#13555,.T.);
#13555 = EDGE_LOOP('',(#13556,#13562));
#13556 = ORIENTED_EDGE('',*,*,#13557,.T.);
#13557 = EDGE_CURVE('',#1445,#1453,#13558,.T.);
#13558 = LINE('',#13559,#13560);
#13559 = CARTESIAN_POINT('',(19.467500686646,6.841899871826,
    1.907349940211E-07));
#13560 = VECTOR('',#13561,1.);
#13561 = DIRECTION('',(-0.32143755884,-0.94693077665,0.));
#13562 = ORIENTED_EDGE('',*,*,#1452,.F.);
#13563 = PLANE('',#13564);
#13564 = AXIS2_PLACEMENT_3D('',#13565,#13566,#13567);
#13565 = CARTESIAN_POINT('',(19.421250327995,6.705649807599,
    9.536749701056E-08));
#13566 = DIRECTION('',(0.94693077665,-0.32143755884,0.));
#13567 = DIRECTION('',(0.32143755884,0.94693077665,0.));
#13568 = ADVANCED_FACE('',(#13569),#13578,.T.);
#13569 = FACE_BOUND('',#13570,.T.);
#13570 = EDGE_LOOP('',(#13571,#13577));
#13571 = ORIENTED_EDGE('',*,*,#13572,.T.);
#13572 = EDGE_CURVE('',#1461,#1469,#13573,.T.);
#13573 = LINE('',#13574,#13575);
#13574 = CARTESIAN_POINT('',(19.318799972534,6.287159919739,
    1.907349940211E-07));
#13575 = VECTOR('',#13576,1.);
#13576 = DIRECTION('',(-6.533143611819E-02,-0.997863619667,0.));
#13577 = ORIENTED_EDGE('',*,*,#1468,.F.);
#13578 = PLANE('',#13579);
#13579 = AXIS2_PLACEMENT_3D('',#13580,#13581,#13582);
#13580 = CARTESIAN_POINT('',(19.309399601682,6.143579912288,
    9.536749701056E-08));
#13581 = DIRECTION('',(0.997863619667,-6.533143611819E-02,0.));
#13582 = DIRECTION('',(6.533143611819E-02,0.997863619667,0.));
#13583 = ADVANCED_FACE('',(#13584),#13593,.T.);
#13584 = FACE_BOUND('',#13585,.T.);
#13585 = EDGE_LOOP('',(#13586,#13592));
#13586 = ORIENTED_EDGE('',*,*,#13587,.T.);
#13587 = EDGE_CURVE('',#1469,#1477,#13588,.T.);
#13588 = LINE('',#13589,#13590);
#13589 = CARTESIAN_POINT('',(19.299999237061,6.,1.907349940211E-07));
#13590 = VECTOR('',#13591,1.);
#13591 = DIRECTION('',(6.533143611819E-02,-0.997863619667,0.));
#13592 = ORIENTED_EDGE('',*,*,#1476,.F.);
#13593 = PLANE('',#13594);
#13594 = AXIS2_PLACEMENT_3D('',#13595,#13596,#13597);
#13595 = CARTESIAN_POINT('',(19.309399607913,5.856419992549,
    9.536749701056E-08));
#13596 = DIRECTION('',(0.997863619667,6.533143611819E-02,0.));
#13597 = DIRECTION('',(-6.533143611819E-02,0.997863619667,0.));
#13598 = ADVANCED_FACE('',(#13599),#13608,.T.);
#13599 = FACE_BOUND('',#13600,.T.);
#13600 = EDGE_LOOP('',(#13601,#13607));
#13601 = ORIENTED_EDGE('',*,*,#13602,.T.);
#13602 = EDGE_CURVE('',#1485,#1493,#13603,.T.);
#13603 = LINE('',#13604,#13605);
#13604 = CARTESIAN_POINT('',(19.375,5.430600166321,1.907349940211E-07));
#13605 = VECTOR('',#13606,1.);
#13606 = DIRECTION('',(0.32143755884,-0.94693077665,0.));
#13607 = ORIENTED_EDGE('',*,*,#1492,.F.);
#13608 = PLANE('',#13609);
#13609 = AXIS2_PLACEMENT_3D('',#13610,#13611,#13612);
#13610 = CARTESIAN_POINT('',(19.42125035865,5.294350102094,
    9.536749701056E-08));
#13611 = DIRECTION('',(0.94693077665,0.32143755884,0.));
#13612 = DIRECTION('',(-0.32143755884,0.94693077665,0.));
#13613 = ADVANCED_FACE('',(#13614),#13623,.T.);
#13614 = FACE_BOUND('',#13615,.T.);
#13615 = EDGE_LOOP('',(#13616,#13622));
#13616 = ORIENTED_EDGE('',*,*,#13617,.T.);
#13617 = EDGE_CURVE('',#1493,#1501,#13618,.T.);
#13618 = LINE('',#13619,#13620);
#13619 = CARTESIAN_POINT('',(19.467500686646,5.158100128174,
    1.907349940211E-07));
#13620 = VECTOR('',#13621,1.);
#13621 = DIRECTION('',(0.44206034628,-0.896985312169,0.));
#13622 = ORIENTED_EDGE('',*,*,#1500,.F.);
#13623 = PLANE('',#13624);
#13624 = AXIS2_PLACEMENT_3D('',#13625,#13626,#13627);
#13625 = CARTESIAN_POINT('',(19.531100294211,5.029050068999,
    9.536749701056E-08));
#13626 = DIRECTION('',(0.896985312169,0.44206034628,0.));
#13627 = DIRECTION('',(-0.44206034628,0.896985312169,0.));
#13628 = ADVANCED_FACE('',(#13629),#13638,.T.);
#13629 = FACE_BOUND('',#13630,.T.);
#13630 = EDGE_LOOP('',(#13631,#13637));
#13631 = ORIENTED_EDGE('',*,*,#13632,.T.);
#13632 = EDGE_CURVE('',#1509,#1517,#13633,.T.);
#13633 = LINE('',#13634,#13635);
#13634 = CARTESIAN_POINT('',(19.754600524902,4.660729885101,
    1.907349940211E-07));
#13635 = VECTOR('',#13636,1.);
#13636 = DIRECTION('',(0.659458843897,-0.751740668852,0.));
#13637 = ORIENTED_EDGE('',*,*,#1516,.F.);
#13638 = PLANE('',#13639);
#13639 = AXIS2_PLACEMENT_3D('',#13640,#13641,#13642);
#13640 = CARTESIAN_POINT('',(19.849500687573,4.552549803174,
    9.536749701056E-08));
#13641 = DIRECTION('',(0.751740668852,0.659458843897,0.));
#13642 = DIRECTION('',(-0.659458843897,0.751740668852,0.));
#13643 = ADVANCED_FACE('',(#13644),#13655,.T.);
#13644 = FACE_BOUND('',#13645,.T.);
#13645 = EDGE_LOOP('',(#13646,#13647,#13653,#13654));
#13646 = ORIENTED_EDGE('',*,*,#12123,.T.);
#13647 = ORIENTED_EDGE('',*,*,#13648,.T.);
#13648 = EDGE_CURVE('',#12124,#12863,#13649,.T.);
#13649 = LINE('',#13650,#13651);
#13650 = CARTESIAN_POINT('',(27.97500038147,33.349998474121,1.));
#13651 = VECTOR('',#13652,1.);
#13652 = DIRECTION('',(0.,-1.,0.));
#13653 = ORIENTED_EDGE('',*,*,#12862,.T.);
#13654 = ORIENTED_EDGE('',*,*,#750,.T.);
#13655 = PLANE('',#13656);
#13656 = AXIS2_PLACEMENT_3D('',#13657,#13658,#13659);
#13657 = CARTESIAN_POINT('',(27.47500038147,17.874999284744,0.5));
#13658 = DIRECTION('',(0.707106781187,0.,-0.707106781187));
#13659 = DIRECTION('',(0.707106781187,0.,0.707106781187));
#13660 = ADVANCED_FACE('',(#13661),#13677,.T.);
#13661 = FACE_BOUND('',#13662,.T.);
#13662 = EDGE_LOOP('',(#13663,#13669,#13670,#13676));
#13663 = ORIENTED_EDGE('',*,*,#13664,.T.);
#13664 = EDGE_CURVE('',#12038,#2044,#13665,.T.);
#13665 = LINE('',#13666,#13667);
#13666 = CARTESIAN_POINT('',(27.83869934082,34.385299682617,1.));
#13667 = VECTOR('',#13668,1.);
#13668 = DIRECTION('',(0.,0.,1.));
#13669 = ORIENTED_EDGE('',*,*,#2043,.T.);
#13670 = ORIENTED_EDGE('',*,*,#13671,.F.);
#13671 = EDGE_CURVE('',#12030,#2036,#13672,.T.);
#13672 = LINE('',#13673,#13674);
#13673 = CARTESIAN_POINT('',(27.940799713135,33.872100830078,1.));
#13674 = VECTOR('',#13675,1.);
#13675 = DIRECTION('',(0.,0.,1.));
#13676 = ORIENTED_EDGE('',*,*,#12045,.F.);
#13677 = PLANE('',#13678);
#13678 = AXIS2_PLACEMENT_3D('',#13679,#13680,#13681);
#13679 = CARTESIAN_POINT('',(27.889749526978,34.128700256348,
    2.599999904633));
#13680 = DIRECTION('',(0.980778414759,0.195124834768,0.));
#13681 = DIRECTION('',(-0.195124834768,0.980778414759,0.));
#13682 = ADVANCED_FACE('',(#13683),#13694,.T.);
#13683 = FACE_BOUND('',#13684,.T.);
#13684 = EDGE_LOOP('',(#13685,#13686,#13687,#13693));
#13685 = ORIENTED_EDGE('',*,*,#13671,.T.);
#13686 = ORIENTED_EDGE('',*,*,#2035,.T.);
#13687 = ORIENTED_EDGE('',*,*,#13688,.T.);
#13688 = EDGE_CURVE('',#2028,#12124,#13689,.T.);
#13689 = LINE('',#13690,#13691);
#13690 = CARTESIAN_POINT('',(27.97500038147,33.349998474121,
    4.199999809265));
#13691 = VECTOR('',#13692,1.);
#13692 = DIRECTION('',(0.,0.,-1.));
#13693 = ORIENTED_EDGE('',*,*,#12132,.T.);
#13694 = PLANE('',#13695);
#13695 = AXIS2_PLACEMENT_3D('',#13696,#13697,#13698);
#13696 = CARTESIAN_POINT('',(27.957900047302,33.6110496521,
    2.599999904633));
#13697 = DIRECTION('',(0.997861383272,6.536558554883E-02,0.));
#13698 = DIRECTION('',(-6.536558554883E-02,0.997861383272,0.));
#13699 = ADVANCED_FACE('',(#13700),#13711,.T.);
#13700 = FACE_BOUND('',#13701,.T.);
#13701 = EDGE_LOOP('',(#13702,#13703,#13704,#13710));
#13702 = ORIENTED_EDGE('',*,*,#13688,.F.);
#13703 = ORIENTED_EDGE('',*,*,#2027,.T.);
#13704 = ORIENTED_EDGE('',*,*,#13705,.T.);
#13705 = EDGE_CURVE('',#2020,#12863,#13706,.T.);
#13706 = LINE('',#13707,#13708);
#13707 = CARTESIAN_POINT('',(27.97500038147,2.400000095367,
    4.199999809265));
#13708 = VECTOR('',#13709,1.);
#13709 = DIRECTION('',(0.,0.,-1.));
#13710 = ORIENTED_EDGE('',*,*,#13648,.F.);
#13711 = PLANE('',#13712);
#13712 = AXIS2_PLACEMENT_3D('',#13713,#13714,#13715);
#13713 = CARTESIAN_POINT('',(27.97500038147,17.874999284744,
    2.599999904633));
#13714 = DIRECTION('',(1.,0.,0.));
#13715 = DIRECTION('',(-0.,0.,1.));
#13716 = ADVANCED_FACE('',(#13717),#13728,.T.);
#13717 = FACE_BOUND('',#13718,.T.);
#13718 = EDGE_LOOP('',(#13719,#13720,#13721,#13727));
#13719 = ORIENTED_EDGE('',*,*,#13705,.F.);
#13720 = ORIENTED_EDGE('',*,*,#2019,.T.);
#13721 = ORIENTED_EDGE('',*,*,#13722,.T.);
#13722 = EDGE_CURVE('',#2012,#12808,#13723,.T.);
#13723 = LINE('',#13724,#13725);
#13724 = CARTESIAN_POINT('',(27.940799713135,1.877900004387,
    4.199999809265));
#13725 = VECTOR('',#13726,1.);
#13726 = DIRECTION('',(0.,0.,-1.));
#13727 = ORIENTED_EDGE('',*,*,#12870,.T.);
#13728 = PLANE('',#13729);
#13729 = AXIS2_PLACEMENT_3D('',#13730,#13731,#13732);
#13730 = CARTESIAN_POINT('',(27.957900047302,2.138950049877,
    2.599999904633));
#13731 = DIRECTION('',(0.997861364776,-6.536586790645E-02,0.));
#13732 = DIRECTION('',(6.536586790645E-02,0.997861364776,0.));
#13733 = ADVANCED_FACE('',(#13734),#13750,.T.);
#13734 = FACE_BOUND('',#13735,.T.);
#13735 = EDGE_LOOP('',(#13736,#13737,#13743,#13744));
#13736 = ORIENTED_EDGE('',*,*,#1884,.T.);
#13737 = ORIENTED_EDGE('',*,*,#13738,.T.);
#13738 = EDGE_CURVE('',#1877,#13183,#13739,.T.);
#13739 = LINE('',#13740,#13741);
#13740 = CARTESIAN_POINT('',(-25.01029968261,-1.463700056076,
    4.199999809265));
#13741 = VECTOR('',#13742,1.);
#13742 = DIRECTION('',(0.,0.,-1.));
#13743 = ORIENTED_EDGE('',*,*,#13205,.T.);
#13744 = ORIENTED_EDGE('',*,*,#13745,.F.);
#13745 = EDGE_CURVE('',#1885,#13206,#13746,.T.);
#13746 = LINE('',#13747,#13748);
#13747 = CARTESIAN_POINT('',(-24.49710083007,-1.565780043602,
    4.199999809265));
#13748 = VECTOR('',#13749,1.);
#13749 = DIRECTION('',(0.,0.,-1.));
#13750 = PLANE('',#13751);
#13751 = AXIS2_PLACEMENT_3D('',#13752,#13753,#13754);
#13752 = CARTESIAN_POINT('',(-24.75370025634,-1.514740049839,
    2.599999904633));
#13753 = DIRECTION('',(-0.195087360067,-0.980785869567,-0.));
#13754 = DIRECTION('',(-0.980785869567,0.195087360067,0.));
#13755 = ADVANCED_FACE('',(#13756),#13767,.T.);
#13756 = FACE_BOUND('',#13757,.T.);
#13757 = EDGE_LOOP('',(#13758,#13759,#13760,#13761));
#13758 = ORIENTED_EDGE('',*,*,#1892,.T.);
#13759 = ORIENTED_EDGE('',*,*,#13745,.T.);
#13760 = ORIENTED_EDGE('',*,*,#13303,.T.);
#13761 = ORIENTED_EDGE('',*,*,#13762,.F.);
#13762 = EDGE_CURVE('',#1893,#13304,#13763,.T.);
#13763 = LINE('',#13764,#13765);
#13764 = CARTESIAN_POINT('',(-23.97500038147,-1.600000023842,
    4.199999809265));
#13765 = VECTOR('',#13766,1.);
#13766 = DIRECTION('',(0.,0.,-1.));
#13767 = PLANE('',#13768);
#13768 = AXIS2_PLACEMENT_3D('',#13769,#13770,#13771);
#13769 = CARTESIAN_POINT('',(-24.23605060577,-1.582890033722,
    2.599999904633));
#13770 = DIRECTION('',(-6.540257524952E-02,-0.997858959548,-0.));
#13771 = DIRECTION('',(-0.997858959548,6.540257524952E-02,0.));
#13772 = ADVANCED_FACE('',(#13773),#13791,.T.);
#13773 = FACE_BOUND('',#13774,.T.);
#13774 = EDGE_LOOP('',(#13775,#13783,#13784,#13785));
#13775 = ORIENTED_EDGE('',*,*,#13776,.F.);
#13776 = EDGE_CURVE('',#13304,#13777,#13779,.T.);
#13777 = VERTEX_POINT('',#13778);
#13778 = CARTESIAN_POINT('',(-5.869629859924,-1.600000023842,1.));
#13779 = LINE('',#13780,#13781);
#13780 = CARTESIAN_POINT('',(-23.97500038147,-1.600000023842,1.));
#13781 = VECTOR('',#13782,1.);
#13782 = DIRECTION('',(1.,0.,0.));
#13783 = ORIENTED_EDGE('',*,*,#13312,.T.);
#13784 = ORIENTED_EDGE('',*,*,#877,.T.);
#13785 = ORIENTED_EDGE('',*,*,#13786,.T.);
#13786 = EDGE_CURVE('',#870,#13777,#13787,.T.);
#13787 = LINE('',#13788,#13789);
#13788 = CARTESIAN_POINT('',(-5.256130218506,-0.599999010563,0.));
#13789 = VECTOR('',#13790,1.);
#13790 = DIRECTION('',(-0.397975207945,-0.648697381933,0.648696724622));
#13791 = PLANE('',#13792);
#13792 = AXIS2_PLACEMENT_3D('',#13793,#13794,#13795);
#13793 = CARTESIAN_POINT('',(-14.73710567725,-1.092288353938,
    0.492288844549));
#13794 = DIRECTION('',(-0.,-0.707106422938,-0.707107139434));
#13795 = DIRECTION('',(0.,-0.707107139434,0.707106422938));
#13796 = ADVANCED_FACE('',(#13797),#13814,.T.);
#13797 = FACE_BOUND('',#13798,.T.);
#13798 = EDGE_LOOP('',(#13799,#13807,#13813));
#13799 = ORIENTED_EDGE('',*,*,#13800,.F.);
#13800 = EDGE_CURVE('',#13801,#870,#13803,.T.);
#13801 = VERTEX_POINT('',#13802);
#13802 = CARTESIAN_POINT('',(-7.25,-1.600000023842,3.25));
#13803 = LINE('',#13804,#13805);
#13804 = CARTESIAN_POINT('',(-7.25,-1.600000023842,3.25));
#13805 = VECTOR('',#13806,1.);
#13806 = DIRECTION('',(0.505823463563,0.253689574313,-0.824490281079));
#13807 = ORIENTED_EDGE('',*,*,#13808,.F.);
#13808 = EDGE_CURVE('',#13777,#13801,#13809,.T.);
#13809 = LINE('',#13810,#13811);
#13810 = CARTESIAN_POINT('',(-5.869629859924,-1.600000023842,1.));
#13811 = VECTOR('',#13812,1.);
#13812 = DIRECTION('',(-0.522930441794,0.,0.852375359243));
#13813 = ORIENTED_EDGE('',*,*,#13786,.F.);
#13814 = PLANE('',#13815);
#13815 = AXIS2_PLACEMENT_3D('',#13816,#13817,#13818);
#13816 = CARTESIAN_POINT('',(-6.221767258675,-1.262480376186,
    1.573984101938));
#13817 = DIRECTION('',(0.852375359242,-1.535454477766E-06,0.522930441793
    ));
#13818 = DIRECTION('',(-0.522930441794,0.,0.852375359243));
#13819 = ADVANCED_FACE('',(#13820),#13856,.T.);
#13820 = FACE_BOUND('',#13821,.T.);
#13821 = EDGE_LOOP('',(#13822,#13823,#13824,#13830,#13831,#13832,#13840,
    #13846,#13847,#13848,#13849,#13850));
#13822 = ORIENTED_EDGE('',*,*,#39,.T.);
#13823 = ORIENTED_EDGE('',*,*,#70,.T.);
#13824 = ORIENTED_EDGE('',*,*,#13825,.T.);
#13825 = EDGE_CURVE('',#63,#1924,#13826,.T.);
#13826 = LINE('',#13827,#13828);
#13827 = CARTESIAN_POINT('',(23.97500038147,-1.600000023842,1.));
#13828 = VECTOR('',#13829,1.);
#13829 = DIRECTION('',(0.,0.,1.));
#13830 = ORIENTED_EDGE('',*,*,#1923,.T.);
#13831 = ORIENTED_EDGE('',*,*,#1796,.T.);
#13832 = ORIENTED_EDGE('',*,*,#13833,.T.);
#13833 = EDGE_CURVE('',#1789,#13834,#13836,.T.);
#13834 = VERTEX_POINT('',#13835);
#13835 = CARTESIAN_POINT('',(-5.099999904633,-1.600000023842,
    6.550000190735));
#13836 = LINE('',#13837,#13838);
#13837 = CARTESIAN_POINT('',(5.099999904633,-1.600000023842,
    6.550000190735));
#13838 = VECTOR('',#13839,1.);
#13839 = DIRECTION('',(-1.,0.,0.));
#13840 = ORIENTED_EDGE('',*,*,#13841,.T.);
#13841 = EDGE_CURVE('',#13834,#1901,#13842,.T.);
#13842 = LINE('',#13843,#13844);
#13843 = CARTESIAN_POINT('',(-5.099999904633,-1.600000023842,
    6.550000190735));
#13844 = VECTOR('',#13845,1.);
#13845 = DIRECTION('',(0.,0.,-1.));
#13846 = ORIENTED_EDGE('',*,*,#1900,.T.);
#13847 = ORIENTED_EDGE('',*,*,#13762,.T.);
#13848 = ORIENTED_EDGE('',*,*,#13776,.T.);
#13849 = ORIENTED_EDGE('',*,*,#13808,.T.);
#13850 = ORIENTED_EDGE('',*,*,#13851,.T.);
#13851 = EDGE_CURVE('',#13801,#22,#13852,.T.);
#13852 = LINE('',#13853,#13854);
#13853 = CARTESIAN_POINT('',(-7.25,-1.600000023842,3.25));
#13854 = VECTOR('',#13855,1.);
#13855 = DIRECTION('',(1.,0.,0.));
#13856 = PLANE('',#13857);
#13857 = AXIS2_PLACEMENT_3D('',#13858,#13859,#13860);
#13858 = CARTESIAN_POINT('',(2.470591371158E-16,-1.600000023842,
    3.145136955084));
#13859 = DIRECTION('',(-0.,-1.,-0.));
#13860 = DIRECTION('',(0.,0.,-1.));
#13861 = ADVANCED_FACE('',(#13862),#13873,.T.);
#13862 = FACE_BOUND('',#13863,.T.);
#13863 = EDGE_LOOP('',(#13864,#13865,#13866,#13867));
#13864 = ORIENTED_EDGE('',*,*,#1931,.T.);
#13865 = ORIENTED_EDGE('',*,*,#13825,.F.);
#13866 = ORIENTED_EDGE('',*,*,#12425,.T.);
#13867 = ORIENTED_EDGE('',*,*,#13868,.T.);
#13868 = EDGE_CURVE('',#12426,#1932,#13869,.T.);
#13869 = LINE('',#13870,#13871);
#13870 = CARTESIAN_POINT('',(24.497100830078,-1.565780043602,1.));
#13871 = VECTOR('',#13872,1.);
#13872 = DIRECTION('',(0.,0.,1.));
#13873 = PLANE('',#13874);
#13874 = AXIS2_PLACEMENT_3D('',#13875,#13876,#13877);
#13875 = CARTESIAN_POINT('',(24.236050605774,-1.582890033722,
    2.599999904633));
#13876 = DIRECTION('',(6.540257524952E-02,-0.997858959548,-0.));
#13877 = DIRECTION('',(-0.997858959548,-6.540257524952E-02,0.));
#13878 = ADVANCED_FACE('',(#13879),#13890,.T.);
#13879 = FACE_BOUND('',#13880,.T.);
#13880 = EDGE_LOOP('',(#13881,#13882,#13883,#13884));
#13881 = ORIENTED_EDGE('',*,*,#1939,.T.);
#13882 = ORIENTED_EDGE('',*,*,#13868,.F.);
#13883 = ORIENTED_EDGE('',*,*,#12480,.T.);
#13884 = ORIENTED_EDGE('',*,*,#13885,.T.);
#13885 = EDGE_CURVE('',#12481,#1940,#13886,.T.);
#13886 = LINE('',#13887,#13888);
#13887 = CARTESIAN_POINT('',(25.010299682617,-1.463700056076,1.));
#13888 = VECTOR('',#13889,1.);
#13889 = DIRECTION('',(0.,0.,1.));
#13890 = PLANE('',#13891);
#13891 = AXIS2_PLACEMENT_3D('',#13892,#13893,#13894);
#13892 = CARTESIAN_POINT('',(24.753700256348,-1.514740049839,
    2.599999904633));
#13893 = DIRECTION('',(0.195087360067,-0.980785869567,-0.));
#13894 = DIRECTION('',(-0.980785869567,-0.195087360067,0.));
#13895 = ADVANCED_FACE('',(#13896),#13907,.T.);
#13896 = FACE_BOUND('',#13897,.T.);
#13897 = EDGE_LOOP('',(#13898,#13899,#13900,#13906));
#13898 = ORIENTED_EDGE('',*,*,#13422,.T.);
#13899 = ORIENTED_EDGE('',*,*,#2059,.T.);
#13900 = ORIENTED_EDGE('',*,*,#13901,.T.);
#13901 = EDGE_CURVE('',#2052,#11975,#13902,.T.);
#13902 = LINE('',#13903,#13904);
#13903 = CARTESIAN_POINT('',(27.670499801636,34.880699157715,
    4.199999809265));
#13904 = VECTOR('',#13905,1.);
#13905 = DIRECTION('',(0.,0.,-1.));
#13906 = ORIENTED_EDGE('',*,*,#11983,.T.);
#13907 = PLANE('',#13908);
#13908 = AXIS2_PLACEMENT_3D('',#13909,#13910,#13911);
#13909 = CARTESIAN_POINT('',(27.554800033569,35.115348815918,
    2.599999904633));
#13910 = DIRECTION('',(0.896897966188,0.442237536001,0.));
#13911 = DIRECTION('',(-0.442237536001,0.896897966188,0.));
#13912 = ADVANCED_FACE('',(#13913),#13924,.T.);
#13913 = FACE_BOUND('',#13914,.T.);
#13914 = EDGE_LOOP('',(#13915,#13916,#13917,#13918));
#13915 = ORIENTED_EDGE('',*,*,#2099,.T.);
#13916 = ORIENTED_EDGE('',*,*,#13401,.T.);
#13917 = ORIENTED_EDGE('',*,*,#12380,.T.);
#13918 = ORIENTED_EDGE('',*,*,#13919,.T.);
#13919 = EDGE_CURVE('',#12230,#2100,#13920,.T.);
#13920 = LINE('',#13921,#13922);
#13921 = CARTESIAN_POINT('',(25.505699157715,37.045501708984,1.));
#13922 = VECTOR('',#13923,1.);
#13923 = DIRECTION('',(0.,0.,1.));
#13924 = PLANE('',#13925);
#13925 = AXIS2_PLACEMENT_3D('',#13926,#13927,#13928);
#13926 = CARTESIAN_POINT('',(25.740349769592,36.929800033569,
    2.599999904633));
#13927 = DIRECTION('',(0.442241954733,0.89689578741,0.));
#13928 = DIRECTION('',(0.89689578741,-0.442241954733,0.));
#13929 = ADVANCED_FACE('',(#13930),#13941,.T.);
#13930 = FACE_BOUND('',#13931,.T.);
#13931 = EDGE_LOOP('',(#13932,#13933,#13934,#13935));
#13932 = ORIENTED_EDGE('',*,*,#2107,.T.);
#13933 = ORIENTED_EDGE('',*,*,#13919,.F.);
#13934 = ORIENTED_EDGE('',*,*,#12238,.T.);
#13935 = ORIENTED_EDGE('',*,*,#13936,.F.);
#13936 = EDGE_CURVE('',#2108,#12208,#13937,.T.);
#13937 = LINE('',#13938,#13939);
#13938 = CARTESIAN_POINT('',(25.010299682617,37.21369934082,
    4.199999809265));
#13939 = VECTOR('',#13940,1.);
#13940 = DIRECTION('',(0.,0.,-1.));
#13941 = PLANE('',#13942);
#13942 = AXIS2_PLACEMENT_3D('',#13943,#13944,#13945);
#13943 = CARTESIAN_POINT('',(25.257999420166,37.129600524902,
    2.599999904633));
#13944 = DIRECTION('',(0.321494601755,0.946911411402,0.));
#13945 = DIRECTION('',(0.946911411402,-0.321494601755,0.));
#13946 = ADVANCED_FACE('',(#13947),#13958,.T.);
#13947 = FACE_BOUND('',#13948,.T.);
#13948 = EDGE_LOOP('',(#13949,#13950,#13951,#13952));
#13949 = ORIENTED_EDGE('',*,*,#2115,.T.);
#13950 = ORIENTED_EDGE('',*,*,#13936,.T.);
#13951 = ORIENTED_EDGE('',*,*,#12207,.T.);
#13952 = ORIENTED_EDGE('',*,*,#13953,.T.);
#13953 = EDGE_CURVE('',#12185,#2116,#13954,.T.);
#13954 = LINE('',#13955,#13956);
#13955 = CARTESIAN_POINT('',(24.497100830078,37.315799713135,1.));
#13956 = VECTOR('',#13957,1.);
#13957 = DIRECTION('',(0.,0.,1.));
#13958 = PLANE('',#13959);
#13959 = AXIS2_PLACEMENT_3D('',#13960,#13961,#13962);
#13960 = CARTESIAN_POINT('',(24.753700256348,37.264749526978,
    2.599999904633));
#13961 = DIRECTION('',(0.195124834768,0.980778414759,0.));
#13962 = DIRECTION('',(0.980778414759,-0.195124834768,0.));
#13963 = ADVANCED_FACE('',(#13964),#13975,.T.);
#13964 = FACE_BOUND('',#13965,.T.);
#13965 = EDGE_LOOP('',(#13966,#13967,#13968,#13969));
#13966 = ORIENTED_EDGE('',*,*,#2123,.T.);
#13967 = ORIENTED_EDGE('',*,*,#13953,.F.);
#13968 = ORIENTED_EDGE('',*,*,#12292,.T.);
#13969 = ORIENTED_EDGE('',*,*,#13970,.F.);
#13970 = EDGE_CURVE('',#2124,#12285,#13971,.T.);
#13971 = LINE('',#13972,#13973);
#13972 = CARTESIAN_POINT('',(23.97500038147,37.349998474121,
    4.199999809265));
#13973 = VECTOR('',#13974,1.);
#13974 = DIRECTION('',(0.,0.,-1.));
#13975 = PLANE('',#13976);
#13976 = AXIS2_PLACEMENT_3D('',#13977,#13978,#13979);
#13977 = CARTESIAN_POINT('',(24.236050605774,37.332899093628,
    2.599999904633));
#13978 = DIRECTION('',(6.536219348922E-02,0.997861605466,0.));
#13979 = DIRECTION('',(0.997861605466,-6.536219348922E-02,0.));
#13980 = ADVANCED_FACE('',(#13981),#13997,.T.);
#13981 = FACE_BOUND('',#13982,.T.);
#13982 = EDGE_LOOP('',(#13983,#13984,#13985,#13991));
#13983 = ORIENTED_EDGE('',*,*,#2131,.T.);
#13984 = ORIENTED_EDGE('',*,*,#13970,.T.);
#13985 = ORIENTED_EDGE('',*,*,#13986,.F.);
#13986 = EDGE_CURVE('',#624,#12285,#13987,.T.);
#13987 = LINE('',#13988,#13989);
#13988 = CARTESIAN_POINT('',(-23.97500038147,37.349998474121,1.));
#13989 = VECTOR('',#13990,1.);
#13990 = DIRECTION('',(1.,0.,0.));
#13991 = ORIENTED_EDGE('',*,*,#13992,.F.);
#13992 = EDGE_CURVE('',#2132,#624,#13993,.T.);
#13993 = LINE('',#13994,#13995);
#13994 = CARTESIAN_POINT('',(-23.97500038147,37.349998474121,
    4.199999809265));
#13995 = VECTOR('',#13996,1.);
#13996 = DIRECTION('',(0.,0.,-1.));
#13997 = PLANE('',#13998);
#13998 = AXIS2_PLACEMENT_3D('',#13999,#14000,#14001);
#13999 = CARTESIAN_POINT('',(0.,37.349998474121,2.599999904633));
#14000 = DIRECTION('',(0.,1.,0.));
#14001 = DIRECTION('',(0.,-0.,1.));
#14002 = ADVANCED_FACE('',(#14003),#14009,.T.);
#14003 = FACE_BOUND('',#14004,.T.);
#14004 = EDGE_LOOP('',(#14005,#14006,#14007,#14008));
#14005 = ORIENTED_EDGE('',*,*,#13986,.T.);
#14006 = ORIENTED_EDGE('',*,*,#12284,.T.);
#14007 = ORIENTED_EDGE('',*,*,#646,.T.);
#14008 = ORIENTED_EDGE('',*,*,#631,.T.);
#14009 = PLANE('',#14010);
#14010 = AXIS2_PLACEMENT_3D('',#14011,#14012,#14013);
#14011 = CARTESIAN_POINT('',(-3.598470802541E-16,36.849998474121,0.5));
#14012 = DIRECTION('',(0.,0.707106781187,-0.707106781187));
#14013 = DIRECTION('',(0.,0.707106781187,0.707106781187));
#14014 = ADVANCED_FACE('',(#14015),#14026,.T.);
#14015 = FACE_BOUND('',#14016,.T.);
#14016 = EDGE_LOOP('',(#14017,#14018,#14019,#14020));
#14017 = ORIENTED_EDGE('',*,*,#2139,.T.);
#14018 = ORIENTED_EDGE('',*,*,#13992,.T.);
#14019 = ORIENTED_EDGE('',*,*,#623,.T.);
#14020 = ORIENTED_EDGE('',*,*,#14021,.F.);
#14021 = EDGE_CURVE('',#2140,#555,#14022,.T.);
#14022 = LINE('',#14023,#14024);
#14023 = CARTESIAN_POINT('',(-24.49710083007,37.315799713135,
    4.199999809265));
#14024 = VECTOR('',#14025,1.);
#14025 = DIRECTION('',(0.,0.,-1.));
#14026 = PLANE('',#14027);
#14027 = AXIS2_PLACEMENT_3D('',#14028,#14029,#14030);
#14028 = CARTESIAN_POINT('',(-24.23605060577,37.332899093628,
    2.599999904633));
#14029 = DIRECTION('',(-6.536219348922E-02,0.997861605466,0.));
#14030 = DIRECTION('',(0.997861605466,6.536219348922E-02,0.));
#14031 = ADVANCED_FACE('',(#14032),#14043,.T.);
#14032 = FACE_BOUND('',#14033,.T.);
#14033 = EDGE_LOOP('',(#14034,#14035,#14036,#14037));
#14034 = ORIENTED_EDGE('',*,*,#2147,.T.);
#14035 = ORIENTED_EDGE('',*,*,#14021,.T.);
#14036 = ORIENTED_EDGE('',*,*,#554,.T.);
#14037 = ORIENTED_EDGE('',*,*,#14038,.T.);
#14038 = EDGE_CURVE('',#532,#2148,#14039,.T.);
#14039 = LINE('',#14040,#14041);
#14040 = CARTESIAN_POINT('',(-25.01029968261,37.21369934082,1.));
#14041 = VECTOR('',#14042,1.);
#14042 = DIRECTION('',(0.,0.,1.));
#14043 = PLANE('',#14044);
#14044 = AXIS2_PLACEMENT_3D('',#14045,#14046,#14047);
#14045 = CARTESIAN_POINT('',(-24.75370025634,37.264749526978,
    2.599999904633));
#14046 = DIRECTION('',(-0.195124834768,0.980778414759,0.));
#14047 = DIRECTION('',(0.980778414759,0.195124834768,0.));
#14048 = ADVANCED_FACE('',(#14049),#14060,.T.);
#14049 = FACE_BOUND('',#14050,.T.);
#14050 = EDGE_LOOP('',(#14051,#14052,#14053,#14054));
#14051 = ORIENTED_EDGE('',*,*,#2155,.T.);
#14052 = ORIENTED_EDGE('',*,*,#14038,.F.);
#14053 = ORIENTED_EDGE('',*,*,#531,.T.);
#14054 = ORIENTED_EDGE('',*,*,#14055,.T.);
#14055 = EDGE_CURVE('',#464,#2156,#14056,.T.);
#14056 = LINE('',#14057,#14058);
#14057 = CARTESIAN_POINT('',(-25.50569915771,37.045501708984,1.));
#14058 = VECTOR('',#14059,1.);
#14059 = DIRECTION('',(0.,0.,1.));
#14060 = PLANE('',#14061);
#14061 = AXIS2_PLACEMENT_3D('',#14062,#14063,#14064);
#14062 = CARTESIAN_POINT('',(-25.25799942016,37.129600524902,
    2.599999904633));
#14063 = DIRECTION('',(-0.321494601755,0.946911411402,0.));
#14064 = DIRECTION('',(0.946911411402,0.321494601755,0.));
#14065 = ADVANCED_FACE('',(#14066),#14082,.T.);
#14066 = FACE_BOUND('',#14067,.T.);
#14067 = EDGE_LOOP('',(#14068,#14074,#14075,#14081));
#14068 = ORIENTED_EDGE('',*,*,#14069,.T.);
#14069 = EDGE_CURVE('',#2236,#13343,#14070,.T.);
#14070 = LINE('',#14071,#14072);
#14071 = CARTESIAN_POINT('',(-27.97500038147,2.400000095367,
    4.199999809265));
#14072 = VECTOR('',#14073,1.);
#14073 = DIRECTION('',(0.,0.,-1.));
#14074 = ORIENTED_EDGE('',*,*,#13342,.T.);
#14075 = ORIENTED_EDGE('',*,*,#14076,.T.);
#14076 = EDGE_CURVE('',#12962,#2244,#14077,.T.);
#14077 = LINE('',#14078,#14079);
#14078 = CARTESIAN_POINT('',(-27.94079971313,1.877900004387,1.));
#14079 = VECTOR('',#14080,1.);
#14080 = DIRECTION('',(0.,0.,1.));
#14081 = ORIENTED_EDGE('',*,*,#2243,.T.);
#14082 = PLANE('',#14083);
#14083 = AXIS2_PLACEMENT_3D('',#14084,#14085,#14086);
#14084 = CARTESIAN_POINT('',(-27.9579000473,2.138950049877,
    2.599999904633));
#14085 = DIRECTION('',(-0.997861364776,-6.536586790645E-02,-0.));
#14086 = DIRECTION('',(6.536586790645E-02,-0.997861364776,0.));
#14087 = ADVANCED_FACE('',(#14088),#14099,.T.);
#14088 = FACE_BOUND('',#14089,.T.);
#14089 = EDGE_LOOP('',(#14090,#14091,#14092,#14093));
#14090 = ORIENTED_EDGE('',*,*,#84,.T.);
#14091 = ORIENTED_EDGE('',*,*,#981,.T.);
#14092 = ORIENTED_EDGE('',*,*,#13350,.T.);
#14093 = ORIENTED_EDGE('',*,*,#14094,.T.);
#14094 = EDGE_CURVE('',#13343,#85,#14095,.T.);
#14095 = LINE('',#14096,#14097);
#14096 = CARTESIAN_POINT('',(-27.97500038147,2.400000095367,1.));
#14097 = VECTOR('',#14098,1.);
#14098 = DIRECTION('',(0.,1.,0.));
#14099 = PLANE('',#14100);
#14100 = AXIS2_PLACEMENT_3D('',#14101,#14102,#14103);
#14101 = CARTESIAN_POINT('',(-27.47500038147,17.874999284744,0.5));
#14102 = DIRECTION('',(-0.707106781187,-0.,-0.707106781187));
#14103 = DIRECTION('',(-0.707106781187,0.,0.707106781187));
#14104 = ADVANCED_FACE('',(#14105),#14116,.T.);
#14105 = FACE_BOUND('',#14106,.T.);
#14106 = EDGE_LOOP('',(#14107,#14113,#14114,#14115));
#14107 = ORIENTED_EDGE('',*,*,#14108,.T.);
#14108 = EDGE_CURVE('',#2228,#85,#14109,.T.);
#14109 = LINE('',#14110,#14111);
#14110 = CARTESIAN_POINT('',(-27.97500038147,33.349998474121,
    4.199999809265));
#14111 = VECTOR('',#14112,1.);
#14112 = DIRECTION('',(0.,0.,-1.));
#14113 = ORIENTED_EDGE('',*,*,#14094,.F.);
#14114 = ORIENTED_EDGE('',*,*,#14069,.F.);
#14115 = ORIENTED_EDGE('',*,*,#2235,.T.);
#14116 = PLANE('',#14117);
#14117 = AXIS2_PLACEMENT_3D('',#14118,#14119,#14120);
#14118 = CARTESIAN_POINT('',(-27.97500038147,17.874999284744,
    2.599999904633));
#14119 = DIRECTION('',(-1.,-0.,-0.));
#14120 = DIRECTION('',(0.,0.,-1.));
#14121 = ADVANCED_FACE('',(#14122),#14133,.T.);
#14122 = FACE_BOUND('',#14123,.T.);
#14123 = EDGE_LOOP('',(#14124,#14125,#14126,#14132));
#14124 = ORIENTED_EDGE('',*,*,#14076,.F.);
#14125 = ORIENTED_EDGE('',*,*,#12961,.T.);
#14126 = ORIENTED_EDGE('',*,*,#14127,.T.);
#14127 = EDGE_CURVE('',#12918,#1821,#14128,.T.);
#14128 = LINE('',#14129,#14130);
#14129 = CARTESIAN_POINT('',(-27.83869934082,1.364719986916,1.));
#14130 = VECTOR('',#14131,1.);
#14131 = DIRECTION('',(0.,0.,1.));
#14132 = ORIENTED_EDGE('',*,*,#2251,.T.);
#14133 = PLANE('',#14134);
#14134 = AXIS2_PLACEMENT_3D('',#14135,#14136,#14137);
#14135 = CARTESIAN_POINT('',(-27.88974952697,1.621309995651,
    2.599999904633));
#14136 = DIRECTION('',(-0.980777044191,-0.195131723684,-0.));
#14137 = DIRECTION('',(0.195131723684,-0.980777044191,0.));
#14138 = ADVANCED_FACE('',(#14139),#14155,.T.);
#14139 = FACE_BOUND('',#14140,.T.);
#14140 = EDGE_LOOP('',(#14141,#14142,#14148,#14149));
#14141 = ORIENTED_EDGE('',*,*,#2179,.T.);
#14142 = ORIENTED_EDGE('',*,*,#14143,.T.);
#14143 = EDGE_CURVE('',#2172,#371,#14144,.T.);
#14144 = LINE('',#14145,#14146);
#14145 = CARTESIAN_POINT('',(-26.40999984741,36.523399353027,
    4.199999809265));
#14146 = VECTOR('',#14147,1.);
#14147 = DIRECTION('',(0.,0.,-1.));
#14148 = ORIENTED_EDGE('',*,*,#370,.T.);
#14149 = ORIENTED_EDGE('',*,*,#14150,.F.);
#14150 = EDGE_CURVE('',#2180,#348,#14151,.T.);
#14151 = LINE('',#14152,#14153);
#14152 = CARTESIAN_POINT('',(-26.80340003967,36.178398132324,
    4.199999809265));
#14153 = VECTOR('',#14154,1.);
#14154 = DIRECTION('',(0.,0.,-1.));
#14155 = PLANE('',#14156);
#14156 = AXIS2_PLACEMENT_3D('',#14157,#14158,#14159);
#14157 = CARTESIAN_POINT('',(-26.60669994354,36.350898742676,
    2.599999904633));
#14158 = DIRECTION('',(-0.659344207138,0.751841217621,0.));
#14159 = DIRECTION('',(0.751841217621,0.659344207138,0.));
#14160 = ADVANCED_FACE('',(#14161),#14172,.T.);
#14161 = FACE_BOUND('',#14162,.T.);
#14162 = EDGE_LOOP('',(#14163,#14164,#14165,#14171));
#14163 = ORIENTED_EDGE('',*,*,#14150,.T.);
#14164 = ORIENTED_EDGE('',*,*,#347,.T.);
#14165 = ORIENTED_EDGE('',*,*,#14166,.T.);
#14166 = EDGE_CURVE('',#279,#2188,#14167,.T.);
#14167 = LINE('',#14168,#14169);
#14168 = CARTESIAN_POINT('',(-27.14839935302,35.784999847412,1.));
#14169 = VECTOR('',#14170,1.);
#14170 = DIRECTION('',(0.,0.,1.));
#14171 = ORIENTED_EDGE('',*,*,#2187,.T.);
#14172 = PLANE('',#14173);
#14173 = AXIS2_PLACEMENT_3D('',#14174,#14175,#14176);
#14174 = CARTESIAN_POINT('',(-26.97589969635,35.981698989868,
    2.599999904633));
#14175 = DIRECTION('',(-0.751841439933,0.659343953638,-0.));
#14176 = DIRECTION('',(-0.659343953638,-0.751841439933,0.));
#14177 = ADVANCED_FACE('',(#14178),#14189,.T.);
#14178 = FACE_BOUND('',#14179,.T.);
#14179 = EDGE_LOOP('',(#14180,#14181,#14182,#14188));
#14180 = ORIENTED_EDGE('',*,*,#14127,.F.);
#14181 = ORIENTED_EDGE('',*,*,#12915,.F.);
#14182 = ORIENTED_EDGE('',*,*,#14183,.F.);
#14183 = EDGE_CURVE('',#1819,#12916,#14184,.T.);
#14184 = LINE('',#14185,#14186);
#14185 = CARTESIAN_POINT('',(-27.67049980163,0.869266986847,
    4.199999809265));
#14186 = VECTOR('',#14187,1.);
#14187 = DIRECTION('',(0.,0.,-1.));
#14188 = ORIENTED_EDGE('',*,*,#1818,.T.);
#14189 = PLANE('',#14190);
#14190 = AXIS2_PLACEMENT_3D('',#14191,#14192,#14193);
#14191 = CARTESIAN_POINT('',(-27.75459957122,1.116993486881,
    2.599999904633));
#14192 = DIRECTION('',(-0.946920874652,-0.321466727901,-0.));
#14193 = DIRECTION('',(0.321466727901,-0.946920874652,0.));
#14194 = ADVANCED_FACE('',(#14195),#14206,.T.);
#14195 = FACE_BOUND('',#14196,.T.);
#14196 = EDGE_LOOP('',(#14197,#14198,#14199,#14205));
#14197 = ORIENTED_EDGE('',*,*,#14183,.T.);
#14198 = ORIENTED_EDGE('',*,*,#13000,.T.);
#14199 = ORIENTED_EDGE('',*,*,#14200,.T.);
#14200 = EDGE_CURVE('',#13001,#1829,#14201,.T.);
#14201 = LINE('',#14202,#14203);
#14202 = CARTESIAN_POINT('',(-27.4391002655,0.40000000596,1.));
#14203 = VECTOR('',#14204,1.);
#14204 = DIRECTION('',(0.,0.,1.));
#14205 = ORIENTED_EDGE('',*,*,#1828,.T.);
#14206 = PLANE('',#14207);
#14207 = AXIS2_PLACEMENT_3D('',#14208,#14209,#14210);
#14208 = CARTESIAN_POINT('',(-27.55480003356,0.634633496404,
    2.599999904633));
#14209 = DIRECTION('',(-0.896885879139,-0.442262048791,-0.));
#14210 = DIRECTION('',(0.442262048791,-0.896885879139,0.));
#14211 = ADVANCED_FACE('',(#14212),#14228,.T.);
#14212 = FACE_BOUND('',#14213,.T.);
#14213 = EDGE_LOOP('',(#14214,#14220,#14221,#14227));
#14214 = ORIENTED_EDGE('',*,*,#14215,.T.);
#14215 = EDGE_CURVE('',#1837,#13024,#14216,.T.);
#14216 = LINE('',#14217,#14218);
#14217 = CARTESIAN_POINT('',(-27.14839935302,-3.50446999073E-02,
    4.199999809265));
#14218 = VECTOR('',#14219,1.);
#14219 = DIRECTION('',(0.,0.,-1.));
#14220 = ORIENTED_EDGE('',*,*,#13046,.F.);
#14221 = ORIENTED_EDGE('',*,*,#14222,.T.);
#14222 = EDGE_CURVE('',#13047,#1845,#14223,.T.);
#14223 = LINE('',#14224,#14225);
#14224 = CARTESIAN_POINT('',(-26.80340003967,-0.428425997496,1.));
#14225 = VECTOR('',#14226,1.);
#14226 = DIRECTION('',(0.,0.,1.));
#14227 = ORIENTED_EDGE('',*,*,#1844,.T.);
#14228 = PLANE('',#14229);
#14229 = AXIS2_PLACEMENT_3D('',#14230,#14231,#14232);
#14230 = CARTESIAN_POINT('',(-26.97589969635,-0.231735348701,
    2.599999904633));
#14231 = DIRECTION('',(-0.751827325654,-0.659360047622,-0.));
#14232 = DIRECTION('',(0.659360047622,-0.751827325654,0.));
#14233 = ADVANCED_FACE('',(#14234),#14245,.T.);
#14234 = FACE_BOUND('',#14235,.T.);
#14235 = EDGE_LOOP('',(#14236,#14237,#14238,#14244));
#14236 = ORIENTED_EDGE('',*,*,#13722,.F.);
#14237 = ORIENTED_EDGE('',*,*,#2011,.T.);
#14238 = ORIENTED_EDGE('',*,*,#14239,.T.);
#14239 = EDGE_CURVE('',#2004,#12769,#14240,.T.);
#14240 = LINE('',#14241,#14242);
#14241 = CARTESIAN_POINT('',(27.83869934082,1.364719986916,
    4.199999809265));
#14242 = VECTOR('',#14243,1.);
#14243 = DIRECTION('',(0.,0.,-1.));
#14244 = ORIENTED_EDGE('',*,*,#12815,.F.);
#14245 = PLANE('',#14246);
#14246 = AXIS2_PLACEMENT_3D('',#14247,#14248,#14249);
#14247 = CARTESIAN_POINT('',(27.889749526978,1.621309995651,
    2.599999904633));
#14248 = DIRECTION('',(0.980777044191,-0.195131723684,0.));
#14249 = DIRECTION('',(0.195131723684,0.980777044191,0.));
#14250 = ADVANCED_FACE('',(#14251),#14267,.T.);
#14251 = FACE_BOUND('',#14252,.T.);
#14252 = EDGE_LOOP('',(#14253,#14259,#14260,#14266));
#14253 = ORIENTED_EDGE('',*,*,#14254,.T.);
#14254 = EDGE_CURVE('',#2196,#256,#14255,.T.);
#14255 = LINE('',#14256,#14257);
#14256 = CARTESIAN_POINT('',(-27.4391002655,35.349998474121,
    4.199999809265));
#14257 = VECTOR('',#14258,1.);
#14258 = DIRECTION('',(0.,0.,-1.));
#14259 = ORIENTED_EDGE('',*,*,#255,.T.);
#14260 = ORIENTED_EDGE('',*,*,#14261,.T.);
#14261 = EDGE_CURVE('',#187,#2204,#14262,.T.);
#14262 = LINE('',#14263,#14264);
#14263 = CARTESIAN_POINT('',(-27.67049980163,34.880699157715,1.));
#14264 = VECTOR('',#14265,1.);
#14265 = DIRECTION('',(0.,0.,1.));
#14266 = ORIENTED_EDGE('',*,*,#2203,.T.);
#14267 = PLANE('',#14268);
#14268 = AXIS2_PLACEMENT_3D('',#14269,#14270,#14271);
#14269 = CARTESIAN_POINT('',(-27.55480003356,35.115348815918,
    2.599999904633));
#14270 = DIRECTION('',(-0.896897966188,0.442237536001,-0.));
#14271 = DIRECTION('',(-0.442237536001,-0.896897966188,0.));
#14272 = ADVANCED_FACE('',(#14273),#14279,.T.);
#14273 = FACE_BOUND('',#14274,.T.);
#14274 = EDGE_LOOP('',(#14275,#14276,#14277,#14278));
#14275 = ORIENTED_EDGE('',*,*,#14166,.F.);
#14276 = ORIENTED_EDGE('',*,*,#278,.F.);
#14277 = ORIENTED_EDGE('',*,*,#14254,.F.);
#14278 = ORIENTED_EDGE('',*,*,#2195,.T.);
#14279 = PLANE('',#14280);
#14280 = AXIS2_PLACEMENT_3D('',#14281,#14282,#14283);
#14281 = CARTESIAN_POINT('',(-27.29374980926,35.567499160767,
    2.599999904633));
#14282 = DIRECTION('',(-0.831432274033,0.555626109625,-0.));
#14283 = DIRECTION('',(-0.555626109625,-0.831432274033,0.));
#14284 = ADVANCED_FACE('',(#14285),#14296,.T.);
#14285 = FACE_BOUND('',#14286,.T.);
#14286 = EDGE_LOOP('',(#14287,#14288,#14289,#14290));
#14287 = ORIENTED_EDGE('',*,*,#2163,.T.);
#14288 = ORIENTED_EDGE('',*,*,#14055,.F.);
#14289 = ORIENTED_EDGE('',*,*,#515,.F.);
#14290 = ORIENTED_EDGE('',*,*,#14291,.T.);
#14291 = EDGE_CURVE('',#440,#2164,#14292,.T.);
#14292 = LINE('',#14293,#14294);
#14293 = CARTESIAN_POINT('',(-25.97500038147,36.814098358154,1.));
#14294 = VECTOR('',#14295,1.);
#14295 = DIRECTION('',(0.,0.,1.));
#14296 = PLANE('',#14297);
#14297 = AXIS2_PLACEMENT_3D('',#14298,#14299,#14300);
#14298 = CARTESIAN_POINT('',(-25.74034976959,36.929800033569,
    2.599999904633));
#14299 = DIRECTION('',(-0.442241954733,0.89689578741,0.));
#14300 = DIRECTION('',(0.89689578741,0.442241954733,0.));
#14301 = ADVANCED_FACE('',(#14302),#14308,.T.);
#14302 = FACE_BOUND('',#14303,.T.);
#14303 = EDGE_LOOP('',(#14304,#14305,#14306,#14307));
#14304 = ORIENTED_EDGE('',*,*,#13901,.F.);
#14305 = ORIENTED_EDGE('',*,*,#2051,.T.);
#14306 = ORIENTED_EDGE('',*,*,#13664,.F.);
#14307 = ORIENTED_EDGE('',*,*,#12066,.F.);
#14308 = PLANE('',#14309);
#14309 = AXIS2_PLACEMENT_3D('',#14310,#14311,#14312);
#14310 = CARTESIAN_POINT('',(27.754599571228,34.632999420166,
    2.599999904633));
#14311 = DIRECTION('',(0.94691030154,0.321497870656,0.));
#14312 = DIRECTION('',(-0.321497870656,0.94691030154,0.));
#14313 = ADVANCED_FACE('',(#14314),#14320,.T.);
#14314 = FACE_BOUND('',#14315,.T.);
#14315 = EDGE_LOOP('',(#14316,#14317,#14318,#14319));
#14316 = ORIENTED_EDGE('',*,*,#2171,.T.);
#14317 = ORIENTED_EDGE('',*,*,#14291,.F.);
#14318 = ORIENTED_EDGE('',*,*,#439,.F.);
#14319 = ORIENTED_EDGE('',*,*,#14143,.F.);
#14320 = PLANE('',#14321);
#14321 = AXIS2_PLACEMENT_3D('',#14322,#14323,#14324);
#14322 = CARTESIAN_POINT('',(-26.19250011444,36.668748855591,
    2.599999904633));
#14323 = DIRECTION('',(-0.555625273638,0.831432832702,0.));
#14324 = DIRECTION('',(0.831432832702,0.555625273638,0.));
#14325 = ADVANCED_FACE('',(#14326),#14342,.T.);
#14326 = FACE_BOUND('',#14327,.T.);
#14327 = EDGE_LOOP('',(#14328,#14334,#14335,#14341));
#14328 = ORIENTED_EDGE('',*,*,#14329,.T.);
#14329 = EDGE_CURVE('',#2212,#164,#14330,.T.);
#14330 = LINE('',#14331,#14332);
#14331 = CARTESIAN_POINT('',(-27.83869934082,34.385299682617,
    4.199999809265));
#14332 = VECTOR('',#14333,1.);
#14333 = DIRECTION('',(0.,0.,-1.));
#14334 = ORIENTED_EDGE('',*,*,#163,.F.);
#14335 = ORIENTED_EDGE('',*,*,#14336,.T.);
#14336 = EDGE_CURVE('',#95,#2220,#14337,.T.);
#14337 = LINE('',#14338,#14339);
#14338 = CARTESIAN_POINT('',(-27.94079971313,33.872100830078,1.));
#14339 = VECTOR('',#14340,1.);
#14340 = DIRECTION('',(0.,0.,1.));
#14341 = ORIENTED_EDGE('',*,*,#2219,.T.);
#14342 = PLANE('',#14343);
#14343 = AXIS2_PLACEMENT_3D('',#14344,#14345,#14346);
#14344 = CARTESIAN_POINT('',(-27.88974952697,34.128700256348,
    2.599999904633));
#14345 = DIRECTION('',(-0.980778414759,0.195124834768,-0.));
#14346 = DIRECTION('',(-0.195124834768,-0.980778414759,0.));
#14347 = ADVANCED_FACE('',(#14348),#14359,.T.);
#14348 = FACE_BOUND('',#14349,.T.);
#14349 = EDGE_LOOP('',(#14350,#14356,#14357,#14358));
#14350 = ORIENTED_EDGE('',*,*,#14351,.T.);
#14351 = EDGE_CURVE('',#12652,#1980,#14352,.T.);
#14352 = LINE('',#14353,#14354);
#14353 = CARTESIAN_POINT('',(27.148399353027,-3.50446999073E-02,1.));
#14354 = VECTOR('',#14355,1.);
#14355 = DIRECTION('',(0.,0.,1.));
#14356 = ORIENTED_EDGE('',*,*,#1979,.T.);
#14357 = ORIENTED_EDGE('',*,*,#12411,.T.);
#14358 = ORIENTED_EDGE('',*,*,#12659,.T.);
#14359 = PLANE('',#14360);
#14360 = AXIS2_PLACEMENT_3D('',#14361,#14362,#14363);
#14361 = CARTESIAN_POINT('',(26.97589969635,-0.231735348701,
    2.599999904633));
#14362 = DIRECTION('',(0.751827325654,-0.659360047622,0.));
#14363 = DIRECTION('',(0.659360047622,0.751827325654,0.));
#14364 = ADVANCED_FACE('',(#14365),#14376,.T.);
#14365 = FACE_BOUND('',#14366,.T.);
#14366 = EDGE_LOOP('',(#14367,#14368,#14369,#14375));
#14367 = ORIENTED_EDGE('',*,*,#14239,.F.);
#14368 = ORIENTED_EDGE('',*,*,#2003,.T.);
#14369 = ORIENTED_EDGE('',*,*,#14370,.T.);
#14370 = EDGE_CURVE('',#1996,#12729,#14371,.T.);
#14371 = LINE('',#14372,#14373);
#14372 = CARTESIAN_POINT('',(27.670499801636,0.869266986847,
    4.199999809265));
#14373 = VECTOR('',#14374,1.);
#14374 = DIRECTION('',(0.,0.,-1.));
#14375 = ORIENTED_EDGE('',*,*,#12776,.F.);
#14376 = PLANE('',#14377);
#14377 = AXIS2_PLACEMENT_3D('',#14378,#14379,#14380);
#14378 = CARTESIAN_POINT('',(27.754599571228,1.116993486881,
    2.599999904633));
#14379 = DIRECTION('',(0.946920874652,-0.321466727901,0.));
#14380 = DIRECTION('',(0.321466727901,0.946920874652,0.));
#14381 = ADVANCED_FACE('',(#14382),#14388,.T.);
#14382 = FACE_BOUND('',#14383,.T.);
#14383 = EDGE_LOOP('',(#14384,#14385,#14386,#14387));
#14384 = ORIENTED_EDGE('',*,*,#14200,.F.);
#14385 = ORIENTED_EDGE('',*,*,#13271,.F.);
#14386 = ORIENTED_EDGE('',*,*,#14215,.F.);
#14387 = ORIENTED_EDGE('',*,*,#1836,.T.);
#14388 = PLANE('',#14389);
#14389 = AXIS2_PLACEMENT_3D('',#14390,#14391,#14392);
#14390 = CARTESIAN_POINT('',(-27.29374980926,0.182477653027,
    2.599999904633));
#14391 = DIRECTION('',(-0.831457840528,-0.555587850321,-0.));
#14392 = DIRECTION('',(0.555587850321,-0.831457840528,0.));
#14393 = ADVANCED_FACE('',(#14394),#14400,.T.);
#14394 = FACE_BOUND('',#14395,.T.);
#14395 = EDGE_LOOP('',(#14396,#14397,#14398,#14399));
#14396 = ORIENTED_EDGE('',*,*,#1876,.T.);
#14397 = ORIENTED_EDGE('',*,*,#13384,.F.);
#14398 = ORIENTED_EDGE('',*,*,#13182,.F.);
#14399 = ORIENTED_EDGE('',*,*,#13738,.F.);
#14400 = PLANE('',#14401);
#14401 = AXIS2_PLACEMENT_3D('',#14402,#14403,#14404);
#14402 = CARTESIAN_POINT('',(-25.25799942016,-1.379610002041,
    2.599999904633));
#14403 = DIRECTION('',(-0.321464568185,-0.946921607844,-0.));
#14404 = DIRECTION('',(-0.946921607844,0.321464568185,0.));
#14405 = ADVANCED_FACE('',(#14406),#14422,.T.);
#14406 = FACE_BOUND('',#14407,.T.);
#14407 = EDGE_LOOP('',(#14408,#14409,#14415,#14416));
#14408 = ORIENTED_EDGE('',*,*,#1955,.T.);
#14409 = ORIENTED_EDGE('',*,*,#14410,.T.);
#14410 = EDGE_CURVE('',#1948,#12505,#14411,.T.);
#14411 = LINE('',#14412,#14413);
#14412 = CARTESIAN_POINT('',(25.505699157715,-1.295519948006,
    4.199999809265));
#14413 = VECTOR('',#14414,1.);
#14414 = DIRECTION('',(0.,0.,-1.));
#14415 = ORIENTED_EDGE('',*,*,#12567,.T.);
#14416 = ORIENTED_EDGE('',*,*,#14417,.T.);
#14417 = EDGE_CURVE('',#12560,#1956,#14418,.T.);
#14418 = LINE('',#14419,#14420);
#14419 = CARTESIAN_POINT('',(25.97500038147,-1.064100027084,1.));
#14420 = VECTOR('',#14421,1.);
#14421 = DIRECTION('',(0.,0.,1.));
#14422 = PLANE('',#14423);
#14423 = AXIS2_PLACEMENT_3D('',#14424,#14425,#14426);
#14424 = CARTESIAN_POINT('',(25.740349769592,-1.179809987545,
    2.599999904633));
#14425 = DIRECTION('',(0.442267428317,-0.896883226429,-0.));
#14426 = DIRECTION('',(-0.896883226429,-0.442267428317,0.));
#14427 = ADVANCED_FACE('',(#14428),#14434,.T.);
#14428 = FACE_BOUND('',#14429,.T.);
#14429 = EDGE_LOOP('',(#14430,#14431,#14432,#14433));
#14430 = ORIENTED_EDGE('',*,*,#1947,.T.);
#14431 = ORIENTED_EDGE('',*,*,#13885,.F.);
#14432 = ORIENTED_EDGE('',*,*,#12512,.F.);
#14433 = ORIENTED_EDGE('',*,*,#14410,.F.);
#14434 = PLANE('',#14435);
#14435 = AXIS2_PLACEMENT_3D('',#14436,#14437,#14438);
#14436 = CARTESIAN_POINT('',(25.257999420166,-1.379610002041,
    2.599999904633));
#14437 = DIRECTION('',(0.321464568185,-0.946921607844,-0.));
#14438 = DIRECTION('',(-0.946921607844,-0.321464568185,0.));
#14439 = ADVANCED_FACE('',(#14440),#14446,.T.);
#14440 = FACE_BOUND('',#14441,.T.);
#14441 = EDGE_LOOP('',(#14442,#14443,#14444,#14445));
#14442 = ORIENTED_EDGE('',*,*,#1963,.T.);
#14443 = ORIENTED_EDGE('',*,*,#14417,.F.);
#14444 = ORIENTED_EDGE('',*,*,#12636,.F.);
#14445 = ORIENTED_EDGE('',*,*,#12395,.F.);
#14446 = PLANE('',#14447);
#14447 = AXIS2_PLACEMENT_3D('',#14448,#14449,#14450);
#14448 = CARTESIAN_POINT('',(26.192500114441,-0.918756514788,
    2.599999904633));
#14449 = DIRECTION('',(0.555609443772,-0.831443411178,-0.));
#14450 = DIRECTION('',(-0.831443411178,-0.555609443772,0.));
#14451 = ADVANCED_FACE('',(#14452),#14458,.T.);
#14452 = FACE_BOUND('',#14453,.T.);
#14453 = EDGE_LOOP('',(#14454,#14455,#14456,#14457));
#14454 = ORIENTED_EDGE('',*,*,#11898,.F.);
#14455 = ORIENTED_EDGE('',*,*,#2075,.T.);
#14456 = ORIENTED_EDGE('',*,*,#13415,.F.);
#14457 = ORIENTED_EDGE('',*,*,#12153,.F.);
#14458 = PLANE('',#14459);
#14459 = AXIS2_PLACEMENT_3D('',#14460,#14461,#14462);
#14460 = CARTESIAN_POINT('',(26.97589969635,35.981698989868,
    2.599999904633));
#14461 = DIRECTION('',(0.751841439933,0.659343953638,0.));
#14462 = DIRECTION('',(-0.659343953638,0.751841439933,0.));
#14463 = ADVANCED_FACE('',(#14464),#14470,.T.);
#14464 = FACE_BOUND('',#14465,.T.);
#14465 = EDGE_LOOP('',(#14466,#14467,#14468,#14469));
#14466 = ORIENTED_EDGE('',*,*,#14336,.F.);
#14467 = ORIENTED_EDGE('',*,*,#94,.F.);
#14468 = ORIENTED_EDGE('',*,*,#14108,.F.);
#14469 = ORIENTED_EDGE('',*,*,#2227,.T.);
#14470 = PLANE('',#14471);
#14471 = AXIS2_PLACEMENT_3D('',#14472,#14473,#14474);
#14472 = CARTESIAN_POINT('',(-27.9579000473,33.6110496521,2.599999904633
    ));
#14473 = DIRECTION('',(-0.997861383272,6.536558554883E-02,-0.));
#14474 = DIRECTION('',(-6.536558554883E-02,-0.997861383272,0.));
#14475 = ADVANCED_FACE('',(#14476),#14487,.T.);
#14476 = FACE_BOUND('',#14477,.T.);
#14477 = EDGE_LOOP('',(#14478,#14479,#14480,#14486));
#14478 = ORIENTED_EDGE('',*,*,#14370,.F.);
#14479 = ORIENTED_EDGE('',*,*,#1995,.T.);
#14480 = ORIENTED_EDGE('',*,*,#14481,.T.);
#14481 = EDGE_CURVE('',#1988,#12707,#14482,.T.);
#14482 = LINE('',#14483,#14484);
#14483 = CARTESIAN_POINT('',(27.439100265503,0.40000000596,
    4.199999809265));
#14484 = VECTOR('',#14485,1.);
#14485 = DIRECTION('',(0.,0.,-1.));
#14486 = ORIENTED_EDGE('',*,*,#12792,.F.);
#14487 = PLANE('',#14488);
#14488 = AXIS2_PLACEMENT_3D('',#14489,#14490,#14491);
#14489 = CARTESIAN_POINT('',(27.554800033569,0.634633496404,
    2.599999904633));
#14490 = DIRECTION('',(0.896885879139,-0.442262048791,0.));
#14491 = DIRECTION('',(0.442262048791,0.896885879139,0.));
#14492 = ADVANCED_FACE('',(#14493),#14499,.T.);
#14493 = FACE_BOUND('',#14494,.T.);
#14494 = EDGE_LOOP('',(#14495,#14496,#14497,#14498));
#14495 = ORIENTED_EDGE('',*,*,#14481,.F.);
#14496 = ORIENTED_EDGE('',*,*,#1987,.T.);
#14497 = ORIENTED_EDGE('',*,*,#14351,.F.);
#14498 = ORIENTED_EDGE('',*,*,#12714,.F.);
#14499 = PLANE('',#14500);
#14500 = AXIS2_PLACEMENT_3D('',#14501,#14502,#14503);
#14501 = CARTESIAN_POINT('',(27.293749809265,0.182477653027,
    2.599999904633));
#14502 = DIRECTION('',(0.831457840528,-0.555587850321,0.));
#14503 = DIRECTION('',(0.555587850321,0.831457840528,0.));
#14504 = ADVANCED_FACE('',(#14505),#14511,.T.);
#14505 = FACE_BOUND('',#14506,.T.);
#14506 = EDGE_LOOP('',(#14507,#14508,#14509,#14510));
#14507 = ORIENTED_EDGE('',*,*,#1852,.T.);
#14508 = ORIENTED_EDGE('',*,*,#14222,.F.);
#14509 = ORIENTED_EDGE('',*,*,#13069,.F.);
#14510 = ORIENTED_EDGE('',*,*,#12885,.F.);
#14511 = PLANE('',#14512);
#14512 = AXIS2_PLACEMENT_3D('',#14513,#14514,#14515);
#14513 = CARTESIAN_POINT('',(-26.60669994354,-0.600919499993,
    2.599999904633));
#14514 = DIRECTION('',(-0.659328849516,-0.751854685558,-0.));
#14515 = DIRECTION('',(-0.751854685558,0.659328849516,0.));
#14516 = ADVANCED_FACE('',(#14517),#14523,.T.);
#14517 = FACE_BOUND('',#14518,.T.);
#14518 = EDGE_LOOP('',(#14519,#14520,#14521,#14522));
#14519 = ORIENTED_EDGE('',*,*,#14261,.F.);
#14520 = ORIENTED_EDGE('',*,*,#186,.F.);
#14521 = ORIENTED_EDGE('',*,*,#14329,.F.);
#14522 = ORIENTED_EDGE('',*,*,#2211,.T.);
#14523 = PLANE('',#14524);
#14524 = AXIS2_PLACEMENT_3D('',#14525,#14526,#14527);
#14525 = CARTESIAN_POINT('',(-27.75459957122,34.632999420166,
    2.599999904633));
#14526 = DIRECTION('',(-0.94691030154,0.321497870656,-0.));
#14527 = DIRECTION('',(-0.321497870656,-0.94691030154,0.));
#14528 = ADVANCED_FACE('',(#14529),#14547,.T.);
#14529 = FACE_BOUND('',#14530,.T.);
#14530 = EDGE_LOOP('',(#14531,#14539,#14540,#14541));
#14531 = ORIENTED_EDGE('',*,*,#14532,.T.);
#14532 = EDGE_CURVE('',#14533,#1781,#14535,.T.);
#14533 = VERTEX_POINT('',#14534);
#14534 = CARTESIAN_POINT('',(-5.099999904633,0.,6.550000190735));
#14535 = LINE('',#14536,#14537);
#14536 = CARTESIAN_POINT('',(-5.099999904633,0.,6.550000190735));
#14537 = VECTOR('',#14538,1.);
#14538 = DIRECTION('',(1.,0.,0.));
#14539 = ORIENTED_EDGE('',*,*,#1778,.F.);
#14540 = ORIENTED_EDGE('',*,*,#1916,.F.);
#14541 = ORIENTED_EDGE('',*,*,#14542,.T.);
#14542 = EDGE_CURVE('',#1909,#14533,#14543,.T.);
#14543 = LINE('',#14544,#14545);
#14544 = CARTESIAN_POINT('',(-5.099999904633,0.,4.199999809265));
#14545 = VECTOR('',#14546,1.);
#14546 = DIRECTION('',(0.,0.,1.));
#14547 = PLANE('',#14548);
#14548 = AXIS2_PLACEMENT_3D('',#14549,#14550,#14551);
#14549 = CARTESIAN_POINT('',(0.,0.,5.375));
#14550 = DIRECTION('',(0.,1.,0.));
#14551 = DIRECTION('',(0.,-0.,1.));
#14552 = ADVANCED_FACE('',(#14553),#14564,.T.);
#14553 = FACE_BOUND('',#14554,.T.);
#14554 = EDGE_LOOP('',(#14555,#14556,#14557,#14558));
#14555 = ORIENTED_EDGE('',*,*,#14542,.F.);
#14556 = ORIENTED_EDGE('',*,*,#1908,.F.);
#14557 = ORIENTED_EDGE('',*,*,#13841,.F.);
#14558 = ORIENTED_EDGE('',*,*,#14559,.T.);
#14559 = EDGE_CURVE('',#13834,#14533,#14560,.T.);
#14560 = LINE('',#14561,#14562);
#14561 = CARTESIAN_POINT('',(-5.099999904633,-1.600000023842,
    6.550000190735));
#14562 = VECTOR('',#14563,1.);
#14563 = DIRECTION('',(0.,1.,0.));
#14564 = PLANE('',#14565);
#14565 = AXIS2_PLACEMENT_3D('',#14566,#14567,#14568);
#14566 = CARTESIAN_POINT('',(-5.099999904633,-0.800000011921,5.375));
#14567 = DIRECTION('',(-1.,-0.,-0.));
#14568 = DIRECTION('',(0.,0.,-1.));
#14569 = ADVANCED_FACE('',(#14570),#14576,.T.);
#14570 = FACE_BOUND('',#14571,.T.);
#14571 = EDGE_LOOP('',(#14572,#14573,#14574,#14575));
#14572 = ORIENTED_EDGE('',*,*,#1788,.F.);
#14573 = ORIENTED_EDGE('',*,*,#14532,.F.);
#14574 = ORIENTED_EDGE('',*,*,#14559,.F.);
#14575 = ORIENTED_EDGE('',*,*,#13833,.F.);
#14576 = PLANE('',#14577);
#14577 = AXIS2_PLACEMENT_3D('',#14578,#14579,#14580);
#14578 = CARTESIAN_POINT('',(0.,-0.800000011921,6.550000190735));
#14579 = DIRECTION('',(0.,0.,1.));
#14580 = DIRECTION('',(1.,0.,-0.));
#14581 = ADVANCED_FACE('',(#14582),#14598,.T.);
#14582 = FACE_BOUND('',#14583,.T.);
#14583 = EDGE_LOOP('',(#14584,#14590,#14591,#14597));
#14584 = ORIENTED_EDGE('',*,*,#14585,.T.);
#14585 = EDGE_CURVE('',#4724,#2278,#14586,.T.);
#14586 = LINE('',#14587,#14588);
#14587 = CARTESIAN_POINT('',(-26.22500038147,33.349998474121,
    5.699999809265));
#14588 = VECTOR('',#14589,1.);
#14589 = DIRECTION('',(0.,0.,-1.));
#14590 = ORIENTED_EDGE('',*,*,#2277,.F.);
#14591 = ORIENTED_EDGE('',*,*,#14592,.T.);
#14592 = EDGE_CURVE('',#2270,#4732,#14593,.T.);
#14593 = LINE('',#14594,#14595);
#14594 = CARTESIAN_POINT('',(-26.22500038147,2.400000095367,
    4.199999809265));
#14595 = VECTOR('',#14596,1.);
#14596 = DIRECTION('',(0.,0.,1.));
#14597 = ORIENTED_EDGE('',*,*,#4731,.T.);
#14598 = PLANE('',#14599);
#14599 = AXIS2_PLACEMENT_3D('',#14600,#14601,#14602);
#14600 = CARTESIAN_POINT('',(-26.22500038147,17.874999284744,
    4.949999809265));
#14601 = DIRECTION('',(-1.,-0.,-0.));
#14602 = DIRECTION('',(0.,0.,-1.));
#14603 = ADVANCED_FACE('',(#14604),#14620,.T.);
#14604 = FACE_BOUND('',#14605,.T.);
#14605 = EDGE_LOOP('',(#14606,#14612,#14613,#14619));
#14606 = ORIENTED_EDGE('',*,*,#14607,.T.);
#14607 = EDGE_CURVE('',#4748,#2260,#14608,.T.);
#14608 = LINE('',#14609,#14610);
#14609 = CARTESIAN_POINT('',(-26.14830017089,1.817659974098,
    5.699999809265));
#14610 = VECTOR('',#14611,1.);
#14611 = DIRECTION('',(0.,0.,-1.));
#14612 = ORIENTED_EDGE('',*,*,#3117,.F.);
#14613 = ORIENTED_EDGE('',*,*,#14614,.T.);
#14614 = EDGE_CURVE('',#3110,#4756,#14615,.T.);
#14615 = LINE('',#14616,#14617);
#14616 = CARTESIAN_POINT('',(-26.0536994934,1.538959980011,
    4.199999809265));
#14617 = VECTOR('',#14618,1.);
#14618 = DIRECTION('',(0.,0.,1.));
#14619 = ORIENTED_EDGE('',*,*,#4755,.T.);
#14620 = PLANE('',#14621);
#14621 = AXIS2_PLACEMENT_3D('',#14622,#14623,#14624);
#14622 = CARTESIAN_POINT('',(-26.10099983215,1.678309977055,
    4.949999809265));
#14623 = DIRECTION('',(-0.946935530368,-0.321423554406,-0.));
#14624 = DIRECTION('',(0.321423554406,-0.946935530368,0.));
#14625 = ADVANCED_FACE('',(#14626),#14637,.T.);
#14626 = FACE_BOUND('',#14627,.T.);
#14627 = EDGE_LOOP('',(#14628,#14629,#14630,#14636));
#14628 = ORIENTED_EDGE('',*,*,#5328,.F.);
#14629 = ORIENTED_EDGE('',*,*,#4523,.T.);
#14630 = ORIENTED_EDGE('',*,*,#14631,.T.);
#14631 = EDGE_CURVE('',#4516,#2486,#14632,.T.);
#14632 = LINE('',#14633,#14634);
#14633 = CARTESIAN_POINT('',(26.22500038147,2.400000095367,
    5.699999809265));
#14634 = VECTOR('',#14635,1.);
#14635 = DIRECTION('',(0.,0.,-1.));
#14636 = ORIENTED_EDGE('',*,*,#2485,.F.);
#14637 = PLANE('',#14638);
#14638 = AXIS2_PLACEMENT_3D('',#14639,#14640,#14641);
#14639 = CARTESIAN_POINT('',(26.22500038147,17.874999284744,
    4.949999809265));
#14640 = DIRECTION('',(1.,0.,0.));
#14641 = DIRECTION('',(-0.,0.,1.));
#14642 = ADVANCED_FACE('',(#14643),#14654,.T.);
#14643 = FACE_BOUND('',#14644,.T.);
#14644 = EDGE_LOOP('',(#14645,#14651,#14652,#14653));
#14645 = ORIENTED_EDGE('',*,*,#14646,.T.);
#14646 = EDGE_CURVE('',#4740,#2262,#14647,.T.);
#14647 = LINE('',#14648,#14649);
#14648 = CARTESIAN_POINT('',(-26.20569992065,2.106319904327,
    5.699999809265));
#14649 = VECTOR('',#14650,1.);
#14650 = DIRECTION('',(0.,0.,-1.));
#14651 = ORIENTED_EDGE('',*,*,#2259,.F.);
#14652 = ORIENTED_EDGE('',*,*,#14607,.F.);
#14653 = ORIENTED_EDGE('',*,*,#4747,.T.);
#14654 = PLANE('',#14655);
#14655 = AXIS2_PLACEMENT_3D('',#14656,#14657,#14658);
#14656 = CARTESIAN_POINT('',(-26.17700004577,1.961989939213,
    4.949999809265));
#14657 = DIRECTION('',(-0.980797163236,-0.195030573472,-0.));
#14658 = DIRECTION('',(0.195030573472,-0.980797163236,0.));
#14659 = ADVANCED_FACE('',(#14660),#14666,.T.);
#14660 = FACE_BOUND('',#14661,.T.);
#14661 = EDGE_LOOP('',(#14662,#14663,#14664,#14665));
#14662 = ORIENTED_EDGE('',*,*,#4451,.T.);
#14663 = ORIENTED_EDGE('',*,*,#5085,.F.);
#14664 = ORIENTED_EDGE('',*,*,#2557,.F.);
#14665 = ORIENTED_EDGE('',*,*,#5283,.F.);
#14666 = PLANE('',#14667);
#14667 = AXIS2_PLACEMENT_3D('',#14668,#14669,#14670);
#14668 = CARTESIAN_POINT('',(24.968000411987,0.38635699451,
    4.949999809265));
#14669 = DIRECTION('',(0.442238467128,-0.896897507072,-0.));
#14670 = DIRECTION('',(-0.896897507072,-0.442238467128,0.));
#14671 = ADVANCED_FACE('',(#14672),#14683,.T.);
#14672 = FACE_BOUND('',#14673,.T.);
#14673 = EDGE_LOOP('',(#14674,#14675,#14676,#14677));
#14674 = ORIENTED_EDGE('',*,*,#4811,.T.);
#14675 = ORIENTED_EDGE('',*,*,#5124,.F.);
#14676 = ORIENTED_EDGE('',*,*,#3061,.F.);
#14677 = ORIENTED_EDGE('',*,*,#14678,.T.);
#14678 = EDGE_CURVE('',#3054,#4812,#14679,.T.);
#14679 = LINE('',#14680,#14681);
#14680 = CARTESIAN_POINT('',(-24.55730056762,0.226666003466,
    4.199999809265));
#14681 = VECTOR('',#14682,1.);
#14682 = DIRECTION('',(0.,0.,1.));
#14683 = PLANE('',#14684);
#14684 = AXIS2_PLACEMENT_3D('',#14685,#14686,#14687);
#14685 = CARTESIAN_POINT('',(-24.69665050506,0.273968502879,
    4.949999809265));
#14686 = DIRECTION('',(-0.321436843249,-0.946931019559,-0.));
#14687 = DIRECTION('',(-0.946931019559,0.321436843249,0.));
#14688 = ADVANCED_FACE('',(#14689),#14700,.T.);
#14689 = FACE_BOUND('',#14690,.T.);
#14690 = EDGE_LOOP('',(#14691,#14692,#14693,#14694));
#14691 = ORIENTED_EDGE('',*,*,#4427,.T.);
#14692 = ORIENTED_EDGE('',*,*,#5251,.F.);
#14693 = ORIENTED_EDGE('',*,*,#2581,.F.);
#14694 = ORIENTED_EDGE('',*,*,#14695,.T.);
#14695 = EDGE_CURVE('',#2574,#4428,#14696,.T.);
#14696 = LINE('',#14697,#14698);
#14697 = CARTESIAN_POINT('',(24.268699645996,0.169248998165,
    4.199999809265));
#14698 = VECTOR('',#14699,1.);
#14699 = DIRECTION('',(0.,0.,1.));
#14700 = PLANE('',#14701);
#14701 = AXIS2_PLACEMENT_3D('',#14702,#14703,#14704);
#14702 = CARTESIAN_POINT('',(24.121850013733,0.159624502063,
    4.949999809265));
#14703 = DIRECTION('',(6.539949377225E-02,-0.997859161512,-0.));
#14704 = DIRECTION('',(-0.997859161512,-6.539949377225E-02,0.));
#14705 = ADVANCED_FACE('',(#14706),#14712,.T.);
#14706 = FACE_BOUND('',#14707,.T.);
#14707 = EDGE_LOOP('',(#14708,#14709,#14710,#14711));
#14708 = ORIENTED_EDGE('',*,*,#4659,.T.);
#14709 = ORIENTED_EDGE('',*,*,#5141,.F.);
#14710 = ORIENTED_EDGE('',*,*,#2349,.F.);
#14711 = ORIENTED_EDGE('',*,*,#5056,.F.);
#14712 = PLANE('',#14713);
#14713 = AXIS2_PLACEMENT_3D('',#14714,#14715,#14716);
#14714 = CARTESIAN_POINT('',(-24.96800041198,35.363649368286,
    4.949999809265));
#14715 = DIRECTION('',(-0.442042392668,0.896994160006,0.));
#14716 = DIRECTION('',(0.896994160006,0.442042392668,0.));
#14717 = ADVANCED_FACE('',(#14718),#14729,.T.);
#14718 = FACE_BOUND('',#14719,.T.);
#14719 = EDGE_LOOP('',(#14720,#14721,#14722,#14728));
#14720 = ORIENTED_EDGE('',*,*,#5101,.F.);
#14721 = ORIENTED_EDGE('',*,*,#4483,.T.);
#14722 = ORIENTED_EDGE('',*,*,#14723,.T.);
#14723 = EDGE_CURVE('',#4476,#2526,#14724,.T.);
#14724 = LINE('',#14725,#14726);
#14725 = CARTESIAN_POINT('',(25.760000228882,1.030290007591,
    5.699999809265));
#14726 = VECTOR('',#14727,1.);
#14727 = DIRECTION('',(0.,0.,-1.));
#14728 = ORIENTED_EDGE('',*,*,#2525,.F.);
#14729 = PLANE('',#14730);
#14730 = AXIS2_PLACEMENT_3D('',#14731,#14732,#14733);
#14731 = CARTESIAN_POINT('',(25.841799736023,1.152644991875,
    4.949999809265));
#14732 = DIRECTION('',(0.831329853926,-0.555779339281,0.));
#14733 = DIRECTION('',(0.555779339281,0.831329853926,0.));
#14734 = ADVANCED_FACE('',(#14735),#14746,.T.);
#14735 = FACE_BOUND('',#14736,.T.);
#14736 = EDGE_LOOP('',(#14737,#14738,#14739,#14740));
#14737 = ORIENTED_EDGE('',*,*,#4595,.T.);
#14738 = ORIENTED_EDGE('',*,*,#5163,.F.);
#14739 = ORIENTED_EDGE('',*,*,#2413,.F.);
#14740 = ORIENTED_EDGE('',*,*,#14741,.T.);
#14741 = EDGE_CURVE('',#2406,#4596,#14742,.T.);
#14742 = LINE('',#14743,#14744);
#14743 = CARTESIAN_POINT('',(24.836000442505,35.428699493408,
    4.199999809265));
#14744 = VECTOR('',#14745,1.);
#14745 = DIRECTION('',(0.,0.,1.));
#14746 = PLANE('',#14747);
#14747 = AXIS2_PLACEMENT_3D('',#14748,#14749,#14750);
#14748 = CARTESIAN_POINT('',(24.968000411987,35.363649368286,
    4.949999809265));
#14749 = DIRECTION('',(0.442042392668,0.896994160006,0.));
#14750 = DIRECTION('',(0.896994160006,-0.442042392668,0.));
#14751 = ADVANCED_FACE('',(#14752),#14763,.T.);
#14752 = FACE_BOUND('',#14753,.T.);
#14753 = EDGE_LOOP('',(#14754,#14755,#14756,#14757));
#14754 = ORIENTED_EDGE('',*,*,#4467,.T.);
#14755 = ORIENTED_EDGE('',*,*,#5290,.F.);
#14756 = ORIENTED_EDGE('',*,*,#2541,.F.);
#14757 = ORIENTED_EDGE('',*,*,#14758,.T.);
#14758 = EDGE_CURVE('',#2534,#4468,#14759,.T.);
#14759 = LINE('',#14760,#14761);
#14760 = CARTESIAN_POINT('',(25.565999984741,0.809010028839,
    4.199999809265));
#14761 = VECTOR('',#14762,1.);
#14762 = DIRECTION('',(0.,0.,1.));
#14763 = PLANE('',#14764);
#14764 = AXIS2_PLACEMENT_3D('',#14765,#14766,#14767);
#14765 = CARTESIAN_POINT('',(25.45534992218,0.711982518435,
    4.949999809265));
#14766 = DIRECTION('',(0.659307442357,-0.751873457739,-0.));
#14767 = DIRECTION('',(-0.751873457739,-0.659307442357,0.));
#14768 = ADVANCED_FACE('',(#14769),#14775,.T.);
#14769 = FACE_BOUND('',#14770,.T.);
#14770 = EDGE_LOOP('',(#14771,#14772,#14773,#14774));
#14771 = ORIENTED_EDGE('',*,*,#4579,.T.);
#14772 = ORIENTED_EDGE('',*,*,#5177,.F.);
#14773 = ORIENTED_EDGE('',*,*,#2429,.F.);
#14774 = ORIENTED_EDGE('',*,*,#5156,.F.);
#14775 = PLANE('',#14776);
#14776 = AXIS2_PLACEMENT_3D('',#14777,#14778,#14779);
#14777 = CARTESIAN_POINT('',(25.45534992218,35.038000106812,
    4.949999809265));
#14778 = DIRECTION('',(0.65919488556,0.751972142337,0.));
#14779 = DIRECTION('',(0.751972142337,-0.65919488556,0.));
#14780 = ADVANCED_FACE('',(#14781),#14787,.T.);
#14781 = FACE_BOUND('',#14782,.T.);
#14782 = EDGE_LOOP('',(#14783,#14784,#14785,#14786));
#14783 = ORIENTED_EDGE('',*,*,#4619,.T.);
#14784 = ORIENTED_EDGE('',*,*,#5019,.F.);
#14785 = ORIENTED_EDGE('',*,*,#2389,.F.);
#14786 = ORIENTED_EDGE('',*,*,#5305,.F.);
#14787 = PLANE('',#14788);
#14788 = AXIS2_PLACEMENT_3D('',#14789,#14790,#14791);
#14789 = CARTESIAN_POINT('',(24.121850013733,35.590349197388,
    4.949999809265));
#14790 = DIRECTION('',(6.556715786592E-02,0.997848158694,0.));
#14791 = DIRECTION('',(0.997848158694,-6.556715786592E-02,0.));
#14792 = ADVANCED_FACE('',(#14793),#14799,.T.);
#14793 = FACE_BOUND('',#14794,.T.);
#14794 = EDGE_LOOP('',(#14795,#14796,#14797,#14798));
#14795 = ORIENTED_EDGE('',*,*,#4435,.T.);
#14796 = ORIENTED_EDGE('',*,*,#14695,.F.);
#14797 = ORIENTED_EDGE('',*,*,#2573,.F.);
#14798 = ORIENTED_EDGE('',*,*,#5078,.F.);
#14799 = PLANE('',#14800);
#14800 = AXIS2_PLACEMENT_3D('',#14801,#14802,#14803);
#14801 = CARTESIAN_POINT('',(24.413000106812,0.197957500815,
    4.949999809265));
#14802 = DIRECTION('',(0.195125342367,-0.980778313772,-0.));
#14803 = DIRECTION('',(-0.980778313772,-0.195125342367,0.));
#14804 = ADVANCED_FACE('',(#14805),#14821,.T.);
#14805 = FACE_BOUND('',#14806,.T.);
#14806 = EDGE_LOOP('',(#14807,#14813,#14814,#14820));
#14807 = ORIENTED_EDGE('',*,*,#14808,.T.);
#14808 = EDGE_CURVE('',#4684,#2318,#14809,.T.);
#14809 = LINE('',#14810,#14811);
#14810 = CARTESIAN_POINT('',(-25.76000022888,34.719699859619,
    5.699999809265));
#14811 = VECTOR('',#14812,1.);
#14812 = DIRECTION('',(0.,0.,-1.));
#14813 = ORIENTED_EDGE('',*,*,#2317,.F.);
#14814 = ORIENTED_EDGE('',*,*,#14815,.T.);
#14815 = EDGE_CURVE('',#2310,#4692,#14816,.T.);
#14816 = LINE('',#14817,#14818);
#14817 = CARTESIAN_POINT('',(-25.92359924316,34.474998474121,
    4.199999809265));
#14818 = VECTOR('',#14819,1.);
#14819 = DIRECTION('',(0.,0.,1.));
#14820 = ORIENTED_EDGE('',*,*,#4691,.T.);
#14821 = PLANE('',#14822);
#14822 = AXIS2_PLACEMENT_3D('',#14823,#14824,#14825);
#14823 = CARTESIAN_POINT('',(-25.84179973602,34.59734916687,
    4.949999809265));
#14824 = DIRECTION('',(-0.831320846827,0.555792811783,-0.));
#14825 = DIRECTION('',(-0.555792811783,-0.831320846827,0.));
#14826 = ADVANCED_FACE('',(#14827),#14838,.T.);
#14827 = FACE_BOUND('',#14828,.T.);
#14828 = EDGE_LOOP('',(#14829,#14830,#14831,#14837));
#14829 = ORIENTED_EDGE('',*,*,#14631,.F.);
#14830 = ORIENTED_EDGE('',*,*,#4515,.T.);
#14831 = ORIENTED_EDGE('',*,*,#14832,.T.);
#14832 = EDGE_CURVE('',#4508,#2494,#14833,.T.);
#14833 = LINE('',#14834,#14835);
#14834 = CARTESIAN_POINT('',(26.205699920654,2.106319904327,
    5.699999809265));
#14835 = VECTOR('',#14836,1.);
#14836 = DIRECTION('',(0.,0.,-1.));
#14837 = ORIENTED_EDGE('',*,*,#2493,.F.);
#14838 = PLANE('',#14839);
#14839 = AXIS2_PLACEMENT_3D('',#14840,#14841,#14842);
#14840 = CARTESIAN_POINT('',(26.215350151062,2.253159999847,
    4.949999809265));
#14841 = DIRECTION('',(0.997847456025,-6.557785071097E-02,0.));
#14842 = DIRECTION('',(6.557785071097E-02,0.997847456025,0.));
#14843 = ADVANCED_FACE('',(#14844),#14850,.T.);
#14844 = FACE_BOUND('',#14845,.T.);
#14845 = EDGE_LOOP('',(#14846,#14847,#14848,#14849));
#14846 = ORIENTED_EDGE('',*,*,#5184,.F.);
#14847 = ORIENTED_EDGE('',*,*,#4563,.T.);
#14848 = ORIENTED_EDGE('',*,*,#5033,.F.);
#14849 = ORIENTED_EDGE('',*,*,#2445,.F.);
#14850 = PLANE('',#14851);
#14851 = AXIS2_PLACEMENT_3D('',#14852,#14853,#14854);
#14852 = CARTESIAN_POINT('',(25.841799736023,34.59734916687,
    4.949999809265));
#14853 = DIRECTION('',(0.831320846827,0.555792811783,0.));
#14854 = DIRECTION('',(-0.555792811783,0.831320846827,0.));
#14855 = ADVANCED_FACE('',(#14856),#14862,.T.);
#14856 = FACE_BOUND('',#14857,.T.);
#14857 = EDGE_LOOP('',(#14858,#14859,#14860,#14861));
#14858 = ORIENTED_EDGE('',*,*,#4635,.T.);
#14859 = ORIENTED_EDGE('',*,*,#5312,.F.);
#14860 = ORIENTED_EDGE('',*,*,#2373,.F.);
#14861 = ORIENTED_EDGE('',*,*,#4990,.F.);
#14862 = PLANE('',#14863);
#14863 = AXIS2_PLACEMENT_3D('',#14864,#14865,#14866);
#14864 = CARTESIAN_POINT('',(-24.12185001373,35.590349197388,
    4.949999809265));
#14865 = DIRECTION('',(-6.556715786592E-02,0.997848158694,0.));
#14866 = DIRECTION('',(0.997848158694,6.556715786592E-02,0.));
#14867 = ADVANCED_FACE('',(#14868),#14874,.T.);
#14868 = FACE_BOUND('',#14869,.T.);
#14869 = EDGE_LOOP('',(#14870,#14871,#14872,#14873));
#14870 = ORIENTED_EDGE('',*,*,#4603,.T.);
#14871 = ORIENTED_EDGE('',*,*,#14741,.F.);
#14872 = ORIENTED_EDGE('',*,*,#2405,.F.);
#14873 = ORIENTED_EDGE('',*,*,#5012,.F.);
#14874 = PLANE('',#14875);
#14875 = AXIS2_PLACEMENT_3D('',#14876,#14877,#14878);
#14876 = CARTESIAN_POINT('',(24.696650505066,35.475999832153,
    4.949999809265));
#14877 = DIRECTION('',(0.321423677686,0.946935488522,0.));
#14878 = DIRECTION('',(0.946935488522,-0.321423677686,0.));
#14879 = ADVANCED_FACE('',(#14880),#14886,.T.);
#14880 = FACE_BOUND('',#14881,.T.);
#14881 = EDGE_LOOP('',(#14882,#14883,#14884,#14885));
#14882 = ORIENTED_EDGE('',*,*,#14592,.F.);
#14883 = ORIENTED_EDGE('',*,*,#2269,.F.);
#14884 = ORIENTED_EDGE('',*,*,#14646,.F.);
#14885 = ORIENTED_EDGE('',*,*,#4739,.T.);
#14886 = PLANE('',#14887);
#14887 = AXIS2_PLACEMENT_3D('',#14888,#14889,#14890);
#14888 = CARTESIAN_POINT('',(-26.21535015106,2.253159999847,
    4.949999809265));
#14889 = DIRECTION('',(-0.997847456025,-6.557785071097E-02,-0.));
#14890 = DIRECTION('',(6.557785071097E-02,-0.997847456025,0.));
#14891 = ADVANCED_FACE('',(#14892),#14898,.T.);
#14892 = FACE_BOUND('',#14893,.T.);
#14893 = EDGE_LOOP('',(#14894,#14895,#14896,#14897));
#14894 = ORIENTED_EDGE('',*,*,#14832,.F.);
#14895 = ORIENTED_EDGE('',*,*,#4507,.T.);
#14896 = ORIENTED_EDGE('',*,*,#4967,.F.);
#14897 = ORIENTED_EDGE('',*,*,#2501,.F.);
#14898 = PLANE('',#14899);
#14899 = AXIS2_PLACEMENT_3D('',#14900,#14901,#14902);
#14900 = CARTESIAN_POINT('',(26.177000045776,1.961989939213,
    4.949999809265));
#14901 = DIRECTION('',(0.980797163236,-0.195030573472,0.));
#14902 = DIRECTION('',(0.195030573472,0.980797163236,0.));
#14903 = ADVANCED_FACE('',(#14904),#14920,.T.);
#14904 = FACE_BOUND('',#14905,.T.);
#14905 = EDGE_LOOP('',(#14906,#14912,#14913,#14919));
#14906 = ORIENTED_EDGE('',*,*,#14907,.T.);
#14907 = EDGE_CURVE('',#4764,#3102,#14908,.T.);
#14908 = LINE('',#14909,#14910);
#14909 = CARTESIAN_POINT('',(-25.92359924316,1.274999976158,
    5.699999809265));
#14910 = VECTOR('',#14911,1.);
#14911 = DIRECTION('',(0.,0.,-1.));
#14912 = ORIENTED_EDGE('',*,*,#3101,.F.);
#14913 = ORIENTED_EDGE('',*,*,#14914,.T.);
#14914 = EDGE_CURVE('',#3094,#4772,#14915,.T.);
#14915 = LINE('',#14916,#14917);
#14916 = CARTESIAN_POINT('',(-25.76000022888,1.030290007591,
    4.199999809265));
#14917 = VECTOR('',#14918,1.);
#14918 = DIRECTION('',(0.,0.,1.));
#14919 = ORIENTED_EDGE('',*,*,#4771,.T.);
#14920 = PLANE('',#14921);
#14921 = AXIS2_PLACEMENT_3D('',#14922,#14923,#14924);
#14922 = CARTESIAN_POINT('',(-25.84179973602,1.152644991875,
    4.949999809265));
#14923 = DIRECTION('',(-0.831329853926,-0.555779339281,-0.));
#14924 = DIRECTION('',(0.555779339281,-0.831329853926,0.));
#14925 = ADVANCED_FACE('',(#14926),#14932,.T.);
#14926 = FACE_BOUND('',#14927,.T.);
#14927 = EDGE_LOOP('',(#14928,#14929,#14930,#14931));
#14928 = ORIENTED_EDGE('',*,*,#14723,.F.);
#14929 = ORIENTED_EDGE('',*,*,#4475,.T.);
#14930 = ORIENTED_EDGE('',*,*,#14758,.F.);
#14931 = ORIENTED_EDGE('',*,*,#2533,.F.);
#14932 = PLANE('',#14933);
#14933 = AXIS2_PLACEMENT_3D('',#14934,#14935,#14936);
#14934 = CARTESIAN_POINT('',(25.663000106812,0.919650018215,
    4.949999809265));
#14935 = DIRECTION('',(0.751935967223,-0.659236149795,0.));
#14936 = DIRECTION('',(0.659236149795,0.751935967223,0.));
#14937 = ADVANCED_FACE('',(#14938),#14944,.T.);
#14938 = FACE_BOUND('',#14939,.T.);
#14939 = EDGE_LOOP('',(#14940,#14941,#14942,#14943));
#14940 = ORIENTED_EDGE('',*,*,#4795,.T.);
#14941 = ORIENTED_EDGE('',*,*,#5207,.F.);
#14942 = ORIENTED_EDGE('',*,*,#3077,.F.);
#14943 = ORIENTED_EDGE('',*,*,#5117,.F.);
#14944 = PLANE('',#14945);
#14945 = AXIS2_PLACEMENT_3D('',#14946,#14947,#14948);
#14946 = CARTESIAN_POINT('',(-25.22235012054,0.533198997378,
    4.949999809265));
#14947 = DIRECTION('',(-0.555591509188,-0.831455395628,-0.));
#14948 = DIRECTION('',(-0.831455395628,0.555591509188,0.));
#14949 = ADVANCED_FACE('',(#14950),#14956,.T.);
#14950 = FACE_BOUND('',#14951,.T.);
#14951 = EDGE_LOOP('',(#14952,#14953,#14954,#14955));
#14952 = ORIENTED_EDGE('',*,*,#4819,.T.);
#14953 = ORIENTED_EDGE('',*,*,#14678,.F.);
#14954 = ORIENTED_EDGE('',*,*,#3053,.F.);
#14955 = ORIENTED_EDGE('',*,*,#5222,.F.);
#14956 = PLANE('',#14957);
#14957 = AXIS2_PLACEMENT_3D('',#14958,#14959,#14960);
#14958 = CARTESIAN_POINT('',(-24.41300010681,0.197957500815,
    4.949999809265));
#14959 = DIRECTION('',(-0.195125342367,-0.980778313772,-0.));
#14960 = DIRECTION('',(-0.980778313772,0.195125342367,0.));
#14961 = ADVANCED_FACE('',(#14962),#14968,.T.);
#14962 = FACE_BOUND('',#14963,.T.);
#14963 = EDGE_LOOP('',(#14964,#14965,#14966,#14967));
#14964 = ORIENTED_EDGE('',*,*,#14914,.F.);
#14965 = ORIENTED_EDGE('',*,*,#3093,.F.);
#14966 = ORIENTED_EDGE('',*,*,#5200,.F.);
#14967 = ORIENTED_EDGE('',*,*,#4779,.T.);
#14968 = PLANE('',#14969);
#14969 = AXIS2_PLACEMENT_3D('',#14970,#14971,#14972);
#14970 = CARTESIAN_POINT('',(-25.66300010681,0.919650018215,
    4.949999809265));
#14971 = DIRECTION('',(-0.751935967223,-0.659236149795,-0.));
#14972 = DIRECTION('',(0.659236149795,-0.751935967223,0.));
#14973 = ADVANCED_FACE('',(#14974),#14990,.T.);
#14974 = FACE_BOUND('',#14975,.T.);
#14975 = EDGE_LOOP('',(#14976,#14982,#14983,#14989));
#14976 = ORIENTED_EDGE('',*,*,#14977,.T.);
#14977 = EDGE_CURVE('',#4700,#2302,#14978,.T.);
#14978 = LINE('',#14979,#14980);
#14979 = CARTESIAN_POINT('',(-26.0536994934,34.210998535156,
    5.699999809265));
#14980 = VECTOR('',#14981,1.);
#14981 = DIRECTION('',(0.,0.,-1.));
#14982 = ORIENTED_EDGE('',*,*,#2301,.F.);
#14983 = ORIENTED_EDGE('',*,*,#14984,.T.);
#14984 = EDGE_CURVE('',#2294,#4708,#14985,.T.);
#14985 = LINE('',#14986,#14987);
#14986 = CARTESIAN_POINT('',(-26.14830017089,33.932300567627,
    4.199999809265));
#14987 = VECTOR('',#14988,1.);
#14988 = DIRECTION('',(0.,0.,1.));
#14989 = ORIENTED_EDGE('',*,*,#4707,.T.);
#14990 = PLANE('',#14991);
#14991 = AXIS2_PLACEMENT_3D('',#14992,#14993,#14994);
#14992 = CARTESIAN_POINT('',(-26.10099983215,34.071649551392,
    4.949999809265));
#14993 = DIRECTION('',(-0.946934818987,0.321425650174,-0.));
#14994 = DIRECTION('',(-0.321425650174,-0.946934818987,0.));
#14995 = ADVANCED_FACE('',(#14996),#15007,.T.);
#14996 = FACE_BOUND('',#14997,.T.);
#14997 = EDGE_LOOP('',(#14998,#15004,#15005,#15006));
#14998 = ORIENTED_EDGE('',*,*,#14999,.T.);
#14999 = EDGE_CURVE('',#4676,#2326,#15000,.T.);
#15000 = LINE('',#15001,#15002);
#15001 = CARTESIAN_POINT('',(-25.56599998474,34.94100189209,
    5.699999809265));
#15002 = VECTOR('',#15003,1.);
#15003 = DIRECTION('',(0.,0.,-1.));
#15004 = ORIENTED_EDGE('',*,*,#2325,.F.);
#15005 = ORIENTED_EDGE('',*,*,#14808,.F.);
#15006 = ORIENTED_EDGE('',*,*,#4683,.T.);
#15007 = PLANE('',#15008);
#15008 = AXIS2_PLACEMENT_3D('',#15009,#15010,#15011);
#15009 = CARTESIAN_POINT('',(-25.66300010681,34.830350875854,
    4.949999809265));
#15010 = DIRECTION('',(-0.751968533333,0.659199002485,-0.));
#15011 = DIRECTION('',(-0.659199002485,-0.751968533333,0.));
#15012 = ADVANCED_FACE('',(#15013),#15019,.T.);
#15013 = FACE_BOUND('',#15014,.T.);
#15014 = EDGE_LOOP('',(#15015,#15016,#15017,#15018));
#15015 = ORIENTED_EDGE('',*,*,#5040,.F.);
#15016 = ORIENTED_EDGE('',*,*,#4547,.T.);
#15017 = ORIENTED_EDGE('',*,*,#4945,.F.);
#15018 = ORIENTED_EDGE('',*,*,#2461,.F.);
#15019 = PLANE('',#15020);
#15020 = AXIS2_PLACEMENT_3D('',#15021,#15022,#15023);
#15021 = CARTESIAN_POINT('',(26.100999832153,34.071649551392,
    4.949999809265));
#15022 = DIRECTION('',(0.946934818987,0.321425650174,0.));
#15023 = DIRECTION('',(-0.321425650174,0.946934818987,0.));
#15024 = ADVANCED_FACE('',(#15025),#15031,.T.);
#15025 = FACE_BOUND('',#15026,.T.);
#15026 = EDGE_LOOP('',(#15027,#15028,#15029,#15030));
#15027 = ORIENTED_EDGE('',*,*,#14614,.F.);
#15028 = ORIENTED_EDGE('',*,*,#3109,.F.);
#15029 = ORIENTED_EDGE('',*,*,#14907,.F.);
#15030 = ORIENTED_EDGE('',*,*,#4763,.F.);
#15031 = PLANE('',#15032);
#15032 = AXIS2_PLACEMENT_3D('',#15033,#15034,#15035);
#15033 = CARTESIAN_POINT('',(-25.98864936828,1.406979978085,
    4.949999809265));
#15034 = DIRECTION('',(-0.896967641574,-0.442096199903,-0.));
#15035 = DIRECTION('',(0.442096199903,-0.896967641574,0.));
#15036 = ADVANCED_FACE('',(#15037),#15048,.T.);
#15037 = FACE_BOUND('',#15038,.T.);
#15038 = EDGE_LOOP('',(#15039,#15045,#15046,#15047));
#15039 = ORIENTED_EDGE('',*,*,#15040,.T.);
#15040 = EDGE_CURVE('',#4716,#2286,#15041,.T.);
#15041 = LINE('',#15042,#15043);
#15042 = CARTESIAN_POINT('',(-26.20569992065,33.643699645996,
    5.699999809265));
#15043 = VECTOR('',#15044,1.);
#15044 = DIRECTION('',(0.,0.,-1.));
#15045 = ORIENTED_EDGE('',*,*,#2285,.F.);
#15046 = ORIENTED_EDGE('',*,*,#14585,.F.);
#15047 = ORIENTED_EDGE('',*,*,#4723,.F.);
#15048 = PLANE('',#15049);
#15049 = AXIS2_PLACEMENT_3D('',#15050,#15051,#15052);
#15050 = CARTESIAN_POINT('',(-26.21535015106,33.496849060059,
    4.949999809265));
#15051 = DIRECTION('',(-0.99784776256,6.55731862359E-02,-0.));
#15052 = DIRECTION('',(-6.55731862359E-02,-0.99784776256,0.));
#15053 = ADVANCED_FACE('',(#15054),#15060,.T.);
#15054 = FACE_BOUND('',#15055,.T.);
#15055 = EDGE_LOOP('',(#15056,#15057,#15058,#15059));
#15056 = ORIENTED_EDGE('',*,*,#14984,.F.);
#15057 = ORIENTED_EDGE('',*,*,#2293,.F.);
#15058 = ORIENTED_EDGE('',*,*,#15040,.F.);
#15059 = ORIENTED_EDGE('',*,*,#4715,.F.);
#15060 = PLANE('',#15061);
#15061 = AXIS2_PLACEMENT_3D('',#15062,#15063,#15064);
#15062 = CARTESIAN_POINT('',(-26.17700004577,33.788000106812,
    4.949999809265));
#15063 = DIRECTION('',(-0.980789534694,0.195068933032,-0.));
#15064 = DIRECTION('',(-0.195068933032,-0.980789534694,0.));
#15065 = ADVANCED_FACE('',(#15066),#15072,.T.);
#15066 = FACE_BOUND('',#15067,.T.);
#15067 = EDGE_LOOP('',(#15068,#15069,#15070,#15071));
#15068 = ORIENTED_EDGE('',*,*,#14815,.F.);
#15069 = ORIENTED_EDGE('',*,*,#2309,.F.);
#15070 = ORIENTED_EDGE('',*,*,#14977,.F.);
#15071 = ORIENTED_EDGE('',*,*,#4699,.F.);
#15072 = PLANE('',#15073);
#15073 = AXIS2_PLACEMENT_3D('',#15074,#15075,#15076);
#15074 = CARTESIAN_POINT('',(-25.98864936828,34.342998504639,
    4.949999809265));
#15075 = DIRECTION('',(-0.896994160006,0.442042392668,-0.));
#15076 = DIRECTION('',(-0.442042392668,-0.896994160006,0.));
#15077 = ADVANCED_FACE('',(#15078),#15084,.T.);
#15078 = FACE_BOUND('',#15079,.T.);
#15079 = EDGE_LOOP('',(#15080,#15081,#15082,#15083));
#15080 = ORIENTED_EDGE('',*,*,#4675,.F.);
#15081 = ORIENTED_EDGE('',*,*,#5063,.F.);
#15082 = ORIENTED_EDGE('',*,*,#2333,.F.);
#15083 = ORIENTED_EDGE('',*,*,#14999,.F.);
#15084 = PLANE('',#15085);
#15085 = AXIS2_PLACEMENT_3D('',#15086,#15087,#15088);
#15086 = CARTESIAN_POINT('',(-25.45534992218,35.038000106812,
    4.949999809265));
#15087 = DIRECTION('',(-0.65919488556,0.751972142337,0.));
#15088 = DIRECTION('',(0.751972142337,0.65919488556,0.));
#15089 = ADVANCED_FACE('',(#15090),#15106,.T.);
#15090 = FACE_BOUND('',#15091,.T.);
#15091 = EDGE_LOOP('',(#15092,#15098,#15099,#15105));
#15092 = ORIENTED_EDGE('',*,*,#15093,.T.);
#15093 = EDGE_CURVE('',#4260,#2742,#15094,.T.);
#15094 = LINE('',#15095,#15096);
#15095 = CARTESIAN_POINT('',(24.884300231934,33.875,5.699999809265));
#15096 = VECTOR('',#15097,1.);
#15097 = DIRECTION('',(0.,0.,-1.));
#15098 = ORIENTED_EDGE('',*,*,#2741,.F.);
#15099 = ORIENTED_EDGE('',*,*,#15100,.T.);
#15100 = EDGE_CURVE('',#2734,#4268,#15101,.T.);
#15101 = LINE('',#15102,#15103);
#15102 = CARTESIAN_POINT('',(24.945100784302,33.751800537109,
    4.199999809265));
#15103 = VECTOR('',#15104,1.);
#15104 = DIRECTION('',(0.,0.,1.));
#15105 = ORIENTED_EDGE('',*,*,#4267,.F.);
#15106 = PLANE('',#15107);
#15107 = AXIS2_PLACEMENT_3D('',#15108,#15109,#15110);
#15108 = CARTESIAN_POINT('',(24.914700508118,33.813400268555,
    4.949999809265));
#15109 = DIRECTION('',(-0.896741904423,-0.442553902764,-0.));
#15110 = DIRECTION('',(0.442553902764,-0.896741904423,0.));
#15111 = ADVANCED_FACE('',(#15112),#15128,.T.);
#15112 = FACE_BOUND('',#15113,.T.);
#15113 = EDGE_LOOP('',(#15114,#15115,#15121,#15122));
#15114 = ORIENTED_EDGE('',*,*,#4875,.F.);
#15115 = ORIENTED_EDGE('',*,*,#15116,.T.);
#15116 = EDGE_CURVE('',#4868,#2998,#15117,.T.);
#15117 = LINE('',#15118,#15119);
#15118 = CARTESIAN_POINT('',(-24.24679946899,1.385779976845,
    5.699999809265));
#15119 = VECTOR('',#15120,1.);
#15120 = DIRECTION('',(0.,0.,-1.));
#15121 = ORIENTED_EDGE('',*,*,#2997,.F.);
#15122 = ORIENTED_EDGE('',*,*,#15123,.T.);
#15123 = EDGE_CURVE('',#2990,#4876,#15124,.T.);
#15124 = LINE('',#15125,#15126);
#15125 = CARTESIAN_POINT('',(-24.3768005371,1.429929971695,
    4.199999809265));
#15126 = VECTOR('',#15127,1.);
#15127 = DIRECTION('',(0.,0.,1.));
#15128 = PLANE('',#15129);
#15129 = AXIS2_PLACEMENT_3D('',#15130,#15131,#15132);
#15130 = CARTESIAN_POINT('',(-24.31180000305,1.40785497427,
    4.949999809265));
#15131 = DIRECTION('',(0.321573862984,0.946884496993,0.));
#15132 = DIRECTION('',(0.946884496993,-0.321573862984,0.));
#15133 = ADVANCED_FACE('',(#15134),#15150,.T.);
#15134 = FACE_BOUND('',#15135,.T.);
#15135 = EDGE_LOOP('',(#15136,#15137,#15143,#15144));
#15136 = ORIENTED_EDGE('',*,*,#4355,.F.);
#15137 = ORIENTED_EDGE('',*,*,#15138,.T.);
#15138 = EDGE_CURVE('',#4348,#2654,#15139,.T.);
#15139 = LINE('',#15140,#15141);
#15140 = CARTESIAN_POINT('',(24.717500686646,1.657539963722,
    5.699999809265));
#15141 = VECTOR('',#15142,1.);
#15142 = DIRECTION('',(0.,0.,-1.));
#15143 = ORIENTED_EDGE('',*,*,#2653,.F.);
#15144 = ORIENTED_EDGE('',*,*,#15145,.T.);
#15145 = EDGE_CURVE('',#2646,#4356,#15146,.T.);
#15146 = LINE('',#15147,#15148);
#15147 = CARTESIAN_POINT('',(24.614200592041,1.566980004311,
    4.199999809265));
#15148 = VECTOR('',#15149,1.);
#15149 = DIRECTION('',(0.,0.,1.));
#15150 = PLANE('',#15151);
#15151 = AXIS2_PLACEMENT_3D('',#15152,#15153,#15154);
#15152 = CARTESIAN_POINT('',(24.665850639343,1.612259984016,
    4.949999809265));
#15153 = DIRECTION('',(-0.659214988833,0.751954518902,0.));
#15154 = DIRECTION('',(0.751954518902,0.659214988833,0.));
#15155 = ADVANCED_FACE('',(#15156),#15172,.T.);
#15156 = FACE_BOUND('',#15157,.T.);
#15157 = EDGE_LOOP('',(#15158,#15164,#15165,#15171));
#15158 = ORIENTED_EDGE('',*,*,#15159,.T.);
#15159 = EDGE_CURVE('',#4276,#2726,#15160,.T.);
#15160 = LINE('',#15161,#15162);
#15161 = CARTESIAN_POINT('',(24.989200592041,33.621799468994,
    5.699999809265));
#15162 = VECTOR('',#15163,1.);
#15163 = DIRECTION('',(0.,0.,-1.));
#15164 = ORIENTED_EDGE('',*,*,#2725,.F.);
#15165 = ORIENTED_EDGE('',*,*,#15166,.T.);
#15166 = EDGE_CURVE('',#2718,#4284,#15167,.T.);
#15167 = LINE('',#15168,#15169);
#15168 = CARTESIAN_POINT('',(25.016000747681,33.487098693848,
    4.199999809265));
#15169 = VECTOR('',#15170,1.);
#15170 = DIRECTION('',(0.,0.,1.));
#15171 = ORIENTED_EDGE('',*,*,#4283,.F.);
#15172 = PLANE('',#15173);
#15173 = AXIS2_PLACEMENT_3D('',#15174,#15175,#15176);
#15174 = CARTESIAN_POINT('',(25.002600669861,33.554449081421,
    4.949999809265));
#15175 = DIRECTION('',(-0.980776215871,-0.195135886964,-0.));
#15176 = DIRECTION('',(0.195135886964,-0.980776215871,0.));
#15177 = ADVANCED_FACE('',(#15178),#15194,.T.);
#15178 = FACE_BOUND('',#15179,.T.);
#15179 = EDGE_LOOP('',(#15180,#15186,#15187,#15193));
#15180 = ORIENTED_EDGE('',*,*,#15181,.T.);
#15181 = EDGE_CURVE('',#2886,#4116,#15182,.T.);
#15182 = LINE('',#15183,#15184);
#15183 = CARTESIAN_POINT('',(-24.9451007843,33.751800537109,
    4.199999809265));
#15184 = VECTOR('',#15185,1.);
#15185 = DIRECTION('',(0.,0.,1.));
#15186 = ORIENTED_EDGE('',*,*,#4115,.F.);
#15187 = ORIENTED_EDGE('',*,*,#15188,.T.);
#15188 = EDGE_CURVE('',#4108,#2894,#15189,.T.);
#15189 = LINE('',#15190,#15191);
#15190 = CARTESIAN_POINT('',(-24.98920059204,33.621799468994,
    5.699999809265));
#15191 = VECTOR('',#15192,1.);
#15192 = DIRECTION('',(0.,0.,-1.));
#15193 = ORIENTED_EDGE('',*,*,#2893,.F.);
#15194 = PLANE('',#15195);
#15195 = AXIS2_PLACEMENT_3D('',#15196,#15197,#15198);
#15196 = CARTESIAN_POINT('',(-24.96715068817,33.686800003052,
    4.949999809265));
#15197 = DIRECTION('',(0.94699575971,-0.321246060041,0.));
#15198 = DIRECTION('',(0.321246060041,0.94699575971,0.));
#15199 = ADVANCED_FACE('',(#15200),#15216,.T.);
#15200 = FACE_BOUND('',#15201,.T.);
#15201 = EDGE_LOOP('',(#15202,#15208,#15209,#15215));
#15202 = ORIENTED_EDGE('',*,*,#15203,.T.);
#15203 = EDGE_CURVE('',#4332,#2670,#15204,.T.);
#15204 = LINE('',#15205,#15206);
#15205 = CARTESIAN_POINT('',(24.884300231934,1.875,5.699999809265));
#15206 = VECTOR('',#15207,1.);
#15207 = DIRECTION('',(0.,0.,-1.));
#15208 = ORIENTED_EDGE('',*,*,#2669,.F.);
#15209 = ORIENTED_EDGE('',*,*,#15210,.T.);
#15210 = EDGE_CURVE('',#2662,#4340,#15211,.T.);
#15211 = LINE('',#15212,#15213);
#15212 = CARTESIAN_POINT('',(24.808000564575,1.760800004005,
    4.199999809265));
#15213 = VECTOR('',#15214,1.);
#15214 = DIRECTION('',(0.,0.,1.));
#15215 = ORIENTED_EDGE('',*,*,#4339,.F.);
#15216 = PLANE('',#15217);
#15217 = AXIS2_PLACEMENT_3D('',#15218,#15219,#15220);
#15218 = CARTESIAN_POINT('',(24.846150398254,1.817900002003,
    4.949999809265));
#15219 = DIRECTION('',(-0.831490903326,0.55553836743,-0.));
#15220 = DIRECTION('',(-0.55553836743,-0.831490903326,0.));
#15221 = ADVANCED_FACE('',(#15222),#15238,.T.);
#15222 = FACE_BOUND('',#15223,.T.);
#15223 = EDGE_LOOP('',(#15224,#15225,#15231,#15232));
#15224 = ORIENTED_EDGE('',*,*,#4235,.F.);
#15225 = ORIENTED_EDGE('',*,*,#15226,.T.);
#15226 = EDGE_CURVE('',#4228,#2774,#15227,.T.);
#15227 = LINE('',#15228,#15229);
#15228 = CARTESIAN_POINT('',(24.5,34.259300231934,5.699999809265));
#15229 = VECTOR('',#15230,1.);
#15230 = DIRECTION('',(0.,0.,-1.));
#15231 = ORIENTED_EDGE('',*,*,#2773,.F.);
#15232 = ORIENTED_EDGE('',*,*,#15233,.T.);
#15233 = EDGE_CURVE('',#2766,#4236,#15234,.T.);
#15234 = LINE('',#15235,#15236);
#15235 = CARTESIAN_POINT('',(24.614200592041,34.182998657227,
    4.199999809265));
#15236 = VECTOR('',#15237,1.);
#15237 = DIRECTION('',(0.,0.,1.));
#15238 = PLANE('',#15239);
#15239 = AXIS2_PLACEMENT_3D('',#15240,#15241,#15242);
#15240 = CARTESIAN_POINT('',(24.557100296021,34.22114944458,
    4.949999809265));
#15241 = DIRECTION('',(-0.555545964092,-0.831485827769,-0.));
#15242 = DIRECTION('',(-0.831485827769,0.555545964092,0.));
#15243 = ADVANCED_FACE('',(#15244),#15260,.T.);
#15244 = FACE_BOUND('',#15245,.T.);
#15245 = EDGE_LOOP('',(#15246,#15252,#15253,#15259));
#15246 = ORIENTED_EDGE('',*,*,#15247,.T.);
#15247 = EDGE_CURVE('',#4292,#2710,#15248,.T.);
#15248 = LINE('',#15249,#15250);
#15249 = CARTESIAN_POINT('',(25.02499961853,33.349998474121,
    5.699999809265));
#15250 = VECTOR('',#15251,1.);
#15251 = DIRECTION('',(0.,0.,-1.));
#15252 = ORIENTED_EDGE('',*,*,#2709,.F.);
#15253 = ORIENTED_EDGE('',*,*,#15254,.T.);
#15254 = EDGE_CURVE('',#2702,#4300,#15255,.T.);
#15255 = LINE('',#15256,#15257);
#15256 = CARTESIAN_POINT('',(25.02499961853,2.400000095367,
    4.199999809265));
#15257 = VECTOR('',#15258,1.);
#15258 = DIRECTION('',(0.,0.,1.));
#15259 = ORIENTED_EDGE('',*,*,#4299,.F.);
#15260 = PLANE('',#15261);
#15261 = AXIS2_PLACEMENT_3D('',#15262,#15263,#15264);
#15262 = CARTESIAN_POINT('',(25.02499961853,17.874999284744,
    4.949999809265));
#15263 = DIRECTION('',(-1.,-0.,-0.));
#15264 = DIRECTION('',(0.,0.,-1.));
#15265 = ADVANCED_FACE('',(#15266),#15277,.T.);
#15266 = FACE_BOUND('',#15267,.T.);
#15267 = EDGE_LOOP('',(#15268,#15269,#15270,#15276));
#15268 = ORIENTED_EDGE('',*,*,#15254,.F.);
#15269 = ORIENTED_EDGE('',*,*,#2701,.F.);
#15270 = ORIENTED_EDGE('',*,*,#15271,.T.);
#15271 = EDGE_CURVE('',#2694,#4308,#15272,.T.);
#15272 = LINE('',#15273,#15274);
#15273 = CARTESIAN_POINT('',(25.016000747681,2.262949943542,
    4.199999809265));
#15274 = VECTOR('',#15275,1.);
#15275 = DIRECTION('',(0.,0.,1.));
#15276 = ORIENTED_EDGE('',*,*,#4307,.F.);
#15277 = PLANE('',#15278);
#15278 = AXIS2_PLACEMENT_3D('',#15279,#15280,#15281);
#15279 = CARTESIAN_POINT('',(25.020500183105,2.331475019455,
    4.949999809265));
#15280 = DIRECTION('',(-0.997851252131,6.552006273235E-02,-0.));
#15281 = DIRECTION('',(-6.552006273235E-02,-0.997851252131,0.));
#15282 = ADVANCED_FACE('',(#15283),#15299,.T.);
#15283 = FACE_BOUND('',#15284,.T.);
#15284 = EDGE_LOOP('',(#15285,#15286,#15292,#15293));
#15285 = ORIENTED_EDGE('',*,*,#4395,.F.);
#15286 = ORIENTED_EDGE('',*,*,#15287,.T.);
#15287 = EDGE_CURVE('',#4388,#2614,#15288,.T.);
#15288 = LINE('',#15289,#15290);
#15289 = CARTESIAN_POINT('',(24.112100601196,1.358979940414,
    5.699999809265));
#15290 = VECTOR('',#15291,1.);
#15291 = DIRECTION('',(0.,0.,-1.));
#15292 = ORIENTED_EDGE('',*,*,#2613,.F.);
#15293 = ORIENTED_EDGE('',*,*,#15294,.T.);
#15294 = EDGE_CURVE('',#2606,#4396,#15295,.T.);
#15295 = LINE('',#15296,#15297);
#15296 = CARTESIAN_POINT('',(23.97500038147,1.350000023842,
    4.199999809265));
#15297 = VECTOR('',#15298,1.);
#15298 = DIRECTION('',(0.,0.,1.));
#15299 = PLANE('',#15300);
#15300 = AXIS2_PLACEMENT_3D('',#15301,#15302,#15303);
#15301 = CARTESIAN_POINT('',(24.043550491333,1.354489982128,
    4.949999809265));
#15302 = DIRECTION('',(-6.53588735211E-02,0.997861822925,0.));
#15303 = DIRECTION('',(0.997861822925,6.53588735211E-02,0.));
#15304 = ADVANCED_FACE('',(#15305),#15321,.T.);
#15305 = FACE_BOUND('',#15306,.T.);
#15306 = EDGE_LOOP('',(#15307,#15308,#15314,#15315));
#15307 = ORIENTED_EDGE('',*,*,#4851,.F.);
#15308 = ORIENTED_EDGE('',*,*,#15309,.T.);
#15309 = EDGE_CURVE('',#4844,#3022,#15310,.T.);
#15310 = LINE('',#15311,#15312);
#15311 = CARTESIAN_POINT('',(-10.5,1.350000023842,5.699999809265));
#15312 = VECTOR('',#15313,1.);
#15313 = DIRECTION('',(0.,0.,-1.));
#15314 = ORIENTED_EDGE('',*,*,#3021,.F.);
#15315 = ORIENTED_EDGE('',*,*,#15316,.T.);
#15316 = EDGE_CURVE('',#3014,#4852,#15317,.T.);
#15317 = LINE('',#15318,#15319);
#15318 = CARTESIAN_POINT('',(-23.97500038147,1.350000023842,
    4.199999809265));
#15319 = VECTOR('',#15320,1.);
#15320 = DIRECTION('',(0.,0.,1.));
#15321 = PLANE('',#15322);
#15322 = AXIS2_PLACEMENT_3D('',#15323,#15324,#15325);
#15323 = CARTESIAN_POINT('',(-17.23750019073,1.350000023842,
    4.949999809265));
#15324 = DIRECTION('',(0.,1.,0.));
#15325 = DIRECTION('',(0.,-0.,1.));
#15326 = ADVANCED_FACE('',(#15327),#15338,.T.);
#15327 = FACE_BOUND('',#15328,.T.);
#15328 = EDGE_LOOP('',(#15329,#15330,#15331,#15332));
#15329 = ORIENTED_EDGE('',*,*,#4403,.F.);
#15330 = ORIENTED_EDGE('',*,*,#15294,.F.);
#15331 = ORIENTED_EDGE('',*,*,#2605,.F.);
#15332 = ORIENTED_EDGE('',*,*,#15333,.T.);
#15333 = EDGE_CURVE('',#2598,#4404,#15334,.T.);
#15334 = LINE('',#15335,#15336);
#15335 = CARTESIAN_POINT('',(10.5,1.350000023842,4.199999809265));
#15336 = VECTOR('',#15337,1.);
#15337 = DIRECTION('',(0.,0.,1.));
#15338 = PLANE('',#15339);
#15339 = AXIS2_PLACEMENT_3D('',#15340,#15341,#15342);
#15340 = CARTESIAN_POINT('',(17.237500190735,1.350000023842,
    4.949999809265));
#15341 = DIRECTION('',(0.,1.,0.));
#15342 = DIRECTION('',(0.,-0.,1.));
#15343 = ADVANCED_FACE('',(#15344),#15360,.T.);
#15344 = FACE_BOUND('',#15345,.T.);
#15345 = EDGE_LOOP('',(#15346,#15352,#15353,#15359));
#15346 = ORIENTED_EDGE('',*,*,#15347,.T.);
#15347 = EDGE_CURVE('',#2926,#4076,#15348,.T.);
#15348 = LINE('',#15349,#15350);
#15349 = CARTESIAN_POINT('',(-25.01600074768,2.262949943542,
    4.199999809265));
#15350 = VECTOR('',#15351,1.);
#15351 = DIRECTION('',(0.,0.,1.));
#15352 = ORIENTED_EDGE('',*,*,#4073,.F.);
#15353 = ORIENTED_EDGE('',*,*,#15354,.T.);
#15354 = EDGE_CURVE('',#4074,#2934,#15355,.T.);
#15355 = LINE('',#15356,#15357);
#15356 = CARTESIAN_POINT('',(-24.98920059204,2.12824010849,
    5.699999809265));
#15357 = VECTOR('',#15358,1.);
#15358 = DIRECTION('',(0.,0.,-1.));
#15359 = ORIENTED_EDGE('',*,*,#2933,.F.);
#15360 = PLANE('',#15361);
#15361 = AXIS2_PLACEMENT_3D('',#15362,#15363,#15364);
#15362 = CARTESIAN_POINT('',(-25.00260066986,2.195595026016,
    4.949999809265));
#15363 = DIRECTION('',(0.980778727501,0.195123262788,0.));
#15364 = DIRECTION('',(-0.195123262788,0.980778727501,0.));
#15365 = ADVANCED_FACE('',(#15366),#15377,.T.);
#15366 = FACE_BOUND('',#15367,.T.);
#15367 = EDGE_LOOP('',(#15368,#15369,#15370,#15371));
#15368 = ORIENTED_EDGE('',*,*,#4883,.F.);
#15369 = ORIENTED_EDGE('',*,*,#15123,.F.);
#15370 = ORIENTED_EDGE('',*,*,#2989,.F.);
#15371 = ORIENTED_EDGE('',*,*,#15372,.T.);
#15372 = EDGE_CURVE('',#2982,#4884,#15373,.T.);
#15373 = LINE('',#15374,#15375);
#15374 = CARTESIAN_POINT('',(-24.5,1.490669965744,4.199999809265));
#15375 = VECTOR('',#15376,1.);
#15376 = DIRECTION('',(0.,0.,1.));
#15377 = PLANE('',#15378);
#15378 = AXIS2_PLACEMENT_3D('',#15379,#15380,#15381);
#15379 = CARTESIAN_POINT('',(-24.43840026855,1.460299968719,
    4.949999809265));
#15380 = DIRECTION('',(0.442199338916,0.896916799186,0.));
#15381 = DIRECTION('',(0.896916799186,-0.442199338916,0.));
#15382 = ADVANCED_FACE('',(#15383),#15399,.T.);
#15383 = FACE_BOUND('',#15384,.T.);
#15384 = EDGE_LOOP('',(#15385,#15386,#15392,#15393));
#15385 = ORIENTED_EDGE('',*,*,#4195,.F.);
#15386 = ORIENTED_EDGE('',*,*,#15387,.T.);
#15387 = EDGE_CURVE('',#4188,#2814,#15388,.T.);
#15388 = LINE('',#15389,#15390);
#15389 = CARTESIAN_POINT('',(-23.97500038147,34.400001525879,
    5.699999809265));
#15390 = VECTOR('',#15391,1.);
#15391 = DIRECTION('',(0.,0.,-1.));
#15392 = ORIENTED_EDGE('',*,*,#2813,.F.);
#15393 = ORIENTED_EDGE('',*,*,#15394,.T.);
#15394 = EDGE_CURVE('',#2806,#4196,#15395,.T.);
#15395 = LINE('',#15396,#15397);
#15396 = CARTESIAN_POINT('',(23.97500038147,34.400001525879,
    4.199999809265));
#15397 = VECTOR('',#15398,1.);
#15398 = DIRECTION('',(0.,0.,1.));
#15399 = PLANE('',#15400);
#15400 = AXIS2_PLACEMENT_3D('',#15401,#15402,#15403);
#15401 = CARTESIAN_POINT('',(0.,34.400001525879,4.949999809265));
#15402 = DIRECTION('',(-0.,-1.,-0.));
#15403 = DIRECTION('',(0.,0.,-1.));
#15404 = ADVANCED_FACE('',(#15405),#15421,.T.);
#15405 = FACE_BOUND('',#15406,.T.);
#15406 = EDGE_LOOP('',(#15407,#15413,#15414,#15420));
#15407 = ORIENTED_EDGE('',*,*,#15408,.T.);
#15408 = EDGE_CURVE('',#4316,#2686,#15409,.T.);
#15409 = LINE('',#15410,#15411);
#15410 = CARTESIAN_POINT('',(24.989200592041,2.12824010849,
    5.699999809265));
#15411 = VECTOR('',#15412,1.);
#15412 = DIRECTION('',(0.,0.,-1.));
#15413 = ORIENTED_EDGE('',*,*,#2685,.F.);
#15414 = ORIENTED_EDGE('',*,*,#15415,.T.);
#15415 = EDGE_CURVE('',#2678,#4324,#15416,.T.);
#15416 = LINE('',#15417,#15418);
#15417 = CARTESIAN_POINT('',(24.945100784302,1.998180031776,
    4.199999809265));
#15418 = VECTOR('',#15419,1.);
#15419 = DIRECTION('',(0.,0.,1.));
#15420 = ORIENTED_EDGE('',*,*,#4323,.F.);
#15421 = PLANE('',#15422);
#15422 = AXIS2_PLACEMENT_3D('',#15423,#15424,#15425);
#15423 = CARTESIAN_POINT('',(24.967150688171,2.063210070133,
    4.949999809265));
#15424 = DIRECTION('',(-0.947040092688,0.321115341958,-0.));
#15425 = DIRECTION('',(-0.321115341958,-0.947040092688,0.));
#15426 = ADVANCED_FACE('',(#15427),#15443,.T.);
#15427 = FACE_BOUND('',#15428,.T.);
#15428 = EDGE_LOOP('',(#15429,#15430,#15436,#15437));
#15429 = ORIENTED_EDGE('',*,*,#4371,.F.);
#15430 = ORIENTED_EDGE('',*,*,#15431,.T.);
#15431 = EDGE_CURVE('',#4364,#2638,#15432,.T.);
#15432 = LINE('',#15433,#15434);
#15433 = CARTESIAN_POINT('',(24.5,1.490669965744,5.699999809265));
#15434 = VECTOR('',#15435,1.);
#15435 = DIRECTION('',(0.,0.,-1.));
#15436 = ORIENTED_EDGE('',*,*,#2637,.F.);
#15437 = ORIENTED_EDGE('',*,*,#15438,.T.);
#15438 = EDGE_CURVE('',#2630,#4372,#15439,.T.);
#15439 = LINE('',#15440,#15441);
#15440 = CARTESIAN_POINT('',(24.376800537109,1.429929971695,
    4.199999809265));
#15441 = VECTOR('',#15442,1.);
#15442 = DIRECTION('',(0.,0.,1.));
#15443 = PLANE('',#15444);
#15444 = AXIS2_PLACEMENT_3D('',#15445,#15446,#15447);
#15445 = CARTESIAN_POINT('',(24.438400268555,1.460299968719,
    4.949999809265));
#15446 = DIRECTION('',(-0.442199338916,0.896916799186,0.));
#15447 = DIRECTION('',(0.896916799186,0.442199338916,0.));
#15448 = ADVANCED_FACE('',(#15449),#15460,.T.);
#15449 = FACE_BOUND('',#15450,.T.);
#15450 = EDGE_LOOP('',(#15451,#15452,#15458,#15459));
#15451 = ORIENTED_EDGE('',*,*,#4867,.F.);
#15452 = ORIENTED_EDGE('',*,*,#15453,.T.);
#15453 = EDGE_CURVE('',#4860,#3006,#15454,.T.);
#15454 = LINE('',#15455,#15456);
#15455 = CARTESIAN_POINT('',(-24.11210060119,1.358979940414,
    5.699999809265));
#15456 = VECTOR('',#15457,1.);
#15457 = DIRECTION('',(0.,0.,-1.));
#15458 = ORIENTED_EDGE('',*,*,#3005,.F.);
#15459 = ORIENTED_EDGE('',*,*,#15116,.F.);
#15460 = PLANE('',#15461);
#15461 = AXIS2_PLACEMENT_3D('',#15462,#15463,#15464);
#15462 = CARTESIAN_POINT('',(-24.17945003509,1.37237995863,
    4.949999809265));
#15463 = DIRECTION('',(0.19513770995,0.980775853167,0.));
#15464 = DIRECTION('',(0.980775853167,-0.19513770995,0.));
#15465 = ADVANCED_FACE('',(#15466),#15472,.T.);
#15466 = FACE_BOUND('',#15467,.T.);
#15467 = EDGE_LOOP('',(#15468,#15469,#15470,#15471));
#15468 = ORIENTED_EDGE('',*,*,#4363,.F.);
#15469 = ORIENTED_EDGE('',*,*,#15145,.F.);
#15470 = ORIENTED_EDGE('',*,*,#2645,.F.);
#15471 = ORIENTED_EDGE('',*,*,#15431,.F.);
#15472 = PLANE('',#15473);
#15473 = AXIS2_PLACEMENT_3D('',#15474,#15475,#15476);
#15474 = CARTESIAN_POINT('',(24.557100296021,1.528824985027,
    4.949999809265));
#15475 = DIRECTION('',(-0.555588567305,0.831457361433,0.));
#15476 = DIRECTION('',(0.831457361433,0.555588567305,0.));
#15477 = ADVANCED_FACE('',(#15478),#15494,.T.);
#15478 = FACE_BOUND('',#15479,.T.);
#15479 = EDGE_LOOP('',(#15480,#15481,#15487,#15488));
#15480 = ORIENTED_EDGE('',*,*,#4155,.F.);
#15481 = ORIENTED_EDGE('',*,*,#15482,.T.);
#15482 = EDGE_CURVE('',#4148,#2854,#15483,.T.);
#15483 = LINE('',#15484,#15485);
#15484 = CARTESIAN_POINT('',(-24.61420059204,34.182998657227,
    5.699999809265));
#15485 = VECTOR('',#15486,1.);
#15486 = DIRECTION('',(0.,0.,-1.));
#15487 = ORIENTED_EDGE('',*,*,#2853,.F.);
#15488 = ORIENTED_EDGE('',*,*,#15489,.T.);
#15489 = EDGE_CURVE('',#2846,#4156,#15490,.T.);
#15490 = LINE('',#15491,#15492);
#15491 = CARTESIAN_POINT('',(-24.5,34.259300231934,4.199999809265));
#15492 = VECTOR('',#15493,1.);
#15493 = DIRECTION('',(0.,0.,1.));
#15494 = PLANE('',#15495);
#15495 = AXIS2_PLACEMENT_3D('',#15496,#15497,#15498);
#15496 = CARTESIAN_POINT('',(-24.55710029602,34.22114944458,
    4.949999809265));
#15497 = DIRECTION('',(0.555545964092,-0.831485827769,-0.));
#15498 = DIRECTION('',(-0.831485827769,-0.555545964092,0.));
#15499 = ADVANCED_FACE('',(#15500),#15506,.T.);
#15500 = FACE_BOUND('',#15501,.T.);
#15501 = EDGE_LOOP('',(#15502,#15503,#15504,#15505));
#15502 = ORIENTED_EDGE('',*,*,#15166,.F.);
#15503 = ORIENTED_EDGE('',*,*,#2717,.F.);
#15504 = ORIENTED_EDGE('',*,*,#15247,.F.);
#15505 = ORIENTED_EDGE('',*,*,#4291,.F.);
#15506 = PLANE('',#15507);
#15507 = AXIS2_PLACEMENT_3D('',#15508,#15509,#15510);
#15508 = CARTESIAN_POINT('',(25.020500183105,33.418548583984,
    4.949999809265));
#15509 = DIRECTION('',(-0.997852816205,-6.549623799189E-02,-0.));
#15510 = DIRECTION('',(6.549623799189E-02,-0.997852816205,0.));
#15511 = ADVANCED_FACE('',(#15512),#15528,.T.);
#15512 = FACE_BOUND('',#15513,.T.);
#15513 = EDGE_LOOP('',(#15514,#15520,#15521,#15527));
#15514 = ORIENTED_EDGE('',*,*,#15515,.T.);
#15515 = EDGE_CURVE('',#2958,#4908,#15516,.T.);
#15516 = LINE('',#15517,#15518);
#15517 = CARTESIAN_POINT('',(-24.80800056457,1.760800004005,
    4.199999809265));
#15518 = VECTOR('',#15519,1.);
#15519 = DIRECTION('',(0.,0.,1.));
#15520 = ORIENTED_EDGE('',*,*,#4907,.F.);
#15521 = ORIENTED_EDGE('',*,*,#15522,.T.);
#15522 = EDGE_CURVE('',#4900,#2966,#15523,.T.);
#15523 = LINE('',#15524,#15525);
#15524 = CARTESIAN_POINT('',(-24.71750068664,1.657539963722,
    5.699999809265));
#15525 = VECTOR('',#15526,1.);
#15526 = DIRECTION('',(0.,0.,-1.));
#15527 = ORIENTED_EDGE('',*,*,#2965,.F.);
#15528 = PLANE('',#15529);
#15529 = AXIS2_PLACEMENT_3D('',#15530,#15531,#15532);
#15530 = CARTESIAN_POINT('',(-24.76275062561,1.709169983864,
    4.949999809265));
#15531 = DIRECTION('',(0.752044647876,0.659112166176,0.));
#15532 = DIRECTION('',(-0.659112166176,0.752044647876,0.));
#15533 = ADVANCED_FACE('',(#15534),#15550,.T.);
#15534 = FACE_BOUND('',#15535,.T.);
#15535 = EDGE_LOOP('',(#15536,#15542,#15543,#15549));
#15536 = ORIENTED_EDGE('',*,*,#15537,.T.);
#15537 = EDGE_CURVE('',#2910,#4092,#15538,.T.);
#15538 = LINE('',#15539,#15540);
#15539 = CARTESIAN_POINT('',(-25.02499961853,33.349998474121,
    4.199999809265));
#15540 = VECTOR('',#15541,1.);
#15541 = DIRECTION('',(0.,0.,1.));
#15542 = ORIENTED_EDGE('',*,*,#4091,.F.);
#15543 = ORIENTED_EDGE('',*,*,#15544,.T.);
#15544 = EDGE_CURVE('',#4084,#2918,#15545,.T.);
#15545 = LINE('',#15546,#15547);
#15546 = CARTESIAN_POINT('',(-25.02499961853,2.400000095367,
    5.699999809265));
#15547 = VECTOR('',#15548,1.);
#15548 = DIRECTION('',(0.,0.,-1.));
#15549 = ORIENTED_EDGE('',*,*,#2917,.F.);
#15550 = PLANE('',#15551);
#15551 = AXIS2_PLACEMENT_3D('',#15552,#15553,#15554);
#15552 = CARTESIAN_POINT('',(-25.02499961853,17.874999284744,
    4.949999809265));
#15553 = DIRECTION('',(1.,0.,0.));
#15554 = DIRECTION('',(-0.,0.,1.));
#15555 = ADVANCED_FACE('',(#15556),#15567,.T.);
#15556 = FACE_BOUND('',#15557,.T.);
#15557 = EDGE_LOOP('',(#15558,#15559,#15560,#15561));
#15558 = ORIENTED_EDGE('',*,*,#4891,.F.);
#15559 = ORIENTED_EDGE('',*,*,#15372,.F.);
#15560 = ORIENTED_EDGE('',*,*,#2981,.F.);
#15561 = ORIENTED_EDGE('',*,*,#15562,.T.);
#15562 = EDGE_CURVE('',#2974,#4892,#15563,.T.);
#15563 = LINE('',#15564,#15565);
#15564 = CARTESIAN_POINT('',(-24.61420059204,1.566980004311,
    4.199999809265));
#15565 = VECTOR('',#15566,1.);
#15566 = DIRECTION('',(0.,0.,1.));
#15567 = PLANE('',#15568);
#15568 = AXIS2_PLACEMENT_3D('',#15569,#15570,#15571);
#15569 = CARTESIAN_POINT('',(-24.55710029602,1.528824985027,
    4.949999809265));
#15570 = DIRECTION('',(0.555588567305,0.831457361433,0.));
#15571 = DIRECTION('',(0.831457361433,-0.555588567305,0.));
#15572 = ADVANCED_FACE('',(#15573),#15579,.T.);
#15573 = FACE_BOUND('',#15574,.T.);
#15574 = EDGE_LOOP('',(#15575,#15576,#15577,#15578));
#15575 = ORIENTED_EDGE('',*,*,#15100,.F.);
#15576 = ORIENTED_EDGE('',*,*,#2733,.F.);
#15577 = ORIENTED_EDGE('',*,*,#15159,.F.);
#15578 = ORIENTED_EDGE('',*,*,#4275,.F.);
#15579 = PLANE('',#15580);
#15580 = AXIS2_PLACEMENT_3D('',#15581,#15582,#15583);
#15581 = CARTESIAN_POINT('',(24.967150688171,33.686800003052,
    4.949999809265));
#15582 = DIRECTION('',(-0.94699575971,-0.321246060041,-0.));
#15583 = DIRECTION('',(0.321246060041,-0.94699575971,0.));
#15584 = ADVANCED_FACE('',(#15585),#15591,.T.);
#15585 = FACE_BOUND('',#15586,.T.);
#15586 = EDGE_LOOP('',(#15587,#15588,#15589,#15590));
#15587 = ORIENTED_EDGE('',*,*,#15415,.F.);
#15588 = ORIENTED_EDGE('',*,*,#2677,.F.);
#15589 = ORIENTED_EDGE('',*,*,#15203,.F.);
#15590 = ORIENTED_EDGE('',*,*,#4331,.F.);
#15591 = PLANE('',#15592);
#15592 = AXIS2_PLACEMENT_3D('',#15593,#15594,#15595);
#15593 = CARTESIAN_POINT('',(24.914700508118,1.936590015888,
    4.949999809265));
#15594 = DIRECTION('',(-0.896714198583,0.442610038364,-0.));
#15595 = DIRECTION('',(-0.442610038364,-0.896714198583,0.));
#15596 = ADVANCED_FACE('',(#15597),#15608,.T.);
#15597 = FACE_BOUND('',#15598,.T.);
#15598 = EDGE_LOOP('',(#15599,#15600,#15606,#15607));
#15599 = ORIENTED_EDGE('',*,*,#4227,.F.);
#15600 = ORIENTED_EDGE('',*,*,#15601,.T.);
#15601 = EDGE_CURVE('',#4220,#2782,#15602,.T.);
#15602 = LINE('',#15603,#15604);
#15603 = CARTESIAN_POINT('',(24.376800537109,34.320098876953,
    5.699999809265));
#15604 = VECTOR('',#15605,1.);
#15605 = DIRECTION('',(0.,0.,-1.));
#15606 = ORIENTED_EDGE('',*,*,#2781,.F.);
#15607 = ORIENTED_EDGE('',*,*,#15226,.F.);
#15608 = PLANE('',#15609);
#15609 = AXIS2_PLACEMENT_3D('',#15610,#15611,#15612);
#15610 = CARTESIAN_POINT('',(24.438400268555,34.289699554443,
    4.949999809265));
#15611 = DIRECTION('',(-0.442542738562,-0.896747414017,-0.));
#15612 = DIRECTION('',(-0.896747414017,0.442542738562,0.));
#15613 = ADVANCED_FACE('',(#15614),#15625,.T.);
#15614 = FACE_BOUND('',#15615,.T.);
#15615 = EDGE_LOOP('',(#15616,#15617,#15618,#15619));
#15616 = ORIENTED_EDGE('',*,*,#4203,.F.);
#15617 = ORIENTED_EDGE('',*,*,#15394,.F.);
#15618 = ORIENTED_EDGE('',*,*,#2805,.F.);
#15619 = ORIENTED_EDGE('',*,*,#15620,.T.);
#15620 = EDGE_CURVE('',#2798,#4204,#15621,.T.);
#15621 = LINE('',#15622,#15623);
#15622 = CARTESIAN_POINT('',(24.112100601196,34.390998840332,
    4.199999809265));
#15623 = VECTOR('',#15624,1.);
#15624 = DIRECTION('',(0.,0.,1.));
#15625 = PLANE('',#15626);
#15626 = AXIS2_PLACEMENT_3D('',#15627,#15628,#15629);
#15627 = CARTESIAN_POINT('',(24.043550491333,34.395500183105,
    4.949999809265));
#15628 = DIRECTION('',(-6.55238832217E-02,-0.997851001266,-0.));
#15629 = DIRECTION('',(-0.997851001266,6.55238832217E-02,0.));
#15630 = ADVANCED_FACE('',(#15631),#15647,.T.);
#15631 = FACE_BOUND('',#15632,.T.);
#15632 = EDGE_LOOP('',(#15633,#15639,#15640,#15646));
#15633 = ORIENTED_EDGE('',*,*,#15634,.T.);
#15634 = EDGE_CURVE('',#2862,#4140,#15635,.T.);
#15635 = LINE('',#15636,#15637);
#15636 = CARTESIAN_POINT('',(-24.71750068664,34.092498779297,
    4.199999809265));
#15637 = VECTOR('',#15638,1.);
#15638 = DIRECTION('',(0.,0.,1.));
#15639 = ORIENTED_EDGE('',*,*,#4139,.F.);
#15640 = ORIENTED_EDGE('',*,*,#15641,.T.);
#15641 = EDGE_CURVE('',#4132,#2870,#15642,.T.);
#15642 = LINE('',#15643,#15644);
#15643 = CARTESIAN_POINT('',(-24.80800056457,33.989200592041,
    5.699999809265));
#15644 = VECTOR('',#15645,1.);
#15645 = DIRECTION('',(0.,0.,-1.));
#15646 = ORIENTED_EDGE('',*,*,#2869,.F.);
#15647 = PLANE('',#15648);
#15648 = AXIS2_PLACEMENT_3D('',#15649,#15650,#15651);
#15649 = CARTESIAN_POINT('',(-24.76275062561,34.040849685669,
    4.949999809265));
#15650 = DIRECTION('',(0.752165305278,-0.658974471081,0.));
#15651 = DIRECTION('',(0.658974471081,0.752165305278,0.));
#15652 = ADVANCED_FACE('',(#15653),#15664,.T.);
#15653 = FACE_BOUND('',#15654,.T.);
#15654 = EDGE_LOOP('',(#15655,#15656,#15662,#15663));
#15655 = ORIENTED_EDGE('',*,*,#4187,.F.);
#15656 = ORIENTED_EDGE('',*,*,#15657,.T.);
#15657 = EDGE_CURVE('',#4180,#2822,#15658,.T.);
#15658 = LINE('',#15659,#15660);
#15659 = CARTESIAN_POINT('',(-24.11210060119,34.390998840332,
    5.699999809265));
#15660 = VECTOR('',#15661,1.);
#15661 = DIRECTION('',(0.,0.,-1.));
#15662 = ORIENTED_EDGE('',*,*,#2821,.F.);
#15663 = ORIENTED_EDGE('',*,*,#15387,.F.);
#15664 = PLANE('',#15665);
#15665 = AXIS2_PLACEMENT_3D('',#15666,#15667,#15668);
#15666 = CARTESIAN_POINT('',(-24.04355049133,34.395500183105,
    4.949999809265));
#15667 = DIRECTION('',(6.55238832217E-02,-0.997851001266,-0.));
#15668 = DIRECTION('',(-0.997851001266,-6.55238832217E-02,0.));
#15669 = ADVANCED_FACE('',(#15670),#15676,.T.);
#15670 = FACE_BOUND('',#15671,.T.);
#15671 = EDGE_LOOP('',(#15672,#15673,#15674,#15675));
#15672 = ORIENTED_EDGE('',*,*,#4899,.F.);
#15673 = ORIENTED_EDGE('',*,*,#15562,.F.);
#15674 = ORIENTED_EDGE('',*,*,#2973,.F.);
#15675 = ORIENTED_EDGE('',*,*,#15522,.F.);
#15676 = PLANE('',#15677);
#15677 = AXIS2_PLACEMENT_3D('',#15678,#15679,#15680);
#15678 = CARTESIAN_POINT('',(-24.66585063934,1.612259984016,
    4.949999809265));
#15679 = DIRECTION('',(0.659214988833,0.751954518902,0.));
#15680 = DIRECTION('',(0.751954518902,-0.659214988833,0.));
#15681 = ADVANCED_FACE('',(#15682),#15698,.T.);
#15682 = FACE_BOUND('',#15683,.T.);
#15683 = EDGE_LOOP('',(#15684,#15685,#15691,#15692));
#15684 = ORIENTED_EDGE('',*,*,#4171,.F.);
#15685 = ORIENTED_EDGE('',*,*,#15686,.T.);
#15686 = EDGE_CURVE('',#4164,#2838,#15687,.T.);
#15687 = LINE('',#15688,#15689);
#15688 = CARTESIAN_POINT('',(-24.3768005371,34.320098876953,
    5.699999809265));
#15689 = VECTOR('',#15690,1.);
#15690 = DIRECTION('',(0.,0.,-1.));
#15691 = ORIENTED_EDGE('',*,*,#2837,.F.);
#15692 = ORIENTED_EDGE('',*,*,#15693,.T.);
#15693 = EDGE_CURVE('',#2830,#4172,#15694,.T.);
#15694 = LINE('',#15695,#15696);
#15695 = CARTESIAN_POINT('',(-24.24679946899,34.364200592041,
    4.199999809265));
#15696 = VECTOR('',#15697,1.);
#15697 = DIRECTION('',(0.,0.,1.));
#15698 = PLANE('',#15699);
#15699 = AXIS2_PLACEMENT_3D('',#15700,#15701,#15702);
#15700 = CARTESIAN_POINT('',(-24.31180000305,34.342149734497,
    4.949999809265));
#15701 = DIRECTION('',(0.321258520222,-0.946991532795,-0.));
#15702 = DIRECTION('',(-0.946991532795,-0.321258520222,0.));
#15703 = ADVANCED_FACE('',(#15704),#15720,.T.);
#15704 = FACE_BOUND('',#15705,.T.);
#15705 = EDGE_LOOP('',(#15706,#15712,#15713,#15719));
#15706 = ORIENTED_EDGE('',*,*,#15707,.T.);
#15707 = EDGE_CURVE('',#4244,#2758,#15708,.T.);
#15708 = LINE('',#15709,#15710);
#15709 = CARTESIAN_POINT('',(24.717500686646,34.092498779297,
    5.699999809265));
#15710 = VECTOR('',#15711,1.);
#15711 = DIRECTION('',(0.,0.,-1.));
#15712 = ORIENTED_EDGE('',*,*,#2757,.F.);
#15713 = ORIENTED_EDGE('',*,*,#15714,.T.);
#15714 = EDGE_CURVE('',#2750,#4252,#15715,.T.);
#15715 = LINE('',#15716,#15717);
#15716 = CARTESIAN_POINT('',(24.808000564575,33.989200592041,
    4.199999809265));
#15717 = VECTOR('',#15718,1.);
#15718 = DIRECTION('',(0.,0.,1.));
#15719 = ORIENTED_EDGE('',*,*,#4251,.F.);
#15720 = PLANE('',#15721);
#15721 = AXIS2_PLACEMENT_3D('',#15722,#15723,#15724);
#15722 = CARTESIAN_POINT('',(24.76275062561,34.040849685669,
    4.949999809265));
#15723 = DIRECTION('',(-0.752165305278,-0.658974471081,-0.));
#15724 = DIRECTION('',(0.658974471081,-0.752165305278,0.));
#15725 = ADVANCED_FACE('',(#15726),#15737,.T.);
#15726 = FACE_BOUND('',#15727,.T.);
#15727 = EDGE_LOOP('',(#15728,#15729,#15735,#15736));
#15728 = ORIENTED_EDGE('',*,*,#4387,.F.);
#15729 = ORIENTED_EDGE('',*,*,#15730,.T.);
#15730 = EDGE_CURVE('',#4380,#2622,#15731,.T.);
#15731 = LINE('',#15732,#15733);
#15732 = CARTESIAN_POINT('',(24.246799468994,1.385779976845,
    5.699999809265));
#15733 = VECTOR('',#15734,1.);
#15734 = DIRECTION('',(0.,0.,-1.));
#15735 = ORIENTED_EDGE('',*,*,#2621,.F.);
#15736 = ORIENTED_EDGE('',*,*,#15287,.F.);
#15737 = PLANE('',#15738);
#15738 = AXIS2_PLACEMENT_3D('',#15739,#15740,#15741);
#15739 = CARTESIAN_POINT('',(24.179450035095,1.37237995863,
    4.949999809265));
#15740 = DIRECTION('',(-0.19513770995,0.980775853167,0.));
#15741 = DIRECTION('',(0.980775853167,0.19513770995,0.));
#15742 = ADVANCED_FACE('',(#15743),#15754,.T.);
#15743 = FACE_BOUND('',#15744,.T.);
#15744 = EDGE_LOOP('',(#15745,#15746,#15747,#15753));
#15745 = ORIENTED_EDGE('',*,*,#15188,.F.);
#15746 = ORIENTED_EDGE('',*,*,#4107,.F.);
#15747 = ORIENTED_EDGE('',*,*,#15748,.T.);
#15748 = EDGE_CURVE('',#4100,#2902,#15749,.T.);
#15749 = LINE('',#15750,#15751);
#15750 = CARTESIAN_POINT('',(-25.01600074768,33.487098693848,
    5.699999809265));
#15751 = VECTOR('',#15752,1.);
#15752 = DIRECTION('',(0.,0.,-1.));
#15753 = ORIENTED_EDGE('',*,*,#2901,.F.);
#15754 = PLANE('',#15755);
#15755 = AXIS2_PLACEMENT_3D('',#15756,#15757,#15758);
#15756 = CARTESIAN_POINT('',(-25.00260066986,33.554449081421,
    4.949999809265));
#15757 = DIRECTION('',(0.980776215871,-0.195135886964,0.));
#15758 = DIRECTION('',(0.195135886964,0.980776215871,0.));
#15759 = ADVANCED_FACE('',(#15760),#15766,.T.);
#15760 = FACE_BOUND('',#15761,.T.);
#15761 = EDGE_LOOP('',(#15762,#15763,#15764,#15765));
#15762 = ORIENTED_EDGE('',*,*,#4163,.F.);
#15763 = ORIENTED_EDGE('',*,*,#15489,.F.);
#15764 = ORIENTED_EDGE('',*,*,#2845,.F.);
#15765 = ORIENTED_EDGE('',*,*,#15686,.F.);
#15766 = PLANE('',#15767);
#15767 = AXIS2_PLACEMENT_3D('',#15768,#15769,#15770);
#15768 = CARTESIAN_POINT('',(-24.43840026855,34.289699554443,
    4.949999809265));
#15769 = DIRECTION('',(0.442542738562,-0.896747414017,-0.));
#15770 = DIRECTION('',(-0.896747414017,-0.442542738562,0.));
#15771 = ADVANCED_FACE('',(#15772),#15778,.T.);
#15772 = FACE_BOUND('',#15773,.T.);
#15773 = EDGE_LOOP('',(#15774,#15775,#15776,#15777));
#15774 = ORIENTED_EDGE('',*,*,#4179,.F.);
#15775 = ORIENTED_EDGE('',*,*,#15693,.F.);
#15776 = ORIENTED_EDGE('',*,*,#2829,.F.);
#15777 = ORIENTED_EDGE('',*,*,#15657,.F.);
#15778 = PLANE('',#15779);
#15779 = AXIS2_PLACEMENT_3D('',#15780,#15781,#15782);
#15780 = CARTESIAN_POINT('',(-24.17945003509,34.377599716187,
    4.949999809265));
#15781 = DIRECTION('',(0.195125185797,-0.980778344922,-0.));
#15782 = DIRECTION('',(-0.980778344922,-0.195125185797,0.));
#15783 = ADVANCED_FACE('',(#15784),#15795,.T.);
#15784 = FACE_BOUND('',#15785,.T.);
#15785 = EDGE_LOOP('',(#15786,#15787,#15793,#15794));
#15786 = ORIENTED_EDGE('',*,*,#4219,.F.);
#15787 = ORIENTED_EDGE('',*,*,#15788,.T.);
#15788 = EDGE_CURVE('',#4212,#2790,#15789,.T.);
#15789 = LINE('',#15790,#15791);
#15790 = CARTESIAN_POINT('',(24.246799468994,34.364200592041,
    5.699999809265));
#15791 = VECTOR('',#15792,1.);
#15792 = DIRECTION('',(0.,0.,-1.));
#15793 = ORIENTED_EDGE('',*,*,#2789,.F.);
#15794 = ORIENTED_EDGE('',*,*,#15601,.F.);
#15795 = PLANE('',#15796);
#15796 = AXIS2_PLACEMENT_3D('',#15797,#15798,#15799);
#15797 = CARTESIAN_POINT('',(24.311800003052,34.342149734497,
    4.949999809265));
#15798 = DIRECTION('',(-0.321258520222,-0.946991532795,-0.));
#15799 = DIRECTION('',(-0.946991532795,0.321258520222,0.));
#15800 = ADVANCED_FACE('',(#15801),#15807,.T.);
#15801 = FACE_BOUND('',#15802,.T.);
#15802 = EDGE_LOOP('',(#15803,#15804,#15805,#15806));
#15803 = ORIENTED_EDGE('',*,*,#4379,.F.);
#15804 = ORIENTED_EDGE('',*,*,#15438,.F.);
#15805 = ORIENTED_EDGE('',*,*,#2629,.F.);
#15806 = ORIENTED_EDGE('',*,*,#15730,.F.);
#15807 = PLANE('',#15808);
#15808 = AXIS2_PLACEMENT_3D('',#15809,#15810,#15811);
#15809 = CARTESIAN_POINT('',(24.311800003052,1.40785497427,
    4.949999809265));
#15810 = DIRECTION('',(-0.321573862984,0.946884496993,0.));
#15811 = DIRECTION('',(0.946884496993,0.321573862984,0.));
#15812 = ADVANCED_FACE('',(#15813),#15824,.T.);
#15813 = FACE_BOUND('',#15814,.T.);
#15814 = EDGE_LOOP('',(#15815,#15821,#15822,#15823));
#15815 = ORIENTED_EDGE('',*,*,#15816,.T.);
#15816 = EDGE_CURVE('',#2878,#4124,#15817,.T.);
#15817 = LINE('',#15818,#15819);
#15818 = CARTESIAN_POINT('',(-24.88430023193,33.875,4.199999809265));
#15819 = VECTOR('',#15820,1.);
#15820 = DIRECTION('',(0.,0.,1.));
#15821 = ORIENTED_EDGE('',*,*,#4123,.F.);
#15822 = ORIENTED_EDGE('',*,*,#15181,.F.);
#15823 = ORIENTED_EDGE('',*,*,#2885,.F.);
#15824 = PLANE('',#15825);
#15825 = AXIS2_PLACEMENT_3D('',#15826,#15827,#15828);
#15826 = CARTESIAN_POINT('',(-24.91470050811,33.813400268555,
    4.949999809265));
#15827 = DIRECTION('',(0.896741904423,-0.442553902764,0.));
#15828 = DIRECTION('',(0.442553902764,0.896741904423,0.));
#15829 = ADVANCED_FACE('',(#15830),#15836,.T.);
#15830 = FACE_BOUND('',#15831,.T.);
#15831 = EDGE_LOOP('',(#15832,#15833,#15834,#15835));
#15832 = ORIENTED_EDGE('',*,*,#4243,.F.);
#15833 = ORIENTED_EDGE('',*,*,#15233,.F.);
#15834 = ORIENTED_EDGE('',*,*,#2765,.F.);
#15835 = ORIENTED_EDGE('',*,*,#15707,.F.);
#15836 = PLANE('',#15837);
#15837 = AXIS2_PLACEMENT_3D('',#15838,#15839,#15840);
#15838 = CARTESIAN_POINT('',(24.665850639343,34.137748718262,
    4.949999809265));
#15839 = DIRECTION('',(-0.658967587257,-0.752171336163,-0.));
#15840 = DIRECTION('',(-0.752171336163,0.658967587257,0.));
#15841 = ADVANCED_FACE('',(#15842),#15848,.T.);
#15842 = FACE_BOUND('',#15843,.T.);
#15843 = EDGE_LOOP('',(#15844,#15845,#15846,#15847));
#15844 = ORIENTED_EDGE('',*,*,#4859,.F.);
#15845 = ORIENTED_EDGE('',*,*,#15316,.F.);
#15846 = ORIENTED_EDGE('',*,*,#3013,.F.);
#15847 = ORIENTED_EDGE('',*,*,#15453,.F.);
#15848 = PLANE('',#15849);
#15849 = AXIS2_PLACEMENT_3D('',#15850,#15851,#15852);
#15850 = CARTESIAN_POINT('',(-24.04355049133,1.354489982128,
    4.949999809265));
#15851 = DIRECTION('',(6.53588735211E-02,0.997861822925,0.));
#15852 = DIRECTION('',(0.997861822925,-6.53588735211E-02,0.));
#15853 = ADVANCED_FACE('',(#15854),#15860,.T.);
#15854 = FACE_BOUND('',#15855,.T.);
#15855 = EDGE_LOOP('',(#15856,#15857,#15858,#15859));
#15856 = ORIENTED_EDGE('',*,*,#15271,.F.);
#15857 = ORIENTED_EDGE('',*,*,#2693,.F.);
#15858 = ORIENTED_EDGE('',*,*,#15408,.F.);
#15859 = ORIENTED_EDGE('',*,*,#4315,.F.);
#15860 = PLANE('',#15861);
#15861 = AXIS2_PLACEMENT_3D('',#15862,#15863,#15864);
#15862 = CARTESIAN_POINT('',(25.002600669861,2.195595026016,
    4.949999809265));
#15863 = DIRECTION('',(-0.980778727501,0.195123262788,-0.));
#15864 = DIRECTION('',(-0.195123262788,-0.980778727501,0.));
#15865 = ADVANCED_FACE('',(#15866),#15872,.T.);
#15866 = FACE_BOUND('',#15867,.T.);
#15867 = EDGE_LOOP('',(#15868,#15869,#15870,#15871));
#15868 = ORIENTED_EDGE('',*,*,#15641,.F.);
#15869 = ORIENTED_EDGE('',*,*,#4131,.F.);
#15870 = ORIENTED_EDGE('',*,*,#15816,.F.);
#15871 = ORIENTED_EDGE('',*,*,#2877,.F.);
#15872 = PLANE('',#15873);
#15873 = AXIS2_PLACEMENT_3D('',#15874,#15875,#15876);
#15874 = CARTESIAN_POINT('',(-24.84615039825,33.932100296021,
    4.949999809265));
#15875 = DIRECTION('',(0.831492242686,-0.555536362764,0.));
#15876 = DIRECTION('',(0.555536362764,0.831492242686,0.));
#15877 = ADVANCED_FACE('',(#15878),#15884,.T.);
#15878 = FACE_BOUND('',#15879,.T.);
#15879 = EDGE_LOOP('',(#15880,#15881,#15882,#15883));
#15880 = ORIENTED_EDGE('',*,*,#15210,.F.);
#15881 = ORIENTED_EDGE('',*,*,#2661,.F.);
#15882 = ORIENTED_EDGE('',*,*,#15138,.F.);
#15883 = ORIENTED_EDGE('',*,*,#4347,.F.);
#15884 = PLANE('',#15885);
#15885 = AXIS2_PLACEMENT_3D('',#15886,#15887,#15888);
#15886 = CARTESIAN_POINT('',(24.76275062561,1.709169983864,
    4.949999809265));
#15887 = DIRECTION('',(-0.752044647876,0.659112166176,-0.));
#15888 = DIRECTION('',(-0.659112166176,-0.752044647876,0.));
#15889 = ADVANCED_FACE('',(#15890),#15901,.T.);
#15890 = FACE_BOUND('',#15891,.T.);
#15891 = EDGE_LOOP('',(#15892,#15893,#15894,#15900));
#15892 = ORIENTED_EDGE('',*,*,#15354,.F.);
#15893 = ORIENTED_EDGE('',*,*,#4931,.F.);
#15894 = ORIENTED_EDGE('',*,*,#15895,.T.);
#15895 = EDGE_CURVE('',#4924,#2942,#15896,.T.);
#15896 = LINE('',#15897,#15898);
#15897 = CARTESIAN_POINT('',(-24.9451007843,1.998180031776,
    5.699999809265));
#15898 = VECTOR('',#15899,1.);
#15899 = DIRECTION('',(0.,0.,-1.));
#15900 = ORIENTED_EDGE('',*,*,#2941,.F.);
#15901 = PLANE('',#15902);
#15902 = AXIS2_PLACEMENT_3D('',#15903,#15904,#15905);
#15903 = CARTESIAN_POINT('',(-24.96715068817,2.063210070133,
    4.949999809265));
#15904 = DIRECTION('',(0.947040092688,0.321115341958,0.));
#15905 = DIRECTION('',(-0.321115341958,0.947040092688,0.));
#15906 = ADVANCED_FACE('',(#15907),#15918,.T.);
#15907 = FACE_BOUND('',#15908,.T.);
#15908 = EDGE_LOOP('',(#15909,#15910,#15911,#15917));
#15909 = ORIENTED_EDGE('',*,*,#15895,.F.);
#15910 = ORIENTED_EDGE('',*,*,#4923,.F.);
#15911 = ORIENTED_EDGE('',*,*,#15912,.T.);
#15912 = EDGE_CURVE('',#4916,#2950,#15913,.T.);
#15913 = LINE('',#15914,#15915);
#15914 = CARTESIAN_POINT('',(-24.88430023193,1.875,5.699999809265));
#15915 = VECTOR('',#15916,1.);
#15916 = DIRECTION('',(0.,0.,-1.));
#15917 = ORIENTED_EDGE('',*,*,#2949,.F.);
#15918 = PLANE('',#15919);
#15919 = AXIS2_PLACEMENT_3D('',#15920,#15921,#15922);
#15920 = CARTESIAN_POINT('',(-24.91470050811,1.936590015888,
    4.949999809265));
#15921 = DIRECTION('',(0.896714198583,0.442610038364,0.));
#15922 = DIRECTION('',(-0.442610038364,0.896714198583,0.));
#15923 = ADVANCED_FACE('',(#15924),#15930,.T.);
#15924 = FACE_BOUND('',#15925,.T.);
#15925 = EDGE_LOOP('',(#15926,#15927,#15928,#15929));
#15926 = ORIENTED_EDGE('',*,*,#4147,.F.);
#15927 = ORIENTED_EDGE('',*,*,#15634,.F.);
#15928 = ORIENTED_EDGE('',*,*,#2861,.F.);
#15929 = ORIENTED_EDGE('',*,*,#15482,.F.);
#15930 = PLANE('',#15931);
#15931 = AXIS2_PLACEMENT_3D('',#15932,#15933,#15934);
#15932 = CARTESIAN_POINT('',(-24.66585063934,34.137748718262,
    4.949999809265));
#15933 = DIRECTION('',(0.658967587257,-0.752171336163,-0.));
#15934 = DIRECTION('',(-0.752171336163,-0.658967587257,0.));
#15935 = ADVANCED_FACE('',(#15936),#15942,.T.);
#15936 = FACE_BOUND('',#15937,.T.);
#15937 = EDGE_LOOP('',(#15938,#15939,#15940,#15941));
#15938 = ORIENTED_EDGE('',*,*,#4211,.F.);
#15939 = ORIENTED_EDGE('',*,*,#15620,.F.);
#15940 = ORIENTED_EDGE('',*,*,#2797,.F.);
#15941 = ORIENTED_EDGE('',*,*,#15788,.F.);
#15942 = PLANE('',#15943);
#15943 = AXIS2_PLACEMENT_3D('',#15944,#15945,#15946);
#15944 = CARTESIAN_POINT('',(24.179450035095,34.377599716187,
    4.949999809265));
#15945 = DIRECTION('',(-0.195125185797,-0.980778344922,-0.));
#15946 = DIRECTION('',(-0.980778344922,0.195125185797,0.));
#15947 = ADVANCED_FACE('',(#15948),#15954,.T.);
#15948 = FACE_BOUND('',#15949,.T.);
#15949 = EDGE_LOOP('',(#15950,#15951,#15952,#15953));
#15950 = ORIENTED_EDGE('',*,*,#15748,.F.);
#15951 = ORIENTED_EDGE('',*,*,#4099,.F.);
#15952 = ORIENTED_EDGE('',*,*,#15537,.F.);
#15953 = ORIENTED_EDGE('',*,*,#2909,.F.);
#15954 = PLANE('',#15955);
#15955 = AXIS2_PLACEMENT_3D('',#15956,#15957,#15958);
#15956 = CARTESIAN_POINT('',(-25.0205001831,33.418548583984,
    4.949999809265));
#15957 = DIRECTION('',(0.997852816205,-6.549623799189E-02,0.));
#15958 = DIRECTION('',(6.549623799189E-02,0.997852816205,0.));
#15959 = ADVANCED_FACE('',(#15960),#15966,.T.);
#15960 = FACE_BOUND('',#15961,.T.);
#15961 = EDGE_LOOP('',(#15962,#15963,#15964,#15965));
#15962 = ORIENTED_EDGE('',*,*,#15544,.F.);
#15963 = ORIENTED_EDGE('',*,*,#4083,.F.);
#15964 = ORIENTED_EDGE('',*,*,#15347,.F.);
#15965 = ORIENTED_EDGE('',*,*,#2925,.F.);
#15966 = PLANE('',#15967);
#15967 = AXIS2_PLACEMENT_3D('',#15968,#15969,#15970);
#15968 = CARTESIAN_POINT('',(-25.0205001831,2.331475019455,
    4.949999809265));
#15969 = DIRECTION('',(0.997851252131,6.552006273235E-02,0.));
#15970 = DIRECTION('',(-6.552006273235E-02,0.997851252131,0.));
#15971 = ADVANCED_FACE('',(#15972),#15978,.T.);
#15972 = FACE_BOUND('',#15973,.T.);
#15973 = EDGE_LOOP('',(#15974,#15975,#15976,#15977));
#15974 = ORIENTED_EDGE('',*,*,#15912,.F.);
#15975 = ORIENTED_EDGE('',*,*,#4915,.F.);
#15976 = ORIENTED_EDGE('',*,*,#15515,.F.);
#15977 = ORIENTED_EDGE('',*,*,#2957,.F.);
#15978 = PLANE('',#15979);
#15979 = AXIS2_PLACEMENT_3D('',#15980,#15981,#15982);
#15980 = CARTESIAN_POINT('',(-24.84615039825,1.817900002003,
    4.949999809265));
#15981 = DIRECTION('',(0.831490903326,0.55553836743,0.));
#15982 = DIRECTION('',(-0.55553836743,0.831490903326,0.));
#15983 = ADVANCED_FACE('',(#15984),#15990,.T.);
#15984 = FACE_BOUND('',#15985,.T.);
#15985 = EDGE_LOOP('',(#15986,#15987,#15988,#15989));
#15986 = ORIENTED_EDGE('',*,*,#15714,.F.);
#15987 = ORIENTED_EDGE('',*,*,#2749,.F.);
#15988 = ORIENTED_EDGE('',*,*,#15093,.F.);
#15989 = ORIENTED_EDGE('',*,*,#4259,.F.);
#15990 = PLANE('',#15991);
#15991 = AXIS2_PLACEMENT_3D('',#15992,#15993,#15994);
#15992 = CARTESIAN_POINT('',(24.846150398254,33.932100296021,
    4.949999809265));
#15993 = DIRECTION('',(-0.831492242686,-0.555536362764,-0.));
#15994 = DIRECTION('',(0.555536362764,-0.831492242686,0.));
#15995 = ADVANCED_FACE('',(#15996),#16002,.T.);
#15996 = FACE_BOUND('',#15997,.T.);
#15997 = EDGE_LOOP('',(#15998,#15999,#16000,#16001));
#15998 = ORIENTED_EDGE('',*,*,#15333,.F.);
#15999 = ORIENTED_EDGE('',*,*,#2597,.F.);
#16000 = ORIENTED_EDGE('',*,*,#5244,.F.);
#16001 = ORIENTED_EDGE('',*,*,#4411,.F.);
#16002 = PLANE('',#16003);
#16003 = AXIS2_PLACEMENT_3D('',#16004,#16005,#16006);
#16004 = CARTESIAN_POINT('',(10.5,0.750000014901,4.949999809265));
#16005 = DIRECTION('',(-1.,-0.,-0.));
#16006 = DIRECTION('',(0.,0.,-1.));
#16007 = ADVANCED_FACE('',(#16008),#16014,.T.);
#16008 = FACE_BOUND('',#16009,.T.);
#16009 = EDGE_LOOP('',(#16010,#16011,#16012,#16013));
#16010 = ORIENTED_EDGE('',*,*,#15309,.F.);
#16011 = ORIENTED_EDGE('',*,*,#4843,.F.);
#16012 = ORIENTED_EDGE('',*,*,#5268,.F.);
#16013 = ORIENTED_EDGE('',*,*,#3029,.F.);
#16014 = PLANE('',#16015);
#16015 = AXIS2_PLACEMENT_3D('',#16016,#16017,#16018);
#16016 = CARTESIAN_POINT('',(-10.5,0.750000014901,4.949999809265));
#16017 = DIRECTION('',(1.,0.,0.));
#16018 = DIRECTION('',(-0.,0.,1.));
#16019 = ADVANCED_FACE('',(#16020),#16031,.T.);
#16020 = FACE_BOUND('',#16021,.T.);
#16021 = EDGE_LOOP('',(#16022,#16023,#16024,#16025));
#16022 = ORIENTED_EDGE('',*,*,#5399,.T.);
#16023 = ORIENTED_EDGE('',*,*,#5374,.F.);
#16024 = ORIENTED_EDGE('',*,*,#3135,.F.);
#16025 = ORIENTED_EDGE('',*,*,#16026,.T.);
#16026 = EDGE_CURVE('',#3128,#5400,#16027,.T.);
#16027 = LINE('',#16028,#16029);
#16028 = CARTESIAN_POINT('',(-4.5,20.,4.199999809265));
#16029 = VECTOR('',#16030,1.);
#16030 = DIRECTION('',(0.,0.,1.));
#16031 = PLANE('',#16032);
#16032 = AXIS2_PLACEMENT_3D('',#16033,#16034,#16035);
#16033 = CARTESIAN_POINT('',(-3.5,20.,4.949999809265));
#16034 = DIRECTION('',(0.,1.,0.));
#16035 = DIRECTION('',(0.,-0.,1.));
#16036 = ADVANCED_FACE('',(#16037),#16048,.T.);
#16037 = FACE_BOUND('',#16038,.T.);
#16038 = EDGE_LOOP('',(#16039,#16040,#16041,#16042));
#16039 = ORIENTED_EDGE('',*,*,#5478,.T.);
#16040 = ORIENTED_EDGE('',*,*,#5453,.F.);
#16041 = ORIENTED_EDGE('',*,*,#3169,.F.);
#16042 = ORIENTED_EDGE('',*,*,#16043,.T.);
#16043 = EDGE_CURVE('',#3162,#5479,#16044,.T.);
#16044 = LINE('',#16045,#16046);
#16045 = CARTESIAN_POINT('',(2.5,20.,4.199999809265));
#16046 = VECTOR('',#16047,1.);
#16047 = DIRECTION('',(0.,0.,1.));
#16048 = PLANE('',#16049);
#16049 = AXIS2_PLACEMENT_3D('',#16050,#16051,#16052);
#16050 = CARTESIAN_POINT('',(3.5,20.,4.949999809265));
#16051 = DIRECTION('',(0.,1.,0.));
#16052 = DIRECTION('',(0.,-0.,1.));
#16053 = ADVANCED_FACE('',(#16054),#16060,.T.);
#16054 = FACE_BOUND('',#16055,.T.);
#16055 = EDGE_LOOP('',(#16056,#16057,#16058,#16059));
#16056 = ORIENTED_EDGE('',*,*,#16026,.F.);
#16057 = ORIENTED_EDGE('',*,*,#3125,.F.);
#16058 = ORIENTED_EDGE('',*,*,#5353,.F.);
#16059 = ORIENTED_EDGE('',*,*,#5407,.T.);
#16060 = PLANE('',#16061);
#16061 = AXIS2_PLACEMENT_3D('',#16062,#16063,#16064);
#16062 = CARTESIAN_POINT('',(-4.5,11.,4.949999809265));
#16063 = DIRECTION('',(-1.,-0.,-0.));
#16064 = DIRECTION('',(0.,0.,-1.));
#16065 = ADVANCED_FACE('',(#16066),#16072,.T.);
#16066 = FACE_BOUND('',#16067,.T.);
#16067 = EDGE_LOOP('',(#16068,#16069,#16070,#16071));
#16068 = ORIENTED_EDGE('',*,*,#16043,.F.);
#16069 = ORIENTED_EDGE('',*,*,#3159,.F.);
#16070 = ORIENTED_EDGE('',*,*,#5432,.F.);
#16071 = ORIENTED_EDGE('',*,*,#5486,.T.);
#16072 = PLANE('',#16073);
#16073 = AXIS2_PLACEMENT_3D('',#16074,#16075,#16076);
#16074 = CARTESIAN_POINT('',(2.5,11.,4.949999809265));
#16075 = DIRECTION('',(-1.,-0.,-0.));
#16076 = DIRECTION('',(0.,0.,-1.));
#16077 = ADVANCED_FACE('',(#16078),#16096,.T.);
#16078 = FACE_BOUND('',#16079,.T.);
#16079 = EDGE_LOOP('',(#16080,#16088,#16089,#16090));
#16080 = ORIENTED_EDGE('',*,*,#16081,.T.);
#16081 = EDGE_CURVE('',#16082,#5533,#16084,.T.);
#16082 = VERTEX_POINT('',#16083);
#16083 = CARTESIAN_POINT('',(-10.80000019073,24.700000762939,
    9.199999809265));
#16084 = LINE('',#16085,#16086);
#16085 = CARTESIAN_POINT('',(-10.80000019073,24.700000762939,
    9.199999809265));
#16086 = VECTOR('',#16087,1.);
#16087 = DIRECTION('',(1.,0.,0.));
#16088 = ORIENTED_EDGE('',*,*,#5532,.F.);
#16089 = ORIENTED_EDGE('',*,*,#3219,.F.);
#16090 = ORIENTED_EDGE('',*,*,#16091,.T.);
#16091 = EDGE_CURVE('',#3212,#16082,#16092,.T.);
#16092 = LINE('',#16093,#16094);
#16093 = CARTESIAN_POINT('',(-10.80000019073,24.700000762939,
    4.199999809265));
#16094 = VECTOR('',#16095,1.);
#16095 = DIRECTION('',(0.,0.,1.));
#16096 = PLANE('',#16097);
#16097 = AXIS2_PLACEMENT_3D('',#16098,#16099,#16100);
#16098 = CARTESIAN_POINT('',(-10.05000019073,24.700000762939,
    6.699999809265));
#16099 = DIRECTION('',(0.,1.,0.));
#16100 = DIRECTION('',(0.,-0.,1.));
#16101 = ADVANCED_FACE('',(#16102),#16120,.T.);
#16102 = FACE_BOUND('',#16103,.T.);
#16103 = EDGE_LOOP('',(#16104,#16112,#16113,#16114));
#16104 = ORIENTED_EDGE('',*,*,#16105,.T.);
#16105 = EDGE_CURVE('',#16106,#5588,#16108,.T.);
#16106 = VERTEX_POINT('',#16107);
#16107 = CARTESIAN_POINT('',(9.300000190735,24.700000762939,
    9.199999809265));
#16108 = LINE('',#16109,#16110);
#16109 = CARTESIAN_POINT('',(9.300000190735,24.700000762939,
    9.199999809265));
#16110 = VECTOR('',#16111,1.);
#16111 = DIRECTION('',(1.,0.,0.));
#16112 = ORIENTED_EDGE('',*,*,#5587,.F.);
#16113 = ORIENTED_EDGE('',*,*,#3245,.F.);
#16114 = ORIENTED_EDGE('',*,*,#16115,.T.);
#16115 = EDGE_CURVE('',#3238,#16106,#16116,.T.);
#16116 = LINE('',#16117,#16118);
#16117 = CARTESIAN_POINT('',(9.300000190735,24.700000762939,
    4.199999809265));
#16118 = VECTOR('',#16119,1.);
#16119 = DIRECTION('',(0.,0.,1.));
#16120 = PLANE('',#16121);
#16121 = AXIS2_PLACEMENT_3D('',#16122,#16123,#16124);
#16122 = CARTESIAN_POINT('',(10.050000190735,24.700000762939,
    6.699999809265));
#16123 = DIRECTION('',(0.,1.,0.));
#16124 = DIRECTION('',(0.,-0.,1.));
#16125 = ADVANCED_FACE('',(#16126),#16137,.T.);
#16126 = FACE_BOUND('',#16127,.T.);
#16127 = EDGE_LOOP('',(#16128,#16129,#16130,#16131));
#16128 = ORIENTED_EDGE('',*,*,#16091,.F.);
#16129 = ORIENTED_EDGE('',*,*,#3211,.F.);
#16130 = ORIENTED_EDGE('',*,*,#5511,.F.);
#16131 = ORIENTED_EDGE('',*,*,#16132,.T.);
#16132 = EDGE_CURVE('',#5504,#16082,#16133,.T.);
#16133 = LINE('',#16134,#16135);
#16134 = CARTESIAN_POINT('',(-10.80000019073,12.,9.199999809265));
#16135 = VECTOR('',#16136,1.);
#16136 = DIRECTION('',(0.,1.,0.));
#16137 = PLANE('',#16138);
#16138 = AXIS2_PLACEMENT_3D('',#16139,#16140,#16141);
#16139 = CARTESIAN_POINT('',(-10.80000019073,18.35000038147,
    6.699999809265));
#16140 = DIRECTION('',(-1.,-0.,-0.));
#16141 = DIRECTION('',(0.,0.,-1.));
#16142 = ADVANCED_FACE('',(#16143),#16149,.T.);
#16143 = FACE_BOUND('',#16144,.T.);
#16144 = EDGE_LOOP('',(#16145,#16146,#16147,#16148));
#16145 = ORIENTED_EDGE('',*,*,#5540,.F.);
#16146 = ORIENTED_EDGE('',*,*,#16081,.F.);
#16147 = ORIENTED_EDGE('',*,*,#16132,.F.);
#16148 = ORIENTED_EDGE('',*,*,#5501,.F.);
#16149 = PLANE('',#16150);
#16150 = AXIS2_PLACEMENT_3D('',#16151,#16152,#16153);
#16151 = CARTESIAN_POINT('',(-10.05000019073,18.35000038147,
    9.199999809265));
#16152 = DIRECTION('',(0.,0.,1.));
#16153 = DIRECTION('',(1.,0.,-0.));
#16154 = ADVANCED_FACE('',(#16155),#16166,.T.);
#16155 = FACE_BOUND('',#16156,.T.);
#16156 = EDGE_LOOP('',(#16157,#16158,#16159,#16165));
#16157 = ORIENTED_EDGE('',*,*,#5595,.F.);
#16158 = ORIENTED_EDGE('',*,*,#16105,.F.);
#16159 = ORIENTED_EDGE('',*,*,#16160,.F.);
#16160 = EDGE_CURVE('',#5559,#16106,#16161,.T.);
#16161 = LINE('',#16162,#16163);
#16162 = CARTESIAN_POINT('',(9.300000190735,12.,9.199999809265));
#16163 = VECTOR('',#16164,1.);
#16164 = DIRECTION('',(0.,1.,0.));
#16165 = ORIENTED_EDGE('',*,*,#5556,.F.);
#16166 = PLANE('',#16167);
#16167 = AXIS2_PLACEMENT_3D('',#16168,#16169,#16170);
#16168 = CARTESIAN_POINT('',(10.050000190735,18.35000038147,
    9.199999809265));
#16169 = DIRECTION('',(0.,0.,1.));
#16170 = DIRECTION('',(1.,0.,-0.));
#16171 = ADVANCED_FACE('',(#16172),#16178,.T.);
#16172 = FACE_BOUND('',#16173,.T.);
#16173 = EDGE_LOOP('',(#16174,#16175,#16176,#16177));
#16174 = ORIENTED_EDGE('',*,*,#16115,.F.);
#16175 = ORIENTED_EDGE('',*,*,#3237,.F.);
#16176 = ORIENTED_EDGE('',*,*,#5566,.F.);
#16177 = ORIENTED_EDGE('',*,*,#16160,.T.);
#16178 = PLANE('',#16179);
#16179 = AXIS2_PLACEMENT_3D('',#16180,#16181,#16182);
#16180 = CARTESIAN_POINT('',(9.300000190735,18.35000038147,
    6.699999809265));
#16181 = DIRECTION('',(-1.,-0.,-0.));
#16182 = DIRECTION('',(0.,0.,-1.));
#16183 = ADVANCED_FACE('',(#16184),#16195,.T.);
#16184 = FACE_BOUND('',#16185,.T.);
#16185 = EDGE_LOOP('',(#16186,#16192,#16193,#16194));
#16186 = ORIENTED_EDGE('',*,*,#16187,.T.);
#16187 = EDGE_CURVE('',#5638,#5667,#16188,.T.);
#16188 = LINE('',#16189,#16190);
#16189 = CARTESIAN_POINT('',(-6.,25.,8.199999809265));
#16190 = VECTOR('',#16191,1.);
#16191 = DIRECTION('',(1.,0.,0.));
#16192 = ORIENTED_EDGE('',*,*,#5666,.F.);
#16193 = ORIENTED_EDGE('',*,*,#3279,.F.);
#16194 = ORIENTED_EDGE('',*,*,#5645,.T.);
#16195 = PLANE('',#16196);
#16196 = AXIS2_PLACEMENT_3D('',#16197,#16198,#16199);
#16197 = CARTESIAN_POINT('',(0.,25.,6.199999809265));
#16198 = DIRECTION('',(0.,1.,0.));
#16199 = DIRECTION('',(0.,-0.,1.));
#16200 = ADVANCED_FACE('',(#16201),#16228,.T.);
#16201 = FACE_BOUND('',#16202,.T.);
#16202 = EDGE_LOOP('',(#16203,#16204,#16205,#16213,#16221,#16227));
#16203 = ORIENTED_EDGE('',*,*,#3261,.F.);
#16204 = ORIENTED_EDGE('',*,*,#5682,.F.);
#16205 = ORIENTED_EDGE('',*,*,#16206,.T.);
#16206 = EDGE_CURVE('',#5675,#16207,#16209,.T.);
#16207 = VERTEX_POINT('',#16208);
#16208 = CARTESIAN_POINT('',(-2.400000095367,23.5,8.199999809265));
#16209 = LINE('',#16210,#16211);
#16210 = CARTESIAN_POINT('',(6.,23.5,8.199999809265));
#16211 = VECTOR('',#16212,1.);
#16212 = DIRECTION('',(-1.,0.,0.));
#16213 = ORIENTED_EDGE('',*,*,#16214,.T.);
#16214 = EDGE_CURVE('',#16207,#16215,#16217,.T.);
#16215 = VERTEX_POINT('',#16216);
#16216 = CARTESIAN_POINT('',(-2.400000095367,23.5,6.75));
#16217 = LINE('',#16218,#16219);
#16218 = CARTESIAN_POINT('',(-2.400000095367,23.5,8.199999809265));
#16219 = VECTOR('',#16220,1.);
#16220 = DIRECTION('',(0.,0.,-1.));
#16221 = ORIENTED_EDGE('',*,*,#16222,.T.);
#16222 = EDGE_CURVE('',#16215,#5612,#16223,.T.);
#16223 = LINE('',#16224,#16225);
#16224 = CARTESIAN_POINT('',(-2.400000095367,23.5,6.75));
#16225 = VECTOR('',#16226,1.);
#16226 = DIRECTION('',(-1.,0.,0.));
#16227 = ORIENTED_EDGE('',*,*,#5652,.T.);
#16228 = PLANE('',#16229);
#16229 = AXIS2_PLACEMENT_3D('',#16230,#16231,#16232);
#16230 = CARTESIAN_POINT('',(0.163124974221,23.5,6.036874835044));
#16231 = DIRECTION('',(-0.,-1.,-0.));
#16232 = DIRECTION('',(0.,0.,-1.));
#16233 = ADVANCED_FACE('',(#16234),#16246,.T.);
#16234 = FACE_BOUND('',#16235,.T.);
#16235 = EDGE_LOOP('',(#16236,#16237,#16238,#16239,#16240));
#16236 = ORIENTED_EDGE('',*,*,#16206,.F.);
#16237 = ORIENTED_EDGE('',*,*,#5674,.F.);
#16238 = ORIENTED_EDGE('',*,*,#16187,.F.);
#16239 = ORIENTED_EDGE('',*,*,#5637,.F.);
#16240 = ORIENTED_EDGE('',*,*,#16241,.T.);
#16241 = EDGE_CURVE('',#5630,#16207,#16242,.T.);
#16242 = LINE('',#16243,#16244);
#16243 = CARTESIAN_POINT('',(-6.,23.5,8.199999809265));
#16244 = VECTOR('',#16245,1.);
#16245 = DIRECTION('',(1.,0.,0.));
#16246 = PLANE('',#16247);
#16247 = AXIS2_PLACEMENT_3D('',#16248,#16249,#16250);
#16248 = CARTESIAN_POINT('',(0.,24.25,8.199999809265));
#16249 = DIRECTION('',(0.,0.,1.));
#16250 = DIRECTION('',(1.,0.,-0.));
#16251 = ADVANCED_FACE('',(#16252),#16277,.T.);
#16252 = FACE_BOUND('',#16253,.T.);
#16253 = EDGE_LOOP('',(#16254,#16262,#16263,#16271));
#16254 = ORIENTED_EDGE('',*,*,#16255,.T.);
#16255 = EDGE_CURVE('',#16256,#5622,#16258,.T.);
#16256 = VERTEX_POINT('',#16257);
#16257 = CARTESIAN_POINT('',(-2.400000095367,22.200000762939,7.5));
#16258 = LINE('',#16259,#16260);
#16259 = CARTESIAN_POINT('',(-2.400000095367,22.200000762939,7.5));
#16260 = VECTOR('',#16261,1.);
#16261 = DIRECTION('',(-1.,0.,0.));
#16262 = ORIENTED_EDGE('',*,*,#5621,.F.);
#16263 = ORIENTED_EDGE('',*,*,#16264,.T.);
#16264 = EDGE_CURVE('',#5614,#16265,#16267,.T.);
#16265 = VERTEX_POINT('',#16266);
#16266 = CARTESIAN_POINT('',(-2.400000095367,22.200000762939,6.75));
#16267 = LINE('',#16268,#16269);
#16268 = CARTESIAN_POINT('',(-6.,22.200000762939,6.75));
#16269 = VECTOR('',#16270,1.);
#16270 = DIRECTION('',(1.,0.,0.));
#16271 = ORIENTED_EDGE('',*,*,#16272,.T.);
#16272 = EDGE_CURVE('',#16265,#16256,#16273,.T.);
#16273 = LINE('',#16274,#16275);
#16274 = CARTESIAN_POINT('',(-2.400000095367,22.200000762939,6.75));
#16275 = VECTOR('',#16276,1.);
#16276 = DIRECTION('',(0.,0.,1.));
#16277 = PLANE('',#16278);
#16278 = AXIS2_PLACEMENT_3D('',#16279,#16280,#16281);
#16279 = CARTESIAN_POINT('',(-4.200000047684,22.200000762939,7.125));
#16280 = DIRECTION('',(-0.,-1.,-0.));
#16281 = DIRECTION('',(0.,0.,-1.));
#16282 = ADVANCED_FACE('',(#16283),#16294,.T.);
#16283 = FACE_BOUND('',#16284,.T.);
#16284 = EDGE_LOOP('',(#16285,#16291,#16292,#16293));
#16285 = ORIENTED_EDGE('',*,*,#16286,.T.);
#16286 = EDGE_CURVE('',#16215,#16265,#16287,.T.);
#16287 = LINE('',#16288,#16289);
#16288 = CARTESIAN_POINT('',(-2.400000095367,23.5,6.75));
#16289 = VECTOR('',#16290,1.);
#16290 = DIRECTION('',(0.,-1.,0.));
#16291 = ORIENTED_EDGE('',*,*,#16264,.F.);
#16292 = ORIENTED_EDGE('',*,*,#5611,.F.);
#16293 = ORIENTED_EDGE('',*,*,#16222,.F.);
#16294 = PLANE('',#16295);
#16295 = AXIS2_PLACEMENT_3D('',#16296,#16297,#16298);
#16296 = CARTESIAN_POINT('',(-4.200000047684,22.85000038147,6.75));
#16297 = DIRECTION('',(-0.,-0.,-1.));
#16298 = DIRECTION('',(-1.,0.,0.));
#16299 = ADVANCED_FACE('',(#16300),#16311,.T.);
#16300 = FACE_BOUND('',#16301,.T.);
#16301 = EDGE_LOOP('',(#16302,#16308,#16309,#16310));
#16302 = ORIENTED_EDGE('',*,*,#16303,.T.);
#16303 = EDGE_CURVE('',#16256,#16207,#16304,.T.);
#16304 = LINE('',#16305,#16306);
#16305 = CARTESIAN_POINT('',(-2.400000095367,22.200000762939,7.5));
#16306 = VECTOR('',#16307,1.);
#16307 = DIRECTION('',(0.,0.880471037701,0.474099938588));
#16308 = ORIENTED_EDGE('',*,*,#16241,.F.);
#16309 = ORIENTED_EDGE('',*,*,#5629,.F.);
#16310 = ORIENTED_EDGE('',*,*,#16255,.F.);
#16311 = PLANE('',#16312);
#16312 = AXIS2_PLACEMENT_3D('',#16313,#16314,#16315);
#16313 = CARTESIAN_POINT('',(-4.200000047684,22.85000038147,
    7.849999904633));
#16314 = DIRECTION('',(0.,-0.474099938588,0.880471037701));
#16315 = DIRECTION('',(0.,0.880471037701,0.474099938588));
#16316 = ADVANCED_FACE('',(#16317),#16323,.T.);
#16317 = FACE_BOUND('',#16318,.T.);
#16318 = EDGE_LOOP('',(#16319,#16320,#16321,#16322));
#16319 = ORIENTED_EDGE('',*,*,#16214,.F.);
#16320 = ORIENTED_EDGE('',*,*,#16303,.F.);
#16321 = ORIENTED_EDGE('',*,*,#16272,.F.);
#16322 = ORIENTED_EDGE('',*,*,#16286,.F.);
#16323 = PLANE('',#16324);
#16324 = AXIS2_PLACEMENT_3D('',#16325,#16326,#16327);
#16325 = CARTESIAN_POINT('',(-2.400000095367,22.941430379186,
    7.344120529014));
#16326 = DIRECTION('',(1.,0.,0.));
#16327 = DIRECTION('',(-0.,0.,1.));
#16328 = ADVANCED_FACE('',(#16329),#16345,.T.);
#16329 = FACE_BOUND('',#16330,.T.);
#16330 = EDGE_LOOP('',(#16331,#16332,#16338,#16339));
#16331 = ORIENTED_EDGE('',*,*,#3867,.F.);
#16332 = ORIENTED_EDGE('',*,*,#16333,.T.);
#16333 = EDGE_CURVE('',#3860,#9677,#16334,.T.);
#16334 = LINE('',#16335,#16336);
#16335 = CARTESIAN_POINT('',(-21.07900047302,4.983729839325,
    4.199999809265));
#16336 = VECTOR('',#16337,1.);
#16337 = DIRECTION('',(0.,0.,-1.));
#16338 = ORIENTED_EDGE('',*,*,#9721,.T.);
#16339 = ORIENTED_EDGE('',*,*,#16340,.T.);
#16340 = EDGE_CURVE('',#9545,#3868,#16341,.T.);
#16341 = LINE('',#16342,#16343);
#16342 = CARTESIAN_POINT('',(-21.21529960632,4.937479972839,
    1.200000047684));
#16343 = VECTOR('',#16344,1.);
#16344 = DIRECTION('',(0.,0.,1.));
#16345 = PLANE('',#16346);
#16346 = AXIS2_PLACEMENT_3D('',#16347,#16348,#16349);
#16347 = CARTESIAN_POINT('',(-21.14715003967,4.960604906082,
    2.699999928474));
#16348 = DIRECTION('',(-0.321330722431,0.946967035763,0.));
#16349 = DIRECTION('',(0.946967035763,0.321330722431,0.));
#16350 = ADVANCED_FACE('',(#16351),#16367,.T.);
#16351 = FACE_BOUND('',#16352,.T.);
#16352 = EDGE_LOOP('',(#16353,#16354,#16360,#16361));
#16353 = ORIENTED_EDGE('',*,*,#3731,.F.);
#16354 = ORIENTED_EDGE('',*,*,#16355,.T.);
#16355 = EDGE_CURVE('',#3724,#10748,#16356,.T.);
#16356 = LINE('',#16357,#16358);
#16357 = CARTESIAN_POINT('',(-20.95000076293,6.95263004303,
    4.199999809265));
#16358 = VECTOR('',#16359,1.);
#16359 = DIRECTION('',(0.,0.,-1.));
#16360 = ORIENTED_EDGE('',*,*,#10756,.T.);
#16361 = ORIENTED_EDGE('',*,*,#16362,.T.);
#16362 = EDGE_CURVE('',#10680,#3732,#16363,.T.);
#16363 = LINE('',#16364,#16365);
#16364 = CARTESIAN_POINT('',(-20.83040046691,6.872690200806,
    1.200000047684));
#16365 = VECTOR('',#16366,1.);
#16366 = DIRECTION('',(0.,0.,1.));
#16367 = PLANE('',#16368);
#16368 = AXIS2_PLACEMENT_3D('',#16369,#16370,#16371);
#16369 = CARTESIAN_POINT('',(-20.89020061492,6.912660121918,
    2.699999928474));
#16370 = DIRECTION('',(-0.555692675145,-0.831387786048,-0.));
#16371 = DIRECTION('',(-0.831387786048,0.555692675145,0.));
#16372 = ADVANCED_FACE('',(#16373),#16384,.T.);
#16373 = FACE_BOUND('',#16374,.T.);
#16374 = EDGE_LOOP('',(#16375,#16376,#16377,#16378));
#16375 = ORIENTED_EDGE('',*,*,#3843,.F.);
#16376 = ORIENTED_EDGE('',*,*,#11804,.T.);
#16377 = ORIENTED_EDGE('',*,*,#10487,.T.);
#16378 = ORIENTED_EDGE('',*,*,#16379,.T.);
#16379 = EDGE_CURVE('',#9760,#3844,#16380,.T.);
#16380 = LINE('',#16381,#16382);
#16381 = CARTESIAN_POINT('',(-20.83040046691,5.127309799194,
    1.200000047684));
#16382 = VECTOR('',#16383,1.);
#16383 = DIRECTION('',(0.,0.,1.));
#16384 = PLANE('',#16385);
#16385 = AXIS2_PLACEMENT_3D('',#16386,#16387,#16388);
#16386 = CARTESIAN_POINT('',(-20.77630043029,5.174744844437,
    2.699999928474));
#16387 = DIRECTION('',(-0.659271856838,0.751904660699,0.));
#16388 = DIRECTION('',(0.751904660699,0.659271856838,0.));
#16389 = ADVANCED_FACE('',(#16390),#16406,.T.);
#16390 = FACE_BOUND('',#16391,.T.);
#16391 = EDGE_LOOP('',(#16392,#16393,#16399,#16400));
#16392 = ORIENTED_EDGE('',*,*,#3681,.F.);
#16393 = ORIENTED_EDGE('',*,*,#16394,.T.);
#16394 = EDGE_CURVE('',#3682,#8886,#16395,.T.);
#16395 = LINE('',#16396,#16397);
#16396 = CARTESIAN_POINT('',(-21.78470039367,7.062520027161,
    4.199999809265));
#16397 = VECTOR('',#16398,1.);
#16398 = DIRECTION('',(0.,0.,-1.));
#16399 = ORIENTED_EDGE('',*,*,#9390,.T.);
#16400 = ORIENTED_EDGE('',*,*,#16401,.T.);
#16401 = EDGE_CURVE('',#9383,#3684,#16402,.T.);
#16402 = LINE('',#16403,#16404);
#16403 = CARTESIAN_POINT('',(-21.64360046386,7.090590000153,
    1.200000047684));
#16404 = VECTOR('',#16405,1.);
#16405 = DIRECTION('',(0.,0.,1.));
#16406 = PLANE('',#16407);
#16407 = AXIS2_PLACEMENT_3D('',#16408,#16409,#16410);
#16408 = CARTESIAN_POINT('',(-21.71415042877,7.076555013657,
    2.699999928474));
#16409 = DIRECTION('',(0.19511340289,-0.98078068905,-0.));
#16410 = DIRECTION('',(-0.98078068905,-0.19511340289,0.));
#16411 = ADVANCED_FACE('',(#16412),#16428,.T.);
#16412 = FACE_BOUND('',#16413,.T.);
#16413 = EDGE_LOOP('',(#16414,#16420,#16421,#16427));
#16414 = ORIENTED_EDGE('',*,*,#16415,.T.);
#16415 = EDGE_CURVE('',#11499,#3964,#16416,.T.);
#16416 = LINE('',#16417,#16418);
#16417 = CARTESIAN_POINT('',(-22.5625,5.71530008316,1.200000047684));
#16418 = VECTOR('',#16419,1.);
#16419 = DIRECTION('',(0.,0.,1.));
#16420 = ORIENTED_EDGE('',*,*,#3963,.F.);
#16421 = ORIENTED_EDGE('',*,*,#16422,.T.);
#16422 = EDGE_CURVE('',#3956,#11445,#16423,.T.);
#16423 = LINE('',#16424,#16425);
#16424 = CARTESIAN_POINT('',(-22.51630020141,5.579050064087,
    4.199999809265));
#16425 = VECTOR('',#16426,1.);
#16426 = DIRECTION('',(0.,0.,-1.));
#16427 = ORIENTED_EDGE('',*,*,#11506,.T.);
#16428 = PLANE('',#16429);
#16429 = AXIS2_PLACEMENT_3D('',#16430,#16431,#16432);
#16430 = CARTESIAN_POINT('',(-22.5394001007,5.647175073624,
    2.699999928474));
#16431 = DIRECTION('',(0.947037659646,0.321122517447,0.));
#16432 = DIRECTION('',(-0.321122517447,0.947037659646,0.));
#16433 = ADVANCED_FACE('',(#16434),#16450,.T.);
#16434 = FACE_BOUND('',#16435,.T.);
#16435 = EDGE_LOOP('',(#16436,#16437,#16443,#16444));
#16436 = ORIENTED_EDGE('',*,*,#3883,.F.);
#16437 = ORIENTED_EDGE('',*,*,#16438,.T.);
#16438 = EDGE_CURVE('',#3876,#9576,#16439,.T.);
#16439 = LINE('',#16440,#16441);
#16440 = CARTESIAN_POINT('',(-21.35639953613,4.909409999847,
    4.199999809265));
#16441 = VECTOR('',#16442,1.);
#16442 = DIRECTION('',(0.,0.,-1.));
#16443 = ORIENTED_EDGE('',*,*,#9813,.T.);
#16444 = ORIENTED_EDGE('',*,*,#16445,.T.);
#16445 = EDGE_CURVE('',#9806,#3884,#16446,.T.);
#16446 = LINE('',#16447,#16448);
#16447 = CARTESIAN_POINT('',(-21.5,4.900000095367,1.200000047684));
#16448 = VECTOR('',#16449,1.);
#16449 = DIRECTION('',(0.,0.,1.));
#16450 = PLANE('',#16451);
#16451 = AXIS2_PLACEMENT_3D('',#16452,#16453,#16454);
#16452 = CARTESIAN_POINT('',(-21.42819976806,4.904705047607,
    2.699999928474));
#16453 = DIRECTION('',(-6.538813417835E-02,0.997859905953,0.));
#16454 = DIRECTION('',(0.997859905953,6.538813417835E-02,0.));
#16455 = ADVANCED_FACE('',(#16456),#16472,.T.);
#16456 = FACE_BOUND('',#16457,.T.);
#16457 = EDGE_LOOP('',(#16458,#16459,#16465,#16466));
#16458 = ORIENTED_EDGE('',*,*,#3907,.F.);
#16459 = ORIENTED_EDGE('',*,*,#16460,.T.);
#16460 = EDGE_CURVE('',#3900,#10969,#16461,.T.);
#16461 = LINE('',#16462,#16463);
#16462 = CARTESIAN_POINT('',(-21.78470039367,4.937479972839,
    4.199999809265));
#16463 = VECTOR('',#16464,1.);
#16464 = DIRECTION('',(0.,0.,-1.));
#16465 = ORIENTED_EDGE('',*,*,#11079,.T.);
#16466 = ORIENTED_EDGE('',*,*,#16467,.T.);
#16467 = EDGE_CURVE('',#11072,#3908,#16468,.T.);
#16468 = LINE('',#16469,#16470);
#16469 = CARTESIAN_POINT('',(-21.92099952697,4.983729839325,
    1.200000047684));
#16470 = VECTOR('',#16471,1.);
#16471 = DIRECTION('',(0.,0.,1.));
#16472 = PLANE('',#16473);
#16473 = AXIS2_PLACEMENT_3D('',#16474,#16475,#16476);
#16474 = CARTESIAN_POINT('',(-21.85284996032,4.960604906082,
    2.699999928474));
#16475 = DIRECTION('',(0.321330722431,0.946967035763,0.));
#16476 = DIRECTION('',(0.946967035763,-0.321330722431,0.));
#16477 = ADVANCED_FACE('',(#16478),#16494,.T.);
#16478 = FACE_BOUND('',#16479,.T.);
#16479 = EDGE_LOOP('',(#16480,#16486,#16487,#16493));
#16480 = ORIENTED_EDGE('',*,*,#16481,.T.);
#16481 = EDGE_CURVE('',#11659,#3988,#16482,.T.);
#16482 = LINE('',#16483,#16484);
#16483 = CARTESIAN_POINT('',(-22.59059906005,6.143579959869,
    1.200000047684));
#16484 = VECTOR('',#16485,1.);
#16485 = DIRECTION('',(0.,0.,1.));
#16486 = ORIENTED_EDGE('',*,*,#3987,.F.);
#16487 = ORIENTED_EDGE('',*,*,#16488,.T.);
#16488 = EDGE_CURVE('',#3980,#11025,#16489,.T.);
#16489 = LINE('',#16490,#16491);
#16490 = CARTESIAN_POINT('',(-22.60000038147,6.,4.199999809265));
#16491 = VECTOR('',#16492,1.);
#16492 = DIRECTION('',(0.,0.,-1.));
#16493 = ORIENTED_EDGE('',*,*,#11666,.T.);
#16494 = PLANE('',#16495);
#16495 = AXIS2_PLACEMENT_3D('',#16496,#16497,#16498);
#16496 = CARTESIAN_POINT('',(-22.59529972076,6.071789979935,
    2.699999928474));
#16497 = DIRECTION('',(0.997863187559,-6.533803574754E-02,0.));
#16498 = DIRECTION('',(6.533803574754E-02,0.997863187559,0.));
#16499 = ADVANCED_FACE('',(#16500),#16511,.T.);
#16500 = FACE_BOUND('',#16501,.T.);
#16501 = EDGE_LOOP('',(#16502,#16503,#16504,#16505));
#16502 = ORIENTED_EDGE('',*,*,#3691,.F.);
#16503 = ORIENTED_EDGE('',*,*,#16401,.F.);
#16504 = ORIENTED_EDGE('',*,*,#9436,.T.);
#16505 = ORIENTED_EDGE('',*,*,#16506,.T.);
#16506 = EDGE_CURVE('',#9429,#3692,#16507,.T.);
#16507 = LINE('',#16508,#16509);
#16508 = CARTESIAN_POINT('',(-21.5,7.099999904633,1.200000047684));
#16509 = VECTOR('',#16510,1.);
#16510 = DIRECTION('',(0.,0.,1.));
#16511 = PLANE('',#16512);
#16512 = AXIS2_PLACEMENT_3D('',#16513,#16514,#16515);
#16513 = CARTESIAN_POINT('',(-21.57180023193,7.095294952393,
    2.699999928474));
#16514 = DIRECTION('',(6.538813417835E-02,-0.997859905953,-0.));
#16515 = DIRECTION('',(-0.997859905953,-6.538813417835E-02,0.));
#16516 = ADVANCED_FACE('',(#16517),#16533,.T.);
#16517 = FACE_BOUND('',#16518,.T.);
#16518 = EDGE_LOOP('',(#16519,#16525,#16526,#16532));
#16519 = ORIENTED_EDGE('',*,*,#16520,.T.);
#16520 = EDGE_CURVE('',#9221,#4004,#16521,.T.);
#16521 = LINE('',#16522,#16523);
#16522 = CARTESIAN_POINT('',(-22.51630020141,6.420949935913,
    1.200000047684));
#16523 = VECTOR('',#16524,1.);
#16524 = DIRECTION('',(0.,0.,1.));
#16525 = ORIENTED_EDGE('',*,*,#4003,.F.);
#16526 = ORIENTED_EDGE('',*,*,#16527,.T.);
#16527 = EDGE_CURVE('',#3996,#9291,#16528,.T.);
#16528 = LINE('',#16529,#16530);
#16529 = CARTESIAN_POINT('',(-22.5625,6.28469991684,4.199999809265));
#16530 = VECTOR('',#16531,1.);
#16531 = DIRECTION('',(0.,0.,-1.));
#16532 = ORIENTED_EDGE('',*,*,#9290,.T.);
#16533 = PLANE('',#16534);
#16534 = AXIS2_PLACEMENT_3D('',#16535,#16536,#16537);
#16535 = CARTESIAN_POINT('',(-22.5394001007,6.352824926376,
    2.699999928474));
#16536 = DIRECTION('',(0.947037659646,-0.321122517447,0.));
#16537 = DIRECTION('',(0.321122517447,0.947037659646,0.));
#16538 = ADVANCED_FACE('',(#16539),#16545,.T.);
#16539 = FACE_BOUND('',#16540,.T.);
#16540 = EDGE_LOOP('',(#16541,#16542,#16543,#16544));
#16541 = ORIENTED_EDGE('',*,*,#16527,.F.);
#16542 = ORIENTED_EDGE('',*,*,#3995,.F.);
#16543 = ORIENTED_EDGE('',*,*,#16481,.F.);
#16544 = ORIENTED_EDGE('',*,*,#11726,.T.);
#16545 = PLANE('',#16546);
#16546 = AXIS2_PLACEMENT_3D('',#16547,#16548,#16549);
#16547 = CARTESIAN_POINT('',(-22.57654953002,6.214139938354,
    2.699999928474));
#16548 = DIRECTION('',(0.980747289641,-0.195281217381,0.));
#16549 = DIRECTION('',(0.195281217381,0.980747289641,0.));
#16550 = ADVANCED_FACE('',(#16551),#16557,.T.);
#16551 = FACE_BOUND('',#16552,.T.);
#16552 = EDGE_LOOP('',(#16553,#16554,#16555,#16556));
#16553 = ORIENTED_EDGE('',*,*,#3875,.F.);
#16554 = ORIENTED_EDGE('',*,*,#16340,.F.);
#16555 = ORIENTED_EDGE('',*,*,#9583,.T.);
#16556 = ORIENTED_EDGE('',*,*,#16438,.F.);
#16557 = PLANE('',#16558);
#16558 = AXIS2_PLACEMENT_3D('',#16559,#16560,#16561);
#16559 = CARTESIAN_POINT('',(-21.28584957122,4.923444986343,
    2.699999928474));
#16560 = DIRECTION('',(-0.19511340289,0.98078068905,0.));
#16561 = DIRECTION('',(0.98078068905,0.19511340289,0.));
#16562 = ADVANCED_FACE('',(#16563),#16579,.T.);
#16563 = FACE_BOUND('',#16564,.T.);
#16564 = EDGE_LOOP('',(#16565,#16571,#16572,#16578));
#16565 = ORIENTED_EDGE('',*,*,#16566,.T.);
#16566 = EDGE_CURVE('',#9037,#4028,#16567,.T.);
#16567 = LINE('',#16568,#16569);
#16568 = CARTESIAN_POINT('',(-22.27779960632,6.777820110321,
    1.200000047684));
#16569 = VECTOR('',#16570,1.);
#16570 = DIRECTION('',(0.,0.,1.));
#16571 = ORIENTED_EDGE('',*,*,#4027,.F.);
#16572 = ORIENTED_EDGE('',*,*,#16573,.T.);
#16573 = EDGE_CURVE('',#4020,#9091,#16574,.T.);
#16574 = LINE('',#16575,#16576);
#16575 = CARTESIAN_POINT('',(-22.37269973754,6.66964006424,
    4.199999809265));
#16576 = VECTOR('',#16577,1.);
#16577 = DIRECTION('',(0.,0.,-1.));
#16578 = ORIENTED_EDGE('',*,*,#9090,.T.);
#16579 = PLANE('',#16580);
#16580 = AXIS2_PLACEMENT_3D('',#16581,#16582,#16583);
#16581 = CARTESIAN_POINT('',(-22.32524967193,6.72373008728,
    2.699999928474));
#16582 = DIRECTION('',(0.751740668852,-0.659458843897,0.));
#16583 = DIRECTION('',(0.659458843897,0.751740668852,0.));
#16584 = ADVANCED_FACE('',(#16585),#16601,.T.);
#16585 = FACE_BOUND('',#16586,.T.);
#16586 = EDGE_LOOP('',(#16587,#16588,#16594,#16595));
#16587 = ORIENTED_EDGE('',*,*,#3931,.F.);
#16588 = ORIENTED_EDGE('',*,*,#16589,.T.);
#16589 = EDGE_CURVE('',#3924,#11193,#16590,.T.);
#16590 = LINE('',#16591,#16592);
#16591 = CARTESIAN_POINT('',(-22.16959953308,5.127309799194,
    4.199999809265));
#16592 = VECTOR('',#16593,1.);
#16593 = DIRECTION('',(0.,0.,-1.));
#16594 = ORIENTED_EDGE('',*,*,#11247,.T.);
#16595 = ORIENTED_EDGE('',*,*,#16596,.T.);
#16596 = EDGE_CURVE('',#11240,#3932,#16597,.T.);
#16597 = LINE('',#16598,#16599);
#16598 = CARTESIAN_POINT('',(-22.27779960632,5.222179889679,
    1.200000047684));
#16599 = VECTOR('',#16600,1.);
#16600 = DIRECTION('',(0.,0.,1.));
#16601 = PLANE('',#16602);
#16602 = AXIS2_PLACEMENT_3D('',#16603,#16604,#16605);
#16603 = CARTESIAN_POINT('',(-22.2236995697,5.174744844437,
    2.699999928474));
#16604 = DIRECTION('',(0.659271856838,0.751904660699,0.));
#16605 = DIRECTION('',(0.751904660699,-0.659271856838,0.));
#16606 = ADVANCED_FACE('',(#16607),#16618,.T.);
#16607 = FACE_BOUND('',#16608,.T.);
#16608 = EDGE_LOOP('',(#16609,#16610,#16611,#16617));
#16609 = ORIENTED_EDGE('',*,*,#16422,.F.);
#16610 = ORIENTED_EDGE('',*,*,#3955,.F.);
#16611 = ORIENTED_EDGE('',*,*,#16612,.T.);
#16612 = EDGE_CURVE('',#3948,#11378,#16613,.T.);
#16613 = LINE('',#16614,#16615);
#16614 = CARTESIAN_POINT('',(-22.45260047912,5.449999809265,
    4.199999809265));
#16615 = VECTOR('',#16616,1.);
#16616 = DIRECTION('',(0.,0.,-1.));
#16617 = ORIENTED_EDGE('',*,*,#11452,.T.);
#16618 = PLANE('',#16619);
#16619 = AXIS2_PLACEMENT_3D('',#16620,#16621,#16622);
#16620 = CARTESIAN_POINT('',(-22.48445034027,5.514524936676,
    2.699999928474));
#16621 = DIRECTION('',(0.8967095632,0.442619429381,0.));
#16622 = DIRECTION('',(-0.442619429381,0.8967095632,0.));
#16623 = ADVANCED_FACE('',(#16624),#16635,.T.);
#16624 = FACE_BOUND('',#16625,.T.);
#16625 = EDGE_LOOP('',(#16626,#16627,#16628,#16634));
#16626 = ORIENTED_EDGE('',*,*,#11848,.F.);
#16627 = ORIENTED_EDGE('',*,*,#10541,.T.);
#16628 = ORIENTED_EDGE('',*,*,#16629,.T.);
#16629 = EDGE_CURVE('',#9976,#3756,#16630,.T.);
#16630 = LINE('',#16631,#16632);
#16631 = CARTESIAN_POINT('',(-20.54739952087,6.550000190735,
    1.200000047684));
#16632 = VECTOR('',#16633,1.);
#16633 = DIRECTION('',(0.,0.,1.));
#16634 = ORIENTED_EDGE('',*,*,#3755,.F.);
#16635 = PLANE('',#16636);
#16636 = AXIS2_PLACEMENT_3D('',#16637,#16638,#16639);
#16637 = CARTESIAN_POINT('',(-20.58734989166,6.609820127487,
    2.699999928474));
#16638 = DIRECTION('',(-0.831598237256,-0.555377683916,-0.));
#16639 = DIRECTION('',(0.555377683916,-0.831598237256,0.));
#16640 = ADVANCED_FACE('',(#16641),#16652,.T.);
#16641 = FACE_BOUND('',#16642,.T.);
#16642 = EDGE_LOOP('',(#16643,#16649,#16650,#16651));
#16643 = ORIENTED_EDGE('',*,*,#16644,.T.);
#16644 = EDGE_CURVE('',#11315,#3940,#16645,.T.);
#16645 = LINE('',#16646,#16647);
#16646 = CARTESIAN_POINT('',(-22.37269973754,5.33035993576,
    1.200000047684));
#16647 = VECTOR('',#16648,1.);
#16648 = DIRECTION('',(0.,0.,1.));
#16649 = ORIENTED_EDGE('',*,*,#3939,.F.);
#16650 = ORIENTED_EDGE('',*,*,#16596,.F.);
#16651 = ORIENTED_EDGE('',*,*,#11322,.T.);
#16652 = PLANE('',#16653);
#16653 = AXIS2_PLACEMENT_3D('',#16654,#16655,#16656);
#16654 = CARTESIAN_POINT('',(-22.32524967193,5.27626991272,
    2.699999928474));
#16655 = DIRECTION('',(0.751740668852,0.659458843897,0.));
#16656 = DIRECTION('',(-0.659458843897,0.751740668852,0.));
#16657 = ADVANCED_FACE('',(#16658),#16664,.T.);
#16658 = FACE_BOUND('',#16659,.T.);
#16659 = EDGE_LOOP('',(#16660,#16661,#16662,#16663));
#16660 = ORIENTED_EDGE('',*,*,#3739,.F.);
#16661 = ORIENTED_EDGE('',*,*,#16362,.F.);
#16662 = ORIENTED_EDGE('',*,*,#10679,.T.);
#16663 = ORIENTED_EDGE('',*,*,#11841,.F.);
#16664 = PLANE('',#16665);
#16665 = AXIS2_PLACEMENT_3D('',#16666,#16667,#16668);
#16666 = CARTESIAN_POINT('',(-20.77630043029,6.825255155563,
    2.699999928474));
#16667 = DIRECTION('',(-0.659271856838,-0.751904660699,-0.));
#16668 = DIRECTION('',(-0.751904660699,0.659271856838,0.));
#16669 = ADVANCED_FACE('',(#16670),#16681,.T.);
#16670 = FACE_BOUND('',#16671,.T.);
#16671 = EDGE_LOOP('',(#16672,#16673,#16674,#16680));
#16672 = ORIENTED_EDGE('',*,*,#16573,.F.);
#16673 = ORIENTED_EDGE('',*,*,#4019,.F.);
#16674 = ORIENTED_EDGE('',*,*,#16675,.T.);
#16675 = EDGE_CURVE('',#4012,#9175,#16676,.T.);
#16676 = LINE('',#16677,#16678);
#16677 = CARTESIAN_POINT('',(-22.45260047912,6.550000190735,
    4.199999809265));
#16678 = VECTOR('',#16679,1.);
#16679 = DIRECTION('',(0.,0.,-1.));
#16680 = ORIENTED_EDGE('',*,*,#9183,.T.);
#16681 = PLANE('',#16682);
#16682 = AXIS2_PLACEMENT_3D('',#16683,#16684,#16685);
#16683 = CARTESIAN_POINT('',(-22.41265010833,6.609820127487,
    2.699999928474));
#16684 = DIRECTION('',(0.831598237256,-0.555377683916,0.));
#16685 = DIRECTION('',(0.555377683916,0.831598237256,0.));
#16686 = ADVANCED_FACE('',(#16687),#16698,.T.);
#16687 = FACE_BOUND('',#16688,.T.);
#16688 = EDGE_LOOP('',(#16689,#16690,#16696,#16697));
#16689 = ORIENTED_EDGE('',*,*,#3899,.F.);
#16690 = ORIENTED_EDGE('',*,*,#16691,.T.);
#16691 = EDGE_CURVE('',#3892,#10923,#16692,.T.);
#16692 = LINE('',#16693,#16694);
#16693 = CARTESIAN_POINT('',(-21.64360046386,4.909409999847,
    4.199999809265));
#16694 = VECTOR('',#16695,1.);
#16695 = DIRECTION('',(0.,0.,-1.));
#16696 = ORIENTED_EDGE('',*,*,#10976,.T.);
#16697 = ORIENTED_EDGE('',*,*,#16460,.F.);
#16698 = PLANE('',#16699);
#16699 = AXIS2_PLACEMENT_3D('',#16700,#16701,#16702);
#16700 = CARTESIAN_POINT('',(-21.71415042877,4.923444986343,
    2.699999928474));
#16701 = DIRECTION('',(0.19511340289,0.98078068905,0.));
#16702 = DIRECTION('',(0.98078068905,-0.19511340289,0.));
#16703 = ADVANCED_FACE('',(#16704),#16715,.T.);
#16704 = FACE_BOUND('',#16705,.T.);
#16705 = EDGE_LOOP('',(#16706,#16707,#16713,#16714));
#16706 = ORIENTED_EDGE('',*,*,#3859,.F.);
#16707 = ORIENTED_EDGE('',*,*,#16708,.T.);
#16708 = EDGE_CURVE('',#3852,#9646,#16709,.T.);
#16709 = LINE('',#16710,#16711);
#16710 = CARTESIAN_POINT('',(-20.95000076293,5.04736995697,
    4.199999809265));
#16711 = VECTOR('',#16712,1.);
#16712 = DIRECTION('',(0.,0.,-1.));
#16713 = ORIENTED_EDGE('',*,*,#9684,.T.);
#16714 = ORIENTED_EDGE('',*,*,#16333,.F.);
#16715 = PLANE('',#16716);
#16716 = AXIS2_PLACEMENT_3D('',#16717,#16718,#16719);
#16717 = CARTESIAN_POINT('',(-21.01450061798,5.015549898148,
    2.699999928474));
#16718 = DIRECTION('',(-0.442425693956,0.896805165756,0.));
#16719 = DIRECTION('',(0.896805165756,0.442425693956,0.));
#16720 = ADVANCED_FACE('',(#16721),#16727,.T.);
#16721 = FACE_BOUND('',#16722,.T.);
#16722 = EDGE_LOOP('',(#16723,#16724,#16725,#16726));
#16723 = ORIENTED_EDGE('',*,*,#3891,.F.);
#16724 = ORIENTED_EDGE('',*,*,#16445,.F.);
#16725 = ORIENTED_EDGE('',*,*,#10930,.T.);
#16726 = ORIENTED_EDGE('',*,*,#16691,.F.);
#16727 = PLANE('',#16728);
#16728 = AXIS2_PLACEMENT_3D('',#16729,#16730,#16731);
#16729 = CARTESIAN_POINT('',(-21.57180023193,4.904705047607,
    2.699999928474));
#16730 = DIRECTION('',(6.538813417835E-02,0.997859905953,0.));
#16731 = DIRECTION('',(0.997859905953,-6.538813417835E-02,0.));
#16732 = ADVANCED_FACE('',(#16733),#16744,.T.);
#16733 = FACE_BOUND('',#16734,.T.);
#16734 = EDGE_LOOP('',(#16735,#16736,#16737,#16738));
#16735 = ORIENTED_EDGE('',*,*,#3699,.F.);
#16736 = ORIENTED_EDGE('',*,*,#16506,.F.);
#16737 = ORIENTED_EDGE('',*,*,#9458,.T.);
#16738 = ORIENTED_EDGE('',*,*,#16739,.T.);
#16739 = EDGE_CURVE('',#9451,#3700,#16740,.T.);
#16740 = LINE('',#16741,#16742);
#16741 = CARTESIAN_POINT('',(-21.35639953613,7.090590000153,
    1.200000047684));
#16742 = VECTOR('',#16743,1.);
#16743 = DIRECTION('',(0.,0.,1.));
#16744 = PLANE('',#16745);
#16745 = AXIS2_PLACEMENT_3D('',#16746,#16747,#16748);
#16746 = CARTESIAN_POINT('',(-21.42819976806,7.095294952393,
    2.699999928474));
#16747 = DIRECTION('',(-6.538813417835E-02,-0.997859905953,-0.));
#16748 = DIRECTION('',(-0.997859905953,6.538813417835E-02,0.));
#16749 = ADVANCED_FACE('',(#16750),#16756,.T.);
#16750 = FACE_BOUND('',#16751,.T.);
#16751 = EDGE_LOOP('',(#16752,#16753,#16754,#16755));
#16752 = ORIENTED_EDGE('',*,*,#3851,.F.);
#16753 = ORIENTED_EDGE('',*,*,#16379,.F.);
#16754 = ORIENTED_EDGE('',*,*,#9759,.T.);
#16755 = ORIENTED_EDGE('',*,*,#16708,.F.);
#16756 = PLANE('',#16757);
#16757 = AXIS2_PLACEMENT_3D('',#16758,#16759,#16760);
#16758 = CARTESIAN_POINT('',(-20.89020061492,5.087339878082,
    2.699999928474));
#16759 = DIRECTION('',(-0.555692675145,0.831387786048,0.));
#16760 = DIRECTION('',(0.831387786048,0.555692675145,0.));
#16761 = ADVANCED_FACE('',(#16762),#16768,.T.);
#16762 = FACE_BOUND('',#16763,.T.);
#16763 = EDGE_LOOP('',(#16764,#16765,#16766,#16767));
#16764 = ORIENTED_EDGE('',*,*,#16675,.F.);
#16765 = ORIENTED_EDGE('',*,*,#4011,.F.);
#16766 = ORIENTED_EDGE('',*,*,#16520,.F.);
#16767 = ORIENTED_EDGE('',*,*,#9229,.T.);
#16768 = PLANE('',#16769);
#16769 = AXIS2_PLACEMENT_3D('',#16770,#16771,#16772);
#16770 = CARTESIAN_POINT('',(-22.48445034027,6.485475063324,
    2.699999928474));
#16771 = DIRECTION('',(0.8967095632,-0.442619429381,0.));
#16772 = DIRECTION('',(0.442619429381,0.8967095632,0.));
#16773 = ADVANCED_FACE('',(#16774),#16785,.T.);
#16774 = FACE_BOUND('',#16775,.T.);
#16775 = EDGE_LOOP('',(#16776,#16777,#16778,#16779));
#16776 = ORIENTED_EDGE('',*,*,#4035,.F.);
#16777 = ORIENTED_EDGE('',*,*,#16566,.F.);
#16778 = ORIENTED_EDGE('',*,*,#9045,.T.);
#16779 = ORIENTED_EDGE('',*,*,#16780,.T.);
#16780 = EDGE_CURVE('',#8808,#4036,#16781,.T.);
#16781 = LINE('',#16782,#16783);
#16782 = CARTESIAN_POINT('',(-22.16959953308,6.872690200806,
    1.200000047684));
#16783 = VECTOR('',#16784,1.);
#16784 = DIRECTION('',(0.,0.,1.));
#16785 = PLANE('',#16786);
#16786 = AXIS2_PLACEMENT_3D('',#16787,#16788,#16789);
#16787 = CARTESIAN_POINT('',(-22.2236995697,6.825255155563,
    2.699999928474));
#16788 = DIRECTION('',(0.659271856838,-0.751904660699,-0.));
#16789 = DIRECTION('',(-0.751904660699,-0.659271856838,0.));
#16790 = ADVANCED_FACE('',(#16791),#16802,.T.);
#16791 = FACE_BOUND('',#16792,.T.);
#16792 = EDGE_LOOP('',(#16793,#16799,#16800,#16801));
#16793 = ORIENTED_EDGE('',*,*,#16794,.T.);
#16794 = EDGE_CURVE('',#11015,#3972,#16795,.T.);
#16795 = LINE('',#16796,#16797);
#16796 = CARTESIAN_POINT('',(-22.59059906005,5.856420040131,
    1.200000047684));
#16797 = VECTOR('',#16798,1.);
#16798 = DIRECTION('',(0.,0.,1.));
#16799 = ORIENTED_EDGE('',*,*,#3971,.F.);
#16800 = ORIENTED_EDGE('',*,*,#16415,.F.);
#16801 = ORIENTED_EDGE('',*,*,#11566,.T.);
#16802 = PLANE('',#16803);
#16803 = AXIS2_PLACEMENT_3D('',#16804,#16805,#16806);
#16804 = CARTESIAN_POINT('',(-22.57654953002,5.785860061646,
    2.699999928474));
#16805 = DIRECTION('',(0.980747289641,0.195281217381,0.));
#16806 = DIRECTION('',(-0.195281217381,0.980747289641,0.));
#16807 = ADVANCED_FACE('',(#16808),#16819,.T.);
#16808 = FACE_BOUND('',#16809,.T.);
#16809 = EDGE_LOOP('',(#16810,#16811,#16812,#16813));
#16810 = ORIENTED_EDGE('',*,*,#3707,.F.);
#16811 = ORIENTED_EDGE('',*,*,#16739,.F.);
#16812 = ORIENTED_EDGE('',*,*,#9504,.T.);
#16813 = ORIENTED_EDGE('',*,*,#16814,.T.);
#16814 = EDGE_CURVE('',#9497,#3708,#16815,.T.);
#16815 = LINE('',#16816,#16817);
#16816 = CARTESIAN_POINT('',(-21.21529960632,7.062520027161,
    1.200000047684));
#16817 = VECTOR('',#16818,1.);
#16818 = DIRECTION('',(0.,0.,1.));
#16819 = PLANE('',#16820);
#16820 = AXIS2_PLACEMENT_3D('',#16821,#16822,#16823);
#16821 = CARTESIAN_POINT('',(-21.28584957122,7.076555013657,
    2.699999928474));
#16822 = DIRECTION('',(-0.19511340289,-0.98078068905,-0.));
#16823 = DIRECTION('',(-0.98078068905,0.19511340289,0.));
#16824 = ADVANCED_FACE('',(#16825),#16831,.T.);
#16825 = FACE_BOUND('',#16826,.T.);
#16826 = EDGE_LOOP('',(#16827,#16828,#16829,#16830));
#16827 = ORIENTED_EDGE('',*,*,#16629,.F.);
#16828 = ORIENTED_EDGE('',*,*,#9975,.T.);
#16829 = ORIENTED_EDGE('',*,*,#11763,.F.);
#16830 = ORIENTED_EDGE('',*,*,#3763,.F.);
#16831 = PLANE('',#16832);
#16832 = AXIS2_PLACEMENT_3D('',#16833,#16834,#16835);
#16833 = CARTESIAN_POINT('',(-20.51554965972,6.485475063324,
    2.699999928474));
#16834 = DIRECTION('',(-0.8967095632,-0.442619429381,-0.));
#16835 = DIRECTION('',(0.442619429381,-0.8967095632,0.));
#16836 = ADVANCED_FACE('',(#16837),#16843,.T.);
#16837 = FACE_BOUND('',#16838,.T.);
#16838 = EDGE_LOOP('',(#16839,#16840,#16841,#16842));
#16839 = ORIENTED_EDGE('',*,*,#11770,.F.);
#16840 = ORIENTED_EDGE('',*,*,#10029,.T.);
#16841 = ORIENTED_EDGE('',*,*,#11819,.F.);
#16842 = ORIENTED_EDGE('',*,*,#3779,.F.);
#16843 = PLANE('',#16844);
#16844 = AXIS2_PLACEMENT_3D('',#16845,#16846,#16847);
#16845 = CARTESIAN_POINT('',(-20.42345046997,6.214139938354,
    2.699999928474));
#16846 = DIRECTION('',(-0.980747289641,-0.195281217381,-0.));
#16847 = DIRECTION('',(0.195281217381,-0.980747289641,0.));
#16848 = ADVANCED_FACE('',(#16849),#16860,.T.);
#16849 = FACE_BOUND('',#16850,.T.);
#16850 = EDGE_LOOP('',(#16851,#16852,#16858,#16859));
#16851 = ORIENTED_EDGE('',*,*,#3923,.F.);
#16852 = ORIENTED_EDGE('',*,*,#16853,.T.);
#16853 = EDGE_CURVE('',#3916,#11123,#16854,.T.);
#16854 = LINE('',#16855,#16856);
#16855 = CARTESIAN_POINT('',(-22.04999923706,5.04736995697,
    4.199999809265));
#16856 = VECTOR('',#16857,1.);
#16857 = DIRECTION('',(0.,0.,-1.));
#16858 = ORIENTED_EDGE('',*,*,#11200,.T.);
#16859 = ORIENTED_EDGE('',*,*,#16589,.F.);
#16860 = PLANE('',#16861);
#16861 = AXIS2_PLACEMENT_3D('',#16862,#16863,#16864);
#16862 = CARTESIAN_POINT('',(-22.10979938507,5.087339878082,
    2.699999928474));
#16863 = DIRECTION('',(0.555692675145,0.831387786048,0.));
#16864 = DIRECTION('',(0.831387786048,-0.555692675145,0.));
#16865 = ADVANCED_FACE('',(#16866),#16872,.T.);
#16866 = FACE_BOUND('',#16867,.T.);
#16867 = EDGE_LOOP('',(#16868,#16869,#16870,#16871));
#16868 = ORIENTED_EDGE('',*,*,#11882,.F.);
#16869 = ORIENTED_EDGE('',*,*,#10191,.T.);
#16870 = ORIENTED_EDGE('',*,*,#11741,.F.);
#16871 = ORIENTED_EDGE('',*,*,#3811,.F.);
#16872 = PLANE('',#16873);
#16873 = AXIS2_PLACEMENT_3D('',#16874,#16875,#16876);
#16874 = CARTESIAN_POINT('',(-20.46059989929,5.647175073624,
    2.699999928474));
#16875 = DIRECTION('',(-0.947037659646,0.321122517447,-0.));
#16876 = DIRECTION('',(-0.321122517447,-0.947037659646,0.));
#16877 = ADVANCED_FACE('',(#16878),#16889,.T.);
#16878 = FACE_BOUND('',#16879,.T.);
#16879 = EDGE_LOOP('',(#16880,#16881,#16882,#16883));
#16880 = ORIENTED_EDGE('',*,*,#3715,.F.);
#16881 = ORIENTED_EDGE('',*,*,#16814,.F.);
#16882 = ORIENTED_EDGE('',*,*,#10847,.T.);
#16883 = ORIENTED_EDGE('',*,*,#16884,.T.);
#16884 = EDGE_CURVE('',#10818,#3716,#16885,.T.);
#16885 = LINE('',#16886,#16887);
#16886 = CARTESIAN_POINT('',(-21.07900047302,7.016270160675,
    1.200000047684));
#16887 = VECTOR('',#16888,1.);
#16888 = DIRECTION('',(0.,0.,1.));
#16889 = PLANE('',#16890);
#16890 = AXIS2_PLACEMENT_3D('',#16891,#16892,#16893);
#16891 = CARTESIAN_POINT('',(-21.14715003967,7.039395093918,
    2.699999928474));
#16892 = DIRECTION('',(-0.321330722431,-0.946967035763,-0.));
#16893 = DIRECTION('',(-0.946967035763,0.321330722431,0.));
#16894 = ADVANCED_FACE('',(#16895),#16901,.T.);
#16895 = FACE_BOUND('',#16896,.T.);
#16896 = EDGE_LOOP('',(#16897,#16898,#16899,#16900));
#16897 = ORIENTED_EDGE('',*,*,#3723,.F.);
#16898 = ORIENTED_EDGE('',*,*,#16884,.F.);
#16899 = ORIENTED_EDGE('',*,*,#10817,.T.);
#16900 = ORIENTED_EDGE('',*,*,#16355,.F.);
#16901 = PLANE('',#16902);
#16902 = AXIS2_PLACEMENT_3D('',#16903,#16904,#16905);
#16903 = CARTESIAN_POINT('',(-21.01450061798,6.984450101852,
    2.699999928474));
#16904 = DIRECTION('',(-0.442425693956,-0.896805165756,-0.));
#16905 = DIRECTION('',(-0.896805165756,0.442425693956,0.));
#16906 = ADVANCED_FACE('',(#16907),#16913,.T.);
#16907 = FACE_BOUND('',#16908,.T.);
#16908 = EDGE_LOOP('',(#16909,#16910,#16911,#16912));
#16909 = ORIENTED_EDGE('',*,*,#16488,.F.);
#16910 = ORIENTED_EDGE('',*,*,#3979,.F.);
#16911 = ORIENTED_EDGE('',*,*,#16794,.F.);
#16912 = ORIENTED_EDGE('',*,*,#11032,.T.);
#16913 = PLANE('',#16914);
#16914 = AXIS2_PLACEMENT_3D('',#16915,#16916,#16917);
#16915 = CARTESIAN_POINT('',(-22.59529972076,5.928210020065,
    2.699999928474));
#16916 = DIRECTION('',(0.997863187559,6.533803574754E-02,0.));
#16917 = DIRECTION('',(-6.533803574754E-02,0.997863187559,0.));
#16918 = ADVANCED_FACE('',(#16919),#16930,.T.);
#16919 = FACE_BOUND('',#16920,.T.);
#16920 = EDGE_LOOP('',(#16921,#16922,#16928,#16929));
#16921 = ORIENTED_EDGE('',*,*,#4059,.F.);
#16922 = ORIENTED_EDGE('',*,*,#16923,.T.);
#16923 = EDGE_CURVE('',#4052,#8855,#16924,.T.);
#16924 = LINE('',#16925,#16926);
#16925 = CARTESIAN_POINT('',(-21.92099952697,7.016270160675,
    4.199999809265));
#16926 = VECTOR('',#16927,1.);
#16927 = DIRECTION('',(0.,0.,-1.));
#16928 = ORIENTED_EDGE('',*,*,#8893,.T.);
#16929 = ORIENTED_EDGE('',*,*,#16394,.F.);
#16930 = PLANE('',#16931);
#16931 = AXIS2_PLACEMENT_3D('',#16932,#16933,#16934);
#16932 = CARTESIAN_POINT('',(-21.85284996032,7.039395093918,
    2.699999928474));
#16933 = DIRECTION('',(0.321330722431,-0.946967035763,-0.));
#16934 = DIRECTION('',(-0.946967035763,-0.321330722431,0.));
#16935 = ADVANCED_FACE('',(#16936),#16942,.T.);
#16936 = FACE_BOUND('',#16937,.T.);
#16937 = EDGE_LOOP('',(#16938,#16939,#16940,#16941));
#16938 = ORIENTED_EDGE('',*,*,#3915,.F.);
#16939 = ORIENTED_EDGE('',*,*,#16467,.F.);
#16940 = ORIENTED_EDGE('',*,*,#11130,.T.);
#16941 = ORIENTED_EDGE('',*,*,#16853,.F.);
#16942 = PLANE('',#16943);
#16943 = AXIS2_PLACEMENT_3D('',#16944,#16945,#16946);
#16944 = CARTESIAN_POINT('',(-21.98549938201,5.015549898148,
    2.699999928474));
#16945 = DIRECTION('',(0.442425693956,0.896805165756,0.));
#16946 = DIRECTION('',(0.896805165756,-0.442425693956,0.));
#16947 = ADVANCED_FACE('',(#16948),#16954,.T.);
#16948 = FACE_BOUND('',#16949,.T.);
#16949 = EDGE_LOOP('',(#16950,#16951,#16952,#16953));
#16950 = ORIENTED_EDGE('',*,*,#16612,.F.);
#16951 = ORIENTED_EDGE('',*,*,#3947,.F.);
#16952 = ORIENTED_EDGE('',*,*,#16644,.F.);
#16953 = ORIENTED_EDGE('',*,*,#11385,.T.);
#16954 = PLANE('',#16955);
#16955 = AXIS2_PLACEMENT_3D('',#16956,#16957,#16958);
#16956 = CARTESIAN_POINT('',(-22.41265010833,5.390179872513,
    2.699999928474));
#16957 = DIRECTION('',(0.831598237256,0.555377683916,0.));
#16958 = DIRECTION('',(-0.555377683916,0.831598237256,0.));
#16959 = ADVANCED_FACE('',(#16960),#16971,.T.);
#16960 = FACE_BOUND('',#16961,.T.);
#16961 = EDGE_LOOP('',(#16962,#16963,#16969,#16970));
#16962 = ORIENTED_EDGE('',*,*,#4051,.F.);
#16963 = ORIENTED_EDGE('',*,*,#16964,.T.);
#16964 = EDGE_CURVE('',#4044,#8800,#16965,.T.);
#16965 = LINE('',#16966,#16967);
#16966 = CARTESIAN_POINT('',(-22.04999923706,6.95263004303,
    4.199999809265));
#16967 = VECTOR('',#16968,1.);
#16968 = DIRECTION('',(0.,0.,-1.));
#16969 = ORIENTED_EDGE('',*,*,#8960,.T.);
#16970 = ORIENTED_EDGE('',*,*,#16923,.F.);
#16971 = PLANE('',#16972);
#16972 = AXIS2_PLACEMENT_3D('',#16973,#16974,#16975);
#16973 = CARTESIAN_POINT('',(-21.98549938201,6.984450101852,
    2.699999928474));
#16974 = DIRECTION('',(0.442425693956,-0.896805165756,-0.));
#16975 = DIRECTION('',(-0.896805165756,-0.442425693956,0.));
#16976 = ADVANCED_FACE('',(#16977),#16983,.T.);
#16977 = FACE_BOUND('',#16978,.T.);
#16978 = EDGE_LOOP('',(#16979,#16980,#16981,#16982));
#16979 = ORIENTED_EDGE('',*,*,#4043,.F.);
#16980 = ORIENTED_EDGE('',*,*,#16780,.F.);
#16981 = ORIENTED_EDGE('',*,*,#8807,.T.);
#16982 = ORIENTED_EDGE('',*,*,#16964,.F.);
#16983 = PLANE('',#16984);
#16984 = AXIS2_PLACEMENT_3D('',#16985,#16986,#16987);
#16985 = CARTESIAN_POINT('',(-22.10979938507,6.912660121918,
    2.699999928474));
#16986 = DIRECTION('',(0.555692675145,-0.831387786048,-0.));
#16987 = DIRECTION('',(-0.831387786048,-0.555692675145,0.));
#16988 = ADVANCED_FACE('',(#16989),#16998,.F.);
#16989 = FACE_BOUND('',#16990,.F.);
#16990 = EDGE_LOOP('',(#16991,#16997));
#16991 = ORIENTED_EDGE('',*,*,#16992,.F.);
#16992 = EDGE_CURVE('',#1283,#1291,#16993,.T.);
#16993 = LINE('',#16994,#16995);
#16994 = CARTESIAN_POINT('',(-19.375,5.430600166321,1.907349940211E-07)
  );
#16995 = VECTOR('',#16996,1.);
#16996 = DIRECTION('',(0.19528759241,0.980746020257,0.));
#16997 = ORIENTED_EDGE('',*,*,#1290,.T.);
#16998 = PLANE('',#16999);
#16999 = AXIS2_PLACEMENT_3D('',#17000,#17001,#17002);
#17000 = CARTESIAN_POINT('',(-19.34689999557,5.571720076525,
    9.536749701056E-08));
#17001 = DIRECTION('',(0.980746020257,-0.19528759241,0.));
#17002 = DIRECTION('',(0.19528759241,0.980746020257,0.));
#17003 = ADVANCED_FACE('',(#17004),#17013,.F.);
#17004 = FACE_BOUND('',#17005,.F.);
#17005 = EDGE_LOOP('',(#17006,#17012));
#17006 = ORIENTED_EDGE('',*,*,#17007,.F.);
#17007 = EDGE_CURVE('',#1291,#1299,#17008,.T.);
#17008 = LINE('',#17009,#17010);
#17009 = CARTESIAN_POINT('',(-19.31879997253,5.712840080261,
    1.907349940211E-07));
#17010 = VECTOR('',#17011,1.);
#17011 = DIRECTION('',(6.533143611819E-02,0.997863619667,0.));
#17012 = ORIENTED_EDGE('',*,*,#1298,.T.);
#17013 = PLANE('',#17014);
#17014 = AXIS2_PLACEMENT_3D('',#17015,#17016,#17017);
#17015 = CARTESIAN_POINT('',(-19.30939960791,5.856419992549,
    9.536749701056E-08));
#17016 = DIRECTION('',(0.997863619667,-6.533143611819E-02,0.));
#17017 = DIRECTION('',(6.533143611819E-02,0.997863619667,0.));
#17018 = ADVANCED_FACE('',(#17019),#17028,.F.);
#17019 = FACE_BOUND('',#17020,.F.);
#17020 = EDGE_LOOP('',(#17021,#17027));
#17021 = ORIENTED_EDGE('',*,*,#17022,.F.);
#17022 = EDGE_CURVE('',#1275,#1283,#17023,.T.);
#17023 = LINE('',#17024,#17025);
#17024 = CARTESIAN_POINT('',(-19.46750068664,5.158100128174,
    1.907349940211E-07));
#17025 = VECTOR('',#17026,1.);
#17026 = DIRECTION('',(0.32143755884,0.94693077665,0.));
#17027 = ORIENTED_EDGE('',*,*,#1282,.T.);
#17028 = PLANE('',#17029);
#17029 = AXIS2_PLACEMENT_3D('',#17030,#17031,#17032);
#17030 = CARTESIAN_POINT('',(-19.42125035865,5.294350102094,
    9.536749701056E-08));
#17031 = DIRECTION('',(0.94693077665,-0.32143755884,0.));
#17032 = DIRECTION('',(0.32143755884,0.94693077665,0.));
#17033 = ADVANCED_FACE('',(#17034),#17043,.F.);
#17034 = FACE_BOUND('',#17035,.F.);
#17035 = EDGE_LOOP('',(#17036,#17042));
#17036 = ORIENTED_EDGE('',*,*,#17037,.F.);
#17037 = EDGE_CURVE('',#1267,#1275,#17038,.T.);
#17038 = LINE('',#17039,#17040);
#17039 = CARTESIAN_POINT('',(-19.59469985961,4.900000095367,
    1.907349940211E-07));
#17040 = VECTOR('',#17041,1.);
#17041 = DIRECTION('',(0.44206034628,0.896985312169,0.));
#17042 = ORIENTED_EDGE('',*,*,#1274,.T.);
#17043 = PLANE('',#17044);
#17044 = AXIS2_PLACEMENT_3D('',#17045,#17046,#17047);
#17045 = CARTESIAN_POINT('',(-19.53110029421,5.029050068999,
    9.536749701056E-08));
#17046 = DIRECTION('',(0.896985312169,-0.44206034628,0.));
#17047 = DIRECTION('',(0.44206034628,0.896985312169,0.));
#17048 = ADVANCED_FACE('',(#17049),#17058,.F.);
#17049 = FACE_BOUND('',#17050,.F.);
#17050 = EDGE_LOOP('',(#17051,#17057));
#17051 = ORIENTED_EDGE('',*,*,#17052,.F.);
#17052 = EDGE_CURVE('',#1323,#1331,#17053,.T.);
#17053 = LINE('',#17054,#17055);
#17054 = CARTESIAN_POINT('',(-19.46750068664,6.841899871826,
    1.907349940211E-07));
#17055 = VECTOR('',#17056,1.);
#17056 = DIRECTION('',(-0.44206034628,0.896985312169,0.));
#17057 = ORIENTED_EDGE('',*,*,#1330,.T.);
#17058 = PLANE('',#17059);
#17059 = AXIS2_PLACEMENT_3D('',#17060,#17061,#17062);
#17060 = CARTESIAN_POINT('',(-19.53110025205,6.970949845458,
    9.536749701056E-08));
#17061 = DIRECTION('',(0.896985312169,0.44206034628,0.));
#17062 = DIRECTION('',(-0.44206034628,0.896985312169,0.));
#17063 = ADVANCED_FACE('',(#17064),#17073,.F.);
#17064 = FACE_BOUND('',#17065,.F.);
#17065 = EDGE_LOOP('',(#17066,#17072));
#17066 = ORIENTED_EDGE('',*,*,#17067,.F.);
#17067 = EDGE_CURVE('',#1339,#1347,#17068,.T.);
#17068 = LINE('',#17069,#17070);
#17069 = CARTESIAN_POINT('',(-19.7546005249,7.339270114899,
    1.907349940211E-07));
#17070 = VECTOR('',#17071,1.);
#17071 = DIRECTION('',(-0.659458843897,0.751740668852,0.));
#17072 = ORIENTED_EDGE('',*,*,#1346,.T.);
#17073 = PLANE('',#17074);
#17074 = AXIS2_PLACEMENT_3D('',#17075,#17076,#17077);
#17075 = CARTESIAN_POINT('',(-19.84950062468,7.447450125134,
    9.536749701056E-08));
#17076 = DIRECTION('',(0.751740668852,0.659458843897,0.));
#17077 = DIRECTION('',(-0.659458843897,0.751740668852,0.));
#17078 = ADVANCED_FACE('',(#17079),#17088,.F.);
#17079 = FACE_BOUND('',#17080,.F.);
#17080 = EDGE_LOOP('',(#17081,#17087));
#17081 = ORIENTED_EDGE('',*,*,#17082,.F.);
#17082 = EDGE_CURVE('',#1251,#1259,#17083,.T.);
#17083 = LINE('',#17084,#17085);
#17084 = CARTESIAN_POINT('',(-19.94440078735,4.444369792938,
    1.907349940211E-07));
#17085 = VECTOR('',#17086,1.);
#17086 = DIRECTION('',(0.659458843897,0.751740668852,0.));
#17087 = ORIENTED_EDGE('',*,*,#1258,.T.);
#17088 = PLANE('',#17089);
#17089 = AXIS2_PLACEMENT_3D('',#17090,#17091,#17092);
#17090 = CARTESIAN_POINT('',(-19.84950068757,4.552549803174,
    9.536749701056E-08));
#17091 = DIRECTION('',(0.751740668852,-0.659458843897,0.));
#17092 = DIRECTION('',(0.659458843897,0.751740668852,0.));
#17093 = ADVANCED_FACE('',(#17094),#17103,.F.);
#17094 = FACE_BOUND('',#17095,.F.);
#17095 = EDGE_LOOP('',(#17096,#17102));
#17096 = ORIENTED_EDGE('',*,*,#17097,.F.);
#17097 = EDGE_CURVE('',#1307,#1315,#17098,.T.);
#17098 = LINE('',#17099,#17100);
#17099 = CARTESIAN_POINT('',(-19.31879997253,6.287159919739,
    1.907349940211E-07));
#17100 = VECTOR('',#17101,1.);
#17101 = DIRECTION('',(-0.19528759241,0.980746020257,0.));
#17102 = ORIENTED_EDGE('',*,*,#1314,.T.);
#17103 = PLANE('',#17104);
#17104 = AXIS2_PLACEMENT_3D('',#17105,#17106,#17107);
#17105 = CARTESIAN_POINT('',(-19.34689997695,6.428279829943,
    9.536749701056E-08));
#17106 = DIRECTION('',(0.980746020257,0.19528759241,0.));
#17107 = DIRECTION('',(-0.19528759241,0.980746020257,0.));
#17108 = ADVANCED_FACE('',(#17109),#17118,.F.);
#17109 = FACE_BOUND('',#17110,.F.);
#17110 = EDGE_LOOP('',(#17111,#17117));
#17111 = ORIENTED_EDGE('',*,*,#17112,.F.);
#17112 = EDGE_CURVE('',#1315,#1323,#17113,.T.);
#17113 = LINE('',#17114,#17115);
#17114 = CARTESIAN_POINT('',(-19.375,6.569399833679,1.907349940211E-07)
  );
#17115 = VECTOR('',#17116,1.);
#17116 = DIRECTION('',(-0.32143755884,0.94693077665,0.));
#17117 = ORIENTED_EDGE('',*,*,#1322,.T.);
#17118 = PLANE('',#17119);
#17119 = AXIS2_PLACEMENT_3D('',#17120,#17121,#17122);
#17120 = CARTESIAN_POINT('',(-19.42125032799,6.705649807599,
    9.536749701056E-08));
#17121 = DIRECTION('',(0.94693077665,0.32143755884,0.));
#17122 = DIRECTION('',(-0.32143755884,0.94693077665,0.));
#17123 = ADVANCED_FACE('',(#17124),#17133,.F.);
#17124 = FACE_BOUND('',#17125,.F.);
#17125 = EDGE_LOOP('',(#17126,#17132));
#17126 = ORIENTED_EDGE('',*,*,#17127,.F.);
#17127 = EDGE_CURVE('',#1299,#1307,#17128,.T.);
#17128 = LINE('',#17129,#17130);
#17129 = CARTESIAN_POINT('',(-19.29999923706,6.,1.907349940211E-07));
#17130 = VECTOR('',#17131,1.);
#17131 = DIRECTION('',(-6.533143611819E-02,0.997863619667,0.));
#17132 = ORIENTED_EDGE('',*,*,#1306,.T.);
#17133 = PLANE('',#17134);
#17134 = AXIS2_PLACEMENT_3D('',#17135,#17136,#17137);
#17135 = CARTESIAN_POINT('',(-19.30939960168,6.143579912288,
    9.536749701056E-08));
#17136 = DIRECTION('',(0.997863619667,6.533143611819E-02,0.));
#17137 = DIRECTION('',(-6.533143611819E-02,0.997863619667,0.));
#17138 = ADVANCED_FACE('',(#17139,#17224),#17306,.T.);
#17139 = FACE_BOUND('',#17140,.T.);
#17140 = EDGE_LOOP('',(#17141,#17142,#17143,#17144,#17145,#17151,#17152,
    #17153,#17154,#17155,#17156,#17157,#17158,#17159,#17160,#17161,
    #17162,#17163,#17164,#17165,#17171,#17172,#17173,#17179,#17180,
    #17181,#17187,#17188,#17194,#17195,#17201,#17202,#17203,#17204,
    #17205,#17206,#17207,#17208,#17209,#17210,#17211,#17212,#17213,
    #17214,#17220,#17221,#17222,#17223));
#17141 = ORIENTED_EDGE('',*,*,#17007,.F.);
#17142 = ORIENTED_EDGE('',*,*,#16992,.F.);
#17143 = ORIENTED_EDGE('',*,*,#17022,.F.);
#17144 = ORIENTED_EDGE('',*,*,#17037,.F.);
#17145 = ORIENTED_EDGE('',*,*,#17146,.T.);
#17146 = EDGE_CURVE('',#1267,#1259,#17147,.T.);
#17147 = LINE('',#17148,#17149);
#17148 = CARTESIAN_POINT('',(-19.59469985961,4.900000095367,
    1.907349940211E-07));
#17149 = VECTOR('',#17150,1.);
#17150 = DIRECTION('',(-0.55563130329,-0.831428803208,0.));
#17151 = ORIENTED_EDGE('',*,*,#17082,.F.);
#17152 = ORIENTED_EDGE('',*,*,#1250,.F.);
#17153 = ORIENTED_EDGE('',*,*,#1242,.F.);
#17154 = ORIENTED_EDGE('',*,*,#1234,.F.);
#17155 = ORIENTED_EDGE('',*,*,#1226,.F.);
#17156 = ORIENTED_EDGE('',*,*,#1218,.F.);
#17157 = ORIENTED_EDGE('',*,*,#1210,.F.);
#17158 = ORIENTED_EDGE('',*,*,#1202,.F.);
#17159 = ORIENTED_EDGE('',*,*,#1194,.F.);
#17160 = ORIENTED_EDGE('',*,*,#1186,.F.);
#17161 = ORIENTED_EDGE('',*,*,#1178,.F.);
#17162 = ORIENTED_EDGE('',*,*,#1170,.F.);
#17163 = ORIENTED_EDGE('',*,*,#1162,.F.);
#17164 = ORIENTED_EDGE('',*,*,#13527,.F.);
#17165 = ORIENTED_EDGE('',*,*,#17166,.T.);
#17166 = EDGE_CURVE('',#1147,#1139,#17167,.T.);
#17167 = LINE('',#17168,#17169);
#17168 = CARTESIAN_POINT('',(-23.24539947509,4.660729885101,
    1.907349940211E-07));
#17169 = VECTOR('',#17170,1.);
#17170 = DIRECTION('',(-0.55563130329,0.831428803208,0.));
#17171 = ORIENTED_EDGE('',*,*,#13512,.F.);
#17172 = ORIENTED_EDGE('',*,*,#13497,.F.);
#17173 = ORIENTED_EDGE('',*,*,#17174,.T.);
#17174 = EDGE_CURVE('',#1123,#1115,#17175,.T.);
#17175 = LINE('',#17176,#17177);
#17176 = CARTESIAN_POINT('',(-23.625,5.430600166321,1.907349940211E-07)
  );
#17177 = VECTOR('',#17178,1.);
#17178 = DIRECTION('',(-0.19528759241,0.980746020257,0.));
#17179 = ORIENTED_EDGE('',*,*,#13482,.F.);
#17180 = ORIENTED_EDGE('',*,*,#13467,.F.);
#17181 = ORIENTED_EDGE('',*,*,#17182,.T.);
#17182 = EDGE_CURVE('',#1099,#1091,#17183,.T.);
#17183 = LINE('',#17184,#17185);
#17184 = CARTESIAN_POINT('',(-23.68120002746,6.287159919739,
    1.907349940211E-07));
#17185 = VECTOR('',#17186,1.);
#17186 = DIRECTION('',(0.19528759241,0.980746020257,0.));
#17187 = ORIENTED_EDGE('',*,*,#13452,.F.);
#17188 = ORIENTED_EDGE('',*,*,#17189,.T.);
#17189 = EDGE_CURVE('',#1083,#1075,#17190,.T.);
#17190 = LINE('',#17191,#17192);
#17191 = CARTESIAN_POINT('',(-23.53249931335,6.841899871826,
    1.907349940211E-07));
#17192 = VECTOR('',#17193,1.);
#17193 = DIRECTION('',(0.44206034628,0.896985312169,0.));
#17194 = ORIENTED_EDGE('',*,*,#13437,.F.);
#17195 = ORIENTED_EDGE('',*,*,#17196,.T.);
#17196 = EDGE_CURVE('',#1067,#1059,#17197,.T.);
#17197 = LINE('',#17198,#17199);
#17198 = CARTESIAN_POINT('',(-23.24539947509,7.339270114899,
    1.907349940211E-07));
#17199 = VECTOR('',#17200,1.);
#17200 = DIRECTION('',(0.659458843897,0.751740668852,0.));
#17201 = ORIENTED_EDGE('',*,*,#1058,.F.);
#17202 = ORIENTED_EDGE('',*,*,#1050,.F.);
#17203 = ORIENTED_EDGE('',*,*,#1042,.F.);
#17204 = ORIENTED_EDGE('',*,*,#1034,.F.);
#17205 = ORIENTED_EDGE('',*,*,#1026,.F.);
#17206 = ORIENTED_EDGE('',*,*,#1018,.F.);
#17207 = ORIENTED_EDGE('',*,*,#1010,.F.);
#17208 = ORIENTED_EDGE('',*,*,#1000,.F.);
#17209 = ORIENTED_EDGE('',*,*,#1378,.F.);
#17210 = ORIENTED_EDGE('',*,*,#1370,.F.);
#17211 = ORIENTED_EDGE('',*,*,#1362,.F.);
#17212 = ORIENTED_EDGE('',*,*,#1354,.F.);
#17213 = ORIENTED_EDGE('',*,*,#17067,.F.);
#17214 = ORIENTED_EDGE('',*,*,#17215,.T.);
#17215 = EDGE_CURVE('',#1339,#1331,#17216,.T.);
#17216 = LINE('',#17217,#17218);
#17217 = CARTESIAN_POINT('',(-19.7546005249,7.339270114899,
    1.907349940211E-07));
#17218 = VECTOR('',#17219,1.);
#17219 = DIRECTION('',(0.55563130329,-0.831428803208,0.));
#17220 = ORIENTED_EDGE('',*,*,#17052,.F.);
#17221 = ORIENTED_EDGE('',*,*,#17112,.F.);
#17222 = ORIENTED_EDGE('',*,*,#17097,.F.);
#17223 = ORIENTED_EDGE('',*,*,#17127,.F.);
#17224 = FACE_BOUND('',#17225,.T.);
#17225 = EDGE_LOOP('',(#17226,#17227,#17228,#17229,#17230,#17231,#17232,
    #17233,#17234,#17235,#17236,#17237,#17238,#17239,#17240,#17241,
    #17242,#17243,#17244,#17245,#17246,#17247,#17248,#17249,#17250,
    #17251,#17252,#17253,#17254,#17255,#17256,#17257,#17258,#17259,
    #17260,#17261,#17262,#17263,#17264,#17265,#17266,#17267,#17268,
    #17269,#17270,#17271,#17272,#17273,#17274,#17275,#17276,#17277,
    #17278,#17279,#17280,#17281,#17282,#17283,#17284,#17285,#17286,
    #17287,#17288,#17289,#17290,#17291,#17292,#17293,#17294,#17295,
    #17296,#17297,#17298,#17299,#17300,#17301,#17302,#17303,#17304,
    #17305));
#17226 = ORIENTED_EDGE('',*,*,#10113,.F.);
#17227 = ORIENTED_EDGE('',*,*,#10052,.F.);
#17228 = ORIENTED_EDGE('',*,*,#10006,.F.);
#17229 = ORIENTED_EDGE('',*,*,#9905,.F.);
#17230 = ORIENTED_EDGE('',*,*,#9935,.F.);
#17231 = ORIENTED_EDGE('',*,*,#9868,.F.);
#17232 = ORIENTED_EDGE('',*,*,#9959,.F.);
#17233 = ORIENTED_EDGE('',*,*,#10525,.F.);
#17234 = ORIENTED_EDGE('',*,*,#10563,.F.);
#17235 = ORIENTED_EDGE('',*,*,#10586,.F.);
#17236 = ORIENTED_EDGE('',*,*,#10641,.F.);
#17237 = ORIENTED_EDGE('',*,*,#10663,.F.);
#17238 = ORIENTED_EDGE('',*,*,#10701,.F.);
#17239 = ORIENTED_EDGE('',*,*,#10724,.F.);
#17240 = ORIENTED_EDGE('',*,*,#10779,.F.);
#17241 = ORIENTED_EDGE('',*,*,#10801,.F.);
#17242 = ORIENTED_EDGE('',*,*,#10868,.F.);
#17243 = ORIENTED_EDGE('',*,*,#10883,.F.);
#17244 = ORIENTED_EDGE('',*,*,#10906,.F.);
#17245 = ORIENTED_EDGE('',*,*,#9520,.F.);
#17246 = ORIENTED_EDGE('',*,*,#9474,.F.);
#17247 = ORIENTED_EDGE('',*,*,#9413,.F.);
#17248 = ORIENTED_EDGE('',*,*,#9367,.F.);
#17249 = ORIENTED_EDGE('',*,*,#8923,.F.);
#17250 = ORIENTED_EDGE('',*,*,#8939,.F.);
#17251 = ORIENTED_EDGE('',*,*,#8870,.F.);
#17252 = ORIENTED_EDGE('',*,*,#8976,.F.);
#17253 = ORIENTED_EDGE('',*,*,#8830,.F.);
#17254 = ORIENTED_EDGE('',*,*,#8999,.F.);
#17255 = ORIENTED_EDGE('',*,*,#9022,.F.);
#17256 = ORIENTED_EDGE('',*,*,#9068,.F.);
#17257 = ORIENTED_EDGE('',*,*,#9159,.F.);
#17258 = ORIENTED_EDGE('',*,*,#9121,.F.);
#17259 = ORIENTED_EDGE('',*,*,#9144,.F.);
#17260 = ORIENTED_EDGE('',*,*,#9206,.F.);
#17261 = ORIENTED_EDGE('',*,*,#9252,.F.);
#17262 = ORIENTED_EDGE('',*,*,#9274,.F.);
#17263 = ORIENTED_EDGE('',*,*,#9321,.F.);
#17264 = ORIENTED_EDGE('',*,*,#9344,.F.);
#17265 = ORIENTED_EDGE('',*,*,#11710,.F.);
#17266 = ORIENTED_EDGE('',*,*,#11682,.F.);
#17267 = ORIENTED_EDGE('',*,*,#11055,.F.);
#17268 = ORIENTED_EDGE('',*,*,#11589,.F.);
#17269 = ORIENTED_EDGE('',*,*,#11604,.F.);
#17270 = ORIENTED_EDGE('',*,*,#11537,.F.);
#17271 = ORIENTED_EDGE('',*,*,#11522,.F.);
#17272 = ORIENTED_EDGE('',*,*,#11468,.F.);
#17273 = ORIENTED_EDGE('',*,*,#11422,.F.);
#17274 = ORIENTED_EDGE('',*,*,#11406,.F.);
#17275 = ORIENTED_EDGE('',*,*,#11353,.F.);
#17276 = ORIENTED_EDGE('',*,*,#11299,.F.);
#17277 = ORIENTED_EDGE('',*,*,#11268,.F.);
#17278 = ORIENTED_EDGE('',*,*,#11337,.F.);
#17279 = ORIENTED_EDGE('',*,*,#11215,.F.);
#17280 = ORIENTED_EDGE('',*,*,#11177,.F.);
#17281 = ORIENTED_EDGE('',*,*,#11146,.F.);
#17282 = ORIENTED_EDGE('',*,*,#11100,.F.);
#17283 = ORIENTED_EDGE('',*,*,#11627,.F.);
#17284 = ORIENTED_EDGE('',*,*,#11643,.F.);
#17285 = ORIENTED_EDGE('',*,*,#10992,.F.);
#17286 = ORIENTED_EDGE('',*,*,#10946,.F.);
#17287 = ORIENTED_EDGE('',*,*,#9790,.F.);
#17288 = ORIENTED_EDGE('',*,*,#9560,.F.);
#17289 = ORIENTED_EDGE('',*,*,#9597,.F.);
#17290 = ORIENTED_EDGE('',*,*,#9620,.F.);
#17291 = ORIENTED_EDGE('',*,*,#9705,.F.);
#17292 = ORIENTED_EDGE('',*,*,#9661,.F.);
#17293 = ORIENTED_EDGE('',*,*,#9743,.F.);
#17294 = ORIENTED_EDGE('',*,*,#9827,.F.);
#17295 = ORIENTED_EDGE('',*,*,#10501,.F.);
#17296 = ORIENTED_EDGE('',*,*,#10466,.F.);
#17297 = ORIENTED_EDGE('',*,*,#10359,.F.);
#17298 = ORIENTED_EDGE('',*,*,#10402,.F.);
#17299 = ORIENTED_EDGE('',*,*,#10425,.F.);
#17300 = ORIENTED_EDGE('',*,*,#10312,.F.);
#17301 = ORIENTED_EDGE('',*,*,#10266,.F.);
#17302 = ORIENTED_EDGE('',*,*,#10212,.F.);
#17303 = ORIENTED_EDGE('',*,*,#10234,.F.);
#17304 = ORIENTED_EDGE('',*,*,#10441,.F.);
#17305 = ORIENTED_EDGE('',*,*,#10159,.F.);
#17306 = PLANE('',#17307);
#17307 = AXIS2_PLACEMENT_3D('',#17308,#17309,#17310);
#17308 = CARTESIAN_POINT('',(-21.5,5.999999973163,9.536863076508E-08));
#17309 = DIRECTION('',(0.,1.057598518324E-15,-1.));
#17310 = DIRECTION('',(0.,-1.,-1.057598518324E-15));
#17311 = ADVANCED_FACE('',(#17312,#17447),#17529,.T.);
#17312 = FACE_BOUND('',#17313,.T.);
#17313 = EDGE_LOOP('',(#17314,#17320,#17326,#17332,#17338,#17344,#17350,
    #17351,#17352,#17353,#17354,#17355,#17356,#17357,#17358,#17359,
    #17360,#17361,#17362,#17363,#17369,#17370,#17371,#17377,#17378,
    #17379,#17385,#17386,#17392,#17393,#17399,#17400,#17401,#17402,
    #17403,#17404,#17405,#17406,#17407,#17408,#17409,#17410,#17411,
    #17417,#17423,#17429,#17435,#17441));
#17314 = ORIENTED_EDGE('',*,*,#17315,.F.);
#17315 = EDGE_CURVE('',#1653,#1661,#17316,.T.);
#17316 = LINE('',#17317,#17318);
#17317 = CARTESIAN_POINT('',(23.681200027466,5.712840080261,
    1.907349940211E-07));
#17318 = VECTOR('',#17319,1.);
#17319 = DIRECTION('',(6.533143611819E-02,0.997863619667,0.));
#17320 = ORIENTED_EDGE('',*,*,#17321,.F.);
#17321 = EDGE_CURVE('',#1645,#1653,#17322,.T.);
#17322 = LINE('',#17323,#17324);
#17323 = CARTESIAN_POINT('',(23.625,5.430600166321,1.907349940211E-07));
#17324 = VECTOR('',#17325,1.);
#17325 = DIRECTION('',(0.19528759241,0.980746020257,0.));
#17326 = ORIENTED_EDGE('',*,*,#17327,.F.);
#17327 = EDGE_CURVE('',#1637,#1645,#17328,.T.);
#17328 = LINE('',#17329,#17330);
#17329 = CARTESIAN_POINT('',(23.532499313354,5.158100128174,
    1.907349940211E-07));
#17330 = VECTOR('',#17331,1.);
#17331 = DIRECTION('',(0.32143755884,0.94693077665,0.));
#17332 = ORIENTED_EDGE('',*,*,#17333,.F.);
#17333 = EDGE_CURVE('',#1629,#1637,#17334,.T.);
#17334 = LINE('',#17335,#17336);
#17335 = CARTESIAN_POINT('',(23.405300140381,4.900000095367,
    1.907349940211E-07));
#17336 = VECTOR('',#17337,1.);
#17337 = DIRECTION('',(0.44206034628,0.896985312169,0.));
#17338 = ORIENTED_EDGE('',*,*,#17339,.T.);
#17339 = EDGE_CURVE('',#1629,#1621,#17340,.T.);
#17340 = LINE('',#17341,#17342);
#17341 = CARTESIAN_POINT('',(23.405300140381,4.900000095367,
    1.907349940211E-07));
#17342 = VECTOR('',#17343,1.);
#17343 = DIRECTION('',(-0.55563130329,-0.831428803208,0.));
#17344 = ORIENTED_EDGE('',*,*,#17345,.F.);
#17345 = EDGE_CURVE('',#1613,#1621,#17346,.T.);
#17346 = LINE('',#17347,#17348);
#17347 = CARTESIAN_POINT('',(23.055599212646,4.444369792938,
    1.907349940211E-07));
#17348 = VECTOR('',#17349,1.);
#17349 = DIRECTION('',(0.659458843897,0.751740668852,0.));
#17350 = ORIENTED_EDGE('',*,*,#1612,.F.);
#17351 = ORIENTED_EDGE('',*,*,#1604,.F.);
#17352 = ORIENTED_EDGE('',*,*,#1596,.F.);
#17353 = ORIENTED_EDGE('',*,*,#1588,.F.);
#17354 = ORIENTED_EDGE('',*,*,#1580,.F.);
#17355 = ORIENTED_EDGE('',*,*,#1572,.F.);
#17356 = ORIENTED_EDGE('',*,*,#1564,.F.);
#17357 = ORIENTED_EDGE('',*,*,#1556,.F.);
#17358 = ORIENTED_EDGE('',*,*,#1548,.F.);
#17359 = ORIENTED_EDGE('',*,*,#1540,.F.);
#17360 = ORIENTED_EDGE('',*,*,#1532,.F.);
#17361 = ORIENTED_EDGE('',*,*,#1524,.F.);
#17362 = ORIENTED_EDGE('',*,*,#13632,.F.);
#17363 = ORIENTED_EDGE('',*,*,#17364,.T.);
#17364 = EDGE_CURVE('',#1509,#1501,#17365,.T.);
#17365 = LINE('',#17366,#17367);
#17366 = CARTESIAN_POINT('',(19.754600524902,4.660729885101,
    1.907349940211E-07));
#17367 = VECTOR('',#17368,1.);
#17368 = DIRECTION('',(-0.55563130329,0.831428803208,0.));
#17369 = ORIENTED_EDGE('',*,*,#13617,.F.);
#17370 = ORIENTED_EDGE('',*,*,#13602,.F.);
#17371 = ORIENTED_EDGE('',*,*,#17372,.T.);
#17372 = EDGE_CURVE('',#1485,#1477,#17373,.T.);
#17373 = LINE('',#17374,#17375);
#17374 = CARTESIAN_POINT('',(19.375,5.430600166321,1.907349940211E-07));
#17375 = VECTOR('',#17376,1.);
#17376 = DIRECTION('',(-0.19528759241,0.980746020257,0.));
#17377 = ORIENTED_EDGE('',*,*,#13587,.F.);
#17378 = ORIENTED_EDGE('',*,*,#13572,.F.);
#17379 = ORIENTED_EDGE('',*,*,#17380,.T.);
#17380 = EDGE_CURVE('',#1461,#1453,#17381,.T.);
#17381 = LINE('',#17382,#17383);
#17382 = CARTESIAN_POINT('',(19.318799972534,6.287159919739,
    1.907349940211E-07));
#17383 = VECTOR('',#17384,1.);
#17384 = DIRECTION('',(0.19528759241,0.980746020257,0.));
#17385 = ORIENTED_EDGE('',*,*,#13557,.F.);
#17386 = ORIENTED_EDGE('',*,*,#17387,.T.);
#17387 = EDGE_CURVE('',#1445,#1437,#17388,.T.);
#17388 = LINE('',#17389,#17390);
#17389 = CARTESIAN_POINT('',(19.467500686646,6.841899871826,
    1.907349940211E-07));
#17390 = VECTOR('',#17391,1.);
#17391 = DIRECTION('',(0.44206034628,0.896985312169,0.));
#17392 = ORIENTED_EDGE('',*,*,#13542,.F.);
#17393 = ORIENTED_EDGE('',*,*,#17394,.T.);
#17394 = EDGE_CURVE('',#1429,#1421,#17395,.T.);
#17395 = LINE('',#17396,#17397);
#17396 = CARTESIAN_POINT('',(19.754600524902,7.339270114899,
    1.907349940211E-07));
#17397 = VECTOR('',#17398,1.);
#17398 = DIRECTION('',(0.659458843897,0.751740668852,0.));
#17399 = ORIENTED_EDGE('',*,*,#1420,.F.);
#17400 = ORIENTED_EDGE('',*,*,#1412,.F.);
#17401 = ORIENTED_EDGE('',*,*,#1404,.F.);
#17402 = ORIENTED_EDGE('',*,*,#1396,.F.);
#17403 = ORIENTED_EDGE('',*,*,#1386,.F.);
#17404 = ORIENTED_EDGE('',*,*,#1764,.F.);
#17405 = ORIENTED_EDGE('',*,*,#1756,.F.);
#17406 = ORIENTED_EDGE('',*,*,#1748,.F.);
#17407 = ORIENTED_EDGE('',*,*,#1740,.F.);
#17408 = ORIENTED_EDGE('',*,*,#1732,.F.);
#17409 = ORIENTED_EDGE('',*,*,#1724,.F.);
#17410 = ORIENTED_EDGE('',*,*,#1716,.F.);
#17411 = ORIENTED_EDGE('',*,*,#17412,.F.);
#17412 = EDGE_CURVE('',#1701,#1709,#17413,.T.);
#17413 = LINE('',#17414,#17415);
#17414 = CARTESIAN_POINT('',(23.245399475098,7.339270114899,
    1.907349940211E-07));
#17415 = VECTOR('',#17416,1.);
#17416 = DIRECTION('',(-0.659458843897,0.751740668852,0.));
#17417 = ORIENTED_EDGE('',*,*,#17418,.T.);
#17418 = EDGE_CURVE('',#1701,#1693,#17419,.T.);
#17419 = LINE('',#17420,#17421);
#17420 = CARTESIAN_POINT('',(23.245399475098,7.339270114899,
    1.907349940211E-07));
#17421 = VECTOR('',#17422,1.);
#17422 = DIRECTION('',(0.55563130329,-0.831428803208,0.));
#17423 = ORIENTED_EDGE('',*,*,#17424,.F.);
#17424 = EDGE_CURVE('',#1685,#1693,#17425,.T.);
#17425 = LINE('',#17426,#17427);
#17426 = CARTESIAN_POINT('',(23.532499313354,6.841899871826,
    1.907349940211E-07));
#17427 = VECTOR('',#17428,1.);
#17428 = DIRECTION('',(-0.44206034628,0.896985312169,0.));
#17429 = ORIENTED_EDGE('',*,*,#17430,.F.);
#17430 = EDGE_CURVE('',#1677,#1685,#17431,.T.);
#17431 = LINE('',#17432,#17433);
#17432 = CARTESIAN_POINT('',(23.625,6.569399833679,1.907349940211E-07));
#17433 = VECTOR('',#17434,1.);
#17434 = DIRECTION('',(-0.32143755884,0.94693077665,0.));
#17435 = ORIENTED_EDGE('',*,*,#17436,.F.);
#17436 = EDGE_CURVE('',#1669,#1677,#17437,.T.);
#17437 = LINE('',#17438,#17439);
#17438 = CARTESIAN_POINT('',(23.681200027466,6.287159919739,
    1.907349940211E-07));
#17439 = VECTOR('',#17440,1.);
#17440 = DIRECTION('',(-0.19528759241,0.980746020257,0.));
#17441 = ORIENTED_EDGE('',*,*,#17442,.F.);
#17442 = EDGE_CURVE('',#1661,#1669,#17443,.T.);
#17443 = LINE('',#17444,#17445);
#17444 = CARTESIAN_POINT('',(23.700000762939,6.,1.907349940211E-07));
#17445 = VECTOR('',#17446,1.);
#17446 = DIRECTION('',(-6.533143611819E-02,0.997863619667,0.));
#17447 = FACE_BOUND('',#17448,.T.);
#17448 = EDGE_LOOP('',(#17449,#17450,#17451,#17452,#17453,#17454,#17455,
    #17456,#17457,#17458,#17459,#17460,#17461,#17462,#17463,#17464,
    #17465,#17466,#17467,#17468,#17469,#17470,#17471,#17472,#17473,
    #17474,#17475,#17476,#17477,#17478,#17479,#17480,#17481,#17482,
    #17483,#17484,#17485,#17486,#17487,#17488,#17489,#17490,#17491,
    #17492,#17493,#17494,#17495,#17496,#17497,#17498,#17499,#17500,
    #17501,#17502,#17503,#17504,#17505,#17506,#17507,#17508,#17509,
    #17510,#17511,#17512,#17513,#17514,#17515,#17516,#17517,#17518,
    #17519,#17520,#17521,#17522,#17523,#17524,#17525,#17526,#17527,
    #17528));
#17449 = ORIENTED_EDGE('',*,*,#7013,.F.);
#17450 = ORIENTED_EDGE('',*,*,#6952,.F.);
#17451 = ORIENTED_EDGE('',*,*,#6906,.F.);
#17452 = ORIENTED_EDGE('',*,*,#6805,.F.);
#17453 = ORIENTED_EDGE('',*,*,#6835,.F.);
#17454 = ORIENTED_EDGE('',*,*,#6768,.F.);
#17455 = ORIENTED_EDGE('',*,*,#6859,.F.);
#17456 = ORIENTED_EDGE('',*,*,#7425,.F.);
#17457 = ORIENTED_EDGE('',*,*,#7463,.F.);
#17458 = ORIENTED_EDGE('',*,*,#7486,.F.);
#17459 = ORIENTED_EDGE('',*,*,#7541,.F.);
#17460 = ORIENTED_EDGE('',*,*,#7563,.F.);
#17461 = ORIENTED_EDGE('',*,*,#7601,.F.);
#17462 = ORIENTED_EDGE('',*,*,#7624,.F.);
#17463 = ORIENTED_EDGE('',*,*,#7679,.F.);
#17464 = ORIENTED_EDGE('',*,*,#7701,.F.);
#17465 = ORIENTED_EDGE('',*,*,#7768,.F.);
#17466 = ORIENTED_EDGE('',*,*,#7783,.F.);
#17467 = ORIENTED_EDGE('',*,*,#7806,.F.);
#17468 = ORIENTED_EDGE('',*,*,#6420,.F.);
#17469 = ORIENTED_EDGE('',*,*,#6374,.F.);
#17470 = ORIENTED_EDGE('',*,*,#6313,.F.);
#17471 = ORIENTED_EDGE('',*,*,#6267,.F.);
#17472 = ORIENTED_EDGE('',*,*,#5823,.F.);
#17473 = ORIENTED_EDGE('',*,*,#5839,.F.);
#17474 = ORIENTED_EDGE('',*,*,#5770,.F.);
#17475 = ORIENTED_EDGE('',*,*,#5876,.F.);
#17476 = ORIENTED_EDGE('',*,*,#5730,.F.);
#17477 = ORIENTED_EDGE('',*,*,#5899,.F.);
#17478 = ORIENTED_EDGE('',*,*,#5922,.F.);
#17479 = ORIENTED_EDGE('',*,*,#5968,.F.);
#17480 = ORIENTED_EDGE('',*,*,#6059,.F.);
#17481 = ORIENTED_EDGE('',*,*,#6021,.F.);
#17482 = ORIENTED_EDGE('',*,*,#6044,.F.);
#17483 = ORIENTED_EDGE('',*,*,#6106,.F.);
#17484 = ORIENTED_EDGE('',*,*,#6152,.F.);
#17485 = ORIENTED_EDGE('',*,*,#6174,.F.);
#17486 = ORIENTED_EDGE('',*,*,#6221,.F.);
#17487 = ORIENTED_EDGE('',*,*,#6244,.F.);
#17488 = ORIENTED_EDGE('',*,*,#8610,.F.);
#17489 = ORIENTED_EDGE('',*,*,#7947,.F.);
#17490 = ORIENTED_EDGE('',*,*,#8001,.F.);
#17491 = ORIENTED_EDGE('',*,*,#8535,.F.);
#17492 = ORIENTED_EDGE('',*,*,#8550,.F.);
#17493 = ORIENTED_EDGE('',*,*,#8483,.F.);
#17494 = ORIENTED_EDGE('',*,*,#8468,.F.);
#17495 = ORIENTED_EDGE('',*,*,#8414,.F.);
#17496 = ORIENTED_EDGE('',*,*,#8368,.F.);
#17497 = ORIENTED_EDGE('',*,*,#8352,.F.);
#17498 = ORIENTED_EDGE('',*,*,#8299,.F.);
#17499 = ORIENTED_EDGE('',*,*,#8245,.F.);
#17500 = ORIENTED_EDGE('',*,*,#8214,.F.);
#17501 = ORIENTED_EDGE('',*,*,#8283,.F.);
#17502 = ORIENTED_EDGE('',*,*,#8161,.F.);
#17503 = ORIENTED_EDGE('',*,*,#8123,.F.);
#17504 = ORIENTED_EDGE('',*,*,#8092,.F.);
#17505 = ORIENTED_EDGE('',*,*,#8046,.F.);
#17506 = ORIENTED_EDGE('',*,*,#8573,.F.);
#17507 = ORIENTED_EDGE('',*,*,#8589,.F.);
#17508 = ORIENTED_EDGE('',*,*,#7892,.F.);
#17509 = ORIENTED_EDGE('',*,*,#7846,.F.);
#17510 = ORIENTED_EDGE('',*,*,#6690,.F.);
#17511 = ORIENTED_EDGE('',*,*,#6460,.F.);
#17512 = ORIENTED_EDGE('',*,*,#6497,.F.);
#17513 = ORIENTED_EDGE('',*,*,#6520,.F.);
#17514 = ORIENTED_EDGE('',*,*,#6605,.F.);
#17515 = ORIENTED_EDGE('',*,*,#6561,.F.);
#17516 = ORIENTED_EDGE('',*,*,#6643,.F.);
#17517 = ORIENTED_EDGE('',*,*,#6727,.F.);
#17518 = ORIENTED_EDGE('',*,*,#7401,.F.);
#17519 = ORIENTED_EDGE('',*,*,#7366,.F.);
#17520 = ORIENTED_EDGE('',*,*,#7259,.F.);
#17521 = ORIENTED_EDGE('',*,*,#7302,.F.);
#17522 = ORIENTED_EDGE('',*,*,#7325,.F.);
#17523 = ORIENTED_EDGE('',*,*,#7212,.F.);
#17524 = ORIENTED_EDGE('',*,*,#7166,.F.);
#17525 = ORIENTED_EDGE('',*,*,#7112,.F.);
#17526 = ORIENTED_EDGE('',*,*,#7134,.F.);
#17527 = ORIENTED_EDGE('',*,*,#7341,.F.);
#17528 = ORIENTED_EDGE('',*,*,#7059,.F.);
#17529 = PLANE('',#17530);
#17530 = AXIS2_PLACEMENT_3D('',#17531,#17532,#17533);
#17531 = CARTESIAN_POINT('',(21.5,5.999999973163,9.536863076508E-08));
#17532 = DIRECTION('',(0.,1.057598518324E-15,-1.));
#17533 = DIRECTION('',(0.,-1.,-1.057598518324E-15));
#17534 = ADVANCED_FACE('',(#17535),#17539,.F.);
#17535 = FACE_BOUND('',#17536,.F.);
#17536 = EDGE_LOOP('',(#17537,#17538));
#17537 = ORIENTED_EDGE('',*,*,#17146,.T.);
#17538 = ORIENTED_EDGE('',*,*,#1266,.T.);
#17539 = PLANE('',#17540);
#17540 = AXIS2_PLACEMENT_3D('',#17541,#17542,#17543);
#17541 = CARTESIAN_POINT('',(-19.67465021875,4.780364950589,
    9.536749701056E-08));
#17542 = DIRECTION('',(0.831428803208,-0.55563130329,0.));
#17543 = DIRECTION('',(0.55563130329,0.831428803208,0.));
#17544 = ADVANCED_FACE('',(#17545),#17549,.T.);
#17545 = FACE_BOUND('',#17546,.T.);
#17546 = EDGE_LOOP('',(#17547,#17548));
#17547 = ORIENTED_EDGE('',*,*,#17189,.F.);
#17548 = ORIENTED_EDGE('',*,*,#1082,.F.);
#17549 = PLANE('',#17550);
#17550 = AXIS2_PLACEMENT_3D('',#17551,#17552,#17553);
#17551 = CARTESIAN_POINT('',(-23.46889974794,6.970949845458,
    9.536749701056E-08));
#17552 = DIRECTION('',(0.896985312169,-0.44206034628,0.));
#17553 = DIRECTION('',(0.44206034628,0.896985312169,0.));
#17554 = ADVANCED_FACE('',(#17555),#17559,.F.);
#17555 = FACE_BOUND('',#17556,.F.);
#17556 = EDGE_LOOP('',(#17557,#17558));
#17557 = ORIENTED_EDGE('',*,*,#17215,.T.);
#17558 = ORIENTED_EDGE('',*,*,#1338,.T.);
#17559 = PLANE('',#17560);
#17560 = AXIS2_PLACEMENT_3D('',#17561,#17562,#17563);
#17561 = CARTESIAN_POINT('',(-19.67465016576,7.21963497012,
    9.536749701056E-08));
#17562 = DIRECTION('',(0.831428803208,0.55563130329,0.));
#17563 = DIRECTION('',(-0.55563130329,0.831428803208,0.));
#17564 = ADVANCED_FACE('',(#17565),#17569,.T.);
#17565 = FACE_BOUND('',#17566,.T.);
#17566 = EDGE_LOOP('',(#17567,#17568));
#17567 = ORIENTED_EDGE('',*,*,#17174,.F.);
#17568 = ORIENTED_EDGE('',*,*,#1122,.F.);
#17569 = PLANE('',#17570);
#17570 = AXIS2_PLACEMENT_3D('',#17571,#17572,#17573);
#17571 = CARTESIAN_POINT('',(-23.65310000442,5.571720076525,
    9.536749701056E-08));
#17572 = DIRECTION('',(0.980746020257,0.19528759241,0.));
#17573 = DIRECTION('',(-0.19528759241,0.980746020257,0.));
#17574 = ADVANCED_FACE('',(#17575),#17579,.T.);
#17575 = FACE_BOUND('',#17576,.T.);
#17576 = EDGE_LOOP('',(#17577,#17578));
#17577 = ORIENTED_EDGE('',*,*,#17182,.F.);
#17578 = ORIENTED_EDGE('',*,*,#1098,.F.);
#17579 = PLANE('',#17580);
#17580 = AXIS2_PLACEMENT_3D('',#17581,#17582,#17583);
#17581 = CARTESIAN_POINT('',(-23.65310002304,6.428279829943,
    9.536749701056E-08));
#17582 = DIRECTION('',(0.980746020257,-0.19528759241,0.));
#17583 = DIRECTION('',(0.19528759241,0.980746020257,0.));
#17584 = ADVANCED_FACE('',(#17585),#17589,.T.);
#17585 = FACE_BOUND('',#17586,.T.);
#17586 = EDGE_LOOP('',(#17587,#17588));
#17587 = ORIENTED_EDGE('',*,*,#17196,.F.);
#17588 = ORIENTED_EDGE('',*,*,#1066,.F.);
#17589 = PLANE('',#17590);
#17590 = AXIS2_PLACEMENT_3D('',#17591,#17592,#17593);
#17591 = CARTESIAN_POINT('',(-23.15049937531,7.447450125134,
    9.536749701056E-08));
#17592 = DIRECTION('',(0.751740668852,-0.659458843897,0.));
#17593 = DIRECTION('',(0.659458843897,0.751740668852,0.));
#17594 = ADVANCED_FACE('',(#17595),#17599,.T.);
#17595 = FACE_BOUND('',#17596,.T.);
#17596 = EDGE_LOOP('',(#17597,#17598));
#17597 = ORIENTED_EDGE('',*,*,#17166,.F.);
#17598 = ORIENTED_EDGE('',*,*,#1146,.F.);
#17599 = PLANE('',#17600);
#17600 = AXIS2_PLACEMENT_3D('',#17601,#17602,#17603);
#17601 = CARTESIAN_POINT('',(-23.32534978124,4.780364950589,
    9.536749701056E-08));
#17602 = DIRECTION('',(0.831428803208,0.55563130329,0.));
#17603 = DIRECTION('',(-0.55563130329,0.831428803208,0.));
#17604 = ADVANCED_FACE('',(#17605),#17621,.T.);
#17605 = FACE_BOUND('',#17606,.T.);
#17606 = EDGE_LOOP('',(#17607,#17608,#17614,#17615));
#17607 = ORIENTED_EDGE('',*,*,#3561,.F.);
#17608 = ORIENTED_EDGE('',*,*,#17609,.T.);
#17609 = EDGE_CURVE('',#3554,#6577,#17610,.T.);
#17610 = LINE('',#17611,#17612);
#17611 = CARTESIAN_POINT('',(21.920999526978,4.983729839325,
    4.199999809265));
#17612 = VECTOR('',#17613,1.);
#17613 = DIRECTION('',(0.,0.,-1.));
#17614 = ORIENTED_EDGE('',*,*,#6621,.T.);
#17615 = ORIENTED_EDGE('',*,*,#17616,.T.);
#17616 = EDGE_CURVE('',#6445,#3562,#17617,.T.);
#17617 = LINE('',#17618,#17619);
#17618 = CARTESIAN_POINT('',(21.784700393677,4.937479972839,
    1.200000047684));
#17619 = VECTOR('',#17620,1.);
#17620 = DIRECTION('',(0.,0.,1.));
#17621 = PLANE('',#17622);
#17622 = AXIS2_PLACEMENT_3D('',#17623,#17624,#17625);
#17623 = CARTESIAN_POINT('',(21.852849960327,4.960604906082,
    2.699999928474));
#17624 = DIRECTION('',(-0.321330722431,0.946967035763,0.));
#17625 = DIRECTION('',(0.946967035763,0.321330722431,0.));
#17626 = ADVANCED_FACE('',(#17627),#17643,.T.);
#17627 = FACE_BOUND('',#17628,.T.);
#17628 = EDGE_LOOP('',(#17629,#17630,#17636,#17637));
#17629 = ORIENTED_EDGE('',*,*,#3425,.F.);
#17630 = ORIENTED_EDGE('',*,*,#17631,.T.);
#17631 = EDGE_CURVE('',#3418,#7648,#17632,.T.);
#17632 = LINE('',#17633,#17634);
#17633 = CARTESIAN_POINT('',(22.049999237061,6.95263004303,
    4.199999809265));
#17634 = VECTOR('',#17635,1.);
#17635 = DIRECTION('',(0.,0.,-1.));
#17636 = ORIENTED_EDGE('',*,*,#7656,.T.);
#17637 = ORIENTED_EDGE('',*,*,#17638,.T.);
#17638 = EDGE_CURVE('',#7580,#3426,#17639,.T.);
#17639 = LINE('',#17640,#17641);
#17640 = CARTESIAN_POINT('',(22.169599533081,6.872690200806,
    1.200000047684));
#17641 = VECTOR('',#17642,1.);
#17642 = DIRECTION('',(0.,0.,1.));
#17643 = PLANE('',#17644);
#17644 = AXIS2_PLACEMENT_3D('',#17645,#17646,#17647);
#17645 = CARTESIAN_POINT('',(22.109799385071,6.912660121918,
    2.699999928474));
#17646 = DIRECTION('',(-0.555692675145,-0.831387786048,-0.));
#17647 = DIRECTION('',(-0.831387786048,0.555692675145,0.));
#17648 = ADVANCED_FACE('',(#17649),#17660,.T.);
#17649 = FACE_BOUND('',#17650,.T.);
#17650 = EDGE_LOOP('',(#17651,#17652,#17653,#17654));
#17651 = ORIENTED_EDGE('',*,*,#3537,.F.);
#17652 = ORIENTED_EDGE('',*,*,#8704,.T.);
#17653 = ORIENTED_EDGE('',*,*,#7387,.T.);
#17654 = ORIENTED_EDGE('',*,*,#17655,.T.);
#17655 = EDGE_CURVE('',#6660,#3538,#17656,.T.);
#17656 = LINE('',#17657,#17658);
#17657 = CARTESIAN_POINT('',(22.169599533081,5.127309799194,
    1.200000047684));
#17658 = VECTOR('',#17659,1.);
#17659 = DIRECTION('',(0.,0.,1.));
#17660 = PLANE('',#17661);
#17661 = AXIS2_PLACEMENT_3D('',#17662,#17663,#17664);
#17662 = CARTESIAN_POINT('',(22.223699569702,5.174744844437,
    2.699999928474));
#17663 = DIRECTION('',(-0.659271856838,0.751904660699,0.));
#17664 = DIRECTION('',(0.751904660699,0.659271856838,0.));
#17665 = ADVANCED_FACE('',(#17666),#17682,.T.);
#17666 = FACE_BOUND('',#17667,.T.);
#17667 = EDGE_LOOP('',(#17668,#17669,#17675,#17676));
#17668 = ORIENTED_EDGE('',*,*,#3377,.F.);
#17669 = ORIENTED_EDGE('',*,*,#17670,.T.);
#17670 = EDGE_CURVE('',#3370,#5786,#17671,.T.);
#17671 = LINE('',#17672,#17673);
#17672 = CARTESIAN_POINT('',(21.215299606323,7.062520027161,
    4.199999809265));
#17673 = VECTOR('',#17674,1.);
#17674 = DIRECTION('',(0.,0.,-1.));
#17675 = ORIENTED_EDGE('',*,*,#6290,.T.);
#17676 = ORIENTED_EDGE('',*,*,#17677,.T.);
#17677 = EDGE_CURVE('',#6283,#3378,#17678,.T.);
#17678 = LINE('',#17679,#17680);
#17679 = CARTESIAN_POINT('',(21.356399536133,7.090590000153,
    1.200000047684));
#17680 = VECTOR('',#17681,1.);
#17681 = DIRECTION('',(0.,0.,1.));
#17682 = PLANE('',#17683);
#17683 = AXIS2_PLACEMENT_3D('',#17684,#17685,#17686);
#17684 = CARTESIAN_POINT('',(21.285849571228,7.076555013657,
    2.699999928474));
#17685 = DIRECTION('',(0.19511340289,-0.98078068905,-0.));
#17686 = DIRECTION('',(-0.98078068905,-0.19511340289,0.));
#17687 = ADVANCED_FACE('',(#17688),#17704,.T.);
#17688 = FACE_BOUND('',#17689,.T.);
#17689 = EDGE_LOOP('',(#17690,#17696,#17697,#17703));
#17690 = ORIENTED_EDGE('',*,*,#17691,.T.);
#17691 = EDGE_CURVE('',#8445,#3658,#17692,.T.);
#17692 = LINE('',#17693,#17694);
#17693 = CARTESIAN_POINT('',(20.4375,5.71530008316,1.200000047684));
#17694 = VECTOR('',#17695,1.);
#17695 = DIRECTION('',(0.,0.,1.));
#17696 = ORIENTED_EDGE('',*,*,#3657,.F.);
#17697 = ORIENTED_EDGE('',*,*,#17698,.T.);
#17698 = EDGE_CURVE('',#3650,#8391,#17699,.T.);
#17699 = LINE('',#17700,#17701);
#17700 = CARTESIAN_POINT('',(20.483699798584,5.579050064087,
    4.199999809265));
#17701 = VECTOR('',#17702,1.);
#17702 = DIRECTION('',(0.,0.,-1.));
#17703 = ORIENTED_EDGE('',*,*,#8452,.T.);
#17704 = PLANE('',#17705);
#17705 = AXIS2_PLACEMENT_3D('',#17706,#17707,#17708);
#17706 = CARTESIAN_POINT('',(20.460599899292,5.647175073624,
    2.699999928474));
#17707 = DIRECTION('',(0.947037659646,0.321122517447,0.));
#17708 = DIRECTION('',(-0.321122517447,0.947037659646,0.));
#17709 = ADVANCED_FACE('',(#17710),#17726,.T.);
#17710 = FACE_BOUND('',#17711,.T.);
#17711 = EDGE_LOOP('',(#17712,#17713,#17719,#17720));
#17712 = ORIENTED_EDGE('',*,*,#3577,.F.);
#17713 = ORIENTED_EDGE('',*,*,#17714,.T.);
#17714 = EDGE_CURVE('',#3570,#6476,#17715,.T.);
#17715 = LINE('',#17716,#17717);
#17716 = CARTESIAN_POINT('',(21.643600463867,4.909409999847,
    4.199999809265));
#17717 = VECTOR('',#17718,1.);
#17718 = DIRECTION('',(0.,0.,-1.));
#17719 = ORIENTED_EDGE('',*,*,#6713,.T.);
#17720 = ORIENTED_EDGE('',*,*,#17721,.T.);
#17721 = EDGE_CURVE('',#6706,#3578,#17722,.T.);
#17722 = LINE('',#17723,#17724);
#17723 = CARTESIAN_POINT('',(21.5,4.900000095367,1.200000047684));
#17724 = VECTOR('',#17725,1.);
#17725 = DIRECTION('',(0.,0.,1.));
#17726 = PLANE('',#17727);
#17727 = AXIS2_PLACEMENT_3D('',#17728,#17729,#17730);
#17728 = CARTESIAN_POINT('',(21.571800231934,4.904705047607,
    2.699999928474));
#17729 = DIRECTION('',(-6.538813417835E-02,0.997859905953,0.));
#17730 = DIRECTION('',(0.997859905953,6.538813417835E-02,0.));
#17731 = ADVANCED_FACE('',(#17732),#17748,.T.);
#17732 = FACE_BOUND('',#17733,.T.);
#17733 = EDGE_LOOP('',(#17734,#17735,#17741,#17742));
#17734 = ORIENTED_EDGE('',*,*,#3601,.F.);
#17735 = ORIENTED_EDGE('',*,*,#17736,.T.);
#17736 = EDGE_CURVE('',#3594,#7869,#17737,.T.);
#17737 = LINE('',#17738,#17739);
#17738 = CARTESIAN_POINT('',(21.215299606323,4.937479972839,
    4.199999809265));
#17739 = VECTOR('',#17740,1.);
#17740 = DIRECTION('',(0.,0.,-1.));
#17741 = ORIENTED_EDGE('',*,*,#8025,.T.);
#17742 = ORIENTED_EDGE('',*,*,#17743,.T.);
#17743 = EDGE_CURVE('',#8018,#3602,#17744,.T.);
#17744 = LINE('',#17745,#17746);
#17745 = CARTESIAN_POINT('',(21.079000473022,4.983729839325,
    1.200000047684));
#17746 = VECTOR('',#17747,1.);
#17747 = DIRECTION('',(0.,0.,1.));
#17748 = PLANE('',#17749);
#17749 = AXIS2_PLACEMENT_3D('',#17750,#17751,#17752);
#17750 = CARTESIAN_POINT('',(21.147150039673,4.960604906082,
    2.699999928474));
#17751 = DIRECTION('',(0.321330722431,0.946967035763,0.));
#17752 = DIRECTION('',(0.946967035763,-0.321330722431,0.));
#17753 = ADVANCED_FACE('',(#17754),#17770,.T.);
#17754 = FACE_BOUND('',#17755,.T.);
#17755 = EDGE_LOOP('',(#17756,#17762,#17763,#17769));
#17756 = ORIENTED_EDGE('',*,*,#17757,.T.);
#17757 = EDGE_CURVE('',#7917,#3298,#17758,.T.);
#17758 = LINE('',#17759,#17760);
#17759 = CARTESIAN_POINT('',(20.409400939941,6.143579959869,
    1.200000047684));
#17760 = VECTOR('',#17761,1.);
#17761 = DIRECTION('',(0.,0.,1.));
#17762 = ORIENTED_EDGE('',*,*,#3295,.F.);
#17763 = ORIENTED_EDGE('',*,*,#17764,.T.);
#17764 = EDGE_CURVE('',#3296,#7925,#17765,.T.);
#17765 = LINE('',#17766,#17767);
#17766 = CARTESIAN_POINT('',(20.39999961853,6.,4.199999809265));
#17767 = VECTOR('',#17768,1.);
#17768 = DIRECTION('',(0.,0.,-1.));
#17769 = ORIENTED_EDGE('',*,*,#7924,.T.);
#17770 = PLANE('',#17771);
#17771 = AXIS2_PLACEMENT_3D('',#17772,#17773,#17774);
#17772 = CARTESIAN_POINT('',(20.404700279236,6.071789979935,
    2.699999928474));
#17773 = DIRECTION('',(0.997863187559,-6.533803574754E-02,0.));
#17774 = DIRECTION('',(6.533803574754E-02,0.997863187559,0.));
#17775 = ADVANCED_FACE('',(#17776),#17787,.T.);
#17776 = FACE_BOUND('',#17777,.T.);
#17777 = EDGE_LOOP('',(#17778,#17779,#17780,#17781));
#17778 = ORIENTED_EDGE('',*,*,#3385,.F.);
#17779 = ORIENTED_EDGE('',*,*,#17677,.F.);
#17780 = ORIENTED_EDGE('',*,*,#6336,.T.);
#17781 = ORIENTED_EDGE('',*,*,#17782,.T.);
#17782 = EDGE_CURVE('',#6329,#3386,#17783,.T.);
#17783 = LINE('',#17784,#17785);
#17784 = CARTESIAN_POINT('',(21.5,7.099999904633,1.200000047684));
#17785 = VECTOR('',#17786,1.);
#17786 = DIRECTION('',(0.,0.,1.));
#17787 = PLANE('',#17788);
#17788 = AXIS2_PLACEMENT_3D('',#17789,#17790,#17791);
#17789 = CARTESIAN_POINT('',(21.428199768066,7.095294952393,
    2.699999928474));
#17790 = DIRECTION('',(6.538813417835E-02,-0.997859905953,-0.));
#17791 = DIRECTION('',(-0.997859905953,-6.538813417835E-02,0.));
#17792 = ADVANCED_FACE('',(#17793),#17809,.T.);
#17793 = FACE_BOUND('',#17794,.T.);
#17794 = EDGE_LOOP('',(#17795,#17801,#17802,#17808));
#17795 = ORIENTED_EDGE('',*,*,#17796,.T.);
#17796 = EDGE_CURVE('',#6121,#3314,#17797,.T.);
#17797 = LINE('',#17798,#17799);
#17798 = CARTESIAN_POINT('',(20.483699798584,6.420949935913,
    1.200000047684));
#17799 = VECTOR('',#17800,1.);
#17800 = DIRECTION('',(0.,0.,1.));
#17801 = ORIENTED_EDGE('',*,*,#3313,.F.);
#17802 = ORIENTED_EDGE('',*,*,#17803,.T.);
#17803 = EDGE_CURVE('',#3306,#6191,#17804,.T.);
#17804 = LINE('',#17805,#17806);
#17805 = CARTESIAN_POINT('',(20.4375,6.28469991684,4.199999809265));
#17806 = VECTOR('',#17807,1.);
#17807 = DIRECTION('',(0.,0.,-1.));
#17808 = ORIENTED_EDGE('',*,*,#6190,.T.);
#17809 = PLANE('',#17810);
#17810 = AXIS2_PLACEMENT_3D('',#17811,#17812,#17813);
#17811 = CARTESIAN_POINT('',(20.460599899292,6.352824926376,
    2.699999928474));
#17812 = DIRECTION('',(0.947037659646,-0.321122517447,0.));
#17813 = DIRECTION('',(0.321122517447,0.947037659646,0.));
#17814 = ADVANCED_FACE('',(#17815),#17821,.T.);
#17815 = FACE_BOUND('',#17816,.T.);
#17816 = EDGE_LOOP('',(#17817,#17818,#17819,#17820));
#17817 = ORIENTED_EDGE('',*,*,#17803,.F.);
#17818 = ORIENTED_EDGE('',*,*,#3305,.F.);
#17819 = ORIENTED_EDGE('',*,*,#17757,.F.);
#17820 = ORIENTED_EDGE('',*,*,#8626,.T.);
#17821 = PLANE('',#17822);
#17822 = AXIS2_PLACEMENT_3D('',#17823,#17824,#17825);
#17823 = CARTESIAN_POINT('',(20.423450469971,6.214139938354,
    2.699999928474));
#17824 = DIRECTION('',(0.980747289641,-0.195281217381,0.));
#17825 = DIRECTION('',(0.195281217381,0.980747289641,0.));
#17826 = ADVANCED_FACE('',(#17827),#17833,.T.);
#17827 = FACE_BOUND('',#17828,.T.);
#17828 = EDGE_LOOP('',(#17829,#17830,#17831,#17832));
#17829 = ORIENTED_EDGE('',*,*,#3569,.F.);
#17830 = ORIENTED_EDGE('',*,*,#17616,.F.);
#17831 = ORIENTED_EDGE('',*,*,#6483,.T.);
#17832 = ORIENTED_EDGE('',*,*,#17714,.F.);
#17833 = PLANE('',#17834);
#17834 = AXIS2_PLACEMENT_3D('',#17835,#17836,#17837);
#17835 = CARTESIAN_POINT('',(21.714150428772,4.923444986343,
    2.699999928474));
#17836 = DIRECTION('',(-0.19511340289,0.98078068905,0.));
#17837 = DIRECTION('',(0.98078068905,0.19511340289,0.));
#17838 = ADVANCED_FACE('',(#17839),#17855,.T.);
#17839 = FACE_BOUND('',#17840,.T.);
#17840 = EDGE_LOOP('',(#17841,#17847,#17848,#17854));
#17841 = ORIENTED_EDGE('',*,*,#17842,.T.);
#17842 = EDGE_CURVE('',#5937,#3338,#17843,.T.);
#17843 = LINE('',#17844,#17845);
#17844 = CARTESIAN_POINT('',(20.722200393677,6.777820110321,
    1.200000047684));
#17845 = VECTOR('',#17846,1.);
#17846 = DIRECTION('',(0.,0.,1.));
#17847 = ORIENTED_EDGE('',*,*,#3337,.F.);
#17848 = ORIENTED_EDGE('',*,*,#17849,.T.);
#17849 = EDGE_CURVE('',#3330,#5991,#17850,.T.);
#17850 = LINE('',#17851,#17852);
#17851 = CARTESIAN_POINT('',(20.627300262451,6.66964006424,
    4.199999809265));
#17852 = VECTOR('',#17853,1.);
#17853 = DIRECTION('',(0.,0.,-1.));
#17854 = ORIENTED_EDGE('',*,*,#5990,.T.);
#17855 = PLANE('',#17856);
#17856 = AXIS2_PLACEMENT_3D('',#17857,#17858,#17859);
#17857 = CARTESIAN_POINT('',(20.674750328064,6.72373008728,
    2.699999928474));
#17858 = DIRECTION('',(0.751740668852,-0.659458843897,0.));
#17859 = DIRECTION('',(0.659458843897,0.751740668852,0.));
#17860 = ADVANCED_FACE('',(#17861),#17877,.T.);
#17861 = FACE_BOUND('',#17862,.T.);
#17862 = EDGE_LOOP('',(#17863,#17864,#17870,#17871));
#17863 = ORIENTED_EDGE('',*,*,#3625,.F.);
#17864 = ORIENTED_EDGE('',*,*,#17865,.T.);
#17865 = EDGE_CURVE('',#3618,#8139,#17866,.T.);
#17866 = LINE('',#17867,#17868);
#17867 = CARTESIAN_POINT('',(20.830400466919,5.127309799194,
    4.199999809265));
#17868 = VECTOR('',#17869,1.);
#17869 = DIRECTION('',(0.,0.,-1.));
#17870 = ORIENTED_EDGE('',*,*,#8193,.T.);
#17871 = ORIENTED_EDGE('',*,*,#17872,.T.);
#17872 = EDGE_CURVE('',#8186,#3626,#17873,.T.);
#17873 = LINE('',#17874,#17875);
#17874 = CARTESIAN_POINT('',(20.722200393677,5.222179889679,
    1.200000047684));
#17875 = VECTOR('',#17876,1.);
#17876 = DIRECTION('',(0.,0.,1.));
#17877 = PLANE('',#17878);
#17878 = AXIS2_PLACEMENT_3D('',#17879,#17880,#17881);
#17879 = CARTESIAN_POINT('',(20.776300430298,5.174744844437,
    2.699999928474));
#17880 = DIRECTION('',(0.659271856838,0.751904660699,0.));
#17881 = DIRECTION('',(0.751904660699,-0.659271856838,0.));
#17882 = ADVANCED_FACE('',(#17883),#17894,.T.);
#17883 = FACE_BOUND('',#17884,.T.);
#17884 = EDGE_LOOP('',(#17885,#17886,#17887,#17893));
#17885 = ORIENTED_EDGE('',*,*,#17698,.F.);
#17886 = ORIENTED_EDGE('',*,*,#3649,.F.);
#17887 = ORIENTED_EDGE('',*,*,#17888,.T.);
#17888 = EDGE_CURVE('',#3642,#8324,#17889,.T.);
#17889 = LINE('',#17890,#17891);
#17890 = CARTESIAN_POINT('',(20.547399520874,5.449999809265,
    4.199999809265));
#17891 = VECTOR('',#17892,1.);
#17892 = DIRECTION('',(0.,0.,-1.));
#17893 = ORIENTED_EDGE('',*,*,#8398,.T.);
#17894 = PLANE('',#17895);
#17895 = AXIS2_PLACEMENT_3D('',#17896,#17897,#17898);
#17896 = CARTESIAN_POINT('',(20.515549659729,5.514524936676,
    2.699999928474));
#17897 = DIRECTION('',(0.8967095632,0.442619429381,0.));
#17898 = DIRECTION('',(-0.442619429381,0.8967095632,0.));
#17899 = ADVANCED_FACE('',(#17900),#17911,.T.);
#17900 = FACE_BOUND('',#17901,.T.);
#17901 = EDGE_LOOP('',(#17902,#17903,#17904,#17910));
#17902 = ORIENTED_EDGE('',*,*,#8748,.F.);
#17903 = ORIENTED_EDGE('',*,*,#7441,.T.);
#17904 = ORIENTED_EDGE('',*,*,#17905,.T.);
#17905 = EDGE_CURVE('',#6876,#3450,#17906,.T.);
#17906 = LINE('',#17907,#17908);
#17907 = CARTESIAN_POINT('',(22.452600479126,6.550000190735,
    1.200000047684));
#17908 = VECTOR('',#17909,1.);
#17909 = DIRECTION('',(0.,0.,1.));
#17910 = ORIENTED_EDGE('',*,*,#3449,.F.);
#17911 = PLANE('',#17912);
#17912 = AXIS2_PLACEMENT_3D('',#17913,#17914,#17915);
#17913 = CARTESIAN_POINT('',(22.412650108337,6.609820127487,
    2.699999928474));
#17914 = DIRECTION('',(-0.831598237256,-0.555377683916,-0.));
#17915 = DIRECTION('',(0.555377683916,-0.831598237256,0.));
#17916 = ADVANCED_FACE('',(#17917),#17928,.T.);
#17917 = FACE_BOUND('',#17918,.T.);
#17918 = EDGE_LOOP('',(#17919,#17925,#17926,#17927));
#17919 = ORIENTED_EDGE('',*,*,#17920,.T.);
#17920 = EDGE_CURVE('',#8261,#3634,#17921,.T.);
#17921 = LINE('',#17922,#17923);
#17922 = CARTESIAN_POINT('',(20.627300262451,5.33035993576,
    1.200000047684));
#17923 = VECTOR('',#17924,1.);
#17924 = DIRECTION('',(0.,0.,1.));
#17925 = ORIENTED_EDGE('',*,*,#3633,.F.);
#17926 = ORIENTED_EDGE('',*,*,#17872,.F.);
#17927 = ORIENTED_EDGE('',*,*,#8268,.T.);
#17928 = PLANE('',#17929);
#17929 = AXIS2_PLACEMENT_3D('',#17930,#17931,#17932);
#17930 = CARTESIAN_POINT('',(20.674750328064,5.27626991272,
    2.699999928474));
#17931 = DIRECTION('',(0.751740668852,0.659458843897,0.));
#17932 = DIRECTION('',(-0.659458843897,0.751740668852,0.));
#17933 = ADVANCED_FACE('',(#17934),#17940,.T.);
#17934 = FACE_BOUND('',#17935,.T.);
#17935 = EDGE_LOOP('',(#17936,#17937,#17938,#17939));
#17936 = ORIENTED_EDGE('',*,*,#3433,.F.);
#17937 = ORIENTED_EDGE('',*,*,#17638,.F.);
#17938 = ORIENTED_EDGE('',*,*,#7579,.T.);
#17939 = ORIENTED_EDGE('',*,*,#8741,.F.);
#17940 = PLANE('',#17941);
#17941 = AXIS2_PLACEMENT_3D('',#17942,#17943,#17944);
#17942 = CARTESIAN_POINT('',(22.223699569702,6.825255155563,
    2.699999928474));
#17943 = DIRECTION('',(-0.659271856838,-0.751904660699,-0.));
#17944 = DIRECTION('',(-0.751904660699,0.659271856838,0.));
#17945 = ADVANCED_FACE('',(#17946),#17957,.T.);
#17946 = FACE_BOUND('',#17947,.T.);
#17947 = EDGE_LOOP('',(#17948,#17949,#17950,#17956));
#17948 = ORIENTED_EDGE('',*,*,#17849,.F.);
#17949 = ORIENTED_EDGE('',*,*,#3329,.F.);
#17950 = ORIENTED_EDGE('',*,*,#17951,.T.);
#17951 = EDGE_CURVE('',#3322,#6075,#17952,.T.);
#17952 = LINE('',#17953,#17954);
#17953 = CARTESIAN_POINT('',(20.547399520874,6.550000190735,
    4.199999809265));
#17954 = VECTOR('',#17955,1.);
#17955 = DIRECTION('',(0.,0.,-1.));
#17956 = ORIENTED_EDGE('',*,*,#6083,.T.);
#17957 = PLANE('',#17958);
#17958 = AXIS2_PLACEMENT_3D('',#17959,#17960,#17961);
#17959 = CARTESIAN_POINT('',(20.587349891663,6.609820127487,
    2.699999928474));
#17960 = DIRECTION('',(0.831598237256,-0.555377683916,0.));
#17961 = DIRECTION('',(0.555377683916,0.831598237256,0.));
#17962 = ADVANCED_FACE('',(#17963),#17974,.T.);
#17963 = FACE_BOUND('',#17964,.T.);
#17964 = EDGE_LOOP('',(#17965,#17966,#17972,#17973));
#17965 = ORIENTED_EDGE('',*,*,#3593,.F.);
#17966 = ORIENTED_EDGE('',*,*,#17967,.T.);
#17967 = EDGE_CURVE('',#3586,#7823,#17968,.T.);
#17968 = LINE('',#17969,#17970);
#17969 = CARTESIAN_POINT('',(21.356399536133,4.909409999847,
    4.199999809265));
#17970 = VECTOR('',#17971,1.);
#17971 = DIRECTION('',(0.,0.,-1.));
#17972 = ORIENTED_EDGE('',*,*,#7876,.T.);
#17973 = ORIENTED_EDGE('',*,*,#17736,.F.);
#17974 = PLANE('',#17975);
#17975 = AXIS2_PLACEMENT_3D('',#17976,#17977,#17978);
#17976 = CARTESIAN_POINT('',(21.285849571228,4.923444986343,
    2.699999928474));
#17977 = DIRECTION('',(0.19511340289,0.98078068905,0.));
#17978 = DIRECTION('',(0.98078068905,-0.19511340289,0.));
#17979 = ADVANCED_FACE('',(#17980),#17991,.T.);
#17980 = FACE_BOUND('',#17981,.T.);
#17981 = EDGE_LOOP('',(#17982,#17983,#17989,#17990));
#17982 = ORIENTED_EDGE('',*,*,#3553,.F.);
#17983 = ORIENTED_EDGE('',*,*,#17984,.T.);
#17984 = EDGE_CURVE('',#3546,#6546,#17985,.T.);
#17985 = LINE('',#17986,#17987);
#17986 = CARTESIAN_POINT('',(22.049999237061,5.04736995697,
    4.199999809265));
#17987 = VECTOR('',#17988,1.);
#17988 = DIRECTION('',(0.,0.,-1.));
#17989 = ORIENTED_EDGE('',*,*,#6584,.T.);
#17990 = ORIENTED_EDGE('',*,*,#17609,.F.);
#17991 = PLANE('',#17992);
#17992 = AXIS2_PLACEMENT_3D('',#17993,#17994,#17995);
#17993 = CARTESIAN_POINT('',(21.985499382019,5.015549898148,
    2.699999928474));
#17994 = DIRECTION('',(-0.442425693956,0.896805165756,0.));
#17995 = DIRECTION('',(0.896805165756,0.442425693956,0.));
#17996 = ADVANCED_FACE('',(#17997),#18003,.T.);
#17997 = FACE_BOUND('',#17998,.T.);
#17998 = EDGE_LOOP('',(#17999,#18000,#18001,#18002));
#17999 = ORIENTED_EDGE('',*,*,#3585,.F.);
#18000 = ORIENTED_EDGE('',*,*,#17721,.F.);
#18001 = ORIENTED_EDGE('',*,*,#7830,.T.);
#18002 = ORIENTED_EDGE('',*,*,#17967,.F.);
#18003 = PLANE('',#18004);
#18004 = AXIS2_PLACEMENT_3D('',#18005,#18006,#18007);
#18005 = CARTESIAN_POINT('',(21.428199768066,4.904705047607,
    2.699999928474));
#18006 = DIRECTION('',(6.538813417835E-02,0.997859905953,0.));
#18007 = DIRECTION('',(0.997859905953,-6.538813417835E-02,0.));
#18008 = ADVANCED_FACE('',(#18009),#18020,.T.);
#18009 = FACE_BOUND('',#18010,.T.);
#18010 = EDGE_LOOP('',(#18011,#18012,#18013,#18014));
#18011 = ORIENTED_EDGE('',*,*,#3393,.F.);
#18012 = ORIENTED_EDGE('',*,*,#17782,.F.);
#18013 = ORIENTED_EDGE('',*,*,#6358,.T.);
#18014 = ORIENTED_EDGE('',*,*,#18015,.T.);
#18015 = EDGE_CURVE('',#6351,#3394,#18016,.T.);
#18016 = LINE('',#18017,#18018);
#18017 = CARTESIAN_POINT('',(21.643600463867,7.090590000153,
    1.200000047684));
#18018 = VECTOR('',#18019,1.);
#18019 = DIRECTION('',(0.,0.,1.));
#18020 = PLANE('',#18021);
#18021 = AXIS2_PLACEMENT_3D('',#18022,#18023,#18024);
#18022 = CARTESIAN_POINT('',(21.571800231934,7.095294952393,
    2.699999928474));
#18023 = DIRECTION('',(-6.538813417835E-02,-0.997859905953,-0.));
#18024 = DIRECTION('',(-0.997859905953,6.538813417835E-02,0.));
#18025 = ADVANCED_FACE('',(#18026),#18032,.T.);
#18026 = FACE_BOUND('',#18027,.T.);
#18027 = EDGE_LOOP('',(#18028,#18029,#18030,#18031));
#18028 = ORIENTED_EDGE('',*,*,#3545,.F.);
#18029 = ORIENTED_EDGE('',*,*,#17655,.F.);
#18030 = ORIENTED_EDGE('',*,*,#6659,.T.);
#18031 = ORIENTED_EDGE('',*,*,#17984,.F.);
#18032 = PLANE('',#18033);
#18033 = AXIS2_PLACEMENT_3D('',#18034,#18035,#18036);
#18034 = CARTESIAN_POINT('',(22.109799385071,5.087339878082,
    2.699999928474));
#18035 = DIRECTION('',(-0.555692675145,0.831387786048,0.));
#18036 = DIRECTION('',(0.831387786048,0.555692675145,0.));
#18037 = ADVANCED_FACE('',(#18038),#18044,.T.);
#18038 = FACE_BOUND('',#18039,.T.);
#18039 = EDGE_LOOP('',(#18040,#18041,#18042,#18043));
#18040 = ORIENTED_EDGE('',*,*,#17951,.F.);
#18041 = ORIENTED_EDGE('',*,*,#3321,.F.);
#18042 = ORIENTED_EDGE('',*,*,#17796,.F.);
#18043 = ORIENTED_EDGE('',*,*,#6129,.T.);
#18044 = PLANE('',#18045);
#18045 = AXIS2_PLACEMENT_3D('',#18046,#18047,#18048);
#18046 = CARTESIAN_POINT('',(20.515549659729,6.485475063324,
    2.699999928474));
#18047 = DIRECTION('',(0.8967095632,-0.442619429381,0.));
#18048 = DIRECTION('',(0.442619429381,0.8967095632,0.));
#18049 = ADVANCED_FACE('',(#18050),#18061,.T.);
#18050 = FACE_BOUND('',#18051,.T.);
#18051 = EDGE_LOOP('',(#18052,#18053,#18054,#18055));
#18052 = ORIENTED_EDGE('',*,*,#3345,.F.);
#18053 = ORIENTED_EDGE('',*,*,#17842,.F.);
#18054 = ORIENTED_EDGE('',*,*,#5945,.T.);
#18055 = ORIENTED_EDGE('',*,*,#18056,.T.);
#18056 = EDGE_CURVE('',#5708,#3346,#18057,.T.);
#18057 = LINE('',#18058,#18059);
#18058 = CARTESIAN_POINT('',(20.830400466919,6.872690200806,
    1.200000047684));
#18059 = VECTOR('',#18060,1.);
#18060 = DIRECTION('',(0.,0.,1.));
#18061 = PLANE('',#18062);
#18062 = AXIS2_PLACEMENT_3D('',#18063,#18064,#18065);
#18063 = CARTESIAN_POINT('',(20.776300430298,6.825255155563,
    2.699999928474));
#18064 = DIRECTION('',(0.659271856838,-0.751904660699,-0.));
#18065 = DIRECTION('',(-0.751904660699,-0.659271856838,0.));
#18066 = ADVANCED_FACE('',(#18067),#18078,.T.);
#18067 = FACE_BOUND('',#18068,.T.);
#18068 = EDGE_LOOP('',(#18069,#18075,#18076,#18077));
#18069 = ORIENTED_EDGE('',*,*,#18070,.T.);
#18070 = EDGE_CURVE('',#7970,#3666,#18071,.T.);
#18071 = LINE('',#18072,#18073);
#18072 = CARTESIAN_POINT('',(20.409400939941,5.856420040131,
    1.200000047684));
#18073 = VECTOR('',#18074,1.);
#18074 = DIRECTION('',(0.,0.,1.));
#18075 = ORIENTED_EDGE('',*,*,#3665,.F.);
#18076 = ORIENTED_EDGE('',*,*,#17691,.F.);
#18077 = ORIENTED_EDGE('',*,*,#8512,.T.);
#18078 = PLANE('',#18079);
#18079 = AXIS2_PLACEMENT_3D('',#18080,#18081,#18082);
#18080 = CARTESIAN_POINT('',(20.423450469971,5.785860061646,
    2.699999928474));
#18081 = DIRECTION('',(0.980747289641,0.195281217381,0.));
#18082 = DIRECTION('',(-0.195281217381,0.980747289641,0.));
#18083 = ADVANCED_FACE('',(#18084),#18095,.T.);
#18084 = FACE_BOUND('',#18085,.T.);
#18085 = EDGE_LOOP('',(#18086,#18087,#18088,#18089));
#18086 = ORIENTED_EDGE('',*,*,#3401,.F.);
#18087 = ORIENTED_EDGE('',*,*,#18015,.F.);
#18088 = ORIENTED_EDGE('',*,*,#6404,.T.);
#18089 = ORIENTED_EDGE('',*,*,#18090,.T.);
#18090 = EDGE_CURVE('',#6397,#3402,#18091,.T.);
#18091 = LINE('',#18092,#18093);
#18092 = CARTESIAN_POINT('',(21.784700393677,7.062520027161,
    1.200000047684));
#18093 = VECTOR('',#18094,1.);
#18094 = DIRECTION('',(0.,0.,1.));
#18095 = PLANE('',#18096);
#18096 = AXIS2_PLACEMENT_3D('',#18097,#18098,#18099);
#18097 = CARTESIAN_POINT('',(21.714150428772,7.076555013657,
    2.699999928474));
#18098 = DIRECTION('',(-0.19511340289,-0.98078068905,-0.));
#18099 = DIRECTION('',(-0.98078068905,0.19511340289,0.));
#18100 = ADVANCED_FACE('',(#18101),#18107,.T.);
#18101 = FACE_BOUND('',#18102,.T.);
#18102 = EDGE_LOOP('',(#18103,#18104,#18105,#18106));
#18103 = ORIENTED_EDGE('',*,*,#17905,.F.);
#18104 = ORIENTED_EDGE('',*,*,#6875,.T.);
#18105 = ORIENTED_EDGE('',*,*,#8663,.F.);
#18106 = ORIENTED_EDGE('',*,*,#3457,.F.);
#18107 = PLANE('',#18108);
#18108 = AXIS2_PLACEMENT_3D('',#18109,#18110,#18111);
#18109 = CARTESIAN_POINT('',(22.484450340271,6.485475063324,
    2.699999928474));
#18110 = DIRECTION('',(-0.8967095632,-0.442619429381,-0.));
#18111 = DIRECTION('',(0.442619429381,-0.8967095632,0.));
#18112 = ADVANCED_FACE('',(#18113),#18119,.T.);
#18113 = FACE_BOUND('',#18114,.T.);
#18114 = EDGE_LOOP('',(#18115,#18116,#18117,#18118));
#18115 = ORIENTED_EDGE('',*,*,#8670,.F.);
#18116 = ORIENTED_EDGE('',*,*,#6929,.T.);
#18117 = ORIENTED_EDGE('',*,*,#8719,.F.);
#18118 = ORIENTED_EDGE('',*,*,#3473,.F.);
#18119 = PLANE('',#18120);
#18120 = AXIS2_PLACEMENT_3D('',#18121,#18122,#18123);
#18121 = CARTESIAN_POINT('',(22.576549530029,6.214139938354,
    2.699999928474));
#18122 = DIRECTION('',(-0.980747289641,-0.195281217381,-0.));
#18123 = DIRECTION('',(0.195281217381,-0.980747289641,0.));
#18124 = ADVANCED_FACE('',(#18125),#18136,.T.);
#18125 = FACE_BOUND('',#18126,.T.);
#18126 = EDGE_LOOP('',(#18127,#18128,#18134,#18135));
#18127 = ORIENTED_EDGE('',*,*,#3617,.F.);
#18128 = ORIENTED_EDGE('',*,*,#18129,.T.);
#18129 = EDGE_CURVE('',#3610,#8069,#18130,.T.);
#18130 = LINE('',#18131,#18132);
#18131 = CARTESIAN_POINT('',(20.950000762939,5.04736995697,
    4.199999809265));
#18132 = VECTOR('',#18133,1.);
#18133 = DIRECTION('',(0.,0.,-1.));
#18134 = ORIENTED_EDGE('',*,*,#8146,.T.);
#18135 = ORIENTED_EDGE('',*,*,#17865,.F.);
#18136 = PLANE('',#18137);
#18137 = AXIS2_PLACEMENT_3D('',#18138,#18139,#18140);
#18138 = CARTESIAN_POINT('',(20.890200614929,5.087339878082,
    2.699999928474));
#18139 = DIRECTION('',(0.555692675145,0.831387786048,0.));
#18140 = DIRECTION('',(0.831387786048,-0.555692675145,0.));
#18141 = ADVANCED_FACE('',(#18142),#18148,.T.);
#18142 = FACE_BOUND('',#18143,.T.);
#18143 = EDGE_LOOP('',(#18144,#18145,#18146,#18147));
#18144 = ORIENTED_EDGE('',*,*,#8782,.F.);
#18145 = ORIENTED_EDGE('',*,*,#7091,.T.);
#18146 = ORIENTED_EDGE('',*,*,#8641,.F.);
#18147 = ORIENTED_EDGE('',*,*,#3505,.F.);
#18148 = PLANE('',#18149);
#18149 = AXIS2_PLACEMENT_3D('',#18150,#18151,#18152);
#18150 = CARTESIAN_POINT('',(22.539400100708,5.647175073624,
    2.699999928474));
#18151 = DIRECTION('',(-0.947037659646,0.321122517447,-0.));
#18152 = DIRECTION('',(-0.321122517447,-0.947037659646,0.));
#18153 = ADVANCED_FACE('',(#18154),#18165,.T.);
#18154 = FACE_BOUND('',#18155,.T.);
#18155 = EDGE_LOOP('',(#18156,#18157,#18158,#18159));
#18156 = ORIENTED_EDGE('',*,*,#3409,.F.);
#18157 = ORIENTED_EDGE('',*,*,#18090,.F.);
#18158 = ORIENTED_EDGE('',*,*,#7747,.T.);
#18159 = ORIENTED_EDGE('',*,*,#18160,.T.);
#18160 = EDGE_CURVE('',#7718,#3410,#18161,.T.);
#18161 = LINE('',#18162,#18163);
#18162 = CARTESIAN_POINT('',(21.920999526978,7.016270160675,
    1.200000047684));
#18163 = VECTOR('',#18164,1.);
#18164 = DIRECTION('',(0.,0.,1.));
#18165 = PLANE('',#18166);
#18166 = AXIS2_PLACEMENT_3D('',#18167,#18168,#18169);
#18167 = CARTESIAN_POINT('',(21.852849960327,7.039395093918,
    2.699999928474));
#18168 = DIRECTION('',(-0.321330722431,-0.946967035763,-0.));
#18169 = DIRECTION('',(-0.946967035763,0.321330722431,0.));
#18170 = ADVANCED_FACE('',(#18171),#18177,.T.);
#18171 = FACE_BOUND('',#18172,.T.);
#18172 = EDGE_LOOP('',(#18173,#18174,#18175,#18176));
#18173 = ORIENTED_EDGE('',*,*,#3417,.F.);
#18174 = ORIENTED_EDGE('',*,*,#18160,.F.);
#18175 = ORIENTED_EDGE('',*,*,#7717,.T.);
#18176 = ORIENTED_EDGE('',*,*,#17631,.F.);
#18177 = PLANE('',#18178);
#18178 = AXIS2_PLACEMENT_3D('',#18179,#18180,#18181);
#18179 = CARTESIAN_POINT('',(21.985499382019,6.984450101852,
    2.699999928474));
#18180 = DIRECTION('',(-0.442425693956,-0.896805165756,-0.));
#18181 = DIRECTION('',(-0.896805165756,0.442425693956,0.));
#18182 = ADVANCED_FACE('',(#18183),#18189,.T.);
#18183 = FACE_BOUND('',#18184,.T.);
#18184 = EDGE_LOOP('',(#18185,#18186,#18187,#18188));
#18185 = ORIENTED_EDGE('',*,*,#17764,.F.);
#18186 = ORIENTED_EDGE('',*,*,#3673,.F.);
#18187 = ORIENTED_EDGE('',*,*,#18070,.F.);
#18188 = ORIENTED_EDGE('',*,*,#7978,.T.);
#18189 = PLANE('',#18190);
#18190 = AXIS2_PLACEMENT_3D('',#18191,#18192,#18193);
#18191 = CARTESIAN_POINT('',(20.404700279236,5.928210020065,
    2.699999928474));
#18192 = DIRECTION('',(0.997863187559,6.533803574754E-02,0.));
#18193 = DIRECTION('',(-6.533803574754E-02,0.997863187559,0.));
#18194 = ADVANCED_FACE('',(#18195),#18206,.T.);
#18195 = FACE_BOUND('',#18196,.T.);
#18196 = EDGE_LOOP('',(#18197,#18198,#18204,#18205));
#18197 = ORIENTED_EDGE('',*,*,#3369,.F.);
#18198 = ORIENTED_EDGE('',*,*,#18199,.T.);
#18199 = EDGE_CURVE('',#3362,#5755,#18200,.T.);
#18200 = LINE('',#18201,#18202);
#18201 = CARTESIAN_POINT('',(21.079000473022,7.016270160675,
    4.199999809265));
#18202 = VECTOR('',#18203,1.);
#18203 = DIRECTION('',(0.,0.,-1.));
#18204 = ORIENTED_EDGE('',*,*,#5793,.T.);
#18205 = ORIENTED_EDGE('',*,*,#17670,.F.);
#18206 = PLANE('',#18207);
#18207 = AXIS2_PLACEMENT_3D('',#18208,#18209,#18210);
#18208 = CARTESIAN_POINT('',(21.147150039673,7.039395093918,
    2.699999928474));
#18209 = DIRECTION('',(0.321330722431,-0.946967035763,-0.));
#18210 = DIRECTION('',(-0.946967035763,-0.321330722431,0.));
#18211 = ADVANCED_FACE('',(#18212),#18218,.T.);
#18212 = FACE_BOUND('',#18213,.T.);
#18213 = EDGE_LOOP('',(#18214,#18215,#18216,#18217));
#18214 = ORIENTED_EDGE('',*,*,#3609,.F.);
#18215 = ORIENTED_EDGE('',*,*,#17743,.F.);
#18216 = ORIENTED_EDGE('',*,*,#8076,.T.);
#18217 = ORIENTED_EDGE('',*,*,#18129,.F.);
#18218 = PLANE('',#18219);
#18219 = AXIS2_PLACEMENT_3D('',#18220,#18221,#18222);
#18220 = CARTESIAN_POINT('',(21.014500617981,5.015549898148,
    2.699999928474));
#18221 = DIRECTION('',(0.442425693956,0.896805165756,0.));
#18222 = DIRECTION('',(0.896805165756,-0.442425693956,0.));
#18223 = ADVANCED_FACE('',(#18224),#18230,.T.);
#18224 = FACE_BOUND('',#18225,.T.);
#18225 = EDGE_LOOP('',(#18226,#18227,#18228,#18229));
#18226 = ORIENTED_EDGE('',*,*,#17888,.F.);
#18227 = ORIENTED_EDGE('',*,*,#3641,.F.);
#18228 = ORIENTED_EDGE('',*,*,#17920,.F.);
#18229 = ORIENTED_EDGE('',*,*,#8331,.T.);
#18230 = PLANE('',#18231);
#18231 = AXIS2_PLACEMENT_3D('',#18232,#18233,#18234);
#18232 = CARTESIAN_POINT('',(20.587349891663,5.390179872513,
    2.699999928474));
#18233 = DIRECTION('',(0.831598237256,0.555377683916,0.));
#18234 = DIRECTION('',(-0.555377683916,0.831598237256,0.));
#18235 = ADVANCED_FACE('',(#18236),#18247,.T.);
#18236 = FACE_BOUND('',#18237,.T.);
#18237 = EDGE_LOOP('',(#18238,#18239,#18245,#18246));
#18238 = ORIENTED_EDGE('',*,*,#3361,.F.);
#18239 = ORIENTED_EDGE('',*,*,#18240,.T.);
#18240 = EDGE_CURVE('',#3354,#5700,#18241,.T.);
#18241 = LINE('',#18242,#18243);
#18242 = CARTESIAN_POINT('',(20.950000762939,6.95263004303,
    4.199999809265));
#18243 = VECTOR('',#18244,1.);
#18244 = DIRECTION('',(0.,0.,-1.));
#18245 = ORIENTED_EDGE('',*,*,#5860,.T.);
#18246 = ORIENTED_EDGE('',*,*,#18199,.F.);
#18247 = PLANE('',#18248);
#18248 = AXIS2_PLACEMENT_3D('',#18249,#18250,#18251);
#18249 = CARTESIAN_POINT('',(21.014500617981,6.984450101852,
    2.699999928474));
#18250 = DIRECTION('',(0.442425693956,-0.896805165756,-0.));
#18251 = DIRECTION('',(-0.896805165756,-0.442425693956,0.));
#18252 = ADVANCED_FACE('',(#18253),#18259,.T.);
#18253 = FACE_BOUND('',#18254,.T.);
#18254 = EDGE_LOOP('',(#18255,#18256,#18257,#18258));
#18255 = ORIENTED_EDGE('',*,*,#3353,.F.);
#18256 = ORIENTED_EDGE('',*,*,#18056,.F.);
#18257 = ORIENTED_EDGE('',*,*,#5707,.T.);
#18258 = ORIENTED_EDGE('',*,*,#18240,.F.);
#18259 = PLANE('',#18260);
#18260 = AXIS2_PLACEMENT_3D('',#18261,#18262,#18263);
#18261 = CARTESIAN_POINT('',(20.890200614929,6.912660121918,
    2.699999928474));
#18262 = DIRECTION('',(0.555692675145,-0.831387786048,-0.));
#18263 = DIRECTION('',(-0.831387786048,-0.555692675145,0.));
#18264 = ADVANCED_FACE('',(#18265),#18269,.F.);
#18265 = FACE_BOUND('',#18266,.F.);
#18266 = EDGE_LOOP('',(#18267,#18268));
#18267 = ORIENTED_EDGE('',*,*,#17321,.F.);
#18268 = ORIENTED_EDGE('',*,*,#1652,.T.);
#18269 = PLANE('',#18270);
#18270 = AXIS2_PLACEMENT_3D('',#18271,#18272,#18273);
#18271 = CARTESIAN_POINT('',(23.653100004421,5.571720076525,
    9.536749701056E-08));
#18272 = DIRECTION('',(0.980746020257,-0.19528759241,0.));
#18273 = DIRECTION('',(0.19528759241,0.980746020257,0.));
#18274 = ADVANCED_FACE('',(#18275),#18279,.F.);
#18275 = FACE_BOUND('',#18276,.F.);
#18276 = EDGE_LOOP('',(#18277,#18278));
#18277 = ORIENTED_EDGE('',*,*,#17315,.F.);
#18278 = ORIENTED_EDGE('',*,*,#1660,.T.);
#18279 = PLANE('',#18280);
#18280 = AXIS2_PLACEMENT_3D('',#18281,#18282,#18283);
#18281 = CARTESIAN_POINT('',(23.690600392087,5.856419992549,
    9.536749701056E-08));
#18282 = DIRECTION('',(0.997863619667,-6.533143611819E-02,0.));
#18283 = DIRECTION('',(6.533143611819E-02,0.997863619667,0.));
#18284 = ADVANCED_FACE('',(#18285),#18289,.F.);
#18285 = FACE_BOUND('',#18286,.F.);
#18286 = EDGE_LOOP('',(#18287,#18288));
#18287 = ORIENTED_EDGE('',*,*,#17327,.F.);
#18288 = ORIENTED_EDGE('',*,*,#1644,.T.);
#18289 = PLANE('',#18290);
#18290 = AXIS2_PLACEMENT_3D('',#18291,#18292,#18293);
#18291 = CARTESIAN_POINT('',(23.57874964135,5.294350102094,
    9.536749701056E-08));
#18292 = DIRECTION('',(0.94693077665,-0.32143755884,0.));
#18293 = DIRECTION('',(0.32143755884,0.94693077665,0.));
#18294 = ADVANCED_FACE('',(#18295),#18299,.F.);
#18295 = FACE_BOUND('',#18296,.F.);
#18296 = EDGE_LOOP('',(#18297,#18298));
#18297 = ORIENTED_EDGE('',*,*,#17333,.F.);
#18298 = ORIENTED_EDGE('',*,*,#1636,.T.);
#18299 = PLANE('',#18300);
#18300 = AXIS2_PLACEMENT_3D('',#18301,#18302,#18303);
#18301 = CARTESIAN_POINT('',(23.468899705789,5.029050068999,
    9.536749701056E-08));
#18302 = DIRECTION('',(0.896985312169,-0.44206034628,0.));
#18303 = DIRECTION('',(0.44206034628,0.896985312169,0.));
#18304 = ADVANCED_FACE('',(#18305),#18309,.F.);
#18305 = FACE_BOUND('',#18306,.F.);
#18306 = EDGE_LOOP('',(#18307,#18308));
#18307 = ORIENTED_EDGE('',*,*,#17424,.F.);
#18308 = ORIENTED_EDGE('',*,*,#1692,.T.);
#18309 = PLANE('',#18310);
#18310 = AXIS2_PLACEMENT_3D('',#18311,#18312,#18313);
#18311 = CARTESIAN_POINT('',(23.468899747947,6.970949845458,
    9.536749701056E-08));
#18312 = DIRECTION('',(0.896985312169,0.44206034628,0.));
#18313 = DIRECTION('',(-0.44206034628,0.896985312169,0.));
#18314 = ADVANCED_FACE('',(#18315),#18319,.F.);
#18315 = FACE_BOUND('',#18316,.F.);
#18316 = EDGE_LOOP('',(#18317,#18318));
#18317 = ORIENTED_EDGE('',*,*,#17412,.F.);
#18318 = ORIENTED_EDGE('',*,*,#1708,.T.);
#18319 = PLANE('',#18320);
#18320 = AXIS2_PLACEMENT_3D('',#18321,#18322,#18323);
#18321 = CARTESIAN_POINT('',(23.150499375318,7.447450125134,
    9.536749701056E-08));
#18322 = DIRECTION('',(0.751740668852,0.659458843897,0.));
#18323 = DIRECTION('',(-0.659458843897,0.751740668852,0.));
#18324 = ADVANCED_FACE('',(#18325),#18329,.F.);
#18325 = FACE_BOUND('',#18326,.F.);
#18326 = EDGE_LOOP('',(#18327,#18328));
#18327 = ORIENTED_EDGE('',*,*,#17345,.F.);
#18328 = ORIENTED_EDGE('',*,*,#1620,.T.);
#18329 = PLANE('',#18330);
#18330 = AXIS2_PLACEMENT_3D('',#18331,#18332,#18333);
#18331 = CARTESIAN_POINT('',(23.150499312427,4.552549803174,
    9.536749701056E-08));
#18332 = DIRECTION('',(0.751740668852,-0.659458843897,0.));
#18333 = DIRECTION('',(0.659458843897,0.751740668852,0.));
#18334 = ADVANCED_FACE('',(#18335),#18339,.F.);
#18335 = FACE_BOUND('',#18336,.F.);
#18336 = EDGE_LOOP('',(#18337,#18338));
#18337 = ORIENTED_EDGE('',*,*,#17436,.F.);
#18338 = ORIENTED_EDGE('',*,*,#1676,.T.);
#18339 = PLANE('',#18340);
#18340 = AXIS2_PLACEMENT_3D('',#18341,#18342,#18343);
#18341 = CARTESIAN_POINT('',(23.653100023045,6.428279829943,
    9.536749701056E-08));
#18342 = DIRECTION('',(0.980746020257,0.19528759241,0.));
#18343 = DIRECTION('',(-0.19528759241,0.980746020257,0.));
#18344 = ADVANCED_FACE('',(#18345),#18349,.F.);
#18345 = FACE_BOUND('',#18346,.F.);
#18346 = EDGE_LOOP('',(#18347,#18348));
#18347 = ORIENTED_EDGE('',*,*,#17430,.F.);
#18348 = ORIENTED_EDGE('',*,*,#1684,.T.);
#18349 = PLANE('',#18350);
#18350 = AXIS2_PLACEMENT_3D('',#18351,#18352,#18353);
#18351 = CARTESIAN_POINT('',(23.578749672005,6.705649807599,
    9.536749701056E-08));
#18352 = DIRECTION('',(0.94693077665,0.32143755884,0.));
#18353 = DIRECTION('',(-0.32143755884,0.94693077665,0.));
#18354 = ADVANCED_FACE('',(#18355),#18359,.F.);
#18355 = FACE_BOUND('',#18356,.F.);
#18356 = EDGE_LOOP('',(#18357,#18358));
#18357 = ORIENTED_EDGE('',*,*,#17442,.F.);
#18358 = ORIENTED_EDGE('',*,*,#1668,.T.);
#18359 = PLANE('',#18360);
#18360 = AXIS2_PLACEMENT_3D('',#18361,#18362,#18363);
#18361 = CARTESIAN_POINT('',(23.690600398318,6.143579912288,
    9.536749701056E-08));
#18362 = DIRECTION('',(0.997863619667,6.533143611819E-02,0.));
#18363 = DIRECTION('',(-6.533143611819E-02,0.997863619667,0.));
#18364 = ADVANCED_FACE('',(#18365),#18369,.F.);
#18365 = FACE_BOUND('',#18366,.F.);
#18366 = EDGE_LOOP('',(#18367,#18368));
#18367 = ORIENTED_EDGE('',*,*,#17339,.T.);
#18368 = ORIENTED_EDGE('',*,*,#1628,.T.);
#18369 = PLANE('',#18370);
#18370 = AXIS2_PLACEMENT_3D('',#18371,#18372,#18373);
#18371 = CARTESIAN_POINT('',(23.325349781245,4.780364950589,
    9.536749701056E-08));
#18372 = DIRECTION('',(0.831428803208,-0.55563130329,0.));
#18373 = DIRECTION('',(0.55563130329,0.831428803208,0.));
#18374 = ADVANCED_FACE('',(#18375),#18379,.T.);
#18375 = FACE_BOUND('',#18376,.T.);
#18376 = EDGE_LOOP('',(#18377,#18378));
#18377 = ORIENTED_EDGE('',*,*,#17387,.F.);
#18378 = ORIENTED_EDGE('',*,*,#1444,.F.);
#18379 = PLANE('',#18380);
#18380 = AXIS2_PLACEMENT_3D('',#18381,#18382,#18383);
#18381 = CARTESIAN_POINT('',(19.531100252053,6.970949845458,
    9.536749701056E-08));
#18382 = DIRECTION('',(0.896985312169,-0.44206034628,0.));
#18383 = DIRECTION('',(0.44206034628,0.896985312169,0.));
#18384 = ADVANCED_FACE('',(#18385),#18389,.F.);
#18385 = FACE_BOUND('',#18386,.F.);
#18386 = EDGE_LOOP('',(#18387,#18388));
#18387 = ORIENTED_EDGE('',*,*,#17418,.T.);
#18388 = ORIENTED_EDGE('',*,*,#1700,.T.);
#18389 = PLANE('',#18390);
#18390 = AXIS2_PLACEMENT_3D('',#18391,#18392,#18393);
#18391 = CARTESIAN_POINT('',(23.325349834234,7.21963497012,
    9.536749701056E-08));
#18392 = DIRECTION('',(0.831428803208,0.55563130329,0.));
#18393 = DIRECTION('',(-0.55563130329,0.831428803208,0.));
#18394 = ADVANCED_FACE('',(#18395),#18399,.T.);
#18395 = FACE_BOUND('',#18396,.T.);
#18396 = EDGE_LOOP('',(#18397,#18398));
#18397 = ORIENTED_EDGE('',*,*,#17372,.F.);
#18398 = ORIENTED_EDGE('',*,*,#1484,.F.);
#18399 = PLANE('',#18400);
#18400 = AXIS2_PLACEMENT_3D('',#18401,#18402,#18403);
#18401 = CARTESIAN_POINT('',(19.346899995579,5.571720076525,
    9.536749701056E-08));
#18402 = DIRECTION('',(0.980746020257,0.19528759241,0.));
#18403 = DIRECTION('',(-0.19528759241,0.980746020257,0.));
#18404 = ADVANCED_FACE('',(#18405),#18409,.T.);
#18405 = FACE_BOUND('',#18406,.T.);
#18406 = EDGE_LOOP('',(#18407,#18408));
#18407 = ORIENTED_EDGE('',*,*,#17380,.F.);
#18408 = ORIENTED_EDGE('',*,*,#1460,.F.);
#18409 = PLANE('',#18410);
#18410 = AXIS2_PLACEMENT_3D('',#18411,#18412,#18413);
#18411 = CARTESIAN_POINT('',(19.346899976955,6.428279829943,
    9.536749701056E-08));
#18412 = DIRECTION('',(0.980746020257,-0.19528759241,0.));
#18413 = DIRECTION('',(0.19528759241,0.980746020257,0.));
#18414 = ADVANCED_FACE('',(#18415),#18419,.T.);
#18415 = FACE_BOUND('',#18416,.T.);
#18416 = EDGE_LOOP('',(#18417,#18418));
#18417 = ORIENTED_EDGE('',*,*,#17394,.F.);
#18418 = ORIENTED_EDGE('',*,*,#1428,.F.);
#18419 = PLANE('',#18420);
#18420 = AXIS2_PLACEMENT_3D('',#18421,#18422,#18423);
#18421 = CARTESIAN_POINT('',(19.849500624682,7.447450125134,
    9.536749701056E-08));
#18422 = DIRECTION('',(0.751740668852,-0.659458843897,0.));
#18423 = DIRECTION('',(0.659458843897,0.751740668852,0.));
#18424 = ADVANCED_FACE('',(#18425),#18429,.T.);
#18425 = FACE_BOUND('',#18426,.T.);
#18426 = EDGE_LOOP('',(#18427,#18428));
#18427 = ORIENTED_EDGE('',*,*,#17364,.F.);
#18428 = ORIENTED_EDGE('',*,*,#1508,.F.);
#18429 = PLANE('',#18430);
#18430 = AXIS2_PLACEMENT_3D('',#18431,#18432,#18433);
#18431 = CARTESIAN_POINT('',(19.674650218755,4.780364950589,
    9.536749701056E-08));
#18432 = DIRECTION('',(0.831428803208,0.55563130329,0.));
#18433 = DIRECTION('',(-0.55563130329,0.831428803208,0.));
#18434 = ADVANCED_FACE('',(#18435),#18453,.T.);
#18435 = FACE_BOUND('',#18436,.T.);
#18436 = EDGE_LOOP('',(#18437,#18438,#18446,#18452));
#18437 = ORIENTED_EDGE('',*,*,#869,.F.);
#18438 = ORIENTED_EDGE('',*,*,#18439,.T.);
#18439 = EDGE_CURVE('',#862,#18440,#18442,.T.);
#18440 = VERTEX_POINT('',#18441);
#18441 = CARTESIAN_POINT('',(-7.25,28.75,3.25));
#18442 = LINE('',#18443,#18444);
#18443 = CARTESIAN_POINT('',(-5.256130218506,28.75,0.));
#18444 = VECTOR('',#18445,1.);
#18445 = DIRECTION('',(-0.522930785048,0.,0.852375148658));
#18446 = ORIENTED_EDGE('',*,*,#18447,.T.);
#18447 = EDGE_CURVE('',#18440,#13801,#18448,.T.);
#18448 = LINE('',#18449,#18450);
#18449 = CARTESIAN_POINT('',(-7.25,28.75,3.25));
#18450 = VECTOR('',#18451,1.);
#18451 = DIRECTION('',(0.,-1.,0.));
#18452 = ORIENTED_EDGE('',*,*,#13800,.T.);
#18453 = PLANE('',#18454);
#18454 = AXIS2_PLACEMENT_3D('',#18455,#18456,#18457);
#18455 = CARTESIAN_POINT('',(-6.267844447815,13.792761681301,
    1.649090264455));
#18456 = DIRECTION('',(0.852375148658,0.,0.522930785048));
#18457 = DIRECTION('',(-0.522930785048,0.,0.852375148658));
#18458 = ADVANCED_FACE('',(#18459),#18477,.T.);
#18459 = FACE_BOUND('',#18460,.T.);
#18460 = EDGE_LOOP('',(#18461,#18469,#18470,#18471));
#18461 = ORIENTED_EDGE('',*,*,#18462,.T.);
#18462 = EDGE_CURVE('',#18463,#22,#18465,.T.);
#18463 = VERTEX_POINT('',#18464);
#18464 = CARTESIAN_POINT('',(7.25,28.75,3.25));
#18465 = LINE('',#18466,#18467);
#18466 = CARTESIAN_POINT('',(7.25,28.75,3.25));
#18467 = VECTOR('',#18468,1.);
#18468 = DIRECTION('',(0.,-1.,0.));
#18469 = ORIENTED_EDGE('',*,*,#13851,.F.);
#18470 = ORIENTED_EDGE('',*,*,#18447,.F.);
#18471 = ORIENTED_EDGE('',*,*,#18472,.T.);
#18472 = EDGE_CURVE('',#18440,#18463,#18473,.T.);
#18473 = LINE('',#18474,#18475);
#18474 = CARTESIAN_POINT('',(-7.25,28.75,3.25));
#18475 = VECTOR('',#18476,1.);
#18476 = DIRECTION('',(1.,0.,0.));
#18477 = PLANE('',#18478);
#18478 = AXIS2_PLACEMENT_3D('',#18479,#18480,#18481);
#18479 = CARTESIAN_POINT('',(0.,13.574999988079,3.25));
#18480 = DIRECTION('',(-0.,-0.,-1.));
#18481 = DIRECTION('',(-1.,0.,0.));
#18482 = ADVANCED_FACE('',(#18483),#18494,.T.);
#18483 = FACE_BOUND('',#18484,.T.);
#18484 = EDGE_LOOP('',(#18485,#18486,#18487,#18488));
#18485 = ORIENTED_EDGE('',*,*,#18472,.F.);
#18486 = ORIENTED_EDGE('',*,*,#18439,.F.);
#18487 = ORIENTED_EDGE('',*,*,#861,.F.);
#18488 = ORIENTED_EDGE('',*,*,#18489,.T.);
#18489 = EDGE_CURVE('',#854,#18463,#18490,.T.);
#18490 = LINE('',#18491,#18492);
#18491 = CARTESIAN_POINT('',(5.256130218506,28.75,0.));
#18492 = VECTOR('',#18493,1.);
#18493 = DIRECTION('',(0.522930785048,0.,0.852375148658));
#18494 = PLANE('',#18495);
#18495 = AXIS2_PLACEMENT_3D('',#18496,#18497,#18498);
#18496 = CARTESIAN_POINT('',(-5.442601439851E-17,28.75,1.823543865087));
#18497 = DIRECTION('',(-0.,-1.,-0.));
#18498 = DIRECTION('',(0.,0.,-1.));
#18499 = ADVANCED_FACE('',(#18500),#18506,.T.);
#18500 = FACE_BOUND('',#18501,.T.);
#18501 = EDGE_LOOP('',(#18502,#18503,#18504,#18505));
#18502 = ORIENTED_EDGE('',*,*,#18489,.F.);
#18503 = ORIENTED_EDGE('',*,*,#853,.F.);
#18504 = ORIENTED_EDGE('',*,*,#21,.F.);
#18505 = ORIENTED_EDGE('',*,*,#18462,.F.);
#18506 = PLANE('',#18507);
#18507 = AXIS2_PLACEMENT_3D('',#18508,#18509,#18510);
#18508 = CARTESIAN_POINT('',(6.267844447815,13.792761681301,
    1.649090264455));
#18509 = DIRECTION('',(-0.852375148658,-0.,0.522930785048));
#18510 = DIRECTION('',(-0.522930785048,0.,-0.852375148658));
#18511 = ( GEOMETRIC_REPRESENTATION_CONTEXT(3) 
GLOBAL_UNCERTAINTY_ASSIGNED_CONTEXT((#18515)) 
GLOBAL_UNIT_ASSIGNED_CONTEXT((#18512,#18513,#18514)) 
REPRESENTATION_CONTEXT('Context #1',
  '3D Context with UNIT and UNCERTAINTY') );
#18512 = ( LENGTH_UNIT() NAMED_UNIT(*) SI_UNIT(.MILLI.,.METRE.) );
#18513 = ( NAMED_UNIT(*) PLANE_ANGLE_UNIT() SI_UNIT($,.RADIAN.) );
#18514 = ( NAMED_UNIT(*) SI_UNIT($,.STERADIAN.) SOLID_ANGLE_UNIT() );
#18515 = UNCERTAINTY_MEASURE_WITH_UNIT(LENGTH_MEASURE(1.E-07),#18512,
  'distance_accuracy_value','confusion accuracy');
#18516 = PRODUCT_RELATED_PRODUCT_CATEGORY('part',$,(#7));
ENDSEC;
END-ISO-10303-21;
