ISO-10303-21;
HEADER;
FILE_DESCRIPTION(('FreeCAD Model'),'2;1');
FILE_NAME('Open CASCADE Shape Model','2026-09-30T21:18:03',('FreeCAD'),(
    'FreeCAD'),'Open CASCADE STEP processor 7.9','FreeCAD','Unknown');
FILE_SCHEMA(('AUTOMOTIVE_DESIGN { 1 0 10303 214 1 1 1 1 }'));
ENDSEC;
DATA;
#1 = APPLICATION_PROTOCOL_DEFINITION('international standard',
  'automotive_design',2000,#2);
#2 = APPLICATION_CONTEXT(
  'core data for automotive mechanical design processes');
#3 = SHAPE_DEFINITION_REPRESENTATION(#4,#10);
#4 = PRODUCT_DEFINITION_SHAPE('','',#5);
#5 = PRODUCT_DEFINITION('design','',#6,#9);
#6 = PRODUCT_DEFINITION_FORMATION('','',#7);
#7 = PRODUCT('Open CASCADE STEP translator 7.9 1',
  'Open CASCADE STEP translator 7.9 1','',(#8));
#8 = PRODUCT_CONTEXT('',#2,'mechanical');
#9 = PRODUCT_DEFINITION_CONTEXT('part definition',#2,'design');
#10 = ADVANCED_BREP_SHAPE_REPRESENTATION('',(#11,#15),#17558);
#11 = AXIS2_PLACEMENT_3D('',#12,#13,#14);
#12 = CARTESIAN_POINT('',(0.,0.,0.));
#13 = DIRECTION('',(0.,0.,1.));
#14 = DIRECTION('',(1.,0.,-0.));
#15 = MANIFOLD_SOLID_BREP('',#16);
#16 = CLOSED_SHELL('',(#17,#49,#72,#104,#127,#148,#164,#187,#217,#240,
    #256,#279,#302,#325,#348,#380,#403,#424,#440,#463,#493,#516,#546,
    #562,#578,#609,#641,#664,#1518,#1541,#1564,#1822,#1862,#1893,#1924,
    #2019,#2050,#2081,#2112,#2146,#2175,#2342,#2382,#2413,#2444,#2475,
    #2509,#2540,#2617,#2657,#2688,#2719,#2741,#2772,#2796,#2827,#2851,
    #2882,#2906,#2937,#2961,#2978,#3047,#3078,#3109,#3140,#3204,#3235,
    #3259,#3283,#3307,#3395,#3450,#3481,#3505,#3529,#3546,#3575,#3604,
    #3655,#3686,#4994,#5025,#5056,#5096,#5127,#5889,#5920,#5944,#5975,
    #6006,#6028,#6050,#6072,#6094,#6116,#6138,#6155,#6172,#6194,#6211,
    #6233,#6250,#6267,#6284,#6301,#6323,#6340,#6362,#6379,#6396,#6436,
    #6467,#7229,#7260,#7284,#7315,#7346,#7368,#7390,#7407,#7429,#7451,
    #7468,#7485,#7507,#7529,#7551,#7568,#7585,#7607,#7624,#7641,#7658,
    #7680,#7697,#7728,#7757,#7781,#7805,#7827,#7849,#7866,#7888,#7910,
    #7932,#7949,#7966,#8405,#8445,#8476,#8507,#8531,#8548,#8588,#8619,
    #8650,#8674,#8691,#8722,#8754,#8777,#8800,#8823,#8853,#8876,#8899,
    #8929,#8945,#8968,#8991,#9021,#9037,#9053,#9076,#9099,#9120,#9143,
    #9166,#9182,#9212,#9235,#9258,#9274,#9291,#9322,#9352,#9375,#9391,
    #9414,#9437,#9469,#9492,#9515,#9545,#9561,#9584,#9607,#9630,#9653,
    #9685,#9708,#9731,#9754,#9775,#9798,#9814,#9835,#9851,#9874,#9898,
    #9922,#9954,#9977,#10000,#10030,#10046,#10069,#10092,#10115,#10138,
    #10161,#10184,#10207,#10230,#10253,#10276,#10306,#10322,#10345,
    #10368,#10391,#10419,#10442,#10458,#10474,#10491,#10508,#10762,
    #10784,#10806,#10823,#10840,#10857,#10869,#10886,#10903,#10925,
    #10942,#10959,#10976,#10993,#11010,#11080,#11102,#11124,#11141,
    #11158,#11175,#11187,#11554,#11571,#11583,#11600,#11622,#11639,
    #11661,#11678,#11695,#11712,#11729,#11746,#11758,#11780,#11797,
    #11814,#11826,#11838,#11850,#11862,#11874,#11886,#11898,#11910,
    #11922,#11939,#11951,#11973,#11995,#12017,#12039,#12065,#12087,
    #12118,#12140,#12157,#12179,#12201,#12223,#12245,#12257,#12269,
    #12291,#12308,#12325,#12349,#12361,#12378,#12395,#12412,#12424,
    #12436,#12448,#12460,#12472,#12489,#12501,#12513,#12525,#12537,
    #12554,#12566,#12583,#12595,#12607,#12619,#12631,#12648,#12660,
    #12684,#12708,#12725,#12743,#12760,#12772,#12789,#12801,#12813,
    #12837,#12861,#12878,#12902,#12914,#12931,#12948,#12972,#12984,
    #13001,#13013,#13025,#13042,#13066,#13088,#13119,#13134,#13154,
    #13166,#13188,#13203,#13218,#13233,#13248,#13265,#13282,#13299,
    #13311,#13333,#13355,#13367,#13379,#13396,#13413,#13435,#13447,
    #13464,#13476,#13493,#13510,#13522,#13534,#13546,#13558,#13575,
    #13597,#13609,#13626,#13638,#13650,#13662,#13674,#13691,#13708,
    #13725,#13747,#13769,#13786,#13808,#13830,#13847,#13859,#13876,
    #13888,#13905,#13917,#13934,#13951,#13963,#13985,#14002,#14014,
    #14026,#14038,#14050,#14067,#14079,#14096,#14108,#14120,#14132,
    #14144,#14156,#14168,#14185,#14197,#14214,#14226,#14243,#14260,
    #14277,#14294,#14309,#14323,#14338,#14352,#14383,#14407,#14431,
    #14462,#14486,#14510,#14541,#14558,#14589,#14606,#14637,#14661,
    #14685,#14716,#14747,#14771,#14795,#14826,#14857,#14881,#14905,
    #14922,#14946,#14970,#14987,#15011,#15035,#15059,#15195,#15537,
    #15549,#15566,#15578,#15595,#15612,#15624,#15641,#15653,#15665,
    #15677,#15694,#15706,#15718,#15730,#15752,#15769,#15786,#15808,
    #15825,#15842,#15864,#15876,#15898,#15910,#15932,#15949,#15966,
    #15988,#16010,#16027,#16044,#16066,#16088,#16105,#16122,#16134,
    #16151,#16168,#16185,#16197,#16214,#16231,#16248,#16260,#16277,
    #16289,#16306,#16323,#16335,#16347,#16359,#16371,#16388,#16400,
    #16412,#16424,#16446,#16468,#16490,#16512,#16524,#16546,#16568,
    #16590,#16612,#16634,#16656,#16678,#16700,#16722,#16734,#16756,
    #16778,#16800,#16822,#16844,#16856,#16878,#16900,#16922,#16944,
    #16966,#16988,#17010,#17032,#17054,#17066,#17088,#17110,#17132,
    #17154,#17176,#17188,#17200,#17212,#17224,#17236,#17248,#17260,
    #17272,#17284,#17296,#17308,#17320,#17332,#17344,#17356,#17368,
    #17380,#17392,#17404,#17416,#17428,#17440,#17452,#17464,#17476,
    #17488,#17500,#17512,#17529,#17546));
#17 = ADVANCED_FACE('',(#18),#44,.T.);
#18 = FACE_BOUND('',#19,.T.);
#19 = EDGE_LOOP('',(#20,#30,#38));
#20 = ORIENTED_EDGE('',*,*,#21,.T.);
#21 = EDGE_CURVE('',#22,#24,#26,.T.);
#22 = VERTEX_POINT('',#23);
#23 = CARTESIAN_POINT('',(-24.85000038147,-35.9481010437,0.));
#24 = VERTEX_POINT('',#25);
#25 = CARTESIAN_POINT('',(-25.78499984741,-36.52339935302,1.));
#26 = LINE('',#27,#28);
#27 = CARTESIAN_POINT('',(-24.85000038147,-35.9481010437,0.));
#28 = VECTOR('',#29,1.);
#29 = DIRECTION('',(-0.629633960232,-0.387409154775,0.6734056897));
#30 = ORIENTED_EDGE('',*,*,#31,.T.);
#31 = EDGE_CURVE('',#24,#32,#34,.T.);
#32 = VERTEX_POINT('',#33);
#33 = CARTESIAN_POINT('',(-25.17630004882,-35.73009872436,0.));
#34 = LINE('',#35,#36);
#35 = CARTESIAN_POINT('',(-25.78499984741,-36.52339935302,1.));
#36 = VECTOR('',#37,1.);
#37 = DIRECTION('',(0.430432829578,0.560970506472,-0.707134831619));
#38 = ORIENTED_EDGE('',*,*,#39,.T.);
#39 = EDGE_CURVE('',#32,#22,#40,.T.);
#40 = LINE('',#41,#42);
#41 = CARTESIAN_POINT('',(-25.17630004882,-35.73009872436,0.));
#42 = VECTOR('',#43,1.);
#43 = DIRECTION('',(0.831498036856,-0.555527690314,0.));
#44 = PLANE('',#45);
#45 = AXIS2_PLACEMENT_3D('',#46,#47,#48);
#46 = CARTESIAN_POINT('',(-25.35130932543,-36.14163103164,0.440389566857
    ));
#47 = DIRECTION('',(-0.393254155875,-0.588611628721,-0.706319700576));
#48 = DIRECTION('',(-2.775557561563E-17,-0.768214925885,0.640192024043)
  );
#49 = ADVANCED_FACE('',(#50),#67,.T.);
#50 = FACE_BOUND('',#51,.T.);
#51 = EDGE_LOOP('',(#52,#60,#61));
#52 = ORIENTED_EDGE('',*,*,#53,.F.);
#53 = EDGE_CURVE('',#24,#54,#56,.T.);
#54 = VERTEX_POINT('',#55);
#55 = CARTESIAN_POINT('',(-25.35000038147,-36.81409835815,1.));
#56 = LINE('',#57,#58);
#57 = CARTESIAN_POINT('',(-25.78499984741,-36.52339935302,1.));
#58 = VECTOR('',#59,1.);
#59 = DIRECTION('',(0.831432832702,-0.555625273638,0.));
#60 = ORIENTED_EDGE('',*,*,#21,.F.);
#61 = ORIENTED_EDGE('',*,*,#62,.F.);
#62 = EDGE_CURVE('',#54,#22,#63,.T.);
#63 = LINE('',#64,#65);
#64 = CARTESIAN_POINT('',(-25.35000038147,-36.81409835815,1.));
#65 = VECTOR('',#66,1.);
#66 = DIRECTION('',(0.353557690885,0.612360021621,-0.70711538177));
#67 = PLANE('',#68);
#68 = AXIS2_PLACEMENT_3D('',#69,#70,#71);
#69 = CARTESIAN_POINT('',(-25.26584328386,-36.36200581041,0.576436994263
    ));
#70 = DIRECTION('',(-0.393312668256,-0.588549660034,-0.70633875914));
#71 = DIRECTION('',(-2.775557561563E-17,-0.768256568145,0.640142051034)
  );
#72 = ADVANCED_FACE('',(#73),#99,.T.);
#73 = FACE_BOUND('',#74,.T.);
#74 = EDGE_LOOP('',(#75,#85,#93));
#75 = ORIENTED_EDGE('',*,*,#76,.F.);
#76 = EDGE_CURVE('',#77,#79,#81,.T.);
#77 = VERTEX_POINT('',#78);
#78 = CARTESIAN_POINT('',(-24.88069915771,-37.04550170898,1.));
#79 = VERTEX_POINT('',#80);
#80 = CARTESIAN_POINT('',(-24.38529968261,-37.21369934082,1.));
#81 = LINE('',#82,#83);
#82 = CARTESIAN_POINT('',(-24.88069915771,-37.04550170898,1.));
#83 = VECTOR('',#84,1.);
#84 = DIRECTION('',(0.946911411402,-0.321494601755,0.));
#85 = ORIENTED_EDGE('',*,*,#86,.F.);
#86 = EDGE_CURVE('',#87,#77,#89,.T.);
#87 = VERTEX_POINT('',#88);
#88 = CARTESIAN_POINT('',(-24.12649917602,-36.24779891967,0.));
#89 = LINE('',#90,#91);
#90 = CARTESIAN_POINT('',(-24.12649917602,-36.24779891967,0.));
#91 = VECTOR('',#92,1.);
#92 = DIRECTION('',(-0.507887717172,-0.537183052876,0.673412529174));
#93 = ORIENTED_EDGE('',*,*,#94,.T.);
#94 = EDGE_CURVE('',#87,#79,#95,.T.);
#95 = LINE('',#96,#97);
#96 = CARTESIAN_POINT('',(-24.12649917602,-36.24779891967,0.));
#97 = VECTOR('',#98,1.);
#98 = DIRECTION('',(-0.183002277584,-0.683004756508,0.70711715365));
#99 = PLANE('',#100);
#100 = AXIS2_PLACEMENT_3D('',#101,#102,#103);
#101 = CARTESIAN_POINT('',(-24.42102517476,-36.75523066558,
    0.576435119934));
#102 = DIRECTION('',(-0.227578358752,-0.67029599786,-0.706336581157));
#103 = DIRECTION('',(-1.387778780781E-17,-0.725370468735,0.688358687812)
  );
#104 = ADVANCED_FACE('',(#105),#122,.T.);
#105 = FACE_BOUND('',#106,.T.);
#106 = EDGE_LOOP('',(#107,#108,#116));
#107 = ORIENTED_EDGE('',*,*,#86,.T.);
#108 = ORIENTED_EDGE('',*,*,#109,.T.);
#109 = EDGE_CURVE('',#77,#110,#112,.T.);
#110 = VERTEX_POINT('',#111);
#111 = CARTESIAN_POINT('',(-24.49799919128,-36.12160110473,0.));
#112 = LINE('',#113,#114);
#113 = CARTESIAN_POINT('',(-24.88069915771,-37.04550170898,1.));
#114 = VECTOR('',#115,1.);
#115 = DIRECTION('',(0.270606251245,0.653287956543,-0.707097661306));
#116 = ORIENTED_EDGE('',*,*,#117,.T.);
#117 = EDGE_CURVE('',#110,#87,#118,.T.);
#118 = LINE('',#119,#120);
#119 = CARTESIAN_POINT('',(-24.49799919128,-36.12160110473,0.));
#120 = VECTOR('',#121,1.);
#121 = DIRECTION('',(0.946859857113,-0.321646406771,0.));
#122 = PLANE('',#123);
#123 = AXIS2_PLACEMENT_3D('',#124,#125,#126);
#124 = CARTESIAN_POINT('',(-24.56059881676,-36.56447564362,
    0.440400585249));
#125 = DIRECTION('',(-0.227677465836,-0.670234917073,-0.706362603404));
#126 = DIRECTION('',(1.387778780781E-17,-0.725414451303,0.688312337417)
  );
#127 = ADVANCED_FACE('',(#128),#143,.T.);
#128 = FACE_BOUND('',#129,.T.);
#129 = EDGE_LOOP('',(#130,#131,#137));
#130 = ORIENTED_EDGE('',*,*,#109,.F.);
#131 = ORIENTED_EDGE('',*,*,#132,.F.);
#132 = EDGE_CURVE('',#22,#77,#133,.T.);
#133 = LINE('',#134,#135);
#134 = CARTESIAN_POINT('',(-24.85000038147,-35.9481010437,0.));
#135 = VECTOR('',#136,1.);
#136 = DIRECTION('',(-2.06725501837E-02,-0.73898940282,0.67339981303));
#137 = ORIENTED_EDGE('',*,*,#138,.F.);
#138 = EDGE_CURVE('',#110,#22,#139,.T.);
#139 = LINE('',#140,#141);
#140 = CARTESIAN_POINT('',(-24.49799919128,-36.12160110473,0.));
#141 = VECTOR('',#142,1.);
#142 = DIRECTION('',(-0.896961386918,0.44210888973,0.));
#143 = PLANE('',#144);
#144 = AXIS2_PLACEMENT_3D('',#145,#146,#147);
#145 = CARTESIAN_POINT('',(-24.76691996951,-36.47899828498,
    0.440389336632));
#146 = DIRECTION('',(-0.312946893003,-0.634914351872,-0.706362518787));
#147 = DIRECTION('',(0.,-0.743719061627,0.668492301656));
#148 = ADVANCED_FACE('',(#149),#159,.T.);
#149 = FACE_BOUND('',#150,.T.);
#150 = EDGE_LOOP('',(#151,#157,#158));
#151 = ORIENTED_EDGE('',*,*,#152,.F.);
#152 = EDGE_CURVE('',#54,#77,#153,.T.);
#153 = LINE('',#154,#155);
#154 = CARTESIAN_POINT('',(-25.35000038147,-36.81409835815,1.));
#155 = VECTOR('',#156,1.);
#156 = DIRECTION('',(0.89689578741,-0.442241954733,0.));
#157 = ORIENTED_EDGE('',*,*,#62,.T.);
#158 = ORIENTED_EDGE('',*,*,#132,.T.);
#159 = PLANE('',#160);
#160 = AXIS2_PLACEMENT_3D('',#161,#162,#163);
#161 = CARTESIAN_POINT('',(-25.00053212179,-36.51519227279,
    0.576443883956));
#162 = DIRECTION('',(-0.313051711629,-0.634889472599,-0.706338434059));
#163 = DIRECTION('',(-2.775557561563E-17,-0.743720752841,0.668490420121)
  );
#164 = ADVANCED_FACE('',(#165),#182,.T.);
#165 = FACE_BOUND('',#166,.T.);
#166 = EDGE_LOOP('',(#167,#175,#176));
#167 = ORIENTED_EDGE('',*,*,#168,.F.);
#168 = EDGE_CURVE('',#79,#169,#171,.T.);
#169 = VERTEX_POINT('',#170);
#170 = CARTESIAN_POINT('',(-23.87210083007,-37.31579971313,1.));
#171 = LINE('',#172,#173);
#172 = CARTESIAN_POINT('',(-24.38529968261,-37.21369934082,1.));
#173 = VECTOR('',#174,1.);
#174 = DIRECTION('',(0.980778414759,-0.195124834768,0.));
#175 = ORIENTED_EDGE('',*,*,#94,.F.);
#176 = ORIENTED_EDGE('',*,*,#177,.F.);
#177 = EDGE_CURVE('',#169,#87,#178,.T.);
#178 = LINE('',#179,#180);
#179 = CARTESIAN_POINT('',(-23.87210083007,-37.31579971313,1.));
#180 = VECTOR('',#181,1.);
#181 = DIRECTION('',(-0.171307387144,0.719173014721,-0.673382472304));
#182 = PLANE('',#183);
#183 = AXIS2_PLACEMENT_3D('',#184,#185,#186);
#184 = CARTESIAN_POINT('',(-24.12511210428,-36.83454224168,
    0.576443865671));
#185 = DIRECTION('',(-0.138123691087,-0.694267005763,-0.706339274477));
#186 = DIRECTION('',(0.,-0.71317506695,0.700985965537));
#187 = ADVANCED_FACE('',(#188),#212,.T.);
#188 = FACE_BOUND('',#189,.T.);
#189 = EDGE_LOOP('',(#190,#198,#206));
#190 = ORIENTED_EDGE('',*,*,#191,.T.);
#191 = EDGE_CURVE('',#192,#169,#194,.T.);
#192 = VERTEX_POINT('',#193);
#193 = CARTESIAN_POINT('',(-23.35000038147,-36.34999847412,0.));
#194 = LINE('',#195,#196);
#195 = CARTESIAN_POINT('',(-23.35000038147,-36.34999847412,0.));
#196 = VECTOR('',#197,1.);
#197 = DIRECTION('',(-0.351571959858,-0.650351163915,0.673379922953));
#198 = ORIENTED_EDGE('',*,*,#199,.T.);
#199 = EDGE_CURVE('',#169,#200,#202,.T.);
#200 = VERTEX_POINT('',#201);
#201 = CARTESIAN_POINT('',(-23.74160003662,-36.32429885864,0.));
#202 = LINE('',#203,#204);
#203 = CARTESIAN_POINT('',(-23.87210083007,-37.31579971313,1.));
#204 = VECTOR('',#205,1.);
#205 = DIRECTION('',(9.227558760649E-02,0.701078679577,-0.707088326148)
  );
#206 = ORIENTED_EDGE('',*,*,#207,.T.);
#207 = EDGE_CURVE('',#200,#192,#208,.T.);
#208 = LINE('',#209,#210);
#209 = CARTESIAN_POINT('',(-23.74160003662,-36.32429885864,0.));
#210 = VECTOR('',#211,1.);
#211 = DIRECTION('',(0.997853462125,-6.548639648473E-02,0.));
#212 = PLANE('',#213);
#213 = AXIS2_PLACEMENT_3D('',#214,#215,#216);
#214 = CARTESIAN_POINT('',(-23.68739415988,-36.76827483103,
    0.440389846738));
#215 = DIRECTION('',(-4.63540909037E-02,-0.706323642387,-0.706369740618)
  );
#216 = DIRECTION('',(0.,-0.707129854728,0.707083706892));
#217 = ADVANCED_FACE('',(#218),#235,.T.);
#218 = FACE_BOUND('',#219,.T.);
#219 = EDGE_LOOP('',(#220,#228,#229));
#220 = ORIENTED_EDGE('',*,*,#221,.T.);
#221 = EDGE_CURVE('',#222,#169,#224,.T.);
#222 = VERTEX_POINT('',#223);
#223 = CARTESIAN_POINT('',(-23.35000038147,-37.34999847412,1.));
#224 = LINE('',#225,#226);
#225 = CARTESIAN_POINT('',(-23.35000038147,-37.34999847412,1.));
#226 = VECTOR('',#227,1.);
#227 = DIRECTION('',(-0.997861605466,6.536219348922E-02,0.));
#228 = ORIENTED_EDGE('',*,*,#191,.F.);
#229 = ORIENTED_EDGE('',*,*,#230,.F.);
#230 = EDGE_CURVE('',#222,#192,#231,.T.);
#231 = LINE('',#232,#233);
#232 = CARTESIAN_POINT('',(-23.35000038147,-37.34999847412,1.));
#233 = VECTOR('',#234,1.);
#234 = DIRECTION('',(0.,0.707106781187,-0.707106781187));
#235 = PLANE('',#236);
#236 = AXIS2_PLACEMENT_3D('',#237,#238,#239);
#237 = CARTESIAN_POINT('',(-23.50318119049,-36.91640343547,
    0.576438651022));
#238 = DIRECTION('',(-4.626749285197E-02,-0.706349530723,-0.706349530723
    ));
#239 = DIRECTION('',(0.,-0.707106781187,0.707106781187));
#240 = ADVANCED_FACE('',(#241),#251,.T.);
#241 = FACE_BOUND('',#242,.T.);
#242 = EDGE_LOOP('',(#243,#244,#250));
#243 = ORIENTED_EDGE('',*,*,#177,.T.);
#244 = ORIENTED_EDGE('',*,*,#245,.F.);
#245 = EDGE_CURVE('',#200,#87,#246,.T.);
#246 = LINE('',#247,#248);
#247 = CARTESIAN_POINT('',(-23.74160003662,-36.32429885864,0.));
#248 = VECTOR('',#249,1.);
#249 = DIRECTION('',(-0.980815138361,0.194940155846,0.));
#250 = ORIENTED_EDGE('',*,*,#199,.F.);
#251 = PLANE('',#252);
#252 = AXIS2_PLACEMENT_3D('',#253,#254,#255);
#253 = CARTESIAN_POINT('',(-23.90883723342,-36.73913126275,
    0.440391649275));
#254 = DIRECTION('',(-0.137987014228,-0.694263077122,-0.706369849052));
#255 = DIRECTION('',(0.,-0.713192218615,0.700968515204));
#256 = ADVANCED_FACE('',(#257),#274,.T.);
#257 = FACE_BOUND('',#258,.T.);
#258 = EDGE_LOOP('',(#259,#260,#268));
#259 = ORIENTED_EDGE('',*,*,#31,.F.);
#260 = ORIENTED_EDGE('',*,*,#261,.T.);
#261 = EDGE_CURVE('',#24,#262,#264,.T.);
#262 = VERTEX_POINT('',#263);
#263 = CARTESIAN_POINT('',(-25.47130012512,-35.47129821777,0.));
#264 = LINE('',#265,#266);
#265 = CARTESIAN_POINT('',(-25.78499984741,-36.52339935302,1.));
#266 = VECTOR('',#267,1.);
#267 = DIRECTION('',(0.211240847565,0.708469659817,-0.673385510268));
#268 = ORIENTED_EDGE('',*,*,#269,.F.);
#269 = EDGE_CURVE('',#32,#262,#270,.T.);
#270 = LINE('',#271,#272);
#271 = CARTESIAN_POINT('',(-25.17630004882,-35.73009872436,0.));
#272 = VECTOR('',#273,1.);
#273 = DIRECTION('',(-0.751723096773,0.659478874398,0.));
#274 = PLANE('',#275);
#275 = AXIS2_PLACEMENT_3D('',#276,#277,#278);
#276 = CARTESIAN_POINT('',(-25.5284955313,-36.00565293335,0.440389305117
    ));
#277 = DIRECTION('',(-0.46684290819,-0.532142287305,-0.706315995242));
#278 = DIRECTION('',(2.775557561563E-17,-0.798692568412,0.601739296676)
  );
#279 = ADVANCED_FACE('',(#280),#297,.T.);
#280 = FACE_BOUND('',#281,.T.);
#281 = EDGE_LOOP('',(#282,#290,#296));
#282 = ORIENTED_EDGE('',*,*,#283,.F.);
#283 = EDGE_CURVE('',#284,#24,#286,.T.);
#284 = VERTEX_POINT('',#285);
#285 = CARTESIAN_POINT('',(-26.17840003967,-36.17839813232,1.));
#286 = LINE('',#287,#288);
#287 = CARTESIAN_POINT('',(-26.17840003967,-36.17839813232,1.));
#288 = VECTOR('',#289,1.);
#289 = DIRECTION('',(0.751841217621,-0.659344207138,0.));
#290 = ORIENTED_EDGE('',*,*,#291,.T.);
#291 = EDGE_CURVE('',#284,#262,#292,.T.);
#292 = LINE('',#293,#294);
#293 = CARTESIAN_POINT('',(-26.17840003967,-36.17839813232,1.));
#294 = VECTOR('',#295,1.);
#295 = DIRECTION('',(0.49999757226,0.49999757226,-0.707110214513));
#296 = ORIENTED_EDGE('',*,*,#261,.F.);
#297 = PLANE('',#298);
#298 = AXIS2_PLACEMENT_3D('',#299,#300,#301);
#299 = CARTESIAN_POINT('',(-25.76348109886,-35.98012247993,
    0.576442759906));
#300 = DIRECTION('',(-0.466728434471,-0.532204075917,-0.706345092737));
#301 = DIRECTION('',(2.775557561563E-17,-0.798670903528,0.601768051543)
  );
#302 = ADVANCED_FACE('',(#303),#320,.T.);
#303 = FACE_BOUND('',#304,.T.);
#304 = EDGE_LOOP('',(#305,#313,#319));
#305 = ORIENTED_EDGE('',*,*,#306,.F.);
#306 = EDGE_CURVE('',#307,#284,#309,.T.);
#307 = VERTEX_POINT('',#308);
#308 = CARTESIAN_POINT('',(-26.52339935302,-35.78499984741,1.));
#309 = LINE('',#310,#311);
#310 = CARTESIAN_POINT('',(-26.52339935302,-35.78499984741,1.));
#311 = VECTOR('',#312,1.);
#312 = DIRECTION('',(0.659343953638,-0.751841439933,0.));
#313 = ORIENTED_EDGE('',*,*,#314,.T.);
#314 = EDGE_CURVE('',#307,#262,#315,.T.);
#315 = LINE('',#316,#317);
#316 = CARTESIAN_POINT('',(-26.52339935302,-35.78499984741,1.));
#317 = VECTOR('',#318,1.);
#318 = DIRECTION('',(0.708468827885,0.211242266852,-0.673385940312));
#319 = ORIENTED_EDGE('',*,*,#291,.F.);
#320 = PLANE('',#321);
#321 = AXIS2_PLACEMENT_3D('',#322,#323,#324);
#322 = CARTESIAN_POINT('',(-25.9801235313,-35.763479617,0.576442447981)
  );
#323 = DIRECTION('',(-0.532204239153,-0.466728260173,-0.706345084915));
#324 = DIRECTION('',(-0.798670811617,2.775557561563E-17,0.601768173528)
  );
#325 = ADVANCED_FACE('',(#326),#343,.T.);
#326 = FACE_BOUND('',#327,.T.);
#327 = EDGE_LOOP('',(#328,#329,#337));
#328 = ORIENTED_EDGE('',*,*,#314,.F.);
#329 = ORIENTED_EDGE('',*,*,#330,.F.);
#330 = EDGE_CURVE('',#331,#307,#333,.T.);
#331 = VERTEX_POINT('',#332);
#332 = CARTESIAN_POINT('',(-25.73010063171,-35.17630004882,0.));
#333 = LINE('',#334,#335);
#334 = CARTESIAN_POINT('',(-25.73010063171,-35.17630004882,0.));
#335 = VECTOR('',#336,1.);
#336 = DIRECTION('',(-0.560969582155,-0.430433155248,0.707135366645));
#337 = ORIENTED_EDGE('',*,*,#338,.F.);
#338 = EDGE_CURVE('',#262,#331,#339,.T.);
#339 = LINE('',#340,#341);
#340 = CARTESIAN_POINT('',(-25.47130012512,-35.47129821777,0.));
#341 = VECTOR('',#342,1.);
#342 = DIRECTION('',(-0.659481283891,0.751720982944,0.));
#343 = PLANE('',#344);
#344 = AXIS2_PLACEMENT_3D('',#345,#346,#347);
#345 = CARTESIAN_POINT('',(-26.00565414014,-35.52849506335,
    0.440389460394));
#346 = DIRECTION('',(-0.532141228361,-0.466844997616,-0.706315412036));
#347 = DIRECTION('',(-0.798692905115,0.,0.601738849767));
#348 = ADVANCED_FACE('',(#349),#375,.T.);
#349 = FACE_BOUND('',#350,.T.);
#350 = EDGE_LOOP('',(#351,#361,#369));
#351 = ORIENTED_EDGE('',*,*,#352,.T.);
#352 = EDGE_CURVE('',#353,#355,#357,.T.);
#353 = VERTEX_POINT('',#354);
#354 = CARTESIAN_POINT('',(-26.8141002655,-35.34999847412,1.));
#355 = VERTEX_POINT('',#356);
#356 = CARTESIAN_POINT('',(-27.04549980163,-34.88069915771,1.));
#357 = LINE('',#358,#359);
#358 = CARTESIAN_POINT('',(-26.8141002655,-35.34999847412,1.));
#359 = VECTOR('',#360,1.);
#360 = DIRECTION('',(-0.442237536001,0.896897966188,0.));
#361 = ORIENTED_EDGE('',*,*,#362,.T.);
#362 = EDGE_CURVE('',#355,#363,#365,.T.);
#363 = VERTEX_POINT('',#364);
#364 = CARTESIAN_POINT('',(-25.94809913635,-34.84999847412,0.));
#365 = LINE('',#366,#367);
#366 = CARTESIAN_POINT('',(-27.04549980163,-34.88069915771,1.));
#367 = VECTOR('',#368,1.);
#368 = DIRECTION('',(0.738989383198,2.067383404296E-02,-0.673399795149)
  );
#369 = ORIENTED_EDGE('',*,*,#370,.T.);
#370 = EDGE_CURVE('',#363,#353,#371,.T.);
#371 = LINE('',#372,#373);
#372 = CARTESIAN_POINT('',(-25.94809913635,-34.84999847412,0.));
#373 = VECTOR('',#374,1.);
#374 = DIRECTION('',(-0.612361707553,-0.353557106879,0.707114213758));
#375 = PLANE('',#376);
#376 = AXIS2_PLACEMENT_3D('',#377,#378,#379);
#377 = CARTESIAN_POINT('',(-26.51519094184,-35.00053072639,
    0.576443410405));
#378 = DIRECTION('',(-0.634890031189,-0.313048098679,-0.706339533235));
#379 = DIRECTION('',(-0.743720977624,-2.775557561563E-17,0.668490170041)
  );
#380 = ADVANCED_FACE('',(#381),#398,.T.);
#381 = FACE_BOUND('',#382,.T.);
#382 = EDGE_LOOP('',(#383,#384,#392));
#383 = ORIENTED_EDGE('',*,*,#362,.F.);
#384 = ORIENTED_EDGE('',*,*,#385,.T.);
#385 = EDGE_CURVE('',#355,#386,#388,.T.);
#386 = VERTEX_POINT('',#387);
#387 = CARTESIAN_POINT('',(-26.12159919738,-34.49800109863,0.));
#388 = LINE('',#389,#390);
#389 = CARTESIAN_POINT('',(-27.04549980163,-34.88069915771,1.));
#390 = VECTOR('',#391,1.);
#391 = DIRECTION('',(0.653288194967,0.270605001323,-0.707097919369));
#392 = ORIENTED_EDGE('',*,*,#393,.T.);
#393 = EDGE_CURVE('',#386,#363,#394,.T.);
#394 = LINE('',#395,#396);
#395 = CARTESIAN_POINT('',(-26.12159919738,-34.49800109863,0.));
#396 = VECTOR('',#397,1.);
#397 = DIRECTION('',(0.442112744478,-0.896959486917,0.));
#398 = PLANE('',#399);
#399 = AXIS2_PLACEMENT_3D('',#400,#401,#402);
#400 = CARTESIAN_POINT('',(-26.47899682314,-34.76692005894,
    0.440389785776));
#401 = DIRECTION('',(-0.634913363606,-0.312949797381,-0.706362120328));
#402 = DIRECTION('',(-0.743719391467,0.,0.668491934698));
#403 = ADVANCED_FACE('',(#404),#419,.T.);
#404 = FACE_BOUND('',#405,.T.);
#405 = EDGE_LOOP('',(#406,#412,#413));
#406 = ORIENTED_EDGE('',*,*,#407,.T.);
#407 = EDGE_CURVE('',#307,#353,#408,.T.);
#408 = LINE('',#409,#410);
#409 = CARTESIAN_POINT('',(-26.52339935302,-35.78499984741,1.));
#410 = VECTOR('',#411,1.);
#411 = DIRECTION('',(-0.555626109625,0.831432274033,0.));
#412 = ORIENTED_EDGE('',*,*,#370,.F.);
#413 = ORIENTED_EDGE('',*,*,#414,.T.);
#414 = EDGE_CURVE('',#363,#307,#415,.T.);
#415 = LINE('',#416,#417);
#416 = CARTESIAN_POINT('',(-25.94809913635,-34.84999847412,0.));
#417 = VECTOR('',#418,1.);
#418 = DIRECTION('',(-0.387409933116,-0.629634422153,0.673404810024));
#419 = PLANE('',#420);
#420 = AXIS2_PLACEMENT_3D('',#421,#422,#423);
#421 = CARTESIAN_POINT('',(-26.36200572099,-35.26584208538,
    0.576437226192));
#422 = DIRECTION('',(-0.588548350597,-0.393312649245,-0.706339860799));
#423 = DIRECTION('',(-0.76825775958,2.775557561563E-17,0.640140621149));
#424 = ADVANCED_FACE('',(#425),#435,.T.);
#425 = FACE_BOUND('',#426,.T.);
#426 = EDGE_LOOP('',(#427,#428,#429));
#427 = ORIENTED_EDGE('',*,*,#330,.T.);
#428 = ORIENTED_EDGE('',*,*,#414,.F.);
#429 = ORIENTED_EDGE('',*,*,#430,.F.);
#430 = EDGE_CURVE('',#331,#363,#431,.T.);
#431 = LINE('',#432,#433);
#432 = CARTESIAN_POINT('',(-25.73010063171,-35.17630004882,0.));
#433 = VECTOR('',#434,1.);
#434 = DIRECTION('',(-0.555518724243,0.831504027059,0.));
#435 = PLANE('',#436);
#436 = AXIS2_PLACEMENT_3D('',#437,#438,#439);
#437 = CARTESIAN_POINT('',(-26.14163112042,-35.35130877429,
    0.440389653948));
#438 = DIRECTION('',(-0.588616543573,-0.393248259435,-0.706318887672));
#439 = DIRECTION('',(-0.768211934559,0.,0.640195613545));
#440 = ADVANCED_FACE('',(#441),#458,.T.);
#441 = FACE_BOUND('',#442,.T.);
#442 = EDGE_LOOP('',(#443,#444,#452));
#443 = ORIENTED_EDGE('',*,*,#385,.F.);
#444 = ORIENTED_EDGE('',*,*,#445,.F.);
#445 = EDGE_CURVE('',#446,#355,#448,.T.);
#446 = VERTEX_POINT('',#447);
#447 = CARTESIAN_POINT('',(-26.24780082702,-34.12649917602,0.));
#448 = LINE('',#449,#450);
#449 = CARTESIAN_POINT('',(-26.24780082702,-34.12649917602,0.));
#450 = VECTOR('',#451,1.);
#451 = DIRECTION('',(-0.537181225293,-0.507888418032,0.67341345845));
#452 = ORIENTED_EDGE('',*,*,#453,.F.);
#453 = EDGE_CURVE('',#386,#446,#454,.T.);
#454 = LINE('',#455,#456);
#455 = CARTESIAN_POINT('',(-26.12159919738,-34.49800109863,0.));
#456 = VECTOR('',#457,1.);
#457 = DIRECTION('',(-0.321653642987,0.946857398954,0.));
#458 = PLANE('',#459);
#459 = AXIS2_PLACEMENT_3D('',#460,#461,#462);
#460 = CARTESIAN_POINT('',(-26.56447442003,-34.56059912664,
    0.440400132995));
#461 = DIRECTION('',(-0.670233215703,-0.227682601118,-0.70636256251));
#462 = DIRECTION('',(-0.725415303834,0.,0.688311438932));
#463 = ADVANCED_FACE('',(#464),#488,.T.);
#464 = FACE_BOUND('',#465,.T.);
#465 = EDGE_LOOP('',(#466,#476,#482));
#466 = ORIENTED_EDGE('',*,*,#467,.T.);
#467 = EDGE_CURVE('',#468,#470,#472,.T.);
#468 = VERTEX_POINT('',#469);
#469 = CARTESIAN_POINT('',(-27.21369934082,-34.38529968261,1.));
#470 = VERTEX_POINT('',#471);
#471 = CARTESIAN_POINT('',(-27.31579971313,-33.87210083007,1.));
#472 = LINE('',#473,#474);
#473 = CARTESIAN_POINT('',(-27.21369934082,-34.38529968261,1.));
#474 = VECTOR('',#475,1.);
#475 = DIRECTION('',(-0.195124834768,0.980778414759,0.));
#476 = ORIENTED_EDGE('',*,*,#477,.T.);
#477 = EDGE_CURVE('',#470,#446,#478,.T.);
#478 = LINE('',#479,#480);
#479 = CARTESIAN_POINT('',(-27.31579971313,-33.87210083007,1.));
#480 = VECTOR('',#481,1.);
#481 = DIRECTION('',(0.719172394637,-0.171307545379,-0.6733830943));
#482 = ORIENTED_EDGE('',*,*,#483,.T.);
#483 = EDGE_CURVE('',#446,#468,#484,.T.);
#484 = LINE('',#485,#486);
#485 = CARTESIAN_POINT('',(-26.24780082702,-34.12649917602,0.));
#486 = VECTOR('',#487,1.);
#487 = DIRECTION('',(-0.683004036959,-0.183002446163,0.707117805034));
#488 = PLANE('',#489);
#489 = AXIS2_PLACEMENT_3D('',#490,#491,#492);
#490 = CARTESIAN_POINT('',(-26.8345431102,-34.12511210492,0.576443925406
    ));
#491 = DIRECTION('',(-0.69426765514,-0.138123820279,-0.706338610935));
#492 = DIRECTION('',(-0.713174409961,1.387778780781E-17,0.700986633951)
  );
#493 = ADVANCED_FACE('',(#494),#511,.T.);
#494 = FACE_BOUND('',#495,.T.);
#495 = EDGE_LOOP('',(#496,#497,#505));
#496 = ORIENTED_EDGE('',*,*,#477,.F.);
#497 = ORIENTED_EDGE('',*,*,#498,.F.);
#498 = EDGE_CURVE('',#499,#470,#501,.T.);
#499 = VERTEX_POINT('',#500);
#500 = CARTESIAN_POINT('',(-26.32430076599,-33.74160003662,0.));
#501 = LINE('',#502,#503);
#502 = CARTESIAN_POINT('',(-26.32430076599,-33.74160003662,0.));
#503 = VECTOR('',#504,1.);
#504 = DIRECTION('',(-0.701077993796,-9.22756748549E-02,0.707088994714)
  );
#505 = ORIENTED_EDGE('',*,*,#506,.F.);
#506 = EDGE_CURVE('',#446,#499,#507,.T.);
#507 = LINE('',#508,#509);
#508 = CARTESIAN_POINT('',(-26.24780082702,-34.12649917602,0.));
#509 = VECTOR('',#510,1.);
#510 = DIRECTION('',(-0.194940155846,0.980815138361,0.));
#511 = PLANE('',#512);
#512 = AXIS2_PLACEMENT_3D('',#513,#514,#515);
#513 = CARTESIAN_POINT('',(-26.73913227946,-33.90883723716,
    0.440391600221));
#514 = DIRECTION('',(-0.694263726519,-0.137987143298,-0.706369185571));
#515 = DIRECTION('',(-0.713191561674,0.,0.7009691836));
#516 = ADVANCED_FACE('',(#517),#541,.T.);
#517 = FACE_BOUND('',#518,.T.);
#518 = EDGE_LOOP('',(#519,#527,#535));
#519 = ORIENTED_EDGE('',*,*,#520,.F.);
#520 = EDGE_CURVE('',#521,#470,#523,.T.);
#521 = VERTEX_POINT('',#522);
#522 = CARTESIAN_POINT('',(-27.35000038147,-33.34999847412,1.));
#523 = LINE('',#524,#525);
#524 = CARTESIAN_POINT('',(-27.35000038147,-33.34999847412,1.));
#525 = VECTOR('',#526,1.);
#526 = DIRECTION('',(6.536558554883E-02,-0.997861383272,0.));
#527 = ORIENTED_EDGE('',*,*,#528,.T.);
#528 = EDGE_CURVE('',#521,#529,#531,.T.);
#529 = VERTEX_POINT('',#530);
#530 = CARTESIAN_POINT('',(-26.35000038147,-33.34999847412,0.));
#531 = LINE('',#532,#533);
#532 = CARTESIAN_POINT('',(-27.35000038147,-33.34999847412,1.));
#533 = VECTOR('',#534,1.);
#534 = DIRECTION('',(0.707106781187,0.,-0.707106781187));
#535 = ORIENTED_EDGE('',*,*,#536,.F.);
#536 = EDGE_CURVE('',#470,#529,#537,.T.);
#537 = LINE('',#538,#539);
#538 = CARTESIAN_POINT('',(-27.31579971313,-33.87210083007,1.));
#539 = VECTOR('',#540,1.);
#540 = DIRECTION('',(0.650350129111,0.351573379141,-0.673380181357));
#541 = PLANE('',#542);
#542 = AXIS2_PLACEMENT_3D('',#543,#544,#545);
#543 = CARTESIAN_POINT('',(-26.91640504391,-33.5031798887,0.576438914725
    ));
#544 = DIRECTION('',(-0.706349451913,-4.626989910664E-02,-0.706349451913
    ));
#545 = DIRECTION('',(-0.707106781187,0.,0.707106781187));
#546 = ADVANCED_FACE('',(#547),#557,.T.);
#547 = FACE_BOUND('',#548,.T.);
#548 = EDGE_LOOP('',(#549,#550,#551));
#549 = ORIENTED_EDGE('',*,*,#498,.T.);
#550 = ORIENTED_EDGE('',*,*,#536,.T.);
#551 = ORIENTED_EDGE('',*,*,#552,.T.);
#552 = EDGE_CURVE('',#529,#499,#553,.T.);
#553 = LINE('',#554,#555);
#554 = CARTESIAN_POINT('',(-26.35000038147,-33.34999847412,0.));
#555 = VECTOR('',#556,1.);
#556 = DIRECTION('',(6.548607889218E-02,-0.997853482968,0.));
#557 = PLANE('',#558);
#558 = AXIS2_PLACEMENT_3D('',#559,#560,#561);
#559 = CARTESIAN_POINT('',(-26.7682756169,-33.68739349876,0.440389557573
    ));
#560 = DIRECTION('',(-0.706324336635,-4.635391069117E-02,-0.706369058241
    ));
#561 = DIRECTION('',(-0.707129165697,3.469446951954E-18,0.707084395968)
  );
#562 = ADVANCED_FACE('',(#563),#573,.T.);
#563 = FACE_BOUND('',#564,.T.);
#564 = EDGE_LOOP('',(#565,#571,#572));
#565 = ORIENTED_EDGE('',*,*,#566,.F.);
#566 = EDGE_CURVE('',#468,#355,#567,.T.);
#567 = LINE('',#568,#569);
#568 = CARTESIAN_POINT('',(-27.21369934082,-34.38529968261,1.));
#569 = VECTOR('',#570,1.);
#570 = DIRECTION('',(0.321497870656,-0.94691030154,0.));
#571 = ORIENTED_EDGE('',*,*,#483,.F.);
#572 = ORIENTED_EDGE('',*,*,#445,.T.);
#573 = PLANE('',#574);
#574 = AXIS2_PLACEMENT_3D('',#575,#576,#577);
#575 = CARTESIAN_POINT('',(-26.75523105529,-34.42102522616,
    0.576435270689));
#576 = DIRECTION('',(-0.670295893271,-0.227580903963,-0.706335860349));
#577 = DIRECTION('',(-0.725370171615,-1.387778780781E-17,0.688359000908)
  );
#578 = ADVANCED_FACE('',(#579),#604,.T.);
#579 = FACE_BOUND('',#580,.T.);
#580 = EDGE_LOOP('',(#581,#589,#590,#598));
#581 = ORIENTED_EDGE('',*,*,#582,.T.);
#582 = EDGE_CURVE('',#583,#307,#585,.T.);
#583 = VERTEX_POINT('',#584);
#584 = CARTESIAN_POINT('',(-26.52339935302,-35.78499984741,
    11.800000190735));
#585 = LINE('',#586,#587);
#586 = CARTESIAN_POINT('',(-26.52339935302,-35.78499984741,
    11.800000190735));
#587 = VECTOR('',#588,1.);
#588 = DIRECTION('',(0.,0.,-1.));
#589 = ORIENTED_EDGE('',*,*,#306,.T.);
#590 = ORIENTED_EDGE('',*,*,#591,.T.);
#591 = EDGE_CURVE('',#284,#592,#594,.T.);
#592 = VERTEX_POINT('',#593);
#593 = CARTESIAN_POINT('',(-26.17840003967,-36.17839813232,
    11.800000190735));
#594 = LINE('',#595,#596);
#595 = CARTESIAN_POINT('',(-26.17840003967,-36.17839813232,1.));
#596 = VECTOR('',#597,1.);
#597 = DIRECTION('',(0.,0.,1.));
#598 = ORIENTED_EDGE('',*,*,#599,.T.);
#599 = EDGE_CURVE('',#592,#583,#600,.T.);
#600 = LINE('',#601,#602);
#601 = CARTESIAN_POINT('',(-26.17840003967,-36.17839813232,
    11.800000190735));
#602 = VECTOR('',#603,1.);
#603 = DIRECTION('',(-0.659343953638,0.751841439933,0.));
#604 = PLANE('',#605);
#605 = AXIS2_PLACEMENT_3D('',#606,#607,#608);
#606 = CARTESIAN_POINT('',(-26.35089969635,-35.98169898986,
    6.400000095367));
#607 = DIRECTION('',(-0.751841439933,-0.659343953638,-0.));
#608 = DIRECTION('',(0.659343953638,-0.751841439933,0.));
#609 = ADVANCED_FACE('',(#610),#636,.T.);
#610 = FACE_BOUND('',#611,.T.);
#611 = EDGE_LOOP('',(#612,#622,#630));
#612 = ORIENTED_EDGE('',*,*,#613,.T.);
#613 = EDGE_CURVE('',#614,#616,#618,.T.);
#614 = VERTEX_POINT('',#615);
#615 = CARTESIAN_POINT('',(-24.26840019226,-35.56729888916,
    11.800000190735));
#616 = VERTEX_POINT('',#617);
#617 = CARTESIAN_POINT('',(-24.40489959716,-35.5,1.799999952316));
#618 = LINE('',#619,#620);
#619 = CARTESIAN_POINT('',(-24.26840019226,-35.56729888916,
    11.800000190735));
#620 = VECTOR('',#621,1.);
#621 = DIRECTION('',(-1.364835969301E-02,6.729109528516E-03,
    -0.999884213978));
#622 = ORIENTED_EDGE('',*,*,#623,.T.);
#623 = EDGE_CURVE('',#616,#624,#626,.T.);
#624 = VERTEX_POINT('',#625);
#625 = CARTESIAN_POINT('',(-24.54999923706,-35.42850112915,
    11.800000190735));
#626 = LINE('',#627,#628);
#627 = CARTESIAN_POINT('',(-24.40489959716,-35.5,1.799999952316));
#628 = VECTOR('',#629,1.);
#629 = DIRECTION('',(-1.450806567775E-02,7.148951678579E-03,
    0.999869195705));
#630 = ORIENTED_EDGE('',*,*,#631,.F.);
#631 = EDGE_CURVE('',#614,#624,#632,.T.);
#632 = LINE('',#633,#634);
#633 = CARTESIAN_POINT('',(-24.26840019226,-35.56729888916,
    11.800000190735));
#634 = VECTOR('',#635,1.);
#635 = DIRECTION('',(-0.89696309048,0.442105433485,0.));
#636 = PLANE('',#637);
#637 = AXIS2_PLACEMENT_3D('',#638,#639,#640);
#638 = CARTESIAN_POINT('',(-24.40708340106,-35.49893352255,
    6.877264494941));
#639 = DIRECTION('',(0.442105433484,0.896963090479,1.749102965135E-06));
#640 = DIRECTION('',(0.89696309048,-0.442105433485,1.058791184068E-22));
#641 = ADVANCED_FACE('',(#642),#659,.T.);
#642 = FACE_BOUND('',#643,.T.);
#643 = EDGE_LOOP('',(#644,#645,#653));
#644 = ORIENTED_EDGE('',*,*,#623,.F.);
#645 = ORIENTED_EDGE('',*,*,#646,.T.);
#646 = EDGE_CURVE('',#616,#647,#649,.T.);
#647 = VERTEX_POINT('',#648);
#648 = CARTESIAN_POINT('',(-24.54999923706,-35.42850112915,
    1.799999952316));
#649 = LINE('',#650,#651);
#650 = CARTESIAN_POINT('',(-24.40489959716,-35.5,1.799999952316));
#651 = VECTOR('',#652,1.);
#652 = DIRECTION('',(-0.897010890159,0.442008442155,0.));
#653 = ORIENTED_EDGE('',*,*,#654,.T.);
#654 = EDGE_CURVE('',#647,#624,#655,.T.);
#655 = LINE('',#656,#657);
#656 = CARTESIAN_POINT('',(-24.54999923706,-35.42850112915,
    1.799999952316));
#657 = VECTOR('',#658,1.);
#658 = DIRECTION('',(0.,0.,1.));
#659 = PLANE('',#660);
#660 = AXIS2_PLACEMENT_3D('',#661,#662,#663);
#661 = CARTESIAN_POINT('',(-24.51343095651,-35.44652040728,
    6.759887359635));
#662 = DIRECTION('',(0.442008442155,0.897010890159,0.));
#663 = DIRECTION('',(0.897010890159,-0.442008442155,0.));
#664 = ADVANCED_FACE('',(#665),#1513,.T.);
#665 = FACE_BOUND('',#666,.T.);
#666 = EDGE_LOOP('',(#667,#677,#685,#693,#701,#709,#717,#725,#733,#741,
    #749,#757,#765,#773,#781,#789,#797,#805,#813,#821,#829,#837,#845,
    #853,#861,#869,#877,#885,#893,#901,#909,#917,#925,#933,#941,#949,
    #955,#956,#964,#972,#980,#988,#996,#1004,#1012,#1020,#1028,#1036,
    #1044,#1052,#1060,#1068,#1076,#1084,#1092,#1100,#1108,#1116,#1124,
    #1132,#1140,#1148,#1156,#1164,#1172,#1180,#1188,#1196,#1204,#1212,
    #1220,#1228,#1236,#1244,#1252,#1260,#1268,#1276,#1284,#1292,#1300,
    #1308,#1316,#1324,#1332,#1340,#1348,#1356,#1364,#1372,#1380,#1388,
    #1396,#1404,#1412,#1420,#1428,#1436,#1444,#1452,#1460,#1466,#1467,
    #1475,#1483,#1491,#1499,#1507));
#667 = ORIENTED_EDGE('',*,*,#668,.T.);
#668 = EDGE_CURVE('',#669,#671,#673,.T.);
#669 = VERTEX_POINT('',#670);
#670 = CARTESIAN_POINT('',(-25.66819953918,-33.97119903564,
    11.800000190735));
#671 = VERTEX_POINT('',#672);
#672 = CARTESIAN_POINT('',(-25.72949981689,-33.66329956054,
    11.800000190735));
#673 = LINE('',#674,#675);
#674 = CARTESIAN_POINT('',(-25.66819953918,-33.97119903564,
    11.800000190735));
#675 = VECTOR('',#676,1.);
#676 = DIRECTION('',(-0.19525965221,0.980751583337,0.));
#677 = ORIENTED_EDGE('',*,*,#678,.T.);
#678 = EDGE_CURVE('',#671,#679,#681,.T.);
#679 = VERTEX_POINT('',#680);
#680 = CARTESIAN_POINT('',(-25.75,-33.34999847412,11.800000190735));
#681 = LINE('',#682,#683);
#682 = CARTESIAN_POINT('',(-25.72949981689,-33.66329956054,
    11.800000190735));
#683 = VECTOR('',#684,1.);
#684 = DIRECTION('',(-6.529322455382E-02,0.997866120693,0.));
#685 = ORIENTED_EDGE('',*,*,#686,.T.);
#686 = EDGE_CURVE('',#679,#687,#689,.T.);
#687 = VERTEX_POINT('',#688);
#688 = CARTESIAN_POINT('',(-25.75,-2.400000095367,11.800000190735));
#689 = LINE('',#690,#691);
#690 = CARTESIAN_POINT('',(-25.75,-33.34999847412,11.800000190735));
#691 = VECTOR('',#692,1.);
#692 = DIRECTION('',(0.,1.,0.));
#693 = ORIENTED_EDGE('',*,*,#694,.T.);
#694 = EDGE_CURVE('',#687,#695,#697,.T.);
#695 = VERTEX_POINT('',#696);
#696 = CARTESIAN_POINT('',(-25.72949981689,-2.086740016937,
    11.800000190735));
#697 = LINE('',#698,#699);
#698 = CARTESIAN_POINT('',(-25.75,-2.400000095367,11.800000190735));
#699 = VECTOR('',#700,1.);
#700 = DIRECTION('',(6.530173545992E-02,0.997865563764,0.));
#701 = ORIENTED_EDGE('',*,*,#702,.T.);
#702 = EDGE_CURVE('',#695,#703,#705,.T.);
#703 = VERTEX_POINT('',#704);
#704 = CARTESIAN_POINT('',(-25.66819953918,-1.778830051422,
    11.800000190735));
#705 = LINE('',#706,#707);
#706 = CARTESIAN_POINT('',(-25.72949981689,-2.086740016937,
    11.800000190735));
#707 = VECTOR('',#708,1.);
#708 = DIRECTION('',(0.195253253382,0.98075285727,0.));
#709 = ORIENTED_EDGE('',*,*,#710,.T.);
#710 = EDGE_CURVE('',#703,#711,#713,.T.);
#711 = VERTEX_POINT('',#712);
#712 = CARTESIAN_POINT('',(-25.5673007965,-1.481559991837,
    11.800000190735));
#713 = LINE('',#714,#715);
#714 = CARTESIAN_POINT('',(-25.66819953918,-1.778830051422,
    11.800000190735));
#715 = VECTOR('',#716,1.);
#716 = DIRECTION('',(0.321408488061,0.946940644287,0.));
#717 = ORIENTED_EDGE('',*,*,#718,.T.);
#718 = EDGE_CURVE('',#711,#719,#721,.T.);
#719 = VERTEX_POINT('',#720);
#720 = CARTESIAN_POINT('',(-25.4284992218,-1.200000047684,
    11.800000190735));
#721 = LINE('',#722,#723);
#722 = CARTESIAN_POINT('',(-25.5673007965,-1.481559991837,
    11.800000190735));
#723 = VECTOR('',#724,1.);
#724 = DIRECTION('',(0.442164603341,0.896933923738,0.));
#725 = ORIENTED_EDGE('',*,*,#726,.T.);
#726 = EDGE_CURVE('',#719,#727,#729,.T.);
#727 = VERTEX_POINT('',#728);
#728 = CARTESIAN_POINT('',(-25.25399971008,-0.938971996307,
    11.800000190735));
#729 = LINE('',#730,#731);
#730 = CARTESIAN_POINT('',(-25.4284992218,-1.200000047684,
    11.800000190735));
#731 = VECTOR('',#732,1.);
#732 = DIRECTION('',(0.555759893627,0.831342853843,0.));
#733 = ORIENTED_EDGE('',*,*,#734,.T.);
#734 = EDGE_CURVE('',#727,#735,#737,.T.);
#735 = VERTEX_POINT('',#736);
#736 = CARTESIAN_POINT('',(-25.04710006713,-0.70294302702,
    11.800000190735));
#737 = LINE('',#738,#739);
#738 = CARTESIAN_POINT('',(-25.25399971008,-0.938971996307,
    11.800000190735));
#739 = VECTOR('',#740,1.);
#740 = DIRECTION('',(0.659179740193,0.75198541882,0.));
#741 = ORIENTED_EDGE('',*,*,#742,.T.);
#742 = EDGE_CURVE('',#735,#743,#745,.T.);
#743 = VERTEX_POINT('',#744);
#744 = CARTESIAN_POINT('',(-24.81100082397,-0.495952010155,
    11.800000190735));
#745 = LINE('',#746,#747);
#746 = CARTESIAN_POINT('',(-25.04710006713,-0.70294302702,
    11.800000190735));
#747 = VECTOR('',#748,1.);
#748 = DIRECTION('',(0.751938414384,0.659233358511,0.));
#749 = ORIENTED_EDGE('',*,*,#750,.T.);
#750 = EDGE_CURVE('',#743,#751,#753,.T.);
#751 = VERTEX_POINT('',#752);
#752 = CARTESIAN_POINT('',(-24.54999923706,-0.321539014578,
    11.800000190735));
#753 = LINE('',#754,#755);
#754 = CARTESIAN_POINT('',(-24.81100082397,-0.495952010155,
    11.800000190735));
#755 = VECTOR('',#756,1.);
#756 = DIRECTION('',(0.831444137797,0.555608356419,0.));
#757 = ORIENTED_EDGE('',*,*,#758,.T.);
#758 = EDGE_CURVE('',#751,#759,#761,.T.);
#759 = VERTEX_POINT('',#760);
#760 = CARTESIAN_POINT('',(-24.26840019226,-0.182688996196,
    11.800000190735));
#761 = LINE('',#762,#763);
#762 = CARTESIAN_POINT('',(-24.54999923706,-0.321539014578,
    11.800000190735));
#763 = VECTOR('',#764,1.);
#764 = DIRECTION('',(0.896897076867,0.44223933962,0.));
#765 = ORIENTED_EDGE('',*,*,#766,.T.);
#766 = EDGE_CURVE('',#759,#767,#769,.T.);
#767 = VERTEX_POINT('',#768);
#768 = CARTESIAN_POINT('',(-23.97120094299,-8.177760243416E-02,
    11.800000190735));
#769 = LINE('',#770,#771);
#770 = CARTESIAN_POINT('',(-24.26840019226,-0.182688996196,
    11.800000190735));
#771 = VECTOR('',#772,1.);
#772 = DIRECTION('',(0.946905064569,0.321513294738,0.));
#773 = ORIENTED_EDGE('',*,*,#774,.T.);
#774 = EDGE_CURVE('',#767,#775,#777,.T.);
#775 = VERTEX_POINT('',#776);
#776 = CARTESIAN_POINT('',(-23.66329956054,-2.053170092404E-02,
    11.800000190735));
#777 = LINE('',#778,#779);
#778 = CARTESIAN_POINT('',(-23.97120094299,-8.177760243416E-02,
    11.800000190735));
#779 = VECTOR('',#780,1.);
#780 = DIRECTION('',(0.980784970407,0.195091880468,0.));
#781 = ORIENTED_EDGE('',*,*,#782,.T.);
#782 = EDGE_CURVE('',#775,#783,#785,.T.);
#783 = VERTEX_POINT('',#784);
#784 = CARTESIAN_POINT('',(-23.35000038147,0.,11.800000190735));
#785 = LINE('',#786,#787);
#786 = CARTESIAN_POINT('',(-23.66329956054,-2.053170092404E-02,
    11.800000190735));
#787 = VECTOR('',#788,1.);
#788 = DIRECTION('',(0.997859549312,6.539357648823E-02,0.));
#789 = ORIENTED_EDGE('',*,*,#790,.T.);
#790 = EDGE_CURVE('',#783,#791,#793,.T.);
#791 = VERTEX_POINT('',#792);
#792 = CARTESIAN_POINT('',(-5.25,0.,11.800000190735));
#793 = LINE('',#794,#795);
#794 = CARTESIAN_POINT('',(-23.35000038147,0.,11.800000190735));
#795 = VECTOR('',#796,1.);
#796 = DIRECTION('',(1.,0.,0.));
#797 = ORIENTED_EDGE('',*,*,#798,.T.);
#798 = EDGE_CURVE('',#791,#799,#801,.T.);
#799 = VERTEX_POINT('',#800);
#800 = CARTESIAN_POINT('',(-5.25,1.600000023842,11.800000190735));
#801 = LINE('',#802,#803);
#802 = CARTESIAN_POINT('',(-5.25,0.,11.800000190735));
#803 = VECTOR('',#804,1.);
#804 = DIRECTION('',(0.,1.,0.));
#805 = ORIENTED_EDGE('',*,*,#806,.F.);
#806 = EDGE_CURVE('',#807,#799,#809,.T.);
#807 = VERTEX_POINT('',#808);
#808 = CARTESIAN_POINT('',(-23.35000038147,1.600000023842,
    11.800000190735));
#809 = LINE('',#810,#811);
#810 = CARTESIAN_POINT('',(-23.35000038147,1.600000023842,
    11.800000190735));
#811 = VECTOR('',#812,1.);
#812 = DIRECTION('',(1.,0.,0.));
#813 = ORIENTED_EDGE('',*,*,#814,.F.);
#814 = EDGE_CURVE('',#815,#807,#817,.T.);
#815 = VERTEX_POINT('',#816);
#816 = CARTESIAN_POINT('',(-23.87210083007,1.565780043602,
    11.800000190735));
#817 = LINE('',#818,#819);
#818 = CARTESIAN_POINT('',(-23.87210083007,1.565780043602,
    11.800000190735));
#819 = VECTOR('',#820,1.);
#820 = DIRECTION('',(0.997858959548,6.540257524952E-02,0.));
#821 = ORIENTED_EDGE('',*,*,#822,.F.);
#822 = EDGE_CURVE('',#823,#815,#825,.T.);
#823 = VERTEX_POINT('',#824);
#824 = CARTESIAN_POINT('',(-24.38529968261,1.463700056076,
    11.800000190735));
#825 = LINE('',#826,#827);
#826 = CARTESIAN_POINT('',(-24.38529968261,1.463700056076,
    11.800000190735));
#827 = VECTOR('',#828,1.);
#828 = DIRECTION('',(0.980785869567,0.195087360067,0.));
#829 = ORIENTED_EDGE('',*,*,#830,.F.);
#830 = EDGE_CURVE('',#831,#823,#833,.T.);
#831 = VERTEX_POINT('',#832);
#832 = CARTESIAN_POINT('',(-24.88069915771,1.295519948006,
    11.800000190735));
#833 = LINE('',#834,#835);
#834 = CARTESIAN_POINT('',(-24.88069915771,1.295519948006,
    11.800000190735));
#835 = VECTOR('',#836,1.);
#836 = DIRECTION('',(0.946921607844,0.321464568185,0.));
#837 = ORIENTED_EDGE('',*,*,#838,.F.);
#838 = EDGE_CURVE('',#839,#831,#841,.T.);
#839 = VERTEX_POINT('',#840);
#840 = CARTESIAN_POINT('',(-25.35000038147,1.064100027084,
    11.800000190735));
#841 = LINE('',#842,#843);
#842 = CARTESIAN_POINT('',(-25.35000038147,1.064100027084,
    11.800000190735));
#843 = VECTOR('',#844,1.);
#844 = DIRECTION('',(0.896883226429,0.442267428317,0.));
#845 = ORIENTED_EDGE('',*,*,#846,.F.);
#846 = EDGE_CURVE('',#847,#839,#849,.T.);
#847 = VERTEX_POINT('',#848);
#848 = CARTESIAN_POINT('',(-25.78499984741,0.773413002491,
    11.800000190735));
#849 = LINE('',#850,#851);
#850 = CARTESIAN_POINT('',(-25.78499984741,0.773413002491,
    11.800000190735));
#851 = VECTOR('',#852,1.);
#852 = DIRECTION('',(0.831443411178,0.555609443772,0.));
#853 = ORIENTED_EDGE('',*,*,#854,.F.);
#854 = EDGE_CURVE('',#855,#847,#857,.T.);
#855 = VERTEX_POINT('',#856);
#856 = CARTESIAN_POINT('',(-26.17840003967,0.428425997496,
    11.800000190735));
#857 = LINE('',#858,#859);
#858 = CARTESIAN_POINT('',(-26.17840003967,0.428425997496,
    11.800000190735));
#859 = VECTOR('',#860,1.);
#860 = DIRECTION('',(0.751854685558,0.659328849516,0.));
#861 = ORIENTED_EDGE('',*,*,#862,.F.);
#862 = EDGE_CURVE('',#863,#855,#865,.T.);
#863 = VERTEX_POINT('',#864);
#864 = CARTESIAN_POINT('',(-26.52339935302,3.50446999073E-02,
    11.800000190735));
#865 = LINE('',#866,#867);
#866 = CARTESIAN_POINT('',(-26.52339935302,3.50446999073E-02,
    11.800000190735));
#867 = VECTOR('',#868,1.);
#868 = DIRECTION('',(0.659360047622,0.751827325654,0.));
#869 = ORIENTED_EDGE('',*,*,#870,.F.);
#870 = EDGE_CURVE('',#871,#863,#873,.T.);
#871 = VERTEX_POINT('',#872);
#872 = CARTESIAN_POINT('',(-26.8141002655,-0.40000000596,11.800000190735
    ));
#873 = LINE('',#874,#875);
#874 = CARTESIAN_POINT('',(-26.8141002655,-0.40000000596,11.800000190735
    ));
#875 = VECTOR('',#876,1.);
#876 = DIRECTION('',(0.555587850321,0.831457840528,0.));
#877 = ORIENTED_EDGE('',*,*,#878,.F.);
#878 = EDGE_CURVE('',#879,#871,#881,.T.);
#879 = VERTEX_POINT('',#880);
#880 = CARTESIAN_POINT('',(-27.04549980163,-0.869266986847,
    11.800000190735));
#881 = LINE('',#882,#883);
#882 = CARTESIAN_POINT('',(-27.04549980163,-0.869266986847,
    11.800000190735));
#883 = VECTOR('',#884,1.);
#884 = DIRECTION('',(0.442262048791,0.896885879139,0.));
#885 = ORIENTED_EDGE('',*,*,#886,.F.);
#886 = EDGE_CURVE('',#887,#879,#889,.T.);
#887 = VERTEX_POINT('',#888);
#888 = CARTESIAN_POINT('',(-27.21369934082,-1.364719986916,
    11.800000190735));
#889 = LINE('',#890,#891);
#890 = CARTESIAN_POINT('',(-27.21369934082,-1.364719986916,
    11.800000190735));
#891 = VECTOR('',#892,1.);
#892 = DIRECTION('',(0.321466727901,0.946920874652,0.));
#893 = ORIENTED_EDGE('',*,*,#894,.F.);
#894 = EDGE_CURVE('',#895,#887,#897,.T.);
#895 = VERTEX_POINT('',#896);
#896 = CARTESIAN_POINT('',(-27.31579971313,-1.877900004387,
    11.800000190735));
#897 = LINE('',#898,#899);
#898 = CARTESIAN_POINT('',(-27.31579971313,-1.877900004387,
    11.800000190735));
#899 = VECTOR('',#900,1.);
#900 = DIRECTION('',(0.195131723684,0.980777044191,0.));
#901 = ORIENTED_EDGE('',*,*,#902,.F.);
#902 = EDGE_CURVE('',#903,#895,#905,.T.);
#903 = VERTEX_POINT('',#904);
#904 = CARTESIAN_POINT('',(-27.35000038147,-2.400000095367,
    11.800000190735));
#905 = LINE('',#906,#907);
#906 = CARTESIAN_POINT('',(-27.35000038147,-2.400000095367,
    11.800000190735));
#907 = VECTOR('',#908,1.);
#908 = DIRECTION('',(6.536586790645E-02,0.997861364776,0.));
#909 = ORIENTED_EDGE('',*,*,#910,.F.);
#910 = EDGE_CURVE('',#911,#903,#913,.T.);
#911 = VERTEX_POINT('',#912);
#912 = CARTESIAN_POINT('',(-27.35000038147,-33.34999847412,
    11.800000190735));
#913 = LINE('',#914,#915);
#914 = CARTESIAN_POINT('',(-27.35000038147,-33.34999847412,
    11.800000190735));
#915 = VECTOR('',#916,1.);
#916 = DIRECTION('',(0.,1.,0.));
#917 = ORIENTED_EDGE('',*,*,#918,.F.);
#918 = EDGE_CURVE('',#919,#911,#921,.T.);
#919 = VERTEX_POINT('',#920);
#920 = CARTESIAN_POINT('',(-27.31579971313,-33.87210083007,
    11.800000190735));
#921 = LINE('',#922,#923);
#922 = CARTESIAN_POINT('',(-27.31579971313,-33.87210083007,
    11.800000190735));
#923 = VECTOR('',#924,1.);
#924 = DIRECTION('',(-6.536558554883E-02,0.997861383272,0.));
#925 = ORIENTED_EDGE('',*,*,#926,.F.);
#926 = EDGE_CURVE('',#927,#919,#929,.T.);
#927 = VERTEX_POINT('',#928);
#928 = CARTESIAN_POINT('',(-27.21369934082,-34.38529968261,
    11.800000190735));
#929 = LINE('',#930,#931);
#930 = CARTESIAN_POINT('',(-27.21369934082,-34.38529968261,
    11.800000190735));
#931 = VECTOR('',#932,1.);
#932 = DIRECTION('',(-0.195124834768,0.980778414759,0.));
#933 = ORIENTED_EDGE('',*,*,#934,.F.);
#934 = EDGE_CURVE('',#935,#927,#937,.T.);
#935 = VERTEX_POINT('',#936);
#936 = CARTESIAN_POINT('',(-27.04549980163,-34.88069915771,
    11.800000190735));
#937 = LINE('',#938,#939);
#938 = CARTESIAN_POINT('',(-27.04549980163,-34.88069915771,
    11.800000190735));
#939 = VECTOR('',#940,1.);
#940 = DIRECTION('',(-0.321497870656,0.94691030154,0.));
#941 = ORIENTED_EDGE('',*,*,#942,.F.);
#942 = EDGE_CURVE('',#943,#935,#945,.T.);
#943 = VERTEX_POINT('',#944);
#944 = CARTESIAN_POINT('',(-26.8141002655,-35.34999847412,
    11.800000190735));
#945 = LINE('',#946,#947);
#946 = CARTESIAN_POINT('',(-26.8141002655,-35.34999847412,
    11.800000190735));
#947 = VECTOR('',#948,1.);
#948 = DIRECTION('',(-0.442237536001,0.896897966188,0.));
#949 = ORIENTED_EDGE('',*,*,#950,.F.);
#950 = EDGE_CURVE('',#583,#943,#951,.T.);
#951 = LINE('',#952,#953);
#952 = CARTESIAN_POINT('',(-26.52339935302,-35.78499984741,
    11.800000190735));
#953 = VECTOR('',#954,1.);
#954 = DIRECTION('',(-0.555626109625,0.831432274033,0.));
#955 = ORIENTED_EDGE('',*,*,#599,.F.);
#956 = ORIENTED_EDGE('',*,*,#957,.F.);
#957 = EDGE_CURVE('',#958,#592,#960,.T.);
#958 = VERTEX_POINT('',#959);
#959 = CARTESIAN_POINT('',(-25.78499984741,-36.52339935302,
    11.800000190735));
#960 = LINE('',#961,#962);
#961 = CARTESIAN_POINT('',(-25.78499984741,-36.52339935302,
    11.800000190735));
#962 = VECTOR('',#963,1.);
#963 = DIRECTION('',(-0.751841217621,0.659344207138,0.));
#964 = ORIENTED_EDGE('',*,*,#965,.F.);
#965 = EDGE_CURVE('',#966,#958,#968,.T.);
#966 = VERTEX_POINT('',#967);
#967 = CARTESIAN_POINT('',(-25.35000038147,-36.81409835815,
    11.800000190735));
#968 = LINE('',#969,#970);
#969 = CARTESIAN_POINT('',(-25.35000038147,-36.81409835815,
    11.800000190735));
#970 = VECTOR('',#971,1.);
#971 = DIRECTION('',(-0.831432832702,0.555625273638,0.));
#972 = ORIENTED_EDGE('',*,*,#973,.F.);
#973 = EDGE_CURVE('',#974,#966,#976,.T.);
#974 = VERTEX_POINT('',#975);
#975 = CARTESIAN_POINT('',(-24.88069915771,-37.04550170898,
    11.800000190735));
#976 = LINE('',#977,#978);
#977 = CARTESIAN_POINT('',(-24.88069915771,-37.04550170898,
    11.800000190735));
#978 = VECTOR('',#979,1.);
#979 = DIRECTION('',(-0.89689578741,0.442241954733,0.));
#980 = ORIENTED_EDGE('',*,*,#981,.F.);
#981 = EDGE_CURVE('',#982,#974,#984,.T.);
#982 = VERTEX_POINT('',#983);
#983 = CARTESIAN_POINT('',(-24.38529968261,-37.21369934082,
    11.800000190735));
#984 = LINE('',#985,#986);
#985 = CARTESIAN_POINT('',(-24.38529968261,-37.21369934082,
    11.800000190735));
#986 = VECTOR('',#987,1.);
#987 = DIRECTION('',(-0.946911411402,0.321494601755,0.));
#988 = ORIENTED_EDGE('',*,*,#989,.F.);
#989 = EDGE_CURVE('',#990,#982,#992,.T.);
#990 = VERTEX_POINT('',#991);
#991 = CARTESIAN_POINT('',(-23.87210083007,-37.31579971313,
    11.800000190735));
#992 = LINE('',#993,#994);
#993 = CARTESIAN_POINT('',(-23.87210083007,-37.31579971313,
    11.800000190735));
#994 = VECTOR('',#995,1.);
#995 = DIRECTION('',(-0.980778414759,0.195124834768,0.));
#996 = ORIENTED_EDGE('',*,*,#997,.F.);
#997 = EDGE_CURVE('',#998,#990,#1000,.T.);
#998 = VERTEX_POINT('',#999);
#999 = CARTESIAN_POINT('',(-23.35000038147,-37.34999847412,
    11.800000190735));
#1000 = LINE('',#1001,#1002);
#1001 = CARTESIAN_POINT('',(-23.35000038147,-37.34999847412,
    11.800000190735));
#1002 = VECTOR('',#1003,1.);
#1003 = DIRECTION('',(-0.997861605466,6.536219348922E-02,0.));
#1004 = ORIENTED_EDGE('',*,*,#1005,.F.);
#1005 = EDGE_CURVE('',#1006,#998,#1008,.T.);
#1006 = VERTEX_POINT('',#1007);
#1007 = CARTESIAN_POINT('',(23.35000038147,-37.34999847412,
    11.800000190735));
#1008 = LINE('',#1009,#1010);
#1009 = CARTESIAN_POINT('',(23.35000038147,-37.34999847412,
    11.800000190735));
#1010 = VECTOR('',#1011,1.);
#1011 = DIRECTION('',(-1.,0.,0.));
#1012 = ORIENTED_EDGE('',*,*,#1013,.F.);
#1013 = EDGE_CURVE('',#1014,#1006,#1016,.T.);
#1014 = VERTEX_POINT('',#1015);
#1015 = CARTESIAN_POINT('',(23.872100830078,-37.31579971313,
    11.800000190735));
#1016 = LINE('',#1017,#1018);
#1017 = CARTESIAN_POINT('',(23.872100830078,-37.31579971313,
    11.800000190735));
#1018 = VECTOR('',#1019,1.);
#1019 = DIRECTION('',(-0.997861605466,-6.536219348922E-02,0.));
#1020 = ORIENTED_EDGE('',*,*,#1021,.F.);
#1021 = EDGE_CURVE('',#1022,#1014,#1024,.T.);
#1022 = VERTEX_POINT('',#1023);
#1023 = CARTESIAN_POINT('',(24.385299682617,-37.21369934082,
    11.800000190735));
#1024 = LINE('',#1025,#1026);
#1025 = CARTESIAN_POINT('',(24.385299682617,-37.21369934082,
    11.800000190735));
#1026 = VECTOR('',#1027,1.);
#1027 = DIRECTION('',(-0.980778414759,-0.195124834768,0.));
#1028 = ORIENTED_EDGE('',*,*,#1029,.F.);
#1029 = EDGE_CURVE('',#1030,#1022,#1032,.T.);
#1030 = VERTEX_POINT('',#1031);
#1031 = CARTESIAN_POINT('',(24.880699157715,-37.04550170898,
    11.800000190735));
#1032 = LINE('',#1033,#1034);
#1033 = CARTESIAN_POINT('',(24.880699157715,-37.04550170898,
    11.800000190735));
#1034 = VECTOR('',#1035,1.);
#1035 = DIRECTION('',(-0.946911411402,-0.321494601755,0.));
#1036 = ORIENTED_EDGE('',*,*,#1037,.F.);
#1037 = EDGE_CURVE('',#1038,#1030,#1040,.T.);
#1038 = VERTEX_POINT('',#1039);
#1039 = CARTESIAN_POINT('',(25.35000038147,-36.81409835815,
    11.800000190735));
#1040 = LINE('',#1041,#1042);
#1041 = CARTESIAN_POINT('',(25.35000038147,-36.81409835815,
    11.800000190735));
#1042 = VECTOR('',#1043,1.);
#1043 = DIRECTION('',(-0.89689578741,-0.442241954733,0.));
#1044 = ORIENTED_EDGE('',*,*,#1045,.F.);
#1045 = EDGE_CURVE('',#1046,#1038,#1048,.T.);
#1046 = VERTEX_POINT('',#1047);
#1047 = CARTESIAN_POINT('',(25.784999847412,-36.52339935302,
    11.800000190735));
#1048 = LINE('',#1049,#1050);
#1049 = CARTESIAN_POINT('',(25.784999847412,-36.52339935302,
    11.800000190735));
#1050 = VECTOR('',#1051,1.);
#1051 = DIRECTION('',(-0.831432832702,-0.555625273638,0.));
#1052 = ORIENTED_EDGE('',*,*,#1053,.F.);
#1053 = EDGE_CURVE('',#1054,#1046,#1056,.T.);
#1054 = VERTEX_POINT('',#1055);
#1055 = CARTESIAN_POINT('',(26.178400039673,-36.17839813232,
    11.800000190735));
#1056 = LINE('',#1057,#1058);
#1057 = CARTESIAN_POINT('',(26.178400039673,-36.17839813232,
    11.800000190735));
#1058 = VECTOR('',#1059,1.);
#1059 = DIRECTION('',(-0.751841217621,-0.659344207138,0.));
#1060 = ORIENTED_EDGE('',*,*,#1061,.F.);
#1061 = EDGE_CURVE('',#1062,#1054,#1064,.T.);
#1062 = VERTEX_POINT('',#1063);
#1063 = CARTESIAN_POINT('',(26.523399353027,-35.78499984741,
    11.800000190735));
#1064 = LINE('',#1065,#1066);
#1065 = CARTESIAN_POINT('',(26.523399353027,-35.78499984741,
    11.800000190735));
#1066 = VECTOR('',#1067,1.);
#1067 = DIRECTION('',(-0.659343953638,-0.751841439933,0.));
#1068 = ORIENTED_EDGE('',*,*,#1069,.F.);
#1069 = EDGE_CURVE('',#1070,#1062,#1072,.T.);
#1070 = VERTEX_POINT('',#1071);
#1071 = CARTESIAN_POINT('',(26.814100265503,-35.34999847412,
    11.800000190735));
#1072 = LINE('',#1073,#1074);
#1073 = CARTESIAN_POINT('',(26.814100265503,-35.34999847412,
    11.800000190735));
#1074 = VECTOR('',#1075,1.);
#1075 = DIRECTION('',(-0.555626109625,-0.831432274033,0.));
#1076 = ORIENTED_EDGE('',*,*,#1077,.F.);
#1077 = EDGE_CURVE('',#1078,#1070,#1080,.T.);
#1078 = VERTEX_POINT('',#1079);
#1079 = CARTESIAN_POINT('',(27.045499801636,-34.88069915771,
    11.800000190735));
#1080 = LINE('',#1081,#1082);
#1081 = CARTESIAN_POINT('',(27.045499801636,-34.88069915771,
    11.800000190735));
#1082 = VECTOR('',#1083,1.);
#1083 = DIRECTION('',(-0.442237536001,-0.896897966188,0.));
#1084 = ORIENTED_EDGE('',*,*,#1085,.F.);
#1085 = EDGE_CURVE('',#1086,#1078,#1088,.T.);
#1086 = VERTEX_POINT('',#1087);
#1087 = CARTESIAN_POINT('',(27.21369934082,-34.38529968261,
    11.800000190735));
#1088 = LINE('',#1089,#1090);
#1089 = CARTESIAN_POINT('',(27.21369934082,-34.38529968261,
    11.800000190735));
#1090 = VECTOR('',#1091,1.);
#1091 = DIRECTION('',(-0.321497870656,-0.94691030154,0.));
#1092 = ORIENTED_EDGE('',*,*,#1093,.F.);
#1093 = EDGE_CURVE('',#1094,#1086,#1096,.T.);
#1094 = VERTEX_POINT('',#1095);
#1095 = CARTESIAN_POINT('',(27.315799713135,-33.87210083007,
    11.800000190735));
#1096 = LINE('',#1097,#1098);
#1097 = CARTESIAN_POINT('',(27.315799713135,-33.87210083007,
    11.800000190735));
#1098 = VECTOR('',#1099,1.);
#1099 = DIRECTION('',(-0.195124834768,-0.980778414759,0.));
#1100 = ORIENTED_EDGE('',*,*,#1101,.F.);
#1101 = EDGE_CURVE('',#1102,#1094,#1104,.T.);
#1102 = VERTEX_POINT('',#1103);
#1103 = CARTESIAN_POINT('',(27.35000038147,-33.34999847412,
    11.800000190735));
#1104 = LINE('',#1105,#1106);
#1105 = CARTESIAN_POINT('',(27.35000038147,-33.34999847412,
    11.800000190735));
#1106 = VECTOR('',#1107,1.);
#1107 = DIRECTION('',(-6.536558554883E-02,-0.997861383272,0.));
#1108 = ORIENTED_EDGE('',*,*,#1109,.F.);
#1109 = EDGE_CURVE('',#1110,#1102,#1112,.T.);
#1110 = VERTEX_POINT('',#1111);
#1111 = CARTESIAN_POINT('',(27.35000038147,-2.400000095367,
    11.800000190735));
#1112 = LINE('',#1113,#1114);
#1113 = CARTESIAN_POINT('',(27.35000038147,-2.400000095367,
    11.800000190735));
#1114 = VECTOR('',#1115,1.);
#1115 = DIRECTION('',(0.,-1.,0.));
#1116 = ORIENTED_EDGE('',*,*,#1117,.F.);
#1117 = EDGE_CURVE('',#1118,#1110,#1120,.T.);
#1118 = VERTEX_POINT('',#1119);
#1119 = CARTESIAN_POINT('',(27.315799713135,-1.877900004387,
    11.800000190735));
#1120 = LINE('',#1121,#1122);
#1121 = CARTESIAN_POINT('',(27.315799713135,-1.877900004387,
    11.800000190735));
#1122 = VECTOR('',#1123,1.);
#1123 = DIRECTION('',(6.536586790645E-02,-0.997861364776,0.));
#1124 = ORIENTED_EDGE('',*,*,#1125,.F.);
#1125 = EDGE_CURVE('',#1126,#1118,#1128,.T.);
#1126 = VERTEX_POINT('',#1127);
#1127 = CARTESIAN_POINT('',(27.21369934082,-1.364719986916,
    11.800000190735));
#1128 = LINE('',#1129,#1130);
#1129 = CARTESIAN_POINT('',(27.21369934082,-1.364719986916,
    11.800000190735));
#1130 = VECTOR('',#1131,1.);
#1131 = DIRECTION('',(0.195131723684,-0.980777044191,0.));
#1132 = ORIENTED_EDGE('',*,*,#1133,.F.);
#1133 = EDGE_CURVE('',#1134,#1126,#1136,.T.);
#1134 = VERTEX_POINT('',#1135);
#1135 = CARTESIAN_POINT('',(27.045499801636,-0.869266986847,
    11.800000190735));
#1136 = LINE('',#1137,#1138);
#1137 = CARTESIAN_POINT('',(27.045499801636,-0.869266986847,
    11.800000190735));
#1138 = VECTOR('',#1139,1.);
#1139 = DIRECTION('',(0.321466727901,-0.946920874652,0.));
#1140 = ORIENTED_EDGE('',*,*,#1141,.F.);
#1141 = EDGE_CURVE('',#1142,#1134,#1144,.T.);
#1142 = VERTEX_POINT('',#1143);
#1143 = CARTESIAN_POINT('',(26.814100265503,-0.40000000596,
    11.800000190735));
#1144 = LINE('',#1145,#1146);
#1145 = CARTESIAN_POINT('',(26.814100265503,-0.40000000596,
    11.800000190735));
#1146 = VECTOR('',#1147,1.);
#1147 = DIRECTION('',(0.442262048791,-0.896885879139,0.));
#1148 = ORIENTED_EDGE('',*,*,#1149,.F.);
#1149 = EDGE_CURVE('',#1150,#1142,#1152,.T.);
#1150 = VERTEX_POINT('',#1151);
#1151 = CARTESIAN_POINT('',(26.523399353027,3.50446999073E-02,
    11.800000190735));
#1152 = LINE('',#1153,#1154);
#1153 = CARTESIAN_POINT('',(26.523399353027,3.50446999073E-02,
    11.800000190735));
#1154 = VECTOR('',#1155,1.);
#1155 = DIRECTION('',(0.555587850321,-0.831457840528,0.));
#1156 = ORIENTED_EDGE('',*,*,#1157,.F.);
#1157 = EDGE_CURVE('',#1158,#1150,#1160,.T.);
#1158 = VERTEX_POINT('',#1159);
#1159 = CARTESIAN_POINT('',(26.178400039673,0.428425997496,
    11.800000190735));
#1160 = LINE('',#1161,#1162);
#1161 = CARTESIAN_POINT('',(26.178400039673,0.428425997496,
    11.800000190735));
#1162 = VECTOR('',#1163,1.);
#1163 = DIRECTION('',(0.659360047622,-0.751827325654,0.));
#1164 = ORIENTED_EDGE('',*,*,#1165,.F.);
#1165 = EDGE_CURVE('',#1166,#1158,#1168,.T.);
#1166 = VERTEX_POINT('',#1167);
#1167 = CARTESIAN_POINT('',(25.784999847412,0.773413002491,
    11.800000190735));
#1168 = LINE('',#1169,#1170);
#1169 = CARTESIAN_POINT('',(25.784999847412,0.773413002491,
    11.800000190735));
#1170 = VECTOR('',#1171,1.);
#1171 = DIRECTION('',(0.751854685558,-0.659328849516,0.));
#1172 = ORIENTED_EDGE('',*,*,#1173,.F.);
#1173 = EDGE_CURVE('',#1174,#1166,#1176,.T.);
#1174 = VERTEX_POINT('',#1175);
#1175 = CARTESIAN_POINT('',(25.35000038147,1.064100027084,
    11.800000190735));
#1176 = LINE('',#1177,#1178);
#1177 = CARTESIAN_POINT('',(25.35000038147,1.064100027084,
    11.800000190735));
#1178 = VECTOR('',#1179,1.);
#1179 = DIRECTION('',(0.831443411178,-0.555609443772,0.));
#1180 = ORIENTED_EDGE('',*,*,#1181,.F.);
#1181 = EDGE_CURVE('',#1182,#1174,#1184,.T.);
#1182 = VERTEX_POINT('',#1183);
#1183 = CARTESIAN_POINT('',(24.880699157715,1.295519948006,
    11.800000190735));
#1184 = LINE('',#1185,#1186);
#1185 = CARTESIAN_POINT('',(24.880699157715,1.295519948006,
    11.800000190735));
#1186 = VECTOR('',#1187,1.);
#1187 = DIRECTION('',(0.896883226429,-0.442267428317,0.));
#1188 = ORIENTED_EDGE('',*,*,#1189,.F.);
#1189 = EDGE_CURVE('',#1190,#1182,#1192,.T.);
#1190 = VERTEX_POINT('',#1191);
#1191 = CARTESIAN_POINT('',(24.385299682617,1.463700056076,
    11.800000190735));
#1192 = LINE('',#1193,#1194);
#1193 = CARTESIAN_POINT('',(24.385299682617,1.463700056076,
    11.800000190735));
#1194 = VECTOR('',#1195,1.);
#1195 = DIRECTION('',(0.946921607844,-0.321464568185,0.));
#1196 = ORIENTED_EDGE('',*,*,#1197,.F.);
#1197 = EDGE_CURVE('',#1198,#1190,#1200,.T.);
#1198 = VERTEX_POINT('',#1199);
#1199 = CARTESIAN_POINT('',(23.872100830078,1.565780043602,
    11.800000190735));
#1200 = LINE('',#1201,#1202);
#1201 = CARTESIAN_POINT('',(23.872100830078,1.565780043602,
    11.800000190735));
#1202 = VECTOR('',#1203,1.);
#1203 = DIRECTION('',(0.980785869567,-0.195087360067,0.));
#1204 = ORIENTED_EDGE('',*,*,#1205,.F.);
#1205 = EDGE_CURVE('',#1206,#1198,#1208,.T.);
#1206 = VERTEX_POINT('',#1207);
#1207 = CARTESIAN_POINT('',(23.35000038147,1.600000023842,
    11.800000190735));
#1208 = LINE('',#1209,#1210);
#1209 = CARTESIAN_POINT('',(23.35000038147,1.600000023842,
    11.800000190735));
#1210 = VECTOR('',#1211,1.);
#1211 = DIRECTION('',(0.997858959548,-6.540257524952E-02,0.));
#1212 = ORIENTED_EDGE('',*,*,#1213,.F.);
#1213 = EDGE_CURVE('',#1214,#1206,#1216,.T.);
#1214 = VERTEX_POINT('',#1215);
#1215 = CARTESIAN_POINT('',(5.25,1.600000023842,11.800000190735));
#1216 = LINE('',#1217,#1218);
#1217 = CARTESIAN_POINT('',(5.25,1.600000023842,11.800000190735));
#1218 = VECTOR('',#1219,1.);
#1219 = DIRECTION('',(1.,0.,0.));
#1220 = ORIENTED_EDGE('',*,*,#1221,.T.);
#1221 = EDGE_CURVE('',#1214,#1222,#1224,.T.);
#1222 = VERTEX_POINT('',#1223);
#1223 = CARTESIAN_POINT('',(5.25,0.,11.800000190735));
#1224 = LINE('',#1225,#1226);
#1225 = CARTESIAN_POINT('',(5.25,1.600000023842,11.800000190735));
#1226 = VECTOR('',#1227,1.);
#1227 = DIRECTION('',(0.,-1.,0.));
#1228 = ORIENTED_EDGE('',*,*,#1229,.T.);
#1229 = EDGE_CURVE('',#1222,#1230,#1232,.T.);
#1230 = VERTEX_POINT('',#1231);
#1231 = CARTESIAN_POINT('',(23.35000038147,0.,11.800000190735));
#1232 = LINE('',#1233,#1234);
#1233 = CARTESIAN_POINT('',(5.25,0.,11.800000190735));
#1234 = VECTOR('',#1235,1.);
#1235 = DIRECTION('',(1.,0.,0.));
#1236 = ORIENTED_EDGE('',*,*,#1237,.T.);
#1237 = EDGE_CURVE('',#1230,#1238,#1240,.T.);
#1238 = VERTEX_POINT('',#1239);
#1239 = CARTESIAN_POINT('',(23.663299560547,-2.053170092404E-02,
    11.800000190735));
#1240 = LINE('',#1241,#1242);
#1241 = CARTESIAN_POINT('',(23.35000038147,0.,11.800000190735));
#1242 = VECTOR('',#1243,1.);
#1243 = DIRECTION('',(0.997859549312,-6.539357648823E-02,0.));
#1244 = ORIENTED_EDGE('',*,*,#1245,.T.);
#1245 = EDGE_CURVE('',#1238,#1246,#1248,.T.);
#1246 = VERTEX_POINT('',#1247);
#1247 = CARTESIAN_POINT('',(23.971200942993,-8.177760243416E-02,
    11.800000190735));
#1248 = LINE('',#1249,#1250);
#1249 = CARTESIAN_POINT('',(23.663299560547,-2.053170092404E-02,
    11.800000190735));
#1250 = VECTOR('',#1251,1.);
#1251 = DIRECTION('',(0.980784970407,-0.195091880468,0.));
#1252 = ORIENTED_EDGE('',*,*,#1253,.T.);
#1253 = EDGE_CURVE('',#1246,#1254,#1256,.T.);
#1254 = VERTEX_POINT('',#1255);
#1255 = CARTESIAN_POINT('',(24.268400192261,-0.182688996196,
    11.800000190735));
#1256 = LINE('',#1257,#1258);
#1257 = CARTESIAN_POINT('',(23.971200942993,-8.177760243416E-02,
    11.800000190735));
#1258 = VECTOR('',#1259,1.);
#1259 = DIRECTION('',(0.946905064569,-0.321513294738,0.));
#1260 = ORIENTED_EDGE('',*,*,#1261,.T.);
#1261 = EDGE_CURVE('',#1254,#1262,#1264,.T.);
#1262 = VERTEX_POINT('',#1263);
#1263 = CARTESIAN_POINT('',(24.549999237061,-0.321539014578,
    11.800000190735));
#1264 = LINE('',#1265,#1266);
#1265 = CARTESIAN_POINT('',(24.268400192261,-0.182688996196,
    11.800000190735));
#1266 = VECTOR('',#1267,1.);
#1267 = DIRECTION('',(0.896897076867,-0.44223933962,0.));
#1268 = ORIENTED_EDGE('',*,*,#1269,.T.);
#1269 = EDGE_CURVE('',#1262,#1270,#1272,.T.);
#1270 = VERTEX_POINT('',#1271);
#1271 = CARTESIAN_POINT('',(24.811000823975,-0.495952010155,
    11.800000190735));
#1272 = LINE('',#1273,#1274);
#1273 = CARTESIAN_POINT('',(24.549999237061,-0.321539014578,
    11.800000190735));
#1274 = VECTOR('',#1275,1.);
#1275 = DIRECTION('',(0.831444137797,-0.555608356419,0.));
#1276 = ORIENTED_EDGE('',*,*,#1277,.T.);
#1277 = EDGE_CURVE('',#1270,#1278,#1280,.T.);
#1278 = VERTEX_POINT('',#1279);
#1279 = CARTESIAN_POINT('',(25.047100067139,-0.70294302702,
    11.800000190735));
#1280 = LINE('',#1281,#1282);
#1281 = CARTESIAN_POINT('',(24.811000823975,-0.495952010155,
    11.800000190735));
#1282 = VECTOR('',#1283,1.);
#1283 = DIRECTION('',(0.751938414384,-0.659233358511,0.));
#1284 = ORIENTED_EDGE('',*,*,#1285,.T.);
#1285 = EDGE_CURVE('',#1278,#1286,#1288,.T.);
#1286 = VERTEX_POINT('',#1287);
#1287 = CARTESIAN_POINT('',(25.253999710083,-0.938971996307,
    11.800000190735));
#1288 = LINE('',#1289,#1290);
#1289 = CARTESIAN_POINT('',(25.047100067139,-0.70294302702,
    11.800000190735));
#1290 = VECTOR('',#1291,1.);
#1291 = DIRECTION('',(0.659179740193,-0.75198541882,0.));
#1292 = ORIENTED_EDGE('',*,*,#1293,.T.);
#1293 = EDGE_CURVE('',#1286,#1294,#1296,.T.);
#1294 = VERTEX_POINT('',#1295);
#1295 = CARTESIAN_POINT('',(25.428499221802,-1.200000047684,
    11.800000190735));
#1296 = LINE('',#1297,#1298);
#1297 = CARTESIAN_POINT('',(25.253999710083,-0.938971996307,
    11.800000190735));
#1298 = VECTOR('',#1299,1.);
#1299 = DIRECTION('',(0.555759893627,-0.831342853843,0.));
#1300 = ORIENTED_EDGE('',*,*,#1301,.T.);
#1301 = EDGE_CURVE('',#1294,#1302,#1304,.T.);
#1302 = VERTEX_POINT('',#1303);
#1303 = CARTESIAN_POINT('',(25.567300796509,-1.481559991837,
    11.800000190735));
#1304 = LINE('',#1305,#1306);
#1305 = CARTESIAN_POINT('',(25.428499221802,-1.200000047684,
    11.800000190735));
#1306 = VECTOR('',#1307,1.);
#1307 = DIRECTION('',(0.442164603341,-0.896933923738,0.));
#1308 = ORIENTED_EDGE('',*,*,#1309,.T.);
#1309 = EDGE_CURVE('',#1302,#1310,#1312,.T.);
#1310 = VERTEX_POINT('',#1311);
#1311 = CARTESIAN_POINT('',(25.668199539185,-1.778830051422,
    11.800000190735));
#1312 = LINE('',#1313,#1314);
#1313 = CARTESIAN_POINT('',(25.567300796509,-1.481559991837,
    11.800000190735));
#1314 = VECTOR('',#1315,1.);
#1315 = DIRECTION('',(0.321408488061,-0.946940644287,0.));
#1316 = ORIENTED_EDGE('',*,*,#1317,.T.);
#1317 = EDGE_CURVE('',#1310,#1318,#1320,.T.);
#1318 = VERTEX_POINT('',#1319);
#1319 = CARTESIAN_POINT('',(25.729499816895,-2.086740016937,
    11.800000190735));
#1320 = LINE('',#1321,#1322);
#1321 = CARTESIAN_POINT('',(25.668199539185,-1.778830051422,
    11.800000190735));
#1322 = VECTOR('',#1323,1.);
#1323 = DIRECTION('',(0.195253253382,-0.98075285727,0.));
#1324 = ORIENTED_EDGE('',*,*,#1325,.T.);
#1325 = EDGE_CURVE('',#1318,#1326,#1328,.T.);
#1326 = VERTEX_POINT('',#1327);
#1327 = CARTESIAN_POINT('',(25.75,-2.400000095367,11.800000190735));
#1328 = LINE('',#1329,#1330);
#1329 = CARTESIAN_POINT('',(25.729499816895,-2.086740016937,
    11.800000190735));
#1330 = VECTOR('',#1331,1.);
#1331 = DIRECTION('',(6.530173545992E-02,-0.997865563764,0.));
#1332 = ORIENTED_EDGE('',*,*,#1333,.T.);
#1333 = EDGE_CURVE('',#1326,#1334,#1336,.T.);
#1334 = VERTEX_POINT('',#1335);
#1335 = CARTESIAN_POINT('',(25.75,-33.34999847412,11.800000190735));
#1336 = LINE('',#1337,#1338);
#1337 = CARTESIAN_POINT('',(25.75,-2.400000095367,11.800000190735));
#1338 = VECTOR('',#1339,1.);
#1339 = DIRECTION('',(0.,-1.,0.));
#1340 = ORIENTED_EDGE('',*,*,#1341,.T.);
#1341 = EDGE_CURVE('',#1334,#1342,#1344,.T.);
#1342 = VERTEX_POINT('',#1343);
#1343 = CARTESIAN_POINT('',(25.729499816895,-33.66329956054,
    11.800000190735));
#1344 = LINE('',#1345,#1346);
#1345 = CARTESIAN_POINT('',(25.75,-33.34999847412,11.800000190735));
#1346 = VECTOR('',#1347,1.);
#1347 = DIRECTION('',(-6.529322455382E-02,-0.997866120693,0.));
#1348 = ORIENTED_EDGE('',*,*,#1349,.T.);
#1349 = EDGE_CURVE('',#1342,#1350,#1352,.T.);
#1350 = VERTEX_POINT('',#1351);
#1351 = CARTESIAN_POINT('',(25.668199539185,-33.97119903564,
    11.800000190735));
#1352 = LINE('',#1353,#1354);
#1353 = CARTESIAN_POINT('',(25.729499816895,-33.66329956054,
    11.800000190735));
#1354 = VECTOR('',#1355,1.);
#1355 = DIRECTION('',(-0.19525965221,-0.980751583337,0.));
#1356 = ORIENTED_EDGE('',*,*,#1357,.T.);
#1357 = EDGE_CURVE('',#1350,#1358,#1360,.T.);
#1358 = VERTEX_POINT('',#1359);
#1359 = CARTESIAN_POINT('',(25.567300796509,-34.26839828491,
    11.800000190735));
#1360 = LINE('',#1361,#1362);
#1361 = CARTESIAN_POINT('',(25.668199539185,-33.97119903564,
    11.800000190735));
#1362 = VECTOR('',#1363,1.);
#1363 = DIRECTION('',(-0.321477153098,-0.946917335376,0.));
#1364 = ORIENTED_EDGE('',*,*,#1365,.T.);
#1365 = EDGE_CURVE('',#1358,#1366,#1368,.T.);
#1366 = VERTEX_POINT('',#1367);
#1367 = CARTESIAN_POINT('',(25.428499221802,-34.54999923706,
    11.800000190735));
#1368 = LINE('',#1369,#1370);
#1369 = CARTESIAN_POINT('',(25.567300796509,-34.26839828491,
    11.800000190735));
#1370 = VECTOR('',#1371,1.);
#1371 = DIRECTION('',(-0.442112799991,-0.896959459554,0.));
#1372 = ORIENTED_EDGE('',*,*,#1373,.T.);
#1373 = EDGE_CURVE('',#1366,#1374,#1376,.T.);
#1374 = VERTEX_POINT('',#1375);
#1375 = CARTESIAN_POINT('',(25.253999710083,-34.81100082397,
    11.800000190735));
#1376 = LINE('',#1377,#1378);
#1377 = CARTESIAN_POINT('',(25.428499221802,-34.54999923706,
    11.800000190735));
#1378 = VECTOR('',#1379,1.);
#1379 = DIRECTION('',(-0.55579883821,-0.831316817732,0.));
#1380 = ORIENTED_EDGE('',*,*,#1381,.T.);
#1381 = EDGE_CURVE('',#1374,#1382,#1384,.T.);
#1382 = VERTEX_POINT('',#1383);
#1383 = CARTESIAN_POINT('',(25.047100067139,-35.04710006713,
    11.800000190735));
#1384 = LINE('',#1385,#1386);
#1385 = CARTESIAN_POINT('',(25.253999710083,-34.81100082397,
    11.800000190735));
#1386 = VECTOR('',#1387,1.);
#1387 = DIRECTION('',(-0.659068770022,-0.75208267922,0.));
#1388 = ORIENTED_EDGE('',*,*,#1389,.T.);
#1389 = EDGE_CURVE('',#1382,#1390,#1392,.T.);
#1390 = VERTEX_POINT('',#1391);
#1391 = CARTESIAN_POINT('',(24.811000823975,-35.25400161743,
    11.800000190735));
#1392 = LINE('',#1393,#1394);
#1393 = CARTESIAN_POINT('',(25.047100067139,-35.04710006713,
    11.800000190735));
#1394 = VECTOR('',#1395,1.);
#1395 = DIRECTION('',(-0.752079667623,-0.659072206627,0.));
#1396 = ORIENTED_EDGE('',*,*,#1397,.T.);
#1397 = EDGE_CURVE('',#1390,#1398,#1400,.T.);
#1398 = VERTEX_POINT('',#1399);
#1399 = CARTESIAN_POINT('',(24.549999237061,-35.42850112915,
    11.800000190735));
#1400 = LINE('',#1401,#1402);
#1401 = CARTESIAN_POINT('',(24.811000823975,-35.25400161743,
    11.800000190735));
#1402 = VECTOR('',#1403,1.);
#1403 = DIRECTION('',(-0.831316817732,-0.55579883821,0.));
#1404 = ORIENTED_EDGE('',*,*,#1405,.T.);
#1405 = EDGE_CURVE('',#1398,#1406,#1408,.T.);
#1406 = VERTEX_POINT('',#1407);
#1407 = CARTESIAN_POINT('',(24.268400192261,-35.56729888916,
    11.800000190735));
#1408 = LINE('',#1409,#1410);
#1409 = CARTESIAN_POINT('',(24.549999237061,-35.42850112915,
    11.800000190735));
#1410 = VECTOR('',#1411,1.);
#1411 = DIRECTION('',(-0.89696309048,-0.442105433485,0.));
#1412 = ORIENTED_EDGE('',*,*,#1413,.T.);
#1413 = EDGE_CURVE('',#1406,#1414,#1416,.T.);
#1414 = VERTEX_POINT('',#1415);
#1415 = CARTESIAN_POINT('',(23.971200942993,-35.66820144653,
    11.800000190735));
#1416 = LINE('',#1417,#1418);
#1417 = CARTESIAN_POINT('',(24.268400192261,-35.56729888916,
    11.800000190735));
#1418 = VECTOR('',#1419,1.);
#1419 = DIRECTION('',(-0.946913635457,-0.321488051078,0.));
#1420 = ORIENTED_EDGE('',*,*,#1421,.T.);
#1421 = EDGE_CURVE('',#1414,#1422,#1424,.T.);
#1422 = VERTEX_POINT('',#1423);
#1423 = CARTESIAN_POINT('',(23.663299560547,-35.72949981689,
    11.800000190735));
#1424 = LINE('',#1425,#1426);
#1425 = CARTESIAN_POINT('',(23.971200942993,-35.66820144653,
    11.800000190735));
#1426 = VECTOR('',#1427,1.);
#1427 = DIRECTION('',(-0.980752978402,-0.195252644939,0.));
#1428 = ORIENTED_EDGE('',*,*,#1429,.T.);
#1429 = EDGE_CURVE('',#1422,#1430,#1432,.T.);
#1430 = VERTEX_POINT('',#1431);
#1431 = CARTESIAN_POINT('',(23.35000038147,-35.75,11.800000190735));
#1432 = LINE('',#1433,#1434);
#1433 = CARTESIAN_POINT('',(23.663299560547,-35.72949981689,
    11.800000190735));
#1434 = VECTOR('',#1435,1.);
#1435 = DIRECTION('',(-0.997866094794,-6.529362036083E-02,0.));
#1436 = ORIENTED_EDGE('',*,*,#1437,.T.);
#1437 = EDGE_CURVE('',#1430,#1438,#1440,.T.);
#1438 = VERTEX_POINT('',#1439);
#1439 = CARTESIAN_POINT('',(-23.35000038147,-35.75,11.800000190735));
#1440 = LINE('',#1441,#1442);
#1441 = CARTESIAN_POINT('',(23.35000038147,-35.75,11.800000190735));
#1442 = VECTOR('',#1443,1.);
#1443 = DIRECTION('',(-1.,0.,0.));
#1444 = ORIENTED_EDGE('',*,*,#1445,.T.);
#1445 = EDGE_CURVE('',#1438,#1446,#1448,.T.);
#1446 = VERTEX_POINT('',#1447);
#1447 = CARTESIAN_POINT('',(-23.66329956054,-35.72949981689,
    11.800000190735));
#1448 = LINE('',#1449,#1450);
#1449 = CARTESIAN_POINT('',(-23.35000038147,-35.75,11.800000190735));
#1450 = VECTOR('',#1451,1.);
#1451 = DIRECTION('',(-0.997866094794,6.529362036083E-02,0.));
#1452 = ORIENTED_EDGE('',*,*,#1453,.T.);
#1453 = EDGE_CURVE('',#1446,#1454,#1456,.T.);
#1454 = VERTEX_POINT('',#1455);
#1455 = CARTESIAN_POINT('',(-23.97120094299,-35.66820144653,
    11.800000190735));
#1456 = LINE('',#1457,#1458);
#1457 = CARTESIAN_POINT('',(-23.66329956054,-35.72949981689,
    11.800000190735));
#1458 = VECTOR('',#1459,1.);
#1459 = DIRECTION('',(-0.980752978402,0.195252644939,0.));
#1460 = ORIENTED_EDGE('',*,*,#1461,.T.);
#1461 = EDGE_CURVE('',#1454,#614,#1462,.T.);
#1462 = LINE('',#1463,#1464);
#1463 = CARTESIAN_POINT('',(-23.97120094299,-35.66820144653,
    11.800000190735));
#1464 = VECTOR('',#1465,1.);
#1465 = DIRECTION('',(-0.946913635457,0.321488051078,0.));
#1466 = ORIENTED_EDGE('',*,*,#631,.T.);
#1467 = ORIENTED_EDGE('',*,*,#1468,.T.);
#1468 = EDGE_CURVE('',#624,#1469,#1471,.T.);
#1469 = VERTEX_POINT('',#1470);
#1470 = CARTESIAN_POINT('',(-24.81100082397,-35.25400161743,
    11.800000190735));
#1471 = LINE('',#1472,#1473);
#1472 = CARTESIAN_POINT('',(-24.54999923706,-35.42850112915,
    11.800000190735));
#1473 = VECTOR('',#1474,1.);
#1474 = DIRECTION('',(-0.831316817732,0.55579883821,0.));
#1475 = ORIENTED_EDGE('',*,*,#1476,.T.);
#1476 = EDGE_CURVE('',#1469,#1477,#1479,.T.);
#1477 = VERTEX_POINT('',#1478);
#1478 = CARTESIAN_POINT('',(-25.04710006713,-35.04710006713,
    11.800000190735));
#1479 = LINE('',#1480,#1481);
#1480 = CARTESIAN_POINT('',(-24.81100082397,-35.25400161743,
    11.800000190735));
#1481 = VECTOR('',#1482,1.);
#1482 = DIRECTION('',(-0.752079667623,0.659072206627,0.));
#1483 = ORIENTED_EDGE('',*,*,#1484,.T.);
#1484 = EDGE_CURVE('',#1477,#1485,#1487,.T.);
#1485 = VERTEX_POINT('',#1486);
#1486 = CARTESIAN_POINT('',(-25.25399971008,-34.81100082397,
    11.800000190735));
#1487 = LINE('',#1488,#1489);
#1488 = CARTESIAN_POINT('',(-25.04710006713,-35.04710006713,
    11.800000190735));
#1489 = VECTOR('',#1490,1.);
#1490 = DIRECTION('',(-0.659068770022,0.75208267922,0.));
#1491 = ORIENTED_EDGE('',*,*,#1492,.T.);
#1492 = EDGE_CURVE('',#1485,#1493,#1495,.T.);
#1493 = VERTEX_POINT('',#1494);
#1494 = CARTESIAN_POINT('',(-25.4284992218,-34.54999923706,
    11.800000190735));
#1495 = LINE('',#1496,#1497);
#1496 = CARTESIAN_POINT('',(-25.25399971008,-34.81100082397,
    11.800000190735));
#1497 = VECTOR('',#1498,1.);
#1498 = DIRECTION('',(-0.55579883821,0.831316817732,0.));
#1499 = ORIENTED_EDGE('',*,*,#1500,.T.);
#1500 = EDGE_CURVE('',#1493,#1501,#1503,.T.);
#1501 = VERTEX_POINT('',#1502);
#1502 = CARTESIAN_POINT('',(-25.5673007965,-34.26839828491,
    11.800000190735));
#1503 = LINE('',#1504,#1505);
#1504 = CARTESIAN_POINT('',(-25.4284992218,-34.54999923706,
    11.800000190735));
#1505 = VECTOR('',#1506,1.);
#1506 = DIRECTION('',(-0.442112799991,0.896959459554,0.));
#1507 = ORIENTED_EDGE('',*,*,#1508,.T.);
#1508 = EDGE_CURVE('',#1501,#669,#1509,.T.);
#1509 = LINE('',#1510,#1511);
#1510 = CARTESIAN_POINT('',(-25.5673007965,-34.26839828491,
    11.800000190735));
#1511 = VECTOR('',#1512,1.);
#1512 = DIRECTION('',(-0.321477153098,0.946917335376,0.));
#1513 = PLANE('',#1514);
#1514 = AXIS2_PLACEMENT_3D('',#1515,#1516,#1517);
#1515 = CARTESIAN_POINT('',(-8.215387288865E-16,-18.87329114755,
    11.800000190735));
#1516 = DIRECTION('',(0.,0.,1.));
#1517 = DIRECTION('',(1.,0.,-0.));
#1518 = ADVANCED_FACE('',(#1519),#1536,.T.);
#1519 = FACE_BOUND('',#1520,.T.);
#1520 = EDGE_LOOP('',(#1521,#1529,#1535));
#1521 = ORIENTED_EDGE('',*,*,#1522,.T.);
#1522 = EDGE_CURVE('',#1493,#1523,#1525,.T.);
#1523 = VERTEX_POINT('',#1524);
#1524 = CARTESIAN_POINT('',(-25.5,-34.40489959716,1.799999952316));
#1525 = LINE('',#1526,#1527);
#1526 = CARTESIAN_POINT('',(-25.4284992218,-34.54999923706,
    11.800000190735));
#1527 = VECTOR('',#1528,1.);
#1528 = DIRECTION('',(-7.149142378741E-03,1.450806565797E-02,
    -0.999869194342));
#1529 = ORIENTED_EDGE('',*,*,#1530,.F.);
#1530 = EDGE_CURVE('',#1501,#1523,#1531,.T.);
#1531 = LINE('',#1532,#1533);
#1532 = CARTESIAN_POINT('',(-25.5673007965,-34.26839828491,
    11.800000190735));
#1533 = VECTOR('',#1534,1.);
#1534 = DIRECTION('',(6.729300215138E-03,-1.364855035274E-02,
    -0.999884210092));
#1535 = ORIENTED_EDGE('',*,*,#1500,.F.);
#1536 = PLANE('',#1537);
#1537 = AXIS2_PLACEMENT_3D('',#1538,#1539,#1540);
#1538 = CARTESIAN_POINT('',(-25.49893352241,-34.40708291712,
    6.877265317926));
#1539 = DIRECTION('',(0.896959459553,0.44211279999,1.710869979244E-06));
#1540 = DIRECTION('',(-0.442112799991,0.896959459554,0.));
#1541 = ADVANCED_FACE('',(#1542),#1559,.T.);
#1542 = FACE_BOUND('',#1543,.T.);
#1543 = EDGE_LOOP('',(#1544,#1545,#1553));
#1544 = ORIENTED_EDGE('',*,*,#1522,.F.);
#1545 = ORIENTED_EDGE('',*,*,#1546,.F.);
#1546 = EDGE_CURVE('',#1547,#1493,#1549,.T.);
#1547 = VERTEX_POINT('',#1548);
#1548 = CARTESIAN_POINT('',(-25.4284992218,-34.54999923706,
    1.799999952316));
#1549 = LINE('',#1550,#1551);
#1550 = CARTESIAN_POINT('',(-25.4284992218,-34.54999923706,
    1.799999952316));
#1551 = VECTOR('',#1552,1.);
#1552 = DIRECTION('',(0.,0.,1.));
#1553 = ORIENTED_EDGE('',*,*,#1554,.T.);
#1554 = EDGE_CURVE('',#1547,#1523,#1555,.T.);
#1555 = LINE('',#1556,#1557);
#1556 = CARTESIAN_POINT('',(-25.4284992218,-34.54999923706,
    1.799999952316));
#1557 = VECTOR('',#1558,1.);
#1558 = DIRECTION('',(-0.442017929692,0.897006215046,0.));
#1559 = PLANE('',#1560);
#1560 = AXIS2_PLACEMENT_3D('',#1561,#1562,#1563);
#1561 = CARTESIAN_POINT('',(-25.44651898138,-34.51343095498,
    6.759887152275));
#1562 = DIRECTION('',(0.897006215046,0.442017929692,0.));
#1563 = DIRECTION('',(-0.442017929692,0.897006215046,0.));
#1564 = ADVANCED_FACE('',(#1565,#1613,#1647,#1681,#1715,#1749,#1783),
  #1817,.T.);
#1565 = FACE_BOUND('',#1566,.T.);
#1566 = EDGE_LOOP('',(#1567,#1568,#1576,#1584,#1590,#1591,#1599,#1607));
#1567 = ORIENTED_EDGE('',*,*,#1229,.F.);
#1568 = ORIENTED_EDGE('',*,*,#1569,.T.);
#1569 = EDGE_CURVE('',#1222,#1570,#1572,.T.);
#1570 = VERTEX_POINT('',#1571);
#1571 = CARTESIAN_POINT('',(5.25,0.,5.800000190735));
#1572 = LINE('',#1573,#1574);
#1573 = CARTESIAN_POINT('',(5.25,0.,11.800000190735));
#1574 = VECTOR('',#1575,1.);
#1575 = DIRECTION('',(0.,0.,-1.));
#1576 = ORIENTED_EDGE('',*,*,#1577,.T.);
#1577 = EDGE_CURVE('',#1570,#1578,#1580,.T.);
#1578 = VERTEX_POINT('',#1579);
#1579 = CARTESIAN_POINT('',(-5.25,0.,5.800000190735));
#1580 = LINE('',#1581,#1582);
#1581 = CARTESIAN_POINT('',(5.25,0.,5.800000190735));
#1582 = VECTOR('',#1583,1.);
#1583 = DIRECTION('',(-1.,0.,0.));
#1584 = ORIENTED_EDGE('',*,*,#1585,.T.);
#1585 = EDGE_CURVE('',#1578,#791,#1586,.T.);
#1586 = LINE('',#1587,#1588);
#1587 = CARTESIAN_POINT('',(-5.25,0.,5.800000190735));
#1588 = VECTOR('',#1589,1.);
#1589 = DIRECTION('',(0.,0.,1.));
#1590 = ORIENTED_EDGE('',*,*,#790,.F.);
#1591 = ORIENTED_EDGE('',*,*,#1592,.T.);
#1592 = EDGE_CURVE('',#783,#1593,#1595,.T.);
#1593 = VERTEX_POINT('',#1594);
#1594 = CARTESIAN_POINT('',(-23.35000038147,0.,0.799998998642));
#1595 = LINE('',#1596,#1597);
#1596 = CARTESIAN_POINT('',(-23.35000038147,0.,11.800000190735));
#1597 = VECTOR('',#1598,1.);
#1598 = DIRECTION('',(0.,0.,-1.));
#1599 = ORIENTED_EDGE('',*,*,#1600,.T.);
#1600 = EDGE_CURVE('',#1593,#1601,#1603,.T.);
#1601 = VERTEX_POINT('',#1602);
#1602 = CARTESIAN_POINT('',(23.35000038147,0.,0.799998998642));
#1603 = LINE('',#1604,#1605);
#1604 = CARTESIAN_POINT('',(-23.35000038147,0.,0.799998998642));
#1605 = VECTOR('',#1606,1.);
#1606 = DIRECTION('',(1.,0.,0.));
#1607 = ORIENTED_EDGE('',*,*,#1608,.F.);
#1608 = EDGE_CURVE('',#1230,#1601,#1609,.T.);
#1609 = LINE('',#1610,#1611);
#1610 = CARTESIAN_POINT('',(23.35000038147,0.,11.800000190735));
#1611 = VECTOR('',#1612,1.);
#1612 = DIRECTION('',(0.,0.,-1.));
#1613 = FACE_BOUND('',#1614,.T.);
#1614 = EDGE_LOOP('',(#1615,#1625,#1633,#1641));
#1615 = ORIENTED_EDGE('',*,*,#1616,.T.);
#1616 = EDGE_CURVE('',#1617,#1619,#1621,.T.);
#1617 = VERTEX_POINT('',#1618);
#1618 = CARTESIAN_POINT('',(17.299999237061,0.,10.5));
#1619 = VERTEX_POINT('',#1620);
#1620 = CARTESIAN_POINT('',(18.700000762939,0.,10.5));
#1621 = LINE('',#1622,#1623);
#1622 = CARTESIAN_POINT('',(17.299999237061,0.,10.5));
#1623 = VECTOR('',#1624,1.);
#1624 = DIRECTION('',(1.,0.,0.));
#1625 = ORIENTED_EDGE('',*,*,#1626,.T.);
#1626 = EDGE_CURVE('',#1619,#1627,#1629,.T.);
#1627 = VERTEX_POINT('',#1628);
#1628 = CARTESIAN_POINT('',(18.700000762939,0.,6.));
#1629 = LINE('',#1630,#1631);
#1630 = CARTESIAN_POINT('',(18.700000762939,0.,10.5));
#1631 = VECTOR('',#1632,1.);
#1632 = DIRECTION('',(0.,0.,-1.));
#1633 = ORIENTED_EDGE('',*,*,#1634,.T.);
#1634 = EDGE_CURVE('',#1627,#1635,#1637,.T.);
#1635 = VERTEX_POINT('',#1636);
#1636 = CARTESIAN_POINT('',(17.299999237061,0.,6.));
#1637 = LINE('',#1638,#1639);
#1638 = CARTESIAN_POINT('',(18.700000762939,0.,6.));
#1639 = VECTOR('',#1640,1.);
#1640 = DIRECTION('',(-1.,0.,0.));
#1641 = ORIENTED_EDGE('',*,*,#1642,.T.);
#1642 = EDGE_CURVE('',#1635,#1617,#1643,.T.);
#1643 = LINE('',#1644,#1645);
#1644 = CARTESIAN_POINT('',(17.299999237061,0.,6.));
#1645 = VECTOR('',#1646,1.);
#1646 = DIRECTION('',(0.,0.,1.));
#1647 = FACE_BOUND('',#1648,.T.);
#1648 = EDGE_LOOP('',(#1649,#1659,#1667,#1675));
#1649 = ORIENTED_EDGE('',*,*,#1650,.T.);
#1650 = EDGE_CURVE('',#1651,#1653,#1655,.T.);
#1651 = VERTEX_POINT('',#1652);
#1652 = CARTESIAN_POINT('',(-17.29999923706,0.,6.));
#1653 = VERTEX_POINT('',#1654);
#1654 = CARTESIAN_POINT('',(-18.70000076293,0.,6.));
#1655 = LINE('',#1656,#1657);
#1656 = CARTESIAN_POINT('',(-17.29999923706,0.,6.));
#1657 = VECTOR('',#1658,1.);
#1658 = DIRECTION('',(-1.,0.,0.));
#1659 = ORIENTED_EDGE('',*,*,#1660,.T.);
#1660 = EDGE_CURVE('',#1653,#1661,#1663,.T.);
#1661 = VERTEX_POINT('',#1662);
#1662 = CARTESIAN_POINT('',(-18.70000076293,0.,10.5));
#1663 = LINE('',#1664,#1665);
#1664 = CARTESIAN_POINT('',(-18.70000076293,0.,6.));
#1665 = VECTOR('',#1666,1.);
#1666 = DIRECTION('',(0.,0.,1.));
#1667 = ORIENTED_EDGE('',*,*,#1668,.T.);
#1668 = EDGE_CURVE('',#1661,#1669,#1671,.T.);
#1669 = VERTEX_POINT('',#1670);
#1670 = CARTESIAN_POINT('',(-17.29999923706,0.,10.5));
#1671 = LINE('',#1672,#1673);
#1672 = CARTESIAN_POINT('',(-18.70000076293,0.,10.5));
#1673 = VECTOR('',#1674,1.);
#1674 = DIRECTION('',(1.,0.,0.));
#1675 = ORIENTED_EDGE('',*,*,#1676,.T.);
#1676 = EDGE_CURVE('',#1669,#1651,#1677,.T.);
#1677 = LINE('',#1678,#1679);
#1678 = CARTESIAN_POINT('',(-17.29999923706,0.,10.5));
#1679 = VECTOR('',#1680,1.);
#1680 = DIRECTION('',(0.,0.,-1.));
#1681 = FACE_BOUND('',#1682,.T.);
#1682 = EDGE_LOOP('',(#1683,#1693,#1701,#1709));
#1683 = ORIENTED_EDGE('',*,*,#1684,.T.);
#1684 = EDGE_CURVE('',#1685,#1687,#1689,.T.);
#1685 = VERTEX_POINT('',#1686);
#1686 = CARTESIAN_POINT('',(-21.29999923706,0.,6.));
#1687 = VERTEX_POINT('',#1688);
#1688 = CARTESIAN_POINT('',(-22.70000076293,0.,6.));
#1689 = LINE('',#1690,#1691);
#1690 = CARTESIAN_POINT('',(-21.29999923706,0.,6.));
#1691 = VECTOR('',#1692,1.);
#1692 = DIRECTION('',(-1.,0.,0.));
#1693 = ORIENTED_EDGE('',*,*,#1694,.T.);
#1694 = EDGE_CURVE('',#1687,#1695,#1697,.T.);
#1695 = VERTEX_POINT('',#1696);
#1696 = CARTESIAN_POINT('',(-22.70000076293,0.,10.5));
#1697 = LINE('',#1698,#1699);
#1698 = CARTESIAN_POINT('',(-22.70000076293,0.,6.));
#1699 = VECTOR('',#1700,1.);
#1700 = DIRECTION('',(0.,0.,1.));
#1701 = ORIENTED_EDGE('',*,*,#1702,.T.);
#1702 = EDGE_CURVE('',#1695,#1703,#1705,.T.);
#1703 = VERTEX_POINT('',#1704);
#1704 = CARTESIAN_POINT('',(-21.29999923706,0.,10.5));
#1705 = LINE('',#1706,#1707);
#1706 = CARTESIAN_POINT('',(-22.70000076293,0.,10.5));
#1707 = VECTOR('',#1708,1.);
#1708 = DIRECTION('',(1.,0.,0.));
#1709 = ORIENTED_EDGE('',*,*,#1710,.T.);
#1710 = EDGE_CURVE('',#1703,#1685,#1711,.T.);
#1711 = LINE('',#1712,#1713);
#1712 = CARTESIAN_POINT('',(-21.29999923706,0.,10.5));
#1713 = VECTOR('',#1714,1.);
#1714 = DIRECTION('',(0.,0.,-1.));
#1715 = FACE_BOUND('',#1716,.T.);
#1716 = EDGE_LOOP('',(#1717,#1727,#1735,#1743));
#1717 = ORIENTED_EDGE('',*,*,#1718,.T.);
#1718 = EDGE_CURVE('',#1719,#1721,#1723,.T.);
#1719 = VERTEX_POINT('',#1720);
#1720 = CARTESIAN_POINT('',(9.300000190735,0.,10.5));
#1721 = VERTEX_POINT('',#1722);
#1722 = CARTESIAN_POINT('',(10.699999809265,0.,10.5));
#1723 = LINE('',#1724,#1725);
#1724 = CARTESIAN_POINT('',(9.300000190735,0.,10.5));
#1725 = VECTOR('',#1726,1.);
#1726 = DIRECTION('',(1.,0.,0.));
#1727 = ORIENTED_EDGE('',*,*,#1728,.T.);
#1728 = EDGE_CURVE('',#1721,#1729,#1731,.T.);
#1729 = VERTEX_POINT('',#1730);
#1730 = CARTESIAN_POINT('',(10.699999809265,0.,6.));
#1731 = LINE('',#1732,#1733);
#1732 = CARTESIAN_POINT('',(10.699999809265,0.,10.5));
#1733 = VECTOR('',#1734,1.);
#1734 = DIRECTION('',(0.,0.,-1.));
#1735 = ORIENTED_EDGE('',*,*,#1736,.T.);
#1736 = EDGE_CURVE('',#1729,#1737,#1739,.T.);
#1737 = VERTEX_POINT('',#1738);
#1738 = CARTESIAN_POINT('',(9.300000190735,0.,6.));
#1739 = LINE('',#1740,#1741);
#1740 = CARTESIAN_POINT('',(10.699999809265,0.,6.));
#1741 = VECTOR('',#1742,1.);
#1742 = DIRECTION('',(-1.,0.,0.));
#1743 = ORIENTED_EDGE('',*,*,#1744,.T.);
#1744 = EDGE_CURVE('',#1737,#1719,#1745,.T.);
#1745 = LINE('',#1746,#1747);
#1746 = CARTESIAN_POINT('',(9.300000190735,0.,6.));
#1747 = VECTOR('',#1748,1.);
#1748 = DIRECTION('',(0.,0.,1.));
#1749 = FACE_BOUND('',#1750,.T.);
#1750 = EDGE_LOOP('',(#1751,#1761,#1769,#1777));
#1751 = ORIENTED_EDGE('',*,*,#1752,.T.);
#1752 = EDGE_CURVE('',#1753,#1755,#1757,.T.);
#1753 = VERTEX_POINT('',#1754);
#1754 = CARTESIAN_POINT('',(13.300000190735,0.,10.5));
#1755 = VERTEX_POINT('',#1756);
#1756 = CARTESIAN_POINT('',(14.699999809265,0.,10.5));
#1757 = LINE('',#1758,#1759);
#1758 = CARTESIAN_POINT('',(13.300000190735,0.,10.5));
#1759 = VECTOR('',#1760,1.);
#1760 = DIRECTION('',(1.,0.,0.));
#1761 = ORIENTED_EDGE('',*,*,#1762,.T.);
#1762 = EDGE_CURVE('',#1755,#1763,#1765,.T.);
#1763 = VERTEX_POINT('',#1764);
#1764 = CARTESIAN_POINT('',(14.699999809265,0.,6.));
#1765 = LINE('',#1766,#1767);
#1766 = CARTESIAN_POINT('',(14.699999809265,0.,10.5));
#1767 = VECTOR('',#1768,1.);
#1768 = DIRECTION('',(0.,0.,-1.));
#1769 = ORIENTED_EDGE('',*,*,#1770,.T.);
#1770 = EDGE_CURVE('',#1763,#1771,#1773,.T.);
#1771 = VERTEX_POINT('',#1772);
#1772 = CARTESIAN_POINT('',(13.300000190735,0.,6.));
#1773 = LINE('',#1774,#1775);
#1774 = CARTESIAN_POINT('',(14.699999809265,0.,6.));
#1775 = VECTOR('',#1776,1.);
#1776 = DIRECTION('',(-1.,0.,0.));
#1777 = ORIENTED_EDGE('',*,*,#1778,.T.);
#1778 = EDGE_CURVE('',#1771,#1753,#1779,.T.);
#1779 = LINE('',#1780,#1781);
#1780 = CARTESIAN_POINT('',(13.300000190735,0.,6.));
#1781 = VECTOR('',#1782,1.);
#1782 = DIRECTION('',(0.,0.,1.));
#1783 = FACE_BOUND('',#1784,.T.);
#1784 = EDGE_LOOP('',(#1785,#1795,#1803,#1811));
#1785 = ORIENTED_EDGE('',*,*,#1786,.T.);
#1786 = EDGE_CURVE('',#1787,#1789,#1791,.T.);
#1787 = VERTEX_POINT('',#1788);
#1788 = CARTESIAN_POINT('',(-13.30000019073,0.,6.));
#1789 = VERTEX_POINT('',#1790);
#1790 = CARTESIAN_POINT('',(-14.69999980926,0.,6.));
#1791 = LINE('',#1792,#1793);
#1792 = CARTESIAN_POINT('',(-13.30000019073,0.,6.));
#1793 = VECTOR('',#1794,1.);
#1794 = DIRECTION('',(-1.,0.,0.));
#1795 = ORIENTED_EDGE('',*,*,#1796,.T.);
#1796 = EDGE_CURVE('',#1789,#1797,#1799,.T.);
#1797 = VERTEX_POINT('',#1798);
#1798 = CARTESIAN_POINT('',(-14.69999980926,0.,10.5));
#1799 = LINE('',#1800,#1801);
#1800 = CARTESIAN_POINT('',(-14.69999980926,0.,6.));
#1801 = VECTOR('',#1802,1.);
#1802 = DIRECTION('',(0.,0.,1.));
#1803 = ORIENTED_EDGE('',*,*,#1804,.T.);
#1804 = EDGE_CURVE('',#1797,#1805,#1807,.T.);
#1805 = VERTEX_POINT('',#1806);
#1806 = CARTESIAN_POINT('',(-13.30000019073,0.,10.5));
#1807 = LINE('',#1808,#1809);
#1808 = CARTESIAN_POINT('',(-14.69999980926,0.,10.5));
#1809 = VECTOR('',#1810,1.);
#1810 = DIRECTION('',(1.,0.,0.));
#1811 = ORIENTED_EDGE('',*,*,#1812,.T.);
#1812 = EDGE_CURVE('',#1805,#1787,#1813,.T.);
#1813 = LINE('',#1814,#1815);
#1814 = CARTESIAN_POINT('',(-13.30000019073,0.,10.5));
#1815 = VECTOR('',#1816,1.);
#1816 = DIRECTION('',(0.,0.,-1.));
#1817 = PLANE('',#1818);
#1818 = AXIS2_PLACEMENT_3D('',#1819,#1820,#1821);
#1819 = CARTESIAN_POINT('',(0.,0.,6.040972971183));
#1820 = DIRECTION('',(-0.,-1.,-0.));
#1821 = DIRECTION('',(0.,0.,-1.));
#1822 = ADVANCED_FACE('',(#1823),#1857,.T.);
#1823 = FACE_BOUND('',#1824,.T.);
#1824 = EDGE_LOOP('',(#1825,#1835,#1843,#1851));
#1825 = ORIENTED_EDGE('',*,*,#1826,.T.);
#1826 = EDGE_CURVE('',#1827,#1829,#1831,.T.);
#1827 = VERTEX_POINT('',#1828);
#1828 = CARTESIAN_POINT('',(9.,-17.73999977111,3.049999952316));
#1829 = VERTEX_POINT('',#1830);
#1830 = CARTESIAN_POINT('',(9.,-17.75,3.049999952316));
#1831 = LINE('',#1832,#1833);
#1832 = CARTESIAN_POINT('',(9.,-17.73999977111,3.049999952316));
#1833 = VECTOR('',#1834,1.);
#1834 = DIRECTION('',(0.,-1.,0.));
#1835 = ORIENTED_EDGE('',*,*,#1836,.F.);
#1836 = EDGE_CURVE('',#1837,#1829,#1839,.T.);
#1837 = VERTEX_POINT('',#1838);
#1838 = CARTESIAN_POINT('',(3.,-17.75,3.049999952316));
#1839 = LINE('',#1840,#1841);
#1840 = CARTESIAN_POINT('',(3.,-17.75,3.049999952316));
#1841 = VECTOR('',#1842,1.);
#1842 = DIRECTION('',(1.,0.,0.));
#1843 = ORIENTED_EDGE('',*,*,#1844,.T.);
#1844 = EDGE_CURVE('',#1837,#1845,#1847,.T.);
#1845 = VERTEX_POINT('',#1846);
#1846 = CARTESIAN_POINT('',(3.,-17.73999977111,3.049999952316));
#1847 = LINE('',#1848,#1849);
#1848 = CARTESIAN_POINT('',(3.,-17.75,3.049999952316));
#1849 = VECTOR('',#1850,1.);
#1850 = DIRECTION('',(0.,1.,0.));
#1851 = ORIENTED_EDGE('',*,*,#1852,.F.);
#1852 = EDGE_CURVE('',#1827,#1845,#1853,.T.);
#1853 = LINE('',#1854,#1855);
#1854 = CARTESIAN_POINT('',(9.,-17.73999977111,3.049999952316));
#1855 = VECTOR('',#1856,1.);
#1856 = DIRECTION('',(-1.,0.,0.));
#1857 = PLANE('',#1858);
#1858 = AXIS2_PLACEMENT_3D('',#1859,#1860,#1861);
#1859 = CARTESIAN_POINT('',(6.,-17.74499988555,3.049999952316));
#1860 = DIRECTION('',(-0.,-0.,-1.));
#1861 = DIRECTION('',(-1.,0.,0.));
#1862 = ADVANCED_FACE('',(#1863),#1888,.T.);
#1863 = FACE_BOUND('',#1864,.T.);
#1864 = EDGE_LOOP('',(#1865,#1873,#1874,#1882));
#1865 = ORIENTED_EDGE('',*,*,#1866,.T.);
#1866 = EDGE_CURVE('',#1867,#1827,#1869,.T.);
#1867 = VERTEX_POINT('',#1868);
#1868 = CARTESIAN_POINT('',(9.,-17.20000076293,3.5));
#1869 = LINE('',#1870,#1871);
#1870 = CARTESIAN_POINT('',(9.,-17.20000076293,3.5));
#1871 = VECTOR('',#1872,1.);
#1872 = DIRECTION('',(0.,-0.768220667957,-0.640185133632));
#1873 = ORIENTED_EDGE('',*,*,#1852,.T.);
#1874 = ORIENTED_EDGE('',*,*,#1875,.T.);
#1875 = EDGE_CURVE('',#1845,#1876,#1878,.T.);
#1876 = VERTEX_POINT('',#1877);
#1877 = CARTESIAN_POINT('',(3.,-17.20000076293,3.5));
#1878 = LINE('',#1879,#1880);
#1879 = CARTESIAN_POINT('',(3.,-17.73999977111,3.049999952316));
#1880 = VECTOR('',#1881,1.);
#1881 = DIRECTION('',(0.,0.768220667957,0.640185133632));
#1882 = ORIENTED_EDGE('',*,*,#1883,.T.);
#1883 = EDGE_CURVE('',#1876,#1867,#1884,.T.);
#1884 = LINE('',#1885,#1886);
#1885 = CARTESIAN_POINT('',(3.,-17.20000076293,3.5));
#1886 = VECTOR('',#1887,1.);
#1887 = DIRECTION('',(1.,0.,0.));
#1888 = PLANE('',#1889);
#1889 = AXIS2_PLACEMENT_3D('',#1890,#1891,#1892);
#1890 = CARTESIAN_POINT('',(6.,-17.47000026702,3.274999976158));
#1891 = DIRECTION('',(-0.,0.640185133632,-0.768220667957));
#1892 = DIRECTION('',(0.,-0.768220667957,-0.640185133632));
#1893 = ADVANCED_FACE('',(#1894),#1919,.T.);
#1894 = FACE_BOUND('',#1895,.T.);
#1895 = EDGE_LOOP('',(#1896,#1906,#1912,#1913));
#1896 = ORIENTED_EDGE('',*,*,#1897,.T.);
#1897 = EDGE_CURVE('',#1898,#1900,#1902,.T.);
#1898 = VERTEX_POINT('',#1899);
#1899 = CARTESIAN_POINT('',(3.,-17.20000076293,3.599999904633));
#1900 = VERTEX_POINT('',#1901);
#1901 = CARTESIAN_POINT('',(9.,-17.20000076293,3.599999904633));
#1902 = LINE('',#1903,#1904);
#1903 = CARTESIAN_POINT('',(3.,-17.20000076293,3.599999904633));
#1904 = VECTOR('',#1905,1.);
#1905 = DIRECTION('',(1.,0.,0.));
#1906 = ORIENTED_EDGE('',*,*,#1907,.T.);
#1907 = EDGE_CURVE('',#1900,#1867,#1908,.T.);
#1908 = LINE('',#1909,#1910);
#1909 = CARTESIAN_POINT('',(9.,-17.20000076293,3.599999904633));
#1910 = VECTOR('',#1911,1.);
#1911 = DIRECTION('',(0.,0.,-1.));
#1912 = ORIENTED_EDGE('',*,*,#1883,.F.);
#1913 = ORIENTED_EDGE('',*,*,#1914,.T.);
#1914 = EDGE_CURVE('',#1876,#1898,#1915,.T.);
#1915 = LINE('',#1916,#1917);
#1916 = CARTESIAN_POINT('',(3.,-17.20000076293,3.5));
#1917 = VECTOR('',#1918,1.);
#1918 = DIRECTION('',(0.,0.,1.));
#1919 = PLANE('',#1920);
#1920 = AXIS2_PLACEMENT_3D('',#1921,#1922,#1923);
#1921 = CARTESIAN_POINT('',(6.,-17.20000076293,3.549999952316));
#1922 = DIRECTION('',(0.,1.,0.));
#1923 = DIRECTION('',(0.,-0.,1.));
#1924 = ADVANCED_FACE('',(#1925),#2014,.T.);
#1925 = FACE_BOUND('',#1926,.T.);
#1926 = EDGE_LOOP('',(#1927,#1928,#1936,#1944,#1952,#1960,#1968,#1976,
    #1984,#1992,#2000,#2008));
#1927 = ORIENTED_EDGE('',*,*,#1836,.T.);
#1928 = ORIENTED_EDGE('',*,*,#1929,.T.);
#1929 = EDGE_CURVE('',#1829,#1930,#1932,.T.);
#1930 = VERTEX_POINT('',#1931);
#1931 = CARTESIAN_POINT('',(9.,-17.75,4.));
#1932 = LINE('',#1933,#1934);
#1933 = CARTESIAN_POINT('',(9.,-17.75,3.049999952316));
#1934 = VECTOR('',#1935,1.);
#1935 = DIRECTION('',(0.,0.,1.));
#1936 = ORIENTED_EDGE('',*,*,#1937,.F.);
#1937 = EDGE_CURVE('',#1938,#1930,#1940,.T.);
#1938 = VERTEX_POINT('',#1939);
#1939 = CARTESIAN_POINT('',(11.25,-17.75,4.));
#1940 = LINE('',#1941,#1942);
#1941 = CARTESIAN_POINT('',(11.25,-17.75,4.));
#1942 = VECTOR('',#1943,1.);
#1943 = DIRECTION('',(-1.,0.,0.));
#1944 = ORIENTED_EDGE('',*,*,#1945,.F.);
#1945 = EDGE_CURVE('',#1946,#1938,#1948,.T.);
#1946 = VERTEX_POINT('',#1947);
#1947 = CARTESIAN_POINT('',(11.25,-17.75,0.799998998642));
#1948 = LINE('',#1949,#1950);
#1949 = CARTESIAN_POINT('',(11.25,-17.75,0.799998998642));
#1950 = VECTOR('',#1951,1.);
#1951 = DIRECTION('',(0.,0.,1.));
#1952 = ORIENTED_EDGE('',*,*,#1953,.F.);
#1953 = EDGE_CURVE('',#1954,#1946,#1956,.T.);
#1954 = VERTEX_POINT('',#1955);
#1955 = CARTESIAN_POINT('',(-11.25,-17.75,0.799998998642));
#1956 = LINE('',#1957,#1958);
#1957 = CARTESIAN_POINT('',(-11.25,-17.75,0.799998998642));
#1958 = VECTOR('',#1959,1.);
#1959 = DIRECTION('',(1.,0.,0.));
#1960 = ORIENTED_EDGE('',*,*,#1961,.T.);
#1961 = EDGE_CURVE('',#1954,#1962,#1964,.T.);
#1962 = VERTEX_POINT('',#1963);
#1963 = CARTESIAN_POINT('',(-11.25,-17.75,4.));
#1964 = LINE('',#1965,#1966);
#1965 = CARTESIAN_POINT('',(-11.25,-17.75,0.799998998642));
#1966 = VECTOR('',#1967,1.);
#1967 = DIRECTION('',(0.,0.,1.));
#1968 = ORIENTED_EDGE('',*,*,#1969,.F.);
#1969 = EDGE_CURVE('',#1970,#1962,#1972,.T.);
#1970 = VERTEX_POINT('',#1971);
#1971 = CARTESIAN_POINT('',(-9.,-17.75,4.));
#1972 = LINE('',#1973,#1974);
#1973 = CARTESIAN_POINT('',(-9.,-17.75,4.));
#1974 = VECTOR('',#1975,1.);
#1975 = DIRECTION('',(-1.,0.,0.));
#1976 = ORIENTED_EDGE('',*,*,#1977,.T.);
#1977 = EDGE_CURVE('',#1970,#1978,#1980,.T.);
#1978 = VERTEX_POINT('',#1979);
#1979 = CARTESIAN_POINT('',(-9.,-17.75,3.049999952316));
#1980 = LINE('',#1981,#1982);
#1981 = CARTESIAN_POINT('',(-9.,-17.75,4.));
#1982 = VECTOR('',#1983,1.);
#1983 = DIRECTION('',(0.,0.,-1.));
#1984 = ORIENTED_EDGE('',*,*,#1985,.T.);
#1985 = EDGE_CURVE('',#1978,#1986,#1988,.T.);
#1986 = VERTEX_POINT('',#1987);
#1987 = CARTESIAN_POINT('',(-3.,-17.75,3.049999952316));
#1988 = LINE('',#1989,#1990);
#1989 = CARTESIAN_POINT('',(-9.,-17.75,3.049999952316));
#1990 = VECTOR('',#1991,1.);
#1991 = DIRECTION('',(1.,0.,0.));
#1992 = ORIENTED_EDGE('',*,*,#1993,.T.);
#1993 = EDGE_CURVE('',#1986,#1994,#1996,.T.);
#1994 = VERTEX_POINT('',#1995);
#1995 = CARTESIAN_POINT('',(-3.,-17.75,4.));
#1996 = LINE('',#1997,#1998);
#1997 = CARTESIAN_POINT('',(-3.,-17.75,3.049999952316));
#1998 = VECTOR('',#1999,1.);
#1999 = DIRECTION('',(0.,0.,1.));
#2000 = ORIENTED_EDGE('',*,*,#2001,.F.);
#2001 = EDGE_CURVE('',#2002,#1994,#2004,.T.);
#2002 = VERTEX_POINT('',#2003);
#2003 = CARTESIAN_POINT('',(3.,-17.75,4.));
#2004 = LINE('',#2005,#2006);
#2005 = CARTESIAN_POINT('',(3.,-17.75,4.));
#2006 = VECTOR('',#2007,1.);
#2007 = DIRECTION('',(-1.,0.,0.));
#2008 = ORIENTED_EDGE('',*,*,#2009,.T.);
#2009 = EDGE_CURVE('',#2002,#1837,#2010,.T.);
#2010 = LINE('',#2011,#2012);
#2011 = CARTESIAN_POINT('',(3.,-17.75,4.));
#2012 = VECTOR('',#2013,1.);
#2013 = DIRECTION('',(0.,0.,-1.));
#2014 = PLANE('',#2015);
#2015 = AXIS2_PLACEMENT_3D('',#2016,#2017,#2018);
#2016 = CARTESIAN_POINT('',(0.,-17.75,2.27092344384));
#2017 = DIRECTION('',(0.,1.,0.));
#2018 = DIRECTION('',(0.,-0.,1.));
#2019 = ADVANCED_FACE('',(#2020),#2045,.T.);
#2020 = FACE_BOUND('',#2021,.T.);
#2021 = EDGE_LOOP('',(#2022,#2030,#2031,#2039));
#2022 = ORIENTED_EDGE('',*,*,#2023,.F.);
#2023 = EDGE_CURVE('',#1986,#2024,#2026,.T.);
#2024 = VERTEX_POINT('',#2025);
#2025 = CARTESIAN_POINT('',(-3.,-17.73999977111,3.049999952316));
#2026 = LINE('',#2027,#2028);
#2027 = CARTESIAN_POINT('',(-3.,-17.75,3.049999952316));
#2028 = VECTOR('',#2029,1.);
#2029 = DIRECTION('',(0.,1.,0.));
#2030 = ORIENTED_EDGE('',*,*,#1985,.F.);
#2031 = ORIENTED_EDGE('',*,*,#2032,.F.);
#2032 = EDGE_CURVE('',#2033,#1978,#2035,.T.);
#2033 = VERTEX_POINT('',#2034);
#2034 = CARTESIAN_POINT('',(-9.,-17.73999977111,3.049999952316));
#2035 = LINE('',#2036,#2037);
#2036 = CARTESIAN_POINT('',(-9.,-17.73999977111,3.049999952316));
#2037 = VECTOR('',#2038,1.);
#2038 = DIRECTION('',(0.,-1.,0.));
#2039 = ORIENTED_EDGE('',*,*,#2040,.F.);
#2040 = EDGE_CURVE('',#2024,#2033,#2041,.T.);
#2041 = LINE('',#2042,#2043);
#2042 = CARTESIAN_POINT('',(-3.,-17.73999977111,3.049999952316));
#2043 = VECTOR('',#2044,1.);
#2044 = DIRECTION('',(-1.,0.,0.));
#2045 = PLANE('',#2046);
#2046 = AXIS2_PLACEMENT_3D('',#2047,#2048,#2049);
#2047 = CARTESIAN_POINT('',(-6.,-17.74499988555,3.049999952316));
#2048 = DIRECTION('',(-0.,-0.,-1.));
#2049 = DIRECTION('',(-1.,0.,0.));
#2050 = ADVANCED_FACE('',(#2051),#2076,.T.);
#2051 = FACE_BOUND('',#2052,.T.);
#2052 = EDGE_LOOP('',(#2053,#2061,#2062,#2070));
#2053 = ORIENTED_EDGE('',*,*,#2054,.T.);
#2054 = EDGE_CURVE('',#2055,#2024,#2057,.T.);
#2055 = VERTEX_POINT('',#2056);
#2056 = CARTESIAN_POINT('',(-3.,-17.20000076293,3.5));
#2057 = LINE('',#2058,#2059);
#2058 = CARTESIAN_POINT('',(-3.,-17.20000076293,3.5));
#2059 = VECTOR('',#2060,1.);
#2060 = DIRECTION('',(0.,-0.768220667957,-0.640185133632));
#2061 = ORIENTED_EDGE('',*,*,#2040,.T.);
#2062 = ORIENTED_EDGE('',*,*,#2063,.F.);
#2063 = EDGE_CURVE('',#2064,#2033,#2066,.T.);
#2064 = VERTEX_POINT('',#2065);
#2065 = CARTESIAN_POINT('',(-9.,-17.20000076293,3.5));
#2066 = LINE('',#2067,#2068);
#2067 = CARTESIAN_POINT('',(-9.,-17.20000076293,3.5));
#2068 = VECTOR('',#2069,1.);
#2069 = DIRECTION('',(0.,-0.768220667957,-0.640185133632));
#2070 = ORIENTED_EDGE('',*,*,#2071,.T.);
#2071 = EDGE_CURVE('',#2064,#2055,#2072,.T.);
#2072 = LINE('',#2073,#2074);
#2073 = CARTESIAN_POINT('',(-9.,-17.20000076293,3.5));
#2074 = VECTOR('',#2075,1.);
#2075 = DIRECTION('',(1.,0.,0.));
#2076 = PLANE('',#2077);
#2077 = AXIS2_PLACEMENT_3D('',#2078,#2079,#2080);
#2078 = CARTESIAN_POINT('',(-6.,-17.47000026702,3.274999976158));
#2079 = DIRECTION('',(-0.,0.640185133632,-0.768220667957));
#2080 = DIRECTION('',(0.,-0.768220667957,-0.640185133632));
#2081 = ADVANCED_FACE('',(#2082),#2107,.T.);
#2082 = FACE_BOUND('',#2083,.T.);
#2083 = EDGE_LOOP('',(#2084,#2094,#2100,#2101));
#2084 = ORIENTED_EDGE('',*,*,#2085,.T.);
#2085 = EDGE_CURVE('',#2086,#2088,#2090,.T.);
#2086 = VERTEX_POINT('',#2087);
#2087 = CARTESIAN_POINT('',(-9.,-17.20000076293,3.599999904633));
#2088 = VERTEX_POINT('',#2089);
#2089 = CARTESIAN_POINT('',(-3.,-17.20000076293,3.599999904633));
#2090 = LINE('',#2091,#2092);
#2091 = CARTESIAN_POINT('',(-9.,-17.20000076293,3.599999904633));
#2092 = VECTOR('',#2093,1.);
#2093 = DIRECTION('',(1.,0.,0.));
#2094 = ORIENTED_EDGE('',*,*,#2095,.T.);
#2095 = EDGE_CURVE('',#2088,#2055,#2096,.T.);
#2096 = LINE('',#2097,#2098);
#2097 = CARTESIAN_POINT('',(-3.,-17.20000076293,3.599999904633));
#2098 = VECTOR('',#2099,1.);
#2099 = DIRECTION('',(0.,0.,-1.));
#2100 = ORIENTED_EDGE('',*,*,#2071,.F.);
#2101 = ORIENTED_EDGE('',*,*,#2102,.F.);
#2102 = EDGE_CURVE('',#2086,#2064,#2103,.T.);
#2103 = LINE('',#2104,#2105);
#2104 = CARTESIAN_POINT('',(-9.,-17.20000076293,3.599999904633));
#2105 = VECTOR('',#2106,1.);
#2106 = DIRECTION('',(0.,0.,-1.));
#2107 = PLANE('',#2108);
#2108 = AXIS2_PLACEMENT_3D('',#2109,#2110,#2111);
#2109 = CARTESIAN_POINT('',(-6.,-17.20000076293,3.549999952316));
#2110 = DIRECTION('',(0.,1.,0.));
#2111 = DIRECTION('',(0.,-0.,1.));
#2112 = ADVANCED_FACE('',(#2113),#2141,.T.);
#2113 = FACE_BOUND('',#2114,.T.);
#2114 = EDGE_LOOP('',(#2115,#2116,#2117,#2118,#2126,#2134,#2140));
#2115 = ORIENTED_EDGE('',*,*,#2063,.T.);
#2116 = ORIENTED_EDGE('',*,*,#2032,.T.);
#2117 = ORIENTED_EDGE('',*,*,#1977,.F.);
#2118 = ORIENTED_EDGE('',*,*,#2119,.F.);
#2119 = EDGE_CURVE('',#2120,#1970,#2122,.T.);
#2120 = VERTEX_POINT('',#2121);
#2121 = CARTESIAN_POINT('',(-9.,-17.75,4.050000190735));
#2122 = LINE('',#2123,#2124);
#2123 = CARTESIAN_POINT('',(-9.,-17.75,4.050000190735));
#2124 = VECTOR('',#2125,1.);
#2125 = DIRECTION('',(0.,0.,-1.));
#2126 = ORIENTED_EDGE('',*,*,#2127,.T.);
#2127 = EDGE_CURVE('',#2120,#2128,#2130,.T.);
#2128 = VERTEX_POINT('',#2129);
#2129 = CARTESIAN_POINT('',(-9.,-17.73999977111,4.050000190735));
#2130 = LINE('',#2131,#2132);
#2131 = CARTESIAN_POINT('',(-9.,-17.75,4.050000190735));
#2132 = VECTOR('',#2133,1.);
#2133 = DIRECTION('',(0.,1.,0.));
#2134 = ORIENTED_EDGE('',*,*,#2135,.T.);
#2135 = EDGE_CURVE('',#2128,#2086,#2136,.T.);
#2136 = LINE('',#2137,#2138);
#2137 = CARTESIAN_POINT('',(-9.,-17.73999977111,4.050000190735));
#2138 = VECTOR('',#2139,1.);
#2139 = DIRECTION('',(0.,0.768220501146,-0.640185333805));
#2140 = ORIENTED_EDGE('',*,*,#2102,.T.);
#2141 = PLANE('',#2142);
#2142 = AXIS2_PLACEMENT_3D('',#2143,#2144,#2145);
#2143 = CARTESIAN_POINT('',(-9.,-17.57234228401,3.550000050249));
#2144 = DIRECTION('',(-1.,-0.,-0.));
#2145 = DIRECTION('',(0.,0.,-1.));
#2146 = ADVANCED_FACE('',(#2147),#2170,.T.);
#2147 = FACE_BOUND('',#2148,.T.);
#2148 = EDGE_LOOP('',(#2149,#2157,#2158,#2164));
#2149 = ORIENTED_EDGE('',*,*,#2150,.T.);
#2150 = EDGE_CURVE('',#2151,#2120,#2153,.T.);
#2151 = VERTEX_POINT('',#2152);
#2152 = CARTESIAN_POINT('',(-3.,-17.75,4.050000190735));
#2153 = LINE('',#2154,#2155);
#2154 = CARTESIAN_POINT('',(-3.,-17.75,4.050000190735));
#2155 = VECTOR('',#2156,1.);
#2156 = DIRECTION('',(-1.,0.,0.));
#2157 = ORIENTED_EDGE('',*,*,#2119,.T.);
#2158 = ORIENTED_EDGE('',*,*,#2159,.F.);
#2159 = EDGE_CURVE('',#1994,#1970,#2160,.T.);
#2160 = LINE('',#2161,#2162);
#2161 = CARTESIAN_POINT('',(-3.,-17.75,4.));
#2162 = VECTOR('',#2163,1.);
#2163 = DIRECTION('',(-1.,0.,0.));
#2164 = ORIENTED_EDGE('',*,*,#2165,.T.);
#2165 = EDGE_CURVE('',#1994,#2151,#2166,.T.);
#2166 = LINE('',#2167,#2168);
#2167 = CARTESIAN_POINT('',(-3.,-17.75,4.));
#2168 = VECTOR('',#2169,1.);
#2169 = DIRECTION('',(0.,0.,1.));
#2170 = PLANE('',#2171);
#2171 = AXIS2_PLACEMENT_3D('',#2172,#2173,#2174);
#2172 = CARTESIAN_POINT('',(-6.,-17.75,4.025000095367));
#2173 = DIRECTION('',(-0.,-1.,-0.));
#2174 = DIRECTION('',(0.,0.,-1.));
#2175 = ADVANCED_FACE('',(#2176,#2201,#2235,#2269,#2303),#2337,.T.);
#2176 = FACE_BOUND('',#2177,.T.);
#2177 = EDGE_LOOP('',(#2178,#2179,#2187,#2195));
#2178 = ORIENTED_EDGE('',*,*,#1953,.T.);
#2179 = ORIENTED_EDGE('',*,*,#2180,.T.);
#2180 = EDGE_CURVE('',#1946,#2181,#2183,.T.);
#2181 = VERTEX_POINT('',#2182);
#2182 = CARTESIAN_POINT('',(11.25,-1.25,0.799998998642));
#2183 = LINE('',#2184,#2185);
#2184 = CARTESIAN_POINT('',(11.25,-17.75,0.799998998642));
#2185 = VECTOR('',#2186,1.);
#2186 = DIRECTION('',(0.,1.,0.));
#2187 = ORIENTED_EDGE('',*,*,#2188,.T.);
#2188 = EDGE_CURVE('',#2181,#2189,#2191,.T.);
#2189 = VERTEX_POINT('',#2190);
#2190 = CARTESIAN_POINT('',(-11.25,-1.25,0.799998998642));
#2191 = LINE('',#2192,#2193);
#2192 = CARTESIAN_POINT('',(11.25,-1.25,0.799998998642));
#2193 = VECTOR('',#2194,1.);
#2194 = DIRECTION('',(-1.,0.,0.));
#2195 = ORIENTED_EDGE('',*,*,#2196,.T.);
#2196 = EDGE_CURVE('',#2189,#1954,#2197,.T.);
#2197 = LINE('',#2198,#2199);
#2198 = CARTESIAN_POINT('',(-11.25,-1.25,0.799998998642));
#2199 = VECTOR('',#2200,1.);
#2200 = DIRECTION('',(0.,-1.,0.));
#2201 = FACE_BOUND('',#2202,.T.);
#2202 = EDGE_LOOP('',(#2203,#2213,#2221,#2229));
#2203 = ORIENTED_EDGE('',*,*,#2204,.T.);
#2204 = EDGE_CURVE('',#2205,#2207,#2209,.T.);
#2205 = VERTEX_POINT('',#2206);
#2206 = CARTESIAN_POINT('',(-6.5,-17.5,0.799998998642));
#2207 = VERTEX_POINT('',#2208);
#2208 = CARTESIAN_POINT('',(-9.5,-17.5,0.799998998642));
#2209 = LINE('',#2210,#2211);
#2210 = CARTESIAN_POINT('',(-6.5,-17.5,0.799998998642));
#2211 = VECTOR('',#2212,1.);
#2212 = DIRECTION('',(-1.,0.,0.));
#2213 = ORIENTED_EDGE('',*,*,#2214,.T.);
#2214 = EDGE_CURVE('',#2207,#2215,#2217,.T.);
#2215 = VERTEX_POINT('',#2216);
#2216 = CARTESIAN_POINT('',(-9.5,-16.29999923706,0.799998998642));
#2217 = LINE('',#2218,#2219);
#2218 = CARTESIAN_POINT('',(-9.5,-17.5,0.799998998642));
#2219 = VECTOR('',#2220,1.);
#2220 = DIRECTION('',(0.,1.,0.));
#2221 = ORIENTED_EDGE('',*,*,#2222,.T.);
#2222 = EDGE_CURVE('',#2215,#2223,#2225,.T.);
#2223 = VERTEX_POINT('',#2224);
#2224 = CARTESIAN_POINT('',(-6.5,-16.29999923706,0.799998998642));
#2225 = LINE('',#2226,#2227);
#2226 = CARTESIAN_POINT('',(-9.5,-16.29999923706,0.799998998642));
#2227 = VECTOR('',#2228,1.);
#2228 = DIRECTION('',(1.,0.,0.));
#2229 = ORIENTED_EDGE('',*,*,#2230,.T.);
#2230 = EDGE_CURVE('',#2223,#2205,#2231,.T.);
#2231 = LINE('',#2232,#2233);
#2232 = CARTESIAN_POINT('',(-6.5,-16.29999923706,0.799998998642));
#2233 = VECTOR('',#2234,1.);
#2234 = DIRECTION('',(0.,-1.,0.));
#2235 = FACE_BOUND('',#2236,.T.);
#2236 = EDGE_LOOP('',(#2237,#2247,#2255,#2263));
#2237 = ORIENTED_EDGE('',*,*,#2238,.T.);
#2238 = EDGE_CURVE('',#2239,#2241,#2243,.T.);
#2239 = VERTEX_POINT('',#2240);
#2240 = CARTESIAN_POINT('',(9.5,-17.5,0.799998998642));
#2241 = VERTEX_POINT('',#2242);
#2242 = CARTESIAN_POINT('',(6.5,-17.5,0.799998998642));
#2243 = LINE('',#2244,#2245);
#2244 = CARTESIAN_POINT('',(9.5,-17.5,0.799998998642));
#2245 = VECTOR('',#2246,1.);
#2246 = DIRECTION('',(-1.,0.,0.));
#2247 = ORIENTED_EDGE('',*,*,#2248,.T.);
#2248 = EDGE_CURVE('',#2241,#2249,#2251,.T.);
#2249 = VERTEX_POINT('',#2250);
#2250 = CARTESIAN_POINT('',(6.5,-16.29999923706,0.799998998642));
#2251 = LINE('',#2252,#2253);
#2252 = CARTESIAN_POINT('',(6.5,-17.5,0.799998998642));
#2253 = VECTOR('',#2254,1.);
#2254 = DIRECTION('',(0.,1.,0.));
#2255 = ORIENTED_EDGE('',*,*,#2256,.T.);
#2256 = EDGE_CURVE('',#2249,#2257,#2259,.T.);
#2257 = VERTEX_POINT('',#2258);
#2258 = CARTESIAN_POINT('',(9.5,-16.29999923706,0.799998998642));
#2259 = LINE('',#2260,#2261);
#2260 = CARTESIAN_POINT('',(6.5,-16.29999923706,0.799998998642));
#2261 = VECTOR('',#2262,1.);
#2262 = DIRECTION('',(1.,0.,0.));
#2263 = ORIENTED_EDGE('',*,*,#2264,.T.);
#2264 = EDGE_CURVE('',#2257,#2239,#2265,.T.);
#2265 = LINE('',#2266,#2267);
#2266 = CARTESIAN_POINT('',(9.5,-16.29999923706,0.799998998642));
#2267 = VECTOR('',#2268,1.);
#2268 = DIRECTION('',(0.,-1.,0.));
#2269 = FACE_BOUND('',#2270,.T.);
#2270 = EDGE_LOOP('',(#2271,#2281,#2289,#2297));
#2271 = ORIENTED_EDGE('',*,*,#2272,.T.);
#2272 = EDGE_CURVE('',#2273,#2275,#2277,.T.);
#2273 = VERTEX_POINT('',#2274);
#2274 = CARTESIAN_POINT('',(9.5,-1.5,0.799998998642));
#2275 = VERTEX_POINT('',#2276);
#2276 = CARTESIAN_POINT('',(9.5,-2.700000047684,0.799998998642));
#2277 = LINE('',#2278,#2279);
#2278 = CARTESIAN_POINT('',(9.5,-1.5,0.799998998642));
#2279 = VECTOR('',#2280,1.);
#2280 = DIRECTION('',(0.,-1.,0.));
#2281 = ORIENTED_EDGE('',*,*,#2282,.T.);
#2282 = EDGE_CURVE('',#2275,#2283,#2285,.T.);
#2283 = VERTEX_POINT('',#2284);
#2284 = CARTESIAN_POINT('',(6.5,-2.700000047684,0.799998998642));
#2285 = LINE('',#2286,#2287);
#2286 = CARTESIAN_POINT('',(9.5,-2.700000047684,0.799998998642));
#2287 = VECTOR('',#2288,1.);
#2288 = DIRECTION('',(-1.,0.,0.));
#2289 = ORIENTED_EDGE('',*,*,#2290,.T.);
#2290 = EDGE_CURVE('',#2283,#2291,#2293,.T.);
#2291 = VERTEX_POINT('',#2292);
#2292 = CARTESIAN_POINT('',(6.5,-1.5,0.799998998642));
#2293 = LINE('',#2294,#2295);
#2294 = CARTESIAN_POINT('',(6.5,-2.700000047684,0.799998998642));
#2295 = VECTOR('',#2296,1.);
#2296 = DIRECTION('',(0.,1.,0.));
#2297 = ORIENTED_EDGE('',*,*,#2298,.T.);
#2298 = EDGE_CURVE('',#2291,#2273,#2299,.T.);
#2299 = LINE('',#2300,#2301);
#2300 = CARTESIAN_POINT('',(6.5,-1.5,0.799998998642));
#2301 = VECTOR('',#2302,1.);
#2302 = DIRECTION('',(1.,0.,0.));
#2303 = FACE_BOUND('',#2304,.T.);
#2304 = EDGE_LOOP('',(#2305,#2315,#2323,#2331));
#2305 = ORIENTED_EDGE('',*,*,#2306,.T.);
#2306 = EDGE_CURVE('',#2307,#2309,#2311,.T.);
#2307 = VERTEX_POINT('',#2308);
#2308 = CARTESIAN_POINT('',(-9.5,-1.5,0.799998998642));
#2309 = VERTEX_POINT('',#2310);
#2310 = CARTESIAN_POINT('',(-6.5,-1.5,0.799998998642));
#2311 = LINE('',#2312,#2313);
#2312 = CARTESIAN_POINT('',(-9.5,-1.5,0.799998998642));
#2313 = VECTOR('',#2314,1.);
#2314 = DIRECTION('',(1.,0.,0.));
#2315 = ORIENTED_EDGE('',*,*,#2316,.T.);
#2316 = EDGE_CURVE('',#2309,#2317,#2319,.T.);
#2317 = VERTEX_POINT('',#2318);
#2318 = CARTESIAN_POINT('',(-6.5,-2.700000047684,0.799998998642));
#2319 = LINE('',#2320,#2321);
#2320 = CARTESIAN_POINT('',(-6.5,-1.5,0.799998998642));
#2321 = VECTOR('',#2322,1.);
#2322 = DIRECTION('',(0.,-1.,0.));
#2323 = ORIENTED_EDGE('',*,*,#2324,.T.);
#2324 = EDGE_CURVE('',#2317,#2325,#2327,.T.);
#2325 = VERTEX_POINT('',#2326);
#2326 = CARTESIAN_POINT('',(-9.5,-2.700000047684,0.799998998642));
#2327 = LINE('',#2328,#2329);
#2328 = CARTESIAN_POINT('',(-6.5,-2.700000047684,0.799998998642));
#2329 = VECTOR('',#2330,1.);
#2330 = DIRECTION('',(-1.,0.,0.));
#2331 = ORIENTED_EDGE('',*,*,#2332,.T.);
#2332 = EDGE_CURVE('',#2325,#2307,#2333,.T.);
#2333 = LINE('',#2334,#2335);
#2334 = CARTESIAN_POINT('',(-9.5,-2.700000047684,0.799998998642));
#2335 = VECTOR('',#2336,1.);
#2336 = DIRECTION('',(0.,1.,0.));
#2337 = PLANE('',#2338);
#2338 = AXIS2_PLACEMENT_3D('',#2339,#2340,#2341);
#2339 = CARTESIAN_POINT('',(0.,-9.5,0.799998998642));
#2340 = DIRECTION('',(0.,0.,1.));
#2341 = DIRECTION('',(1.,0.,-0.));
#2342 = ADVANCED_FACE('',(#2343),#2377,.T.);
#2343 = FACE_BOUND('',#2344,.T.);
#2344 = EDGE_LOOP('',(#2345,#2355,#2363,#2371));
#2345 = ORIENTED_EDGE('',*,*,#2346,.T.);
#2346 = EDGE_CURVE('',#2347,#2349,#2351,.T.);
#2347 = VERTEX_POINT('',#2348);
#2348 = CARTESIAN_POINT('',(-3.,-1.799999952316,3.599999904633));
#2349 = VERTEX_POINT('',#2350);
#2350 = CARTESIAN_POINT('',(-3.,-1.259999990463,4.050000190735));
#2351 = LINE('',#2352,#2353);
#2352 = CARTESIAN_POINT('',(-3.,-1.799999952316,3.599999904633));
#2353 = VECTOR('',#2354,1.);
#2354 = DIRECTION('',(0.,0.768221057183,0.640184666562));
#2355 = ORIENTED_EDGE('',*,*,#2356,.T.);
#2356 = EDGE_CURVE('',#2349,#2357,#2359,.T.);
#2357 = VERTEX_POINT('',#2358);
#2358 = CARTESIAN_POINT('',(-9.,-1.259999990463,4.050000190735));
#2359 = LINE('',#2360,#2361);
#2360 = CARTESIAN_POINT('',(-3.,-1.259999990463,4.050000190735));
#2361 = VECTOR('',#2362,1.);
#2362 = DIRECTION('',(-1.,0.,0.));
#2363 = ORIENTED_EDGE('',*,*,#2364,.T.);
#2364 = EDGE_CURVE('',#2357,#2365,#2367,.T.);
#2365 = VERTEX_POINT('',#2366);
#2366 = CARTESIAN_POINT('',(-9.,-1.799999952316,3.599999904633));
#2367 = LINE('',#2368,#2369);
#2368 = CARTESIAN_POINT('',(-9.,-1.259999990463,4.050000190735));
#2369 = VECTOR('',#2370,1.);
#2370 = DIRECTION('',(0.,-0.768221057183,-0.640184666562));
#2371 = ORIENTED_EDGE('',*,*,#2372,.F.);
#2372 = EDGE_CURVE('',#2347,#2365,#2373,.T.);
#2373 = LINE('',#2374,#2375);
#2374 = CARTESIAN_POINT('',(-3.,-1.799999952316,3.599999904633));
#2375 = VECTOR('',#2376,1.);
#2376 = DIRECTION('',(-1.,0.,0.));
#2377 = PLANE('',#2378);
#2378 = AXIS2_PLACEMENT_3D('',#2379,#2380,#2381);
#2379 = CARTESIAN_POINT('',(-6.,-1.52999997139,3.825000047684));
#2380 = DIRECTION('',(0.,-0.640184666562,0.768221057183));
#2381 = DIRECTION('',(0.,0.768221057183,0.640184666562));
#2382 = ADVANCED_FACE('',(#2383),#2408,.T.);
#2383 = FACE_BOUND('',#2384,.T.);
#2384 = EDGE_LOOP('',(#2385,#2386,#2394,#2402));
#2385 = ORIENTED_EDGE('',*,*,#2372,.T.);
#2386 = ORIENTED_EDGE('',*,*,#2387,.T.);
#2387 = EDGE_CURVE('',#2365,#2388,#2390,.T.);
#2388 = VERTEX_POINT('',#2389);
#2389 = CARTESIAN_POINT('',(-9.,-1.799999952316,3.5));
#2390 = LINE('',#2391,#2392);
#2391 = CARTESIAN_POINT('',(-9.,-1.799999952316,3.599999904633));
#2392 = VECTOR('',#2393,1.);
#2393 = DIRECTION('',(0.,0.,-1.));
#2394 = ORIENTED_EDGE('',*,*,#2395,.F.);
#2395 = EDGE_CURVE('',#2396,#2388,#2398,.T.);
#2396 = VERTEX_POINT('',#2397);
#2397 = CARTESIAN_POINT('',(-3.,-1.799999952316,3.5));
#2398 = LINE('',#2399,#2400);
#2399 = CARTESIAN_POINT('',(-3.,-1.799999952316,3.5));
#2400 = VECTOR('',#2401,1.);
#2401 = DIRECTION('',(-1.,0.,0.));
#2402 = ORIENTED_EDGE('',*,*,#2403,.T.);
#2403 = EDGE_CURVE('',#2396,#2347,#2404,.T.);
#2404 = LINE('',#2405,#2406);
#2405 = CARTESIAN_POINT('',(-3.,-1.799999952316,3.5));
#2406 = VECTOR('',#2407,1.);
#2407 = DIRECTION('',(0.,0.,1.));
#2408 = PLANE('',#2409);
#2409 = AXIS2_PLACEMENT_3D('',#2410,#2411,#2412);
#2410 = CARTESIAN_POINT('',(-6.,-1.799999952316,3.549999952316));
#2411 = DIRECTION('',(-0.,-1.,-0.));
#2412 = DIRECTION('',(0.,0.,-1.));
#2413 = ADVANCED_FACE('',(#2414),#2439,.T.);
#2414 = FACE_BOUND('',#2415,.T.);
#2415 = EDGE_LOOP('',(#2416,#2424,#2425,#2433));
#2416 = ORIENTED_EDGE('',*,*,#2417,.T.);
#2417 = EDGE_CURVE('',#2418,#2396,#2420,.T.);
#2418 = VERTEX_POINT('',#2419);
#2419 = CARTESIAN_POINT('',(-3.,-1.259999990463,3.049999952316));
#2420 = LINE('',#2421,#2422);
#2421 = CARTESIAN_POINT('',(-3.,-1.259999990463,3.049999952316));
#2422 = VECTOR('',#2423,1.);
#2423 = DIRECTION('',(0.,-0.768221223994,0.640184466389));
#2424 = ORIENTED_EDGE('',*,*,#2395,.T.);
#2425 = ORIENTED_EDGE('',*,*,#2426,.T.);
#2426 = EDGE_CURVE('',#2388,#2427,#2429,.T.);
#2427 = VERTEX_POINT('',#2428);
#2428 = CARTESIAN_POINT('',(-9.,-1.259999990463,3.049999952316));
#2429 = LINE('',#2430,#2431);
#2430 = CARTESIAN_POINT('',(-9.,-1.799999952316,3.5));
#2431 = VECTOR('',#2432,1.);
#2432 = DIRECTION('',(0.,0.768221223994,-0.640184466389));
#2433 = ORIENTED_EDGE('',*,*,#2434,.T.);
#2434 = EDGE_CURVE('',#2427,#2418,#2435,.T.);
#2435 = LINE('',#2436,#2437);
#2436 = CARTESIAN_POINT('',(-9.,-1.259999990463,3.049999952316));
#2437 = VECTOR('',#2438,1.);
#2438 = DIRECTION('',(1.,0.,0.));
#2439 = PLANE('',#2440);
#2440 = AXIS2_PLACEMENT_3D('',#2441,#2442,#2443);
#2441 = CARTESIAN_POINT('',(-6.,-1.52999997139,3.274999976158));
#2442 = DIRECTION('',(-0.,-0.640184466389,-0.768221223994));
#2443 = DIRECTION('',(0.,-0.768221223994,0.640184466389));
#2444 = ADVANCED_FACE('',(#2445),#2470,.T.);
#2445 = FACE_BOUND('',#2446,.T.);
#2446 = EDGE_LOOP('',(#2447,#2455,#2456,#2464));
#2447 = ORIENTED_EDGE('',*,*,#2448,.T.);
#2448 = EDGE_CURVE('',#2449,#2418,#2451,.T.);
#2449 = VERTEX_POINT('',#2450);
#2450 = CARTESIAN_POINT('',(-3.,-1.25,3.049999952316));
#2451 = LINE('',#2452,#2453);
#2452 = CARTESIAN_POINT('',(-3.,-1.25,3.049999952316));
#2453 = VECTOR('',#2454,1.);
#2454 = DIRECTION('',(0.,-1.,0.));
#2455 = ORIENTED_EDGE('',*,*,#2434,.F.);
#2456 = ORIENTED_EDGE('',*,*,#2457,.T.);
#2457 = EDGE_CURVE('',#2427,#2458,#2460,.T.);
#2458 = VERTEX_POINT('',#2459);
#2459 = CARTESIAN_POINT('',(-9.,-1.25,3.049999952316));
#2460 = LINE('',#2461,#2462);
#2461 = CARTESIAN_POINT('',(-9.,-1.259999990463,3.049999952316));
#2462 = VECTOR('',#2463,1.);
#2463 = DIRECTION('',(0.,1.,0.));
#2464 = ORIENTED_EDGE('',*,*,#2465,.F.);
#2465 = EDGE_CURVE('',#2449,#2458,#2466,.T.);
#2466 = LINE('',#2467,#2468);
#2467 = CARTESIAN_POINT('',(-3.,-1.25,3.049999952316));
#2468 = VECTOR('',#2469,1.);
#2469 = DIRECTION('',(-1.,0.,0.));
#2470 = PLANE('',#2471);
#2471 = AXIS2_PLACEMENT_3D('',#2472,#2473,#2474);
#2472 = CARTESIAN_POINT('',(-6.,-1.254999995232,3.049999952316));
#2473 = DIRECTION('',(-0.,-0.,-1.));
#2474 = DIRECTION('',(-1.,0.,0.));
#2475 = ADVANCED_FACE('',(#2476),#2504,.T.);
#2476 = FACE_BOUND('',#2477,.T.);
#2477 = EDGE_LOOP('',(#2478,#2486,#2487,#2488,#2489,#2490,#2498));
#2478 = ORIENTED_EDGE('',*,*,#2479,.F.);
#2479 = EDGE_CURVE('',#2458,#2480,#2482,.T.);
#2480 = VERTEX_POINT('',#2481);
#2481 = CARTESIAN_POINT('',(-9.,-1.25,4.));
#2482 = LINE('',#2483,#2484);
#2483 = CARTESIAN_POINT('',(-9.,-1.25,3.049999952316));
#2484 = VECTOR('',#2485,1.);
#2485 = DIRECTION('',(0.,0.,1.));
#2486 = ORIENTED_EDGE('',*,*,#2457,.F.);
#2487 = ORIENTED_EDGE('',*,*,#2426,.F.);
#2488 = ORIENTED_EDGE('',*,*,#2387,.F.);
#2489 = ORIENTED_EDGE('',*,*,#2364,.F.);
#2490 = ORIENTED_EDGE('',*,*,#2491,.T.);
#2491 = EDGE_CURVE('',#2357,#2492,#2494,.T.);
#2492 = VERTEX_POINT('',#2493);
#2493 = CARTESIAN_POINT('',(-9.,-1.25,4.050000190735));
#2494 = LINE('',#2495,#2496);
#2495 = CARTESIAN_POINT('',(-9.,-1.259999990463,4.050000190735));
#2496 = VECTOR('',#2497,1.);
#2497 = DIRECTION('',(0.,1.,0.));
#2498 = ORIENTED_EDGE('',*,*,#2499,.F.);
#2499 = EDGE_CURVE('',#2480,#2492,#2500,.T.);
#2500 = LINE('',#2501,#2502);
#2501 = CARTESIAN_POINT('',(-9.,-1.25,4.));
#2502 = VECTOR('',#2503,1.);
#2503 = DIRECTION('',(0.,0.,1.));
#2504 = PLANE('',#2505);
#2505 = AXIS2_PLACEMENT_3D('',#2506,#2507,#2508);
#2506 = CARTESIAN_POINT('',(-9.,-1.427657968023,3.550000050249));
#2507 = DIRECTION('',(-1.,-0.,-0.));
#2508 = DIRECTION('',(0.,0.,-1.));
#2509 = ADVANCED_FACE('',(#2510),#2535,.T.);
#2510 = FACE_BOUND('',#2511,.T.);
#2511 = EDGE_LOOP('',(#2512,#2520,#2528,#2534));
#2512 = ORIENTED_EDGE('',*,*,#2513,.T.);
#2513 = EDGE_CURVE('',#2492,#2514,#2516,.T.);
#2514 = VERTEX_POINT('',#2515);
#2515 = CARTESIAN_POINT('',(-3.,-1.25,4.050000190735));
#2516 = LINE('',#2517,#2518);
#2517 = CARTESIAN_POINT('',(-9.,-1.25,4.050000190735));
#2518 = VECTOR('',#2519,1.);
#2519 = DIRECTION('',(1.,0.,0.));
#2520 = ORIENTED_EDGE('',*,*,#2521,.T.);
#2521 = EDGE_CURVE('',#2514,#2522,#2524,.T.);
#2522 = VERTEX_POINT('',#2523);
#2523 = CARTESIAN_POINT('',(-3.,-1.25,4.));
#2524 = LINE('',#2525,#2526);
#2525 = CARTESIAN_POINT('',(-3.,-1.25,4.050000190735));
#2526 = VECTOR('',#2527,1.);
#2527 = DIRECTION('',(0.,0.,-1.));
#2528 = ORIENTED_EDGE('',*,*,#2529,.F.);
#2529 = EDGE_CURVE('',#2480,#2522,#2530,.T.);
#2530 = LINE('',#2531,#2532);
#2531 = CARTESIAN_POINT('',(-9.,-1.25,4.));
#2532 = VECTOR('',#2533,1.);
#2533 = DIRECTION('',(1.,0.,0.));
#2534 = ORIENTED_EDGE('',*,*,#2499,.T.);
#2535 = PLANE('',#2536);
#2536 = AXIS2_PLACEMENT_3D('',#2537,#2538,#2539);
#2537 = CARTESIAN_POINT('',(-6.,-1.25,4.025000095367));
#2538 = DIRECTION('',(0.,1.,0.));
#2539 = DIRECTION('',(0.,-0.,1.));
#2540 = ADVANCED_FACE('',(#2541),#2612,.T.);
#2541 = FACE_BOUND('',#2542,.T.);
#2542 = EDGE_LOOP('',(#2543,#2544,#2545,#2553,#2559,#2560,#2568,#2576,
    #2584,#2592,#2600,#2606));
#2543 = ORIENTED_EDGE('',*,*,#2465,.T.);
#2544 = ORIENTED_EDGE('',*,*,#2479,.T.);
#2545 = ORIENTED_EDGE('',*,*,#2546,.F.);
#2546 = EDGE_CURVE('',#2547,#2480,#2549,.T.);
#2547 = VERTEX_POINT('',#2548);
#2548 = CARTESIAN_POINT('',(-11.25,-1.25,4.));
#2549 = LINE('',#2550,#2551);
#2550 = CARTESIAN_POINT('',(-11.25,-1.25,4.));
#2551 = VECTOR('',#2552,1.);
#2552 = DIRECTION('',(1.,0.,0.));
#2553 = ORIENTED_EDGE('',*,*,#2554,.T.);
#2554 = EDGE_CURVE('',#2547,#2189,#2555,.T.);
#2555 = LINE('',#2556,#2557);
#2556 = CARTESIAN_POINT('',(-11.25,-1.25,4.));
#2557 = VECTOR('',#2558,1.);
#2558 = DIRECTION('',(0.,0.,-1.));
#2559 = ORIENTED_EDGE('',*,*,#2188,.F.);
#2560 = ORIENTED_EDGE('',*,*,#2561,.F.);
#2561 = EDGE_CURVE('',#2562,#2181,#2564,.T.);
#2562 = VERTEX_POINT('',#2563);
#2563 = CARTESIAN_POINT('',(11.25,-1.25,4.));
#2564 = LINE('',#2565,#2566);
#2565 = CARTESIAN_POINT('',(11.25,-1.25,4.));
#2566 = VECTOR('',#2567,1.);
#2567 = DIRECTION('',(0.,0.,-1.));
#2568 = ORIENTED_EDGE('',*,*,#2569,.F.);
#2569 = EDGE_CURVE('',#2570,#2562,#2572,.T.);
#2570 = VERTEX_POINT('',#2571);
#2571 = CARTESIAN_POINT('',(9.,-1.25,4.));
#2572 = LINE('',#2573,#2574);
#2573 = CARTESIAN_POINT('',(9.,-1.25,4.));
#2574 = VECTOR('',#2575,1.);
#2575 = DIRECTION('',(1.,0.,0.));
#2576 = ORIENTED_EDGE('',*,*,#2577,.T.);
#2577 = EDGE_CURVE('',#2570,#2578,#2580,.T.);
#2578 = VERTEX_POINT('',#2579);
#2579 = CARTESIAN_POINT('',(9.,-1.25,3.049999952316));
#2580 = LINE('',#2581,#2582);
#2581 = CARTESIAN_POINT('',(9.,-1.25,4.));
#2582 = VECTOR('',#2583,1.);
#2583 = DIRECTION('',(0.,0.,-1.));
#2584 = ORIENTED_EDGE('',*,*,#2585,.T.);
#2585 = EDGE_CURVE('',#2578,#2586,#2588,.T.);
#2586 = VERTEX_POINT('',#2587);
#2587 = CARTESIAN_POINT('',(3.,-1.25,3.049999952316));
#2588 = LINE('',#2589,#2590);
#2589 = CARTESIAN_POINT('',(9.,-1.25,3.049999952316));
#2590 = VECTOR('',#2591,1.);
#2591 = DIRECTION('',(-1.,0.,0.));
#2592 = ORIENTED_EDGE('',*,*,#2593,.T.);
#2593 = EDGE_CURVE('',#2586,#2594,#2596,.T.);
#2594 = VERTEX_POINT('',#2595);
#2595 = CARTESIAN_POINT('',(3.,-1.25,4.));
#2596 = LINE('',#2597,#2598);
#2597 = CARTESIAN_POINT('',(3.,-1.25,3.049999952316));
#2598 = VECTOR('',#2599,1.);
#2599 = DIRECTION('',(0.,0.,1.));
#2600 = ORIENTED_EDGE('',*,*,#2601,.F.);
#2601 = EDGE_CURVE('',#2522,#2594,#2602,.T.);
#2602 = LINE('',#2603,#2604);
#2603 = CARTESIAN_POINT('',(-3.,-1.25,4.));
#2604 = VECTOR('',#2605,1.);
#2605 = DIRECTION('',(1.,0.,0.));
#2606 = ORIENTED_EDGE('',*,*,#2607,.T.);
#2607 = EDGE_CURVE('',#2522,#2449,#2608,.T.);
#2608 = LINE('',#2609,#2610);
#2609 = CARTESIAN_POINT('',(-3.,-1.25,4.));
#2610 = VECTOR('',#2611,1.);
#2611 = DIRECTION('',(0.,0.,-1.));
#2612 = PLANE('',#2613);
#2613 = AXIS2_PLACEMENT_3D('',#2614,#2615,#2616);
#2614 = CARTESIAN_POINT('',(0.,-1.25,2.27092344384));
#2615 = DIRECTION('',(-0.,-1.,-0.));
#2616 = DIRECTION('',(0.,0.,-1.));
#2617 = ADVANCED_FACE('',(#2618),#2652,.T.);
#2618 = FACE_BOUND('',#2619,.T.);
#2619 = EDGE_LOOP('',(#2620,#2630,#2638,#2646));
#2620 = ORIENTED_EDGE('',*,*,#2621,.T.);
#2621 = EDGE_CURVE('',#2622,#2624,#2626,.T.);
#2622 = VERTEX_POINT('',#2623);
#2623 = CARTESIAN_POINT('',(9.,-1.799999952316,3.599999904633));
#2624 = VERTEX_POINT('',#2625);
#2625 = CARTESIAN_POINT('',(9.,-1.259999990463,4.050000190735));
#2626 = LINE('',#2627,#2628);
#2627 = CARTESIAN_POINT('',(9.,-1.799999952316,3.599999904633));
#2628 = VECTOR('',#2629,1.);
#2629 = DIRECTION('',(0.,0.768221057183,0.640184666562));
#2630 = ORIENTED_EDGE('',*,*,#2631,.T.);
#2631 = EDGE_CURVE('',#2624,#2632,#2634,.T.);
#2632 = VERTEX_POINT('',#2633);
#2633 = CARTESIAN_POINT('',(3.,-1.259999990463,4.050000190735));
#2634 = LINE('',#2635,#2636);
#2635 = CARTESIAN_POINT('',(9.,-1.259999990463,4.050000190735));
#2636 = VECTOR('',#2637,1.);
#2637 = DIRECTION('',(-1.,0.,0.));
#2638 = ORIENTED_EDGE('',*,*,#2639,.T.);
#2639 = EDGE_CURVE('',#2632,#2640,#2642,.T.);
#2640 = VERTEX_POINT('',#2641);
#2641 = CARTESIAN_POINT('',(3.,-1.799999952316,3.599999904633));
#2642 = LINE('',#2643,#2644);
#2643 = CARTESIAN_POINT('',(3.,-1.259999990463,4.050000190735));
#2644 = VECTOR('',#2645,1.);
#2645 = DIRECTION('',(0.,-0.768221057183,-0.640184666562));
#2646 = ORIENTED_EDGE('',*,*,#2647,.F.);
#2647 = EDGE_CURVE('',#2622,#2640,#2648,.T.);
#2648 = LINE('',#2649,#2650);
#2649 = CARTESIAN_POINT('',(9.,-1.799999952316,3.599999904633));
#2650 = VECTOR('',#2651,1.);
#2651 = DIRECTION('',(-1.,0.,0.));
#2652 = PLANE('',#2653);
#2653 = AXIS2_PLACEMENT_3D('',#2654,#2655,#2656);
#2654 = CARTESIAN_POINT('',(6.,-1.52999997139,3.825000047684));
#2655 = DIRECTION('',(0.,-0.640184666562,0.768221057183));
#2656 = DIRECTION('',(0.,0.768221057183,0.640184666562));
#2657 = ADVANCED_FACE('',(#2658),#2683,.T.);
#2658 = FACE_BOUND('',#2659,.T.);
#2659 = EDGE_LOOP('',(#2660,#2661,#2669,#2677));
#2660 = ORIENTED_EDGE('',*,*,#2647,.T.);
#2661 = ORIENTED_EDGE('',*,*,#2662,.T.);
#2662 = EDGE_CURVE('',#2640,#2663,#2665,.T.);
#2663 = VERTEX_POINT('',#2664);
#2664 = CARTESIAN_POINT('',(3.,-1.799999952316,3.5));
#2665 = LINE('',#2666,#2667);
#2666 = CARTESIAN_POINT('',(3.,-1.799999952316,3.599999904633));
#2667 = VECTOR('',#2668,1.);
#2668 = DIRECTION('',(0.,0.,-1.));
#2669 = ORIENTED_EDGE('',*,*,#2670,.F.);
#2670 = EDGE_CURVE('',#2671,#2663,#2673,.T.);
#2671 = VERTEX_POINT('',#2672);
#2672 = CARTESIAN_POINT('',(9.,-1.799999952316,3.5));
#2673 = LINE('',#2674,#2675);
#2674 = CARTESIAN_POINT('',(9.,-1.799999952316,3.5));
#2675 = VECTOR('',#2676,1.);
#2676 = DIRECTION('',(-1.,0.,0.));
#2677 = ORIENTED_EDGE('',*,*,#2678,.T.);
#2678 = EDGE_CURVE('',#2671,#2622,#2679,.T.);
#2679 = LINE('',#2680,#2681);
#2680 = CARTESIAN_POINT('',(9.,-1.799999952316,3.5));
#2681 = VECTOR('',#2682,1.);
#2682 = DIRECTION('',(0.,0.,1.));
#2683 = PLANE('',#2684);
#2684 = AXIS2_PLACEMENT_3D('',#2685,#2686,#2687);
#2685 = CARTESIAN_POINT('',(6.,-1.799999952316,3.549999952316));
#2686 = DIRECTION('',(-0.,-1.,-0.));
#2687 = DIRECTION('',(0.,0.,-1.));
#2688 = ADVANCED_FACE('',(#2689),#2714,.T.);
#2689 = FACE_BOUND('',#2690,.T.);
#2690 = EDGE_LOOP('',(#2691,#2699,#2700,#2708));
#2691 = ORIENTED_EDGE('',*,*,#2692,.T.);
#2692 = EDGE_CURVE('',#2693,#2671,#2695,.T.);
#2693 = VERTEX_POINT('',#2694);
#2694 = CARTESIAN_POINT('',(9.,-1.259999990463,3.049999952316));
#2695 = LINE('',#2696,#2697);
#2696 = CARTESIAN_POINT('',(9.,-1.259999990463,3.049999952316));
#2697 = VECTOR('',#2698,1.);
#2698 = DIRECTION('',(0.,-0.768221223994,0.640184466389));
#2699 = ORIENTED_EDGE('',*,*,#2670,.T.);
#2700 = ORIENTED_EDGE('',*,*,#2701,.T.);
#2701 = EDGE_CURVE('',#2663,#2702,#2704,.T.);
#2702 = VERTEX_POINT('',#2703);
#2703 = CARTESIAN_POINT('',(3.,-1.259999990463,3.049999952316));
#2704 = LINE('',#2705,#2706);
#2705 = CARTESIAN_POINT('',(3.,-1.799999952316,3.5));
#2706 = VECTOR('',#2707,1.);
#2707 = DIRECTION('',(0.,0.768221223994,-0.640184466389));
#2708 = ORIENTED_EDGE('',*,*,#2709,.T.);
#2709 = EDGE_CURVE('',#2702,#2693,#2710,.T.);
#2710 = LINE('',#2711,#2712);
#2711 = CARTESIAN_POINT('',(3.,-1.259999990463,3.049999952316));
#2712 = VECTOR('',#2713,1.);
#2713 = DIRECTION('',(1.,0.,0.));
#2714 = PLANE('',#2715);
#2715 = AXIS2_PLACEMENT_3D('',#2716,#2717,#2718);
#2716 = CARTESIAN_POINT('',(6.,-1.52999997139,3.274999976158));
#2717 = DIRECTION('',(-0.,-0.640184466389,-0.768221223994));
#2718 = DIRECTION('',(0.,-0.768221223994,0.640184466389));
#2719 = ADVANCED_FACE('',(#2720),#2736,.T.);
#2720 = FACE_BOUND('',#2721,.T.);
#2721 = EDGE_LOOP('',(#2722,#2728,#2729,#2735));
#2722 = ORIENTED_EDGE('',*,*,#2723,.T.);
#2723 = EDGE_CURVE('',#2578,#2693,#2724,.T.);
#2724 = LINE('',#2725,#2726);
#2725 = CARTESIAN_POINT('',(9.,-1.25,3.049999952316));
#2726 = VECTOR('',#2727,1.);
#2727 = DIRECTION('',(0.,-1.,0.));
#2728 = ORIENTED_EDGE('',*,*,#2709,.F.);
#2729 = ORIENTED_EDGE('',*,*,#2730,.T.);
#2730 = EDGE_CURVE('',#2702,#2586,#2731,.T.);
#2731 = LINE('',#2732,#2733);
#2732 = CARTESIAN_POINT('',(3.,-1.259999990463,3.049999952316));
#2733 = VECTOR('',#2734,1.);
#2734 = DIRECTION('',(0.,1.,0.));
#2735 = ORIENTED_EDGE('',*,*,#2585,.F.);
#2736 = PLANE('',#2737);
#2737 = AXIS2_PLACEMENT_3D('',#2738,#2739,#2740);
#2738 = CARTESIAN_POINT('',(6.,-1.254999995232,3.049999952316));
#2739 = DIRECTION('',(-0.,-0.,-1.));
#2740 = DIRECTION('',(-1.,0.,0.));
#2741 = ADVANCED_FACE('',(#2742),#2767,.T.);
#2742 = FACE_BOUND('',#2743,.T.);
#2743 = EDGE_LOOP('',(#2744,#2754,#2760,#2761));
#2744 = ORIENTED_EDGE('',*,*,#2745,.T.);
#2745 = EDGE_CURVE('',#2746,#2748,#2750,.T.);
#2746 = VERTEX_POINT('',#2747);
#2747 = CARTESIAN_POINT('',(-6.5,-17.5,2.));
#2748 = VERTEX_POINT('',#2749);
#2749 = CARTESIAN_POINT('',(-9.5,-17.5,2.));
#2750 = LINE('',#2751,#2752);
#2751 = CARTESIAN_POINT('',(-6.5,-17.5,2.));
#2752 = VECTOR('',#2753,1.);
#2753 = DIRECTION('',(-1.,0.,0.));
#2754 = ORIENTED_EDGE('',*,*,#2755,.T.);
#2755 = EDGE_CURVE('',#2748,#2207,#2756,.T.);
#2756 = LINE('',#2757,#2758);
#2757 = CARTESIAN_POINT('',(-9.5,-17.5,2.));
#2758 = VECTOR('',#2759,1.);
#2759 = DIRECTION('',(0.,0.,-1.));
#2760 = ORIENTED_EDGE('',*,*,#2204,.F.);
#2761 = ORIENTED_EDGE('',*,*,#2762,.F.);
#2762 = EDGE_CURVE('',#2746,#2205,#2763,.T.);
#2763 = LINE('',#2764,#2765);
#2764 = CARTESIAN_POINT('',(-6.5,-17.5,2.));
#2765 = VECTOR('',#2766,1.);
#2766 = DIRECTION('',(0.,0.,-1.));
#2767 = PLANE('',#2768);
#2768 = AXIS2_PLACEMENT_3D('',#2769,#2770,#2771);
#2769 = CARTESIAN_POINT('',(-8.,-17.5,1.399999499321));
#2770 = DIRECTION('',(-0.,-1.,-0.));
#2771 = DIRECTION('',(0.,0.,-1.));
#2772 = ADVANCED_FACE('',(#2773),#2791,.T.);
#2773 = FACE_BOUND('',#2774,.T.);
#2774 = EDGE_LOOP('',(#2775,#2783,#2789,#2790));
#2775 = ORIENTED_EDGE('',*,*,#2776,.T.);
#2776 = EDGE_CURVE('',#2223,#2777,#2779,.T.);
#2777 = VERTEX_POINT('',#2778);
#2778 = CARTESIAN_POINT('',(-6.5,-16.29999923706,2.));
#2779 = LINE('',#2780,#2781);
#2780 = CARTESIAN_POINT('',(-6.5,-16.29999923706,0.799998998642));
#2781 = VECTOR('',#2782,1.);
#2782 = DIRECTION('',(0.,0.,1.));
#2783 = ORIENTED_EDGE('',*,*,#2784,.T.);
#2784 = EDGE_CURVE('',#2777,#2746,#2785,.T.);
#2785 = LINE('',#2786,#2787);
#2786 = CARTESIAN_POINT('',(-6.5,-16.29999923706,2.));
#2787 = VECTOR('',#2788,1.);
#2788 = DIRECTION('',(0.,-1.,0.));
#2789 = ORIENTED_EDGE('',*,*,#2762,.T.);
#2790 = ORIENTED_EDGE('',*,*,#2230,.F.);
#2791 = PLANE('',#2792);
#2792 = AXIS2_PLACEMENT_3D('',#2793,#2794,#2795);
#2793 = CARTESIAN_POINT('',(-6.5,-16.89999961853,1.399999499321));
#2794 = DIRECTION('',(1.,0.,0.));
#2795 = DIRECTION('',(-0.,0.,1.));
#2796 = ADVANCED_FACE('',(#2797),#2822,.T.);
#2797 = FACE_BOUND('',#2798,.T.);
#2798 = EDGE_LOOP('',(#2799,#2809,#2815,#2816));
#2799 = ORIENTED_EDGE('',*,*,#2800,.T.);
#2800 = EDGE_CURVE('',#2801,#2803,#2805,.T.);
#2801 = VERTEX_POINT('',#2802);
#2802 = CARTESIAN_POINT('',(9.5,-17.5,2.));
#2803 = VERTEX_POINT('',#2804);
#2804 = CARTESIAN_POINT('',(6.5,-17.5,2.));
#2805 = LINE('',#2806,#2807);
#2806 = CARTESIAN_POINT('',(9.5,-17.5,2.));
#2807 = VECTOR('',#2808,1.);
#2808 = DIRECTION('',(-1.,0.,0.));
#2809 = ORIENTED_EDGE('',*,*,#2810,.T.);
#2810 = EDGE_CURVE('',#2803,#2241,#2811,.T.);
#2811 = LINE('',#2812,#2813);
#2812 = CARTESIAN_POINT('',(6.5,-17.5,2.));
#2813 = VECTOR('',#2814,1.);
#2814 = DIRECTION('',(0.,0.,-1.));
#2815 = ORIENTED_EDGE('',*,*,#2238,.F.);
#2816 = ORIENTED_EDGE('',*,*,#2817,.F.);
#2817 = EDGE_CURVE('',#2801,#2239,#2818,.T.);
#2818 = LINE('',#2819,#2820);
#2819 = CARTESIAN_POINT('',(9.5,-17.5,2.));
#2820 = VECTOR('',#2821,1.);
#2821 = DIRECTION('',(0.,0.,-1.));
#2822 = PLANE('',#2823);
#2823 = AXIS2_PLACEMENT_3D('',#2824,#2825,#2826);
#2824 = CARTESIAN_POINT('',(8.,-17.5,1.399999499321));
#2825 = DIRECTION('',(-0.,-1.,-0.));
#2826 = DIRECTION('',(0.,0.,-1.));
#2827 = ADVANCED_FACE('',(#2828),#2846,.T.);
#2828 = FACE_BOUND('',#2829,.T.);
#2829 = EDGE_LOOP('',(#2830,#2838,#2844,#2845));
#2830 = ORIENTED_EDGE('',*,*,#2831,.T.);
#2831 = EDGE_CURVE('',#2257,#2832,#2834,.T.);
#2832 = VERTEX_POINT('',#2833);
#2833 = CARTESIAN_POINT('',(9.5,-16.29999923706,2.));
#2834 = LINE('',#2835,#2836);
#2835 = CARTESIAN_POINT('',(9.5,-16.29999923706,0.799998998642));
#2836 = VECTOR('',#2837,1.);
#2837 = DIRECTION('',(0.,0.,1.));
#2838 = ORIENTED_EDGE('',*,*,#2839,.T.);
#2839 = EDGE_CURVE('',#2832,#2801,#2840,.T.);
#2840 = LINE('',#2841,#2842);
#2841 = CARTESIAN_POINT('',(9.5,-16.29999923706,2.));
#2842 = VECTOR('',#2843,1.);
#2843 = DIRECTION('',(0.,-1.,0.));
#2844 = ORIENTED_EDGE('',*,*,#2817,.T.);
#2845 = ORIENTED_EDGE('',*,*,#2264,.F.);
#2846 = PLANE('',#2847);
#2847 = AXIS2_PLACEMENT_3D('',#2848,#2849,#2850);
#2848 = CARTESIAN_POINT('',(9.5,-16.89999961853,1.399999499321));
#2849 = DIRECTION('',(1.,0.,0.));
#2850 = DIRECTION('',(-0.,0.,1.));
#2851 = ADVANCED_FACE('',(#2852),#2877,.T.);
#2852 = FACE_BOUND('',#2853,.T.);
#2853 = EDGE_LOOP('',(#2854,#2862,#2870,#2876));
#2854 = ORIENTED_EDGE('',*,*,#2855,.T.);
#2855 = EDGE_CURVE('',#2273,#2856,#2858,.T.);
#2856 = VERTEX_POINT('',#2857);
#2857 = CARTESIAN_POINT('',(9.5,-1.5,2.));
#2858 = LINE('',#2859,#2860);
#2859 = CARTESIAN_POINT('',(9.5,-1.5,0.799998998642));
#2860 = VECTOR('',#2861,1.);
#2861 = DIRECTION('',(0.,0.,1.));
#2862 = ORIENTED_EDGE('',*,*,#2863,.T.);
#2863 = EDGE_CURVE('',#2856,#2864,#2866,.T.);
#2864 = VERTEX_POINT('',#2865);
#2865 = CARTESIAN_POINT('',(9.5,-2.700000047684,2.));
#2866 = LINE('',#2867,#2868);
#2867 = CARTESIAN_POINT('',(9.5,-1.5,2.));
#2868 = VECTOR('',#2869,1.);
#2869 = DIRECTION('',(0.,-1.,0.));
#2870 = ORIENTED_EDGE('',*,*,#2871,.T.);
#2871 = EDGE_CURVE('',#2864,#2275,#2872,.T.);
#2872 = LINE('',#2873,#2874);
#2873 = CARTESIAN_POINT('',(9.5,-2.700000047684,2.));
#2874 = VECTOR('',#2875,1.);
#2875 = DIRECTION('',(0.,0.,-1.));
#2876 = ORIENTED_EDGE('',*,*,#2272,.F.);
#2877 = PLANE('',#2878);
#2878 = AXIS2_PLACEMENT_3D('',#2879,#2880,#2881);
#2879 = CARTESIAN_POINT('',(9.5,-2.100000023842,1.399999499321));
#2880 = DIRECTION('',(1.,0.,0.));
#2881 = DIRECTION('',(-0.,0.,1.));
#2882 = ADVANCED_FACE('',(#2883),#2901,.T.);
#2883 = FACE_BOUND('',#2884,.T.);
#2884 = EDGE_LOOP('',(#2885,#2893,#2899,#2900));
#2885 = ORIENTED_EDGE('',*,*,#2886,.T.);
#2886 = EDGE_CURVE('',#2864,#2887,#2889,.T.);
#2887 = VERTEX_POINT('',#2888);
#2888 = CARTESIAN_POINT('',(6.5,-2.700000047684,2.));
#2889 = LINE('',#2890,#2891);
#2890 = CARTESIAN_POINT('',(9.5,-2.700000047684,2.));
#2891 = VECTOR('',#2892,1.);
#2892 = DIRECTION('',(-1.,0.,0.));
#2893 = ORIENTED_EDGE('',*,*,#2894,.T.);
#2894 = EDGE_CURVE('',#2887,#2283,#2895,.T.);
#2895 = LINE('',#2896,#2897);
#2896 = CARTESIAN_POINT('',(6.5,-2.700000047684,2.));
#2897 = VECTOR('',#2898,1.);
#2898 = DIRECTION('',(0.,0.,-1.));
#2899 = ORIENTED_EDGE('',*,*,#2282,.F.);
#2900 = ORIENTED_EDGE('',*,*,#2871,.F.);
#2901 = PLANE('',#2902);
#2902 = AXIS2_PLACEMENT_3D('',#2903,#2904,#2905);
#2903 = CARTESIAN_POINT('',(8.,-2.700000047684,1.399999499321));
#2904 = DIRECTION('',(-0.,-1.,-0.));
#2905 = DIRECTION('',(0.,0.,-1.));
#2906 = ADVANCED_FACE('',(#2907),#2932,.T.);
#2907 = FACE_BOUND('',#2908,.T.);
#2908 = EDGE_LOOP('',(#2909,#2919,#2925,#2926));
#2909 = ORIENTED_EDGE('',*,*,#2910,.T.);
#2910 = EDGE_CURVE('',#2911,#2913,#2915,.T.);
#2911 = VERTEX_POINT('',#2912);
#2912 = CARTESIAN_POINT('',(-6.5,-2.700000047684,2.));
#2913 = VERTEX_POINT('',#2914);
#2914 = CARTESIAN_POINT('',(-9.5,-2.700000047684,2.));
#2915 = LINE('',#2916,#2917);
#2916 = CARTESIAN_POINT('',(-6.5,-2.700000047684,2.));
#2917 = VECTOR('',#2918,1.);
#2918 = DIRECTION('',(-1.,0.,0.));
#2919 = ORIENTED_EDGE('',*,*,#2920,.T.);
#2920 = EDGE_CURVE('',#2913,#2325,#2921,.T.);
#2921 = LINE('',#2922,#2923);
#2922 = CARTESIAN_POINT('',(-9.5,-2.700000047684,2.));
#2923 = VECTOR('',#2924,1.);
#2924 = DIRECTION('',(0.,0.,-1.));
#2925 = ORIENTED_EDGE('',*,*,#2324,.F.);
#2926 = ORIENTED_EDGE('',*,*,#2927,.F.);
#2927 = EDGE_CURVE('',#2911,#2317,#2928,.T.);
#2928 = LINE('',#2929,#2930);
#2929 = CARTESIAN_POINT('',(-6.5,-2.700000047684,2.));
#2930 = VECTOR('',#2931,1.);
#2931 = DIRECTION('',(0.,0.,-1.));
#2932 = PLANE('',#2933);
#2933 = AXIS2_PLACEMENT_3D('',#2934,#2935,#2936);
#2934 = CARTESIAN_POINT('',(-8.,-2.700000047684,1.399999499321));
#2935 = DIRECTION('',(-0.,-1.,-0.));
#2936 = DIRECTION('',(0.,0.,-1.));
#2937 = ADVANCED_FACE('',(#2938),#2956,.T.);
#2938 = FACE_BOUND('',#2939,.T.);
#2939 = EDGE_LOOP('',(#2940,#2948,#2954,#2955));
#2940 = ORIENTED_EDGE('',*,*,#2941,.T.);
#2941 = EDGE_CURVE('',#2309,#2942,#2944,.T.);
#2942 = VERTEX_POINT('',#2943);
#2943 = CARTESIAN_POINT('',(-6.5,-1.5,2.));
#2944 = LINE('',#2945,#2946);
#2945 = CARTESIAN_POINT('',(-6.5,-1.5,0.799998998642));
#2946 = VECTOR('',#2947,1.);
#2947 = DIRECTION('',(0.,0.,1.));
#2948 = ORIENTED_EDGE('',*,*,#2949,.T.);
#2949 = EDGE_CURVE('',#2942,#2911,#2950,.T.);
#2950 = LINE('',#2951,#2952);
#2951 = CARTESIAN_POINT('',(-6.5,-1.5,2.));
#2952 = VECTOR('',#2953,1.);
#2953 = DIRECTION('',(0.,-1.,0.));
#2954 = ORIENTED_EDGE('',*,*,#2927,.T.);
#2955 = ORIENTED_EDGE('',*,*,#2316,.F.);
#2956 = PLANE('',#2957);
#2957 = AXIS2_PLACEMENT_3D('',#2958,#2959,#2960);
#2958 = CARTESIAN_POINT('',(-6.5,-2.100000023842,1.399999499321));
#2959 = DIRECTION('',(1.,0.,0.));
#2960 = DIRECTION('',(-0.,0.,1.));
#2961 = ADVANCED_FACE('',(#2962),#2973,.T.);
#2962 = FACE_BOUND('',#2963,.T.);
#2963 = EDGE_LOOP('',(#2964,#2965,#2966,#2967));
#2964 = ORIENTED_EDGE('',*,*,#2561,.T.);
#2965 = ORIENTED_EDGE('',*,*,#2180,.F.);
#2966 = ORIENTED_EDGE('',*,*,#1945,.T.);
#2967 = ORIENTED_EDGE('',*,*,#2968,.F.);
#2968 = EDGE_CURVE('',#2562,#1938,#2969,.T.);
#2969 = LINE('',#2970,#2971);
#2970 = CARTESIAN_POINT('',(11.25,-1.25,4.));
#2971 = VECTOR('',#2972,1.);
#2972 = DIRECTION('',(0.,-1.,0.));
#2973 = PLANE('',#2974);
#2974 = AXIS2_PLACEMENT_3D('',#2975,#2976,#2977);
#2975 = CARTESIAN_POINT('',(11.25,-9.5,2.399999499321));
#2976 = DIRECTION('',(-1.,-0.,-0.));
#2977 = DIRECTION('',(0.,0.,-1.));
#2978 = ADVANCED_FACE('',(#2979,#3013),#3042,.T.);
#2979 = FACE_BOUND('',#2980,.T.);
#2980 = EDGE_LOOP('',(#2981,#2991,#2999,#3007));
#2981 = ORIENTED_EDGE('',*,*,#2982,.F.);
#2982 = EDGE_CURVE('',#2983,#2985,#2987,.T.);
#2983 = VERTEX_POINT('',#2984);
#2984 = CARTESIAN_POINT('',(12.25,-18.75,4.));
#2985 = VERTEX_POINT('',#2986);
#2986 = CARTESIAN_POINT('',(-12.25,-18.75,4.));
#2987 = LINE('',#2988,#2989);
#2988 = CARTESIAN_POINT('',(12.25,-18.75,4.));
#2989 = VECTOR('',#2990,1.);
#2990 = DIRECTION('',(-1.,0.,0.));
#2991 = ORIENTED_EDGE('',*,*,#2992,.F.);
#2992 = EDGE_CURVE('',#2993,#2983,#2995,.T.);
#2993 = VERTEX_POINT('',#2994);
#2994 = CARTESIAN_POINT('',(12.25,-0.25,4.));
#2995 = LINE('',#2996,#2997);
#2996 = CARTESIAN_POINT('',(12.25,-0.25,4.));
#2997 = VECTOR('',#2998,1.);
#2998 = DIRECTION('',(0.,-1.,0.));
#2999 = ORIENTED_EDGE('',*,*,#3000,.F.);
#3000 = EDGE_CURVE('',#3001,#2993,#3003,.T.);
#3001 = VERTEX_POINT('',#3002);
#3002 = CARTESIAN_POINT('',(-12.25,-0.25,4.));
#3003 = LINE('',#3004,#3005);
#3004 = CARTESIAN_POINT('',(-12.25,-0.25,4.));
#3005 = VECTOR('',#3006,1.);
#3006 = DIRECTION('',(1.,0.,0.));
#3007 = ORIENTED_EDGE('',*,*,#3008,.F.);
#3008 = EDGE_CURVE('',#2985,#3001,#3009,.T.);
#3009 = LINE('',#3010,#3011);
#3010 = CARTESIAN_POINT('',(-12.25,-18.75,4.));
#3011 = VECTOR('',#3012,1.);
#3012 = DIRECTION('',(0.,1.,0.));
#3013 = FACE_BOUND('',#3014,.T.);
#3014 = EDGE_LOOP('',(#3015,#3016,#3017,#3023,#3024,#3025,#3026,#3032,
    #3033,#3034,#3035,#3041));
#3015 = ORIENTED_EDGE('',*,*,#2159,.T.);
#3016 = ORIENTED_EDGE('',*,*,#1969,.T.);
#3017 = ORIENTED_EDGE('',*,*,#3018,.T.);
#3018 = EDGE_CURVE('',#1962,#2547,#3019,.T.);
#3019 = LINE('',#3020,#3021);
#3020 = CARTESIAN_POINT('',(-11.25,-17.75,4.));
#3021 = VECTOR('',#3022,1.);
#3022 = DIRECTION('',(0.,1.,0.));
#3023 = ORIENTED_EDGE('',*,*,#2546,.T.);
#3024 = ORIENTED_EDGE('',*,*,#2529,.T.);
#3025 = ORIENTED_EDGE('',*,*,#2601,.T.);
#3026 = ORIENTED_EDGE('',*,*,#3027,.T.);
#3027 = EDGE_CURVE('',#2594,#2570,#3028,.T.);
#3028 = LINE('',#3029,#3030);
#3029 = CARTESIAN_POINT('',(3.,-1.25,4.));
#3030 = VECTOR('',#3031,1.);
#3031 = DIRECTION('',(1.,0.,0.));
#3032 = ORIENTED_EDGE('',*,*,#2569,.T.);
#3033 = ORIENTED_EDGE('',*,*,#2968,.T.);
#3034 = ORIENTED_EDGE('',*,*,#1937,.T.);
#3035 = ORIENTED_EDGE('',*,*,#3036,.T.);
#3036 = EDGE_CURVE('',#1930,#2002,#3037,.T.);
#3037 = LINE('',#3038,#3039);
#3038 = CARTESIAN_POINT('',(9.,-17.75,4.));
#3039 = VECTOR('',#3040,1.);
#3040 = DIRECTION('',(-1.,0.,0.));
#3041 = ORIENTED_EDGE('',*,*,#2001,.T.);
#3042 = PLANE('',#3043);
#3043 = AXIS2_PLACEMENT_3D('',#3044,#3045,#3046);
#3044 = CARTESIAN_POINT('',(0.,-9.5,4.));
#3045 = DIRECTION('',(0.,0.,1.));
#3046 = DIRECTION('',(1.,0.,-0.));
#3047 = ADVANCED_FACE('',(#3048),#3073,.T.);
#3048 = FACE_BOUND('',#3049,.T.);
#3049 = EDGE_LOOP('',(#3050,#3060,#3066,#3067));
#3050 = ORIENTED_EDGE('',*,*,#3051,.T.);
#3051 = EDGE_CURVE('',#3052,#3054,#3056,.T.);
#3052 = VERTEX_POINT('',#3053);
#3053 = CARTESIAN_POINT('',(3.,-1.25,4.050000190735));
#3054 = VERTEX_POINT('',#3055);
#3055 = CARTESIAN_POINT('',(9.,-1.25,4.050000190735));
#3056 = LINE('',#3057,#3058);
#3057 = CARTESIAN_POINT('',(3.,-1.25,4.050000190735));
#3058 = VECTOR('',#3059,1.);
#3059 = DIRECTION('',(1.,0.,0.));
#3060 = ORIENTED_EDGE('',*,*,#3061,.T.);
#3061 = EDGE_CURVE('',#3054,#2570,#3062,.T.);
#3062 = LINE('',#3063,#3064);
#3063 = CARTESIAN_POINT('',(9.,-1.25,4.050000190735));
#3064 = VECTOR('',#3065,1.);
#3065 = DIRECTION('',(0.,0.,-1.));
#3066 = ORIENTED_EDGE('',*,*,#3027,.F.);
#3067 = ORIENTED_EDGE('',*,*,#3068,.T.);
#3068 = EDGE_CURVE('',#2594,#3052,#3069,.T.);
#3069 = LINE('',#3070,#3071);
#3070 = CARTESIAN_POINT('',(3.,-1.25,4.));
#3071 = VECTOR('',#3072,1.);
#3072 = DIRECTION('',(0.,0.,1.));
#3073 = PLANE('',#3074);
#3074 = AXIS2_PLACEMENT_3D('',#3075,#3076,#3077);
#3075 = CARTESIAN_POINT('',(6.,-1.25,4.025000095367));
#3076 = DIRECTION('',(0.,1.,0.));
#3077 = DIRECTION('',(0.,-0.,1.));
#3078 = ADVANCED_FACE('',(#3079),#3104,.T.);
#3079 = FACE_BOUND('',#3080,.T.);
#3080 = EDGE_LOOP('',(#3081,#3091,#3097,#3098));
#3081 = ORIENTED_EDGE('',*,*,#3082,.T.);
#3082 = EDGE_CURVE('',#3083,#3085,#3087,.T.);
#3083 = VERTEX_POINT('',#3084);
#3084 = CARTESIAN_POINT('',(9.,-17.75,4.050000190735));
#3085 = VERTEX_POINT('',#3086);
#3086 = CARTESIAN_POINT('',(3.,-17.75,4.050000190735));
#3087 = LINE('',#3088,#3089);
#3088 = CARTESIAN_POINT('',(9.,-17.75,4.050000190735));
#3089 = VECTOR('',#3090,1.);
#3090 = DIRECTION('',(-1.,0.,0.));
#3091 = ORIENTED_EDGE('',*,*,#3092,.T.);
#3092 = EDGE_CURVE('',#3085,#2002,#3093,.T.);
#3093 = LINE('',#3094,#3095);
#3094 = CARTESIAN_POINT('',(3.,-17.75,4.050000190735));
#3095 = VECTOR('',#3096,1.);
#3096 = DIRECTION('',(0.,0.,-1.));
#3097 = ORIENTED_EDGE('',*,*,#3036,.F.);
#3098 = ORIENTED_EDGE('',*,*,#3099,.T.);
#3099 = EDGE_CURVE('',#1930,#3083,#3100,.T.);
#3100 = LINE('',#3101,#3102);
#3101 = CARTESIAN_POINT('',(9.,-17.75,4.));
#3102 = VECTOR('',#3103,1.);
#3103 = DIRECTION('',(0.,0.,1.));
#3104 = PLANE('',#3105);
#3105 = AXIS2_PLACEMENT_3D('',#3106,#3107,#3108);
#3106 = CARTESIAN_POINT('',(6.,-17.75,4.025000095367));
#3107 = DIRECTION('',(-0.,-1.,-0.));
#3108 = DIRECTION('',(0.,0.,-1.));
#3109 = ADVANCED_FACE('',(#3110),#3135,.T.);
#3110 = FACE_BOUND('',#3111,.T.);
#3111 = EDGE_LOOP('',(#3112,#3113,#3121,#3129));
#3112 = ORIENTED_EDGE('',*,*,#2982,.T.);
#3113 = ORIENTED_EDGE('',*,*,#3114,.T.);
#3114 = EDGE_CURVE('',#2985,#3115,#3117,.T.);
#3115 = VERTEX_POINT('',#3116);
#3116 = CARTESIAN_POINT('',(-12.25,-18.75,0.799998998642));
#3117 = LINE('',#3118,#3119);
#3118 = CARTESIAN_POINT('',(-12.25,-18.75,4.));
#3119 = VECTOR('',#3120,1.);
#3120 = DIRECTION('',(0.,0.,-1.));
#3121 = ORIENTED_EDGE('',*,*,#3122,.F.);
#3122 = EDGE_CURVE('',#3123,#3115,#3125,.T.);
#3123 = VERTEX_POINT('',#3124);
#3124 = CARTESIAN_POINT('',(12.25,-18.75,0.799998998642));
#3125 = LINE('',#3126,#3127);
#3126 = CARTESIAN_POINT('',(12.25,-18.75,0.799998998642));
#3127 = VECTOR('',#3128,1.);
#3128 = DIRECTION('',(-1.,0.,0.));
#3129 = ORIENTED_EDGE('',*,*,#3130,.F.);
#3130 = EDGE_CURVE('',#2983,#3123,#3131,.T.);
#3131 = LINE('',#3132,#3133);
#3132 = CARTESIAN_POINT('',(12.25,-18.75,4.));
#3133 = VECTOR('',#3134,1.);
#3134 = DIRECTION('',(0.,0.,-1.));
#3135 = PLANE('',#3136);
#3136 = AXIS2_PLACEMENT_3D('',#3137,#3138,#3139);
#3137 = CARTESIAN_POINT('',(0.,-18.75,2.399999499321));
#3138 = DIRECTION('',(-0.,-1.,-0.));
#3139 = DIRECTION('',(0.,0.,-1.));
#3140 = ADVANCED_FACE('',(#3141),#3199,.T.);
#3141 = FACE_BOUND('',#3142,.T.);
#3142 = EDGE_LOOP('',(#3143,#3153,#3161,#3169,#3177,#3185,#3193));
#3143 = ORIENTED_EDGE('',*,*,#3144,.F.);
#3144 = EDGE_CURVE('',#3145,#3147,#3149,.T.);
#3145 = VERTEX_POINT('',#3146);
#3146 = CARTESIAN_POINT('',(-19.5,-20.25,2.849999904633));
#3147 = VERTEX_POINT('',#3148);
#3148 = CARTESIAN_POINT('',(-19.5,-20.25,3.799999952316));
#3149 = LINE('',#3150,#3151);
#3150 = CARTESIAN_POINT('',(-19.5,-20.25,2.849999904633));
#3151 = VECTOR('',#3152,1.);
#3152 = DIRECTION('',(0.,0.,1.));
#3153 = ORIENTED_EDGE('',*,*,#3154,.F.);
#3154 = EDGE_CURVE('',#3155,#3145,#3157,.T.);
#3155 = VERTEX_POINT('',#3156);
#3156 = CARTESIAN_POINT('',(-19.5,-20.26000022888,2.849999904633));
#3157 = LINE('',#3158,#3159);
#3158 = CARTESIAN_POINT('',(-19.5,-20.26000022888,2.849999904633));
#3159 = VECTOR('',#3160,1.);
#3160 = DIRECTION('',(0.,1.,0.));
#3161 = ORIENTED_EDGE('',*,*,#3162,.F.);
#3162 = EDGE_CURVE('',#3163,#3155,#3165,.T.);
#3163 = VERTEX_POINT('',#3164);
#3164 = CARTESIAN_POINT('',(-19.5,-20.79999923706,3.299999952316));
#3165 = LINE('',#3166,#3167);
#3166 = CARTESIAN_POINT('',(-19.5,-20.79999923706,3.299999952316));
#3167 = VECTOR('',#3168,1.);
#3168 = DIRECTION('',(0.,0.768220667957,-0.640185133632));
#3169 = ORIENTED_EDGE('',*,*,#3170,.F.);
#3170 = EDGE_CURVE('',#3171,#3163,#3173,.T.);
#3171 = VERTEX_POINT('',#3172);
#3172 = CARTESIAN_POINT('',(-19.5,-20.79999923706,3.400000095367));
#3173 = LINE('',#3174,#3175);
#3174 = CARTESIAN_POINT('',(-19.5,-20.79999923706,3.400000095367));
#3175 = VECTOR('',#3176,1.);
#3176 = DIRECTION('',(0.,0.,-1.));
#3177 = ORIENTED_EDGE('',*,*,#3178,.F.);
#3178 = EDGE_CURVE('',#3179,#3171,#3181,.T.);
#3179 = VERTEX_POINT('',#3180);
#3180 = CARTESIAN_POINT('',(-19.5,-20.26000022888,3.849999904633));
#3181 = LINE('',#3182,#3183);
#3182 = CARTESIAN_POINT('',(-19.5,-20.26000022888,3.849999904633));
#3183 = VECTOR('',#3184,1.);
#3184 = DIRECTION('',(0.,-0.768220834768,-0.640184933459));
#3185 = ORIENTED_EDGE('',*,*,#3186,.T.);
#3186 = EDGE_CURVE('',#3179,#3187,#3189,.T.);
#3187 = VERTEX_POINT('',#3188);
#3188 = CARTESIAN_POINT('',(-19.5,-20.25,3.849999904633));
#3189 = LINE('',#3190,#3191);
#3190 = CARTESIAN_POINT('',(-19.5,-20.26000022888,3.849999904633));
#3191 = VECTOR('',#3192,1.);
#3192 = DIRECTION('',(0.,1.,0.));
#3193 = ORIENTED_EDGE('',*,*,#3194,.F.);
#3194 = EDGE_CURVE('',#3147,#3187,#3195,.T.);
#3195 = LINE('',#3196,#3197);
#3196 = CARTESIAN_POINT('',(-19.5,-20.25,3.799999952316));
#3197 = VECTOR('',#3198,1.);
#3198 = DIRECTION('',(0.,0.,1.));
#3199 = PLANE('',#3200);
#3200 = AXIS2_PLACEMENT_3D('',#3201,#3202,#3203);
#3201 = CARTESIAN_POINT('',(-19.5,-20.42765775553,3.349999925909));
#3202 = DIRECTION('',(-1.,-0.,-0.));
#3203 = DIRECTION('',(0.,0.,-1.));
#3204 = ADVANCED_FACE('',(#3205),#3230,.T.);
#3205 = FACE_BOUND('',#3206,.T.);
#3206 = EDGE_LOOP('',(#3207,#3217,#3223,#3224));
#3207 = ORIENTED_EDGE('',*,*,#3208,.T.);
#3208 = EDGE_CURVE('',#3209,#3211,#3213,.T.);
#3209 = VERTEX_POINT('',#3210);
#3210 = CARTESIAN_POINT('',(-11.5,-20.79999923706,3.400000095367));
#3211 = VERTEX_POINT('',#3212);
#3212 = CARTESIAN_POINT('',(-11.5,-20.26000022888,3.849999904633));
#3213 = LINE('',#3214,#3215);
#3214 = CARTESIAN_POINT('',(-11.5,-20.79999923706,3.400000095367));
#3215 = VECTOR('',#3216,1.);
#3216 = DIRECTION('',(0.,0.768220834768,0.640184933459));
#3217 = ORIENTED_EDGE('',*,*,#3218,.T.);
#3218 = EDGE_CURVE('',#3211,#3179,#3219,.T.);
#3219 = LINE('',#3220,#3221);
#3220 = CARTESIAN_POINT('',(-11.5,-20.26000022888,3.849999904633));
#3221 = VECTOR('',#3222,1.);
#3222 = DIRECTION('',(-1.,0.,0.));
#3223 = ORIENTED_EDGE('',*,*,#3178,.T.);
#3224 = ORIENTED_EDGE('',*,*,#3225,.F.);
#3225 = EDGE_CURVE('',#3209,#3171,#3226,.T.);
#3226 = LINE('',#3227,#3228);
#3227 = CARTESIAN_POINT('',(-11.5,-20.79999923706,3.400000095367));
#3228 = VECTOR('',#3229,1.);
#3229 = DIRECTION('',(-1.,0.,0.));
#3230 = PLANE('',#3231);
#3231 = AXIS2_PLACEMENT_3D('',#3232,#3233,#3234);
#3232 = CARTESIAN_POINT('',(-15.5,-20.52999973297,3.625));
#3233 = DIRECTION('',(0.,-0.640184933459,0.768220834768));
#3234 = DIRECTION('',(0.,0.768220834768,0.640184933459));
#3235 = ADVANCED_FACE('',(#3236),#3254,.T.);
#3236 = FACE_BOUND('',#3237,.T.);
#3237 = EDGE_LOOP('',(#3238,#3239,#3240,#3248));
#3238 = ORIENTED_EDGE('',*,*,#3225,.T.);
#3239 = ORIENTED_EDGE('',*,*,#3170,.T.);
#3240 = ORIENTED_EDGE('',*,*,#3241,.F.);
#3241 = EDGE_CURVE('',#3242,#3163,#3244,.T.);
#3242 = VERTEX_POINT('',#3243);
#3243 = CARTESIAN_POINT('',(-11.5,-20.79999923706,3.299999952316));
#3244 = LINE('',#3245,#3246);
#3245 = CARTESIAN_POINT('',(-11.5,-20.79999923706,3.299999952316));
#3246 = VECTOR('',#3247,1.);
#3247 = DIRECTION('',(-1.,0.,0.));
#3248 = ORIENTED_EDGE('',*,*,#3249,.T.);
#3249 = EDGE_CURVE('',#3242,#3209,#3250,.T.);
#3250 = LINE('',#3251,#3252);
#3251 = CARTESIAN_POINT('',(-11.5,-20.79999923706,3.299999952316));
#3252 = VECTOR('',#3253,1.);
#3253 = DIRECTION('',(0.,0.,1.));
#3254 = PLANE('',#3255);
#3255 = AXIS2_PLACEMENT_3D('',#3256,#3257,#3258);
#3256 = CARTESIAN_POINT('',(-15.5,-20.79999923706,3.350000023842));
#3257 = DIRECTION('',(-0.,-1.,-0.));
#3258 = DIRECTION('',(0.,0.,-1.));
#3259 = ADVANCED_FACE('',(#3260),#3278,.T.);
#3260 = FACE_BOUND('',#3261,.T.);
#3261 = EDGE_LOOP('',(#3262,#3270,#3271,#3272));
#3262 = ORIENTED_EDGE('',*,*,#3263,.T.);
#3263 = EDGE_CURVE('',#3264,#3242,#3266,.T.);
#3264 = VERTEX_POINT('',#3265);
#3265 = CARTESIAN_POINT('',(-11.5,-20.26000022888,2.849999904633));
#3266 = LINE('',#3267,#3268);
#3267 = CARTESIAN_POINT('',(-11.5,-20.26000022888,2.849999904633));
#3268 = VECTOR('',#3269,1.);
#3269 = DIRECTION('',(0.,-0.768220667957,0.640185133632));
#3270 = ORIENTED_EDGE('',*,*,#3241,.T.);
#3271 = ORIENTED_EDGE('',*,*,#3162,.T.);
#3272 = ORIENTED_EDGE('',*,*,#3273,.T.);
#3273 = EDGE_CURVE('',#3155,#3264,#3274,.T.);
#3274 = LINE('',#3275,#3276);
#3275 = CARTESIAN_POINT('',(-19.5,-20.26000022888,2.849999904633));
#3276 = VECTOR('',#3277,1.);
#3277 = DIRECTION('',(1.,0.,0.));
#3278 = PLANE('',#3279);
#3279 = AXIS2_PLACEMENT_3D('',#3280,#3281,#3282);
#3280 = CARTESIAN_POINT('',(-15.5,-20.52999973297,3.074999928474));
#3281 = DIRECTION('',(-0.,-0.640185133632,-0.768220667957));
#3282 = DIRECTION('',(0.,-0.768220667957,0.640185133632));
#3283 = ADVANCED_FACE('',(#3284),#3302,.T.);
#3284 = FACE_BOUND('',#3285,.T.);
#3285 = EDGE_LOOP('',(#3286,#3294,#3295,#3296));
#3286 = ORIENTED_EDGE('',*,*,#3287,.T.);
#3287 = EDGE_CURVE('',#3288,#3264,#3290,.T.);
#3288 = VERTEX_POINT('',#3289);
#3289 = CARTESIAN_POINT('',(-11.5,-20.25,2.849999904633));
#3290 = LINE('',#3291,#3292);
#3291 = CARTESIAN_POINT('',(-11.5,-20.25,2.849999904633));
#3292 = VECTOR('',#3293,1.);
#3293 = DIRECTION('',(0.,-1.,0.));
#3294 = ORIENTED_EDGE('',*,*,#3273,.F.);
#3295 = ORIENTED_EDGE('',*,*,#3154,.T.);
#3296 = ORIENTED_EDGE('',*,*,#3297,.F.);
#3297 = EDGE_CURVE('',#3288,#3145,#3298,.T.);
#3298 = LINE('',#3299,#3300);
#3299 = CARTESIAN_POINT('',(-11.5,-20.25,2.849999904633));
#3300 = VECTOR('',#3301,1.);
#3301 = DIRECTION('',(-1.,0.,0.));
#3302 = PLANE('',#3303);
#3303 = AXIS2_PLACEMENT_3D('',#3304,#3305,#3306);
#3304 = CARTESIAN_POINT('',(-15.5,-20.25500011444,2.849999904633));
#3305 = DIRECTION('',(-0.,-0.,-1.));
#3306 = DIRECTION('',(-1.,0.,0.));
#3307 = ADVANCED_FACE('',(#3308),#3390,.T.);
#3308 = FACE_BOUND('',#3309,.T.);
#3309 = EDGE_LOOP('',(#3310,#3320,#3326,#3327,#3328,#3336,#3344,#3352,
    #3360,#3368,#3376,#3384));
#3310 = ORIENTED_EDGE('',*,*,#3311,.T.);
#3311 = EDGE_CURVE('',#3312,#3314,#3316,.T.);
#3312 = VERTEX_POINT('',#3313);
#3313 = CARTESIAN_POINT('',(4.5,-20.25,3.799999952316));
#3314 = VERTEX_POINT('',#3315);
#3315 = CARTESIAN_POINT('',(-11.5,-20.25,3.799999952316));
#3316 = LINE('',#3317,#3318);
#3317 = CARTESIAN_POINT('',(4.5,-20.25,3.799999952316));
#3318 = VECTOR('',#3319,1.);
#3319 = DIRECTION('',(-1.,0.,0.));
#3320 = ORIENTED_EDGE('',*,*,#3321,.T.);
#3321 = EDGE_CURVE('',#3314,#3288,#3322,.T.);
#3322 = LINE('',#3323,#3324);
#3323 = CARTESIAN_POINT('',(-11.5,-20.25,3.799999952316));
#3324 = VECTOR('',#3325,1.);
#3325 = DIRECTION('',(0.,0.,-1.));
#3326 = ORIENTED_EDGE('',*,*,#3297,.T.);
#3327 = ORIENTED_EDGE('',*,*,#3144,.T.);
#3328 = ORIENTED_EDGE('',*,*,#3329,.T.);
#3329 = EDGE_CURVE('',#3147,#3330,#3332,.T.);
#3330 = VERTEX_POINT('',#3331);
#3331 = CARTESIAN_POINT('',(-25.75,-20.25,3.799999952316));
#3332 = LINE('',#3333,#3334);
#3333 = CARTESIAN_POINT('',(-19.5,-20.25,3.799999952316));
#3334 = VECTOR('',#3335,1.);
#3335 = DIRECTION('',(-1.,0.,0.));
#3336 = ORIENTED_EDGE('',*,*,#3337,.F.);
#3337 = EDGE_CURVE('',#3338,#3330,#3340,.T.);
#3338 = VERTEX_POINT('',#3339);
#3339 = CARTESIAN_POINT('',(-25.75,-20.25,0.799998998642));
#3340 = LINE('',#3341,#3342);
#3341 = CARTESIAN_POINT('',(-25.75,-20.25,0.799998998642));
#3342 = VECTOR('',#3343,1.);
#3343 = DIRECTION('',(0.,0.,1.));
#3344 = ORIENTED_EDGE('',*,*,#3345,.F.);
#3345 = EDGE_CURVE('',#3346,#3338,#3348,.T.);
#3346 = VERTEX_POINT('',#3347);
#3347 = CARTESIAN_POINT('',(18.75,-20.25,0.799998998642));
#3348 = LINE('',#3349,#3350);
#3349 = CARTESIAN_POINT('',(18.75,-20.25,0.799998998642));
#3350 = VECTOR('',#3351,1.);
#3351 = DIRECTION('',(-1.,0.,0.));
#3352 = ORIENTED_EDGE('',*,*,#3353,.T.);
#3353 = EDGE_CURVE('',#3346,#3354,#3356,.T.);
#3354 = VERTEX_POINT('',#3355);
#3355 = CARTESIAN_POINT('',(18.75,-20.25,3.799999952316));
#3356 = LINE('',#3357,#3358);
#3357 = CARTESIAN_POINT('',(18.75,-20.25,0.799998998642));
#3358 = VECTOR('',#3359,1.);
#3359 = DIRECTION('',(0.,0.,1.));
#3360 = ORIENTED_EDGE('',*,*,#3361,.T.);
#3361 = EDGE_CURVE('',#3354,#3362,#3364,.T.);
#3362 = VERTEX_POINT('',#3363);
#3363 = CARTESIAN_POINT('',(12.5,-20.25,3.799999952316));
#3364 = LINE('',#3365,#3366);
#3365 = CARTESIAN_POINT('',(18.75,-20.25,3.799999952316));
#3366 = VECTOR('',#3367,1.);
#3367 = DIRECTION('',(-1.,0.,0.));
#3368 = ORIENTED_EDGE('',*,*,#3369,.T.);
#3369 = EDGE_CURVE('',#3362,#3370,#3372,.T.);
#3370 = VERTEX_POINT('',#3371);
#3371 = CARTESIAN_POINT('',(12.5,-20.25,2.849999904633));
#3372 = LINE('',#3373,#3374);
#3373 = CARTESIAN_POINT('',(12.5,-20.25,3.799999952316));
#3374 = VECTOR('',#3375,1.);
#3375 = DIRECTION('',(0.,0.,-1.));
#3376 = ORIENTED_EDGE('',*,*,#3377,.T.);
#3377 = EDGE_CURVE('',#3370,#3378,#3380,.T.);
#3378 = VERTEX_POINT('',#3379);
#3379 = CARTESIAN_POINT('',(4.5,-20.25,2.849999904633));
#3380 = LINE('',#3381,#3382);
#3381 = CARTESIAN_POINT('',(12.5,-20.25,2.849999904633));
#3382 = VECTOR('',#3383,1.);
#3383 = DIRECTION('',(-1.,0.,0.));
#3384 = ORIENTED_EDGE('',*,*,#3385,.T.);
#3385 = EDGE_CURVE('',#3378,#3312,#3386,.T.);
#3386 = LINE('',#3387,#3388);
#3387 = CARTESIAN_POINT('',(4.5,-20.25,2.849999904633));
#3388 = VECTOR('',#3389,1.);
#3389 = DIRECTION('',(0.,0.,1.));
#3390 = PLANE('',#3391);
#3391 = AXIS2_PLACEMENT_3D('',#3392,#3393,#3394);
#3392 = CARTESIAN_POINT('',(-3.5,-20.25,2.185576412666));
#3393 = DIRECTION('',(-0.,-1.,-0.));
#3394 = DIRECTION('',(0.,0.,-1.));
#3395 = ADVANCED_FACE('',(#3396),#3445,.T.);
#3396 = FACE_BOUND('',#3397,.T.);
#3397 = EDGE_LOOP('',(#3398,#3406,#3414,#3422,#3430,#3438,#3444));
#3398 = ORIENTED_EDGE('',*,*,#3399,.F.);
#3399 = EDGE_CURVE('',#3400,#3362,#3402,.T.);
#3400 = VERTEX_POINT('',#3401);
#3401 = CARTESIAN_POINT('',(12.5,-20.25,3.849999904633));
#3402 = LINE('',#3403,#3404);
#3403 = CARTESIAN_POINT('',(12.5,-20.25,3.849999904633));
#3404 = VECTOR('',#3405,1.);
#3405 = DIRECTION('',(0.,0.,-1.));
#3406 = ORIENTED_EDGE('',*,*,#3407,.F.);
#3407 = EDGE_CURVE('',#3408,#3400,#3410,.T.);
#3408 = VERTEX_POINT('',#3409);
#3409 = CARTESIAN_POINT('',(12.5,-20.26000022888,3.849999904633));
#3410 = LINE('',#3411,#3412);
#3411 = CARTESIAN_POINT('',(12.5,-20.26000022888,3.849999904633));
#3412 = VECTOR('',#3413,1.);
#3413 = DIRECTION('',(0.,1.,0.));
#3414 = ORIENTED_EDGE('',*,*,#3415,.F.);
#3415 = EDGE_CURVE('',#3416,#3408,#3418,.T.);
#3416 = VERTEX_POINT('',#3417);
#3417 = CARTESIAN_POINT('',(12.5,-20.79999923706,3.400000095367));
#3418 = LINE('',#3419,#3420);
#3419 = CARTESIAN_POINT('',(12.5,-20.79999923706,3.400000095367));
#3420 = VECTOR('',#3421,1.);
#3421 = DIRECTION('',(0.,0.768220834768,0.640184933459));
#3422 = ORIENTED_EDGE('',*,*,#3423,.F.);
#3423 = EDGE_CURVE('',#3424,#3416,#3426,.T.);
#3424 = VERTEX_POINT('',#3425);
#3425 = CARTESIAN_POINT('',(12.5,-20.79999923706,3.299999952316));
#3426 = LINE('',#3427,#3428);
#3427 = CARTESIAN_POINT('',(12.5,-20.79999923706,3.299999952316));
#3428 = VECTOR('',#3429,1.);
#3429 = DIRECTION('',(0.,0.,1.));
#3430 = ORIENTED_EDGE('',*,*,#3431,.F.);
#3431 = EDGE_CURVE('',#3432,#3424,#3434,.T.);
#3432 = VERTEX_POINT('',#3433);
#3433 = CARTESIAN_POINT('',(12.5,-20.26000022888,2.849999904633));
#3434 = LINE('',#3435,#3436);
#3435 = CARTESIAN_POINT('',(12.5,-20.26000022888,2.849999904633));
#3436 = VECTOR('',#3437,1.);
#3437 = DIRECTION('',(0.,-0.768220667957,0.640185133632));
#3438 = ORIENTED_EDGE('',*,*,#3439,.F.);
#3439 = EDGE_CURVE('',#3370,#3432,#3440,.T.);
#3440 = LINE('',#3441,#3442);
#3441 = CARTESIAN_POINT('',(12.5,-20.25,2.849999904633));
#3442 = VECTOR('',#3443,1.);
#3443 = DIRECTION('',(0.,-1.,0.));
#3444 = ORIENTED_EDGE('',*,*,#3369,.F.);
#3445 = PLANE('',#3446);
#3446 = AXIS2_PLACEMENT_3D('',#3447,#3448,#3449);
#3447 = CARTESIAN_POINT('',(12.5,-20.42765775553,3.349999925909));
#3448 = DIRECTION('',(1.,0.,0.));
#3449 = DIRECTION('',(-0.,0.,1.));
#3450 = ADVANCED_FACE('',(#3451),#3476,.T.);
#3451 = FACE_BOUND('',#3452,.T.);
#3452 = EDGE_LOOP('',(#3453,#3454,#3462,#3470));
#3453 = ORIENTED_EDGE('',*,*,#3415,.T.);
#3454 = ORIENTED_EDGE('',*,*,#3455,.T.);
#3455 = EDGE_CURVE('',#3408,#3456,#3458,.T.);
#3456 = VERTEX_POINT('',#3457);
#3457 = CARTESIAN_POINT('',(4.5,-20.26000022888,3.849999904633));
#3458 = LINE('',#3459,#3460);
#3459 = CARTESIAN_POINT('',(12.5,-20.26000022888,3.849999904633));
#3460 = VECTOR('',#3461,1.);
#3461 = DIRECTION('',(-1.,0.,0.));
#3462 = ORIENTED_EDGE('',*,*,#3463,.T.);
#3463 = EDGE_CURVE('',#3456,#3464,#3466,.T.);
#3464 = VERTEX_POINT('',#3465);
#3465 = CARTESIAN_POINT('',(4.5,-20.79999923706,3.400000095367));
#3466 = LINE('',#3467,#3468);
#3467 = CARTESIAN_POINT('',(4.5,-20.26000022888,3.849999904633));
#3468 = VECTOR('',#3469,1.);
#3469 = DIRECTION('',(0.,-0.768220834768,-0.640184933459));
#3470 = ORIENTED_EDGE('',*,*,#3471,.F.);
#3471 = EDGE_CURVE('',#3416,#3464,#3472,.T.);
#3472 = LINE('',#3473,#3474);
#3473 = CARTESIAN_POINT('',(12.5,-20.79999923706,3.400000095367));
#3474 = VECTOR('',#3475,1.);
#3475 = DIRECTION('',(-1.,0.,0.));
#3476 = PLANE('',#3477);
#3477 = AXIS2_PLACEMENT_3D('',#3478,#3479,#3480);
#3478 = CARTESIAN_POINT('',(8.5,-20.52999973297,3.625));
#3479 = DIRECTION('',(0.,-0.640184933459,0.768220834768));
#3480 = DIRECTION('',(0.,0.768220834768,0.640184933459));
#3481 = ADVANCED_FACE('',(#3482),#3500,.T.);
#3482 = FACE_BOUND('',#3483,.T.);
#3483 = EDGE_LOOP('',(#3484,#3485,#3493,#3499));
#3484 = ORIENTED_EDGE('',*,*,#3471,.T.);
#3485 = ORIENTED_EDGE('',*,*,#3486,.T.);
#3486 = EDGE_CURVE('',#3464,#3487,#3489,.T.);
#3487 = VERTEX_POINT('',#3488);
#3488 = CARTESIAN_POINT('',(4.5,-20.79999923706,3.299999952316));
#3489 = LINE('',#3490,#3491);
#3490 = CARTESIAN_POINT('',(4.5,-20.79999923706,3.400000095367));
#3491 = VECTOR('',#3492,1.);
#3492 = DIRECTION('',(0.,0.,-1.));
#3493 = ORIENTED_EDGE('',*,*,#3494,.F.);
#3494 = EDGE_CURVE('',#3424,#3487,#3495,.T.);
#3495 = LINE('',#3496,#3497);
#3496 = CARTESIAN_POINT('',(12.5,-20.79999923706,3.299999952316));
#3497 = VECTOR('',#3498,1.);
#3498 = DIRECTION('',(-1.,0.,0.));
#3499 = ORIENTED_EDGE('',*,*,#3423,.T.);
#3500 = PLANE('',#3501);
#3501 = AXIS2_PLACEMENT_3D('',#3502,#3503,#3504);
#3502 = CARTESIAN_POINT('',(8.5,-20.79999923706,3.350000023842));
#3503 = DIRECTION('',(-0.,-1.,-0.));
#3504 = DIRECTION('',(0.,0.,-1.));
#3505 = ADVANCED_FACE('',(#3506),#3524,.T.);
#3506 = FACE_BOUND('',#3507,.T.);
#3507 = EDGE_LOOP('',(#3508,#3509,#3510,#3518));
#3508 = ORIENTED_EDGE('',*,*,#3431,.T.);
#3509 = ORIENTED_EDGE('',*,*,#3494,.T.);
#3510 = ORIENTED_EDGE('',*,*,#3511,.T.);
#3511 = EDGE_CURVE('',#3487,#3512,#3514,.T.);
#3512 = VERTEX_POINT('',#3513);
#3513 = CARTESIAN_POINT('',(4.5,-20.26000022888,2.849999904633));
#3514 = LINE('',#3515,#3516);
#3515 = CARTESIAN_POINT('',(4.5,-20.79999923706,3.299999952316));
#3516 = VECTOR('',#3517,1.);
#3517 = DIRECTION('',(0.,0.768220667957,-0.640185133632));
#3518 = ORIENTED_EDGE('',*,*,#3519,.T.);
#3519 = EDGE_CURVE('',#3512,#3432,#3520,.T.);
#3520 = LINE('',#3521,#3522);
#3521 = CARTESIAN_POINT('',(4.5,-20.26000022888,2.849999904633));
#3522 = VECTOR('',#3523,1.);
#3523 = DIRECTION('',(1.,0.,0.));
#3524 = PLANE('',#3525);
#3525 = AXIS2_PLACEMENT_3D('',#3526,#3527,#3528);
#3526 = CARTESIAN_POINT('',(8.5,-20.52999973297,3.074999928474));
#3527 = DIRECTION('',(-0.,-0.640185133632,-0.768220667957));
#3528 = DIRECTION('',(0.,-0.768220667957,0.640185133632));
#3529 = ADVANCED_FACE('',(#3530),#3541,.T.);
#3530 = FACE_BOUND('',#3531,.T.);
#3531 = EDGE_LOOP('',(#3532,#3533,#3534,#3540));
#3532 = ORIENTED_EDGE('',*,*,#3439,.T.);
#3533 = ORIENTED_EDGE('',*,*,#3519,.F.);
#3534 = ORIENTED_EDGE('',*,*,#3535,.T.);
#3535 = EDGE_CURVE('',#3512,#3378,#3536,.T.);
#3536 = LINE('',#3537,#3538);
#3537 = CARTESIAN_POINT('',(4.5,-20.26000022888,2.849999904633));
#3538 = VECTOR('',#3539,1.);
#3539 = DIRECTION('',(0.,1.,0.));
#3540 = ORIENTED_EDGE('',*,*,#3377,.F.);
#3541 = PLANE('',#3542);
#3542 = AXIS2_PLACEMENT_3D('',#3543,#3544,#3545);
#3543 = CARTESIAN_POINT('',(8.5,-20.25500011444,2.849999904633));
#3544 = DIRECTION('',(-0.,-0.,-1.));
#3545 = DIRECTION('',(-1.,0.,0.));
#3546 = ADVANCED_FACE('',(#3547),#3570,.T.);
#3547 = FACE_BOUND('',#3548,.T.);
#3548 = EDGE_LOOP('',(#3549,#3557,#3558,#3564));
#3549 = ORIENTED_EDGE('',*,*,#3550,.T.);
#3550 = EDGE_CURVE('',#3551,#3400,#3553,.T.);
#3551 = VERTEX_POINT('',#3552);
#3552 = CARTESIAN_POINT('',(4.5,-20.25,3.849999904633));
#3553 = LINE('',#3554,#3555);
#3554 = CARTESIAN_POINT('',(4.5,-20.25,3.849999904633));
#3555 = VECTOR('',#3556,1.);
#3556 = DIRECTION('',(1.,0.,0.));
#3557 = ORIENTED_EDGE('',*,*,#3399,.T.);
#3558 = ORIENTED_EDGE('',*,*,#3559,.T.);
#3559 = EDGE_CURVE('',#3362,#3312,#3560,.T.);
#3560 = LINE('',#3561,#3562);
#3561 = CARTESIAN_POINT('',(12.5,-20.25,3.799999952316));
#3562 = VECTOR('',#3563,1.);
#3563 = DIRECTION('',(-1.,0.,0.));
#3564 = ORIENTED_EDGE('',*,*,#3565,.T.);
#3565 = EDGE_CURVE('',#3312,#3551,#3566,.T.);
#3566 = LINE('',#3567,#3568);
#3567 = CARTESIAN_POINT('',(4.5,-20.25,3.799999952316));
#3568 = VECTOR('',#3569,1.);
#3569 = DIRECTION('',(0.,0.,1.));
#3570 = PLANE('',#3571);
#3571 = AXIS2_PLACEMENT_3D('',#3572,#3573,#3574);
#3572 = CARTESIAN_POINT('',(8.5,-20.25,3.824999928474));
#3573 = DIRECTION('',(0.,1.,0.));
#3574 = DIRECTION('',(0.,-0.,1.));
#3575 = ADVANCED_FACE('',(#3576),#3599,.T.);
#3576 = FACE_BOUND('',#3577,.T.);
#3577 = EDGE_LOOP('',(#3578,#3586,#3592,#3598));
#3578 = ORIENTED_EDGE('',*,*,#3579,.T.);
#3579 = EDGE_CURVE('',#3187,#3580,#3582,.T.);
#3580 = VERTEX_POINT('',#3581);
#3581 = CARTESIAN_POINT('',(-11.5,-20.25,3.849999904633));
#3582 = LINE('',#3583,#3584);
#3583 = CARTESIAN_POINT('',(-19.5,-20.25,3.849999904633));
#3584 = VECTOR('',#3585,1.);
#3585 = DIRECTION('',(1.,0.,0.));
#3586 = ORIENTED_EDGE('',*,*,#3587,.T.);
#3587 = EDGE_CURVE('',#3580,#3314,#3588,.T.);
#3588 = LINE('',#3589,#3590);
#3589 = CARTESIAN_POINT('',(-11.5,-20.25,3.849999904633));
#3590 = VECTOR('',#3591,1.);
#3591 = DIRECTION('',(0.,0.,-1.));
#3592 = ORIENTED_EDGE('',*,*,#3593,.T.);
#3593 = EDGE_CURVE('',#3314,#3147,#3594,.T.);
#3594 = LINE('',#3595,#3596);
#3595 = CARTESIAN_POINT('',(-11.5,-20.25,3.799999952316));
#3596 = VECTOR('',#3597,1.);
#3597 = DIRECTION('',(-1.,0.,0.));
#3598 = ORIENTED_EDGE('',*,*,#3194,.T.);
#3599 = PLANE('',#3600);
#3600 = AXIS2_PLACEMENT_3D('',#3601,#3602,#3603);
#3601 = CARTESIAN_POINT('',(-15.5,-20.25,3.824999928474));
#3602 = DIRECTION('',(0.,1.,0.));
#3603 = DIRECTION('',(0.,-0.,1.));
#3604 = ADVANCED_FACE('',(#3605),#3650,.T.);
#3605 = FACE_BOUND('',#3606,.T.);
#3606 = EDGE_LOOP('',(#3607,#3608,#3609,#3617,#3625,#3633,#3641,#3647,
    #3648,#3649));
#3607 = ORIENTED_EDGE('',*,*,#3559,.F.);
#3608 = ORIENTED_EDGE('',*,*,#3361,.F.);
#3609 = ORIENTED_EDGE('',*,*,#3610,.T.);
#3610 = EDGE_CURVE('',#3354,#3611,#3613,.T.);
#3611 = VERTEX_POINT('',#3612);
#3612 = CARTESIAN_POINT('',(18.75,-23.5,3.799999952316));
#3613 = LINE('',#3614,#3615);
#3614 = CARTESIAN_POINT('',(18.75,-20.25,3.799999952316));
#3615 = VECTOR('',#3616,1.);
#3616 = DIRECTION('',(0.,-1.,0.));
#3617 = ORIENTED_EDGE('',*,*,#3618,.T.);
#3618 = EDGE_CURVE('',#3611,#3619,#3621,.T.);
#3619 = VERTEX_POINT('',#3620);
#3620 = CARTESIAN_POINT('',(19.75,-23.5,3.799999952316));
#3621 = LINE('',#3622,#3623);
#3622 = CARTESIAN_POINT('',(18.75,-23.5,3.799999952316));
#3623 = VECTOR('',#3624,1.);
#3624 = DIRECTION('',(1.,0.,0.));
#3625 = ORIENTED_EDGE('',*,*,#3626,.F.);
#3626 = EDGE_CURVE('',#3627,#3619,#3629,.T.);
#3627 = VERTEX_POINT('',#3628);
#3628 = CARTESIAN_POINT('',(19.75,-19.25,3.799999952316));
#3629 = LINE('',#3630,#3631);
#3630 = CARTESIAN_POINT('',(19.75,-19.25,3.799999952316));
#3631 = VECTOR('',#3632,1.);
#3632 = DIRECTION('',(0.,-1.,0.));
#3633 = ORIENTED_EDGE('',*,*,#3634,.F.);
#3634 = EDGE_CURVE('',#3635,#3627,#3637,.T.);
#3635 = VERTEX_POINT('',#3636);
#3636 = CARTESIAN_POINT('',(-25.75,-19.25,3.799999952316));
#3637 = LINE('',#3638,#3639);
#3638 = CARTESIAN_POINT('',(-25.75,-19.25,3.799999952316));
#3639 = VECTOR('',#3640,1.);
#3640 = DIRECTION('',(1.,0.,0.));
#3641 = ORIENTED_EDGE('',*,*,#3642,.F.);
#3642 = EDGE_CURVE('',#3330,#3635,#3643,.T.);
#3643 = LINE('',#3644,#3645);
#3644 = CARTESIAN_POINT('',(-25.75,-20.25,3.799999952316));
#3645 = VECTOR('',#3646,1.);
#3646 = DIRECTION('',(0.,1.,0.));
#3647 = ORIENTED_EDGE('',*,*,#3329,.F.);
#3648 = ORIENTED_EDGE('',*,*,#3593,.F.);
#3649 = ORIENTED_EDGE('',*,*,#3311,.F.);
#3650 = PLANE('',#3651);
#3651 = AXIS2_PLACEMENT_3D('',#3652,#3653,#3654);
#3652 = CARTESIAN_POINT('',(-1.54648241206,-19.92148241206,
    3.799999952316));
#3653 = DIRECTION('',(0.,0.,1.));
#3654 = DIRECTION('',(1.,0.,-0.));
#3655 = ADVANCED_FACE('',(#3656),#3681,.T.);
#3656 = FACE_BOUND('',#3657,.T.);
#3657 = EDGE_LOOP('',(#3658,#3666,#3667,#3675));
#3658 = ORIENTED_EDGE('',*,*,#3659,.T.);
#3659 = EDGE_CURVE('',#3660,#3627,#3662,.T.);
#3660 = VERTEX_POINT('',#3661);
#3661 = CARTESIAN_POINT('',(19.75,-19.25,0.799998998642));
#3662 = LINE('',#3663,#3664);
#3663 = CARTESIAN_POINT('',(19.75,-19.25,0.799998998642));
#3664 = VECTOR('',#3665,1.);
#3665 = DIRECTION('',(0.,0.,1.));
#3666 = ORIENTED_EDGE('',*,*,#3626,.T.);
#3667 = ORIENTED_EDGE('',*,*,#3668,.T.);
#3668 = EDGE_CURVE('',#3619,#3669,#3671,.T.);
#3669 = VERTEX_POINT('',#3670);
#3670 = CARTESIAN_POINT('',(19.75,-23.5,0.799998998642));
#3671 = LINE('',#3672,#3673);
#3672 = CARTESIAN_POINT('',(19.75,-23.5,3.799999952316));
#3673 = VECTOR('',#3674,1.);
#3674 = DIRECTION('',(0.,0.,-1.));
#3675 = ORIENTED_EDGE('',*,*,#3676,.F.);
#3676 = EDGE_CURVE('',#3660,#3669,#3677,.T.);
#3677 = LINE('',#3678,#3679);
#3678 = CARTESIAN_POINT('',(19.75,-19.25,0.799998998642));
#3679 = VECTOR('',#3680,1.);
#3680 = DIRECTION('',(0.,-1.,0.));
#3681 = PLANE('',#3682);
#3682 = AXIS2_PLACEMENT_3D('',#3683,#3684,#3685);
#3683 = CARTESIAN_POINT('',(19.75,-21.375,2.299999475479));
#3684 = DIRECTION('',(1.,0.,0.));
#3685 = DIRECTION('',(-0.,0.,1.));
#3686 = ADVANCED_FACE('',(#3687,#4158,#4183,#4217,#4603),#4989,.T.);
#3687 = FACE_BOUND('',#3688,.T.);
#3688 = EDGE_LOOP('',(#3689,#3699,#3707,#3715,#3723,#3731,#3739,#3747,
    #3755,#3763,#3771,#3777,#3778,#3786,#3792,#3793,#3801,#3809,#3817,
    #3825,#3833,#3841,#3849,#3857,#3865,#3873,#3881,#3889,#3897,#3905,
    #3913,#3921,#3929,#3937,#3945,#3953,#3961,#3969,#3977,#3985,#3993,
    #4001,#4009,#4017,#4025,#4033,#4041,#4049,#4057,#4065,#4073,#4081,
    #4089,#4097,#4105,#4113,#4121,#4129,#4135,#4136,#4144,#4152));
#3689 = ORIENTED_EDGE('',*,*,#3690,.F.);
#3690 = EDGE_CURVE('',#3691,#3693,#3695,.T.);
#3691 = VERTEX_POINT('',#3692);
#3692 = CARTESIAN_POINT('',(-24.54999923706,-0.321539014578,
    0.799998998642));
#3693 = VERTEX_POINT('',#3694);
#3694 = CARTESIAN_POINT('',(-24.26840019226,-0.182688996196,
    0.799998998642));
#3695 = LINE('',#3696,#3697);
#3696 = CARTESIAN_POINT('',(-24.54999923706,-0.321539014578,
    0.799998998642));
#3697 = VECTOR('',#3698,1.);
#3698 = DIRECTION('',(0.896897076867,0.44223933962,0.));
#3699 = ORIENTED_EDGE('',*,*,#3700,.F.);
#3700 = EDGE_CURVE('',#3701,#3691,#3703,.T.);
#3701 = VERTEX_POINT('',#3702);
#3702 = CARTESIAN_POINT('',(-24.81100082397,-0.495952010155,
    0.799998998642));
#3703 = LINE('',#3704,#3705);
#3704 = CARTESIAN_POINT('',(-24.81100082397,-0.495952010155,
    0.799998998642));
#3705 = VECTOR('',#3706,1.);
#3706 = DIRECTION('',(0.831444137797,0.555608356419,0.));
#3707 = ORIENTED_EDGE('',*,*,#3708,.F.);
#3708 = EDGE_CURVE('',#3709,#3701,#3711,.T.);
#3709 = VERTEX_POINT('',#3710);
#3710 = CARTESIAN_POINT('',(-25.04710006713,-0.70294302702,
    0.799998998642));
#3711 = LINE('',#3712,#3713);
#3712 = CARTESIAN_POINT('',(-25.04710006713,-0.70294302702,
    0.799998998642));
#3713 = VECTOR('',#3714,1.);
#3714 = DIRECTION('',(0.751938414384,0.659233358511,0.));
#3715 = ORIENTED_EDGE('',*,*,#3716,.T.);
#3716 = EDGE_CURVE('',#3709,#3717,#3719,.T.);
#3717 = VERTEX_POINT('',#3718);
#3718 = CARTESIAN_POINT('',(-25.25399971008,-0.938971996307,
    0.799998998642));
#3719 = LINE('',#3720,#3721);
#3720 = CARTESIAN_POINT('',(-25.04710006713,-0.70294302702,
    0.799998998642));
#3721 = VECTOR('',#3722,1.);
#3722 = DIRECTION('',(-0.659179740193,-0.75198541882,0.));
#3723 = ORIENTED_EDGE('',*,*,#3724,.F.);
#3724 = EDGE_CURVE('',#3725,#3717,#3727,.T.);
#3725 = VERTEX_POINT('',#3726);
#3726 = CARTESIAN_POINT('',(-25.4284992218,-1.200000047684,
    0.799998998642));
#3727 = LINE('',#3728,#3729);
#3728 = CARTESIAN_POINT('',(-25.4284992218,-1.200000047684,
    0.799998998642));
#3729 = VECTOR('',#3730,1.);
#3730 = DIRECTION('',(0.555759893627,0.831342853843,0.));
#3731 = ORIENTED_EDGE('',*,*,#3732,.T.);
#3732 = EDGE_CURVE('',#3725,#3733,#3735,.T.);
#3733 = VERTEX_POINT('',#3734);
#3734 = CARTESIAN_POINT('',(-25.5673007965,-1.481559991837,
    0.799998998642));
#3735 = LINE('',#3736,#3737);
#3736 = CARTESIAN_POINT('',(-25.4284992218,-1.200000047684,
    0.799998998642));
#3737 = VECTOR('',#3738,1.);
#3738 = DIRECTION('',(-0.442164603341,-0.896933923738,0.));
#3739 = ORIENTED_EDGE('',*,*,#3740,.F.);
#3740 = EDGE_CURVE('',#3741,#3733,#3743,.T.);
#3741 = VERTEX_POINT('',#3742);
#3742 = CARTESIAN_POINT('',(-25.66819953918,-1.778830051422,
    0.799998998642));
#3743 = LINE('',#3744,#3745);
#3744 = CARTESIAN_POINT('',(-25.66819953918,-1.778830051422,
    0.799998998642));
#3745 = VECTOR('',#3746,1.);
#3746 = DIRECTION('',(0.321408488061,0.946940644287,0.));
#3747 = ORIENTED_EDGE('',*,*,#3748,.F.);
#3748 = EDGE_CURVE('',#3749,#3741,#3751,.T.);
#3749 = VERTEX_POINT('',#3750);
#3750 = CARTESIAN_POINT('',(-25.72949981689,-2.086740016937,
    0.799998998642));
#3751 = LINE('',#3752,#3753);
#3752 = CARTESIAN_POINT('',(-25.72949981689,-2.086740016937,
    0.799998998642));
#3753 = VECTOR('',#3754,1.);
#3754 = DIRECTION('',(0.195253253382,0.98075285727,0.));
#3755 = ORIENTED_EDGE('',*,*,#3756,.F.);
#3756 = EDGE_CURVE('',#3757,#3749,#3759,.T.);
#3757 = VERTEX_POINT('',#3758);
#3758 = CARTESIAN_POINT('',(-25.75,-2.400000095367,0.799998998642));
#3759 = LINE('',#3760,#3761);
#3760 = CARTESIAN_POINT('',(-25.75,-2.400000095367,0.799998998642));
#3761 = VECTOR('',#3762,1.);
#3762 = DIRECTION('',(6.530173545992E-02,0.997865563764,0.));
#3763 = ORIENTED_EDGE('',*,*,#3764,.F.);
#3764 = EDGE_CURVE('',#3765,#3757,#3767,.T.);
#3765 = VERTEX_POINT('',#3766);
#3766 = CARTESIAN_POINT('',(-25.75,-19.25,0.799998998642));
#3767 = LINE('',#3768,#3769);
#3768 = CARTESIAN_POINT('',(-25.75,-19.25,0.799998998642));
#3769 = VECTOR('',#3770,1.);
#3770 = DIRECTION('',(0.,1.,0.));
#3771 = ORIENTED_EDGE('',*,*,#3772,.T.);
#3772 = EDGE_CURVE('',#3765,#3660,#3773,.T.);
#3773 = LINE('',#3774,#3775);
#3774 = CARTESIAN_POINT('',(-25.75,-19.25,0.799998998642));
#3775 = VECTOR('',#3776,1.);
#3776 = DIRECTION('',(1.,0.,0.));
#3777 = ORIENTED_EDGE('',*,*,#3676,.T.);
#3778 = ORIENTED_EDGE('',*,*,#3779,.T.);
#3779 = EDGE_CURVE('',#3669,#3780,#3782,.T.);
#3780 = VERTEX_POINT('',#3781);
#3781 = CARTESIAN_POINT('',(18.75,-23.5,0.799998998642));
#3782 = LINE('',#3783,#3784);
#3783 = CARTESIAN_POINT('',(19.75,-23.5,0.799998998642));
#3784 = VECTOR('',#3785,1.);
#3785 = DIRECTION('',(-1.,0.,0.));
#3786 = ORIENTED_EDGE('',*,*,#3787,.T.);
#3787 = EDGE_CURVE('',#3780,#3346,#3788,.T.);
#3788 = LINE('',#3789,#3790);
#3789 = CARTESIAN_POINT('',(18.75,-23.5,0.799998998642));
#3790 = VECTOR('',#3791,1.);
#3791 = DIRECTION('',(0.,1.,0.));
#3792 = ORIENTED_EDGE('',*,*,#3345,.T.);
#3793 = ORIENTED_EDGE('',*,*,#3794,.F.);
#3794 = EDGE_CURVE('',#3795,#3338,#3797,.T.);
#3795 = VERTEX_POINT('',#3796);
#3796 = CARTESIAN_POINT('',(-25.75,-33.34999847412,0.799998998642));
#3797 = LINE('',#3798,#3799);
#3798 = CARTESIAN_POINT('',(-25.75,-33.34999847412,0.799998998642));
#3799 = VECTOR('',#3800,1.);
#3800 = DIRECTION('',(0.,1.,0.));
#3801 = ORIENTED_EDGE('',*,*,#3802,.T.);
#3802 = EDGE_CURVE('',#3795,#3803,#3805,.T.);
#3803 = VERTEX_POINT('',#3804);
#3804 = CARTESIAN_POINT('',(-25.72949981689,-33.66329956054,
    0.799998998642));
#3805 = LINE('',#3806,#3807);
#3806 = CARTESIAN_POINT('',(-25.75,-33.34999847412,0.799998998642));
#3807 = VECTOR('',#3808,1.);
#3808 = DIRECTION('',(6.529322455382E-02,-0.997866120693,0.));
#3809 = ORIENTED_EDGE('',*,*,#3810,.T.);
#3810 = EDGE_CURVE('',#3803,#3811,#3813,.T.);
#3811 = VERTEX_POINT('',#3812);
#3812 = CARTESIAN_POINT('',(-25.66819953918,-33.97119903564,
    0.799998998642));
#3813 = LINE('',#3814,#3815);
#3814 = CARTESIAN_POINT('',(-25.72949981689,-33.66329956054,
    0.799998998642));
#3815 = VECTOR('',#3816,1.);
#3816 = DIRECTION('',(0.19525965221,-0.980751583337,0.));
#3817 = ORIENTED_EDGE('',*,*,#3818,.F.);
#3818 = EDGE_CURVE('',#3819,#3811,#3821,.T.);
#3819 = VERTEX_POINT('',#3820);
#3820 = CARTESIAN_POINT('',(-25.5673007965,-34.26839828491,
    0.799998998642));
#3821 = LINE('',#3822,#3823);
#3822 = CARTESIAN_POINT('',(-25.5673007965,-34.26839828491,
    0.799998998642));
#3823 = VECTOR('',#3824,1.);
#3824 = DIRECTION('',(-0.321477153098,0.946917335376,0.));
#3825 = ORIENTED_EDGE('',*,*,#3826,.F.);
#3826 = EDGE_CURVE('',#3827,#3819,#3829,.T.);
#3827 = VERTEX_POINT('',#3828);
#3828 = CARTESIAN_POINT('',(-25.5,-34.40489959716,0.799998998642));
#3829 = LINE('',#3830,#3831);
#3830 = CARTESIAN_POINT('',(-25.5,-34.40489959716,0.799998998642));
#3831 = VECTOR('',#3832,1.);
#3832 = DIRECTION('',(-0.44221362998,0.896909753242,0.));
#3833 = ORIENTED_EDGE('',*,*,#3834,.T.);
#3834 = EDGE_CURVE('',#3827,#3835,#3837,.T.);
#3835 = VERTEX_POINT('',#3836);
#3836 = CARTESIAN_POINT('',(-25.5,-20.5,0.799998998642));
#3837 = LINE('',#3838,#3839);
#3838 = CARTESIAN_POINT('',(-25.5,-34.40489959716,0.799998998642));
#3839 = VECTOR('',#3840,1.);
#3840 = DIRECTION('',(0.,1.,0.));
#3841 = ORIENTED_EDGE('',*,*,#3842,.T.);
#3842 = EDGE_CURVE('',#3835,#3843,#3845,.T.);
#3843 = VERTEX_POINT('',#3844);
#3844 = CARTESIAN_POINT('',(-24.,-20.5,0.799998998642));
#3845 = LINE('',#3846,#3847);
#3846 = CARTESIAN_POINT('',(-25.5,-20.5,0.799998998642));
#3847 = VECTOR('',#3848,1.);
#3848 = DIRECTION('',(1.,0.,0.));
#3849 = ORIENTED_EDGE('',*,*,#3850,.T.);
#3850 = EDGE_CURVE('',#3843,#3851,#3853,.T.);
#3851 = VERTEX_POINT('',#3852);
#3852 = CARTESIAN_POINT('',(-24.,-35.5,0.799998998642));
#3853 = LINE('',#3854,#3855);
#3854 = CARTESIAN_POINT('',(-24.,-20.5,0.799998998642));
#3855 = VECTOR('',#3856,1.);
#3856 = DIRECTION('',(0.,-1.,0.));
#3857 = ORIENTED_EDGE('',*,*,#3858,.T.);
#3858 = EDGE_CURVE('',#3851,#3859,#3861,.T.);
#3859 = VERTEX_POINT('',#3860);
#3860 = CARTESIAN_POINT('',(-24.40489959716,-35.5,0.799998998642));
#3861 = LINE('',#3862,#3863);
#3862 = CARTESIAN_POINT('',(-24.,-35.5,0.799998998642));
#3863 = VECTOR('',#3864,1.);
#3864 = DIRECTION('',(-1.,0.,0.));
#3865 = ORIENTED_EDGE('',*,*,#3866,.F.);
#3866 = EDGE_CURVE('',#3867,#3859,#3869,.T.);
#3867 = VERTEX_POINT('',#3868);
#3868 = CARTESIAN_POINT('',(-24.26840019226,-35.56729888916,
    0.799998998642));
#3869 = LINE('',#3870,#3871);
#3870 = CARTESIAN_POINT('',(-24.26840019226,-35.56729888916,
    0.799998998642));
#3871 = VECTOR('',#3872,1.);
#3872 = DIRECTION('',(-0.896912273239,0.442208518815,0.));
#3873 = ORIENTED_EDGE('',*,*,#3874,.F.);
#3874 = EDGE_CURVE('',#3875,#3867,#3877,.T.);
#3875 = VERTEX_POINT('',#3876);
#3876 = CARTESIAN_POINT('',(-23.97120094299,-35.66820144653,
    0.799998998642));
#3877 = LINE('',#3878,#3879);
#3878 = CARTESIAN_POINT('',(-23.97120094299,-35.66820144653,
    0.799998998642));
#3879 = VECTOR('',#3880,1.);
#3880 = DIRECTION('',(-0.946913635457,0.321488051078,0.));
#3881 = ORIENTED_EDGE('',*,*,#3882,.F.);
#3882 = EDGE_CURVE('',#3883,#3875,#3885,.T.);
#3883 = VERTEX_POINT('',#3884);
#3884 = CARTESIAN_POINT('',(-23.66329956054,-35.72949981689,
    0.799998998642));
#3885 = LINE('',#3886,#3887);
#3886 = CARTESIAN_POINT('',(-23.66329956054,-35.72949981689,
    0.799998998642));
#3887 = VECTOR('',#3888,1.);
#3888 = DIRECTION('',(-0.980752978402,0.195252644939,0.));
#3889 = ORIENTED_EDGE('',*,*,#3890,.F.);
#3890 = EDGE_CURVE('',#3891,#3883,#3893,.T.);
#3891 = VERTEX_POINT('',#3892);
#3892 = CARTESIAN_POINT('',(-23.35000038147,-35.75,0.799998998642));
#3893 = LINE('',#3894,#3895);
#3894 = CARTESIAN_POINT('',(-23.35000038147,-35.75,0.799998998642));
#3895 = VECTOR('',#3896,1.);
#3896 = DIRECTION('',(-0.997866094794,6.529362036083E-02,0.));
#3897 = ORIENTED_EDGE('',*,*,#3898,.F.);
#3898 = EDGE_CURVE('',#3899,#3891,#3901,.T.);
#3899 = VERTEX_POINT('',#3900);
#3900 = CARTESIAN_POINT('',(18.75,-35.75,0.799998998642));
#3901 = LINE('',#3902,#3903);
#3902 = CARTESIAN_POINT('',(18.75,-35.75,0.799998998642));
#3903 = VECTOR('',#3904,1.);
#3904 = DIRECTION('',(-1.,0.,0.));
#3905 = ORIENTED_EDGE('',*,*,#3906,.T.);
#3906 = EDGE_CURVE('',#3899,#3907,#3909,.T.);
#3907 = VERTEX_POINT('',#3908);
#3908 = CARTESIAN_POINT('',(18.75,-32.75,0.799998998642));
#3909 = LINE('',#3910,#3911);
#3910 = CARTESIAN_POINT('',(18.75,-35.75,0.799998998642));
#3911 = VECTOR('',#3912,1.);
#3912 = DIRECTION('',(0.,1.,0.));
#3913 = ORIENTED_EDGE('',*,*,#3914,.T.);
#3914 = EDGE_CURVE('',#3907,#3915,#3917,.T.);
#3915 = VERTEX_POINT('',#3916);
#3916 = CARTESIAN_POINT('',(19.75,-32.75,0.799998998642));
#3917 = LINE('',#3918,#3919);
#3918 = CARTESIAN_POINT('',(18.75,-32.75,0.799998998642));
#3919 = VECTOR('',#3920,1.);
#3920 = DIRECTION('',(1.,0.,0.));
#3921 = ORIENTED_EDGE('',*,*,#3922,.T.);
#3922 = EDGE_CURVE('',#3915,#3923,#3925,.T.);
#3923 = VERTEX_POINT('',#3924);
#3924 = CARTESIAN_POINT('',(19.75,-35.75,0.799998998642));
#3925 = LINE('',#3926,#3927);
#3926 = CARTESIAN_POINT('',(19.75,-32.75,0.799998998642));
#3927 = VECTOR('',#3928,1.);
#3928 = DIRECTION('',(0.,-1.,0.));
#3929 = ORIENTED_EDGE('',*,*,#3930,.F.);
#3930 = EDGE_CURVE('',#3931,#3923,#3933,.T.);
#3931 = VERTEX_POINT('',#3932);
#3932 = CARTESIAN_POINT('',(23.35000038147,-35.75,0.799998998642));
#3933 = LINE('',#3934,#3935);
#3934 = CARTESIAN_POINT('',(23.35000038147,-35.75,0.799998998642));
#3935 = VECTOR('',#3936,1.);
#3936 = DIRECTION('',(-1.,0.,0.));
#3937 = ORIENTED_EDGE('',*,*,#3938,.F.);
#3938 = EDGE_CURVE('',#3939,#3931,#3941,.T.);
#3939 = VERTEX_POINT('',#3940);
#3940 = CARTESIAN_POINT('',(23.663299560547,-35.72949981689,
    0.799998998642));
#3941 = LINE('',#3942,#3943);
#3942 = CARTESIAN_POINT('',(23.663299560547,-35.72949981689,
    0.799998998642));
#3943 = VECTOR('',#3944,1.);
#3944 = DIRECTION('',(-0.997866094794,-6.529362036083E-02,0.));
#3945 = ORIENTED_EDGE('',*,*,#3946,.F.);
#3946 = EDGE_CURVE('',#3947,#3939,#3949,.T.);
#3947 = VERTEX_POINT('',#3948);
#3948 = CARTESIAN_POINT('',(23.971200942993,-35.66820144653,
    0.799998998642));
#3949 = LINE('',#3950,#3951);
#3950 = CARTESIAN_POINT('',(23.971200942993,-35.66820144653,
    0.799998998642));
#3951 = VECTOR('',#3952,1.);
#3952 = DIRECTION('',(-0.980752978402,-0.195252644939,0.));
#3953 = ORIENTED_EDGE('',*,*,#3954,.F.);
#3954 = EDGE_CURVE('',#3955,#3947,#3957,.T.);
#3955 = VERTEX_POINT('',#3956);
#3956 = CARTESIAN_POINT('',(24.268400192261,-35.56729888916,
    0.799998998642));
#3957 = LINE('',#3958,#3959);
#3958 = CARTESIAN_POINT('',(24.268400192261,-35.56729888916,
    0.799998998642));
#3959 = VECTOR('',#3960,1.);
#3960 = DIRECTION('',(-0.946913635457,-0.321488051078,0.));
#3961 = ORIENTED_EDGE('',*,*,#3962,.F.);
#3962 = EDGE_CURVE('',#3963,#3955,#3965,.T.);
#3963 = VERTEX_POINT('',#3964);
#3964 = CARTESIAN_POINT('',(24.549999237061,-35.42850112915,
    0.799998998642));
#3965 = LINE('',#3966,#3967);
#3966 = CARTESIAN_POINT('',(24.549999237061,-35.42850112915,
    0.799998998642));
#3967 = VECTOR('',#3968,1.);
#3968 = DIRECTION('',(-0.89696309048,-0.442105433485,0.));
#3969 = ORIENTED_EDGE('',*,*,#3970,.F.);
#3970 = EDGE_CURVE('',#3971,#3963,#3973,.T.);
#3971 = VERTEX_POINT('',#3972);
#3972 = CARTESIAN_POINT('',(24.811000823975,-35.25400161743,
    0.799998998642));
#3973 = LINE('',#3974,#3975);
#3974 = CARTESIAN_POINT('',(24.811000823975,-35.25400161743,
    0.799998998642));
#3975 = VECTOR('',#3976,1.);
#3976 = DIRECTION('',(-0.831316817732,-0.55579883821,0.));
#3977 = ORIENTED_EDGE('',*,*,#3978,.F.);
#3978 = EDGE_CURVE('',#3979,#3971,#3981,.T.);
#3979 = VERTEX_POINT('',#3980);
#3980 = CARTESIAN_POINT('',(25.047100067139,-35.04710006713,
    0.799998998642));
#3981 = LINE('',#3982,#3983);
#3982 = CARTESIAN_POINT('',(25.047100067139,-35.04710006713,
    0.799998998642));
#3983 = VECTOR('',#3984,1.);
#3984 = DIRECTION('',(-0.752079667623,-0.659072206627,0.));
#3985 = ORIENTED_EDGE('',*,*,#3986,.F.);
#3986 = EDGE_CURVE('',#3987,#3979,#3989,.T.);
#3987 = VERTEX_POINT('',#3988);
#3988 = CARTESIAN_POINT('',(25.253999710083,-34.81100082397,
    0.799998998642));
#3989 = LINE('',#3990,#3991);
#3990 = CARTESIAN_POINT('',(25.253999710083,-34.81100082397,
    0.799998998642));
#3991 = VECTOR('',#3992,1.);
#3992 = DIRECTION('',(-0.659068770022,-0.75208267922,0.));
#3993 = ORIENTED_EDGE('',*,*,#3994,.F.);
#3994 = EDGE_CURVE('',#3995,#3987,#3997,.T.);
#3995 = VERTEX_POINT('',#3996);
#3996 = CARTESIAN_POINT('',(25.428499221802,-34.54999923706,
    0.799998998642));
#3997 = LINE('',#3998,#3999);
#3998 = CARTESIAN_POINT('',(25.428499221802,-34.54999923706,
    0.799998998642));
#3999 = VECTOR('',#4000,1.);
#4000 = DIRECTION('',(-0.55579883821,-0.831316817732,0.));
#4001 = ORIENTED_EDGE('',*,*,#4002,.F.);
#4002 = EDGE_CURVE('',#4003,#3995,#4005,.T.);
#4003 = VERTEX_POINT('',#4004);
#4004 = CARTESIAN_POINT('',(25.567300796509,-34.26839828491,
    0.799998998642));
#4005 = LINE('',#4006,#4007);
#4006 = CARTESIAN_POINT('',(25.567300796509,-34.26839828491,
    0.799998998642));
#4007 = VECTOR('',#4008,1.);
#4008 = DIRECTION('',(-0.442112799991,-0.896959459554,0.));
#4009 = ORIENTED_EDGE('',*,*,#4010,.F.);
#4010 = EDGE_CURVE('',#4011,#4003,#4013,.T.);
#4011 = VERTEX_POINT('',#4012);
#4012 = CARTESIAN_POINT('',(25.668199539185,-33.97119903564,
    0.799998998642));
#4013 = LINE('',#4014,#4015);
#4014 = CARTESIAN_POINT('',(25.668199539185,-33.97119903564,
    0.799998998642));
#4015 = VECTOR('',#4016,1.);
#4016 = DIRECTION('',(-0.321477153098,-0.946917335376,0.));
#4017 = ORIENTED_EDGE('',*,*,#4018,.F.);
#4018 = EDGE_CURVE('',#4019,#4011,#4021,.T.);
#4019 = VERTEX_POINT('',#4020);
#4020 = CARTESIAN_POINT('',(25.729499816895,-33.66329956054,
    0.799998998642));
#4021 = LINE('',#4022,#4023);
#4022 = CARTESIAN_POINT('',(25.729499816895,-33.66329956054,
    0.799998998642));
#4023 = VECTOR('',#4024,1.);
#4024 = DIRECTION('',(-0.19525965221,-0.980751583337,0.));
#4025 = ORIENTED_EDGE('',*,*,#4026,.F.);
#4026 = EDGE_CURVE('',#4027,#4019,#4029,.T.);
#4027 = VERTEX_POINT('',#4028);
#4028 = CARTESIAN_POINT('',(25.75,-33.34999847412,0.799998998642));
#4029 = LINE('',#4030,#4031);
#4030 = CARTESIAN_POINT('',(25.75,-33.34999847412,0.799998998642));
#4031 = VECTOR('',#4032,1.);
#4032 = DIRECTION('',(-6.529322455382E-02,-0.997866120693,0.));
#4033 = ORIENTED_EDGE('',*,*,#4034,.F.);
#4034 = EDGE_CURVE('',#4035,#4027,#4037,.T.);
#4035 = VERTEX_POINT('',#4036);
#4036 = CARTESIAN_POINT('',(25.75,-2.400000095367,0.799998998642));
#4037 = LINE('',#4038,#4039);
#4038 = CARTESIAN_POINT('',(25.75,-2.400000095367,0.799998998642));
#4039 = VECTOR('',#4040,1.);
#4040 = DIRECTION('',(0.,-1.,0.));
#4041 = ORIENTED_EDGE('',*,*,#4042,.F.);
#4042 = EDGE_CURVE('',#4043,#4035,#4045,.T.);
#4043 = VERTEX_POINT('',#4044);
#4044 = CARTESIAN_POINT('',(25.729499816895,-2.086740016937,
    0.799998998642));
#4045 = LINE('',#4046,#4047);
#4046 = CARTESIAN_POINT('',(25.729499816895,-2.086740016937,
    0.799998998642));
#4047 = VECTOR('',#4048,1.);
#4048 = DIRECTION('',(6.530173545992E-02,-0.997865563764,0.));
#4049 = ORIENTED_EDGE('',*,*,#4050,.F.);
#4050 = EDGE_CURVE('',#4051,#4043,#4053,.T.);
#4051 = VERTEX_POINT('',#4052);
#4052 = CARTESIAN_POINT('',(25.668199539185,-1.778830051422,
    0.799998998642));
#4053 = LINE('',#4054,#4055);
#4054 = CARTESIAN_POINT('',(25.668199539185,-1.778830051422,
    0.799998998642));
#4055 = VECTOR('',#4056,1.);
#4056 = DIRECTION('',(0.195253253382,-0.98075285727,0.));
#4057 = ORIENTED_EDGE('',*,*,#4058,.F.);
#4058 = EDGE_CURVE('',#4059,#4051,#4061,.T.);
#4059 = VERTEX_POINT('',#4060);
#4060 = CARTESIAN_POINT('',(25.567300796509,-1.481559991837,
    0.799998998642));
#4061 = LINE('',#4062,#4063);
#4062 = CARTESIAN_POINT('',(25.567300796509,-1.481559991837,
    0.799998998642));
#4063 = VECTOR('',#4064,1.);
#4064 = DIRECTION('',(0.321408488061,-0.946940644287,0.));
#4065 = ORIENTED_EDGE('',*,*,#4066,.F.);
#4066 = EDGE_CURVE('',#4067,#4059,#4069,.T.);
#4067 = VERTEX_POINT('',#4068);
#4068 = CARTESIAN_POINT('',(25.428499221802,-1.200000047684,
    0.799998998642));
#4069 = LINE('',#4070,#4071);
#4070 = CARTESIAN_POINT('',(25.428499221802,-1.200000047684,
    0.799998998642));
#4071 = VECTOR('',#4072,1.);
#4072 = DIRECTION('',(0.442164603341,-0.896933923738,0.));
#4073 = ORIENTED_EDGE('',*,*,#4074,.F.);
#4074 = EDGE_CURVE('',#4075,#4067,#4077,.T.);
#4075 = VERTEX_POINT('',#4076);
#4076 = CARTESIAN_POINT('',(25.253999710083,-0.938971996307,
    0.799998998642));
#4077 = LINE('',#4078,#4079);
#4078 = CARTESIAN_POINT('',(25.253999710083,-0.938971996307,
    0.799998998642));
#4079 = VECTOR('',#4080,1.);
#4080 = DIRECTION('',(0.555759893627,-0.831342853843,0.));
#4081 = ORIENTED_EDGE('',*,*,#4082,.F.);
#4082 = EDGE_CURVE('',#4083,#4075,#4085,.T.);
#4083 = VERTEX_POINT('',#4084);
#4084 = CARTESIAN_POINT('',(25.047100067139,-0.70294302702,
    0.799998998642));
#4085 = LINE('',#4086,#4087);
#4086 = CARTESIAN_POINT('',(25.047100067139,-0.70294302702,
    0.799998998642));
#4087 = VECTOR('',#4088,1.);
#4088 = DIRECTION('',(0.659179740193,-0.75198541882,0.));
#4089 = ORIENTED_EDGE('',*,*,#4090,.F.);
#4090 = EDGE_CURVE('',#4091,#4083,#4093,.T.);
#4091 = VERTEX_POINT('',#4092);
#4092 = CARTESIAN_POINT('',(24.811000823975,-0.495952010155,
    0.799998998642));
#4093 = LINE('',#4094,#4095);
#4094 = CARTESIAN_POINT('',(24.811000823975,-0.495952010155,
    0.799998998642));
#4095 = VECTOR('',#4096,1.);
#4096 = DIRECTION('',(0.751938414384,-0.659233358511,0.));
#4097 = ORIENTED_EDGE('',*,*,#4098,.F.);
#4098 = EDGE_CURVE('',#4099,#4091,#4101,.T.);
#4099 = VERTEX_POINT('',#4100);
#4100 = CARTESIAN_POINT('',(24.549999237061,-0.321539014578,
    0.799998998642));
#4101 = LINE('',#4102,#4103);
#4102 = CARTESIAN_POINT('',(24.549999237061,-0.321539014578,
    0.799998998642));
#4103 = VECTOR('',#4104,1.);
#4104 = DIRECTION('',(0.831444137797,-0.555608356419,0.));
#4105 = ORIENTED_EDGE('',*,*,#4106,.F.);
#4106 = EDGE_CURVE('',#4107,#4099,#4109,.T.);
#4107 = VERTEX_POINT('',#4108);
#4108 = CARTESIAN_POINT('',(24.268400192261,-0.182688996196,
    0.799998998642));
#4109 = LINE('',#4110,#4111);
#4110 = CARTESIAN_POINT('',(24.268400192261,-0.182688996196,
    0.799998998642));
#4111 = VECTOR('',#4112,1.);
#4112 = DIRECTION('',(0.896897076867,-0.44223933962,0.));
#4113 = ORIENTED_EDGE('',*,*,#4114,.F.);
#4114 = EDGE_CURVE('',#4115,#4107,#4117,.T.);
#4115 = VERTEX_POINT('',#4116);
#4116 = CARTESIAN_POINT('',(23.971200942993,-8.177760243416E-02,
    0.799998998642));
#4117 = LINE('',#4118,#4119);
#4118 = CARTESIAN_POINT('',(23.971200942993,-8.177760243416E-02,
    0.799998998642));
#4119 = VECTOR('',#4120,1.);
#4120 = DIRECTION('',(0.946905064569,-0.321513294738,0.));
#4121 = ORIENTED_EDGE('',*,*,#4122,.F.);
#4122 = EDGE_CURVE('',#4123,#4115,#4125,.T.);
#4123 = VERTEX_POINT('',#4124);
#4124 = CARTESIAN_POINT('',(23.663299560547,-2.053170092404E-02,
    0.799998998642));
#4125 = LINE('',#4126,#4127);
#4126 = CARTESIAN_POINT('',(23.663299560547,-2.053170092404E-02,
    0.799998998642));
#4127 = VECTOR('',#4128,1.);
#4128 = DIRECTION('',(0.980784970407,-0.195091880468,0.));
#4129 = ORIENTED_EDGE('',*,*,#4130,.F.);
#4130 = EDGE_CURVE('',#1601,#4123,#4131,.T.);
#4131 = LINE('',#4132,#4133);
#4132 = CARTESIAN_POINT('',(23.35000038147,0.,0.799998998642));
#4133 = VECTOR('',#4134,1.);
#4134 = DIRECTION('',(0.997859549312,-6.539357648823E-02,0.));
#4135 = ORIENTED_EDGE('',*,*,#1600,.F.);
#4136 = ORIENTED_EDGE('',*,*,#4137,.F.);
#4137 = EDGE_CURVE('',#4138,#1593,#4140,.T.);
#4138 = VERTEX_POINT('',#4139);
#4139 = CARTESIAN_POINT('',(-23.66329956054,-2.053170092404E-02,
    0.799998998642));
#4140 = LINE('',#4141,#4142);
#4141 = CARTESIAN_POINT('',(-23.66329956054,-2.053170092404E-02,
    0.799998998642));
#4142 = VECTOR('',#4143,1.);
#4143 = DIRECTION('',(0.997859549312,6.539357648823E-02,0.));
#4144 = ORIENTED_EDGE('',*,*,#4145,.F.);
#4145 = EDGE_CURVE('',#4146,#4138,#4148,.T.);
#4146 = VERTEX_POINT('',#4147);
#4147 = CARTESIAN_POINT('',(-23.97120094299,-8.177760243416E-02,
    0.799998998642));
#4148 = LINE('',#4149,#4150);
#4149 = CARTESIAN_POINT('',(-23.97120094299,-8.177760243416E-02,
    0.799998998642));
#4150 = VECTOR('',#4151,1.);
#4151 = DIRECTION('',(0.980784970407,0.195091880468,0.));
#4152 = ORIENTED_EDGE('',*,*,#4153,.F.);
#4153 = EDGE_CURVE('',#3693,#4146,#4154,.T.);
#4154 = LINE('',#4155,#4156);
#4155 = CARTESIAN_POINT('',(-24.26840019226,-0.182688996196,
    0.799998998642));
#4156 = VECTOR('',#4157,1.);
#4157 = DIRECTION('',(0.946905064569,0.321513294738,0.));
#4158 = FACE_BOUND('',#4159,.T.);
#4159 = EDGE_LOOP('',(#4160,#4168,#4176,#4182));
#4160 = ORIENTED_EDGE('',*,*,#4161,.T.);
#4161 = EDGE_CURVE('',#3115,#4162,#4164,.T.);
#4162 = VERTEX_POINT('',#4163);
#4163 = CARTESIAN_POINT('',(-12.25,-0.25,0.799998998642));
#4164 = LINE('',#4165,#4166);
#4165 = CARTESIAN_POINT('',(-12.25,-18.75,0.799998998642));
#4166 = VECTOR('',#4167,1.);
#4167 = DIRECTION('',(0.,1.,0.));
#4168 = ORIENTED_EDGE('',*,*,#4169,.T.);
#4169 = EDGE_CURVE('',#4162,#4170,#4172,.T.);
#4170 = VERTEX_POINT('',#4171);
#4171 = CARTESIAN_POINT('',(12.25,-0.25,0.799998998642));
#4172 = LINE('',#4173,#4174);
#4173 = CARTESIAN_POINT('',(-12.25,-0.25,0.799998998642));
#4174 = VECTOR('',#4175,1.);
#4175 = DIRECTION('',(1.,0.,0.));
#4176 = ORIENTED_EDGE('',*,*,#4177,.T.);
#4177 = EDGE_CURVE('',#4170,#3123,#4178,.T.);
#4178 = LINE('',#4179,#4180);
#4179 = CARTESIAN_POINT('',(12.25,-0.25,0.799998998642));
#4180 = VECTOR('',#4181,1.);
#4181 = DIRECTION('',(0.,-1.,0.));
#4182 = ORIENTED_EDGE('',*,*,#3122,.T.);
#4183 = FACE_BOUND('',#4184,.T.);
#4184 = EDGE_LOOP('',(#4185,#4195,#4203,#4211));
#4185 = ORIENTED_EDGE('',*,*,#4186,.T.);
#4186 = EDGE_CURVE('',#4187,#4189,#4191,.T.);
#4187 = VERTEX_POINT('',#4188);
#4188 = CARTESIAN_POINT('',(17.,-20.5,0.799998998642));
#4189 = VERTEX_POINT('',#4190);
#4190 = CARTESIAN_POINT('',(18.5,-20.5,0.799998998642));
#4191 = LINE('',#4192,#4193);
#4192 = CARTESIAN_POINT('',(17.,-20.5,0.799998998642));
#4193 = VECTOR('',#4194,1.);
#4194 = DIRECTION('',(1.,0.,0.));
#4195 = ORIENTED_EDGE('',*,*,#4196,.T.);
#4196 = EDGE_CURVE('',#4189,#4197,#4199,.T.);
#4197 = VERTEX_POINT('',#4198);
#4198 = CARTESIAN_POINT('',(18.5,-35.5,0.799998998642));
#4199 = LINE('',#4200,#4201);
#4200 = CARTESIAN_POINT('',(18.5,-20.5,0.799998998642));
#4201 = VECTOR('',#4202,1.);
#4202 = DIRECTION('',(0.,-1.,0.));
#4203 = ORIENTED_EDGE('',*,*,#4204,.T.);
#4204 = EDGE_CURVE('',#4197,#4205,#4207,.T.);
#4205 = VERTEX_POINT('',#4206);
#4206 = CARTESIAN_POINT('',(17.,-35.5,0.799998998642));
#4207 = LINE('',#4208,#4209);
#4208 = CARTESIAN_POINT('',(18.5,-35.5,0.799998998642));
#4209 = VECTOR('',#4210,1.);
#4210 = DIRECTION('',(-1.,0.,0.));
#4211 = ORIENTED_EDGE('',*,*,#4212,.T.);
#4212 = EDGE_CURVE('',#4205,#4187,#4213,.T.);
#4213 = LINE('',#4214,#4215);
#4214 = CARTESIAN_POINT('',(17.,-35.5,0.799998998642));
#4215 = VECTOR('',#4216,1.);
#4216 = DIRECTION('',(0.,1.,0.));
#4217 = FACE_BOUND('',#4218,.T.);
#4218 = EDGE_LOOP('',(#4219,#4229,#4237,#4245,#4253,#4261,#4269,#4277,
    #4285,#4293,#4301,#4309,#4317,#4325,#4333,#4341,#4349,#4357,#4365,
    #4373,#4381,#4389,#4397,#4405,#4413,#4421,#4429,#4437,#4445,#4453,
    #4461,#4469,#4477,#4485,#4493,#4501,#4509,#4517,#4525,#4533,#4541,
    #4549,#4557,#4565,#4573,#4581,#4589,#4597));
#4219 = ORIENTED_EDGE('',*,*,#4220,.T.);
#4220 = EDGE_CURVE('',#4221,#4223,#4225,.T.);
#4221 = VERTEX_POINT('',#4222);
#4222 = CARTESIAN_POINT('',(-24.22649955749,-5.641049861908,
    0.799998998642));
#4223 = VERTEX_POINT('',#4224);
#4224 = CARTESIAN_POINT('',(-24.15629959106,-5.288249969482,
    0.799998998642));
#4225 = LINE('',#4226,#4227);
#4226 = CARTESIAN_POINT('',(-24.22649955749,-5.641049861908,
    0.799998998642));
#4227 = VECTOR('',#4228,1.);
#4228 = DIRECTION('',(0.195153711606,0.9807726693,0.));
#4229 = ORIENTED_EDGE('',*,*,#4230,.T.);
#4230 = EDGE_CURVE('',#4223,#4231,#4233,.T.);
#4231 = VERTEX_POINT('',#4232);
#4232 = CARTESIAN_POINT('',(-24.04070091247,-4.947619915009,
    0.799998998642));
#4233 = LINE('',#4234,#4235);
#4234 = CARTESIAN_POINT('',(-24.15629959106,-5.288249969482,
    0.799998998642));
#4235 = VECTOR('',#4236,1.);
#4236 = DIRECTION('',(0.32136556838,0.946955210905,0.));
#4237 = ORIENTED_EDGE('',*,*,#4238,.T.);
#4238 = EDGE_CURVE('',#4231,#4239,#4241,.T.);
#4239 = VERTEX_POINT('',#4240);
#4240 = CARTESIAN_POINT('',(-23.88159942627,-4.625,0.799998998642));
#4241 = LINE('',#4242,#4243);
#4242 = CARTESIAN_POINT('',(-24.04070091247,-4.947619915009,
    0.799998998642));
#4243 = VECTOR('',#4244,1.);
#4244 = DIRECTION('',(0.44229528856,0.896869487561,0.));
#4245 = ORIENTED_EDGE('',*,*,#4246,.T.);
#4246 = EDGE_CURVE('',#4239,#4247,#4249,.T.);
#4247 = VERTEX_POINT('',#4248);
#4248 = CARTESIAN_POINT('',(-23.6816997528,-4.3259100914,0.799998998642)
  );
#4249 = LINE('',#4250,#4251);
#4250 = CARTESIAN_POINT('',(-23.88159942627,-4.625,0.799998998642));
#4251 = VECTOR('',#4252,1.);
#4252 = DIRECTION('',(0.555674361061,0.831400026738,0.));
#4253 = ORIENTED_EDGE('',*,*,#4254,.T.);
#4254 = EDGE_CURVE('',#4247,#4255,#4257,.T.);
#4255 = VERTEX_POINT('',#4256);
#4256 = CARTESIAN_POINT('',(-23.44449996948,-4.055459976196,
    0.799998998642));
#4257 = LINE('',#4258,#4259);
#4258 = CARTESIAN_POINT('',(-23.6816997528,-4.3259100914,0.799998998642)
  );
#4259 = VECTOR('',#4260,1.);
#4260 = DIRECTION('',(0.659379437904,0.751810319741,0.));
#4261 = ORIENTED_EDGE('',*,*,#4262,.T.);
#4262 = EDGE_CURVE('',#4255,#4263,#4265,.T.);
#4263 = VERTEX_POINT('',#4264);
#4264 = CARTESIAN_POINT('',(-23.17410087585,-3.818279981613,
    0.799998998642));
#4265 = LINE('',#4266,#4267);
#4266 = CARTESIAN_POINT('',(-23.44449996948,-4.055459976196,
    0.799998998642));
#4267 = VECTOR('',#4268,1.);
#4268 = DIRECTION('',(0.751775917666,0.659418660349,0.));
#4269 = ORIENTED_EDGE('',*,*,#4270,.T.);
#4270 = EDGE_CURVE('',#4263,#4271,#4273,.T.);
#4271 = VERTEX_POINT('',#4272);
#4272 = CARTESIAN_POINT('',(-22.875,-3.618429899216,0.799998998642));
#4273 = LINE('',#4274,#4275);
#4274 = CARTESIAN_POINT('',(-23.17410087585,-3.818279981613,
    0.799998998642));
#4275 = VECTOR('',#4276,1.);
#4276 = DIRECTION('',(0.831473122423,0.555564979717,0.));
#4277 = ORIENTED_EDGE('',*,*,#4278,.T.);
#4278 = EDGE_CURVE('',#4271,#4279,#4281,.T.);
#4279 = VERTEX_POINT('',#4280);
#4280 = CARTESIAN_POINT('',(-22.55240058898,-3.45933008194,
    0.799998998642));
#4281 = LINE('',#4282,#4283);
#4282 = CARTESIAN_POINT('',(-22.875,-3.618429899216,0.799998998642));
#4283 = VECTOR('',#4284,1.);
#4284 = DIRECTION('',(0.896860176613,0.442314168443,0.));
#4285 = ORIENTED_EDGE('',*,*,#4286,.T.);
#4286 = EDGE_CURVE('',#4279,#4287,#4289,.T.);
#4287 = VERTEX_POINT('',#4288);
#4288 = CARTESIAN_POINT('',(-22.21179962158,-3.343699932098,
    0.799998998642));
#4289 = LINE('',#4290,#4291);
#4290 = CARTESIAN_POINT('',(-22.55240058898,-3.45933008194,
    0.799998998642));
#4291 = VECTOR('',#4292,1.);
#4292 = DIRECTION('',(0.946920227494,0.32146863418,0.));
#4293 = ORIENTED_EDGE('',*,*,#4294,.T.);
#4294 = EDGE_CURVE('',#4287,#4295,#4297,.T.);
#4295 = VERTEX_POINT('',#4296);
#4296 = CARTESIAN_POINT('',(-21.85890007019,-3.273530006409,
    0.799998998642));
#4297 = LINE('',#4298,#4299);
#4298 = CARTESIAN_POINT('',(-22.21179962158,-3.343699932098,
    0.799998998642));
#4299 = VECTOR('',#4300,1.);
#4300 = DIRECTION('',(0.980799189235,0.195020384565,0.));
#4301 = ORIENTED_EDGE('',*,*,#4302,.T.);
#4302 = EDGE_CURVE('',#4295,#4303,#4305,.T.);
#4303 = VERTEX_POINT('',#4304);
#4304 = CARTESIAN_POINT('',(-21.5,-3.25,0.799998998642));
#4305 = LINE('',#4306,#4307);
#4306 = CARTESIAN_POINT('',(-21.85890007019,-3.273530006409,
    0.799998998642));
#4307 = VECTOR('',#4308,1.);
#4308 = DIRECTION('',(0.997857752166,6.542099390217E-02,0.));
#4309 = ORIENTED_EDGE('',*,*,#4310,.T.);
#4310 = EDGE_CURVE('',#4303,#4311,#4313,.T.);
#4311 = VERTEX_POINT('',#4312);
#4312 = CARTESIAN_POINT('',(-21.14109992981,-3.273530006409,
    0.799998998642));
#4313 = LINE('',#4314,#4315);
#4314 = CARTESIAN_POINT('',(-21.5,-3.25,0.799998998642));
#4315 = VECTOR('',#4316,1.);
#4316 = DIRECTION('',(0.997857752166,-6.542099390217E-02,0.));
#4317 = ORIENTED_EDGE('',*,*,#4318,.T.);
#4318 = EDGE_CURVE('',#4311,#4319,#4321,.T.);
#4319 = VERTEX_POINT('',#4320);
#4320 = CARTESIAN_POINT('',(-20.78820037841,-3.343699932098,
    0.799998998642));
#4321 = LINE('',#4322,#4323);
#4322 = CARTESIAN_POINT('',(-21.14109992981,-3.273530006409,
    0.799998998642));
#4323 = VECTOR('',#4324,1.);
#4324 = DIRECTION('',(0.980799189235,-0.195020384565,0.));
#4325 = ORIENTED_EDGE('',*,*,#4326,.T.);
#4326 = EDGE_CURVE('',#4319,#4327,#4329,.T.);
#4327 = VERTEX_POINT('',#4328);
#4328 = CARTESIAN_POINT('',(-20.44759941101,-3.45933008194,
    0.799998998642));
#4329 = LINE('',#4330,#4331);
#4330 = CARTESIAN_POINT('',(-20.78820037841,-3.343699932098,
    0.799998998642));
#4331 = VECTOR('',#4332,1.);
#4332 = DIRECTION('',(0.946920227494,-0.32146863418,0.));
#4333 = ORIENTED_EDGE('',*,*,#4334,.T.);
#4334 = EDGE_CURVE('',#4327,#4335,#4337,.T.);
#4335 = VERTEX_POINT('',#4336);
#4336 = CARTESIAN_POINT('',(-20.125,-3.618429899216,0.799998998642));
#4337 = LINE('',#4338,#4339);
#4338 = CARTESIAN_POINT('',(-20.44759941101,-3.45933008194,
    0.799998998642));
#4339 = VECTOR('',#4340,1.);
#4340 = DIRECTION('',(0.896860176613,-0.442314168443,0.));
#4341 = ORIENTED_EDGE('',*,*,#4342,.T.);
#4342 = EDGE_CURVE('',#4335,#4343,#4345,.T.);
#4343 = VERTEX_POINT('',#4344);
#4344 = CARTESIAN_POINT('',(-19.82589912414,-3.818279981613,
    0.799998998642));
#4345 = LINE('',#4346,#4347);
#4346 = CARTESIAN_POINT('',(-20.125,-3.618429899216,0.799998998642));
#4347 = VECTOR('',#4348,1.);
#4348 = DIRECTION('',(0.831473122423,-0.555564979717,0.));
#4349 = ORIENTED_EDGE('',*,*,#4350,.T.);
#4350 = EDGE_CURVE('',#4343,#4351,#4353,.T.);
#4351 = VERTEX_POINT('',#4352);
#4352 = CARTESIAN_POINT('',(-19.55550003051,-4.055459976196,
    0.799998998642));
#4353 = LINE('',#4354,#4355);
#4354 = CARTESIAN_POINT('',(-19.82589912414,-3.818279981613,
    0.799998998642));
#4355 = VECTOR('',#4356,1.);
#4356 = DIRECTION('',(0.751775917666,-0.659418660349,0.));
#4357 = ORIENTED_EDGE('',*,*,#4358,.T.);
#4358 = EDGE_CURVE('',#4351,#4359,#4361,.T.);
#4359 = VERTEX_POINT('',#4360);
#4360 = CARTESIAN_POINT('',(-19.31830024719,-4.3259100914,0.799998998642
    ));
#4361 = LINE('',#4362,#4363);
#4362 = CARTESIAN_POINT('',(-19.55550003051,-4.055459976196,
    0.799998998642));
#4363 = VECTOR('',#4364,1.);
#4364 = DIRECTION('',(0.659379437904,-0.751810319741,0.));
#4365 = ORIENTED_EDGE('',*,*,#4366,.T.);
#4366 = EDGE_CURVE('',#4359,#4367,#4369,.T.);
#4367 = VERTEX_POINT('',#4368);
#4368 = CARTESIAN_POINT('',(-19.11840057373,-4.625,0.799998998642));
#4369 = LINE('',#4370,#4371);
#4370 = CARTESIAN_POINT('',(-19.31830024719,-4.3259100914,0.799998998642
    ));
#4371 = VECTOR('',#4372,1.);
#4372 = DIRECTION('',(0.555674361061,-0.831400026738,0.));
#4373 = ORIENTED_EDGE('',*,*,#4374,.T.);
#4374 = EDGE_CURVE('',#4367,#4375,#4377,.T.);
#4375 = VERTEX_POINT('',#4376);
#4376 = CARTESIAN_POINT('',(-18.95929908752,-4.947619915009,
    0.799998998642));
#4377 = LINE('',#4378,#4379);
#4378 = CARTESIAN_POINT('',(-19.11840057373,-4.625,0.799998998642));
#4379 = VECTOR('',#4380,1.);
#4380 = DIRECTION('',(0.44229528856,-0.896869487561,0.));
#4381 = ORIENTED_EDGE('',*,*,#4382,.T.);
#4382 = EDGE_CURVE('',#4375,#4383,#4385,.T.);
#4383 = VERTEX_POINT('',#4384);
#4384 = CARTESIAN_POINT('',(-18.84370040893,-5.288249969482,
    0.799998998642));
#4385 = LINE('',#4386,#4387);
#4386 = CARTESIAN_POINT('',(-18.95929908752,-4.947619915009,
    0.799998998642));
#4387 = VECTOR('',#4388,1.);
#4388 = DIRECTION('',(0.32136556838,-0.946955210905,0.));
#4389 = ORIENTED_EDGE('',*,*,#4390,.T.);
#4390 = EDGE_CURVE('',#4383,#4391,#4393,.T.);
#4391 = VERTEX_POINT('',#4392);
#4392 = CARTESIAN_POINT('',(-18.7735004425,-5.641049861908,
    0.799998998642));
#4393 = LINE('',#4394,#4395);
#4394 = CARTESIAN_POINT('',(-18.84370040893,-5.288249969482,
    0.799998998642));
#4395 = VECTOR('',#4396,1.);
#4396 = DIRECTION('',(0.195153711606,-0.9807726693,0.));
#4397 = ORIENTED_EDGE('',*,*,#4398,.T.);
#4398 = EDGE_CURVE('',#4391,#4399,#4401,.T.);
#4399 = VERTEX_POINT('',#4400);
#4400 = CARTESIAN_POINT('',(-18.75,-6.,0.799998998642));
#4401 = LINE('',#4402,#4403);
#4402 = CARTESIAN_POINT('',(-18.7735004425,-5.641049861908,
    0.799998998642));
#4403 = VECTOR('',#4404,1.);
#4404 = DIRECTION('',(6.533007298353E-02,-0.997863708912,0.));
#4405 = ORIENTED_EDGE('',*,*,#4406,.T.);
#4406 = EDGE_CURVE('',#4399,#4407,#4409,.T.);
#4407 = VERTEX_POINT('',#4408);
#4408 = CARTESIAN_POINT('',(-18.7735004425,-6.358950138092,
    0.799998998642));
#4409 = LINE('',#4410,#4411);
#4410 = CARTESIAN_POINT('',(-18.75,-6.,0.799998998642));
#4411 = VECTOR('',#4412,1.);
#4412 = DIRECTION('',(-6.533007298353E-02,-0.997863708912,0.));
#4413 = ORIENTED_EDGE('',*,*,#4414,.T.);
#4414 = EDGE_CURVE('',#4407,#4415,#4417,.T.);
#4415 = VERTEX_POINT('',#4416);
#4416 = CARTESIAN_POINT('',(-18.84370040893,-6.711750030518,
    0.799998998642));
#4417 = LINE('',#4418,#4419);
#4418 = CARTESIAN_POINT('',(-18.7735004425,-6.358950138092,
    0.799998998642));
#4419 = VECTOR('',#4420,1.);
#4420 = DIRECTION('',(-0.195153711606,-0.9807726693,0.));
#4421 = ORIENTED_EDGE('',*,*,#4422,.T.);
#4422 = EDGE_CURVE('',#4415,#4423,#4425,.T.);
#4423 = VERTEX_POINT('',#4424);
#4424 = CARTESIAN_POINT('',(-18.95929908752,-7.052380084991,
    0.799998998642));
#4425 = LINE('',#4426,#4427);
#4426 = CARTESIAN_POINT('',(-18.84370040893,-6.711750030518,
    0.799998998642));
#4427 = VECTOR('',#4428,1.);
#4428 = DIRECTION('',(-0.32136556838,-0.946955210905,0.));
#4429 = ORIENTED_EDGE('',*,*,#4430,.T.);
#4430 = EDGE_CURVE('',#4423,#4431,#4433,.T.);
#4431 = VERTEX_POINT('',#4432);
#4432 = CARTESIAN_POINT('',(-19.11840057373,-7.375,0.799998998642));
#4433 = LINE('',#4434,#4435);
#4434 = CARTESIAN_POINT('',(-18.95929908752,-7.052380084991,
    0.799998998642));
#4435 = VECTOR('',#4436,1.);
#4436 = DIRECTION('',(-0.44229528856,-0.896869487561,0.));
#4437 = ORIENTED_EDGE('',*,*,#4438,.T.);
#4438 = EDGE_CURVE('',#4431,#4439,#4441,.T.);
#4439 = VERTEX_POINT('',#4440);
#4440 = CARTESIAN_POINT('',(-19.31830024719,-7.6740899086,0.799998998642
    ));
#4441 = LINE('',#4442,#4443);
#4442 = CARTESIAN_POINT('',(-19.11840057373,-7.375,0.799998998642));
#4443 = VECTOR('',#4444,1.);
#4444 = DIRECTION('',(-0.555674361061,-0.831400026738,0.));
#4445 = ORIENTED_EDGE('',*,*,#4446,.T.);
#4446 = EDGE_CURVE('',#4439,#4447,#4449,.T.);
#4447 = VERTEX_POINT('',#4448);
#4448 = CARTESIAN_POINT('',(-19.55550003051,-7.944540023804,
    0.799998998642));
#4449 = LINE('',#4450,#4451);
#4450 = CARTESIAN_POINT('',(-19.31830024719,-7.6740899086,0.799998998642
    ));
#4451 = VECTOR('',#4452,1.);
#4452 = DIRECTION('',(-0.659379437904,-0.751810319741,0.));
#4453 = ORIENTED_EDGE('',*,*,#4454,.T.);
#4454 = EDGE_CURVE('',#4447,#4455,#4457,.T.);
#4455 = VERTEX_POINT('',#4456);
#4456 = CARTESIAN_POINT('',(-19.82589912414,-8.181719779968,
    0.799998998642));
#4457 = LINE('',#4458,#4459);
#4458 = CARTESIAN_POINT('',(-19.55550003051,-7.944540023804,
    0.799998998642));
#4459 = VECTOR('',#4460,1.);
#4460 = DIRECTION('',(-0.75177624627,-0.659418285721,0.));
#4461 = ORIENTED_EDGE('',*,*,#4462,.T.);
#4462 = EDGE_CURVE('',#4455,#4463,#4465,.T.);
#4463 = VERTEX_POINT('',#4464);
#4464 = CARTESIAN_POINT('',(-20.125,-8.381569862366,0.799998998642));
#4465 = LINE('',#4466,#4467);
#4466 = CARTESIAN_POINT('',(-19.82589912414,-8.181719779968,
    0.799998998642));
#4467 = VECTOR('',#4468,1.);
#4468 = DIRECTION('',(-0.831473122423,-0.555564979717,0.));
#4469 = ORIENTED_EDGE('',*,*,#4470,.T.);
#4470 = EDGE_CURVE('',#4463,#4471,#4473,.T.);
#4471 = VERTEX_POINT('',#4472);
#4472 = CARTESIAN_POINT('',(-20.44759941101,-8.540670394897,
    0.799998998642));
#4473 = LINE('',#4474,#4475);
#4474 = CARTESIAN_POINT('',(-20.125,-8.381569862366,0.799998998642));
#4475 = VECTOR('',#4476,1.);
#4476 = DIRECTION('',(-0.896859387792,-0.442315767895,0.));
#4477 = ORIENTED_EDGE('',*,*,#4478,.T.);
#4478 = EDGE_CURVE('',#4471,#4479,#4481,.T.);
#4479 = VERTEX_POINT('',#4480);
#4480 = CARTESIAN_POINT('',(-20.78820037841,-8.656299591064,
    0.799998998642));
#4481 = LINE('',#4482,#4483);
#4482 = CARTESIAN_POINT('',(-20.44759941101,-8.540670394897,
    0.799998998642));
#4483 = VECTOR('',#4484,1.);
#4484 = DIRECTION('',(-0.946921034578,-0.321466256821,0.));
#4485 = ORIENTED_EDGE('',*,*,#4486,.T.);
#4486 = EDGE_CURVE('',#4479,#4487,#4489,.T.);
#4487 = VERTEX_POINT('',#4488);
#4488 = CARTESIAN_POINT('',(-21.14109992981,-8.726469993591,
    0.799998998642));
#4489 = LINE('',#4490,#4491);
#4490 = CARTESIAN_POINT('',(-20.78820037841,-8.656299591064,
    0.799998998642));
#4491 = VECTOR('',#4492,1.);
#4492 = DIRECTION('',(-0.980798935745,-0.195021659415,0.));
#4493 = ORIENTED_EDGE('',*,*,#4494,.T.);
#4494 = EDGE_CURVE('',#4487,#4495,#4497,.T.);
#4495 = VERTEX_POINT('',#4496);
#4496 = CARTESIAN_POINT('',(-21.5,-8.75,0.799998998642));
#4497 = LINE('',#4498,#4499);
#4498 = CARTESIAN_POINT('',(-21.14109992981,-8.726469993591,
    0.799998998642));
#4499 = VECTOR('',#4500,1.);
#4500 = DIRECTION('',(-0.997857752166,-6.542099390217E-02,0.));
#4501 = ORIENTED_EDGE('',*,*,#4502,.T.);
#4502 = EDGE_CURVE('',#4495,#4503,#4505,.T.);
#4503 = VERTEX_POINT('',#4504);
#4504 = CARTESIAN_POINT('',(-21.85890007019,-8.726469993591,
    0.799998998642));
#4505 = LINE('',#4506,#4507);
#4506 = CARTESIAN_POINT('',(-21.5,-8.75,0.799998998642));
#4507 = VECTOR('',#4508,1.);
#4508 = DIRECTION('',(-0.997857752166,6.542099390217E-02,0.));
#4509 = ORIENTED_EDGE('',*,*,#4510,.T.);
#4510 = EDGE_CURVE('',#4503,#4511,#4513,.T.);
#4511 = VERTEX_POINT('',#4512);
#4512 = CARTESIAN_POINT('',(-22.21179962158,-8.656299591064,
    0.799998998642));
#4513 = LINE('',#4514,#4515);
#4514 = CARTESIAN_POINT('',(-21.85890007019,-8.726469993591,
    0.799998998642));
#4515 = VECTOR('',#4516,1.);
#4516 = DIRECTION('',(-0.980798935745,0.195021659415,0.));
#4517 = ORIENTED_EDGE('',*,*,#4518,.T.);
#4518 = EDGE_CURVE('',#4511,#4519,#4521,.T.);
#4519 = VERTEX_POINT('',#4520);
#4520 = CARTESIAN_POINT('',(-22.55240058898,-8.540670394897,
    0.799998998642));
#4521 = LINE('',#4522,#4523);
#4522 = CARTESIAN_POINT('',(-22.21179962158,-8.656299591064,
    0.799998998642));
#4523 = VECTOR('',#4524,1.);
#4524 = DIRECTION('',(-0.946921034578,0.321466256821,0.));
#4525 = ORIENTED_EDGE('',*,*,#4526,.T.);
#4526 = EDGE_CURVE('',#4519,#4527,#4529,.T.);
#4527 = VERTEX_POINT('',#4528);
#4528 = CARTESIAN_POINT('',(-22.875,-8.381569862366,0.799998998642));
#4529 = LINE('',#4530,#4531);
#4530 = CARTESIAN_POINT('',(-22.55240058898,-8.540670394897,
    0.799998998642));
#4531 = VECTOR('',#4532,1.);
#4532 = DIRECTION('',(-0.896859387792,0.442315767895,0.));
#4533 = ORIENTED_EDGE('',*,*,#4534,.T.);
#4534 = EDGE_CURVE('',#4527,#4535,#4537,.T.);
#4535 = VERTEX_POINT('',#4536);
#4536 = CARTESIAN_POINT('',(-23.17410087585,-8.181719779968,
    0.799998998642));
#4537 = LINE('',#4538,#4539);
#4538 = CARTESIAN_POINT('',(-22.875,-8.381569862366,0.799998998642));
#4539 = VECTOR('',#4540,1.);
#4540 = DIRECTION('',(-0.831473122423,0.555564979717,0.));
#4541 = ORIENTED_EDGE('',*,*,#4542,.T.);
#4542 = EDGE_CURVE('',#4535,#4543,#4545,.T.);
#4543 = VERTEX_POINT('',#4544);
#4544 = CARTESIAN_POINT('',(-23.44449996948,-7.944540023804,
    0.799998998642));
#4545 = LINE('',#4546,#4547);
#4546 = CARTESIAN_POINT('',(-23.17410087585,-8.181719779968,
    0.799998998642));
#4547 = VECTOR('',#4548,1.);
#4548 = DIRECTION('',(-0.75177624627,0.659418285721,0.));
#4549 = ORIENTED_EDGE('',*,*,#4550,.T.);
#4550 = EDGE_CURVE('',#4543,#4551,#4553,.T.);
#4551 = VERTEX_POINT('',#4552);
#4552 = CARTESIAN_POINT('',(-23.6816997528,-7.6740899086,0.799998998642)
  );
#4553 = LINE('',#4554,#4555);
#4554 = CARTESIAN_POINT('',(-23.44449996948,-7.944540023804,
    0.799998998642));
#4555 = VECTOR('',#4556,1.);
#4556 = DIRECTION('',(-0.659379437904,0.751810319741,0.));
#4557 = ORIENTED_EDGE('',*,*,#4558,.T.);
#4558 = EDGE_CURVE('',#4551,#4559,#4561,.T.);
#4559 = VERTEX_POINT('',#4560);
#4560 = CARTESIAN_POINT('',(-23.88159942627,-7.375,0.799998998642));
#4561 = LINE('',#4562,#4563);
#4562 = CARTESIAN_POINT('',(-23.6816997528,-7.6740899086,0.799998998642)
  );
#4563 = VECTOR('',#4564,1.);
#4564 = DIRECTION('',(-0.555674361061,0.831400026738,0.));
#4565 = ORIENTED_EDGE('',*,*,#4566,.T.);
#4566 = EDGE_CURVE('',#4559,#4567,#4569,.T.);
#4567 = VERTEX_POINT('',#4568);
#4568 = CARTESIAN_POINT('',(-24.04070091247,-7.052380084991,
    0.799998998642));
#4569 = LINE('',#4570,#4571);
#4570 = CARTESIAN_POINT('',(-23.88159942627,-7.375,0.799998998642));
#4571 = VECTOR('',#4572,1.);
#4572 = DIRECTION('',(-0.44229528856,0.896869487561,0.));
#4573 = ORIENTED_EDGE('',*,*,#4574,.T.);
#4574 = EDGE_CURVE('',#4567,#4575,#4577,.T.);
#4575 = VERTEX_POINT('',#4576);
#4576 = CARTESIAN_POINT('',(-24.15629959106,-6.711750030518,
    0.799998998642));
#4577 = LINE('',#4578,#4579);
#4578 = CARTESIAN_POINT('',(-24.04070091247,-7.052380084991,
    0.799998998642));
#4579 = VECTOR('',#4580,1.);
#4580 = DIRECTION('',(-0.32136556838,0.946955210905,0.));
#4581 = ORIENTED_EDGE('',*,*,#4582,.T.);
#4582 = EDGE_CURVE('',#4575,#4583,#4585,.T.);
#4583 = VERTEX_POINT('',#4584);
#4584 = CARTESIAN_POINT('',(-24.22649955749,-6.358950138092,
    0.799998998642));
#4585 = LINE('',#4586,#4587);
#4586 = CARTESIAN_POINT('',(-24.15629959106,-6.711750030518,
    0.799998998642));
#4587 = VECTOR('',#4588,1.);
#4588 = DIRECTION('',(-0.195153711606,0.9807726693,0.));
#4589 = ORIENTED_EDGE('',*,*,#4590,.T.);
#4590 = EDGE_CURVE('',#4583,#4591,#4593,.T.);
#4591 = VERTEX_POINT('',#4592);
#4592 = CARTESIAN_POINT('',(-24.25,-6.,0.799998998642));
#4593 = LINE('',#4594,#4595);
#4594 = CARTESIAN_POINT('',(-24.22649955749,-6.358950138092,
    0.799998998642));
#4595 = VECTOR('',#4596,1.);
#4596 = DIRECTION('',(-6.533007298353E-02,0.997863708912,0.));
#4597 = ORIENTED_EDGE('',*,*,#4598,.T.);
#4598 = EDGE_CURVE('',#4591,#4221,#4599,.T.);
#4599 = LINE('',#4600,#4601);
#4600 = CARTESIAN_POINT('',(-24.25,-6.,0.799998998642));
#4601 = VECTOR('',#4602,1.);
#4602 = DIRECTION('',(6.533007298353E-02,0.997863708912,0.));
#4603 = FACE_BOUND('',#4604,.T.);
#4604 = EDGE_LOOP('',(#4605,#4615,#4623,#4631,#4639,#4647,#4655,#4663,
    #4671,#4679,#4687,#4695,#4703,#4711,#4719,#4727,#4735,#4743,#4751,
    #4759,#4767,#4775,#4783,#4791,#4799,#4807,#4815,#4823,#4831,#4839,
    #4847,#4855,#4863,#4871,#4879,#4887,#4895,#4903,#4911,#4919,#4927,
    #4935,#4943,#4951,#4959,#4967,#4975,#4983));
#4605 = ORIENTED_EDGE('',*,*,#4606,.T.);
#4606 = EDGE_CURVE('',#4607,#4609,#4611,.T.);
#4607 = VERTEX_POINT('',#4608);
#4608 = CARTESIAN_POINT('',(19.825899124146,-8.181719779968,
    0.799998998642));
#4609 = VERTEX_POINT('',#4610);
#4610 = CARTESIAN_POINT('',(19.555500030518,-7.944540023804,
    0.799998998642));
#4611 = LINE('',#4612,#4613);
#4612 = CARTESIAN_POINT('',(19.825899124146,-8.181719779968,
    0.799998998642));
#4613 = VECTOR('',#4614,1.);
#4614 = DIRECTION('',(-0.75177624627,0.659418285721,0.));
#4615 = ORIENTED_EDGE('',*,*,#4616,.T.);
#4616 = EDGE_CURVE('',#4609,#4617,#4619,.T.);
#4617 = VERTEX_POINT('',#4618);
#4618 = CARTESIAN_POINT('',(19.318300247192,-7.6740899086,0.799998998642
    ));
#4619 = LINE('',#4620,#4621);
#4620 = CARTESIAN_POINT('',(19.555500030518,-7.944540023804,
    0.799998998642));
#4621 = VECTOR('',#4622,1.);
#4622 = DIRECTION('',(-0.659379437904,0.751810319741,0.));
#4623 = ORIENTED_EDGE('',*,*,#4624,.T.);
#4624 = EDGE_CURVE('',#4617,#4625,#4627,.T.);
#4625 = VERTEX_POINT('',#4626);
#4626 = CARTESIAN_POINT('',(19.11840057373,-7.375,0.799998998642));
#4627 = LINE('',#4628,#4629);
#4628 = CARTESIAN_POINT('',(19.318300247192,-7.6740899086,0.799998998642
    ));
#4629 = VECTOR('',#4630,1.);
#4630 = DIRECTION('',(-0.555674361061,0.831400026738,0.));
#4631 = ORIENTED_EDGE('',*,*,#4632,.T.);
#4632 = EDGE_CURVE('',#4625,#4633,#4635,.T.);
#4633 = VERTEX_POINT('',#4634);
#4634 = CARTESIAN_POINT('',(18.959299087524,-7.052380084991,
    0.799998998642));
#4635 = LINE('',#4636,#4637);
#4636 = CARTESIAN_POINT('',(19.11840057373,-7.375,0.799998998642));
#4637 = VECTOR('',#4638,1.);
#4638 = DIRECTION('',(-0.44229528856,0.896869487561,0.));
#4639 = ORIENTED_EDGE('',*,*,#4640,.T.);
#4640 = EDGE_CURVE('',#4633,#4641,#4643,.T.);
#4641 = VERTEX_POINT('',#4642);
#4642 = CARTESIAN_POINT('',(18.843700408936,-6.711750030518,
    0.799998998642));
#4643 = LINE('',#4644,#4645);
#4644 = CARTESIAN_POINT('',(18.959299087524,-7.052380084991,
    0.799998998642));
#4645 = VECTOR('',#4646,1.);
#4646 = DIRECTION('',(-0.32136556838,0.946955210905,0.));
#4647 = ORIENTED_EDGE('',*,*,#4648,.T.);
#4648 = EDGE_CURVE('',#4641,#4649,#4651,.T.);
#4649 = VERTEX_POINT('',#4650);
#4650 = CARTESIAN_POINT('',(18.773500442505,-6.358950138092,
    0.799998998642));
#4651 = LINE('',#4652,#4653);
#4652 = CARTESIAN_POINT('',(18.843700408936,-6.711750030518,
    0.799998998642));
#4653 = VECTOR('',#4654,1.);
#4654 = DIRECTION('',(-0.195153711606,0.9807726693,0.));
#4655 = ORIENTED_EDGE('',*,*,#4656,.T.);
#4656 = EDGE_CURVE('',#4649,#4657,#4659,.T.);
#4657 = VERTEX_POINT('',#4658);
#4658 = CARTESIAN_POINT('',(18.75,-6.,0.799998998642));
#4659 = LINE('',#4660,#4661);
#4660 = CARTESIAN_POINT('',(18.773500442505,-6.358950138092,
    0.799998998642));
#4661 = VECTOR('',#4662,1.);
#4662 = DIRECTION('',(-6.533007298353E-02,0.997863708912,0.));
#4663 = ORIENTED_EDGE('',*,*,#4664,.T.);
#4664 = EDGE_CURVE('',#4657,#4665,#4667,.T.);
#4665 = VERTEX_POINT('',#4666);
#4666 = CARTESIAN_POINT('',(18.773500442505,-5.641049861908,
    0.799998998642));
#4667 = LINE('',#4668,#4669);
#4668 = CARTESIAN_POINT('',(18.75,-6.,0.799998998642));
#4669 = VECTOR('',#4670,1.);
#4670 = DIRECTION('',(6.533007298353E-02,0.997863708912,0.));
#4671 = ORIENTED_EDGE('',*,*,#4672,.T.);
#4672 = EDGE_CURVE('',#4665,#4673,#4675,.T.);
#4673 = VERTEX_POINT('',#4674);
#4674 = CARTESIAN_POINT('',(18.843700408936,-5.288249969482,
    0.799998998642));
#4675 = LINE('',#4676,#4677);
#4676 = CARTESIAN_POINT('',(18.773500442505,-5.641049861908,
    0.799998998642));
#4677 = VECTOR('',#4678,1.);
#4678 = DIRECTION('',(0.195153711606,0.9807726693,0.));
#4679 = ORIENTED_EDGE('',*,*,#4680,.T.);
#4680 = EDGE_CURVE('',#4673,#4681,#4683,.T.);
#4681 = VERTEX_POINT('',#4682);
#4682 = CARTESIAN_POINT('',(18.959299087524,-4.947619915009,
    0.799998998642));
#4683 = LINE('',#4684,#4685);
#4684 = CARTESIAN_POINT('',(18.843700408936,-5.288249969482,
    0.799998998642));
#4685 = VECTOR('',#4686,1.);
#4686 = DIRECTION('',(0.32136556838,0.946955210905,0.));
#4687 = ORIENTED_EDGE('',*,*,#4688,.T.);
#4688 = EDGE_CURVE('',#4681,#4689,#4691,.T.);
#4689 = VERTEX_POINT('',#4690);
#4690 = CARTESIAN_POINT('',(19.11840057373,-4.625,0.799998998642));
#4691 = LINE('',#4692,#4693);
#4692 = CARTESIAN_POINT('',(18.959299087524,-4.947619915009,
    0.799998998642));
#4693 = VECTOR('',#4694,1.);
#4694 = DIRECTION('',(0.44229528856,0.896869487561,0.));
#4695 = ORIENTED_EDGE('',*,*,#4696,.T.);
#4696 = EDGE_CURVE('',#4689,#4697,#4699,.T.);
#4697 = VERTEX_POINT('',#4698);
#4698 = CARTESIAN_POINT('',(19.318300247192,-4.3259100914,0.799998998642
    ));
#4699 = LINE('',#4700,#4701);
#4700 = CARTESIAN_POINT('',(19.11840057373,-4.625,0.799998998642));
#4701 = VECTOR('',#4702,1.);
#4702 = DIRECTION('',(0.555674361061,0.831400026738,0.));
#4703 = ORIENTED_EDGE('',*,*,#4704,.T.);
#4704 = EDGE_CURVE('',#4697,#4705,#4707,.T.);
#4705 = VERTEX_POINT('',#4706);
#4706 = CARTESIAN_POINT('',(19.555500030518,-4.055459976196,
    0.799998998642));
#4707 = LINE('',#4708,#4709);
#4708 = CARTESIAN_POINT('',(19.318300247192,-4.3259100914,0.799998998642
    ));
#4709 = VECTOR('',#4710,1.);
#4710 = DIRECTION('',(0.659379437904,0.751810319741,0.));
#4711 = ORIENTED_EDGE('',*,*,#4712,.T.);
#4712 = EDGE_CURVE('',#4705,#4713,#4715,.T.);
#4713 = VERTEX_POINT('',#4714);
#4714 = CARTESIAN_POINT('',(19.825899124146,-3.818279981613,
    0.799998998642));
#4715 = LINE('',#4716,#4717);
#4716 = CARTESIAN_POINT('',(19.555500030518,-4.055459976196,
    0.799998998642));
#4717 = VECTOR('',#4718,1.);
#4718 = DIRECTION('',(0.751775917666,0.659418660349,0.));
#4719 = ORIENTED_EDGE('',*,*,#4720,.T.);
#4720 = EDGE_CURVE('',#4713,#4721,#4723,.T.);
#4721 = VERTEX_POINT('',#4722);
#4722 = CARTESIAN_POINT('',(20.125,-3.618429899216,0.799998998642));
#4723 = LINE('',#4724,#4725);
#4724 = CARTESIAN_POINT('',(19.825899124146,-3.818279981613,
    0.799998998642));
#4725 = VECTOR('',#4726,1.);
#4726 = DIRECTION('',(0.831473122423,0.555564979717,0.));
#4727 = ORIENTED_EDGE('',*,*,#4728,.T.);
#4728 = EDGE_CURVE('',#4721,#4729,#4731,.T.);
#4729 = VERTEX_POINT('',#4730);
#4730 = CARTESIAN_POINT('',(20.447599411011,-3.45933008194,
    0.799998998642));
#4731 = LINE('',#4732,#4733);
#4732 = CARTESIAN_POINT('',(20.125,-3.618429899216,0.799998998642));
#4733 = VECTOR('',#4734,1.);
#4734 = DIRECTION('',(0.896860176613,0.442314168443,0.));
#4735 = ORIENTED_EDGE('',*,*,#4736,.T.);
#4736 = EDGE_CURVE('',#4729,#4737,#4739,.T.);
#4737 = VERTEX_POINT('',#4738);
#4738 = CARTESIAN_POINT('',(20.788200378418,-3.343699932098,
    0.799998998642));
#4739 = LINE('',#4740,#4741);
#4740 = CARTESIAN_POINT('',(20.447599411011,-3.45933008194,
    0.799998998642));
#4741 = VECTOR('',#4742,1.);
#4742 = DIRECTION('',(0.946920227494,0.32146863418,0.));
#4743 = ORIENTED_EDGE('',*,*,#4744,.T.);
#4744 = EDGE_CURVE('',#4737,#4745,#4747,.T.);
#4745 = VERTEX_POINT('',#4746);
#4746 = CARTESIAN_POINT('',(21.14109992981,-3.273530006409,
    0.799998998642));
#4747 = LINE('',#4748,#4749);
#4748 = CARTESIAN_POINT('',(20.788200378418,-3.343699932098,
    0.799998998642));
#4749 = VECTOR('',#4750,1.);
#4750 = DIRECTION('',(0.980799189235,0.195020384565,0.));
#4751 = ORIENTED_EDGE('',*,*,#4752,.T.);
#4752 = EDGE_CURVE('',#4745,#4753,#4755,.T.);
#4753 = VERTEX_POINT('',#4754);
#4754 = CARTESIAN_POINT('',(21.5,-3.25,0.799998998642));
#4755 = LINE('',#4756,#4757);
#4756 = CARTESIAN_POINT('',(21.14109992981,-3.273530006409,
    0.799998998642));
#4757 = VECTOR('',#4758,1.);
#4758 = DIRECTION('',(0.997857752166,6.542099390217E-02,0.));
#4759 = ORIENTED_EDGE('',*,*,#4760,.T.);
#4760 = EDGE_CURVE('',#4753,#4761,#4763,.T.);
#4761 = VERTEX_POINT('',#4762);
#4762 = CARTESIAN_POINT('',(21.85890007019,-3.273530006409,
    0.799998998642));
#4763 = LINE('',#4764,#4765);
#4764 = CARTESIAN_POINT('',(21.5,-3.25,0.799998998642));
#4765 = VECTOR('',#4766,1.);
#4766 = DIRECTION('',(0.997857752166,-6.542099390217E-02,0.));
#4767 = ORIENTED_EDGE('',*,*,#4768,.T.);
#4768 = EDGE_CURVE('',#4761,#4769,#4771,.T.);
#4769 = VERTEX_POINT('',#4770);
#4770 = CARTESIAN_POINT('',(22.211799621582,-3.343699932098,
    0.799998998642));
#4771 = LINE('',#4772,#4773);
#4772 = CARTESIAN_POINT('',(21.85890007019,-3.273530006409,
    0.799998998642));
#4773 = VECTOR('',#4774,1.);
#4774 = DIRECTION('',(0.980799189235,-0.195020384565,0.));
#4775 = ORIENTED_EDGE('',*,*,#4776,.T.);
#4776 = EDGE_CURVE('',#4769,#4777,#4779,.T.);
#4777 = VERTEX_POINT('',#4778);
#4778 = CARTESIAN_POINT('',(22.552400588989,-3.45933008194,
    0.799998998642));
#4779 = LINE('',#4780,#4781);
#4780 = CARTESIAN_POINT('',(22.211799621582,-3.343699932098,
    0.799998998642));
#4781 = VECTOR('',#4782,1.);
#4782 = DIRECTION('',(0.946920227494,-0.32146863418,0.));
#4783 = ORIENTED_EDGE('',*,*,#4784,.T.);
#4784 = EDGE_CURVE('',#4777,#4785,#4787,.T.);
#4785 = VERTEX_POINT('',#4786);
#4786 = CARTESIAN_POINT('',(22.875,-3.618429899216,0.799998998642));
#4787 = LINE('',#4788,#4789);
#4788 = CARTESIAN_POINT('',(22.552400588989,-3.45933008194,
    0.799998998642));
#4789 = VECTOR('',#4790,1.);
#4790 = DIRECTION('',(0.896860176613,-0.442314168443,0.));
#4791 = ORIENTED_EDGE('',*,*,#4792,.T.);
#4792 = EDGE_CURVE('',#4785,#4793,#4795,.T.);
#4793 = VERTEX_POINT('',#4794);
#4794 = CARTESIAN_POINT('',(23.174100875854,-3.818279981613,
    0.799998998642));
#4795 = LINE('',#4796,#4797);
#4796 = CARTESIAN_POINT('',(22.875,-3.618429899216,0.799998998642));
#4797 = VECTOR('',#4798,1.);
#4798 = DIRECTION('',(0.831473122423,-0.555564979717,0.));
#4799 = ORIENTED_EDGE('',*,*,#4800,.T.);
#4800 = EDGE_CURVE('',#4793,#4801,#4803,.T.);
#4801 = VERTEX_POINT('',#4802);
#4802 = CARTESIAN_POINT('',(23.444499969482,-4.055459976196,
    0.799998998642));
#4803 = LINE('',#4804,#4805);
#4804 = CARTESIAN_POINT('',(23.174100875854,-3.818279981613,
    0.799998998642));
#4805 = VECTOR('',#4806,1.);
#4806 = DIRECTION('',(0.751775917666,-0.659418660349,0.));
#4807 = ORIENTED_EDGE('',*,*,#4808,.T.);
#4808 = EDGE_CURVE('',#4801,#4809,#4811,.T.);
#4809 = VERTEX_POINT('',#4810);
#4810 = CARTESIAN_POINT('',(23.681699752808,-4.3259100914,0.799998998642
    ));
#4811 = LINE('',#4812,#4813);
#4812 = CARTESIAN_POINT('',(23.444499969482,-4.055459976196,
    0.799998998642));
#4813 = VECTOR('',#4814,1.);
#4814 = DIRECTION('',(0.659379437904,-0.751810319741,0.));
#4815 = ORIENTED_EDGE('',*,*,#4816,.T.);
#4816 = EDGE_CURVE('',#4809,#4817,#4819,.T.);
#4817 = VERTEX_POINT('',#4818);
#4818 = CARTESIAN_POINT('',(23.88159942627,-4.625,0.799998998642));
#4819 = LINE('',#4820,#4821);
#4820 = CARTESIAN_POINT('',(23.681699752808,-4.3259100914,0.799998998642
    ));
#4821 = VECTOR('',#4822,1.);
#4822 = DIRECTION('',(0.555674361061,-0.831400026738,0.));
#4823 = ORIENTED_EDGE('',*,*,#4824,.T.);
#4824 = EDGE_CURVE('',#4817,#4825,#4827,.T.);
#4825 = VERTEX_POINT('',#4826);
#4826 = CARTESIAN_POINT('',(24.040700912476,-4.947619915009,
    0.799998998642));
#4827 = LINE('',#4828,#4829);
#4828 = CARTESIAN_POINT('',(23.88159942627,-4.625,0.799998998642));
#4829 = VECTOR('',#4830,1.);
#4830 = DIRECTION('',(0.44229528856,-0.896869487561,0.));
#4831 = ORIENTED_EDGE('',*,*,#4832,.T.);
#4832 = EDGE_CURVE('',#4825,#4833,#4835,.T.);
#4833 = VERTEX_POINT('',#4834);
#4834 = CARTESIAN_POINT('',(24.156299591064,-5.288249969482,
    0.799998998642));
#4835 = LINE('',#4836,#4837);
#4836 = CARTESIAN_POINT('',(24.040700912476,-4.947619915009,
    0.799998998642));
#4837 = VECTOR('',#4838,1.);
#4838 = DIRECTION('',(0.32136556838,-0.946955210905,0.));
#4839 = ORIENTED_EDGE('',*,*,#4840,.T.);
#4840 = EDGE_CURVE('',#4833,#4841,#4843,.T.);
#4841 = VERTEX_POINT('',#4842);
#4842 = CARTESIAN_POINT('',(24.226499557495,-5.641049861908,
    0.799998998642));
#4843 = LINE('',#4844,#4845);
#4844 = CARTESIAN_POINT('',(24.156299591064,-5.288249969482,
    0.799998998642));
#4845 = VECTOR('',#4846,1.);
#4846 = DIRECTION('',(0.195153711606,-0.9807726693,0.));
#4847 = ORIENTED_EDGE('',*,*,#4848,.T.);
#4848 = EDGE_CURVE('',#4841,#4849,#4851,.T.);
#4849 = VERTEX_POINT('',#4850);
#4850 = CARTESIAN_POINT('',(24.25,-6.,0.799998998642));
#4851 = LINE('',#4852,#4853);
#4852 = CARTESIAN_POINT('',(24.226499557495,-5.641049861908,
    0.799998998642));
#4853 = VECTOR('',#4854,1.);
#4854 = DIRECTION('',(6.533007298353E-02,-0.997863708912,0.));
#4855 = ORIENTED_EDGE('',*,*,#4856,.T.);
#4856 = EDGE_CURVE('',#4849,#4857,#4859,.T.);
#4857 = VERTEX_POINT('',#4858);
#4858 = CARTESIAN_POINT('',(24.226499557495,-6.358950138092,
    0.799998998642));
#4859 = LINE('',#4860,#4861);
#4860 = CARTESIAN_POINT('',(24.25,-6.,0.799998998642));
#4861 = VECTOR('',#4862,1.);
#4862 = DIRECTION('',(-6.533007298353E-02,-0.997863708912,0.));
#4863 = ORIENTED_EDGE('',*,*,#4864,.T.);
#4864 = EDGE_CURVE('',#4857,#4865,#4867,.T.);
#4865 = VERTEX_POINT('',#4866);
#4866 = CARTESIAN_POINT('',(24.156299591064,-6.711750030518,
    0.799998998642));
#4867 = LINE('',#4868,#4869);
#4868 = CARTESIAN_POINT('',(24.226499557495,-6.358950138092,
    0.799998998642));
#4869 = VECTOR('',#4870,1.);
#4870 = DIRECTION('',(-0.195153711606,-0.9807726693,0.));
#4871 = ORIENTED_EDGE('',*,*,#4872,.T.);
#4872 = EDGE_CURVE('',#4865,#4873,#4875,.T.);
#4873 = VERTEX_POINT('',#4874);
#4874 = CARTESIAN_POINT('',(24.040700912476,-7.052380084991,
    0.799998998642));
#4875 = LINE('',#4876,#4877);
#4876 = CARTESIAN_POINT('',(24.156299591064,-6.711750030518,
    0.799998998642));
#4877 = VECTOR('',#4878,1.);
#4878 = DIRECTION('',(-0.32136556838,-0.946955210905,0.));
#4879 = ORIENTED_EDGE('',*,*,#4880,.T.);
#4880 = EDGE_CURVE('',#4873,#4881,#4883,.T.);
#4881 = VERTEX_POINT('',#4882);
#4882 = CARTESIAN_POINT('',(23.88159942627,-7.375,0.799998998642));
#4883 = LINE('',#4884,#4885);
#4884 = CARTESIAN_POINT('',(24.040700912476,-7.052380084991,
    0.799998998642));
#4885 = VECTOR('',#4886,1.);
#4886 = DIRECTION('',(-0.44229528856,-0.896869487561,0.));
#4887 = ORIENTED_EDGE('',*,*,#4888,.T.);
#4888 = EDGE_CURVE('',#4881,#4889,#4891,.T.);
#4889 = VERTEX_POINT('',#4890);
#4890 = CARTESIAN_POINT('',(23.681699752808,-7.6740899086,0.799998998642
    ));
#4891 = LINE('',#4892,#4893);
#4892 = CARTESIAN_POINT('',(23.88159942627,-7.375,0.799998998642));
#4893 = VECTOR('',#4894,1.);
#4894 = DIRECTION('',(-0.555674361061,-0.831400026738,0.));
#4895 = ORIENTED_EDGE('',*,*,#4896,.T.);
#4896 = EDGE_CURVE('',#4889,#4897,#4899,.T.);
#4897 = VERTEX_POINT('',#4898);
#4898 = CARTESIAN_POINT('',(23.444499969482,-7.944540023804,
    0.799998998642));
#4899 = LINE('',#4900,#4901);
#4900 = CARTESIAN_POINT('',(23.681699752808,-7.6740899086,0.799998998642
    ));
#4901 = VECTOR('',#4902,1.);
#4902 = DIRECTION('',(-0.659379437904,-0.751810319741,0.));
#4903 = ORIENTED_EDGE('',*,*,#4904,.T.);
#4904 = EDGE_CURVE('',#4897,#4905,#4907,.T.);
#4905 = VERTEX_POINT('',#4906);
#4906 = CARTESIAN_POINT('',(23.174100875854,-8.181719779968,
    0.799998998642));
#4907 = LINE('',#4908,#4909);
#4908 = CARTESIAN_POINT('',(23.444499969482,-7.944540023804,
    0.799998998642));
#4909 = VECTOR('',#4910,1.);
#4910 = DIRECTION('',(-0.75177624627,-0.659418285721,0.));
#4911 = ORIENTED_EDGE('',*,*,#4912,.T.);
#4912 = EDGE_CURVE('',#4905,#4913,#4915,.T.);
#4913 = VERTEX_POINT('',#4914);
#4914 = CARTESIAN_POINT('',(22.875,-8.381569862366,0.799998998642));
#4915 = LINE('',#4916,#4917);
#4916 = CARTESIAN_POINT('',(23.174100875854,-8.181719779968,
    0.799998998642));
#4917 = VECTOR('',#4918,1.);
#4918 = DIRECTION('',(-0.831473122423,-0.555564979717,0.));
#4919 = ORIENTED_EDGE('',*,*,#4920,.T.);
#4920 = EDGE_CURVE('',#4913,#4921,#4923,.T.);
#4921 = VERTEX_POINT('',#4922);
#4922 = CARTESIAN_POINT('',(22.552400588989,-8.540670394897,
    0.799998998642));
#4923 = LINE('',#4924,#4925);
#4924 = CARTESIAN_POINT('',(22.875,-8.381569862366,0.799998998642));
#4925 = VECTOR('',#4926,1.);
#4926 = DIRECTION('',(-0.896859387792,-0.442315767895,0.));
#4927 = ORIENTED_EDGE('',*,*,#4928,.T.);
#4928 = EDGE_CURVE('',#4921,#4929,#4931,.T.);
#4929 = VERTEX_POINT('',#4930);
#4930 = CARTESIAN_POINT('',(22.211799621582,-8.656299591064,
    0.799998998642));
#4931 = LINE('',#4932,#4933);
#4932 = CARTESIAN_POINT('',(22.552400588989,-8.540670394897,
    0.799998998642));
#4933 = VECTOR('',#4934,1.);
#4934 = DIRECTION('',(-0.946921034578,-0.321466256821,0.));
#4935 = ORIENTED_EDGE('',*,*,#4936,.T.);
#4936 = EDGE_CURVE('',#4929,#4937,#4939,.T.);
#4937 = VERTEX_POINT('',#4938);
#4938 = CARTESIAN_POINT('',(21.85890007019,-8.726469993591,
    0.799998998642));
#4939 = LINE('',#4940,#4941);
#4940 = CARTESIAN_POINT('',(22.211799621582,-8.656299591064,
    0.799998998642));
#4941 = VECTOR('',#4942,1.);
#4942 = DIRECTION('',(-0.980798935745,-0.195021659415,0.));
#4943 = ORIENTED_EDGE('',*,*,#4944,.T.);
#4944 = EDGE_CURVE('',#4937,#4945,#4947,.T.);
#4945 = VERTEX_POINT('',#4946);
#4946 = CARTESIAN_POINT('',(21.5,-8.75,0.799998998642));
#4947 = LINE('',#4948,#4949);
#4948 = CARTESIAN_POINT('',(21.85890007019,-8.726469993591,
    0.799998998642));
#4949 = VECTOR('',#4950,1.);
#4950 = DIRECTION('',(-0.997857752166,-6.542099390217E-02,0.));
#4951 = ORIENTED_EDGE('',*,*,#4952,.T.);
#4952 = EDGE_CURVE('',#4945,#4953,#4955,.T.);
#4953 = VERTEX_POINT('',#4954);
#4954 = CARTESIAN_POINT('',(21.14109992981,-8.726469993591,
    0.799998998642));
#4955 = LINE('',#4956,#4957);
#4956 = CARTESIAN_POINT('',(21.5,-8.75,0.799998998642));
#4957 = VECTOR('',#4958,1.);
#4958 = DIRECTION('',(-0.997857752166,6.542099390217E-02,0.));
#4959 = ORIENTED_EDGE('',*,*,#4960,.T.);
#4960 = EDGE_CURVE('',#4953,#4961,#4963,.T.);
#4961 = VERTEX_POINT('',#4962);
#4962 = CARTESIAN_POINT('',(20.788200378418,-8.656299591064,
    0.799998998642));
#4963 = LINE('',#4964,#4965);
#4964 = CARTESIAN_POINT('',(21.14109992981,-8.726469993591,
    0.799998998642));
#4965 = VECTOR('',#4966,1.);
#4966 = DIRECTION('',(-0.980798935745,0.195021659415,0.));
#4967 = ORIENTED_EDGE('',*,*,#4968,.T.);
#4968 = EDGE_CURVE('',#4961,#4969,#4971,.T.);
#4969 = VERTEX_POINT('',#4970);
#4970 = CARTESIAN_POINT('',(20.447599411011,-8.540670394897,
    0.799998998642));
#4971 = LINE('',#4972,#4973);
#4972 = CARTESIAN_POINT('',(20.788200378418,-8.656299591064,
    0.799998998642));
#4973 = VECTOR('',#4974,1.);
#4974 = DIRECTION('',(-0.946921034578,0.321466256821,0.));
#4975 = ORIENTED_EDGE('',*,*,#4976,.T.);
#4976 = EDGE_CURVE('',#4969,#4977,#4979,.T.);
#4977 = VERTEX_POINT('',#4978);
#4978 = CARTESIAN_POINT('',(20.125,-8.381569862366,0.799998998642));
#4979 = LINE('',#4980,#4981);
#4980 = CARTESIAN_POINT('',(20.447599411011,-8.540670394897,
    0.799998998642));
#4981 = VECTOR('',#4982,1.);
#4982 = DIRECTION('',(-0.896859387792,0.442315767895,0.));
#4983 = ORIENTED_EDGE('',*,*,#4984,.T.);
#4984 = EDGE_CURVE('',#4977,#4607,#4985,.T.);
#4985 = LINE('',#4986,#4987);
#4986 = CARTESIAN_POINT('',(20.125,-8.381569862366,0.799998998642));
#4987 = VECTOR('',#4988,1.);
#4988 = DIRECTION('',(-0.831473122423,0.555564979717,0.));
#4989 = PLANE('',#4990);
#4990 = AXIS2_PLACEMENT_3D('',#4991,#4992,#4993);
#4991 = CARTESIAN_POINT('',(-2.338736679767,-19.73636801783,
    0.799998998642));
#4992 = DIRECTION('',(0.,0.,1.));
#4993 = DIRECTION('',(1.,0.,-0.));
#4994 = ADVANCED_FACE('',(#4995),#5020,.T.);
#4995 = FACE_BOUND('',#4996,.T.);
#4996 = EDGE_LOOP('',(#4997,#5005,#5013,#5019));
#4997 = ORIENTED_EDGE('',*,*,#4998,.T.);
#4998 = EDGE_CURVE('',#3915,#4999,#5001,.T.);
#4999 = VERTEX_POINT('',#5000);
#5000 = CARTESIAN_POINT('',(19.75,-32.75,3.799999952316));
#5001 = LINE('',#5002,#5003);
#5002 = CARTESIAN_POINT('',(19.75,-32.75,0.799998998642));
#5003 = VECTOR('',#5004,1.);
#5004 = DIRECTION('',(0.,0.,1.));
#5005 = ORIENTED_EDGE('',*,*,#5006,.T.);
#5006 = EDGE_CURVE('',#4999,#5007,#5009,.T.);
#5007 = VERTEX_POINT('',#5008);
#5008 = CARTESIAN_POINT('',(19.75,-35.75,3.799999952316));
#5009 = LINE('',#5010,#5011);
#5010 = CARTESIAN_POINT('',(19.75,-32.75,3.799999952316));
#5011 = VECTOR('',#5012,1.);
#5012 = DIRECTION('',(0.,-1.,0.));
#5013 = ORIENTED_EDGE('',*,*,#5014,.F.);
#5014 = EDGE_CURVE('',#3923,#5007,#5015,.T.);
#5015 = LINE('',#5016,#5017);
#5016 = CARTESIAN_POINT('',(19.75,-35.75,0.799998998642));
#5017 = VECTOR('',#5018,1.);
#5018 = DIRECTION('',(0.,0.,1.));
#5019 = ORIENTED_EDGE('',*,*,#3922,.F.);
#5020 = PLANE('',#5021);
#5021 = AXIS2_PLACEMENT_3D('',#5022,#5023,#5024);
#5022 = CARTESIAN_POINT('',(19.75,-34.25,2.299999475479));
#5023 = DIRECTION('',(1.,0.,0.));
#5024 = DIRECTION('',(-0.,0.,1.));
#5025 = ADVANCED_FACE('',(#5026),#5051,.T.);
#5026 = FACE_BOUND('',#5027,.T.);
#5027 = EDGE_LOOP('',(#5028,#5029,#5037,#5045));
#5028 = ORIENTED_EDGE('',*,*,#5006,.F.);
#5029 = ORIENTED_EDGE('',*,*,#5030,.F.);
#5030 = EDGE_CURVE('',#5031,#4999,#5033,.T.);
#5031 = VERTEX_POINT('',#5032);
#5032 = CARTESIAN_POINT('',(18.75,-32.75,3.799999952316));
#5033 = LINE('',#5034,#5035);
#5034 = CARTESIAN_POINT('',(18.75,-32.75,3.799999952316));
#5035 = VECTOR('',#5036,1.);
#5036 = DIRECTION('',(1.,0.,0.));
#5037 = ORIENTED_EDGE('',*,*,#5038,.F.);
#5038 = EDGE_CURVE('',#5039,#5031,#5041,.T.);
#5039 = VERTEX_POINT('',#5040);
#5040 = CARTESIAN_POINT('',(18.75,-35.75,3.799999952316));
#5041 = LINE('',#5042,#5043);
#5042 = CARTESIAN_POINT('',(18.75,-35.75,3.799999952316));
#5043 = VECTOR('',#5044,1.);
#5044 = DIRECTION('',(0.,1.,0.));
#5045 = ORIENTED_EDGE('',*,*,#5046,.F.);
#5046 = EDGE_CURVE('',#5007,#5039,#5047,.T.);
#5047 = LINE('',#5048,#5049);
#5048 = CARTESIAN_POINT('',(19.75,-35.75,3.799999952316));
#5049 = VECTOR('',#5050,1.);
#5050 = DIRECTION('',(-1.,0.,0.));
#5051 = PLANE('',#5052);
#5052 = AXIS2_PLACEMENT_3D('',#5053,#5054,#5055);
#5053 = CARTESIAN_POINT('',(19.25,-34.25,3.799999952316));
#5054 = DIRECTION('',(0.,0.,1.));
#5055 = DIRECTION('',(1.,0.,-0.));
#5056 = ADVANCED_FACE('',(#5057),#5091,.T.);
#5057 = FACE_BOUND('',#5058,.T.);
#5058 = EDGE_LOOP('',(#5059,#5069,#5077,#5085));
#5059 = ORIENTED_EDGE('',*,*,#5060,.T.);
#5060 = EDGE_CURVE('',#5061,#5063,#5065,.T.);
#5061 = VERTEX_POINT('',#5062);
#5062 = CARTESIAN_POINT('',(-20.89900016784,-5.398960113525,
    11.800000190735));
#5063 = VERTEX_POINT('',#5064);
#5064 = CARTESIAN_POINT('',(-20.89900016784,-5.398960113525,
    2.799999952316));
#5065 = LINE('',#5066,#5067);
#5066 = CARTESIAN_POINT('',(-20.89900016784,-5.398960113525,
    11.800000190735));
#5067 = VECTOR('',#5068,1.);
#5068 = DIRECTION('',(0.,0.,-1.));
#5069 = ORIENTED_EDGE('',*,*,#5070,.T.);
#5070 = EDGE_CURVE('',#5063,#5071,#5073,.T.);
#5071 = VERTEX_POINT('',#5072);
#5072 = CARTESIAN_POINT('',(-20.82559967041,-5.482550144196,
    2.799999952316));
#5073 = LINE('',#5074,#5075);
#5074 = CARTESIAN_POINT('',(-20.89900016784,-5.398960113525,
    2.799999952316));
#5075 = VECTOR('',#5076,1.);
#5076 = DIRECTION('',(0.659823369793,-0.751420734792,0.));
#5077 = ORIENTED_EDGE('',*,*,#5078,.F.);
#5078 = EDGE_CURVE('',#5079,#5071,#5081,.T.);
#5079 = VERTEX_POINT('',#5080);
#5080 = CARTESIAN_POINT('',(-20.82559967041,-5.482550144196,
    11.800000190735));
#5081 = LINE('',#5082,#5083);
#5082 = CARTESIAN_POINT('',(-20.82559967041,-5.482550144196,
    11.800000190735));
#5083 = VECTOR('',#5084,1.);
#5084 = DIRECTION('',(0.,0.,-1.));
#5085 = ORIENTED_EDGE('',*,*,#5086,.F.);
#5086 = EDGE_CURVE('',#5061,#5079,#5087,.T.);
#5087 = LINE('',#5088,#5089);
#5088 = CARTESIAN_POINT('',(-20.89900016784,-5.398960113525,
    11.800000190735));
#5089 = VECTOR('',#5090,1.);
#5090 = DIRECTION('',(0.659823369793,-0.751420734792,0.));
#5091 = PLANE('',#5092);
#5092 = AXIS2_PLACEMENT_3D('',#5093,#5094,#5095);
#5093 = CARTESIAN_POINT('',(-20.86229991912,-5.44075512886,
    7.300000071526));
#5094 = DIRECTION('',(-0.751420734792,-0.659823369793,-0.));
#5095 = DIRECTION('',(0.659823369793,-0.751420734792,0.));
#5096 = ADVANCED_FACE('',(#5097),#5122,.T.);
#5097 = FACE_BOUND('',#5098,.T.);
#5098 = EDGE_LOOP('',(#5099,#5100,#5108,#5116));
#5099 = ORIENTED_EDGE('',*,*,#5078,.T.);
#5100 = ORIENTED_EDGE('',*,*,#5101,.T.);
#5101 = EDGE_CURVE('',#5071,#5102,#5104,.T.);
#5102 = VERTEX_POINT('',#5103);
#5103 = CARTESIAN_POINT('',(-20.76390075683,-5.574999809265,
    2.799999952316));
#5104 = LINE('',#5105,#5106);
#5105 = CARTESIAN_POINT('',(-20.82559967041,-5.482550144196,
    2.799999952316));
#5106 = VECTOR('',#5107,1.);
#5107 = DIRECTION('',(0.555110002452,-0.831776944366,0.));
#5108 = ORIENTED_EDGE('',*,*,#5109,.T.);
#5109 = EDGE_CURVE('',#5102,#5110,#5112,.T.);
#5110 = VERTEX_POINT('',#5111);
#5111 = CARTESIAN_POINT('',(-20.76390075683,-5.574999809265,
    11.800000190735));
#5112 = LINE('',#5113,#5114);
#5113 = CARTESIAN_POINT('',(-20.76390075683,-5.574999809265,
    2.799999952316));
#5114 = VECTOR('',#5115,1.);
#5115 = DIRECTION('',(0.,0.,1.));
#5116 = ORIENTED_EDGE('',*,*,#5117,.F.);
#5117 = EDGE_CURVE('',#5079,#5110,#5118,.T.);
#5118 = LINE('',#5119,#5120);
#5119 = CARTESIAN_POINT('',(-20.82559967041,-5.482550144196,
    11.800000190735));
#5120 = VECTOR('',#5121,1.);
#5121 = DIRECTION('',(0.555110002452,-0.831776944366,0.));
#5122 = PLANE('',#5123);
#5123 = AXIS2_PLACEMENT_3D('',#5124,#5125,#5126);
#5124 = CARTESIAN_POINT('',(-20.79475021362,-5.52877497673,
    7.300000071526));
#5125 = DIRECTION('',(-0.831776944366,-0.555110002452,-0.));
#5126 = DIRECTION('',(0.555110002452,-0.831776944366,0.));
#5127 = ADVANCED_FACE('',(#5128,#5514),#5884,.T.);
#5128 = FACE_BOUND('',#5129,.T.);
#5129 = EDGE_LOOP('',(#5130,#5140,#5148,#5156,#5164,#5172,#5180,#5188,
    #5196,#5204,#5212,#5220,#5228,#5236,#5244,#5252,#5260,#5268,#5276,
    #5284,#5292,#5300,#5308,#5316,#5324,#5332,#5340,#5348,#5356,#5364,
    #5372,#5380,#5388,#5396,#5404,#5412,#5420,#5428,#5436,#5444,#5452,
    #5460,#5468,#5476,#5484,#5492,#5500,#5508));
#5130 = ORIENTED_EDGE('',*,*,#5131,.T.);
#5131 = EDGE_CURVE('',#5132,#5134,#5136,.T.);
#5132 = VERTEX_POINT('',#5133);
#5133 = CARTESIAN_POINT('',(-24.22649955749,-6.358950138092,
    11.800000190735));
#5134 = VERTEX_POINT('',#5135);
#5135 = CARTESIAN_POINT('',(-24.15629959106,-6.711750030518,
    11.800000190735));
#5136 = LINE('',#5137,#5138);
#5137 = CARTESIAN_POINT('',(-24.22649955749,-6.358950138092,
    11.800000190735));
#5138 = VECTOR('',#5139,1.);
#5139 = DIRECTION('',(0.195153711606,-0.9807726693,0.));
#5140 = ORIENTED_EDGE('',*,*,#5141,.F.);
#5141 = EDGE_CURVE('',#5142,#5134,#5144,.T.);
#5142 = VERTEX_POINT('',#5143);
#5143 = CARTESIAN_POINT('',(-24.04070091247,-7.052380084991,
    11.800000190735));
#5144 = LINE('',#5145,#5146);
#5145 = CARTESIAN_POINT('',(-24.04070091247,-7.052380084991,
    11.800000190735));
#5146 = VECTOR('',#5147,1.);
#5147 = DIRECTION('',(-0.32136556838,0.946955210905,0.));
#5148 = ORIENTED_EDGE('',*,*,#5149,.F.);
#5149 = EDGE_CURVE('',#5150,#5142,#5152,.T.);
#5150 = VERTEX_POINT('',#5151);
#5151 = CARTESIAN_POINT('',(-23.88159942627,-7.375,11.800000190735));
#5152 = LINE('',#5153,#5154);
#5153 = CARTESIAN_POINT('',(-23.88159942627,-7.375,11.800000190735));
#5154 = VECTOR('',#5155,1.);
#5155 = DIRECTION('',(-0.44229528856,0.896869487561,0.));
#5156 = ORIENTED_EDGE('',*,*,#5157,.F.);
#5157 = EDGE_CURVE('',#5158,#5150,#5160,.T.);
#5158 = VERTEX_POINT('',#5159);
#5159 = CARTESIAN_POINT('',(-23.6816997528,-7.6740899086,11.800000190735
    ));
#5160 = LINE('',#5161,#5162);
#5161 = CARTESIAN_POINT('',(-23.6816997528,-7.6740899086,11.800000190735
    ));
#5162 = VECTOR('',#5163,1.);
#5163 = DIRECTION('',(-0.555674361061,0.831400026738,0.));
#5164 = ORIENTED_EDGE('',*,*,#5165,.F.);
#5165 = EDGE_CURVE('',#5166,#5158,#5168,.T.);
#5166 = VERTEX_POINT('',#5167);
#5167 = CARTESIAN_POINT('',(-23.44449996948,-7.944540023804,
    11.800000190735));
#5168 = LINE('',#5169,#5170);
#5169 = CARTESIAN_POINT('',(-23.44449996948,-7.944540023804,
    11.800000190735));
#5170 = VECTOR('',#5171,1.);
#5171 = DIRECTION('',(-0.659379437904,0.751810319741,0.));
#5172 = ORIENTED_EDGE('',*,*,#5173,.T.);
#5173 = EDGE_CURVE('',#5166,#5174,#5176,.T.);
#5174 = VERTEX_POINT('',#5175);
#5175 = CARTESIAN_POINT('',(-23.17410087585,-8.181719779968,
    11.800000190735));
#5176 = LINE('',#5177,#5178);
#5177 = CARTESIAN_POINT('',(-23.44449996948,-7.944540023804,
    11.800000190735));
#5178 = VECTOR('',#5179,1.);
#5179 = DIRECTION('',(0.75177624627,-0.659418285721,0.));
#5180 = ORIENTED_EDGE('',*,*,#5181,.F.);
#5181 = EDGE_CURVE('',#5182,#5174,#5184,.T.);
#5182 = VERTEX_POINT('',#5183);
#5183 = CARTESIAN_POINT('',(-22.875,-8.381569862366,11.800000190735));
#5184 = LINE('',#5185,#5186);
#5185 = CARTESIAN_POINT('',(-22.875,-8.381569862366,11.800000190735));
#5186 = VECTOR('',#5187,1.);
#5187 = DIRECTION('',(-0.831473122423,0.555564979717,0.));
#5188 = ORIENTED_EDGE('',*,*,#5189,.F.);
#5189 = EDGE_CURVE('',#5190,#5182,#5192,.T.);
#5190 = VERTEX_POINT('',#5191);
#5191 = CARTESIAN_POINT('',(-22.55240058898,-8.540670394897,
    11.800000190735));
#5192 = LINE('',#5193,#5194);
#5193 = CARTESIAN_POINT('',(-22.55240058898,-8.540670394897,
    11.800000190735));
#5194 = VECTOR('',#5195,1.);
#5195 = DIRECTION('',(-0.896859387792,0.442315767895,0.));
#5196 = ORIENTED_EDGE('',*,*,#5197,.T.);
#5197 = EDGE_CURVE('',#5190,#5198,#5200,.T.);
#5198 = VERTEX_POINT('',#5199);
#5199 = CARTESIAN_POINT('',(-22.21179962158,-8.656299591064,
    11.800000190735));
#5200 = LINE('',#5201,#5202);
#5201 = CARTESIAN_POINT('',(-22.55240058898,-8.540670394897,
    11.800000190735));
#5202 = VECTOR('',#5203,1.);
#5203 = DIRECTION('',(0.946921034578,-0.321466256821,0.));
#5204 = ORIENTED_EDGE('',*,*,#5205,.T.);
#5205 = EDGE_CURVE('',#5198,#5206,#5208,.T.);
#5206 = VERTEX_POINT('',#5207);
#5207 = CARTESIAN_POINT('',(-21.85890007019,-8.726469993591,
    11.800000190735));
#5208 = LINE('',#5209,#5210);
#5209 = CARTESIAN_POINT('',(-22.21179962158,-8.656299591064,
    11.800000190735));
#5210 = VECTOR('',#5211,1.);
#5211 = DIRECTION('',(0.980798935745,-0.195021659415,0.));
#5212 = ORIENTED_EDGE('',*,*,#5213,.F.);
#5213 = EDGE_CURVE('',#5214,#5206,#5216,.T.);
#5214 = VERTEX_POINT('',#5215);
#5215 = CARTESIAN_POINT('',(-21.5,-8.75,11.800000190735));
#5216 = LINE('',#5217,#5218);
#5217 = CARTESIAN_POINT('',(-21.5,-8.75,11.800000190735));
#5218 = VECTOR('',#5219,1.);
#5219 = DIRECTION('',(-0.997857752166,6.542099390217E-02,0.));
#5220 = ORIENTED_EDGE('',*,*,#5221,.F.);
#5221 = EDGE_CURVE('',#5222,#5214,#5224,.T.);
#5222 = VERTEX_POINT('',#5223);
#5223 = CARTESIAN_POINT('',(-21.14109992981,-8.726469993591,
    11.800000190735));
#5224 = LINE('',#5225,#5226);
#5225 = CARTESIAN_POINT('',(-21.14109992981,-8.726469993591,
    11.800000190735));
#5226 = VECTOR('',#5227,1.);
#5227 = DIRECTION('',(-0.997857752166,-6.542099390217E-02,0.));
#5228 = ORIENTED_EDGE('',*,*,#5229,.F.);
#5229 = EDGE_CURVE('',#5230,#5222,#5232,.T.);
#5230 = VERTEX_POINT('',#5231);
#5231 = CARTESIAN_POINT('',(-20.78820037841,-8.656299591064,
    11.800000190735));
#5232 = LINE('',#5233,#5234);
#5233 = CARTESIAN_POINT('',(-20.78820037841,-8.656299591064,
    11.800000190735));
#5234 = VECTOR('',#5235,1.);
#5235 = DIRECTION('',(-0.980798935745,-0.195021659415,0.));
#5236 = ORIENTED_EDGE('',*,*,#5237,.F.);
#5237 = EDGE_CURVE('',#5238,#5230,#5240,.T.);
#5238 = VERTEX_POINT('',#5239);
#5239 = CARTESIAN_POINT('',(-20.44759941101,-8.540670394897,
    11.800000190735));
#5240 = LINE('',#5241,#5242);
#5241 = CARTESIAN_POINT('',(-20.44759941101,-8.540670394897,
    11.800000190735));
#5242 = VECTOR('',#5243,1.);
#5243 = DIRECTION('',(-0.946921034578,-0.321466256821,0.));
#5244 = ORIENTED_EDGE('',*,*,#5245,.F.);
#5245 = EDGE_CURVE('',#5246,#5238,#5248,.T.);
#5246 = VERTEX_POINT('',#5247);
#5247 = CARTESIAN_POINT('',(-20.125,-8.381569862366,11.800000190735));
#5248 = LINE('',#5249,#5250);
#5249 = CARTESIAN_POINT('',(-20.125,-8.381569862366,11.800000190735));
#5250 = VECTOR('',#5251,1.);
#5251 = DIRECTION('',(-0.896859387792,-0.442315767895,0.));
#5252 = ORIENTED_EDGE('',*,*,#5253,.F.);
#5253 = EDGE_CURVE('',#5254,#5246,#5256,.T.);
#5254 = VERTEX_POINT('',#5255);
#5255 = CARTESIAN_POINT('',(-19.82589912414,-8.181719779968,
    11.800000190735));
#5256 = LINE('',#5257,#5258);
#5257 = CARTESIAN_POINT('',(-19.82589912414,-8.181719779968,
    11.800000190735));
#5258 = VECTOR('',#5259,1.);
#5259 = DIRECTION('',(-0.831473122423,-0.555564979717,0.));
#5260 = ORIENTED_EDGE('',*,*,#5261,.F.);
#5261 = EDGE_CURVE('',#5262,#5254,#5264,.T.);
#5262 = VERTEX_POINT('',#5263);
#5263 = CARTESIAN_POINT('',(-19.55550003051,-7.944540023804,
    11.800000190735));
#5264 = LINE('',#5265,#5266);
#5265 = CARTESIAN_POINT('',(-19.55550003051,-7.944540023804,
    11.800000190735));
#5266 = VECTOR('',#5267,1.);
#5267 = DIRECTION('',(-0.75177624627,-0.659418285721,0.));
#5268 = ORIENTED_EDGE('',*,*,#5269,.F.);
#5269 = EDGE_CURVE('',#5270,#5262,#5272,.T.);
#5270 = VERTEX_POINT('',#5271);
#5271 = CARTESIAN_POINT('',(-19.31830024719,-7.6740899086,
    11.800000190735));
#5272 = LINE('',#5273,#5274);
#5273 = CARTESIAN_POINT('',(-19.31830024719,-7.6740899086,
    11.800000190735));
#5274 = VECTOR('',#5275,1.);
#5275 = DIRECTION('',(-0.659379437904,-0.751810319741,0.));
#5276 = ORIENTED_EDGE('',*,*,#5277,.F.);
#5277 = EDGE_CURVE('',#5278,#5270,#5280,.T.);
#5278 = VERTEX_POINT('',#5279);
#5279 = CARTESIAN_POINT('',(-19.11840057373,-7.375,11.800000190735));
#5280 = LINE('',#5281,#5282);
#5281 = CARTESIAN_POINT('',(-19.11840057373,-7.375,11.800000190735));
#5282 = VECTOR('',#5283,1.);
#5283 = DIRECTION('',(-0.555674361061,-0.831400026738,0.));
#5284 = ORIENTED_EDGE('',*,*,#5285,.F.);
#5285 = EDGE_CURVE('',#5286,#5278,#5288,.T.);
#5286 = VERTEX_POINT('',#5287);
#5287 = CARTESIAN_POINT('',(-18.95929908752,-7.052380084991,
    11.800000190735));
#5288 = LINE('',#5289,#5290);
#5289 = CARTESIAN_POINT('',(-18.95929908752,-7.052380084991,
    11.800000190735));
#5290 = VECTOR('',#5291,1.);
#5291 = DIRECTION('',(-0.44229528856,-0.896869487561,0.));
#5292 = ORIENTED_EDGE('',*,*,#5293,.F.);
#5293 = EDGE_CURVE('',#5294,#5286,#5296,.T.);
#5294 = VERTEX_POINT('',#5295);
#5295 = CARTESIAN_POINT('',(-18.84370040893,-6.711750030518,
    11.800000190735));
#5296 = LINE('',#5297,#5298);
#5297 = CARTESIAN_POINT('',(-18.84370040893,-6.711750030518,
    11.800000190735));
#5298 = VECTOR('',#5299,1.);
#5299 = DIRECTION('',(-0.32136556838,-0.946955210905,0.));
#5300 = ORIENTED_EDGE('',*,*,#5301,.F.);
#5301 = EDGE_CURVE('',#5302,#5294,#5304,.T.);
#5302 = VERTEX_POINT('',#5303);
#5303 = CARTESIAN_POINT('',(-18.7735004425,-6.358950138092,
    11.800000190735));
#5304 = LINE('',#5305,#5306);
#5305 = CARTESIAN_POINT('',(-18.7735004425,-6.358950138092,
    11.800000190735));
#5306 = VECTOR('',#5307,1.);
#5307 = DIRECTION('',(-0.195153711606,-0.9807726693,0.));
#5308 = ORIENTED_EDGE('',*,*,#5309,.F.);
#5309 = EDGE_CURVE('',#5310,#5302,#5312,.T.);
#5310 = VERTEX_POINT('',#5311);
#5311 = CARTESIAN_POINT('',(-18.75,-6.,11.800000190735));
#5312 = LINE('',#5313,#5314);
#5313 = CARTESIAN_POINT('',(-18.75,-6.,11.800000190735));
#5314 = VECTOR('',#5315,1.);
#5315 = DIRECTION('',(-6.533007298353E-02,-0.997863708912,0.));
#5316 = ORIENTED_EDGE('',*,*,#5317,.F.);
#5317 = EDGE_CURVE('',#5318,#5310,#5320,.T.);
#5318 = VERTEX_POINT('',#5319);
#5319 = CARTESIAN_POINT('',(-18.7735004425,-5.641049861908,
    11.800000190735));
#5320 = LINE('',#5321,#5322);
#5321 = CARTESIAN_POINT('',(-18.7735004425,-5.641049861908,
    11.800000190735));
#5322 = VECTOR('',#5323,1.);
#5323 = DIRECTION('',(6.533007298353E-02,-0.997863708912,0.));
#5324 = ORIENTED_EDGE('',*,*,#5325,.F.);
#5325 = EDGE_CURVE('',#5326,#5318,#5328,.T.);
#5326 = VERTEX_POINT('',#5327);
#5327 = CARTESIAN_POINT('',(-18.84370040893,-5.288249969482,
    11.800000190735));
#5328 = LINE('',#5329,#5330);
#5329 = CARTESIAN_POINT('',(-18.84370040893,-5.288249969482,
    11.800000190735));
#5330 = VECTOR('',#5331,1.);
#5331 = DIRECTION('',(0.195153711606,-0.9807726693,0.));
#5332 = ORIENTED_EDGE('',*,*,#5333,.F.);
#5333 = EDGE_CURVE('',#5334,#5326,#5336,.T.);
#5334 = VERTEX_POINT('',#5335);
#5335 = CARTESIAN_POINT('',(-18.95929908752,-4.947619915009,
    11.800000190735));
#5336 = LINE('',#5337,#5338);
#5337 = CARTESIAN_POINT('',(-18.95929908752,-4.947619915009,
    11.800000190735));
#5338 = VECTOR('',#5339,1.);
#5339 = DIRECTION('',(0.32136556838,-0.946955210905,0.));
#5340 = ORIENTED_EDGE('',*,*,#5341,.F.);
#5341 = EDGE_CURVE('',#5342,#5334,#5344,.T.);
#5342 = VERTEX_POINT('',#5343);
#5343 = CARTESIAN_POINT('',(-19.11840057373,-4.625,11.800000190735));
#5344 = LINE('',#5345,#5346);
#5345 = CARTESIAN_POINT('',(-19.11840057373,-4.625,11.800000190735));
#5346 = VECTOR('',#5347,1.);
#5347 = DIRECTION('',(0.44229528856,-0.896869487561,0.));
#5348 = ORIENTED_EDGE('',*,*,#5349,.F.);
#5349 = EDGE_CURVE('',#5350,#5342,#5352,.T.);
#5350 = VERTEX_POINT('',#5351);
#5351 = CARTESIAN_POINT('',(-19.31830024719,-4.3259100914,
    11.800000190735));
#5352 = LINE('',#5353,#5354);
#5353 = CARTESIAN_POINT('',(-19.31830024719,-4.3259100914,
    11.800000190735));
#5354 = VECTOR('',#5355,1.);
#5355 = DIRECTION('',(0.555674361061,-0.831400026738,0.));
#5356 = ORIENTED_EDGE('',*,*,#5357,.F.);
#5357 = EDGE_CURVE('',#5358,#5350,#5360,.T.);
#5358 = VERTEX_POINT('',#5359);
#5359 = CARTESIAN_POINT('',(-19.55550003051,-4.055459976196,
    11.800000190735));
#5360 = LINE('',#5361,#5362);
#5361 = CARTESIAN_POINT('',(-19.55550003051,-4.055459976196,
    11.800000190735));
#5362 = VECTOR('',#5363,1.);
#5363 = DIRECTION('',(0.659379437904,-0.751810319741,0.));
#5364 = ORIENTED_EDGE('',*,*,#5365,.F.);
#5365 = EDGE_CURVE('',#5366,#5358,#5368,.T.);
#5366 = VERTEX_POINT('',#5367);
#5367 = CARTESIAN_POINT('',(-19.82589912414,-3.818279981613,
    11.800000190735));
#5368 = LINE('',#5369,#5370);
#5369 = CARTESIAN_POINT('',(-19.82589912414,-3.818279981613,
    11.800000190735));
#5370 = VECTOR('',#5371,1.);
#5371 = DIRECTION('',(0.751775917666,-0.659418660349,0.));
#5372 = ORIENTED_EDGE('',*,*,#5373,.F.);
#5373 = EDGE_CURVE('',#5374,#5366,#5376,.T.);
#5374 = VERTEX_POINT('',#5375);
#5375 = CARTESIAN_POINT('',(-20.125,-3.618429899216,11.800000190735));
#5376 = LINE('',#5377,#5378);
#5377 = CARTESIAN_POINT('',(-20.125,-3.618429899216,11.800000190735));
#5378 = VECTOR('',#5379,1.);
#5379 = DIRECTION('',(0.831473122423,-0.555564979717,0.));
#5380 = ORIENTED_EDGE('',*,*,#5381,.F.);
#5381 = EDGE_CURVE('',#5382,#5374,#5384,.T.);
#5382 = VERTEX_POINT('',#5383);
#5383 = CARTESIAN_POINT('',(-20.44759941101,-3.45933008194,
    11.800000190735));
#5384 = LINE('',#5385,#5386);
#5385 = CARTESIAN_POINT('',(-20.44759941101,-3.45933008194,
    11.800000190735));
#5386 = VECTOR('',#5387,1.);
#5387 = DIRECTION('',(0.896860176613,-0.442314168443,0.));
#5388 = ORIENTED_EDGE('',*,*,#5389,.F.);
#5389 = EDGE_CURVE('',#5390,#5382,#5392,.T.);
#5390 = VERTEX_POINT('',#5391);
#5391 = CARTESIAN_POINT('',(-20.78820037841,-3.343699932098,
    11.800000190735));
#5392 = LINE('',#5393,#5394);
#5393 = CARTESIAN_POINT('',(-20.78820037841,-3.343699932098,
    11.800000190735));
#5394 = VECTOR('',#5395,1.);
#5395 = DIRECTION('',(0.946920227494,-0.32146863418,0.));
#5396 = ORIENTED_EDGE('',*,*,#5397,.F.);
#5397 = EDGE_CURVE('',#5398,#5390,#5400,.T.);
#5398 = VERTEX_POINT('',#5399);
#5399 = CARTESIAN_POINT('',(-21.14109992981,-3.273530006409,
    11.800000190735));
#5400 = LINE('',#5401,#5402);
#5401 = CARTESIAN_POINT('',(-21.14109992981,-3.273530006409,
    11.800000190735));
#5402 = VECTOR('',#5403,1.);
#5403 = DIRECTION('',(0.980799189235,-0.195020384565,0.));
#5404 = ORIENTED_EDGE('',*,*,#5405,.F.);
#5405 = EDGE_CURVE('',#5406,#5398,#5408,.T.);
#5406 = VERTEX_POINT('',#5407);
#5407 = CARTESIAN_POINT('',(-21.5,-3.25,11.800000190735));
#5408 = LINE('',#5409,#5410);
#5409 = CARTESIAN_POINT('',(-21.5,-3.25,11.800000190735));
#5410 = VECTOR('',#5411,1.);
#5411 = DIRECTION('',(0.997857752166,-6.542099390217E-02,0.));
#5412 = ORIENTED_EDGE('',*,*,#5413,.F.);
#5413 = EDGE_CURVE('',#5414,#5406,#5416,.T.);
#5414 = VERTEX_POINT('',#5415);
#5415 = CARTESIAN_POINT('',(-21.85890007019,-3.273530006409,
    11.800000190735));
#5416 = LINE('',#5417,#5418);
#5417 = CARTESIAN_POINT('',(-21.85890007019,-3.273530006409,
    11.800000190735));
#5418 = VECTOR('',#5419,1.);
#5419 = DIRECTION('',(0.997857752166,6.542099390217E-02,0.));
#5420 = ORIENTED_EDGE('',*,*,#5421,.F.);
#5421 = EDGE_CURVE('',#5422,#5414,#5424,.T.);
#5422 = VERTEX_POINT('',#5423);
#5423 = CARTESIAN_POINT('',(-22.21179962158,-3.343699932098,
    11.800000190735));
#5424 = LINE('',#5425,#5426);
#5425 = CARTESIAN_POINT('',(-22.21179962158,-3.343699932098,
    11.800000190735));
#5426 = VECTOR('',#5427,1.);
#5427 = DIRECTION('',(0.980799189235,0.195020384565,0.));
#5428 = ORIENTED_EDGE('',*,*,#5429,.F.);
#5429 = EDGE_CURVE('',#5430,#5422,#5432,.T.);
#5430 = VERTEX_POINT('',#5431);
#5431 = CARTESIAN_POINT('',(-22.55240058898,-3.45933008194,
    11.800000190735));
#5432 = LINE('',#5433,#5434);
#5433 = CARTESIAN_POINT('',(-22.55240058898,-3.45933008194,
    11.800000190735));
#5434 = VECTOR('',#5435,1.);
#5435 = DIRECTION('',(0.946920227494,0.32146863418,0.));
#5436 = ORIENTED_EDGE('',*,*,#5437,.F.);
#5437 = EDGE_CURVE('',#5438,#5430,#5440,.T.);
#5438 = VERTEX_POINT('',#5439);
#5439 = CARTESIAN_POINT('',(-22.875,-3.618429899216,11.800000190735));
#5440 = LINE('',#5441,#5442);
#5441 = CARTESIAN_POINT('',(-22.875,-3.618429899216,11.800000190735));
#5442 = VECTOR('',#5443,1.);
#5443 = DIRECTION('',(0.896860176613,0.442314168443,0.));
#5444 = ORIENTED_EDGE('',*,*,#5445,.F.);
#5445 = EDGE_CURVE('',#5446,#5438,#5448,.T.);
#5446 = VERTEX_POINT('',#5447);
#5447 = CARTESIAN_POINT('',(-23.17410087585,-3.818279981613,
    11.800000190735));
#5448 = LINE('',#5449,#5450);
#5449 = CARTESIAN_POINT('',(-23.17410087585,-3.818279981613,
    11.800000190735));
#5450 = VECTOR('',#5451,1.);
#5451 = DIRECTION('',(0.831473122423,0.555564979717,0.));
#5452 = ORIENTED_EDGE('',*,*,#5453,.F.);
#5453 = EDGE_CURVE('',#5454,#5446,#5456,.T.);
#5454 = VERTEX_POINT('',#5455);
#5455 = CARTESIAN_POINT('',(-23.44449996948,-4.055459976196,
    11.800000190735));
#5456 = LINE('',#5457,#5458);
#5457 = CARTESIAN_POINT('',(-23.44449996948,-4.055459976196,
    11.800000190735));
#5458 = VECTOR('',#5459,1.);
#5459 = DIRECTION('',(0.751775917666,0.659418660349,0.));
#5460 = ORIENTED_EDGE('',*,*,#5461,.T.);
#5461 = EDGE_CURVE('',#5454,#5462,#5464,.T.);
#5462 = VERTEX_POINT('',#5463);
#5463 = CARTESIAN_POINT('',(-23.6816997528,-4.3259100914,11.800000190735
    ));
#5464 = LINE('',#5465,#5466);
#5465 = CARTESIAN_POINT('',(-23.44449996948,-4.055459976196,
    11.800000190735));
#5466 = VECTOR('',#5467,1.);
#5467 = DIRECTION('',(-0.659379437904,-0.751810319741,0.));
#5468 = ORIENTED_EDGE('',*,*,#5469,.T.);
#5469 = EDGE_CURVE('',#5462,#5470,#5472,.T.);
#5470 = VERTEX_POINT('',#5471);
#5471 = CARTESIAN_POINT('',(-23.88159942627,-4.625,11.800000190735));
#5472 = LINE('',#5473,#5474);
#5473 = CARTESIAN_POINT('',(-23.6816997528,-4.3259100914,11.800000190735
    ));
#5474 = VECTOR('',#5475,1.);
#5475 = DIRECTION('',(-0.555674361061,-0.831400026738,0.));
#5476 = ORIENTED_EDGE('',*,*,#5477,.T.);
#5477 = EDGE_CURVE('',#5470,#5478,#5480,.T.);
#5478 = VERTEX_POINT('',#5479);
#5479 = CARTESIAN_POINT('',(-24.04070091247,-4.947619915009,
    11.800000190735));
#5480 = LINE('',#5481,#5482);
#5481 = CARTESIAN_POINT('',(-23.88159942627,-4.625,11.800000190735));
#5482 = VECTOR('',#5483,1.);
#5483 = DIRECTION('',(-0.44229528856,-0.896869487561,0.));
#5484 = ORIENTED_EDGE('',*,*,#5485,.F.);
#5485 = EDGE_CURVE('',#5486,#5478,#5488,.T.);
#5486 = VERTEX_POINT('',#5487);
#5487 = CARTESIAN_POINT('',(-24.15629959106,-5.288249969482,
    11.800000190735));
#5488 = LINE('',#5489,#5490);
#5489 = CARTESIAN_POINT('',(-24.15629959106,-5.288249969482,
    11.800000190735));
#5490 = VECTOR('',#5491,1.);
#5491 = DIRECTION('',(0.32136556838,0.946955210905,0.));
#5492 = ORIENTED_EDGE('',*,*,#5493,.F.);
#5493 = EDGE_CURVE('',#5494,#5486,#5496,.T.);
#5494 = VERTEX_POINT('',#5495);
#5495 = CARTESIAN_POINT('',(-24.22649955749,-5.641049861908,
    11.800000190735));
#5496 = LINE('',#5497,#5498);
#5497 = CARTESIAN_POINT('',(-24.22649955749,-5.641049861908,
    11.800000190735));
#5498 = VECTOR('',#5499,1.);
#5499 = DIRECTION('',(0.195153711606,0.9807726693,0.));
#5500 = ORIENTED_EDGE('',*,*,#5501,.F.);
#5501 = EDGE_CURVE('',#5502,#5494,#5504,.T.);
#5502 = VERTEX_POINT('',#5503);
#5503 = CARTESIAN_POINT('',(-24.25,-6.,11.800000190735));
#5504 = LINE('',#5505,#5506);
#5505 = CARTESIAN_POINT('',(-24.25,-6.,11.800000190735));
#5506 = VECTOR('',#5507,1.);
#5507 = DIRECTION('',(6.533007298353E-02,0.997863708912,0.));
#5508 = ORIENTED_EDGE('',*,*,#5509,.T.);
#5509 = EDGE_CURVE('',#5502,#5132,#5510,.T.);
#5510 = LINE('',#5511,#5512);
#5511 = CARTESIAN_POINT('',(-24.25,-6.,11.800000190735));
#5512 = VECTOR('',#5513,1.);
#5513 = DIRECTION('',(6.533007298353E-02,-0.997863708912,0.));
#5514 = FACE_BOUND('',#5515,.T.);
#5515 = EDGE_LOOP('',(#5516,#5526,#5534,#5542,#5550,#5558,#5566,#5574,
    #5582,#5590,#5598,#5606,#5614,#5622,#5630,#5638,#5646,#5654,#5662,
    #5668,#5669,#5670,#5678,#5686,#5694,#5702,#5710,#5718,#5726,#5734,
    #5742,#5750,#5758,#5766,#5774,#5782,#5790,#5798,#5806,#5814,#5822,
    #5830,#5838,#5846,#5854,#5862,#5870,#5878));
#5516 = ORIENTED_EDGE('',*,*,#5517,.T.);
#5517 = EDGE_CURVE('',#5518,#5520,#5522,.T.);
#5518 = VERTEX_POINT('',#5519);
#5519 = CARTESIAN_POINT('',(-22.3426990509,-6.110949993134,
    11.800000190735));
#5520 = VERTEX_POINT('',#5521);
#5521 = CARTESIAN_POINT('',(-22.35000038147,-6.,11.800000190735));
#5522 = LINE('',#5523,#5524);
#5523 = CARTESIAN_POINT('',(-22.3426990509,-6.110949993134,
    11.800000190735));
#5524 = VECTOR('',#5525,1.);
#5525 = DIRECTION('',(-6.566536782298E-02,0.997841700606,0.));
#5526 = ORIENTED_EDGE('',*,*,#5527,.T.);
#5527 = EDGE_CURVE('',#5520,#5528,#5530,.T.);
#5528 = VERTEX_POINT('',#5529);
#5529 = CARTESIAN_POINT('',(-22.3426990509,-5.889050006866,
    11.800000190735));
#5530 = LINE('',#5531,#5532);
#5531 = CARTESIAN_POINT('',(-22.35000038147,-6.,11.800000190735));
#5532 = VECTOR('',#5533,1.);
#5533 = DIRECTION('',(6.566536782298E-02,0.997841700606,0.));
#5534 = ORIENTED_EDGE('',*,*,#5535,.T.);
#5535 = EDGE_CURVE('',#5528,#5536,#5538,.T.);
#5536 = VERTEX_POINT('',#5537);
#5537 = CARTESIAN_POINT('',(-22.3209991455,-5.780000209808,
    11.800000190735));
#5538 = LINE('',#5539,#5540);
#5539 = CARTESIAN_POINT('',(-22.3426990509,-5.889050006866,
    11.800000190735));
#5540 = VECTOR('',#5541,1.);
#5541 = DIRECTION('',(0.195164309792,0.980770560418,0.));
#5542 = ORIENTED_EDGE('',*,*,#5543,.T.);
#5543 = EDGE_CURVE('',#5536,#5544,#5546,.T.);
#5544 = VERTEX_POINT('',#5545);
#5545 = CARTESIAN_POINT('',(-22.28529930114,-5.674719810486,
    11.800000190735));
#5546 = LINE('',#5547,#5548);
#5547 = CARTESIAN_POINT('',(-22.3209991455,-5.780000209808,
    11.800000190735));
#5548 = VECTOR('',#5549,1.);
#5549 = DIRECTION('',(0.321132656535,0.947034221613,0.));
#5550 = ORIENTED_EDGE('',*,*,#5551,.T.);
#5551 = EDGE_CURVE('',#5544,#5552,#5554,.T.);
#5552 = VERTEX_POINT('',#5553);
#5553 = CARTESIAN_POINT('',(-22.23609924316,-5.574999809265,
    11.800000190735));
#5554 = LINE('',#5555,#5556);
#5555 = CARTESIAN_POINT('',(-22.28529930114,-5.674719810486,
    11.800000190735));
#5556 = VECTOR('',#5557,1.);
#5557 = DIRECTION('',(0.442459368472,0.896788552141,0.));
#5558 = ORIENTED_EDGE('',*,*,#5559,.T.);
#5559 = EDGE_CURVE('',#5552,#5560,#5562,.T.);
#5560 = VERTEX_POINT('',#5561);
#5561 = CARTESIAN_POINT('',(-22.17440032959,-5.482550144196,
    11.800000190735));
#5562 = LINE('',#5563,#5564);
#5563 = CARTESIAN_POINT('',(-22.23609924316,-5.574999809265,
    11.800000190735));
#5564 = VECTOR('',#5565,1.);
#5565 = DIRECTION('',(0.555110002452,0.831776944366,0.));
#5566 = ORIENTED_EDGE('',*,*,#5567,.T.);
#5567 = EDGE_CURVE('',#5560,#5568,#5570,.T.);
#5568 = VERTEX_POINT('',#5569);
#5569 = CARTESIAN_POINT('',(-22.10099983215,-5.398960113525,
    11.800000190735));
#5570 = LINE('',#5571,#5572);
#5571 = CARTESIAN_POINT('',(-22.17440032959,-5.482550144196,
    11.800000190735));
#5572 = VECTOR('',#5573,1.);
#5573 = DIRECTION('',(0.659823369793,0.751420734792,0.));
#5574 = ORIENTED_EDGE('',*,*,#5575,.T.);
#5575 = EDGE_CURVE('',#5568,#5576,#5578,.T.);
#5576 = VERTEX_POINT('',#5577);
#5577 = CARTESIAN_POINT('',(-22.01740074157,-5.325650215149,
    11.800000190735));
#5578 = LINE('',#5579,#5580);
#5579 = CARTESIAN_POINT('',(-22.10099983215,-5.398960113525,
    11.800000190735));
#5580 = VECTOR('',#5581,1.);
#5581 = DIRECTION('',(0.751860031917,0.659322752835,0.));
#5582 = ORIENTED_EDGE('',*,*,#5583,.T.);
#5583 = EDGE_CURVE('',#5576,#5584,#5586,.T.);
#5584 = VERTEX_POINT('',#5585);
#5585 = CARTESIAN_POINT('',(-21.92499923706,-5.263879776001,
    11.800000190735));
#5586 = LINE('',#5587,#5588);
#5587 = CARTESIAN_POINT('',(-22.01740074157,-5.325650215149,
    11.800000190735));
#5588 = VECTOR('',#5589,1.);
#5589 = DIRECTION('',(0.83134603976,0.55575512789,0.));
#5590 = ORIENTED_EDGE('',*,*,#5591,.T.);
#5591 = EDGE_CURVE('',#5584,#5592,#5594,.T.);
#5592 = VERTEX_POINT('',#5593);
#5593 = CARTESIAN_POINT('',(-21.82530021667,-5.214700222015,
    11.800000190735));
#5594 = LINE('',#5595,#5596);
#5595 = CARTESIAN_POINT('',(-21.92499923706,-5.263879776001,
    11.800000190735));
#5596 = VECTOR('',#5597,1.);
#5597 = DIRECTION('',(0.896824785963,0.442385921208,0.));
#5598 = ORIENTED_EDGE('',*,*,#5599,.T.);
#5599 = EDGE_CURVE('',#5592,#5600,#5602,.T.);
#5600 = VERTEX_POINT('',#5601);
#5601 = CARTESIAN_POINT('',(-21.71999931335,-5.178959846497,
    11.800000190735));
#5602 = LINE('',#5603,#5604);
#5603 = CARTESIAN_POINT('',(-21.82530021667,-5.214700222015,
    11.800000190735));
#5604 = VECTOR('',#5605,1.);
#5605 = DIRECTION('',(0.946942349304,0.321403464658,0.));
#5606 = ORIENTED_EDGE('',*,*,#5607,.T.);
#5607 = EDGE_CURVE('',#5600,#5608,#5610,.T.);
#5608 = VERTEX_POINT('',#5609);
#5609 = CARTESIAN_POINT('',(-21.6109008789,-5.157269954681,
    11.800000190735));
#5610 = LINE('',#5611,#5612);
#5611 = CARTESIAN_POINT('',(-21.71999931335,-5.178959846497,
    11.800000190735));
#5612 = VECTOR('',#5613,1.);
#5613 = DIRECTION('',(0.980804431686,0.194994017308,0.));
#5614 = ORIENTED_EDGE('',*,*,#5615,.T.);
#5615 = EDGE_CURVE('',#5608,#5616,#5618,.T.);
#5616 = VERTEX_POINT('',#5617);
#5617 = CARTESIAN_POINT('',(-21.5,-5.150000095367,11.800000190735));
#5618 = LINE('',#5619,#5620);
#5619 = CARTESIAN_POINT('',(-21.6109008789,-5.157269954681,
    11.800000190735));
#5620 = VECTOR('',#5621,1.);
#5621 = DIRECTION('',(0.997858317371,6.541237232835E-02,0.));
#5622 = ORIENTED_EDGE('',*,*,#5623,.T.);
#5623 = EDGE_CURVE('',#5616,#5624,#5626,.T.);
#5624 = VERTEX_POINT('',#5625);
#5625 = CARTESIAN_POINT('',(-21.38909912109,-5.157269954681,
    11.800000190735));
#5626 = LINE('',#5627,#5628);
#5627 = CARTESIAN_POINT('',(-21.5,-5.150000095367,11.800000190735));
#5628 = VECTOR('',#5629,1.);
#5629 = DIRECTION('',(0.997858317371,-6.541237232835E-02,0.));
#5630 = ORIENTED_EDGE('',*,*,#5631,.T.);
#5631 = EDGE_CURVE('',#5624,#5632,#5634,.T.);
#5632 = VERTEX_POINT('',#5633);
#5633 = CARTESIAN_POINT('',(-21.28000068664,-5.178959846497,
    11.800000190735));
#5634 = LINE('',#5635,#5636);
#5635 = CARTESIAN_POINT('',(-21.38909912109,-5.157269954681,
    11.800000190735));
#5636 = VECTOR('',#5637,1.);
#5637 = DIRECTION('',(0.980804431686,-0.194994017308,0.));
#5638 = ORIENTED_EDGE('',*,*,#5639,.T.);
#5639 = EDGE_CURVE('',#5632,#5640,#5642,.T.);
#5640 = VERTEX_POINT('',#5641);
#5641 = CARTESIAN_POINT('',(-21.17469978332,-5.214700222015,
    11.800000190735));
#5642 = LINE('',#5643,#5644);
#5643 = CARTESIAN_POINT('',(-21.28000068664,-5.178959846497,
    11.800000190735));
#5644 = VECTOR('',#5645,1.);
#5645 = DIRECTION('',(0.946942349304,-0.321403464658,0.));
#5646 = ORIENTED_EDGE('',*,*,#5647,.T.);
#5647 = EDGE_CURVE('',#5640,#5648,#5650,.T.);
#5648 = VERTEX_POINT('',#5649);
#5649 = CARTESIAN_POINT('',(-21.07500076293,-5.263879776001,
    11.800000190735));
#5650 = LINE('',#5651,#5652);
#5651 = CARTESIAN_POINT('',(-21.17469978332,-5.214700222015,
    11.800000190735));
#5652 = VECTOR('',#5653,1.);
#5653 = DIRECTION('',(0.896824785963,-0.442385921208,0.));
#5654 = ORIENTED_EDGE('',*,*,#5655,.T.);
#5655 = EDGE_CURVE('',#5648,#5656,#5658,.T.);
#5656 = VERTEX_POINT('',#5657);
#5657 = CARTESIAN_POINT('',(-20.98259925842,-5.325650215149,
    11.800000190735));
#5658 = LINE('',#5659,#5660);
#5659 = CARTESIAN_POINT('',(-21.07500076293,-5.263879776001,
    11.800000190735));
#5660 = VECTOR('',#5661,1.);
#5661 = DIRECTION('',(0.83134603976,-0.55575512789,0.));
#5662 = ORIENTED_EDGE('',*,*,#5663,.T.);
#5663 = EDGE_CURVE('',#5656,#5061,#5664,.T.);
#5664 = LINE('',#5665,#5666);
#5665 = CARTESIAN_POINT('',(-20.98259925842,-5.325650215149,
    11.800000190735));
#5666 = VECTOR('',#5667,1.);
#5667 = DIRECTION('',(0.751860031917,-0.659322752835,0.));
#5668 = ORIENTED_EDGE('',*,*,#5086,.T.);
#5669 = ORIENTED_EDGE('',*,*,#5117,.T.);
#5670 = ORIENTED_EDGE('',*,*,#5671,.T.);
#5671 = EDGE_CURVE('',#5110,#5672,#5674,.T.);
#5672 = VERTEX_POINT('',#5673);
#5673 = CARTESIAN_POINT('',(-20.71470069885,-5.674719810486,
    11.800000190735));
#5674 = LINE('',#5675,#5676);
#5675 = CARTESIAN_POINT('',(-20.76390075683,-5.574999809265,
    11.800000190735));
#5676 = VECTOR('',#5677,1.);
#5677 = DIRECTION('',(0.442459368472,-0.896788552141,0.));
#5678 = ORIENTED_EDGE('',*,*,#5679,.T.);
#5679 = EDGE_CURVE('',#5672,#5680,#5682,.T.);
#5680 = VERTEX_POINT('',#5681);
#5681 = CARTESIAN_POINT('',(-20.67900085449,-5.780000209808,
    11.800000190735));
#5682 = LINE('',#5683,#5684);
#5683 = CARTESIAN_POINT('',(-20.71470069885,-5.674719810486,
    11.800000190735));
#5684 = VECTOR('',#5685,1.);
#5685 = DIRECTION('',(0.321132656535,-0.947034221613,0.));
#5686 = ORIENTED_EDGE('',*,*,#5687,.T.);
#5687 = EDGE_CURVE('',#5680,#5688,#5690,.T.);
#5688 = VERTEX_POINT('',#5689);
#5689 = CARTESIAN_POINT('',(-20.65730094909,-5.889050006866,
    11.800000190735));
#5690 = LINE('',#5691,#5692);
#5691 = CARTESIAN_POINT('',(-20.67900085449,-5.780000209808,
    11.800000190735));
#5692 = VECTOR('',#5693,1.);
#5693 = DIRECTION('',(0.195164309792,-0.980770560418,0.));
#5694 = ORIENTED_EDGE('',*,*,#5695,.T.);
#5695 = EDGE_CURVE('',#5688,#5696,#5698,.T.);
#5696 = VERTEX_POINT('',#5697);
#5697 = CARTESIAN_POINT('',(-20.64999961853,-6.,11.800000190735));
#5698 = LINE('',#5699,#5700);
#5699 = CARTESIAN_POINT('',(-20.65730094909,-5.889050006866,
    11.800000190735));
#5700 = VECTOR('',#5701,1.);
#5701 = DIRECTION('',(6.566536782298E-02,-0.997841700606,0.));
#5702 = ORIENTED_EDGE('',*,*,#5703,.T.);
#5703 = EDGE_CURVE('',#5696,#5704,#5706,.T.);
#5704 = VERTEX_POINT('',#5705);
#5705 = CARTESIAN_POINT('',(-20.65730094909,-6.110949993134,
    11.800000190735));
#5706 = LINE('',#5707,#5708);
#5707 = CARTESIAN_POINT('',(-20.64999961853,-6.,11.800000190735));
#5708 = VECTOR('',#5709,1.);
#5709 = DIRECTION('',(-6.566536782298E-02,-0.997841700606,0.));
#5710 = ORIENTED_EDGE('',*,*,#5711,.T.);
#5711 = EDGE_CURVE('',#5704,#5712,#5714,.T.);
#5712 = VERTEX_POINT('',#5713);
#5713 = CARTESIAN_POINT('',(-20.67900085449,-6.219999790192,
    11.800000190735));
#5714 = LINE('',#5715,#5716);
#5715 = CARTESIAN_POINT('',(-20.65730094909,-6.110949993134,
    11.800000190735));
#5716 = VECTOR('',#5717,1.);
#5717 = DIRECTION('',(-0.195164309792,-0.980770560418,0.));
#5718 = ORIENTED_EDGE('',*,*,#5719,.T.);
#5719 = EDGE_CURVE('',#5712,#5720,#5722,.T.);
#5720 = VERTEX_POINT('',#5721);
#5721 = CARTESIAN_POINT('',(-20.71470069885,-6.325280189514,
    11.800000190735));
#5722 = LINE('',#5723,#5724);
#5723 = CARTESIAN_POINT('',(-20.67900085449,-6.219999790192,
    11.800000190735));
#5724 = VECTOR('',#5725,1.);
#5725 = DIRECTION('',(-0.321132656535,-0.947034221613,0.));
#5726 = ORIENTED_EDGE('',*,*,#5727,.T.);
#5727 = EDGE_CURVE('',#5720,#5728,#5730,.T.);
#5728 = VERTEX_POINT('',#5729);
#5729 = CARTESIAN_POINT('',(-20.76390075683,-6.425000190735,
    11.800000190735));
#5730 = LINE('',#5731,#5732);
#5731 = CARTESIAN_POINT('',(-20.71470069885,-6.325280189514,
    11.800000190735));
#5732 = VECTOR('',#5733,1.);
#5733 = DIRECTION('',(-0.442459368472,-0.896788552141,0.));
#5734 = ORIENTED_EDGE('',*,*,#5735,.T.);
#5735 = EDGE_CURVE('',#5728,#5736,#5738,.T.);
#5736 = VERTEX_POINT('',#5737);
#5737 = CARTESIAN_POINT('',(-20.82559967041,-6.517449855804,
    11.800000190735));
#5738 = LINE('',#5739,#5740);
#5739 = CARTESIAN_POINT('',(-20.76390075683,-6.425000190735,
    11.800000190735));
#5740 = VECTOR('',#5741,1.);
#5741 = DIRECTION('',(-0.555110002452,-0.831776944366,0.));
#5742 = ORIENTED_EDGE('',*,*,#5743,.T.);
#5743 = EDGE_CURVE('',#5736,#5744,#5746,.T.);
#5744 = VERTEX_POINT('',#5745);
#5745 = CARTESIAN_POINT('',(-20.89900016784,-6.601039886475,
    11.800000190735));
#5746 = LINE('',#5747,#5748);
#5747 = CARTESIAN_POINT('',(-20.82559967041,-6.517449855804,
    11.800000190735));
#5748 = VECTOR('',#5749,1.);
#5749 = DIRECTION('',(-0.659823369793,-0.751420734792,0.));
#5750 = ORIENTED_EDGE('',*,*,#5751,.T.);
#5751 = EDGE_CURVE('',#5744,#5752,#5754,.T.);
#5752 = VERTEX_POINT('',#5753);
#5753 = CARTESIAN_POINT('',(-20.98259925842,-6.674349784851,
    11.800000190735));
#5754 = LINE('',#5755,#5756);
#5755 = CARTESIAN_POINT('',(-20.89900016784,-6.601039886475,
    11.800000190735));
#5756 = VECTOR('',#5757,1.);
#5757 = DIRECTION('',(-0.751860031917,-0.659322752835,0.));
#5758 = ORIENTED_EDGE('',*,*,#5759,.T.);
#5759 = EDGE_CURVE('',#5752,#5760,#5762,.T.);
#5760 = VERTEX_POINT('',#5761);
#5761 = CARTESIAN_POINT('',(-21.07500076293,-6.736120223999,
    11.800000190735));
#5762 = LINE('',#5763,#5764);
#5763 = CARTESIAN_POINT('',(-20.98259925842,-6.674349784851,
    11.800000190735));
#5764 = VECTOR('',#5765,1.);
#5765 = DIRECTION('',(-0.83134603976,-0.55575512789,0.));
#5766 = ORIENTED_EDGE('',*,*,#5767,.T.);
#5767 = EDGE_CURVE('',#5760,#5768,#5770,.T.);
#5768 = VERTEX_POINT('',#5769);
#5769 = CARTESIAN_POINT('',(-21.17469978332,-6.785299777985,
    11.800000190735));
#5770 = LINE('',#5771,#5772);
#5771 = CARTESIAN_POINT('',(-21.07500076293,-6.736120223999,
    11.800000190735));
#5772 = VECTOR('',#5773,1.);
#5773 = DIRECTION('',(-0.896824785963,-0.442385921208,0.));
#5774 = ORIENTED_EDGE('',*,*,#5775,.T.);
#5775 = EDGE_CURVE('',#5768,#5776,#5778,.T.);
#5776 = VERTEX_POINT('',#5777);
#5777 = CARTESIAN_POINT('',(-21.28000068664,-6.821040153503,
    11.800000190735));
#5778 = LINE('',#5779,#5780);
#5779 = CARTESIAN_POINT('',(-21.17469978332,-6.785299777985,
    11.800000190735));
#5780 = VECTOR('',#5781,1.);
#5781 = DIRECTION('',(-0.946942349304,-0.321403464658,0.));
#5782 = ORIENTED_EDGE('',*,*,#5783,.T.);
#5783 = EDGE_CURVE('',#5776,#5784,#5786,.T.);
#5784 = VERTEX_POINT('',#5785);
#5785 = CARTESIAN_POINT('',(-21.38909912109,-6.842730045319,
    11.800000190735));
#5786 = LINE('',#5787,#5788);
#5787 = CARTESIAN_POINT('',(-21.28000068664,-6.821040153503,
    11.800000190735));
#5788 = VECTOR('',#5789,1.);
#5789 = DIRECTION('',(-0.980804431686,-0.194994017308,0.));
#5790 = ORIENTED_EDGE('',*,*,#5791,.T.);
#5791 = EDGE_CURVE('',#5784,#5792,#5794,.T.);
#5792 = VERTEX_POINT('',#5793);
#5793 = CARTESIAN_POINT('',(-21.5,-6.849999904633,11.800000190735));
#5794 = LINE('',#5795,#5796);
#5795 = CARTESIAN_POINT('',(-21.38909912109,-6.842730045319,
    11.800000190735));
#5796 = VECTOR('',#5797,1.);
#5797 = DIRECTION('',(-0.997858317371,-6.541237232835E-02,0.));
#5798 = ORIENTED_EDGE('',*,*,#5799,.T.);
#5799 = EDGE_CURVE('',#5792,#5800,#5802,.T.);
#5800 = VERTEX_POINT('',#5801);
#5801 = CARTESIAN_POINT('',(-21.6109008789,-6.842730045319,
    11.800000190735));
#5802 = LINE('',#5803,#5804);
#5803 = CARTESIAN_POINT('',(-21.5,-6.849999904633,11.800000190735));
#5804 = VECTOR('',#5805,1.);
#5805 = DIRECTION('',(-0.997858317371,6.541237232835E-02,0.));
#5806 = ORIENTED_EDGE('',*,*,#5807,.T.);
#5807 = EDGE_CURVE('',#5800,#5808,#5810,.T.);
#5808 = VERTEX_POINT('',#5809);
#5809 = CARTESIAN_POINT('',(-21.71999931335,-6.821040153503,
    11.800000190735));
#5810 = LINE('',#5811,#5812);
#5811 = CARTESIAN_POINT('',(-21.6109008789,-6.842730045319,
    11.800000190735));
#5812 = VECTOR('',#5813,1.);
#5813 = DIRECTION('',(-0.980804431686,0.194994017308,0.));
#5814 = ORIENTED_EDGE('',*,*,#5815,.T.);
#5815 = EDGE_CURVE('',#5808,#5816,#5818,.T.);
#5816 = VERTEX_POINT('',#5817);
#5817 = CARTESIAN_POINT('',(-21.82530021667,-6.785299777985,
    11.800000190735));
#5818 = LINE('',#5819,#5820);
#5819 = CARTESIAN_POINT('',(-21.71999931335,-6.821040153503,
    11.800000190735));
#5820 = VECTOR('',#5821,1.);
#5821 = DIRECTION('',(-0.946942349304,0.321403464658,0.));
#5822 = ORIENTED_EDGE('',*,*,#5823,.T.);
#5823 = EDGE_CURVE('',#5816,#5824,#5826,.T.);
#5824 = VERTEX_POINT('',#5825);
#5825 = CARTESIAN_POINT('',(-21.92499923706,-6.736120223999,
    11.800000190735));
#5826 = LINE('',#5827,#5828);
#5827 = CARTESIAN_POINT('',(-21.82530021667,-6.785299777985,
    11.800000190735));
#5828 = VECTOR('',#5829,1.);
#5829 = DIRECTION('',(-0.896824785963,0.442385921208,0.));
#5830 = ORIENTED_EDGE('',*,*,#5831,.T.);
#5831 = EDGE_CURVE('',#5824,#5832,#5834,.T.);
#5832 = VERTEX_POINT('',#5833);
#5833 = CARTESIAN_POINT('',(-22.01740074157,-6.674349784851,
    11.800000190735));
#5834 = LINE('',#5835,#5836);
#5835 = CARTESIAN_POINT('',(-21.92499923706,-6.736120223999,
    11.800000190735));
#5836 = VECTOR('',#5837,1.);
#5837 = DIRECTION('',(-0.83134603976,0.55575512789,0.));
#5838 = ORIENTED_EDGE('',*,*,#5839,.T.);
#5839 = EDGE_CURVE('',#5832,#5840,#5842,.T.);
#5840 = VERTEX_POINT('',#5841);
#5841 = CARTESIAN_POINT('',(-22.10099983215,-6.601039886475,
    11.800000190735));
#5842 = LINE('',#5843,#5844);
#5843 = CARTESIAN_POINT('',(-22.01740074157,-6.674349784851,
    11.800000190735));
#5844 = VECTOR('',#5845,1.);
#5845 = DIRECTION('',(-0.751860031917,0.659322752835,0.));
#5846 = ORIENTED_EDGE('',*,*,#5847,.T.);
#5847 = EDGE_CURVE('',#5840,#5848,#5850,.T.);
#5848 = VERTEX_POINT('',#5849);
#5849 = CARTESIAN_POINT('',(-22.17440032959,-6.517449855804,
    11.800000190735));
#5850 = LINE('',#5851,#5852);
#5851 = CARTESIAN_POINT('',(-22.10099983215,-6.601039886475,
    11.800000190735));
#5852 = VECTOR('',#5853,1.);
#5853 = DIRECTION('',(-0.659823369793,0.751420734792,0.));
#5854 = ORIENTED_EDGE('',*,*,#5855,.T.);
#5855 = EDGE_CURVE('',#5848,#5856,#5858,.T.);
#5856 = VERTEX_POINT('',#5857);
#5857 = CARTESIAN_POINT('',(-22.23609924316,-6.425000190735,
    11.800000190735));
#5858 = LINE('',#5859,#5860);
#5859 = CARTESIAN_POINT('',(-22.17440032959,-6.517449855804,
    11.800000190735));
#5860 = VECTOR('',#5861,1.);
#5861 = DIRECTION('',(-0.555110002452,0.831776944366,0.));
#5862 = ORIENTED_EDGE('',*,*,#5863,.T.);
#5863 = EDGE_CURVE('',#5856,#5864,#5866,.T.);
#5864 = VERTEX_POINT('',#5865);
#5865 = CARTESIAN_POINT('',(-22.28529930114,-6.325280189514,
    11.800000190735));
#5866 = LINE('',#5867,#5868);
#5867 = CARTESIAN_POINT('',(-22.23609924316,-6.425000190735,
    11.800000190735));
#5868 = VECTOR('',#5869,1.);
#5869 = DIRECTION('',(-0.442459368472,0.896788552141,0.));
#5870 = ORIENTED_EDGE('',*,*,#5871,.T.);
#5871 = EDGE_CURVE('',#5864,#5872,#5874,.T.);
#5872 = VERTEX_POINT('',#5873);
#5873 = CARTESIAN_POINT('',(-22.3209991455,-6.219999790192,
    11.800000190735));
#5874 = LINE('',#5875,#5876);
#5875 = CARTESIAN_POINT('',(-22.28529930114,-6.325280189514,
    11.800000190735));
#5876 = VECTOR('',#5877,1.);
#5877 = DIRECTION('',(-0.321132656535,0.947034221613,0.));
#5878 = ORIENTED_EDGE('',*,*,#5879,.T.);
#5879 = EDGE_CURVE('',#5872,#5518,#5880,.T.);
#5880 = LINE('',#5881,#5882);
#5881 = CARTESIAN_POINT('',(-22.3209991455,-6.219999790192,
    11.800000190735));
#5882 = VECTOR('',#5883,1.);
#5883 = DIRECTION('',(-0.195164309792,0.980770560418,0.));
#5884 = PLANE('',#5885);
#5885 = AXIS2_PLACEMENT_3D('',#5886,#5887,#5888);
#5886 = CARTESIAN_POINT('',(-21.5,-5.999999969462,11.800000190735));
#5887 = DIRECTION('',(0.,0.,1.));
#5888 = DIRECTION('',(1.,0.,-0.));
#5889 = ADVANCED_FACE('',(#5890),#5915,.T.);
#5890 = FACE_BOUND('',#5891,.T.);
#5891 = EDGE_LOOP('',(#5892,#5900,#5908,#5914));
#5892 = ORIENTED_EDGE('',*,*,#5893,.T.);
#5893 = EDGE_CURVE('',#5672,#5894,#5896,.T.);
#5894 = VERTEX_POINT('',#5895);
#5895 = CARTESIAN_POINT('',(-20.71470069885,-5.674719810486,
    2.799999952316));
#5896 = LINE('',#5897,#5898);
#5897 = CARTESIAN_POINT('',(-20.71470069885,-5.674719810486,
    11.800000190735));
#5898 = VECTOR('',#5899,1.);
#5899 = DIRECTION('',(0.,0.,-1.));
#5900 = ORIENTED_EDGE('',*,*,#5901,.T.);
#5901 = EDGE_CURVE('',#5894,#5902,#5904,.T.);
#5902 = VERTEX_POINT('',#5903);
#5903 = CARTESIAN_POINT('',(-20.67900085449,-5.780000209808,
    2.799999952316));
#5904 = LINE('',#5905,#5906);
#5905 = CARTESIAN_POINT('',(-20.71470069885,-5.674719810486,
    2.799999952316));
#5906 = VECTOR('',#5907,1.);
#5907 = DIRECTION('',(0.321132656535,-0.947034221613,0.));
#5908 = ORIENTED_EDGE('',*,*,#5909,.F.);
#5909 = EDGE_CURVE('',#5680,#5902,#5910,.T.);
#5910 = LINE('',#5911,#5912);
#5911 = CARTESIAN_POINT('',(-20.67900085449,-5.780000209808,
    11.800000190735));
#5912 = VECTOR('',#5913,1.);
#5913 = DIRECTION('',(0.,0.,-1.));
#5914 = ORIENTED_EDGE('',*,*,#5679,.F.);
#5915 = PLANE('',#5916);
#5916 = AXIS2_PLACEMENT_3D('',#5917,#5918,#5919);
#5917 = CARTESIAN_POINT('',(-20.69685077667,-5.727360010147,
    7.300000071526));
#5918 = DIRECTION('',(-0.947034221613,-0.321132656535,-0.));
#5919 = DIRECTION('',(0.321132656535,-0.947034221613,0.));
#5920 = ADVANCED_FACE('',(#5921),#5939,.T.);
#5921 = FACE_BOUND('',#5922,.T.);
#5922 = EDGE_LOOP('',(#5923,#5924,#5932,#5938));
#5923 = ORIENTED_EDGE('',*,*,#5909,.T.);
#5924 = ORIENTED_EDGE('',*,*,#5925,.T.);
#5925 = EDGE_CURVE('',#5902,#5926,#5928,.T.);
#5926 = VERTEX_POINT('',#5927);
#5927 = CARTESIAN_POINT('',(-20.65730094909,-5.889050006866,
    2.799999952316));
#5928 = LINE('',#5929,#5930);
#5929 = CARTESIAN_POINT('',(-20.67900085449,-5.780000209808,
    2.799999952316));
#5930 = VECTOR('',#5931,1.);
#5931 = DIRECTION('',(0.195164309792,-0.980770560418,0.));
#5932 = ORIENTED_EDGE('',*,*,#5933,.T.);
#5933 = EDGE_CURVE('',#5926,#5688,#5934,.T.);
#5934 = LINE('',#5935,#5936);
#5935 = CARTESIAN_POINT('',(-20.65730094909,-5.889050006866,
    2.799999952316));
#5936 = VECTOR('',#5937,1.);
#5937 = DIRECTION('',(0.,0.,1.));
#5938 = ORIENTED_EDGE('',*,*,#5687,.F.);
#5939 = PLANE('',#5940);
#5940 = AXIS2_PLACEMENT_3D('',#5941,#5942,#5943);
#5941 = CARTESIAN_POINT('',(-20.66815090179,-5.834525108337,
    7.300000071526));
#5942 = DIRECTION('',(-0.980770560418,-0.195164309792,-0.));
#5943 = DIRECTION('',(0.195164309792,-0.980770560418,0.));
#5944 = ADVANCED_FACE('',(#5945),#5970,.T.);
#5945 = FACE_BOUND('',#5946,.T.);
#5946 = EDGE_LOOP('',(#5947,#5955,#5963,#5969));
#5947 = ORIENTED_EDGE('',*,*,#5948,.T.);
#5948 = EDGE_CURVE('',#5712,#5949,#5951,.T.);
#5949 = VERTEX_POINT('',#5950);
#5950 = CARTESIAN_POINT('',(-20.67900085449,-6.219999790192,
    2.799999952316));
#5951 = LINE('',#5952,#5953);
#5952 = CARTESIAN_POINT('',(-20.67900085449,-6.219999790192,
    11.800000190735));
#5953 = VECTOR('',#5954,1.);
#5954 = DIRECTION('',(0.,0.,-1.));
#5955 = ORIENTED_EDGE('',*,*,#5956,.T.);
#5956 = EDGE_CURVE('',#5949,#5957,#5959,.T.);
#5957 = VERTEX_POINT('',#5958);
#5958 = CARTESIAN_POINT('',(-20.71470069885,-6.325280189514,
    2.799999952316));
#5959 = LINE('',#5960,#5961);
#5960 = CARTESIAN_POINT('',(-20.67900085449,-6.219999790192,
    2.799999952316));
#5961 = VECTOR('',#5962,1.);
#5962 = DIRECTION('',(-0.321132656535,-0.947034221613,0.));
#5963 = ORIENTED_EDGE('',*,*,#5964,.T.);
#5964 = EDGE_CURVE('',#5957,#5720,#5965,.T.);
#5965 = LINE('',#5966,#5967);
#5966 = CARTESIAN_POINT('',(-20.71470069885,-6.325280189514,
    2.799999952316));
#5967 = VECTOR('',#5968,1.);
#5968 = DIRECTION('',(0.,0.,1.));
#5969 = ORIENTED_EDGE('',*,*,#5719,.F.);
#5970 = PLANE('',#5971);
#5971 = AXIS2_PLACEMENT_3D('',#5972,#5973,#5974);
#5972 = CARTESIAN_POINT('',(-20.69685077667,-6.272639989853,
    7.300000071526));
#5973 = DIRECTION('',(-0.947034221613,0.321132656535,-0.));
#5974 = DIRECTION('',(-0.321132656535,-0.947034221613,0.));
#5975 = ADVANCED_FACE('',(#5976),#6001,.T.);
#5976 = FACE_BOUND('',#5977,.T.);
#5977 = EDGE_LOOP('',(#5978,#5986,#5994,#6000));
#5978 = ORIENTED_EDGE('',*,*,#5979,.T.);
#5979 = EDGE_CURVE('',#5728,#5980,#5982,.T.);
#5980 = VERTEX_POINT('',#5981);
#5981 = CARTESIAN_POINT('',(-20.76390075683,-6.425000190735,
    2.799999952316));
#5982 = LINE('',#5983,#5984);
#5983 = CARTESIAN_POINT('',(-20.76390075683,-6.425000190735,
    11.800000190735));
#5984 = VECTOR('',#5985,1.);
#5985 = DIRECTION('',(0.,0.,-1.));
#5986 = ORIENTED_EDGE('',*,*,#5987,.T.);
#5987 = EDGE_CURVE('',#5980,#5988,#5990,.T.);
#5988 = VERTEX_POINT('',#5989);
#5989 = CARTESIAN_POINT('',(-20.82559967041,-6.517449855804,
    2.799999952316));
#5990 = LINE('',#5991,#5992);
#5991 = CARTESIAN_POINT('',(-20.76390075683,-6.425000190735,
    2.799999952316));
#5992 = VECTOR('',#5993,1.);
#5993 = DIRECTION('',(-0.555110002452,-0.831776944366,0.));
#5994 = ORIENTED_EDGE('',*,*,#5995,.T.);
#5995 = EDGE_CURVE('',#5988,#5736,#5996,.T.);
#5996 = LINE('',#5997,#5998);
#5997 = CARTESIAN_POINT('',(-20.82559967041,-6.517449855804,
    2.799999952316));
#5998 = VECTOR('',#5999,1.);
#5999 = DIRECTION('',(0.,0.,1.));
#6000 = ORIENTED_EDGE('',*,*,#5735,.F.);
#6001 = PLANE('',#6002);
#6002 = AXIS2_PLACEMENT_3D('',#6003,#6004,#6005);
#6003 = CARTESIAN_POINT('',(-20.79475021362,-6.47122502327,
    7.300000071526));
#6004 = DIRECTION('',(-0.831776944366,0.555110002452,-0.));
#6005 = DIRECTION('',(-0.555110002452,-0.831776944366,0.));
#6006 = ADVANCED_FACE('',(#6007),#6023,.T.);
#6007 = FACE_BOUND('',#6008,.T.);
#6008 = EDGE_LOOP('',(#6009,#6010,#6016,#6017));
#6009 = ORIENTED_EDGE('',*,*,#5421,.T.);
#6010 = ORIENTED_EDGE('',*,*,#6011,.T.);
#6011 = EDGE_CURVE('',#5414,#4295,#6012,.T.);
#6012 = LINE('',#6013,#6014);
#6013 = CARTESIAN_POINT('',(-21.85890007019,-3.273530006409,
    11.800000190735));
#6014 = VECTOR('',#6015,1.);
#6015 = DIRECTION('',(0.,0.,-1.));
#6016 = ORIENTED_EDGE('',*,*,#4294,.F.);
#6017 = ORIENTED_EDGE('',*,*,#6018,.F.);
#6018 = EDGE_CURVE('',#5422,#4287,#6019,.T.);
#6019 = LINE('',#6020,#6021);
#6020 = CARTESIAN_POINT('',(-22.21179962158,-3.343699932098,
    11.800000190735));
#6021 = VECTOR('',#6022,1.);
#6022 = DIRECTION('',(0.,0.,-1.));
#6023 = PLANE('',#6024);
#6024 = AXIS2_PLACEMENT_3D('',#6025,#6026,#6027);
#6025 = CARTESIAN_POINT('',(-22.03534984588,-3.308614969254,
    6.299999594688));
#6026 = DIRECTION('',(-0.195020384565,0.980799189235,0.));
#6027 = DIRECTION('',(0.980799189235,0.195020384565,0.));
#6028 = ADVANCED_FACE('',(#6029),#6045,.T.);
#6029 = FACE_BOUND('',#6030,.T.);
#6030 = EDGE_LOOP('',(#6031,#6032,#6038,#6039));
#6031 = ORIENTED_EDGE('',*,*,#5405,.T.);
#6032 = ORIENTED_EDGE('',*,*,#6033,.T.);
#6033 = EDGE_CURVE('',#5398,#4311,#6034,.T.);
#6034 = LINE('',#6035,#6036);
#6035 = CARTESIAN_POINT('',(-21.14109992981,-3.273530006409,
    11.800000190735));
#6036 = VECTOR('',#6037,1.);
#6037 = DIRECTION('',(0.,0.,-1.));
#6038 = ORIENTED_EDGE('',*,*,#4310,.F.);
#6039 = ORIENTED_EDGE('',*,*,#6040,.T.);
#6040 = EDGE_CURVE('',#4303,#5406,#6041,.T.);
#6041 = LINE('',#6042,#6043);
#6042 = CARTESIAN_POINT('',(-21.5,-3.25,0.799998998642));
#6043 = VECTOR('',#6044,1.);
#6044 = DIRECTION('',(0.,0.,1.));
#6045 = PLANE('',#6046);
#6046 = AXIS2_PLACEMENT_3D('',#6047,#6048,#6049);
#6047 = CARTESIAN_POINT('',(-21.3205499649,-3.261765003204,
    6.299999594688));
#6048 = DIRECTION('',(6.542099390217E-02,0.997857752166,0.));
#6049 = DIRECTION('',(0.997857752166,-6.542099390217E-02,0.));
#6050 = ADVANCED_FACE('',(#6051),#6067,.T.);
#6051 = FACE_BOUND('',#6052,.T.);
#6052 = EDGE_LOOP('',(#6053,#6059,#6060,#6066));
#6053 = ORIENTED_EDGE('',*,*,#6054,.T.);
#6054 = EDGE_CURVE('',#4359,#5350,#6055,.T.);
#6055 = LINE('',#6056,#6057);
#6056 = CARTESIAN_POINT('',(-19.31830024719,-4.3259100914,0.799998998642
    ));
#6057 = VECTOR('',#6058,1.);
#6058 = DIRECTION('',(0.,0.,1.));
#6059 = ORIENTED_EDGE('',*,*,#5349,.T.);
#6060 = ORIENTED_EDGE('',*,*,#6061,.F.);
#6061 = EDGE_CURVE('',#4367,#5342,#6062,.T.);
#6062 = LINE('',#6063,#6064);
#6063 = CARTESIAN_POINT('',(-19.11840057373,-4.625,0.799998998642));
#6064 = VECTOR('',#6065,1.);
#6065 = DIRECTION('',(0.,0.,1.));
#6066 = ORIENTED_EDGE('',*,*,#4366,.F.);
#6067 = PLANE('',#6068);
#6068 = AXIS2_PLACEMENT_3D('',#6069,#6070,#6071);
#6069 = CARTESIAN_POINT('',(-19.21835041046,-4.4754550457,6.299999594688
    ));
#6070 = DIRECTION('',(0.831400026738,0.555674361061,0.));
#6071 = DIRECTION('',(-0.555674361061,0.831400026738,0.));
#6072 = ADVANCED_FACE('',(#6073),#6089,.T.);
#6073 = FACE_BOUND('',#6074,.T.);
#6074 = EDGE_LOOP('',(#6075,#6076,#6082,#6083));
#6075 = ORIENTED_EDGE('',*,*,#5213,.T.);
#6076 = ORIENTED_EDGE('',*,*,#6077,.T.);
#6077 = EDGE_CURVE('',#5206,#4503,#6078,.T.);
#6078 = LINE('',#6079,#6080);
#6079 = CARTESIAN_POINT('',(-21.85890007019,-8.726469993591,
    11.800000190735));
#6080 = VECTOR('',#6081,1.);
#6081 = DIRECTION('',(0.,0.,-1.));
#6082 = ORIENTED_EDGE('',*,*,#4502,.F.);
#6083 = ORIENTED_EDGE('',*,*,#6084,.F.);
#6084 = EDGE_CURVE('',#5214,#4495,#6085,.T.);
#6085 = LINE('',#6086,#6087);
#6086 = CARTESIAN_POINT('',(-21.5,-8.75,11.800000190735));
#6087 = VECTOR('',#6088,1.);
#6088 = DIRECTION('',(0.,0.,-1.));
#6089 = PLANE('',#6090);
#6090 = AXIS2_PLACEMENT_3D('',#6091,#6092,#6093);
#6091 = CARTESIAN_POINT('',(-21.67945003509,-8.738234996796,
    6.299999594688));
#6092 = DIRECTION('',(-6.542099390217E-02,-0.997857752166,-0.));
#6093 = DIRECTION('',(-0.997857752166,6.542099390217E-02,0.));
#6094 = ADVANCED_FACE('',(#6095),#6111,.T.);
#6095 = FACE_BOUND('',#6096,.T.);
#6096 = EDGE_LOOP('',(#6097,#6098,#6104,#6105));
#6097 = ORIENTED_EDGE('',*,*,#5181,.T.);
#6098 = ORIENTED_EDGE('',*,*,#6099,.T.);
#6099 = EDGE_CURVE('',#5174,#4535,#6100,.T.);
#6100 = LINE('',#6101,#6102);
#6101 = CARTESIAN_POINT('',(-23.17410087585,-8.181719779968,
    11.800000190735));
#6102 = VECTOR('',#6103,1.);
#6103 = DIRECTION('',(0.,0.,-1.));
#6104 = ORIENTED_EDGE('',*,*,#4534,.F.);
#6105 = ORIENTED_EDGE('',*,*,#6106,.F.);
#6106 = EDGE_CURVE('',#5182,#4527,#6107,.T.);
#6107 = LINE('',#6108,#6109);
#6108 = CARTESIAN_POINT('',(-22.875,-8.381569862366,11.800000190735));
#6109 = VECTOR('',#6110,1.);
#6110 = DIRECTION('',(0.,0.,-1.));
#6111 = PLANE('',#6112);
#6112 = AXIS2_PLACEMENT_3D('',#6113,#6114,#6115);
#6113 = CARTESIAN_POINT('',(-23.02455043792,-8.281644821167,
    6.299999594688));
#6114 = DIRECTION('',(-0.555564979717,-0.831473122423,-0.));
#6115 = DIRECTION('',(-0.831473122423,0.555564979717,0.));
#6116 = ADVANCED_FACE('',(#6117),#6133,.T.);
#6117 = FACE_BOUND('',#6118,.T.);
#6118 = EDGE_LOOP('',(#6119,#6120,#6126,#6127));
#6119 = ORIENTED_EDGE('',*,*,#5253,.T.);
#6120 = ORIENTED_EDGE('',*,*,#6121,.T.);
#6121 = EDGE_CURVE('',#5246,#4463,#6122,.T.);
#6122 = LINE('',#6123,#6124);
#6123 = CARTESIAN_POINT('',(-20.125,-8.381569862366,11.800000190735));
#6124 = VECTOR('',#6125,1.);
#6125 = DIRECTION('',(0.,0.,-1.));
#6126 = ORIENTED_EDGE('',*,*,#4462,.F.);
#6127 = ORIENTED_EDGE('',*,*,#6128,.T.);
#6128 = EDGE_CURVE('',#4455,#5254,#6129,.T.);
#6129 = LINE('',#6130,#6131);
#6130 = CARTESIAN_POINT('',(-19.82589912414,-8.181719779968,
    0.799998998642));
#6131 = VECTOR('',#6132,1.);
#6132 = DIRECTION('',(0.,0.,1.));
#6133 = PLANE('',#6134);
#6134 = AXIS2_PLACEMENT_3D('',#6135,#6136,#6137);
#6135 = CARTESIAN_POINT('',(-19.97544956207,-8.281644821167,
    6.299999594688));
#6136 = DIRECTION('',(0.555564979717,-0.831473122423,-0.));
#6137 = DIRECTION('',(-0.831473122423,-0.555564979717,0.));
#6138 = ADVANCED_FACE('',(#6139),#6150,.T.);
#6139 = FACE_BOUND('',#6140,.T.);
#6140 = EDGE_LOOP('',(#6141,#6142,#6143,#6144));
#6141 = ORIENTED_EDGE('',*,*,#5189,.T.);
#6142 = ORIENTED_EDGE('',*,*,#6106,.T.);
#6143 = ORIENTED_EDGE('',*,*,#4526,.F.);
#6144 = ORIENTED_EDGE('',*,*,#6145,.T.);
#6145 = EDGE_CURVE('',#4519,#5190,#6146,.T.);
#6146 = LINE('',#6147,#6148);
#6147 = CARTESIAN_POINT('',(-22.55240058898,-8.540670394897,
    0.799998998642));
#6148 = VECTOR('',#6149,1.);
#6149 = DIRECTION('',(0.,0.,1.));
#6150 = PLANE('',#6151);
#6151 = AXIS2_PLACEMENT_3D('',#6152,#6153,#6154);
#6152 = CARTESIAN_POINT('',(-22.71370029449,-8.461120128632,
    6.299999594688));
#6153 = DIRECTION('',(-0.442315767895,-0.896859387792,-0.));
#6154 = DIRECTION('',(-0.896859387792,0.442315767895,0.));
#6155 = ADVANCED_FACE('',(#6156),#6167,.T.);
#6156 = FACE_BOUND('',#6157,.T.);
#6157 = EDGE_LOOP('',(#6158,#6159,#6160,#6161));
#6158 = ORIENTED_EDGE('',*,*,#5429,.T.);
#6159 = ORIENTED_EDGE('',*,*,#6018,.T.);
#6160 = ORIENTED_EDGE('',*,*,#4286,.F.);
#6161 = ORIENTED_EDGE('',*,*,#6162,.F.);
#6162 = EDGE_CURVE('',#5430,#4279,#6163,.T.);
#6163 = LINE('',#6164,#6165);
#6164 = CARTESIAN_POINT('',(-22.55240058898,-3.45933008194,
    11.800000190735));
#6165 = VECTOR('',#6166,1.);
#6166 = DIRECTION('',(0.,0.,-1.));
#6167 = PLANE('',#6168);
#6168 = AXIS2_PLACEMENT_3D('',#6169,#6170,#6171);
#6169 = CARTESIAN_POINT('',(-22.38210010528,-3.401515007019,
    6.299999594688));
#6170 = DIRECTION('',(-0.32146863418,0.946920227494,0.));
#6171 = DIRECTION('',(0.946920227494,0.32146863418,0.));
#6172 = ADVANCED_FACE('',(#6173),#6189,.T.);
#6173 = FACE_BOUND('',#6174,.T.);
#6174 = EDGE_LOOP('',(#6175,#6176,#6182,#6183));
#6175 = ORIENTED_EDGE('',*,*,#5453,.T.);
#6176 = ORIENTED_EDGE('',*,*,#6177,.T.);
#6177 = EDGE_CURVE('',#5446,#4263,#6178,.T.);
#6178 = LINE('',#6179,#6180);
#6179 = CARTESIAN_POINT('',(-23.17410087585,-3.818279981613,
    11.800000190735));
#6180 = VECTOR('',#6181,1.);
#6181 = DIRECTION('',(0.,0.,-1.));
#6182 = ORIENTED_EDGE('',*,*,#4262,.F.);
#6183 = ORIENTED_EDGE('',*,*,#6184,.T.);
#6184 = EDGE_CURVE('',#4255,#5454,#6185,.T.);
#6185 = LINE('',#6186,#6187);
#6186 = CARTESIAN_POINT('',(-23.44449996948,-4.055459976196,
    0.799998998642));
#6187 = VECTOR('',#6188,1.);
#6188 = DIRECTION('',(0.,0.,1.));
#6189 = PLANE('',#6190);
#6190 = AXIS2_PLACEMENT_3D('',#6191,#6192,#6193);
#6191 = CARTESIAN_POINT('',(-23.30930042266,-3.936869978905,
    6.299999594688));
#6192 = DIRECTION('',(-0.659418660349,0.751775917666,0.));
#6193 = DIRECTION('',(0.751775917666,0.659418660349,0.));
#6194 = ADVANCED_FACE('',(#6195),#6206,.T.);
#6195 = FACE_BOUND('',#6196,.T.);
#6196 = EDGE_LOOP('',(#6197,#6198,#6199,#6200));
#6197 = ORIENTED_EDGE('',*,*,#5221,.T.);
#6198 = ORIENTED_EDGE('',*,*,#6084,.T.);
#6199 = ORIENTED_EDGE('',*,*,#4494,.F.);
#6200 = ORIENTED_EDGE('',*,*,#6201,.F.);
#6201 = EDGE_CURVE('',#5222,#4487,#6202,.T.);
#6202 = LINE('',#6203,#6204);
#6203 = CARTESIAN_POINT('',(-21.14109992981,-8.726469993591,
    11.800000190735));
#6204 = VECTOR('',#6205,1.);
#6205 = DIRECTION('',(0.,0.,-1.));
#6206 = PLANE('',#6207);
#6207 = AXIS2_PLACEMENT_3D('',#6208,#6209,#6210);
#6208 = CARTESIAN_POINT('',(-21.3205499649,-8.738234996796,
    6.299999594688));
#6209 = DIRECTION('',(6.542099390217E-02,-0.997857752166,-0.));
#6210 = DIRECTION('',(-0.997857752166,-6.542099390217E-02,0.));
#6211 = ADVANCED_FACE('',(#6212),#6228,.T.);
#6212 = FACE_BOUND('',#6213,.T.);
#6213 = EDGE_LOOP('',(#6214,#6215,#6221,#6222));
#6214 = ORIENTED_EDGE('',*,*,#5365,.T.);
#6215 = ORIENTED_EDGE('',*,*,#6216,.T.);
#6216 = EDGE_CURVE('',#5358,#4351,#6217,.T.);
#6217 = LINE('',#6218,#6219);
#6218 = CARTESIAN_POINT('',(-19.55550003051,-4.055459976196,
    11.800000190735));
#6219 = VECTOR('',#6220,1.);
#6220 = DIRECTION('',(0.,0.,-1.));
#6221 = ORIENTED_EDGE('',*,*,#4350,.F.);
#6222 = ORIENTED_EDGE('',*,*,#6223,.F.);
#6223 = EDGE_CURVE('',#5366,#4343,#6224,.T.);
#6224 = LINE('',#6225,#6226);
#6225 = CARTESIAN_POINT('',(-19.82589912414,-3.818279981613,
    11.800000190735));
#6226 = VECTOR('',#6227,1.);
#6227 = DIRECTION('',(0.,0.,-1.));
#6228 = PLANE('',#6229);
#6229 = AXIS2_PLACEMENT_3D('',#6230,#6231,#6232);
#6230 = CARTESIAN_POINT('',(-19.69069957733,-3.936869978905,
    6.299999594688));
#6231 = DIRECTION('',(0.659418660349,0.751775917666,0.));
#6232 = DIRECTION('',(0.751775917666,-0.659418660349,0.));
#6233 = ADVANCED_FACE('',(#6234),#6245,.T.);
#6234 = FACE_BOUND('',#6235,.T.);
#6235 = EDGE_LOOP('',(#6236,#6237,#6238,#6244));
#6236 = ORIENTED_EDGE('',*,*,#6061,.T.);
#6237 = ORIENTED_EDGE('',*,*,#5341,.T.);
#6238 = ORIENTED_EDGE('',*,*,#6239,.F.);
#6239 = EDGE_CURVE('',#4375,#5334,#6240,.T.);
#6240 = LINE('',#6241,#6242);
#6241 = CARTESIAN_POINT('',(-18.95929908752,-4.947619915009,
    0.799998998642));
#6242 = VECTOR('',#6243,1.);
#6243 = DIRECTION('',(0.,0.,1.));
#6244 = ORIENTED_EDGE('',*,*,#4374,.F.);
#6245 = PLANE('',#6246);
#6246 = AXIS2_PLACEMENT_3D('',#6247,#6248,#6249);
#6247 = CARTESIAN_POINT('',(-19.03884983062,-4.786309957504,
    6.299999594688));
#6248 = DIRECTION('',(0.896869487561,0.44229528856,0.));
#6249 = DIRECTION('',(-0.44229528856,0.896869487561,0.));
#6250 = ADVANCED_FACE('',(#6251),#6262,.T.);
#6251 = FACE_BOUND('',#6252,.T.);
#6252 = EDGE_LOOP('',(#6253,#6254,#6255,#6256));
#6253 = ORIENTED_EDGE('',*,*,#5229,.T.);
#6254 = ORIENTED_EDGE('',*,*,#6201,.T.);
#6255 = ORIENTED_EDGE('',*,*,#4486,.F.);
#6256 = ORIENTED_EDGE('',*,*,#6257,.F.);
#6257 = EDGE_CURVE('',#5230,#4479,#6258,.T.);
#6258 = LINE('',#6259,#6260);
#6259 = CARTESIAN_POINT('',(-20.78820037841,-8.656299591064,
    11.800000190735));
#6260 = VECTOR('',#6261,1.);
#6261 = DIRECTION('',(0.,0.,-1.));
#6262 = PLANE('',#6263);
#6263 = AXIS2_PLACEMENT_3D('',#6264,#6265,#6266);
#6264 = CARTESIAN_POINT('',(-20.96465015411,-8.691384792328,
    6.299999594688));
#6265 = DIRECTION('',(0.195021659415,-0.980798935745,-0.));
#6266 = DIRECTION('',(-0.980798935745,-0.195021659415,0.));
#6267 = ADVANCED_FACE('',(#6268),#6279,.T.);
#6268 = FACE_BOUND('',#6269,.T.);
#6269 = EDGE_LOOP('',(#6270,#6271,#6272,#6273));
#6270 = ORIENTED_EDGE('',*,*,#5237,.T.);
#6271 = ORIENTED_EDGE('',*,*,#6257,.T.);
#6272 = ORIENTED_EDGE('',*,*,#4478,.F.);
#6273 = ORIENTED_EDGE('',*,*,#6274,.T.);
#6274 = EDGE_CURVE('',#4471,#5238,#6275,.T.);
#6275 = LINE('',#6276,#6277);
#6276 = CARTESIAN_POINT('',(-20.44759941101,-8.540670394897,
    0.799998998642));
#6277 = VECTOR('',#6278,1.);
#6278 = DIRECTION('',(0.,0.,1.));
#6279 = PLANE('',#6280);
#6280 = AXIS2_PLACEMENT_3D('',#6281,#6282,#6283);
#6281 = CARTESIAN_POINT('',(-20.61789989471,-8.598484992981,
    6.299999594688));
#6282 = DIRECTION('',(0.321466256821,-0.946921034578,-0.));
#6283 = DIRECTION('',(-0.946921034578,-0.321466256821,0.));
#6284 = ADVANCED_FACE('',(#6285),#6296,.T.);
#6285 = FACE_BOUND('',#6286,.T.);
#6286 = EDGE_LOOP('',(#6287,#6288,#6289,#6290));
#6287 = ORIENTED_EDGE('',*,*,#5437,.T.);
#6288 = ORIENTED_EDGE('',*,*,#6162,.T.);
#6289 = ORIENTED_EDGE('',*,*,#4278,.F.);
#6290 = ORIENTED_EDGE('',*,*,#6291,.T.);
#6291 = EDGE_CURVE('',#4271,#5438,#6292,.T.);
#6292 = LINE('',#6293,#6294);
#6293 = CARTESIAN_POINT('',(-22.875,-3.618429899216,0.799998998642));
#6294 = VECTOR('',#6295,1.);
#6295 = DIRECTION('',(0.,0.,1.));
#6296 = PLANE('',#6297);
#6297 = AXIS2_PLACEMENT_3D('',#6298,#6299,#6300);
#6298 = CARTESIAN_POINT('',(-22.71370029449,-3.538879990578,
    6.299999594688));
#6299 = DIRECTION('',(-0.442314168443,0.896860176613,0.));
#6300 = DIRECTION('',(0.896860176613,0.442314168443,0.));
#6301 = ADVANCED_FACE('',(#6302),#6318,.T.);
#6302 = FACE_BOUND('',#6303,.T.);
#6303 = EDGE_LOOP('',(#6304,#6310,#6311,#6317));
#6304 = ORIENTED_EDGE('',*,*,#6305,.T.);
#6305 = EDGE_CURVE('',#4407,#5302,#6306,.T.);
#6306 = LINE('',#6307,#6308);
#6307 = CARTESIAN_POINT('',(-18.7735004425,-6.358950138092,
    0.799998998642));
#6308 = VECTOR('',#6309,1.);
#6309 = DIRECTION('',(0.,0.,1.));
#6310 = ORIENTED_EDGE('',*,*,#5301,.T.);
#6311 = ORIENTED_EDGE('',*,*,#6312,.T.);
#6312 = EDGE_CURVE('',#5294,#4415,#6313,.T.);
#6313 = LINE('',#6314,#6315);
#6314 = CARTESIAN_POINT('',(-18.84370040893,-6.711750030518,
    11.800000190735));
#6315 = VECTOR('',#6316,1.);
#6316 = DIRECTION('',(0.,0.,-1.));
#6317 = ORIENTED_EDGE('',*,*,#4414,.F.);
#6318 = PLANE('',#6319);
#6319 = AXIS2_PLACEMENT_3D('',#6320,#6321,#6322);
#6320 = CARTESIAN_POINT('',(-18.80860042572,-6.535350084305,
    6.299999594688));
#6321 = DIRECTION('',(0.9807726693,-0.195153711606,0.));
#6322 = DIRECTION('',(0.195153711606,0.9807726693,0.));
#6323 = ADVANCED_FACE('',(#6324),#6335,.T.);
#6324 = FACE_BOUND('',#6325,.T.);
#6325 = EDGE_LOOP('',(#6326,#6327,#6328,#6329));
#6326 = ORIENTED_EDGE('',*,*,#5373,.T.);
#6327 = ORIENTED_EDGE('',*,*,#6223,.T.);
#6328 = ORIENTED_EDGE('',*,*,#4342,.F.);
#6329 = ORIENTED_EDGE('',*,*,#6330,.T.);
#6330 = EDGE_CURVE('',#4335,#5374,#6331,.T.);
#6331 = LINE('',#6332,#6333);
#6332 = CARTESIAN_POINT('',(-20.125,-3.618429899216,0.799998998642));
#6333 = VECTOR('',#6334,1.);
#6334 = DIRECTION('',(0.,0.,1.));
#6335 = PLANE('',#6336);
#6336 = AXIS2_PLACEMENT_3D('',#6337,#6338,#6339);
#6337 = CARTESIAN_POINT('',(-19.97544956207,-3.718354940414,
    6.299999594688));
#6338 = DIRECTION('',(0.555564979717,0.831473122423,0.));
#6339 = DIRECTION('',(0.831473122423,-0.555564979717,0.));
#6340 = ADVANCED_FACE('',(#6341),#6357,.T.);
#6341 = FACE_BOUND('',#6342,.T.);
#6342 = EDGE_LOOP('',(#6343,#6349,#6350,#6356));
#6343 = ORIENTED_EDGE('',*,*,#6344,.T.);
#6344 = EDGE_CURVE('',#4423,#5286,#6345,.T.);
#6345 = LINE('',#6346,#6347);
#6346 = CARTESIAN_POINT('',(-18.95929908752,-7.052380084991,
    0.799998998642));
#6347 = VECTOR('',#6348,1.);
#6348 = DIRECTION('',(0.,0.,1.));
#6349 = ORIENTED_EDGE('',*,*,#5285,.T.);
#6350 = ORIENTED_EDGE('',*,*,#6351,.T.);
#6351 = EDGE_CURVE('',#5278,#4431,#6352,.T.);
#6352 = LINE('',#6353,#6354);
#6353 = CARTESIAN_POINT('',(-19.11840057373,-7.375,11.800000190735));
#6354 = VECTOR('',#6355,1.);
#6355 = DIRECTION('',(0.,0.,-1.));
#6356 = ORIENTED_EDGE('',*,*,#4430,.F.);
#6357 = PLANE('',#6358);
#6358 = AXIS2_PLACEMENT_3D('',#6359,#6360,#6361);
#6359 = CARTESIAN_POINT('',(-19.03884983062,-7.213690042496,
    6.299999594688));
#6360 = DIRECTION('',(0.896869487561,-0.44229528856,0.));
#6361 = DIRECTION('',(0.44229528856,0.896869487561,0.));
#6362 = ADVANCED_FACE('',(#6363),#6374,.T.);
#6363 = FACE_BOUND('',#6364,.T.);
#6364 = EDGE_LOOP('',(#6365,#6366,#6367,#6373));
#6365 = ORIENTED_EDGE('',*,*,#6239,.T.);
#6366 = ORIENTED_EDGE('',*,*,#5333,.T.);
#6367 = ORIENTED_EDGE('',*,*,#6368,.F.);
#6368 = EDGE_CURVE('',#4383,#5326,#6369,.T.);
#6369 = LINE('',#6370,#6371);
#6370 = CARTESIAN_POINT('',(-18.84370040893,-5.288249969482,
    0.799998998642));
#6371 = VECTOR('',#6372,1.);
#6372 = DIRECTION('',(0.,0.,1.));
#6373 = ORIENTED_EDGE('',*,*,#4382,.F.);
#6374 = PLANE('',#6375);
#6375 = AXIS2_PLACEMENT_3D('',#6376,#6377,#6378);
#6376 = CARTESIAN_POINT('',(-18.90149974823,-5.117934942245,
    6.299999594688));
#6377 = DIRECTION('',(0.946955210905,0.32136556838,0.));
#6378 = DIRECTION('',(-0.32136556838,0.946955210905,0.));
#6379 = ADVANCED_FACE('',(#6380),#6391,.T.);
#6380 = FACE_BOUND('',#6381,.T.);
#6381 = EDGE_LOOP('',(#6382,#6383,#6384,#6390));
#6382 = ORIENTED_EDGE('',*,*,#6368,.T.);
#6383 = ORIENTED_EDGE('',*,*,#5325,.T.);
#6384 = ORIENTED_EDGE('',*,*,#6385,.T.);
#6385 = EDGE_CURVE('',#5318,#4391,#6386,.T.);
#6386 = LINE('',#6387,#6388);
#6387 = CARTESIAN_POINT('',(-18.7735004425,-5.641049861908,
    11.800000190735));
#6388 = VECTOR('',#6389,1.);
#6389 = DIRECTION('',(0.,0.,-1.));
#6390 = ORIENTED_EDGE('',*,*,#4390,.F.);
#6391 = PLANE('',#6392);
#6392 = AXIS2_PLACEMENT_3D('',#6393,#6394,#6395);
#6393 = CARTESIAN_POINT('',(-18.80860042572,-5.464649915695,
    6.299999594688));
#6394 = DIRECTION('',(0.9807726693,0.195153711606,0.));
#6395 = DIRECTION('',(-0.195153711606,0.9807726693,0.));
#6396 = ADVANCED_FACE('',(#6397),#6431,.T.);
#6397 = FACE_BOUND('',#6398,.T.);
#6398 = EDGE_LOOP('',(#6399,#6409,#6417,#6425));
#6399 = ORIENTED_EDGE('',*,*,#6400,.T.);
#6400 = EDGE_CURVE('',#6401,#6403,#6405,.T.);
#6401 = VERTEX_POINT('',#6402);
#6402 = CARTESIAN_POINT('',(22.100999832153,-5.398960113525,
    11.800000190735));
#6403 = VERTEX_POINT('',#6404);
#6404 = CARTESIAN_POINT('',(22.100999832153,-5.398960113525,
    2.799999952316));
#6405 = LINE('',#6406,#6407);
#6406 = CARTESIAN_POINT('',(22.100999832153,-5.398960113525,
    11.800000190735));
#6407 = VECTOR('',#6408,1.);
#6408 = DIRECTION('',(0.,0.,-1.));
#6409 = ORIENTED_EDGE('',*,*,#6410,.T.);
#6410 = EDGE_CURVE('',#6403,#6411,#6413,.T.);
#6411 = VERTEX_POINT('',#6412);
#6412 = CARTESIAN_POINT('',(22.17440032959,-5.482550144196,
    2.799999952316));
#6413 = LINE('',#6414,#6415);
#6414 = CARTESIAN_POINT('',(22.100999832153,-5.398960113525,
    2.799999952316));
#6415 = VECTOR('',#6416,1.);
#6416 = DIRECTION('',(0.659823369793,-0.751420734792,0.));
#6417 = ORIENTED_EDGE('',*,*,#6418,.F.);
#6418 = EDGE_CURVE('',#6419,#6411,#6421,.T.);
#6419 = VERTEX_POINT('',#6420);
#6420 = CARTESIAN_POINT('',(22.17440032959,-5.482550144196,
    11.800000190735));
#6421 = LINE('',#6422,#6423);
#6422 = CARTESIAN_POINT('',(22.17440032959,-5.482550144196,
    11.800000190735));
#6423 = VECTOR('',#6424,1.);
#6424 = DIRECTION('',(0.,0.,-1.));
#6425 = ORIENTED_EDGE('',*,*,#6426,.F.);
#6426 = EDGE_CURVE('',#6401,#6419,#6427,.T.);
#6427 = LINE('',#6428,#6429);
#6428 = CARTESIAN_POINT('',(22.100999832153,-5.398960113525,
    11.800000190735));
#6429 = VECTOR('',#6430,1.);
#6430 = DIRECTION('',(0.659823369793,-0.751420734792,0.));
#6431 = PLANE('',#6432);
#6432 = AXIS2_PLACEMENT_3D('',#6433,#6434,#6435);
#6433 = CARTESIAN_POINT('',(22.137700080872,-5.44075512886,
    7.300000071526));
#6434 = DIRECTION('',(-0.751420734792,-0.659823369793,-0.));
#6435 = DIRECTION('',(0.659823369793,-0.751420734792,0.));
#6436 = ADVANCED_FACE('',(#6437),#6462,.T.);
#6437 = FACE_BOUND('',#6438,.T.);
#6438 = EDGE_LOOP('',(#6439,#6440,#6448,#6456));
#6439 = ORIENTED_EDGE('',*,*,#6418,.T.);
#6440 = ORIENTED_EDGE('',*,*,#6441,.T.);
#6441 = EDGE_CURVE('',#6411,#6442,#6444,.T.);
#6442 = VERTEX_POINT('',#6443);
#6443 = CARTESIAN_POINT('',(22.236099243164,-5.574999809265,
    2.799999952316));
#6444 = LINE('',#6445,#6446);
#6445 = CARTESIAN_POINT('',(22.17440032959,-5.482550144196,
    2.799999952316));
#6446 = VECTOR('',#6447,1.);
#6447 = DIRECTION('',(0.555110002452,-0.831776944366,0.));
#6448 = ORIENTED_EDGE('',*,*,#6449,.T.);
#6449 = EDGE_CURVE('',#6442,#6450,#6452,.T.);
#6450 = VERTEX_POINT('',#6451);
#6451 = CARTESIAN_POINT('',(22.236099243164,-5.574999809265,
    11.800000190735));
#6452 = LINE('',#6453,#6454);
#6453 = CARTESIAN_POINT('',(22.236099243164,-5.574999809265,
    2.799999952316));
#6454 = VECTOR('',#6455,1.);
#6455 = DIRECTION('',(0.,0.,1.));
#6456 = ORIENTED_EDGE('',*,*,#6457,.F.);
#6457 = EDGE_CURVE('',#6419,#6450,#6458,.T.);
#6458 = LINE('',#6459,#6460);
#6459 = CARTESIAN_POINT('',(22.17440032959,-5.482550144196,
    11.800000190735));
#6460 = VECTOR('',#6461,1.);
#6461 = DIRECTION('',(0.555110002452,-0.831776944366,0.));
#6462 = PLANE('',#6463);
#6463 = AXIS2_PLACEMENT_3D('',#6464,#6465,#6466);
#6464 = CARTESIAN_POINT('',(22.205249786377,-5.52877497673,
    7.300000071526));
#6465 = DIRECTION('',(-0.831776944366,-0.555110002452,-0.));
#6466 = DIRECTION('',(0.555110002452,-0.831776944366,0.));
#6467 = ADVANCED_FACE('',(#6468,#6854),#7224,.T.);
#6468 = FACE_BOUND('',#6469,.T.);
#6469 = EDGE_LOOP('',(#6470,#6480,#6488,#6496,#6504,#6512,#6520,#6528,
    #6536,#6544,#6552,#6560,#6568,#6576,#6584,#6592,#6600,#6608,#6616,
    #6624,#6632,#6640,#6648,#6656,#6664,#6672,#6680,#6688,#6696,#6704,
    #6712,#6720,#6728,#6736,#6744,#6752,#6760,#6768,#6776,#6784,#6792,
    #6800,#6808,#6816,#6824,#6832,#6840,#6848));
#6470 = ORIENTED_EDGE('',*,*,#6471,.F.);
#6471 = EDGE_CURVE('',#6472,#6474,#6476,.T.);
#6472 = VERTEX_POINT('',#6473);
#6473 = CARTESIAN_POINT('',(18.843700408936,-6.711750030518,
    11.800000190735));
#6474 = VERTEX_POINT('',#6475);
#6475 = CARTESIAN_POINT('',(18.773500442505,-6.358950138092,
    11.800000190735));
#6476 = LINE('',#6477,#6478);
#6477 = CARTESIAN_POINT('',(18.843700408936,-6.711750030518,
    11.800000190735));
#6478 = VECTOR('',#6479,1.);
#6479 = DIRECTION('',(-0.195153711606,0.9807726693,0.));
#6480 = ORIENTED_EDGE('',*,*,#6481,.F.);
#6481 = EDGE_CURVE('',#6482,#6472,#6484,.T.);
#6482 = VERTEX_POINT('',#6483);
#6483 = CARTESIAN_POINT('',(18.959299087524,-7.052380084991,
    11.800000190735));
#6484 = LINE('',#6485,#6486);
#6485 = CARTESIAN_POINT('',(18.959299087524,-7.052380084991,
    11.800000190735));
#6486 = VECTOR('',#6487,1.);
#6487 = DIRECTION('',(-0.32136556838,0.946955210905,0.));
#6488 = ORIENTED_EDGE('',*,*,#6489,.F.);
#6489 = EDGE_CURVE('',#6490,#6482,#6492,.T.);
#6490 = VERTEX_POINT('',#6491);
#6491 = CARTESIAN_POINT('',(19.11840057373,-7.375,11.800000190735));
#6492 = LINE('',#6493,#6494);
#6493 = CARTESIAN_POINT('',(19.11840057373,-7.375,11.800000190735));
#6494 = VECTOR('',#6495,1.);
#6495 = DIRECTION('',(-0.44229528856,0.896869487561,0.));
#6496 = ORIENTED_EDGE('',*,*,#6497,.F.);
#6497 = EDGE_CURVE('',#6498,#6490,#6500,.T.);
#6498 = VERTEX_POINT('',#6499);
#6499 = CARTESIAN_POINT('',(19.318300247192,-7.6740899086,
    11.800000190735));
#6500 = LINE('',#6501,#6502);
#6501 = CARTESIAN_POINT('',(19.318300247192,-7.6740899086,
    11.800000190735));
#6502 = VECTOR('',#6503,1.);
#6503 = DIRECTION('',(-0.555674361061,0.831400026738,0.));
#6504 = ORIENTED_EDGE('',*,*,#6505,.F.);
#6505 = EDGE_CURVE('',#6506,#6498,#6508,.T.);
#6506 = VERTEX_POINT('',#6507);
#6507 = CARTESIAN_POINT('',(19.555500030518,-7.944540023804,
    11.800000190735));
#6508 = LINE('',#6509,#6510);
#6509 = CARTESIAN_POINT('',(19.555500030518,-7.944540023804,
    11.800000190735));
#6510 = VECTOR('',#6511,1.);
#6511 = DIRECTION('',(-0.659379437904,0.751810319741,0.));
#6512 = ORIENTED_EDGE('',*,*,#6513,.F.);
#6513 = EDGE_CURVE('',#6514,#6506,#6516,.T.);
#6514 = VERTEX_POINT('',#6515);
#6515 = CARTESIAN_POINT('',(19.825899124146,-8.181719779968,
    11.800000190735));
#6516 = LINE('',#6517,#6518);
#6517 = CARTESIAN_POINT('',(19.825899124146,-8.181719779968,
    11.800000190735));
#6518 = VECTOR('',#6519,1.);
#6519 = DIRECTION('',(-0.75177624627,0.659418285721,0.));
#6520 = ORIENTED_EDGE('',*,*,#6521,.F.);
#6521 = EDGE_CURVE('',#6522,#6514,#6524,.T.);
#6522 = VERTEX_POINT('',#6523);
#6523 = CARTESIAN_POINT('',(20.125,-8.381569862366,11.800000190735));
#6524 = LINE('',#6525,#6526);
#6525 = CARTESIAN_POINT('',(20.125,-8.381569862366,11.800000190735));
#6526 = VECTOR('',#6527,1.);
#6527 = DIRECTION('',(-0.831473122423,0.555564979717,0.));
#6528 = ORIENTED_EDGE('',*,*,#6529,.F.);
#6529 = EDGE_CURVE('',#6530,#6522,#6532,.T.);
#6530 = VERTEX_POINT('',#6531);
#6531 = CARTESIAN_POINT('',(20.447599411011,-8.540670394897,
    11.800000190735));
#6532 = LINE('',#6533,#6534);
#6533 = CARTESIAN_POINT('',(20.447599411011,-8.540670394897,
    11.800000190735));
#6534 = VECTOR('',#6535,1.);
#6535 = DIRECTION('',(-0.896859387792,0.442315767895,0.));
#6536 = ORIENTED_EDGE('',*,*,#6537,.F.);
#6537 = EDGE_CURVE('',#6538,#6530,#6540,.T.);
#6538 = VERTEX_POINT('',#6539);
#6539 = CARTESIAN_POINT('',(20.788200378418,-8.656299591064,
    11.800000190735));
#6540 = LINE('',#6541,#6542);
#6541 = CARTESIAN_POINT('',(20.788200378418,-8.656299591064,
    11.800000190735));
#6542 = VECTOR('',#6543,1.);
#6543 = DIRECTION('',(-0.946921034578,0.321466256821,0.));
#6544 = ORIENTED_EDGE('',*,*,#6545,.F.);
#6545 = EDGE_CURVE('',#6546,#6538,#6548,.T.);
#6546 = VERTEX_POINT('',#6547);
#6547 = CARTESIAN_POINT('',(21.14109992981,-8.726469993591,
    11.800000190735));
#6548 = LINE('',#6549,#6550);
#6549 = CARTESIAN_POINT('',(21.14109992981,-8.726469993591,
    11.800000190735));
#6550 = VECTOR('',#6551,1.);
#6551 = DIRECTION('',(-0.980798935745,0.195021659415,0.));
#6552 = ORIENTED_EDGE('',*,*,#6553,.F.);
#6553 = EDGE_CURVE('',#6554,#6546,#6556,.T.);
#6554 = VERTEX_POINT('',#6555);
#6555 = CARTESIAN_POINT('',(21.5,-8.75,11.800000190735));
#6556 = LINE('',#6557,#6558);
#6557 = CARTESIAN_POINT('',(21.5,-8.75,11.800000190735));
#6558 = VECTOR('',#6559,1.);
#6559 = DIRECTION('',(-0.997857752166,6.542099390217E-02,0.));
#6560 = ORIENTED_EDGE('',*,*,#6561,.F.);
#6561 = EDGE_CURVE('',#6562,#6554,#6564,.T.);
#6562 = VERTEX_POINT('',#6563);
#6563 = CARTESIAN_POINT('',(21.85890007019,-8.726469993591,
    11.800000190735));
#6564 = LINE('',#6565,#6566);
#6565 = CARTESIAN_POINT('',(21.85890007019,-8.726469993591,
    11.800000190735));
#6566 = VECTOR('',#6567,1.);
#6567 = DIRECTION('',(-0.997857752166,-6.542099390217E-02,0.));
#6568 = ORIENTED_EDGE('',*,*,#6569,.F.);
#6569 = EDGE_CURVE('',#6570,#6562,#6572,.T.);
#6570 = VERTEX_POINT('',#6571);
#6571 = CARTESIAN_POINT('',(22.211799621582,-8.656299591064,
    11.800000190735));
#6572 = LINE('',#6573,#6574);
#6573 = CARTESIAN_POINT('',(22.211799621582,-8.656299591064,
    11.800000190735));
#6574 = VECTOR('',#6575,1.);
#6575 = DIRECTION('',(-0.980798935745,-0.195021659415,0.));
#6576 = ORIENTED_EDGE('',*,*,#6577,.F.);
#6577 = EDGE_CURVE('',#6578,#6570,#6580,.T.);
#6578 = VERTEX_POINT('',#6579);
#6579 = CARTESIAN_POINT('',(22.552400588989,-8.540670394897,
    11.800000190735));
#6580 = LINE('',#6581,#6582);
#6581 = CARTESIAN_POINT('',(22.552400588989,-8.540670394897,
    11.800000190735));
#6582 = VECTOR('',#6583,1.);
#6583 = DIRECTION('',(-0.946921034578,-0.321466256821,0.));
#6584 = ORIENTED_EDGE('',*,*,#6585,.F.);
#6585 = EDGE_CURVE('',#6586,#6578,#6588,.T.);
#6586 = VERTEX_POINT('',#6587);
#6587 = CARTESIAN_POINT('',(22.875,-8.381569862366,11.800000190735));
#6588 = LINE('',#6589,#6590);
#6589 = CARTESIAN_POINT('',(22.875,-8.381569862366,11.800000190735));
#6590 = VECTOR('',#6591,1.);
#6591 = DIRECTION('',(-0.896859387792,-0.442315767895,0.));
#6592 = ORIENTED_EDGE('',*,*,#6593,.F.);
#6593 = EDGE_CURVE('',#6594,#6586,#6596,.T.);
#6594 = VERTEX_POINT('',#6595);
#6595 = CARTESIAN_POINT('',(23.174100875854,-8.181719779968,
    11.800000190735));
#6596 = LINE('',#6597,#6598);
#6597 = CARTESIAN_POINT('',(23.174100875854,-8.181719779968,
    11.800000190735));
#6598 = VECTOR('',#6599,1.);
#6599 = DIRECTION('',(-0.831473122423,-0.555564979717,0.));
#6600 = ORIENTED_EDGE('',*,*,#6601,.F.);
#6601 = EDGE_CURVE('',#6602,#6594,#6604,.T.);
#6602 = VERTEX_POINT('',#6603);
#6603 = CARTESIAN_POINT('',(23.444499969482,-7.944540023804,
    11.800000190735));
#6604 = LINE('',#6605,#6606);
#6605 = CARTESIAN_POINT('',(23.444499969482,-7.944540023804,
    11.800000190735));
#6606 = VECTOR('',#6607,1.);
#6607 = DIRECTION('',(-0.75177624627,-0.659418285721,0.));
#6608 = ORIENTED_EDGE('',*,*,#6609,.F.);
#6609 = EDGE_CURVE('',#6610,#6602,#6612,.T.);
#6610 = VERTEX_POINT('',#6611);
#6611 = CARTESIAN_POINT('',(23.681699752808,-7.6740899086,
    11.800000190735));
#6612 = LINE('',#6613,#6614);
#6613 = CARTESIAN_POINT('',(23.681699752808,-7.6740899086,
    11.800000190735));
#6614 = VECTOR('',#6615,1.);
#6615 = DIRECTION('',(-0.659379437904,-0.751810319741,0.));
#6616 = ORIENTED_EDGE('',*,*,#6617,.F.);
#6617 = EDGE_CURVE('',#6618,#6610,#6620,.T.);
#6618 = VERTEX_POINT('',#6619);
#6619 = CARTESIAN_POINT('',(23.88159942627,-7.375,11.800000190735));
#6620 = LINE('',#6621,#6622);
#6621 = CARTESIAN_POINT('',(23.88159942627,-7.375,11.800000190735));
#6622 = VECTOR('',#6623,1.);
#6623 = DIRECTION('',(-0.555674361061,-0.831400026738,0.));
#6624 = ORIENTED_EDGE('',*,*,#6625,.F.);
#6625 = EDGE_CURVE('',#6626,#6618,#6628,.T.);
#6626 = VERTEX_POINT('',#6627);
#6627 = CARTESIAN_POINT('',(24.040700912476,-7.052380084991,
    11.800000190735));
#6628 = LINE('',#6629,#6630);
#6629 = CARTESIAN_POINT('',(24.040700912476,-7.052380084991,
    11.800000190735));
#6630 = VECTOR('',#6631,1.);
#6631 = DIRECTION('',(-0.44229528856,-0.896869487561,0.));
#6632 = ORIENTED_EDGE('',*,*,#6633,.F.);
#6633 = EDGE_CURVE('',#6634,#6626,#6636,.T.);
#6634 = VERTEX_POINT('',#6635);
#6635 = CARTESIAN_POINT('',(24.156299591064,-6.711750030518,
    11.800000190735));
#6636 = LINE('',#6637,#6638);
#6637 = CARTESIAN_POINT('',(24.156299591064,-6.711750030518,
    11.800000190735));
#6638 = VECTOR('',#6639,1.);
#6639 = DIRECTION('',(-0.32136556838,-0.946955210905,0.));
#6640 = ORIENTED_EDGE('',*,*,#6641,.F.);
#6641 = EDGE_CURVE('',#6642,#6634,#6644,.T.);
#6642 = VERTEX_POINT('',#6643);
#6643 = CARTESIAN_POINT('',(24.226499557495,-6.358950138092,
    11.800000190735));
#6644 = LINE('',#6645,#6646);
#6645 = CARTESIAN_POINT('',(24.226499557495,-6.358950138092,
    11.800000190735));
#6646 = VECTOR('',#6647,1.);
#6647 = DIRECTION('',(-0.195153711606,-0.9807726693,0.));
#6648 = ORIENTED_EDGE('',*,*,#6649,.F.);
#6649 = EDGE_CURVE('',#6650,#6642,#6652,.T.);
#6650 = VERTEX_POINT('',#6651);
#6651 = CARTESIAN_POINT('',(24.25,-6.,11.800000190735));
#6652 = LINE('',#6653,#6654);
#6653 = CARTESIAN_POINT('',(24.25,-6.,11.800000190735));
#6654 = VECTOR('',#6655,1.);
#6655 = DIRECTION('',(-6.533007298353E-02,-0.997863708912,0.));
#6656 = ORIENTED_EDGE('',*,*,#6657,.F.);
#6657 = EDGE_CURVE('',#6658,#6650,#6660,.T.);
#6658 = VERTEX_POINT('',#6659);
#6659 = CARTESIAN_POINT('',(24.226499557495,-5.641049861908,
    11.800000190735));
#6660 = LINE('',#6661,#6662);
#6661 = CARTESIAN_POINT('',(24.226499557495,-5.641049861908,
    11.800000190735));
#6662 = VECTOR('',#6663,1.);
#6663 = DIRECTION('',(6.533007298353E-02,-0.997863708912,0.));
#6664 = ORIENTED_EDGE('',*,*,#6665,.F.);
#6665 = EDGE_CURVE('',#6666,#6658,#6668,.T.);
#6666 = VERTEX_POINT('',#6667);
#6667 = CARTESIAN_POINT('',(24.156299591064,-5.288249969482,
    11.800000190735));
#6668 = LINE('',#6669,#6670);
#6669 = CARTESIAN_POINT('',(24.156299591064,-5.288249969482,
    11.800000190735));
#6670 = VECTOR('',#6671,1.);
#6671 = DIRECTION('',(0.195153711606,-0.9807726693,0.));
#6672 = ORIENTED_EDGE('',*,*,#6673,.F.);
#6673 = EDGE_CURVE('',#6674,#6666,#6676,.T.);
#6674 = VERTEX_POINT('',#6675);
#6675 = CARTESIAN_POINT('',(24.040700912476,-4.947619915009,
    11.800000190735));
#6676 = LINE('',#6677,#6678);
#6677 = CARTESIAN_POINT('',(24.040700912476,-4.947619915009,
    11.800000190735));
#6678 = VECTOR('',#6679,1.);
#6679 = DIRECTION('',(0.32136556838,-0.946955210905,0.));
#6680 = ORIENTED_EDGE('',*,*,#6681,.F.);
#6681 = EDGE_CURVE('',#6682,#6674,#6684,.T.);
#6682 = VERTEX_POINT('',#6683);
#6683 = CARTESIAN_POINT('',(23.88159942627,-4.625,11.800000190735));
#6684 = LINE('',#6685,#6686);
#6685 = CARTESIAN_POINT('',(23.88159942627,-4.625,11.800000190735));
#6686 = VECTOR('',#6687,1.);
#6687 = DIRECTION('',(0.44229528856,-0.896869487561,0.));
#6688 = ORIENTED_EDGE('',*,*,#6689,.F.);
#6689 = EDGE_CURVE('',#6690,#6682,#6692,.T.);
#6690 = VERTEX_POINT('',#6691);
#6691 = CARTESIAN_POINT('',(23.681699752808,-4.3259100914,
    11.800000190735));
#6692 = LINE('',#6693,#6694);
#6693 = CARTESIAN_POINT('',(23.681699752808,-4.3259100914,
    11.800000190735));
#6694 = VECTOR('',#6695,1.);
#6695 = DIRECTION('',(0.555674361061,-0.831400026738,0.));
#6696 = ORIENTED_EDGE('',*,*,#6697,.F.);
#6697 = EDGE_CURVE('',#6698,#6690,#6700,.T.);
#6698 = VERTEX_POINT('',#6699);
#6699 = CARTESIAN_POINT('',(23.444499969482,-4.055459976196,
    11.800000190735));
#6700 = LINE('',#6701,#6702);
#6701 = CARTESIAN_POINT('',(23.444499969482,-4.055459976196,
    11.800000190735));
#6702 = VECTOR('',#6703,1.);
#6703 = DIRECTION('',(0.659379437904,-0.751810319741,0.));
#6704 = ORIENTED_EDGE('',*,*,#6705,.F.);
#6705 = EDGE_CURVE('',#6706,#6698,#6708,.T.);
#6706 = VERTEX_POINT('',#6707);
#6707 = CARTESIAN_POINT('',(23.174100875854,-3.818279981613,
    11.800000190735));
#6708 = LINE('',#6709,#6710);
#6709 = CARTESIAN_POINT('',(23.174100875854,-3.818279981613,
    11.800000190735));
#6710 = VECTOR('',#6711,1.);
#6711 = DIRECTION('',(0.751775917666,-0.659418660349,0.));
#6712 = ORIENTED_EDGE('',*,*,#6713,.F.);
#6713 = EDGE_CURVE('',#6714,#6706,#6716,.T.);
#6714 = VERTEX_POINT('',#6715);
#6715 = CARTESIAN_POINT('',(22.875,-3.618429899216,11.800000190735));
#6716 = LINE('',#6717,#6718);
#6717 = CARTESIAN_POINT('',(22.875,-3.618429899216,11.800000190735));
#6718 = VECTOR('',#6719,1.);
#6719 = DIRECTION('',(0.831473122423,-0.555564979717,0.));
#6720 = ORIENTED_EDGE('',*,*,#6721,.F.);
#6721 = EDGE_CURVE('',#6722,#6714,#6724,.T.);
#6722 = VERTEX_POINT('',#6723);
#6723 = CARTESIAN_POINT('',(22.552400588989,-3.45933008194,
    11.800000190735));
#6724 = LINE('',#6725,#6726);
#6725 = CARTESIAN_POINT('',(22.552400588989,-3.45933008194,
    11.800000190735));
#6726 = VECTOR('',#6727,1.);
#6727 = DIRECTION('',(0.896860176613,-0.442314168443,0.));
#6728 = ORIENTED_EDGE('',*,*,#6729,.F.);
#6729 = EDGE_CURVE('',#6730,#6722,#6732,.T.);
#6730 = VERTEX_POINT('',#6731);
#6731 = CARTESIAN_POINT('',(22.211799621582,-3.343699932098,
    11.800000190735));
#6732 = LINE('',#6733,#6734);
#6733 = CARTESIAN_POINT('',(22.211799621582,-3.343699932098,
    11.800000190735));
#6734 = VECTOR('',#6735,1.);
#6735 = DIRECTION('',(0.946920227494,-0.32146863418,0.));
#6736 = ORIENTED_EDGE('',*,*,#6737,.F.);
#6737 = EDGE_CURVE('',#6738,#6730,#6740,.T.);
#6738 = VERTEX_POINT('',#6739);
#6739 = CARTESIAN_POINT('',(21.85890007019,-3.273530006409,
    11.800000190735));
#6740 = LINE('',#6741,#6742);
#6741 = CARTESIAN_POINT('',(21.85890007019,-3.273530006409,
    11.800000190735));
#6742 = VECTOR('',#6743,1.);
#6743 = DIRECTION('',(0.980799189235,-0.195020384565,0.));
#6744 = ORIENTED_EDGE('',*,*,#6745,.F.);
#6745 = EDGE_CURVE('',#6746,#6738,#6748,.T.);
#6746 = VERTEX_POINT('',#6747);
#6747 = CARTESIAN_POINT('',(21.5,-3.25,11.800000190735));
#6748 = LINE('',#6749,#6750);
#6749 = CARTESIAN_POINT('',(21.5,-3.25,11.800000190735));
#6750 = VECTOR('',#6751,1.);
#6751 = DIRECTION('',(0.997857752166,-6.542099390217E-02,0.));
#6752 = ORIENTED_EDGE('',*,*,#6753,.F.);
#6753 = EDGE_CURVE('',#6754,#6746,#6756,.T.);
#6754 = VERTEX_POINT('',#6755);
#6755 = CARTESIAN_POINT('',(21.14109992981,-3.273530006409,
    11.800000190735));
#6756 = LINE('',#6757,#6758);
#6757 = CARTESIAN_POINT('',(21.14109992981,-3.273530006409,
    11.800000190735));
#6758 = VECTOR('',#6759,1.);
#6759 = DIRECTION('',(0.997857752166,6.542099390217E-02,0.));
#6760 = ORIENTED_EDGE('',*,*,#6761,.F.);
#6761 = EDGE_CURVE('',#6762,#6754,#6764,.T.);
#6762 = VERTEX_POINT('',#6763);
#6763 = CARTESIAN_POINT('',(20.788200378418,-3.343699932098,
    11.800000190735));
#6764 = LINE('',#6765,#6766);
#6765 = CARTESIAN_POINT('',(20.788200378418,-3.343699932098,
    11.800000190735));
#6766 = VECTOR('',#6767,1.);
#6767 = DIRECTION('',(0.980799189235,0.195020384565,0.));
#6768 = ORIENTED_EDGE('',*,*,#6769,.F.);
#6769 = EDGE_CURVE('',#6770,#6762,#6772,.T.);
#6770 = VERTEX_POINT('',#6771);
#6771 = CARTESIAN_POINT('',(20.447599411011,-3.45933008194,
    11.800000190735));
#6772 = LINE('',#6773,#6774);
#6773 = CARTESIAN_POINT('',(20.447599411011,-3.45933008194,
    11.800000190735));
#6774 = VECTOR('',#6775,1.);
#6775 = DIRECTION('',(0.946920227494,0.32146863418,0.));
#6776 = ORIENTED_EDGE('',*,*,#6777,.F.);
#6777 = EDGE_CURVE('',#6778,#6770,#6780,.T.);
#6778 = VERTEX_POINT('',#6779);
#6779 = CARTESIAN_POINT('',(20.125,-3.618429899216,11.800000190735));
#6780 = LINE('',#6781,#6782);
#6781 = CARTESIAN_POINT('',(20.125,-3.618429899216,11.800000190735));
#6782 = VECTOR('',#6783,1.);
#6783 = DIRECTION('',(0.896860176613,0.442314168443,0.));
#6784 = ORIENTED_EDGE('',*,*,#6785,.F.);
#6785 = EDGE_CURVE('',#6786,#6778,#6788,.T.);
#6786 = VERTEX_POINT('',#6787);
#6787 = CARTESIAN_POINT('',(19.825899124146,-3.818279981613,
    11.800000190735));
#6788 = LINE('',#6789,#6790);
#6789 = CARTESIAN_POINT('',(19.825899124146,-3.818279981613,
    11.800000190735));
#6790 = VECTOR('',#6791,1.);
#6791 = DIRECTION('',(0.831473122423,0.555564979717,0.));
#6792 = ORIENTED_EDGE('',*,*,#6793,.F.);
#6793 = EDGE_CURVE('',#6794,#6786,#6796,.T.);
#6794 = VERTEX_POINT('',#6795);
#6795 = CARTESIAN_POINT('',(19.555500030518,-4.055459976196,
    11.800000190735));
#6796 = LINE('',#6797,#6798);
#6797 = CARTESIAN_POINT('',(19.555500030518,-4.055459976196,
    11.800000190735));
#6798 = VECTOR('',#6799,1.);
#6799 = DIRECTION('',(0.751775917666,0.659418660349,0.));
#6800 = ORIENTED_EDGE('',*,*,#6801,.F.);
#6801 = EDGE_CURVE('',#6802,#6794,#6804,.T.);
#6802 = VERTEX_POINT('',#6803);
#6803 = CARTESIAN_POINT('',(19.318300247192,-4.3259100914,
    11.800000190735));
#6804 = LINE('',#6805,#6806);
#6805 = CARTESIAN_POINT('',(19.318300247192,-4.3259100914,
    11.800000190735));
#6806 = VECTOR('',#6807,1.);
#6807 = DIRECTION('',(0.659379437904,0.751810319741,0.));
#6808 = ORIENTED_EDGE('',*,*,#6809,.F.);
#6809 = EDGE_CURVE('',#6810,#6802,#6812,.T.);
#6810 = VERTEX_POINT('',#6811);
#6811 = CARTESIAN_POINT('',(19.11840057373,-4.625,11.800000190735));
#6812 = LINE('',#6813,#6814);
#6813 = CARTESIAN_POINT('',(19.11840057373,-4.625,11.800000190735));
#6814 = VECTOR('',#6815,1.);
#6815 = DIRECTION('',(0.555674361061,0.831400026738,0.));
#6816 = ORIENTED_EDGE('',*,*,#6817,.T.);
#6817 = EDGE_CURVE('',#6810,#6818,#6820,.T.);
#6818 = VERTEX_POINT('',#6819);
#6819 = CARTESIAN_POINT('',(18.959299087524,-4.947619915009,
    11.800000190735));
#6820 = LINE('',#6821,#6822);
#6821 = CARTESIAN_POINT('',(19.11840057373,-4.625,11.800000190735));
#6822 = VECTOR('',#6823,1.);
#6823 = DIRECTION('',(-0.44229528856,-0.896869487561,0.));
#6824 = ORIENTED_EDGE('',*,*,#6825,.F.);
#6825 = EDGE_CURVE('',#6826,#6818,#6828,.T.);
#6826 = VERTEX_POINT('',#6827);
#6827 = CARTESIAN_POINT('',(18.843700408936,-5.288249969482,
    11.800000190735));
#6828 = LINE('',#6829,#6830);
#6829 = CARTESIAN_POINT('',(18.843700408936,-5.288249969482,
    11.800000190735));
#6830 = VECTOR('',#6831,1.);
#6831 = DIRECTION('',(0.32136556838,0.946955210905,0.));
#6832 = ORIENTED_EDGE('',*,*,#6833,.F.);
#6833 = EDGE_CURVE('',#6834,#6826,#6836,.T.);
#6834 = VERTEX_POINT('',#6835);
#6835 = CARTESIAN_POINT('',(18.773500442505,-5.641049861908,
    11.800000190735));
#6836 = LINE('',#6837,#6838);
#6837 = CARTESIAN_POINT('',(18.773500442505,-5.641049861908,
    11.800000190735));
#6838 = VECTOR('',#6839,1.);
#6839 = DIRECTION('',(0.195153711606,0.9807726693,0.));
#6840 = ORIENTED_EDGE('',*,*,#6841,.F.);
#6841 = EDGE_CURVE('',#6842,#6834,#6844,.T.);
#6842 = VERTEX_POINT('',#6843);
#6843 = CARTESIAN_POINT('',(18.75,-6.,11.800000190735));
#6844 = LINE('',#6845,#6846);
#6845 = CARTESIAN_POINT('',(18.75,-6.,11.800000190735));
#6846 = VECTOR('',#6847,1.);
#6847 = DIRECTION('',(6.533007298353E-02,0.997863708912,0.));
#6848 = ORIENTED_EDGE('',*,*,#6849,.F.);
#6849 = EDGE_CURVE('',#6474,#6842,#6850,.T.);
#6850 = LINE('',#6851,#6852);
#6851 = CARTESIAN_POINT('',(18.773500442505,-6.358950138092,
    11.800000190735));
#6852 = VECTOR('',#6853,1.);
#6853 = DIRECTION('',(-6.533007298353E-02,0.997863708912,0.));
#6854 = FACE_BOUND('',#6855,.T.);
#6855 = EDGE_LOOP('',(#6856,#6866,#6874,#6882,#6890,#6898,#6906,#6914,
    #6922,#6930,#6938,#6946,#6954,#6962,#6970,#6978,#6986,#6994,#7002,
    #7008,#7009,#7010,#7018,#7026,#7034,#7042,#7050,#7058,#7066,#7074,
    #7082,#7090,#7098,#7106,#7114,#7122,#7130,#7138,#7146,#7154,#7162,
    #7170,#7178,#7186,#7194,#7202,#7210,#7218));
#6856 = ORIENTED_EDGE('',*,*,#6857,.T.);
#6857 = EDGE_CURVE('',#6858,#6860,#6862,.T.);
#6858 = VERTEX_POINT('',#6859);
#6859 = CARTESIAN_POINT('',(20.657300949097,-6.110949993134,
    11.800000190735));
#6860 = VERTEX_POINT('',#6861);
#6861 = CARTESIAN_POINT('',(20.64999961853,-6.,11.800000190735));
#6862 = LINE('',#6863,#6864);
#6863 = CARTESIAN_POINT('',(20.657300949097,-6.110949993134,
    11.800000190735));
#6864 = VECTOR('',#6865,1.);
#6865 = DIRECTION('',(-6.566536782298E-02,0.997841700606,0.));
#6866 = ORIENTED_EDGE('',*,*,#6867,.T.);
#6867 = EDGE_CURVE('',#6860,#6868,#6870,.T.);
#6868 = VERTEX_POINT('',#6869);
#6869 = CARTESIAN_POINT('',(20.657300949097,-5.889050006866,
    11.800000190735));
#6870 = LINE('',#6871,#6872);
#6871 = CARTESIAN_POINT('',(20.64999961853,-6.,11.800000190735));
#6872 = VECTOR('',#6873,1.);
#6873 = DIRECTION('',(6.566536782298E-02,0.997841700606,0.));
#6874 = ORIENTED_EDGE('',*,*,#6875,.T.);
#6875 = EDGE_CURVE('',#6868,#6876,#6878,.T.);
#6876 = VERTEX_POINT('',#6877);
#6877 = CARTESIAN_POINT('',(20.679000854492,-5.780000209808,
    11.800000190735));
#6878 = LINE('',#6879,#6880);
#6879 = CARTESIAN_POINT('',(20.657300949097,-5.889050006866,
    11.800000190735));
#6880 = VECTOR('',#6881,1.);
#6881 = DIRECTION('',(0.195164309792,0.980770560418,0.));
#6882 = ORIENTED_EDGE('',*,*,#6883,.T.);
#6883 = EDGE_CURVE('',#6876,#6884,#6886,.T.);
#6884 = VERTEX_POINT('',#6885);
#6885 = CARTESIAN_POINT('',(20.714700698853,-5.674719810486,
    11.800000190735));
#6886 = LINE('',#6887,#6888);
#6887 = CARTESIAN_POINT('',(20.679000854492,-5.780000209808,
    11.800000190735));
#6888 = VECTOR('',#6889,1.);
#6889 = DIRECTION('',(0.321132656535,0.947034221613,0.));
#6890 = ORIENTED_EDGE('',*,*,#6891,.T.);
#6891 = EDGE_CURVE('',#6884,#6892,#6894,.T.);
#6892 = VERTEX_POINT('',#6893);
#6893 = CARTESIAN_POINT('',(20.763900756836,-5.574999809265,
    11.800000190735));
#6894 = LINE('',#6895,#6896);
#6895 = CARTESIAN_POINT('',(20.714700698853,-5.674719810486,
    11.800000190735));
#6896 = VECTOR('',#6897,1.);
#6897 = DIRECTION('',(0.442459368472,0.896788552141,0.));
#6898 = ORIENTED_EDGE('',*,*,#6899,.T.);
#6899 = EDGE_CURVE('',#6892,#6900,#6902,.T.);
#6900 = VERTEX_POINT('',#6901);
#6901 = CARTESIAN_POINT('',(20.82559967041,-5.482550144196,
    11.800000190735));
#6902 = LINE('',#6903,#6904);
#6903 = CARTESIAN_POINT('',(20.763900756836,-5.574999809265,
    11.800000190735));
#6904 = VECTOR('',#6905,1.);
#6905 = DIRECTION('',(0.555110002452,0.831776944366,0.));
#6906 = ORIENTED_EDGE('',*,*,#6907,.T.);
#6907 = EDGE_CURVE('',#6900,#6908,#6910,.T.);
#6908 = VERTEX_POINT('',#6909);
#6909 = CARTESIAN_POINT('',(20.899000167847,-5.398960113525,
    11.800000190735));
#6910 = LINE('',#6911,#6912);
#6911 = CARTESIAN_POINT('',(20.82559967041,-5.482550144196,
    11.800000190735));
#6912 = VECTOR('',#6913,1.);
#6913 = DIRECTION('',(0.659823369793,0.751420734792,0.));
#6914 = ORIENTED_EDGE('',*,*,#6915,.T.);
#6915 = EDGE_CURVE('',#6908,#6916,#6918,.T.);
#6916 = VERTEX_POINT('',#6917);
#6917 = CARTESIAN_POINT('',(20.982599258423,-5.325650215149,
    11.800000190735));
#6918 = LINE('',#6919,#6920);
#6919 = CARTESIAN_POINT('',(20.899000167847,-5.398960113525,
    11.800000190735));
#6920 = VECTOR('',#6921,1.);
#6921 = DIRECTION('',(0.751860031917,0.659322752835,0.));
#6922 = ORIENTED_EDGE('',*,*,#6923,.T.);
#6923 = EDGE_CURVE('',#6916,#6924,#6926,.T.);
#6924 = VERTEX_POINT('',#6925);
#6925 = CARTESIAN_POINT('',(21.075000762939,-5.263879776001,
    11.800000190735));
#6926 = LINE('',#6927,#6928);
#6927 = CARTESIAN_POINT('',(20.982599258423,-5.325650215149,
    11.800000190735));
#6928 = VECTOR('',#6929,1.);
#6929 = DIRECTION('',(0.83134603976,0.55575512789,0.));
#6930 = ORIENTED_EDGE('',*,*,#6931,.T.);
#6931 = EDGE_CURVE('',#6924,#6932,#6934,.T.);
#6932 = VERTEX_POINT('',#6933);
#6933 = CARTESIAN_POINT('',(21.174699783325,-5.214700222015,
    11.800000190735));
#6934 = LINE('',#6935,#6936);
#6935 = CARTESIAN_POINT('',(21.075000762939,-5.263879776001,
    11.800000190735));
#6936 = VECTOR('',#6937,1.);
#6937 = DIRECTION('',(0.896824785963,0.442385921208,0.));
#6938 = ORIENTED_EDGE('',*,*,#6939,.T.);
#6939 = EDGE_CURVE('',#6932,#6940,#6942,.T.);
#6940 = VERTEX_POINT('',#6941);
#6941 = CARTESIAN_POINT('',(21.280000686646,-5.178959846497,
    11.800000190735));
#6942 = LINE('',#6943,#6944);
#6943 = CARTESIAN_POINT('',(21.174699783325,-5.214700222015,
    11.800000190735));
#6944 = VECTOR('',#6945,1.);
#6945 = DIRECTION('',(0.946942349304,0.321403464658,0.));
#6946 = ORIENTED_EDGE('',*,*,#6947,.T.);
#6947 = EDGE_CURVE('',#6940,#6948,#6950,.T.);
#6948 = VERTEX_POINT('',#6949);
#6949 = CARTESIAN_POINT('',(21.389099121094,-5.157269954681,
    11.800000190735));
#6950 = LINE('',#6951,#6952);
#6951 = CARTESIAN_POINT('',(21.280000686646,-5.178959846497,
    11.800000190735));
#6952 = VECTOR('',#6953,1.);
#6953 = DIRECTION('',(0.980804431686,0.194994017308,0.));
#6954 = ORIENTED_EDGE('',*,*,#6955,.T.);
#6955 = EDGE_CURVE('',#6948,#6956,#6958,.T.);
#6956 = VERTEX_POINT('',#6957);
#6957 = CARTESIAN_POINT('',(21.5,-5.150000095367,11.800000190735));
#6958 = LINE('',#6959,#6960);
#6959 = CARTESIAN_POINT('',(21.389099121094,-5.157269954681,
    11.800000190735));
#6960 = VECTOR('',#6961,1.);
#6961 = DIRECTION('',(0.997858317371,6.541237232835E-02,0.));
#6962 = ORIENTED_EDGE('',*,*,#6963,.T.);
#6963 = EDGE_CURVE('',#6956,#6964,#6966,.T.);
#6964 = VERTEX_POINT('',#6965);
#6965 = CARTESIAN_POINT('',(21.610900878906,-5.157269954681,
    11.800000190735));
#6966 = LINE('',#6967,#6968);
#6967 = CARTESIAN_POINT('',(21.5,-5.150000095367,11.800000190735));
#6968 = VECTOR('',#6969,1.);
#6969 = DIRECTION('',(0.997858317371,-6.541237232835E-02,0.));
#6970 = ORIENTED_EDGE('',*,*,#6971,.T.);
#6971 = EDGE_CURVE('',#6964,#6972,#6974,.T.);
#6972 = VERTEX_POINT('',#6973);
#6973 = CARTESIAN_POINT('',(21.719999313354,-5.178959846497,
    11.800000190735));
#6974 = LINE('',#6975,#6976);
#6975 = CARTESIAN_POINT('',(21.610900878906,-5.157269954681,
    11.800000190735));
#6976 = VECTOR('',#6977,1.);
#6977 = DIRECTION('',(0.980804431686,-0.194994017308,0.));
#6978 = ORIENTED_EDGE('',*,*,#6979,.T.);
#6979 = EDGE_CURVE('',#6972,#6980,#6982,.T.);
#6980 = VERTEX_POINT('',#6981);
#6981 = CARTESIAN_POINT('',(21.825300216675,-5.214700222015,
    11.800000190735));
#6982 = LINE('',#6983,#6984);
#6983 = CARTESIAN_POINT('',(21.719999313354,-5.178959846497,
    11.800000190735));
#6984 = VECTOR('',#6985,1.);
#6985 = DIRECTION('',(0.946942349304,-0.321403464658,0.));
#6986 = ORIENTED_EDGE('',*,*,#6987,.T.);
#6987 = EDGE_CURVE('',#6980,#6988,#6990,.T.);
#6988 = VERTEX_POINT('',#6989);
#6989 = CARTESIAN_POINT('',(21.924999237061,-5.263879776001,
    11.800000190735));
#6990 = LINE('',#6991,#6992);
#6991 = CARTESIAN_POINT('',(21.825300216675,-5.214700222015,
    11.800000190735));
#6992 = VECTOR('',#6993,1.);
#6993 = DIRECTION('',(0.896824785963,-0.442385921208,0.));
#6994 = ORIENTED_EDGE('',*,*,#6995,.T.);
#6995 = EDGE_CURVE('',#6988,#6996,#6998,.T.);
#6996 = VERTEX_POINT('',#6997);
#6997 = CARTESIAN_POINT('',(22.017400741577,-5.325650215149,
    11.800000190735));
#6998 = LINE('',#6999,#7000);
#6999 = CARTESIAN_POINT('',(21.924999237061,-5.263879776001,
    11.800000190735));
#7000 = VECTOR('',#7001,1.);
#7001 = DIRECTION('',(0.83134603976,-0.55575512789,0.));
#7002 = ORIENTED_EDGE('',*,*,#7003,.T.);
#7003 = EDGE_CURVE('',#6996,#6401,#7004,.T.);
#7004 = LINE('',#7005,#7006);
#7005 = CARTESIAN_POINT('',(22.017400741577,-5.325650215149,
    11.800000190735));
#7006 = VECTOR('',#7007,1.);
#7007 = DIRECTION('',(0.751860031917,-0.659322752835,0.));
#7008 = ORIENTED_EDGE('',*,*,#6426,.T.);
#7009 = ORIENTED_EDGE('',*,*,#6457,.T.);
#7010 = ORIENTED_EDGE('',*,*,#7011,.T.);
#7011 = EDGE_CURVE('',#6450,#7012,#7014,.T.);
#7012 = VERTEX_POINT('',#7013);
#7013 = CARTESIAN_POINT('',(22.285299301147,-5.674719810486,
    11.800000190735));
#7014 = LINE('',#7015,#7016);
#7015 = CARTESIAN_POINT('',(22.236099243164,-5.574999809265,
    11.800000190735));
#7016 = VECTOR('',#7017,1.);
#7017 = DIRECTION('',(0.442459368472,-0.896788552141,0.));
#7018 = ORIENTED_EDGE('',*,*,#7019,.T.);
#7019 = EDGE_CURVE('',#7012,#7020,#7022,.T.);
#7020 = VERTEX_POINT('',#7021);
#7021 = CARTESIAN_POINT('',(22.320999145508,-5.780000209808,
    11.800000190735));
#7022 = LINE('',#7023,#7024);
#7023 = CARTESIAN_POINT('',(22.285299301147,-5.674719810486,
    11.800000190735));
#7024 = VECTOR('',#7025,1.);
#7025 = DIRECTION('',(0.321132656535,-0.947034221613,0.));
#7026 = ORIENTED_EDGE('',*,*,#7027,.T.);
#7027 = EDGE_CURVE('',#7020,#7028,#7030,.T.);
#7028 = VERTEX_POINT('',#7029);
#7029 = CARTESIAN_POINT('',(22.342699050903,-5.889050006866,
    11.800000190735));
#7030 = LINE('',#7031,#7032);
#7031 = CARTESIAN_POINT('',(22.320999145508,-5.780000209808,
    11.800000190735));
#7032 = VECTOR('',#7033,1.);
#7033 = DIRECTION('',(0.195164309792,-0.980770560418,0.));
#7034 = ORIENTED_EDGE('',*,*,#7035,.T.);
#7035 = EDGE_CURVE('',#7028,#7036,#7038,.T.);
#7036 = VERTEX_POINT('',#7037);
#7037 = CARTESIAN_POINT('',(22.35000038147,-6.,11.800000190735));
#7038 = LINE('',#7039,#7040);
#7039 = CARTESIAN_POINT('',(22.342699050903,-5.889050006866,
    11.800000190735));
#7040 = VECTOR('',#7041,1.);
#7041 = DIRECTION('',(6.566536782298E-02,-0.997841700606,0.));
#7042 = ORIENTED_EDGE('',*,*,#7043,.T.);
#7043 = EDGE_CURVE('',#7036,#7044,#7046,.T.);
#7044 = VERTEX_POINT('',#7045);
#7045 = CARTESIAN_POINT('',(22.342699050903,-6.110949993134,
    11.800000190735));
#7046 = LINE('',#7047,#7048);
#7047 = CARTESIAN_POINT('',(22.35000038147,-6.,11.800000190735));
#7048 = VECTOR('',#7049,1.);
#7049 = DIRECTION('',(-6.566536782298E-02,-0.997841700606,0.));
#7050 = ORIENTED_EDGE('',*,*,#7051,.T.);
#7051 = EDGE_CURVE('',#7044,#7052,#7054,.T.);
#7052 = VERTEX_POINT('',#7053);
#7053 = CARTESIAN_POINT('',(22.320999145508,-6.219999790192,
    11.800000190735));
#7054 = LINE('',#7055,#7056);
#7055 = CARTESIAN_POINT('',(22.342699050903,-6.110949993134,
    11.800000190735));
#7056 = VECTOR('',#7057,1.);
#7057 = DIRECTION('',(-0.195164309792,-0.980770560418,0.));
#7058 = ORIENTED_EDGE('',*,*,#7059,.T.);
#7059 = EDGE_CURVE('',#7052,#7060,#7062,.T.);
#7060 = VERTEX_POINT('',#7061);
#7061 = CARTESIAN_POINT('',(22.285299301147,-6.325280189514,
    11.800000190735));
#7062 = LINE('',#7063,#7064);
#7063 = CARTESIAN_POINT('',(22.320999145508,-6.219999790192,
    11.800000190735));
#7064 = VECTOR('',#7065,1.);
#7065 = DIRECTION('',(-0.321132656535,-0.947034221613,0.));
#7066 = ORIENTED_EDGE('',*,*,#7067,.T.);
#7067 = EDGE_CURVE('',#7060,#7068,#7070,.T.);
#7068 = VERTEX_POINT('',#7069);
#7069 = CARTESIAN_POINT('',(22.236099243164,-6.425000190735,
    11.800000190735));
#7070 = LINE('',#7071,#7072);
#7071 = CARTESIAN_POINT('',(22.285299301147,-6.325280189514,
    11.800000190735));
#7072 = VECTOR('',#7073,1.);
#7073 = DIRECTION('',(-0.442459368472,-0.896788552141,0.));
#7074 = ORIENTED_EDGE('',*,*,#7075,.T.);
#7075 = EDGE_CURVE('',#7068,#7076,#7078,.T.);
#7076 = VERTEX_POINT('',#7077);
#7077 = CARTESIAN_POINT('',(22.17440032959,-6.517449855804,
    11.800000190735));
#7078 = LINE('',#7079,#7080);
#7079 = CARTESIAN_POINT('',(22.236099243164,-6.425000190735,
    11.800000190735));
#7080 = VECTOR('',#7081,1.);
#7081 = DIRECTION('',(-0.555110002452,-0.831776944366,0.));
#7082 = ORIENTED_EDGE('',*,*,#7083,.T.);
#7083 = EDGE_CURVE('',#7076,#7084,#7086,.T.);
#7084 = VERTEX_POINT('',#7085);
#7085 = CARTESIAN_POINT('',(22.100999832153,-6.601039886475,
    11.800000190735));
#7086 = LINE('',#7087,#7088);
#7087 = CARTESIAN_POINT('',(22.17440032959,-6.517449855804,
    11.800000190735));
#7088 = VECTOR('',#7089,1.);
#7089 = DIRECTION('',(-0.659823369793,-0.751420734792,0.));
#7090 = ORIENTED_EDGE('',*,*,#7091,.T.);
#7091 = EDGE_CURVE('',#7084,#7092,#7094,.T.);
#7092 = VERTEX_POINT('',#7093);
#7093 = CARTESIAN_POINT('',(22.017400741577,-6.674349784851,
    11.800000190735));
#7094 = LINE('',#7095,#7096);
#7095 = CARTESIAN_POINT('',(22.100999832153,-6.601039886475,
    11.800000190735));
#7096 = VECTOR('',#7097,1.);
#7097 = DIRECTION('',(-0.751860031917,-0.659322752835,0.));
#7098 = ORIENTED_EDGE('',*,*,#7099,.T.);
#7099 = EDGE_CURVE('',#7092,#7100,#7102,.T.);
#7100 = VERTEX_POINT('',#7101);
#7101 = CARTESIAN_POINT('',(21.924999237061,-6.736120223999,
    11.800000190735));
#7102 = LINE('',#7103,#7104);
#7103 = CARTESIAN_POINT('',(22.017400741577,-6.674349784851,
    11.800000190735));
#7104 = VECTOR('',#7105,1.);
#7105 = DIRECTION('',(-0.83134603976,-0.55575512789,0.));
#7106 = ORIENTED_EDGE('',*,*,#7107,.T.);
#7107 = EDGE_CURVE('',#7100,#7108,#7110,.T.);
#7108 = VERTEX_POINT('',#7109);
#7109 = CARTESIAN_POINT('',(21.825300216675,-6.785299777985,
    11.800000190735));
#7110 = LINE('',#7111,#7112);
#7111 = CARTESIAN_POINT('',(21.924999237061,-6.736120223999,
    11.800000190735));
#7112 = VECTOR('',#7113,1.);
#7113 = DIRECTION('',(-0.896824785963,-0.442385921208,0.));
#7114 = ORIENTED_EDGE('',*,*,#7115,.T.);
#7115 = EDGE_CURVE('',#7108,#7116,#7118,.T.);
#7116 = VERTEX_POINT('',#7117);
#7117 = CARTESIAN_POINT('',(21.719999313354,-6.821040153503,
    11.800000190735));
#7118 = LINE('',#7119,#7120);
#7119 = CARTESIAN_POINT('',(21.825300216675,-6.785299777985,
    11.800000190735));
#7120 = VECTOR('',#7121,1.);
#7121 = DIRECTION('',(-0.946942349304,-0.321403464658,0.));
#7122 = ORIENTED_EDGE('',*,*,#7123,.T.);
#7123 = EDGE_CURVE('',#7116,#7124,#7126,.T.);
#7124 = VERTEX_POINT('',#7125);
#7125 = CARTESIAN_POINT('',(21.610900878906,-6.842730045319,
    11.800000190735));
#7126 = LINE('',#7127,#7128);
#7127 = CARTESIAN_POINT('',(21.719999313354,-6.821040153503,
    11.800000190735));
#7128 = VECTOR('',#7129,1.);
#7129 = DIRECTION('',(-0.980804431686,-0.194994017308,0.));
#7130 = ORIENTED_EDGE('',*,*,#7131,.T.);
#7131 = EDGE_CURVE('',#7124,#7132,#7134,.T.);
#7132 = VERTEX_POINT('',#7133);
#7133 = CARTESIAN_POINT('',(21.5,-6.849999904633,11.800000190735));
#7134 = LINE('',#7135,#7136);
#7135 = CARTESIAN_POINT('',(21.610900878906,-6.842730045319,
    11.800000190735));
#7136 = VECTOR('',#7137,1.);
#7137 = DIRECTION('',(-0.997858317371,-6.541237232835E-02,0.));
#7138 = ORIENTED_EDGE('',*,*,#7139,.T.);
#7139 = EDGE_CURVE('',#7132,#7140,#7142,.T.);
#7140 = VERTEX_POINT('',#7141);
#7141 = CARTESIAN_POINT('',(21.389099121094,-6.842730045319,
    11.800000190735));
#7142 = LINE('',#7143,#7144);
#7143 = CARTESIAN_POINT('',(21.5,-6.849999904633,11.800000190735));
#7144 = VECTOR('',#7145,1.);
#7145 = DIRECTION('',(-0.997858317371,6.541237232835E-02,0.));
#7146 = ORIENTED_EDGE('',*,*,#7147,.T.);
#7147 = EDGE_CURVE('',#7140,#7148,#7150,.T.);
#7148 = VERTEX_POINT('',#7149);
#7149 = CARTESIAN_POINT('',(21.280000686646,-6.821040153503,
    11.800000190735));
#7150 = LINE('',#7151,#7152);
#7151 = CARTESIAN_POINT('',(21.389099121094,-6.842730045319,
    11.800000190735));
#7152 = VECTOR('',#7153,1.);
#7153 = DIRECTION('',(-0.980804431686,0.194994017308,0.));
#7154 = ORIENTED_EDGE('',*,*,#7155,.T.);
#7155 = EDGE_CURVE('',#7148,#7156,#7158,.T.);
#7156 = VERTEX_POINT('',#7157);
#7157 = CARTESIAN_POINT('',(21.174699783325,-6.785299777985,
    11.800000190735));
#7158 = LINE('',#7159,#7160);
#7159 = CARTESIAN_POINT('',(21.280000686646,-6.821040153503,
    11.800000190735));
#7160 = VECTOR('',#7161,1.);
#7161 = DIRECTION('',(-0.946942349304,0.321403464658,0.));
#7162 = ORIENTED_EDGE('',*,*,#7163,.T.);
#7163 = EDGE_CURVE('',#7156,#7164,#7166,.T.);
#7164 = VERTEX_POINT('',#7165);
#7165 = CARTESIAN_POINT('',(21.075000762939,-6.736120223999,
    11.800000190735));
#7166 = LINE('',#7167,#7168);
#7167 = CARTESIAN_POINT('',(21.174699783325,-6.785299777985,
    11.800000190735));
#7168 = VECTOR('',#7169,1.);
#7169 = DIRECTION('',(-0.896824785963,0.442385921208,0.));
#7170 = ORIENTED_EDGE('',*,*,#7171,.T.);
#7171 = EDGE_CURVE('',#7164,#7172,#7174,.T.);
#7172 = VERTEX_POINT('',#7173);
#7173 = CARTESIAN_POINT('',(20.982599258423,-6.674349784851,
    11.800000190735));
#7174 = LINE('',#7175,#7176);
#7175 = CARTESIAN_POINT('',(21.075000762939,-6.736120223999,
    11.800000190735));
#7176 = VECTOR('',#7177,1.);
#7177 = DIRECTION('',(-0.83134603976,0.55575512789,0.));
#7178 = ORIENTED_EDGE('',*,*,#7179,.T.);
#7179 = EDGE_CURVE('',#7172,#7180,#7182,.T.);
#7180 = VERTEX_POINT('',#7181);
#7181 = CARTESIAN_POINT('',(20.899000167847,-6.601039886475,
    11.800000190735));
#7182 = LINE('',#7183,#7184);
#7183 = CARTESIAN_POINT('',(20.982599258423,-6.674349784851,
    11.800000190735));
#7184 = VECTOR('',#7185,1.);
#7185 = DIRECTION('',(-0.751860031917,0.659322752835,0.));
#7186 = ORIENTED_EDGE('',*,*,#7187,.T.);
#7187 = EDGE_CURVE('',#7180,#7188,#7190,.T.);
#7188 = VERTEX_POINT('',#7189);
#7189 = CARTESIAN_POINT('',(20.82559967041,-6.517449855804,
    11.800000190735));
#7190 = LINE('',#7191,#7192);
#7191 = CARTESIAN_POINT('',(20.899000167847,-6.601039886475,
    11.800000190735));
#7192 = VECTOR('',#7193,1.);
#7193 = DIRECTION('',(-0.659823369793,0.751420734792,0.));
#7194 = ORIENTED_EDGE('',*,*,#7195,.T.);
#7195 = EDGE_CURVE('',#7188,#7196,#7198,.T.);
#7196 = VERTEX_POINT('',#7197);
#7197 = CARTESIAN_POINT('',(20.763900756836,-6.425000190735,
    11.800000190735));
#7198 = LINE('',#7199,#7200);
#7199 = CARTESIAN_POINT('',(20.82559967041,-6.517449855804,
    11.800000190735));
#7200 = VECTOR('',#7201,1.);
#7201 = DIRECTION('',(-0.555110002452,0.831776944366,0.));
#7202 = ORIENTED_EDGE('',*,*,#7203,.T.);
#7203 = EDGE_CURVE('',#7196,#7204,#7206,.T.);
#7204 = VERTEX_POINT('',#7205);
#7205 = CARTESIAN_POINT('',(20.714700698853,-6.325280189514,
    11.800000190735));
#7206 = LINE('',#7207,#7208);
#7207 = CARTESIAN_POINT('',(20.763900756836,-6.425000190735,
    11.800000190735));
#7208 = VECTOR('',#7209,1.);
#7209 = DIRECTION('',(-0.442459368472,0.896788552141,0.));
#7210 = ORIENTED_EDGE('',*,*,#7211,.T.);
#7211 = EDGE_CURVE('',#7204,#7212,#7214,.T.);
#7212 = VERTEX_POINT('',#7213);
#7213 = CARTESIAN_POINT('',(20.679000854492,-6.219999790192,
    11.800000190735));
#7214 = LINE('',#7215,#7216);
#7215 = CARTESIAN_POINT('',(20.714700698853,-6.325280189514,
    11.800000190735));
#7216 = VECTOR('',#7217,1.);
#7217 = DIRECTION('',(-0.321132656535,0.947034221613,0.));
#7218 = ORIENTED_EDGE('',*,*,#7219,.T.);
#7219 = EDGE_CURVE('',#7212,#6858,#7220,.T.);
#7220 = LINE('',#7221,#7222);
#7221 = CARTESIAN_POINT('',(20.679000854492,-6.219999790192,
    11.800000190735));
#7222 = VECTOR('',#7223,1.);
#7223 = DIRECTION('',(-0.195164309792,0.980770560418,0.));
#7224 = PLANE('',#7225);
#7225 = AXIS2_PLACEMENT_3D('',#7226,#7227,#7228);
#7226 = CARTESIAN_POINT('',(21.5,-5.999999969462,11.800000190735));
#7227 = DIRECTION('',(0.,0.,1.));
#7228 = DIRECTION('',(1.,0.,-0.));
#7229 = ADVANCED_FACE('',(#7230),#7255,.T.);
#7230 = FACE_BOUND('',#7231,.T.);
#7231 = EDGE_LOOP('',(#7232,#7240,#7248,#7254));
#7232 = ORIENTED_EDGE('',*,*,#7233,.T.);
#7233 = EDGE_CURVE('',#7012,#7234,#7236,.T.);
#7234 = VERTEX_POINT('',#7235);
#7235 = CARTESIAN_POINT('',(22.285299301147,-5.674719810486,
    2.799999952316));
#7236 = LINE('',#7237,#7238);
#7237 = CARTESIAN_POINT('',(22.285299301147,-5.674719810486,
    11.800000190735));
#7238 = VECTOR('',#7239,1.);
#7239 = DIRECTION('',(0.,0.,-1.));
#7240 = ORIENTED_EDGE('',*,*,#7241,.T.);
#7241 = EDGE_CURVE('',#7234,#7242,#7244,.T.);
#7242 = VERTEX_POINT('',#7243);
#7243 = CARTESIAN_POINT('',(22.320999145508,-5.780000209808,
    2.799999952316));
#7244 = LINE('',#7245,#7246);
#7245 = CARTESIAN_POINT('',(22.285299301147,-5.674719810486,
    2.799999952316));
#7246 = VECTOR('',#7247,1.);
#7247 = DIRECTION('',(0.321132656535,-0.947034221613,0.));
#7248 = ORIENTED_EDGE('',*,*,#7249,.F.);
#7249 = EDGE_CURVE('',#7020,#7242,#7250,.T.);
#7250 = LINE('',#7251,#7252);
#7251 = CARTESIAN_POINT('',(22.320999145508,-5.780000209808,
    11.800000190735));
#7252 = VECTOR('',#7253,1.);
#7253 = DIRECTION('',(0.,0.,-1.));
#7254 = ORIENTED_EDGE('',*,*,#7019,.F.);
#7255 = PLANE('',#7256);
#7256 = AXIS2_PLACEMENT_3D('',#7257,#7258,#7259);
#7257 = CARTESIAN_POINT('',(22.303149223328,-5.727360010147,
    7.300000071526));
#7258 = DIRECTION('',(-0.947034221613,-0.321132656535,-0.));
#7259 = DIRECTION('',(0.321132656535,-0.947034221613,0.));
#7260 = ADVANCED_FACE('',(#7261),#7279,.T.);
#7261 = FACE_BOUND('',#7262,.T.);
#7262 = EDGE_LOOP('',(#7263,#7264,#7272,#7278));
#7263 = ORIENTED_EDGE('',*,*,#7249,.T.);
#7264 = ORIENTED_EDGE('',*,*,#7265,.T.);
#7265 = EDGE_CURVE('',#7242,#7266,#7268,.T.);
#7266 = VERTEX_POINT('',#7267);
#7267 = CARTESIAN_POINT('',(22.342699050903,-5.889050006866,
    2.799999952316));
#7268 = LINE('',#7269,#7270);
#7269 = CARTESIAN_POINT('',(22.320999145508,-5.780000209808,
    2.799999952316));
#7270 = VECTOR('',#7271,1.);
#7271 = DIRECTION('',(0.195164309792,-0.980770560418,0.));
#7272 = ORIENTED_EDGE('',*,*,#7273,.T.);
#7273 = EDGE_CURVE('',#7266,#7028,#7274,.T.);
#7274 = LINE('',#7275,#7276);
#7275 = CARTESIAN_POINT('',(22.342699050903,-5.889050006866,
    2.799999952316));
#7276 = VECTOR('',#7277,1.);
#7277 = DIRECTION('',(0.,0.,1.));
#7278 = ORIENTED_EDGE('',*,*,#7027,.F.);
#7279 = PLANE('',#7280);
#7280 = AXIS2_PLACEMENT_3D('',#7281,#7282,#7283);
#7281 = CARTESIAN_POINT('',(22.331849098206,-5.834525108337,
    7.300000071526));
#7282 = DIRECTION('',(-0.980770560418,-0.195164309792,-0.));
#7283 = DIRECTION('',(0.195164309792,-0.980770560418,0.));
#7284 = ADVANCED_FACE('',(#7285),#7310,.T.);
#7285 = FACE_BOUND('',#7286,.T.);
#7286 = EDGE_LOOP('',(#7287,#7295,#7303,#7309));
#7287 = ORIENTED_EDGE('',*,*,#7288,.T.);
#7288 = EDGE_CURVE('',#7052,#7289,#7291,.T.);
#7289 = VERTEX_POINT('',#7290);
#7290 = CARTESIAN_POINT('',(22.320999145508,-6.219999790192,
    2.799999952316));
#7291 = LINE('',#7292,#7293);
#7292 = CARTESIAN_POINT('',(22.320999145508,-6.219999790192,
    11.800000190735));
#7293 = VECTOR('',#7294,1.);
#7294 = DIRECTION('',(0.,0.,-1.));
#7295 = ORIENTED_EDGE('',*,*,#7296,.T.);
#7296 = EDGE_CURVE('',#7289,#7297,#7299,.T.);
#7297 = VERTEX_POINT('',#7298);
#7298 = CARTESIAN_POINT('',(22.285299301147,-6.325280189514,
    2.799999952316));
#7299 = LINE('',#7300,#7301);
#7300 = CARTESIAN_POINT('',(22.320999145508,-6.219999790192,
    2.799999952316));
#7301 = VECTOR('',#7302,1.);
#7302 = DIRECTION('',(-0.321132656535,-0.947034221613,0.));
#7303 = ORIENTED_EDGE('',*,*,#7304,.T.);
#7304 = EDGE_CURVE('',#7297,#7060,#7305,.T.);
#7305 = LINE('',#7306,#7307);
#7306 = CARTESIAN_POINT('',(22.285299301147,-6.325280189514,
    2.799999952316));
#7307 = VECTOR('',#7308,1.);
#7308 = DIRECTION('',(0.,0.,1.));
#7309 = ORIENTED_EDGE('',*,*,#7059,.F.);
#7310 = PLANE('',#7311);
#7311 = AXIS2_PLACEMENT_3D('',#7312,#7313,#7314);
#7312 = CARTESIAN_POINT('',(22.303149223328,-6.272639989853,
    7.300000071526));
#7313 = DIRECTION('',(-0.947034221613,0.321132656535,-0.));
#7314 = DIRECTION('',(-0.321132656535,-0.947034221613,0.));
#7315 = ADVANCED_FACE('',(#7316),#7341,.T.);
#7316 = FACE_BOUND('',#7317,.T.);
#7317 = EDGE_LOOP('',(#7318,#7326,#7334,#7340));
#7318 = ORIENTED_EDGE('',*,*,#7319,.T.);
#7319 = EDGE_CURVE('',#7068,#7320,#7322,.T.);
#7320 = VERTEX_POINT('',#7321);
#7321 = CARTESIAN_POINT('',(22.236099243164,-6.425000190735,
    2.799999952316));
#7322 = LINE('',#7323,#7324);
#7323 = CARTESIAN_POINT('',(22.236099243164,-6.425000190735,
    11.800000190735));
#7324 = VECTOR('',#7325,1.);
#7325 = DIRECTION('',(0.,0.,-1.));
#7326 = ORIENTED_EDGE('',*,*,#7327,.T.);
#7327 = EDGE_CURVE('',#7320,#7328,#7330,.T.);
#7328 = VERTEX_POINT('',#7329);
#7329 = CARTESIAN_POINT('',(22.17440032959,-6.517449855804,
    2.799999952316));
#7330 = LINE('',#7331,#7332);
#7331 = CARTESIAN_POINT('',(22.236099243164,-6.425000190735,
    2.799999952316));
#7332 = VECTOR('',#7333,1.);
#7333 = DIRECTION('',(-0.555110002452,-0.831776944366,0.));
#7334 = ORIENTED_EDGE('',*,*,#7335,.T.);
#7335 = EDGE_CURVE('',#7328,#7076,#7336,.T.);
#7336 = LINE('',#7337,#7338);
#7337 = CARTESIAN_POINT('',(22.17440032959,-6.517449855804,
    2.799999952316));
#7338 = VECTOR('',#7339,1.);
#7339 = DIRECTION('',(0.,0.,1.));
#7340 = ORIENTED_EDGE('',*,*,#7075,.F.);
#7341 = PLANE('',#7342);
#7342 = AXIS2_PLACEMENT_3D('',#7343,#7344,#7345);
#7343 = CARTESIAN_POINT('',(22.205249786377,-6.47122502327,
    7.300000071526));
#7344 = DIRECTION('',(-0.831776944366,0.555110002452,-0.));
#7345 = DIRECTION('',(-0.555110002452,-0.831776944366,0.));
#7346 = ADVANCED_FACE('',(#7347),#7363,.T.);
#7347 = FACE_BOUND('',#7348,.T.);
#7348 = EDGE_LOOP('',(#7349,#7350,#7356,#7357));
#7349 = ORIENTED_EDGE('',*,*,#6529,.T.);
#7350 = ORIENTED_EDGE('',*,*,#7351,.T.);
#7351 = EDGE_CURVE('',#6522,#4977,#7352,.T.);
#7352 = LINE('',#7353,#7354);
#7353 = CARTESIAN_POINT('',(20.125,-8.381569862366,11.800000190735));
#7354 = VECTOR('',#7355,1.);
#7355 = DIRECTION('',(0.,0.,-1.));
#7356 = ORIENTED_EDGE('',*,*,#4976,.F.);
#7357 = ORIENTED_EDGE('',*,*,#7358,.F.);
#7358 = EDGE_CURVE('',#6530,#4969,#7359,.T.);
#7359 = LINE('',#7360,#7361);
#7360 = CARTESIAN_POINT('',(20.447599411011,-8.540670394897,
    11.800000190735));
#7361 = VECTOR('',#7362,1.);
#7362 = DIRECTION('',(0.,0.,-1.));
#7363 = PLANE('',#7364);
#7364 = AXIS2_PLACEMENT_3D('',#7365,#7366,#7367);
#7365 = CARTESIAN_POINT('',(20.286299705505,-8.461120128632,
    6.299999594688));
#7366 = DIRECTION('',(-0.442315767895,-0.896859387792,-0.));
#7367 = DIRECTION('',(-0.896859387792,0.442315767895,0.));
#7368 = ADVANCED_FACE('',(#7369),#7385,.T.);
#7369 = FACE_BOUND('',#7370,.T.);
#7370 = EDGE_LOOP('',(#7371,#7372,#7378,#7379));
#7371 = ORIENTED_EDGE('',*,*,#6561,.T.);
#7372 = ORIENTED_EDGE('',*,*,#7373,.T.);
#7373 = EDGE_CURVE('',#6554,#4945,#7374,.T.);
#7374 = LINE('',#7375,#7376);
#7375 = CARTESIAN_POINT('',(21.5,-8.75,11.800000190735));
#7376 = VECTOR('',#7377,1.);
#7377 = DIRECTION('',(0.,0.,-1.));
#7378 = ORIENTED_EDGE('',*,*,#4944,.F.);
#7379 = ORIENTED_EDGE('',*,*,#7380,.F.);
#7380 = EDGE_CURVE('',#6562,#4937,#7381,.T.);
#7381 = LINE('',#7382,#7383);
#7382 = CARTESIAN_POINT('',(21.85890007019,-8.726469993591,
    11.800000190735));
#7383 = VECTOR('',#7384,1.);
#7384 = DIRECTION('',(0.,0.,-1.));
#7385 = PLANE('',#7386);
#7386 = AXIS2_PLACEMENT_3D('',#7387,#7388,#7389);
#7387 = CARTESIAN_POINT('',(21.679450035095,-8.738234996796,
    6.299999594688));
#7388 = DIRECTION('',(6.542099390217E-02,-0.997857752166,-0.));
#7389 = DIRECTION('',(-0.997857752166,-6.542099390217E-02,0.));
#7390 = ADVANCED_FACE('',(#7391),#7402,.T.);
#7391 = FACE_BOUND('',#7392,.T.);
#7392 = EDGE_LOOP('',(#7393,#7394,#7395,#7396));
#7393 = ORIENTED_EDGE('',*,*,#6569,.T.);
#7394 = ORIENTED_EDGE('',*,*,#7380,.T.);
#7395 = ORIENTED_EDGE('',*,*,#4936,.F.);
#7396 = ORIENTED_EDGE('',*,*,#7397,.F.);
#7397 = EDGE_CURVE('',#6570,#4929,#7398,.T.);
#7398 = LINE('',#7399,#7400);
#7399 = CARTESIAN_POINT('',(22.211799621582,-8.656299591064,
    11.800000190735));
#7400 = VECTOR('',#7401,1.);
#7401 = DIRECTION('',(0.,0.,-1.));
#7402 = PLANE('',#7403);
#7403 = AXIS2_PLACEMENT_3D('',#7404,#7405,#7406);
#7404 = CARTESIAN_POINT('',(22.035349845886,-8.691384792328,
    6.299999594688));
#7405 = DIRECTION('',(0.195021659415,-0.980798935745,-0.));
#7406 = DIRECTION('',(-0.980798935745,-0.195021659415,0.));
#7407 = ADVANCED_FACE('',(#7408),#7424,.T.);
#7408 = FACE_BOUND('',#7409,.T.);
#7409 = EDGE_LOOP('',(#7410,#7416,#7417,#7423));
#7410 = ORIENTED_EDGE('',*,*,#7411,.T.);
#7411 = EDGE_CURVE('',#4809,#6690,#7412,.T.);
#7412 = LINE('',#7413,#7414);
#7413 = CARTESIAN_POINT('',(23.681699752808,-4.3259100914,0.799998998642
    ));
#7414 = VECTOR('',#7415,1.);
#7415 = DIRECTION('',(0.,0.,1.));
#7416 = ORIENTED_EDGE('',*,*,#6689,.T.);
#7417 = ORIENTED_EDGE('',*,*,#7418,.F.);
#7418 = EDGE_CURVE('',#4817,#6682,#7419,.T.);
#7419 = LINE('',#7420,#7421);
#7420 = CARTESIAN_POINT('',(23.88159942627,-4.625,0.799998998642));
#7421 = VECTOR('',#7422,1.);
#7422 = DIRECTION('',(0.,0.,1.));
#7423 = ORIENTED_EDGE('',*,*,#4816,.F.);
#7424 = PLANE('',#7425);
#7425 = AXIS2_PLACEMENT_3D('',#7426,#7427,#7428);
#7426 = CARTESIAN_POINT('',(23.781649589539,-4.4754550457,6.299999594688
    ));
#7427 = DIRECTION('',(0.831400026738,0.555674361061,0.));
#7428 = DIRECTION('',(-0.555674361061,0.831400026738,0.));
#7429 = ADVANCED_FACE('',(#7430),#7446,.T.);
#7430 = FACE_BOUND('',#7431,.T.);
#7431 = EDGE_LOOP('',(#7432,#7433,#7439,#7440));
#7432 = ORIENTED_EDGE('',*,*,#6777,.T.);
#7433 = ORIENTED_EDGE('',*,*,#7434,.T.);
#7434 = EDGE_CURVE('',#6770,#4729,#7435,.T.);
#7435 = LINE('',#7436,#7437);
#7436 = CARTESIAN_POINT('',(20.447599411011,-3.45933008194,
    11.800000190735));
#7437 = VECTOR('',#7438,1.);
#7438 = DIRECTION('',(0.,0.,-1.));
#7439 = ORIENTED_EDGE('',*,*,#4728,.F.);
#7440 = ORIENTED_EDGE('',*,*,#7441,.F.);
#7441 = EDGE_CURVE('',#6778,#4721,#7442,.T.);
#7442 = LINE('',#7443,#7444);
#7443 = CARTESIAN_POINT('',(20.125,-3.618429899216,11.800000190735));
#7444 = VECTOR('',#7445,1.);
#7445 = DIRECTION('',(0.,0.,-1.));
#7446 = PLANE('',#7447);
#7447 = AXIS2_PLACEMENT_3D('',#7448,#7449,#7450);
#7448 = CARTESIAN_POINT('',(20.286299705505,-3.538879990578,
    6.299999594688));
#7449 = DIRECTION('',(-0.442314168443,0.896860176613,0.));
#7450 = DIRECTION('',(0.896860176613,0.442314168443,0.));
#7451 = ADVANCED_FACE('',(#7452),#7463,.T.);
#7452 = FACE_BOUND('',#7453,.T.);
#7453 = EDGE_LOOP('',(#7454,#7455,#7456,#7457));
#7454 = ORIENTED_EDGE('',*,*,#6785,.T.);
#7455 = ORIENTED_EDGE('',*,*,#7441,.T.);
#7456 = ORIENTED_EDGE('',*,*,#4720,.F.);
#7457 = ORIENTED_EDGE('',*,*,#7458,.T.);
#7458 = EDGE_CURVE('',#4713,#6786,#7459,.T.);
#7459 = LINE('',#7460,#7461);
#7460 = CARTESIAN_POINT('',(19.825899124146,-3.818279981613,
    0.799998998642));
#7461 = VECTOR('',#7462,1.);
#7462 = DIRECTION('',(0.,0.,1.));
#7463 = PLANE('',#7464);
#7464 = AXIS2_PLACEMENT_3D('',#7465,#7466,#7467);
#7465 = CARTESIAN_POINT('',(19.975449562073,-3.718354940414,
    6.299999594688));
#7466 = DIRECTION('',(-0.555564979717,0.831473122423,0.));
#7467 = DIRECTION('',(0.831473122423,0.555564979717,0.));
#7468 = ADVANCED_FACE('',(#7469),#7480,.T.);
#7469 = FACE_BOUND('',#7470,.T.);
#7470 = EDGE_LOOP('',(#7471,#7472,#7473,#7474));
#7471 = ORIENTED_EDGE('',*,*,#6537,.T.);
#7472 = ORIENTED_EDGE('',*,*,#7358,.T.);
#7473 = ORIENTED_EDGE('',*,*,#4968,.F.);
#7474 = ORIENTED_EDGE('',*,*,#7475,.T.);
#7475 = EDGE_CURVE('',#4961,#6538,#7476,.T.);
#7476 = LINE('',#7477,#7478);
#7477 = CARTESIAN_POINT('',(20.788200378418,-8.656299591064,
    0.799998998642));
#7478 = VECTOR('',#7479,1.);
#7479 = DIRECTION('',(0.,0.,1.));
#7480 = PLANE('',#7481);
#7481 = AXIS2_PLACEMENT_3D('',#7482,#7483,#7484);
#7482 = CARTESIAN_POINT('',(20.617899894714,-8.598484992981,
    6.299999594688));
#7483 = DIRECTION('',(-0.321466256821,-0.946921034578,-0.));
#7484 = DIRECTION('',(-0.946921034578,0.321466256821,0.));
#7485 = ADVANCED_FACE('',(#7486),#7502,.T.);
#7486 = FACE_BOUND('',#7487,.T.);
#7487 = EDGE_LOOP('',(#7488,#7494,#7495,#7501));
#7488 = ORIENTED_EDGE('',*,*,#7489,.T.);
#7489 = EDGE_CURVE('',#4881,#6618,#7490,.T.);
#7490 = LINE('',#7491,#7492);
#7491 = CARTESIAN_POINT('',(23.88159942627,-7.375,0.799998998642));
#7492 = VECTOR('',#7493,1.);
#7493 = DIRECTION('',(0.,0.,1.));
#7494 = ORIENTED_EDGE('',*,*,#6617,.T.);
#7495 = ORIENTED_EDGE('',*,*,#7496,.T.);
#7496 = EDGE_CURVE('',#6610,#4889,#7497,.T.);
#7497 = LINE('',#7498,#7499);
#7498 = CARTESIAN_POINT('',(23.681699752808,-7.6740899086,
    11.800000190735));
#7499 = VECTOR('',#7500,1.);
#7500 = DIRECTION('',(0.,0.,-1.));
#7501 = ORIENTED_EDGE('',*,*,#4888,.F.);
#7502 = PLANE('',#7503);
#7503 = AXIS2_PLACEMENT_3D('',#7504,#7505,#7506);
#7504 = CARTESIAN_POINT('',(23.781649589539,-7.5245449543,6.299999594688
    ));
#7505 = DIRECTION('',(0.831400026738,-0.555674361061,0.));
#7506 = DIRECTION('',(0.555674361061,0.831400026738,0.));
#7507 = ADVANCED_FACE('',(#7508),#7524,.T.);
#7508 = FACE_BOUND('',#7509,.T.);
#7509 = EDGE_LOOP('',(#7510,#7511,#7517,#7518));
#7510 = ORIENTED_EDGE('',*,*,#6745,.T.);
#7511 = ORIENTED_EDGE('',*,*,#7512,.T.);
#7512 = EDGE_CURVE('',#6738,#4761,#7513,.T.);
#7513 = LINE('',#7514,#7515);
#7514 = CARTESIAN_POINT('',(21.85890007019,-3.273530006409,
    11.800000190735));
#7515 = VECTOR('',#7516,1.);
#7516 = DIRECTION('',(0.,0.,-1.));
#7517 = ORIENTED_EDGE('',*,*,#4760,.F.);
#7518 = ORIENTED_EDGE('',*,*,#7519,.F.);
#7519 = EDGE_CURVE('',#6746,#4753,#7520,.T.);
#7520 = LINE('',#7521,#7522);
#7521 = CARTESIAN_POINT('',(21.5,-3.25,11.800000190735));
#7522 = VECTOR('',#7523,1.);
#7523 = DIRECTION('',(0.,0.,-1.));
#7524 = PLANE('',#7525);
#7525 = AXIS2_PLACEMENT_3D('',#7526,#7527,#7528);
#7526 = CARTESIAN_POINT('',(21.679450035095,-3.261765003204,
    6.299999594688));
#7527 = DIRECTION('',(6.542099390217E-02,0.997857752166,0.));
#7528 = DIRECTION('',(0.997857752166,-6.542099390217E-02,0.));
#7529 = ADVANCED_FACE('',(#7530),#7546,.T.);
#7530 = FACE_BOUND('',#7531,.T.);
#7531 = EDGE_LOOP('',(#7532,#7538,#7539,#7545));
#7532 = ORIENTED_EDGE('',*,*,#7533,.T.);
#7533 = EDGE_CURVE('',#4865,#6634,#7534,.T.);
#7534 = LINE('',#7535,#7536);
#7535 = CARTESIAN_POINT('',(24.156299591064,-6.711750030518,
    0.799998998642));
#7536 = VECTOR('',#7537,1.);
#7537 = DIRECTION('',(0.,0.,1.));
#7538 = ORIENTED_EDGE('',*,*,#6633,.T.);
#7539 = ORIENTED_EDGE('',*,*,#7540,.T.);
#7540 = EDGE_CURVE('',#6626,#4873,#7541,.T.);
#7541 = LINE('',#7542,#7543);
#7542 = CARTESIAN_POINT('',(24.040700912476,-7.052380084991,
    11.800000190735));
#7543 = VECTOR('',#7544,1.);
#7544 = DIRECTION('',(0.,0.,-1.));
#7545 = ORIENTED_EDGE('',*,*,#4872,.F.);
#7546 = PLANE('',#7547);
#7547 = AXIS2_PLACEMENT_3D('',#7548,#7549,#7550);
#7548 = CARTESIAN_POINT('',(24.09850025177,-6.882065057755,
    6.299999594688));
#7549 = DIRECTION('',(0.946955210905,-0.32136556838,0.));
#7550 = DIRECTION('',(0.32136556838,0.946955210905,0.));
#7551 = ADVANCED_FACE('',(#7552),#7563,.T.);
#7552 = FACE_BOUND('',#7553,.T.);
#7553 = EDGE_LOOP('',(#7554,#7555,#7556,#7562));
#7554 = ORIENTED_EDGE('',*,*,#7418,.T.);
#7555 = ORIENTED_EDGE('',*,*,#6681,.T.);
#7556 = ORIENTED_EDGE('',*,*,#7557,.F.);
#7557 = EDGE_CURVE('',#4825,#6674,#7558,.T.);
#7558 = LINE('',#7559,#7560);
#7559 = CARTESIAN_POINT('',(24.040700912476,-4.947619915009,
    0.799998998642));
#7560 = VECTOR('',#7561,1.);
#7561 = DIRECTION('',(0.,0.,1.));
#7562 = ORIENTED_EDGE('',*,*,#4824,.F.);
#7563 = PLANE('',#7564);
#7564 = AXIS2_PLACEMENT_3D('',#7565,#7566,#7567);
#7565 = CARTESIAN_POINT('',(23.961150169373,-4.786309957504,
    6.299999594688));
#7566 = DIRECTION('',(0.896869487561,0.44229528856,0.));
#7567 = DIRECTION('',(-0.44229528856,0.896869487561,0.));
#7568 = ADVANCED_FACE('',(#7569),#7580,.T.);
#7569 = FACE_BOUND('',#7570,.T.);
#7570 = EDGE_LOOP('',(#7571,#7572,#7573,#7574));
#7571 = ORIENTED_EDGE('',*,*,#6753,.T.);
#7572 = ORIENTED_EDGE('',*,*,#7519,.T.);
#7573 = ORIENTED_EDGE('',*,*,#4752,.F.);
#7574 = ORIENTED_EDGE('',*,*,#7575,.T.);
#7575 = EDGE_CURVE('',#4745,#6754,#7576,.T.);
#7576 = LINE('',#7577,#7578);
#7577 = CARTESIAN_POINT('',(21.14109992981,-3.273530006409,
    0.799998998642));
#7578 = VECTOR('',#7579,1.);
#7579 = DIRECTION('',(0.,0.,1.));
#7580 = PLANE('',#7581);
#7581 = AXIS2_PLACEMENT_3D('',#7582,#7583,#7584);
#7582 = CARTESIAN_POINT('',(21.320549964905,-3.261765003204,
    6.299999594688));
#7583 = DIRECTION('',(-6.542099390217E-02,0.997857752166,0.));
#7584 = DIRECTION('',(0.997857752166,6.542099390217E-02,0.));
#7585 = ADVANCED_FACE('',(#7586),#7602,.T.);
#7586 = FACE_BOUND('',#7587,.T.);
#7587 = EDGE_LOOP('',(#7588,#7589,#7595,#7596));
#7588 = ORIENTED_EDGE('',*,*,#6729,.T.);
#7589 = ORIENTED_EDGE('',*,*,#7590,.T.);
#7590 = EDGE_CURVE('',#6722,#4777,#7591,.T.);
#7591 = LINE('',#7592,#7593);
#7592 = CARTESIAN_POINT('',(22.552400588989,-3.45933008194,
    11.800000190735));
#7593 = VECTOR('',#7594,1.);
#7594 = DIRECTION('',(0.,0.,-1.));
#7595 = ORIENTED_EDGE('',*,*,#4776,.F.);
#7596 = ORIENTED_EDGE('',*,*,#7597,.T.);
#7597 = EDGE_CURVE('',#4769,#6730,#7598,.T.);
#7598 = LINE('',#7599,#7600);
#7599 = CARTESIAN_POINT('',(22.211799621582,-3.343699932098,
    0.799998998642));
#7600 = VECTOR('',#7601,1.);
#7601 = DIRECTION('',(0.,0.,1.));
#7602 = PLANE('',#7603);
#7603 = AXIS2_PLACEMENT_3D('',#7604,#7605,#7606);
#7604 = CARTESIAN_POINT('',(22.382100105286,-3.401515007019,
    6.299999594688));
#7605 = DIRECTION('',(0.32146863418,0.946920227494,0.));
#7606 = DIRECTION('',(0.946920227494,-0.32146863418,0.));
#7607 = ADVANCED_FACE('',(#7608),#7619,.T.);
#7608 = FACE_BOUND('',#7609,.T.);
#7609 = EDGE_LOOP('',(#7610,#7611,#7612,#7618));
#7610 = ORIENTED_EDGE('',*,*,#7557,.T.);
#7611 = ORIENTED_EDGE('',*,*,#6673,.T.);
#7612 = ORIENTED_EDGE('',*,*,#7613,.F.);
#7613 = EDGE_CURVE('',#4833,#6666,#7614,.T.);
#7614 = LINE('',#7615,#7616);
#7615 = CARTESIAN_POINT('',(24.156299591064,-5.288249969482,
    0.799998998642));
#7616 = VECTOR('',#7617,1.);
#7617 = DIRECTION('',(0.,0.,1.));
#7618 = ORIENTED_EDGE('',*,*,#4832,.F.);
#7619 = PLANE('',#7620);
#7620 = AXIS2_PLACEMENT_3D('',#7621,#7622,#7623);
#7621 = CARTESIAN_POINT('',(24.09850025177,-5.117934942245,
    6.299999594688));
#7622 = DIRECTION('',(0.946955210905,0.32136556838,0.));
#7623 = DIRECTION('',(-0.32136556838,0.946955210905,0.));
#7624 = ADVANCED_FACE('',(#7625),#7636,.T.);
#7625 = FACE_BOUND('',#7626,.T.);
#7626 = EDGE_LOOP('',(#7627,#7628,#7629,#7635));
#7627 = ORIENTED_EDGE('',*,*,#7613,.T.);
#7628 = ORIENTED_EDGE('',*,*,#6665,.T.);
#7629 = ORIENTED_EDGE('',*,*,#7630,.T.);
#7630 = EDGE_CURVE('',#6658,#4841,#7631,.T.);
#7631 = LINE('',#7632,#7633);
#7632 = CARTESIAN_POINT('',(24.226499557495,-5.641049861908,
    11.800000190735));
#7633 = VECTOR('',#7634,1.);
#7634 = DIRECTION('',(0.,0.,-1.));
#7635 = ORIENTED_EDGE('',*,*,#4840,.F.);
#7636 = PLANE('',#7637);
#7637 = AXIS2_PLACEMENT_3D('',#7638,#7639,#7640);
#7638 = CARTESIAN_POINT('',(24.19139957428,-5.464649915695,
    6.299999594688));
#7639 = DIRECTION('',(0.9807726693,0.195153711606,0.));
#7640 = DIRECTION('',(-0.195153711606,0.9807726693,0.));
#7641 = ADVANCED_FACE('',(#7642),#7653,.T.);
#7642 = FACE_BOUND('',#7643,.T.);
#7643 = EDGE_LOOP('',(#7644,#7645,#7646,#7647));
#7644 = ORIENTED_EDGE('',*,*,#6577,.T.);
#7645 = ORIENTED_EDGE('',*,*,#7397,.T.);
#7646 = ORIENTED_EDGE('',*,*,#4928,.F.);
#7647 = ORIENTED_EDGE('',*,*,#7648,.T.);
#7648 = EDGE_CURVE('',#4921,#6578,#7649,.T.);
#7649 = LINE('',#7650,#7651);
#7650 = CARTESIAN_POINT('',(22.552400588989,-8.540670394897,
    0.799998998642));
#7651 = VECTOR('',#7652,1.);
#7652 = DIRECTION('',(0.,0.,1.));
#7653 = PLANE('',#7654);
#7654 = AXIS2_PLACEMENT_3D('',#7655,#7656,#7657);
#7655 = CARTESIAN_POINT('',(22.382100105286,-8.598484992981,
    6.299999594688));
#7656 = DIRECTION('',(0.321466256821,-0.946921034578,-0.));
#7657 = DIRECTION('',(-0.946921034578,-0.321466256821,0.));
#7658 = ADVANCED_FACE('',(#7659),#7675,.T.);
#7659 = FACE_BOUND('',#7660,.T.);
#7660 = EDGE_LOOP('',(#7661,#7662,#7668,#7669));
#7661 = ORIENTED_EDGE('',*,*,#6705,.T.);
#7662 = ORIENTED_EDGE('',*,*,#7663,.T.);
#7663 = EDGE_CURVE('',#6698,#4801,#7664,.T.);
#7664 = LINE('',#7665,#7666);
#7665 = CARTESIAN_POINT('',(23.444499969482,-4.055459976196,
    11.800000190735));
#7666 = VECTOR('',#7667,1.);
#7667 = DIRECTION('',(0.,0.,-1.));
#7668 = ORIENTED_EDGE('',*,*,#4800,.F.);
#7669 = ORIENTED_EDGE('',*,*,#7670,.T.);
#7670 = EDGE_CURVE('',#4793,#6706,#7671,.T.);
#7671 = LINE('',#7672,#7673);
#7672 = CARTESIAN_POINT('',(23.174100875854,-3.818279981613,
    0.799998998642));
#7673 = VECTOR('',#7674,1.);
#7674 = DIRECTION('',(0.,0.,1.));
#7675 = PLANE('',#7676);
#7676 = AXIS2_PLACEMENT_3D('',#7677,#7678,#7679);
#7677 = CARTESIAN_POINT('',(23.309300422668,-3.936869978905,
    6.299999594688));
#7678 = DIRECTION('',(0.659418660349,0.751775917666,0.));
#7679 = DIRECTION('',(0.751775917666,-0.659418660349,0.));
#7680 = ADVANCED_FACE('',(#7681),#7692,.T.);
#7681 = FACE_BOUND('',#7682,.T.);
#7682 = EDGE_LOOP('',(#7683,#7689,#7690,#7691));
#7683 = ORIENTED_EDGE('',*,*,#7684,.T.);
#7684 = EDGE_CURVE('',#4170,#2993,#7685,.T.);
#7685 = LINE('',#7686,#7687);
#7686 = CARTESIAN_POINT('',(12.25,-0.25,0.799998998642));
#7687 = VECTOR('',#7688,1.);
#7688 = DIRECTION('',(0.,0.,1.));
#7689 = ORIENTED_EDGE('',*,*,#2992,.T.);
#7690 = ORIENTED_EDGE('',*,*,#3130,.T.);
#7691 = ORIENTED_EDGE('',*,*,#4177,.F.);
#7692 = PLANE('',#7693);
#7693 = AXIS2_PLACEMENT_3D('',#7694,#7695,#7696);
#7694 = CARTESIAN_POINT('',(12.25,-9.5,2.399999499321));
#7695 = DIRECTION('',(1.,0.,0.));
#7696 = DIRECTION('',(-0.,0.,1.));
#7697 = ADVANCED_FACE('',(#7698),#7723,.T.);
#7698 = FACE_BOUND('',#7699,.T.);
#7699 = EDGE_LOOP('',(#7700,#7710,#7716,#7717));
#7700 = ORIENTED_EDGE('',*,*,#7701,.T.);
#7701 = EDGE_CURVE('',#7702,#7704,#7706,.T.);
#7702 = VERTEX_POINT('',#7703);
#7703 = CARTESIAN_POINT('',(18.5,-35.5,1.799999952316));
#7704 = VERTEX_POINT('',#7705);
#7705 = CARTESIAN_POINT('',(17.,-35.5,1.799999952316));
#7706 = LINE('',#7707,#7708);
#7707 = CARTESIAN_POINT('',(18.5,-35.5,1.799999952316));
#7708 = VECTOR('',#7709,1.);
#7709 = DIRECTION('',(-1.,0.,0.));
#7710 = ORIENTED_EDGE('',*,*,#7711,.T.);
#7711 = EDGE_CURVE('',#7704,#4205,#7712,.T.);
#7712 = LINE('',#7713,#7714);
#7713 = CARTESIAN_POINT('',(17.,-35.5,1.799999952316));
#7714 = VECTOR('',#7715,1.);
#7715 = DIRECTION('',(0.,0.,-1.));
#7716 = ORIENTED_EDGE('',*,*,#4204,.F.);
#7717 = ORIENTED_EDGE('',*,*,#7718,.F.);
#7718 = EDGE_CURVE('',#7702,#4197,#7719,.T.);
#7719 = LINE('',#7720,#7721);
#7720 = CARTESIAN_POINT('',(18.5,-35.5,1.799999952316));
#7721 = VECTOR('',#7722,1.);
#7722 = DIRECTION('',(0.,0.,-1.));
#7723 = PLANE('',#7724);
#7724 = AXIS2_PLACEMENT_3D('',#7725,#7726,#7727);
#7725 = CARTESIAN_POINT('',(17.75,-35.5,1.299999475479));
#7726 = DIRECTION('',(-0.,-1.,-0.));
#7727 = DIRECTION('',(0.,0.,-1.));
#7728 = ADVANCED_FACE('',(#7729),#7752,.T.);
#7729 = FACE_BOUND('',#7730,.T.);
#7730 = EDGE_LOOP('',(#7731,#7739,#7745,#7746));
#7731 = ORIENTED_EDGE('',*,*,#7732,.T.);
#7732 = EDGE_CURVE('',#7733,#616,#7735,.T.);
#7733 = VERTEX_POINT('',#7734);
#7734 = CARTESIAN_POINT('',(-24.,-35.5,1.799999952316));
#7735 = LINE('',#7736,#7737);
#7736 = CARTESIAN_POINT('',(-24.,-35.5,1.799999952316));
#7737 = VECTOR('',#7738,1.);
#7738 = DIRECTION('',(-1.,0.,0.));
#7739 = ORIENTED_EDGE('',*,*,#7740,.F.);
#7740 = EDGE_CURVE('',#3859,#616,#7741,.T.);
#7741 = LINE('',#7742,#7743);
#7742 = CARTESIAN_POINT('',(-24.40489959716,-35.5,0.799998998642));
#7743 = VECTOR('',#7744,1.);
#7744 = DIRECTION('',(0.,0.,1.));
#7745 = ORIENTED_EDGE('',*,*,#3858,.F.);
#7746 = ORIENTED_EDGE('',*,*,#7747,.F.);
#7747 = EDGE_CURVE('',#7733,#3851,#7748,.T.);
#7748 = LINE('',#7749,#7750);
#7749 = CARTESIAN_POINT('',(-24.,-35.5,1.799999952316));
#7750 = VECTOR('',#7751,1.);
#7751 = DIRECTION('',(0.,0.,-1.));
#7752 = PLANE('',#7753);
#7753 = AXIS2_PLACEMENT_3D('',#7754,#7755,#7756);
#7754 = CARTESIAN_POINT('',(-24.20244979858,-35.5,1.299999475479));
#7755 = DIRECTION('',(-0.,-1.,-0.));
#7756 = DIRECTION('',(0.,0.,-1.));
#7757 = ADVANCED_FACE('',(#7758),#7776,.T.);
#7758 = FACE_BOUND('',#7759,.T.);
#7759 = EDGE_LOOP('',(#7760,#7768,#7774,#7775));
#7760 = ORIENTED_EDGE('',*,*,#7761,.T.);
#7761 = EDGE_CURVE('',#4189,#7762,#7764,.T.);
#7762 = VERTEX_POINT('',#7763);
#7763 = CARTESIAN_POINT('',(18.5,-20.5,1.799999952316));
#7764 = LINE('',#7765,#7766);
#7765 = CARTESIAN_POINT('',(18.5,-20.5,0.799998998642));
#7766 = VECTOR('',#7767,1.);
#7767 = DIRECTION('',(0.,0.,1.));
#7768 = ORIENTED_EDGE('',*,*,#7769,.T.);
#7769 = EDGE_CURVE('',#7762,#7702,#7770,.T.);
#7770 = LINE('',#7771,#7772);
#7771 = CARTESIAN_POINT('',(18.5,-20.5,1.799999952316));
#7772 = VECTOR('',#7773,1.);
#7773 = DIRECTION('',(0.,-1.,0.));
#7774 = ORIENTED_EDGE('',*,*,#7718,.T.);
#7775 = ORIENTED_EDGE('',*,*,#4196,.F.);
#7776 = PLANE('',#7777);
#7777 = AXIS2_PLACEMENT_3D('',#7778,#7779,#7780);
#7778 = CARTESIAN_POINT('',(18.5,-28.,1.299999475479));
#7779 = DIRECTION('',(1.,0.,0.));
#7780 = DIRECTION('',(-0.,0.,1.));
#7781 = ADVANCED_FACE('',(#7782),#7800,.T.);
#7782 = FACE_BOUND('',#7783,.T.);
#7783 = EDGE_LOOP('',(#7784,#7792,#7798,#7799));
#7784 = ORIENTED_EDGE('',*,*,#7785,.T.);
#7785 = EDGE_CURVE('',#3843,#7786,#7788,.T.);
#7786 = VERTEX_POINT('',#7787);
#7787 = CARTESIAN_POINT('',(-24.,-20.5,1.799999952316));
#7788 = LINE('',#7789,#7790);
#7789 = CARTESIAN_POINT('',(-24.,-20.5,0.799998998642));
#7790 = VECTOR('',#7791,1.);
#7791 = DIRECTION('',(0.,0.,1.));
#7792 = ORIENTED_EDGE('',*,*,#7793,.T.);
#7793 = EDGE_CURVE('',#7786,#7733,#7794,.T.);
#7794 = LINE('',#7795,#7796);
#7795 = CARTESIAN_POINT('',(-24.,-20.5,1.799999952316));
#7796 = VECTOR('',#7797,1.);
#7797 = DIRECTION('',(0.,-1.,0.));
#7798 = ORIENTED_EDGE('',*,*,#7747,.T.);
#7799 = ORIENTED_EDGE('',*,*,#3850,.F.);
#7800 = PLANE('',#7801);
#7801 = AXIS2_PLACEMENT_3D('',#7802,#7803,#7804);
#7802 = CARTESIAN_POINT('',(-24.,-28.,1.299999475479));
#7803 = DIRECTION('',(1.,0.,0.));
#7804 = DIRECTION('',(-0.,0.,1.));
#7805 = ADVANCED_FACE('',(#7806),#7822,.T.);
#7806 = FACE_BOUND('',#7807,.T.);
#7807 = EDGE_LOOP('',(#7808,#7814,#7815,#7821));
#7808 = ORIENTED_EDGE('',*,*,#7809,.T.);
#7809 = EDGE_CURVE('',#1286,#4075,#7810,.T.);
#7810 = LINE('',#7811,#7812);
#7811 = CARTESIAN_POINT('',(25.253999710083,-0.938971996307,
    11.800000190735));
#7812 = VECTOR('',#7813,1.);
#7813 = DIRECTION('',(0.,0.,-1.));
#7814 = ORIENTED_EDGE('',*,*,#4074,.T.);
#7815 = ORIENTED_EDGE('',*,*,#7816,.F.);
#7816 = EDGE_CURVE('',#1294,#4067,#7817,.T.);
#7817 = LINE('',#7818,#7819);
#7818 = CARTESIAN_POINT('',(25.428499221802,-1.200000047684,
    11.800000190735));
#7819 = VECTOR('',#7820,1.);
#7820 = DIRECTION('',(0.,0.,-1.));
#7821 = ORIENTED_EDGE('',*,*,#1293,.F.);
#7822 = PLANE('',#7823);
#7823 = AXIS2_PLACEMENT_3D('',#7824,#7825,#7826);
#7824 = CARTESIAN_POINT('',(25.341249465942,-1.069486021996,
    6.299999594688));
#7825 = DIRECTION('',(-0.831342853843,-0.555759893627,-0.));
#7826 = DIRECTION('',(0.555759893627,-0.831342853843,0.));
#7827 = ADVANCED_FACE('',(#7828),#7844,.T.);
#7828 = FACE_BOUND('',#7829,.T.);
#7829 = EDGE_LOOP('',(#7830,#7836,#7837,#7843));
#7830 = ORIENTED_EDGE('',*,*,#7831,.T.);
#7831 = EDGE_CURVE('',#1374,#3987,#7832,.T.);
#7832 = LINE('',#7833,#7834);
#7833 = CARTESIAN_POINT('',(25.253999710083,-34.81100082397,
    11.800000190735));
#7834 = VECTOR('',#7835,1.);
#7835 = DIRECTION('',(0.,0.,-1.));
#7836 = ORIENTED_EDGE('',*,*,#3986,.T.);
#7837 = ORIENTED_EDGE('',*,*,#7838,.F.);
#7838 = EDGE_CURVE('',#1382,#3979,#7839,.T.);
#7839 = LINE('',#7840,#7841);
#7840 = CARTESIAN_POINT('',(25.047100067139,-35.04710006713,
    11.800000190735));
#7841 = VECTOR('',#7842,1.);
#7842 = DIRECTION('',(0.,0.,-1.));
#7843 = ORIENTED_EDGE('',*,*,#1381,.F.);
#7844 = PLANE('',#7845);
#7845 = AXIS2_PLACEMENT_3D('',#7846,#7847,#7848);
#7846 = CARTESIAN_POINT('',(25.150549888611,-34.92905044555,
    6.299999594688));
#7847 = DIRECTION('',(-0.75208267922,0.659068770022,-0.));
#7848 = DIRECTION('',(-0.659068770022,-0.75208267922,0.));
#7849 = ADVANCED_FACE('',(#7850),#7861,.T.);
#7850 = FACE_BOUND('',#7851,.T.);
#7851 = EDGE_LOOP('',(#7852,#7853,#7854,#7860));
#7852 = ORIENTED_EDGE('',*,*,#7816,.T.);
#7853 = ORIENTED_EDGE('',*,*,#4066,.T.);
#7854 = ORIENTED_EDGE('',*,*,#7855,.T.);
#7855 = EDGE_CURVE('',#4059,#1302,#7856,.T.);
#7856 = LINE('',#7857,#7858);
#7857 = CARTESIAN_POINT('',(25.567300796509,-1.481559991837,
    0.799998998642));
#7858 = VECTOR('',#7859,1.);
#7859 = DIRECTION('',(0.,0.,1.));
#7860 = ORIENTED_EDGE('',*,*,#1301,.F.);
#7861 = PLANE('',#7862);
#7862 = AXIS2_PLACEMENT_3D('',#7863,#7864,#7865);
#7863 = CARTESIAN_POINT('',(25.497900009155,-1.34078001976,
    6.299999594688));
#7864 = DIRECTION('',(-0.896933923738,-0.442164603341,-0.));
#7865 = DIRECTION('',(0.442164603341,-0.896933923738,0.));
#7866 = ADVANCED_FACE('',(#7867),#7883,.T.);
#7867 = FACE_BOUND('',#7868,.T.);
#7868 = EDGE_LOOP('',(#7869,#7875,#7876,#7882));
#7869 = ORIENTED_EDGE('',*,*,#7870,.T.);
#7870 = EDGE_CURVE('',#1310,#4051,#7871,.T.);
#7871 = LINE('',#7872,#7873);
#7872 = CARTESIAN_POINT('',(25.668199539185,-1.778830051422,
    11.800000190735));
#7873 = VECTOR('',#7874,1.);
#7874 = DIRECTION('',(0.,0.,-1.));
#7875 = ORIENTED_EDGE('',*,*,#4050,.T.);
#7876 = ORIENTED_EDGE('',*,*,#7877,.T.);
#7877 = EDGE_CURVE('',#4043,#1318,#7878,.T.);
#7878 = LINE('',#7879,#7880);
#7879 = CARTESIAN_POINT('',(25.729499816895,-2.086740016937,
    0.799998998642));
#7880 = VECTOR('',#7881,1.);
#7881 = DIRECTION('',(0.,0.,1.));
#7882 = ORIENTED_EDGE('',*,*,#1317,.F.);
#7883 = PLANE('',#7884);
#7884 = AXIS2_PLACEMENT_3D('',#7885,#7886,#7887);
#7885 = CARTESIAN_POINT('',(25.69884967804,-1.93278503418,6.299999594688
    ));
#7886 = DIRECTION('',(-0.98075285727,-0.195253253382,-0.));
#7887 = DIRECTION('',(0.195253253382,-0.98075285727,0.));
#7888 = ADVANCED_FACE('',(#7889),#7905,.T.);
#7889 = FACE_BOUND('',#7890,.T.);
#7890 = EDGE_LOOP('',(#7891,#7897,#7898,#7904));
#7891 = ORIENTED_EDGE('',*,*,#7892,.T.);
#7892 = EDGE_CURVE('',#1342,#4019,#7893,.T.);
#7893 = LINE('',#7894,#7895);
#7894 = CARTESIAN_POINT('',(25.729499816895,-33.66329956054,
    11.800000190735));
#7895 = VECTOR('',#7896,1.);
#7896 = DIRECTION('',(0.,0.,-1.));
#7897 = ORIENTED_EDGE('',*,*,#4018,.T.);
#7898 = ORIENTED_EDGE('',*,*,#7899,.F.);
#7899 = EDGE_CURVE('',#1350,#4011,#7900,.T.);
#7900 = LINE('',#7901,#7902);
#7901 = CARTESIAN_POINT('',(25.668199539185,-33.97119903564,
    11.800000190735));
#7902 = VECTOR('',#7903,1.);
#7903 = DIRECTION('',(0.,0.,-1.));
#7904 = ORIENTED_EDGE('',*,*,#1349,.F.);
#7905 = PLANE('',#7906);
#7906 = AXIS2_PLACEMENT_3D('',#7907,#7908,#7909);
#7907 = CARTESIAN_POINT('',(25.69884967804,-33.81724929809,
    6.299999594688));
#7908 = DIRECTION('',(-0.980751583337,0.19525965221,-0.));
#7909 = DIRECTION('',(-0.19525965221,-0.980751583337,0.));
#7910 = ADVANCED_FACE('',(#7911),#7927,.T.);
#7911 = FACE_BOUND('',#7912,.T.);
#7912 = EDGE_LOOP('',(#7913,#7919,#7920,#7926));
#7913 = ORIENTED_EDGE('',*,*,#7914,.T.);
#7914 = EDGE_CURVE('',#1326,#4035,#7915,.T.);
#7915 = LINE('',#7916,#7917);
#7916 = CARTESIAN_POINT('',(25.75,-2.400000095367,11.800000190735));
#7917 = VECTOR('',#7918,1.);
#7918 = DIRECTION('',(0.,0.,-1.));
#7919 = ORIENTED_EDGE('',*,*,#4034,.T.);
#7920 = ORIENTED_EDGE('',*,*,#7921,.T.);
#7921 = EDGE_CURVE('',#4027,#1334,#7922,.T.);
#7922 = LINE('',#7923,#7924);
#7923 = CARTESIAN_POINT('',(25.75,-33.34999847412,0.799998998642));
#7924 = VECTOR('',#7925,1.);
#7925 = DIRECTION('',(0.,0.,1.));
#7926 = ORIENTED_EDGE('',*,*,#1333,.F.);
#7927 = PLANE('',#7928);
#7928 = AXIS2_PLACEMENT_3D('',#7929,#7930,#7931);
#7929 = CARTESIAN_POINT('',(25.75,-17.87499928474,6.299999594688));
#7930 = DIRECTION('',(-1.,-0.,-0.));
#7931 = DIRECTION('',(0.,0.,-1.));
#7932 = ADVANCED_FACE('',(#7933),#7944,.T.);
#7933 = FACE_BOUND('',#7934,.T.);
#7934 = EDGE_LOOP('',(#7935,#7936,#7937,#7943));
#7935 = ORIENTED_EDGE('',*,*,#7899,.T.);
#7936 = ORIENTED_EDGE('',*,*,#4010,.T.);
#7937 = ORIENTED_EDGE('',*,*,#7938,.F.);
#7938 = EDGE_CURVE('',#1358,#4003,#7939,.T.);
#7939 = LINE('',#7940,#7941);
#7940 = CARTESIAN_POINT('',(25.567300796509,-34.26839828491,
    11.800000190735));
#7941 = VECTOR('',#7942,1.);
#7942 = DIRECTION('',(0.,0.,-1.));
#7943 = ORIENTED_EDGE('',*,*,#1357,.F.);
#7944 = PLANE('',#7945);
#7945 = AXIS2_PLACEMENT_3D('',#7946,#7947,#7948);
#7946 = CARTESIAN_POINT('',(25.617750167847,-34.11979866027,
    6.299999594688));
#7947 = DIRECTION('',(-0.946917335376,0.321477153098,-0.));
#7948 = DIRECTION('',(-0.321477153098,-0.946917335376,0.));
#7949 = ADVANCED_FACE('',(#7950),#7961,.T.);
#7950 = FACE_BOUND('',#7951,.T.);
#7951 = EDGE_LOOP('',(#7952,#7953,#7954,#7960));
#7952 = ORIENTED_EDGE('',*,*,#7938,.T.);
#7953 = ORIENTED_EDGE('',*,*,#4002,.T.);
#7954 = ORIENTED_EDGE('',*,*,#7955,.T.);
#7955 = EDGE_CURVE('',#3995,#1366,#7956,.T.);
#7956 = LINE('',#7957,#7958);
#7957 = CARTESIAN_POINT('',(25.428499221802,-34.54999923706,
    0.799998998642));
#7958 = VECTOR('',#7959,1.);
#7959 = DIRECTION('',(0.,0.,1.));
#7960 = ORIENTED_EDGE('',*,*,#1365,.F.);
#7961 = PLANE('',#7962);
#7962 = AXIS2_PLACEMENT_3D('',#7963,#7964,#7965);
#7963 = CARTESIAN_POINT('',(25.497900009155,-34.40919876098,
    6.299999594688));
#7964 = DIRECTION('',(-0.896959459554,0.442112799991,-0.));
#7965 = DIRECTION('',(-0.442112799991,-0.896959459554,0.));
#7966 = ADVANCED_FACE('',(#7967,#7992,#8026,#8060,#8094,#8128,#8162,
    #8196,#8230,#8264,#8298,#8332,#8366),#8400,.T.);
#7967 = FACE_BOUND('',#7968,.T.);
#7968 = EDGE_LOOP('',(#7969,#7970,#7976,#7977,#7983,#7984,#7985,#7986));
#7969 = ORIENTED_EDGE('',*,*,#3898,.T.);
#7970 = ORIENTED_EDGE('',*,*,#7971,.T.);
#7971 = EDGE_CURVE('',#3891,#1438,#7972,.T.);
#7972 = LINE('',#7973,#7974);
#7973 = CARTESIAN_POINT('',(-23.35000038147,-35.75,0.799998998642));
#7974 = VECTOR('',#7975,1.);
#7975 = DIRECTION('',(0.,0.,1.));
#7976 = ORIENTED_EDGE('',*,*,#1437,.F.);
#7977 = ORIENTED_EDGE('',*,*,#7978,.T.);
#7978 = EDGE_CURVE('',#1430,#3931,#7979,.T.);
#7979 = LINE('',#7980,#7981);
#7980 = CARTESIAN_POINT('',(23.35000038147,-35.75,11.800000190735));
#7981 = VECTOR('',#7982,1.);
#7982 = DIRECTION('',(0.,0.,-1.));
#7983 = ORIENTED_EDGE('',*,*,#3930,.T.);
#7984 = ORIENTED_EDGE('',*,*,#5014,.T.);
#7985 = ORIENTED_EDGE('',*,*,#5046,.T.);
#7986 = ORIENTED_EDGE('',*,*,#7987,.T.);
#7987 = EDGE_CURVE('',#5039,#3899,#7988,.T.);
#7988 = LINE('',#7989,#7990);
#7989 = CARTESIAN_POINT('',(18.75,-35.75,3.799999952316));
#7990 = VECTOR('',#7991,1.);
#7991 = DIRECTION('',(0.,0.,-1.));
#7992 = FACE_BOUND('',#7993,.T.);
#7993 = EDGE_LOOP('',(#7994,#8004,#8012,#8020));
#7994 = ORIENTED_EDGE('',*,*,#7995,.T.);
#7995 = EDGE_CURVE('',#7996,#7998,#8000,.T.);
#7996 = VERTEX_POINT('',#7997);
#7997 = CARTESIAN_POINT('',(4.5,-35.75,2.849999904633));
#7998 = VERTEX_POINT('',#7999);
#7999 = CARTESIAN_POINT('',(12.5,-35.75,2.849999904633));
#8000 = LINE('',#8001,#8002);
#8001 = CARTESIAN_POINT('',(4.5,-35.75,2.849999904633));
#8002 = VECTOR('',#8003,1.);
#8003 = DIRECTION('',(1.,0.,0.));
#8004 = ORIENTED_EDGE('',*,*,#8005,.T.);
#8005 = EDGE_CURVE('',#7998,#8006,#8008,.T.);
#8006 = VERTEX_POINT('',#8007);
#8007 = CARTESIAN_POINT('',(12.5,-35.75,3.849999904633));
#8008 = LINE('',#8009,#8010);
#8009 = CARTESIAN_POINT('',(12.5,-35.75,2.849999904633));
#8010 = VECTOR('',#8011,1.);
#8011 = DIRECTION('',(0.,0.,1.));
#8012 = ORIENTED_EDGE('',*,*,#8013,.T.);
#8013 = EDGE_CURVE('',#8006,#8014,#8016,.T.);
#8014 = VERTEX_POINT('',#8015);
#8015 = CARTESIAN_POINT('',(4.5,-35.75,3.849999904633));
#8016 = LINE('',#8017,#8018);
#8017 = CARTESIAN_POINT('',(12.5,-35.75,3.849999904633));
#8018 = VECTOR('',#8019,1.);
#8019 = DIRECTION('',(-1.,0.,0.));
#8020 = ORIENTED_EDGE('',*,*,#8021,.T.);
#8021 = EDGE_CURVE('',#8014,#7996,#8022,.T.);
#8022 = LINE('',#8023,#8024);
#8023 = CARTESIAN_POINT('',(4.5,-35.75,3.849999904633));
#8024 = VECTOR('',#8025,1.);
#8025 = DIRECTION('',(0.,0.,-1.));
#8026 = FACE_BOUND('',#8027,.T.);
#8027 = EDGE_LOOP('',(#8028,#8038,#8046,#8054));
#8028 = ORIENTED_EDGE('',*,*,#8029,.T.);
#8029 = EDGE_CURVE('',#8030,#8032,#8034,.T.);
#8030 = VERTEX_POINT('',#8031);
#8031 = CARTESIAN_POINT('',(-19.5,-35.75,2.849999904633));
#8032 = VERTEX_POINT('',#8033);
#8033 = CARTESIAN_POINT('',(-11.5,-35.75,2.849999904633));
#8034 = LINE('',#8035,#8036);
#8035 = CARTESIAN_POINT('',(-19.5,-35.75,2.849999904633));
#8036 = VECTOR('',#8037,1.);
#8037 = DIRECTION('',(1.,0.,0.));
#8038 = ORIENTED_EDGE('',*,*,#8039,.T.);
#8039 = EDGE_CURVE('',#8032,#8040,#8042,.T.);
#8040 = VERTEX_POINT('',#8041);
#8041 = CARTESIAN_POINT('',(-11.5,-35.75,3.849999904633));
#8042 = LINE('',#8043,#8044);
#8043 = CARTESIAN_POINT('',(-11.5,-35.75,2.849999904633));
#8044 = VECTOR('',#8045,1.);
#8045 = DIRECTION('',(0.,0.,1.));
#8046 = ORIENTED_EDGE('',*,*,#8047,.T.);
#8047 = EDGE_CURVE('',#8040,#8048,#8050,.T.);
#8048 = VERTEX_POINT('',#8049);
#8049 = CARTESIAN_POINT('',(-19.5,-35.75,3.849999904633));
#8050 = LINE('',#8051,#8052);
#8051 = CARTESIAN_POINT('',(-11.5,-35.75,3.849999904633));
#8052 = VECTOR('',#8053,1.);
#8053 = DIRECTION('',(-1.,0.,0.));
#8054 = ORIENTED_EDGE('',*,*,#8055,.T.);
#8055 = EDGE_CURVE('',#8048,#8030,#8056,.T.);
#8056 = LINE('',#8057,#8058);
#8057 = CARTESIAN_POINT('',(-19.5,-35.75,3.849999904633));
#8058 = VECTOR('',#8059,1.);
#8059 = DIRECTION('',(0.,0.,-1.));
#8060 = FACE_BOUND('',#8061,.T.);
#8061 = EDGE_LOOP('',(#8062,#8072,#8080,#8088));
#8062 = ORIENTED_EDGE('',*,*,#8063,.T.);
#8063 = EDGE_CURVE('',#8064,#8066,#8068,.T.);
#8064 = VERTEX_POINT('',#8065);
#8065 = CARTESIAN_POINT('',(-22.70000076293,-35.75,10.5));
#8066 = VERTEX_POINT('',#8067);
#8067 = CARTESIAN_POINT('',(-22.70000076293,-35.75,6.));
#8068 = LINE('',#8069,#8070);
#8069 = CARTESIAN_POINT('',(-22.70000076293,-35.75,10.5));
#8070 = VECTOR('',#8071,1.);
#8071 = DIRECTION('',(0.,0.,-1.));
#8072 = ORIENTED_EDGE('',*,*,#8073,.T.);
#8073 = EDGE_CURVE('',#8066,#8074,#8076,.T.);
#8074 = VERTEX_POINT('',#8075);
#8075 = CARTESIAN_POINT('',(-21.29999923706,-35.75,6.));
#8076 = LINE('',#8077,#8078);
#8077 = CARTESIAN_POINT('',(-22.70000076293,-35.75,6.));
#8078 = VECTOR('',#8079,1.);
#8079 = DIRECTION('',(1.,0.,0.));
#8080 = ORIENTED_EDGE('',*,*,#8081,.T.);
#8081 = EDGE_CURVE('',#8074,#8082,#8084,.T.);
#8082 = VERTEX_POINT('',#8083);
#8083 = CARTESIAN_POINT('',(-21.29999923706,-35.75,10.5));
#8084 = LINE('',#8085,#8086);
#8085 = CARTESIAN_POINT('',(-21.29999923706,-35.75,6.));
#8086 = VECTOR('',#8087,1.);
#8087 = DIRECTION('',(0.,0.,1.));
#8088 = ORIENTED_EDGE('',*,*,#8089,.T.);
#8089 = EDGE_CURVE('',#8082,#8064,#8090,.T.);
#8090 = LINE('',#8091,#8092);
#8091 = CARTESIAN_POINT('',(-21.29999923706,-35.75,10.5));
#8092 = VECTOR('',#8093,1.);
#8093 = DIRECTION('',(-1.,0.,0.));
#8094 = FACE_BOUND('',#8095,.T.);
#8095 = EDGE_LOOP('',(#8096,#8106,#8114,#8122));
#8096 = ORIENTED_EDGE('',*,*,#8097,.T.);
#8097 = EDGE_CURVE('',#8098,#8100,#8102,.T.);
#8098 = VERTEX_POINT('',#8099);
#8099 = CARTESIAN_POINT('',(-17.29999923706,-35.75,10.5));
#8100 = VERTEX_POINT('',#8101);
#8101 = CARTESIAN_POINT('',(-18.70000076293,-35.75,10.5));
#8102 = LINE('',#8103,#8104);
#8103 = CARTESIAN_POINT('',(-17.29999923706,-35.75,10.5));
#8104 = VECTOR('',#8105,1.);
#8105 = DIRECTION('',(-1.,0.,0.));
#8106 = ORIENTED_EDGE('',*,*,#8107,.T.);
#8107 = EDGE_CURVE('',#8100,#8108,#8110,.T.);
#8108 = VERTEX_POINT('',#8109);
#8109 = CARTESIAN_POINT('',(-18.70000076293,-35.75,6.));
#8110 = LINE('',#8111,#8112);
#8111 = CARTESIAN_POINT('',(-18.70000076293,-35.75,10.5));
#8112 = VECTOR('',#8113,1.);
#8113 = DIRECTION('',(0.,0.,-1.));
#8114 = ORIENTED_EDGE('',*,*,#8115,.T.);
#8115 = EDGE_CURVE('',#8108,#8116,#8118,.T.);
#8116 = VERTEX_POINT('',#8117);
#8117 = CARTESIAN_POINT('',(-17.29999923706,-35.75,6.));
#8118 = LINE('',#8119,#8120);
#8119 = CARTESIAN_POINT('',(-18.70000076293,-35.75,6.));
#8120 = VECTOR('',#8121,1.);
#8121 = DIRECTION('',(1.,0.,0.));
#8122 = ORIENTED_EDGE('',*,*,#8123,.T.);
#8123 = EDGE_CURVE('',#8116,#8098,#8124,.T.);
#8124 = LINE('',#8125,#8126);
#8125 = CARTESIAN_POINT('',(-17.29999923706,-35.75,6.));
#8126 = VECTOR('',#8127,1.);
#8127 = DIRECTION('',(0.,0.,1.));
#8128 = FACE_BOUND('',#8129,.T.);
#8129 = EDGE_LOOP('',(#8130,#8140,#8148,#8156));
#8130 = ORIENTED_EDGE('',*,*,#8131,.T.);
#8131 = EDGE_CURVE('',#8132,#8134,#8136,.T.);
#8132 = VERTEX_POINT('',#8133);
#8133 = CARTESIAN_POINT('',(-1.299999952316,-35.75,10.5));
#8134 = VERTEX_POINT('',#8135);
#8135 = CARTESIAN_POINT('',(-2.700000047684,-35.75,10.5));
#8136 = LINE('',#8137,#8138);
#8137 = CARTESIAN_POINT('',(-1.299999952316,-35.75,10.5));
#8138 = VECTOR('',#8139,1.);
#8139 = DIRECTION('',(-1.,0.,0.));
#8140 = ORIENTED_EDGE('',*,*,#8141,.T.);
#8141 = EDGE_CURVE('',#8134,#8142,#8144,.T.);
#8142 = VERTEX_POINT('',#8143);
#8143 = CARTESIAN_POINT('',(-2.700000047684,-35.75,6.));
#8144 = LINE('',#8145,#8146);
#8145 = CARTESIAN_POINT('',(-2.700000047684,-35.75,10.5));
#8146 = VECTOR('',#8147,1.);
#8147 = DIRECTION('',(0.,0.,-1.));
#8148 = ORIENTED_EDGE('',*,*,#8149,.T.);
#8149 = EDGE_CURVE('',#8142,#8150,#8152,.T.);
#8150 = VERTEX_POINT('',#8151);
#8151 = CARTESIAN_POINT('',(-1.299999952316,-35.75,6.));
#8152 = LINE('',#8153,#8154);
#8153 = CARTESIAN_POINT('',(-2.700000047684,-35.75,6.));
#8154 = VECTOR('',#8155,1.);
#8155 = DIRECTION('',(1.,0.,0.));
#8156 = ORIENTED_EDGE('',*,*,#8157,.T.);
#8157 = EDGE_CURVE('',#8150,#8132,#8158,.T.);
#8158 = LINE('',#8159,#8160);
#8159 = CARTESIAN_POINT('',(-1.299999952316,-35.75,6.));
#8160 = VECTOR('',#8161,1.);
#8161 = DIRECTION('',(0.,0.,1.));
#8162 = FACE_BOUND('',#8163,.T.);
#8163 = EDGE_LOOP('',(#8164,#8174,#8182,#8190));
#8164 = ORIENTED_EDGE('',*,*,#8165,.T.);
#8165 = EDGE_CURVE('',#8166,#8168,#8170,.T.);
#8166 = VERTEX_POINT('',#8167);
#8167 = CARTESIAN_POINT('',(2.700000047684,-35.75,10.5));
#8168 = VERTEX_POINT('',#8169);
#8169 = CARTESIAN_POINT('',(1.299999952316,-35.75,10.5));
#8170 = LINE('',#8171,#8172);
#8171 = CARTESIAN_POINT('',(2.700000047684,-35.75,10.5));
#8172 = VECTOR('',#8173,1.);
#8173 = DIRECTION('',(-1.,0.,0.));
#8174 = ORIENTED_EDGE('',*,*,#8175,.T.);
#8175 = EDGE_CURVE('',#8168,#8176,#8178,.T.);
#8176 = VERTEX_POINT('',#8177);
#8177 = CARTESIAN_POINT('',(1.299999952316,-35.75,6.));
#8178 = LINE('',#8179,#8180);
#8179 = CARTESIAN_POINT('',(1.299999952316,-35.75,10.5));
#8180 = VECTOR('',#8181,1.);
#8181 = DIRECTION('',(0.,0.,-1.));
#8182 = ORIENTED_EDGE('',*,*,#8183,.T.);
#8183 = EDGE_CURVE('',#8176,#8184,#8186,.T.);
#8184 = VERTEX_POINT('',#8185);
#8185 = CARTESIAN_POINT('',(2.700000047684,-35.75,6.));
#8186 = LINE('',#8187,#8188);
#8187 = CARTESIAN_POINT('',(1.299999952316,-35.75,6.));
#8188 = VECTOR('',#8189,1.);
#8189 = DIRECTION('',(1.,0.,0.));
#8190 = ORIENTED_EDGE('',*,*,#8191,.T.);
#8191 = EDGE_CURVE('',#8184,#8166,#8192,.T.);
#8192 = LINE('',#8193,#8194);
#8193 = CARTESIAN_POINT('',(2.700000047684,-35.75,6.));
#8194 = VECTOR('',#8195,1.);
#8195 = DIRECTION('',(0.,0.,1.));
#8196 = FACE_BOUND('',#8197,.T.);
#8197 = EDGE_LOOP('',(#8198,#8208,#8216,#8224));
#8198 = ORIENTED_EDGE('',*,*,#8199,.T.);
#8199 = EDGE_CURVE('',#8200,#8202,#8204,.T.);
#8200 = VERTEX_POINT('',#8201);
#8201 = CARTESIAN_POINT('',(-13.30000019073,-35.75,10.5));
#8202 = VERTEX_POINT('',#8203);
#8203 = CARTESIAN_POINT('',(-14.69999980926,-35.75,10.5));
#8204 = LINE('',#8205,#8206);
#8205 = CARTESIAN_POINT('',(-13.30000019073,-35.75,10.5));
#8206 = VECTOR('',#8207,1.);
#8207 = DIRECTION('',(-1.,0.,0.));
#8208 = ORIENTED_EDGE('',*,*,#8209,.T.);
#8209 = EDGE_CURVE('',#8202,#8210,#8212,.T.);
#8210 = VERTEX_POINT('',#8211);
#8211 = CARTESIAN_POINT('',(-14.69999980926,-35.75,6.));
#8212 = LINE('',#8213,#8214);
#8213 = CARTESIAN_POINT('',(-14.69999980926,-35.75,10.5));
#8214 = VECTOR('',#8215,1.);
#8215 = DIRECTION('',(0.,0.,-1.));
#8216 = ORIENTED_EDGE('',*,*,#8217,.T.);
#8217 = EDGE_CURVE('',#8210,#8218,#8220,.T.);
#8218 = VERTEX_POINT('',#8219);
#8219 = CARTESIAN_POINT('',(-13.30000019073,-35.75,6.));
#8220 = LINE('',#8221,#8222);
#8221 = CARTESIAN_POINT('',(-14.69999980926,-35.75,6.));
#8222 = VECTOR('',#8223,1.);
#8223 = DIRECTION('',(1.,0.,0.));
#8224 = ORIENTED_EDGE('',*,*,#8225,.T.);
#8225 = EDGE_CURVE('',#8218,#8200,#8226,.T.);
#8226 = LINE('',#8227,#8228);
#8227 = CARTESIAN_POINT('',(-13.30000019073,-35.75,6.));
#8228 = VECTOR('',#8229,1.);
#8229 = DIRECTION('',(0.,0.,1.));
#8230 = FACE_BOUND('',#8231,.T.);
#8231 = EDGE_LOOP('',(#8232,#8242,#8250,#8258));
#8232 = ORIENTED_EDGE('',*,*,#8233,.T.);
#8233 = EDGE_CURVE('',#8234,#8236,#8238,.T.);
#8234 = VERTEX_POINT('',#8235);
#8235 = CARTESIAN_POINT('',(-9.300000190735,-35.75,10.5));
#8236 = VERTEX_POINT('',#8237);
#8237 = CARTESIAN_POINT('',(-10.69999980926,-35.75,10.5));
#8238 = LINE('',#8239,#8240);
#8239 = CARTESIAN_POINT('',(-9.300000190735,-35.75,10.5));
#8240 = VECTOR('',#8241,1.);
#8241 = DIRECTION('',(-1.,0.,0.));
#8242 = ORIENTED_EDGE('',*,*,#8243,.T.);
#8243 = EDGE_CURVE('',#8236,#8244,#8246,.T.);
#8244 = VERTEX_POINT('',#8245);
#8245 = CARTESIAN_POINT('',(-10.69999980926,-35.75,6.));
#8246 = LINE('',#8247,#8248);
#8247 = CARTESIAN_POINT('',(-10.69999980926,-35.75,10.5));
#8248 = VECTOR('',#8249,1.);
#8249 = DIRECTION('',(0.,0.,-1.));
#8250 = ORIENTED_EDGE('',*,*,#8251,.T.);
#8251 = EDGE_CURVE('',#8244,#8252,#8254,.T.);
#8252 = VERTEX_POINT('',#8253);
#8253 = CARTESIAN_POINT('',(-9.300000190735,-35.75,6.));
#8254 = LINE('',#8255,#8256);
#8255 = CARTESIAN_POINT('',(-10.69999980926,-35.75,6.));
#8256 = VECTOR('',#8257,1.);
#8257 = DIRECTION('',(1.,0.,0.));
#8258 = ORIENTED_EDGE('',*,*,#8259,.T.);
#8259 = EDGE_CURVE('',#8252,#8234,#8260,.T.);
#8260 = LINE('',#8261,#8262);
#8261 = CARTESIAN_POINT('',(-9.300000190735,-35.75,6.));
#8262 = VECTOR('',#8263,1.);
#8263 = DIRECTION('',(0.,0.,1.));
#8264 = FACE_BOUND('',#8265,.T.);
#8265 = EDGE_LOOP('',(#8266,#8276,#8284,#8292));
#8266 = ORIENTED_EDGE('',*,*,#8267,.T.);
#8267 = EDGE_CURVE('',#8268,#8270,#8272,.T.);
#8268 = VERTEX_POINT('',#8269);
#8269 = CARTESIAN_POINT('',(-5.300000190735,-35.75,10.5));
#8270 = VERTEX_POINT('',#8271);
#8271 = CARTESIAN_POINT('',(-6.699999809265,-35.75,10.5));
#8272 = LINE('',#8273,#8274);
#8273 = CARTESIAN_POINT('',(-5.300000190735,-35.75,10.5));
#8274 = VECTOR('',#8275,1.);
#8275 = DIRECTION('',(-1.,0.,0.));
#8276 = ORIENTED_EDGE('',*,*,#8277,.T.);
#8277 = EDGE_CURVE('',#8270,#8278,#8280,.T.);
#8278 = VERTEX_POINT('',#8279);
#8279 = CARTESIAN_POINT('',(-6.699999809265,-35.75,6.));
#8280 = LINE('',#8281,#8282);
#8281 = CARTESIAN_POINT('',(-6.699999809265,-35.75,10.5));
#8282 = VECTOR('',#8283,1.);
#8283 = DIRECTION('',(0.,0.,-1.));
#8284 = ORIENTED_EDGE('',*,*,#8285,.T.);
#8285 = EDGE_CURVE('',#8278,#8286,#8288,.T.);
#8286 = VERTEX_POINT('',#8287);
#8287 = CARTESIAN_POINT('',(-5.300000190735,-35.75,6.));
#8288 = LINE('',#8289,#8290);
#8289 = CARTESIAN_POINT('',(-6.699999809265,-35.75,6.));
#8290 = VECTOR('',#8291,1.);
#8291 = DIRECTION('',(1.,0.,0.));
#8292 = ORIENTED_EDGE('',*,*,#8293,.T.);
#8293 = EDGE_CURVE('',#8286,#8268,#8294,.T.);
#8294 = LINE('',#8295,#8296);
#8295 = CARTESIAN_POINT('',(-5.300000190735,-35.75,6.));
#8296 = VECTOR('',#8297,1.);
#8297 = DIRECTION('',(0.,0.,1.));
#8298 = FACE_BOUND('',#8299,.T.);
#8299 = EDGE_LOOP('',(#8300,#8310,#8318,#8326));
#8300 = ORIENTED_EDGE('',*,*,#8301,.T.);
#8301 = EDGE_CURVE('',#8302,#8304,#8306,.T.);
#8302 = VERTEX_POINT('',#8303);
#8303 = CARTESIAN_POINT('',(6.699999809265,-35.75,10.5));
#8304 = VERTEX_POINT('',#8305);
#8305 = CARTESIAN_POINT('',(5.300000190735,-35.75,10.5));
#8306 = LINE('',#8307,#8308);
#8307 = CARTESIAN_POINT('',(6.699999809265,-35.75,10.5));
#8308 = VECTOR('',#8309,1.);
#8309 = DIRECTION('',(-1.,0.,0.));
#8310 = ORIENTED_EDGE('',*,*,#8311,.T.);
#8311 = EDGE_CURVE('',#8304,#8312,#8314,.T.);
#8312 = VERTEX_POINT('',#8313);
#8313 = CARTESIAN_POINT('',(5.300000190735,-35.75,6.));
#8314 = LINE('',#8315,#8316);
#8315 = CARTESIAN_POINT('',(5.300000190735,-35.75,10.5));
#8316 = VECTOR('',#8317,1.);
#8317 = DIRECTION('',(0.,0.,-1.));
#8318 = ORIENTED_EDGE('',*,*,#8319,.T.);
#8319 = EDGE_CURVE('',#8312,#8320,#8322,.T.);
#8320 = VERTEX_POINT('',#8321);
#8321 = CARTESIAN_POINT('',(6.699999809265,-35.75,6.));
#8322 = LINE('',#8323,#8324);
#8323 = CARTESIAN_POINT('',(5.300000190735,-35.75,6.));
#8324 = VECTOR('',#8325,1.);
#8325 = DIRECTION('',(1.,0.,0.));
#8326 = ORIENTED_EDGE('',*,*,#8327,.T.);
#8327 = EDGE_CURVE('',#8320,#8302,#8328,.T.);
#8328 = LINE('',#8329,#8330);
#8329 = CARTESIAN_POINT('',(6.699999809265,-35.75,6.));
#8330 = VECTOR('',#8331,1.);
#8331 = DIRECTION('',(0.,0.,1.));
#8332 = FACE_BOUND('',#8333,.T.);
#8333 = EDGE_LOOP('',(#8334,#8344,#8352,#8360));
#8334 = ORIENTED_EDGE('',*,*,#8335,.T.);
#8335 = EDGE_CURVE('',#8336,#8338,#8340,.T.);
#8336 = VERTEX_POINT('',#8337);
#8337 = CARTESIAN_POINT('',(10.699999809265,-35.75,10.5));
#8338 = VERTEX_POINT('',#8339);
#8339 = CARTESIAN_POINT('',(9.300000190735,-35.75,10.5));
#8340 = LINE('',#8341,#8342);
#8341 = CARTESIAN_POINT('',(10.699999809265,-35.75,10.5));
#8342 = VECTOR('',#8343,1.);
#8343 = DIRECTION('',(-1.,0.,0.));
#8344 = ORIENTED_EDGE('',*,*,#8345,.T.);
#8345 = EDGE_CURVE('',#8338,#8346,#8348,.T.);
#8346 = VERTEX_POINT('',#8347);
#8347 = CARTESIAN_POINT('',(9.300000190735,-35.75,6.));
#8348 = LINE('',#8349,#8350);
#8349 = CARTESIAN_POINT('',(9.300000190735,-35.75,10.5));
#8350 = VECTOR('',#8351,1.);
#8351 = DIRECTION('',(0.,0.,-1.));
#8352 = ORIENTED_EDGE('',*,*,#8353,.T.);
#8353 = EDGE_CURVE('',#8346,#8354,#8356,.T.);
#8354 = VERTEX_POINT('',#8355);
#8355 = CARTESIAN_POINT('',(10.699999809265,-35.75,6.));
#8356 = LINE('',#8357,#8358);
#8357 = CARTESIAN_POINT('',(9.300000190735,-35.75,6.));
#8358 = VECTOR('',#8359,1.);
#8359 = DIRECTION('',(1.,0.,0.));
#8360 = ORIENTED_EDGE('',*,*,#8361,.T.);
#8361 = EDGE_CURVE('',#8354,#8336,#8362,.T.);
#8362 = LINE('',#8363,#8364);
#8363 = CARTESIAN_POINT('',(10.699999809265,-35.75,6.));
#8364 = VECTOR('',#8365,1.);
#8365 = DIRECTION('',(0.,0.,1.));
#8366 = FACE_BOUND('',#8367,.T.);
#8367 = EDGE_LOOP('',(#8368,#8378,#8386,#8394));
#8368 = ORIENTED_EDGE('',*,*,#8369,.T.);
#8369 = EDGE_CURVE('',#8370,#8372,#8374,.T.);
#8370 = VERTEX_POINT('',#8371);
#8371 = CARTESIAN_POINT('',(14.699999809265,-35.75,10.5));
#8372 = VERTEX_POINT('',#8373);
#8373 = CARTESIAN_POINT('',(13.300000190735,-35.75,10.5));
#8374 = LINE('',#8375,#8376);
#8375 = CARTESIAN_POINT('',(14.699999809265,-35.75,10.5));
#8376 = VECTOR('',#8377,1.);
#8377 = DIRECTION('',(-1.,0.,0.));
#8378 = ORIENTED_EDGE('',*,*,#8379,.T.);
#8379 = EDGE_CURVE('',#8372,#8380,#8382,.T.);
#8380 = VERTEX_POINT('',#8381);
#8381 = CARTESIAN_POINT('',(13.300000190735,-35.75,6.));
#8382 = LINE('',#8383,#8384);
#8383 = CARTESIAN_POINT('',(13.300000190735,-35.75,10.5));
#8384 = VECTOR('',#8385,1.);
#8385 = DIRECTION('',(0.,0.,-1.));
#8386 = ORIENTED_EDGE('',*,*,#8387,.T.);
#8387 = EDGE_CURVE('',#8380,#8388,#8390,.T.);
#8388 = VERTEX_POINT('',#8389);
#8389 = CARTESIAN_POINT('',(14.699999809265,-35.75,6.));
#8390 = LINE('',#8391,#8392);
#8391 = CARTESIAN_POINT('',(13.300000190735,-35.75,6.));
#8392 = VECTOR('',#8393,1.);
#8393 = DIRECTION('',(1.,0.,0.));
#8394 = ORIENTED_EDGE('',*,*,#8395,.T.);
#8395 = EDGE_CURVE('',#8388,#8370,#8396,.T.);
#8396 = LINE('',#8397,#8398);
#8397 = CARTESIAN_POINT('',(14.699999809265,-35.75,6.));
#8398 = VECTOR('',#8399,1.);
#8399 = DIRECTION('',(0.,0.,1.));
#8400 = PLANE('',#8401);
#8401 = AXIS2_PLACEMENT_3D('',#8402,#8403,#8404);
#8402 = CARTESIAN_POINT('',(0.951400586341,-35.75,6.127017664007));
#8403 = DIRECTION('',(0.,1.,0.));
#8404 = DIRECTION('',(0.,-0.,1.));
#8405 = ADVANCED_FACE('',(#8406),#8440,.T.);
#8406 = FACE_BOUND('',#8407,.T.);
#8407 = EDGE_LOOP('',(#8408,#8418,#8426,#8434));
#8408 = ORIENTED_EDGE('',*,*,#8409,.T.);
#8409 = EDGE_CURVE('',#8410,#8412,#8414,.T.);
#8410 = VERTEX_POINT('',#8411);
#8411 = CARTESIAN_POINT('',(4.5,-35.20000076293,3.400000095367));
#8412 = VERTEX_POINT('',#8413);
#8413 = CARTESIAN_POINT('',(12.5,-35.20000076293,3.400000095367));
#8414 = LINE('',#8415,#8416);
#8415 = CARTESIAN_POINT('',(4.5,-35.20000076293,3.400000095367));
#8416 = VECTOR('',#8417,1.);
#8417 = DIRECTION('',(1.,0.,0.));
#8418 = ORIENTED_EDGE('',*,*,#8419,.T.);
#8419 = EDGE_CURVE('',#8412,#8420,#8422,.T.);
#8420 = VERTEX_POINT('',#8421);
#8421 = CARTESIAN_POINT('',(12.5,-35.20000076293,3.299999952316));
#8422 = LINE('',#8423,#8424);
#8423 = CARTESIAN_POINT('',(12.5,-35.20000076293,3.400000095367));
#8424 = VECTOR('',#8425,1.);
#8425 = DIRECTION('',(0.,0.,-1.));
#8426 = ORIENTED_EDGE('',*,*,#8427,.F.);
#8427 = EDGE_CURVE('',#8428,#8420,#8430,.T.);
#8428 = VERTEX_POINT('',#8429);
#8429 = CARTESIAN_POINT('',(4.5,-35.20000076293,3.299999952316));
#8430 = LINE('',#8431,#8432);
#8431 = CARTESIAN_POINT('',(4.5,-35.20000076293,3.299999952316));
#8432 = VECTOR('',#8433,1.);
#8433 = DIRECTION('',(1.,0.,0.));
#8434 = ORIENTED_EDGE('',*,*,#8435,.T.);
#8435 = EDGE_CURVE('',#8428,#8410,#8436,.T.);
#8436 = LINE('',#8437,#8438);
#8437 = CARTESIAN_POINT('',(4.5,-35.20000076293,3.299999952316));
#8438 = VECTOR('',#8439,1.);
#8439 = DIRECTION('',(0.,0.,1.));
#8440 = PLANE('',#8441);
#8441 = AXIS2_PLACEMENT_3D('',#8442,#8443,#8444);
#8442 = CARTESIAN_POINT('',(8.5,-35.20000076293,3.350000023842));
#8443 = DIRECTION('',(0.,1.,0.));
#8444 = DIRECTION('',(0.,-0.,1.));
#8445 = ADVANCED_FACE('',(#8446),#8471,.T.);
#8446 = FACE_BOUND('',#8447,.T.);
#8447 = EDGE_LOOP('',(#8448,#8456,#8464,#8470));
#8448 = ORIENTED_EDGE('',*,*,#8449,.T.);
#8449 = EDGE_CURVE('',#8420,#8450,#8452,.T.);
#8450 = VERTEX_POINT('',#8451);
#8451 = CARTESIAN_POINT('',(12.5,-35.74000167846,2.849999904633));
#8452 = LINE('',#8453,#8454);
#8453 = CARTESIAN_POINT('',(12.5,-35.20000076293,3.299999952316));
#8454 = VECTOR('',#8455,1.);
#8455 = DIRECTION('',(0.,-0.768221780029,-0.640183799146));
#8456 = ORIENTED_EDGE('',*,*,#8457,.T.);
#8457 = EDGE_CURVE('',#8450,#8458,#8460,.T.);
#8458 = VERTEX_POINT('',#8459);
#8459 = CARTESIAN_POINT('',(4.5,-35.74000167846,2.849999904633));
#8460 = LINE('',#8461,#8462);
#8461 = CARTESIAN_POINT('',(12.5,-35.74000167846,2.849999904633));
#8462 = VECTOR('',#8463,1.);
#8463 = DIRECTION('',(-1.,0.,0.));
#8464 = ORIENTED_EDGE('',*,*,#8465,.T.);
#8465 = EDGE_CURVE('',#8458,#8428,#8466,.T.);
#8466 = LINE('',#8467,#8468);
#8467 = CARTESIAN_POINT('',(4.5,-35.74000167846,2.849999904633));
#8468 = VECTOR('',#8469,1.);
#8469 = DIRECTION('',(0.,0.768221780029,0.640183799146));
#8470 = ORIENTED_EDGE('',*,*,#8427,.T.);
#8471 = PLANE('',#8472);
#8472 = AXIS2_PLACEMENT_3D('',#8473,#8474,#8475);
#8473 = CARTESIAN_POINT('',(8.5,-35.4700012207,3.074999928474));
#8474 = DIRECTION('',(-0.,0.640183799146,-0.768221780029));
#8475 = DIRECTION('',(0.,-0.768221780029,-0.640183799146));
#8476 = ADVANCED_FACE('',(#8477),#8502,.T.);
#8477 = FACE_BOUND('',#8478,.T.);
#8478 = EDGE_LOOP('',(#8479,#8487,#8488,#8496));
#8479 = ORIENTED_EDGE('',*,*,#8480,.T.);
#8480 = EDGE_CURVE('',#8481,#8412,#8483,.T.);
#8481 = VERTEX_POINT('',#8482);
#8482 = CARTESIAN_POINT('',(12.5,-35.74000167846,3.849999904633));
#8483 = LINE('',#8484,#8485);
#8484 = CARTESIAN_POINT('',(12.5,-35.74000167846,3.849999904633));
#8485 = VECTOR('',#8486,1.);
#8486 = DIRECTION('',(0.,0.768221946839,-0.640183598973));
#8487 = ORIENTED_EDGE('',*,*,#8409,.F.);
#8488 = ORIENTED_EDGE('',*,*,#8489,.T.);
#8489 = EDGE_CURVE('',#8410,#8490,#8492,.T.);
#8490 = VERTEX_POINT('',#8491);
#8491 = CARTESIAN_POINT('',(4.5,-35.74000167846,3.849999904633));
#8492 = LINE('',#8493,#8494);
#8493 = CARTESIAN_POINT('',(4.5,-35.20000076293,3.400000095367));
#8494 = VECTOR('',#8495,1.);
#8495 = DIRECTION('',(0.,-0.768221946839,0.640183598973));
#8496 = ORIENTED_EDGE('',*,*,#8497,.T.);
#8497 = EDGE_CURVE('',#8490,#8481,#8498,.T.);
#8498 = LINE('',#8499,#8500);
#8499 = CARTESIAN_POINT('',(4.5,-35.74000167846,3.849999904633));
#8500 = VECTOR('',#8501,1.);
#8501 = DIRECTION('',(1.,0.,0.));
#8502 = PLANE('',#8503);
#8503 = AXIS2_PLACEMENT_3D('',#8504,#8505,#8506);
#8504 = CARTESIAN_POINT('',(8.5,-35.4700012207,3.625));
#8505 = DIRECTION('',(0.,0.640183598973,0.768221946839));
#8506 = DIRECTION('',(0.,0.768221946839,-0.640183598973));
#8507 = ADVANCED_FACE('',(#8508),#8526,.T.);
#8508 = FACE_BOUND('',#8509,.T.);
#8509 = EDGE_LOOP('',(#8510,#8511,#8512,#8518,#8519,#8525));
#8510 = ORIENTED_EDGE('',*,*,#8419,.F.);
#8511 = ORIENTED_EDGE('',*,*,#8480,.F.);
#8512 = ORIENTED_EDGE('',*,*,#8513,.T.);
#8513 = EDGE_CURVE('',#8481,#8006,#8514,.T.);
#8514 = LINE('',#8515,#8516);
#8515 = CARTESIAN_POINT('',(12.5,-35.74000167846,3.849999904633));
#8516 = VECTOR('',#8517,1.);
#8517 = DIRECTION('',(0.,-1.,0.));
#8518 = ORIENTED_EDGE('',*,*,#8005,.F.);
#8519 = ORIENTED_EDGE('',*,*,#8520,.T.);
#8520 = EDGE_CURVE('',#7998,#8450,#8521,.T.);
#8521 = LINE('',#8522,#8523);
#8522 = CARTESIAN_POINT('',(12.5,-35.75,2.849999904633));
#8523 = VECTOR('',#8524,1.);
#8524 = DIRECTION('',(0.,1.,0.));
#8525 = ORIENTED_EDGE('',*,*,#8449,.F.);
#8526 = PLANE('',#8527);
#8527 = AXIS2_PLACEMENT_3D('',#8528,#8529,#8530);
#8528 = CARTESIAN_POINT('',(12.5,-35.57234240332,3.34999992591));
#8529 = DIRECTION('',(1.,0.,0.));
#8530 = DIRECTION('',(-0.,0.,1.));
#8531 = ADVANCED_FACE('',(#8532),#8543,.T.);
#8532 = FACE_BOUND('',#8533,.T.);
#8533 = EDGE_LOOP('',(#8534,#8535,#8536,#8542));
#8534 = ORIENTED_EDGE('',*,*,#8520,.F.);
#8535 = ORIENTED_EDGE('',*,*,#7995,.F.);
#8536 = ORIENTED_EDGE('',*,*,#8537,.T.);
#8537 = EDGE_CURVE('',#7996,#8458,#8538,.T.);
#8538 = LINE('',#8539,#8540);
#8539 = CARTESIAN_POINT('',(4.5,-35.75,2.849999904633));
#8540 = VECTOR('',#8541,1.);
#8541 = DIRECTION('',(0.,1.,0.));
#8542 = ORIENTED_EDGE('',*,*,#8457,.F.);
#8543 = PLANE('',#8544);
#8544 = AXIS2_PLACEMENT_3D('',#8545,#8546,#8547);
#8545 = CARTESIAN_POINT('',(8.5,-35.74500083923,2.849999904633));
#8546 = DIRECTION('',(-0.,-0.,-1.));
#8547 = DIRECTION('',(-1.,0.,0.));
#8548 = ADVANCED_FACE('',(#8549),#8583,.T.);
#8549 = FACE_BOUND('',#8550,.T.);
#8550 = EDGE_LOOP('',(#8551,#8561,#8569,#8577));
#8551 = ORIENTED_EDGE('',*,*,#8552,.T.);
#8552 = EDGE_CURVE('',#8553,#8555,#8557,.T.);
#8553 = VERTEX_POINT('',#8554);
#8554 = CARTESIAN_POINT('',(-19.5,-35.20000076293,3.400000095367));
#8555 = VERTEX_POINT('',#8556);
#8556 = CARTESIAN_POINT('',(-11.5,-35.20000076293,3.400000095367));
#8557 = LINE('',#8558,#8559);
#8558 = CARTESIAN_POINT('',(-19.5,-35.20000076293,3.400000095367));
#8559 = VECTOR('',#8560,1.);
#8560 = DIRECTION('',(1.,0.,0.));
#8561 = ORIENTED_EDGE('',*,*,#8562,.T.);
#8562 = EDGE_CURVE('',#8555,#8563,#8565,.T.);
#8563 = VERTEX_POINT('',#8564);
#8564 = CARTESIAN_POINT('',(-11.5,-35.20000076293,3.299999952316));
#8565 = LINE('',#8566,#8567);
#8566 = CARTESIAN_POINT('',(-11.5,-35.20000076293,3.400000095367));
#8567 = VECTOR('',#8568,1.);
#8568 = DIRECTION('',(0.,0.,-1.));
#8569 = ORIENTED_EDGE('',*,*,#8570,.F.);
#8570 = EDGE_CURVE('',#8571,#8563,#8573,.T.);
#8571 = VERTEX_POINT('',#8572);
#8572 = CARTESIAN_POINT('',(-19.5,-35.20000076293,3.299999952316));
#8573 = LINE('',#8574,#8575);
#8574 = CARTESIAN_POINT('',(-19.5,-35.20000076293,3.299999952316));
#8575 = VECTOR('',#8576,1.);
#8576 = DIRECTION('',(1.,0.,0.));
#8577 = ORIENTED_EDGE('',*,*,#8578,.F.);
#8578 = EDGE_CURVE('',#8553,#8571,#8579,.T.);
#8579 = LINE('',#8580,#8581);
#8580 = CARTESIAN_POINT('',(-19.5,-35.20000076293,3.400000095367));
#8581 = VECTOR('',#8582,1.);
#8582 = DIRECTION('',(0.,0.,-1.));
#8583 = PLANE('',#8584);
#8584 = AXIS2_PLACEMENT_3D('',#8585,#8586,#8587);
#8585 = CARTESIAN_POINT('',(-15.5,-35.20000076293,3.350000023842));
#8586 = DIRECTION('',(0.,1.,0.));
#8587 = DIRECTION('',(0.,-0.,1.));
#8588 = ADVANCED_FACE('',(#8589),#8614,.T.);
#8589 = FACE_BOUND('',#8590,.T.);
#8590 = EDGE_LOOP('',(#8591,#8599,#8607,#8613));
#8591 = ORIENTED_EDGE('',*,*,#8592,.T.);
#8592 = EDGE_CURVE('',#8563,#8593,#8595,.T.);
#8593 = VERTEX_POINT('',#8594);
#8594 = CARTESIAN_POINT('',(-11.5,-35.74000167846,2.849999904633));
#8595 = LINE('',#8596,#8597);
#8596 = CARTESIAN_POINT('',(-11.5,-35.20000076293,3.299999952316));
#8597 = VECTOR('',#8598,1.);
#8598 = DIRECTION('',(0.,-0.768221780029,-0.640183799146));
#8599 = ORIENTED_EDGE('',*,*,#8600,.T.);
#8600 = EDGE_CURVE('',#8593,#8601,#8603,.T.);
#8601 = VERTEX_POINT('',#8602);
#8602 = CARTESIAN_POINT('',(-19.5,-35.74000167846,2.849999904633));
#8603 = LINE('',#8604,#8605);
#8604 = CARTESIAN_POINT('',(-11.5,-35.74000167846,2.849999904633));
#8605 = VECTOR('',#8606,1.);
#8606 = DIRECTION('',(-1.,0.,0.));
#8607 = ORIENTED_EDGE('',*,*,#8608,.F.);
#8608 = EDGE_CURVE('',#8571,#8601,#8609,.T.);
#8609 = LINE('',#8610,#8611);
#8610 = CARTESIAN_POINT('',(-19.5,-35.20000076293,3.299999952316));
#8611 = VECTOR('',#8612,1.);
#8612 = DIRECTION('',(0.,-0.768221780029,-0.640183799146));
#8613 = ORIENTED_EDGE('',*,*,#8570,.T.);
#8614 = PLANE('',#8615);
#8615 = AXIS2_PLACEMENT_3D('',#8616,#8617,#8618);
#8616 = CARTESIAN_POINT('',(-15.5,-35.4700012207,3.074999928474));
#8617 = DIRECTION('',(-0.,0.640183799146,-0.768221780029));
#8618 = DIRECTION('',(0.,-0.768221780029,-0.640183799146));
#8619 = ADVANCED_FACE('',(#8620),#8645,.T.);
#8620 = FACE_BOUND('',#8621,.T.);
#8621 = EDGE_LOOP('',(#8622,#8630,#8631,#8639));
#8622 = ORIENTED_EDGE('',*,*,#8623,.T.);
#8623 = EDGE_CURVE('',#8624,#8555,#8626,.T.);
#8624 = VERTEX_POINT('',#8625);
#8625 = CARTESIAN_POINT('',(-11.5,-35.74000167846,3.849999904633));
#8626 = LINE('',#8627,#8628);
#8627 = CARTESIAN_POINT('',(-11.5,-35.74000167846,3.849999904633));
#8628 = VECTOR('',#8629,1.);
#8629 = DIRECTION('',(0.,0.768221946839,-0.640183598973));
#8630 = ORIENTED_EDGE('',*,*,#8552,.F.);
#8631 = ORIENTED_EDGE('',*,*,#8632,.F.);
#8632 = EDGE_CURVE('',#8633,#8553,#8635,.T.);
#8633 = VERTEX_POINT('',#8634);
#8634 = CARTESIAN_POINT('',(-19.5,-35.74000167846,3.849999904633));
#8635 = LINE('',#8636,#8637);
#8636 = CARTESIAN_POINT('',(-19.5,-35.74000167846,3.849999904633));
#8637 = VECTOR('',#8638,1.);
#8638 = DIRECTION('',(0.,0.768221946839,-0.640183598973));
#8639 = ORIENTED_EDGE('',*,*,#8640,.T.);
#8640 = EDGE_CURVE('',#8633,#8624,#8641,.T.);
#8641 = LINE('',#8642,#8643);
#8642 = CARTESIAN_POINT('',(-19.5,-35.74000167846,3.849999904633));
#8643 = VECTOR('',#8644,1.);
#8644 = DIRECTION('',(1.,0.,0.));
#8645 = PLANE('',#8646);
#8646 = AXIS2_PLACEMENT_3D('',#8647,#8648,#8649);
#8647 = CARTESIAN_POINT('',(-15.5,-35.4700012207,3.625));
#8648 = DIRECTION('',(0.,0.640183598973,0.768221946839));
#8649 = DIRECTION('',(0.,0.768221946839,-0.640183598973));
#8650 = ADVANCED_FACE('',(#8651),#8669,.T.);
#8651 = FACE_BOUND('',#8652,.T.);
#8652 = EDGE_LOOP('',(#8653,#8654,#8655,#8661,#8662,#8668));
#8653 = ORIENTED_EDGE('',*,*,#8578,.T.);
#8654 = ORIENTED_EDGE('',*,*,#8608,.T.);
#8655 = ORIENTED_EDGE('',*,*,#8656,.T.);
#8656 = EDGE_CURVE('',#8601,#8030,#8657,.T.);
#8657 = LINE('',#8658,#8659);
#8658 = CARTESIAN_POINT('',(-19.5,-35.74000167846,2.849999904633));
#8659 = VECTOR('',#8660,1.);
#8660 = DIRECTION('',(0.,-1.,0.));
#8661 = ORIENTED_EDGE('',*,*,#8055,.F.);
#8662 = ORIENTED_EDGE('',*,*,#8663,.T.);
#8663 = EDGE_CURVE('',#8048,#8633,#8664,.T.);
#8664 = LINE('',#8665,#8666);
#8665 = CARTESIAN_POINT('',(-19.5,-35.75,3.849999904633));
#8666 = VECTOR('',#8667,1.);
#8667 = DIRECTION('',(0.,1.,0.));
#8668 = ORIENTED_EDGE('',*,*,#8632,.T.);
#8669 = PLANE('',#8670);
#8670 = AXIS2_PLACEMENT_3D('',#8671,#8672,#8673);
#8671 = CARTESIAN_POINT('',(-19.5,-35.57234240332,3.34999992591));
#8672 = DIRECTION('',(-1.,-0.,-0.));
#8673 = DIRECTION('',(0.,0.,-1.));
#8674 = ADVANCED_FACE('',(#8675),#8686,.T.);
#8675 = FACE_BOUND('',#8676,.T.);
#8676 = EDGE_LOOP('',(#8677,#8683,#8684,#8685));
#8677 = ORIENTED_EDGE('',*,*,#8678,.F.);
#8678 = EDGE_CURVE('',#8032,#8593,#8679,.T.);
#8679 = LINE('',#8680,#8681);
#8680 = CARTESIAN_POINT('',(-11.5,-35.75,2.849999904633));
#8681 = VECTOR('',#8682,1.);
#8682 = DIRECTION('',(0.,1.,0.));
#8683 = ORIENTED_EDGE('',*,*,#8029,.F.);
#8684 = ORIENTED_EDGE('',*,*,#8656,.F.);
#8685 = ORIENTED_EDGE('',*,*,#8600,.F.);
#8686 = PLANE('',#8687);
#8687 = AXIS2_PLACEMENT_3D('',#8688,#8689,#8690);
#8688 = CARTESIAN_POINT('',(-15.5,-35.74500083923,2.849999904633));
#8689 = DIRECTION('',(-0.,-0.,-1.));
#8690 = DIRECTION('',(-1.,0.,0.));
#8691 = ADVANCED_FACE('',(#8692),#8717,.T.);
#8692 = FACE_BOUND('',#8693,.T.);
#8693 = EDGE_LOOP('',(#8694,#8695,#8703,#8711));
#8694 = ORIENTED_EDGE('',*,*,#830,.T.);
#8695 = ORIENTED_EDGE('',*,*,#8696,.T.);
#8696 = EDGE_CURVE('',#823,#8697,#8699,.T.);
#8697 = VERTEX_POINT('',#8698);
#8698 = CARTESIAN_POINT('',(-24.38529968261,1.463700056076,1.));
#8699 = LINE('',#8700,#8701);
#8700 = CARTESIAN_POINT('',(-24.38529968261,1.463700056076,
    11.800000190735));
#8701 = VECTOR('',#8702,1.);
#8702 = DIRECTION('',(0.,0.,-1.));
#8703 = ORIENTED_EDGE('',*,*,#8704,.T.);
#8704 = EDGE_CURVE('',#8697,#8705,#8707,.T.);
#8705 = VERTEX_POINT('',#8706);
#8706 = CARTESIAN_POINT('',(-24.88069915771,1.295519948006,1.));
#8707 = LINE('',#8708,#8709);
#8708 = CARTESIAN_POINT('',(-24.38529968261,1.463700056076,1.));
#8709 = VECTOR('',#8710,1.);
#8710 = DIRECTION('',(-0.946921607844,-0.321464568185,0.));
#8711 = ORIENTED_EDGE('',*,*,#8712,.T.);
#8712 = EDGE_CURVE('',#8705,#831,#8713,.T.);
#8713 = LINE('',#8714,#8715);
#8714 = CARTESIAN_POINT('',(-24.88069915771,1.295519948006,1.));
#8715 = VECTOR('',#8716,1.);
#8716 = DIRECTION('',(0.,0.,1.));
#8717 = PLANE('',#8718);
#8718 = AXIS2_PLACEMENT_3D('',#8719,#8720,#8721);
#8719 = CARTESIAN_POINT('',(-24.63299942016,1.379610002041,
    6.400000095367));
#8720 = DIRECTION('',(-0.321464568185,0.946921607844,0.));
#8721 = DIRECTION('',(0.946921607844,0.321464568185,0.));
#8722 = ADVANCED_FACE('',(#8723),#8749,.T.);
#8723 = FACE_BOUND('',#8724,.T.);
#8724 = EDGE_LOOP('',(#8725,#8735,#8743));
#8725 = ORIENTED_EDGE('',*,*,#8726,.T.);
#8726 = EDGE_CURVE('',#8727,#8729,#8731,.T.);
#8727 = VERTEX_POINT('',#8728);
#8728 = CARTESIAN_POINT('',(-26.35000038147,-2.400000095367,0.));
#8729 = VERTEX_POINT('',#8730);
#8730 = CARTESIAN_POINT('',(-27.35000038147,-2.400000095367,1.));
#8731 = LINE('',#8732,#8733);
#8732 = CARTESIAN_POINT('',(-26.35000038147,-2.400000095367,0.));
#8733 = VECTOR('',#8734,1.);
#8734 = DIRECTION('',(-0.707106781187,0.,0.707106781187));
#8735 = ORIENTED_EDGE('',*,*,#8736,.T.);
#8736 = EDGE_CURVE('',#8729,#8737,#8739,.T.);
#8737 = VERTEX_POINT('',#8738);
#8738 = CARTESIAN_POINT('',(-27.31579971313,-1.877900004387,1.));
#8739 = LINE('',#8740,#8741);
#8740 = CARTESIAN_POINT('',(-27.35000038147,-2.400000095367,1.));
#8741 = VECTOR('',#8742,1.);
#8742 = DIRECTION('',(6.536586790645E-02,0.997861364776,0.));
#8743 = ORIENTED_EDGE('',*,*,#8744,.T.);
#8744 = EDGE_CURVE('',#8737,#8727,#8745,.T.);
#8745 = LINE('',#8746,#8747);
#8746 = CARTESIAN_POINT('',(-27.31579971313,-1.877900004387,1.));
#8747 = VECTOR('',#8748,1.);
#8748 = DIRECTION('',(0.650350477839,-0.351572042469,-0.673380542434));
#8749 = PLANE('',#8750);
#8750 = AXIS2_PLACEMENT_3D('',#8751,#8752,#8753);
#8751 = CARTESIAN_POINT('',(-26.9164047883,-2.246819441648,
    0.576438652799));
#8752 = DIRECTION('',(-0.706349445353,4.627009940514E-02,-0.706349445353
    ));
#8753 = DIRECTION('',(-0.707106781187,-3.469446951954E-18,0.707106781187
    ));
#8754 = ADVANCED_FACE('',(#8755),#8772,.T.);
#8755 = FACE_BOUND('',#8756,.T.);
#8756 = EDGE_LOOP('',(#8757,#8758,#8766));
#8757 = ORIENTED_EDGE('',*,*,#8744,.F.);
#8758 = ORIENTED_EDGE('',*,*,#8759,.F.);
#8759 = EDGE_CURVE('',#8760,#8737,#8762,.T.);
#8760 = VERTEX_POINT('',#8761);
#8761 = CARTESIAN_POINT('',(-26.32430076599,-2.00841999054,0.));
#8762 = LINE('',#8763,#8764);
#8763 = CARTESIAN_POINT('',(-26.32430076599,-2.00841999054,0.));
#8764 = VECTOR('',#8765,1.);
#8765 = DIRECTION('',(-0.701077115795,9.22891302196E-02,0.707088109186)
  );
#8766 = ORIENTED_EDGE('',*,*,#8767,.F.);
#8767 = EDGE_CURVE('',#8727,#8760,#8768,.T.);
#8768 = LINE('',#8769,#8770);
#8769 = CARTESIAN_POINT('',(-26.35000038147,-2.400000095367,0.));
#8770 = VECTOR('',#8771,1.);
#8771 = DIRECTION('',(6.548965198563E-02,0.99785324847,0.));
#8772 = PLANE('',#8773);
#8773 = AXIS2_PLACEMENT_3D('',#8774,#8775,#8776);
#8774 = CARTESIAN_POINT('',(-26.76827843346,-2.062610952996,
    0.440392439825));
#8775 = DIRECTION('',(-0.706323644187,4.635640533107E-02,-0.706369586936
    ));
#8776 = DIRECTION('',(-0.707129776909,0.,0.707083784717));
#8777 = ADVANCED_FACE('',(#8778),#8795,.T.);
#8778 = FACE_BOUND('',#8779,.T.);
#8779 = EDGE_LOOP('',(#8780,#8781,#8789));
#8780 = ORIENTED_EDGE('',*,*,#8759,.T.);
#8781 = ORIENTED_EDGE('',*,*,#8782,.T.);
#8782 = EDGE_CURVE('',#8737,#8783,#8785,.T.);
#8783 = VERTEX_POINT('',#8784);
#8784 = CARTESIAN_POINT('',(-26.24780082702,-1.623540043831,0.));
#8785 = LINE('',#8786,#8787);
#8786 = CARTESIAN_POINT('',(-27.31579971313,-1.877900004387,1.));
#8787 = VECTOR('',#8788,1.);
#8788 = DIRECTION('',(0.719175578891,0.171282455683,-0.673386075815));
#8789 = ORIENTED_EDGE('',*,*,#8790,.F.);
#8790 = EDGE_CURVE('',#8760,#8783,#8791,.T.);
#8791 = LINE('',#8792,#8793);
#8792 = CARTESIAN_POINT('',(-26.32430076599,-2.00841999054,0.));
#8793 = VECTOR('',#8794,1.);
#8794 = DIRECTION('',(0.194949507428,0.980813279658,0.));
#8795 = PLANE('',#8796);
#8796 = AXIS2_PLACEMENT_3D('',#8797,#8798,#8799);
#8797 = CARTESIAN_POINT('',(-26.73913482885,-1.841180190762,
    0.440394031728));
#8798 = DIRECTION('',(-0.694261328117,0.137993547548,-0.706370291785));
#8799 = DIRECTION('',(-0.713193321073,0.,0.700967393519));
#8800 = ADVANCED_FACE('',(#8801),#8818,.T.);
#8801 = FACE_BOUND('',#8802,.T.);
#8802 = EDGE_LOOP('',(#8803,#8804,#8812));
#8803 = ORIENTED_EDGE('',*,*,#8782,.F.);
#8804 = ORIENTED_EDGE('',*,*,#8805,.F.);
#8805 = EDGE_CURVE('',#8806,#8737,#8808,.T.);
#8806 = VERTEX_POINT('',#8807);
#8807 = CARTESIAN_POINT('',(-27.21369934082,-1.364719986916,1.));
#8808 = LINE('',#8809,#8810);
#8809 = CARTESIAN_POINT('',(-27.21369934082,-1.364719986916,1.));
#8810 = VECTOR('',#8811,1.);
#8811 = DIRECTION('',(-0.195131723684,-0.980777044191,0.));
#8812 = ORIENTED_EDGE('',*,*,#8813,.F.);
#8813 = EDGE_CURVE('',#8783,#8806,#8814,.T.);
#8814 = LINE('',#8815,#8816);
#8815 = CARTESIAN_POINT('',(-26.24780082702,-1.623540043831,0.));
#8816 = VECTOR('',#8817,1.);
#8817 = DIRECTION('',(-0.683002308972,0.183015807517,0.707116016039));
#8818 = PLANE('',#8819);
#8819 = AXIS2_PLACEMENT_3D('',#8820,#8821,#8822);
#8820 = CARTESIAN_POINT('',(-26.83454078095,-1.624909960123,
    0.576441706179));
#8821 = DIRECTION('',(-0.694265201337,0.138128401591,-0.706340126912));
#8822 = DIRECTION('',(-0.713176400683,0.,0.700984608611));
#8823 = ADVANCED_FACE('',(#8824),#8848,.T.);
#8824 = FACE_BOUND('',#8825,.T.);
#8825 = EDGE_LOOP('',(#8826,#8834,#8842));
#8826 = ORIENTED_EDGE('',*,*,#8827,.T.);
#8827 = EDGE_CURVE('',#8783,#8828,#8830,.T.);
#8828 = VERTEX_POINT('',#8829);
#8829 = CARTESIAN_POINT('',(-27.04549980163,-0.869266986847,1.));
#8830 = LINE('',#8831,#8832);
#8831 = CARTESIAN_POINT('',(-26.24780082702,-1.623540043831,0.));
#8832 = VECTOR('',#8833,1.);
#8833 = DIRECTION('',(-0.537167799305,0.507924932828,0.673396627554));
#8834 = ORIENTED_EDGE('',*,*,#8835,.T.);
#8835 = EDGE_CURVE('',#8828,#8836,#8838,.T.);
#8836 = VERTEX_POINT('',#8837);
#8837 = CARTESIAN_POINT('',(-26.12159919738,-1.251950025558,0.));
#8838 = LINE('',#8839,#8840);
#8839 = CARTESIAN_POINT('',(-27.04549980163,-0.869266986847,1.));
#8840 = VECTOR('',#8841,1.);
#8841 = DIRECTION('',(0.653290072529,-0.270595158143,-0.70709995158));
#8842 = ORIENTED_EDGE('',*,*,#8843,.T.);
#8843 = EDGE_CURVE('',#8836,#8783,#8844,.T.);
#8844 = LINE('',#8845,#8846);
#8845 = CARTESIAN_POINT('',(-26.12159919738,-1.251950025558,0.));
#8846 = VECTOR('',#8847,1.);
#8847 = DIRECTION('',(-0.321585273219,-0.946880621857,0.));
#8848 = PLANE('',#8849);
#8849 = AXIS2_PLACEMENT_3D('',#8850,#8851,#8852);
#8850 = CARTESIAN_POINT('',(-26.5644656991,-1.189390830731,
    0.440389571138));
#8851 = DIRECTION('',(-0.670252851016,0.227635291339,-0.70635917906));
#8852 = DIRECTION('',(-0.72540358905,1.387778780781E-17,0.688323784997)
  );
#8853 = ADVANCED_FACE('',(#8854),#8871,.T.);
#8854 = FACE_BOUND('',#8855,.T.);
#8855 = EDGE_LOOP('',(#8856,#8857,#8865));
#8856 = ORIENTED_EDGE('',*,*,#8835,.F.);
#8857 = ORIENTED_EDGE('',*,*,#8858,.T.);
#8858 = EDGE_CURVE('',#8828,#8859,#8861,.T.);
#8859 = VERTEX_POINT('',#8860);
#8860 = CARTESIAN_POINT('',(-25.94809913635,-0.899999976158,0.));
#8861 = LINE('',#8862,#8863);
#8862 = CARTESIAN_POINT('',(-27.04549980163,-0.869266986847,1.));
#8863 = VECTOR('',#8864,1.);
#8864 = DIRECTION('',(0.738989050661,-2.069557939371E-02,-0.673399492127
    ));
#8865 = ORIENTED_EDGE('',*,*,#8866,.T.);
#8866 = EDGE_CURVE('',#8859,#8836,#8867,.T.);
#8867 = LINE('',#8868,#8869);
#8868 = CARTESIAN_POINT('',(-25.94809913635,-0.899999976158,0.));
#8869 = VECTOR('',#8870,1.);
#8870 = DIRECTION('',(-0.442160572359,-0.896935910894,0.));
#8871 = PLANE('',#8872);
#8872 = AXIS2_PLACEMENT_3D('',#8873,#8874,#8875);
#8873 = CARTESIAN_POINT('',(-26.47900242541,-0.983049862424,
    0.440395403575));
#8874 = DIRECTION('',(-0.634899887779,0.312985236026,-0.70635853115));
#8875 = DIRECTION('',(-0.743724756858,0.,0.668485965475));
#8876 = ADVANCED_FACE('',(#8877),#8894,.T.);
#8877 = FACE_BOUND('',#8878,.T.);
#8878 = EDGE_LOOP('',(#8879,#8880,#8888));
#8879 = ORIENTED_EDGE('',*,*,#8858,.F.);
#8880 = ORIENTED_EDGE('',*,*,#8881,.T.);
#8881 = EDGE_CURVE('',#8828,#8882,#8884,.T.);
#8882 = VERTEX_POINT('',#8883);
#8883 = CARTESIAN_POINT('',(-26.8141002655,-0.40000000596,1.));
#8884 = LINE('',#8885,#8886);
#8885 = CARTESIAN_POINT('',(-27.04549980163,-0.869266986847,1.));
#8886 = VECTOR('',#8887,1.);
#8887 = DIRECTION('',(0.442262048791,0.896885879139,0.));
#8888 = ORIENTED_EDGE('',*,*,#8889,.F.);
#8889 = EDGE_CURVE('',#8859,#8882,#8890,.T.);
#8890 = LINE('',#8891,#8892);
#8891 = CARTESIAN_POINT('',(-25.94809913635,-0.899999976158,0.));
#8892 = VECTOR('',#8893,1.);
#8893 = DIRECTION('',(-0.612361712115,0.35355708844,0.707114219026));
#8894 = PLANE('',#8895);
#8895 = AXIS2_PLACEMENT_3D('',#8896,#8897,#8898);
#8896 = CARTESIAN_POINT('',(-26.51518742528,-0.749459253744,
    0.576439806511));
#8897 = DIRECTION('',(-0.634880911376,0.313065172654,-0.706340163124));
#8898 = DIRECTION('',(-0.74372604807,0.,0.668484528933));
#8899 = ADVANCED_FACE('',(#8900),#8924,.T.);
#8900 = FACE_BOUND('',#8901,.T.);
#8901 = EDGE_LOOP('',(#8902,#8910,#8918));
#8902 = ORIENTED_EDGE('',*,*,#8903,.T.);
#8903 = EDGE_CURVE('',#8859,#8904,#8906,.T.);
#8904 = VERTEX_POINT('',#8905);
#8905 = CARTESIAN_POINT('',(-26.52339935302,3.50446999073E-02,1.));
#8906 = LINE('',#8907,#8908);
#8907 = CARTESIAN_POINT('',(-25.94809913635,-0.899999976158,0.));
#8908 = VECTOR('',#8909,1.);
#8909 = DIRECTION('',(-0.387402820175,0.629652021671,0.673392446146));
#8910 = ORIENTED_EDGE('',*,*,#8911,.T.);
#8911 = EDGE_CURVE('',#8904,#8912,#8914,.T.);
#8912 = VERTEX_POINT('',#8913);
#8913 = CARTESIAN_POINT('',(-25.73010063171,-0.573715984821,0.));
#8914 = LINE('',#8915,#8916);
#8915 = CARTESIAN_POINT('',(-26.52339935302,3.50446999073E-02,1.));
#8916 = VECTOR('',#8917,1.);
#8917 = DIRECTION('',(0.560959185929,-0.43046823215,-0.707122261587));
#8918 = ORIENTED_EDGE('',*,*,#8919,.T.);
#8919 = EDGE_CURVE('',#8912,#8859,#8920,.T.);
#8920 = LINE('',#8921,#8922);
#8921 = CARTESIAN_POINT('',(-25.73010063171,-0.573715984821,0.));
#8922 = VECTOR('',#8923,1.);
#8923 = DIRECTION('',(-0.555539421984,-0.831490198753,0.));
#8924 = PLANE('',#8925);
#8925 = AXIS2_PLACEMENT_3D('',#8926,#8927,#8928);
#8926 = CARTESIAN_POINT('',(-26.14163312531,-0.398673179247,
    0.44039257845));
#8927 = DIRECTION('',(-0.588596320668,0.393255940065,-0.706331463903));
#8928 = DIRECTION('',(-0.76822835767,2.775557561563E-17,0.640175905882)
  );
#8929 = ADVANCED_FACE('',(#8930),#8940,.T.);
#8930 = FACE_BOUND('',#8931,.T.);
#8931 = EDGE_LOOP('',(#8932,#8933,#8939));
#8932 = ORIENTED_EDGE('',*,*,#8889,.T.);
#8933 = ORIENTED_EDGE('',*,*,#8934,.T.);
#8934 = EDGE_CURVE('',#8882,#8904,#8935,.T.);
#8935 = LINE('',#8936,#8937);
#8936 = CARTESIAN_POINT('',(-26.8141002655,-0.40000000596,1.));
#8937 = VECTOR('',#8938,1.);
#8938 = DIRECTION('',(0.555587850321,0.831457840528,0.));
#8939 = ORIENTED_EDGE('',*,*,#8903,.F.);
#8940 = PLANE('',#8941);
#8941 = AXIS2_PLACEMENT_3D('',#8942,#8943,#8944);
#8942 = CARTESIAN_POINT('',(-26.36200794423,-0.484140080934,
    0.576441076394));
#8943 = DIRECTION('',(-0.588565567225,0.393284977696,-0.706340922923));
#8944 = DIRECTION('',(-0.768249023774,0.,0.640151105186));
#8945 = ADVANCED_FACE('',(#8946),#8963,.T.);
#8946 = FACE_BOUND('',#8947,.T.);
#8947 = EDGE_LOOP('',(#8948,#8949,#8957));
#8948 = ORIENTED_EDGE('',*,*,#8911,.F.);
#8949 = ORIENTED_EDGE('',*,*,#8950,.F.);
#8950 = EDGE_CURVE('',#8951,#8904,#8953,.T.);
#8951 = VERTEX_POINT('',#8952);
#8952 = CARTESIAN_POINT('',(-25.47130012512,-0.278679996729,0.));
#8953 = LINE('',#8954,#8955);
#8954 = CARTESIAN_POINT('',(-25.47130012512,-0.278679996729,0.));
#8955 = VECTOR('',#8956,1.);
#8956 = DIRECTION('',(-0.708466503166,0.211257106637,0.673383730712));
#8957 = ORIENTED_EDGE('',*,*,#8958,.T.);
#8958 = EDGE_CURVE('',#8951,#8912,#8959,.T.);
#8959 = LINE('',#8960,#8961);
#8960 = CARTESIAN_POINT('',(-25.47130012512,-0.278679996729,0.));
#8961 = VECTOR('',#8962,1.);
#8962 = DIRECTION('',(-0.659433510191,-0.751762891899,0.));
#8963 = PLANE('',#8964);
#8964 = AXIS2_PLACEMENT_3D('',#8965,#8966,#8967);
#8965 = CARTESIAN_POINT('',(-26.00565159443,-0.221485372679,
    0.440386219616));
#8966 = DIRECTION('',(-0.532159103688,0.466800835086,-0.70633113249));
#8967 = DIRECTION('',(-0.798689627318,0.,0.601743200389));
#8968 = ADVANCED_FACE('',(#8969),#8986,.T.);
#8969 = FACE_BOUND('',#8970,.T.);
#8970 = EDGE_LOOP('',(#8971,#8972,#8980));
#8971 = ORIENTED_EDGE('',*,*,#8950,.T.);
#8972 = ORIENTED_EDGE('',*,*,#8973,.T.);
#8973 = EDGE_CURVE('',#8904,#8974,#8976,.T.);
#8974 = VERTEX_POINT('',#8975);
#8975 = CARTESIAN_POINT('',(-26.17840003967,0.428425997496,1.));
#8976 = LINE('',#8977,#8978);
#8977 = CARTESIAN_POINT('',(-26.52339935302,3.50446999073E-02,1.));
#8978 = VECTOR('',#8979,1.);
#8979 = DIRECTION('',(0.659360047622,0.751827325654,0.));
#8980 = ORIENTED_EDGE('',*,*,#8981,.F.);
#8981 = EDGE_CURVE('',#8951,#8974,#8982,.T.);
#8982 = LINE('',#8983,#8984);
#8983 = CARTESIAN_POINT('',(-25.47130012512,-0.278679996729,0.));
#8984 = VECTOR('',#8985,1.);
#8985 = DIRECTION('',(-0.499996497519,0.50000079651,0.707108694585));
#8986 = PLANE('',#8987);
#8987 = AXIS2_PLACEMENT_3D('',#8988,#8989,#8990);
#8988 = CARTESIAN_POINT('',(-25.98012203429,1.350893854587E-02,
    0.57644069066));
#8989 = DIRECTION('',(-0.532192808918,0.466738390398,-0.706347003296));
#8990 = DIRECTION('',(-0.798677808695,0.,0.601758886846));
#8991 = ADVANCED_FACE('',(#8992),#9016,.T.);
#8992 = FACE_BOUND('',#8993,.T.);
#8993 = EDGE_LOOP('',(#8994,#9002,#9010));
#8994 = ORIENTED_EDGE('',*,*,#8995,.T.);
#8995 = EDGE_CURVE('',#8951,#8996,#8998,.T.);
#8996 = VERTEX_POINT('',#8997);
#8997 = CARTESIAN_POINT('',(-25.78499984741,0.773413002491,1.));
#8998 = LINE('',#8999,#9000);
#8999 = CARTESIAN_POINT('',(-25.47130012512,-0.278679996729,0.));
#9000 = VECTOR('',#9001,1.);
#9001 = DIRECTION('',(-0.211241667495,0.708466931027,0.673388124008));
#9002 = ORIENTED_EDGE('',*,*,#9003,.T.);
#9003 = EDGE_CURVE('',#8996,#9004,#9006,.T.);
#9004 = VERTEX_POINT('',#9005);
#9005 = CARTESIAN_POINT('',(-25.17630004882,-1.994040049613E-02,0.));
#9006 = LINE('',#9007,#9008);
#9007 = CARTESIAN_POINT('',(-25.78499984741,0.773413002491,1.));
#9008 = VECTOR('',#9009,1.);
#9009 = DIRECTION('',(0.430423818617,-0.560996080532,-0.707120027997));
#9010 = ORIENTED_EDGE('',*,*,#9011,.T.);
#9011 = EDGE_CURVE('',#9004,#8951,#9012,.T.);
#9012 = LINE('',#9013,#9014);
#9013 = CARTESIAN_POINT('',(-25.17630004882,-1.994040049613E-02,0.));
#9014 = VECTOR('',#9015,1.);
#9015 = DIRECTION('',(-0.751800045472,-0.659391152222,0.));
#9016 = PLANE('',#9017);
#9017 = AXIS2_PLACEMENT_3D('',#9018,#9019,#9020);
#9018 = CARTESIAN_POINT('',(-25.52849742429,0.255660465875,
    0.440395110813));
#9019 = DIRECTION('',(-0.466769765442,0.532184166714,-0.706332781888));
#9020 = DIRECTION('',(-2.775557561563E-17,-0.798676682225,
    -0.601760381938));
#9021 = ADVANCED_FACE('',(#9022),#9032,.T.);
#9022 = FACE_BOUND('',#9023,.T.);
#9023 = EDGE_LOOP('',(#9024,#9025,#9031));
#9024 = ORIENTED_EDGE('',*,*,#8981,.T.);
#9025 = ORIENTED_EDGE('',*,*,#9026,.T.);
#9026 = EDGE_CURVE('',#8974,#8996,#9027,.T.);
#9027 = LINE('',#9028,#9029);
#9028 = CARTESIAN_POINT('',(-26.17840003967,0.428425997496,1.));
#9029 = VECTOR('',#9030,1.);
#9030 = DIRECTION('',(0.751854685558,0.659328849516,0.));
#9031 = ORIENTED_EDGE('',*,*,#8995,.F.);
#9032 = PLANE('',#9033);
#9033 = AXIS2_PLACEMENT_3D('',#9034,#9035,#9036);
#9034 = CARTESIAN_POINT('',(-25.76348078367,0.230142416861,
    0.576441660784));
#9035 = DIRECTION('',(-0.466716808432,0.532212748625,-0.706346240117));
#9036 = DIRECTION('',(2.775557561563E-17,-0.798666660284,-0.601773683165
    ));
#9037 = ADVANCED_FACE('',(#9038),#9048,.T.);
#9038 = FACE_BOUND('',#9039,.T.);
#9039 = EDGE_LOOP('',(#9040,#9041,#9047));
#9040 = ORIENTED_EDGE('',*,*,#8813,.T.);
#9041 = ORIENTED_EDGE('',*,*,#9042,.T.);
#9042 = EDGE_CURVE('',#8806,#8828,#9043,.T.);
#9043 = LINE('',#9044,#9045);
#9044 = CARTESIAN_POINT('',(-27.21369934082,-1.364719986916,1.));
#9045 = VECTOR('',#9046,1.);
#9046 = DIRECTION('',(0.321466727901,0.946920874652,0.));
#9047 = ORIENTED_EDGE('',*,*,#8827,.F.);
#9048 = PLANE('',#9049);
#9049 = AXIS2_PLACEMENT_3D('',#9050,#9051,#9052);
#9050 = CARTESIAN_POINT('',(-26.75523539628,-1.32898315819,
    0.576440634538));
#9051 = DIRECTION('',(-0.670300549879,0.227557898709,-0.706338853219));
#9052 = DIRECTION('',(-0.7253692402,-1.387778780781E-17,0.688359982402)
  );
#9053 = ADVANCED_FACE('',(#9054),#9071,.T.);
#9054 = FACE_BOUND('',#9055,.T.);
#9055 = EDGE_LOOP('',(#9056,#9057,#9065));
#9056 = ORIENTED_EDGE('',*,*,#9003,.F.);
#9057 = ORIENTED_EDGE('',*,*,#9058,.T.);
#9058 = EDGE_CURVE('',#8996,#9059,#9061,.T.);
#9059 = VERTEX_POINT('',#9060);
#9060 = CARTESIAN_POINT('',(-24.85000038147,0.198074996471,0.));
#9061 = LINE('',#9062,#9063);
#9062 = CARTESIAN_POINT('',(-25.78499984741,0.773413002491,1.));
#9063 = VECTOR('',#9064,1.);
#9064 = DIRECTION('',(0.629627439484,-0.387431874309,-0.673398715634));
#9065 = ORIENTED_EDGE('',*,*,#9066,.F.);
#9066 = EDGE_CURVE('',#9004,#9059,#9067,.T.);
#9067 = LINE('',#9068,#9069);
#9068 = CARTESIAN_POINT('',(-25.17630004882,-1.994040049613E-02,0.));
#9069 = VECTOR('',#9070,1.);
#9070 = DIRECTION('',(0.831482643206,0.5555507304,0.));
#9071 = PLANE('',#9072);
#9072 = AXIS2_PLACEMENT_3D('',#9073,#9074,#9075);
#9073 = CARTESIAN_POINT('',(-25.35130958441,0.391618515726,
    0.440389409511));
#9074 = DIRECTION('',(-0.393261480935,0.588587284196,-0.706335909108));
#9075 = DIRECTION('',(0.,-0.76823517264,-0.640167727645));
#9076 = ADVANCED_FACE('',(#9077),#9094,.T.);
#9077 = FACE_BOUND('',#9078,.T.);
#9078 = EDGE_LOOP('',(#9079,#9080,#9088));
#9079 = ORIENTED_EDGE('',*,*,#9058,.F.);
#9080 = ORIENTED_EDGE('',*,*,#9081,.T.);
#9081 = EDGE_CURVE('',#8996,#9082,#9084,.T.);
#9082 = VERTEX_POINT('',#9083);
#9083 = CARTESIAN_POINT('',(-25.35000038147,1.064100027084,1.));
#9084 = LINE('',#9085,#9086);
#9085 = CARTESIAN_POINT('',(-25.78499984741,0.773413002491,1.));
#9086 = VECTOR('',#9087,1.);
#9087 = DIRECTION('',(0.831443411178,0.555609443772,0.));
#9088 = ORIENTED_EDGE('',*,*,#9089,.F.);
#9089 = EDGE_CURVE('',#9059,#9082,#9090,.T.);
#9090 = LINE('',#9091,#9092);
#9091 = CARTESIAN_POINT('',(-24.85000038147,0.198074996471,0.));
#9092 = VECTOR('',#9093,1.);
#9093 = DIRECTION('',(-0.353553447723,0.612372270776,0.707106895447));
#9094 = PLANE('',#9095);
#9095 = AXIS2_PLACEMENT_3D('',#9096,#9097,#9098);
#9096 = CARTESIAN_POINT('',(-25.26584210682,0.61199818543,0.576435447877
    ));
#9097 = DIRECTION('',(-0.393296686018,0.588550000173,-0.706347374926));
#9098 = DIRECTION('',(2.775557561563E-17,-0.768260226249,-0.640137660792
    ));
#9099 = ADVANCED_FACE('',(#9100),#9115,.T.);
#9100 = FACE_BOUND('',#9101,.T.);
#9101 = EDGE_LOOP('',(#9102,#9103,#9109));
#9102 = ORIENTED_EDGE('',*,*,#9089,.T.);
#9103 = ORIENTED_EDGE('',*,*,#9104,.T.);
#9104 = EDGE_CURVE('',#9082,#8705,#9105,.T.);
#9105 = LINE('',#9106,#9107);
#9106 = CARTESIAN_POINT('',(-25.35000038147,1.064100027084,1.));
#9107 = VECTOR('',#9108,1.);
#9108 = DIRECTION('',(0.896883226429,0.442267428317,0.));
#9109 = ORIENTED_EDGE('',*,*,#9110,.T.);
#9110 = EDGE_CURVE('',#8705,#9059,#9111,.T.);
#9111 = LINE('',#9112,#9113);
#9112 = CARTESIAN_POINT('',(-24.88069915771,1.295519948006,1.));
#9113 = VECTOR('',#9114,1.);
#9114 = DIRECTION('',(2.067209459958E-02,-0.73900293858,-0.673384972564)
  );
#9115 = PLANE('',#9116);
#9116 = AXIS2_PLACEMENT_3D('',#9117,#9118,#9119);
#9117 = CARTESIAN_POINT('',(-25.00053156824,0.765187110865,
    0.576443680789));
#9118 = DIRECTION('',(-0.313065561592,0.634872099972,-0.706347910609));
#9119 = DIRECTION('',(0.,-0.743734306021,-0.66847534139));
#9120 = ADVANCED_FACE('',(#9121),#9138,.T.);
#9121 = FACE_BOUND('',#9122,.T.);
#9122 = EDGE_LOOP('',(#9123,#9124,#9132));
#9123 = ORIENTED_EDGE('',*,*,#9110,.F.);
#9124 = ORIENTED_EDGE('',*,*,#9125,.F.);
#9125 = EDGE_CURVE('',#9126,#8705,#9128,.T.);
#9126 = VERTEX_POINT('',#9127);
#9127 = CARTESIAN_POINT('',(-24.49799919128,0.371636986732,0.));
#9128 = LINE('',#9129,#9130);
#9129 = CARTESIAN_POINT('',(-24.49799919128,0.371636986732,0.));
#9130 = VECTOR('',#9131,1.);
#9131 = DIRECTION('',(-0.270608456683,0.653280805424,0.707103424144));
#9132 = ORIENTED_EDGE('',*,*,#9133,.F.);
#9133 = EDGE_CURVE('',#9059,#9126,#9134,.T.);
#9134 = LINE('',#9135,#9136);
#9135 = CARTESIAN_POINT('',(-24.85000038147,0.198074996471,0.));
#9136 = VECTOR('',#9137,1.);
#9137 = DIRECTION('',(0.896898803351,0.442235838153,0.));
#9138 = PLANE('',#9139);
#9139 = AXIS2_PLACEMENT_3D('',#9140,#9141,#9142);
#9140 = CARTESIAN_POINT('',(-24.76692044675,0.729004852075,
    0.440386057034));
#9141 = DIRECTION('',(-0.313040676125,0.634878007603,-0.706353629956));
#9142 = DIRECTION('',(2.775557561563E-17,-0.743733904498,-0.668475788118
    ));
#9143 = ADVANCED_FACE('',(#9144),#9161,.T.);
#9144 = FACE_BOUND('',#9145,.T.);
#9145 = EDGE_LOOP('',(#9146,#9147,#9155));
#9146 = ORIENTED_EDGE('',*,*,#9125,.T.);
#9147 = ORIENTED_EDGE('',*,*,#9148,.T.);
#9148 = EDGE_CURVE('',#8705,#9149,#9151,.T.);
#9149 = VERTEX_POINT('',#9150);
#9150 = CARTESIAN_POINT('',(-24.12649917602,0.497776001692,0.));
#9151 = LINE('',#9152,#9153);
#9152 = CARTESIAN_POINT('',(-24.88069915771,1.295519948006,1.));
#9153 = VECTOR('',#9154,1.);
#9154 = DIRECTION('',(0.507880155524,-0.537202770298,-0.673402503121));
#9155 = ORIENTED_EDGE('',*,*,#9156,.F.);
#9156 = EDGE_CURVE('',#9126,#9149,#9157,.T.);
#9157 = LINE('',#9158,#9159);
#9158 = CARTESIAN_POINT('',(-24.49799919128,0.371636986732,0.));
#9159 = VECTOR('',#9160,1.);
#9160 = DIRECTION('',(0.946905492178,0.321512035362,0.));
#9161 = PLANE('',#9162);
#9162 = AXIS2_PLACEMENT_3D('',#9163,#9164,#9165);
#9163 = CARTESIAN_POINT('',(-24.56059940974,0.814489654232,
    0.440403306837));
#9164 = DIRECTION('',(-0.22758530594,0.670275922614,-0.706353393199));
#9165 = DIRECTION('',(0.,-0.72538894334,-0.688339219339));
#9166 = ADVANCED_FACE('',(#9167),#9177,.T.);
#9167 = FACE_BOUND('',#9168,.T.);
#9168 = EDGE_LOOP('',(#9169,#9170,#9171));
#9169 = ORIENTED_EDGE('',*,*,#9148,.F.);
#9170 = ORIENTED_EDGE('',*,*,#8704,.F.);
#9171 = ORIENTED_EDGE('',*,*,#9172,.F.);
#9172 = EDGE_CURVE('',#9149,#8697,#9173,.T.);
#9173 = LINE('',#9174,#9175);
#9174 = CARTESIAN_POINT('',(-24.12649917602,0.497776001692,0.));
#9175 = VECTOR('',#9176,1.);
#9176 = DIRECTION('',(-0.183000188804,0.683013672,0.707109082645));
#9177 = PLANE('',#9178);
#9178 = AXIS2_PLACEMENT_3D('',#9179,#9180,#9181);
#9179 = CARTESIAN_POINT('',(-24.42102458046,1.005225078685,
    0.576433568413));
#9180 = DIRECTION('',(-0.227554316288,0.670295019658,-0.706345255354));
#9181 = DIRECTION('',(-1.387778780781E-17,-0.725375191203,
    -0.688353711392));
#9182 = ADVANCED_FACE('',(#9183),#9207,.T.);
#9183 = FACE_BOUND('',#9184,.T.);
#9184 = EDGE_LOOP('',(#9185,#9193,#9201));
#9185 = ORIENTED_EDGE('',*,*,#9186,.T.);
#9186 = EDGE_CURVE('',#9187,#9149,#9189,.T.);
#9187 = VERTEX_POINT('',#9188);
#9188 = CARTESIAN_POINT('',(-23.74160003662,0.574333012104,0.));
#9189 = LINE('',#9190,#9191);
#9190 = CARTESIAN_POINT('',(-23.74160003662,0.574333012104,0.));
#9191 = VECTOR('',#9192,1.);
#9192 = DIRECTION('',(-0.980787322592,-0.195080054957,0.));
#9193 = ORIENTED_EDGE('',*,*,#9194,.T.);
#9194 = EDGE_CURVE('',#9149,#9195,#9197,.T.);
#9195 = VERTEX_POINT('',#9196);
#9196 = CARTESIAN_POINT('',(-23.87210083007,1.565780043602,1.));
#9197 = LINE('',#9198,#9199);
#9198 = CARTESIAN_POINT('',(-24.12649917602,0.497776001692,0.));
#9199 = VECTOR('',#9200,1.);
#9200 = DIRECTION('',(0.171307117651,0.719174070799,0.67338141297));
#9201 = ORIENTED_EDGE('',*,*,#9202,.T.);
#9202 = EDGE_CURVE('',#9195,#9187,#9203,.T.);
#9203 = LINE('',#9204,#9205);
#9204 = CARTESIAN_POINT('',(-23.87210083007,1.565780043602,1.));
#9205 = VECTOR('',#9206,1.);
#9206 = DIRECTION('',(9.227804967818E-02,-0.701059326938,-0.707107192483
    ));
#9207 = PLANE('',#9208);
#9208 = AXIS2_PLACEMENT_3D('',#9209,#9210,#9211);
#9209 = CARTESIAN_POINT('',(-23.90883855198,0.989123008014,0.44038951927
    ));
#9210 = DIRECTION('',(-0.138090329237,0.694264948401,-0.706347819699));
#9211 = DIRECTION('',(0.,-0.713180344987,-0.700980595684));
#9212 = ADVANCED_FACE('',(#9213),#9230,.T.);
#9213 = FACE_BOUND('',#9214,.T.);
#9214 = EDGE_LOOP('',(#9215,#9216,#9224));
#9215 = ORIENTED_EDGE('',*,*,#9202,.F.);
#9216 = ORIENTED_EDGE('',*,*,#9217,.F.);
#9217 = EDGE_CURVE('',#9218,#9195,#9220,.T.);
#9218 = VERTEX_POINT('',#9219);
#9219 = CARTESIAN_POINT('',(-23.35000038147,0.599999010563,0.));
#9220 = LINE('',#9221,#9222);
#9221 = CARTESIAN_POINT('',(-23.35000038147,0.599999010563,0.));
#9222 = VECTOR('',#9223,1.);
#9223 = DIRECTION('',(-0.351575070882,0.650343312387,0.673385881622));
#9224 = ORIENTED_EDGE('',*,*,#9225,.F.);
#9225 = EDGE_CURVE('',#9187,#9218,#9226,.T.);
#9226 = LINE('',#9227,#9228);
#9227 = CARTESIAN_POINT('',(-23.74160003662,0.574333012104,0.));
#9228 = VECTOR('',#9229,1.);
#9229 = DIRECTION('',(0.997859056107,6.540110201657E-02,0.));
#9230 = PLANE('',#9231);
#9231 = AXIS2_PLACEMENT_3D('',#9232,#9233,#9234);
#9232 = CARTESIAN_POINT('',(-23.68739318993,1.018275131035,
    0.440389219773));
#9233 = DIRECTION('',(-4.629508825503E-02,0.706348542214,-0.706348711131
    ));
#9234 = DIRECTION('',(0.,-0.707106865736,-0.707106696637));
#9235 = ADVANCED_FACE('',(#9236),#9253,.T.);
#9236 = FACE_BOUND('',#9237,.T.);
#9237 = EDGE_LOOP('',(#9238,#9239,#9247));
#9238 = ORIENTED_EDGE('',*,*,#9217,.T.);
#9239 = ORIENTED_EDGE('',*,*,#9240,.F.);
#9240 = EDGE_CURVE('',#9241,#9195,#9243,.T.);
#9241 = VERTEX_POINT('',#9242);
#9242 = CARTESIAN_POINT('',(-23.35000038147,1.600000023842,1.));
#9243 = LINE('',#9244,#9245);
#9244 = CARTESIAN_POINT('',(-23.35000038147,1.600000023842,1.));
#9245 = VECTOR('',#9246,1.);
#9246 = DIRECTION('',(-0.997858959548,-6.540257524952E-02,0.));
#9247 = ORIENTED_EDGE('',*,*,#9248,.F.);
#9248 = EDGE_CURVE('',#9218,#9241,#9249,.T.);
#9249 = LINE('',#9250,#9251);
#9250 = CARTESIAN_POINT('',(-23.35000038147,0.599999010563,0.));
#9251 = VECTOR('',#9252,1.);
#9252 = DIRECTION('',(0.,0.707107139434,0.707106422938));
#9253 = PLANE('',#9254);
#9254 = AXIS2_PLACEMENT_3D('',#9255,#9256,#9257);
#9255 = CARTESIAN_POINT('',(-23.50318078797,1.166398805997,
    0.576439100212));
#9256 = DIRECTION('',(-4.629611545743E-02,0.706348235146,-0.706348950874
    ));
#9257 = DIRECTION('',(-3.469446951954E-18,-0.707107139434,
    -0.707106422938));
#9258 = ADVANCED_FACE('',(#9259),#9269,.T.);
#9259 = FACE_BOUND('',#9260,.T.);
#9260 = EDGE_LOOP('',(#9261,#9262,#9268));
#9261 = ORIENTED_EDGE('',*,*,#9172,.T.);
#9262 = ORIENTED_EDGE('',*,*,#9263,.T.);
#9263 = EDGE_CURVE('',#8697,#9195,#9264,.T.);
#9264 = LINE('',#9265,#9266);
#9265 = CARTESIAN_POINT('',(-24.38529968261,1.463700056076,1.));
#9266 = VECTOR('',#9267,1.);
#9267 = DIRECTION('',(0.980785869567,0.195087360067,0.));
#9268 = ORIENTED_EDGE('',*,*,#9194,.F.);
#9269 = PLANE('',#9270);
#9270 = AXIS2_PLACEMENT_3D('',#9271,#9272,#9273);
#9271 = CARTESIAN_POINT('',(-24.12511263107,1.084525940653,
    0.576442960752));
#9272 = DIRECTION('',(-0.138095735738,0.694265103658,-0.70634661011));
#9273 = DIRECTION('',(-1.387778780781E-17,-0.713179666508,
    -0.700981285969));
#9274 = ADVANCED_FACE('',(#9275),#9286,.T.);
#9275 = FACE_BOUND('',#9276,.T.);
#9276 = EDGE_LOOP('',(#9277,#9278,#9279,#9280));
#9277 = ORIENTED_EDGE('',*,*,#838,.T.);
#9278 = ORIENTED_EDGE('',*,*,#8712,.F.);
#9279 = ORIENTED_EDGE('',*,*,#9104,.F.);
#9280 = ORIENTED_EDGE('',*,*,#9281,.T.);
#9281 = EDGE_CURVE('',#9082,#839,#9282,.T.);
#9282 = LINE('',#9283,#9284);
#9283 = CARTESIAN_POINT('',(-25.35000038147,1.064100027084,1.));
#9284 = VECTOR('',#9285,1.);
#9285 = DIRECTION('',(0.,0.,1.));
#9286 = PLANE('',#9287);
#9287 = AXIS2_PLACEMENT_3D('',#9288,#9289,#9290);
#9288 = CARTESIAN_POINT('',(-25.11534976959,1.179809987545,
    6.400000095367));
#9289 = DIRECTION('',(-0.442267428317,0.896883226429,0.));
#9290 = DIRECTION('',(0.896883226429,0.442267428317,0.));
#9291 = ADVANCED_FACE('',(#9292),#9317,.T.);
#9292 = FACE_BOUND('',#9293,.T.);
#9293 = EDGE_LOOP('',(#9294,#9302,#9303,#9311));
#9294 = ORIENTED_EDGE('',*,*,#9295,.T.);
#9295 = EDGE_CURVE('',#9296,#1118,#9298,.T.);
#9296 = VERTEX_POINT('',#9297);
#9297 = CARTESIAN_POINT('',(27.315799713135,-1.877900004387,1.));
#9298 = LINE('',#9299,#9300);
#9299 = CARTESIAN_POINT('',(27.315799713135,-1.877900004387,1.));
#9300 = VECTOR('',#9301,1.);
#9301 = DIRECTION('',(0.,0.,1.));
#9302 = ORIENTED_EDGE('',*,*,#1117,.T.);
#9303 = ORIENTED_EDGE('',*,*,#9304,.F.);
#9304 = EDGE_CURVE('',#9305,#1110,#9307,.T.);
#9305 = VERTEX_POINT('',#9306);
#9306 = CARTESIAN_POINT('',(27.35000038147,-2.400000095367,1.));
#9307 = LINE('',#9308,#9309);
#9308 = CARTESIAN_POINT('',(27.35000038147,-2.400000095367,1.));
#9309 = VECTOR('',#9310,1.);
#9310 = DIRECTION('',(0.,0.,1.));
#9311 = ORIENTED_EDGE('',*,*,#9312,.F.);
#9312 = EDGE_CURVE('',#9296,#9305,#9313,.T.);
#9313 = LINE('',#9314,#9315);
#9314 = CARTESIAN_POINT('',(27.315799713135,-1.877900004387,1.));
#9315 = VECTOR('',#9316,1.);
#9316 = DIRECTION('',(6.536586790645E-02,-0.997861364776,0.));
#9317 = PLANE('',#9318);
#9318 = AXIS2_PLACEMENT_3D('',#9319,#9320,#9321);
#9319 = CARTESIAN_POINT('',(27.332900047302,-2.138950049877,
    6.400000095367));
#9320 = DIRECTION('',(0.997861364776,6.536586790645E-02,0.));
#9321 = DIRECTION('',(-6.536586790645E-02,0.997861364776,0.));
#9322 = ADVANCED_FACE('',(#9323),#9347,.T.);
#9323 = FACE_BOUND('',#9324,.T.);
#9324 = EDGE_LOOP('',(#9325,#9335,#9341));
#9325 = ORIENTED_EDGE('',*,*,#9326,.F.);
#9326 = EDGE_CURVE('',#9327,#9329,#9331,.T.);
#9327 = VERTEX_POINT('',#9328);
#9328 = CARTESIAN_POINT('',(26.247800827026,-1.623540043831,0.));
#9329 = VERTEX_POINT('',#9330);
#9330 = CARTESIAN_POINT('',(26.324300765991,-2.00841999054,0.));
#9331 = LINE('',#9332,#9333);
#9332 = CARTESIAN_POINT('',(26.247800827026,-1.623540043831,0.));
#9333 = VECTOR('',#9334,1.);
#9334 = DIRECTION('',(0.194949507428,-0.980813279658,0.));
#9335 = ORIENTED_EDGE('',*,*,#9336,.T.);
#9336 = EDGE_CURVE('',#9327,#9296,#9337,.T.);
#9337 = LINE('',#9338,#9339);
#9338 = CARTESIAN_POINT('',(26.247800827026,-1.623540043831,0.));
#9339 = VECTOR('',#9340,1.);
#9340 = DIRECTION('',(0.719175578891,-0.171282455683,0.673386075815));
#9341 = ORIENTED_EDGE('',*,*,#9342,.T.);
#9342 = EDGE_CURVE('',#9296,#9329,#9343,.T.);
#9343 = LINE('',#9344,#9345);
#9344 = CARTESIAN_POINT('',(27.315799713135,-1.877900004387,1.));
#9345 = VECTOR('',#9346,1.);
#9346 = DIRECTION('',(-0.701077115795,-9.22891302196E-02,-0.707088109186
    ));
#9347 = PLANE('',#9348);
#9348 = AXIS2_PLACEMENT_3D('',#9349,#9350,#9351);
#9349 = CARTESIAN_POINT('',(26.739134828852,-1.841180190762,
    0.440394031728));
#9350 = DIRECTION('',(0.694261328117,0.137993547548,-0.706370291785));
#9351 = DIRECTION('',(-0.713193321073,0.,-0.700967393519));
#9352 = ADVANCED_FACE('',(#9353),#9370,.T.);
#9353 = FACE_BOUND('',#9354,.T.);
#9354 = EDGE_LOOP('',(#9355,#9363,#9364));
#9355 = ORIENTED_EDGE('',*,*,#9356,.F.);
#9356 = EDGE_CURVE('',#9329,#9357,#9359,.T.);
#9357 = VERTEX_POINT('',#9358);
#9358 = CARTESIAN_POINT('',(26.35000038147,-2.400000095367,0.));
#9359 = LINE('',#9360,#9361);
#9360 = CARTESIAN_POINT('',(26.324300765991,-2.00841999054,0.));
#9361 = VECTOR('',#9362,1.);
#9362 = DIRECTION('',(6.548965198563E-02,-0.99785324847,0.));
#9363 = ORIENTED_EDGE('',*,*,#9342,.F.);
#9364 = ORIENTED_EDGE('',*,*,#9365,.F.);
#9365 = EDGE_CURVE('',#9357,#9296,#9366,.T.);
#9366 = LINE('',#9367,#9368);
#9367 = CARTESIAN_POINT('',(26.35000038147,-2.400000095367,0.));
#9368 = VECTOR('',#9369,1.);
#9369 = DIRECTION('',(0.650350477839,0.351572042469,0.673380542434));
#9370 = PLANE('',#9371);
#9371 = AXIS2_PLACEMENT_3D('',#9372,#9373,#9374);
#9372 = CARTESIAN_POINT('',(26.768278433468,-2.062610952996,
    0.440392439825));
#9373 = DIRECTION('',(0.706323644187,4.635640533107E-02,-0.706369586936)
  );
#9374 = DIRECTION('',(-0.707129776909,0.,-0.707083784717));
#9375 = ADVANCED_FACE('',(#9376),#9386,.T.);
#9376 = FACE_BOUND('',#9377,.T.);
#9377 = EDGE_LOOP('',(#9378,#9384,#9385));
#9378 = ORIENTED_EDGE('',*,*,#9379,.T.);
#9379 = EDGE_CURVE('',#9305,#9357,#9380,.T.);
#9380 = LINE('',#9381,#9382);
#9381 = CARTESIAN_POINT('',(27.35000038147,-2.400000095367,1.));
#9382 = VECTOR('',#9383,1.);
#9383 = DIRECTION('',(-0.707106781187,0.,-0.707106781187));
#9384 = ORIENTED_EDGE('',*,*,#9365,.T.);
#9385 = ORIENTED_EDGE('',*,*,#9312,.T.);
#9386 = PLANE('',#9387);
#9387 = AXIS2_PLACEMENT_3D('',#9388,#9389,#9390);
#9388 = CARTESIAN_POINT('',(26.9164047883,-2.246819441648,0.576438652799
    ));
#9389 = DIRECTION('',(0.706349445353,4.627009940514E-02,-0.706349445353)
  );
#9390 = DIRECTION('',(0.707106781187,-3.469446951954E-18,0.707106781187)
  );
#9391 = ADVANCED_FACE('',(#9392),#9409,.T.);
#9392 = FACE_BOUND('',#9393,.T.);
#9393 = EDGE_LOOP('',(#9394,#9395,#9403));
#9394 = ORIENTED_EDGE('',*,*,#9336,.F.);
#9395 = ORIENTED_EDGE('',*,*,#9396,.T.);
#9396 = EDGE_CURVE('',#9327,#9397,#9399,.T.);
#9397 = VERTEX_POINT('',#9398);
#9398 = CARTESIAN_POINT('',(27.21369934082,-1.364719986916,1.));
#9399 = LINE('',#9400,#9401);
#9400 = CARTESIAN_POINT('',(26.247800827026,-1.623540043831,0.));
#9401 = VECTOR('',#9402,1.);
#9402 = DIRECTION('',(0.683002308972,0.183015807517,0.707116016039));
#9403 = ORIENTED_EDGE('',*,*,#9404,.T.);
#9404 = EDGE_CURVE('',#9397,#9296,#9405,.T.);
#9405 = LINE('',#9406,#9407);
#9406 = CARTESIAN_POINT('',(27.21369934082,-1.364719986916,1.));
#9407 = VECTOR('',#9408,1.);
#9408 = DIRECTION('',(0.195131723684,-0.980777044191,0.));
#9409 = PLANE('',#9410);
#9410 = AXIS2_PLACEMENT_3D('',#9411,#9412,#9413);
#9411 = CARTESIAN_POINT('',(26.834540780956,-1.624909960123,
    0.576441706179));
#9412 = DIRECTION('',(0.694265201337,0.138128401591,-0.706340126912));
#9413 = DIRECTION('',(-0.713176400683,0.,-0.700984608611));
#9414 = ADVANCED_FACE('',(#9415),#9432,.T.);
#9415 = FACE_BOUND('',#9416,.T.);
#9416 = EDGE_LOOP('',(#9417,#9418,#9426));
#9417 = ORIENTED_EDGE('',*,*,#9396,.F.);
#9418 = ORIENTED_EDGE('',*,*,#9419,.F.);
#9419 = EDGE_CURVE('',#9420,#9327,#9422,.T.);
#9420 = VERTEX_POINT('',#9421);
#9421 = CARTESIAN_POINT('',(27.045499801636,-0.869266986847,1.));
#9422 = LINE('',#9423,#9424);
#9423 = CARTESIAN_POINT('',(27.045499801636,-0.869266986847,1.));
#9424 = VECTOR('',#9425,1.);
#9425 = DIRECTION('',(-0.537167799305,-0.507924932828,-0.673396627554));
#9426 = ORIENTED_EDGE('',*,*,#9427,.F.);
#9427 = EDGE_CURVE('',#9397,#9420,#9428,.T.);
#9428 = LINE('',#9429,#9430);
#9429 = CARTESIAN_POINT('',(27.21369934082,-1.364719986916,1.));
#9430 = VECTOR('',#9431,1.);
#9431 = DIRECTION('',(-0.321466727901,0.946920874652,0.));
#9432 = PLANE('',#9433);
#9433 = AXIS2_PLACEMENT_3D('',#9434,#9435,#9436);
#9434 = CARTESIAN_POINT('',(26.755235396285,-1.32898315819,
    0.576440634538));
#9435 = DIRECTION('',(0.670300549879,0.227557898709,-0.706338853219));
#9436 = DIRECTION('',(-0.7253692402,-1.387778780781E-17,-0.688359982402)
  );
#9437 = ADVANCED_FACE('',(#9438),#9464,.T.);
#9438 = FACE_BOUND('',#9439,.T.);
#9439 = EDGE_LOOP('',(#9440,#9450,#9458));
#9440 = ORIENTED_EDGE('',*,*,#9441,.T.);
#9441 = EDGE_CURVE('',#9442,#9444,#9446,.T.);
#9442 = VERTEX_POINT('',#9443);
#9443 = CARTESIAN_POINT('',(23.741600036621,0.574333012104,0.));
#9444 = VERTEX_POINT('',#9445);
#9445 = CARTESIAN_POINT('',(23.35000038147,0.599999010563,0.));
#9446 = LINE('',#9447,#9448);
#9447 = CARTESIAN_POINT('',(23.741600036621,0.574333012104,0.));
#9448 = VECTOR('',#9449,1.);
#9449 = DIRECTION('',(-0.997859056107,6.540110201657E-02,0.));
#9450 = ORIENTED_EDGE('',*,*,#9451,.T.);
#9451 = EDGE_CURVE('',#9444,#9452,#9454,.T.);
#9452 = VERTEX_POINT('',#9453);
#9453 = CARTESIAN_POINT('',(23.872100830078,1.565780043602,1.));
#9454 = LINE('',#9455,#9456);
#9455 = CARTESIAN_POINT('',(23.35000038147,0.599999010563,0.));
#9456 = VECTOR('',#9457,1.);
#9457 = DIRECTION('',(0.351575070882,0.650343312387,0.673385881622));
#9458 = ORIENTED_EDGE('',*,*,#9459,.T.);
#9459 = EDGE_CURVE('',#9452,#9442,#9460,.T.);
#9460 = LINE('',#9461,#9462);
#9461 = CARTESIAN_POINT('',(23.872100830078,1.565780043602,1.));
#9462 = VECTOR('',#9463,1.);
#9463 = DIRECTION('',(-9.227804967818E-02,-0.701059326938,
    -0.707107192483));
#9464 = PLANE('',#9465);
#9465 = AXIS2_PLACEMENT_3D('',#9466,#9467,#9468);
#9466 = CARTESIAN_POINT('',(23.687393189933,1.018275131035,
    0.440389219773));
#9467 = DIRECTION('',(4.629508825503E-02,0.706348542214,-0.706348711131)
  );
#9468 = DIRECTION('',(3.469446951954E-18,-0.707106865736,-0.707106696637
    ));
#9469 = ADVANCED_FACE('',(#9470),#9487,.T.);
#9470 = FACE_BOUND('',#9471,.T.);
#9471 = EDGE_LOOP('',(#9472,#9480,#9481));
#9472 = ORIENTED_EDGE('',*,*,#9473,.T.);
#9473 = EDGE_CURVE('',#9474,#9442,#9476,.T.);
#9474 = VERTEX_POINT('',#9475);
#9475 = CARTESIAN_POINT('',(24.126499176025,0.497776001692,0.));
#9476 = LINE('',#9477,#9478);
#9477 = CARTESIAN_POINT('',(24.126499176025,0.497776001692,0.));
#9478 = VECTOR('',#9479,1.);
#9479 = DIRECTION('',(-0.980787322592,0.195080054957,0.));
#9480 = ORIENTED_EDGE('',*,*,#9459,.F.);
#9481 = ORIENTED_EDGE('',*,*,#9482,.F.);
#9482 = EDGE_CURVE('',#9474,#9452,#9483,.T.);
#9483 = LINE('',#9484,#9485);
#9484 = CARTESIAN_POINT('',(24.126499176025,0.497776001692,0.));
#9485 = VECTOR('',#9486,1.);
#9486 = DIRECTION('',(-0.171307117651,0.719174070799,0.67338141297));
#9487 = PLANE('',#9488);
#9488 = AXIS2_PLACEMENT_3D('',#9489,#9490,#9491);
#9489 = CARTESIAN_POINT('',(23.90883855198,0.989123008014,0.44038951927)
  );
#9490 = DIRECTION('',(0.138090329237,0.694264948401,-0.706347819699));
#9491 = DIRECTION('',(1.387778780781E-17,-0.713180344987,-0.700980595684
    ));
#9492 = ADVANCED_FACE('',(#9493),#9510,.T.);
#9493 = FACE_BOUND('',#9494,.T.);
#9494 = EDGE_LOOP('',(#9495,#9496,#9504));
#9495 = ORIENTED_EDGE('',*,*,#9482,.T.);
#9496 = ORIENTED_EDGE('',*,*,#9497,.T.);
#9497 = EDGE_CURVE('',#9452,#9498,#9500,.T.);
#9498 = VERTEX_POINT('',#9499);
#9499 = CARTESIAN_POINT('',(24.385299682617,1.463700056076,1.));
#9500 = LINE('',#9501,#9502);
#9501 = CARTESIAN_POINT('',(23.872100830078,1.565780043602,1.));
#9502 = VECTOR('',#9503,1.);
#9503 = DIRECTION('',(0.980785869567,-0.195087360067,0.));
#9504 = ORIENTED_EDGE('',*,*,#9505,.F.);
#9505 = EDGE_CURVE('',#9474,#9498,#9506,.T.);
#9506 = LINE('',#9507,#9508);
#9507 = CARTESIAN_POINT('',(24.126499176025,0.497776001692,0.));
#9508 = VECTOR('',#9509,1.);
#9509 = DIRECTION('',(0.183000188804,0.683013672,0.707109082645));
#9510 = PLANE('',#9511);
#9511 = AXIS2_PLACEMENT_3D('',#9512,#9513,#9514);
#9512 = CARTESIAN_POINT('',(24.12511263107,1.084525940653,0.576442960752
    ));
#9513 = DIRECTION('',(0.138095735738,0.694265103658,-0.70634661011));
#9514 = DIRECTION('',(0.,-0.713179666508,-0.700981285969));
#9515 = ADVANCED_FACE('',(#9516),#9540,.T.);
#9516 = FACE_BOUND('',#9517,.T.);
#9517 = EDGE_LOOP('',(#9518,#9526,#9534));
#9518 = ORIENTED_EDGE('',*,*,#9519,.T.);
#9519 = EDGE_CURVE('',#9520,#9474,#9522,.T.);
#9520 = VERTEX_POINT('',#9521);
#9521 = CARTESIAN_POINT('',(24.497999191284,0.371636986732,0.));
#9522 = LINE('',#9523,#9524);
#9523 = CARTESIAN_POINT('',(24.497999191284,0.371636986732,0.));
#9524 = VECTOR('',#9525,1.);
#9525 = DIRECTION('',(-0.946905492178,0.321512035362,0.));
#9526 = ORIENTED_EDGE('',*,*,#9527,.T.);
#9527 = EDGE_CURVE('',#9474,#9528,#9530,.T.);
#9528 = VERTEX_POINT('',#9529);
#9529 = CARTESIAN_POINT('',(24.880699157715,1.295519948006,1.));
#9530 = LINE('',#9531,#9532);
#9531 = CARTESIAN_POINT('',(24.126499176025,0.497776001692,0.));
#9532 = VECTOR('',#9533,1.);
#9533 = DIRECTION('',(0.507880155524,0.537202770298,0.673402503121));
#9534 = ORIENTED_EDGE('',*,*,#9535,.T.);
#9535 = EDGE_CURVE('',#9528,#9520,#9536,.T.);
#9536 = LINE('',#9537,#9538);
#9537 = CARTESIAN_POINT('',(24.880699157715,1.295519948006,1.));
#9538 = VECTOR('',#9539,1.);
#9539 = DIRECTION('',(-0.270608456683,-0.653280805424,-0.707103424144));
#9540 = PLANE('',#9541);
#9541 = AXIS2_PLACEMENT_3D('',#9542,#9543,#9544);
#9542 = CARTESIAN_POINT('',(24.560599409742,0.814489654232,
    0.440403306837));
#9543 = DIRECTION('',(0.22758530594,0.670275922614,-0.706353393199));
#9544 = DIRECTION('',(1.387778780781E-17,-0.72538894334,-0.688339219339)
  );
#9545 = ADVANCED_FACE('',(#9546),#9556,.T.);
#9546 = FACE_BOUND('',#9547,.T.);
#9547 = EDGE_LOOP('',(#9548,#9549,#9550));
#9548 = ORIENTED_EDGE('',*,*,#9527,.F.);
#9549 = ORIENTED_EDGE('',*,*,#9505,.T.);
#9550 = ORIENTED_EDGE('',*,*,#9551,.T.);
#9551 = EDGE_CURVE('',#9498,#9528,#9552,.T.);
#9552 = LINE('',#9553,#9554);
#9553 = CARTESIAN_POINT('',(24.385299682617,1.463700056076,1.));
#9554 = VECTOR('',#9555,1.);
#9555 = DIRECTION('',(0.946921607844,-0.321464568185,0.));
#9556 = PLANE('',#9557);
#9557 = AXIS2_PLACEMENT_3D('',#9558,#9559,#9560);
#9558 = CARTESIAN_POINT('',(24.421024580463,1.005225078685,
    0.576433568413));
#9559 = DIRECTION('',(0.227554316288,0.670295019658,-0.706345255354));
#9560 = DIRECTION('',(1.387778780781E-17,-0.725375191203,-0.688353711392
    ));
#9561 = ADVANCED_FACE('',(#9562),#9579,.T.);
#9562 = FACE_BOUND('',#9563,.T.);
#9563 = EDGE_LOOP('',(#9564,#9572,#9573));
#9564 = ORIENTED_EDGE('',*,*,#9565,.F.);
#9565 = EDGE_CURVE('',#9520,#9566,#9568,.T.);
#9566 = VERTEX_POINT('',#9567);
#9567 = CARTESIAN_POINT('',(24.85000038147,0.198074996471,0.));
#9568 = LINE('',#9569,#9570);
#9569 = CARTESIAN_POINT('',(24.497999191284,0.371636986732,0.));
#9570 = VECTOR('',#9571,1.);
#9571 = DIRECTION('',(0.896898803351,-0.442235838153,0.));
#9572 = ORIENTED_EDGE('',*,*,#9535,.F.);
#9573 = ORIENTED_EDGE('',*,*,#9574,.F.);
#9574 = EDGE_CURVE('',#9566,#9528,#9575,.T.);
#9575 = LINE('',#9576,#9577);
#9576 = CARTESIAN_POINT('',(24.85000038147,0.198074996471,0.));
#9577 = VECTOR('',#9578,1.);
#9578 = DIRECTION('',(2.067209459958E-02,0.73900293858,0.673384972564));
#9579 = PLANE('',#9580);
#9580 = AXIS2_PLACEMENT_3D('',#9581,#9582,#9583);
#9581 = CARTESIAN_POINT('',(24.766920446758,0.729004852075,
    0.440386057034));
#9582 = DIRECTION('',(0.313040676125,0.634878007603,-0.706353629956));
#9583 = DIRECTION('',(-2.775557561563E-17,-0.743733904498,
    -0.668475788118));
#9584 = ADVANCED_FACE('',(#9585),#9602,.T.);
#9585 = FACE_BOUND('',#9586,.T.);
#9586 = EDGE_LOOP('',(#9587,#9595,#9596));
#9587 = ORIENTED_EDGE('',*,*,#9588,.T.);
#9588 = EDGE_CURVE('',#9589,#9566,#9591,.T.);
#9589 = VERTEX_POINT('',#9590);
#9590 = CARTESIAN_POINT('',(25.35000038147,1.064100027084,1.));
#9591 = LINE('',#9592,#9593);
#9592 = CARTESIAN_POINT('',(25.35000038147,1.064100027084,1.));
#9593 = VECTOR('',#9594,1.);
#9594 = DIRECTION('',(-0.353553447723,-0.612372270776,-0.707106895447));
#9595 = ORIENTED_EDGE('',*,*,#9574,.T.);
#9596 = ORIENTED_EDGE('',*,*,#9597,.F.);
#9597 = EDGE_CURVE('',#9589,#9528,#9598,.T.);
#9598 = LINE('',#9599,#9600);
#9599 = CARTESIAN_POINT('',(25.35000038147,1.064100027084,1.));
#9600 = VECTOR('',#9601,1.);
#9601 = DIRECTION('',(-0.896883226429,0.442267428317,0.));
#9602 = PLANE('',#9603);
#9603 = AXIS2_PLACEMENT_3D('',#9604,#9605,#9606);
#9604 = CARTESIAN_POINT('',(25.000531568244,0.765187110865,
    0.576443680789));
#9605 = DIRECTION('',(0.313065561592,0.634872099972,-0.706347910609));
#9606 = DIRECTION('',(0.,-0.743734306021,-0.66847534139));
#9607 = ADVANCED_FACE('',(#9608),#9625,.T.);
#9608 = FACE_BOUND('',#9609,.T.);
#9609 = EDGE_LOOP('',(#9610,#9618,#9619));
#9610 = ORIENTED_EDGE('',*,*,#9611,.T.);
#9611 = EDGE_CURVE('',#9612,#9566,#9614,.T.);
#9612 = VERTEX_POINT('',#9613);
#9613 = CARTESIAN_POINT('',(25.784999847412,0.773413002491,1.));
#9614 = LINE('',#9615,#9616);
#9615 = CARTESIAN_POINT('',(25.784999847412,0.773413002491,1.));
#9616 = VECTOR('',#9617,1.);
#9617 = DIRECTION('',(-0.629627439484,-0.387431874309,-0.673398715634));
#9618 = ORIENTED_EDGE('',*,*,#9588,.F.);
#9619 = ORIENTED_EDGE('',*,*,#9620,.F.);
#9620 = EDGE_CURVE('',#9612,#9589,#9621,.T.);
#9621 = LINE('',#9622,#9623);
#9622 = CARTESIAN_POINT('',(25.784999847412,0.773413002491,1.));
#9623 = VECTOR('',#9624,1.);
#9624 = DIRECTION('',(-0.831443411178,0.555609443772,0.));
#9625 = PLANE('',#9626);
#9626 = AXIS2_PLACEMENT_3D('',#9627,#9628,#9629);
#9627 = CARTESIAN_POINT('',(25.265842106822,0.61199818543,0.576435447877
    ));
#9628 = DIRECTION('',(0.393296686018,0.588550000173,-0.706347374926));
#9629 = DIRECTION('',(0.,-0.768260226249,-0.640137660792));
#9630 = ADVANCED_FACE('',(#9631),#9648,.T.);
#9631 = FACE_BOUND('',#9632,.T.);
#9632 = EDGE_LOOP('',(#9633,#9641,#9642));
#9633 = ORIENTED_EDGE('',*,*,#9634,.T.);
#9634 = EDGE_CURVE('',#9635,#9566,#9637,.T.);
#9635 = VERTEX_POINT('',#9636);
#9636 = CARTESIAN_POINT('',(25.176300048828,-1.994040049613E-02,0.));
#9637 = LINE('',#9638,#9639);
#9638 = CARTESIAN_POINT('',(25.176300048828,-1.994040049613E-02,0.));
#9639 = VECTOR('',#9640,1.);
#9640 = DIRECTION('',(-0.831482643206,0.5555507304,0.));
#9641 = ORIENTED_EDGE('',*,*,#9611,.F.);
#9642 = ORIENTED_EDGE('',*,*,#9643,.F.);
#9643 = EDGE_CURVE('',#9635,#9612,#9644,.T.);
#9644 = LINE('',#9645,#9646);
#9645 = CARTESIAN_POINT('',(25.176300048828,-1.994040049613E-02,0.));
#9646 = VECTOR('',#9647,1.);
#9647 = DIRECTION('',(0.430423818617,0.560996080532,0.707120027997));
#9648 = PLANE('',#9649);
#9649 = AXIS2_PLACEMENT_3D('',#9650,#9651,#9652);
#9650 = CARTESIAN_POINT('',(25.351309584415,0.391618515726,
    0.440389409511));
#9651 = DIRECTION('',(0.393261480935,0.588587284196,-0.706335909108));
#9652 = DIRECTION('',(2.775557561563E-17,-0.76823517264,-0.640167727645)
  );
#9653 = ADVANCED_FACE('',(#9654),#9680,.T.);
#9654 = FACE_BOUND('',#9655,.T.);
#9655 = EDGE_LOOP('',(#9656,#9666,#9674));
#9656 = ORIENTED_EDGE('',*,*,#9657,.T.);
#9657 = EDGE_CURVE('',#9658,#9660,#9662,.T.);
#9658 = VERTEX_POINT('',#9659);
#9659 = CARTESIAN_POINT('',(26.523399353027,3.50446999073E-02,1.));
#9660 = VERTEX_POINT('',#9661);
#9661 = CARTESIAN_POINT('',(25.471300125122,-0.278679996729,0.));
#9662 = LINE('',#9663,#9664);
#9663 = CARTESIAN_POINT('',(26.523399353027,3.50446999073E-02,1.));
#9664 = VECTOR('',#9665,1.);
#9665 = DIRECTION('',(-0.708466503166,-0.211257106637,-0.673383730712));
#9666 = ORIENTED_EDGE('',*,*,#9667,.T.);
#9667 = EDGE_CURVE('',#9660,#9668,#9670,.T.);
#9668 = VERTEX_POINT('',#9669);
#9669 = CARTESIAN_POINT('',(26.178400039673,0.428425997496,1.));
#9670 = LINE('',#9671,#9672);
#9671 = CARTESIAN_POINT('',(25.471300125122,-0.278679996729,0.));
#9672 = VECTOR('',#9673,1.);
#9673 = DIRECTION('',(0.499996497519,0.50000079651,0.707108694585));
#9674 = ORIENTED_EDGE('',*,*,#9675,.T.);
#9675 = EDGE_CURVE('',#9668,#9658,#9676,.T.);
#9676 = LINE('',#9677,#9678);
#9677 = CARTESIAN_POINT('',(26.178400039673,0.428425997496,1.));
#9678 = VECTOR('',#9679,1.);
#9679 = DIRECTION('',(0.659360047622,-0.751827325654,0.));
#9680 = PLANE('',#9681);
#9681 = AXIS2_PLACEMENT_3D('',#9682,#9683,#9684);
#9682 = CARTESIAN_POINT('',(25.980122034297,1.350893854587E-02,
    0.57644069066));
#9683 = DIRECTION('',(0.532192808918,0.466738390398,-0.706347003296));
#9684 = DIRECTION('',(-0.798677808695,0.,-0.601758886846));
#9685 = ADVANCED_FACE('',(#9686),#9703,.T.);
#9686 = FACE_BOUND('',#9687,.T.);
#9687 = EDGE_LOOP('',(#9688,#9696,#9697));
#9688 = ORIENTED_EDGE('',*,*,#9689,.T.);
#9689 = EDGE_CURVE('',#9690,#9660,#9692,.T.);
#9690 = VERTEX_POINT('',#9691);
#9691 = CARTESIAN_POINT('',(25.730100631714,-0.573715984821,0.));
#9692 = LINE('',#9693,#9694);
#9693 = CARTESIAN_POINT('',(25.730100631714,-0.573715984821,0.));
#9694 = VECTOR('',#9695,1.);
#9695 = DIRECTION('',(-0.659433510191,0.751762891899,0.));
#9696 = ORIENTED_EDGE('',*,*,#9657,.F.);
#9697 = ORIENTED_EDGE('',*,*,#9698,.F.);
#9698 = EDGE_CURVE('',#9690,#9658,#9699,.T.);
#9699 = LINE('',#9700,#9701);
#9700 = CARTESIAN_POINT('',(25.730100631714,-0.573715984821,0.));
#9701 = VECTOR('',#9702,1.);
#9702 = DIRECTION('',(0.560959185929,0.43046823215,0.707122261587));
#9703 = PLANE('',#9704);
#9704 = AXIS2_PLACEMENT_3D('',#9705,#9706,#9707);
#9705 = CARTESIAN_POINT('',(26.005651594438,-0.221485372679,
    0.440386219616));
#9706 = DIRECTION('',(0.532159103688,0.466800835086,-0.70633113249));
#9707 = DIRECTION('',(-0.798689627318,0.,-0.601743200389));
#9708 = ADVANCED_FACE('',(#9709),#9726,.T.);
#9709 = FACE_BOUND('',#9710,.T.);
#9710 = EDGE_LOOP('',(#9711,#9719,#9720));
#9711 = ORIENTED_EDGE('',*,*,#9712,.T.);
#9712 = EDGE_CURVE('',#9713,#9690,#9715,.T.);
#9713 = VERTEX_POINT('',#9714);
#9714 = CARTESIAN_POINT('',(25.948099136353,-0.899999976158,0.));
#9715 = LINE('',#9716,#9717);
#9716 = CARTESIAN_POINT('',(25.948099136353,-0.899999976158,0.));
#9717 = VECTOR('',#9718,1.);
#9718 = DIRECTION('',(-0.555539421984,0.831490198753,0.));
#9719 = ORIENTED_EDGE('',*,*,#9698,.T.);
#9720 = ORIENTED_EDGE('',*,*,#9721,.T.);
#9721 = EDGE_CURVE('',#9658,#9713,#9722,.T.);
#9722 = LINE('',#9723,#9724);
#9723 = CARTESIAN_POINT('',(26.523399353027,3.50446999073E-02,1.));
#9724 = VECTOR('',#9725,1.);
#9725 = DIRECTION('',(-0.387402820175,-0.629652021671,-0.673392446146));
#9726 = PLANE('',#9727);
#9727 = AXIS2_PLACEMENT_3D('',#9728,#9729,#9730);
#9728 = CARTESIAN_POINT('',(26.141633125318,-0.398673179247,
    0.44039257845));
#9729 = DIRECTION('',(0.588596320668,0.393255940065,-0.706331463903));
#9730 = DIRECTION('',(-0.76822835767,2.775557561563E-17,-0.640175905882)
  );
#9731 = ADVANCED_FACE('',(#9732),#9749,.T.);
#9732 = FACE_BOUND('',#9733,.T.);
#9733 = EDGE_LOOP('',(#9734,#9742,#9743));
#9734 = ORIENTED_EDGE('',*,*,#9735,.T.);
#9735 = EDGE_CURVE('',#9736,#9713,#9738,.T.);
#9736 = VERTEX_POINT('',#9737);
#9737 = CARTESIAN_POINT('',(26.814100265503,-0.40000000596,1.));
#9738 = LINE('',#9739,#9740);
#9739 = CARTESIAN_POINT('',(26.814100265503,-0.40000000596,1.));
#9740 = VECTOR('',#9741,1.);
#9741 = DIRECTION('',(-0.612361712115,-0.35355708844,-0.707114219026));
#9742 = ORIENTED_EDGE('',*,*,#9721,.F.);
#9743 = ORIENTED_EDGE('',*,*,#9744,.T.);
#9744 = EDGE_CURVE('',#9658,#9736,#9745,.T.);
#9745 = LINE('',#9746,#9747);
#9746 = CARTESIAN_POINT('',(26.523399353027,3.50446999073E-02,1.));
#9747 = VECTOR('',#9748,1.);
#9748 = DIRECTION('',(0.555587850321,-0.831457840528,0.));
#9749 = PLANE('',#9750);
#9750 = AXIS2_PLACEMENT_3D('',#9751,#9752,#9753);
#9751 = CARTESIAN_POINT('',(26.362007944239,-0.484140080934,
    0.576441076394));
#9752 = DIRECTION('',(0.588565567225,0.393284977696,-0.706340922923));
#9753 = DIRECTION('',(-0.768249023774,-2.775557561563E-17,
    -0.640151105186));
#9754 = ADVANCED_FACE('',(#9755),#9770,.T.);
#9755 = FACE_BOUND('',#9756,.T.);
#9756 = EDGE_LOOP('',(#9757,#9763,#9764));
#9757 = ORIENTED_EDGE('',*,*,#9758,.T.);
#9758 = EDGE_CURVE('',#9420,#9713,#9759,.T.);
#9759 = LINE('',#9760,#9761);
#9760 = CARTESIAN_POINT('',(27.045499801636,-0.869266986847,1.));
#9761 = VECTOR('',#9762,1.);
#9762 = DIRECTION('',(-0.738989050661,-2.069557939371E-02,
    -0.673399492127));
#9763 = ORIENTED_EDGE('',*,*,#9735,.F.);
#9764 = ORIENTED_EDGE('',*,*,#9765,.T.);
#9765 = EDGE_CURVE('',#9736,#9420,#9766,.T.);
#9766 = LINE('',#9767,#9768);
#9767 = CARTESIAN_POINT('',(26.814100265503,-0.40000000596,1.));
#9768 = VECTOR('',#9769,1.);
#9769 = DIRECTION('',(0.442262048791,-0.896885879139,0.));
#9770 = PLANE('',#9771);
#9771 = AXIS2_PLACEMENT_3D('',#9772,#9773,#9774);
#9772 = CARTESIAN_POINT('',(26.515187425285,-0.749459253744,
    0.576439806511));
#9773 = DIRECTION('',(0.634880911376,0.313065172654,-0.706340163124));
#9774 = DIRECTION('',(-0.74372604807,-2.775557561563E-17,-0.668484528933
    ));
#9775 = ADVANCED_FACE('',(#9776),#9793,.T.);
#9776 = FACE_BOUND('',#9777,.T.);
#9777 = EDGE_LOOP('',(#9778,#9786,#9787));
#9778 = ORIENTED_EDGE('',*,*,#9779,.T.);
#9779 = EDGE_CURVE('',#9780,#9713,#9782,.T.);
#9780 = VERTEX_POINT('',#9781);
#9781 = CARTESIAN_POINT('',(26.121599197388,-1.251950025558,0.));
#9782 = LINE('',#9783,#9784);
#9783 = CARTESIAN_POINT('',(26.121599197388,-1.251950025558,0.));
#9784 = VECTOR('',#9785,1.);
#9785 = DIRECTION('',(-0.442160572359,0.896935910894,0.));
#9786 = ORIENTED_EDGE('',*,*,#9758,.F.);
#9787 = ORIENTED_EDGE('',*,*,#9788,.F.);
#9788 = EDGE_CURVE('',#9780,#9420,#9789,.T.);
#9789 = LINE('',#9790,#9791);
#9790 = CARTESIAN_POINT('',(26.121599197388,-1.251950025558,0.));
#9791 = VECTOR('',#9792,1.);
#9792 = DIRECTION('',(0.653290072529,0.270595158143,0.70709995158));
#9793 = PLANE('',#9794);
#9794 = AXIS2_PLACEMENT_3D('',#9795,#9796,#9797);
#9795 = CARTESIAN_POINT('',(26.479002425418,-0.983049862424,
    0.440395403575));
#9796 = DIRECTION('',(0.634899887779,0.312985236026,-0.70635853115));
#9797 = DIRECTION('',(-0.743724756858,0.,-0.668485965475));
#9798 = ADVANCED_FACE('',(#9799),#9809,.T.);
#9799 = FACE_BOUND('',#9800,.T.);
#9800 = EDGE_LOOP('',(#9801,#9807,#9808));
#9801 = ORIENTED_EDGE('',*,*,#9802,.T.);
#9802 = EDGE_CURVE('',#9327,#9780,#9803,.T.);
#9803 = LINE('',#9804,#9805);
#9804 = CARTESIAN_POINT('',(26.247800827026,-1.623540043831,0.));
#9805 = VECTOR('',#9806,1.);
#9806 = DIRECTION('',(-0.321585273219,0.946880621857,0.));
#9807 = ORIENTED_EDGE('',*,*,#9788,.T.);
#9808 = ORIENTED_EDGE('',*,*,#9419,.T.);
#9809 = PLANE('',#9810);
#9810 = AXIS2_PLACEMENT_3D('',#9811,#9812,#9813);
#9811 = CARTESIAN_POINT('',(26.564465699104,-1.189390830731,
    0.440389571138));
#9812 = DIRECTION('',(0.670252851016,0.227635291339,-0.70635917906));
#9813 = DIRECTION('',(-0.72540358905,0.,-0.688323784997));
#9814 = ADVANCED_FACE('',(#9815),#9830,.T.);
#9815 = FACE_BOUND('',#9816,.T.);
#9816 = EDGE_LOOP('',(#9817,#9818,#9824));
#9817 = ORIENTED_EDGE('',*,*,#9667,.F.);
#9818 = ORIENTED_EDGE('',*,*,#9819,.F.);
#9819 = EDGE_CURVE('',#9612,#9660,#9820,.T.);
#9820 = LINE('',#9821,#9822);
#9821 = CARTESIAN_POINT('',(25.784999847412,0.773413002491,1.));
#9822 = VECTOR('',#9823,1.);
#9823 = DIRECTION('',(-0.211241667495,-0.708466931027,-0.673388124008));
#9824 = ORIENTED_EDGE('',*,*,#9825,.T.);
#9825 = EDGE_CURVE('',#9612,#9668,#9826,.T.);
#9826 = LINE('',#9827,#9828);
#9827 = CARTESIAN_POINT('',(25.784999847412,0.773413002491,1.));
#9828 = VECTOR('',#9829,1.);
#9829 = DIRECTION('',(0.751854685558,-0.659328849516,0.));
#9830 = PLANE('',#9831);
#9831 = AXIS2_PLACEMENT_3D('',#9832,#9833,#9834);
#9832 = CARTESIAN_POINT('',(25.76348078367,0.230142416861,0.576441660784
    ));
#9833 = DIRECTION('',(0.466716808432,0.532212748625,-0.706346240117));
#9834 = DIRECTION('',(0.,-0.798666660284,-0.601773683165));
#9835 = ADVANCED_FACE('',(#9836),#9846,.T.);
#9836 = FACE_BOUND('',#9837,.T.);
#9837 = EDGE_LOOP('',(#9838,#9844,#9845));
#9838 = ORIENTED_EDGE('',*,*,#9839,.T.);
#9839 = EDGE_CURVE('',#9660,#9635,#9840,.T.);
#9840 = LINE('',#9841,#9842);
#9841 = CARTESIAN_POINT('',(25.471300125122,-0.278679996729,0.));
#9842 = VECTOR('',#9843,1.);
#9843 = DIRECTION('',(-0.751800045472,0.659391152222,0.));
#9844 = ORIENTED_EDGE('',*,*,#9643,.T.);
#9845 = ORIENTED_EDGE('',*,*,#9819,.T.);
#9846 = PLANE('',#9847);
#9847 = AXIS2_PLACEMENT_3D('',#9848,#9849,#9850);
#9848 = CARTESIAN_POINT('',(25.528497424293,0.255660465875,
    0.440395110813));
#9849 = DIRECTION('',(0.466769765442,0.532184166714,-0.706332781888));
#9850 = DIRECTION('',(0.,-0.798676682225,-0.601760381938));
#9851 = ADVANCED_FACE('',(#9852),#9869,.T.);
#9852 = FACE_BOUND('',#9853,.T.);
#9853 = EDGE_LOOP('',(#9854,#9855,#9863));
#9854 = ORIENTED_EDGE('',*,*,#9451,.F.);
#9855 = ORIENTED_EDGE('',*,*,#9856,.F.);
#9856 = EDGE_CURVE('',#9857,#9444,#9859,.T.);
#9857 = VERTEX_POINT('',#9858);
#9858 = CARTESIAN_POINT('',(23.35000038147,1.600000023842,1.));
#9859 = LINE('',#9860,#9861);
#9860 = CARTESIAN_POINT('',(23.35000038147,1.600000023842,1.));
#9861 = VECTOR('',#9862,1.);
#9862 = DIRECTION('',(0.,-0.707107139434,-0.707106422938));
#9863 = ORIENTED_EDGE('',*,*,#9864,.T.);
#9864 = EDGE_CURVE('',#9857,#9452,#9865,.T.);
#9865 = LINE('',#9866,#9867);
#9866 = CARTESIAN_POINT('',(23.35000038147,1.600000023842,1.));
#9867 = VECTOR('',#9868,1.);
#9868 = DIRECTION('',(0.997858959548,-6.540257524952E-02,0.));
#9869 = PLANE('',#9870);
#9870 = AXIS2_PLACEMENT_3D('',#9871,#9872,#9873);
#9871 = CARTESIAN_POINT('',(23.503180787975,1.166398805997,
    0.576439100212));
#9872 = DIRECTION('',(4.629611545743E-02,0.706348235146,-0.706348950874)
  );
#9873 = DIRECTION('',(3.469446951954E-18,-0.707107139434,-0.707106422938
    ));
#9874 = ADVANCED_FACE('',(#9875),#9893,.T.);
#9875 = FACE_BOUND('',#9876,.T.);
#9876 = EDGE_LOOP('',(#9877,#9878,#9879,#9887));
#9877 = ORIENTED_EDGE('',*,*,#9304,.T.);
#9878 = ORIENTED_EDGE('',*,*,#1109,.T.);
#9879 = ORIENTED_EDGE('',*,*,#9880,.F.);
#9880 = EDGE_CURVE('',#9881,#1102,#9883,.T.);
#9881 = VERTEX_POINT('',#9882);
#9882 = CARTESIAN_POINT('',(27.35000038147,-33.34999847412,1.));
#9883 = LINE('',#9884,#9885);
#9884 = CARTESIAN_POINT('',(27.35000038147,-33.34999847412,1.));
#9885 = VECTOR('',#9886,1.);
#9886 = DIRECTION('',(0.,0.,1.));
#9887 = ORIENTED_EDGE('',*,*,#9888,.T.);
#9888 = EDGE_CURVE('',#9881,#9305,#9889,.T.);
#9889 = LINE('',#9890,#9891);
#9890 = CARTESIAN_POINT('',(27.35000038147,-33.34999847412,1.));
#9891 = VECTOR('',#9892,1.);
#9892 = DIRECTION('',(0.,1.,0.));
#9893 = PLANE('',#9894);
#9894 = AXIS2_PLACEMENT_3D('',#9895,#9896,#9897);
#9895 = CARTESIAN_POINT('',(27.35000038147,-17.87499928474,
    6.400000095367));
#9896 = DIRECTION('',(1.,0.,0.));
#9897 = DIRECTION('',(-0.,0.,1.));
#9898 = ADVANCED_FACE('',(#9899),#9917,.T.);
#9899 = FACE_BOUND('',#9900,.T.);
#9900 = EDGE_LOOP('',(#9901,#9902,#9903,#9911));
#9901 = ORIENTED_EDGE('',*,*,#9880,.T.);
#9902 = ORIENTED_EDGE('',*,*,#1101,.T.);
#9903 = ORIENTED_EDGE('',*,*,#9904,.T.);
#9904 = EDGE_CURVE('',#1094,#9905,#9907,.T.);
#9905 = VERTEX_POINT('',#9906);
#9906 = CARTESIAN_POINT('',(27.315799713135,-33.87210083007,1.));
#9907 = LINE('',#9908,#9909);
#9908 = CARTESIAN_POINT('',(27.315799713135,-33.87210083007,
    11.800000190735));
#9909 = VECTOR('',#9910,1.);
#9910 = DIRECTION('',(0.,0.,-1.));
#9911 = ORIENTED_EDGE('',*,*,#9912,.T.);
#9912 = EDGE_CURVE('',#9905,#9881,#9913,.T.);
#9913 = LINE('',#9914,#9915);
#9914 = CARTESIAN_POINT('',(27.315799713135,-33.87210083007,1.));
#9915 = VECTOR('',#9916,1.);
#9916 = DIRECTION('',(6.536558554883E-02,0.997861383272,0.));
#9917 = PLANE('',#9918);
#9918 = AXIS2_PLACEMENT_3D('',#9919,#9920,#9921);
#9919 = CARTESIAN_POINT('',(27.332900047302,-33.6110496521,
    6.400000095367));
#9920 = DIRECTION('',(0.997861383272,-6.536558554883E-02,0.));
#9921 = DIRECTION('',(6.536558554883E-02,0.997861383272,0.));
#9922 = ADVANCED_FACE('',(#9923),#9949,.T.);
#9923 = FACE_BOUND('',#9924,.T.);
#9924 = EDGE_LOOP('',(#9925,#9935,#9943));
#9925 = ORIENTED_EDGE('',*,*,#9926,.T.);
#9926 = EDGE_CURVE('',#9927,#9929,#9931,.T.);
#9927 = VERTEX_POINT('',#9928);
#9928 = CARTESIAN_POINT('',(23.35000038147,-37.34999847412,1.));
#9929 = VERTEX_POINT('',#9930);
#9930 = CARTESIAN_POINT('',(23.35000038147,-36.34999847412,0.));
#9931 = LINE('',#9932,#9933);
#9932 = CARTESIAN_POINT('',(23.35000038147,-37.34999847412,1.));
#9933 = VECTOR('',#9934,1.);
#9934 = DIRECTION('',(0.,0.707106781187,-0.707106781187));
#9935 = ORIENTED_EDGE('',*,*,#9936,.T.);
#9936 = EDGE_CURVE('',#9929,#9937,#9939,.T.);
#9937 = VERTEX_POINT('',#9938);
#9938 = CARTESIAN_POINT('',(23.872100830078,-37.31579971313,1.));
#9939 = LINE('',#9940,#9941);
#9940 = CARTESIAN_POINT('',(23.35000038147,-36.34999847412,0.));
#9941 = VECTOR('',#9942,1.);
#9942 = DIRECTION('',(0.351571959858,-0.650351163915,0.673379922953));
#9943 = ORIENTED_EDGE('',*,*,#9944,.T.);
#9944 = EDGE_CURVE('',#9937,#9927,#9945,.T.);
#9945 = LINE('',#9946,#9947);
#9946 = CARTESIAN_POINT('',(23.872100830078,-37.31579971313,1.));
#9947 = VECTOR('',#9948,1.);
#9948 = DIRECTION('',(-0.997861605466,-6.536219348922E-02,0.));
#9949 = PLANE('',#9950);
#9950 = AXIS2_PLACEMENT_3D('',#9951,#9952,#9953);
#9951 = CARTESIAN_POINT('',(23.503181190492,-36.91640343547,
    0.576438651022));
#9952 = DIRECTION('',(4.626749285197E-02,-0.706349530723,-0.706349530723
    ));
#9953 = DIRECTION('',(0.,-0.707106781187,0.707106781187));
#9954 = ADVANCED_FACE('',(#9955),#9972,.T.);
#9955 = FACE_BOUND('',#9956,.T.);
#9956 = EDGE_LOOP('',(#9957,#9958,#9966));
#9957 = ORIENTED_EDGE('',*,*,#9936,.F.);
#9958 = ORIENTED_EDGE('',*,*,#9959,.F.);
#9959 = EDGE_CURVE('',#9960,#9929,#9962,.T.);
#9960 = VERTEX_POINT('',#9961);
#9961 = CARTESIAN_POINT('',(23.741600036621,-36.32429885864,0.));
#9962 = LINE('',#9963,#9964);
#9963 = CARTESIAN_POINT('',(23.741600036621,-36.32429885864,0.));
#9964 = VECTOR('',#9965,1.);
#9965 = DIRECTION('',(-0.997853462125,-6.548639648473E-02,0.));
#9966 = ORIENTED_EDGE('',*,*,#9967,.T.);
#9967 = EDGE_CURVE('',#9960,#9937,#9968,.T.);
#9968 = LINE('',#9969,#9970);
#9969 = CARTESIAN_POINT('',(23.741600036621,-36.32429885864,0.));
#9970 = VECTOR('',#9971,1.);
#9971 = DIRECTION('',(9.227558760649E-02,-0.701078679577,0.707088326148)
  );
#9972 = PLANE('',#9973);
#9973 = AXIS2_PLACEMENT_3D('',#9974,#9975,#9976);
#9974 = CARTESIAN_POINT('',(23.687394159888,-36.76827483103,
    0.440389846738));
#9975 = DIRECTION('',(4.63540909037E-02,-0.706323642387,-0.706369740618)
  );
#9976 = DIRECTION('',(0.,-0.707129854728,0.707083706892));
#9977 = ADVANCED_FACE('',(#9978),#9995,.T.);
#9978 = FACE_BOUND('',#9979,.T.);
#9979 = EDGE_LOOP('',(#9980,#9981,#9989));
#9980 = ORIENTED_EDGE('',*,*,#9967,.F.);
#9981 = ORIENTED_EDGE('',*,*,#9982,.F.);
#9982 = EDGE_CURVE('',#9983,#9960,#9985,.T.);
#9983 = VERTEX_POINT('',#9984);
#9984 = CARTESIAN_POINT('',(24.126499176025,-36.24779891967,0.));
#9985 = LINE('',#9986,#9987);
#9986 = CARTESIAN_POINT('',(24.126499176025,-36.24779891967,0.));
#9987 = VECTOR('',#9988,1.);
#9988 = DIRECTION('',(-0.980815138361,-0.194940155846,0.));
#9989 = ORIENTED_EDGE('',*,*,#9990,.F.);
#9990 = EDGE_CURVE('',#9937,#9983,#9991,.T.);
#9991 = LINE('',#9992,#9993);
#9992 = CARTESIAN_POINT('',(23.872100830078,-37.31579971313,1.));
#9993 = VECTOR('',#9994,1.);
#9994 = DIRECTION('',(0.171307387144,0.719173014721,-0.673382472304));
#9995 = PLANE('',#9996);
#9996 = AXIS2_PLACEMENT_3D('',#9997,#9998,#9999);
#9997 = CARTESIAN_POINT('',(23.908837233427,-36.73913126275,
    0.440391649275));
#9998 = DIRECTION('',(0.137987014228,-0.694263077122,-0.706369849052));
#9999 = DIRECTION('',(-1.387778780781E-17,-0.713192218615,0.700968515204
    ));
#10000 = ADVANCED_FACE('',(#10001),#10025,.T.);
#10001 = FACE_BOUND('',#10002,.T.);
#10002 = EDGE_LOOP('',(#10003,#10011,#10019));
#10003 = ORIENTED_EDGE('',*,*,#10004,.T.);
#10004 = EDGE_CURVE('',#10005,#9983,#10007,.T.);
#10005 = VERTEX_POINT('',#10006);
#10006 = CARTESIAN_POINT('',(24.385299682617,-37.21369934082,1.));
#10007 = LINE('',#10008,#10009);
#10008 = CARTESIAN_POINT('',(24.385299682617,-37.21369934082,1.));
#10009 = VECTOR('',#10010,1.);
#10010 = DIRECTION('',(-0.183002277584,0.683004756508,-0.70711715365));
#10011 = ORIENTED_EDGE('',*,*,#10012,.T.);
#10012 = EDGE_CURVE('',#9983,#10013,#10015,.T.);
#10013 = VERTEX_POINT('',#10014);
#10014 = CARTESIAN_POINT('',(24.880699157715,-37.04550170898,1.));
#10015 = LINE('',#10016,#10017);
#10016 = CARTESIAN_POINT('',(24.126499176025,-36.24779891967,0.));
#10017 = VECTOR('',#10018,1.);
#10018 = DIRECTION('',(0.507887717172,-0.537183052876,0.673412529174));
#10019 = ORIENTED_EDGE('',*,*,#10020,.T.);
#10020 = EDGE_CURVE('',#10013,#10005,#10021,.T.);
#10021 = LINE('',#10022,#10023);
#10022 = CARTESIAN_POINT('',(24.880699157715,-37.04550170898,1.));
#10023 = VECTOR('',#10024,1.);
#10024 = DIRECTION('',(-0.946911411402,-0.321494601755,0.));
#10025 = PLANE('',#10026);
#10026 = AXIS2_PLACEMENT_3D('',#10027,#10028,#10029);
#10027 = CARTESIAN_POINT('',(24.421025174767,-36.75523066558,
    0.576435119934));
#10028 = DIRECTION('',(0.227578358752,-0.67029599786,-0.706336581157));
#10029 = DIRECTION('',(0.,-0.725370468735,0.688358687812));
#10030 = ADVANCED_FACE('',(#10031),#10041,.T.);
#10031 = FACE_BOUND('',#10032,.T.);
#10032 = EDGE_LOOP('',(#10033,#10039,#10040));
#10033 = ORIENTED_EDGE('',*,*,#10034,.T.);
#10034 = EDGE_CURVE('',#10005,#9937,#10035,.T.);
#10035 = LINE('',#10036,#10037);
#10036 = CARTESIAN_POINT('',(24.385299682617,-37.21369934082,1.));
#10037 = VECTOR('',#10038,1.);
#10038 = DIRECTION('',(-0.980778414759,-0.195124834768,0.));
#10039 = ORIENTED_EDGE('',*,*,#9990,.T.);
#10040 = ORIENTED_EDGE('',*,*,#10004,.F.);
#10041 = PLANE('',#10042);
#10042 = AXIS2_PLACEMENT_3D('',#10043,#10044,#10045);
#10043 = CARTESIAN_POINT('',(24.125112104281,-36.83454224168,
    0.576443865671));
#10044 = DIRECTION('',(0.138123691087,-0.694267005763,-0.706339274477));
#10045 = DIRECTION('',(-1.387778780781E-17,-0.71317506695,0.700985965537
    ));
#10046 = ADVANCED_FACE('',(#10047),#10064,.T.);
#10047 = FACE_BOUND('',#10048,.T.);
#10048 = EDGE_LOOP('',(#10049,#10050,#10058));
#10049 = ORIENTED_EDGE('',*,*,#10012,.F.);
#10050 = ORIENTED_EDGE('',*,*,#10051,.F.);
#10051 = EDGE_CURVE('',#10052,#9983,#10054,.T.);
#10052 = VERTEX_POINT('',#10053);
#10053 = CARTESIAN_POINT('',(24.497999191284,-36.12160110473,0.));
#10054 = LINE('',#10055,#10056);
#10055 = CARTESIAN_POINT('',(24.497999191284,-36.12160110473,0.));
#10056 = VECTOR('',#10057,1.);
#10057 = DIRECTION('',(-0.946859857113,-0.321646406771,0.));
#10058 = ORIENTED_EDGE('',*,*,#10059,.F.);
#10059 = EDGE_CURVE('',#10013,#10052,#10060,.T.);
#10060 = LINE('',#10061,#10062);
#10061 = CARTESIAN_POINT('',(24.880699157715,-37.04550170898,1.));
#10062 = VECTOR('',#10063,1.);
#10063 = DIRECTION('',(-0.270606251245,0.653287956543,-0.707097661306));
#10064 = PLANE('',#10065);
#10065 = AXIS2_PLACEMENT_3D('',#10066,#10067,#10068);
#10066 = CARTESIAN_POINT('',(24.56059881676,-36.56447564362,
    0.440400585249));
#10067 = DIRECTION('',(0.227677465836,-0.670234917073,-0.706362603404));
#10068 = DIRECTION('',(-1.387778780781E-17,-0.725414451303,
    0.688312337417));
#10069 = ADVANCED_FACE('',(#10070),#10087,.T.);
#10070 = FACE_BOUND('',#10071,.T.);
#10071 = EDGE_LOOP('',(#10072,#10073,#10081));
#10072 = ORIENTED_EDGE('',*,*,#10059,.T.);
#10073 = ORIENTED_EDGE('',*,*,#10074,.F.);
#10074 = EDGE_CURVE('',#10075,#10052,#10077,.T.);
#10075 = VERTEX_POINT('',#10076);
#10076 = CARTESIAN_POINT('',(24.85000038147,-35.9481010437,0.));
#10077 = LINE('',#10078,#10079);
#10078 = CARTESIAN_POINT('',(24.85000038147,-35.9481010437,0.));
#10079 = VECTOR('',#10080,1.);
#10080 = DIRECTION('',(-0.896961386918,-0.44210888973,0.));
#10081 = ORIENTED_EDGE('',*,*,#10082,.T.);
#10082 = EDGE_CURVE('',#10075,#10013,#10083,.T.);
#10083 = LINE('',#10084,#10085);
#10084 = CARTESIAN_POINT('',(24.85000038147,-35.9481010437,0.));
#10085 = VECTOR('',#10086,1.);
#10086 = DIRECTION('',(2.06725501837E-02,-0.73898940282,0.67339981303));
#10087 = PLANE('',#10088);
#10088 = AXIS2_PLACEMENT_3D('',#10089,#10090,#10091);
#10089 = CARTESIAN_POINT('',(24.766919969514,-36.47899828498,
    0.440389336632));
#10090 = DIRECTION('',(0.312946893003,-0.634914351872,-0.706362518787));
#10091 = DIRECTION('',(0.,-0.743719061627,0.668492301656));
#10092 = ADVANCED_FACE('',(#10093),#10110,.T.);
#10093 = FACE_BOUND('',#10094,.T.);
#10094 = EDGE_LOOP('',(#10095,#10096,#10104));
#10095 = ORIENTED_EDGE('',*,*,#10082,.F.);
#10096 = ORIENTED_EDGE('',*,*,#10097,.F.);
#10097 = EDGE_CURVE('',#10098,#10075,#10100,.T.);
#10098 = VERTEX_POINT('',#10099);
#10099 = CARTESIAN_POINT('',(25.35000038147,-36.81409835815,1.));
#10100 = LINE('',#10101,#10102);
#10101 = CARTESIAN_POINT('',(25.35000038147,-36.81409835815,1.));
#10102 = VECTOR('',#10103,1.);
#10103 = DIRECTION('',(-0.353557690885,0.612360021621,-0.70711538177));
#10104 = ORIENTED_EDGE('',*,*,#10105,.F.);
#10105 = EDGE_CURVE('',#10013,#10098,#10106,.T.);
#10106 = LINE('',#10107,#10108);
#10107 = CARTESIAN_POINT('',(24.880699157715,-37.04550170898,1.));
#10108 = VECTOR('',#10109,1.);
#10109 = DIRECTION('',(0.89689578741,0.442241954733,0.));
#10110 = PLANE('',#10111);
#10111 = AXIS2_PLACEMENT_3D('',#10112,#10113,#10114);
#10112 = CARTESIAN_POINT('',(25.000532121797,-36.51519227279,
    0.576443883956));
#10113 = DIRECTION('',(0.313051711629,-0.634889472599,-0.706338434059));
#10114 = DIRECTION('',(-2.775557561563E-17,-0.743720752841,
    0.668490420121));
#10115 = ADVANCED_FACE('',(#10116),#10133,.T.);
#10116 = FACE_BOUND('',#10117,.T.);
#10117 = EDGE_LOOP('',(#10118,#10119,#10127));
#10118 = ORIENTED_EDGE('',*,*,#10097,.T.);
#10119 = ORIENTED_EDGE('',*,*,#10120,.T.);
#10120 = EDGE_CURVE('',#10075,#10121,#10123,.T.);
#10121 = VERTEX_POINT('',#10122);
#10122 = CARTESIAN_POINT('',(25.784999847412,-36.52339935302,1.));
#10123 = LINE('',#10124,#10125);
#10124 = CARTESIAN_POINT('',(24.85000038147,-35.9481010437,0.));
#10125 = VECTOR('',#10126,1.);
#10126 = DIRECTION('',(0.629633960232,-0.387409154775,0.6734056897));
#10127 = ORIENTED_EDGE('',*,*,#10128,.F.);
#10128 = EDGE_CURVE('',#10098,#10121,#10129,.T.);
#10129 = LINE('',#10130,#10131);
#10130 = CARTESIAN_POINT('',(25.35000038147,-36.81409835815,1.));
#10131 = VECTOR('',#10132,1.);
#10132 = DIRECTION('',(0.831432832702,0.555625273638,0.));
#10133 = PLANE('',#10134);
#10134 = AXIS2_PLACEMENT_3D('',#10135,#10136,#10137);
#10135 = CARTESIAN_POINT('',(25.265843283865,-36.36200581041,
    0.576436994263));
#10136 = DIRECTION('',(0.393312668256,-0.588549660034,-0.70633875914));
#10137 = DIRECTION('',(2.775557561563E-17,-0.768256568145,0.640142051034
    ));
#10138 = ADVANCED_FACE('',(#10139),#10156,.T.);
#10139 = FACE_BOUND('',#10140,.T.);
#10140 = EDGE_LOOP('',(#10141,#10142,#10150));
#10141 = ORIENTED_EDGE('',*,*,#10120,.F.);
#10142 = ORIENTED_EDGE('',*,*,#10143,.F.);
#10143 = EDGE_CURVE('',#10144,#10075,#10146,.T.);
#10144 = VERTEX_POINT('',#10145);
#10145 = CARTESIAN_POINT('',(25.176300048828,-35.73009872436,0.));
#10146 = LINE('',#10147,#10148);
#10147 = CARTESIAN_POINT('',(25.176300048828,-35.73009872436,0.));
#10148 = VECTOR('',#10149,1.);
#10149 = DIRECTION('',(-0.831498036856,-0.555527690314,0.));
#10150 = ORIENTED_EDGE('',*,*,#10151,.T.);
#10151 = EDGE_CURVE('',#10144,#10121,#10152,.T.);
#10152 = LINE('',#10153,#10154);
#10153 = CARTESIAN_POINT('',(25.176300048828,-35.73009872436,0.));
#10154 = VECTOR('',#10155,1.);
#10155 = DIRECTION('',(0.430432829578,-0.560970506472,0.707134831619));
#10156 = PLANE('',#10157);
#10157 = AXIS2_PLACEMENT_3D('',#10158,#10159,#10160);
#10158 = CARTESIAN_POINT('',(25.351309325436,-36.14163103164,
    0.440389566857));
#10159 = DIRECTION('',(0.393254155875,-0.588611628721,-0.706319700576));
#10160 = DIRECTION('',(-5.551115123126E-17,-0.768214925885,
    0.640192024043));
#10161 = ADVANCED_FACE('',(#10162),#10179,.T.);
#10162 = FACE_BOUND('',#10163,.T.);
#10163 = EDGE_LOOP('',(#10164,#10165,#10173));
#10164 = ORIENTED_EDGE('',*,*,#10151,.F.);
#10165 = ORIENTED_EDGE('',*,*,#10166,.F.);
#10166 = EDGE_CURVE('',#10167,#10144,#10169,.T.);
#10167 = VERTEX_POINT('',#10168);
#10168 = CARTESIAN_POINT('',(25.471300125122,-35.47129821777,0.));
#10169 = LINE('',#10170,#10171);
#10170 = CARTESIAN_POINT('',(25.471300125122,-35.47129821777,0.));
#10171 = VECTOR('',#10172,1.);
#10172 = DIRECTION('',(-0.751723096773,-0.659478874398,0.));
#10173 = ORIENTED_EDGE('',*,*,#10174,.T.);
#10174 = EDGE_CURVE('',#10167,#10121,#10175,.T.);
#10175 = LINE('',#10176,#10177);
#10176 = CARTESIAN_POINT('',(25.471300125122,-35.47129821777,0.));
#10177 = VECTOR('',#10178,1.);
#10178 = DIRECTION('',(0.211240847565,-0.708469659817,0.673385510268));
#10179 = PLANE('',#10180);
#10180 = AXIS2_PLACEMENT_3D('',#10181,#10182,#10183);
#10181 = CARTESIAN_POINT('',(25.528495531305,-36.00565293335,
    0.440389305117));
#10182 = DIRECTION('',(0.46684290819,-0.532142287305,-0.706315995242));
#10183 = DIRECTION('',(-2.775557561563E-17,-0.798692568412,
    0.601739296676));
#10184 = ADVANCED_FACE('',(#10185),#10202,.T.);
#10185 = FACE_BOUND('',#10186,.T.);
#10186 = EDGE_LOOP('',(#10187,#10188,#10196));
#10187 = ORIENTED_EDGE('',*,*,#10174,.F.);
#10188 = ORIENTED_EDGE('',*,*,#10189,.T.);
#10189 = EDGE_CURVE('',#10167,#10190,#10192,.T.);
#10190 = VERTEX_POINT('',#10191);
#10191 = CARTESIAN_POINT('',(26.178400039673,-36.17839813232,1.));
#10192 = LINE('',#10193,#10194);
#10193 = CARTESIAN_POINT('',(25.471300125122,-35.47129821777,0.));
#10194 = VECTOR('',#10195,1.);
#10195 = DIRECTION('',(0.49999757226,-0.49999757226,0.707110214513));
#10196 = ORIENTED_EDGE('',*,*,#10197,.F.);
#10197 = EDGE_CURVE('',#10121,#10190,#10198,.T.);
#10198 = LINE('',#10199,#10200);
#10199 = CARTESIAN_POINT('',(25.784999847412,-36.52339935302,1.));
#10200 = VECTOR('',#10201,1.);
#10201 = DIRECTION('',(0.751841217621,0.659344207138,0.));
#10202 = PLANE('',#10203);
#10203 = AXIS2_PLACEMENT_3D('',#10204,#10205,#10206);
#10204 = CARTESIAN_POINT('',(25.763481098861,-35.98012247993,
    0.576442759906));
#10205 = DIRECTION('',(0.466728434471,-0.532204075917,-0.706345092737));
#10206 = DIRECTION('',(0.,-0.798670903528,0.601768051543));
#10207 = ADVANCED_FACE('',(#10208),#10225,.T.);
#10208 = FACE_BOUND('',#10209,.T.);
#10209 = EDGE_LOOP('',(#10210,#10211,#10219));
#10210 = ORIENTED_EDGE('',*,*,#10189,.F.);
#10211 = ORIENTED_EDGE('',*,*,#10212,.F.);
#10212 = EDGE_CURVE('',#10213,#10167,#10215,.T.);
#10213 = VERTEX_POINT('',#10214);
#10214 = CARTESIAN_POINT('',(26.523399353027,-35.78499984741,1.));
#10215 = LINE('',#10216,#10217);
#10216 = CARTESIAN_POINT('',(26.523399353027,-35.78499984741,1.));
#10217 = VECTOR('',#10218,1.);
#10218 = DIRECTION('',(-0.708468827885,0.211242266852,-0.673385940312));
#10219 = ORIENTED_EDGE('',*,*,#10220,.F.);
#10220 = EDGE_CURVE('',#10190,#10213,#10221,.T.);
#10221 = LINE('',#10222,#10223);
#10222 = CARTESIAN_POINT('',(26.178400039673,-36.17839813232,1.));
#10223 = VECTOR('',#10224,1.);
#10224 = DIRECTION('',(0.659343953638,0.751841439933,0.));
#10225 = PLANE('',#10226);
#10226 = AXIS2_PLACEMENT_3D('',#10227,#10228,#10229);
#10227 = CARTESIAN_POINT('',(25.980123531307,-35.763479617,
    0.576442447981));
#10228 = DIRECTION('',(0.532204239153,-0.466728260173,-0.706345084915));
#10229 = DIRECTION('',(-0.798670811617,-2.775557561563E-17,
    -0.601768173528));
#10230 = ADVANCED_FACE('',(#10231),#10248,.T.);
#10231 = FACE_BOUND('',#10232,.T.);
#10232 = EDGE_LOOP('',(#10233,#10234,#10242));
#10233 = ORIENTED_EDGE('',*,*,#10212,.T.);
#10234 = ORIENTED_EDGE('',*,*,#10235,.T.);
#10235 = EDGE_CURVE('',#10167,#10236,#10238,.T.);
#10236 = VERTEX_POINT('',#10237);
#10237 = CARTESIAN_POINT('',(25.730100631714,-35.17630004882,0.));
#10238 = LINE('',#10239,#10240);
#10239 = CARTESIAN_POINT('',(25.471300125122,-35.47129821777,0.));
#10240 = VECTOR('',#10241,1.);
#10241 = DIRECTION('',(0.659481283891,0.751720982944,0.));
#10242 = ORIENTED_EDGE('',*,*,#10243,.T.);
#10243 = EDGE_CURVE('',#10236,#10213,#10244,.T.);
#10244 = LINE('',#10245,#10246);
#10245 = CARTESIAN_POINT('',(25.730100631714,-35.17630004882,0.));
#10246 = VECTOR('',#10247,1.);
#10247 = DIRECTION('',(0.560969582155,-0.430433155248,0.707135366645));
#10248 = PLANE('',#10249);
#10249 = AXIS2_PLACEMENT_3D('',#10250,#10251,#10252);
#10250 = CARTESIAN_POINT('',(26.005654140148,-35.52849506335,
    0.440389460394));
#10251 = DIRECTION('',(0.532141228361,-0.466844997616,-0.706315412036));
#10252 = DIRECTION('',(-0.798692905115,-2.775557561563E-17,
    -0.601738849767));
#10253 = ADVANCED_FACE('',(#10254),#10271,.T.);
#10254 = FACE_BOUND('',#10255,.T.);
#10255 = EDGE_LOOP('',(#10256,#10257,#10265));
#10256 = ORIENTED_EDGE('',*,*,#10243,.F.);
#10257 = ORIENTED_EDGE('',*,*,#10258,.F.);
#10258 = EDGE_CURVE('',#10259,#10236,#10261,.T.);
#10259 = VERTEX_POINT('',#10260);
#10260 = CARTESIAN_POINT('',(25.948099136353,-34.84999847412,0.));
#10261 = LINE('',#10262,#10263);
#10262 = CARTESIAN_POINT('',(25.948099136353,-34.84999847412,0.));
#10263 = VECTOR('',#10264,1.);
#10264 = DIRECTION('',(-0.555518724243,-0.831504027059,0.));
#10265 = ORIENTED_EDGE('',*,*,#10266,.F.);
#10266 = EDGE_CURVE('',#10213,#10259,#10267,.T.);
#10267 = LINE('',#10268,#10269);
#10268 = CARTESIAN_POINT('',(26.523399353027,-35.78499984741,1.));
#10269 = VECTOR('',#10270,1.);
#10270 = DIRECTION('',(-0.387409933116,0.629634422153,-0.673404810024));
#10271 = PLANE('',#10272);
#10272 = AXIS2_PLACEMENT_3D('',#10273,#10274,#10275);
#10273 = CARTESIAN_POINT('',(26.141631120429,-35.35130877429,
    0.440389653948));
#10274 = DIRECTION('',(0.588616543573,-0.393248259435,-0.706318887672));
#10275 = DIRECTION('',(-0.768211934559,0.,-0.640195613545));
#10276 = ADVANCED_FACE('',(#10277),#10301,.T.);
#10277 = FACE_BOUND('',#10278,.T.);
#10278 = EDGE_LOOP('',(#10279,#10287,#10295));
#10279 = ORIENTED_EDGE('',*,*,#10280,.T.);
#10280 = EDGE_CURVE('',#10281,#10259,#10283,.T.);
#10281 = VERTEX_POINT('',#10282);
#10282 = CARTESIAN_POINT('',(26.814100265503,-35.34999847412,1.));
#10283 = LINE('',#10284,#10285);
#10284 = CARTESIAN_POINT('',(26.814100265503,-35.34999847412,1.));
#10285 = VECTOR('',#10286,1.);
#10286 = DIRECTION('',(-0.612361707553,0.353557106879,-0.707114213758));
#10287 = ORIENTED_EDGE('',*,*,#10288,.T.);
#10288 = EDGE_CURVE('',#10259,#10289,#10291,.T.);
#10289 = VERTEX_POINT('',#10290);
#10290 = CARTESIAN_POINT('',(27.045499801636,-34.88069915771,1.));
#10291 = LINE('',#10292,#10293);
#10292 = CARTESIAN_POINT('',(25.948099136353,-34.84999847412,0.));
#10293 = VECTOR('',#10294,1.);
#10294 = DIRECTION('',(0.738989383198,-2.067383404296E-02,0.673399795149
    ));
#10295 = ORIENTED_EDGE('',*,*,#10296,.T.);
#10296 = EDGE_CURVE('',#10289,#10281,#10297,.T.);
#10297 = LINE('',#10298,#10299);
#10298 = CARTESIAN_POINT('',(27.045499801636,-34.88069915771,1.));
#10299 = VECTOR('',#10300,1.);
#10300 = DIRECTION('',(-0.442237536001,-0.896897966188,0.));
#10301 = PLANE('',#10302);
#10302 = AXIS2_PLACEMENT_3D('',#10303,#10304,#10305);
#10303 = CARTESIAN_POINT('',(26.515190941846,-35.00053072639,
    0.576443410405));
#10304 = DIRECTION('',(0.634890031189,-0.313048098679,-0.706339533235));
#10305 = DIRECTION('',(-0.743720977624,2.775557561563E-17,
    -0.668490170041));
#10306 = ADVANCED_FACE('',(#10307),#10317,.T.);
#10307 = FACE_BOUND('',#10308,.T.);
#10308 = EDGE_LOOP('',(#10309,#10310,#10311));
#10309 = ORIENTED_EDGE('',*,*,#10266,.T.);
#10310 = ORIENTED_EDGE('',*,*,#10280,.F.);
#10311 = ORIENTED_EDGE('',*,*,#10312,.T.);
#10312 = EDGE_CURVE('',#10281,#10213,#10313,.T.);
#10313 = LINE('',#10314,#10315);
#10314 = CARTESIAN_POINT('',(26.814100265503,-35.34999847412,1.));
#10315 = VECTOR('',#10316,1.);
#10316 = DIRECTION('',(-0.555626109625,-0.831432274033,0.));
#10317 = PLANE('',#10318);
#10318 = AXIS2_PLACEMENT_3D('',#10319,#10320,#10321);
#10319 = CARTESIAN_POINT('',(26.36200572099,-35.26584208538,
    0.576437226192));
#10320 = DIRECTION('',(0.588548350597,-0.393312649245,-0.706339860799));
#10321 = DIRECTION('',(-0.76825775958,-2.775557561563E-17,
    -0.640140621149));
#10322 = ADVANCED_FACE('',(#10323),#10340,.T.);
#10323 = FACE_BOUND('',#10324,.T.);
#10324 = EDGE_LOOP('',(#10325,#10326,#10334));
#10325 = ORIENTED_EDGE('',*,*,#10288,.F.);
#10326 = ORIENTED_EDGE('',*,*,#10327,.F.);
#10327 = EDGE_CURVE('',#10328,#10259,#10330,.T.);
#10328 = VERTEX_POINT('',#10329);
#10329 = CARTESIAN_POINT('',(26.121599197388,-34.49800109863,0.));
#10330 = LINE('',#10331,#10332);
#10331 = CARTESIAN_POINT('',(26.121599197388,-34.49800109863,0.));
#10332 = VECTOR('',#10333,1.);
#10333 = DIRECTION('',(-0.442112744478,-0.896959486917,0.));
#10334 = ORIENTED_EDGE('',*,*,#10335,.F.);
#10335 = EDGE_CURVE('',#10289,#10328,#10336,.T.);
#10336 = LINE('',#10337,#10338);
#10337 = CARTESIAN_POINT('',(27.045499801636,-34.88069915771,1.));
#10338 = VECTOR('',#10339,1.);
#10339 = DIRECTION('',(-0.653288194967,0.270605001323,-0.707097919369));
#10340 = PLANE('',#10341);
#10341 = AXIS2_PLACEMENT_3D('',#10342,#10343,#10344);
#10342 = CARTESIAN_POINT('',(26.47899682314,-34.76692005894,
    0.440389785776));
#10343 = DIRECTION('',(0.634913363606,-0.312949797381,-0.706362120328));
#10344 = DIRECTION('',(-0.743719391467,2.775557561563E-17,
    -0.668491934698));
#10345 = ADVANCED_FACE('',(#10346),#10363,.T.);
#10346 = FACE_BOUND('',#10347,.T.);
#10347 = EDGE_LOOP('',(#10348,#10349,#10357));
#10348 = ORIENTED_EDGE('',*,*,#10335,.T.);
#10349 = ORIENTED_EDGE('',*,*,#10350,.T.);
#10350 = EDGE_CURVE('',#10328,#10351,#10353,.T.);
#10351 = VERTEX_POINT('',#10352);
#10352 = CARTESIAN_POINT('',(26.247800827026,-34.12649917602,0.));
#10353 = LINE('',#10354,#10355);
#10354 = CARTESIAN_POINT('',(26.121599197388,-34.49800109863,0.));
#10355 = VECTOR('',#10356,1.);
#10356 = DIRECTION('',(0.321653642987,0.946857398954,0.));
#10357 = ORIENTED_EDGE('',*,*,#10358,.T.);
#10358 = EDGE_CURVE('',#10351,#10289,#10359,.T.);
#10359 = LINE('',#10360,#10361);
#10360 = CARTESIAN_POINT('',(26.247800827026,-34.12649917602,0.));
#10361 = VECTOR('',#10362,1.);
#10362 = DIRECTION('',(0.537181225293,-0.507888418032,0.67341345845));
#10363 = PLANE('',#10364);
#10364 = AXIS2_PLACEMENT_3D('',#10365,#10366,#10367);
#10365 = CARTESIAN_POINT('',(26.564474420034,-34.56059912664,
    0.440400132995));
#10366 = DIRECTION('',(0.670233215703,-0.227682601118,-0.70636256251));
#10367 = DIRECTION('',(-0.725415303834,0.,-0.688311438932));
#10368 = ADVANCED_FACE('',(#10369),#10386,.T.);
#10369 = FACE_BOUND('',#10370,.T.);
#10370 = EDGE_LOOP('',(#10371,#10372,#10380));
#10371 = ORIENTED_EDGE('',*,*,#10358,.F.);
#10372 = ORIENTED_EDGE('',*,*,#10373,.F.);
#10373 = EDGE_CURVE('',#10374,#10351,#10376,.T.);
#10374 = VERTEX_POINT('',#10375);
#10375 = CARTESIAN_POINT('',(27.21369934082,-34.38529968261,1.));
#10376 = LINE('',#10377,#10378);
#10377 = CARTESIAN_POINT('',(27.21369934082,-34.38529968261,1.));
#10378 = VECTOR('',#10379,1.);
#10379 = DIRECTION('',(-0.683004036959,0.183002446163,-0.707117805034));
#10380 = ORIENTED_EDGE('',*,*,#10381,.T.);
#10381 = EDGE_CURVE('',#10374,#10289,#10382,.T.);
#10382 = LINE('',#10383,#10384);
#10383 = CARTESIAN_POINT('',(27.21369934082,-34.38529968261,1.));
#10384 = VECTOR('',#10385,1.);
#10385 = DIRECTION('',(-0.321497870656,-0.94691030154,0.));
#10386 = PLANE('',#10387);
#10387 = AXIS2_PLACEMENT_3D('',#10388,#10389,#10390);
#10388 = CARTESIAN_POINT('',(26.755231055291,-34.42102522616,
    0.576435270689));
#10389 = DIRECTION('',(0.670295893271,-0.227580903963,-0.706335860349));
#10390 = DIRECTION('',(-0.725370171615,1.387778780781E-17,
    -0.688359000908));
#10391 = ADVANCED_FACE('',(#10392),#10414,.T.);
#10392 = FACE_BOUND('',#10393,.T.);
#10393 = EDGE_LOOP('',(#10394,#10400,#10408));
#10394 = ORIENTED_EDGE('',*,*,#10395,.T.);
#10395 = EDGE_CURVE('',#9905,#10351,#10396,.T.);
#10396 = LINE('',#10397,#10398);
#10397 = CARTESIAN_POINT('',(27.315799713135,-33.87210083007,1.));
#10398 = VECTOR('',#10399,1.);
#10399 = DIRECTION('',(-0.719172394637,-0.171307545379,-0.6733830943));
#10400 = ORIENTED_EDGE('',*,*,#10401,.T.);
#10401 = EDGE_CURVE('',#10351,#10402,#10404,.T.);
#10402 = VERTEX_POINT('',#10403);
#10403 = CARTESIAN_POINT('',(26.324300765991,-33.74160003662,0.));
#10404 = LINE('',#10405,#10406);
#10405 = CARTESIAN_POINT('',(26.247800827026,-34.12649917602,0.));
#10406 = VECTOR('',#10407,1.);
#10407 = DIRECTION('',(0.194940155846,0.980815138361,0.));
#10408 = ORIENTED_EDGE('',*,*,#10409,.T.);
#10409 = EDGE_CURVE('',#10402,#9905,#10410,.T.);
#10410 = LINE('',#10411,#10412);
#10411 = CARTESIAN_POINT('',(26.324300765991,-33.74160003662,0.));
#10412 = VECTOR('',#10413,1.);
#10413 = DIRECTION('',(0.701077993796,-9.22756748549E-02,0.707088994714)
  );
#10414 = PLANE('',#10415);
#10415 = AXIS2_PLACEMENT_3D('',#10416,#10417,#10418);
#10416 = CARTESIAN_POINT('',(26.739132279469,-33.90883723716,
    0.440391600221));
#10417 = DIRECTION('',(0.694263726519,-0.137987143298,-0.706369185571));
#10418 = DIRECTION('',(-0.713191561674,0.,-0.7009691836));
#10419 = ADVANCED_FACE('',(#10420),#10437,.T.);
#10420 = FACE_BOUND('',#10421,.T.);
#10421 = EDGE_LOOP('',(#10422,#10423,#10431));
#10422 = ORIENTED_EDGE('',*,*,#10409,.F.);
#10423 = ORIENTED_EDGE('',*,*,#10424,.F.);
#10424 = EDGE_CURVE('',#10425,#10402,#10427,.T.);
#10425 = VERTEX_POINT('',#10426);
#10426 = CARTESIAN_POINT('',(26.35000038147,-33.34999847412,0.));
#10427 = LINE('',#10428,#10429);
#10428 = CARTESIAN_POINT('',(26.35000038147,-33.34999847412,0.));
#10429 = VECTOR('',#10430,1.);
#10430 = DIRECTION('',(-6.548607889218E-02,-0.997853482968,0.));
#10431 = ORIENTED_EDGE('',*,*,#10432,.T.);
#10432 = EDGE_CURVE('',#10425,#9905,#10433,.T.);
#10433 = LINE('',#10434,#10435);
#10434 = CARTESIAN_POINT('',(26.35000038147,-33.34999847412,0.));
#10435 = VECTOR('',#10436,1.);
#10436 = DIRECTION('',(0.650350129111,-0.351573379141,0.673380181357));
#10437 = PLANE('',#10438);
#10438 = AXIS2_PLACEMENT_3D('',#10439,#10440,#10441);
#10439 = CARTESIAN_POINT('',(26.768275616908,-33.68739349876,
    0.440389557573));
#10440 = DIRECTION('',(0.706324336635,-4.635391069117E-02,
    -0.706369058241));
#10441 = DIRECTION('',(-0.707129165697,-3.469446951954E-18,
    -0.707084395968));
#10442 = ADVANCED_FACE('',(#10443),#10453,.T.);
#10443 = FACE_BOUND('',#10444,.T.);
#10444 = EDGE_LOOP('',(#10445,#10446,#10452));
#10445 = ORIENTED_EDGE('',*,*,#10432,.F.);
#10446 = ORIENTED_EDGE('',*,*,#10447,.F.);
#10447 = EDGE_CURVE('',#9881,#10425,#10448,.T.);
#10448 = LINE('',#10449,#10450);
#10449 = CARTESIAN_POINT('',(27.35000038147,-33.34999847412,1.));
#10450 = VECTOR('',#10451,1.);
#10451 = DIRECTION('',(-0.707106781187,0.,-0.707106781187));
#10452 = ORIENTED_EDGE('',*,*,#9912,.F.);
#10453 = PLANE('',#10454);
#10454 = AXIS2_PLACEMENT_3D('',#10455,#10456,#10457);
#10455 = CARTESIAN_POINT('',(26.916405043916,-33.5031798887,
    0.576438914725));
#10456 = DIRECTION('',(0.706349451913,-4.626989910664E-02,
    -0.706349451913));
#10457 = DIRECTION('',(0.707106781187,0.,0.707106781187));
#10458 = ADVANCED_FACE('',(#10459),#10469,.T.);
#10459 = FACE_BOUND('',#10460,.T.);
#10460 = EDGE_LOOP('',(#10461,#10462,#10463));
#10461 = ORIENTED_EDGE('',*,*,#10373,.T.);
#10462 = ORIENTED_EDGE('',*,*,#10395,.F.);
#10463 = ORIENTED_EDGE('',*,*,#10464,.F.);
#10464 = EDGE_CURVE('',#10374,#9905,#10465,.T.);
#10465 = LINE('',#10466,#10467);
#10466 = CARTESIAN_POINT('',(27.21369934082,-34.38529968261,1.));
#10467 = VECTOR('',#10468,1.);
#10468 = DIRECTION('',(0.195124834768,0.980778414759,0.));
#10469 = PLANE('',#10470);
#10470 = AXIS2_PLACEMENT_3D('',#10471,#10472,#10473);
#10471 = CARTESIAN_POINT('',(26.834543110205,-34.12511210492,
    0.576443925406));
#10472 = DIRECTION('',(0.69426765514,-0.138123820279,-0.706338610935));
#10473 = DIRECTION('',(-0.713174409961,1.387778780781E-17,
    -0.700986633951));
#10474 = ADVANCED_FACE('',(#10475),#10486,.T.);
#10475 = FACE_BOUND('',#10476,.T.);
#10476 = EDGE_LOOP('',(#10477,#10478,#10479,#10485));
#10477 = ORIENTED_EDGE('',*,*,#9904,.F.);
#10478 = ORIENTED_EDGE('',*,*,#1093,.T.);
#10479 = ORIENTED_EDGE('',*,*,#10480,.T.);
#10480 = EDGE_CURVE('',#1086,#10374,#10481,.T.);
#10481 = LINE('',#10482,#10483);
#10482 = CARTESIAN_POINT('',(27.21369934082,-34.38529968261,
    11.800000190735));
#10483 = VECTOR('',#10484,1.);
#10484 = DIRECTION('',(0.,0.,-1.));
#10485 = ORIENTED_EDGE('',*,*,#10464,.T.);
#10486 = PLANE('',#10487);
#10487 = AXIS2_PLACEMENT_3D('',#10488,#10489,#10490);
#10488 = CARTESIAN_POINT('',(27.264749526978,-34.12870025634,
    6.400000095367));
#10489 = DIRECTION('',(0.980778414759,-0.195124834768,0.));
#10490 = DIRECTION('',(0.195124834768,0.980778414759,0.));
#10491 = ADVANCED_FACE('',(#10492),#10503,.T.);
#10492 = FACE_BOUND('',#10493,.T.);
#10493 = EDGE_LOOP('',(#10494,#10495,#10496,#10497));
#10494 = ORIENTED_EDGE('',*,*,#9379,.F.);
#10495 = ORIENTED_EDGE('',*,*,#9888,.F.);
#10496 = ORIENTED_EDGE('',*,*,#10447,.T.);
#10497 = ORIENTED_EDGE('',*,*,#10498,.F.);
#10498 = EDGE_CURVE('',#9357,#10425,#10499,.T.);
#10499 = LINE('',#10500,#10501);
#10500 = CARTESIAN_POINT('',(26.35000038147,-2.400000095367,0.));
#10501 = VECTOR('',#10502,1.);
#10502 = DIRECTION('',(0.,-1.,0.));
#10503 = PLANE('',#10504);
#10504 = AXIS2_PLACEMENT_3D('',#10505,#10506,#10507);
#10505 = CARTESIAN_POINT('',(26.85000038147,-17.87499928474,0.5));
#10506 = DIRECTION('',(0.707106781187,0.,-0.707106781187));
#10507 = DIRECTION('',(0.707106781187,0.,0.707106781187));
#10508 = ADVANCED_FACE('',(#10509,#10553,#10587,#10621,#10655,#10689,
    #10723),#10757,.T.);
#10509 = FACE_BOUND('',#10510,.T.);
#10510 = EDGE_LOOP('',(#10511,#10512,#10520,#10528,#10534,#10535,#10541,
    #10547));
#10511 = ORIENTED_EDGE('',*,*,#806,.T.);
#10512 = ORIENTED_EDGE('',*,*,#10513,.T.);
#10513 = EDGE_CURVE('',#799,#10514,#10516,.T.);
#10514 = VERTEX_POINT('',#10515);
#10515 = CARTESIAN_POINT('',(-5.25,1.600000023842,5.800000190735));
#10516 = LINE('',#10517,#10518);
#10517 = CARTESIAN_POINT('',(-5.25,1.600000023842,11.800000190735));
#10518 = VECTOR('',#10519,1.);
#10519 = DIRECTION('',(0.,0.,-1.));
#10520 = ORIENTED_EDGE('',*,*,#10521,.T.);
#10521 = EDGE_CURVE('',#10514,#10522,#10524,.T.);
#10522 = VERTEX_POINT('',#10523);
#10523 = CARTESIAN_POINT('',(5.25,1.600000023842,5.800000190735));
#10524 = LINE('',#10525,#10526);
#10525 = CARTESIAN_POINT('',(-5.25,1.600000023842,5.800000190735));
#10526 = VECTOR('',#10527,1.);
#10527 = DIRECTION('',(1.,0.,0.));
#10528 = ORIENTED_EDGE('',*,*,#10529,.T.);
#10529 = EDGE_CURVE('',#10522,#1214,#10530,.T.);
#10530 = LINE('',#10531,#10532);
#10531 = CARTESIAN_POINT('',(5.25,1.600000023842,5.800000190735));
#10532 = VECTOR('',#10533,1.);
#10533 = DIRECTION('',(0.,0.,1.));
#10534 = ORIENTED_EDGE('',*,*,#1213,.T.);
#10535 = ORIENTED_EDGE('',*,*,#10536,.T.);
#10536 = EDGE_CURVE('',#1206,#9857,#10537,.T.);
#10537 = LINE('',#10538,#10539);
#10538 = CARTESIAN_POINT('',(23.35000038147,1.600000023842,
    11.800000190735));
#10539 = VECTOR('',#10540,1.);
#10540 = DIRECTION('',(0.,0.,-1.));
#10541 = ORIENTED_EDGE('',*,*,#10542,.F.);
#10542 = EDGE_CURVE('',#9241,#9857,#10543,.T.);
#10543 = LINE('',#10544,#10545);
#10544 = CARTESIAN_POINT('',(-23.35000038147,1.600000023842,1.));
#10545 = VECTOR('',#10546,1.);
#10546 = DIRECTION('',(1.,0.,0.));
#10547 = ORIENTED_EDGE('',*,*,#10548,.F.);
#10548 = EDGE_CURVE('',#807,#9241,#10549,.T.);
#10549 = LINE('',#10550,#10551);
#10550 = CARTESIAN_POINT('',(-23.35000038147,1.600000023842,
    11.800000190735));
#10551 = VECTOR('',#10552,1.);
#10552 = DIRECTION('',(0.,0.,-1.));
#10553 = FACE_BOUND('',#10554,.T.);
#10554 = EDGE_LOOP('',(#10555,#10565,#10573,#10581));
#10555 = ORIENTED_EDGE('',*,*,#10556,.T.);
#10556 = EDGE_CURVE('',#10557,#10559,#10561,.T.);
#10557 = VERTEX_POINT('',#10558);
#10558 = CARTESIAN_POINT('',(-17.29999923706,1.600000023842,10.5));
#10559 = VERTEX_POINT('',#10560);
#10560 = CARTESIAN_POINT('',(-18.70000076293,1.600000023842,10.5));
#10561 = LINE('',#10562,#10563);
#10562 = CARTESIAN_POINT('',(-17.29999923706,1.600000023842,10.5));
#10563 = VECTOR('',#10564,1.);
#10564 = DIRECTION('',(-1.,0.,0.));
#10565 = ORIENTED_EDGE('',*,*,#10566,.T.);
#10566 = EDGE_CURVE('',#10559,#10567,#10569,.T.);
#10567 = VERTEX_POINT('',#10568);
#10568 = CARTESIAN_POINT('',(-18.70000076293,1.600000023842,6.));
#10569 = LINE('',#10570,#10571);
#10570 = CARTESIAN_POINT('',(-18.70000076293,1.600000023842,10.5));
#10571 = VECTOR('',#10572,1.);
#10572 = DIRECTION('',(0.,0.,-1.));
#10573 = ORIENTED_EDGE('',*,*,#10574,.T.);
#10574 = EDGE_CURVE('',#10567,#10575,#10577,.T.);
#10575 = VERTEX_POINT('',#10576);
#10576 = CARTESIAN_POINT('',(-17.29999923706,1.600000023842,6.));
#10577 = LINE('',#10578,#10579);
#10578 = CARTESIAN_POINT('',(-18.70000076293,1.600000023842,6.));
#10579 = VECTOR('',#10580,1.);
#10580 = DIRECTION('',(1.,0.,0.));
#10581 = ORIENTED_EDGE('',*,*,#10582,.T.);
#10582 = EDGE_CURVE('',#10575,#10557,#10583,.T.);
#10583 = LINE('',#10584,#10585);
#10584 = CARTESIAN_POINT('',(-17.29999923706,1.600000023842,6.));
#10585 = VECTOR('',#10586,1.);
#10586 = DIRECTION('',(0.,0.,1.));
#10587 = FACE_BOUND('',#10588,.T.);
#10588 = EDGE_LOOP('',(#10589,#10599,#10607,#10615));
#10589 = ORIENTED_EDGE('',*,*,#10590,.T.);
#10590 = EDGE_CURVE('',#10591,#10593,#10595,.T.);
#10591 = VERTEX_POINT('',#10592);
#10592 = CARTESIAN_POINT('',(-21.29999923706,1.600000023842,10.5));
#10593 = VERTEX_POINT('',#10594);
#10594 = CARTESIAN_POINT('',(-22.70000076293,1.600000023842,10.5));
#10595 = LINE('',#10596,#10597);
#10596 = CARTESIAN_POINT('',(-21.29999923706,1.600000023842,10.5));
#10597 = VECTOR('',#10598,1.);
#10598 = DIRECTION('',(-1.,0.,0.));
#10599 = ORIENTED_EDGE('',*,*,#10600,.T.);
#10600 = EDGE_CURVE('',#10593,#10601,#10603,.T.);
#10601 = VERTEX_POINT('',#10602);
#10602 = CARTESIAN_POINT('',(-22.70000076293,1.600000023842,6.));
#10603 = LINE('',#10604,#10605);
#10604 = CARTESIAN_POINT('',(-22.70000076293,1.600000023842,10.5));
#10605 = VECTOR('',#10606,1.);
#10606 = DIRECTION('',(0.,0.,-1.));
#10607 = ORIENTED_EDGE('',*,*,#10608,.T.);
#10608 = EDGE_CURVE('',#10601,#10609,#10611,.T.);
#10609 = VERTEX_POINT('',#10610);
#10610 = CARTESIAN_POINT('',(-21.29999923706,1.600000023842,6.));
#10611 = LINE('',#10612,#10613);
#10612 = CARTESIAN_POINT('',(-22.70000076293,1.600000023842,6.));
#10613 = VECTOR('',#10614,1.);
#10614 = DIRECTION('',(1.,0.,0.));
#10615 = ORIENTED_EDGE('',*,*,#10616,.T.);
#10616 = EDGE_CURVE('',#10609,#10591,#10617,.T.);
#10617 = LINE('',#10618,#10619);
#10618 = CARTESIAN_POINT('',(-21.29999923706,1.600000023842,6.));
#10619 = VECTOR('',#10620,1.);
#10620 = DIRECTION('',(0.,0.,1.));
#10621 = FACE_BOUND('',#10622,.T.);
#10622 = EDGE_LOOP('',(#10623,#10633,#10641,#10649));
#10623 = ORIENTED_EDGE('',*,*,#10624,.T.);
#10624 = EDGE_CURVE('',#10625,#10627,#10629,.T.);
#10625 = VERTEX_POINT('',#10626);
#10626 = CARTESIAN_POINT('',(17.299999237061,1.600000023842,6.));
#10627 = VERTEX_POINT('',#10628);
#10628 = CARTESIAN_POINT('',(18.700000762939,1.600000023842,6.));
#10629 = LINE('',#10630,#10631);
#10630 = CARTESIAN_POINT('',(17.299999237061,1.600000023842,6.));
#10631 = VECTOR('',#10632,1.);
#10632 = DIRECTION('',(1.,0.,0.));
#10633 = ORIENTED_EDGE('',*,*,#10634,.T.);
#10634 = EDGE_CURVE('',#10627,#10635,#10637,.T.);
#10635 = VERTEX_POINT('',#10636);
#10636 = CARTESIAN_POINT('',(18.700000762939,1.600000023842,10.5));
#10637 = LINE('',#10638,#10639);
#10638 = CARTESIAN_POINT('',(18.700000762939,1.600000023842,6.));
#10639 = VECTOR('',#10640,1.);
#10640 = DIRECTION('',(0.,0.,1.));
#10641 = ORIENTED_EDGE('',*,*,#10642,.T.);
#10642 = EDGE_CURVE('',#10635,#10643,#10645,.T.);
#10643 = VERTEX_POINT('',#10644);
#10644 = CARTESIAN_POINT('',(17.299999237061,1.600000023842,10.5));
#10645 = LINE('',#10646,#10647);
#10646 = CARTESIAN_POINT('',(18.700000762939,1.600000023842,10.5));
#10647 = VECTOR('',#10648,1.);
#10648 = DIRECTION('',(-1.,0.,0.));
#10649 = ORIENTED_EDGE('',*,*,#10650,.T.);
#10650 = EDGE_CURVE('',#10643,#10625,#10651,.T.);
#10651 = LINE('',#10652,#10653);
#10652 = CARTESIAN_POINT('',(17.299999237061,1.600000023842,10.5));
#10653 = VECTOR('',#10654,1.);
#10654 = DIRECTION('',(0.,0.,-1.));
#10655 = FACE_BOUND('',#10656,.T.);
#10656 = EDGE_LOOP('',(#10657,#10667,#10675,#10683));
#10657 = ORIENTED_EDGE('',*,*,#10658,.T.);
#10658 = EDGE_CURVE('',#10659,#10661,#10663,.T.);
#10659 = VERTEX_POINT('',#10660);
#10660 = CARTESIAN_POINT('',(-13.30000019073,1.600000023842,10.5));
#10661 = VERTEX_POINT('',#10662);
#10662 = CARTESIAN_POINT('',(-14.69999980926,1.600000023842,10.5));
#10663 = LINE('',#10664,#10665);
#10664 = CARTESIAN_POINT('',(-13.30000019073,1.600000023842,10.5));
#10665 = VECTOR('',#10666,1.);
#10666 = DIRECTION('',(-1.,0.,0.));
#10667 = ORIENTED_EDGE('',*,*,#10668,.T.);
#10668 = EDGE_CURVE('',#10661,#10669,#10671,.T.);
#10669 = VERTEX_POINT('',#10670);
#10670 = CARTESIAN_POINT('',(-14.69999980926,1.600000023842,6.));
#10671 = LINE('',#10672,#10673);
#10672 = CARTESIAN_POINT('',(-14.69999980926,1.600000023842,10.5));
#10673 = VECTOR('',#10674,1.);
#10674 = DIRECTION('',(0.,0.,-1.));
#10675 = ORIENTED_EDGE('',*,*,#10676,.T.);
#10676 = EDGE_CURVE('',#10669,#10677,#10679,.T.);
#10677 = VERTEX_POINT('',#10678);
#10678 = CARTESIAN_POINT('',(-13.30000019073,1.600000023842,6.));
#10679 = LINE('',#10680,#10681);
#10680 = CARTESIAN_POINT('',(-14.69999980926,1.600000023842,6.));
#10681 = VECTOR('',#10682,1.);
#10682 = DIRECTION('',(1.,0.,0.));
#10683 = ORIENTED_EDGE('',*,*,#10684,.T.);
#10684 = EDGE_CURVE('',#10677,#10659,#10685,.T.);
#10685 = LINE('',#10686,#10687);
#10686 = CARTESIAN_POINT('',(-13.30000019073,1.600000023842,6.));
#10687 = VECTOR('',#10688,1.);
#10688 = DIRECTION('',(0.,0.,1.));
#10689 = FACE_BOUND('',#10690,.T.);
#10690 = EDGE_LOOP('',(#10691,#10701,#10709,#10717));
#10691 = ORIENTED_EDGE('',*,*,#10692,.T.);
#10692 = EDGE_CURVE('',#10693,#10695,#10697,.T.);
#10693 = VERTEX_POINT('',#10694);
#10694 = CARTESIAN_POINT('',(9.300000190735,1.600000023842,6.));
#10695 = VERTEX_POINT('',#10696);
#10696 = CARTESIAN_POINT('',(10.699999809265,1.600000023842,6.));
#10697 = LINE('',#10698,#10699);
#10698 = CARTESIAN_POINT('',(9.300000190735,1.600000023842,6.));
#10699 = VECTOR('',#10700,1.);
#10700 = DIRECTION('',(1.,0.,0.));
#10701 = ORIENTED_EDGE('',*,*,#10702,.T.);
#10702 = EDGE_CURVE('',#10695,#10703,#10705,.T.);
#10703 = VERTEX_POINT('',#10704);
#10704 = CARTESIAN_POINT('',(10.699999809265,1.600000023842,10.5));
#10705 = LINE('',#10706,#10707);
#10706 = CARTESIAN_POINT('',(10.699999809265,1.600000023842,6.));
#10707 = VECTOR('',#10708,1.);
#10708 = DIRECTION('',(0.,0.,1.));
#10709 = ORIENTED_EDGE('',*,*,#10710,.T.);
#10710 = EDGE_CURVE('',#10703,#10711,#10713,.T.);
#10711 = VERTEX_POINT('',#10712);
#10712 = CARTESIAN_POINT('',(9.300000190735,1.600000023842,10.5));
#10713 = LINE('',#10714,#10715);
#10714 = CARTESIAN_POINT('',(10.699999809265,1.600000023842,10.5));
#10715 = VECTOR('',#10716,1.);
#10716 = DIRECTION('',(-1.,0.,0.));
#10717 = ORIENTED_EDGE('',*,*,#10718,.T.);
#10718 = EDGE_CURVE('',#10711,#10693,#10719,.T.);
#10719 = LINE('',#10720,#10721);
#10720 = CARTESIAN_POINT('',(9.300000190735,1.600000023842,10.5));
#10721 = VECTOR('',#10722,1.);
#10722 = DIRECTION('',(0.,0.,-1.));
#10723 = FACE_BOUND('',#10724,.T.);
#10724 = EDGE_LOOP('',(#10725,#10735,#10743,#10751));
#10725 = ORIENTED_EDGE('',*,*,#10726,.T.);
#10726 = EDGE_CURVE('',#10727,#10729,#10731,.T.);
#10727 = VERTEX_POINT('',#10728);
#10728 = CARTESIAN_POINT('',(13.300000190735,1.600000023842,6.));
#10729 = VERTEX_POINT('',#10730);
#10730 = CARTESIAN_POINT('',(14.699999809265,1.600000023842,6.));
#10731 = LINE('',#10732,#10733);
#10732 = CARTESIAN_POINT('',(13.300000190735,1.600000023842,6.));
#10733 = VECTOR('',#10734,1.);
#10734 = DIRECTION('',(1.,0.,0.));
#10735 = ORIENTED_EDGE('',*,*,#10736,.T.);
#10736 = EDGE_CURVE('',#10729,#10737,#10739,.T.);
#10737 = VERTEX_POINT('',#10738);
#10738 = CARTESIAN_POINT('',(14.699999809265,1.600000023842,10.5));
#10739 = LINE('',#10740,#10741);
#10740 = CARTESIAN_POINT('',(14.699999809265,1.600000023842,6.));
#10741 = VECTOR('',#10742,1.);
#10742 = DIRECTION('',(0.,0.,1.));
#10743 = ORIENTED_EDGE('',*,*,#10744,.T.);
#10744 = EDGE_CURVE('',#10737,#10745,#10747,.T.);
#10745 = VERTEX_POINT('',#10746);
#10746 = CARTESIAN_POINT('',(13.300000190735,1.600000023842,10.5));
#10747 = LINE('',#10748,#10749);
#10748 = CARTESIAN_POINT('',(14.699999809265,1.600000023842,10.5));
#10749 = VECTOR('',#10750,1.);
#10750 = DIRECTION('',(-1.,0.,0.));
#10751 = ORIENTED_EDGE('',*,*,#10752,.T.);
#10752 = EDGE_CURVE('',#10745,#10727,#10753,.T.);
#10753 = LINE('',#10754,#10755);
#10754 = CARTESIAN_POINT('',(13.300000190735,1.600000023842,10.5));
#10755 = VECTOR('',#10756,1.);
#10756 = DIRECTION('',(0.,0.,-1.));
#10757 = PLANE('',#10758);
#10758 = AXIS2_PLACEMENT_3D('',#10759,#10760,#10761);
#10759 = CARTESIAN_POINT('',(0.,1.600000023842,6.13070876984));
#10760 = DIRECTION('',(0.,1.,0.));
#10761 = DIRECTION('',(0.,-0.,1.));
#10762 = ADVANCED_FACE('',(#10763),#10779,.T.);
#10763 = FACE_BOUND('',#10764,.T.);
#10764 = EDGE_LOOP('',(#10765,#10766,#10772,#10773));
#10765 = ORIENTED_EDGE('',*,*,#1037,.T.);
#10766 = ORIENTED_EDGE('',*,*,#10767,.T.);
#10767 = EDGE_CURVE('',#1030,#10013,#10768,.T.);
#10768 = LINE('',#10769,#10770);
#10769 = CARTESIAN_POINT('',(24.880699157715,-37.04550170898,
    11.800000190735));
#10770 = VECTOR('',#10771,1.);
#10771 = DIRECTION('',(0.,0.,-1.));
#10772 = ORIENTED_EDGE('',*,*,#10105,.T.);
#10773 = ORIENTED_EDGE('',*,*,#10774,.F.);
#10774 = EDGE_CURVE('',#1038,#10098,#10775,.T.);
#10775 = LINE('',#10776,#10777);
#10776 = CARTESIAN_POINT('',(25.35000038147,-36.81409835815,
    11.800000190735));
#10777 = VECTOR('',#10778,1.);
#10778 = DIRECTION('',(0.,0.,-1.));
#10779 = PLANE('',#10780);
#10780 = AXIS2_PLACEMENT_3D('',#10781,#10782,#10783);
#10781 = CARTESIAN_POINT('',(25.115349769592,-36.92980003356,
    6.400000095367));
#10782 = DIRECTION('',(0.442241954733,-0.89689578741,-0.));
#10783 = DIRECTION('',(-0.89689578741,-0.442241954733,0.));
#10784 = ADVANCED_FACE('',(#10785),#10801,.T.);
#10785 = FACE_BOUND('',#10786,.T.);
#10786 = EDGE_LOOP('',(#10787,#10793,#10794,#10800));
#10787 = ORIENTED_EDGE('',*,*,#10788,.T.);
#10788 = EDGE_CURVE('',#10289,#1078,#10789,.T.);
#10789 = LINE('',#10790,#10791);
#10790 = CARTESIAN_POINT('',(27.045499801636,-34.88069915771,1.));
#10791 = VECTOR('',#10792,1.);
#10792 = DIRECTION('',(0.,0.,1.));
#10793 = ORIENTED_EDGE('',*,*,#1077,.T.);
#10794 = ORIENTED_EDGE('',*,*,#10795,.T.);
#10795 = EDGE_CURVE('',#1070,#10281,#10796,.T.);
#10796 = LINE('',#10797,#10798);
#10797 = CARTESIAN_POINT('',(26.814100265503,-35.34999847412,
    11.800000190735));
#10798 = VECTOR('',#10799,1.);
#10799 = DIRECTION('',(0.,0.,-1.));
#10800 = ORIENTED_EDGE('',*,*,#10296,.F.);
#10801 = PLANE('',#10802);
#10802 = AXIS2_PLACEMENT_3D('',#10803,#10804,#10805);
#10803 = CARTESIAN_POINT('',(26.929800033569,-35.11534881591,
    6.400000095367));
#10804 = DIRECTION('',(0.896897966188,-0.442237536001,0.));
#10805 = DIRECTION('',(0.442237536001,0.896897966188,0.));
#10806 = ADVANCED_FACE('',(#10807),#10818,.T.);
#10807 = FACE_BOUND('',#10808,.T.);
#10808 = EDGE_LOOP('',(#10809,#10810,#10811,#10817));
#10809 = ORIENTED_EDGE('',*,*,#10795,.F.);
#10810 = ORIENTED_EDGE('',*,*,#1069,.T.);
#10811 = ORIENTED_EDGE('',*,*,#10812,.F.);
#10812 = EDGE_CURVE('',#10213,#1062,#10813,.T.);
#10813 = LINE('',#10814,#10815);
#10814 = CARTESIAN_POINT('',(26.523399353027,-35.78499984741,1.));
#10815 = VECTOR('',#10816,1.);
#10816 = DIRECTION('',(0.,0.,1.));
#10817 = ORIENTED_EDGE('',*,*,#10312,.F.);
#10818 = PLANE('',#10819);
#10819 = AXIS2_PLACEMENT_3D('',#10820,#10821,#10822);
#10820 = CARTESIAN_POINT('',(26.668749809265,-35.56749916076,
    6.400000095367));
#10821 = DIRECTION('',(0.831432274033,-0.555626109625,0.));
#10822 = DIRECTION('',(0.555626109625,0.831432274033,0.));
#10823 = ADVANCED_FACE('',(#10824),#10835,.T.);
#10824 = FACE_BOUND('',#10825,.T.);
#10825 = EDGE_LOOP('',(#10826,#10827,#10828,#10829));
#10826 = ORIENTED_EDGE('',*,*,#1045,.T.);
#10827 = ORIENTED_EDGE('',*,*,#10774,.T.);
#10828 = ORIENTED_EDGE('',*,*,#10128,.T.);
#10829 = ORIENTED_EDGE('',*,*,#10830,.T.);
#10830 = EDGE_CURVE('',#10121,#1046,#10831,.T.);
#10831 = LINE('',#10832,#10833);
#10832 = CARTESIAN_POINT('',(25.784999847412,-36.52339935302,1.));
#10833 = VECTOR('',#10834,1.);
#10834 = DIRECTION('',(0.,0.,1.));
#10835 = PLANE('',#10836);
#10836 = AXIS2_PLACEMENT_3D('',#10837,#10838,#10839);
#10837 = CARTESIAN_POINT('',(25.567500114441,-36.66874885559,
    6.400000095367));
#10838 = DIRECTION('',(0.555625273638,-0.831432832702,-0.));
#10839 = DIRECTION('',(-0.831432832702,-0.555625273638,0.));
#10840 = ADVANCED_FACE('',(#10841),#10852,.T.);
#10841 = FACE_BOUND('',#10842,.T.);
#10842 = EDGE_LOOP('',(#10843,#10844,#10845,#10846));
#10843 = ORIENTED_EDGE('',*,*,#1053,.T.);
#10844 = ORIENTED_EDGE('',*,*,#10830,.F.);
#10845 = ORIENTED_EDGE('',*,*,#10197,.T.);
#10846 = ORIENTED_EDGE('',*,*,#10847,.F.);
#10847 = EDGE_CURVE('',#1054,#10190,#10848,.T.);
#10848 = LINE('',#10849,#10850);
#10849 = CARTESIAN_POINT('',(26.178400039673,-36.17839813232,
    11.800000190735));
#10850 = VECTOR('',#10851,1.);
#10851 = DIRECTION('',(0.,0.,-1.));
#10852 = PLANE('',#10853);
#10853 = AXIS2_PLACEMENT_3D('',#10854,#10855,#10856);
#10854 = CARTESIAN_POINT('',(25.981699943542,-36.35089874267,
    6.400000095367));
#10855 = DIRECTION('',(0.659344207138,-0.751841217621,-0.));
#10856 = DIRECTION('',(-0.751841217621,-0.659344207138,0.));
#10857 = ADVANCED_FACE('',(#10858),#10864,.T.);
#10858 = FACE_BOUND('',#10859,.T.);
#10859 = EDGE_LOOP('',(#10860,#10861,#10862,#10863));
#10860 = ORIENTED_EDGE('',*,*,#10812,.T.);
#10861 = ORIENTED_EDGE('',*,*,#1061,.T.);
#10862 = ORIENTED_EDGE('',*,*,#10847,.T.);
#10863 = ORIENTED_EDGE('',*,*,#10220,.T.);
#10864 = PLANE('',#10865);
#10865 = AXIS2_PLACEMENT_3D('',#10866,#10867,#10868);
#10866 = CARTESIAN_POINT('',(26.35089969635,-35.98169898986,
    6.400000095367));
#10867 = DIRECTION('',(0.751841439933,-0.659343953638,0.));
#10868 = DIRECTION('',(0.659343953638,0.751841439933,0.));
#10869 = ADVANCED_FACE('',(#10870),#10881,.T.);
#10870 = FACE_BOUND('',#10871,.T.);
#10871 = EDGE_LOOP('',(#10872,#10873,#10874,#10875));
#10872 = ORIENTED_EDGE('',*,*,#957,.T.);
#10873 = ORIENTED_EDGE('',*,*,#591,.F.);
#10874 = ORIENTED_EDGE('',*,*,#283,.T.);
#10875 = ORIENTED_EDGE('',*,*,#10876,.T.);
#10876 = EDGE_CURVE('',#24,#958,#10877,.T.);
#10877 = LINE('',#10878,#10879);
#10878 = CARTESIAN_POINT('',(-25.78499984741,-36.52339935302,1.));
#10879 = VECTOR('',#10880,1.);
#10880 = DIRECTION('',(0.,0.,1.));
#10881 = PLANE('',#10882);
#10882 = AXIS2_PLACEMENT_3D('',#10883,#10884,#10885);
#10883 = CARTESIAN_POINT('',(-25.98169994354,-36.35089874267,
    6.400000095367));
#10884 = DIRECTION('',(-0.659344207138,-0.751841217621,-0.));
#10885 = DIRECTION('',(-0.751841217621,0.659344207138,0.));
#10886 = ADVANCED_FACE('',(#10887),#10898,.T.);
#10887 = FACE_BOUND('',#10888,.T.);
#10888 = EDGE_LOOP('',(#10889,#10890,#10891,#10892));
#10889 = ORIENTED_EDGE('',*,*,#965,.T.);
#10890 = ORIENTED_EDGE('',*,*,#10876,.F.);
#10891 = ORIENTED_EDGE('',*,*,#53,.T.);
#10892 = ORIENTED_EDGE('',*,*,#10893,.F.);
#10893 = EDGE_CURVE('',#966,#54,#10894,.T.);
#10894 = LINE('',#10895,#10896);
#10895 = CARTESIAN_POINT('',(-25.35000038147,-36.81409835815,
    11.800000190735));
#10896 = VECTOR('',#10897,1.);
#10897 = DIRECTION('',(0.,0.,-1.));
#10898 = PLANE('',#10899);
#10899 = AXIS2_PLACEMENT_3D('',#10900,#10901,#10902);
#10900 = CARTESIAN_POINT('',(-25.56750011444,-36.66874885559,
    6.400000095367));
#10901 = DIRECTION('',(-0.555625273638,-0.831432832702,-0.));
#10902 = DIRECTION('',(-0.831432832702,0.555625273638,0.));
#10903 = ADVANCED_FACE('',(#10904),#10920,.T.);
#10904 = FACE_BOUND('',#10905,.T.);
#10905 = EDGE_LOOP('',(#10906,#10907,#10913,#10914));
#10906 = ORIENTED_EDGE('',*,*,#1197,.T.);
#10907 = ORIENTED_EDGE('',*,*,#10908,.T.);
#10908 = EDGE_CURVE('',#1190,#9498,#10909,.T.);
#10909 = LINE('',#10910,#10911);
#10910 = CARTESIAN_POINT('',(24.385299682617,1.463700056076,
    11.800000190735));
#10911 = VECTOR('',#10912,1.);
#10912 = DIRECTION('',(0.,0.,-1.));
#10913 = ORIENTED_EDGE('',*,*,#9497,.F.);
#10914 = ORIENTED_EDGE('',*,*,#10915,.T.);
#10915 = EDGE_CURVE('',#9452,#1198,#10916,.T.);
#10916 = LINE('',#10917,#10918);
#10917 = CARTESIAN_POINT('',(23.872100830078,1.565780043602,1.));
#10918 = VECTOR('',#10919,1.);
#10919 = DIRECTION('',(0.,0.,1.));
#10920 = PLANE('',#10921);
#10921 = AXIS2_PLACEMENT_3D('',#10922,#10923,#10924);
#10922 = CARTESIAN_POINT('',(24.128700256348,1.514740049839,
    6.400000095367));
#10923 = DIRECTION('',(0.195087360067,0.980785869567,0.));
#10924 = DIRECTION('',(0.980785869567,-0.195087360067,0.));
#10925 = ADVANCED_FACE('',(#10926),#10937,.T.);
#10926 = FACE_BOUND('',#10927,.T.);
#10927 = EDGE_LOOP('',(#10928,#10929,#10930,#10931));
#10928 = ORIENTED_EDGE('',*,*,#814,.T.);
#10929 = ORIENTED_EDGE('',*,*,#10548,.T.);
#10930 = ORIENTED_EDGE('',*,*,#9240,.T.);
#10931 = ORIENTED_EDGE('',*,*,#10932,.T.);
#10932 = EDGE_CURVE('',#9195,#815,#10933,.T.);
#10933 = LINE('',#10934,#10935);
#10934 = CARTESIAN_POINT('',(-23.87210083007,1.565780043602,1.));
#10935 = VECTOR('',#10936,1.);
#10936 = DIRECTION('',(0.,0.,1.));
#10937 = PLANE('',#10938);
#10938 = AXIS2_PLACEMENT_3D('',#10939,#10940,#10941);
#10939 = CARTESIAN_POINT('',(-23.61105060577,1.582890033722,
    6.400000095367));
#10940 = DIRECTION('',(-6.540257524952E-02,0.997858959548,0.));
#10941 = DIRECTION('',(0.997858959548,6.540257524952E-02,0.));
#10942 = ADVANCED_FACE('',(#10943),#10954,.T.);
#10943 = FACE_BOUND('',#10944,.T.);
#10944 = EDGE_LOOP('',(#10945,#10946,#10947,#10948));
#10945 = ORIENTED_EDGE('',*,*,#973,.T.);
#10946 = ORIENTED_EDGE('',*,*,#10893,.T.);
#10947 = ORIENTED_EDGE('',*,*,#152,.T.);
#10948 = ORIENTED_EDGE('',*,*,#10949,.F.);
#10949 = EDGE_CURVE('',#974,#77,#10950,.T.);
#10950 = LINE('',#10951,#10952);
#10951 = CARTESIAN_POINT('',(-24.88069915771,-37.04550170898,
    11.800000190735));
#10952 = VECTOR('',#10953,1.);
#10953 = DIRECTION('',(0.,0.,-1.));
#10954 = PLANE('',#10955);
#10955 = AXIS2_PLACEMENT_3D('',#10956,#10957,#10958);
#10956 = CARTESIAN_POINT('',(-25.11534976959,-36.92980003356,
    6.400000095367));
#10957 = DIRECTION('',(-0.442241954733,-0.89689578741,-0.));
#10958 = DIRECTION('',(-0.89689578741,0.442241954733,0.));
#10959 = ADVANCED_FACE('',(#10960),#10971,.T.);
#10960 = FACE_BOUND('',#10961,.T.);
#10961 = EDGE_LOOP('',(#10962,#10963,#10964,#10965));
#10962 = ORIENTED_EDGE('',*,*,#981,.T.);
#10963 = ORIENTED_EDGE('',*,*,#10949,.T.);
#10964 = ORIENTED_EDGE('',*,*,#76,.T.);
#10965 = ORIENTED_EDGE('',*,*,#10966,.F.);
#10966 = EDGE_CURVE('',#982,#79,#10967,.T.);
#10967 = LINE('',#10968,#10969);
#10968 = CARTESIAN_POINT('',(-24.38529968261,-37.21369934082,
    11.800000190735));
#10969 = VECTOR('',#10970,1.);
#10970 = DIRECTION('',(0.,0.,-1.));
#10971 = PLANE('',#10972);
#10972 = AXIS2_PLACEMENT_3D('',#10973,#10974,#10975);
#10973 = CARTESIAN_POINT('',(-24.63299942016,-37.1296005249,
    6.400000095367));
#10974 = DIRECTION('',(-0.321494601755,-0.946911411402,-0.));
#10975 = DIRECTION('',(-0.946911411402,0.321494601755,0.));
#10976 = ADVANCED_FACE('',(#10977),#10988,.T.);
#10977 = FACE_BOUND('',#10978,.T.);
#10978 = EDGE_LOOP('',(#10979,#10980,#10981,#10982));
#10979 = ORIENTED_EDGE('',*,*,#989,.T.);
#10980 = ORIENTED_EDGE('',*,*,#10966,.T.);
#10981 = ORIENTED_EDGE('',*,*,#168,.T.);
#10982 = ORIENTED_EDGE('',*,*,#10983,.T.);
#10983 = EDGE_CURVE('',#169,#990,#10984,.T.);
#10984 = LINE('',#10985,#10986);
#10985 = CARTESIAN_POINT('',(-23.87210083007,-37.31579971313,1.));
#10986 = VECTOR('',#10987,1.);
#10987 = DIRECTION('',(0.,0.,1.));
#10988 = PLANE('',#10989);
#10989 = AXIS2_PLACEMENT_3D('',#10990,#10991,#10992);
#10990 = CARTESIAN_POINT('',(-24.12870025634,-37.26474952697,
    6.400000095367));
#10991 = DIRECTION('',(-0.195124834768,-0.980778414759,-0.));
#10992 = DIRECTION('',(-0.980778414759,0.195124834768,0.));
#10993 = ADVANCED_FACE('',(#10994),#11005,.T.);
#10994 = FACE_BOUND('',#10995,.T.);
#10995 = EDGE_LOOP('',(#10996,#10997,#10998,#11004));
#10996 = ORIENTED_EDGE('',*,*,#10542,.T.);
#10997 = ORIENTED_EDGE('',*,*,#9856,.T.);
#10998 = ORIENTED_EDGE('',*,*,#10999,.T.);
#10999 = EDGE_CURVE('',#9444,#9218,#11000,.T.);
#11000 = LINE('',#11001,#11002);
#11001 = CARTESIAN_POINT('',(23.35000038147,0.599999010563,0.));
#11002 = VECTOR('',#11003,1.);
#11003 = DIRECTION('',(-1.,0.,0.));
#11004 = ORIENTED_EDGE('',*,*,#9248,.T.);
#11005 = PLANE('',#11006);
#11006 = AXIS2_PLACEMENT_3D('',#11007,#11008,#11009);
#11007 = CARTESIAN_POINT('',(-2.215175084357E-16,1.099999517202,0.5));
#11008 = DIRECTION('',(-0.,0.707106422938,-0.707107139434));
#11009 = DIRECTION('',(0.,-0.707107139434,-0.707106422938));
#11010 = ADVANCED_FACE('',(#11011),#11075,.T.);
#11011 = FACE_BOUND('',#11012,.T.);
#11012 = EDGE_LOOP('',(#11013,#11014,#11015,#11016,#11017,#11018,#11019,
    #11020,#11021,#11022,#11023,#11024,#11025,#11026,#11027,#11028,
    #11029,#11030,#11031,#11032,#11033,#11034,#11035,#11036,#11037,
    #11038,#11039,#11045,#11046,#11047,#11048,#11049,#11050,#11051,
    #11052,#11053,#11054,#11055,#11056,#11057,#11063,#11064,#11065,
    #11066,#11067,#11068,#11069,#11070,#11071,#11072,#11073,#11074));
#11013 = ORIENTED_EDGE('',*,*,#10999,.F.);
#11014 = ORIENTED_EDGE('',*,*,#9441,.F.);
#11015 = ORIENTED_EDGE('',*,*,#9473,.F.);
#11016 = ORIENTED_EDGE('',*,*,#9519,.F.);
#11017 = ORIENTED_EDGE('',*,*,#9565,.T.);
#11018 = ORIENTED_EDGE('',*,*,#9634,.F.);
#11019 = ORIENTED_EDGE('',*,*,#9839,.F.);
#11020 = ORIENTED_EDGE('',*,*,#9689,.F.);
#11021 = ORIENTED_EDGE('',*,*,#9712,.F.);
#11022 = ORIENTED_EDGE('',*,*,#9779,.F.);
#11023 = ORIENTED_EDGE('',*,*,#9802,.F.);
#11024 = ORIENTED_EDGE('',*,*,#9326,.T.);
#11025 = ORIENTED_EDGE('',*,*,#9356,.T.);
#11026 = ORIENTED_EDGE('',*,*,#10498,.T.);
#11027 = ORIENTED_EDGE('',*,*,#10424,.T.);
#11028 = ORIENTED_EDGE('',*,*,#10401,.F.);
#11029 = ORIENTED_EDGE('',*,*,#10350,.F.);
#11030 = ORIENTED_EDGE('',*,*,#10327,.T.);
#11031 = ORIENTED_EDGE('',*,*,#10258,.T.);
#11032 = ORIENTED_EDGE('',*,*,#10235,.F.);
#11033 = ORIENTED_EDGE('',*,*,#10166,.T.);
#11034 = ORIENTED_EDGE('',*,*,#10143,.T.);
#11035 = ORIENTED_EDGE('',*,*,#10074,.T.);
#11036 = ORIENTED_EDGE('',*,*,#10051,.T.);
#11037 = ORIENTED_EDGE('',*,*,#9982,.T.);
#11038 = ORIENTED_EDGE('',*,*,#9959,.T.);
#11039 = ORIENTED_EDGE('',*,*,#11040,.F.);
#11040 = EDGE_CURVE('',#192,#9929,#11041,.T.);
#11041 = LINE('',#11042,#11043);
#11042 = CARTESIAN_POINT('',(-23.35000038147,-36.34999847412,0.));
#11043 = VECTOR('',#11044,1.);
#11044 = DIRECTION('',(1.,0.,0.));
#11045 = ORIENTED_EDGE('',*,*,#207,.F.);
#11046 = ORIENTED_EDGE('',*,*,#245,.T.);
#11047 = ORIENTED_EDGE('',*,*,#117,.F.);
#11048 = ORIENTED_EDGE('',*,*,#138,.T.);
#11049 = ORIENTED_EDGE('',*,*,#39,.F.);
#11050 = ORIENTED_EDGE('',*,*,#269,.T.);
#11051 = ORIENTED_EDGE('',*,*,#338,.T.);
#11052 = ORIENTED_EDGE('',*,*,#430,.T.);
#11053 = ORIENTED_EDGE('',*,*,#393,.F.);
#11054 = ORIENTED_EDGE('',*,*,#453,.T.);
#11055 = ORIENTED_EDGE('',*,*,#506,.T.);
#11056 = ORIENTED_EDGE('',*,*,#552,.F.);
#11057 = ORIENTED_EDGE('',*,*,#11058,.F.);
#11058 = EDGE_CURVE('',#8727,#529,#11059,.T.);
#11059 = LINE('',#11060,#11061);
#11060 = CARTESIAN_POINT('',(-26.35000038147,-2.400000095367,0.));
#11061 = VECTOR('',#11062,1.);
#11062 = DIRECTION('',(0.,-1.,0.));
#11063 = ORIENTED_EDGE('',*,*,#8767,.T.);
#11064 = ORIENTED_EDGE('',*,*,#8790,.T.);
#11065 = ORIENTED_EDGE('',*,*,#8843,.F.);
#11066 = ORIENTED_EDGE('',*,*,#8866,.F.);
#11067 = ORIENTED_EDGE('',*,*,#8919,.F.);
#11068 = ORIENTED_EDGE('',*,*,#8958,.F.);
#11069 = ORIENTED_EDGE('',*,*,#9011,.F.);
#11070 = ORIENTED_EDGE('',*,*,#9066,.T.);
#11071 = ORIENTED_EDGE('',*,*,#9133,.T.);
#11072 = ORIENTED_EDGE('',*,*,#9156,.T.);
#11073 = ORIENTED_EDGE('',*,*,#9186,.F.);
#11074 = ORIENTED_EDGE('',*,*,#9225,.T.);
#11075 = PLANE('',#11076);
#11076 = AXIS2_PLACEMENT_3D('',#11077,#11078,#11079);
#11077 = CARTESIAN_POINT('',(5.916561816991E-16,-17.87499969768,0.));
#11078 = DIRECTION('',(-0.,-0.,-1.));
#11079 = DIRECTION('',(-1.,0.,0.));
#11080 = ADVANCED_FACE('',(#11081),#11097,.T.);
#11081 = FACE_BOUND('',#11082,.T.);
#11082 = EDGE_LOOP('',(#11083,#11089,#11090,#11096));
#11083 = ORIENTED_EDGE('',*,*,#11084,.T.);
#11084 = EDGE_CURVE('',#9736,#1142,#11085,.T.);
#11085 = LINE('',#11086,#11087);
#11086 = CARTESIAN_POINT('',(26.814100265503,-0.40000000596,1.));
#11087 = VECTOR('',#11088,1.);
#11088 = DIRECTION('',(0.,0.,1.));
#11089 = ORIENTED_EDGE('',*,*,#1141,.T.);
#11090 = ORIENTED_EDGE('',*,*,#11091,.T.);
#11091 = EDGE_CURVE('',#1134,#9420,#11092,.T.);
#11092 = LINE('',#11093,#11094);
#11093 = CARTESIAN_POINT('',(27.045499801636,-0.869266986847,
    11.800000190735));
#11094 = VECTOR('',#11095,1.);
#11095 = DIRECTION('',(0.,0.,-1.));
#11096 = ORIENTED_EDGE('',*,*,#9765,.F.);
#11097 = PLANE('',#11098);
#11098 = AXIS2_PLACEMENT_3D('',#11099,#11100,#11101);
#11099 = CARTESIAN_POINT('',(26.929800033569,-0.634633496404,
    6.400000095367));
#11100 = DIRECTION('',(0.896885879139,0.442262048791,0.));
#11101 = DIRECTION('',(-0.442262048791,0.896885879139,0.));
#11102 = ADVANCED_FACE('',(#11103),#11119,.T.);
#11103 = FACE_BOUND('',#11104,.T.);
#11104 = EDGE_LOOP('',(#11105,#11111,#11112,#11118));
#11105 = ORIENTED_EDGE('',*,*,#11106,.T.);
#11106 = EDGE_CURVE('',#9668,#1158,#11107,.T.);
#11107 = LINE('',#11108,#11109);
#11108 = CARTESIAN_POINT('',(26.178400039673,0.428425997496,1.));
#11109 = VECTOR('',#11110,1.);
#11110 = DIRECTION('',(0.,0.,1.));
#11111 = ORIENTED_EDGE('',*,*,#1157,.T.);
#11112 = ORIENTED_EDGE('',*,*,#11113,.T.);
#11113 = EDGE_CURVE('',#1150,#9658,#11114,.T.);
#11114 = LINE('',#11115,#11116);
#11115 = CARTESIAN_POINT('',(26.523399353027,3.50446999073E-02,
    11.800000190735));
#11116 = VECTOR('',#11117,1.);
#11117 = DIRECTION('',(0.,0.,-1.));
#11118 = ORIENTED_EDGE('',*,*,#9675,.F.);
#11119 = PLANE('',#11120);
#11120 = AXIS2_PLACEMENT_3D('',#11121,#11122,#11123);
#11121 = CARTESIAN_POINT('',(26.35089969635,0.231735348701,
    6.400000095367));
#11122 = DIRECTION('',(0.751827325654,0.659360047622,0.));
#11123 = DIRECTION('',(-0.659360047622,0.751827325654,0.));
#11124 = ADVANCED_FACE('',(#11125),#11136,.T.);
#11125 = FACE_BOUND('',#11126,.T.);
#11126 = EDGE_LOOP('',(#11127,#11128,#11129,#11130));
#11127 = ORIENTED_EDGE('',*,*,#1165,.T.);
#11128 = ORIENTED_EDGE('',*,*,#11106,.F.);
#11129 = ORIENTED_EDGE('',*,*,#9825,.F.);
#11130 = ORIENTED_EDGE('',*,*,#11131,.F.);
#11131 = EDGE_CURVE('',#1166,#9612,#11132,.T.);
#11132 = LINE('',#11133,#11134);
#11133 = CARTESIAN_POINT('',(25.784999847412,0.773413002491,
    11.800000190735));
#11134 = VECTOR('',#11135,1.);
#11135 = DIRECTION('',(0.,0.,-1.));
#11136 = PLANE('',#11137);
#11137 = AXIS2_PLACEMENT_3D('',#11138,#11139,#11140);
#11138 = CARTESIAN_POINT('',(25.981699943542,0.600919499993,
    6.400000095367));
#11139 = DIRECTION('',(0.659328849516,0.751854685558,0.));
#11140 = DIRECTION('',(0.751854685558,-0.659328849516,0.));
#11141 = ADVANCED_FACE('',(#11142),#11153,.T.);
#11142 = FACE_BOUND('',#11143,.T.);
#11143 = EDGE_LOOP('',(#11144,#11145,#11146,#11147));
#11144 = ORIENTED_EDGE('',*,*,#1173,.T.);
#11145 = ORIENTED_EDGE('',*,*,#11131,.T.);
#11146 = ORIENTED_EDGE('',*,*,#9620,.T.);
#11147 = ORIENTED_EDGE('',*,*,#11148,.F.);
#11148 = EDGE_CURVE('',#1174,#9589,#11149,.T.);
#11149 = LINE('',#11150,#11151);
#11150 = CARTESIAN_POINT('',(25.35000038147,1.064100027084,
    11.800000190735));
#11151 = VECTOR('',#11152,1.);
#11152 = DIRECTION('',(0.,0.,-1.));
#11153 = PLANE('',#11154);
#11154 = AXIS2_PLACEMENT_3D('',#11155,#11156,#11157);
#11155 = CARTESIAN_POINT('',(25.567500114441,0.918756514788,
    6.400000095367));
#11156 = DIRECTION('',(0.555609443772,0.831443411178,0.));
#11157 = DIRECTION('',(0.831443411178,-0.555609443772,0.));
#11158 = ADVANCED_FACE('',(#11159),#11170,.T.);
#11159 = FACE_BOUND('',#11160,.T.);
#11160 = EDGE_LOOP('',(#11161,#11162,#11163,#11164));
#11161 = ORIENTED_EDGE('',*,*,#1181,.T.);
#11162 = ORIENTED_EDGE('',*,*,#11148,.T.);
#11163 = ORIENTED_EDGE('',*,*,#9597,.T.);
#11164 = ORIENTED_EDGE('',*,*,#11165,.T.);
#11165 = EDGE_CURVE('',#9528,#1182,#11166,.T.);
#11166 = LINE('',#11167,#11168);
#11167 = CARTESIAN_POINT('',(24.880699157715,1.295519948006,1.));
#11168 = VECTOR('',#11169,1.);
#11169 = DIRECTION('',(0.,0.,1.));
#11170 = PLANE('',#11171);
#11171 = AXIS2_PLACEMENT_3D('',#11172,#11173,#11174);
#11172 = CARTESIAN_POINT('',(25.115349769592,1.179809987545,
    6.400000095367));
#11173 = DIRECTION('',(0.442267428317,0.896883226429,0.));
#11174 = DIRECTION('',(0.896883226429,-0.442267428317,0.));
#11175 = ADVANCED_FACE('',(#11176),#11182,.T.);
#11176 = FACE_BOUND('',#11177,.T.);
#11177 = EDGE_LOOP('',(#11178,#11179,#11180,#11181));
#11178 = ORIENTED_EDGE('',*,*,#11113,.F.);
#11179 = ORIENTED_EDGE('',*,*,#1149,.T.);
#11180 = ORIENTED_EDGE('',*,*,#11084,.F.);
#11181 = ORIENTED_EDGE('',*,*,#9744,.F.);
#11182 = PLANE('',#11183);
#11183 = AXIS2_PLACEMENT_3D('',#11184,#11185,#11186);
#11184 = CARTESIAN_POINT('',(26.668749809265,-0.182477653027,
    6.400000095367));
#11185 = DIRECTION('',(0.831457840528,0.555587850321,0.));
#11186 = DIRECTION('',(-0.555587850321,0.831457840528,0.));
#11187 = ADVANCED_FACE('',(#11188,#11209,#11243,#11277,#11311,#11345,
    #11379,#11413,#11447,#11481,#11515),#11549,.T.);
#11188 = FACE_BOUND('',#11189,.T.);
#11189 = EDGE_LOOP('',(#11190,#11196,#11202,#11203));
#11190 = ORIENTED_EDGE('',*,*,#11191,.T.);
#11191 = EDGE_CURVE('',#222,#9927,#11192,.T.);
#11192 = LINE('',#11193,#11194);
#11193 = CARTESIAN_POINT('',(-23.35000038147,-37.34999847412,1.));
#11194 = VECTOR('',#11195,1.);
#11195 = DIRECTION('',(1.,0.,0.));
#11196 = ORIENTED_EDGE('',*,*,#11197,.T.);
#11197 = EDGE_CURVE('',#9927,#1006,#11198,.T.);
#11198 = LINE('',#11199,#11200);
#11199 = CARTESIAN_POINT('',(23.35000038147,-37.34999847412,1.));
#11200 = VECTOR('',#11201,1.);
#11201 = DIRECTION('',(0.,0.,1.));
#11202 = ORIENTED_EDGE('',*,*,#1005,.T.);
#11203 = ORIENTED_EDGE('',*,*,#11204,.T.);
#11204 = EDGE_CURVE('',#998,#222,#11205,.T.);
#11205 = LINE('',#11206,#11207);
#11206 = CARTESIAN_POINT('',(-23.35000038147,-37.34999847412,
    11.800000190735));
#11207 = VECTOR('',#11208,1.);
#11208 = DIRECTION('',(0.,0.,-1.));
#11209 = FACE_BOUND('',#11210,.T.);
#11210 = EDGE_LOOP('',(#11211,#11221,#11229,#11237));
#11211 = ORIENTED_EDGE('',*,*,#11212,.T.);
#11212 = EDGE_CURVE('',#11213,#11215,#11217,.T.);
#11213 = VERTEX_POINT('',#11214);
#11214 = CARTESIAN_POINT('',(-21.29999923706,-37.34999847412,6.));
#11215 = VERTEX_POINT('',#11216);
#11216 = CARTESIAN_POINT('',(-22.70000076293,-37.34999847412,6.));
#11217 = LINE('',#11218,#11219);
#11218 = CARTESIAN_POINT('',(-21.29999923706,-37.34999847412,6.));
#11219 = VECTOR('',#11220,1.);
#11220 = DIRECTION('',(-1.,0.,0.));
#11221 = ORIENTED_EDGE('',*,*,#11222,.T.);
#11222 = EDGE_CURVE('',#11215,#11223,#11225,.T.);
#11223 = VERTEX_POINT('',#11224);
#11224 = CARTESIAN_POINT('',(-22.70000076293,-37.34999847412,10.5));
#11225 = LINE('',#11226,#11227);
#11226 = CARTESIAN_POINT('',(-22.70000076293,-37.34999847412,6.));
#11227 = VECTOR('',#11228,1.);
#11228 = DIRECTION('',(0.,0.,1.));
#11229 = ORIENTED_EDGE('',*,*,#11230,.T.);
#11230 = EDGE_CURVE('',#11223,#11231,#11233,.T.);
#11231 = VERTEX_POINT('',#11232);
#11232 = CARTESIAN_POINT('',(-21.29999923706,-37.34999847412,10.5));
#11233 = LINE('',#11234,#11235);
#11234 = CARTESIAN_POINT('',(-22.70000076293,-37.34999847412,10.5));
#11235 = VECTOR('',#11236,1.);
#11236 = DIRECTION('',(1.,0.,0.));
#11237 = ORIENTED_EDGE('',*,*,#11238,.T.);
#11238 = EDGE_CURVE('',#11231,#11213,#11239,.T.);
#11239 = LINE('',#11240,#11241);
#11240 = CARTESIAN_POINT('',(-21.29999923706,-37.34999847412,10.5));
#11241 = VECTOR('',#11242,1.);
#11242 = DIRECTION('',(0.,0.,-1.));
#11243 = FACE_BOUND('',#11244,.T.);
#11244 = EDGE_LOOP('',(#11245,#11255,#11263,#11271));
#11245 = ORIENTED_EDGE('',*,*,#11246,.T.);
#11246 = EDGE_CURVE('',#11247,#11249,#11251,.T.);
#11247 = VERTEX_POINT('',#11248);
#11248 = CARTESIAN_POINT('',(-17.29999923706,-37.34999847412,6.));
#11249 = VERTEX_POINT('',#11250);
#11250 = CARTESIAN_POINT('',(-18.70000076293,-37.34999847412,6.));
#11251 = LINE('',#11252,#11253);
#11252 = CARTESIAN_POINT('',(-17.29999923706,-37.34999847412,6.));
#11253 = VECTOR('',#11254,1.);
#11254 = DIRECTION('',(-1.,0.,0.));
#11255 = ORIENTED_EDGE('',*,*,#11256,.T.);
#11256 = EDGE_CURVE('',#11249,#11257,#11259,.T.);
#11257 = VERTEX_POINT('',#11258);
#11258 = CARTESIAN_POINT('',(-18.70000076293,-37.34999847412,10.5));
#11259 = LINE('',#11260,#11261);
#11260 = CARTESIAN_POINT('',(-18.70000076293,-37.34999847412,6.));
#11261 = VECTOR('',#11262,1.);
#11262 = DIRECTION('',(0.,0.,1.));
#11263 = ORIENTED_EDGE('',*,*,#11264,.T.);
#11264 = EDGE_CURVE('',#11257,#11265,#11267,.T.);
#11265 = VERTEX_POINT('',#11266);
#11266 = CARTESIAN_POINT('',(-17.29999923706,-37.34999847412,10.5));
#11267 = LINE('',#11268,#11269);
#11268 = CARTESIAN_POINT('',(-18.70000076293,-37.34999847412,10.5));
#11269 = VECTOR('',#11270,1.);
#11270 = DIRECTION('',(1.,0.,0.));
#11271 = ORIENTED_EDGE('',*,*,#11272,.T.);
#11272 = EDGE_CURVE('',#11265,#11247,#11273,.T.);
#11273 = LINE('',#11274,#11275);
#11274 = CARTESIAN_POINT('',(-17.29999923706,-37.34999847412,10.5));
#11275 = VECTOR('',#11276,1.);
#11276 = DIRECTION('',(0.,0.,-1.));
#11277 = FACE_BOUND('',#11278,.T.);
#11278 = EDGE_LOOP('',(#11279,#11289,#11297,#11305));
#11279 = ORIENTED_EDGE('',*,*,#11280,.T.);
#11280 = EDGE_CURVE('',#11281,#11283,#11285,.T.);
#11281 = VERTEX_POINT('',#11282);
#11282 = CARTESIAN_POINT('',(-1.299999952316,-37.34999847412,6.));
#11283 = VERTEX_POINT('',#11284);
#11284 = CARTESIAN_POINT('',(-2.700000047684,-37.34999847412,6.));
#11285 = LINE('',#11286,#11287);
#11286 = CARTESIAN_POINT('',(-1.299999952316,-37.34999847412,6.));
#11287 = VECTOR('',#11288,1.);
#11288 = DIRECTION('',(-1.,0.,0.));
#11289 = ORIENTED_EDGE('',*,*,#11290,.T.);
#11290 = EDGE_CURVE('',#11283,#11291,#11293,.T.);
#11291 = VERTEX_POINT('',#11292);
#11292 = CARTESIAN_POINT('',(-2.700000047684,-37.34999847412,10.5));
#11293 = LINE('',#11294,#11295);
#11294 = CARTESIAN_POINT('',(-2.700000047684,-37.34999847412,6.));
#11295 = VECTOR('',#11296,1.);
#11296 = DIRECTION('',(0.,0.,1.));
#11297 = ORIENTED_EDGE('',*,*,#11298,.T.);
#11298 = EDGE_CURVE('',#11291,#11299,#11301,.T.);
#11299 = VERTEX_POINT('',#11300);
#11300 = CARTESIAN_POINT('',(-1.299999952316,-37.34999847412,10.5));
#11301 = LINE('',#11302,#11303);
#11302 = CARTESIAN_POINT('',(-2.700000047684,-37.34999847412,10.5));
#11303 = VECTOR('',#11304,1.);
#11304 = DIRECTION('',(1.,0.,0.));
#11305 = ORIENTED_EDGE('',*,*,#11306,.T.);
#11306 = EDGE_CURVE('',#11299,#11281,#11307,.T.);
#11307 = LINE('',#11308,#11309);
#11308 = CARTESIAN_POINT('',(-1.299999952316,-37.34999847412,10.5));
#11309 = VECTOR('',#11310,1.);
#11310 = DIRECTION('',(0.,0.,-1.));
#11311 = FACE_BOUND('',#11312,.T.);
#11312 = EDGE_LOOP('',(#11313,#11323,#11331,#11339));
#11313 = ORIENTED_EDGE('',*,*,#11314,.T.);
#11314 = EDGE_CURVE('',#11315,#11317,#11319,.T.);
#11315 = VERTEX_POINT('',#11316);
#11316 = CARTESIAN_POINT('',(2.700000047684,-37.34999847412,6.));
#11317 = VERTEX_POINT('',#11318);
#11318 = CARTESIAN_POINT('',(1.299999952316,-37.34999847412,6.));
#11319 = LINE('',#11320,#11321);
#11320 = CARTESIAN_POINT('',(2.700000047684,-37.34999847412,6.));
#11321 = VECTOR('',#11322,1.);
#11322 = DIRECTION('',(-1.,0.,0.));
#11323 = ORIENTED_EDGE('',*,*,#11324,.T.);
#11324 = EDGE_CURVE('',#11317,#11325,#11327,.T.);
#11325 = VERTEX_POINT('',#11326);
#11326 = CARTESIAN_POINT('',(1.299999952316,-37.34999847412,10.5));
#11327 = LINE('',#11328,#11329);
#11328 = CARTESIAN_POINT('',(1.299999952316,-37.34999847412,6.));
#11329 = VECTOR('',#11330,1.);
#11330 = DIRECTION('',(0.,0.,1.));
#11331 = ORIENTED_EDGE('',*,*,#11332,.T.);
#11332 = EDGE_CURVE('',#11325,#11333,#11335,.T.);
#11333 = VERTEX_POINT('',#11334);
#11334 = CARTESIAN_POINT('',(2.700000047684,-37.34999847412,10.5));
#11335 = LINE('',#11336,#11337);
#11336 = CARTESIAN_POINT('',(1.299999952316,-37.34999847412,10.5));
#11337 = VECTOR('',#11338,1.);
#11338 = DIRECTION('',(1.,0.,0.));
#11339 = ORIENTED_EDGE('',*,*,#11340,.T.);
#11340 = EDGE_CURVE('',#11333,#11315,#11341,.T.);
#11341 = LINE('',#11342,#11343);
#11342 = CARTESIAN_POINT('',(2.700000047684,-37.34999847412,10.5));
#11343 = VECTOR('',#11344,1.);
#11344 = DIRECTION('',(0.,0.,-1.));
#11345 = FACE_BOUND('',#11346,.T.);
#11346 = EDGE_LOOP('',(#11347,#11357,#11365,#11373));
#11347 = ORIENTED_EDGE('',*,*,#11348,.T.);
#11348 = EDGE_CURVE('',#11349,#11351,#11353,.T.);
#11349 = VERTEX_POINT('',#11350);
#11350 = CARTESIAN_POINT('',(-13.30000019073,-37.34999847412,6.));
#11351 = VERTEX_POINT('',#11352);
#11352 = CARTESIAN_POINT('',(-14.69999980926,-37.34999847412,6.));
#11353 = LINE('',#11354,#11355);
#11354 = CARTESIAN_POINT('',(-13.30000019073,-37.34999847412,6.));
#11355 = VECTOR('',#11356,1.);
#11356 = DIRECTION('',(-1.,0.,0.));
#11357 = ORIENTED_EDGE('',*,*,#11358,.T.);
#11358 = EDGE_CURVE('',#11351,#11359,#11361,.T.);
#11359 = VERTEX_POINT('',#11360);
#11360 = CARTESIAN_POINT('',(-14.69999980926,-37.34999847412,10.5));
#11361 = LINE('',#11362,#11363);
#11362 = CARTESIAN_POINT('',(-14.69999980926,-37.34999847412,6.));
#11363 = VECTOR('',#11364,1.);
#11364 = DIRECTION('',(0.,0.,1.));
#11365 = ORIENTED_EDGE('',*,*,#11366,.T.);
#11366 = EDGE_CURVE('',#11359,#11367,#11369,.T.);
#11367 = VERTEX_POINT('',#11368);
#11368 = CARTESIAN_POINT('',(-13.30000019073,-37.34999847412,10.5));
#11369 = LINE('',#11370,#11371);
#11370 = CARTESIAN_POINT('',(-14.69999980926,-37.34999847412,10.5));
#11371 = VECTOR('',#11372,1.);
#11372 = DIRECTION('',(1.,0.,0.));
#11373 = ORIENTED_EDGE('',*,*,#11374,.T.);
#11374 = EDGE_CURVE('',#11367,#11349,#11375,.T.);
#11375 = LINE('',#11376,#11377);
#11376 = CARTESIAN_POINT('',(-13.30000019073,-37.34999847412,10.5));
#11377 = VECTOR('',#11378,1.);
#11378 = DIRECTION('',(0.,0.,-1.));
#11379 = FACE_BOUND('',#11380,.T.);
#11380 = EDGE_LOOP('',(#11381,#11391,#11399,#11407));
#11381 = ORIENTED_EDGE('',*,*,#11382,.T.);
#11382 = EDGE_CURVE('',#11383,#11385,#11387,.T.);
#11383 = VERTEX_POINT('',#11384);
#11384 = CARTESIAN_POINT('',(-9.300000190735,-37.34999847412,6.));
#11385 = VERTEX_POINT('',#11386);
#11386 = CARTESIAN_POINT('',(-10.69999980926,-37.34999847412,6.));
#11387 = LINE('',#11388,#11389);
#11388 = CARTESIAN_POINT('',(-9.300000190735,-37.34999847412,6.));
#11389 = VECTOR('',#11390,1.);
#11390 = DIRECTION('',(-1.,0.,0.));
#11391 = ORIENTED_EDGE('',*,*,#11392,.T.);
#11392 = EDGE_CURVE('',#11385,#11393,#11395,.T.);
#11393 = VERTEX_POINT('',#11394);
#11394 = CARTESIAN_POINT('',(-10.69999980926,-37.34999847412,10.5));
#11395 = LINE('',#11396,#11397);
#11396 = CARTESIAN_POINT('',(-10.69999980926,-37.34999847412,6.));
#11397 = VECTOR('',#11398,1.);
#11398 = DIRECTION('',(0.,0.,1.));
#11399 = ORIENTED_EDGE('',*,*,#11400,.T.);
#11400 = EDGE_CURVE('',#11393,#11401,#11403,.T.);
#11401 = VERTEX_POINT('',#11402);
#11402 = CARTESIAN_POINT('',(-9.300000190735,-37.34999847412,10.5));
#11403 = LINE('',#11404,#11405);
#11404 = CARTESIAN_POINT('',(-10.69999980926,-37.34999847412,10.5));
#11405 = VECTOR('',#11406,1.);
#11406 = DIRECTION('',(1.,0.,0.));
#11407 = ORIENTED_EDGE('',*,*,#11408,.T.);
#11408 = EDGE_CURVE('',#11401,#11383,#11409,.T.);
#11409 = LINE('',#11410,#11411);
#11410 = CARTESIAN_POINT('',(-9.300000190735,-37.34999847412,10.5));
#11411 = VECTOR('',#11412,1.);
#11412 = DIRECTION('',(0.,0.,-1.));
#11413 = FACE_BOUND('',#11414,.T.);
#11414 = EDGE_LOOP('',(#11415,#11425,#11433,#11441));
#11415 = ORIENTED_EDGE('',*,*,#11416,.T.);
#11416 = EDGE_CURVE('',#11417,#11419,#11421,.T.);
#11417 = VERTEX_POINT('',#11418);
#11418 = CARTESIAN_POINT('',(-5.300000190735,-37.34999847412,6.));
#11419 = VERTEX_POINT('',#11420);
#11420 = CARTESIAN_POINT('',(-6.699999809265,-37.34999847412,6.));
#11421 = LINE('',#11422,#11423);
#11422 = CARTESIAN_POINT('',(-5.300000190735,-37.34999847412,6.));
#11423 = VECTOR('',#11424,1.);
#11424 = DIRECTION('',(-1.,0.,0.));
#11425 = ORIENTED_EDGE('',*,*,#11426,.T.);
#11426 = EDGE_CURVE('',#11419,#11427,#11429,.T.);
#11427 = VERTEX_POINT('',#11428);
#11428 = CARTESIAN_POINT('',(-6.699999809265,-37.34999847412,10.5));
#11429 = LINE('',#11430,#11431);
#11430 = CARTESIAN_POINT('',(-6.699999809265,-37.34999847412,6.));
#11431 = VECTOR('',#11432,1.);
#11432 = DIRECTION('',(0.,0.,1.));
#11433 = ORIENTED_EDGE('',*,*,#11434,.T.);
#11434 = EDGE_CURVE('',#11427,#11435,#11437,.T.);
#11435 = VERTEX_POINT('',#11436);
#11436 = CARTESIAN_POINT('',(-5.300000190735,-37.34999847412,10.5));
#11437 = LINE('',#11438,#11439);
#11438 = CARTESIAN_POINT('',(-6.699999809265,-37.34999847412,10.5));
#11439 = VECTOR('',#11440,1.);
#11440 = DIRECTION('',(1.,0.,0.));
#11441 = ORIENTED_EDGE('',*,*,#11442,.T.);
#11442 = EDGE_CURVE('',#11435,#11417,#11443,.T.);
#11443 = LINE('',#11444,#11445);
#11444 = CARTESIAN_POINT('',(-5.300000190735,-37.34999847412,10.5));
#11445 = VECTOR('',#11446,1.);
#11446 = DIRECTION('',(0.,0.,-1.));
#11447 = FACE_BOUND('',#11448,.T.);
#11448 = EDGE_LOOP('',(#11449,#11459,#11467,#11475));
#11449 = ORIENTED_EDGE('',*,*,#11450,.T.);
#11450 = EDGE_CURVE('',#11451,#11453,#11455,.T.);
#11451 = VERTEX_POINT('',#11452);
#11452 = CARTESIAN_POINT('',(6.699999809265,-37.34999847412,6.));
#11453 = VERTEX_POINT('',#11454);
#11454 = CARTESIAN_POINT('',(5.300000190735,-37.34999847412,6.));
#11455 = LINE('',#11456,#11457);
#11456 = CARTESIAN_POINT('',(6.699999809265,-37.34999847412,6.));
#11457 = VECTOR('',#11458,1.);
#11458 = DIRECTION('',(-1.,0.,0.));
#11459 = ORIENTED_EDGE('',*,*,#11460,.T.);
#11460 = EDGE_CURVE('',#11453,#11461,#11463,.T.);
#11461 = VERTEX_POINT('',#11462);
#11462 = CARTESIAN_POINT('',(5.300000190735,-37.34999847412,10.5));
#11463 = LINE('',#11464,#11465);
#11464 = CARTESIAN_POINT('',(5.300000190735,-37.34999847412,6.));
#11465 = VECTOR('',#11466,1.);
#11466 = DIRECTION('',(0.,0.,1.));
#11467 = ORIENTED_EDGE('',*,*,#11468,.T.);
#11468 = EDGE_CURVE('',#11461,#11469,#11471,.T.);
#11469 = VERTEX_POINT('',#11470);
#11470 = CARTESIAN_POINT('',(6.699999809265,-37.34999847412,10.5));
#11471 = LINE('',#11472,#11473);
#11472 = CARTESIAN_POINT('',(5.300000190735,-37.34999847412,10.5));
#11473 = VECTOR('',#11474,1.);
#11474 = DIRECTION('',(1.,0.,0.));
#11475 = ORIENTED_EDGE('',*,*,#11476,.T.);
#11476 = EDGE_CURVE('',#11469,#11451,#11477,.T.);
#11477 = LINE('',#11478,#11479);
#11478 = CARTESIAN_POINT('',(6.699999809265,-37.34999847412,10.5));
#11479 = VECTOR('',#11480,1.);
#11480 = DIRECTION('',(0.,0.,-1.));
#11481 = FACE_BOUND('',#11482,.T.);
#11482 = EDGE_LOOP('',(#11483,#11493,#11501,#11509));
#11483 = ORIENTED_EDGE('',*,*,#11484,.T.);
#11484 = EDGE_CURVE('',#11485,#11487,#11489,.T.);
#11485 = VERTEX_POINT('',#11486);
#11486 = CARTESIAN_POINT('',(10.699999809265,-37.34999847412,6.));
#11487 = VERTEX_POINT('',#11488);
#11488 = CARTESIAN_POINT('',(9.300000190735,-37.34999847412,6.));
#11489 = LINE('',#11490,#11491);
#11490 = CARTESIAN_POINT('',(10.699999809265,-37.34999847412,6.));
#11491 = VECTOR('',#11492,1.);
#11492 = DIRECTION('',(-1.,0.,0.));
#11493 = ORIENTED_EDGE('',*,*,#11494,.T.);
#11494 = EDGE_CURVE('',#11487,#11495,#11497,.T.);
#11495 = VERTEX_POINT('',#11496);
#11496 = CARTESIAN_POINT('',(9.300000190735,-37.34999847412,10.5));
#11497 = LINE('',#11498,#11499);
#11498 = CARTESIAN_POINT('',(9.300000190735,-37.34999847412,6.));
#11499 = VECTOR('',#11500,1.);
#11500 = DIRECTION('',(0.,0.,1.));
#11501 = ORIENTED_EDGE('',*,*,#11502,.T.);
#11502 = EDGE_CURVE('',#11495,#11503,#11505,.T.);
#11503 = VERTEX_POINT('',#11504);
#11504 = CARTESIAN_POINT('',(10.699999809265,-37.34999847412,10.5));
#11505 = LINE('',#11506,#11507);
#11506 = CARTESIAN_POINT('',(9.300000190735,-37.34999847412,10.5));
#11507 = VECTOR('',#11508,1.);
#11508 = DIRECTION('',(1.,0.,0.));
#11509 = ORIENTED_EDGE('',*,*,#11510,.T.);
#11510 = EDGE_CURVE('',#11503,#11485,#11511,.T.);
#11511 = LINE('',#11512,#11513);
#11512 = CARTESIAN_POINT('',(10.699999809265,-37.34999847412,10.5));
#11513 = VECTOR('',#11514,1.);
#11514 = DIRECTION('',(0.,0.,-1.));
#11515 = FACE_BOUND('',#11516,.T.);
#11516 = EDGE_LOOP('',(#11517,#11527,#11535,#11543));
#11517 = ORIENTED_EDGE('',*,*,#11518,.T.);
#11518 = EDGE_CURVE('',#11519,#11521,#11523,.T.);
#11519 = VERTEX_POINT('',#11520);
#11520 = CARTESIAN_POINT('',(14.699999809265,-37.34999847412,6.));
#11521 = VERTEX_POINT('',#11522);
#11522 = CARTESIAN_POINT('',(13.300000190735,-37.34999847412,6.));
#11523 = LINE('',#11524,#11525);
#11524 = CARTESIAN_POINT('',(14.699999809265,-37.34999847412,6.));
#11525 = VECTOR('',#11526,1.);
#11526 = DIRECTION('',(-1.,0.,0.));
#11527 = ORIENTED_EDGE('',*,*,#11528,.T.);
#11528 = EDGE_CURVE('',#11521,#11529,#11531,.T.);
#11529 = VERTEX_POINT('',#11530);
#11530 = CARTESIAN_POINT('',(13.300000190735,-37.34999847412,10.5));
#11531 = LINE('',#11532,#11533);
#11532 = CARTESIAN_POINT('',(13.300000190735,-37.34999847412,6.));
#11533 = VECTOR('',#11534,1.);
#11534 = DIRECTION('',(0.,0.,1.));
#11535 = ORIENTED_EDGE('',*,*,#11536,.T.);
#11536 = EDGE_CURVE('',#11529,#11537,#11539,.T.);
#11537 = VERTEX_POINT('',#11538);
#11538 = CARTESIAN_POINT('',(14.699999809265,-37.34999847412,10.5));
#11539 = LINE('',#11540,#11541);
#11540 = CARTESIAN_POINT('',(13.300000190735,-37.34999847412,10.5));
#11541 = VECTOR('',#11542,1.);
#11542 = DIRECTION('',(1.,0.,0.));
#11543 = ORIENTED_EDGE('',*,*,#11544,.T.);
#11544 = EDGE_CURVE('',#11537,#11519,#11545,.T.);
#11545 = LINE('',#11546,#11547);
#11546 = CARTESIAN_POINT('',(14.699999809265,-37.34999847412,10.5));
#11547 = VECTOR('',#11548,1.);
#11548 = DIRECTION('',(0.,0.,-1.));
#11549 = PLANE('',#11550);
#11550 = AXIS2_PLACEMENT_3D('',#11551,#11552,#11553);
#11551 = CARTESIAN_POINT('',(0.,-37.34999847412,6.400000095367));
#11552 = DIRECTION('',(-0.,-1.,-0.));
#11553 = DIRECTION('',(0.,0.,-1.));
#11554 = ADVANCED_FACE('',(#11555),#11566,.T.);
#11555 = FACE_BOUND('',#11556,.T.);
#11556 = EDGE_LOOP('',(#11557,#11558,#11559,#11560));
#11557 = ORIENTED_EDGE('',*,*,#1013,.T.);
#11558 = ORIENTED_EDGE('',*,*,#11197,.F.);
#11559 = ORIENTED_EDGE('',*,*,#9944,.F.);
#11560 = ORIENTED_EDGE('',*,*,#11561,.T.);
#11561 = EDGE_CURVE('',#9937,#1014,#11562,.T.);
#11562 = LINE('',#11563,#11564);
#11563 = CARTESIAN_POINT('',(23.872100830078,-37.31579971313,1.));
#11564 = VECTOR('',#11565,1.);
#11565 = DIRECTION('',(0.,0.,1.));
#11566 = PLANE('',#11567);
#11567 = AXIS2_PLACEMENT_3D('',#11568,#11569,#11570);
#11568 = CARTESIAN_POINT('',(23.611050605774,-37.33289909362,
    6.400000095367));
#11569 = DIRECTION('',(6.536219348922E-02,-0.997861605466,-0.));
#11570 = DIRECTION('',(-0.997861605466,-6.536219348922E-02,0.));
#11571 = ADVANCED_FACE('',(#11572),#11578,.T.);
#11572 = FACE_BOUND('',#11573,.T.);
#11573 = EDGE_LOOP('',(#11574,#11575,#11576,#11577));
#11574 = ORIENTED_EDGE('',*,*,#11191,.F.);
#11575 = ORIENTED_EDGE('',*,*,#230,.T.);
#11576 = ORIENTED_EDGE('',*,*,#11040,.T.);
#11577 = ORIENTED_EDGE('',*,*,#9926,.F.);
#11578 = PLANE('',#11579);
#11579 = AXIS2_PLACEMENT_3D('',#11580,#11581,#11582);
#11580 = CARTESIAN_POINT('',(-4.430350234689E-16,-36.84999847412,0.5));
#11581 = DIRECTION('',(-0.,-0.707106781187,-0.707106781187));
#11582 = DIRECTION('',(0.,-0.707106781187,0.707106781187));
#11583 = ADVANCED_FACE('',(#11584),#11595,.T.);
#11584 = FACE_BOUND('',#11585,.T.);
#11585 = EDGE_LOOP('',(#11586,#11587,#11588,#11589));
#11586 = ORIENTED_EDGE('',*,*,#8726,.F.);
#11587 = ORIENTED_EDGE('',*,*,#11058,.T.);
#11588 = ORIENTED_EDGE('',*,*,#528,.F.);
#11589 = ORIENTED_EDGE('',*,*,#11590,.F.);
#11590 = EDGE_CURVE('',#8729,#521,#11591,.T.);
#11591 = LINE('',#11592,#11593);
#11592 = CARTESIAN_POINT('',(-27.35000038147,-2.400000095367,1.));
#11593 = VECTOR('',#11594,1.);
#11594 = DIRECTION('',(0.,-1.,0.));
#11595 = PLANE('',#11596);
#11596 = AXIS2_PLACEMENT_3D('',#11597,#11598,#11599);
#11597 = CARTESIAN_POINT('',(-26.85000038147,-17.87499928474,0.5));
#11598 = DIRECTION('',(-0.707106781187,-0.,-0.707106781187));
#11599 = DIRECTION('',(-0.707106781187,0.,0.707106781187));
#11600 = ADVANCED_FACE('',(#11601),#11617,.T.);
#11601 = FACE_BOUND('',#11602,.T.);
#11602 = EDGE_LOOP('',(#11603,#11609,#11610,#11616));
#11603 = ORIENTED_EDGE('',*,*,#11604,.T.);
#11604 = EDGE_CURVE('',#903,#8729,#11605,.T.);
#11605 = LINE('',#11606,#11607);
#11606 = CARTESIAN_POINT('',(-27.35000038147,-2.400000095367,
    11.800000190735));
#11607 = VECTOR('',#11608,1.);
#11608 = DIRECTION('',(0.,0.,-1.));
#11609 = ORIENTED_EDGE('',*,*,#11590,.T.);
#11610 = ORIENTED_EDGE('',*,*,#11611,.T.);
#11611 = EDGE_CURVE('',#521,#911,#11612,.T.);
#11612 = LINE('',#11613,#11614);
#11613 = CARTESIAN_POINT('',(-27.35000038147,-33.34999847412,1.));
#11614 = VECTOR('',#11615,1.);
#11615 = DIRECTION('',(0.,0.,1.));
#11616 = ORIENTED_EDGE('',*,*,#910,.T.);
#11617 = PLANE('',#11618);
#11618 = AXIS2_PLACEMENT_3D('',#11619,#11620,#11621);
#11619 = CARTESIAN_POINT('',(-27.35000038147,-17.87499928474,
    6.400000095367));
#11620 = DIRECTION('',(-1.,-0.,-0.));
#11621 = DIRECTION('',(0.,0.,-1.));
#11622 = ADVANCED_FACE('',(#11623),#11634,.T.);
#11623 = FACE_BOUND('',#11624,.T.);
#11624 = EDGE_LOOP('',(#11625,#11626,#11627,#11633));
#11625 = ORIENTED_EDGE('',*,*,#11611,.F.);
#11626 = ORIENTED_EDGE('',*,*,#520,.T.);
#11627 = ORIENTED_EDGE('',*,*,#11628,.T.);
#11628 = EDGE_CURVE('',#470,#919,#11629,.T.);
#11629 = LINE('',#11630,#11631);
#11630 = CARTESIAN_POINT('',(-27.31579971313,-33.87210083007,1.));
#11631 = VECTOR('',#11632,1.);
#11632 = DIRECTION('',(0.,0.,1.));
#11633 = ORIENTED_EDGE('',*,*,#918,.T.);
#11634 = PLANE('',#11635);
#11635 = AXIS2_PLACEMENT_3D('',#11636,#11637,#11638);
#11636 = CARTESIAN_POINT('',(-27.3329000473,-33.6110496521,
    6.400000095367));
#11637 = DIRECTION('',(-0.997861383272,-6.536558554883E-02,-0.));
#11638 = DIRECTION('',(6.536558554883E-02,-0.997861383272,0.));
#11639 = ADVANCED_FACE('',(#11640),#11656,.T.);
#11640 = FACE_BOUND('',#11641,.T.);
#11641 = EDGE_LOOP('',(#11642,#11643,#11649,#11650));
#11642 = ORIENTED_EDGE('',*,*,#854,.T.);
#11643 = ORIENTED_EDGE('',*,*,#11644,.T.);
#11644 = EDGE_CURVE('',#847,#8996,#11645,.T.);
#11645 = LINE('',#11646,#11647);
#11646 = CARTESIAN_POINT('',(-25.78499984741,0.773413002491,
    11.800000190735));
#11647 = VECTOR('',#11648,1.);
#11648 = DIRECTION('',(0.,0.,-1.));
#11649 = ORIENTED_EDGE('',*,*,#9026,.F.);
#11650 = ORIENTED_EDGE('',*,*,#11651,.T.);
#11651 = EDGE_CURVE('',#8974,#855,#11652,.T.);
#11652 = LINE('',#11653,#11654);
#11653 = CARTESIAN_POINT('',(-26.17840003967,0.428425997496,1.));
#11654 = VECTOR('',#11655,1.);
#11655 = DIRECTION('',(0.,0.,1.));
#11656 = PLANE('',#11657);
#11657 = AXIS2_PLACEMENT_3D('',#11658,#11659,#11660);
#11658 = CARTESIAN_POINT('',(-25.98169994354,0.600919499993,
    6.400000095367));
#11659 = DIRECTION('',(-0.659328849516,0.751854685558,0.));
#11660 = DIRECTION('',(0.751854685558,0.659328849516,0.));
#11661 = ADVANCED_FACE('',(#11662),#11673,.T.);
#11662 = FACE_BOUND('',#11663,.T.);
#11663 = EDGE_LOOP('',(#11664,#11665,#11666,#11667));
#11664 = ORIENTED_EDGE('',*,*,#1021,.T.);
#11665 = ORIENTED_EDGE('',*,*,#11561,.F.);
#11666 = ORIENTED_EDGE('',*,*,#10034,.F.);
#11667 = ORIENTED_EDGE('',*,*,#11668,.T.);
#11668 = EDGE_CURVE('',#10005,#1022,#11669,.T.);
#11669 = LINE('',#11670,#11671);
#11670 = CARTESIAN_POINT('',(24.385299682617,-37.21369934082,1.));
#11671 = VECTOR('',#11672,1.);
#11672 = DIRECTION('',(0.,0.,1.));
#11673 = PLANE('',#11674);
#11674 = AXIS2_PLACEMENT_3D('',#11675,#11676,#11677);
#11675 = CARTESIAN_POINT('',(24.128700256348,-37.26474952697,
    6.400000095367));
#11676 = DIRECTION('',(0.195124834768,-0.980778414759,-0.));
#11677 = DIRECTION('',(-0.980778414759,-0.195124834768,0.));
#11678 = ADVANCED_FACE('',(#11679),#11690,.T.);
#11679 = FACE_BOUND('',#11680,.T.);
#11680 = EDGE_LOOP('',(#11681,#11682,#11683,#11689));
#11681 = ORIENTED_EDGE('',*,*,#11651,.F.);
#11682 = ORIENTED_EDGE('',*,*,#8973,.F.);
#11683 = ORIENTED_EDGE('',*,*,#11684,.T.);
#11684 = EDGE_CURVE('',#8904,#863,#11685,.T.);
#11685 = LINE('',#11686,#11687);
#11686 = CARTESIAN_POINT('',(-26.52339935302,3.50446999073E-02,1.));
#11687 = VECTOR('',#11688,1.);
#11688 = DIRECTION('',(0.,0.,1.));
#11689 = ORIENTED_EDGE('',*,*,#862,.T.);
#11690 = PLANE('',#11691);
#11691 = AXIS2_PLACEMENT_3D('',#11692,#11693,#11694);
#11692 = CARTESIAN_POINT('',(-26.35089969635,0.231735348701,
    6.400000095367));
#11693 = DIRECTION('',(-0.751827325654,0.659360047622,-0.));
#11694 = DIRECTION('',(-0.659360047622,-0.751827325654,0.));
#11695 = ADVANCED_FACE('',(#11696),#11707,.T.);
#11696 = FACE_BOUND('',#11697,.T.);
#11697 = EDGE_LOOP('',(#11698,#11699,#11700,#11706));
#11698 = ORIENTED_EDGE('',*,*,#11684,.F.);
#11699 = ORIENTED_EDGE('',*,*,#8934,.F.);
#11700 = ORIENTED_EDGE('',*,*,#11701,.T.);
#11701 = EDGE_CURVE('',#8882,#871,#11702,.T.);
#11702 = LINE('',#11703,#11704);
#11703 = CARTESIAN_POINT('',(-26.8141002655,-0.40000000596,1.));
#11704 = VECTOR('',#11705,1.);
#11705 = DIRECTION('',(0.,0.,1.));
#11706 = ORIENTED_EDGE('',*,*,#870,.T.);
#11707 = PLANE('',#11708);
#11708 = AXIS2_PLACEMENT_3D('',#11709,#11710,#11711);
#11709 = CARTESIAN_POINT('',(-26.66874980926,-0.182477653027,
    6.400000095367));
#11710 = DIRECTION('',(-0.831457840528,0.555587850321,-0.));
#11711 = DIRECTION('',(-0.555587850321,-0.831457840528,0.));
#11712 = ADVANCED_FACE('',(#11713),#11724,.T.);
#11713 = FACE_BOUND('',#11714,.T.);
#11714 = EDGE_LOOP('',(#11715,#11716,#11717,#11723));
#11715 = ORIENTED_EDGE('',*,*,#11628,.F.);
#11716 = ORIENTED_EDGE('',*,*,#467,.F.);
#11717 = ORIENTED_EDGE('',*,*,#11718,.F.);
#11718 = EDGE_CURVE('',#927,#468,#11719,.T.);
#11719 = LINE('',#11720,#11721);
#11720 = CARTESIAN_POINT('',(-27.21369934082,-34.38529968261,
    11.800000190735));
#11721 = VECTOR('',#11722,1.);
#11722 = DIRECTION('',(0.,0.,-1.));
#11723 = ORIENTED_EDGE('',*,*,#926,.T.);
#11724 = PLANE('',#11725);
#11725 = AXIS2_PLACEMENT_3D('',#11726,#11727,#11728);
#11726 = CARTESIAN_POINT('',(-27.26474952697,-34.12870025634,
    6.400000095367));
#11727 = DIRECTION('',(-0.980778414759,-0.195124834768,-0.));
#11728 = DIRECTION('',(0.195124834768,-0.980778414759,0.));
#11729 = ADVANCED_FACE('',(#11730),#11741,.T.);
#11730 = FACE_BOUND('',#11731,.T.);
#11731 = EDGE_LOOP('',(#11732,#11733,#11734,#11740));
#11732 = ORIENTED_EDGE('',*,*,#11718,.T.);
#11733 = ORIENTED_EDGE('',*,*,#566,.T.);
#11734 = ORIENTED_EDGE('',*,*,#11735,.T.);
#11735 = EDGE_CURVE('',#355,#935,#11736,.T.);
#11736 = LINE('',#11737,#11738);
#11737 = CARTESIAN_POINT('',(-27.04549980163,-34.88069915771,1.));
#11738 = VECTOR('',#11739,1.);
#11739 = DIRECTION('',(0.,0.,1.));
#11740 = ORIENTED_EDGE('',*,*,#934,.T.);
#11741 = PLANE('',#11742);
#11742 = AXIS2_PLACEMENT_3D('',#11743,#11744,#11745);
#11743 = CARTESIAN_POINT('',(-27.12959957122,-34.63299942016,
    6.400000095367));
#11744 = DIRECTION('',(-0.94691030154,-0.321497870656,-0.));
#11745 = DIRECTION('',(0.321497870656,-0.94691030154,0.));
#11746 = ADVANCED_FACE('',(#11747),#11753,.T.);
#11747 = FACE_BOUND('',#11748,.T.);
#11748 = EDGE_LOOP('',(#11749,#11750,#11751,#11752));
#11749 = ORIENTED_EDGE('',*,*,#997,.T.);
#11750 = ORIENTED_EDGE('',*,*,#10983,.F.);
#11751 = ORIENTED_EDGE('',*,*,#221,.F.);
#11752 = ORIENTED_EDGE('',*,*,#11204,.F.);
#11753 = PLANE('',#11754);
#11754 = AXIS2_PLACEMENT_3D('',#11755,#11756,#11757);
#11755 = CARTESIAN_POINT('',(-23.61105060577,-37.33289909362,
    6.400000095367));
#11756 = DIRECTION('',(-6.536219348922E-02,-0.997861605466,-0.));
#11757 = DIRECTION('',(-0.997861605466,6.536219348922E-02,0.));
#11758 = ADVANCED_FACE('',(#11759),#11775,.T.);
#11759 = FACE_BOUND('',#11760,.T.);
#11760 = EDGE_LOOP('',(#11761,#11767,#11768,#11774));
#11761 = ORIENTED_EDGE('',*,*,#11762,.T.);
#11762 = EDGE_CURVE('',#879,#8828,#11763,.T.);
#11763 = LINE('',#11764,#11765);
#11764 = CARTESIAN_POINT('',(-27.04549980163,-0.869266986847,
    11.800000190735));
#11765 = VECTOR('',#11766,1.);
#11766 = DIRECTION('',(0.,0.,-1.));
#11767 = ORIENTED_EDGE('',*,*,#9042,.F.);
#11768 = ORIENTED_EDGE('',*,*,#11769,.F.);
#11769 = EDGE_CURVE('',#887,#8806,#11770,.T.);
#11770 = LINE('',#11771,#11772);
#11771 = CARTESIAN_POINT('',(-27.21369934082,-1.364719986916,
    11.800000190735));
#11772 = VECTOR('',#11773,1.);
#11773 = DIRECTION('',(0.,0.,-1.));
#11774 = ORIENTED_EDGE('',*,*,#886,.T.);
#11775 = PLANE('',#11776);
#11776 = AXIS2_PLACEMENT_3D('',#11777,#11778,#11779);
#11777 = CARTESIAN_POINT('',(-27.12959957122,-1.116993486881,
    6.400000095367));
#11778 = DIRECTION('',(-0.946920874652,0.321466727901,-0.));
#11779 = DIRECTION('',(-0.321466727901,-0.946920874652,0.));
#11780 = ADVANCED_FACE('',(#11781),#11792,.T.);
#11781 = FACE_BOUND('',#11782,.T.);
#11782 = EDGE_LOOP('',(#11783,#11784,#11785,#11791));
#11783 = ORIENTED_EDGE('',*,*,#11769,.T.);
#11784 = ORIENTED_EDGE('',*,*,#8805,.T.);
#11785 = ORIENTED_EDGE('',*,*,#11786,.T.);
#11786 = EDGE_CURVE('',#8737,#895,#11787,.T.);
#11787 = LINE('',#11788,#11789);
#11788 = CARTESIAN_POINT('',(-27.31579971313,-1.877900004387,1.));
#11789 = VECTOR('',#11790,1.);
#11790 = DIRECTION('',(0.,0.,1.));
#11791 = ORIENTED_EDGE('',*,*,#894,.T.);
#11792 = PLANE('',#11793);
#11793 = AXIS2_PLACEMENT_3D('',#11794,#11795,#11796);
#11794 = CARTESIAN_POINT('',(-27.26474952697,-1.621309995651,
    6.400000095367));
#11795 = DIRECTION('',(-0.980777044191,0.195131723684,-0.));
#11796 = DIRECTION('',(-0.195131723684,-0.980777044191,0.));
#11797 = ADVANCED_FACE('',(#11798),#11809,.T.);
#11798 = FACE_BOUND('',#11799,.T.);
#11799 = EDGE_LOOP('',(#11800,#11801,#11802,#11808));
#11800 = ORIENTED_EDGE('',*,*,#11091,.F.);
#11801 = ORIENTED_EDGE('',*,*,#1133,.T.);
#11802 = ORIENTED_EDGE('',*,*,#11803,.T.);
#11803 = EDGE_CURVE('',#1126,#9397,#11804,.T.);
#11804 = LINE('',#11805,#11806);
#11805 = CARTESIAN_POINT('',(27.21369934082,-1.364719986916,
    11.800000190735));
#11806 = VECTOR('',#11807,1.);
#11807 = DIRECTION('',(0.,0.,-1.));
#11808 = ORIENTED_EDGE('',*,*,#9427,.T.);
#11809 = PLANE('',#11810);
#11810 = AXIS2_PLACEMENT_3D('',#11811,#11812,#11813);
#11811 = CARTESIAN_POINT('',(27.129599571228,-1.116993486881,
    6.400000095367));
#11812 = DIRECTION('',(0.946920874652,0.321466727901,0.));
#11813 = DIRECTION('',(-0.321466727901,0.946920874652,0.));
#11814 = ADVANCED_FACE('',(#11815),#11821,.T.);
#11815 = FACE_BOUND('',#11816,.T.);
#11816 = EDGE_LOOP('',(#11817,#11818,#11819,#11820));
#11817 = ORIENTED_EDGE('',*,*,#11786,.F.);
#11818 = ORIENTED_EDGE('',*,*,#8736,.F.);
#11819 = ORIENTED_EDGE('',*,*,#11604,.F.);
#11820 = ORIENTED_EDGE('',*,*,#902,.T.);
#11821 = PLANE('',#11822);
#11822 = AXIS2_PLACEMENT_3D('',#11823,#11824,#11825);
#11823 = CARTESIAN_POINT('',(-27.3329000473,-2.138950049877,
    6.400000095367));
#11824 = DIRECTION('',(-0.997861364776,6.536586790645E-02,-0.));
#11825 = DIRECTION('',(-6.536586790645E-02,-0.997861364776,0.));
#11826 = ADVANCED_FACE('',(#11827),#11833,.T.);
#11827 = FACE_BOUND('',#11828,.T.);
#11828 = EDGE_LOOP('',(#11829,#11830,#11831,#11832));
#11829 = ORIENTED_EDGE('',*,*,#1029,.T.);
#11830 = ORIENTED_EDGE('',*,*,#11668,.F.);
#11831 = ORIENTED_EDGE('',*,*,#10020,.F.);
#11832 = ORIENTED_EDGE('',*,*,#10767,.F.);
#11833 = PLANE('',#11834);
#11834 = AXIS2_PLACEMENT_3D('',#11835,#11836,#11837);
#11835 = CARTESIAN_POINT('',(24.632999420166,-37.1296005249,
    6.400000095367));
#11836 = DIRECTION('',(0.321494601755,-0.946911411402,-0.));
#11837 = DIRECTION('',(-0.946911411402,-0.321494601755,0.));
#11838 = ADVANCED_FACE('',(#11839),#11845,.T.);
#11839 = FACE_BOUND('',#11840,.T.);
#11840 = EDGE_LOOP('',(#11841,#11842,#11843,#11844));
#11841 = ORIENTED_EDGE('',*,*,#846,.T.);
#11842 = ORIENTED_EDGE('',*,*,#9281,.F.);
#11843 = ORIENTED_EDGE('',*,*,#9081,.F.);
#11844 = ORIENTED_EDGE('',*,*,#11644,.F.);
#11845 = PLANE('',#11846);
#11846 = AXIS2_PLACEMENT_3D('',#11847,#11848,#11849);
#11847 = CARTESIAN_POINT('',(-25.56750011444,0.918756514788,
    6.400000095367));
#11848 = DIRECTION('',(-0.555609443772,0.831443411178,0.));
#11849 = DIRECTION('',(0.831443411178,0.555609443772,0.));
#11850 = ADVANCED_FACE('',(#11851),#11857,.T.);
#11851 = FACE_BOUND('',#11852,.T.);
#11852 = EDGE_LOOP('',(#11853,#11854,#11855,#11856));
#11853 = ORIENTED_EDGE('',*,*,#1205,.T.);
#11854 = ORIENTED_EDGE('',*,*,#10915,.F.);
#11855 = ORIENTED_EDGE('',*,*,#9864,.F.);
#11856 = ORIENTED_EDGE('',*,*,#10536,.F.);
#11857 = PLANE('',#11858);
#11858 = AXIS2_PLACEMENT_3D('',#11859,#11860,#11861);
#11859 = CARTESIAN_POINT('',(23.611050605774,1.582890033722,
    6.400000095367));
#11860 = DIRECTION('',(6.540257524952E-02,0.997858959548,0.));
#11861 = DIRECTION('',(0.997858959548,-6.540257524952E-02,0.));
#11862 = ADVANCED_FACE('',(#11863),#11869,.T.);
#11863 = FACE_BOUND('',#11864,.T.);
#11864 = EDGE_LOOP('',(#11865,#11866,#11867,#11868));
#11865 = ORIENTED_EDGE('',*,*,#11701,.F.);
#11866 = ORIENTED_EDGE('',*,*,#8881,.F.);
#11867 = ORIENTED_EDGE('',*,*,#11762,.F.);
#11868 = ORIENTED_EDGE('',*,*,#878,.T.);
#11869 = PLANE('',#11870);
#11870 = AXIS2_PLACEMENT_3D('',#11871,#11872,#11873);
#11871 = CARTESIAN_POINT('',(-26.92980003356,-0.634633496404,
    6.400000095367));
#11872 = DIRECTION('',(-0.896885879139,0.442262048791,-0.));
#11873 = DIRECTION('',(-0.442262048791,-0.896885879139,0.));
#11874 = ADVANCED_FACE('',(#11875),#11881,.T.);
#11875 = FACE_BOUND('',#11876,.T.);
#11876 = EDGE_LOOP('',(#11877,#11878,#11879,#11880));
#11877 = ORIENTED_EDGE('',*,*,#10480,.F.);
#11878 = ORIENTED_EDGE('',*,*,#1085,.T.);
#11879 = ORIENTED_EDGE('',*,*,#10788,.F.);
#11880 = ORIENTED_EDGE('',*,*,#10381,.F.);
#11881 = PLANE('',#11882);
#11882 = AXIS2_PLACEMENT_3D('',#11883,#11884,#11885);
#11883 = CARTESIAN_POINT('',(27.129599571228,-34.63299942016,
    6.400000095367));
#11884 = DIRECTION('',(0.94691030154,-0.321497870656,0.));
#11885 = DIRECTION('',(0.321497870656,0.94691030154,0.));
#11886 = ADVANCED_FACE('',(#11887),#11893,.T.);
#11887 = FACE_BOUND('',#11888,.T.);
#11888 = EDGE_LOOP('',(#11889,#11890,#11891,#11892));
#11889 = ORIENTED_EDGE('',*,*,#11803,.F.);
#11890 = ORIENTED_EDGE('',*,*,#1125,.T.);
#11891 = ORIENTED_EDGE('',*,*,#9295,.F.);
#11892 = ORIENTED_EDGE('',*,*,#9404,.F.);
#11893 = PLANE('',#11894);
#11894 = AXIS2_PLACEMENT_3D('',#11895,#11896,#11897);
#11895 = CARTESIAN_POINT('',(27.264749526978,-1.621309995651,
    6.400000095367));
#11896 = DIRECTION('',(0.980777044191,0.195131723684,0.));
#11897 = DIRECTION('',(-0.195131723684,0.980777044191,0.));
#11898 = ADVANCED_FACE('',(#11899),#11905,.T.);
#11899 = FACE_BOUND('',#11900,.T.);
#11900 = EDGE_LOOP('',(#11901,#11902,#11903,#11904));
#11901 = ORIENTED_EDGE('',*,*,#1189,.T.);
#11902 = ORIENTED_EDGE('',*,*,#11165,.F.);
#11903 = ORIENTED_EDGE('',*,*,#9551,.F.);
#11904 = ORIENTED_EDGE('',*,*,#10908,.F.);
#11905 = PLANE('',#11906);
#11906 = AXIS2_PLACEMENT_3D('',#11907,#11908,#11909);
#11907 = CARTESIAN_POINT('',(24.632999420166,1.379610002041,
    6.400000095367));
#11908 = DIRECTION('',(0.321464568185,0.946921607844,0.));
#11909 = DIRECTION('',(0.946921607844,-0.321464568185,0.));
#11910 = ADVANCED_FACE('',(#11911),#11917,.T.);
#11911 = FACE_BOUND('',#11912,.T.);
#11912 = EDGE_LOOP('',(#11913,#11914,#11915,#11916));
#11913 = ORIENTED_EDGE('',*,*,#822,.T.);
#11914 = ORIENTED_EDGE('',*,*,#10932,.F.);
#11915 = ORIENTED_EDGE('',*,*,#9263,.F.);
#11916 = ORIENTED_EDGE('',*,*,#8696,.F.);
#11917 = PLANE('',#11918);
#11918 = AXIS2_PLACEMENT_3D('',#11919,#11920,#11921);
#11919 = CARTESIAN_POINT('',(-24.12870025634,1.514740049839,
    6.400000095367));
#11920 = DIRECTION('',(-0.195087360067,0.980785869567,0.));
#11921 = DIRECTION('',(0.980785869567,0.195087360067,0.));
#11922 = ADVANCED_FACE('',(#11923),#11934,.T.);
#11923 = FACE_BOUND('',#11924,.T.);
#11924 = EDGE_LOOP('',(#11925,#11926,#11927,#11933));
#11925 = ORIENTED_EDGE('',*,*,#11735,.F.);
#11926 = ORIENTED_EDGE('',*,*,#352,.F.);
#11927 = ORIENTED_EDGE('',*,*,#11928,.T.);
#11928 = EDGE_CURVE('',#353,#943,#11929,.T.);
#11929 = LINE('',#11930,#11931);
#11930 = CARTESIAN_POINT('',(-26.8141002655,-35.34999847412,1.));
#11931 = VECTOR('',#11932,1.);
#11932 = DIRECTION('',(0.,0.,1.));
#11933 = ORIENTED_EDGE('',*,*,#942,.T.);
#11934 = PLANE('',#11935);
#11935 = AXIS2_PLACEMENT_3D('',#11936,#11937,#11938);
#11936 = CARTESIAN_POINT('',(-26.92980003356,-35.11534881591,
    6.400000095367));
#11937 = DIRECTION('',(-0.896897966188,-0.442237536001,-0.));
#11938 = DIRECTION('',(0.442237536001,-0.896897966188,0.));
#11939 = ADVANCED_FACE('',(#11940),#11946,.T.);
#11940 = FACE_BOUND('',#11941,.T.);
#11941 = EDGE_LOOP('',(#11942,#11943,#11944,#11945));
#11942 = ORIENTED_EDGE('',*,*,#11928,.F.);
#11943 = ORIENTED_EDGE('',*,*,#407,.F.);
#11944 = ORIENTED_EDGE('',*,*,#582,.F.);
#11945 = ORIENTED_EDGE('',*,*,#950,.T.);
#11946 = PLANE('',#11947);
#11947 = AXIS2_PLACEMENT_3D('',#11948,#11949,#11950);
#11948 = CARTESIAN_POINT('',(-26.66874980926,-35.56749916076,
    6.400000095367));
#11949 = DIRECTION('',(-0.831432274033,-0.555626109625,-0.));
#11950 = DIRECTION('',(0.555626109625,-0.831432274033,0.));
#11951 = ADVANCED_FACE('',(#11952),#11968,.T.);
#11952 = FACE_BOUND('',#11953,.T.);
#11953 = EDGE_LOOP('',(#11954,#11955,#11961,#11962));
#11954 = ORIENTED_EDGE('',*,*,#742,.F.);
#11955 = ORIENTED_EDGE('',*,*,#11956,.T.);
#11956 = EDGE_CURVE('',#735,#3709,#11957,.T.);
#11957 = LINE('',#11958,#11959);
#11958 = CARTESIAN_POINT('',(-25.04710006713,-0.70294302702,
    11.800000190735));
#11959 = VECTOR('',#11960,1.);
#11960 = DIRECTION('',(0.,0.,-1.));
#11961 = ORIENTED_EDGE('',*,*,#3708,.T.);
#11962 = ORIENTED_EDGE('',*,*,#11963,.T.);
#11963 = EDGE_CURVE('',#3701,#743,#11964,.T.);
#11964 = LINE('',#11965,#11966);
#11965 = CARTESIAN_POINT('',(-24.81100082397,-0.495952010155,
    0.799998998642));
#11966 = VECTOR('',#11967,1.);
#11967 = DIRECTION('',(0.,0.,1.));
#11968 = PLANE('',#11969);
#11969 = AXIS2_PLACEMENT_3D('',#11970,#11971,#11972);
#11970 = CARTESIAN_POINT('',(-24.92905044555,-0.599447518587,
    6.299999594688));
#11971 = DIRECTION('',(0.659233358511,-0.751938414384,-0.));
#11972 = DIRECTION('',(-0.751938414384,-0.659233358511,0.));
#11973 = ADVANCED_FACE('',(#11974),#11990,.T.);
#11974 = FACE_BOUND('',#11975,.T.);
#11975 = EDGE_LOOP('',(#11976,#11982,#11983,#11989));
#11976 = ORIENTED_EDGE('',*,*,#11977,.T.);
#11977 = EDGE_CURVE('',#3749,#695,#11978,.T.);
#11978 = LINE('',#11979,#11980);
#11979 = CARTESIAN_POINT('',(-25.72949981689,-2.086740016937,
    0.799998998642));
#11980 = VECTOR('',#11981,1.);
#11981 = DIRECTION('',(0.,0.,1.));
#11982 = ORIENTED_EDGE('',*,*,#694,.F.);
#11983 = ORIENTED_EDGE('',*,*,#11984,.T.);
#11984 = EDGE_CURVE('',#687,#3757,#11985,.T.);
#11985 = LINE('',#11986,#11987);
#11986 = CARTESIAN_POINT('',(-25.75,-2.400000095367,11.800000190735));
#11987 = VECTOR('',#11988,1.);
#11988 = DIRECTION('',(0.,0.,-1.));
#11989 = ORIENTED_EDGE('',*,*,#3756,.T.);
#11990 = PLANE('',#11991);
#11991 = AXIS2_PLACEMENT_3D('',#11992,#11993,#11994);
#11992 = CARTESIAN_POINT('',(-25.73974990844,-2.243370056152,
    6.299999594688));
#11993 = DIRECTION('',(0.997865563764,-6.530173545992E-02,0.));
#11994 = DIRECTION('',(6.530173545992E-02,0.997865563764,0.));
#11995 = ADVANCED_FACE('',(#11996),#12012,.T.);
#11996 = FACE_BOUND('',#11997,.T.);
#11997 = EDGE_LOOP('',(#11998,#12004,#12005,#12011));
#11998 = ORIENTED_EDGE('',*,*,#11999,.T.);
#11999 = EDGE_CURVE('',#3811,#669,#12000,.T.);
#12000 = LINE('',#12001,#12002);
#12001 = CARTESIAN_POINT('',(-25.66819953918,-33.97119903564,
    0.799998998642));
#12002 = VECTOR('',#12003,1.);
#12003 = DIRECTION('',(0.,0.,1.));
#12004 = ORIENTED_EDGE('',*,*,#1508,.F.);
#12005 = ORIENTED_EDGE('',*,*,#12006,.T.);
#12006 = EDGE_CURVE('',#1501,#3819,#12007,.T.);
#12007 = LINE('',#12008,#12009);
#12008 = CARTESIAN_POINT('',(-25.5673007965,-34.26839828491,
    11.800000190735));
#12009 = VECTOR('',#12010,1.);
#12010 = DIRECTION('',(0.,0.,-1.));
#12011 = ORIENTED_EDGE('',*,*,#3818,.T.);
#12012 = PLANE('',#12013);
#12013 = AXIS2_PLACEMENT_3D('',#12014,#12015,#12016);
#12014 = CARTESIAN_POINT('',(-25.61775016784,-34.11979866027,
    6.299999594688));
#12015 = DIRECTION('',(0.946917335376,0.321477153098,0.));
#12016 = DIRECTION('',(-0.321477153098,0.946917335376,0.));
#12017 = ADVANCED_FACE('',(#12018),#12034,.T.);
#12018 = FACE_BOUND('',#12019,.T.);
#12019 = EDGE_LOOP('',(#12020,#12026,#12027,#12033));
#12020 = ORIENTED_EDGE('',*,*,#12021,.T.);
#12021 = EDGE_CURVE('',#3733,#711,#12022,.T.);
#12022 = LINE('',#12023,#12024);
#12023 = CARTESIAN_POINT('',(-25.5673007965,-1.481559991837,
    0.799998998642));
#12024 = VECTOR('',#12025,1.);
#12025 = DIRECTION('',(0.,0.,1.));
#12026 = ORIENTED_EDGE('',*,*,#710,.F.);
#12027 = ORIENTED_EDGE('',*,*,#12028,.T.);
#12028 = EDGE_CURVE('',#703,#3741,#12029,.T.);
#12029 = LINE('',#12030,#12031);
#12030 = CARTESIAN_POINT('',(-25.66819953918,-1.778830051422,
    11.800000190735));
#12031 = VECTOR('',#12032,1.);
#12032 = DIRECTION('',(0.,0.,-1.));
#12033 = ORIENTED_EDGE('',*,*,#3740,.T.);
#12034 = PLANE('',#12035);
#12035 = AXIS2_PLACEMENT_3D('',#12036,#12037,#12038);
#12036 = CARTESIAN_POINT('',(-25.61775016784,-1.630195021629,
    6.299999594688));
#12037 = DIRECTION('',(0.946940644287,-0.321408488061,0.));
#12038 = DIRECTION('',(0.321408488061,0.946940644287,0.));
#12039 = ADVANCED_FACE('',(#12040),#12060,.T.);
#12040 = FACE_BOUND('',#12041,.T.);
#12041 = EDGE_LOOP('',(#12042,#12043,#12044,#12050,#12051,#12052,#12053,
    #12059));
#12042 = ORIENTED_EDGE('',*,*,#11984,.F.);
#12043 = ORIENTED_EDGE('',*,*,#686,.F.);
#12044 = ORIENTED_EDGE('',*,*,#12045,.T.);
#12045 = EDGE_CURVE('',#679,#3795,#12046,.T.);
#12046 = LINE('',#12047,#12048);
#12047 = CARTESIAN_POINT('',(-25.75,-33.34999847412,11.800000190735));
#12048 = VECTOR('',#12049,1.);
#12049 = DIRECTION('',(0.,0.,-1.));
#12050 = ORIENTED_EDGE('',*,*,#3794,.T.);
#12051 = ORIENTED_EDGE('',*,*,#3337,.T.);
#12052 = ORIENTED_EDGE('',*,*,#3642,.T.);
#12053 = ORIENTED_EDGE('',*,*,#12054,.T.);
#12054 = EDGE_CURVE('',#3635,#3765,#12055,.T.);
#12055 = LINE('',#12056,#12057);
#12056 = CARTESIAN_POINT('',(-25.75,-19.25,3.799999952316));
#12057 = VECTOR('',#12058,1.);
#12058 = DIRECTION('',(0.,0.,-1.));
#12059 = ORIENTED_EDGE('',*,*,#3764,.T.);
#12060 = PLANE('',#12061);
#12061 = AXIS2_PLACEMENT_3D('',#12062,#12063,#12064);
#12062 = CARTESIAN_POINT('',(-25.75,-18.00013841418,6.066406634222));
#12063 = DIRECTION('',(1.,0.,0.));
#12064 = DIRECTION('',(-0.,0.,1.));
#12065 = ADVANCED_FACE('',(#12066),#12082,.T.);
#12066 = FACE_BOUND('',#12067,.T.);
#12067 = EDGE_LOOP('',(#12068,#12069,#12075,#12076));
#12068 = ORIENTED_EDGE('',*,*,#1277,.F.);
#12069 = ORIENTED_EDGE('',*,*,#12070,.T.);
#12070 = EDGE_CURVE('',#1270,#4091,#12071,.T.);
#12071 = LINE('',#12072,#12073);
#12072 = CARTESIAN_POINT('',(24.811000823975,-0.495952010155,
    11.800000190735));
#12073 = VECTOR('',#12074,1.);
#12074 = DIRECTION('',(0.,0.,-1.));
#12075 = ORIENTED_EDGE('',*,*,#4090,.T.);
#12076 = ORIENTED_EDGE('',*,*,#12077,.T.);
#12077 = EDGE_CURVE('',#4083,#1278,#12078,.T.);
#12078 = LINE('',#12079,#12080);
#12079 = CARTESIAN_POINT('',(25.047100067139,-0.70294302702,
    0.799998998642));
#12080 = VECTOR('',#12081,1.);
#12081 = DIRECTION('',(0.,0.,1.));
#12082 = PLANE('',#12083);
#12083 = AXIS2_PLACEMENT_3D('',#12084,#12085,#12086);
#12084 = CARTESIAN_POINT('',(24.929050445557,-0.599447518587,
    6.299999594688));
#12085 = DIRECTION('',(-0.659233358511,-0.751938414384,-0.));
#12086 = DIRECTION('',(-0.751938414384,0.659233358511,0.));
#12087 = ADVANCED_FACE('',(#12088),#12113,.T.);
#12088 = FACE_BOUND('',#12089,.T.);
#12089 = EDGE_LOOP('',(#12090,#12091,#12099,#12107));
#12090 = ORIENTED_EDGE('',*,*,#1476,.F.);
#12091 = ORIENTED_EDGE('',*,*,#12092,.T.);
#12092 = EDGE_CURVE('',#1469,#12093,#12095,.T.);
#12093 = VERTEX_POINT('',#12094);
#12094 = CARTESIAN_POINT('',(-24.81100082397,-35.25400161743,
    1.799999952316));
#12095 = LINE('',#12096,#12097);
#12096 = CARTESIAN_POINT('',(-24.81100082397,-35.25400161743,
    11.800000190735));
#12097 = VECTOR('',#12098,1.);
#12098 = DIRECTION('',(0.,0.,-1.));
#12099 = ORIENTED_EDGE('',*,*,#12100,.T.);
#12100 = EDGE_CURVE('',#12093,#12101,#12103,.T.);
#12101 = VERTEX_POINT('',#12102);
#12102 = CARTESIAN_POINT('',(-25.04710006713,-35.04710006713,
    1.799999952316));
#12103 = LINE('',#12104,#12105);
#12104 = CARTESIAN_POINT('',(-24.81100082397,-35.25400161743,
    1.799999952316));
#12105 = VECTOR('',#12106,1.);
#12106 = DIRECTION('',(-0.752079667623,0.659072206627,0.));
#12107 = ORIENTED_EDGE('',*,*,#12108,.T.);
#12108 = EDGE_CURVE('',#12101,#1477,#12109,.T.);
#12109 = LINE('',#12110,#12111);
#12110 = CARTESIAN_POINT('',(-25.04710006713,-35.04710006713,
    1.799999952316));
#12111 = VECTOR('',#12112,1.);
#12112 = DIRECTION('',(0.,0.,1.));
#12113 = PLANE('',#12114);
#12114 = AXIS2_PLACEMENT_3D('',#12115,#12116,#12117);
#12115 = CARTESIAN_POINT('',(-24.92905044555,-35.15055084228,
    6.800000071526));
#12116 = DIRECTION('',(0.659072206627,0.752079667623,0.));
#12117 = DIRECTION('',(0.752079667623,-0.659072206627,0.));
#12118 = ADVANCED_FACE('',(#12119),#12135,.T.);
#12119 = FACE_BOUND('',#12120,.T.);
#12120 = EDGE_LOOP('',(#12121,#12122,#12128,#12129));
#12121 = ORIENTED_EDGE('',*,*,#1405,.F.);
#12122 = ORIENTED_EDGE('',*,*,#12123,.T.);
#12123 = EDGE_CURVE('',#1398,#3963,#12124,.T.);
#12124 = LINE('',#12125,#12126);
#12125 = CARTESIAN_POINT('',(24.549999237061,-35.42850112915,
    11.800000190735));
#12126 = VECTOR('',#12127,1.);
#12127 = DIRECTION('',(0.,0.,-1.));
#12128 = ORIENTED_EDGE('',*,*,#3962,.T.);
#12129 = ORIENTED_EDGE('',*,*,#12130,.T.);
#12130 = EDGE_CURVE('',#3955,#1406,#12131,.T.);
#12131 = LINE('',#12132,#12133);
#12132 = CARTESIAN_POINT('',(24.268400192261,-35.56729888916,
    0.799998998642));
#12133 = VECTOR('',#12134,1.);
#12134 = DIRECTION('',(0.,0.,1.));
#12135 = PLANE('',#12136);
#12136 = AXIS2_PLACEMENT_3D('',#12137,#12138,#12139);
#12137 = CARTESIAN_POINT('',(24.409199714661,-35.49790000915,
    6.299999594688));
#12138 = DIRECTION('',(-0.442105433485,0.89696309048,0.));
#12139 = DIRECTION('',(0.89696309048,0.442105433485,0.));
#12140 = ADVANCED_FACE('',(#12141),#12152,.T.);
#12141 = FACE_BOUND('',#12142,.T.);
#12142 = EDGE_LOOP('',(#12143,#12144,#12150,#12151));
#12143 = ORIENTED_EDGE('',*,*,#613,.F.);
#12144 = ORIENTED_EDGE('',*,*,#12145,.T.);
#12145 = EDGE_CURVE('',#614,#3867,#12146,.T.);
#12146 = LINE('',#12147,#12148);
#12147 = CARTESIAN_POINT('',(-24.26840019226,-35.56729888916,
    11.800000190735));
#12148 = VECTOR('',#12149,1.);
#12149 = DIRECTION('',(0.,0.,-1.));
#12150 = ORIENTED_EDGE('',*,*,#3866,.T.);
#12151 = ORIENTED_EDGE('',*,*,#7740,.T.);
#12152 = PLANE('',#12153);
#12153 = AXIS2_PLACEMENT_3D('',#12154,#12155,#12156);
#12154 = CARTESIAN_POINT('',(-24.30584204458,-35.54883877154,
    6.262242059859));
#12155 = DIRECTION('',(0.442208518815,0.896912273239,0.));
#12156 = DIRECTION('',(0.896912273239,-0.442208518815,0.));
#12157 = ADVANCED_FACE('',(#12158),#12174,.T.);
#12158 = FACE_BOUND('',#12159,.T.);
#12159 = EDGE_LOOP('',(#12160,#12161,#12167,#12168));
#12160 = ORIENTED_EDGE('',*,*,#1421,.F.);
#12161 = ORIENTED_EDGE('',*,*,#12162,.T.);
#12162 = EDGE_CURVE('',#1414,#3947,#12163,.T.);
#12163 = LINE('',#12164,#12165);
#12164 = CARTESIAN_POINT('',(23.971200942993,-35.66820144653,
    11.800000190735));
#12165 = VECTOR('',#12166,1.);
#12166 = DIRECTION('',(0.,0.,-1.));
#12167 = ORIENTED_EDGE('',*,*,#3946,.T.);
#12168 = ORIENTED_EDGE('',*,*,#12169,.T.);
#12169 = EDGE_CURVE('',#3939,#1422,#12170,.T.);
#12170 = LINE('',#12171,#12172);
#12171 = CARTESIAN_POINT('',(23.663299560547,-35.72949981689,
    0.799998998642));
#12172 = VECTOR('',#12173,1.);
#12173 = DIRECTION('',(0.,0.,1.));
#12174 = PLANE('',#12175);
#12175 = AXIS2_PLACEMENT_3D('',#12176,#12177,#12178);
#12176 = CARTESIAN_POINT('',(23.81725025177,-35.69885063171,
    6.299999594688));
#12177 = DIRECTION('',(-0.195252644939,0.980752978402,0.));
#12178 = DIRECTION('',(0.980752978402,0.195252644939,0.));
#12179 = ADVANCED_FACE('',(#12180),#12196,.T.);
#12180 = FACE_BOUND('',#12181,.T.);
#12181 = EDGE_LOOP('',(#12182,#12183,#12189,#12190));
#12182 = ORIENTED_EDGE('',*,*,#1453,.F.);
#12183 = ORIENTED_EDGE('',*,*,#12184,.T.);
#12184 = EDGE_CURVE('',#1446,#3883,#12185,.T.);
#12185 = LINE('',#12186,#12187);
#12186 = CARTESIAN_POINT('',(-23.66329956054,-35.72949981689,
    11.800000190735));
#12187 = VECTOR('',#12188,1.);
#12188 = DIRECTION('',(0.,0.,-1.));
#12189 = ORIENTED_EDGE('',*,*,#3882,.T.);
#12190 = ORIENTED_EDGE('',*,*,#12191,.T.);
#12191 = EDGE_CURVE('',#3875,#1454,#12192,.T.);
#12192 = LINE('',#12193,#12194);
#12193 = CARTESIAN_POINT('',(-23.97120094299,-35.66820144653,
    0.799998998642));
#12194 = VECTOR('',#12195,1.);
#12195 = DIRECTION('',(0.,0.,1.));
#12196 = PLANE('',#12197);
#12197 = AXIS2_PLACEMENT_3D('',#12198,#12199,#12200);
#12198 = CARTESIAN_POINT('',(-23.81725025177,-35.69885063171,
    6.299999594688));
#12199 = DIRECTION('',(0.195252644939,0.980752978402,0.));
#12200 = DIRECTION('',(0.980752978402,-0.195252644939,0.));
#12201 = ADVANCED_FACE('',(#12202),#12218,.T.);
#12202 = FACE_BOUND('',#12203,.T.);
#12203 = EDGE_LOOP('',(#12204,#12205,#12211,#12212));
#12204 = ORIENTED_EDGE('',*,*,#1253,.F.);
#12205 = ORIENTED_EDGE('',*,*,#12206,.T.);
#12206 = EDGE_CURVE('',#1246,#4115,#12207,.T.);
#12207 = LINE('',#12208,#12209);
#12208 = CARTESIAN_POINT('',(23.971200942993,-8.177760243416E-02,
    11.800000190735));
#12209 = VECTOR('',#12210,1.);
#12210 = DIRECTION('',(0.,0.,-1.));
#12211 = ORIENTED_EDGE('',*,*,#4114,.T.);
#12212 = ORIENTED_EDGE('',*,*,#12213,.T.);
#12213 = EDGE_CURVE('',#4107,#1254,#12214,.T.);
#12214 = LINE('',#12215,#12216);
#12215 = CARTESIAN_POINT('',(24.268400192261,-0.182688996196,
    0.799998998642));
#12216 = VECTOR('',#12217,1.);
#12217 = DIRECTION('',(0.,0.,1.));
#12218 = PLANE('',#12219);
#12219 = AXIS2_PLACEMENT_3D('',#12220,#12221,#12222);
#12220 = CARTESIAN_POINT('',(24.119800567627,-0.132233299315,
    6.299999594688));
#12221 = DIRECTION('',(-0.321513294738,-0.946905064569,-0.));
#12222 = DIRECTION('',(-0.946905064569,0.321513294738,0.));
#12223 = ADVANCED_FACE('',(#12224),#12240,.T.);
#12224 = FACE_BOUND('',#12225,.T.);
#12225 = EDGE_LOOP('',(#12226,#12232,#12233,#12239));
#12226 = ORIENTED_EDGE('',*,*,#12227,.T.);
#12227 = EDGE_CURVE('',#3717,#727,#12228,.T.);
#12228 = LINE('',#12229,#12230);
#12229 = CARTESIAN_POINT('',(-25.25399971008,-0.938971996307,
    0.799998998642));
#12230 = VECTOR('',#12231,1.);
#12231 = DIRECTION('',(0.,0.,1.));
#12232 = ORIENTED_EDGE('',*,*,#726,.F.);
#12233 = ORIENTED_EDGE('',*,*,#12234,.T.);
#12234 = EDGE_CURVE('',#719,#3725,#12235,.T.);
#12235 = LINE('',#12236,#12237);
#12236 = CARTESIAN_POINT('',(-25.4284992218,-1.200000047684,
    11.800000190735));
#12237 = VECTOR('',#12238,1.);
#12238 = DIRECTION('',(0.,0.,-1.));
#12239 = ORIENTED_EDGE('',*,*,#3724,.T.);
#12240 = PLANE('',#12241);
#12241 = AXIS2_PLACEMENT_3D('',#12242,#12243,#12244);
#12242 = CARTESIAN_POINT('',(-25.34124946594,-1.069486021996,
    6.299999594688));
#12243 = DIRECTION('',(0.831342853843,-0.555759893627,0.));
#12244 = DIRECTION('',(0.555759893627,0.831342853843,0.));
#12245 = ADVANCED_FACE('',(#12246),#12252,.T.);
#12246 = FACE_BOUND('',#12247,.T.);
#12247 = EDGE_LOOP('',(#12248,#12249,#12250,#12251));
#12248 = ORIENTED_EDGE('',*,*,#1461,.F.);
#12249 = ORIENTED_EDGE('',*,*,#12191,.F.);
#12250 = ORIENTED_EDGE('',*,*,#3874,.T.);
#12251 = ORIENTED_EDGE('',*,*,#12145,.F.);
#12252 = PLANE('',#12253);
#12253 = AXIS2_PLACEMENT_3D('',#12254,#12255,#12256);
#12254 = CARTESIAN_POINT('',(-24.11980056762,-35.61775016784,
    6.299999594688));
#12255 = DIRECTION('',(0.321488051078,0.946913635457,0.));
#12256 = DIRECTION('',(0.946913635457,-0.321488051078,0.));
#12257 = ADVANCED_FACE('',(#12258),#12264,.T.);
#12258 = FACE_BOUND('',#12259,.T.);
#12259 = EDGE_LOOP('',(#12260,#12261,#12262,#12263));
#12260 = ORIENTED_EDGE('',*,*,#12028,.F.);
#12261 = ORIENTED_EDGE('',*,*,#702,.F.);
#12262 = ORIENTED_EDGE('',*,*,#11977,.F.);
#12263 = ORIENTED_EDGE('',*,*,#3748,.T.);
#12264 = PLANE('',#12265);
#12265 = AXIS2_PLACEMENT_3D('',#12266,#12267,#12268);
#12266 = CARTESIAN_POINT('',(-25.69884967804,-1.93278503418,
    6.299999594688));
#12267 = DIRECTION('',(0.98075285727,-0.195253253382,0.));
#12268 = DIRECTION('',(0.195253253382,0.98075285727,0.));
#12269 = ADVANCED_FACE('',(#12270),#12286,.T.);
#12270 = FACE_BOUND('',#12271,.T.);
#12271 = EDGE_LOOP('',(#12272,#12273,#12279,#12280));
#12272 = ORIENTED_EDGE('',*,*,#766,.F.);
#12273 = ORIENTED_EDGE('',*,*,#12274,.T.);
#12274 = EDGE_CURVE('',#759,#3693,#12275,.T.);
#12275 = LINE('',#12276,#12277);
#12276 = CARTESIAN_POINT('',(-24.26840019226,-0.182688996196,
    11.800000190735));
#12277 = VECTOR('',#12278,1.);
#12278 = DIRECTION('',(0.,0.,-1.));
#12279 = ORIENTED_EDGE('',*,*,#4153,.T.);
#12280 = ORIENTED_EDGE('',*,*,#12281,.T.);
#12281 = EDGE_CURVE('',#4146,#767,#12282,.T.);
#12282 = LINE('',#12283,#12284);
#12283 = CARTESIAN_POINT('',(-23.97120094299,-8.177760243416E-02,
    0.799998998642));
#12284 = VECTOR('',#12285,1.);
#12285 = DIRECTION('',(0.,0.,1.));
#12286 = PLANE('',#12287);
#12287 = AXIS2_PLACEMENT_3D('',#12288,#12289,#12290);
#12288 = CARTESIAN_POINT('',(-24.11980056762,-0.132233299315,
    6.299999594688));
#12289 = DIRECTION('',(0.321513294738,-0.946905064569,-0.));
#12290 = DIRECTION('',(-0.946905064569,-0.321513294738,0.));
#12291 = ADVANCED_FACE('',(#12292),#12303,.T.);
#12292 = FACE_BOUND('',#12293,.T.);
#12293 = EDGE_LOOP('',(#12294,#12295,#12296,#12297));
#12294 = ORIENTED_EDGE('',*,*,#774,.F.);
#12295 = ORIENTED_EDGE('',*,*,#12281,.F.);
#12296 = ORIENTED_EDGE('',*,*,#4145,.T.);
#12297 = ORIENTED_EDGE('',*,*,#12298,.T.);
#12298 = EDGE_CURVE('',#4138,#775,#12299,.T.);
#12299 = LINE('',#12300,#12301);
#12300 = CARTESIAN_POINT('',(-23.66329956054,-2.053170092404E-02,
    0.799998998642));
#12301 = VECTOR('',#12302,1.);
#12302 = DIRECTION('',(0.,0.,1.));
#12303 = PLANE('',#12304);
#12304 = AXIS2_PLACEMENT_3D('',#12305,#12306,#12307);
#12305 = CARTESIAN_POINT('',(-23.81725025177,-5.11546516791E-02,
    6.299999594688));
#12306 = DIRECTION('',(0.195091880468,-0.980784970407,-0.));
#12307 = DIRECTION('',(-0.980784970407,-0.195091880468,0.));
#12308 = ADVANCED_FACE('',(#12309),#12320,.T.);
#12309 = FACE_BOUND('',#12310,.T.);
#12310 = EDGE_LOOP('',(#12311,#12312,#12318,#12319));
#12311 = ORIENTED_EDGE('',*,*,#758,.F.);
#12312 = ORIENTED_EDGE('',*,*,#12313,.T.);
#12313 = EDGE_CURVE('',#751,#3691,#12314,.T.);
#12314 = LINE('',#12315,#12316);
#12315 = CARTESIAN_POINT('',(-24.54999923706,-0.321539014578,
    11.800000190735));
#12316 = VECTOR('',#12317,1.);
#12317 = DIRECTION('',(0.,0.,-1.));
#12318 = ORIENTED_EDGE('',*,*,#3690,.T.);
#12319 = ORIENTED_EDGE('',*,*,#12274,.F.);
#12320 = PLANE('',#12321);
#12321 = AXIS2_PLACEMENT_3D('',#12322,#12323,#12324);
#12322 = CARTESIAN_POINT('',(-24.40919971466,-0.252114005387,
    6.299999594688));
#12323 = DIRECTION('',(0.44223933962,-0.896897076867,-0.));
#12324 = DIRECTION('',(-0.896897076867,-0.44223933962,0.));
#12325 = ADVANCED_FACE('',(#12326),#12344,.T.);
#12326 = FACE_BOUND('',#12327,.T.);
#12327 = EDGE_LOOP('',(#12328,#12329,#12330,#12338));
#12328 = ORIENTED_EDGE('',*,*,#1546,.T.);
#12329 = ORIENTED_EDGE('',*,*,#1492,.F.);
#12330 = ORIENTED_EDGE('',*,*,#12331,.T.);
#12331 = EDGE_CURVE('',#1485,#12332,#12334,.T.);
#12332 = VERTEX_POINT('',#12333);
#12333 = CARTESIAN_POINT('',(-25.25399971008,-34.81100082397,
    1.799999952316));
#12334 = LINE('',#12335,#12336);
#12335 = CARTESIAN_POINT('',(-25.25399971008,-34.81100082397,
    11.800000190735));
#12336 = VECTOR('',#12337,1.);
#12337 = DIRECTION('',(0.,0.,-1.));
#12338 = ORIENTED_EDGE('',*,*,#12339,.T.);
#12339 = EDGE_CURVE('',#12332,#1547,#12340,.T.);
#12340 = LINE('',#12341,#12342);
#12341 = CARTESIAN_POINT('',(-25.25399971008,-34.81100082397,
    1.799999952316));
#12342 = VECTOR('',#12343,1.);
#12343 = DIRECTION('',(-0.55579883821,0.831316817732,0.));
#12344 = PLANE('',#12345);
#12345 = AXIS2_PLACEMENT_3D('',#12346,#12347,#12348);
#12346 = CARTESIAN_POINT('',(-25.34124946594,-34.68050003051,
    6.800000071526));
#12347 = DIRECTION('',(0.831316817732,0.55579883821,0.));
#12348 = DIRECTION('',(-0.55579883821,0.831316817732,0.));
#12349 = ADVANCED_FACE('',(#12350),#12356,.T.);
#12350 = FACE_BOUND('',#12351,.T.);
#12351 = EDGE_LOOP('',(#12352,#12353,#12354,#12355));
#12352 = ORIENTED_EDGE('',*,*,#750,.F.);
#12353 = ORIENTED_EDGE('',*,*,#11963,.F.);
#12354 = ORIENTED_EDGE('',*,*,#3700,.T.);
#12355 = ORIENTED_EDGE('',*,*,#12313,.F.);
#12356 = PLANE('',#12357);
#12357 = AXIS2_PLACEMENT_3D('',#12358,#12359,#12360);
#12358 = CARTESIAN_POINT('',(-24.68050003051,-0.408745512366,
    6.299999594688));
#12359 = DIRECTION('',(0.555608356419,-0.831444137797,-0.));
#12360 = DIRECTION('',(-0.831444137797,-0.555608356419,0.));
#12361 = ADVANCED_FACE('',(#12362),#12373,.T.);
#12362 = FACE_BOUND('',#12363,.T.);
#12363 = EDGE_LOOP('',(#12364,#12365,#12371,#12372));
#12364 = ORIENTED_EDGE('',*,*,#1397,.F.);
#12365 = ORIENTED_EDGE('',*,*,#12366,.T.);
#12366 = EDGE_CURVE('',#1390,#3971,#12367,.T.);
#12367 = LINE('',#12368,#12369);
#12368 = CARTESIAN_POINT('',(24.811000823975,-35.25400161743,
    11.800000190735));
#12369 = VECTOR('',#12370,1.);
#12370 = DIRECTION('',(0.,0.,-1.));
#12371 = ORIENTED_EDGE('',*,*,#3970,.T.);
#12372 = ORIENTED_EDGE('',*,*,#12123,.F.);
#12373 = PLANE('',#12374);
#12374 = AXIS2_PLACEMENT_3D('',#12375,#12376,#12377);
#12375 = CARTESIAN_POINT('',(24.680500030518,-35.34125137329,
    6.299999594688));
#12376 = DIRECTION('',(-0.55579883821,0.831316817732,0.));
#12377 = DIRECTION('',(0.831316817732,0.55579883821,0.));
#12378 = ADVANCED_FACE('',(#12379),#12390,.T.);
#12379 = FACE_BOUND('',#12380,.T.);
#12380 = EDGE_LOOP('',(#12381,#12382,#12388,#12389));
#12381 = ORIENTED_EDGE('',*,*,#1245,.F.);
#12382 = ORIENTED_EDGE('',*,*,#12383,.T.);
#12383 = EDGE_CURVE('',#1238,#4123,#12384,.T.);
#12384 = LINE('',#12385,#12386);
#12385 = CARTESIAN_POINT('',(23.663299560547,-2.053170092404E-02,
    11.800000190735));
#12386 = VECTOR('',#12387,1.);
#12387 = DIRECTION('',(0.,0.,-1.));
#12388 = ORIENTED_EDGE('',*,*,#4122,.T.);
#12389 = ORIENTED_EDGE('',*,*,#12206,.F.);
#12390 = PLANE('',#12391);
#12391 = AXIS2_PLACEMENT_3D('',#12392,#12393,#12394);
#12392 = CARTESIAN_POINT('',(23.81725025177,-5.11546516791E-02,
    6.299999594688));
#12393 = DIRECTION('',(-0.195091880468,-0.980784970407,-0.));
#12394 = DIRECTION('',(-0.980784970407,0.195091880468,0.));
#12395 = ADVANCED_FACE('',(#12396),#12407,.T.);
#12396 = FACE_BOUND('',#12397,.T.);
#12397 = EDGE_LOOP('',(#12398,#12399,#12405,#12406));
#12398 = ORIENTED_EDGE('',*,*,#1269,.F.);
#12399 = ORIENTED_EDGE('',*,*,#12400,.T.);
#12400 = EDGE_CURVE('',#1262,#4099,#12401,.T.);
#12401 = LINE('',#12402,#12403);
#12402 = CARTESIAN_POINT('',(24.549999237061,-0.321539014578,
    11.800000190735));
#12403 = VECTOR('',#12404,1.);
#12404 = DIRECTION('',(0.,0.,-1.));
#12405 = ORIENTED_EDGE('',*,*,#4098,.T.);
#12406 = ORIENTED_EDGE('',*,*,#12070,.F.);
#12407 = PLANE('',#12408);
#12408 = AXIS2_PLACEMENT_3D('',#12409,#12410,#12411);
#12409 = CARTESIAN_POINT('',(24.680500030518,-0.408745512366,
    6.299999594688));
#12410 = DIRECTION('',(-0.555608356419,-0.831444137797,-0.));
#12411 = DIRECTION('',(-0.831444137797,0.555608356419,0.));
#12412 = ADVANCED_FACE('',(#12413),#12419,.T.);
#12413 = FACE_BOUND('',#12414,.T.);
#12414 = EDGE_LOOP('',(#12415,#12416,#12417,#12418));
#12415 = ORIENTED_EDGE('',*,*,#1389,.F.);
#12416 = ORIENTED_EDGE('',*,*,#7838,.T.);
#12417 = ORIENTED_EDGE('',*,*,#3978,.T.);
#12418 = ORIENTED_EDGE('',*,*,#12366,.F.);
#12419 = PLANE('',#12420);
#12420 = AXIS2_PLACEMENT_3D('',#12421,#12422,#12423);
#12421 = CARTESIAN_POINT('',(24.929050445557,-35.15055084228,
    6.299999594688));
#12422 = DIRECTION('',(-0.659072206627,0.752079667623,0.));
#12423 = DIRECTION('',(0.752079667623,0.659072206627,0.));
#12424 = ADVANCED_FACE('',(#12425),#12431,.T.);
#12425 = FACE_BOUND('',#12426,.T.);
#12426 = EDGE_LOOP('',(#12427,#12428,#12429,#12430));
#12427 = ORIENTED_EDGE('',*,*,#7921,.F.);
#12428 = ORIENTED_EDGE('',*,*,#4026,.T.);
#12429 = ORIENTED_EDGE('',*,*,#7892,.F.);
#12430 = ORIENTED_EDGE('',*,*,#1341,.F.);
#12431 = PLANE('',#12432);
#12432 = AXIS2_PLACEMENT_3D('',#12433,#12434,#12435);
#12433 = CARTESIAN_POINT('',(25.739749908447,-33.50664901733,
    6.299999594688));
#12434 = DIRECTION('',(-0.997866120693,6.529322455382E-02,-0.));
#12435 = DIRECTION('',(-6.529322455382E-02,-0.997866120693,0.));
#12436 = ADVANCED_FACE('',(#12437),#12443,.T.);
#12437 = FACE_BOUND('',#12438,.T.);
#12438 = EDGE_LOOP('',(#12439,#12440,#12441,#12442));
#12439 = ORIENTED_EDGE('',*,*,#1413,.F.);
#12440 = ORIENTED_EDGE('',*,*,#12130,.F.);
#12441 = ORIENTED_EDGE('',*,*,#3954,.T.);
#12442 = ORIENTED_EDGE('',*,*,#12162,.F.);
#12443 = PLANE('',#12444);
#12444 = AXIS2_PLACEMENT_3D('',#12445,#12446,#12447);
#12445 = CARTESIAN_POINT('',(24.119800567627,-35.61775016784,
    6.299999594688));
#12446 = DIRECTION('',(-0.321488051078,0.946913635457,0.));
#12447 = DIRECTION('',(0.946913635457,0.321488051078,0.));
#12448 = ADVANCED_FACE('',(#12449),#12455,.T.);
#12449 = FACE_BOUND('',#12450,.T.);
#12450 = EDGE_LOOP('',(#12451,#12452,#12453,#12454));
#12451 = ORIENTED_EDGE('',*,*,#1237,.F.);
#12452 = ORIENTED_EDGE('',*,*,#1608,.T.);
#12453 = ORIENTED_EDGE('',*,*,#4130,.T.);
#12454 = ORIENTED_EDGE('',*,*,#12383,.F.);
#12455 = PLANE('',#12456);
#12456 = AXIS2_PLACEMENT_3D('',#12457,#12458,#12459);
#12457 = CARTESIAN_POINT('',(23.506649971008,-1.026585046202E-02,
    6.299999594688));
#12458 = DIRECTION('',(-6.539357648823E-02,-0.997859549312,-0.));
#12459 = DIRECTION('',(-0.997859549312,6.539357648823E-02,0.));
#12460 = ADVANCED_FACE('',(#12461),#12467,.T.);
#12461 = FACE_BOUND('',#12462,.T.);
#12462 = EDGE_LOOP('',(#12463,#12464,#12465,#12466));
#12463 = ORIENTED_EDGE('',*,*,#7877,.F.);
#12464 = ORIENTED_EDGE('',*,*,#4042,.T.);
#12465 = ORIENTED_EDGE('',*,*,#7914,.F.);
#12466 = ORIENTED_EDGE('',*,*,#1325,.F.);
#12467 = PLANE('',#12468);
#12468 = AXIS2_PLACEMENT_3D('',#12469,#12470,#12471);
#12469 = CARTESIAN_POINT('',(25.739749908447,-2.243370056152,
    6.299999594688));
#12470 = DIRECTION('',(-0.997865563764,-6.530173545992E-02,-0.));
#12471 = DIRECTION('',(6.530173545992E-02,-0.997865563764,0.));
#12472 = ADVANCED_FACE('',(#12473),#12484,.T.);
#12473 = FACE_BOUND('',#12474,.T.);
#12474 = EDGE_LOOP('',(#12475,#12476,#12477,#12483));
#12475 = ORIENTED_EDGE('',*,*,#1468,.F.);
#12476 = ORIENTED_EDGE('',*,*,#654,.F.);
#12477 = ORIENTED_EDGE('',*,*,#12478,.T.);
#12478 = EDGE_CURVE('',#647,#12093,#12479,.T.);
#12479 = LINE('',#12480,#12481);
#12480 = CARTESIAN_POINT('',(-24.54999923706,-35.42850112915,
    1.799999952316));
#12481 = VECTOR('',#12482,1.);
#12482 = DIRECTION('',(-0.831316817732,0.55579883821,0.));
#12483 = ORIENTED_EDGE('',*,*,#12092,.F.);
#12484 = PLANE('',#12485);
#12485 = AXIS2_PLACEMENT_3D('',#12486,#12487,#12488);
#12486 = CARTESIAN_POINT('',(-24.68050003051,-35.34125137329,
    6.800000071526));
#12487 = DIRECTION('',(0.55579883821,0.831316817732,0.));
#12488 = DIRECTION('',(0.831316817732,-0.55579883821,0.));
#12489 = ADVANCED_FACE('',(#12490),#12496,.T.);
#12490 = FACE_BOUND('',#12491,.T.);
#12491 = EDGE_LOOP('',(#12492,#12493,#12494,#12495));
#12492 = ORIENTED_EDGE('',*,*,#1429,.F.);
#12493 = ORIENTED_EDGE('',*,*,#12169,.F.);
#12494 = ORIENTED_EDGE('',*,*,#3938,.T.);
#12495 = ORIENTED_EDGE('',*,*,#7978,.F.);
#12496 = PLANE('',#12497);
#12497 = AXIS2_PLACEMENT_3D('',#12498,#12499,#12500);
#12498 = CARTESIAN_POINT('',(23.506649971008,-35.73974990844,
    6.299999594688));
#12499 = DIRECTION('',(-6.529362036083E-02,0.997866094794,0.));
#12500 = DIRECTION('',(0.997866094794,6.529362036083E-02,0.));
#12501 = ADVANCED_FACE('',(#12502),#12508,.T.);
#12502 = FACE_BOUND('',#12503,.T.);
#12503 = EDGE_LOOP('',(#12504,#12505,#12506,#12507));
#12504 = ORIENTED_EDGE('',*,*,#1261,.F.);
#12505 = ORIENTED_EDGE('',*,*,#12213,.F.);
#12506 = ORIENTED_EDGE('',*,*,#4106,.T.);
#12507 = ORIENTED_EDGE('',*,*,#12400,.F.);
#12508 = PLANE('',#12509);
#12509 = AXIS2_PLACEMENT_3D('',#12510,#12511,#12512);
#12510 = CARTESIAN_POINT('',(24.409199714661,-0.252114005387,
    6.299999594688));
#12511 = DIRECTION('',(-0.44223933962,-0.896897076867,-0.));
#12512 = DIRECTION('',(-0.896897076867,0.44223933962,0.));
#12513 = ADVANCED_FACE('',(#12514),#12520,.T.);
#12514 = FACE_BOUND('',#12515,.T.);
#12515 = EDGE_LOOP('',(#12516,#12517,#12518,#12519));
#12516 = ORIENTED_EDGE('',*,*,#7955,.F.);
#12517 = ORIENTED_EDGE('',*,*,#3994,.T.);
#12518 = ORIENTED_EDGE('',*,*,#7831,.F.);
#12519 = ORIENTED_EDGE('',*,*,#1373,.F.);
#12520 = PLANE('',#12521);
#12521 = AXIS2_PLACEMENT_3D('',#12522,#12523,#12524);
#12522 = CARTESIAN_POINT('',(25.341249465942,-34.68050003051,
    6.299999594688));
#12523 = DIRECTION('',(-0.831316817732,0.55579883821,-0.));
#12524 = DIRECTION('',(-0.55579883821,-0.831316817732,0.));
#12525 = ADVANCED_FACE('',(#12526),#12532,.T.);
#12526 = FACE_BOUND('',#12527,.T.);
#12527 = EDGE_LOOP('',(#12528,#12529,#12530,#12531));
#12528 = ORIENTED_EDGE('',*,*,#1445,.F.);
#12529 = ORIENTED_EDGE('',*,*,#7971,.F.);
#12530 = ORIENTED_EDGE('',*,*,#3890,.T.);
#12531 = ORIENTED_EDGE('',*,*,#12184,.F.);
#12532 = PLANE('',#12533);
#12533 = AXIS2_PLACEMENT_3D('',#12534,#12535,#12536);
#12534 = CARTESIAN_POINT('',(-23.506649971,-35.73974990844,
    6.299999594688));
#12535 = DIRECTION('',(6.529362036083E-02,0.997866094794,0.));
#12536 = DIRECTION('',(0.997866094794,-6.529362036083E-02,0.));
#12537 = ADVANCED_FACE('',(#12538),#12549,.T.);
#12538 = FACE_BOUND('',#12539,.T.);
#12539 = EDGE_LOOP('',(#12540,#12541,#12542,#12543));
#12540 = ORIENTED_EDGE('',*,*,#12331,.F.);
#12541 = ORIENTED_EDGE('',*,*,#1484,.F.);
#12542 = ORIENTED_EDGE('',*,*,#12108,.F.);
#12543 = ORIENTED_EDGE('',*,*,#12544,.T.);
#12544 = EDGE_CURVE('',#12101,#12332,#12545,.T.);
#12545 = LINE('',#12546,#12547);
#12546 = CARTESIAN_POINT('',(-25.04710006713,-35.04710006713,
    1.799999952316));
#12547 = VECTOR('',#12548,1.);
#12548 = DIRECTION('',(-0.659068770022,0.75208267922,0.));
#12549 = PLANE('',#12550);
#12550 = AXIS2_PLACEMENT_3D('',#12551,#12552,#12553);
#12551 = CARTESIAN_POINT('',(-25.15054988861,-34.92905044555,
    6.800000071526));
#12552 = DIRECTION('',(0.75208267922,0.659068770022,0.));
#12553 = DIRECTION('',(-0.659068770022,0.75208267922,0.));
#12554 = ADVANCED_FACE('',(#12555),#12561,.T.);
#12555 = FACE_BOUND('',#12556,.T.);
#12556 = EDGE_LOOP('',(#12557,#12558,#12559,#12560));
#12557 = ORIENTED_EDGE('',*,*,#782,.F.);
#12558 = ORIENTED_EDGE('',*,*,#12298,.F.);
#12559 = ORIENTED_EDGE('',*,*,#4137,.T.);
#12560 = ORIENTED_EDGE('',*,*,#1592,.F.);
#12561 = PLANE('',#12562);
#12562 = AXIS2_PLACEMENT_3D('',#12563,#12564,#12565);
#12563 = CARTESIAN_POINT('',(-23.506649971,-1.026585046202E-02,
    6.299999594688));
#12564 = DIRECTION('',(6.539357648823E-02,-0.997859549312,-0.));
#12565 = DIRECTION('',(-0.997859549312,-6.539357648823E-02,0.));
#12566 = ADVANCED_FACE('',(#12567),#12578,.T.);
#12567 = FACE_BOUND('',#12568,.T.);
#12568 = EDGE_LOOP('',(#12569,#12570,#12576,#12577));
#12569 = ORIENTED_EDGE('',*,*,#1530,.T.);
#12570 = ORIENTED_EDGE('',*,*,#12571,.T.);
#12571 = EDGE_CURVE('',#1523,#3827,#12572,.T.);
#12572 = LINE('',#12573,#12574);
#12573 = CARTESIAN_POINT('',(-25.5,-34.40489959716,1.799999952316));
#12574 = VECTOR('',#12575,1.);
#12575 = DIRECTION('',(0.,0.,-1.));
#12576 = ORIENTED_EDGE('',*,*,#3826,.T.);
#12577 = ORIENTED_EDGE('',*,*,#12006,.F.);
#12578 = PLANE('',#12579);
#12579 = AXIS2_PLACEMENT_3D('',#12580,#12581,#12582);
#12580 = CARTESIAN_POINT('',(-25.54884015392,-34.30584066403,
    6.262241431032));
#12581 = DIRECTION('',(0.896909753242,0.44221362998,0.));
#12582 = DIRECTION('',(-0.44221362998,0.896909753242,0.));
#12583 = ADVANCED_FACE('',(#12584),#12590,.T.);
#12584 = FACE_BOUND('',#12585,.T.);
#12585 = EDGE_LOOP('',(#12586,#12587,#12588,#12589));
#12586 = ORIENTED_EDGE('',*,*,#12077,.F.);
#12587 = ORIENTED_EDGE('',*,*,#4082,.T.);
#12588 = ORIENTED_EDGE('',*,*,#7809,.F.);
#12589 = ORIENTED_EDGE('',*,*,#1285,.F.);
#12590 = PLANE('',#12591);
#12591 = AXIS2_PLACEMENT_3D('',#12592,#12593,#12594);
#12592 = CARTESIAN_POINT('',(25.150549888611,-0.820957511663,
    6.299999594688));
#12593 = DIRECTION('',(-0.75198541882,-0.659179740193,-0.));
#12594 = DIRECTION('',(0.659179740193,-0.75198541882,0.));
#12595 = ADVANCED_FACE('',(#12596),#12602,.T.);
#12596 = FACE_BOUND('',#12597,.T.);
#12597 = EDGE_LOOP('',(#12598,#12599,#12600,#12601));
#12598 = ORIENTED_EDGE('',*,*,#7855,.F.);
#12599 = ORIENTED_EDGE('',*,*,#4058,.T.);
#12600 = ORIENTED_EDGE('',*,*,#7870,.F.);
#12601 = ORIENTED_EDGE('',*,*,#1309,.F.);
#12602 = PLANE('',#12603);
#12603 = AXIS2_PLACEMENT_3D('',#12604,#12605,#12606);
#12604 = CARTESIAN_POINT('',(25.617750167847,-1.630195021629,
    6.299999594688));
#12605 = DIRECTION('',(-0.946940644287,-0.321408488061,-0.));
#12606 = DIRECTION('',(0.321408488061,-0.946940644287,0.));
#12607 = ADVANCED_FACE('',(#12608),#12614,.T.);
#12608 = FACE_BOUND('',#12609,.T.);
#12609 = EDGE_LOOP('',(#12610,#12611,#12612,#12613));
#12610 = ORIENTED_EDGE('',*,*,#12234,.F.);
#12611 = ORIENTED_EDGE('',*,*,#718,.F.);
#12612 = ORIENTED_EDGE('',*,*,#12021,.F.);
#12613 = ORIENTED_EDGE('',*,*,#3732,.F.);
#12614 = PLANE('',#12615);
#12615 = AXIS2_PLACEMENT_3D('',#12616,#12617,#12618);
#12616 = CARTESIAN_POINT('',(-25.49790000915,-1.34078001976,
    6.299999594688));
#12617 = DIRECTION('',(0.896933923738,-0.442164603341,0.));
#12618 = DIRECTION('',(0.442164603341,0.896933923738,0.));
#12619 = ADVANCED_FACE('',(#12620),#12626,.T.);
#12620 = FACE_BOUND('',#12621,.T.);
#12621 = EDGE_LOOP('',(#12622,#12623,#12624,#12625));
#12622 = ORIENTED_EDGE('',*,*,#11956,.F.);
#12623 = ORIENTED_EDGE('',*,*,#734,.F.);
#12624 = ORIENTED_EDGE('',*,*,#12227,.F.);
#12625 = ORIENTED_EDGE('',*,*,#3716,.F.);
#12626 = PLANE('',#12627);
#12627 = AXIS2_PLACEMENT_3D('',#12628,#12629,#12630);
#12628 = CARTESIAN_POINT('',(-25.15054988861,-0.820957511663,
    6.299999594688));
#12629 = DIRECTION('',(0.75198541882,-0.659179740193,0.));
#12630 = DIRECTION('',(0.659179740193,0.75198541882,0.));
#12631 = ADVANCED_FACE('',(#12632),#12643,.T.);
#12632 = FACE_BOUND('',#12633,.T.);
#12633 = EDGE_LOOP('',(#12634,#12635,#12636,#12642));
#12634 = ORIENTED_EDGE('',*,*,#12045,.F.);
#12635 = ORIENTED_EDGE('',*,*,#678,.F.);
#12636 = ORIENTED_EDGE('',*,*,#12637,.T.);
#12637 = EDGE_CURVE('',#671,#3803,#12638,.T.);
#12638 = LINE('',#12639,#12640);
#12639 = CARTESIAN_POINT('',(-25.72949981689,-33.66329956054,
    11.800000190735));
#12640 = VECTOR('',#12641,1.);
#12641 = DIRECTION('',(0.,0.,-1.));
#12642 = ORIENTED_EDGE('',*,*,#3802,.F.);
#12643 = PLANE('',#12644);
#12644 = AXIS2_PLACEMENT_3D('',#12645,#12646,#12647);
#12645 = CARTESIAN_POINT('',(-25.73974990844,-33.50664901733,
    6.299999594688));
#12646 = DIRECTION('',(0.997866120693,6.529322455382E-02,0.));
#12647 = DIRECTION('',(-6.529322455382E-02,0.997866120693,0.));
#12648 = ADVANCED_FACE('',(#12649),#12655,.T.);
#12649 = FACE_BOUND('',#12650,.T.);
#12650 = EDGE_LOOP('',(#12651,#12652,#12653,#12654));
#12651 = ORIENTED_EDGE('',*,*,#12637,.F.);
#12652 = ORIENTED_EDGE('',*,*,#668,.F.);
#12653 = ORIENTED_EDGE('',*,*,#11999,.F.);
#12654 = ORIENTED_EDGE('',*,*,#3810,.F.);
#12655 = PLANE('',#12656);
#12656 = AXIS2_PLACEMENT_3D('',#12657,#12658,#12659);
#12657 = CARTESIAN_POINT('',(-25.69884967804,-33.81724929809,
    6.299999594688));
#12658 = DIRECTION('',(0.980751583337,0.19525965221,0.));
#12659 = DIRECTION('',(-0.19525965221,0.980751583337,0.));
#12660 = ADVANCED_FACE('',(#12661),#12679,.T.);
#12661 = FACE_BOUND('',#12662,.T.);
#12662 = EDGE_LOOP('',(#12663,#12671,#12672,#12673));
#12663 = ORIENTED_EDGE('',*,*,#12664,.T.);
#12664 = EDGE_CURVE('',#12665,#7786,#12667,.T.);
#12665 = VERTEX_POINT('',#12666);
#12666 = CARTESIAN_POINT('',(-25.5,-20.5,1.799999952316));
#12667 = LINE('',#12668,#12669);
#12668 = CARTESIAN_POINT('',(-25.5,-20.5,1.799999952316));
#12669 = VECTOR('',#12670,1.);
#12670 = DIRECTION('',(1.,0.,0.));
#12671 = ORIENTED_EDGE('',*,*,#7785,.F.);
#12672 = ORIENTED_EDGE('',*,*,#3842,.F.);
#12673 = ORIENTED_EDGE('',*,*,#12674,.T.);
#12674 = EDGE_CURVE('',#3835,#12665,#12675,.T.);
#12675 = LINE('',#12676,#12677);
#12676 = CARTESIAN_POINT('',(-25.5,-20.5,0.799998998642));
#12677 = VECTOR('',#12678,1.);
#12678 = DIRECTION('',(0.,0.,1.));
#12679 = PLANE('',#12680);
#12680 = AXIS2_PLACEMENT_3D('',#12681,#12682,#12683);
#12681 = CARTESIAN_POINT('',(-24.75,-20.5,1.299999475479));
#12682 = DIRECTION('',(0.,1.,0.));
#12683 = DIRECTION('',(0.,-0.,1.));
#12684 = ADVANCED_FACE('',(#12685),#12703,.T.);
#12685 = FACE_BOUND('',#12686,.T.);
#12686 = EDGE_LOOP('',(#12687,#12695,#12696,#12697));
#12687 = ORIENTED_EDGE('',*,*,#12688,.T.);
#12688 = EDGE_CURVE('',#12689,#7762,#12691,.T.);
#12689 = VERTEX_POINT('',#12690);
#12690 = CARTESIAN_POINT('',(17.,-20.5,1.799999952316));
#12691 = LINE('',#12692,#12693);
#12692 = CARTESIAN_POINT('',(17.,-20.5,1.799999952316));
#12693 = VECTOR('',#12694,1.);
#12694 = DIRECTION('',(1.,0.,0.));
#12695 = ORIENTED_EDGE('',*,*,#7761,.F.);
#12696 = ORIENTED_EDGE('',*,*,#4186,.F.);
#12697 = ORIENTED_EDGE('',*,*,#12698,.T.);
#12698 = EDGE_CURVE('',#4187,#12689,#12699,.T.);
#12699 = LINE('',#12700,#12701);
#12700 = CARTESIAN_POINT('',(17.,-20.5,0.799998998642));
#12701 = VECTOR('',#12702,1.);
#12702 = DIRECTION('',(0.,0.,1.));
#12703 = PLANE('',#12704);
#12704 = AXIS2_PLACEMENT_3D('',#12705,#12706,#12707);
#12705 = CARTESIAN_POINT('',(17.75,-20.5,1.299999475479));
#12706 = DIRECTION('',(0.,1.,0.));
#12707 = DIRECTION('',(0.,-0.,1.));
#12708 = ADVANCED_FACE('',(#12709),#12720,.T.);
#12709 = FACE_BOUND('',#12710,.T.);
#12710 = EDGE_LOOP('',(#12711,#12712,#12713,#12714));
#12711 = ORIENTED_EDGE('',*,*,#12674,.F.);
#12712 = ORIENTED_EDGE('',*,*,#3834,.F.);
#12713 = ORIENTED_EDGE('',*,*,#12571,.F.);
#12714 = ORIENTED_EDGE('',*,*,#12715,.T.);
#12715 = EDGE_CURVE('',#1523,#12665,#12716,.T.);
#12716 = LINE('',#12717,#12718);
#12717 = CARTESIAN_POINT('',(-25.5,-34.40489959716,1.799999952316));
#12718 = VECTOR('',#12719,1.);
#12719 = DIRECTION('',(0.,1.,0.));
#12720 = PLANE('',#12721);
#12721 = AXIS2_PLACEMENT_3D('',#12722,#12723,#12724);
#12722 = CARTESIAN_POINT('',(-25.5,-27.45244979858,1.299999475479));
#12723 = DIRECTION('',(-1.,-0.,-0.));
#12724 = DIRECTION('',(0.,0.,-1.));
#12725 = ADVANCED_FACE('',(#12726),#12738,.T.);
#12726 = FACE_BOUND('',#12727,.T.);
#12727 = EDGE_LOOP('',(#12728,#12729,#12730,#12731,#12732,#12733,#12734,
    #12735,#12736,#12737));
#12728 = ORIENTED_EDGE('',*,*,#7793,.F.);
#12729 = ORIENTED_EDGE('',*,*,#12664,.F.);
#12730 = ORIENTED_EDGE('',*,*,#12715,.F.);
#12731 = ORIENTED_EDGE('',*,*,#1554,.F.);
#12732 = ORIENTED_EDGE('',*,*,#12339,.F.);
#12733 = ORIENTED_EDGE('',*,*,#12544,.F.);
#12734 = ORIENTED_EDGE('',*,*,#12100,.F.);
#12735 = ORIENTED_EDGE('',*,*,#12478,.F.);
#12736 = ORIENTED_EDGE('',*,*,#646,.F.);
#12737 = ORIENTED_EDGE('',*,*,#7732,.F.);
#12738 = PLANE('',#12739);
#12739 = AXIS2_PLACEMENT_3D('',#12740,#12741,#12742);
#12740 = CARTESIAN_POINT('',(-24.73067816319,-27.8533639148,
    1.799999952316));
#12741 = DIRECTION('',(0.,0.,1.));
#12742 = DIRECTION('',(1.,0.,-0.));
#12743 = ADVANCED_FACE('',(#12744),#12755,.T.);
#12744 = FACE_BOUND('',#12745,.T.);
#12745 = EDGE_LOOP('',(#12746,#12747,#12748,#12754));
#12746 = ORIENTED_EDGE('',*,*,#7769,.F.);
#12747 = ORIENTED_EDGE('',*,*,#12688,.F.);
#12748 = ORIENTED_EDGE('',*,*,#12749,.F.);
#12749 = EDGE_CURVE('',#7704,#12689,#12750,.T.);
#12750 = LINE('',#12751,#12752);
#12751 = CARTESIAN_POINT('',(17.,-35.5,1.799999952316));
#12752 = VECTOR('',#12753,1.);
#12753 = DIRECTION('',(0.,1.,0.));
#12754 = ORIENTED_EDGE('',*,*,#7701,.F.);
#12755 = PLANE('',#12756);
#12756 = AXIS2_PLACEMENT_3D('',#12757,#12758,#12759);
#12757 = CARTESIAN_POINT('',(17.75,-28.,1.799999952316));
#12758 = DIRECTION('',(0.,0.,1.));
#12759 = DIRECTION('',(1.,0.,-0.));
#12760 = ADVANCED_FACE('',(#12761),#12767,.T.);
#12761 = FACE_BOUND('',#12762,.T.);
#12762 = EDGE_LOOP('',(#12763,#12764,#12765,#12766));
#12763 = ORIENTED_EDGE('',*,*,#12698,.F.);
#12764 = ORIENTED_EDGE('',*,*,#4212,.F.);
#12765 = ORIENTED_EDGE('',*,*,#7711,.F.);
#12766 = ORIENTED_EDGE('',*,*,#12749,.T.);
#12767 = PLANE('',#12768);
#12768 = AXIS2_PLACEMENT_3D('',#12769,#12770,#12771);
#12769 = CARTESIAN_POINT('',(17.,-28.,1.299999475479));
#12770 = DIRECTION('',(-1.,-0.,-0.));
#12771 = DIRECTION('',(0.,0.,-1.));
#12772 = ADVANCED_FACE('',(#12773),#12784,.T.);
#12773 = FACE_BOUND('',#12774,.T.);
#12774 = EDGE_LOOP('',(#12775,#12776,#12777,#12778));
#12775 = ORIENTED_EDGE('',*,*,#3000,.T.);
#12776 = ORIENTED_EDGE('',*,*,#7684,.F.);
#12777 = ORIENTED_EDGE('',*,*,#4169,.F.);
#12778 = ORIENTED_EDGE('',*,*,#12779,.T.);
#12779 = EDGE_CURVE('',#4162,#3001,#12780,.T.);
#12780 = LINE('',#12781,#12782);
#12781 = CARTESIAN_POINT('',(-12.25,-0.25,0.799998998642));
#12782 = VECTOR('',#12783,1.);
#12783 = DIRECTION('',(0.,0.,1.));
#12784 = PLANE('',#12785);
#12785 = AXIS2_PLACEMENT_3D('',#12786,#12787,#12788);
#12786 = CARTESIAN_POINT('',(0.,-0.25,2.399999499321));
#12787 = DIRECTION('',(0.,1.,0.));
#12788 = DIRECTION('',(0.,-0.,1.));
#12789 = ADVANCED_FACE('',(#12790),#12796,.T.);
#12790 = FACE_BOUND('',#12791,.T.);
#12791 = EDGE_LOOP('',(#12792,#12793,#12794,#12795));
#12792 = ORIENTED_EDGE('',*,*,#12779,.F.);
#12793 = ORIENTED_EDGE('',*,*,#4161,.F.);
#12794 = ORIENTED_EDGE('',*,*,#3114,.F.);
#12795 = ORIENTED_EDGE('',*,*,#3008,.T.);
#12796 = PLANE('',#12797);
#12797 = AXIS2_PLACEMENT_3D('',#12798,#12799,#12800);
#12798 = CARTESIAN_POINT('',(-12.25,-9.5,2.399999499321));
#12799 = DIRECTION('',(-1.,-0.,-0.));
#12800 = DIRECTION('',(0.,0.,-1.));
#12801 = ADVANCED_FACE('',(#12802),#12808,.T.);
#12802 = FACE_BOUND('',#12803,.T.);
#12803 = EDGE_LOOP('',(#12804,#12805,#12806,#12807));
#12804 = ORIENTED_EDGE('',*,*,#2554,.F.);
#12805 = ORIENTED_EDGE('',*,*,#3018,.F.);
#12806 = ORIENTED_EDGE('',*,*,#1961,.F.);
#12807 = ORIENTED_EDGE('',*,*,#2196,.F.);
#12808 = PLANE('',#12809);
#12809 = AXIS2_PLACEMENT_3D('',#12810,#12811,#12812);
#12810 = CARTESIAN_POINT('',(-11.25,-9.5,2.399999499321));
#12811 = DIRECTION('',(1.,0.,0.));
#12812 = DIRECTION('',(-0.,0.,1.));
#12813 = ADVANCED_FACE('',(#12814),#12832,.T.);
#12814 = FACE_BOUND('',#12815,.T.);
#12815 = EDGE_LOOP('',(#12816,#12824,#12825,#12826));
#12816 = ORIENTED_EDGE('',*,*,#12817,.T.);
#12817 = EDGE_CURVE('',#12818,#2942,#12820,.T.);
#12818 = VERTEX_POINT('',#12819);
#12819 = CARTESIAN_POINT('',(-9.5,-1.5,2.));
#12820 = LINE('',#12821,#12822);
#12821 = CARTESIAN_POINT('',(-9.5,-1.5,2.));
#12822 = VECTOR('',#12823,1.);
#12823 = DIRECTION('',(1.,0.,0.));
#12824 = ORIENTED_EDGE('',*,*,#2941,.F.);
#12825 = ORIENTED_EDGE('',*,*,#2306,.F.);
#12826 = ORIENTED_EDGE('',*,*,#12827,.T.);
#12827 = EDGE_CURVE('',#2307,#12818,#12828,.T.);
#12828 = LINE('',#12829,#12830);
#12829 = CARTESIAN_POINT('',(-9.5,-1.5,0.799998998642));
#12830 = VECTOR('',#12831,1.);
#12831 = DIRECTION('',(0.,0.,1.));
#12832 = PLANE('',#12833);
#12833 = AXIS2_PLACEMENT_3D('',#12834,#12835,#12836);
#12834 = CARTESIAN_POINT('',(-8.,-1.5,1.399999499321));
#12835 = DIRECTION('',(0.,1.,0.));
#12836 = DIRECTION('',(0.,-0.,1.));
#12837 = ADVANCED_FACE('',(#12838),#12856,.T.);
#12838 = FACE_BOUND('',#12839,.T.);
#12839 = EDGE_LOOP('',(#12840,#12848,#12849,#12850));
#12840 = ORIENTED_EDGE('',*,*,#12841,.T.);
#12841 = EDGE_CURVE('',#12842,#2856,#12844,.T.);
#12842 = VERTEX_POINT('',#12843);
#12843 = CARTESIAN_POINT('',(6.5,-1.5,2.));
#12844 = LINE('',#12845,#12846);
#12845 = CARTESIAN_POINT('',(6.5,-1.5,2.));
#12846 = VECTOR('',#12847,1.);
#12847 = DIRECTION('',(1.,0.,0.));
#12848 = ORIENTED_EDGE('',*,*,#2855,.F.);
#12849 = ORIENTED_EDGE('',*,*,#2298,.F.);
#12850 = ORIENTED_EDGE('',*,*,#12851,.T.);
#12851 = EDGE_CURVE('',#2291,#12842,#12852,.T.);
#12852 = LINE('',#12853,#12854);
#12853 = CARTESIAN_POINT('',(6.5,-1.5,0.799998998642));
#12854 = VECTOR('',#12855,1.);
#12855 = DIRECTION('',(0.,0.,1.));
#12856 = PLANE('',#12857);
#12857 = AXIS2_PLACEMENT_3D('',#12858,#12859,#12860);
#12858 = CARTESIAN_POINT('',(8.,-1.5,1.399999499321));
#12859 = DIRECTION('',(0.,1.,0.));
#12860 = DIRECTION('',(0.,-0.,1.));
#12861 = ADVANCED_FACE('',(#12862),#12873,.T.);
#12862 = FACE_BOUND('',#12863,.T.);
#12863 = EDGE_LOOP('',(#12864,#12865,#12866,#12867));
#12864 = ORIENTED_EDGE('',*,*,#12827,.F.);
#12865 = ORIENTED_EDGE('',*,*,#2332,.F.);
#12866 = ORIENTED_EDGE('',*,*,#2920,.F.);
#12867 = ORIENTED_EDGE('',*,*,#12868,.T.);
#12868 = EDGE_CURVE('',#2913,#12818,#12869,.T.);
#12869 = LINE('',#12870,#12871);
#12870 = CARTESIAN_POINT('',(-9.5,-2.700000047684,2.));
#12871 = VECTOR('',#12872,1.);
#12872 = DIRECTION('',(0.,1.,0.));
#12873 = PLANE('',#12874);
#12874 = AXIS2_PLACEMENT_3D('',#12875,#12876,#12877);
#12875 = CARTESIAN_POINT('',(-9.5,-2.100000023842,1.399999499321));
#12876 = DIRECTION('',(-1.,-0.,-0.));
#12877 = DIRECTION('',(0.,0.,-1.));
#12878 = ADVANCED_FACE('',(#12879),#12897,.T.);
#12879 = FACE_BOUND('',#12880,.T.);
#12880 = EDGE_LOOP('',(#12881,#12889,#12890,#12891));
#12881 = ORIENTED_EDGE('',*,*,#12882,.F.);
#12882 = EDGE_CURVE('',#2215,#12883,#12885,.T.);
#12883 = VERTEX_POINT('',#12884);
#12884 = CARTESIAN_POINT('',(-9.5,-16.29999923706,2.));
#12885 = LINE('',#12886,#12887);
#12886 = CARTESIAN_POINT('',(-9.5,-16.29999923706,0.799998998642));
#12887 = VECTOR('',#12888,1.);
#12888 = DIRECTION('',(0.,0.,1.));
#12889 = ORIENTED_EDGE('',*,*,#2214,.F.);
#12890 = ORIENTED_EDGE('',*,*,#2755,.F.);
#12891 = ORIENTED_EDGE('',*,*,#12892,.T.);
#12892 = EDGE_CURVE('',#2748,#12883,#12893,.T.);
#12893 = LINE('',#12894,#12895);
#12894 = CARTESIAN_POINT('',(-9.5,-17.5,2.));
#12895 = VECTOR('',#12896,1.);
#12896 = DIRECTION('',(0.,1.,0.));
#12897 = PLANE('',#12898);
#12898 = AXIS2_PLACEMENT_3D('',#12899,#12900,#12901);
#12899 = CARTESIAN_POINT('',(-9.5,-16.89999961853,1.399999499321));
#12900 = DIRECTION('',(-1.,-0.,-0.));
#12901 = DIRECTION('',(0.,0.,-1.));
#12902 = ADVANCED_FACE('',(#12903),#12909,.T.);
#12903 = FACE_BOUND('',#12904,.T.);
#12904 = EDGE_LOOP('',(#12905,#12906,#12907,#12908));
#12905 = ORIENTED_EDGE('',*,*,#2949,.F.);
#12906 = ORIENTED_EDGE('',*,*,#12817,.F.);
#12907 = ORIENTED_EDGE('',*,*,#12868,.F.);
#12908 = ORIENTED_EDGE('',*,*,#2910,.F.);
#12909 = PLANE('',#12910);
#12910 = AXIS2_PLACEMENT_3D('',#12911,#12912,#12913);
#12911 = CARTESIAN_POINT('',(-8.,-2.100000023842,2.));
#12912 = DIRECTION('',(0.,0.,1.));
#12913 = DIRECTION('',(1.,0.,-0.));
#12914 = ADVANCED_FACE('',(#12915),#12926,.T.);
#12915 = FACE_BOUND('',#12916,.T.);
#12916 = EDGE_LOOP('',(#12917,#12918,#12924,#12925));
#12917 = ORIENTED_EDGE('',*,*,#2784,.F.);
#12918 = ORIENTED_EDGE('',*,*,#12919,.F.);
#12919 = EDGE_CURVE('',#12883,#2777,#12920,.T.);
#12920 = LINE('',#12921,#12922);
#12921 = CARTESIAN_POINT('',(-9.5,-16.29999923706,2.));
#12922 = VECTOR('',#12923,1.);
#12923 = DIRECTION('',(1.,0.,0.));
#12924 = ORIENTED_EDGE('',*,*,#12892,.F.);
#12925 = ORIENTED_EDGE('',*,*,#2745,.F.);
#12926 = PLANE('',#12927);
#12927 = AXIS2_PLACEMENT_3D('',#12928,#12929,#12930);
#12928 = CARTESIAN_POINT('',(-8.,-16.89999961853,2.));
#12929 = DIRECTION('',(0.,0.,1.));
#12930 = DIRECTION('',(1.,0.,-0.));
#12931 = ADVANCED_FACE('',(#12932),#12943,.T.);
#12932 = FACE_BOUND('',#12933,.T.);
#12933 = EDGE_LOOP('',(#12934,#12935,#12936,#12942));
#12934 = ORIENTED_EDGE('',*,*,#2863,.F.);
#12935 = ORIENTED_EDGE('',*,*,#12841,.F.);
#12936 = ORIENTED_EDGE('',*,*,#12937,.F.);
#12937 = EDGE_CURVE('',#2887,#12842,#12938,.T.);
#12938 = LINE('',#12939,#12940);
#12939 = CARTESIAN_POINT('',(6.5,-2.700000047684,2.));
#12940 = VECTOR('',#12941,1.);
#12941 = DIRECTION('',(0.,1.,0.));
#12942 = ORIENTED_EDGE('',*,*,#2886,.F.);
#12943 = PLANE('',#12944);
#12944 = AXIS2_PLACEMENT_3D('',#12945,#12946,#12947);
#12945 = CARTESIAN_POINT('',(8.,-2.100000023842,2.));
#12946 = DIRECTION('',(0.,0.,1.));
#12947 = DIRECTION('',(1.,0.,-0.));
#12948 = ADVANCED_FACE('',(#12949),#12967,.T.);
#12949 = FACE_BOUND('',#12950,.T.);
#12950 = EDGE_LOOP('',(#12951,#12952,#12960,#12966));
#12951 = ORIENTED_EDGE('',*,*,#2839,.F.);
#12952 = ORIENTED_EDGE('',*,*,#12953,.F.);
#12953 = EDGE_CURVE('',#12954,#2832,#12956,.T.);
#12954 = VERTEX_POINT('',#12955);
#12955 = CARTESIAN_POINT('',(6.5,-16.29999923706,2.));
#12956 = LINE('',#12957,#12958);
#12957 = CARTESIAN_POINT('',(6.5,-16.29999923706,2.));
#12958 = VECTOR('',#12959,1.);
#12959 = DIRECTION('',(1.,0.,0.));
#12960 = ORIENTED_EDGE('',*,*,#12961,.F.);
#12961 = EDGE_CURVE('',#2803,#12954,#12962,.T.);
#12962 = LINE('',#12963,#12964);
#12963 = CARTESIAN_POINT('',(6.5,-17.5,2.));
#12964 = VECTOR('',#12965,1.);
#12965 = DIRECTION('',(0.,1.,0.));
#12966 = ORIENTED_EDGE('',*,*,#2800,.F.);
#12967 = PLANE('',#12968);
#12968 = AXIS2_PLACEMENT_3D('',#12969,#12970,#12971);
#12969 = CARTESIAN_POINT('',(8.,-16.89999961853,2.));
#12970 = DIRECTION('',(0.,0.,1.));
#12971 = DIRECTION('',(1.,0.,-0.));
#12972 = ADVANCED_FACE('',(#12973),#12979,.T.);
#12973 = FACE_BOUND('',#12974,.T.);
#12974 = EDGE_LOOP('',(#12975,#12976,#12977,#12978));
#12975 = ORIENTED_EDGE('',*,*,#12919,.T.);
#12976 = ORIENTED_EDGE('',*,*,#2776,.F.);
#12977 = ORIENTED_EDGE('',*,*,#2222,.F.);
#12978 = ORIENTED_EDGE('',*,*,#12882,.T.);
#12979 = PLANE('',#12980);
#12980 = AXIS2_PLACEMENT_3D('',#12981,#12982,#12983);
#12981 = CARTESIAN_POINT('',(-8.,-16.29999923706,1.399999499321));
#12982 = DIRECTION('',(0.,1.,0.));
#12983 = DIRECTION('',(0.,-0.,1.));
#12984 = ADVANCED_FACE('',(#12985),#12996,.T.);
#12985 = FACE_BOUND('',#12986,.T.);
#12986 = EDGE_LOOP('',(#12987,#12988,#12989,#12990));
#12987 = ORIENTED_EDGE('',*,*,#12953,.T.);
#12988 = ORIENTED_EDGE('',*,*,#2831,.F.);
#12989 = ORIENTED_EDGE('',*,*,#2256,.F.);
#12990 = ORIENTED_EDGE('',*,*,#12991,.T.);
#12991 = EDGE_CURVE('',#2249,#12954,#12992,.T.);
#12992 = LINE('',#12993,#12994);
#12993 = CARTESIAN_POINT('',(6.5,-16.29999923706,0.799998998642));
#12994 = VECTOR('',#12995,1.);
#12995 = DIRECTION('',(0.,0.,1.));
#12996 = PLANE('',#12997);
#12997 = AXIS2_PLACEMENT_3D('',#12998,#12999,#13000);
#12998 = CARTESIAN_POINT('',(8.,-16.29999923706,1.399999499321));
#12999 = DIRECTION('',(0.,1.,0.));
#13000 = DIRECTION('',(0.,-0.,1.));
#13001 = ADVANCED_FACE('',(#13002),#13008,.T.);
#13002 = FACE_BOUND('',#13003,.T.);
#13003 = EDGE_LOOP('',(#13004,#13005,#13006,#13007));
#13004 = ORIENTED_EDGE('',*,*,#12851,.F.);
#13005 = ORIENTED_EDGE('',*,*,#2290,.F.);
#13006 = ORIENTED_EDGE('',*,*,#2894,.F.);
#13007 = ORIENTED_EDGE('',*,*,#12937,.T.);
#13008 = PLANE('',#13009);
#13009 = AXIS2_PLACEMENT_3D('',#13010,#13011,#13012);
#13010 = CARTESIAN_POINT('',(6.5,-2.100000023842,1.399999499321));
#13011 = DIRECTION('',(-1.,-0.,-0.));
#13012 = DIRECTION('',(0.,0.,-1.));
#13013 = ADVANCED_FACE('',(#13014),#13020,.T.);
#13014 = FACE_BOUND('',#13015,.T.);
#13015 = EDGE_LOOP('',(#13016,#13017,#13018,#13019));
#13016 = ORIENTED_EDGE('',*,*,#12991,.F.);
#13017 = ORIENTED_EDGE('',*,*,#2248,.F.);
#13018 = ORIENTED_EDGE('',*,*,#2810,.F.);
#13019 = ORIENTED_EDGE('',*,*,#12961,.T.);
#13020 = PLANE('',#13021);
#13021 = AXIS2_PLACEMENT_3D('',#13022,#13023,#13024);
#13022 = CARTESIAN_POINT('',(6.5,-16.89999961853,1.399999499321));
#13023 = DIRECTION('',(-1.,-0.,-0.));
#13024 = DIRECTION('',(0.,0.,-1.));
#13025 = ADVANCED_FACE('',(#13026),#13037,.T.);
#13026 = FACE_BOUND('',#13027,.T.);
#13027 = EDGE_LOOP('',(#13028,#13034,#13035,#13036));
#13028 = ORIENTED_EDGE('',*,*,#13029,.T.);
#13029 = EDGE_CURVE('',#2349,#2514,#13030,.T.);
#13030 = LINE('',#13031,#13032);
#13031 = CARTESIAN_POINT('',(-3.,-1.259999990463,4.050000190735));
#13032 = VECTOR('',#13033,1.);
#13033 = DIRECTION('',(0.,1.,0.));
#13034 = ORIENTED_EDGE('',*,*,#2513,.F.);
#13035 = ORIENTED_EDGE('',*,*,#2491,.F.);
#13036 = ORIENTED_EDGE('',*,*,#2356,.F.);
#13037 = PLANE('',#13038);
#13038 = AXIS2_PLACEMENT_3D('',#13039,#13040,#13041);
#13039 = CARTESIAN_POINT('',(-6.,-1.254999995232,4.050000190735));
#13040 = DIRECTION('',(0.,0.,1.));
#13041 = DIRECTION('',(1.,0.,-0.));
#13042 = ADVANCED_FACE('',(#13043),#13061,.T.);
#13043 = FACE_BOUND('',#13044,.T.);
#13044 = EDGE_LOOP('',(#13045,#13053,#13059,#13060));
#13045 = ORIENTED_EDGE('',*,*,#13046,.T.);
#13046 = EDGE_CURVE('',#2151,#13047,#13049,.T.);
#13047 = VERTEX_POINT('',#13048);
#13048 = CARTESIAN_POINT('',(-3.,-17.73999977111,4.050000190735));
#13049 = LINE('',#13050,#13051);
#13050 = CARTESIAN_POINT('',(-3.,-17.75,4.050000190735));
#13051 = VECTOR('',#13052,1.);
#13052 = DIRECTION('',(0.,1.,0.));
#13053 = ORIENTED_EDGE('',*,*,#13054,.F.);
#13054 = EDGE_CURVE('',#2128,#13047,#13055,.T.);
#13055 = LINE('',#13056,#13057);
#13056 = CARTESIAN_POINT('',(-9.,-17.73999977111,4.050000190735));
#13057 = VECTOR('',#13058,1.);
#13058 = DIRECTION('',(1.,0.,0.));
#13059 = ORIENTED_EDGE('',*,*,#2127,.F.);
#13060 = ORIENTED_EDGE('',*,*,#2150,.F.);
#13061 = PLANE('',#13062);
#13062 = AXIS2_PLACEMENT_3D('',#13063,#13064,#13065);
#13063 = CARTESIAN_POINT('',(-6.,-17.74499988555,4.050000190735));
#13064 = DIRECTION('',(0.,0.,1.));
#13065 = DIRECTION('',(1.,0.,-0.));
#13066 = ADVANCED_FACE('',(#13067),#13083,.T.);
#13067 = FACE_BOUND('',#13068,.T.);
#13068 = EDGE_LOOP('',(#13069,#13075,#13076,#13082));
#13069 = ORIENTED_EDGE('',*,*,#13070,.T.);
#13070 = EDGE_CURVE('',#2624,#3054,#13071,.T.);
#13071 = LINE('',#13072,#13073);
#13072 = CARTESIAN_POINT('',(9.,-1.259999990463,4.050000190735));
#13073 = VECTOR('',#13074,1.);
#13074 = DIRECTION('',(0.,1.,0.));
#13075 = ORIENTED_EDGE('',*,*,#3051,.F.);
#13076 = ORIENTED_EDGE('',*,*,#13077,.F.);
#13077 = EDGE_CURVE('',#2632,#3052,#13078,.T.);
#13078 = LINE('',#13079,#13080);
#13079 = CARTESIAN_POINT('',(3.,-1.259999990463,4.050000190735));
#13080 = VECTOR('',#13081,1.);
#13081 = DIRECTION('',(0.,1.,0.));
#13082 = ORIENTED_EDGE('',*,*,#2631,.F.);
#13083 = PLANE('',#13084);
#13084 = AXIS2_PLACEMENT_3D('',#13085,#13086,#13087);
#13085 = CARTESIAN_POINT('',(6.,-1.254999995232,4.050000190735));
#13086 = DIRECTION('',(0.,0.,1.));
#13087 = DIRECTION('',(1.,0.,-0.));
#13088 = ADVANCED_FACE('',(#13089),#13114,.T.);
#13089 = FACE_BOUND('',#13090,.T.);
#13090 = EDGE_LOOP('',(#13091,#13099,#13107,#13113));
#13091 = ORIENTED_EDGE('',*,*,#13092,.T.);
#13092 = EDGE_CURVE('',#3083,#13093,#13095,.T.);
#13093 = VERTEX_POINT('',#13094);
#13094 = CARTESIAN_POINT('',(9.,-17.73999977111,4.050000190735));
#13095 = LINE('',#13096,#13097);
#13096 = CARTESIAN_POINT('',(9.,-17.75,4.050000190735));
#13097 = VECTOR('',#13098,1.);
#13098 = DIRECTION('',(0.,1.,0.));
#13099 = ORIENTED_EDGE('',*,*,#13100,.F.);
#13100 = EDGE_CURVE('',#13101,#13093,#13103,.T.);
#13101 = VERTEX_POINT('',#13102);
#13102 = CARTESIAN_POINT('',(3.,-17.73999977111,4.050000190735));
#13103 = LINE('',#13104,#13105);
#13104 = CARTESIAN_POINT('',(3.,-17.73999977111,4.050000190735));
#13105 = VECTOR('',#13106,1.);
#13106 = DIRECTION('',(1.,0.,0.));
#13107 = ORIENTED_EDGE('',*,*,#13108,.T.);
#13108 = EDGE_CURVE('',#13101,#3085,#13109,.T.);
#13109 = LINE('',#13110,#13111);
#13110 = CARTESIAN_POINT('',(3.,-17.73999977111,4.050000190735));
#13111 = VECTOR('',#13112,1.);
#13112 = DIRECTION('',(0.,-1.,0.));
#13113 = ORIENTED_EDGE('',*,*,#3082,.F.);
#13114 = PLANE('',#13115);
#13115 = AXIS2_PLACEMENT_3D('',#13116,#13117,#13118);
#13116 = CARTESIAN_POINT('',(6.,-17.74499988555,4.050000190735));
#13117 = DIRECTION('',(0.,0.,1.));
#13118 = DIRECTION('',(1.,0.,-0.));
#13119 = ADVANCED_FACE('',(#13120),#13129,.T.);
#13120 = FACE_BOUND('',#13121,.T.);
#13121 = EDGE_LOOP('',(#13122,#13123,#13124,#13125,#13126,#13127,#13128)
  );
#13122 = ORIENTED_EDGE('',*,*,#2521,.F.);
#13123 = ORIENTED_EDGE('',*,*,#13029,.F.);
#13124 = ORIENTED_EDGE('',*,*,#2346,.F.);
#13125 = ORIENTED_EDGE('',*,*,#2403,.F.);
#13126 = ORIENTED_EDGE('',*,*,#2417,.F.);
#13127 = ORIENTED_EDGE('',*,*,#2448,.F.);
#13128 = ORIENTED_EDGE('',*,*,#2607,.F.);
#13129 = PLANE('',#13130);
#13130 = AXIS2_PLACEMENT_3D('',#13131,#13132,#13133);
#13131 = CARTESIAN_POINT('',(-3.,-1.427657968023,3.550000050249));
#13132 = DIRECTION('',(1.,0.,0.));
#13133 = DIRECTION('',(-0.,0.,1.));
#13134 = ADVANCED_FACE('',(#13135),#13149,.T.);
#13135 = FACE_BOUND('',#13136,.T.);
#13136 = EDGE_LOOP('',(#13137,#13143,#13144,#13145,#13146,#13147,#13148)
  );
#13137 = ORIENTED_EDGE('',*,*,#13138,.F.);
#13138 = EDGE_CURVE('',#13047,#2088,#13139,.T.);
#13139 = LINE('',#13140,#13141);
#13140 = CARTESIAN_POINT('',(-3.,-17.73999977111,4.050000190735));
#13141 = VECTOR('',#13142,1.);
#13142 = DIRECTION('',(0.,0.768220501146,-0.640185333805));
#13143 = ORIENTED_EDGE('',*,*,#13046,.F.);
#13144 = ORIENTED_EDGE('',*,*,#2165,.F.);
#13145 = ORIENTED_EDGE('',*,*,#1993,.F.);
#13146 = ORIENTED_EDGE('',*,*,#2023,.T.);
#13147 = ORIENTED_EDGE('',*,*,#2054,.F.);
#13148 = ORIENTED_EDGE('',*,*,#2095,.F.);
#13149 = PLANE('',#13150);
#13150 = AXIS2_PLACEMENT_3D('',#13151,#13152,#13153);
#13151 = CARTESIAN_POINT('',(-3.,-17.57234228401,3.550000050249));
#13152 = DIRECTION('',(1.,0.,0.));
#13153 = DIRECTION('',(-0.,0.,1.));
#13154 = ADVANCED_FACE('',(#13155),#13161,.T.);
#13155 = FACE_BOUND('',#13156,.T.);
#13156 = EDGE_LOOP('',(#13157,#13158,#13159,#13160));
#13157 = ORIENTED_EDGE('',*,*,#13138,.T.);
#13158 = ORIENTED_EDGE('',*,*,#2085,.F.);
#13159 = ORIENTED_EDGE('',*,*,#2135,.F.);
#13160 = ORIENTED_EDGE('',*,*,#13054,.T.);
#13161 = PLANE('',#13162);
#13162 = AXIS2_PLACEMENT_3D('',#13163,#13164,#13165);
#13163 = CARTESIAN_POINT('',(-6.,-17.47000026702,3.825000047684));
#13164 = DIRECTION('',(0.,0.640185333805,0.768220501146));
#13165 = DIRECTION('',(0.,0.768220501146,-0.640185333805));
#13166 = ADVANCED_FACE('',(#13167),#13183,.T.);
#13167 = FACE_BOUND('',#13168,.T.);
#13168 = EDGE_LOOP('',(#13169,#13175,#13176,#13182));
#13169 = ORIENTED_EDGE('',*,*,#13170,.T.);
#13170 = EDGE_CURVE('',#13093,#1900,#13171,.T.);
#13171 = LINE('',#13172,#13173);
#13172 = CARTESIAN_POINT('',(9.,-17.73999977111,4.050000190735));
#13173 = VECTOR('',#13174,1.);
#13174 = DIRECTION('',(0.,0.768220501146,-0.640185333805));
#13175 = ORIENTED_EDGE('',*,*,#1897,.F.);
#13176 = ORIENTED_EDGE('',*,*,#13177,.T.);
#13177 = EDGE_CURVE('',#1898,#13101,#13178,.T.);
#13178 = LINE('',#13179,#13180);
#13179 = CARTESIAN_POINT('',(3.,-17.20000076293,3.599999904633));
#13180 = VECTOR('',#13181,1.);
#13181 = DIRECTION('',(0.,-0.768220501146,0.640185333805));
#13182 = ORIENTED_EDGE('',*,*,#13100,.T.);
#13183 = PLANE('',#13184);
#13184 = AXIS2_PLACEMENT_3D('',#13185,#13186,#13187);
#13185 = CARTESIAN_POINT('',(6.,-17.47000026702,3.825000047684));
#13186 = DIRECTION('',(0.,0.640185333805,0.768220501146));
#13187 = DIRECTION('',(0.,0.768220501146,-0.640185333805));
#13188 = ADVANCED_FACE('',(#13189),#13198,.T.);
#13189 = FACE_BOUND('',#13190,.T.);
#13190 = EDGE_LOOP('',(#13191,#13192,#13193,#13194,#13195,#13196,#13197)
  );
#13191 = ORIENTED_EDGE('',*,*,#2593,.F.);
#13192 = ORIENTED_EDGE('',*,*,#2730,.F.);
#13193 = ORIENTED_EDGE('',*,*,#2701,.F.);
#13194 = ORIENTED_EDGE('',*,*,#2662,.F.);
#13195 = ORIENTED_EDGE('',*,*,#2639,.F.);
#13196 = ORIENTED_EDGE('',*,*,#13077,.T.);
#13197 = ORIENTED_EDGE('',*,*,#3068,.F.);
#13198 = PLANE('',#13199);
#13199 = AXIS2_PLACEMENT_3D('',#13200,#13201,#13202);
#13200 = CARTESIAN_POINT('',(3.,-1.427657968023,3.550000050249));
#13201 = DIRECTION('',(-1.,-0.,-0.));
#13202 = DIRECTION('',(0.,0.,-1.));
#13203 = ADVANCED_FACE('',(#13204),#13213,.T.);
#13204 = FACE_BOUND('',#13205,.T.);
#13205 = EDGE_LOOP('',(#13206,#13207,#13208,#13209,#13210,#13211,#13212)
  );
#13206 = ORIENTED_EDGE('',*,*,#1875,.F.);
#13207 = ORIENTED_EDGE('',*,*,#1844,.F.);
#13208 = ORIENTED_EDGE('',*,*,#2009,.F.);
#13209 = ORIENTED_EDGE('',*,*,#3092,.F.);
#13210 = ORIENTED_EDGE('',*,*,#13108,.F.);
#13211 = ORIENTED_EDGE('',*,*,#13177,.F.);
#13212 = ORIENTED_EDGE('',*,*,#1914,.F.);
#13213 = PLANE('',#13214);
#13214 = AXIS2_PLACEMENT_3D('',#13215,#13216,#13217);
#13215 = CARTESIAN_POINT('',(3.,-17.57234228401,3.550000050249));
#13216 = DIRECTION('',(-1.,-0.,-0.));
#13217 = DIRECTION('',(0.,0.,-1.));
#13218 = ADVANCED_FACE('',(#13219),#13228,.T.);
#13219 = FACE_BOUND('',#13220,.T.);
#13220 = EDGE_LOOP('',(#13221,#13222,#13223,#13224,#13225,#13226,#13227)
  );
#13221 = ORIENTED_EDGE('',*,*,#3061,.F.);
#13222 = ORIENTED_EDGE('',*,*,#13070,.F.);
#13223 = ORIENTED_EDGE('',*,*,#2621,.F.);
#13224 = ORIENTED_EDGE('',*,*,#2678,.F.);
#13225 = ORIENTED_EDGE('',*,*,#2692,.F.);
#13226 = ORIENTED_EDGE('',*,*,#2723,.F.);
#13227 = ORIENTED_EDGE('',*,*,#2577,.F.);
#13228 = PLANE('',#13229);
#13229 = AXIS2_PLACEMENT_3D('',#13230,#13231,#13232);
#13230 = CARTESIAN_POINT('',(9.,-1.427657968023,3.550000050249));
#13231 = DIRECTION('',(1.,0.,0.));
#13232 = DIRECTION('',(-0.,0.,1.));
#13233 = ADVANCED_FACE('',(#13234),#13243,.T.);
#13234 = FACE_BOUND('',#13235,.T.);
#13235 = EDGE_LOOP('',(#13236,#13237,#13238,#13239,#13240,#13241,#13242)
  );
#13236 = ORIENTED_EDGE('',*,*,#13170,.F.);
#13237 = ORIENTED_EDGE('',*,*,#13092,.F.);
#13238 = ORIENTED_EDGE('',*,*,#3099,.F.);
#13239 = ORIENTED_EDGE('',*,*,#1929,.F.);
#13240 = ORIENTED_EDGE('',*,*,#1826,.F.);
#13241 = ORIENTED_EDGE('',*,*,#1866,.F.);
#13242 = ORIENTED_EDGE('',*,*,#1907,.F.);
#13243 = PLANE('',#13244);
#13244 = AXIS2_PLACEMENT_3D('',#13245,#13246,#13247);
#13245 = CARTESIAN_POINT('',(9.,-17.57234228401,3.550000050249));
#13246 = DIRECTION('',(1.,0.,0.));
#13247 = DIRECTION('',(-0.,0.,1.));
#13248 = ADVANCED_FACE('',(#13249),#13260,.T.);
#13249 = FACE_BOUND('',#13250,.T.);
#13250 = EDGE_LOOP('',(#13251,#13252,#13253,#13259));
#13251 = ORIENTED_EDGE('',*,*,#6385,.F.);
#13252 = ORIENTED_EDGE('',*,*,#5317,.T.);
#13253 = ORIENTED_EDGE('',*,*,#13254,.T.);
#13254 = EDGE_CURVE('',#5310,#4399,#13255,.T.);
#13255 = LINE('',#13256,#13257);
#13256 = CARTESIAN_POINT('',(-18.75,-6.,11.800000190735));
#13257 = VECTOR('',#13258,1.);
#13258 = DIRECTION('',(0.,0.,-1.));
#13259 = ORIENTED_EDGE('',*,*,#4398,.F.);
#13260 = PLANE('',#13261);
#13261 = AXIS2_PLACEMENT_3D('',#13262,#13263,#13264);
#13262 = CARTESIAN_POINT('',(-18.76175022125,-5.820524930954,
    6.299999594688));
#13263 = DIRECTION('',(0.997863708912,6.533007298353E-02,0.));
#13264 = DIRECTION('',(-6.533007298353E-02,0.997863708912,0.));
#13265 = ADVANCED_FACE('',(#13266),#13277,.T.);
#13266 = FACE_BOUND('',#13267,.T.);
#13267 = EDGE_LOOP('',(#13268,#13269,#13270,#13271));
#13268 = ORIENTED_EDGE('',*,*,#5381,.T.);
#13269 = ORIENTED_EDGE('',*,*,#6330,.F.);
#13270 = ORIENTED_EDGE('',*,*,#4334,.F.);
#13271 = ORIENTED_EDGE('',*,*,#13272,.T.);
#13272 = EDGE_CURVE('',#4327,#5382,#13273,.T.);
#13273 = LINE('',#13274,#13275);
#13274 = CARTESIAN_POINT('',(-20.44759941101,-3.45933008194,
    0.799998998642));
#13275 = VECTOR('',#13276,1.);
#13276 = DIRECTION('',(0.,0.,1.));
#13277 = PLANE('',#13278);
#13278 = AXIS2_PLACEMENT_3D('',#13279,#13280,#13281);
#13279 = CARTESIAN_POINT('',(-20.2862997055,-3.538879990578,
    6.299999594688));
#13280 = DIRECTION('',(0.442314168443,0.896860176613,0.));
#13281 = DIRECTION('',(0.896860176613,-0.442314168443,0.));
#13282 = ADVANCED_FACE('',(#13283),#13294,.T.);
#13283 = FACE_BOUND('',#13284,.T.);
#13284 = EDGE_LOOP('',(#13285,#13286,#13287,#13288));
#13285 = ORIENTED_EDGE('',*,*,#5389,.T.);
#13286 = ORIENTED_EDGE('',*,*,#13272,.F.);
#13287 = ORIENTED_EDGE('',*,*,#4326,.F.);
#13288 = ORIENTED_EDGE('',*,*,#13289,.T.);
#13289 = EDGE_CURVE('',#4319,#5390,#13290,.T.);
#13290 = LINE('',#13291,#13292);
#13291 = CARTESIAN_POINT('',(-20.78820037841,-3.343699932098,
    0.799998998642));
#13292 = VECTOR('',#13293,1.);
#13293 = DIRECTION('',(0.,0.,1.));
#13294 = PLANE('',#13295);
#13295 = AXIS2_PLACEMENT_3D('',#13296,#13297,#13298);
#13296 = CARTESIAN_POINT('',(-20.61789989471,-3.401515007019,
    6.299999594688));
#13297 = DIRECTION('',(0.32146863418,0.946920227494,0.));
#13298 = DIRECTION('',(0.946920227494,-0.32146863418,0.));
#13299 = ADVANCED_FACE('',(#13300),#13306,.T.);
#13300 = FACE_BOUND('',#13301,.T.);
#13301 = EDGE_LOOP('',(#13302,#13303,#13304,#13305));
#13302 = ORIENTED_EDGE('',*,*,#6312,.F.);
#13303 = ORIENTED_EDGE('',*,*,#5293,.T.);
#13304 = ORIENTED_EDGE('',*,*,#6344,.F.);
#13305 = ORIENTED_EDGE('',*,*,#4422,.F.);
#13306 = PLANE('',#13307);
#13307 = AXIS2_PLACEMENT_3D('',#13308,#13309,#13310);
#13308 = CARTESIAN_POINT('',(-18.90149974823,-6.882065057755,
    6.299999594688));
#13309 = DIRECTION('',(0.946955210905,-0.32136556838,0.));
#13310 = DIRECTION('',(0.32136556838,0.946955210905,0.));
#13311 = ADVANCED_FACE('',(#13312),#13328,.T.);
#13312 = FACE_BOUND('',#13313,.T.);
#13313 = EDGE_LOOP('',(#13314,#13320,#13321,#13327));
#13314 = ORIENTED_EDGE('',*,*,#13315,.T.);
#13315 = EDGE_CURVE('',#5134,#4575,#13316,.T.);
#13316 = LINE('',#13317,#13318);
#13317 = CARTESIAN_POINT('',(-24.15629959106,-6.711750030518,
    11.800000190735));
#13318 = VECTOR('',#13319,1.);
#13319 = DIRECTION('',(0.,0.,-1.));
#13320 = ORIENTED_EDGE('',*,*,#4574,.F.);
#13321 = ORIENTED_EDGE('',*,*,#13322,.T.);
#13322 = EDGE_CURVE('',#4567,#5142,#13323,.T.);
#13323 = LINE('',#13324,#13325);
#13324 = CARTESIAN_POINT('',(-24.04070091247,-7.052380084991,
    0.799998998642));
#13325 = VECTOR('',#13326,1.);
#13326 = DIRECTION('',(0.,0.,1.));
#13327 = ORIENTED_EDGE('',*,*,#5141,.T.);
#13328 = PLANE('',#13329);
#13329 = AXIS2_PLACEMENT_3D('',#13330,#13331,#13332);
#13330 = CARTESIAN_POINT('',(-24.09850025177,-6.882065057755,
    6.299999594688));
#13331 = DIRECTION('',(-0.946955210905,-0.32136556838,-0.));
#13332 = DIRECTION('',(0.32136556838,-0.946955210905,0.));
#13333 = ADVANCED_FACE('',(#13334),#13350,.T.);
#13334 = FACE_BOUND('',#13335,.T.);
#13335 = EDGE_LOOP('',(#13336,#13342,#13343,#13349));
#13336 = ORIENTED_EDGE('',*,*,#13337,.T.);
#13337 = EDGE_CURVE('',#5486,#4223,#13338,.T.);
#13338 = LINE('',#13339,#13340);
#13339 = CARTESIAN_POINT('',(-24.15629959106,-5.288249969482,
    11.800000190735));
#13340 = VECTOR('',#13341,1.);
#13341 = DIRECTION('',(0.,0.,-1.));
#13342 = ORIENTED_EDGE('',*,*,#4220,.F.);
#13343 = ORIENTED_EDGE('',*,*,#13344,.T.);
#13344 = EDGE_CURVE('',#4221,#5494,#13345,.T.);
#13345 = LINE('',#13346,#13347);
#13346 = CARTESIAN_POINT('',(-24.22649955749,-5.641049861908,
    0.799998998642));
#13347 = VECTOR('',#13348,1.);
#13348 = DIRECTION('',(0.,0.,1.));
#13349 = ORIENTED_EDGE('',*,*,#5493,.T.);
#13350 = PLANE('',#13351);
#13351 = AXIS2_PLACEMENT_3D('',#13352,#13353,#13354);
#13352 = CARTESIAN_POINT('',(-24.19139957428,-5.464649915695,
    6.299999594688));
#13353 = DIRECTION('',(-0.9807726693,0.195153711606,-0.));
#13354 = DIRECTION('',(-0.195153711606,-0.9807726693,0.));
#13355 = ADVANCED_FACE('',(#13356),#13362,.T.);
#13356 = FACE_BOUND('',#13357,.T.);
#13357 = EDGE_LOOP('',(#13358,#13359,#13360,#13361));
#13358 = ORIENTED_EDGE('',*,*,#5445,.T.);
#13359 = ORIENTED_EDGE('',*,*,#6291,.F.);
#13360 = ORIENTED_EDGE('',*,*,#4270,.F.);
#13361 = ORIENTED_EDGE('',*,*,#6177,.F.);
#13362 = PLANE('',#13363);
#13363 = AXIS2_PLACEMENT_3D('',#13364,#13365,#13366);
#13364 = CARTESIAN_POINT('',(-23.02455043792,-3.718354940414,
    6.299999594688));
#13365 = DIRECTION('',(-0.555564979717,0.831473122423,0.));
#13366 = DIRECTION('',(0.831473122423,0.555564979717,0.));
#13367 = ADVANCED_FACE('',(#13368),#13374,.T.);
#13368 = FACE_BOUND('',#13369,.T.);
#13369 = EDGE_LOOP('',(#13370,#13371,#13372,#13373));
#13370 = ORIENTED_EDGE('',*,*,#13254,.F.);
#13371 = ORIENTED_EDGE('',*,*,#5309,.T.);
#13372 = ORIENTED_EDGE('',*,*,#6305,.F.);
#13373 = ORIENTED_EDGE('',*,*,#4406,.F.);
#13374 = PLANE('',#13375);
#13375 = AXIS2_PLACEMENT_3D('',#13376,#13377,#13378);
#13376 = CARTESIAN_POINT('',(-18.76175022125,-6.179475069046,
    6.299999594688));
#13377 = DIRECTION('',(0.997863708912,-6.533007298353E-02,0.));
#13378 = DIRECTION('',(6.533007298353E-02,0.997863708912,0.));
#13379 = ADVANCED_FACE('',(#13380),#13391,.T.);
#13380 = FACE_BOUND('',#13381,.T.);
#13381 = EDGE_LOOP('',(#13382,#13383,#13384,#13385));
#13382 = ORIENTED_EDGE('',*,*,#5261,.T.);
#13383 = ORIENTED_EDGE('',*,*,#6128,.F.);
#13384 = ORIENTED_EDGE('',*,*,#4454,.F.);
#13385 = ORIENTED_EDGE('',*,*,#13386,.T.);
#13386 = EDGE_CURVE('',#4447,#5262,#13387,.T.);
#13387 = LINE('',#13388,#13389);
#13388 = CARTESIAN_POINT('',(-19.55550003051,-7.944540023804,
    0.799998998642));
#13389 = VECTOR('',#13390,1.);
#13390 = DIRECTION('',(0.,0.,1.));
#13391 = PLANE('',#13392);
#13392 = AXIS2_PLACEMENT_3D('',#13393,#13394,#13395);
#13393 = CARTESIAN_POINT('',(-19.69069957733,-8.063129901886,
    6.299999594688));
#13394 = DIRECTION('',(0.659418285721,-0.75177624627,-0.));
#13395 = DIRECTION('',(-0.75177624627,-0.659418285721,0.));
#13396 = ADVANCED_FACE('',(#13397),#13408,.T.);
#13397 = FACE_BOUND('',#13398,.T.);
#13398 = EDGE_LOOP('',(#13399,#13400,#13401,#13407));
#13399 = ORIENTED_EDGE('',*,*,#13344,.F.);
#13400 = ORIENTED_EDGE('',*,*,#4598,.F.);
#13401 = ORIENTED_EDGE('',*,*,#13402,.T.);
#13402 = EDGE_CURVE('',#4591,#5502,#13403,.T.);
#13403 = LINE('',#13404,#13405);
#13404 = CARTESIAN_POINT('',(-24.25,-6.,0.799998998642));
#13405 = VECTOR('',#13406,1.);
#13406 = DIRECTION('',(0.,0.,1.));
#13407 = ORIENTED_EDGE('',*,*,#5501,.T.);
#13408 = PLANE('',#13409);
#13409 = AXIS2_PLACEMENT_3D('',#13410,#13411,#13412);
#13410 = CARTESIAN_POINT('',(-24.23824977874,-5.820524930954,
    6.299999594688));
#13411 = DIRECTION('',(-0.997863708912,6.533007298353E-02,-0.));
#13412 = DIRECTION('',(-6.533007298353E-02,-0.997863708912,0.));
#13413 = ADVANCED_FACE('',(#13414),#13430,.T.);
#13414 = FACE_BOUND('',#13415,.T.);
#13415 = EDGE_LOOP('',(#13416,#13422,#13423,#13429));
#13416 = ORIENTED_EDGE('',*,*,#13417,.T.);
#13417 = EDGE_CURVE('',#5150,#4559,#13418,.T.);
#13418 = LINE('',#13419,#13420);
#13419 = CARTESIAN_POINT('',(-23.88159942627,-7.375,11.800000190735));
#13420 = VECTOR('',#13421,1.);
#13421 = DIRECTION('',(0.,0.,-1.));
#13422 = ORIENTED_EDGE('',*,*,#4558,.F.);
#13423 = ORIENTED_EDGE('',*,*,#13424,.T.);
#13424 = EDGE_CURVE('',#4551,#5158,#13425,.T.);
#13425 = LINE('',#13426,#13427);
#13426 = CARTESIAN_POINT('',(-23.6816997528,-7.6740899086,0.799998998642
    ));
#13427 = VECTOR('',#13428,1.);
#13428 = DIRECTION('',(0.,0.,1.));
#13429 = ORIENTED_EDGE('',*,*,#5157,.T.);
#13430 = PLANE('',#13431);
#13431 = AXIS2_PLACEMENT_3D('',#13432,#13433,#13434);
#13432 = CARTESIAN_POINT('',(-23.78164958953,-7.5245449543,
    6.299999594688));
#13433 = DIRECTION('',(-0.831400026738,-0.555674361061,-0.));
#13434 = DIRECTION('',(0.555674361061,-0.831400026738,0.));
#13435 = ADVANCED_FACE('',(#13436),#13442,.T.);
#13436 = FACE_BOUND('',#13437,.T.);
#13437 = EDGE_LOOP('',(#13438,#13439,#13440,#13441));
#13438 = ORIENTED_EDGE('',*,*,#13322,.F.);
#13439 = ORIENTED_EDGE('',*,*,#4566,.F.);
#13440 = ORIENTED_EDGE('',*,*,#13417,.F.);
#13441 = ORIENTED_EDGE('',*,*,#5149,.T.);
#13442 = PLANE('',#13443);
#13443 = AXIS2_PLACEMENT_3D('',#13444,#13445,#13446);
#13444 = CARTESIAN_POINT('',(-23.96115016937,-7.213690042496,
    6.299999594688));
#13445 = DIRECTION('',(-0.896869487561,-0.44229528856,-0.));
#13446 = DIRECTION('',(0.44229528856,-0.896869487561,0.));
#13447 = ADVANCED_FACE('',(#13448),#13459,.T.);
#13448 = FACE_BOUND('',#13449,.T.);
#13449 = EDGE_LOOP('',(#13450,#13451,#13452,#13458));
#13450 = ORIENTED_EDGE('',*,*,#6351,.F.);
#13451 = ORIENTED_EDGE('',*,*,#5277,.T.);
#13452 = ORIENTED_EDGE('',*,*,#13453,.T.);
#13453 = EDGE_CURVE('',#5270,#4439,#13454,.T.);
#13454 = LINE('',#13455,#13456);
#13455 = CARTESIAN_POINT('',(-19.31830024719,-7.6740899086,
    11.800000190735));
#13456 = VECTOR('',#13457,1.);
#13457 = DIRECTION('',(0.,0.,-1.));
#13458 = ORIENTED_EDGE('',*,*,#4438,.F.);
#13459 = PLANE('',#13460);
#13460 = AXIS2_PLACEMENT_3D('',#13461,#13462,#13463);
#13461 = CARTESIAN_POINT('',(-19.21835041046,-7.5245449543,
    6.299999594688));
#13462 = DIRECTION('',(0.831400026738,-0.555674361061,0.));
#13463 = DIRECTION('',(0.555674361061,0.831400026738,0.));
#13464 = ADVANCED_FACE('',(#13465),#13471,.T.);
#13465 = FACE_BOUND('',#13466,.T.);
#13466 = EDGE_LOOP('',(#13467,#13468,#13469,#13470));
#13467 = ORIENTED_EDGE('',*,*,#6216,.F.);
#13468 = ORIENTED_EDGE('',*,*,#5357,.T.);
#13469 = ORIENTED_EDGE('',*,*,#6054,.F.);
#13470 = ORIENTED_EDGE('',*,*,#4358,.F.);
#13471 = PLANE('',#13472);
#13472 = AXIS2_PLACEMENT_3D('',#13473,#13474,#13475);
#13473 = CARTESIAN_POINT('',(-19.43690013885,-4.190685033798,
    6.299999594688));
#13474 = DIRECTION('',(0.751810319741,0.659379437904,0.));
#13475 = DIRECTION('',(-0.659379437904,0.751810319741,0.));
#13476 = ADVANCED_FACE('',(#13477),#13488,.T.);
#13477 = FACE_BOUND('',#13478,.T.);
#13478 = EDGE_LOOP('',(#13479,#13485,#13486,#13487));
#13479 = ORIENTED_EDGE('',*,*,#13480,.T.);
#13480 = EDGE_CURVE('',#5478,#4231,#13481,.T.);
#13481 = LINE('',#13482,#13483);
#13482 = CARTESIAN_POINT('',(-24.04070091247,-4.947619915009,
    11.800000190735));
#13483 = VECTOR('',#13484,1.);
#13484 = DIRECTION('',(0.,0.,-1.));
#13485 = ORIENTED_EDGE('',*,*,#4230,.F.);
#13486 = ORIENTED_EDGE('',*,*,#13337,.F.);
#13487 = ORIENTED_EDGE('',*,*,#5485,.T.);
#13488 = PLANE('',#13489);
#13489 = AXIS2_PLACEMENT_3D('',#13490,#13491,#13492);
#13490 = CARTESIAN_POINT('',(-24.09850025177,-5.117934942245,
    6.299999594688));
#13491 = DIRECTION('',(-0.946955210905,0.32136556838,-0.));
#13492 = DIRECTION('',(-0.32136556838,-0.946955210905,0.));
#13493 = ADVANCED_FACE('',(#13494),#13505,.T.);
#13494 = FACE_BOUND('',#13495,.T.);
#13495 = EDGE_LOOP('',(#13496,#13497,#13498,#13504));
#13496 = ORIENTED_EDGE('',*,*,#13424,.F.);
#13497 = ORIENTED_EDGE('',*,*,#4550,.F.);
#13498 = ORIENTED_EDGE('',*,*,#13499,.T.);
#13499 = EDGE_CURVE('',#4543,#5166,#13500,.T.);
#13500 = LINE('',#13501,#13502);
#13501 = CARTESIAN_POINT('',(-23.44449996948,-7.944540023804,
    0.799998998642));
#13502 = VECTOR('',#13503,1.);
#13503 = DIRECTION('',(0.,0.,1.));
#13504 = ORIENTED_EDGE('',*,*,#5165,.T.);
#13505 = PLANE('',#13506);
#13506 = AXIS2_PLACEMENT_3D('',#13507,#13508,#13509);
#13507 = CARTESIAN_POINT('',(-23.56309986114,-7.809314966202,
    6.299999594688));
#13508 = DIRECTION('',(-0.751810319741,-0.659379437904,-0.));
#13509 = DIRECTION('',(0.659379437904,-0.751810319741,0.));
#13510 = ADVANCED_FACE('',(#13511),#13517,.T.);
#13511 = FACE_BOUND('',#13512,.T.);
#13512 = EDGE_LOOP('',(#13513,#13514,#13515,#13516));
#13513 = ORIENTED_EDGE('',*,*,#5413,.T.);
#13514 = ORIENTED_EDGE('',*,*,#6040,.F.);
#13515 = ORIENTED_EDGE('',*,*,#4302,.F.);
#13516 = ORIENTED_EDGE('',*,*,#6011,.F.);
#13517 = PLANE('',#13518);
#13518 = AXIS2_PLACEMENT_3D('',#13519,#13520,#13521);
#13519 = CARTESIAN_POINT('',(-21.67945003509,-3.261765003204,
    6.299999594688));
#13520 = DIRECTION('',(-6.542099390217E-02,0.997857752166,0.));
#13521 = DIRECTION('',(0.997857752166,6.542099390217E-02,0.));
#13522 = ADVANCED_FACE('',(#13523),#13529,.T.);
#13523 = FACE_BOUND('',#13524,.T.);
#13524 = EDGE_LOOP('',(#13525,#13526,#13527,#13528));
#13525 = ORIENTED_EDGE('',*,*,#13453,.F.);
#13526 = ORIENTED_EDGE('',*,*,#5269,.T.);
#13527 = ORIENTED_EDGE('',*,*,#13386,.F.);
#13528 = ORIENTED_EDGE('',*,*,#4446,.F.);
#13529 = PLANE('',#13530);
#13530 = AXIS2_PLACEMENT_3D('',#13531,#13532,#13533);
#13531 = CARTESIAN_POINT('',(-19.43690013885,-7.809314966202,
    6.299999594688));
#13532 = DIRECTION('',(0.751810319741,-0.659379437904,0.));
#13533 = DIRECTION('',(0.659379437904,0.751810319741,0.));
#13534 = ADVANCED_FACE('',(#13535),#13541,.T.);
#13535 = FACE_BOUND('',#13536,.T.);
#13536 = EDGE_LOOP('',(#13537,#13538,#13539,#13540));
#13537 = ORIENTED_EDGE('',*,*,#5245,.T.);
#13538 = ORIENTED_EDGE('',*,*,#6274,.F.);
#13539 = ORIENTED_EDGE('',*,*,#4470,.F.);
#13540 = ORIENTED_EDGE('',*,*,#6121,.F.);
#13541 = PLANE('',#13542);
#13542 = AXIS2_PLACEMENT_3D('',#13543,#13544,#13545);
#13543 = CARTESIAN_POINT('',(-20.2862997055,-8.461120128632,
    6.299999594688));
#13544 = DIRECTION('',(0.442315767895,-0.896859387792,-0.));
#13545 = DIRECTION('',(-0.896859387792,-0.442315767895,0.));
#13546 = ADVANCED_FACE('',(#13547),#13553,.T.);
#13547 = FACE_BOUND('',#13548,.T.);
#13548 = EDGE_LOOP('',(#13549,#13550,#13551,#13552));
#13549 = ORIENTED_EDGE('',*,*,#5397,.T.);
#13550 = ORIENTED_EDGE('',*,*,#13289,.F.);
#13551 = ORIENTED_EDGE('',*,*,#4318,.F.);
#13552 = ORIENTED_EDGE('',*,*,#6033,.F.);
#13553 = PLANE('',#13554);
#13554 = AXIS2_PLACEMENT_3D('',#13555,#13556,#13557);
#13555 = CARTESIAN_POINT('',(-20.96465015411,-3.308614969254,
    6.299999594688));
#13556 = DIRECTION('',(0.195020384565,0.980799189235,0.));
#13557 = DIRECTION('',(0.980799189235,-0.195020384565,0.));
#13558 = ADVANCED_FACE('',(#13559),#13570,.T.);
#13559 = FACE_BOUND('',#13560,.T.);
#13560 = EDGE_LOOP('',(#13561,#13562,#13563,#13569));
#13561 = ORIENTED_EDGE('',*,*,#13402,.F.);
#13562 = ORIENTED_EDGE('',*,*,#4590,.F.);
#13563 = ORIENTED_EDGE('',*,*,#13564,.T.);
#13564 = EDGE_CURVE('',#4583,#5132,#13565,.T.);
#13565 = LINE('',#13566,#13567);
#13566 = CARTESIAN_POINT('',(-24.22649955749,-6.358950138092,
    0.799998998642));
#13567 = VECTOR('',#13568,1.);
#13568 = DIRECTION('',(0.,0.,1.));
#13569 = ORIENTED_EDGE('',*,*,#5509,.F.);
#13570 = PLANE('',#13571);
#13571 = AXIS2_PLACEMENT_3D('',#13572,#13573,#13574);
#13572 = CARTESIAN_POINT('',(-24.23824977874,-6.179475069046,
    6.299999594688));
#13573 = DIRECTION('',(-0.997863708912,-6.533007298353E-02,-0.));
#13574 = DIRECTION('',(6.533007298353E-02,-0.997863708912,0.));
#13575 = ADVANCED_FACE('',(#13576),#13592,.T.);
#13576 = FACE_BOUND('',#13577,.T.);
#13577 = EDGE_LOOP('',(#13578,#13584,#13585,#13591));
#13578 = ORIENTED_EDGE('',*,*,#13579,.T.);
#13579 = EDGE_CURVE('',#5462,#4247,#13580,.T.);
#13580 = LINE('',#13581,#13582);
#13581 = CARTESIAN_POINT('',(-23.6816997528,-4.3259100914,
    11.800000190735));
#13582 = VECTOR('',#13583,1.);
#13583 = DIRECTION('',(0.,0.,-1.));
#13584 = ORIENTED_EDGE('',*,*,#4246,.F.);
#13585 = ORIENTED_EDGE('',*,*,#13586,.T.);
#13586 = EDGE_CURVE('',#4239,#5470,#13587,.T.);
#13587 = LINE('',#13588,#13589);
#13588 = CARTESIAN_POINT('',(-23.88159942627,-4.625,0.799998998642));
#13589 = VECTOR('',#13590,1.);
#13590 = DIRECTION('',(0.,0.,1.));
#13591 = ORIENTED_EDGE('',*,*,#5469,.F.);
#13592 = PLANE('',#13593);
#13593 = AXIS2_PLACEMENT_3D('',#13594,#13595,#13596);
#13594 = CARTESIAN_POINT('',(-23.78164958953,-4.4754550457,
    6.299999594688));
#13595 = DIRECTION('',(-0.831400026738,0.555674361061,-0.));
#13596 = DIRECTION('',(-0.555674361061,-0.831400026738,0.));
#13597 = ADVANCED_FACE('',(#13598),#13604,.T.);
#13598 = FACE_BOUND('',#13599,.T.);
#13599 = EDGE_LOOP('',(#13600,#13601,#13602,#13603));
#13600 = ORIENTED_EDGE('',*,*,#13564,.F.);
#13601 = ORIENTED_EDGE('',*,*,#4582,.F.);
#13602 = ORIENTED_EDGE('',*,*,#13315,.F.);
#13603 = ORIENTED_EDGE('',*,*,#5131,.F.);
#13604 = PLANE('',#13605);
#13605 = AXIS2_PLACEMENT_3D('',#13606,#13607,#13608);
#13606 = CARTESIAN_POINT('',(-24.19139957428,-6.535350084305,
    6.299999594688));
#13607 = DIRECTION('',(-0.9807726693,-0.195153711606,-0.));
#13608 = DIRECTION('',(0.195153711606,-0.9807726693,0.));
#13609 = ADVANCED_FACE('',(#13610),#13621,.T.);
#13610 = FACE_BOUND('',#13611,.T.);
#13611 = EDGE_LOOP('',(#13612,#13613,#13614,#13615));
#13612 = ORIENTED_EDGE('',*,*,#5197,.F.);
#13613 = ORIENTED_EDGE('',*,*,#6145,.F.);
#13614 = ORIENTED_EDGE('',*,*,#4518,.F.);
#13615 = ORIENTED_EDGE('',*,*,#13616,.T.);
#13616 = EDGE_CURVE('',#4511,#5198,#13617,.T.);
#13617 = LINE('',#13618,#13619);
#13618 = CARTESIAN_POINT('',(-22.21179962158,-8.656299591064,
    0.799998998642));
#13619 = VECTOR('',#13620,1.);
#13620 = DIRECTION('',(0.,0.,1.));
#13621 = PLANE('',#13622);
#13622 = AXIS2_PLACEMENT_3D('',#13623,#13624,#13625);
#13623 = CARTESIAN_POINT('',(-22.38210010528,-8.598484992981,
    6.299999594688));
#13624 = DIRECTION('',(-0.321466256821,-0.946921034578,-0.));
#13625 = DIRECTION('',(-0.946921034578,0.321466256821,0.));
#13626 = ADVANCED_FACE('',(#13627),#13633,.T.);
#13627 = FACE_BOUND('',#13628,.T.);
#13628 = EDGE_LOOP('',(#13629,#13630,#13631,#13632));
#13629 = ORIENTED_EDGE('',*,*,#5205,.F.);
#13630 = ORIENTED_EDGE('',*,*,#13616,.F.);
#13631 = ORIENTED_EDGE('',*,*,#4510,.F.);
#13632 = ORIENTED_EDGE('',*,*,#6077,.F.);
#13633 = PLANE('',#13634);
#13634 = AXIS2_PLACEMENT_3D('',#13635,#13636,#13637);
#13635 = CARTESIAN_POINT('',(-22.03534984588,-8.691384792328,
    6.299999594688));
#13636 = DIRECTION('',(-0.195021659415,-0.980798935745,-0.));
#13637 = DIRECTION('',(-0.980798935745,0.195021659415,0.));
#13638 = ADVANCED_FACE('',(#13639),#13645,.T.);
#13639 = FACE_BOUND('',#13640,.T.);
#13640 = EDGE_LOOP('',(#13641,#13642,#13643,#13644));
#13641 = ORIENTED_EDGE('',*,*,#5173,.F.);
#13642 = ORIENTED_EDGE('',*,*,#13499,.F.);
#13643 = ORIENTED_EDGE('',*,*,#4542,.F.);
#13644 = ORIENTED_EDGE('',*,*,#6099,.F.);
#13645 = PLANE('',#13646);
#13646 = AXIS2_PLACEMENT_3D('',#13647,#13648,#13649);
#13647 = CARTESIAN_POINT('',(-23.30930042266,-8.063129901886,
    6.299999594688));
#13648 = DIRECTION('',(-0.659418285721,-0.75177624627,-0.));
#13649 = DIRECTION('',(-0.75177624627,0.659418285721,0.));
#13650 = ADVANCED_FACE('',(#13651),#13657,.T.);
#13651 = FACE_BOUND('',#13652,.T.);
#13652 = EDGE_LOOP('',(#13653,#13654,#13655,#13656));
#13653 = ORIENTED_EDGE('',*,*,#6184,.F.);
#13654 = ORIENTED_EDGE('',*,*,#4254,.F.);
#13655 = ORIENTED_EDGE('',*,*,#13579,.F.);
#13656 = ORIENTED_EDGE('',*,*,#5461,.F.);
#13657 = PLANE('',#13658);
#13658 = AXIS2_PLACEMENT_3D('',#13659,#13660,#13661);
#13659 = CARTESIAN_POINT('',(-23.56309986114,-4.190685033798,
    6.299999594688));
#13660 = DIRECTION('',(-0.751810319741,0.659379437904,-0.));
#13661 = DIRECTION('',(-0.659379437904,-0.751810319741,0.));
#13662 = ADVANCED_FACE('',(#13663),#13669,.T.);
#13663 = FACE_BOUND('',#13664,.T.);
#13664 = EDGE_LOOP('',(#13665,#13666,#13667,#13668));
#13665 = ORIENTED_EDGE('',*,*,#13586,.F.);
#13666 = ORIENTED_EDGE('',*,*,#4238,.F.);
#13667 = ORIENTED_EDGE('',*,*,#13480,.F.);
#13668 = ORIENTED_EDGE('',*,*,#5477,.F.);
#13669 = PLANE('',#13670);
#13670 = AXIS2_PLACEMENT_3D('',#13671,#13672,#13673);
#13671 = CARTESIAN_POINT('',(-23.96115016937,-4.786309957504,
    6.299999594688));
#13672 = DIRECTION('',(-0.896869487561,0.44229528856,-0.));
#13673 = DIRECTION('',(-0.44229528856,-0.896869487561,0.));
#13674 = ADVANCED_FACE('',(#13675),#13686,.T.);
#13675 = FACE_BOUND('',#13676,.T.);
#13676 = EDGE_LOOP('',(#13677,#13678,#13679,#13685));
#13677 = ORIENTED_EDGE('',*,*,#7630,.F.);
#13678 = ORIENTED_EDGE('',*,*,#6657,.T.);
#13679 = ORIENTED_EDGE('',*,*,#13680,.T.);
#13680 = EDGE_CURVE('',#6650,#4849,#13681,.T.);
#13681 = LINE('',#13682,#13683);
#13682 = CARTESIAN_POINT('',(24.25,-6.,11.800000190735));
#13683 = VECTOR('',#13684,1.);
#13684 = DIRECTION('',(0.,0.,-1.));
#13685 = ORIENTED_EDGE('',*,*,#4848,.F.);
#13686 = PLANE('',#13687);
#13687 = AXIS2_PLACEMENT_3D('',#13688,#13689,#13690);
#13688 = CARTESIAN_POINT('',(24.238249778748,-5.820524930954,
    6.299999594688));
#13689 = DIRECTION('',(0.997863708912,6.533007298353E-02,0.));
#13690 = DIRECTION('',(-6.533007298353E-02,0.997863708912,0.));
#13691 = ADVANCED_FACE('',(#13692),#13703,.T.);
#13692 = FACE_BOUND('',#13693,.T.);
#13693 = EDGE_LOOP('',(#13694,#13695,#13696,#13697));
#13694 = ORIENTED_EDGE('',*,*,#6585,.T.);
#13695 = ORIENTED_EDGE('',*,*,#7648,.F.);
#13696 = ORIENTED_EDGE('',*,*,#4920,.F.);
#13697 = ORIENTED_EDGE('',*,*,#13698,.T.);
#13698 = EDGE_CURVE('',#4913,#6586,#13699,.T.);
#13699 = LINE('',#13700,#13701);
#13700 = CARTESIAN_POINT('',(22.875,-8.381569862366,0.799998998642));
#13701 = VECTOR('',#13702,1.);
#13702 = DIRECTION('',(0.,0.,1.));
#13703 = PLANE('',#13704);
#13704 = AXIS2_PLACEMENT_3D('',#13705,#13706,#13707);
#13705 = CARTESIAN_POINT('',(22.713700294495,-8.461120128632,
    6.299999594688));
#13706 = DIRECTION('',(0.442315767895,-0.896859387792,-0.));
#13707 = DIRECTION('',(-0.896859387792,-0.442315767895,0.));
#13708 = ADVANCED_FACE('',(#13709),#13720,.T.);
#13709 = FACE_BOUND('',#13710,.T.);
#13710 = EDGE_LOOP('',(#13711,#13712,#13713,#13714));
#13711 = ORIENTED_EDGE('',*,*,#6593,.T.);
#13712 = ORIENTED_EDGE('',*,*,#13698,.F.);
#13713 = ORIENTED_EDGE('',*,*,#4912,.F.);
#13714 = ORIENTED_EDGE('',*,*,#13715,.T.);
#13715 = EDGE_CURVE('',#4905,#6594,#13716,.T.);
#13716 = LINE('',#13717,#13718);
#13717 = CARTESIAN_POINT('',(23.174100875854,-8.181719779968,
    0.799998998642));
#13718 = VECTOR('',#13719,1.);
#13719 = DIRECTION('',(0.,0.,1.));
#13720 = PLANE('',#13721);
#13721 = AXIS2_PLACEMENT_3D('',#13722,#13723,#13724);
#13722 = CARTESIAN_POINT('',(23.024550437927,-8.281644821167,
    6.299999594688));
#13723 = DIRECTION('',(0.555564979717,-0.831473122423,-0.));
#13724 = DIRECTION('',(-0.831473122423,-0.555564979717,0.));
#13725 = ADVANCED_FACE('',(#13726),#13742,.T.);
#13726 = FACE_BOUND('',#13727,.T.);
#13727 = EDGE_LOOP('',(#13728,#13734,#13735,#13741));
#13728 = ORIENTED_EDGE('',*,*,#13729,.T.);
#13729 = EDGE_CURVE('',#6498,#4617,#13730,.T.);
#13730 = LINE('',#13731,#13732);
#13731 = CARTESIAN_POINT('',(19.318300247192,-7.6740899086,
    11.800000190735));
#13732 = VECTOR('',#13733,1.);
#13733 = DIRECTION('',(0.,0.,-1.));
#13734 = ORIENTED_EDGE('',*,*,#4616,.F.);
#13735 = ORIENTED_EDGE('',*,*,#13736,.T.);
#13736 = EDGE_CURVE('',#4609,#6506,#13737,.T.);
#13737 = LINE('',#13738,#13739);
#13738 = CARTESIAN_POINT('',(19.555500030518,-7.944540023804,
    0.799998998642));
#13739 = VECTOR('',#13740,1.);
#13740 = DIRECTION('',(0.,0.,1.));
#13741 = ORIENTED_EDGE('',*,*,#6505,.T.);
#13742 = PLANE('',#13743);
#13743 = AXIS2_PLACEMENT_3D('',#13744,#13745,#13746);
#13744 = CARTESIAN_POINT('',(19.436900138855,-7.809314966202,
    6.299999594688));
#13745 = DIRECTION('',(-0.751810319741,-0.659379437904,-0.));
#13746 = DIRECTION('',(0.659379437904,-0.751810319741,0.));
#13747 = ADVANCED_FACE('',(#13748),#13764,.T.);
#13748 = FACE_BOUND('',#13749,.T.);
#13749 = EDGE_LOOP('',(#13750,#13756,#13757,#13763));
#13750 = ORIENTED_EDGE('',*,*,#13751,.T.);
#13751 = EDGE_CURVE('',#6482,#4633,#13752,.T.);
#13752 = LINE('',#13753,#13754);
#13753 = CARTESIAN_POINT('',(18.959299087524,-7.052380084991,
    11.800000190735));
#13754 = VECTOR('',#13755,1.);
#13755 = DIRECTION('',(0.,0.,-1.));
#13756 = ORIENTED_EDGE('',*,*,#4632,.F.);
#13757 = ORIENTED_EDGE('',*,*,#13758,.T.);
#13758 = EDGE_CURVE('',#4625,#6490,#13759,.T.);
#13759 = LINE('',#13760,#13761);
#13760 = CARTESIAN_POINT('',(19.11840057373,-7.375,0.799998998642));
#13761 = VECTOR('',#13762,1.);
#13762 = DIRECTION('',(0.,0.,1.));
#13763 = ORIENTED_EDGE('',*,*,#6489,.T.);
#13764 = PLANE('',#13765);
#13765 = AXIS2_PLACEMENT_3D('',#13766,#13767,#13768);
#13766 = CARTESIAN_POINT('',(19.038849830627,-7.213690042496,
    6.299999594688));
#13767 = DIRECTION('',(-0.896869487561,-0.44229528856,-0.));
#13768 = DIRECTION('',(0.44229528856,-0.896869487561,0.));
#13769 = ADVANCED_FACE('',(#13770),#13781,.T.);
#13770 = FACE_BOUND('',#13771,.T.);
#13771 = EDGE_LOOP('',(#13772,#13773,#13774,#13775));
#13772 = ORIENTED_EDGE('',*,*,#6713,.T.);
#13773 = ORIENTED_EDGE('',*,*,#7670,.F.);
#13774 = ORIENTED_EDGE('',*,*,#4792,.F.);
#13775 = ORIENTED_EDGE('',*,*,#13776,.T.);
#13776 = EDGE_CURVE('',#4785,#6714,#13777,.T.);
#13777 = LINE('',#13778,#13779);
#13778 = CARTESIAN_POINT('',(22.875,-3.618429899216,0.799998998642));
#13779 = VECTOR('',#13780,1.);
#13780 = DIRECTION('',(0.,0.,1.));
#13781 = PLANE('',#13782);
#13782 = AXIS2_PLACEMENT_3D('',#13783,#13784,#13785);
#13783 = CARTESIAN_POINT('',(23.024550437927,-3.718354940414,
    6.299999594688));
#13784 = DIRECTION('',(0.555564979717,0.831473122423,0.));
#13785 = DIRECTION('',(0.831473122423,-0.555564979717,0.));
#13786 = ADVANCED_FACE('',(#13787),#13803,.T.);
#13787 = FACE_BOUND('',#13788,.T.);
#13788 = EDGE_LOOP('',(#13789,#13795,#13796,#13802));
#13789 = ORIENTED_EDGE('',*,*,#13790,.T.);
#13790 = EDGE_CURVE('',#6826,#4673,#13791,.T.);
#13791 = LINE('',#13792,#13793);
#13792 = CARTESIAN_POINT('',(18.843700408936,-5.288249969482,
    11.800000190735));
#13793 = VECTOR('',#13794,1.);
#13794 = DIRECTION('',(0.,0.,-1.));
#13795 = ORIENTED_EDGE('',*,*,#4672,.F.);
#13796 = ORIENTED_EDGE('',*,*,#13797,.T.);
#13797 = EDGE_CURVE('',#4665,#6834,#13798,.T.);
#13798 = LINE('',#13799,#13800);
#13799 = CARTESIAN_POINT('',(18.773500442505,-5.641049861908,
    0.799998998642));
#13800 = VECTOR('',#13801,1.);
#13801 = DIRECTION('',(0.,0.,1.));
#13802 = ORIENTED_EDGE('',*,*,#6833,.T.);
#13803 = PLANE('',#13804);
#13804 = AXIS2_PLACEMENT_3D('',#13805,#13806,#13807);
#13805 = CARTESIAN_POINT('',(18.80860042572,-5.464649915695,
    6.299999594688));
#13806 = DIRECTION('',(-0.9807726693,0.195153711606,-0.));
#13807 = DIRECTION('',(-0.195153711606,-0.9807726693,0.));
#13808 = ADVANCED_FACE('',(#13809),#13825,.T.);
#13809 = FACE_BOUND('',#13810,.T.);
#13810 = EDGE_LOOP('',(#13811,#13817,#13818,#13824));
#13811 = ORIENTED_EDGE('',*,*,#13812,.T.);
#13812 = EDGE_CURVE('',#6794,#4705,#13813,.T.);
#13813 = LINE('',#13814,#13815);
#13814 = CARTESIAN_POINT('',(19.555500030518,-4.055459976196,
    11.800000190735));
#13815 = VECTOR('',#13816,1.);
#13816 = DIRECTION('',(0.,0.,-1.));
#13817 = ORIENTED_EDGE('',*,*,#4704,.F.);
#13818 = ORIENTED_EDGE('',*,*,#13819,.T.);
#13819 = EDGE_CURVE('',#4697,#6802,#13820,.T.);
#13820 = LINE('',#13821,#13822);
#13821 = CARTESIAN_POINT('',(19.318300247192,-4.3259100914,
    0.799998998642));
#13822 = VECTOR('',#13823,1.);
#13823 = DIRECTION('',(0.,0.,1.));
#13824 = ORIENTED_EDGE('',*,*,#6801,.T.);
#13825 = PLANE('',#13826);
#13826 = AXIS2_PLACEMENT_3D('',#13827,#13828,#13829);
#13827 = CARTESIAN_POINT('',(19.436900138855,-4.190685033798,
    6.299999594688));
#13828 = DIRECTION('',(-0.751810319741,0.659379437904,-0.));
#13829 = DIRECTION('',(-0.659379437904,-0.751810319741,0.));
#13830 = ADVANCED_FACE('',(#13831),#13842,.T.);
#13831 = FACE_BOUND('',#13832,.T.);
#13832 = EDGE_LOOP('',(#13833,#13834,#13835,#13841));
#13833 = ORIENTED_EDGE('',*,*,#7496,.F.);
#13834 = ORIENTED_EDGE('',*,*,#6609,.T.);
#13835 = ORIENTED_EDGE('',*,*,#13836,.T.);
#13836 = EDGE_CURVE('',#6602,#4897,#13837,.T.);
#13837 = LINE('',#13838,#13839);
#13838 = CARTESIAN_POINT('',(23.444499969482,-7.944540023804,
    11.800000190735));
#13839 = VECTOR('',#13840,1.);
#13840 = DIRECTION('',(0.,0.,-1.));
#13841 = ORIENTED_EDGE('',*,*,#4896,.F.);
#13842 = PLANE('',#13843);
#13843 = AXIS2_PLACEMENT_3D('',#13844,#13845,#13846);
#13844 = CARTESIAN_POINT('',(23.563099861145,-7.809314966202,
    6.299999594688));
#13845 = DIRECTION('',(0.751810319741,-0.659379437904,0.));
#13846 = DIRECTION('',(0.659379437904,0.751810319741,0.));
#13847 = ADVANCED_FACE('',(#13848),#13854,.T.);
#13848 = FACE_BOUND('',#13849,.T.);
#13849 = EDGE_LOOP('',(#13850,#13851,#13852,#13853));
#13850 = ORIENTED_EDGE('',*,*,#7540,.F.);
#13851 = ORIENTED_EDGE('',*,*,#6625,.T.);
#13852 = ORIENTED_EDGE('',*,*,#7489,.F.);
#13853 = ORIENTED_EDGE('',*,*,#4880,.F.);
#13854 = PLANE('',#13855);
#13855 = AXIS2_PLACEMENT_3D('',#13856,#13857,#13858);
#13856 = CARTESIAN_POINT('',(23.961150169373,-7.213690042496,
    6.299999594688));
#13857 = DIRECTION('',(0.896869487561,-0.44229528856,0.));
#13858 = DIRECTION('',(0.44229528856,0.896869487561,0.));
#13859 = ADVANCED_FACE('',(#13860),#13871,.T.);
#13860 = FACE_BOUND('',#13861,.T.);
#13861 = EDGE_LOOP('',(#13862,#13863,#13864,#13865));
#13862 = ORIENTED_EDGE('',*,*,#6761,.T.);
#13863 = ORIENTED_EDGE('',*,*,#7575,.F.);
#13864 = ORIENTED_EDGE('',*,*,#4744,.F.);
#13865 = ORIENTED_EDGE('',*,*,#13866,.T.);
#13866 = EDGE_CURVE('',#4737,#6762,#13867,.T.);
#13867 = LINE('',#13868,#13869);
#13868 = CARTESIAN_POINT('',(20.788200378418,-3.343699932098,
    0.799998998642));
#13869 = VECTOR('',#13870,1.);
#13870 = DIRECTION('',(0.,0.,1.));
#13871 = PLANE('',#13872);
#13872 = AXIS2_PLACEMENT_3D('',#13873,#13874,#13875);
#13873 = CARTESIAN_POINT('',(20.964650154114,-3.308614969254,
    6.299999594688));
#13874 = DIRECTION('',(-0.195020384565,0.980799189235,0.));
#13875 = DIRECTION('',(0.980799189235,0.195020384565,0.));
#13876 = ADVANCED_FACE('',(#13877),#13883,.T.);
#13877 = FACE_BOUND('',#13878,.T.);
#13878 = EDGE_LOOP('',(#13879,#13880,#13881,#13882));
#13879 = ORIENTED_EDGE('',*,*,#6601,.T.);
#13880 = ORIENTED_EDGE('',*,*,#13715,.F.);
#13881 = ORIENTED_EDGE('',*,*,#4904,.F.);
#13882 = ORIENTED_EDGE('',*,*,#13836,.F.);
#13883 = PLANE('',#13884);
#13884 = AXIS2_PLACEMENT_3D('',#13885,#13886,#13887);
#13885 = CARTESIAN_POINT('',(23.309300422668,-8.063129901886,
    6.299999594688));
#13886 = DIRECTION('',(0.659418285721,-0.75177624627,-0.));
#13887 = DIRECTION('',(-0.75177624627,-0.659418285721,0.));
#13888 = ADVANCED_FACE('',(#13889),#13900,.T.);
#13889 = FACE_BOUND('',#13890,.T.);
#13890 = EDGE_LOOP('',(#13891,#13892,#13893,#13894));
#13891 = ORIENTED_EDGE('',*,*,#6545,.T.);
#13892 = ORIENTED_EDGE('',*,*,#7475,.F.);
#13893 = ORIENTED_EDGE('',*,*,#4960,.F.);
#13894 = ORIENTED_EDGE('',*,*,#13895,.T.);
#13895 = EDGE_CURVE('',#4953,#6546,#13896,.T.);
#13896 = LINE('',#13897,#13898);
#13897 = CARTESIAN_POINT('',(21.14109992981,-8.726469993591,
    0.799998998642));
#13898 = VECTOR('',#13899,1.);
#13899 = DIRECTION('',(0.,0.,1.));
#13900 = PLANE('',#13901);
#13901 = AXIS2_PLACEMENT_3D('',#13902,#13903,#13904);
#13902 = CARTESIAN_POINT('',(20.964650154114,-8.691384792328,
    6.299999594688));
#13903 = DIRECTION('',(-0.195021659415,-0.980798935745,-0.));
#13904 = DIRECTION('',(-0.980798935745,0.195021659415,0.));
#13905 = ADVANCED_FACE('',(#13906),#13912,.T.);
#13906 = FACE_BOUND('',#13907,.T.);
#13907 = EDGE_LOOP('',(#13908,#13909,#13910,#13911));
#13908 = ORIENTED_EDGE('',*,*,#6793,.T.);
#13909 = ORIENTED_EDGE('',*,*,#7458,.F.);
#13910 = ORIENTED_EDGE('',*,*,#4712,.F.);
#13911 = ORIENTED_EDGE('',*,*,#13812,.F.);
#13912 = PLANE('',#13913);
#13913 = AXIS2_PLACEMENT_3D('',#13914,#13915,#13916);
#13914 = CARTESIAN_POINT('',(19.690699577332,-3.936869978905,
    6.299999594688));
#13915 = DIRECTION('',(-0.659418660349,0.751775917666,0.));
#13916 = DIRECTION('',(0.751775917666,0.659418660349,0.));
#13917 = ADVANCED_FACE('',(#13918),#13929,.T.);
#13918 = FACE_BOUND('',#13919,.T.);
#13919 = EDGE_LOOP('',(#13920,#13921,#13922,#13928));
#13920 = ORIENTED_EDGE('',*,*,#13680,.F.);
#13921 = ORIENTED_EDGE('',*,*,#6649,.T.);
#13922 = ORIENTED_EDGE('',*,*,#13923,.T.);
#13923 = EDGE_CURVE('',#6642,#4857,#13924,.T.);
#13924 = LINE('',#13925,#13926);
#13925 = CARTESIAN_POINT('',(24.226499557495,-6.358950138092,
    11.800000190735));
#13926 = VECTOR('',#13927,1.);
#13927 = DIRECTION('',(0.,0.,-1.));
#13928 = ORIENTED_EDGE('',*,*,#4856,.F.);
#13929 = PLANE('',#13930);
#13930 = AXIS2_PLACEMENT_3D('',#13931,#13932,#13933);
#13931 = CARTESIAN_POINT('',(24.238249778748,-6.179475069046,
    6.299999594688));
#13932 = DIRECTION('',(0.997863708912,-6.533007298353E-02,0.));
#13933 = DIRECTION('',(6.533007298353E-02,0.997863708912,0.));
#13934 = ADVANCED_FACE('',(#13935),#13946,.T.);
#13935 = FACE_BOUND('',#13936,.T.);
#13936 = EDGE_LOOP('',(#13937,#13943,#13944,#13945));
#13937 = ORIENTED_EDGE('',*,*,#13938,.T.);
#13938 = EDGE_CURVE('',#6818,#4681,#13939,.T.);
#13939 = LINE('',#13940,#13941);
#13940 = CARTESIAN_POINT('',(18.959299087524,-4.947619915009,
    11.800000190735));
#13941 = VECTOR('',#13942,1.);
#13942 = DIRECTION('',(0.,0.,-1.));
#13943 = ORIENTED_EDGE('',*,*,#4680,.F.);
#13944 = ORIENTED_EDGE('',*,*,#13790,.F.);
#13945 = ORIENTED_EDGE('',*,*,#6825,.T.);
#13946 = PLANE('',#13947);
#13947 = AXIS2_PLACEMENT_3D('',#13948,#13949,#13950);
#13948 = CARTESIAN_POINT('',(18.90149974823,-5.117934942245,
    6.299999594688));
#13949 = DIRECTION('',(-0.946955210905,0.32136556838,-0.));
#13950 = DIRECTION('',(-0.32136556838,-0.946955210905,0.));
#13951 = ADVANCED_FACE('',(#13952),#13958,.T.);
#13952 = FACE_BOUND('',#13953,.T.);
#13953 = EDGE_LOOP('',(#13954,#13955,#13956,#13957));
#13954 = ORIENTED_EDGE('',*,*,#13923,.F.);
#13955 = ORIENTED_EDGE('',*,*,#6641,.T.);
#13956 = ORIENTED_EDGE('',*,*,#7533,.F.);
#13957 = ORIENTED_EDGE('',*,*,#4864,.F.);
#13958 = PLANE('',#13959);
#13959 = AXIS2_PLACEMENT_3D('',#13960,#13961,#13962);
#13960 = CARTESIAN_POINT('',(24.19139957428,-6.535350084305,
    6.299999594688));
#13961 = DIRECTION('',(0.9807726693,-0.195153711606,0.));
#13962 = DIRECTION('',(0.195153711606,0.9807726693,0.));
#13963 = ADVANCED_FACE('',(#13964),#13980,.T.);
#13964 = FACE_BOUND('',#13965,.T.);
#13965 = EDGE_LOOP('',(#13966,#13972,#13973,#13979));
#13966 = ORIENTED_EDGE('',*,*,#13967,.T.);
#13967 = EDGE_CURVE('',#6842,#4657,#13968,.T.);
#13968 = LINE('',#13969,#13970);
#13969 = CARTESIAN_POINT('',(18.75,-6.,11.800000190735));
#13970 = VECTOR('',#13971,1.);
#13971 = DIRECTION('',(0.,0.,-1.));
#13972 = ORIENTED_EDGE('',*,*,#4656,.F.);
#13973 = ORIENTED_EDGE('',*,*,#13974,.T.);
#13974 = EDGE_CURVE('',#4649,#6474,#13975,.T.);
#13975 = LINE('',#13976,#13977);
#13976 = CARTESIAN_POINT('',(18.773500442505,-6.358950138092,
    0.799998998642));
#13977 = VECTOR('',#13978,1.);
#13978 = DIRECTION('',(0.,0.,1.));
#13979 = ORIENTED_EDGE('',*,*,#6849,.T.);
#13980 = PLANE('',#13981);
#13981 = AXIS2_PLACEMENT_3D('',#13982,#13983,#13984);
#13982 = CARTESIAN_POINT('',(18.761750221252,-6.179475069046,
    6.299999594688));
#13983 = DIRECTION('',(-0.997863708912,-6.533007298353E-02,-0.));
#13984 = DIRECTION('',(6.533007298353E-02,-0.997863708912,0.));
#13985 = ADVANCED_FACE('',(#13986),#13997,.T.);
#13986 = FACE_BOUND('',#13987,.T.);
#13987 = EDGE_LOOP('',(#13988,#13989,#13990,#13996));
#13988 = ORIENTED_EDGE('',*,*,#13974,.F.);
#13989 = ORIENTED_EDGE('',*,*,#4648,.F.);
#13990 = ORIENTED_EDGE('',*,*,#13991,.T.);
#13991 = EDGE_CURVE('',#4641,#6472,#13992,.T.);
#13992 = LINE('',#13993,#13994);
#13993 = CARTESIAN_POINT('',(18.843700408936,-6.711750030518,
    0.799998998642));
#13994 = VECTOR('',#13995,1.);
#13995 = DIRECTION('',(0.,0.,1.));
#13996 = ORIENTED_EDGE('',*,*,#6471,.T.);
#13997 = PLANE('',#13998);
#13998 = AXIS2_PLACEMENT_3D('',#13999,#14000,#14001);
#13999 = CARTESIAN_POINT('',(18.80860042572,-6.535350084305,
    6.299999594688));
#14000 = DIRECTION('',(-0.9807726693,-0.195153711606,-0.));
#14001 = DIRECTION('',(0.195153711606,-0.9807726693,0.));
#14002 = ADVANCED_FACE('',(#14003),#14009,.T.);
#14003 = FACE_BOUND('',#14004,.T.);
#14004 = EDGE_LOOP('',(#14005,#14006,#14007,#14008));
#14005 = ORIENTED_EDGE('',*,*,#6553,.T.);
#14006 = ORIENTED_EDGE('',*,*,#13895,.F.);
#14007 = ORIENTED_EDGE('',*,*,#4952,.F.);
#14008 = ORIENTED_EDGE('',*,*,#7373,.F.);
#14009 = PLANE('',#14010);
#14010 = AXIS2_PLACEMENT_3D('',#14011,#14012,#14013);
#14011 = CARTESIAN_POINT('',(21.320549964905,-8.738234996796,
    6.299999594688));
#14012 = DIRECTION('',(-6.542099390217E-02,-0.997857752166,-0.));
#14013 = DIRECTION('',(-0.997857752166,6.542099390217E-02,0.));
#14014 = ADVANCED_FACE('',(#14015),#14021,.T.);
#14015 = FACE_BOUND('',#14016,.T.);
#14016 = EDGE_LOOP('',(#14017,#14018,#14019,#14020));
#14017 = ORIENTED_EDGE('',*,*,#6721,.T.);
#14018 = ORIENTED_EDGE('',*,*,#13776,.F.);
#14019 = ORIENTED_EDGE('',*,*,#4784,.F.);
#14020 = ORIENTED_EDGE('',*,*,#7590,.F.);
#14021 = PLANE('',#14022);
#14022 = AXIS2_PLACEMENT_3D('',#14023,#14024,#14025);
#14023 = CARTESIAN_POINT('',(22.713700294495,-3.538879990578,
    6.299999594688));
#14024 = DIRECTION('',(0.442314168443,0.896860176613,0.));
#14025 = DIRECTION('',(0.896860176613,-0.442314168443,0.));
#14026 = ADVANCED_FACE('',(#14027),#14033,.T.);
#14027 = FACE_BOUND('',#14028,.T.);
#14028 = EDGE_LOOP('',(#14029,#14030,#14031,#14032));
#14029 = ORIENTED_EDGE('',*,*,#7663,.F.);
#14030 = ORIENTED_EDGE('',*,*,#6697,.T.);
#14031 = ORIENTED_EDGE('',*,*,#7411,.F.);
#14032 = ORIENTED_EDGE('',*,*,#4808,.F.);
#14033 = PLANE('',#14034);
#14034 = AXIS2_PLACEMENT_3D('',#14035,#14036,#14037);
#14035 = CARTESIAN_POINT('',(23.563099861145,-4.190685033798,
    6.299999594688));
#14036 = DIRECTION('',(0.751810319741,0.659379437904,0.));
#14037 = DIRECTION('',(-0.659379437904,0.751810319741,0.));
#14038 = ADVANCED_FACE('',(#14039),#14045,.T.);
#14039 = FACE_BOUND('',#14040,.T.);
#14040 = EDGE_LOOP('',(#14041,#14042,#14043,#14044));
#14041 = ORIENTED_EDGE('',*,*,#6737,.T.);
#14042 = ORIENTED_EDGE('',*,*,#7597,.F.);
#14043 = ORIENTED_EDGE('',*,*,#4768,.F.);
#14044 = ORIENTED_EDGE('',*,*,#7512,.F.);
#14045 = PLANE('',#14046);
#14046 = AXIS2_PLACEMENT_3D('',#14047,#14048,#14049);
#14047 = CARTESIAN_POINT('',(22.035349845886,-3.308614969254,
    6.299999594688));
#14048 = DIRECTION('',(0.195020384565,0.980799189235,0.));
#14049 = DIRECTION('',(0.980799189235,-0.195020384565,0.));
#14050 = ADVANCED_FACE('',(#14051),#14062,.T.);
#14051 = FACE_BOUND('',#14052,.T.);
#14052 = EDGE_LOOP('',(#14053,#14054,#14055,#14061));
#14053 = ORIENTED_EDGE('',*,*,#13819,.F.);
#14054 = ORIENTED_EDGE('',*,*,#4696,.F.);
#14055 = ORIENTED_EDGE('',*,*,#14056,.T.);
#14056 = EDGE_CURVE('',#4689,#6810,#14057,.T.);
#14057 = LINE('',#14058,#14059);
#14058 = CARTESIAN_POINT('',(19.11840057373,-4.625,0.799998998642));
#14059 = VECTOR('',#14060,1.);
#14060 = DIRECTION('',(0.,0.,1.));
#14061 = ORIENTED_EDGE('',*,*,#6809,.T.);
#14062 = PLANE('',#14063);
#14063 = AXIS2_PLACEMENT_3D('',#14064,#14065,#14066);
#14064 = CARTESIAN_POINT('',(19.218350410461,-4.4754550457,
    6.299999594688));
#14065 = DIRECTION('',(-0.831400026738,0.555674361061,-0.));
#14066 = DIRECTION('',(-0.555674361061,-0.831400026738,0.));
#14067 = ADVANCED_FACE('',(#14068),#14074,.T.);
#14068 = FACE_BOUND('',#14069,.T.);
#14069 = EDGE_LOOP('',(#14070,#14071,#14072,#14073));
#14070 = ORIENTED_EDGE('',*,*,#6769,.T.);
#14071 = ORIENTED_EDGE('',*,*,#13866,.F.);
#14072 = ORIENTED_EDGE('',*,*,#4736,.F.);
#14073 = ORIENTED_EDGE('',*,*,#7434,.F.);
#14074 = PLANE('',#14075);
#14075 = AXIS2_PLACEMENT_3D('',#14076,#14077,#14078);
#14076 = CARTESIAN_POINT('',(20.617899894714,-3.401515007019,
    6.299999594688));
#14077 = DIRECTION('',(-0.32146863418,0.946920227494,0.));
#14078 = DIRECTION('',(0.946920227494,0.32146863418,0.));
#14079 = ADVANCED_FACE('',(#14080),#14091,.T.);
#14080 = FACE_BOUND('',#14081,.T.);
#14081 = EDGE_LOOP('',(#14082,#14083,#14084,#14085));
#14082 = ORIENTED_EDGE('',*,*,#6513,.T.);
#14083 = ORIENTED_EDGE('',*,*,#13736,.F.);
#14084 = ORIENTED_EDGE('',*,*,#4606,.F.);
#14085 = ORIENTED_EDGE('',*,*,#14086,.T.);
#14086 = EDGE_CURVE('',#4607,#6514,#14087,.T.);
#14087 = LINE('',#14088,#14089);
#14088 = CARTESIAN_POINT('',(19.825899124146,-8.181719779968,
    0.799998998642));
#14089 = VECTOR('',#14090,1.);
#14090 = DIRECTION('',(0.,0.,1.));
#14091 = PLANE('',#14092);
#14092 = AXIS2_PLACEMENT_3D('',#14093,#14094,#14095);
#14093 = CARTESIAN_POINT('',(19.690699577332,-8.063129901886,
    6.299999594688));
#14094 = DIRECTION('',(-0.659418285721,-0.75177624627,-0.));
#14095 = DIRECTION('',(-0.75177624627,0.659418285721,0.));
#14096 = ADVANCED_FACE('',(#14097),#14103,.T.);
#14097 = FACE_BOUND('',#14098,.T.);
#14098 = EDGE_LOOP('',(#14099,#14100,#14101,#14102));
#14099 = ORIENTED_EDGE('',*,*,#13991,.F.);
#14100 = ORIENTED_EDGE('',*,*,#4640,.F.);
#14101 = ORIENTED_EDGE('',*,*,#13751,.F.);
#14102 = ORIENTED_EDGE('',*,*,#6481,.T.);
#14103 = PLANE('',#14104);
#14104 = AXIS2_PLACEMENT_3D('',#14105,#14106,#14107);
#14105 = CARTESIAN_POINT('',(18.90149974823,-6.882065057755,
    6.299999594688));
#14106 = DIRECTION('',(-0.946955210905,-0.32136556838,-0.));
#14107 = DIRECTION('',(0.32136556838,-0.946955210905,0.));
#14108 = ADVANCED_FACE('',(#14109),#14115,.T.);
#14109 = FACE_BOUND('',#14110,.T.);
#14110 = EDGE_LOOP('',(#14111,#14112,#14113,#14114));
#14111 = ORIENTED_EDGE('',*,*,#6521,.T.);
#14112 = ORIENTED_EDGE('',*,*,#14086,.F.);
#14113 = ORIENTED_EDGE('',*,*,#4984,.F.);
#14114 = ORIENTED_EDGE('',*,*,#7351,.F.);
#14115 = PLANE('',#14116);
#14116 = AXIS2_PLACEMENT_3D('',#14117,#14118,#14119);
#14117 = CARTESIAN_POINT('',(19.975449562073,-8.281644821167,
    6.299999594688));
#14118 = DIRECTION('',(-0.555564979717,-0.831473122423,-0.));
#14119 = DIRECTION('',(-0.831473122423,0.555564979717,0.));
#14120 = ADVANCED_FACE('',(#14121),#14127,.T.);
#14121 = FACE_BOUND('',#14122,.T.);
#14122 = EDGE_LOOP('',(#14123,#14124,#14125,#14126));
#14123 = ORIENTED_EDGE('',*,*,#13758,.F.);
#14124 = ORIENTED_EDGE('',*,*,#4624,.F.);
#14125 = ORIENTED_EDGE('',*,*,#13729,.F.);
#14126 = ORIENTED_EDGE('',*,*,#6497,.T.);
#14127 = PLANE('',#14128);
#14128 = AXIS2_PLACEMENT_3D('',#14129,#14130,#14131);
#14129 = CARTESIAN_POINT('',(19.218350410461,-7.5245449543,
    6.299999594688));
#14130 = DIRECTION('',(-0.831400026738,-0.555674361061,-0.));
#14131 = DIRECTION('',(0.555674361061,-0.831400026738,0.));
#14132 = ADVANCED_FACE('',(#14133),#14139,.T.);
#14133 = FACE_BOUND('',#14134,.T.);
#14134 = EDGE_LOOP('',(#14135,#14136,#14137,#14138));
#14135 = ORIENTED_EDGE('',*,*,#13797,.F.);
#14136 = ORIENTED_EDGE('',*,*,#4664,.F.);
#14137 = ORIENTED_EDGE('',*,*,#13967,.F.);
#14138 = ORIENTED_EDGE('',*,*,#6841,.T.);
#14139 = PLANE('',#14140);
#14140 = AXIS2_PLACEMENT_3D('',#14141,#14142,#14143);
#14141 = CARTESIAN_POINT('',(18.761750221252,-5.820524930954,
    6.299999594688));
#14142 = DIRECTION('',(-0.997863708912,6.533007298353E-02,-0.));
#14143 = DIRECTION('',(-6.533007298353E-02,-0.997863708912,0.));
#14144 = ADVANCED_FACE('',(#14145),#14151,.T.);
#14145 = FACE_BOUND('',#14146,.T.);
#14146 = EDGE_LOOP('',(#14147,#14148,#14149,#14150));
#14147 = ORIENTED_EDGE('',*,*,#14056,.F.);
#14148 = ORIENTED_EDGE('',*,*,#4688,.F.);
#14149 = ORIENTED_EDGE('',*,*,#13938,.F.);
#14150 = ORIENTED_EDGE('',*,*,#6817,.F.);
#14151 = PLANE('',#14152);
#14152 = AXIS2_PLACEMENT_3D('',#14153,#14154,#14155);
#14153 = CARTESIAN_POINT('',(19.038849830627,-4.786309957504,
    6.299999594688));
#14154 = DIRECTION('',(-0.896869487561,0.44229528856,-0.));
#14155 = DIRECTION('',(-0.44229528856,-0.896869487561,0.));
#14156 = ADVANCED_FACE('',(#14157),#14163,.T.);
#14157 = FACE_BOUND('',#14158,.T.);
#14158 = EDGE_LOOP('',(#14159,#14160,#14161,#14162));
#14159 = ORIENTED_EDGE('',*,*,#3634,.T.);
#14160 = ORIENTED_EDGE('',*,*,#3659,.F.);
#14161 = ORIENTED_EDGE('',*,*,#3772,.F.);
#14162 = ORIENTED_EDGE('',*,*,#12054,.F.);
#14163 = PLANE('',#14164);
#14164 = AXIS2_PLACEMENT_3D('',#14165,#14166,#14167);
#14165 = CARTESIAN_POINT('',(-3.,-19.25,2.299999475479));
#14166 = DIRECTION('',(0.,1.,0.));
#14167 = DIRECTION('',(0.,-0.,1.));
#14168 = ADVANCED_FACE('',(#14169),#14180,.T.);
#14169 = FACE_BOUND('',#14170,.T.);
#14170 = EDGE_LOOP('',(#14171,#14172,#14178,#14179));
#14171 = ORIENTED_EDGE('',*,*,#3618,.F.);
#14172 = ORIENTED_EDGE('',*,*,#14173,.T.);
#14173 = EDGE_CURVE('',#3611,#3780,#14174,.T.);
#14174 = LINE('',#14175,#14176);
#14175 = CARTESIAN_POINT('',(18.75,-23.5,3.799999952316));
#14176 = VECTOR('',#14177,1.);
#14177 = DIRECTION('',(0.,0.,-1.));
#14178 = ORIENTED_EDGE('',*,*,#3779,.F.);
#14179 = ORIENTED_EDGE('',*,*,#3668,.F.);
#14180 = PLANE('',#14181);
#14181 = AXIS2_PLACEMENT_3D('',#14182,#14183,#14184);
#14182 = CARTESIAN_POINT('',(19.25,-23.5,2.299999475479));
#14183 = DIRECTION('',(-0.,-1.,-0.));
#14184 = DIRECTION('',(0.,0.,-1.));
#14185 = ADVANCED_FACE('',(#14186),#14192,.T.);
#14186 = FACE_BOUND('',#14187,.T.);
#14187 = EDGE_LOOP('',(#14188,#14189,#14190,#14191));
#14188 = ORIENTED_EDGE('',*,*,#3353,.F.);
#14189 = ORIENTED_EDGE('',*,*,#3787,.F.);
#14190 = ORIENTED_EDGE('',*,*,#14173,.F.);
#14191 = ORIENTED_EDGE('',*,*,#3610,.F.);
#14192 = PLANE('',#14193);
#14193 = AXIS2_PLACEMENT_3D('',#14194,#14195,#14196);
#14194 = CARTESIAN_POINT('',(18.75,-21.875,2.299999475479));
#14195 = DIRECTION('',(-1.,-0.,-0.));
#14196 = DIRECTION('',(0.,0.,-1.));
#14197 = ADVANCED_FACE('',(#14198),#14209,.T.);
#14198 = FACE_BOUND('',#14199,.T.);
#14199 = EDGE_LOOP('',(#14200,#14206,#14207,#14208));
#14200 = ORIENTED_EDGE('',*,*,#14201,.F.);
#14201 = EDGE_CURVE('',#3907,#5031,#14202,.T.);
#14202 = LINE('',#14203,#14204);
#14203 = CARTESIAN_POINT('',(18.75,-32.75,0.799998998642));
#14204 = VECTOR('',#14205,1.);
#14205 = DIRECTION('',(0.,0.,1.));
#14206 = ORIENTED_EDGE('',*,*,#3906,.F.);
#14207 = ORIENTED_EDGE('',*,*,#7987,.F.);
#14208 = ORIENTED_EDGE('',*,*,#5038,.T.);
#14209 = PLANE('',#14210);
#14210 = AXIS2_PLACEMENT_3D('',#14211,#14212,#14213);
#14211 = CARTESIAN_POINT('',(18.75,-34.25,2.299999475479));
#14212 = DIRECTION('',(-1.,-0.,-0.));
#14213 = DIRECTION('',(0.,0.,-1.));
#14214 = ADVANCED_FACE('',(#14215),#14221,.T.);
#14215 = FACE_BOUND('',#14216,.T.);
#14216 = EDGE_LOOP('',(#14217,#14218,#14219,#14220));
#14217 = ORIENTED_EDGE('',*,*,#5030,.T.);
#14218 = ORIENTED_EDGE('',*,*,#4998,.F.);
#14219 = ORIENTED_EDGE('',*,*,#3914,.F.);
#14220 = ORIENTED_EDGE('',*,*,#14201,.T.);
#14221 = PLANE('',#14222);
#14222 = AXIS2_PLACEMENT_3D('',#14223,#14224,#14225);
#14223 = CARTESIAN_POINT('',(19.25,-32.75,2.299999475479));
#14224 = DIRECTION('',(0.,1.,0.));
#14225 = DIRECTION('',(0.,-0.,1.));
#14226 = ADVANCED_FACE('',(#14227),#14238,.T.);
#14227 = FACE_BOUND('',#14228,.T.);
#14228 = EDGE_LOOP('',(#14229,#14235,#14236,#14237));
#14229 = ORIENTED_EDGE('',*,*,#14230,.T.);
#14230 = EDGE_CURVE('',#3211,#3580,#14231,.T.);
#14231 = LINE('',#14232,#14233);
#14232 = CARTESIAN_POINT('',(-11.5,-20.26000022888,3.849999904633));
#14233 = VECTOR('',#14234,1.);
#14234 = DIRECTION('',(0.,1.,0.));
#14235 = ORIENTED_EDGE('',*,*,#3579,.F.);
#14236 = ORIENTED_EDGE('',*,*,#3186,.F.);
#14237 = ORIENTED_EDGE('',*,*,#3218,.F.);
#14238 = PLANE('',#14239);
#14239 = AXIS2_PLACEMENT_3D('',#14240,#14241,#14242);
#14240 = CARTESIAN_POINT('',(-15.5,-20.25500011444,3.849999904633));
#14241 = DIRECTION('',(0.,0.,1.));
#14242 = DIRECTION('',(1.,0.,-0.));
#14243 = ADVANCED_FACE('',(#14244),#14255,.T.);
#14244 = FACE_BOUND('',#14245,.T.);
#14245 = EDGE_LOOP('',(#14246,#14247,#14248,#14254));
#14246 = ORIENTED_EDGE('',*,*,#3407,.T.);
#14247 = ORIENTED_EDGE('',*,*,#3550,.F.);
#14248 = ORIENTED_EDGE('',*,*,#14249,.F.);
#14249 = EDGE_CURVE('',#3456,#3551,#14250,.T.);
#14250 = LINE('',#14251,#14252);
#14251 = CARTESIAN_POINT('',(4.5,-20.26000022888,3.849999904633));
#14252 = VECTOR('',#14253,1.);
#14253 = DIRECTION('',(0.,1.,0.));
#14254 = ORIENTED_EDGE('',*,*,#3455,.F.);
#14255 = PLANE('',#14256);
#14256 = AXIS2_PLACEMENT_3D('',#14257,#14258,#14259);
#14257 = CARTESIAN_POINT('',(8.5,-20.25500011444,3.849999904633));
#14258 = DIRECTION('',(0.,0.,1.));
#14259 = DIRECTION('',(1.,0.,-0.));
#14260 = ADVANCED_FACE('',(#14261),#14272,.T.);
#14261 = FACE_BOUND('',#14262,.T.);
#14262 = EDGE_LOOP('',(#14263,#14269,#14270,#14271));
#14263 = ORIENTED_EDGE('',*,*,#14264,.T.);
#14264 = EDGE_CURVE('',#8040,#8624,#14265,.T.);
#14265 = LINE('',#14266,#14267);
#14266 = CARTESIAN_POINT('',(-11.5,-35.75,3.849999904633));
#14267 = VECTOR('',#14268,1.);
#14268 = DIRECTION('',(0.,1.,0.));
#14269 = ORIENTED_EDGE('',*,*,#8640,.F.);
#14270 = ORIENTED_EDGE('',*,*,#8663,.F.);
#14271 = ORIENTED_EDGE('',*,*,#8047,.F.);
#14272 = PLANE('',#14273);
#14273 = AXIS2_PLACEMENT_3D('',#14274,#14275,#14276);
#14274 = CARTESIAN_POINT('',(-15.5,-35.74500083923,3.849999904633));
#14275 = DIRECTION('',(0.,0.,1.));
#14276 = DIRECTION('',(1.,0.,-0.));
#14277 = ADVANCED_FACE('',(#14278),#14289,.T.);
#14278 = FACE_BOUND('',#14279,.T.);
#14279 = EDGE_LOOP('',(#14280,#14281,#14282,#14288));
#14280 = ORIENTED_EDGE('',*,*,#8513,.F.);
#14281 = ORIENTED_EDGE('',*,*,#8497,.F.);
#14282 = ORIENTED_EDGE('',*,*,#14283,.T.);
#14283 = EDGE_CURVE('',#8490,#8014,#14284,.T.);
#14284 = LINE('',#14285,#14286);
#14285 = CARTESIAN_POINT('',(4.5,-35.74000167846,3.849999904633));
#14286 = VECTOR('',#14287,1.);
#14287 = DIRECTION('',(0.,-1.,0.));
#14288 = ORIENTED_EDGE('',*,*,#8013,.F.);
#14289 = PLANE('',#14290);
#14290 = AXIS2_PLACEMENT_3D('',#14291,#14292,#14293);
#14291 = CARTESIAN_POINT('',(8.5,-35.74500083923,3.849999904633));
#14292 = DIRECTION('',(0.,0.,1.));
#14293 = DIRECTION('',(1.,0.,-0.));
#14294 = ADVANCED_FACE('',(#14295),#14304,.T.);
#14295 = FACE_BOUND('',#14296,.T.);
#14296 = EDGE_LOOP('',(#14297,#14298,#14299,#14300,#14301,#14302,#14303)
  );
#14297 = ORIENTED_EDGE('',*,*,#3587,.F.);
#14298 = ORIENTED_EDGE('',*,*,#14230,.F.);
#14299 = ORIENTED_EDGE('',*,*,#3208,.F.);
#14300 = ORIENTED_EDGE('',*,*,#3249,.F.);
#14301 = ORIENTED_EDGE('',*,*,#3263,.F.);
#14302 = ORIENTED_EDGE('',*,*,#3287,.F.);
#14303 = ORIENTED_EDGE('',*,*,#3321,.F.);
#14304 = PLANE('',#14305);
#14305 = AXIS2_PLACEMENT_3D('',#14306,#14307,#14308);
#14306 = CARTESIAN_POINT('',(-11.5,-20.42765775553,3.349999925909));
#14307 = DIRECTION('',(1.,0.,0.));
#14308 = DIRECTION('',(-0.,0.,1.));
#14309 = ADVANCED_FACE('',(#14310),#14318,.T.);
#14310 = FACE_BOUND('',#14311,.T.);
#14311 = EDGE_LOOP('',(#14312,#14313,#14314,#14315,#14316,#14317));
#14312 = ORIENTED_EDGE('',*,*,#8562,.F.);
#14313 = ORIENTED_EDGE('',*,*,#8623,.F.);
#14314 = ORIENTED_EDGE('',*,*,#14264,.F.);
#14315 = ORIENTED_EDGE('',*,*,#8039,.F.);
#14316 = ORIENTED_EDGE('',*,*,#8678,.T.);
#14317 = ORIENTED_EDGE('',*,*,#8592,.F.);
#14318 = PLANE('',#14319);
#14319 = AXIS2_PLACEMENT_3D('',#14320,#14321,#14322);
#14320 = CARTESIAN_POINT('',(-11.5,-35.57234240332,3.34999992591));
#14321 = DIRECTION('',(1.,0.,0.));
#14322 = DIRECTION('',(-0.,0.,1.));
#14323 = ADVANCED_FACE('',(#14324),#14333,.T.);
#14324 = FACE_BOUND('',#14325,.T.);
#14325 = EDGE_LOOP('',(#14326,#14327,#14328,#14329,#14330,#14331,#14332)
  );
#14326 = ORIENTED_EDGE('',*,*,#3385,.F.);
#14327 = ORIENTED_EDGE('',*,*,#3535,.F.);
#14328 = ORIENTED_EDGE('',*,*,#3511,.F.);
#14329 = ORIENTED_EDGE('',*,*,#3486,.F.);
#14330 = ORIENTED_EDGE('',*,*,#3463,.F.);
#14331 = ORIENTED_EDGE('',*,*,#14249,.T.);
#14332 = ORIENTED_EDGE('',*,*,#3565,.F.);
#14333 = PLANE('',#14334);
#14334 = AXIS2_PLACEMENT_3D('',#14335,#14336,#14337);
#14335 = CARTESIAN_POINT('',(4.5,-20.42765775553,3.349999925909));
#14336 = DIRECTION('',(-1.,-0.,-0.));
#14337 = DIRECTION('',(0.,0.,-1.));
#14338 = ADVANCED_FACE('',(#14339),#14347,.T.);
#14339 = FACE_BOUND('',#14340,.T.);
#14340 = EDGE_LOOP('',(#14341,#14342,#14343,#14344,#14345,#14346));
#14341 = ORIENTED_EDGE('',*,*,#8435,.F.);
#14342 = ORIENTED_EDGE('',*,*,#8465,.F.);
#14343 = ORIENTED_EDGE('',*,*,#8537,.F.);
#14344 = ORIENTED_EDGE('',*,*,#8021,.F.);
#14345 = ORIENTED_EDGE('',*,*,#14283,.F.);
#14346 = ORIENTED_EDGE('',*,*,#8489,.F.);
#14347 = PLANE('',#14348);
#14348 = AXIS2_PLACEMENT_3D('',#14349,#14350,#14351);
#14349 = CARTESIAN_POINT('',(4.5,-35.57234240332,3.34999992591));
#14350 = DIRECTION('',(-1.,-0.,-0.));
#14351 = DIRECTION('',(0.,0.,-1.));
#14352 = ADVANCED_FACE('',(#14353),#14378,.T.);
#14353 = FACE_BOUND('',#14354,.T.);
#14354 = EDGE_LOOP('',(#14355,#14356,#14364,#14372));
#14355 = ORIENTED_EDGE('',*,*,#5631,.F.);
#14356 = ORIENTED_EDGE('',*,*,#14357,.T.);
#14357 = EDGE_CURVE('',#5624,#14358,#14360,.T.);
#14358 = VERTEX_POINT('',#14359);
#14359 = CARTESIAN_POINT('',(-21.38909912109,-5.157269954681,
    2.799999952316));
#14360 = LINE('',#14361,#14362);
#14361 = CARTESIAN_POINT('',(-21.38909912109,-5.157269954681,
    11.800000190735));
#14362 = VECTOR('',#14363,1.);
#14363 = DIRECTION('',(0.,0.,-1.));
#14364 = ORIENTED_EDGE('',*,*,#14365,.T.);
#14365 = EDGE_CURVE('',#14358,#14366,#14368,.T.);
#14366 = VERTEX_POINT('',#14367);
#14367 = CARTESIAN_POINT('',(-21.28000068664,-5.178959846497,
    2.799999952316));
#14368 = LINE('',#14369,#14370);
#14369 = CARTESIAN_POINT('',(-21.38909912109,-5.157269954681,
    2.799999952316));
#14370 = VECTOR('',#14371,1.);
#14371 = DIRECTION('',(0.980804431686,-0.194994017308,0.));
#14372 = ORIENTED_EDGE('',*,*,#14373,.T.);
#14373 = EDGE_CURVE('',#14366,#5632,#14374,.T.);
#14374 = LINE('',#14375,#14376);
#14375 = CARTESIAN_POINT('',(-21.28000068664,-5.178959846497,
    2.799999952316));
#14376 = VECTOR('',#14377,1.);
#14377 = DIRECTION('',(0.,0.,1.));
#14378 = PLANE('',#14379);
#14379 = AXIS2_PLACEMENT_3D('',#14380,#14381,#14382);
#14380 = CARTESIAN_POINT('',(-21.33454990387,-5.168114900589,
    7.300000071526));
#14381 = DIRECTION('',(-0.194994017308,-0.980804431686,-0.));
#14382 = DIRECTION('',(-0.980804431686,0.194994017308,0.));
#14383 = ADVANCED_FACE('',(#14384),#14402,.T.);
#14384 = FACE_BOUND('',#14385,.T.);
#14385 = EDGE_LOOP('',(#14386,#14387,#14395,#14401));
#14386 = ORIENTED_EDGE('',*,*,#5933,.F.);
#14387 = ORIENTED_EDGE('',*,*,#14388,.T.);
#14388 = EDGE_CURVE('',#5926,#14389,#14391,.T.);
#14389 = VERTEX_POINT('',#14390);
#14390 = CARTESIAN_POINT('',(-20.64999961853,-6.,2.799999952316));
#14391 = LINE('',#14392,#14393);
#14392 = CARTESIAN_POINT('',(-20.65730094909,-5.889050006866,
    2.799999952316));
#14393 = VECTOR('',#14394,1.);
#14394 = DIRECTION('',(6.566536782298E-02,-0.997841700606,0.));
#14395 = ORIENTED_EDGE('',*,*,#14396,.T.);
#14396 = EDGE_CURVE('',#14389,#5696,#14397,.T.);
#14397 = LINE('',#14398,#14399);
#14398 = CARTESIAN_POINT('',(-20.64999961853,-6.,2.799999952316));
#14399 = VECTOR('',#14400,1.);
#14400 = DIRECTION('',(0.,0.,1.));
#14401 = ORIENTED_EDGE('',*,*,#5695,.F.);
#14402 = PLANE('',#14403);
#14403 = AXIS2_PLACEMENT_3D('',#14404,#14405,#14406);
#14404 = CARTESIAN_POINT('',(-20.65365028381,-5.944525003433,
    7.300000071526));
#14405 = DIRECTION('',(-0.997841700606,-6.566536782298E-02,-0.));
#14406 = DIRECTION('',(6.566536782298E-02,-0.997841700606,0.));
#14407 = ADVANCED_FACE('',(#14408),#14426,.T.);
#14408 = FACE_BOUND('',#14409,.T.);
#14409 = EDGE_LOOP('',(#14410,#14411,#14412,#14420));
#14410 = ORIENTED_EDGE('',*,*,#5639,.F.);
#14411 = ORIENTED_EDGE('',*,*,#14373,.F.);
#14412 = ORIENTED_EDGE('',*,*,#14413,.T.);
#14413 = EDGE_CURVE('',#14366,#14414,#14416,.T.);
#14414 = VERTEX_POINT('',#14415);
#14415 = CARTESIAN_POINT('',(-21.17469978332,-5.214700222015,
    2.799999952316));
#14416 = LINE('',#14417,#14418);
#14417 = CARTESIAN_POINT('',(-21.28000068664,-5.178959846497,
    2.799999952316));
#14418 = VECTOR('',#14419,1.);
#14419 = DIRECTION('',(0.946942349304,-0.321403464658,0.));
#14420 = ORIENTED_EDGE('',*,*,#14421,.T.);
#14421 = EDGE_CURVE('',#14414,#5640,#14422,.T.);
#14422 = LINE('',#14423,#14424);
#14423 = CARTESIAN_POINT('',(-21.17469978332,-5.214700222015,
    2.799999952316));
#14424 = VECTOR('',#14425,1.);
#14425 = DIRECTION('',(0.,0.,1.));
#14426 = PLANE('',#14427);
#14427 = AXIS2_PLACEMENT_3D('',#14428,#14429,#14430);
#14428 = CARTESIAN_POINT('',(-21.22735023498,-5.196830034256,
    7.300000071526));
#14429 = DIRECTION('',(-0.321403464658,-0.946942349304,-0.));
#14430 = DIRECTION('',(-0.946942349304,0.321403464658,0.));
#14431 = ADVANCED_FACE('',(#14432),#14457,.T.);
#14432 = FACE_BOUND('',#14433,.T.);
#14433 = EDGE_LOOP('',(#14434,#14442,#14443,#14451));
#14434 = ORIENTED_EDGE('',*,*,#14435,.T.);
#14435 = EDGE_CURVE('',#14436,#5518,#14438,.T.);
#14436 = VERTEX_POINT('',#14437);
#14437 = CARTESIAN_POINT('',(-22.3426990509,-6.110949993134,
    2.799999952316));
#14438 = LINE('',#14439,#14440);
#14439 = CARTESIAN_POINT('',(-22.3426990509,-6.110949993134,
    2.799999952316));
#14440 = VECTOR('',#14441,1.);
#14441 = DIRECTION('',(0.,0.,1.));
#14442 = ORIENTED_EDGE('',*,*,#5879,.F.);
#14443 = ORIENTED_EDGE('',*,*,#14444,.T.);
#14444 = EDGE_CURVE('',#5872,#14445,#14447,.T.);
#14445 = VERTEX_POINT('',#14446);
#14446 = CARTESIAN_POINT('',(-22.3209991455,-6.219999790192,
    2.799999952316));
#14447 = LINE('',#14448,#14449);
#14448 = CARTESIAN_POINT('',(-22.3209991455,-6.219999790192,
    11.800000190735));
#14449 = VECTOR('',#14450,1.);
#14450 = DIRECTION('',(0.,0.,-1.));
#14451 = ORIENTED_EDGE('',*,*,#14452,.T.);
#14452 = EDGE_CURVE('',#14445,#14436,#14453,.T.);
#14453 = LINE('',#14454,#14455);
#14454 = CARTESIAN_POINT('',(-22.3209991455,-6.219999790192,
    2.799999952316));
#14455 = VECTOR('',#14456,1.);
#14456 = DIRECTION('',(-0.195164309792,0.980770560418,0.));
#14457 = PLANE('',#14458);
#14458 = AXIS2_PLACEMENT_3D('',#14459,#14460,#14461);
#14459 = CARTESIAN_POINT('',(-22.3318490982,-6.165474891663,
    7.300000071526));
#14460 = DIRECTION('',(0.980770560418,0.195164309792,0.));
#14461 = DIRECTION('',(-0.195164309792,0.980770560418,0.));
#14462 = ADVANCED_FACE('',(#14463),#14481,.T.);
#14463 = FACE_BOUND('',#14464,.T.);
#14464 = EDGE_LOOP('',(#14465,#14466,#14474,#14480));
#14465 = ORIENTED_EDGE('',*,*,#14396,.F.);
#14466 = ORIENTED_EDGE('',*,*,#14467,.T.);
#14467 = EDGE_CURVE('',#14389,#14468,#14470,.T.);
#14468 = VERTEX_POINT('',#14469);
#14469 = CARTESIAN_POINT('',(-20.65730094909,-6.110949993134,
    2.799999952316));
#14470 = LINE('',#14471,#14472);
#14471 = CARTESIAN_POINT('',(-20.64999961853,-6.,2.799999952316));
#14472 = VECTOR('',#14473,1.);
#14473 = DIRECTION('',(-6.566536782298E-02,-0.997841700606,0.));
#14474 = ORIENTED_EDGE('',*,*,#14475,.T.);
#14475 = EDGE_CURVE('',#14468,#5704,#14476,.T.);
#14476 = LINE('',#14477,#14478);
#14477 = CARTESIAN_POINT('',(-20.65730094909,-6.110949993134,
    2.799999952316));
#14478 = VECTOR('',#14479,1.);
#14479 = DIRECTION('',(0.,0.,1.));
#14480 = ORIENTED_EDGE('',*,*,#5703,.F.);
#14481 = PLANE('',#14482);
#14482 = AXIS2_PLACEMENT_3D('',#14483,#14484,#14485);
#14483 = CARTESIAN_POINT('',(-20.65365028381,-6.055474996567,
    7.300000071526));
#14484 = DIRECTION('',(-0.997841700606,6.566536782298E-02,-0.));
#14485 = DIRECTION('',(-6.566536782298E-02,-0.997841700606,0.));
#14486 = ADVANCED_FACE('',(#14487),#14505,.T.);
#14487 = FACE_BOUND('',#14488,.T.);
#14488 = EDGE_LOOP('',(#14489,#14497,#14498,#14499));
#14489 = ORIENTED_EDGE('',*,*,#14490,.T.);
#14490 = EDGE_CURVE('',#14491,#5520,#14493,.T.);
#14491 = VERTEX_POINT('',#14492);
#14492 = CARTESIAN_POINT('',(-22.35000038147,-6.,2.799999952316));
#14493 = LINE('',#14494,#14495);
#14494 = CARTESIAN_POINT('',(-22.35000038147,-6.,2.799999952316));
#14495 = VECTOR('',#14496,1.);
#14496 = DIRECTION('',(0.,0.,1.));
#14497 = ORIENTED_EDGE('',*,*,#5517,.F.);
#14498 = ORIENTED_EDGE('',*,*,#14435,.F.);
#14499 = ORIENTED_EDGE('',*,*,#14500,.T.);
#14500 = EDGE_CURVE('',#14436,#14491,#14501,.T.);
#14501 = LINE('',#14502,#14503);
#14502 = CARTESIAN_POINT('',(-22.3426990509,-6.110949993134,
    2.799999952316));
#14503 = VECTOR('',#14504,1.);
#14504 = DIRECTION('',(-6.566536782298E-02,0.997841700606,0.));
#14505 = PLANE('',#14506);
#14506 = AXIS2_PLACEMENT_3D('',#14507,#14508,#14509);
#14507 = CARTESIAN_POINT('',(-22.34634971618,-6.055474996567,
    7.300000071526));
#14508 = DIRECTION('',(0.997841700606,6.566536782298E-02,0.));
#14509 = DIRECTION('',(-6.566536782298E-02,0.997841700606,0.));
#14510 = ADVANCED_FACE('',(#14511),#14536,.T.);
#14511 = FACE_BOUND('',#14512,.T.);
#14512 = EDGE_LOOP('',(#14513,#14514,#14522,#14530));
#14513 = ORIENTED_EDGE('',*,*,#5815,.F.);
#14514 = ORIENTED_EDGE('',*,*,#14515,.T.);
#14515 = EDGE_CURVE('',#5808,#14516,#14518,.T.);
#14516 = VERTEX_POINT('',#14517);
#14517 = CARTESIAN_POINT('',(-21.71999931335,-6.821040153503,
    2.799999952316));
#14518 = LINE('',#14519,#14520);
#14519 = CARTESIAN_POINT('',(-21.71999931335,-6.821040153503,
    11.800000190735));
#14520 = VECTOR('',#14521,1.);
#14521 = DIRECTION('',(0.,0.,-1.));
#14522 = ORIENTED_EDGE('',*,*,#14523,.T.);
#14523 = EDGE_CURVE('',#14516,#14524,#14526,.T.);
#14524 = VERTEX_POINT('',#14525);
#14525 = CARTESIAN_POINT('',(-21.82530021667,-6.785299777985,
    2.799999952316));
#14526 = LINE('',#14527,#14528);
#14527 = CARTESIAN_POINT('',(-21.71999931335,-6.821040153503,
    2.799999952316));
#14528 = VECTOR('',#14529,1.);
#14529 = DIRECTION('',(-0.946942349304,0.321403464658,0.));
#14530 = ORIENTED_EDGE('',*,*,#14531,.T.);
#14531 = EDGE_CURVE('',#14524,#5816,#14532,.T.);
#14532 = LINE('',#14533,#14534);
#14533 = CARTESIAN_POINT('',(-21.82530021667,-6.785299777985,
    2.799999952316));
#14534 = VECTOR('',#14535,1.);
#14535 = DIRECTION('',(0.,0.,1.));
#14536 = PLANE('',#14537);
#14537 = AXIS2_PLACEMENT_3D('',#14538,#14539,#14540);
#14538 = CARTESIAN_POINT('',(-21.77264976501,-6.803169965744,
    7.300000071526));
#14539 = DIRECTION('',(0.321403464658,0.946942349304,0.));
#14540 = DIRECTION('',(0.946942349304,-0.321403464658,0.));
#14541 = ADVANCED_FACE('',(#14542),#14553,.T.);
#14542 = FACE_BOUND('',#14543,.T.);
#14543 = EDGE_LOOP('',(#14544,#14545,#14551,#14552));
#14544 = ORIENTED_EDGE('',*,*,#5109,.F.);
#14545 = ORIENTED_EDGE('',*,*,#14546,.T.);
#14546 = EDGE_CURVE('',#5102,#5894,#14547,.T.);
#14547 = LINE('',#14548,#14549);
#14548 = CARTESIAN_POINT('',(-20.76390075683,-5.574999809265,
    2.799999952316));
#14549 = VECTOR('',#14550,1.);
#14550 = DIRECTION('',(0.442459368472,-0.896788552141,0.));
#14551 = ORIENTED_EDGE('',*,*,#5893,.F.);
#14552 = ORIENTED_EDGE('',*,*,#5671,.F.);
#14553 = PLANE('',#14554);
#14554 = AXIS2_PLACEMENT_3D('',#14555,#14556,#14557);
#14555 = CARTESIAN_POINT('',(-20.73930072784,-5.624859809875,
    7.300000071526));
#14556 = DIRECTION('',(-0.896788552141,-0.442459368472,-0.));
#14557 = DIRECTION('',(0.442459368472,-0.896788552141,0.));
#14558 = ADVANCED_FACE('',(#14559),#14584,.T.);
#14559 = FACE_BOUND('',#14560,.T.);
#14560 = EDGE_LOOP('',(#14561,#14569,#14570,#14578));
#14561 = ORIENTED_EDGE('',*,*,#14562,.T.);
#14562 = EDGE_CURVE('',#14563,#5848,#14565,.T.);
#14563 = VERTEX_POINT('',#14564);
#14564 = CARTESIAN_POINT('',(-22.17440032959,-6.517449855804,
    2.799999952316));
#14565 = LINE('',#14566,#14567);
#14566 = CARTESIAN_POINT('',(-22.17440032959,-6.517449855804,
    2.799999952316));
#14567 = VECTOR('',#14568,1.);
#14568 = DIRECTION('',(0.,0.,1.));
#14569 = ORIENTED_EDGE('',*,*,#5847,.F.);
#14570 = ORIENTED_EDGE('',*,*,#14571,.T.);
#14571 = EDGE_CURVE('',#5840,#14572,#14574,.T.);
#14572 = VERTEX_POINT('',#14573);
#14573 = CARTESIAN_POINT('',(-22.10099983215,-6.601039886475,
    2.799999952316));
#14574 = LINE('',#14575,#14576);
#14575 = CARTESIAN_POINT('',(-22.10099983215,-6.601039886475,
    11.800000190735));
#14576 = VECTOR('',#14577,1.);
#14577 = DIRECTION('',(0.,0.,-1.));
#14578 = ORIENTED_EDGE('',*,*,#14579,.T.);
#14579 = EDGE_CURVE('',#14572,#14563,#14580,.T.);
#14580 = LINE('',#14581,#14582);
#14581 = CARTESIAN_POINT('',(-22.10099983215,-6.601039886475,
    2.799999952316));
#14582 = VECTOR('',#14583,1.);
#14583 = DIRECTION('',(-0.659823369793,0.751420734792,0.));
#14584 = PLANE('',#14585);
#14585 = AXIS2_PLACEMENT_3D('',#14586,#14587,#14588);
#14586 = CARTESIAN_POINT('',(-22.13770008087,-6.55924487114,
    7.300000071526));
#14587 = DIRECTION('',(0.751420734792,0.659823369793,0.));
#14588 = DIRECTION('',(-0.659823369793,0.751420734792,0.));
#14589 = ADVANCED_FACE('',(#14590),#14601,.T.);
#14590 = FACE_BOUND('',#14591,.T.);
#14591 = EDGE_LOOP('',(#14592,#14593,#14599,#14600));
#14592 = ORIENTED_EDGE('',*,*,#14475,.F.);
#14593 = ORIENTED_EDGE('',*,*,#14594,.T.);
#14594 = EDGE_CURVE('',#14468,#5949,#14595,.T.);
#14595 = LINE('',#14596,#14597);
#14596 = CARTESIAN_POINT('',(-20.65730094909,-6.110949993134,
    2.799999952316));
#14597 = VECTOR('',#14598,1.);
#14598 = DIRECTION('',(-0.195164309792,-0.980770560418,0.));
#14599 = ORIENTED_EDGE('',*,*,#5948,.F.);
#14600 = ORIENTED_EDGE('',*,*,#5711,.F.);
#14601 = PLANE('',#14602);
#14602 = AXIS2_PLACEMENT_3D('',#14603,#14604,#14605);
#14603 = CARTESIAN_POINT('',(-20.66815090179,-6.165474891663,
    7.300000071526));
#14604 = DIRECTION('',(-0.980770560418,0.195164309792,-0.));
#14605 = DIRECTION('',(-0.195164309792,-0.980770560418,0.));
#14606 = ADVANCED_FACE('',(#14607),#14632,.T.);
#14607 = FACE_BOUND('',#14608,.T.);
#14608 = EDGE_LOOP('',(#14609,#14610,#14618,#14626));
#14609 = ORIENTED_EDGE('',*,*,#5791,.F.);
#14610 = ORIENTED_EDGE('',*,*,#14611,.T.);
#14611 = EDGE_CURVE('',#5784,#14612,#14614,.T.);
#14612 = VERTEX_POINT('',#14613);
#14613 = CARTESIAN_POINT('',(-21.38909912109,-6.842730045319,
    2.799999952316));
#14614 = LINE('',#14615,#14616);
#14615 = CARTESIAN_POINT('',(-21.38909912109,-6.842730045319,
    11.800000190735));
#14616 = VECTOR('',#14617,1.);
#14617 = DIRECTION('',(0.,0.,-1.));
#14618 = ORIENTED_EDGE('',*,*,#14619,.T.);
#14619 = EDGE_CURVE('',#14612,#14620,#14622,.T.);
#14620 = VERTEX_POINT('',#14621);
#14621 = CARTESIAN_POINT('',(-21.5,-6.849999904633,2.799999952316));
#14622 = LINE('',#14623,#14624);
#14623 = CARTESIAN_POINT('',(-21.38909912109,-6.842730045319,
    2.799999952316));
#14624 = VECTOR('',#14625,1.);
#14625 = DIRECTION('',(-0.997858317371,-6.541237232835E-02,0.));
#14626 = ORIENTED_EDGE('',*,*,#14627,.T.);
#14627 = EDGE_CURVE('',#14620,#5792,#14628,.T.);
#14628 = LINE('',#14629,#14630);
#14629 = CARTESIAN_POINT('',(-21.5,-6.849999904633,2.799999952316));
#14630 = VECTOR('',#14631,1.);
#14631 = DIRECTION('',(0.,0.,1.));
#14632 = PLANE('',#14633);
#14633 = AXIS2_PLACEMENT_3D('',#14634,#14635,#14636);
#14634 = CARTESIAN_POINT('',(-21.44454956054,-6.846364974976,
    7.300000071526));
#14635 = DIRECTION('',(-6.541237232835E-02,0.997858317371,0.));
#14636 = DIRECTION('',(0.997858317371,6.541237232835E-02,0.));
#14637 = ADVANCED_FACE('',(#14638),#14656,.T.);
#14638 = FACE_BOUND('',#14639,.T.);
#14639 = EDGE_LOOP('',(#14640,#14641,#14642,#14650));
#14640 = ORIENTED_EDGE('',*,*,#14444,.F.);
#14641 = ORIENTED_EDGE('',*,*,#5871,.F.);
#14642 = ORIENTED_EDGE('',*,*,#14643,.T.);
#14643 = EDGE_CURVE('',#5864,#14644,#14646,.T.);
#14644 = VERTEX_POINT('',#14645);
#14645 = CARTESIAN_POINT('',(-22.28529930114,-6.325280189514,
    2.799999952316));
#14646 = LINE('',#14647,#14648);
#14647 = CARTESIAN_POINT('',(-22.28529930114,-6.325280189514,
    11.800000190735));
#14648 = VECTOR('',#14649,1.);
#14649 = DIRECTION('',(0.,0.,-1.));
#14650 = ORIENTED_EDGE('',*,*,#14651,.T.);
#14651 = EDGE_CURVE('',#14644,#14445,#14652,.T.);
#14652 = LINE('',#14653,#14654);
#14653 = CARTESIAN_POINT('',(-22.28529930114,-6.325280189514,
    2.799999952316));
#14654 = VECTOR('',#14655,1.);
#14655 = DIRECTION('',(-0.321132656535,0.947034221613,0.));
#14656 = PLANE('',#14657);
#14657 = AXIS2_PLACEMENT_3D('',#14658,#14659,#14660);
#14658 = CARTESIAN_POINT('',(-22.30314922332,-6.272639989853,
    7.300000071526));
#14659 = DIRECTION('',(0.947034221613,0.321132656535,0.));
#14660 = DIRECTION('',(-0.321132656535,0.947034221613,0.));
#14661 = ADVANCED_FACE('',(#14662),#14680,.T.);
#14662 = FACE_BOUND('',#14663,.T.);
#14663 = EDGE_LOOP('',(#14664,#14665,#14666,#14674));
#14664 = ORIENTED_EDGE('',*,*,#5647,.F.);
#14665 = ORIENTED_EDGE('',*,*,#14421,.F.);
#14666 = ORIENTED_EDGE('',*,*,#14667,.T.);
#14667 = EDGE_CURVE('',#14414,#14668,#14670,.T.);
#14668 = VERTEX_POINT('',#14669);
#14669 = CARTESIAN_POINT('',(-21.07500076293,-5.263879776001,
    2.799999952316));
#14670 = LINE('',#14671,#14672);
#14671 = CARTESIAN_POINT('',(-21.17469978332,-5.214700222015,
    2.799999952316));
#14672 = VECTOR('',#14673,1.);
#14673 = DIRECTION('',(0.896824785963,-0.442385921208,0.));
#14674 = ORIENTED_EDGE('',*,*,#14675,.T.);
#14675 = EDGE_CURVE('',#14668,#5648,#14676,.T.);
#14676 = LINE('',#14677,#14678);
#14677 = CARTESIAN_POINT('',(-21.07500076293,-5.263879776001,
    2.799999952316));
#14678 = VECTOR('',#14679,1.);
#14679 = DIRECTION('',(0.,0.,1.));
#14680 = PLANE('',#14681);
#14681 = AXIS2_PLACEMENT_3D('',#14682,#14683,#14684);
#14682 = CARTESIAN_POINT('',(-21.12485027313,-5.239289999008,
    7.300000071526));
#14683 = DIRECTION('',(-0.442385921208,-0.896824785963,-0.));
#14684 = DIRECTION('',(-0.896824785963,0.442385921208,0.));
#14685 = ADVANCED_FACE('',(#14686),#14711,.T.);
#14686 = FACE_BOUND('',#14687,.T.);
#14687 = EDGE_LOOP('',(#14688,#14689,#14697,#14705));
#14688 = ORIENTED_EDGE('',*,*,#5591,.F.);
#14689 = ORIENTED_EDGE('',*,*,#14690,.T.);
#14690 = EDGE_CURVE('',#5584,#14691,#14693,.T.);
#14691 = VERTEX_POINT('',#14692);
#14692 = CARTESIAN_POINT('',(-21.92499923706,-5.263879776001,
    2.799999952316));
#14693 = LINE('',#14694,#14695);
#14694 = CARTESIAN_POINT('',(-21.92499923706,-5.263879776001,
    11.800000190735));
#14695 = VECTOR('',#14696,1.);
#14696 = DIRECTION('',(0.,0.,-1.));
#14697 = ORIENTED_EDGE('',*,*,#14698,.T.);
#14698 = EDGE_CURVE('',#14691,#14699,#14701,.T.);
#14699 = VERTEX_POINT('',#14700);
#14700 = CARTESIAN_POINT('',(-21.82530021667,-5.214700222015,
    2.799999952316));
#14701 = LINE('',#14702,#14703);
#14702 = CARTESIAN_POINT('',(-21.92499923706,-5.263879776001,
    2.799999952316));
#14703 = VECTOR('',#14704,1.);
#14704 = DIRECTION('',(0.896824785963,0.442385921208,0.));
#14705 = ORIENTED_EDGE('',*,*,#14706,.T.);
#14706 = EDGE_CURVE('',#14699,#5592,#14707,.T.);
#14707 = LINE('',#14708,#14709);
#14708 = CARTESIAN_POINT('',(-21.82530021667,-5.214700222015,
    2.799999952316));
#14709 = VECTOR('',#14710,1.);
#14710 = DIRECTION('',(0.,0.,1.));
#14711 = PLANE('',#14712);
#14712 = AXIS2_PLACEMENT_3D('',#14713,#14714,#14715);
#14713 = CARTESIAN_POINT('',(-21.87514972686,-5.239289999008,
    7.300000071526));
#14714 = DIRECTION('',(0.442385921208,-0.896824785963,-0.));
#14715 = DIRECTION('',(-0.896824785963,-0.442385921208,0.));
#14716 = ADVANCED_FACE('',(#14717),#14742,.T.);
#14717 = FACE_BOUND('',#14718,.T.);
#14718 = EDGE_LOOP('',(#14719,#14720,#14728,#14736));
#14719 = ORIENTED_EDGE('',*,*,#5767,.F.);
#14720 = ORIENTED_EDGE('',*,*,#14721,.T.);
#14721 = EDGE_CURVE('',#5760,#14722,#14724,.T.);
#14722 = VERTEX_POINT('',#14723);
#14723 = CARTESIAN_POINT('',(-21.07500076293,-6.736120223999,
    2.799999952316));
#14724 = LINE('',#14725,#14726);
#14725 = CARTESIAN_POINT('',(-21.07500076293,-6.736120223999,
    11.800000190735));
#14726 = VECTOR('',#14727,1.);
#14727 = DIRECTION('',(0.,0.,-1.));
#14728 = ORIENTED_EDGE('',*,*,#14729,.T.);
#14729 = EDGE_CURVE('',#14722,#14730,#14732,.T.);
#14730 = VERTEX_POINT('',#14731);
#14731 = CARTESIAN_POINT('',(-21.17469978332,-6.785299777985,
    2.799999952316));
#14732 = LINE('',#14733,#14734);
#14733 = CARTESIAN_POINT('',(-21.07500076293,-6.736120223999,
    2.799999952316));
#14734 = VECTOR('',#14735,1.);
#14735 = DIRECTION('',(-0.896824785963,-0.442385921208,0.));
#14736 = ORIENTED_EDGE('',*,*,#14737,.T.);
#14737 = EDGE_CURVE('',#14730,#5768,#14738,.T.);
#14738 = LINE('',#14739,#14740);
#14739 = CARTESIAN_POINT('',(-21.17469978332,-6.785299777985,
    2.799999952316));
#14740 = VECTOR('',#14741,1.);
#14741 = DIRECTION('',(0.,0.,1.));
#14742 = PLANE('',#14743);
#14743 = AXIS2_PLACEMENT_3D('',#14744,#14745,#14746);
#14744 = CARTESIAN_POINT('',(-21.12485027313,-6.760710000992,
    7.300000071526));
#14745 = DIRECTION('',(-0.442385921208,0.896824785963,0.));
#14746 = DIRECTION('',(0.896824785963,0.442385921208,0.));
#14747 = ADVANCED_FACE('',(#14748),#14766,.T.);
#14748 = FACE_BOUND('',#14749,.T.);
#14749 = EDGE_LOOP('',(#14750,#14751,#14752,#14760));
#14750 = ORIENTED_EDGE('',*,*,#5775,.F.);
#14751 = ORIENTED_EDGE('',*,*,#14737,.F.);
#14752 = ORIENTED_EDGE('',*,*,#14753,.T.);
#14753 = EDGE_CURVE('',#14730,#14754,#14756,.T.);
#14754 = VERTEX_POINT('',#14755);
#14755 = CARTESIAN_POINT('',(-21.28000068664,-6.821040153503,
    2.799999952316));
#14756 = LINE('',#14757,#14758);
#14757 = CARTESIAN_POINT('',(-21.17469978332,-6.785299777985,
    2.799999952316));
#14758 = VECTOR('',#14759,1.);
#14759 = DIRECTION('',(-0.946942349304,-0.321403464658,0.));
#14760 = ORIENTED_EDGE('',*,*,#14761,.T.);
#14761 = EDGE_CURVE('',#14754,#5776,#14762,.T.);
#14762 = LINE('',#14763,#14764);
#14763 = CARTESIAN_POINT('',(-21.28000068664,-6.821040153503,
    2.799999952316));
#14764 = VECTOR('',#14765,1.);
#14765 = DIRECTION('',(0.,0.,1.));
#14766 = PLANE('',#14767);
#14767 = AXIS2_PLACEMENT_3D('',#14768,#14769,#14770);
#14768 = CARTESIAN_POINT('',(-21.22735023498,-6.803169965744,
    7.300000071526));
#14769 = DIRECTION('',(-0.321403464658,0.946942349304,0.));
#14770 = DIRECTION('',(0.946942349304,0.321403464658,0.));
#14771 = ADVANCED_FACE('',(#14772),#14790,.T.);
#14772 = FACE_BOUND('',#14773,.T.);
#14773 = EDGE_LOOP('',(#14774,#14775,#14783,#14789));
#14774 = ORIENTED_EDGE('',*,*,#5807,.F.);
#14775 = ORIENTED_EDGE('',*,*,#14776,.T.);
#14776 = EDGE_CURVE('',#5800,#14777,#14779,.T.);
#14777 = VERTEX_POINT('',#14778);
#14778 = CARTESIAN_POINT('',(-21.6109008789,-6.842730045319,
    2.799999952316));
#14779 = LINE('',#14780,#14781);
#14780 = CARTESIAN_POINT('',(-21.6109008789,-6.842730045319,
    11.800000190735));
#14781 = VECTOR('',#14782,1.);
#14782 = DIRECTION('',(0.,0.,-1.));
#14783 = ORIENTED_EDGE('',*,*,#14784,.T.);
#14784 = EDGE_CURVE('',#14777,#14516,#14785,.T.);
#14785 = LINE('',#14786,#14787);
#14786 = CARTESIAN_POINT('',(-21.6109008789,-6.842730045319,
    2.799999952316));
#14787 = VECTOR('',#14788,1.);
#14788 = DIRECTION('',(-0.980804431686,0.194994017308,0.));
#14789 = ORIENTED_EDGE('',*,*,#14515,.F.);
#14790 = PLANE('',#14791);
#14791 = AXIS2_PLACEMENT_3D('',#14792,#14793,#14794);
#14792 = CARTESIAN_POINT('',(-21.66545009613,-6.831885099411,
    7.300000071526));
#14793 = DIRECTION('',(0.194994017308,0.980804431686,0.));
#14794 = DIRECTION('',(0.980804431686,-0.194994017308,0.));
#14795 = ADVANCED_FACE('',(#14796),#14821,.T.);
#14796 = FACE_BOUND('',#14797,.T.);
#14797 = EDGE_LOOP('',(#14798,#14806,#14807,#14815));
#14798 = ORIENTED_EDGE('',*,*,#14799,.T.);
#14799 = EDGE_CURVE('',#14800,#5544,#14802,.T.);
#14800 = VERTEX_POINT('',#14801);
#14801 = CARTESIAN_POINT('',(-22.28529930114,-5.674719810486,
    2.799999952316));
#14802 = LINE('',#14803,#14804);
#14803 = CARTESIAN_POINT('',(-22.28529930114,-5.674719810486,
    2.799999952316));
#14804 = VECTOR('',#14805,1.);
#14805 = DIRECTION('',(0.,0.,1.));
#14806 = ORIENTED_EDGE('',*,*,#5543,.F.);
#14807 = ORIENTED_EDGE('',*,*,#14808,.T.);
#14808 = EDGE_CURVE('',#5536,#14809,#14811,.T.);
#14809 = VERTEX_POINT('',#14810);
#14810 = CARTESIAN_POINT('',(-22.3209991455,-5.780000209808,
    2.799999952316));
#14811 = LINE('',#14812,#14813);
#14812 = CARTESIAN_POINT('',(-22.3209991455,-5.780000209808,
    11.800000190735));
#14813 = VECTOR('',#14814,1.);
#14814 = DIRECTION('',(0.,0.,-1.));
#14815 = ORIENTED_EDGE('',*,*,#14816,.T.);
#14816 = EDGE_CURVE('',#14809,#14800,#14817,.T.);
#14817 = LINE('',#14818,#14819);
#14818 = CARTESIAN_POINT('',(-22.3209991455,-5.780000209808,
    2.799999952316));
#14819 = VECTOR('',#14820,1.);
#14820 = DIRECTION('',(0.321132656535,0.947034221613,0.));
#14821 = PLANE('',#14822);
#14822 = AXIS2_PLACEMENT_3D('',#14823,#14824,#14825);
#14823 = CARTESIAN_POINT('',(-22.30314922332,-5.727360010147,
    7.300000071526));
#14824 = DIRECTION('',(0.947034221613,-0.321132656535,0.));
#14825 = DIRECTION('',(0.321132656535,0.947034221613,0.));
#14826 = ADVANCED_FACE('',(#14827),#14852,.T.);
#14827 = FACE_BOUND('',#14828,.T.);
#14828 = EDGE_LOOP('',(#14829,#14830,#14838,#14846));
#14829 = ORIENTED_EDGE('',*,*,#5607,.F.);
#14830 = ORIENTED_EDGE('',*,*,#14831,.T.);
#14831 = EDGE_CURVE('',#5600,#14832,#14834,.T.);
#14832 = VERTEX_POINT('',#14833);
#14833 = CARTESIAN_POINT('',(-21.71999931335,-5.178959846497,
    2.799999952316));
#14834 = LINE('',#14835,#14836);
#14835 = CARTESIAN_POINT('',(-21.71999931335,-5.178959846497,
    11.800000190735));
#14836 = VECTOR('',#14837,1.);
#14837 = DIRECTION('',(0.,0.,-1.));
#14838 = ORIENTED_EDGE('',*,*,#14839,.T.);
#14839 = EDGE_CURVE('',#14832,#14840,#14842,.T.);
#14840 = VERTEX_POINT('',#14841);
#14841 = CARTESIAN_POINT('',(-21.6109008789,-5.157269954681,
    2.799999952316));
#14842 = LINE('',#14843,#14844);
#14843 = CARTESIAN_POINT('',(-21.71999931335,-5.178959846497,
    2.799999952316));
#14844 = VECTOR('',#14845,1.);
#14845 = DIRECTION('',(0.980804431686,0.194994017308,0.));
#14846 = ORIENTED_EDGE('',*,*,#14847,.T.);
#14847 = EDGE_CURVE('',#14840,#5608,#14848,.T.);
#14848 = LINE('',#14849,#14850);
#14849 = CARTESIAN_POINT('',(-21.6109008789,-5.157269954681,
    2.799999952316));
#14850 = VECTOR('',#14851,1.);
#14851 = DIRECTION('',(0.,0.,1.));
#14852 = PLANE('',#14853);
#14853 = AXIS2_PLACEMENT_3D('',#14854,#14855,#14856);
#14854 = CARTESIAN_POINT('',(-21.66545009613,-5.168114900589,
    7.300000071526));
#14855 = DIRECTION('',(0.194994017308,-0.980804431686,-0.));
#14856 = DIRECTION('',(-0.980804431686,-0.194994017308,0.));
#14857 = ADVANCED_FACE('',(#14858),#14876,.T.);
#14858 = FACE_BOUND('',#14859,.T.);
#14859 = EDGE_LOOP('',(#14860,#14861,#14869,#14875));
#14860 = ORIENTED_EDGE('',*,*,#5583,.F.);
#14861 = ORIENTED_EDGE('',*,*,#14862,.T.);
#14862 = EDGE_CURVE('',#5576,#14863,#14865,.T.);
#14863 = VERTEX_POINT('',#14864);
#14864 = CARTESIAN_POINT('',(-22.01740074157,-5.325650215149,
    2.799999952316));
#14865 = LINE('',#14866,#14867);
#14866 = CARTESIAN_POINT('',(-22.01740074157,-5.325650215149,
    11.800000190735));
#14867 = VECTOR('',#14868,1.);
#14868 = DIRECTION('',(0.,0.,-1.));
#14869 = ORIENTED_EDGE('',*,*,#14870,.T.);
#14870 = EDGE_CURVE('',#14863,#14691,#14871,.T.);
#14871 = LINE('',#14872,#14873);
#14872 = CARTESIAN_POINT('',(-22.01740074157,-5.325650215149,
    2.799999952316));
#14873 = VECTOR('',#14874,1.);
#14874 = DIRECTION('',(0.83134603976,0.55575512789,0.));
#14875 = ORIENTED_EDGE('',*,*,#14690,.F.);
#14876 = PLANE('',#14877);
#14877 = AXIS2_PLACEMENT_3D('',#14878,#14879,#14880);
#14878 = CARTESIAN_POINT('',(-21.97119998931,-5.294764995575,
    7.300000071526));
#14879 = DIRECTION('',(0.55575512789,-0.83134603976,-0.));
#14880 = DIRECTION('',(-0.83134603976,-0.55575512789,0.));
#14881 = ADVANCED_FACE('',(#14882),#14900,.T.);
#14882 = FACE_BOUND('',#14883,.T.);
#14883 = EDGE_LOOP('',(#14884,#14885,#14893,#14899));
#14884 = ORIENTED_EDGE('',*,*,#5759,.F.);
#14885 = ORIENTED_EDGE('',*,*,#14886,.T.);
#14886 = EDGE_CURVE('',#5752,#14887,#14889,.T.);
#14887 = VERTEX_POINT('',#14888);
#14888 = CARTESIAN_POINT('',(-20.98259925842,-6.674349784851,
    2.799999952316));
#14889 = LINE('',#14890,#14891);
#14890 = CARTESIAN_POINT('',(-20.98259925842,-6.674349784851,
    11.800000190735));
#14891 = VECTOR('',#14892,1.);
#14892 = DIRECTION('',(0.,0.,-1.));
#14893 = ORIENTED_EDGE('',*,*,#14894,.T.);
#14894 = EDGE_CURVE('',#14887,#14722,#14895,.T.);
#14895 = LINE('',#14896,#14897);
#14896 = CARTESIAN_POINT('',(-20.98259925842,-6.674349784851,
    2.799999952316));
#14897 = VECTOR('',#14898,1.);
#14898 = DIRECTION('',(-0.83134603976,-0.55575512789,0.));
#14899 = ORIENTED_EDGE('',*,*,#14721,.F.);
#14900 = PLANE('',#14901);
#14901 = AXIS2_PLACEMENT_3D('',#14902,#14903,#14904);
#14902 = CARTESIAN_POINT('',(-21.02880001068,-6.705235004425,
    7.300000071526));
#14903 = DIRECTION('',(-0.55575512789,0.83134603976,0.));
#14904 = DIRECTION('',(0.83134603976,0.55575512789,0.));
#14905 = ADVANCED_FACE('',(#14906),#14917,.T.);
#14906 = FACE_BOUND('',#14907,.T.);
#14907 = EDGE_LOOP('',(#14908,#14909,#14910,#14916));
#14908 = ORIENTED_EDGE('',*,*,#5783,.F.);
#14909 = ORIENTED_EDGE('',*,*,#14761,.F.);
#14910 = ORIENTED_EDGE('',*,*,#14911,.T.);
#14911 = EDGE_CURVE('',#14754,#14612,#14912,.T.);
#14912 = LINE('',#14913,#14914);
#14913 = CARTESIAN_POINT('',(-21.28000068664,-6.821040153503,
    2.799999952316));
#14914 = VECTOR('',#14915,1.);
#14915 = DIRECTION('',(-0.980804431686,-0.194994017308,0.));
#14916 = ORIENTED_EDGE('',*,*,#14611,.F.);
#14917 = PLANE('',#14918);
#14918 = AXIS2_PLACEMENT_3D('',#14919,#14920,#14921);
#14919 = CARTESIAN_POINT('',(-21.33454990387,-6.831885099411,
    7.300000071526));
#14920 = DIRECTION('',(-0.194994017308,0.980804431686,0.));
#14921 = DIRECTION('',(0.980804431686,0.194994017308,0.));
#14922 = ADVANCED_FACE('',(#14923),#14941,.T.);
#14923 = FACE_BOUND('',#14924,.T.);
#14924 = EDGE_LOOP('',(#14925,#14933,#14934,#14935));
#14925 = ORIENTED_EDGE('',*,*,#14926,.T.);
#14926 = EDGE_CURVE('',#14927,#5552,#14929,.T.);
#14927 = VERTEX_POINT('',#14928);
#14928 = CARTESIAN_POINT('',(-22.23609924316,-5.574999809265,
    2.799999952316));
#14929 = LINE('',#14930,#14931);
#14930 = CARTESIAN_POINT('',(-22.23609924316,-5.574999809265,
    2.799999952316));
#14931 = VECTOR('',#14932,1.);
#14932 = DIRECTION('',(0.,0.,1.));
#14933 = ORIENTED_EDGE('',*,*,#5551,.F.);
#14934 = ORIENTED_EDGE('',*,*,#14799,.F.);
#14935 = ORIENTED_EDGE('',*,*,#14936,.T.);
#14936 = EDGE_CURVE('',#14800,#14927,#14937,.T.);
#14937 = LINE('',#14938,#14939);
#14938 = CARTESIAN_POINT('',(-22.28529930114,-5.674719810486,
    2.799999952316));
#14939 = VECTOR('',#14940,1.);
#14940 = DIRECTION('',(0.442459368472,0.896788552141,0.));
#14941 = PLANE('',#14942);
#14942 = AXIS2_PLACEMENT_3D('',#14943,#14944,#14945);
#14943 = CARTESIAN_POINT('',(-22.26069927215,-5.624859809875,
    7.300000071526));
#14944 = DIRECTION('',(0.896788552141,-0.442459368472,0.));
#14945 = DIRECTION('',(0.442459368472,0.896788552141,0.));
#14946 = ADVANCED_FACE('',(#14947),#14965,.T.);
#14947 = FACE_BOUND('',#14948,.T.);
#14948 = EDGE_LOOP('',(#14949,#14957,#14958,#14959));
#14949 = ORIENTED_EDGE('',*,*,#14950,.T.);
#14950 = EDGE_CURVE('',#14951,#5560,#14953,.T.);
#14951 = VERTEX_POINT('',#14952);
#14952 = CARTESIAN_POINT('',(-22.17440032959,-5.482550144196,
    2.799999952316));
#14953 = LINE('',#14954,#14955);
#14954 = CARTESIAN_POINT('',(-22.17440032959,-5.482550144196,
    2.799999952316));
#14955 = VECTOR('',#14956,1.);
#14956 = DIRECTION('',(0.,0.,1.));
#14957 = ORIENTED_EDGE('',*,*,#5559,.F.);
#14958 = ORIENTED_EDGE('',*,*,#14926,.F.);
#14959 = ORIENTED_EDGE('',*,*,#14960,.T.);
#14960 = EDGE_CURVE('',#14927,#14951,#14961,.T.);
#14961 = LINE('',#14962,#14963);
#14962 = CARTESIAN_POINT('',(-22.23609924316,-5.574999809265,
    2.799999952316));
#14963 = VECTOR('',#14964,1.);
#14964 = DIRECTION('',(0.555110002452,0.831776944366,0.));
#14965 = PLANE('',#14966);
#14966 = AXIS2_PLACEMENT_3D('',#14967,#14968,#14969);
#14967 = CARTESIAN_POINT('',(-22.20524978637,-5.52877497673,
    7.300000071526));
#14968 = DIRECTION('',(0.831776944366,-0.555110002452,0.));
#14969 = DIRECTION('',(0.555110002452,0.831776944366,0.));
#14970 = ADVANCED_FACE('',(#14971),#14982,.T.);
#14971 = FACE_BOUND('',#14972,.T.);
#14972 = EDGE_LOOP('',(#14973,#14974,#14975,#14981));
#14973 = ORIENTED_EDGE('',*,*,#5799,.F.);
#14974 = ORIENTED_EDGE('',*,*,#14627,.F.);
#14975 = ORIENTED_EDGE('',*,*,#14976,.T.);
#14976 = EDGE_CURVE('',#14620,#14777,#14977,.T.);
#14977 = LINE('',#14978,#14979);
#14978 = CARTESIAN_POINT('',(-21.5,-6.849999904633,2.799999952316));
#14979 = VECTOR('',#14980,1.);
#14980 = DIRECTION('',(-0.997858317371,6.541237232835E-02,0.));
#14981 = ORIENTED_EDGE('',*,*,#14776,.F.);
#14982 = PLANE('',#14983);
#14983 = AXIS2_PLACEMENT_3D('',#14984,#14985,#14986);
#14984 = CARTESIAN_POINT('',(-21.55545043945,-6.846364974976,
    7.300000071526));
#14985 = DIRECTION('',(6.541237232835E-02,0.997858317371,0.));
#14986 = DIRECTION('',(0.997858317371,-6.541237232835E-02,0.));
#14987 = ADVANCED_FACE('',(#14988),#15006,.T.);
#14988 = FACE_BOUND('',#14989,.T.);
#14989 = EDGE_LOOP('',(#14990,#14991,#14992,#15000));
#14990 = ORIENTED_EDGE('',*,*,#5615,.F.);
#14991 = ORIENTED_EDGE('',*,*,#14847,.F.);
#14992 = ORIENTED_EDGE('',*,*,#14993,.T.);
#14993 = EDGE_CURVE('',#14840,#14994,#14996,.T.);
#14994 = VERTEX_POINT('',#14995);
#14995 = CARTESIAN_POINT('',(-21.5,-5.150000095367,2.799999952316));
#14996 = LINE('',#14997,#14998);
#14997 = CARTESIAN_POINT('',(-21.6109008789,-5.157269954681,
    2.799999952316));
#14998 = VECTOR('',#14999,1.);
#14999 = DIRECTION('',(0.997858317371,6.541237232835E-02,0.));
#15000 = ORIENTED_EDGE('',*,*,#15001,.T.);
#15001 = EDGE_CURVE('',#14994,#5616,#15002,.T.);
#15002 = LINE('',#15003,#15004);
#15003 = CARTESIAN_POINT('',(-21.5,-5.150000095367,2.799999952316));
#15004 = VECTOR('',#15005,1.);
#15005 = DIRECTION('',(0.,0.,1.));
#15006 = PLANE('',#15007);
#15007 = AXIS2_PLACEMENT_3D('',#15008,#15009,#15010);
#15008 = CARTESIAN_POINT('',(-21.55545043945,-5.153635025024,
    7.300000071526));
#15009 = DIRECTION('',(6.541237232835E-02,-0.997858317371,-0.));
#15010 = DIRECTION('',(-0.997858317371,-6.541237232835E-02,0.));
#15011 = ADVANCED_FACE('',(#15012),#15030,.T.);
#15012 = FACE_BOUND('',#15013,.T.);
#15013 = EDGE_LOOP('',(#15014,#15015,#15023,#15029));
#15014 = ORIENTED_EDGE('',*,*,#5575,.F.);
#15015 = ORIENTED_EDGE('',*,*,#15016,.T.);
#15016 = EDGE_CURVE('',#5568,#15017,#15019,.T.);
#15017 = VERTEX_POINT('',#15018);
#15018 = CARTESIAN_POINT('',(-22.10099983215,-5.398960113525,
    2.799999952316));
#15019 = LINE('',#15020,#15021);
#15020 = CARTESIAN_POINT('',(-22.10099983215,-5.398960113525,
    11.800000190735));
#15021 = VECTOR('',#15022,1.);
#15022 = DIRECTION('',(0.,0.,-1.));
#15023 = ORIENTED_EDGE('',*,*,#15024,.T.);
#15024 = EDGE_CURVE('',#15017,#14863,#15025,.T.);
#15025 = LINE('',#15026,#15027);
#15026 = CARTESIAN_POINT('',(-22.10099983215,-5.398960113525,
    2.799999952316));
#15027 = VECTOR('',#15028,1.);
#15028 = DIRECTION('',(0.751860031917,0.659322752835,0.));
#15029 = ORIENTED_EDGE('',*,*,#14862,.F.);
#15030 = PLANE('',#15031);
#15031 = AXIS2_PLACEMENT_3D('',#15032,#15033,#15034);
#15032 = CARTESIAN_POINT('',(-22.05920028686,-5.362305164337,
    7.300000071526));
#15033 = DIRECTION('',(0.659322752835,-0.751860031917,-0.));
#15034 = DIRECTION('',(-0.751860031917,-0.659322752835,0.));
#15035 = ADVANCED_FACE('',(#15036),#15054,.T.);
#15036 = FACE_BOUND('',#15037,.T.);
#15037 = EDGE_LOOP('',(#15038,#15039,#15047,#15053));
#15038 = ORIENTED_EDGE('',*,*,#5839,.F.);
#15039 = ORIENTED_EDGE('',*,*,#15040,.T.);
#15040 = EDGE_CURVE('',#5832,#15041,#15043,.T.);
#15041 = VERTEX_POINT('',#15042);
#15042 = CARTESIAN_POINT('',(-22.01740074157,-6.674349784851,
    2.799999952316));
#15043 = LINE('',#15044,#15045);
#15044 = CARTESIAN_POINT('',(-22.01740074157,-6.674349784851,
    11.800000190735));
#15045 = VECTOR('',#15046,1.);
#15046 = DIRECTION('',(0.,0.,-1.));
#15047 = ORIENTED_EDGE('',*,*,#15048,.T.);
#15048 = EDGE_CURVE('',#15041,#14572,#15049,.T.);
#15049 = LINE('',#15050,#15051);
#15050 = CARTESIAN_POINT('',(-22.01740074157,-6.674349784851,
    2.799999952316));
#15051 = VECTOR('',#15052,1.);
#15052 = DIRECTION('',(-0.751860031917,0.659322752835,0.));
#15053 = ORIENTED_EDGE('',*,*,#14571,.F.);
#15054 = PLANE('',#15055);
#15055 = AXIS2_PLACEMENT_3D('',#15056,#15057,#15058);
#15056 = CARTESIAN_POINT('',(-22.05920028686,-6.637694835663,
    7.300000071526));
#15057 = DIRECTION('',(0.659322752835,0.751860031917,0.));
#15058 = DIRECTION('',(0.751860031917,-0.659322752835,0.));
#15059 = ADVANCED_FACE('',(#15060),#15190,.T.);
#15060 = FACE_BOUND('',#15061,.T.);
#15061 = EDGE_LOOP('',(#15062,#15063,#15064,#15065,#15066,#15067,#15068,
    #15069,#15077,#15083,#15084,#15085,#15086,#15092,#15093,#15094,
    #15100,#15101,#15102,#15103,#15109,#15110,#15111,#15112,#15120,
    #15126,#15127,#15128,#15129,#15137,#15143,#15144,#15145,#15153,
    #15159,#15160,#15161,#15162,#15163,#15164,#15165,#15166,#15167,
    #15175,#15181,#15182,#15188,#15189));
#15062 = ORIENTED_EDGE('',*,*,#14467,.F.);
#15063 = ORIENTED_EDGE('',*,*,#14388,.F.);
#15064 = ORIENTED_EDGE('',*,*,#5925,.F.);
#15065 = ORIENTED_EDGE('',*,*,#5901,.F.);
#15066 = ORIENTED_EDGE('',*,*,#14546,.F.);
#15067 = ORIENTED_EDGE('',*,*,#5101,.F.);
#15068 = ORIENTED_EDGE('',*,*,#5070,.F.);
#15069 = ORIENTED_EDGE('',*,*,#15070,.T.);
#15070 = EDGE_CURVE('',#5063,#15071,#15073,.T.);
#15071 = VERTEX_POINT('',#15072);
#15072 = CARTESIAN_POINT('',(-20.98259925842,-5.325650215149,
    2.799999952316));
#15073 = LINE('',#15074,#15075);
#15074 = CARTESIAN_POINT('',(-20.89900016784,-5.398960113525,
    2.799999952316));
#15075 = VECTOR('',#15076,1.);
#15076 = DIRECTION('',(-0.751860031917,0.659322752835,0.));
#15077 = ORIENTED_EDGE('',*,*,#15078,.T.);
#15078 = EDGE_CURVE('',#15071,#14668,#15079,.T.);
#15079 = LINE('',#15080,#15081);
#15080 = CARTESIAN_POINT('',(-20.98259925842,-5.325650215149,
    2.799999952316));
#15081 = VECTOR('',#15082,1.);
#15082 = DIRECTION('',(-0.83134603976,0.55575512789,0.));
#15083 = ORIENTED_EDGE('',*,*,#14667,.F.);
#15084 = ORIENTED_EDGE('',*,*,#14413,.F.);
#15085 = ORIENTED_EDGE('',*,*,#14365,.F.);
#15086 = ORIENTED_EDGE('',*,*,#15087,.T.);
#15087 = EDGE_CURVE('',#14358,#14994,#15088,.T.);
#15088 = LINE('',#15089,#15090);
#15089 = CARTESIAN_POINT('',(-21.38909912109,-5.157269954681,
    2.799999952316));
#15090 = VECTOR('',#15091,1.);
#15091 = DIRECTION('',(-0.997858317371,6.541237232835E-02,0.));
#15092 = ORIENTED_EDGE('',*,*,#14993,.F.);
#15093 = ORIENTED_EDGE('',*,*,#14839,.F.);
#15094 = ORIENTED_EDGE('',*,*,#15095,.T.);
#15095 = EDGE_CURVE('',#14832,#14699,#15096,.T.);
#15096 = LINE('',#15097,#15098);
#15097 = CARTESIAN_POINT('',(-21.71999931335,-5.178959846497,
    2.799999952316));
#15098 = VECTOR('',#15099,1.);
#15099 = DIRECTION('',(-0.946942349304,-0.321403464658,0.));
#15100 = ORIENTED_EDGE('',*,*,#14698,.F.);
#15101 = ORIENTED_EDGE('',*,*,#14870,.F.);
#15102 = ORIENTED_EDGE('',*,*,#15024,.F.);
#15103 = ORIENTED_EDGE('',*,*,#15104,.T.);
#15104 = EDGE_CURVE('',#15017,#14951,#15105,.T.);
#15105 = LINE('',#15106,#15107);
#15106 = CARTESIAN_POINT('',(-22.10099983215,-5.398960113525,
    2.799999952316));
#15107 = VECTOR('',#15108,1.);
#15108 = DIRECTION('',(-0.659823369793,-0.751420734792,0.));
#15109 = ORIENTED_EDGE('',*,*,#14960,.F.);
#15110 = ORIENTED_EDGE('',*,*,#14936,.F.);
#15111 = ORIENTED_EDGE('',*,*,#14816,.F.);
#15112 = ORIENTED_EDGE('',*,*,#15113,.T.);
#15113 = EDGE_CURVE('',#14809,#15114,#15116,.T.);
#15114 = VERTEX_POINT('',#15115);
#15115 = CARTESIAN_POINT('',(-22.3426990509,-5.889050006866,
    2.799999952316));
#15116 = LINE('',#15117,#15118);
#15117 = CARTESIAN_POINT('',(-22.3209991455,-5.780000209808,
    2.799999952316));
#15118 = VECTOR('',#15119,1.);
#15119 = DIRECTION('',(-0.195164309792,-0.980770560418,0.));
#15120 = ORIENTED_EDGE('',*,*,#15121,.T.);
#15121 = EDGE_CURVE('',#15114,#14491,#15122,.T.);
#15122 = LINE('',#15123,#15124);
#15123 = CARTESIAN_POINT('',(-22.3426990509,-5.889050006866,
    2.799999952316));
#15124 = VECTOR('',#15125,1.);
#15125 = DIRECTION('',(-6.566536782298E-02,-0.997841700606,0.));
#15126 = ORIENTED_EDGE('',*,*,#14500,.F.);
#15127 = ORIENTED_EDGE('',*,*,#14452,.F.);
#15128 = ORIENTED_EDGE('',*,*,#14651,.F.);
#15129 = ORIENTED_EDGE('',*,*,#15130,.T.);
#15130 = EDGE_CURVE('',#14644,#15131,#15133,.T.);
#15131 = VERTEX_POINT('',#15132);
#15132 = CARTESIAN_POINT('',(-22.23609924316,-6.425000190735,
    2.799999952316));
#15133 = LINE('',#15134,#15135);
#15134 = CARTESIAN_POINT('',(-22.28529930114,-6.325280189514,
    2.799999952316));
#15135 = VECTOR('',#15136,1.);
#15136 = DIRECTION('',(0.442459368472,-0.896788552141,0.));
#15137 = ORIENTED_EDGE('',*,*,#15138,.T.);
#15138 = EDGE_CURVE('',#15131,#14563,#15139,.T.);
#15139 = LINE('',#15140,#15141);
#15140 = CARTESIAN_POINT('',(-22.23609924316,-6.425000190735,
    2.799999952316));
#15141 = VECTOR('',#15142,1.);
#15142 = DIRECTION('',(0.555110002452,-0.831776944366,0.));
#15143 = ORIENTED_EDGE('',*,*,#14579,.F.);
#15144 = ORIENTED_EDGE('',*,*,#15048,.F.);
#15145 = ORIENTED_EDGE('',*,*,#15146,.T.);
#15146 = EDGE_CURVE('',#15041,#15147,#15149,.T.);
#15147 = VERTEX_POINT('',#15148);
#15148 = CARTESIAN_POINT('',(-21.92499923706,-6.736120223999,
    2.799999952316));
#15149 = LINE('',#15150,#15151);
#15150 = CARTESIAN_POINT('',(-22.01740074157,-6.674349784851,
    2.799999952316));
#15151 = VECTOR('',#15152,1.);
#15152 = DIRECTION('',(0.83134603976,-0.55575512789,0.));
#15153 = ORIENTED_EDGE('',*,*,#15154,.T.);
#15154 = EDGE_CURVE('',#15147,#14524,#15155,.T.);
#15155 = LINE('',#15156,#15157);
#15156 = CARTESIAN_POINT('',(-21.92499923706,-6.736120223999,
    2.799999952316));
#15157 = VECTOR('',#15158,1.);
#15158 = DIRECTION('',(0.896824785963,-0.442385921208,0.));
#15159 = ORIENTED_EDGE('',*,*,#14523,.F.);
#15160 = ORIENTED_EDGE('',*,*,#14784,.F.);
#15161 = ORIENTED_EDGE('',*,*,#14976,.F.);
#15162 = ORIENTED_EDGE('',*,*,#14619,.F.);
#15163 = ORIENTED_EDGE('',*,*,#14911,.F.);
#15164 = ORIENTED_EDGE('',*,*,#14753,.F.);
#15165 = ORIENTED_EDGE('',*,*,#14729,.F.);
#15166 = ORIENTED_EDGE('',*,*,#14894,.F.);
#15167 = ORIENTED_EDGE('',*,*,#15168,.T.);
#15168 = EDGE_CURVE('',#14887,#15169,#15171,.T.);
#15169 = VERTEX_POINT('',#15170);
#15170 = CARTESIAN_POINT('',(-20.89900016784,-6.601039886475,
    2.799999952316));
#15171 = LINE('',#15172,#15173);
#15172 = CARTESIAN_POINT('',(-20.98259925842,-6.674349784851,
    2.799999952316));
#15173 = VECTOR('',#15174,1.);
#15174 = DIRECTION('',(0.751860031917,0.659322752835,0.));
#15175 = ORIENTED_EDGE('',*,*,#15176,.T.);
#15176 = EDGE_CURVE('',#15169,#5988,#15177,.T.);
#15177 = LINE('',#15178,#15179);
#15178 = CARTESIAN_POINT('',(-20.89900016784,-6.601039886475,
    2.799999952316));
#15179 = VECTOR('',#15180,1.);
#15180 = DIRECTION('',(0.659823369793,0.751420734792,0.));
#15181 = ORIENTED_EDGE('',*,*,#5987,.F.);
#15182 = ORIENTED_EDGE('',*,*,#15183,.T.);
#15183 = EDGE_CURVE('',#5980,#5957,#15184,.T.);
#15184 = LINE('',#15185,#15186);
#15185 = CARTESIAN_POINT('',(-20.76390075683,-6.425000190735,
    2.799999952316));
#15186 = VECTOR('',#15187,1.);
#15187 = DIRECTION('',(0.442459368472,0.896788552141,0.));
#15188 = ORIENTED_EDGE('',*,*,#5956,.F.);
#15189 = ORIENTED_EDGE('',*,*,#14594,.F.);
#15190 = PLANE('',#15191);
#15191 = AXIS2_PLACEMENT_3D('',#15192,#15193,#15194);
#15192 = CARTESIAN_POINT('',(-21.5,-6.,2.799999952316));
#15193 = DIRECTION('',(0.,0.,1.));
#15194 = DIRECTION('',(1.,0.,-0.));
#15195 = ADVANCED_FACE('',(#15196),#15532,.T.);
#15196 = FACE_BOUND('',#15197,.T.);
#15197 = EDGE_LOOP('',(#15198,#15208,#15214,#15215,#15216,#15222,#15223,
    #15224,#15232,#15240,#15248,#15256,#15264,#15272,#15280,#15288,
    #15296,#15304,#15312,#15320,#15328,#15336,#15344,#15352,#15360,
    #15368,#15376,#15384,#15392,#15400,#15408,#15416,#15424,#15432,
    #15440,#15448,#15456,#15464,#15472,#15480,#15488,#15496,#15504,
    #15512,#15518,#15519,#15525,#15526));
#15198 = ORIENTED_EDGE('',*,*,#15199,.F.);
#15199 = EDGE_CURVE('',#15200,#15202,#15204,.T.);
#15200 = VERTEX_POINT('',#15201);
#15201 = CARTESIAN_POINT('',(22.35000038147,-6.,2.799999952316));
#15202 = VERTEX_POINT('',#15203);
#15203 = CARTESIAN_POINT('',(22.342699050903,-6.110949993134,
    2.799999952316));
#15204 = LINE('',#15205,#15206);
#15205 = CARTESIAN_POINT('',(22.35000038147,-6.,2.799999952316));
#15206 = VECTOR('',#15207,1.);
#15207 = DIRECTION('',(-6.566536782298E-02,-0.997841700606,0.));
#15208 = ORIENTED_EDGE('',*,*,#15209,.F.);
#15209 = EDGE_CURVE('',#7266,#15200,#15210,.T.);
#15210 = LINE('',#15211,#15212);
#15211 = CARTESIAN_POINT('',(22.342699050903,-5.889050006866,
    2.799999952316));
#15212 = VECTOR('',#15213,1.);
#15213 = DIRECTION('',(6.566536782298E-02,-0.997841700606,0.));
#15214 = ORIENTED_EDGE('',*,*,#7265,.F.);
#15215 = ORIENTED_EDGE('',*,*,#7241,.F.);
#15216 = ORIENTED_EDGE('',*,*,#15217,.F.);
#15217 = EDGE_CURVE('',#6442,#7234,#15218,.T.);
#15218 = LINE('',#15219,#15220);
#15219 = CARTESIAN_POINT('',(22.236099243164,-5.574999809265,
    2.799999952316));
#15220 = VECTOR('',#15221,1.);
#15221 = DIRECTION('',(0.442459368472,-0.896788552141,0.));
#15222 = ORIENTED_EDGE('',*,*,#6441,.F.);
#15223 = ORIENTED_EDGE('',*,*,#6410,.F.);
#15224 = ORIENTED_EDGE('',*,*,#15225,.F.);
#15225 = EDGE_CURVE('',#15226,#6403,#15228,.T.);
#15226 = VERTEX_POINT('',#15227);
#15227 = CARTESIAN_POINT('',(22.017400741577,-5.325650215149,
    2.799999952316));
#15228 = LINE('',#15229,#15230);
#15229 = CARTESIAN_POINT('',(22.017400741577,-5.325650215149,
    2.799999952316));
#15230 = VECTOR('',#15231,1.);
#15231 = DIRECTION('',(0.751860031917,-0.659322752835,0.));
#15232 = ORIENTED_EDGE('',*,*,#15233,.T.);
#15233 = EDGE_CURVE('',#15226,#15234,#15236,.T.);
#15234 = VERTEX_POINT('',#15235);
#15235 = CARTESIAN_POINT('',(21.924999237061,-5.263879776001,
    2.799999952316));
#15236 = LINE('',#15237,#15238);
#15237 = CARTESIAN_POINT('',(22.017400741577,-5.325650215149,
    2.799999952316));
#15238 = VECTOR('',#15239,1.);
#15239 = DIRECTION('',(-0.83134603976,0.55575512789,0.));
#15240 = ORIENTED_EDGE('',*,*,#15241,.F.);
#15241 = EDGE_CURVE('',#15242,#15234,#15244,.T.);
#15242 = VERTEX_POINT('',#15243);
#15243 = CARTESIAN_POINT('',(21.825300216675,-5.214700222015,
    2.799999952316));
#15244 = LINE('',#15245,#15246);
#15245 = CARTESIAN_POINT('',(21.825300216675,-5.214700222015,
    2.799999952316));
#15246 = VECTOR('',#15247,1.);
#15247 = DIRECTION('',(0.896824785963,-0.442385921208,0.));
#15248 = ORIENTED_EDGE('',*,*,#15249,.F.);
#15249 = EDGE_CURVE('',#15250,#15242,#15252,.T.);
#15250 = VERTEX_POINT('',#15251);
#15251 = CARTESIAN_POINT('',(21.719999313354,-5.178959846497,
    2.799999952316));
#15252 = LINE('',#15253,#15254);
#15253 = CARTESIAN_POINT('',(21.719999313354,-5.178959846497,
    2.799999952316));
#15254 = VECTOR('',#15255,1.);
#15255 = DIRECTION('',(0.946942349304,-0.321403464658,0.));
#15256 = ORIENTED_EDGE('',*,*,#15257,.F.);
#15257 = EDGE_CURVE('',#15258,#15250,#15260,.T.);
#15258 = VERTEX_POINT('',#15259);
#15259 = CARTESIAN_POINT('',(21.610900878906,-5.157269954681,
    2.799999952316));
#15260 = LINE('',#15261,#15262);
#15261 = CARTESIAN_POINT('',(21.610900878906,-5.157269954681,
    2.799999952316));
#15262 = VECTOR('',#15263,1.);
#15263 = DIRECTION('',(0.980804431686,-0.194994017308,0.));
#15264 = ORIENTED_EDGE('',*,*,#15265,.T.);
#15265 = EDGE_CURVE('',#15258,#15266,#15268,.T.);
#15266 = VERTEX_POINT('',#15267);
#15267 = CARTESIAN_POINT('',(21.5,-5.150000095367,2.799999952316));
#15268 = LINE('',#15269,#15270);
#15269 = CARTESIAN_POINT('',(21.610900878906,-5.157269954681,
    2.799999952316));
#15270 = VECTOR('',#15271,1.);
#15271 = DIRECTION('',(-0.997858317371,6.541237232835E-02,0.));
#15272 = ORIENTED_EDGE('',*,*,#15273,.F.);
#15273 = EDGE_CURVE('',#15274,#15266,#15276,.T.);
#15274 = VERTEX_POINT('',#15275);
#15275 = CARTESIAN_POINT('',(21.389099121094,-5.157269954681,
    2.799999952316));
#15276 = LINE('',#15277,#15278);
#15277 = CARTESIAN_POINT('',(21.389099121094,-5.157269954681,
    2.799999952316));
#15278 = VECTOR('',#15279,1.);
#15279 = DIRECTION('',(0.997858317371,6.541237232835E-02,0.));
#15280 = ORIENTED_EDGE('',*,*,#15281,.F.);
#15281 = EDGE_CURVE('',#15282,#15274,#15284,.T.);
#15282 = VERTEX_POINT('',#15283);
#15283 = CARTESIAN_POINT('',(21.280000686646,-5.178959846497,
    2.799999952316));
#15284 = LINE('',#15285,#15286);
#15285 = CARTESIAN_POINT('',(21.280000686646,-5.178959846497,
    2.799999952316));
#15286 = VECTOR('',#15287,1.);
#15287 = DIRECTION('',(0.980804431686,0.194994017308,0.));
#15288 = ORIENTED_EDGE('',*,*,#15289,.T.);
#15289 = EDGE_CURVE('',#15282,#15290,#15292,.T.);
#15290 = VERTEX_POINT('',#15291);
#15291 = CARTESIAN_POINT('',(21.174699783325,-5.214700222015,
    2.799999952316));
#15292 = LINE('',#15293,#15294);
#15293 = CARTESIAN_POINT('',(21.280000686646,-5.178959846497,
    2.799999952316));
#15294 = VECTOR('',#15295,1.);
#15295 = DIRECTION('',(-0.946942349304,-0.321403464658,0.));
#15296 = ORIENTED_EDGE('',*,*,#15297,.F.);
#15297 = EDGE_CURVE('',#15298,#15290,#15300,.T.);
#15298 = VERTEX_POINT('',#15299);
#15299 = CARTESIAN_POINT('',(21.075000762939,-5.263879776001,
    2.799999952316));
#15300 = LINE('',#15301,#15302);
#15301 = CARTESIAN_POINT('',(21.075000762939,-5.263879776001,
    2.799999952316));
#15302 = VECTOR('',#15303,1.);
#15303 = DIRECTION('',(0.896824785963,0.442385921208,0.));
#15304 = ORIENTED_EDGE('',*,*,#15305,.F.);
#15305 = EDGE_CURVE('',#15306,#15298,#15308,.T.);
#15306 = VERTEX_POINT('',#15307);
#15307 = CARTESIAN_POINT('',(20.982599258423,-5.325650215149,
    2.799999952316));
#15308 = LINE('',#15309,#15310);
#15309 = CARTESIAN_POINT('',(20.982599258423,-5.325650215149,
    2.799999952316));
#15310 = VECTOR('',#15311,1.);
#15311 = DIRECTION('',(0.83134603976,0.55575512789,0.));
#15312 = ORIENTED_EDGE('',*,*,#15313,.F.);
#15313 = EDGE_CURVE('',#15314,#15306,#15316,.T.);
#15314 = VERTEX_POINT('',#15315);
#15315 = CARTESIAN_POINT('',(20.899000167847,-5.398960113525,
    2.799999952316));
#15316 = LINE('',#15317,#15318);
#15317 = CARTESIAN_POINT('',(20.899000167847,-5.398960113525,
    2.799999952316));
#15318 = VECTOR('',#15319,1.);
#15319 = DIRECTION('',(0.751860031917,0.659322752835,0.));
#15320 = ORIENTED_EDGE('',*,*,#15321,.T.);
#15321 = EDGE_CURVE('',#15314,#15322,#15324,.T.);
#15322 = VERTEX_POINT('',#15323);
#15323 = CARTESIAN_POINT('',(20.82559967041,-5.482550144196,
    2.799999952316));
#15324 = LINE('',#15325,#15326);
#15325 = CARTESIAN_POINT('',(20.899000167847,-5.398960113525,
    2.799999952316));
#15326 = VECTOR('',#15327,1.);
#15327 = DIRECTION('',(-0.659823369793,-0.751420734792,0.));
#15328 = ORIENTED_EDGE('',*,*,#15329,.F.);
#15329 = EDGE_CURVE('',#15330,#15322,#15332,.T.);
#15330 = VERTEX_POINT('',#15331);
#15331 = CARTESIAN_POINT('',(20.763900756836,-5.574999809265,
    2.799999952316));
#15332 = LINE('',#15333,#15334);
#15333 = CARTESIAN_POINT('',(20.763900756836,-5.574999809265,
    2.799999952316));
#15334 = VECTOR('',#15335,1.);
#15335 = DIRECTION('',(0.555110002452,0.831776944366,0.));
#15336 = ORIENTED_EDGE('',*,*,#15337,.F.);
#15337 = EDGE_CURVE('',#15338,#15330,#15340,.T.);
#15338 = VERTEX_POINT('',#15339);
#15339 = CARTESIAN_POINT('',(20.714700698853,-5.674719810486,
    2.799999952316));
#15340 = LINE('',#15341,#15342);
#15341 = CARTESIAN_POINT('',(20.714700698853,-5.674719810486,
    2.799999952316));
#15342 = VECTOR('',#15343,1.);
#15343 = DIRECTION('',(0.442459368472,0.896788552141,0.));
#15344 = ORIENTED_EDGE('',*,*,#15345,.F.);
#15345 = EDGE_CURVE('',#15346,#15338,#15348,.T.);
#15346 = VERTEX_POINT('',#15347);
#15347 = CARTESIAN_POINT('',(20.679000854492,-5.780000209808,
    2.799999952316));
#15348 = LINE('',#15349,#15350);
#15349 = CARTESIAN_POINT('',(20.679000854492,-5.780000209808,
    2.799999952316));
#15350 = VECTOR('',#15351,1.);
#15351 = DIRECTION('',(0.321132656535,0.947034221613,0.));
#15352 = ORIENTED_EDGE('',*,*,#15353,.T.);
#15353 = EDGE_CURVE('',#15346,#15354,#15356,.T.);
#15354 = VERTEX_POINT('',#15355);
#15355 = CARTESIAN_POINT('',(20.657300949097,-5.889050006866,
    2.799999952316));
#15356 = LINE('',#15357,#15358);
#15357 = CARTESIAN_POINT('',(20.679000854492,-5.780000209808,
    2.799999952316));
#15358 = VECTOR('',#15359,1.);
#15359 = DIRECTION('',(-0.195164309792,-0.980770560418,0.));
#15360 = ORIENTED_EDGE('',*,*,#15361,.T.);
#15361 = EDGE_CURVE('',#15354,#15362,#15364,.T.);
#15362 = VERTEX_POINT('',#15363);
#15363 = CARTESIAN_POINT('',(20.64999961853,-6.,2.799999952316));
#15364 = LINE('',#15365,#15366);
#15365 = CARTESIAN_POINT('',(20.657300949097,-5.889050006866,
    2.799999952316));
#15366 = VECTOR('',#15367,1.);
#15367 = DIRECTION('',(-6.566536782298E-02,-0.997841700606,0.));
#15368 = ORIENTED_EDGE('',*,*,#15369,.F.);
#15369 = EDGE_CURVE('',#15370,#15362,#15372,.T.);
#15370 = VERTEX_POINT('',#15371);
#15371 = CARTESIAN_POINT('',(20.657300949097,-6.110949993134,
    2.799999952316));
#15372 = LINE('',#15373,#15374);
#15373 = CARTESIAN_POINT('',(20.657300949097,-6.110949993134,
    2.799999952316));
#15374 = VECTOR('',#15375,1.);
#15375 = DIRECTION('',(-6.566536782298E-02,0.997841700606,0.));
#15376 = ORIENTED_EDGE('',*,*,#15377,.F.);
#15377 = EDGE_CURVE('',#15378,#15370,#15380,.T.);
#15378 = VERTEX_POINT('',#15379);
#15379 = CARTESIAN_POINT('',(20.679000854492,-6.219999790192,
    2.799999952316));
#15380 = LINE('',#15381,#15382);
#15381 = CARTESIAN_POINT('',(20.679000854492,-6.219999790192,
    2.799999952316));
#15382 = VECTOR('',#15383,1.);
#15383 = DIRECTION('',(-0.195164309792,0.980770560418,0.));
#15384 = ORIENTED_EDGE('',*,*,#15385,.F.);
#15385 = EDGE_CURVE('',#15386,#15378,#15388,.T.);
#15386 = VERTEX_POINT('',#15387);
#15387 = CARTESIAN_POINT('',(20.714700698853,-6.325280189514,
    2.799999952316));
#15388 = LINE('',#15389,#15390);
#15389 = CARTESIAN_POINT('',(20.714700698853,-6.325280189514,
    2.799999952316));
#15390 = VECTOR('',#15391,1.);
#15391 = DIRECTION('',(-0.321132656535,0.947034221613,0.));
#15392 = ORIENTED_EDGE('',*,*,#15393,.T.);
#15393 = EDGE_CURVE('',#15386,#15394,#15396,.T.);
#15394 = VERTEX_POINT('',#15395);
#15395 = CARTESIAN_POINT('',(20.763900756836,-6.425000190735,
    2.799999952316));
#15396 = LINE('',#15397,#15398);
#15397 = CARTESIAN_POINT('',(20.714700698853,-6.325280189514,
    2.799999952316));
#15398 = VECTOR('',#15399,1.);
#15399 = DIRECTION('',(0.442459368472,-0.896788552141,0.));
#15400 = ORIENTED_EDGE('',*,*,#15401,.T.);
#15401 = EDGE_CURVE('',#15394,#15402,#15404,.T.);
#15402 = VERTEX_POINT('',#15403);
#15403 = CARTESIAN_POINT('',(20.82559967041,-6.517449855804,
    2.799999952316));
#15404 = LINE('',#15405,#15406);
#15405 = CARTESIAN_POINT('',(20.763900756836,-6.425000190735,
    2.799999952316));
#15406 = VECTOR('',#15407,1.);
#15407 = DIRECTION('',(0.555110002452,-0.831776944366,0.));
#15408 = ORIENTED_EDGE('',*,*,#15409,.F.);
#15409 = EDGE_CURVE('',#15410,#15402,#15412,.T.);
#15410 = VERTEX_POINT('',#15411);
#15411 = CARTESIAN_POINT('',(20.899000167847,-6.601039886475,
    2.799999952316));
#15412 = LINE('',#15413,#15414);
#15413 = CARTESIAN_POINT('',(20.899000167847,-6.601039886475,
    2.799999952316));
#15414 = VECTOR('',#15415,1.);
#15415 = DIRECTION('',(-0.659823369793,0.751420734792,0.));
#15416 = ORIENTED_EDGE('',*,*,#15417,.F.);
#15417 = EDGE_CURVE('',#15418,#15410,#15420,.T.);
#15418 = VERTEX_POINT('',#15419);
#15419 = CARTESIAN_POINT('',(20.982599258423,-6.674349784851,
    2.799999952316));
#15420 = LINE('',#15421,#15422);
#15421 = CARTESIAN_POINT('',(20.982599258423,-6.674349784851,
    2.799999952316));
#15422 = VECTOR('',#15423,1.);
#15423 = DIRECTION('',(-0.751860031917,0.659322752835,0.));
#15424 = ORIENTED_EDGE('',*,*,#15425,.T.);
#15425 = EDGE_CURVE('',#15418,#15426,#15428,.T.);
#15426 = VERTEX_POINT('',#15427);
#15427 = CARTESIAN_POINT('',(21.075000762939,-6.736120223999,
    2.799999952316));
#15428 = LINE('',#15429,#15430);
#15429 = CARTESIAN_POINT('',(20.982599258423,-6.674349784851,
    2.799999952316));
#15430 = VECTOR('',#15431,1.);
#15431 = DIRECTION('',(0.83134603976,-0.55575512789,0.));
#15432 = ORIENTED_EDGE('',*,*,#15433,.T.);
#15433 = EDGE_CURVE('',#15426,#15434,#15436,.T.);
#15434 = VERTEX_POINT('',#15435);
#15435 = CARTESIAN_POINT('',(21.174699783325,-6.785299777985,
    2.799999952316));
#15436 = LINE('',#15437,#15438);
#15437 = CARTESIAN_POINT('',(21.075000762939,-6.736120223999,
    2.799999952316));
#15438 = VECTOR('',#15439,1.);
#15439 = DIRECTION('',(0.896824785963,-0.442385921208,0.));
#15440 = ORIENTED_EDGE('',*,*,#15441,.F.);
#15441 = EDGE_CURVE('',#15442,#15434,#15444,.T.);
#15442 = VERTEX_POINT('',#15443);
#15443 = CARTESIAN_POINT('',(21.280000686646,-6.821040153503,
    2.799999952316));
#15444 = LINE('',#15445,#15446);
#15445 = CARTESIAN_POINT('',(21.280000686646,-6.821040153503,
    2.799999952316));
#15446 = VECTOR('',#15447,1.);
#15447 = DIRECTION('',(-0.946942349304,0.321403464658,0.));
#15448 = ORIENTED_EDGE('',*,*,#15449,.F.);
#15449 = EDGE_CURVE('',#15450,#15442,#15452,.T.);
#15450 = VERTEX_POINT('',#15451);
#15451 = CARTESIAN_POINT('',(21.389099121094,-6.842730045319,
    2.799999952316));
#15452 = LINE('',#15453,#15454);
#15453 = CARTESIAN_POINT('',(21.389099121094,-6.842730045319,
    2.799999952316));
#15454 = VECTOR('',#15455,1.);
#15455 = DIRECTION('',(-0.980804431686,0.194994017308,0.));
#15456 = ORIENTED_EDGE('',*,*,#15457,.F.);
#15457 = EDGE_CURVE('',#15458,#15450,#15460,.T.);
#15458 = VERTEX_POINT('',#15459);
#15459 = CARTESIAN_POINT('',(21.5,-6.849999904633,2.799999952316));
#15460 = LINE('',#15461,#15462);
#15461 = CARTESIAN_POINT('',(21.5,-6.849999904633,2.799999952316));
#15462 = VECTOR('',#15463,1.);
#15463 = DIRECTION('',(-0.997858317371,6.541237232835E-02,0.));
#15464 = ORIENTED_EDGE('',*,*,#15465,.F.);
#15465 = EDGE_CURVE('',#15466,#15458,#15468,.T.);
#15466 = VERTEX_POINT('',#15467);
#15467 = CARTESIAN_POINT('',(21.610900878906,-6.842730045319,
    2.799999952316));
#15468 = LINE('',#15469,#15470);
#15469 = CARTESIAN_POINT('',(21.610900878906,-6.842730045319,
    2.799999952316));
#15470 = VECTOR('',#15471,1.);
#15471 = DIRECTION('',(-0.997858317371,-6.541237232835E-02,0.));
#15472 = ORIENTED_EDGE('',*,*,#15473,.F.);
#15473 = EDGE_CURVE('',#15474,#15466,#15476,.T.);
#15474 = VERTEX_POINT('',#15475);
#15475 = CARTESIAN_POINT('',(21.719999313354,-6.821040153503,
    2.799999952316));
#15476 = LINE('',#15477,#15478);
#15477 = CARTESIAN_POINT('',(21.719999313354,-6.821040153503,
    2.799999952316));
#15478 = VECTOR('',#15479,1.);
#15479 = DIRECTION('',(-0.980804431686,-0.194994017308,0.));
#15480 = ORIENTED_EDGE('',*,*,#15481,.F.);
#15481 = EDGE_CURVE('',#15482,#15474,#15484,.T.);
#15482 = VERTEX_POINT('',#15483);
#15483 = CARTESIAN_POINT('',(21.825300216675,-6.785299777985,
    2.799999952316));
#15484 = LINE('',#15485,#15486);
#15485 = CARTESIAN_POINT('',(21.825300216675,-6.785299777985,
    2.799999952316));
#15486 = VECTOR('',#15487,1.);
#15487 = DIRECTION('',(-0.946942349304,-0.321403464658,0.));
#15488 = ORIENTED_EDGE('',*,*,#15489,.F.);
#15489 = EDGE_CURVE('',#15490,#15482,#15492,.T.);
#15490 = VERTEX_POINT('',#15491);
#15491 = CARTESIAN_POINT('',(21.924999237061,-6.736120223999,
    2.799999952316));
#15492 = LINE('',#15493,#15494);
#15493 = CARTESIAN_POINT('',(21.924999237061,-6.736120223999,
    2.799999952316));
#15494 = VECTOR('',#15495,1.);
#15495 = DIRECTION('',(-0.896824785963,-0.442385921208,0.));
#15496 = ORIENTED_EDGE('',*,*,#15497,.F.);
#15497 = EDGE_CURVE('',#15498,#15490,#15500,.T.);
#15498 = VERTEX_POINT('',#15499);
#15499 = CARTESIAN_POINT('',(22.017400741577,-6.674349784851,
    2.799999952316));
#15500 = LINE('',#15501,#15502);
#15501 = CARTESIAN_POINT('',(22.017400741577,-6.674349784851,
    2.799999952316));
#15502 = VECTOR('',#15503,1.);
#15503 = DIRECTION('',(-0.83134603976,-0.55575512789,0.));
#15504 = ORIENTED_EDGE('',*,*,#15505,.T.);
#15505 = EDGE_CURVE('',#15498,#15506,#15508,.T.);
#15506 = VERTEX_POINT('',#15507);
#15507 = CARTESIAN_POINT('',(22.100999832153,-6.601039886475,
    2.799999952316));
#15508 = LINE('',#15509,#15510);
#15509 = CARTESIAN_POINT('',(22.017400741577,-6.674349784851,
    2.799999952316));
#15510 = VECTOR('',#15511,1.);
#15511 = DIRECTION('',(0.751860031917,0.659322752835,0.));
#15512 = ORIENTED_EDGE('',*,*,#15513,.T.);
#15513 = EDGE_CURVE('',#15506,#7328,#15514,.T.);
#15514 = LINE('',#15515,#15516);
#15515 = CARTESIAN_POINT('',(22.100999832153,-6.601039886475,
    2.799999952316));
#15516 = VECTOR('',#15517,1.);
#15517 = DIRECTION('',(0.659823369793,0.751420734792,0.));
#15518 = ORIENTED_EDGE('',*,*,#7327,.F.);
#15519 = ORIENTED_EDGE('',*,*,#15520,.T.);
#15520 = EDGE_CURVE('',#7320,#7297,#15521,.T.);
#15521 = LINE('',#15522,#15523);
#15522 = CARTESIAN_POINT('',(22.236099243164,-6.425000190735,
    2.799999952316));
#15523 = VECTOR('',#15524,1.);
#15524 = DIRECTION('',(0.442459368472,0.896788552141,0.));
#15525 = ORIENTED_EDGE('',*,*,#7296,.F.);
#15526 = ORIENTED_EDGE('',*,*,#15527,.F.);
#15527 = EDGE_CURVE('',#15202,#7289,#15528,.T.);
#15528 = LINE('',#15529,#15530);
#15529 = CARTESIAN_POINT('',(22.342699050903,-6.110949993134,
    2.799999952316));
#15530 = VECTOR('',#15531,1.);
#15531 = DIRECTION('',(-0.195164309792,-0.980770560418,0.));
#15532 = PLANE('',#15533);
#15533 = AXIS2_PLACEMENT_3D('',#15534,#15535,#15536);
#15534 = CARTESIAN_POINT('',(21.5,-6.,2.799999952316));
#15535 = DIRECTION('',(0.,0.,1.));
#15536 = DIRECTION('',(1.,0.,-0.));
#15537 = ADVANCED_FACE('',(#15538),#15544,.T.);
#15538 = FACE_BOUND('',#15539,.T.);
#15539 = EDGE_LOOP('',(#15540,#15541,#15542,#15543));
#15540 = ORIENTED_EDGE('',*,*,#15016,.F.);
#15541 = ORIENTED_EDGE('',*,*,#5567,.F.);
#15542 = ORIENTED_EDGE('',*,*,#14950,.F.);
#15543 = ORIENTED_EDGE('',*,*,#15104,.F.);
#15544 = PLANE('',#15545);
#15545 = AXIS2_PLACEMENT_3D('',#15546,#15547,#15548);
#15546 = CARTESIAN_POINT('',(-22.13770008087,-5.44075512886,
    7.300000071526));
#15547 = DIRECTION('',(0.751420734792,-0.659823369793,0.));
#15548 = DIRECTION('',(0.659823369793,0.751420734792,0.));
#15549 = ADVANCED_FACE('',(#15550),#15561,.T.);
#15550 = FACE_BOUND('',#15551,.T.);
#15551 = EDGE_LOOP('',(#15552,#15553,#15554,#15560));
#15552 = ORIENTED_EDGE('',*,*,#5995,.F.);
#15553 = ORIENTED_EDGE('',*,*,#15176,.F.);
#15554 = ORIENTED_EDGE('',*,*,#15555,.T.);
#15555 = EDGE_CURVE('',#15169,#5744,#15556,.T.);
#15556 = LINE('',#15557,#15558);
#15557 = CARTESIAN_POINT('',(-20.89900016784,-6.601039886475,
    2.799999952316));
#15558 = VECTOR('',#15559,1.);
#15559 = DIRECTION('',(0.,0.,1.));
#15560 = ORIENTED_EDGE('',*,*,#5743,.F.);
#15561 = PLANE('',#15562);
#15562 = AXIS2_PLACEMENT_3D('',#15563,#15564,#15565);
#15563 = CARTESIAN_POINT('',(-20.86229991912,-6.55924487114,
    7.300000071526));
#15564 = DIRECTION('',(-0.751420734792,0.659823369793,-0.));
#15565 = DIRECTION('',(-0.659823369793,-0.751420734792,0.));
#15566 = ADVANCED_FACE('',(#15567),#15573,.T.);
#15567 = FACE_BOUND('',#15568,.T.);
#15568 = EDGE_LOOP('',(#15569,#15570,#15571,#15572));
#15569 = ORIENTED_EDGE('',*,*,#5964,.F.);
#15570 = ORIENTED_EDGE('',*,*,#15183,.F.);
#15571 = ORIENTED_EDGE('',*,*,#5979,.F.);
#15572 = ORIENTED_EDGE('',*,*,#5727,.F.);
#15573 = PLANE('',#15574);
#15574 = AXIS2_PLACEMENT_3D('',#15575,#15576,#15577);
#15575 = CARTESIAN_POINT('',(-20.73930072784,-6.375140190125,
    7.300000071526));
#15576 = DIRECTION('',(-0.896788552141,0.442459368472,-0.));
#15577 = DIRECTION('',(-0.442459368472,-0.896788552141,0.));
#15578 = ADVANCED_FACE('',(#15579),#15590,.T.);
#15579 = FACE_BOUND('',#15580,.T.);
#15580 = EDGE_LOOP('',(#15581,#15582,#15588,#15589));
#15581 = ORIENTED_EDGE('',*,*,#5831,.F.);
#15582 = ORIENTED_EDGE('',*,*,#15583,.T.);
#15583 = EDGE_CURVE('',#5824,#15147,#15584,.T.);
#15584 = LINE('',#15585,#15586);
#15585 = CARTESIAN_POINT('',(-21.92499923706,-6.736120223999,
    11.800000190735));
#15586 = VECTOR('',#15587,1.);
#15587 = DIRECTION('',(0.,0.,-1.));
#15588 = ORIENTED_EDGE('',*,*,#15146,.F.);
#15589 = ORIENTED_EDGE('',*,*,#15040,.F.);
#15590 = PLANE('',#15591);
#15591 = AXIS2_PLACEMENT_3D('',#15592,#15593,#15594);
#15592 = CARTESIAN_POINT('',(-21.97119998931,-6.705235004425,
    7.300000071526));
#15593 = DIRECTION('',(0.55575512789,0.83134603976,0.));
#15594 = DIRECTION('',(0.83134603976,-0.55575512789,0.));
#15595 = ADVANCED_FACE('',(#15596),#15607,.T.);
#15596 = FACE_BOUND('',#15597,.T.);
#15597 = EDGE_LOOP('',(#15598,#15599,#15600,#15606));
#15598 = ORIENTED_EDGE('',*,*,#14808,.F.);
#15599 = ORIENTED_EDGE('',*,*,#5535,.F.);
#15600 = ORIENTED_EDGE('',*,*,#15601,.T.);
#15601 = EDGE_CURVE('',#5528,#15114,#15602,.T.);
#15602 = LINE('',#15603,#15604);
#15603 = CARTESIAN_POINT('',(-22.3426990509,-5.889050006866,
    11.800000190735));
#15604 = VECTOR('',#15605,1.);
#15605 = DIRECTION('',(0.,0.,-1.));
#15606 = ORIENTED_EDGE('',*,*,#15113,.F.);
#15607 = PLANE('',#15608);
#15608 = AXIS2_PLACEMENT_3D('',#15609,#15610,#15611);
#15609 = CARTESIAN_POINT('',(-22.3318490982,-5.834525108337,
    7.300000071526));
#15610 = DIRECTION('',(0.980770560418,-0.195164309792,0.));
#15611 = DIRECTION('',(0.195164309792,0.980770560418,0.));
#15612 = ADVANCED_FACE('',(#15613),#15619,.T.);
#15613 = FACE_BOUND('',#15614,.T.);
#15614 = EDGE_LOOP('',(#15615,#15616,#15617,#15618));
#15615 = ORIENTED_EDGE('',*,*,#5623,.F.);
#15616 = ORIENTED_EDGE('',*,*,#15001,.F.);
#15617 = ORIENTED_EDGE('',*,*,#15087,.F.);
#15618 = ORIENTED_EDGE('',*,*,#14357,.F.);
#15619 = PLANE('',#15620);
#15620 = AXIS2_PLACEMENT_3D('',#15621,#15622,#15623);
#15621 = CARTESIAN_POINT('',(-21.44454956054,-5.153635025024,
    7.300000071526));
#15622 = DIRECTION('',(-6.541237232835E-02,-0.997858317371,-0.));
#15623 = DIRECTION('',(-0.997858317371,6.541237232835E-02,0.));
#15624 = ADVANCED_FACE('',(#15625),#15636,.T.);
#15625 = FACE_BOUND('',#15626,.T.);
#15626 = EDGE_LOOP('',(#15627,#15628,#15629,#15630));
#15627 = ORIENTED_EDGE('',*,*,#5655,.F.);
#15628 = ORIENTED_EDGE('',*,*,#14675,.F.);
#15629 = ORIENTED_EDGE('',*,*,#15078,.F.);
#15630 = ORIENTED_EDGE('',*,*,#15631,.T.);
#15631 = EDGE_CURVE('',#15071,#5656,#15632,.T.);
#15632 = LINE('',#15633,#15634);
#15633 = CARTESIAN_POINT('',(-20.98259925842,-5.325650215149,
    2.799999952316));
#15634 = VECTOR('',#15635,1.);
#15635 = DIRECTION('',(0.,0.,1.));
#15636 = PLANE('',#15637);
#15637 = AXIS2_PLACEMENT_3D('',#15638,#15639,#15640);
#15638 = CARTESIAN_POINT('',(-21.02880001068,-5.294764995575,
    7.300000071526));
#15639 = DIRECTION('',(-0.55575512789,-0.83134603976,-0.));
#15640 = DIRECTION('',(-0.83134603976,0.55575512789,0.));
#15641 = ADVANCED_FACE('',(#15642),#15648,.T.);
#15642 = FACE_BOUND('',#15643,.T.);
#15643 = EDGE_LOOP('',(#15644,#15645,#15646,#15647));
#15644 = ORIENTED_EDGE('',*,*,#5599,.F.);
#15645 = ORIENTED_EDGE('',*,*,#14706,.F.);
#15646 = ORIENTED_EDGE('',*,*,#15095,.F.);
#15647 = ORIENTED_EDGE('',*,*,#14831,.F.);
#15648 = PLANE('',#15649);
#15649 = AXIS2_PLACEMENT_3D('',#15650,#15651,#15652);
#15650 = CARTESIAN_POINT('',(-21.77264976501,-5.196830034256,
    7.300000071526));
#15651 = DIRECTION('',(0.321403464658,-0.946942349304,-0.));
#15652 = DIRECTION('',(-0.946942349304,-0.321403464658,0.));
#15653 = ADVANCED_FACE('',(#15654),#15660,.T.);
#15654 = FACE_BOUND('',#15655,.T.);
#15655 = EDGE_LOOP('',(#15656,#15657,#15658,#15659));
#15656 = ORIENTED_EDGE('',*,*,#15601,.F.);
#15657 = ORIENTED_EDGE('',*,*,#5527,.F.);
#15658 = ORIENTED_EDGE('',*,*,#14490,.F.);
#15659 = ORIENTED_EDGE('',*,*,#15121,.F.);
#15660 = PLANE('',#15661);
#15661 = AXIS2_PLACEMENT_3D('',#15662,#15663,#15664);
#15662 = CARTESIAN_POINT('',(-22.34634971618,-5.944525003433,
    7.300000071526));
#15663 = DIRECTION('',(0.997841700606,-6.566536782298E-02,0.));
#15664 = DIRECTION('',(6.566536782298E-02,0.997841700606,0.));
#15665 = ADVANCED_FACE('',(#15666),#15672,.T.);
#15666 = FACE_BOUND('',#15667,.T.);
#15667 = EDGE_LOOP('',(#15668,#15669,#15670,#15671));
#15668 = ORIENTED_EDGE('',*,*,#5663,.F.);
#15669 = ORIENTED_EDGE('',*,*,#15631,.F.);
#15670 = ORIENTED_EDGE('',*,*,#15070,.F.);
#15671 = ORIENTED_EDGE('',*,*,#5060,.F.);
#15672 = PLANE('',#15673);
#15673 = AXIS2_PLACEMENT_3D('',#15674,#15675,#15676);
#15674 = CARTESIAN_POINT('',(-20.94079971313,-5.362305164337,
    7.300000071526));
#15675 = DIRECTION('',(-0.659322752835,-0.751860031917,-0.));
#15676 = DIRECTION('',(-0.751860031917,0.659322752835,0.));
#15677 = ADVANCED_FACE('',(#15678),#15689,.T.);
#15678 = FACE_BOUND('',#15679,.T.);
#15679 = EDGE_LOOP('',(#15680,#15681,#15682,#15688));
#15680 = ORIENTED_EDGE('',*,*,#14643,.F.);
#15681 = ORIENTED_EDGE('',*,*,#5863,.F.);
#15682 = ORIENTED_EDGE('',*,*,#15683,.T.);
#15683 = EDGE_CURVE('',#5856,#15131,#15684,.T.);
#15684 = LINE('',#15685,#15686);
#15685 = CARTESIAN_POINT('',(-22.23609924316,-6.425000190735,
    11.800000190735));
#15686 = VECTOR('',#15687,1.);
#15687 = DIRECTION('',(0.,0.,-1.));
#15688 = ORIENTED_EDGE('',*,*,#15130,.F.);
#15689 = PLANE('',#15690);
#15690 = AXIS2_PLACEMENT_3D('',#15691,#15692,#15693);
#15691 = CARTESIAN_POINT('',(-22.26069927215,-6.375140190125,
    7.300000071526));
#15692 = DIRECTION('',(0.896788552141,0.442459368472,0.));
#15693 = DIRECTION('',(-0.442459368472,0.896788552141,0.));
#15694 = ADVANCED_FACE('',(#15695),#15701,.T.);
#15695 = FACE_BOUND('',#15696,.T.);
#15696 = EDGE_LOOP('',(#15697,#15698,#15699,#15700));
#15697 = ORIENTED_EDGE('',*,*,#5823,.F.);
#15698 = ORIENTED_EDGE('',*,*,#14531,.F.);
#15699 = ORIENTED_EDGE('',*,*,#15154,.F.);
#15700 = ORIENTED_EDGE('',*,*,#15583,.F.);
#15701 = PLANE('',#15702);
#15702 = AXIS2_PLACEMENT_3D('',#15703,#15704,#15705);
#15703 = CARTESIAN_POINT('',(-21.87514972686,-6.760710000992,
    7.300000071526));
#15704 = DIRECTION('',(0.442385921208,0.896824785963,0.));
#15705 = DIRECTION('',(0.896824785963,-0.442385921208,0.));
#15706 = ADVANCED_FACE('',(#15707),#15713,.T.);
#15707 = FACE_BOUND('',#15708,.T.);
#15708 = EDGE_LOOP('',(#15709,#15710,#15711,#15712));
#15709 = ORIENTED_EDGE('',*,*,#5751,.F.);
#15710 = ORIENTED_EDGE('',*,*,#15555,.F.);
#15711 = ORIENTED_EDGE('',*,*,#15168,.F.);
#15712 = ORIENTED_EDGE('',*,*,#14886,.F.);
#15713 = PLANE('',#15714);
#15714 = AXIS2_PLACEMENT_3D('',#15715,#15716,#15717);
#15715 = CARTESIAN_POINT('',(-20.94079971313,-6.637694835663,
    7.300000071526));
#15716 = DIRECTION('',(-0.659322752835,0.751860031917,0.));
#15717 = DIRECTION('',(0.751860031917,0.659322752835,0.));
#15718 = ADVANCED_FACE('',(#15719),#15725,.T.);
#15719 = FACE_BOUND('',#15720,.T.);
#15720 = EDGE_LOOP('',(#15721,#15722,#15723,#15724));
#15721 = ORIENTED_EDGE('',*,*,#15683,.F.);
#15722 = ORIENTED_EDGE('',*,*,#5855,.F.);
#15723 = ORIENTED_EDGE('',*,*,#14562,.F.);
#15724 = ORIENTED_EDGE('',*,*,#15138,.F.);
#15725 = PLANE('',#15726);
#15726 = AXIS2_PLACEMENT_3D('',#15727,#15728,#15729);
#15727 = CARTESIAN_POINT('',(-22.20524978637,-6.47122502327,
    7.300000071526));
#15728 = DIRECTION('',(0.831776944366,0.555110002452,0.));
#15729 = DIRECTION('',(-0.555110002452,0.831776944366,0.));
#15730 = ADVANCED_FACE('',(#15731),#15747,.T.);
#15731 = FACE_BOUND('',#15732,.T.);
#15732 = EDGE_LOOP('',(#15733,#15734,#15740,#15741));
#15733 = ORIENTED_EDGE('',*,*,#6971,.F.);
#15734 = ORIENTED_EDGE('',*,*,#15735,.T.);
#15735 = EDGE_CURVE('',#6964,#15258,#15736,.T.);
#15736 = LINE('',#15737,#15738);
#15737 = CARTESIAN_POINT('',(21.610900878906,-5.157269954681,
    11.800000190735));
#15738 = VECTOR('',#15739,1.);
#15739 = DIRECTION('',(0.,0.,-1.));
#15740 = ORIENTED_EDGE('',*,*,#15257,.T.);
#15741 = ORIENTED_EDGE('',*,*,#15742,.T.);
#15742 = EDGE_CURVE('',#15250,#6972,#15743,.T.);
#15743 = LINE('',#15744,#15745);
#15744 = CARTESIAN_POINT('',(21.719999313354,-5.178959846497,
    2.799999952316));
#15745 = VECTOR('',#15746,1.);
#15746 = DIRECTION('',(0.,0.,1.));
#15747 = PLANE('',#15748);
#15748 = AXIS2_PLACEMENT_3D('',#15749,#15750,#15751);
#15749 = CARTESIAN_POINT('',(21.66545009613,-5.168114900589,
    7.300000071526));
#15750 = DIRECTION('',(-0.194994017308,-0.980804431686,-0.));
#15751 = DIRECTION('',(-0.980804431686,0.194994017308,0.));
#15752 = ADVANCED_FACE('',(#15753),#15764,.T.);
#15753 = FACE_BOUND('',#15754,.T.);
#15754 = EDGE_LOOP('',(#15755,#15756,#15757,#15763));
#15755 = ORIENTED_EDGE('',*,*,#7273,.F.);
#15756 = ORIENTED_EDGE('',*,*,#15209,.T.);
#15757 = ORIENTED_EDGE('',*,*,#15758,.T.);
#15758 = EDGE_CURVE('',#15200,#7036,#15759,.T.);
#15759 = LINE('',#15760,#15761);
#15760 = CARTESIAN_POINT('',(22.35000038147,-6.,2.799999952316));
#15761 = VECTOR('',#15762,1.);
#15762 = DIRECTION('',(0.,0.,1.));
#15763 = ORIENTED_EDGE('',*,*,#7035,.F.);
#15764 = PLANE('',#15765);
#15765 = AXIS2_PLACEMENT_3D('',#15766,#15767,#15768);
#15766 = CARTESIAN_POINT('',(22.346349716187,-5.944525003433,
    7.300000071526));
#15767 = DIRECTION('',(-0.997841700606,-6.566536782298E-02,-0.));
#15768 = DIRECTION('',(6.566536782298E-02,-0.997841700606,0.));
#15769 = ADVANCED_FACE('',(#15770),#15781,.T.);
#15770 = FACE_BOUND('',#15771,.T.);
#15771 = EDGE_LOOP('',(#15772,#15773,#15774,#15775));
#15772 = ORIENTED_EDGE('',*,*,#6979,.F.);
#15773 = ORIENTED_EDGE('',*,*,#15742,.F.);
#15774 = ORIENTED_EDGE('',*,*,#15249,.T.);
#15775 = ORIENTED_EDGE('',*,*,#15776,.T.);
#15776 = EDGE_CURVE('',#15242,#6980,#15777,.T.);
#15777 = LINE('',#15778,#15779);
#15778 = CARTESIAN_POINT('',(21.825300216675,-5.214700222015,
    2.799999952316));
#15779 = VECTOR('',#15780,1.);
#15780 = DIRECTION('',(0.,0.,1.));
#15781 = PLANE('',#15782);
#15782 = AXIS2_PLACEMENT_3D('',#15783,#15784,#15785);
#15783 = CARTESIAN_POINT('',(21.772649765015,-5.196830034256,
    7.300000071526));
#15784 = DIRECTION('',(-0.321403464658,-0.946942349304,-0.));
#15785 = DIRECTION('',(-0.946942349304,0.321403464658,0.));
#15786 = ADVANCED_FACE('',(#15787),#15803,.T.);
#15787 = FACE_BOUND('',#15788,.T.);
#15788 = EDGE_LOOP('',(#15789,#15795,#15796,#15802));
#15789 = ORIENTED_EDGE('',*,*,#15790,.T.);
#15790 = EDGE_CURVE('',#15370,#6858,#15791,.T.);
#15791 = LINE('',#15792,#15793);
#15792 = CARTESIAN_POINT('',(20.657300949097,-6.110949993134,
    2.799999952316));
#15793 = VECTOR('',#15794,1.);
#15794 = DIRECTION('',(0.,0.,1.));
#15795 = ORIENTED_EDGE('',*,*,#7219,.F.);
#15796 = ORIENTED_EDGE('',*,*,#15797,.T.);
#15797 = EDGE_CURVE('',#7212,#15378,#15798,.T.);
#15798 = LINE('',#15799,#15800);
#15799 = CARTESIAN_POINT('',(20.679000854492,-6.219999790192,
    11.800000190735));
#15800 = VECTOR('',#15801,1.);
#15801 = DIRECTION('',(0.,0.,-1.));
#15802 = ORIENTED_EDGE('',*,*,#15377,.T.);
#15803 = PLANE('',#15804);
#15804 = AXIS2_PLACEMENT_3D('',#15805,#15806,#15807);
#15805 = CARTESIAN_POINT('',(20.668150901794,-6.165474891663,
    7.300000071526));
#15806 = DIRECTION('',(0.980770560418,0.195164309792,0.));
#15807 = DIRECTION('',(-0.195164309792,0.980770560418,0.));
#15808 = ADVANCED_FACE('',(#15809),#15820,.T.);
#15809 = FACE_BOUND('',#15810,.T.);
#15810 = EDGE_LOOP('',(#15811,#15812,#15813,#15819));
#15811 = ORIENTED_EDGE('',*,*,#15758,.F.);
#15812 = ORIENTED_EDGE('',*,*,#15199,.T.);
#15813 = ORIENTED_EDGE('',*,*,#15814,.T.);
#15814 = EDGE_CURVE('',#15202,#7044,#15815,.T.);
#15815 = LINE('',#15816,#15817);
#15816 = CARTESIAN_POINT('',(22.342699050903,-6.110949993134,
    2.799999952316));
#15817 = VECTOR('',#15818,1.);
#15818 = DIRECTION('',(0.,0.,1.));
#15819 = ORIENTED_EDGE('',*,*,#7043,.F.);
#15820 = PLANE('',#15821);
#15821 = AXIS2_PLACEMENT_3D('',#15822,#15823,#15824);
#15822 = CARTESIAN_POINT('',(22.346349716187,-6.055474996567,
    7.300000071526));
#15823 = DIRECTION('',(-0.997841700606,6.566536782298E-02,-0.));
#15824 = DIRECTION('',(-6.566536782298E-02,-0.997841700606,0.));
#15825 = ADVANCED_FACE('',(#15826),#15837,.T.);
#15826 = FACE_BOUND('',#15827,.T.);
#15827 = EDGE_LOOP('',(#15828,#15834,#15835,#15836));
#15828 = ORIENTED_EDGE('',*,*,#15829,.T.);
#15829 = EDGE_CURVE('',#15362,#6860,#15830,.T.);
#15830 = LINE('',#15831,#15832);
#15831 = CARTESIAN_POINT('',(20.64999961853,-6.,2.799999952316));
#15832 = VECTOR('',#15833,1.);
#15833 = DIRECTION('',(0.,0.,1.));
#15834 = ORIENTED_EDGE('',*,*,#6857,.F.);
#15835 = ORIENTED_EDGE('',*,*,#15790,.F.);
#15836 = ORIENTED_EDGE('',*,*,#15369,.T.);
#15837 = PLANE('',#15838);
#15838 = AXIS2_PLACEMENT_3D('',#15839,#15840,#15841);
#15839 = CARTESIAN_POINT('',(20.653650283813,-6.055474996567,
    7.300000071526));
#15840 = DIRECTION('',(0.997841700606,6.566536782298E-02,0.));
#15841 = DIRECTION('',(-6.566536782298E-02,0.997841700606,0.));
#15842 = ADVANCED_FACE('',(#15843),#15859,.T.);
#15843 = FACE_BOUND('',#15844,.T.);
#15844 = EDGE_LOOP('',(#15845,#15846,#15852,#15853));
#15845 = ORIENTED_EDGE('',*,*,#7155,.F.);
#15846 = ORIENTED_EDGE('',*,*,#15847,.T.);
#15847 = EDGE_CURVE('',#7148,#15442,#15848,.T.);
#15848 = LINE('',#15849,#15850);
#15849 = CARTESIAN_POINT('',(21.280000686646,-6.821040153503,
    11.800000190735));
#15850 = VECTOR('',#15851,1.);
#15851 = DIRECTION('',(0.,0.,-1.));
#15852 = ORIENTED_EDGE('',*,*,#15441,.T.);
#15853 = ORIENTED_EDGE('',*,*,#15854,.T.);
#15854 = EDGE_CURVE('',#15434,#7156,#15855,.T.);
#15855 = LINE('',#15856,#15857);
#15856 = CARTESIAN_POINT('',(21.174699783325,-6.785299777985,
    2.799999952316));
#15857 = VECTOR('',#15858,1.);
#15858 = DIRECTION('',(0.,0.,1.));
#15859 = PLANE('',#15860);
#15860 = AXIS2_PLACEMENT_3D('',#15861,#15862,#15863);
#15861 = CARTESIAN_POINT('',(21.227350234985,-6.803169965744,
    7.300000071526));
#15862 = DIRECTION('',(0.321403464658,0.946942349304,0.));
#15863 = DIRECTION('',(0.946942349304,-0.321403464658,0.));
#15864 = ADVANCED_FACE('',(#15865),#15871,.T.);
#15865 = FACE_BOUND('',#15866,.T.);
#15866 = EDGE_LOOP('',(#15867,#15868,#15869,#15870));
#15867 = ORIENTED_EDGE('',*,*,#6449,.F.);
#15868 = ORIENTED_EDGE('',*,*,#15217,.T.);
#15869 = ORIENTED_EDGE('',*,*,#7233,.F.);
#15870 = ORIENTED_EDGE('',*,*,#7011,.F.);
#15871 = PLANE('',#15872);
#15872 = AXIS2_PLACEMENT_3D('',#15873,#15874,#15875);
#15873 = CARTESIAN_POINT('',(22.260699272156,-5.624859809875,
    7.300000071526));
#15874 = DIRECTION('',(-0.896788552141,-0.442459368472,-0.));
#15875 = DIRECTION('',(0.442459368472,-0.896788552141,0.));
#15876 = ADVANCED_FACE('',(#15877),#15893,.T.);
#15877 = FACE_BOUND('',#15878,.T.);
#15878 = EDGE_LOOP('',(#15879,#15885,#15886,#15892));
#15879 = ORIENTED_EDGE('',*,*,#15880,.T.);
#15880 = EDGE_CURVE('',#15402,#7188,#15881,.T.);
#15881 = LINE('',#15882,#15883);
#15882 = CARTESIAN_POINT('',(20.82559967041,-6.517449855804,
    2.799999952316));
#15883 = VECTOR('',#15884,1.);
#15884 = DIRECTION('',(0.,0.,1.));
#15885 = ORIENTED_EDGE('',*,*,#7187,.F.);
#15886 = ORIENTED_EDGE('',*,*,#15887,.T.);
#15887 = EDGE_CURVE('',#7180,#15410,#15888,.T.);
#15888 = LINE('',#15889,#15890);
#15889 = CARTESIAN_POINT('',(20.899000167847,-6.601039886475,
    11.800000190735));
#15890 = VECTOR('',#15891,1.);
#15891 = DIRECTION('',(0.,0.,-1.));
#15892 = ORIENTED_EDGE('',*,*,#15409,.T.);
#15893 = PLANE('',#15894);
#15894 = AXIS2_PLACEMENT_3D('',#15895,#15896,#15897);
#15895 = CARTESIAN_POINT('',(20.862299919128,-6.55924487114,
    7.300000071526));
#15896 = DIRECTION('',(0.751420734792,0.659823369793,0.));
#15897 = DIRECTION('',(-0.659823369793,0.751420734792,0.));
#15898 = ADVANCED_FACE('',(#15899),#15905,.T.);
#15899 = FACE_BOUND('',#15900,.T.);
#15900 = EDGE_LOOP('',(#15901,#15902,#15903,#15904));
#15901 = ORIENTED_EDGE('',*,*,#15814,.F.);
#15902 = ORIENTED_EDGE('',*,*,#15527,.T.);
#15903 = ORIENTED_EDGE('',*,*,#7288,.F.);
#15904 = ORIENTED_EDGE('',*,*,#7051,.F.);
#15905 = PLANE('',#15906);
#15906 = AXIS2_PLACEMENT_3D('',#15907,#15908,#15909);
#15907 = CARTESIAN_POINT('',(22.331849098206,-6.165474891663,
    7.300000071526));
#15908 = DIRECTION('',(-0.980770560418,0.195164309792,-0.));
#15909 = DIRECTION('',(-0.195164309792,-0.980770560418,0.));
#15910 = ADVANCED_FACE('',(#15911),#15927,.T.);
#15911 = FACE_BOUND('',#15912,.T.);
#15912 = EDGE_LOOP('',(#15913,#15914,#15920,#15921));
#15913 = ORIENTED_EDGE('',*,*,#7131,.F.);
#15914 = ORIENTED_EDGE('',*,*,#15915,.T.);
#15915 = EDGE_CURVE('',#7124,#15466,#15916,.T.);
#15916 = LINE('',#15917,#15918);
#15917 = CARTESIAN_POINT('',(21.610900878906,-6.842730045319,
    11.800000190735));
#15918 = VECTOR('',#15919,1.);
#15919 = DIRECTION('',(0.,0.,-1.));
#15920 = ORIENTED_EDGE('',*,*,#15465,.T.);
#15921 = ORIENTED_EDGE('',*,*,#15922,.T.);
#15922 = EDGE_CURVE('',#15458,#7132,#15923,.T.);
#15923 = LINE('',#15924,#15925);
#15924 = CARTESIAN_POINT('',(21.5,-6.849999904633,2.799999952316));
#15925 = VECTOR('',#15926,1.);
#15926 = DIRECTION('',(0.,0.,1.));
#15927 = PLANE('',#15928);
#15928 = AXIS2_PLACEMENT_3D('',#15929,#15930,#15931);
#15929 = CARTESIAN_POINT('',(21.555450439453,-6.846364974976,
    7.300000071526));
#15930 = DIRECTION('',(-6.541237232835E-02,0.997858317371,0.));
#15931 = DIRECTION('',(0.997858317371,6.541237232835E-02,0.));
#15932 = ADVANCED_FACE('',(#15933),#15944,.T.);
#15933 = FACE_BOUND('',#15934,.T.);
#15934 = EDGE_LOOP('',(#15935,#15936,#15937,#15943));
#15935 = ORIENTED_EDGE('',*,*,#15797,.F.);
#15936 = ORIENTED_EDGE('',*,*,#7211,.F.);
#15937 = ORIENTED_EDGE('',*,*,#15938,.T.);
#15938 = EDGE_CURVE('',#7204,#15386,#15939,.T.);
#15939 = LINE('',#15940,#15941);
#15940 = CARTESIAN_POINT('',(20.714700698853,-6.325280189514,
    11.800000190735));
#15941 = VECTOR('',#15942,1.);
#15942 = DIRECTION('',(0.,0.,-1.));
#15943 = ORIENTED_EDGE('',*,*,#15385,.T.);
#15944 = PLANE('',#15945);
#15945 = AXIS2_PLACEMENT_3D('',#15946,#15947,#15948);
#15946 = CARTESIAN_POINT('',(20.696850776672,-6.272639989853,
    7.300000071526));
#15947 = DIRECTION('',(0.947034221613,0.321132656535,0.));
#15948 = DIRECTION('',(-0.321132656535,0.947034221613,0.));
#15949 = ADVANCED_FACE('',(#15950),#15961,.T.);
#15950 = FACE_BOUND('',#15951,.T.);
#15951 = EDGE_LOOP('',(#15952,#15953,#15954,#15955));
#15952 = ORIENTED_EDGE('',*,*,#6987,.F.);
#15953 = ORIENTED_EDGE('',*,*,#15776,.F.);
#15954 = ORIENTED_EDGE('',*,*,#15241,.T.);
#15955 = ORIENTED_EDGE('',*,*,#15956,.T.);
#15956 = EDGE_CURVE('',#15234,#6988,#15957,.T.);
#15957 = LINE('',#15958,#15959);
#15958 = CARTESIAN_POINT('',(21.924999237061,-5.263879776001,
    2.799999952316));
#15959 = VECTOR('',#15960,1.);
#15960 = DIRECTION('',(0.,0.,1.));
#15961 = PLANE('',#15962);
#15962 = AXIS2_PLACEMENT_3D('',#15963,#15964,#15965);
#15963 = CARTESIAN_POINT('',(21.875149726868,-5.239289999008,
    7.300000071526));
#15964 = DIRECTION('',(-0.442385921208,-0.896824785963,-0.));
#15965 = DIRECTION('',(-0.896824785963,0.442385921208,0.));
#15966 = ADVANCED_FACE('',(#15967),#15983,.T.);
#15967 = FACE_BOUND('',#15968,.T.);
#15968 = EDGE_LOOP('',(#15969,#15970,#15976,#15977));
#15969 = ORIENTED_EDGE('',*,*,#6931,.F.);
#15970 = ORIENTED_EDGE('',*,*,#15971,.T.);
#15971 = EDGE_CURVE('',#6924,#15298,#15972,.T.);
#15972 = LINE('',#15973,#15974);
#15973 = CARTESIAN_POINT('',(21.075000762939,-5.263879776001,
    11.800000190735));
#15974 = VECTOR('',#15975,1.);
#15975 = DIRECTION('',(0.,0.,-1.));
#15976 = ORIENTED_EDGE('',*,*,#15297,.T.);
#15977 = ORIENTED_EDGE('',*,*,#15978,.T.);
#15978 = EDGE_CURVE('',#15290,#6932,#15979,.T.);
#15979 = LINE('',#15980,#15981);
#15980 = CARTESIAN_POINT('',(21.174699783325,-5.214700222015,
    2.799999952316));
#15981 = VECTOR('',#15982,1.);
#15982 = DIRECTION('',(0.,0.,1.));
#15983 = PLANE('',#15984);
#15984 = AXIS2_PLACEMENT_3D('',#15985,#15986,#15987);
#15985 = CARTESIAN_POINT('',(21.124850273132,-5.239289999008,
    7.300000071526));
#15986 = DIRECTION('',(0.442385921208,-0.896824785963,-0.));
#15987 = DIRECTION('',(-0.896824785963,-0.442385921208,0.));
#15988 = ADVANCED_FACE('',(#15989),#16005,.T.);
#15989 = FACE_BOUND('',#15990,.T.);
#15990 = EDGE_LOOP('',(#15991,#15992,#15998,#15999));
#15991 = ORIENTED_EDGE('',*,*,#7107,.F.);
#15992 = ORIENTED_EDGE('',*,*,#15993,.T.);
#15993 = EDGE_CURVE('',#7100,#15490,#15994,.T.);
#15994 = LINE('',#15995,#15996);
#15995 = CARTESIAN_POINT('',(21.924999237061,-6.736120223999,
    11.800000190735));
#15996 = VECTOR('',#15997,1.);
#15997 = DIRECTION('',(0.,0.,-1.));
#15998 = ORIENTED_EDGE('',*,*,#15489,.T.);
#15999 = ORIENTED_EDGE('',*,*,#16000,.T.);
#16000 = EDGE_CURVE('',#15482,#7108,#16001,.T.);
#16001 = LINE('',#16002,#16003);
#16002 = CARTESIAN_POINT('',(21.825300216675,-6.785299777985,
    2.799999952316));
#16003 = VECTOR('',#16004,1.);
#16004 = DIRECTION('',(0.,0.,1.));
#16005 = PLANE('',#16006);
#16006 = AXIS2_PLACEMENT_3D('',#16007,#16008,#16009);
#16007 = CARTESIAN_POINT('',(21.875149726868,-6.760710000992,
    7.300000071526));
#16008 = DIRECTION('',(-0.442385921208,0.896824785963,0.));
#16009 = DIRECTION('',(0.896824785963,0.442385921208,0.));
#16010 = ADVANCED_FACE('',(#16011),#16022,.T.);
#16011 = FACE_BOUND('',#16012,.T.);
#16012 = EDGE_LOOP('',(#16013,#16014,#16015,#16016));
#16013 = ORIENTED_EDGE('',*,*,#7115,.F.);
#16014 = ORIENTED_EDGE('',*,*,#16000,.F.);
#16015 = ORIENTED_EDGE('',*,*,#15481,.T.);
#16016 = ORIENTED_EDGE('',*,*,#16017,.T.);
#16017 = EDGE_CURVE('',#15474,#7116,#16018,.T.);
#16018 = LINE('',#16019,#16020);
#16019 = CARTESIAN_POINT('',(21.719999313354,-6.821040153503,
    2.799999952316));
#16020 = VECTOR('',#16021,1.);
#16021 = DIRECTION('',(0.,0.,1.));
#16022 = PLANE('',#16023);
#16023 = AXIS2_PLACEMENT_3D('',#16024,#16025,#16026);
#16024 = CARTESIAN_POINT('',(21.772649765015,-6.803169965744,
    7.300000071526));
#16025 = DIRECTION('',(-0.321403464658,0.946942349304,0.));
#16026 = DIRECTION('',(0.946942349304,0.321403464658,0.));
#16027 = ADVANCED_FACE('',(#16028),#16039,.T.);
#16028 = FACE_BOUND('',#16029,.T.);
#16029 = EDGE_LOOP('',(#16030,#16031,#16037,#16038));
#16030 = ORIENTED_EDGE('',*,*,#7147,.F.);
#16031 = ORIENTED_EDGE('',*,*,#16032,.T.);
#16032 = EDGE_CURVE('',#7140,#15450,#16033,.T.);
#16033 = LINE('',#16034,#16035);
#16034 = CARTESIAN_POINT('',(21.389099121094,-6.842730045319,
    11.800000190735));
#16035 = VECTOR('',#16036,1.);
#16036 = DIRECTION('',(0.,0.,-1.));
#16037 = ORIENTED_EDGE('',*,*,#15449,.T.);
#16038 = ORIENTED_EDGE('',*,*,#15847,.F.);
#16039 = PLANE('',#16040);
#16040 = AXIS2_PLACEMENT_3D('',#16041,#16042,#16043);
#16041 = CARTESIAN_POINT('',(21.33454990387,-6.831885099411,
    7.300000071526));
#16042 = DIRECTION('',(0.194994017308,0.980804431686,0.));
#16043 = DIRECTION('',(0.980804431686,-0.194994017308,0.));
#16044 = ADVANCED_FACE('',(#16045),#16061,.T.);
#16045 = FACE_BOUND('',#16046,.T.);
#16046 = EDGE_LOOP('',(#16047,#16053,#16054,#16060));
#16047 = ORIENTED_EDGE('',*,*,#16048,.T.);
#16048 = EDGE_CURVE('',#15338,#6884,#16049,.T.);
#16049 = LINE('',#16050,#16051);
#16050 = CARTESIAN_POINT('',(20.714700698853,-5.674719810486,
    2.799999952316));
#16051 = VECTOR('',#16052,1.);
#16052 = DIRECTION('',(0.,0.,1.));
#16053 = ORIENTED_EDGE('',*,*,#6883,.F.);
#16054 = ORIENTED_EDGE('',*,*,#16055,.T.);
#16055 = EDGE_CURVE('',#6876,#15346,#16056,.T.);
#16056 = LINE('',#16057,#16058);
#16057 = CARTESIAN_POINT('',(20.679000854492,-5.780000209808,
    11.800000190735));
#16058 = VECTOR('',#16059,1.);
#16059 = DIRECTION('',(0.,0.,-1.));
#16060 = ORIENTED_EDGE('',*,*,#15345,.T.);
#16061 = PLANE('',#16062);
#16062 = AXIS2_PLACEMENT_3D('',#16063,#16064,#16065);
#16063 = CARTESIAN_POINT('',(20.696850776672,-5.727360010147,
    7.300000071526));
#16064 = DIRECTION('',(0.947034221613,-0.321132656535,0.));
#16065 = DIRECTION('',(0.321132656535,0.947034221613,0.));
#16066 = ADVANCED_FACE('',(#16067),#16083,.T.);
#16067 = FACE_BOUND('',#16068,.T.);
#16068 = EDGE_LOOP('',(#16069,#16070,#16076,#16077));
#16069 = ORIENTED_EDGE('',*,*,#6947,.F.);
#16070 = ORIENTED_EDGE('',*,*,#16071,.T.);
#16071 = EDGE_CURVE('',#6940,#15282,#16072,.T.);
#16072 = LINE('',#16073,#16074);
#16073 = CARTESIAN_POINT('',(21.280000686646,-5.178959846497,
    11.800000190735));
#16074 = VECTOR('',#16075,1.);
#16075 = DIRECTION('',(0.,0.,-1.));
#16076 = ORIENTED_EDGE('',*,*,#15281,.T.);
#16077 = ORIENTED_EDGE('',*,*,#16078,.T.);
#16078 = EDGE_CURVE('',#15274,#6948,#16079,.T.);
#16079 = LINE('',#16080,#16081);
#16080 = CARTESIAN_POINT('',(21.389099121094,-5.157269954681,
    2.799999952316));
#16081 = VECTOR('',#16082,1.);
#16082 = DIRECTION('',(0.,0.,1.));
#16083 = PLANE('',#16084);
#16084 = AXIS2_PLACEMENT_3D('',#16085,#16086,#16087);
#16085 = CARTESIAN_POINT('',(21.33454990387,-5.168114900589,
    7.300000071526));
#16086 = DIRECTION('',(0.194994017308,-0.980804431686,-0.));
#16087 = DIRECTION('',(-0.980804431686,-0.194994017308,0.));
#16088 = ADVANCED_FACE('',(#16089),#16100,.T.);
#16089 = FACE_BOUND('',#16090,.T.);
#16090 = EDGE_LOOP('',(#16091,#16092,#16098,#16099));
#16091 = ORIENTED_EDGE('',*,*,#6923,.F.);
#16092 = ORIENTED_EDGE('',*,*,#16093,.T.);
#16093 = EDGE_CURVE('',#6916,#15306,#16094,.T.);
#16094 = LINE('',#16095,#16096);
#16095 = CARTESIAN_POINT('',(20.982599258423,-5.325650215149,
    11.800000190735));
#16096 = VECTOR('',#16097,1.);
#16097 = DIRECTION('',(0.,0.,-1.));
#16098 = ORIENTED_EDGE('',*,*,#15305,.T.);
#16099 = ORIENTED_EDGE('',*,*,#15971,.F.);
#16100 = PLANE('',#16101);
#16101 = AXIS2_PLACEMENT_3D('',#16102,#16103,#16104);
#16102 = CARTESIAN_POINT('',(21.028800010681,-5.294764995575,
    7.300000071526));
#16103 = DIRECTION('',(0.55575512789,-0.83134603976,-0.));
#16104 = DIRECTION('',(-0.83134603976,-0.55575512789,0.));
#16105 = ADVANCED_FACE('',(#16106),#16117,.T.);
#16106 = FACE_BOUND('',#16107,.T.);
#16107 = EDGE_LOOP('',(#16108,#16109,#16115,#16116));
#16108 = ORIENTED_EDGE('',*,*,#7099,.F.);
#16109 = ORIENTED_EDGE('',*,*,#16110,.T.);
#16110 = EDGE_CURVE('',#7092,#15498,#16111,.T.);
#16111 = LINE('',#16112,#16113);
#16112 = CARTESIAN_POINT('',(22.017400741577,-6.674349784851,
    11.800000190735));
#16113 = VECTOR('',#16114,1.);
#16114 = DIRECTION('',(0.,0.,-1.));
#16115 = ORIENTED_EDGE('',*,*,#15497,.T.);
#16116 = ORIENTED_EDGE('',*,*,#15993,.F.);
#16117 = PLANE('',#16118);
#16118 = AXIS2_PLACEMENT_3D('',#16119,#16120,#16121);
#16119 = CARTESIAN_POINT('',(21.971199989319,-6.705235004425,
    7.300000071526));
#16120 = DIRECTION('',(-0.55575512789,0.83134603976,0.));
#16121 = DIRECTION('',(0.83134603976,0.55575512789,0.));
#16122 = ADVANCED_FACE('',(#16123),#16129,.T.);
#16123 = FACE_BOUND('',#16124,.T.);
#16124 = EDGE_LOOP('',(#16125,#16126,#16127,#16128));
#16125 = ORIENTED_EDGE('',*,*,#7123,.F.);
#16126 = ORIENTED_EDGE('',*,*,#16017,.F.);
#16127 = ORIENTED_EDGE('',*,*,#15473,.T.);
#16128 = ORIENTED_EDGE('',*,*,#15915,.F.);
#16129 = PLANE('',#16130);
#16130 = AXIS2_PLACEMENT_3D('',#16131,#16132,#16133);
#16131 = CARTESIAN_POINT('',(21.66545009613,-6.831885099411,
    7.300000071526));
#16132 = DIRECTION('',(-0.194994017308,0.980804431686,0.));
#16133 = DIRECTION('',(0.980804431686,0.194994017308,0.));
#16134 = ADVANCED_FACE('',(#16135),#16146,.T.);
#16135 = FACE_BOUND('',#16136,.T.);
#16136 = EDGE_LOOP('',(#16137,#16143,#16144,#16145));
#16137 = ORIENTED_EDGE('',*,*,#16138,.T.);
#16138 = EDGE_CURVE('',#15330,#6892,#16139,.T.);
#16139 = LINE('',#16140,#16141);
#16140 = CARTESIAN_POINT('',(20.763900756836,-5.574999809265,
    2.799999952316));
#16141 = VECTOR('',#16142,1.);
#16142 = DIRECTION('',(0.,0.,1.));
#16143 = ORIENTED_EDGE('',*,*,#6891,.F.);
#16144 = ORIENTED_EDGE('',*,*,#16048,.F.);
#16145 = ORIENTED_EDGE('',*,*,#15337,.T.);
#16146 = PLANE('',#16147);
#16147 = AXIS2_PLACEMENT_3D('',#16148,#16149,#16150);
#16148 = CARTESIAN_POINT('',(20.739300727844,-5.624859809875,
    7.300000071526));
#16149 = DIRECTION('',(0.896788552141,-0.442459368472,0.));
#16150 = DIRECTION('',(0.442459368472,0.896788552141,0.));
#16151 = ADVANCED_FACE('',(#16152),#16163,.T.);
#16152 = FACE_BOUND('',#16153,.T.);
#16153 = EDGE_LOOP('',(#16154,#16155,#16161,#16162));
#16154 = ORIENTED_EDGE('',*,*,#7003,.F.);
#16155 = ORIENTED_EDGE('',*,*,#16156,.T.);
#16156 = EDGE_CURVE('',#6996,#15226,#16157,.T.);
#16157 = LINE('',#16158,#16159);
#16158 = CARTESIAN_POINT('',(22.017400741577,-5.325650215149,
    11.800000190735));
#16159 = VECTOR('',#16160,1.);
#16160 = DIRECTION('',(0.,0.,-1.));
#16161 = ORIENTED_EDGE('',*,*,#15225,.T.);
#16162 = ORIENTED_EDGE('',*,*,#6400,.F.);
#16163 = PLANE('',#16164);
#16164 = AXIS2_PLACEMENT_3D('',#16165,#16166,#16167);
#16165 = CARTESIAN_POINT('',(22.059200286865,-5.362305164337,
    7.300000071526));
#16166 = DIRECTION('',(-0.659322752835,-0.751860031917,-0.));
#16167 = DIRECTION('',(-0.751860031917,0.659322752835,0.));
#16168 = ADVANCED_FACE('',(#16169),#16180,.T.);
#16169 = FACE_BOUND('',#16170,.T.);
#16170 = EDGE_LOOP('',(#16171,#16177,#16178,#16179));
#16171 = ORIENTED_EDGE('',*,*,#16172,.T.);
#16172 = EDGE_CURVE('',#15322,#6900,#16173,.T.);
#16173 = LINE('',#16174,#16175);
#16174 = CARTESIAN_POINT('',(20.82559967041,-5.482550144196,
    2.799999952316));
#16175 = VECTOR('',#16176,1.);
#16176 = DIRECTION('',(0.,0.,1.));
#16177 = ORIENTED_EDGE('',*,*,#6899,.F.);
#16178 = ORIENTED_EDGE('',*,*,#16138,.F.);
#16179 = ORIENTED_EDGE('',*,*,#15329,.T.);
#16180 = PLANE('',#16181);
#16181 = AXIS2_PLACEMENT_3D('',#16182,#16183,#16184);
#16182 = CARTESIAN_POINT('',(20.794750213623,-5.52877497673,
    7.300000071526));
#16183 = DIRECTION('',(0.831776944366,-0.555110002452,0.));
#16184 = DIRECTION('',(0.555110002452,0.831776944366,0.));
#16185 = ADVANCED_FACE('',(#16186),#16192,.T.);
#16186 = FACE_BOUND('',#16187,.T.);
#16187 = EDGE_LOOP('',(#16188,#16189,#16190,#16191));
#16188 = ORIENTED_EDGE('',*,*,#7139,.F.);
#16189 = ORIENTED_EDGE('',*,*,#15922,.F.);
#16190 = ORIENTED_EDGE('',*,*,#15457,.T.);
#16191 = ORIENTED_EDGE('',*,*,#16032,.F.);
#16192 = PLANE('',#16193);
#16193 = AXIS2_PLACEMENT_3D('',#16194,#16195,#16196);
#16194 = CARTESIAN_POINT('',(21.444549560547,-6.846364974976,
    7.300000071526));
#16195 = DIRECTION('',(6.541237232835E-02,0.997858317371,0.));
#16196 = DIRECTION('',(0.997858317371,-6.541237232835E-02,0.));
#16197 = ADVANCED_FACE('',(#16198),#16209,.T.);
#16198 = FACE_BOUND('',#16199,.T.);
#16199 = EDGE_LOOP('',(#16200,#16201,#16202,#16203));
#16200 = ORIENTED_EDGE('',*,*,#6955,.F.);
#16201 = ORIENTED_EDGE('',*,*,#16078,.F.);
#16202 = ORIENTED_EDGE('',*,*,#15273,.T.);
#16203 = ORIENTED_EDGE('',*,*,#16204,.T.);
#16204 = EDGE_CURVE('',#15266,#6956,#16205,.T.);
#16205 = LINE('',#16206,#16207);
#16206 = CARTESIAN_POINT('',(21.5,-5.150000095367,2.799999952316));
#16207 = VECTOR('',#16208,1.);
#16208 = DIRECTION('',(0.,0.,1.));
#16209 = PLANE('',#16210);
#16210 = AXIS2_PLACEMENT_3D('',#16211,#16212,#16213);
#16211 = CARTESIAN_POINT('',(21.444549560547,-5.153635025024,
    7.300000071526));
#16212 = DIRECTION('',(6.541237232835E-02,-0.997858317371,-0.));
#16213 = DIRECTION('',(-0.997858317371,-6.541237232835E-02,0.));
#16214 = ADVANCED_FACE('',(#16215),#16226,.T.);
#16215 = FACE_BOUND('',#16216,.T.);
#16216 = EDGE_LOOP('',(#16217,#16218,#16224,#16225));
#16217 = ORIENTED_EDGE('',*,*,#6915,.F.);
#16218 = ORIENTED_EDGE('',*,*,#16219,.T.);
#16219 = EDGE_CURVE('',#6908,#15314,#16220,.T.);
#16220 = LINE('',#16221,#16222);
#16221 = CARTESIAN_POINT('',(20.899000167847,-5.398960113525,
    11.800000190735));
#16222 = VECTOR('',#16223,1.);
#16223 = DIRECTION('',(0.,0.,-1.));
#16224 = ORIENTED_EDGE('',*,*,#15313,.T.);
#16225 = ORIENTED_EDGE('',*,*,#16093,.F.);
#16226 = PLANE('',#16227);
#16227 = AXIS2_PLACEMENT_3D('',#16228,#16229,#16230);
#16228 = CARTESIAN_POINT('',(20.940799713135,-5.362305164337,
    7.300000071526));
#16229 = DIRECTION('',(0.659322752835,-0.751860031917,-0.));
#16230 = DIRECTION('',(-0.751860031917,-0.659322752835,0.));
#16231 = ADVANCED_FACE('',(#16232),#16243,.T.);
#16232 = FACE_BOUND('',#16233,.T.);
#16233 = EDGE_LOOP('',(#16234,#16235,#16241,#16242));
#16234 = ORIENTED_EDGE('',*,*,#7179,.F.);
#16235 = ORIENTED_EDGE('',*,*,#16236,.T.);
#16236 = EDGE_CURVE('',#7172,#15418,#16237,.T.);
#16237 = LINE('',#16238,#16239);
#16238 = CARTESIAN_POINT('',(20.982599258423,-6.674349784851,
    11.800000190735));
#16239 = VECTOR('',#16240,1.);
#16240 = DIRECTION('',(0.,0.,-1.));
#16241 = ORIENTED_EDGE('',*,*,#15417,.T.);
#16242 = ORIENTED_EDGE('',*,*,#15887,.F.);
#16243 = PLANE('',#16244);
#16244 = AXIS2_PLACEMENT_3D('',#16245,#16246,#16247);
#16245 = CARTESIAN_POINT('',(20.940799713135,-6.637694835663,
    7.300000071526));
#16246 = DIRECTION('',(0.659322752835,0.751860031917,0.));
#16247 = DIRECTION('',(0.751860031917,-0.659322752835,0.));
#16248 = ADVANCED_FACE('',(#16249),#16255,.T.);
#16249 = FACE_BOUND('',#16250,.T.);
#16250 = EDGE_LOOP('',(#16251,#16252,#16253,#16254));
#16251 = ORIENTED_EDGE('',*,*,#16219,.F.);
#16252 = ORIENTED_EDGE('',*,*,#6907,.F.);
#16253 = ORIENTED_EDGE('',*,*,#16172,.F.);
#16254 = ORIENTED_EDGE('',*,*,#15321,.F.);
#16255 = PLANE('',#16256);
#16256 = AXIS2_PLACEMENT_3D('',#16257,#16258,#16259);
#16257 = CARTESIAN_POINT('',(20.862299919128,-5.44075512886,
    7.300000071526));
#16258 = DIRECTION('',(0.751420734792,-0.659823369793,0.));
#16259 = DIRECTION('',(0.659823369793,0.751420734792,0.));
#16260 = ADVANCED_FACE('',(#16261),#16272,.T.);
#16261 = FACE_BOUND('',#16262,.T.);
#16262 = EDGE_LOOP('',(#16263,#16264,#16265,#16271));
#16263 = ORIENTED_EDGE('',*,*,#7335,.F.);
#16264 = ORIENTED_EDGE('',*,*,#15513,.F.);
#16265 = ORIENTED_EDGE('',*,*,#16266,.T.);
#16266 = EDGE_CURVE('',#15506,#7084,#16267,.T.);
#16267 = LINE('',#16268,#16269);
#16268 = CARTESIAN_POINT('',(22.100999832153,-6.601039886475,
    2.799999952316));
#16269 = VECTOR('',#16270,1.);
#16270 = DIRECTION('',(0.,0.,1.));
#16271 = ORIENTED_EDGE('',*,*,#7083,.F.);
#16272 = PLANE('',#16273);
#16273 = AXIS2_PLACEMENT_3D('',#16274,#16275,#16276);
#16274 = CARTESIAN_POINT('',(22.137700080872,-6.55924487114,
    7.300000071526));
#16275 = DIRECTION('',(-0.751420734792,0.659823369793,-0.));
#16276 = DIRECTION('',(-0.659823369793,-0.751420734792,0.));
#16277 = ADVANCED_FACE('',(#16278),#16284,.T.);
#16278 = FACE_BOUND('',#16279,.T.);
#16279 = EDGE_LOOP('',(#16280,#16281,#16282,#16283));
#16280 = ORIENTED_EDGE('',*,*,#7304,.F.);
#16281 = ORIENTED_EDGE('',*,*,#15520,.F.);
#16282 = ORIENTED_EDGE('',*,*,#7319,.F.);
#16283 = ORIENTED_EDGE('',*,*,#7067,.F.);
#16284 = PLANE('',#16285);
#16285 = AXIS2_PLACEMENT_3D('',#16286,#16287,#16288);
#16286 = CARTESIAN_POINT('',(22.260699272156,-6.375140190125,
    7.300000071526));
#16287 = DIRECTION('',(-0.896788552141,0.442459368472,-0.));
#16288 = DIRECTION('',(-0.442459368472,-0.896788552141,0.));
#16289 = ADVANCED_FACE('',(#16290),#16301,.T.);
#16290 = FACE_BOUND('',#16291,.T.);
#16291 = EDGE_LOOP('',(#16292,#16293,#16299,#16300));
#16292 = ORIENTED_EDGE('',*,*,#7171,.F.);
#16293 = ORIENTED_EDGE('',*,*,#16294,.T.);
#16294 = EDGE_CURVE('',#7164,#15426,#16295,.T.);
#16295 = LINE('',#16296,#16297);
#16296 = CARTESIAN_POINT('',(21.075000762939,-6.736120223999,
    11.800000190735));
#16297 = VECTOR('',#16298,1.);
#16298 = DIRECTION('',(0.,0.,-1.));
#16299 = ORIENTED_EDGE('',*,*,#15425,.F.);
#16300 = ORIENTED_EDGE('',*,*,#16236,.F.);
#16301 = PLANE('',#16302);
#16302 = AXIS2_PLACEMENT_3D('',#16303,#16304,#16305);
#16303 = CARTESIAN_POINT('',(21.028800010681,-6.705235004425,
    7.300000071526));
#16304 = DIRECTION('',(0.55575512789,0.83134603976,0.));
#16305 = DIRECTION('',(0.83134603976,-0.55575512789,0.));
#16306 = ADVANCED_FACE('',(#16307),#16318,.T.);
#16307 = FACE_BOUND('',#16308,.T.);
#16308 = EDGE_LOOP('',(#16309,#16310,#16311,#16317));
#16309 = ORIENTED_EDGE('',*,*,#16055,.F.);
#16310 = ORIENTED_EDGE('',*,*,#6875,.F.);
#16311 = ORIENTED_EDGE('',*,*,#16312,.T.);
#16312 = EDGE_CURVE('',#6868,#15354,#16313,.T.);
#16313 = LINE('',#16314,#16315);
#16314 = CARTESIAN_POINT('',(20.657300949097,-5.889050006866,
    11.800000190735));
#16315 = VECTOR('',#16316,1.);
#16316 = DIRECTION('',(0.,0.,-1.));
#16317 = ORIENTED_EDGE('',*,*,#15353,.F.);
#16318 = PLANE('',#16319);
#16319 = AXIS2_PLACEMENT_3D('',#16320,#16321,#16322);
#16320 = CARTESIAN_POINT('',(20.668150901794,-5.834525108337,
    7.300000071526));
#16321 = DIRECTION('',(0.980770560418,-0.195164309792,0.));
#16322 = DIRECTION('',(0.195164309792,0.980770560418,0.));
#16323 = ADVANCED_FACE('',(#16324),#16330,.T.);
#16324 = FACE_BOUND('',#16325,.T.);
#16325 = EDGE_LOOP('',(#16326,#16327,#16328,#16329));
#16326 = ORIENTED_EDGE('',*,*,#6963,.F.);
#16327 = ORIENTED_EDGE('',*,*,#16204,.F.);
#16328 = ORIENTED_EDGE('',*,*,#15265,.F.);
#16329 = ORIENTED_EDGE('',*,*,#15735,.F.);
#16330 = PLANE('',#16331);
#16331 = AXIS2_PLACEMENT_3D('',#16332,#16333,#16334);
#16332 = CARTESIAN_POINT('',(21.555450439453,-5.153635025024,
    7.300000071526));
#16333 = DIRECTION('',(-6.541237232835E-02,-0.997858317371,-0.));
#16334 = DIRECTION('',(-0.997858317371,6.541237232835E-02,0.));
#16335 = ADVANCED_FACE('',(#16336),#16342,.T.);
#16336 = FACE_BOUND('',#16337,.T.);
#16337 = EDGE_LOOP('',(#16338,#16339,#16340,#16341));
#16338 = ORIENTED_EDGE('',*,*,#6995,.F.);
#16339 = ORIENTED_EDGE('',*,*,#15956,.F.);
#16340 = ORIENTED_EDGE('',*,*,#15233,.F.);
#16341 = ORIENTED_EDGE('',*,*,#16156,.F.);
#16342 = PLANE('',#16343);
#16343 = AXIS2_PLACEMENT_3D('',#16344,#16345,#16346);
#16344 = CARTESIAN_POINT('',(21.971199989319,-5.294764995575,
    7.300000071526));
#16345 = DIRECTION('',(-0.55575512789,-0.83134603976,-0.));
#16346 = DIRECTION('',(-0.83134603976,0.55575512789,0.));
#16347 = ADVANCED_FACE('',(#16348),#16354,.T.);
#16348 = FACE_BOUND('',#16349,.T.);
#16349 = EDGE_LOOP('',(#16350,#16351,#16352,#16353));
#16350 = ORIENTED_EDGE('',*,*,#6939,.F.);
#16351 = ORIENTED_EDGE('',*,*,#15978,.F.);
#16352 = ORIENTED_EDGE('',*,*,#15289,.F.);
#16353 = ORIENTED_EDGE('',*,*,#16071,.F.);
#16354 = PLANE('',#16355);
#16355 = AXIS2_PLACEMENT_3D('',#16356,#16357,#16358);
#16356 = CARTESIAN_POINT('',(21.227350234985,-5.196830034256,
    7.300000071526));
#16357 = DIRECTION('',(0.321403464658,-0.946942349304,-0.));
#16358 = DIRECTION('',(-0.946942349304,-0.321403464658,0.));
#16359 = ADVANCED_FACE('',(#16360),#16366,.T.);
#16360 = FACE_BOUND('',#16361,.T.);
#16361 = EDGE_LOOP('',(#16362,#16363,#16364,#16365));
#16362 = ORIENTED_EDGE('',*,*,#16312,.F.);
#16363 = ORIENTED_EDGE('',*,*,#6867,.F.);
#16364 = ORIENTED_EDGE('',*,*,#15829,.F.);
#16365 = ORIENTED_EDGE('',*,*,#15361,.F.);
#16366 = PLANE('',#16367);
#16367 = AXIS2_PLACEMENT_3D('',#16368,#16369,#16370);
#16368 = CARTESIAN_POINT('',(20.653650283813,-5.944525003433,
    7.300000071526));
#16369 = DIRECTION('',(0.997841700606,-6.566536782298E-02,0.));
#16370 = DIRECTION('',(6.566536782298E-02,0.997841700606,0.));
#16371 = ADVANCED_FACE('',(#16372),#16383,.T.);
#16372 = FACE_BOUND('',#16373,.T.);
#16373 = EDGE_LOOP('',(#16374,#16375,#16376,#16382));
#16374 = ORIENTED_EDGE('',*,*,#15938,.F.);
#16375 = ORIENTED_EDGE('',*,*,#7203,.F.);
#16376 = ORIENTED_EDGE('',*,*,#16377,.T.);
#16377 = EDGE_CURVE('',#7196,#15394,#16378,.T.);
#16378 = LINE('',#16379,#16380);
#16379 = CARTESIAN_POINT('',(20.763900756836,-6.425000190735,
    11.800000190735));
#16380 = VECTOR('',#16381,1.);
#16381 = DIRECTION('',(0.,0.,-1.));
#16382 = ORIENTED_EDGE('',*,*,#15393,.F.);
#16383 = PLANE('',#16384);
#16384 = AXIS2_PLACEMENT_3D('',#16385,#16386,#16387);
#16385 = CARTESIAN_POINT('',(20.739300727844,-6.375140190125,
    7.300000071526));
#16386 = DIRECTION('',(0.896788552141,0.442459368472,0.));
#16387 = DIRECTION('',(-0.442459368472,0.896788552141,0.));
#16388 = ADVANCED_FACE('',(#16389),#16395,.T.);
#16389 = FACE_BOUND('',#16390,.T.);
#16390 = EDGE_LOOP('',(#16391,#16392,#16393,#16394));
#16391 = ORIENTED_EDGE('',*,*,#7163,.F.);
#16392 = ORIENTED_EDGE('',*,*,#15854,.F.);
#16393 = ORIENTED_EDGE('',*,*,#15433,.F.);
#16394 = ORIENTED_EDGE('',*,*,#16294,.F.);
#16395 = PLANE('',#16396);
#16396 = AXIS2_PLACEMENT_3D('',#16397,#16398,#16399);
#16397 = CARTESIAN_POINT('',(21.124850273132,-6.760710000992,
    7.300000071526));
#16398 = DIRECTION('',(0.442385921208,0.896824785963,0.));
#16399 = DIRECTION('',(0.896824785963,-0.442385921208,0.));
#16400 = ADVANCED_FACE('',(#16401),#16407,.T.);
#16401 = FACE_BOUND('',#16402,.T.);
#16402 = EDGE_LOOP('',(#16403,#16404,#16405,#16406));
#16403 = ORIENTED_EDGE('',*,*,#7091,.F.);
#16404 = ORIENTED_EDGE('',*,*,#16266,.F.);
#16405 = ORIENTED_EDGE('',*,*,#15505,.F.);
#16406 = ORIENTED_EDGE('',*,*,#16110,.F.);
#16407 = PLANE('',#16408);
#16408 = AXIS2_PLACEMENT_3D('',#16409,#16410,#16411);
#16409 = CARTESIAN_POINT('',(22.059200286865,-6.637694835663,
    7.300000071526));
#16410 = DIRECTION('',(-0.659322752835,0.751860031917,0.));
#16411 = DIRECTION('',(0.751860031917,0.659322752835,0.));
#16412 = ADVANCED_FACE('',(#16413),#16419,.T.);
#16413 = FACE_BOUND('',#16414,.T.);
#16414 = EDGE_LOOP('',(#16415,#16416,#16417,#16418));
#16415 = ORIENTED_EDGE('',*,*,#16377,.F.);
#16416 = ORIENTED_EDGE('',*,*,#7195,.F.);
#16417 = ORIENTED_EDGE('',*,*,#15880,.F.);
#16418 = ORIENTED_EDGE('',*,*,#15401,.F.);
#16419 = PLANE('',#16420);
#16420 = AXIS2_PLACEMENT_3D('',#16421,#16422,#16423);
#16421 = CARTESIAN_POINT('',(20.794750213623,-6.47122502327,
    7.300000071526));
#16422 = DIRECTION('',(0.831776944366,0.555110002452,0.));
#16423 = DIRECTION('',(-0.555110002452,0.831776944366,0.));
#16424 = ADVANCED_FACE('',(#16425),#16441,.T.);
#16425 = FACE_BOUND('',#16426,.T.);
#16426 = EDGE_LOOP('',(#16427,#16428,#16434,#16435));
#16427 = ORIENTED_EDGE('',*,*,#8081,.F.);
#16428 = ORIENTED_EDGE('',*,*,#16429,.T.);
#16429 = EDGE_CURVE('',#8074,#11213,#16430,.T.);
#16430 = LINE('',#16431,#16432);
#16431 = CARTESIAN_POINT('',(-21.29999923706,-35.75,6.));
#16432 = VECTOR('',#16433,1.);
#16433 = DIRECTION('',(0.,-1.,0.));
#16434 = ORIENTED_EDGE('',*,*,#11238,.F.);
#16435 = ORIENTED_EDGE('',*,*,#16436,.T.);
#16436 = EDGE_CURVE('',#11231,#8082,#16437,.T.);
#16437 = LINE('',#16438,#16439);
#16438 = CARTESIAN_POINT('',(-21.29999923706,-37.34999847412,10.5));
#16439 = VECTOR('',#16440,1.);
#16440 = DIRECTION('',(0.,1.,0.));
#16441 = PLANE('',#16442);
#16442 = AXIS2_PLACEMENT_3D('',#16443,#16444,#16445);
#16443 = CARTESIAN_POINT('',(-21.29999923706,-36.54999923706,8.25));
#16444 = DIRECTION('',(-1.,-0.,-0.));
#16445 = DIRECTION('',(0.,0.,-1.));
#16446 = ADVANCED_FACE('',(#16447),#16463,.T.);
#16447 = FACE_BOUND('',#16448,.T.);
#16448 = EDGE_LOOP('',(#16449,#16450,#16456,#16457));
#16449 = ORIENTED_EDGE('',*,*,#10616,.F.);
#16450 = ORIENTED_EDGE('',*,*,#16451,.T.);
#16451 = EDGE_CURVE('',#10609,#1685,#16452,.T.);
#16452 = LINE('',#16453,#16454);
#16453 = CARTESIAN_POINT('',(-21.29999923706,1.600000023842,6.));
#16454 = VECTOR('',#16455,1.);
#16455 = DIRECTION('',(0.,-1.,0.));
#16456 = ORIENTED_EDGE('',*,*,#1710,.F.);
#16457 = ORIENTED_EDGE('',*,*,#16458,.T.);
#16458 = EDGE_CURVE('',#1703,#10591,#16459,.T.);
#16459 = LINE('',#16460,#16461);
#16460 = CARTESIAN_POINT('',(-21.29999923706,0.,10.5));
#16461 = VECTOR('',#16462,1.);
#16462 = DIRECTION('',(0.,1.,0.));
#16463 = PLANE('',#16464);
#16464 = AXIS2_PLACEMENT_3D('',#16465,#16466,#16467);
#16465 = CARTESIAN_POINT('',(-21.29999923706,0.800000011921,8.25));
#16466 = DIRECTION('',(-1.,-0.,-0.));
#16467 = DIRECTION('',(0.,0.,-1.));
#16468 = ADVANCED_FACE('',(#16469),#16485,.T.);
#16469 = FACE_BOUND('',#16470,.T.);
#16470 = EDGE_LOOP('',(#16471,#16472,#16478,#16479));
#16471 = ORIENTED_EDGE('',*,*,#8063,.F.);
#16472 = ORIENTED_EDGE('',*,*,#16473,.T.);
#16473 = EDGE_CURVE('',#8064,#11223,#16474,.T.);
#16474 = LINE('',#16475,#16476);
#16475 = CARTESIAN_POINT('',(-22.70000076293,-35.75,10.5));
#16476 = VECTOR('',#16477,1.);
#16477 = DIRECTION('',(0.,-1.,0.));
#16478 = ORIENTED_EDGE('',*,*,#11222,.F.);
#16479 = ORIENTED_EDGE('',*,*,#16480,.T.);
#16480 = EDGE_CURVE('',#11215,#8066,#16481,.T.);
#16481 = LINE('',#16482,#16483);
#16482 = CARTESIAN_POINT('',(-22.70000076293,-37.34999847412,6.));
#16483 = VECTOR('',#16484,1.);
#16484 = DIRECTION('',(0.,1.,0.));
#16485 = PLANE('',#16486);
#16486 = AXIS2_PLACEMENT_3D('',#16487,#16488,#16489);
#16487 = CARTESIAN_POINT('',(-22.70000076293,-36.54999923706,8.25));
#16488 = DIRECTION('',(1.,0.,0.));
#16489 = DIRECTION('',(-0.,0.,1.));
#16490 = ADVANCED_FACE('',(#16491),#16507,.T.);
#16491 = FACE_BOUND('',#16492,.T.);
#16492 = EDGE_LOOP('',(#16493,#16494,#16500,#16501));
#16493 = ORIENTED_EDGE('',*,*,#10600,.F.);
#16494 = ORIENTED_EDGE('',*,*,#16495,.T.);
#16495 = EDGE_CURVE('',#10593,#1695,#16496,.T.);
#16496 = LINE('',#16497,#16498);
#16497 = CARTESIAN_POINT('',(-22.70000076293,1.600000023842,10.5));
#16498 = VECTOR('',#16499,1.);
#16499 = DIRECTION('',(0.,-1.,0.));
#16500 = ORIENTED_EDGE('',*,*,#1694,.F.);
#16501 = ORIENTED_EDGE('',*,*,#16502,.T.);
#16502 = EDGE_CURVE('',#1687,#10601,#16503,.T.);
#16503 = LINE('',#16504,#16505);
#16504 = CARTESIAN_POINT('',(-22.70000076293,0.,6.));
#16505 = VECTOR('',#16506,1.);
#16506 = DIRECTION('',(0.,1.,0.));
#16507 = PLANE('',#16508);
#16508 = AXIS2_PLACEMENT_3D('',#16509,#16510,#16511);
#16509 = CARTESIAN_POINT('',(-22.70000076293,0.800000011921,8.25));
#16510 = DIRECTION('',(1.,0.,0.));
#16511 = DIRECTION('',(-0.,0.,1.));
#16512 = ADVANCED_FACE('',(#16513),#16519,.T.);
#16513 = FACE_BOUND('',#16514,.T.);
#16514 = EDGE_LOOP('',(#16515,#16516,#16517,#16518));
#16515 = ORIENTED_EDGE('',*,*,#16436,.F.);
#16516 = ORIENTED_EDGE('',*,*,#11230,.F.);
#16517 = ORIENTED_EDGE('',*,*,#16473,.F.);
#16518 = ORIENTED_EDGE('',*,*,#8089,.F.);
#16519 = PLANE('',#16520);
#16520 = AXIS2_PLACEMENT_3D('',#16521,#16522,#16523);
#16521 = CARTESIAN_POINT('',(-22.,-36.54999923706,10.5));
#16522 = DIRECTION('',(-0.,-0.,-1.));
#16523 = DIRECTION('',(-1.,0.,0.));
#16524 = ADVANCED_FACE('',(#16525),#16541,.T.);
#16525 = FACE_BOUND('',#16526,.T.);
#16526 = EDGE_LOOP('',(#16527,#16533,#16534,#16540));
#16527 = ORIENTED_EDGE('',*,*,#16528,.F.);
#16528 = EDGE_CURVE('',#11265,#8098,#16529,.T.);
#16529 = LINE('',#16530,#16531);
#16530 = CARTESIAN_POINT('',(-17.29999923706,-37.34999847412,10.5));
#16531 = VECTOR('',#16532,1.);
#16532 = DIRECTION('',(0.,1.,0.));
#16533 = ORIENTED_EDGE('',*,*,#11264,.F.);
#16534 = ORIENTED_EDGE('',*,*,#16535,.F.);
#16535 = EDGE_CURVE('',#8100,#11257,#16536,.T.);
#16536 = LINE('',#16537,#16538);
#16537 = CARTESIAN_POINT('',(-18.70000076293,-35.75,10.5));
#16538 = VECTOR('',#16539,1.);
#16539 = DIRECTION('',(0.,-1.,0.));
#16540 = ORIENTED_EDGE('',*,*,#8097,.F.);
#16541 = PLANE('',#16542);
#16542 = AXIS2_PLACEMENT_3D('',#16543,#16544,#16545);
#16543 = CARTESIAN_POINT('',(-18.,-36.54999923706,10.5));
#16544 = DIRECTION('',(-0.,-0.,-1.));
#16545 = DIRECTION('',(-1.,0.,0.));
#16546 = ADVANCED_FACE('',(#16547),#16563,.T.);
#16547 = FACE_BOUND('',#16548,.T.);
#16548 = EDGE_LOOP('',(#16549,#16555,#16556,#16562));
#16549 = ORIENTED_EDGE('',*,*,#16550,.F.);
#16550 = EDGE_CURVE('',#11367,#8200,#16551,.T.);
#16551 = LINE('',#16552,#16553);
#16552 = CARTESIAN_POINT('',(-13.30000019073,-37.34999847412,10.5));
#16553 = VECTOR('',#16554,1.);
#16554 = DIRECTION('',(0.,1.,0.));
#16555 = ORIENTED_EDGE('',*,*,#11366,.F.);
#16556 = ORIENTED_EDGE('',*,*,#16557,.F.);
#16557 = EDGE_CURVE('',#8202,#11359,#16558,.T.);
#16558 = LINE('',#16559,#16560);
#16559 = CARTESIAN_POINT('',(-14.69999980926,-35.75,10.5));
#16560 = VECTOR('',#16561,1.);
#16561 = DIRECTION('',(0.,-1.,0.));
#16562 = ORIENTED_EDGE('',*,*,#8199,.F.);
#16563 = PLANE('',#16564);
#16564 = AXIS2_PLACEMENT_3D('',#16565,#16566,#16567);
#16565 = CARTESIAN_POINT('',(-14.,-36.54999923706,10.5));
#16566 = DIRECTION('',(-0.,-0.,-1.));
#16567 = DIRECTION('',(-1.,0.,0.));
#16568 = ADVANCED_FACE('',(#16569),#16585,.T.);
#16569 = FACE_BOUND('',#16570,.T.);
#16570 = EDGE_LOOP('',(#16571,#16577,#16578,#16584));
#16571 = ORIENTED_EDGE('',*,*,#16572,.F.);
#16572 = EDGE_CURVE('',#11401,#8234,#16573,.T.);
#16573 = LINE('',#16574,#16575);
#16574 = CARTESIAN_POINT('',(-9.300000190735,-37.34999847412,10.5));
#16575 = VECTOR('',#16576,1.);
#16576 = DIRECTION('',(0.,1.,0.));
#16577 = ORIENTED_EDGE('',*,*,#11400,.F.);
#16578 = ORIENTED_EDGE('',*,*,#16579,.F.);
#16579 = EDGE_CURVE('',#8236,#11393,#16580,.T.);
#16580 = LINE('',#16581,#16582);
#16581 = CARTESIAN_POINT('',(-10.69999980926,-35.75,10.5));
#16582 = VECTOR('',#16583,1.);
#16583 = DIRECTION('',(0.,-1.,0.));
#16584 = ORIENTED_EDGE('',*,*,#8233,.F.);
#16585 = PLANE('',#16586);
#16586 = AXIS2_PLACEMENT_3D('',#16587,#16588,#16589);
#16587 = CARTESIAN_POINT('',(-10.,-36.54999923706,10.5));
#16588 = DIRECTION('',(-0.,-0.,-1.));
#16589 = DIRECTION('',(-1.,0.,0.));
#16590 = ADVANCED_FACE('',(#16591),#16607,.T.);
#16591 = FACE_BOUND('',#16592,.T.);
#16592 = EDGE_LOOP('',(#16593,#16599,#16600,#16606));
#16593 = ORIENTED_EDGE('',*,*,#16594,.F.);
#16594 = EDGE_CURVE('',#11435,#8268,#16595,.T.);
#16595 = LINE('',#16596,#16597);
#16596 = CARTESIAN_POINT('',(-5.300000190735,-37.34999847412,10.5));
#16597 = VECTOR('',#16598,1.);
#16598 = DIRECTION('',(0.,1.,0.));
#16599 = ORIENTED_EDGE('',*,*,#11434,.F.);
#16600 = ORIENTED_EDGE('',*,*,#16601,.F.);
#16601 = EDGE_CURVE('',#8270,#11427,#16602,.T.);
#16602 = LINE('',#16603,#16604);
#16603 = CARTESIAN_POINT('',(-6.699999809265,-35.75,10.5));
#16604 = VECTOR('',#16605,1.);
#16605 = DIRECTION('',(0.,-1.,0.));
#16606 = ORIENTED_EDGE('',*,*,#8267,.F.);
#16607 = PLANE('',#16608);
#16608 = AXIS2_PLACEMENT_3D('',#16609,#16610,#16611);
#16609 = CARTESIAN_POINT('',(-6.,-36.54999923706,10.5));
#16610 = DIRECTION('',(-0.,-0.,-1.));
#16611 = DIRECTION('',(-1.,0.,0.));
#16612 = ADVANCED_FACE('',(#16613),#16629,.T.);
#16613 = FACE_BOUND('',#16614,.T.);
#16614 = EDGE_LOOP('',(#16615,#16621,#16622,#16628));
#16615 = ORIENTED_EDGE('',*,*,#16616,.F.);
#16616 = EDGE_CURVE('',#11299,#8132,#16617,.T.);
#16617 = LINE('',#16618,#16619);
#16618 = CARTESIAN_POINT('',(-1.299999952316,-37.34999847412,10.5));
#16619 = VECTOR('',#16620,1.);
#16620 = DIRECTION('',(0.,1.,0.));
#16621 = ORIENTED_EDGE('',*,*,#11298,.F.);
#16622 = ORIENTED_EDGE('',*,*,#16623,.F.);
#16623 = EDGE_CURVE('',#8134,#11291,#16624,.T.);
#16624 = LINE('',#16625,#16626);
#16625 = CARTESIAN_POINT('',(-2.700000047684,-35.75,10.5));
#16626 = VECTOR('',#16627,1.);
#16627 = DIRECTION('',(0.,-1.,0.));
#16628 = ORIENTED_EDGE('',*,*,#8131,.F.);
#16629 = PLANE('',#16630);
#16630 = AXIS2_PLACEMENT_3D('',#16631,#16632,#16633);
#16631 = CARTESIAN_POINT('',(-2.,-36.54999923706,10.5));
#16632 = DIRECTION('',(-0.,-0.,-1.));
#16633 = DIRECTION('',(-1.,0.,0.));
#16634 = ADVANCED_FACE('',(#16635),#16651,.T.);
#16635 = FACE_BOUND('',#16636,.T.);
#16636 = EDGE_LOOP('',(#16637,#16643,#16644,#16650));
#16637 = ORIENTED_EDGE('',*,*,#16638,.F.);
#16638 = EDGE_CURVE('',#11333,#8166,#16639,.T.);
#16639 = LINE('',#16640,#16641);
#16640 = CARTESIAN_POINT('',(2.700000047684,-37.34999847412,10.5));
#16641 = VECTOR('',#16642,1.);
#16642 = DIRECTION('',(0.,1.,0.));
#16643 = ORIENTED_EDGE('',*,*,#11332,.F.);
#16644 = ORIENTED_EDGE('',*,*,#16645,.F.);
#16645 = EDGE_CURVE('',#8168,#11325,#16646,.T.);
#16646 = LINE('',#16647,#16648);
#16647 = CARTESIAN_POINT('',(1.299999952316,-35.75,10.5));
#16648 = VECTOR('',#16649,1.);
#16649 = DIRECTION('',(0.,-1.,0.));
#16650 = ORIENTED_EDGE('',*,*,#8165,.F.);
#16651 = PLANE('',#16652);
#16652 = AXIS2_PLACEMENT_3D('',#16653,#16654,#16655);
#16653 = CARTESIAN_POINT('',(2.,-36.54999923706,10.5));
#16654 = DIRECTION('',(-0.,-0.,-1.));
#16655 = DIRECTION('',(-1.,0.,0.));
#16656 = ADVANCED_FACE('',(#16657),#16673,.T.);
#16657 = FACE_BOUND('',#16658,.T.);
#16658 = EDGE_LOOP('',(#16659,#16665,#16666,#16672));
#16659 = ORIENTED_EDGE('',*,*,#16660,.F.);
#16660 = EDGE_CURVE('',#11469,#8302,#16661,.T.);
#16661 = LINE('',#16662,#16663);
#16662 = CARTESIAN_POINT('',(6.699999809265,-37.34999847412,10.5));
#16663 = VECTOR('',#16664,1.);
#16664 = DIRECTION('',(0.,1.,0.));
#16665 = ORIENTED_EDGE('',*,*,#11468,.F.);
#16666 = ORIENTED_EDGE('',*,*,#16667,.F.);
#16667 = EDGE_CURVE('',#8304,#11461,#16668,.T.);
#16668 = LINE('',#16669,#16670);
#16669 = CARTESIAN_POINT('',(5.300000190735,-35.75,10.5));
#16670 = VECTOR('',#16671,1.);
#16671 = DIRECTION('',(0.,-1.,0.));
#16672 = ORIENTED_EDGE('',*,*,#8301,.F.);
#16673 = PLANE('',#16674);
#16674 = AXIS2_PLACEMENT_3D('',#16675,#16676,#16677);
#16675 = CARTESIAN_POINT('',(6.,-36.54999923706,10.5));
#16676 = DIRECTION('',(-0.,-0.,-1.));
#16677 = DIRECTION('',(-1.,0.,0.));
#16678 = ADVANCED_FACE('',(#16679),#16695,.T.);
#16679 = FACE_BOUND('',#16680,.T.);
#16680 = EDGE_LOOP('',(#16681,#16687,#16688,#16694));
#16681 = ORIENTED_EDGE('',*,*,#16682,.F.);
#16682 = EDGE_CURVE('',#11503,#8336,#16683,.T.);
#16683 = LINE('',#16684,#16685);
#16684 = CARTESIAN_POINT('',(10.699999809265,-37.34999847412,10.5));
#16685 = VECTOR('',#16686,1.);
#16686 = DIRECTION('',(0.,1.,0.));
#16687 = ORIENTED_EDGE('',*,*,#11502,.F.);
#16688 = ORIENTED_EDGE('',*,*,#16689,.F.);
#16689 = EDGE_CURVE('',#8338,#11495,#16690,.T.);
#16690 = LINE('',#16691,#16692);
#16691 = CARTESIAN_POINT('',(9.300000190735,-35.75,10.5));
#16692 = VECTOR('',#16693,1.);
#16693 = DIRECTION('',(0.,-1.,0.));
#16694 = ORIENTED_EDGE('',*,*,#8335,.F.);
#16695 = PLANE('',#16696);
#16696 = AXIS2_PLACEMENT_3D('',#16697,#16698,#16699);
#16697 = CARTESIAN_POINT('',(10.,-36.54999923706,10.5));
#16698 = DIRECTION('',(-0.,-0.,-1.));
#16699 = DIRECTION('',(-1.,0.,0.));
#16700 = ADVANCED_FACE('',(#16701),#16717,.T.);
#16701 = FACE_BOUND('',#16702,.T.);
#16702 = EDGE_LOOP('',(#16703,#16709,#16710,#16716));
#16703 = ORIENTED_EDGE('',*,*,#16704,.F.);
#16704 = EDGE_CURVE('',#11537,#8370,#16705,.T.);
#16705 = LINE('',#16706,#16707);
#16706 = CARTESIAN_POINT('',(14.699999809265,-37.34999847412,10.5));
#16707 = VECTOR('',#16708,1.);
#16708 = DIRECTION('',(0.,1.,0.));
#16709 = ORIENTED_EDGE('',*,*,#11536,.F.);
#16710 = ORIENTED_EDGE('',*,*,#16711,.F.);
#16711 = EDGE_CURVE('',#8372,#11529,#16712,.T.);
#16712 = LINE('',#16713,#16714);
#16713 = CARTESIAN_POINT('',(13.300000190735,-35.75,10.5));
#16714 = VECTOR('',#16715,1.);
#16715 = DIRECTION('',(0.,-1.,0.));
#16716 = ORIENTED_EDGE('',*,*,#8369,.F.);
#16717 = PLANE('',#16718);
#16718 = AXIS2_PLACEMENT_3D('',#16719,#16720,#16721);
#16719 = CARTESIAN_POINT('',(14.,-36.54999923706,10.5));
#16720 = DIRECTION('',(-0.,-0.,-1.));
#16721 = DIRECTION('',(-1.,0.,0.));
#16722 = ADVANCED_FACE('',(#16723),#16729,.T.);
#16723 = FACE_BOUND('',#16724,.T.);
#16724 = EDGE_LOOP('',(#16725,#16726,#16727,#16728));
#16725 = ORIENTED_EDGE('',*,*,#16458,.F.);
#16726 = ORIENTED_EDGE('',*,*,#1702,.F.);
#16727 = ORIENTED_EDGE('',*,*,#16495,.F.);
#16728 = ORIENTED_EDGE('',*,*,#10590,.F.);
#16729 = PLANE('',#16730);
#16730 = AXIS2_PLACEMENT_3D('',#16731,#16732,#16733);
#16731 = CARTESIAN_POINT('',(-22.,0.800000011921,10.5));
#16732 = DIRECTION('',(-0.,-0.,-1.));
#16733 = DIRECTION('',(-1.,0.,0.));
#16734 = ADVANCED_FACE('',(#16735),#16751,.T.);
#16735 = FACE_BOUND('',#16736,.T.);
#16736 = EDGE_LOOP('',(#16737,#16743,#16744,#16750));
#16737 = ORIENTED_EDGE('',*,*,#16738,.F.);
#16738 = EDGE_CURVE('',#1669,#10557,#16739,.T.);
#16739 = LINE('',#16740,#16741);
#16740 = CARTESIAN_POINT('',(-17.29999923706,0.,10.5));
#16741 = VECTOR('',#16742,1.);
#16742 = DIRECTION('',(0.,1.,0.));
#16743 = ORIENTED_EDGE('',*,*,#1668,.F.);
#16744 = ORIENTED_EDGE('',*,*,#16745,.F.);
#16745 = EDGE_CURVE('',#10559,#1661,#16746,.T.);
#16746 = LINE('',#16747,#16748);
#16747 = CARTESIAN_POINT('',(-18.70000076293,1.600000023842,10.5));
#16748 = VECTOR('',#16749,1.);
#16749 = DIRECTION('',(0.,-1.,0.));
#16750 = ORIENTED_EDGE('',*,*,#10556,.F.);
#16751 = PLANE('',#16752);
#16752 = AXIS2_PLACEMENT_3D('',#16753,#16754,#16755);
#16753 = CARTESIAN_POINT('',(-18.,0.800000011921,10.5));
#16754 = DIRECTION('',(-0.,-0.,-1.));
#16755 = DIRECTION('',(-1.,0.,0.));
#16756 = ADVANCED_FACE('',(#16757),#16773,.T.);
#16757 = FACE_BOUND('',#16758,.T.);
#16758 = EDGE_LOOP('',(#16759,#16765,#16766,#16772));
#16759 = ORIENTED_EDGE('',*,*,#16760,.F.);
#16760 = EDGE_CURVE('',#1805,#10659,#16761,.T.);
#16761 = LINE('',#16762,#16763);
#16762 = CARTESIAN_POINT('',(-13.30000019073,0.,10.5));
#16763 = VECTOR('',#16764,1.);
#16764 = DIRECTION('',(0.,1.,0.));
#16765 = ORIENTED_EDGE('',*,*,#1804,.F.);
#16766 = ORIENTED_EDGE('',*,*,#16767,.F.);
#16767 = EDGE_CURVE('',#10661,#1797,#16768,.T.);
#16768 = LINE('',#16769,#16770);
#16769 = CARTESIAN_POINT('',(-14.69999980926,1.600000023842,10.5));
#16770 = VECTOR('',#16771,1.);
#16771 = DIRECTION('',(0.,-1.,0.));
#16772 = ORIENTED_EDGE('',*,*,#10658,.F.);
#16773 = PLANE('',#16774);
#16774 = AXIS2_PLACEMENT_3D('',#16775,#16776,#16777);
#16775 = CARTESIAN_POINT('',(-14.,0.800000011921,10.5));
#16776 = DIRECTION('',(-0.,-0.,-1.));
#16777 = DIRECTION('',(-1.,0.,0.));
#16778 = ADVANCED_FACE('',(#16779),#16795,.T.);
#16779 = FACE_BOUND('',#16780,.T.);
#16780 = EDGE_LOOP('',(#16781,#16787,#16788,#16794));
#16781 = ORIENTED_EDGE('',*,*,#16782,.F.);
#16782 = EDGE_CURVE('',#1721,#10703,#16783,.T.);
#16783 = LINE('',#16784,#16785);
#16784 = CARTESIAN_POINT('',(10.699999809265,0.,10.5));
#16785 = VECTOR('',#16786,1.);
#16786 = DIRECTION('',(0.,1.,0.));
#16787 = ORIENTED_EDGE('',*,*,#1718,.F.);
#16788 = ORIENTED_EDGE('',*,*,#16789,.F.);
#16789 = EDGE_CURVE('',#10711,#1719,#16790,.T.);
#16790 = LINE('',#16791,#16792);
#16791 = CARTESIAN_POINT('',(9.300000190735,1.600000023842,10.5));
#16792 = VECTOR('',#16793,1.);
#16793 = DIRECTION('',(0.,-1.,0.));
#16794 = ORIENTED_EDGE('',*,*,#10710,.F.);
#16795 = PLANE('',#16796);
#16796 = AXIS2_PLACEMENT_3D('',#16797,#16798,#16799);
#16797 = CARTESIAN_POINT('',(10.,0.800000011921,10.5));
#16798 = DIRECTION('',(-0.,-0.,-1.));
#16799 = DIRECTION('',(-1.,0.,0.));
#16800 = ADVANCED_FACE('',(#16801),#16817,.T.);
#16801 = FACE_BOUND('',#16802,.T.);
#16802 = EDGE_LOOP('',(#16803,#16809,#16810,#16816));
#16803 = ORIENTED_EDGE('',*,*,#16804,.F.);
#16804 = EDGE_CURVE('',#1755,#10737,#16805,.T.);
#16805 = LINE('',#16806,#16807);
#16806 = CARTESIAN_POINT('',(14.699999809265,0.,10.5));
#16807 = VECTOR('',#16808,1.);
#16808 = DIRECTION('',(0.,1.,0.));
#16809 = ORIENTED_EDGE('',*,*,#1752,.F.);
#16810 = ORIENTED_EDGE('',*,*,#16811,.F.);
#16811 = EDGE_CURVE('',#10745,#1753,#16812,.T.);
#16812 = LINE('',#16813,#16814);
#16813 = CARTESIAN_POINT('',(13.300000190735,1.600000023842,10.5));
#16814 = VECTOR('',#16815,1.);
#16815 = DIRECTION('',(0.,-1.,0.));
#16816 = ORIENTED_EDGE('',*,*,#10744,.F.);
#16817 = PLANE('',#16818);
#16818 = AXIS2_PLACEMENT_3D('',#16819,#16820,#16821);
#16819 = CARTESIAN_POINT('',(14.,0.800000011921,10.5));
#16820 = DIRECTION('',(-0.,-0.,-1.));
#16821 = DIRECTION('',(-1.,0.,0.));
#16822 = ADVANCED_FACE('',(#16823),#16839,.T.);
#16823 = FACE_BOUND('',#16824,.T.);
#16824 = EDGE_LOOP('',(#16825,#16831,#16832,#16838));
#16825 = ORIENTED_EDGE('',*,*,#16826,.F.);
#16826 = EDGE_CURVE('',#1619,#10635,#16827,.T.);
#16827 = LINE('',#16828,#16829);
#16828 = CARTESIAN_POINT('',(18.700000762939,0.,10.5));
#16829 = VECTOR('',#16830,1.);
#16830 = DIRECTION('',(0.,1.,0.));
#16831 = ORIENTED_EDGE('',*,*,#1616,.F.);
#16832 = ORIENTED_EDGE('',*,*,#16833,.F.);
#16833 = EDGE_CURVE('',#10643,#1617,#16834,.T.);
#16834 = LINE('',#16835,#16836);
#16835 = CARTESIAN_POINT('',(17.299999237061,1.600000023842,10.5));
#16836 = VECTOR('',#16837,1.);
#16837 = DIRECTION('',(0.,-1.,0.));
#16838 = ORIENTED_EDGE('',*,*,#10642,.F.);
#16839 = PLANE('',#16840);
#16840 = AXIS2_PLACEMENT_3D('',#16841,#16842,#16843);
#16841 = CARTESIAN_POINT('',(18.,0.800000011921,10.5));
#16842 = DIRECTION('',(-0.,-0.,-1.));
#16843 = DIRECTION('',(-1.,0.,0.));
#16844 = ADVANCED_FACE('',(#16845),#16851,.T.);
#16845 = FACE_BOUND('',#16846,.T.);
#16846 = EDGE_LOOP('',(#16847,#16848,#16849,#16850));
#16847 = ORIENTED_EDGE('',*,*,#16429,.F.);
#16848 = ORIENTED_EDGE('',*,*,#8073,.F.);
#16849 = ORIENTED_EDGE('',*,*,#16480,.F.);
#16850 = ORIENTED_EDGE('',*,*,#11212,.F.);
#16851 = PLANE('',#16852);
#16852 = AXIS2_PLACEMENT_3D('',#16853,#16854,#16855);
#16853 = CARTESIAN_POINT('',(-22.,-36.54999923706,6.));
#16854 = DIRECTION('',(0.,0.,1.));
#16855 = DIRECTION('',(1.,0.,-0.));
#16856 = ADVANCED_FACE('',(#16857),#16873,.T.);
#16857 = FACE_BOUND('',#16858,.T.);
#16858 = EDGE_LOOP('',(#16859,#16865,#16866,#16872));
#16859 = ORIENTED_EDGE('',*,*,#16860,.F.);
#16860 = EDGE_CURVE('',#8116,#11247,#16861,.T.);
#16861 = LINE('',#16862,#16863);
#16862 = CARTESIAN_POINT('',(-17.29999923706,-35.75,6.));
#16863 = VECTOR('',#16864,1.);
#16864 = DIRECTION('',(0.,-1.,0.));
#16865 = ORIENTED_EDGE('',*,*,#8115,.F.);
#16866 = ORIENTED_EDGE('',*,*,#16867,.F.);
#16867 = EDGE_CURVE('',#11249,#8108,#16868,.T.);
#16868 = LINE('',#16869,#16870);
#16869 = CARTESIAN_POINT('',(-18.70000076293,-37.34999847412,6.));
#16870 = VECTOR('',#16871,1.);
#16871 = DIRECTION('',(0.,1.,0.));
#16872 = ORIENTED_EDGE('',*,*,#11246,.F.);
#16873 = PLANE('',#16874);
#16874 = AXIS2_PLACEMENT_3D('',#16875,#16876,#16877);
#16875 = CARTESIAN_POINT('',(-18.,-36.54999923706,6.));
#16876 = DIRECTION('',(0.,0.,1.));
#16877 = DIRECTION('',(1.,0.,-0.));
#16878 = ADVANCED_FACE('',(#16879),#16895,.T.);
#16879 = FACE_BOUND('',#16880,.T.);
#16880 = EDGE_LOOP('',(#16881,#16887,#16888,#16894));
#16881 = ORIENTED_EDGE('',*,*,#16882,.F.);
#16882 = EDGE_CURVE('',#8218,#11349,#16883,.T.);
#16883 = LINE('',#16884,#16885);
#16884 = CARTESIAN_POINT('',(-13.30000019073,-35.75,6.));
#16885 = VECTOR('',#16886,1.);
#16886 = DIRECTION('',(0.,-1.,0.));
#16887 = ORIENTED_EDGE('',*,*,#8217,.F.);
#16888 = ORIENTED_EDGE('',*,*,#16889,.F.);
#16889 = EDGE_CURVE('',#11351,#8210,#16890,.T.);
#16890 = LINE('',#16891,#16892);
#16891 = CARTESIAN_POINT('',(-14.69999980926,-37.34999847412,6.));
#16892 = VECTOR('',#16893,1.);
#16893 = DIRECTION('',(0.,1.,0.));
#16894 = ORIENTED_EDGE('',*,*,#11348,.F.);
#16895 = PLANE('',#16896);
#16896 = AXIS2_PLACEMENT_3D('',#16897,#16898,#16899);
#16897 = CARTESIAN_POINT('',(-14.,-36.54999923706,6.));
#16898 = DIRECTION('',(0.,0.,1.));
#16899 = DIRECTION('',(1.,0.,-0.));
#16900 = ADVANCED_FACE('',(#16901),#16917,.T.);
#16901 = FACE_BOUND('',#16902,.T.);
#16902 = EDGE_LOOP('',(#16903,#16909,#16910,#16916));
#16903 = ORIENTED_EDGE('',*,*,#16904,.F.);
#16904 = EDGE_CURVE('',#8252,#11383,#16905,.T.);
#16905 = LINE('',#16906,#16907);
#16906 = CARTESIAN_POINT('',(-9.300000190735,-35.75,6.));
#16907 = VECTOR('',#16908,1.);
#16908 = DIRECTION('',(0.,-1.,0.));
#16909 = ORIENTED_EDGE('',*,*,#8251,.F.);
#16910 = ORIENTED_EDGE('',*,*,#16911,.F.);
#16911 = EDGE_CURVE('',#11385,#8244,#16912,.T.);
#16912 = LINE('',#16913,#16914);
#16913 = CARTESIAN_POINT('',(-10.69999980926,-37.34999847412,6.));
#16914 = VECTOR('',#16915,1.);
#16915 = DIRECTION('',(0.,1.,0.));
#16916 = ORIENTED_EDGE('',*,*,#11382,.F.);
#16917 = PLANE('',#16918);
#16918 = AXIS2_PLACEMENT_3D('',#16919,#16920,#16921);
#16919 = CARTESIAN_POINT('',(-10.,-36.54999923706,6.));
#16920 = DIRECTION('',(0.,0.,1.));
#16921 = DIRECTION('',(1.,0.,-0.));
#16922 = ADVANCED_FACE('',(#16923),#16939,.T.);
#16923 = FACE_BOUND('',#16924,.T.);
#16924 = EDGE_LOOP('',(#16925,#16931,#16932,#16938));
#16925 = ORIENTED_EDGE('',*,*,#16926,.F.);
#16926 = EDGE_CURVE('',#8286,#11417,#16927,.T.);
#16927 = LINE('',#16928,#16929);
#16928 = CARTESIAN_POINT('',(-5.300000190735,-35.75,6.));
#16929 = VECTOR('',#16930,1.);
#16930 = DIRECTION('',(0.,-1.,0.));
#16931 = ORIENTED_EDGE('',*,*,#8285,.F.);
#16932 = ORIENTED_EDGE('',*,*,#16933,.F.);
#16933 = EDGE_CURVE('',#11419,#8278,#16934,.T.);
#16934 = LINE('',#16935,#16936);
#16935 = CARTESIAN_POINT('',(-6.699999809265,-37.34999847412,6.));
#16936 = VECTOR('',#16937,1.);
#16937 = DIRECTION('',(0.,1.,0.));
#16938 = ORIENTED_EDGE('',*,*,#11416,.F.);
#16939 = PLANE('',#16940);
#16940 = AXIS2_PLACEMENT_3D('',#16941,#16942,#16943);
#16941 = CARTESIAN_POINT('',(-6.,-36.54999923706,6.));
#16942 = DIRECTION('',(0.,0.,1.));
#16943 = DIRECTION('',(1.,0.,-0.));
#16944 = ADVANCED_FACE('',(#16945),#16961,.T.);
#16945 = FACE_BOUND('',#16946,.T.);
#16946 = EDGE_LOOP('',(#16947,#16953,#16954,#16960));
#16947 = ORIENTED_EDGE('',*,*,#16948,.F.);
#16948 = EDGE_CURVE('',#8150,#11281,#16949,.T.);
#16949 = LINE('',#16950,#16951);
#16950 = CARTESIAN_POINT('',(-1.299999952316,-35.75,6.));
#16951 = VECTOR('',#16952,1.);
#16952 = DIRECTION('',(0.,-1.,0.));
#16953 = ORIENTED_EDGE('',*,*,#8149,.F.);
#16954 = ORIENTED_EDGE('',*,*,#16955,.F.);
#16955 = EDGE_CURVE('',#11283,#8142,#16956,.T.);
#16956 = LINE('',#16957,#16958);
#16957 = CARTESIAN_POINT('',(-2.700000047684,-37.34999847412,6.));
#16958 = VECTOR('',#16959,1.);
#16959 = DIRECTION('',(0.,1.,0.));
#16960 = ORIENTED_EDGE('',*,*,#11280,.F.);
#16961 = PLANE('',#16962);
#16962 = AXIS2_PLACEMENT_3D('',#16963,#16964,#16965);
#16963 = CARTESIAN_POINT('',(-2.,-36.54999923706,6.));
#16964 = DIRECTION('',(0.,0.,1.));
#16965 = DIRECTION('',(1.,0.,-0.));
#16966 = ADVANCED_FACE('',(#16967),#16983,.T.);
#16967 = FACE_BOUND('',#16968,.T.);
#16968 = EDGE_LOOP('',(#16969,#16975,#16976,#16982));
#16969 = ORIENTED_EDGE('',*,*,#16970,.F.);
#16970 = EDGE_CURVE('',#8184,#11315,#16971,.T.);
#16971 = LINE('',#16972,#16973);
#16972 = CARTESIAN_POINT('',(2.700000047684,-35.75,6.));
#16973 = VECTOR('',#16974,1.);
#16974 = DIRECTION('',(0.,-1.,0.));
#16975 = ORIENTED_EDGE('',*,*,#8183,.F.);
#16976 = ORIENTED_EDGE('',*,*,#16977,.F.);
#16977 = EDGE_CURVE('',#11317,#8176,#16978,.T.);
#16978 = LINE('',#16979,#16980);
#16979 = CARTESIAN_POINT('',(1.299999952316,-37.34999847412,6.));
#16980 = VECTOR('',#16981,1.);
#16981 = DIRECTION('',(0.,1.,0.));
#16982 = ORIENTED_EDGE('',*,*,#11314,.F.);
#16983 = PLANE('',#16984);
#16984 = AXIS2_PLACEMENT_3D('',#16985,#16986,#16987);
#16985 = CARTESIAN_POINT('',(2.,-36.54999923706,6.));
#16986 = DIRECTION('',(0.,0.,1.));
#16987 = DIRECTION('',(1.,0.,-0.));
#16988 = ADVANCED_FACE('',(#16989),#17005,.T.);
#16989 = FACE_BOUND('',#16990,.T.);
#16990 = EDGE_LOOP('',(#16991,#16997,#16998,#17004));
#16991 = ORIENTED_EDGE('',*,*,#16992,.F.);
#16992 = EDGE_CURVE('',#8320,#11451,#16993,.T.);
#16993 = LINE('',#16994,#16995);
#16994 = CARTESIAN_POINT('',(6.699999809265,-35.75,6.));
#16995 = VECTOR('',#16996,1.);
#16996 = DIRECTION('',(0.,-1.,0.));
#16997 = ORIENTED_EDGE('',*,*,#8319,.F.);
#16998 = ORIENTED_EDGE('',*,*,#16999,.F.);
#16999 = EDGE_CURVE('',#11453,#8312,#17000,.T.);
#17000 = LINE('',#17001,#17002);
#17001 = CARTESIAN_POINT('',(5.300000190735,-37.34999847412,6.));
#17002 = VECTOR('',#17003,1.);
#17003 = DIRECTION('',(0.,1.,0.));
#17004 = ORIENTED_EDGE('',*,*,#11450,.F.);
#17005 = PLANE('',#17006);
#17006 = AXIS2_PLACEMENT_3D('',#17007,#17008,#17009);
#17007 = CARTESIAN_POINT('',(6.,-36.54999923706,6.));
#17008 = DIRECTION('',(0.,0.,1.));
#17009 = DIRECTION('',(1.,0.,-0.));
#17010 = ADVANCED_FACE('',(#17011),#17027,.T.);
#17011 = FACE_BOUND('',#17012,.T.);
#17012 = EDGE_LOOP('',(#17013,#17019,#17020,#17026));
#17013 = ORIENTED_EDGE('',*,*,#17014,.F.);
#17014 = EDGE_CURVE('',#8354,#11485,#17015,.T.);
#17015 = LINE('',#17016,#17017);
#17016 = CARTESIAN_POINT('',(10.699999809265,-35.75,6.));
#17017 = VECTOR('',#17018,1.);
#17018 = DIRECTION('',(0.,-1.,0.));
#17019 = ORIENTED_EDGE('',*,*,#8353,.F.);
#17020 = ORIENTED_EDGE('',*,*,#17021,.F.);
#17021 = EDGE_CURVE('',#11487,#8346,#17022,.T.);
#17022 = LINE('',#17023,#17024);
#17023 = CARTESIAN_POINT('',(9.300000190735,-37.34999847412,6.));
#17024 = VECTOR('',#17025,1.);
#17025 = DIRECTION('',(0.,1.,0.));
#17026 = ORIENTED_EDGE('',*,*,#11484,.F.);
#17027 = PLANE('',#17028);
#17028 = AXIS2_PLACEMENT_3D('',#17029,#17030,#17031);
#17029 = CARTESIAN_POINT('',(10.,-36.54999923706,6.));
#17030 = DIRECTION('',(0.,0.,1.));
#17031 = DIRECTION('',(1.,0.,-0.));
#17032 = ADVANCED_FACE('',(#17033),#17049,.T.);
#17033 = FACE_BOUND('',#17034,.T.);
#17034 = EDGE_LOOP('',(#17035,#17041,#17042,#17048));
#17035 = ORIENTED_EDGE('',*,*,#17036,.F.);
#17036 = EDGE_CURVE('',#8388,#11519,#17037,.T.);
#17037 = LINE('',#17038,#17039);
#17038 = CARTESIAN_POINT('',(14.699999809265,-35.75,6.));
#17039 = VECTOR('',#17040,1.);
#17040 = DIRECTION('',(0.,-1.,0.));
#17041 = ORIENTED_EDGE('',*,*,#8387,.F.);
#17042 = ORIENTED_EDGE('',*,*,#17043,.F.);
#17043 = EDGE_CURVE('',#11521,#8380,#17044,.T.);
#17044 = LINE('',#17045,#17046);
#17045 = CARTESIAN_POINT('',(13.300000190735,-37.34999847412,6.));
#17046 = VECTOR('',#17047,1.);
#17047 = DIRECTION('',(0.,1.,0.));
#17048 = ORIENTED_EDGE('',*,*,#11518,.F.);
#17049 = PLANE('',#17050);
#17050 = AXIS2_PLACEMENT_3D('',#17051,#17052,#17053);
#17051 = CARTESIAN_POINT('',(14.,-36.54999923706,6.));
#17052 = DIRECTION('',(0.,0.,1.));
#17053 = DIRECTION('',(1.,0.,-0.));
#17054 = ADVANCED_FACE('',(#17055),#17061,.T.);
#17055 = FACE_BOUND('',#17056,.T.);
#17056 = EDGE_LOOP('',(#17057,#17058,#17059,#17060));
#17057 = ORIENTED_EDGE('',*,*,#16451,.F.);
#17058 = ORIENTED_EDGE('',*,*,#10608,.F.);
#17059 = ORIENTED_EDGE('',*,*,#16502,.F.);
#17060 = ORIENTED_EDGE('',*,*,#1684,.F.);
#17061 = PLANE('',#17062);
#17062 = AXIS2_PLACEMENT_3D('',#17063,#17064,#17065);
#17063 = CARTESIAN_POINT('',(-22.,0.800000011921,6.));
#17064 = DIRECTION('',(0.,0.,1.));
#17065 = DIRECTION('',(1.,0.,-0.));
#17066 = ADVANCED_FACE('',(#17067),#17083,.T.);
#17067 = FACE_BOUND('',#17068,.T.);
#17068 = EDGE_LOOP('',(#17069,#17075,#17076,#17082));
#17069 = ORIENTED_EDGE('',*,*,#17070,.F.);
#17070 = EDGE_CURVE('',#10575,#1651,#17071,.T.);
#17071 = LINE('',#17072,#17073);
#17072 = CARTESIAN_POINT('',(-17.29999923706,1.600000023842,6.));
#17073 = VECTOR('',#17074,1.);
#17074 = DIRECTION('',(0.,-1.,0.));
#17075 = ORIENTED_EDGE('',*,*,#10574,.F.);
#17076 = ORIENTED_EDGE('',*,*,#17077,.F.);
#17077 = EDGE_CURVE('',#1653,#10567,#17078,.T.);
#17078 = LINE('',#17079,#17080);
#17079 = CARTESIAN_POINT('',(-18.70000076293,0.,6.));
#17080 = VECTOR('',#17081,1.);
#17081 = DIRECTION('',(0.,1.,0.));
#17082 = ORIENTED_EDGE('',*,*,#1650,.F.);
#17083 = PLANE('',#17084);
#17084 = AXIS2_PLACEMENT_3D('',#17085,#17086,#17087);
#17085 = CARTESIAN_POINT('',(-18.,0.800000011921,6.));
#17086 = DIRECTION('',(0.,0.,1.));
#17087 = DIRECTION('',(1.,0.,-0.));
#17088 = ADVANCED_FACE('',(#17089),#17105,.T.);
#17089 = FACE_BOUND('',#17090,.T.);
#17090 = EDGE_LOOP('',(#17091,#17097,#17098,#17104));
#17091 = ORIENTED_EDGE('',*,*,#17092,.F.);
#17092 = EDGE_CURVE('',#10677,#1787,#17093,.T.);
#17093 = LINE('',#17094,#17095);
#17094 = CARTESIAN_POINT('',(-13.30000019073,1.600000023842,6.));
#17095 = VECTOR('',#17096,1.);
#17096 = DIRECTION('',(0.,-1.,0.));
#17097 = ORIENTED_EDGE('',*,*,#10676,.F.);
#17098 = ORIENTED_EDGE('',*,*,#17099,.F.);
#17099 = EDGE_CURVE('',#1789,#10669,#17100,.T.);
#17100 = LINE('',#17101,#17102);
#17101 = CARTESIAN_POINT('',(-14.69999980926,0.,6.));
#17102 = VECTOR('',#17103,1.);
#17103 = DIRECTION('',(0.,1.,0.));
#17104 = ORIENTED_EDGE('',*,*,#1786,.F.);
#17105 = PLANE('',#17106);
#17106 = AXIS2_PLACEMENT_3D('',#17107,#17108,#17109);
#17107 = CARTESIAN_POINT('',(-14.,0.800000011921,6.));
#17108 = DIRECTION('',(0.,0.,1.));
#17109 = DIRECTION('',(1.,0.,-0.));
#17110 = ADVANCED_FACE('',(#17111),#17127,.T.);
#17111 = FACE_BOUND('',#17112,.T.);
#17112 = EDGE_LOOP('',(#17113,#17119,#17120,#17126));
#17113 = ORIENTED_EDGE('',*,*,#17114,.F.);
#17114 = EDGE_CURVE('',#10695,#1729,#17115,.T.);
#17115 = LINE('',#17116,#17117);
#17116 = CARTESIAN_POINT('',(10.699999809265,1.600000023842,6.));
#17117 = VECTOR('',#17118,1.);
#17118 = DIRECTION('',(0.,-1.,0.));
#17119 = ORIENTED_EDGE('',*,*,#10692,.F.);
#17120 = ORIENTED_EDGE('',*,*,#17121,.F.);
#17121 = EDGE_CURVE('',#1737,#10693,#17122,.T.);
#17122 = LINE('',#17123,#17124);
#17123 = CARTESIAN_POINT('',(9.300000190735,0.,6.));
#17124 = VECTOR('',#17125,1.);
#17125 = DIRECTION('',(0.,1.,0.));
#17126 = ORIENTED_EDGE('',*,*,#1736,.F.);
#17127 = PLANE('',#17128);
#17128 = AXIS2_PLACEMENT_3D('',#17129,#17130,#17131);
#17129 = CARTESIAN_POINT('',(10.,0.800000011921,6.));
#17130 = DIRECTION('',(0.,0.,1.));
#17131 = DIRECTION('',(1.,0.,-0.));
#17132 = ADVANCED_FACE('',(#17133),#17149,.T.);
#17133 = FACE_BOUND('',#17134,.T.);
#17134 = EDGE_LOOP('',(#17135,#17141,#17142,#17148));
#17135 = ORIENTED_EDGE('',*,*,#17136,.F.);
#17136 = EDGE_CURVE('',#10729,#1763,#17137,.T.);
#17137 = LINE('',#17138,#17139);
#17138 = CARTESIAN_POINT('',(14.699999809265,1.600000023842,6.));
#17139 = VECTOR('',#17140,1.);
#17140 = DIRECTION('',(0.,-1.,0.));
#17141 = ORIENTED_EDGE('',*,*,#10726,.F.);
#17142 = ORIENTED_EDGE('',*,*,#17143,.F.);
#17143 = EDGE_CURVE('',#1771,#10727,#17144,.T.);
#17144 = LINE('',#17145,#17146);
#17145 = CARTESIAN_POINT('',(13.300000190735,0.,6.));
#17146 = VECTOR('',#17147,1.);
#17147 = DIRECTION('',(0.,1.,0.));
#17148 = ORIENTED_EDGE('',*,*,#1770,.F.);
#17149 = PLANE('',#17150);
#17150 = AXIS2_PLACEMENT_3D('',#17151,#17152,#17153);
#17151 = CARTESIAN_POINT('',(14.,0.800000011921,6.));
#17152 = DIRECTION('',(0.,0.,1.));
#17153 = DIRECTION('',(1.,0.,-0.));
#17154 = ADVANCED_FACE('',(#17155),#17171,.T.);
#17155 = FACE_BOUND('',#17156,.T.);
#17156 = EDGE_LOOP('',(#17157,#17163,#17164,#17170));
#17157 = ORIENTED_EDGE('',*,*,#17158,.F.);
#17158 = EDGE_CURVE('',#10627,#1627,#17159,.T.);
#17159 = LINE('',#17160,#17161);
#17160 = CARTESIAN_POINT('',(18.700000762939,1.600000023842,6.));
#17161 = VECTOR('',#17162,1.);
#17162 = DIRECTION('',(0.,-1.,0.));
#17163 = ORIENTED_EDGE('',*,*,#10624,.F.);
#17164 = ORIENTED_EDGE('',*,*,#17165,.F.);
#17165 = EDGE_CURVE('',#1635,#10625,#17166,.T.);
#17166 = LINE('',#17167,#17168);
#17167 = CARTESIAN_POINT('',(17.299999237061,0.,6.));
#17168 = VECTOR('',#17169,1.);
#17169 = DIRECTION('',(0.,1.,0.));
#17170 = ORIENTED_EDGE('',*,*,#1634,.F.);
#17171 = PLANE('',#17172);
#17172 = AXIS2_PLACEMENT_3D('',#17173,#17174,#17175);
#17173 = CARTESIAN_POINT('',(18.,0.800000011921,6.));
#17174 = DIRECTION('',(0.,0.,1.));
#17175 = DIRECTION('',(1.,0.,-0.));
#17176 = ADVANCED_FACE('',(#17177),#17183,.T.);
#17177 = FACE_BOUND('',#17178,.T.);
#17178 = EDGE_LOOP('',(#17179,#17180,#17181,#17182));
#17179 = ORIENTED_EDGE('',*,*,#8123,.F.);
#17180 = ORIENTED_EDGE('',*,*,#16860,.T.);
#17181 = ORIENTED_EDGE('',*,*,#11272,.F.);
#17182 = ORIENTED_EDGE('',*,*,#16528,.T.);
#17183 = PLANE('',#17184);
#17184 = AXIS2_PLACEMENT_3D('',#17185,#17186,#17187);
#17185 = CARTESIAN_POINT('',(-17.29999923706,-36.54999923706,8.25));
#17186 = DIRECTION('',(-1.,-0.,-0.));
#17187 = DIRECTION('',(0.,0.,-1.));
#17188 = ADVANCED_FACE('',(#17189),#17195,.T.);
#17189 = FACE_BOUND('',#17190,.T.);
#17190 = EDGE_LOOP('',(#17191,#17192,#17193,#17194));
#17191 = ORIENTED_EDGE('',*,*,#10582,.F.);
#17192 = ORIENTED_EDGE('',*,*,#17070,.T.);
#17193 = ORIENTED_EDGE('',*,*,#1676,.F.);
#17194 = ORIENTED_EDGE('',*,*,#16738,.T.);
#17195 = PLANE('',#17196);
#17196 = AXIS2_PLACEMENT_3D('',#17197,#17198,#17199);
#17197 = CARTESIAN_POINT('',(-17.29999923706,0.800000011921,8.25));
#17198 = DIRECTION('',(-1.,-0.,-0.));
#17199 = DIRECTION('',(0.,0.,-1.));
#17200 = ADVANCED_FACE('',(#17201),#17207,.T.);
#17201 = FACE_BOUND('',#17202,.T.);
#17202 = EDGE_LOOP('',(#17203,#17204,#17205,#17206));
#17203 = ORIENTED_EDGE('',*,*,#8107,.F.);
#17204 = ORIENTED_EDGE('',*,*,#16535,.T.);
#17205 = ORIENTED_EDGE('',*,*,#11256,.F.);
#17206 = ORIENTED_EDGE('',*,*,#16867,.T.);
#17207 = PLANE('',#17208);
#17208 = AXIS2_PLACEMENT_3D('',#17209,#17210,#17211);
#17209 = CARTESIAN_POINT('',(-18.70000076293,-36.54999923706,8.25));
#17210 = DIRECTION('',(1.,0.,0.));
#17211 = DIRECTION('',(-0.,0.,1.));
#17212 = ADVANCED_FACE('',(#17213),#17219,.T.);
#17213 = FACE_BOUND('',#17214,.T.);
#17214 = EDGE_LOOP('',(#17215,#17216,#17217,#17218));
#17215 = ORIENTED_EDGE('',*,*,#10566,.F.);
#17216 = ORIENTED_EDGE('',*,*,#16745,.T.);
#17217 = ORIENTED_EDGE('',*,*,#1660,.F.);
#17218 = ORIENTED_EDGE('',*,*,#17077,.T.);
#17219 = PLANE('',#17220);
#17220 = AXIS2_PLACEMENT_3D('',#17221,#17222,#17223);
#17221 = CARTESIAN_POINT('',(-18.70000076293,0.800000011921,8.25));
#17222 = DIRECTION('',(1.,0.,0.));
#17223 = DIRECTION('',(-0.,0.,1.));
#17224 = ADVANCED_FACE('',(#17225),#17231,.T.);
#17225 = FACE_BOUND('',#17226,.T.);
#17226 = EDGE_LOOP('',(#17227,#17228,#17229,#17230));
#17227 = ORIENTED_EDGE('',*,*,#8225,.F.);
#17228 = ORIENTED_EDGE('',*,*,#16882,.T.);
#17229 = ORIENTED_EDGE('',*,*,#11374,.F.);
#17230 = ORIENTED_EDGE('',*,*,#16550,.T.);
#17231 = PLANE('',#17232);
#17232 = AXIS2_PLACEMENT_3D('',#17233,#17234,#17235);
#17233 = CARTESIAN_POINT('',(-13.30000019073,-36.54999923706,8.25));
#17234 = DIRECTION('',(-1.,-0.,-0.));
#17235 = DIRECTION('',(0.,0.,-1.));
#17236 = ADVANCED_FACE('',(#17237),#17243,.T.);
#17237 = FACE_BOUND('',#17238,.T.);
#17238 = EDGE_LOOP('',(#17239,#17240,#17241,#17242));
#17239 = ORIENTED_EDGE('',*,*,#10684,.F.);
#17240 = ORIENTED_EDGE('',*,*,#17092,.T.);
#17241 = ORIENTED_EDGE('',*,*,#1812,.F.);
#17242 = ORIENTED_EDGE('',*,*,#16760,.T.);
#17243 = PLANE('',#17244);
#17244 = AXIS2_PLACEMENT_3D('',#17245,#17246,#17247);
#17245 = CARTESIAN_POINT('',(-13.30000019073,0.800000011921,8.25));
#17246 = DIRECTION('',(-1.,-0.,-0.));
#17247 = DIRECTION('',(0.,0.,-1.));
#17248 = ADVANCED_FACE('',(#17249),#17255,.T.);
#17249 = FACE_BOUND('',#17250,.T.);
#17250 = EDGE_LOOP('',(#17251,#17252,#17253,#17254));
#17251 = ORIENTED_EDGE('',*,*,#8209,.F.);
#17252 = ORIENTED_EDGE('',*,*,#16557,.T.);
#17253 = ORIENTED_EDGE('',*,*,#11358,.F.);
#17254 = ORIENTED_EDGE('',*,*,#16889,.T.);
#17255 = PLANE('',#17256);
#17256 = AXIS2_PLACEMENT_3D('',#17257,#17258,#17259);
#17257 = CARTESIAN_POINT('',(-14.69999980926,-36.54999923706,8.25));
#17258 = DIRECTION('',(1.,0.,0.));
#17259 = DIRECTION('',(-0.,0.,1.));
#17260 = ADVANCED_FACE('',(#17261),#17267,.T.);
#17261 = FACE_BOUND('',#17262,.T.);
#17262 = EDGE_LOOP('',(#17263,#17264,#17265,#17266));
#17263 = ORIENTED_EDGE('',*,*,#10668,.F.);
#17264 = ORIENTED_EDGE('',*,*,#16767,.T.);
#17265 = ORIENTED_EDGE('',*,*,#1796,.F.);
#17266 = ORIENTED_EDGE('',*,*,#17099,.T.);
#17267 = PLANE('',#17268);
#17268 = AXIS2_PLACEMENT_3D('',#17269,#17270,#17271);
#17269 = CARTESIAN_POINT('',(-14.69999980926,0.800000011921,8.25));
#17270 = DIRECTION('',(1.,0.,0.));
#17271 = DIRECTION('',(-0.,0.,1.));
#17272 = ADVANCED_FACE('',(#17273),#17279,.T.);
#17273 = FACE_BOUND('',#17274,.T.);
#17274 = EDGE_LOOP('',(#17275,#17276,#17277,#17278));
#17275 = ORIENTED_EDGE('',*,*,#8259,.F.);
#17276 = ORIENTED_EDGE('',*,*,#16904,.T.);
#17277 = ORIENTED_EDGE('',*,*,#11408,.F.);
#17278 = ORIENTED_EDGE('',*,*,#16572,.T.);
#17279 = PLANE('',#17280);
#17280 = AXIS2_PLACEMENT_3D('',#17281,#17282,#17283);
#17281 = CARTESIAN_POINT('',(-9.300000190735,-36.54999923706,8.25));
#17282 = DIRECTION('',(-1.,-0.,-0.));
#17283 = DIRECTION('',(0.,0.,-1.));
#17284 = ADVANCED_FACE('',(#17285),#17291,.T.);
#17285 = FACE_BOUND('',#17286,.T.);
#17286 = EDGE_LOOP('',(#17287,#17288,#17289,#17290));
#17287 = ORIENTED_EDGE('',*,*,#8243,.F.);
#17288 = ORIENTED_EDGE('',*,*,#16579,.T.);
#17289 = ORIENTED_EDGE('',*,*,#11392,.F.);
#17290 = ORIENTED_EDGE('',*,*,#16911,.T.);
#17291 = PLANE('',#17292);
#17292 = AXIS2_PLACEMENT_3D('',#17293,#17294,#17295);
#17293 = CARTESIAN_POINT('',(-10.69999980926,-36.54999923706,8.25));
#17294 = DIRECTION('',(1.,0.,0.));
#17295 = DIRECTION('',(-0.,0.,1.));
#17296 = ADVANCED_FACE('',(#17297),#17303,.T.);
#17297 = FACE_BOUND('',#17298,.T.);
#17298 = EDGE_LOOP('',(#17299,#17300,#17301,#17302));
#17299 = ORIENTED_EDGE('',*,*,#8293,.F.);
#17300 = ORIENTED_EDGE('',*,*,#16926,.T.);
#17301 = ORIENTED_EDGE('',*,*,#11442,.F.);
#17302 = ORIENTED_EDGE('',*,*,#16594,.T.);
#17303 = PLANE('',#17304);
#17304 = AXIS2_PLACEMENT_3D('',#17305,#17306,#17307);
#17305 = CARTESIAN_POINT('',(-5.300000190735,-36.54999923706,8.25));
#17306 = DIRECTION('',(-1.,-0.,-0.));
#17307 = DIRECTION('',(0.,0.,-1.));
#17308 = ADVANCED_FACE('',(#17309),#17315,.T.);
#17309 = FACE_BOUND('',#17310,.T.);
#17310 = EDGE_LOOP('',(#17311,#17312,#17313,#17314));
#17311 = ORIENTED_EDGE('',*,*,#8277,.F.);
#17312 = ORIENTED_EDGE('',*,*,#16601,.T.);
#17313 = ORIENTED_EDGE('',*,*,#11426,.F.);
#17314 = ORIENTED_EDGE('',*,*,#16933,.T.);
#17315 = PLANE('',#17316);
#17316 = AXIS2_PLACEMENT_3D('',#17317,#17318,#17319);
#17317 = CARTESIAN_POINT('',(-6.699999809265,-36.54999923706,8.25));
#17318 = DIRECTION('',(1.,0.,0.));
#17319 = DIRECTION('',(-0.,0.,1.));
#17320 = ADVANCED_FACE('',(#17321),#17327,.T.);
#17321 = FACE_BOUND('',#17322,.T.);
#17322 = EDGE_LOOP('',(#17323,#17324,#17325,#17326));
#17323 = ORIENTED_EDGE('',*,*,#8157,.F.);
#17324 = ORIENTED_EDGE('',*,*,#16948,.T.);
#17325 = ORIENTED_EDGE('',*,*,#11306,.F.);
#17326 = ORIENTED_EDGE('',*,*,#16616,.T.);
#17327 = PLANE('',#17328);
#17328 = AXIS2_PLACEMENT_3D('',#17329,#17330,#17331);
#17329 = CARTESIAN_POINT('',(-1.299999952316,-36.54999923706,8.25));
#17330 = DIRECTION('',(-1.,-0.,-0.));
#17331 = DIRECTION('',(0.,0.,-1.));
#17332 = ADVANCED_FACE('',(#17333),#17339,.T.);
#17333 = FACE_BOUND('',#17334,.T.);
#17334 = EDGE_LOOP('',(#17335,#17336,#17337,#17338));
#17335 = ORIENTED_EDGE('',*,*,#8141,.F.);
#17336 = ORIENTED_EDGE('',*,*,#16623,.T.);
#17337 = ORIENTED_EDGE('',*,*,#11290,.F.);
#17338 = ORIENTED_EDGE('',*,*,#16955,.T.);
#17339 = PLANE('',#17340);
#17340 = AXIS2_PLACEMENT_3D('',#17341,#17342,#17343);
#17341 = CARTESIAN_POINT('',(-2.700000047684,-36.54999923706,8.25));
#17342 = DIRECTION('',(1.,0.,0.));
#17343 = DIRECTION('',(-0.,0.,1.));
#17344 = ADVANCED_FACE('',(#17345),#17351,.T.);
#17345 = FACE_BOUND('',#17346,.T.);
#17346 = EDGE_LOOP('',(#17347,#17348,#17349,#17350));
#17347 = ORIENTED_EDGE('',*,*,#8191,.F.);
#17348 = ORIENTED_EDGE('',*,*,#16970,.T.);
#17349 = ORIENTED_EDGE('',*,*,#11340,.F.);
#17350 = ORIENTED_EDGE('',*,*,#16638,.T.);
#17351 = PLANE('',#17352);
#17352 = AXIS2_PLACEMENT_3D('',#17353,#17354,#17355);
#17353 = CARTESIAN_POINT('',(2.700000047684,-36.54999923706,8.25));
#17354 = DIRECTION('',(-1.,-0.,-0.));
#17355 = DIRECTION('',(0.,0.,-1.));
#17356 = ADVANCED_FACE('',(#17357),#17363,.T.);
#17357 = FACE_BOUND('',#17358,.T.);
#17358 = EDGE_LOOP('',(#17359,#17360,#17361,#17362));
#17359 = ORIENTED_EDGE('',*,*,#8175,.F.);
#17360 = ORIENTED_EDGE('',*,*,#16645,.T.);
#17361 = ORIENTED_EDGE('',*,*,#11324,.F.);
#17362 = ORIENTED_EDGE('',*,*,#16977,.T.);
#17363 = PLANE('',#17364);
#17364 = AXIS2_PLACEMENT_3D('',#17365,#17366,#17367);
#17365 = CARTESIAN_POINT('',(1.299999952316,-36.54999923706,8.25));
#17366 = DIRECTION('',(1.,0.,0.));
#17367 = DIRECTION('',(-0.,0.,1.));
#17368 = ADVANCED_FACE('',(#17369),#17375,.T.);
#17369 = FACE_BOUND('',#17370,.T.);
#17370 = EDGE_LOOP('',(#17371,#17372,#17373,#17374));
#17371 = ORIENTED_EDGE('',*,*,#8327,.F.);
#17372 = ORIENTED_EDGE('',*,*,#16992,.T.);
#17373 = ORIENTED_EDGE('',*,*,#11476,.F.);
#17374 = ORIENTED_EDGE('',*,*,#16660,.T.);
#17375 = PLANE('',#17376);
#17376 = AXIS2_PLACEMENT_3D('',#17377,#17378,#17379);
#17377 = CARTESIAN_POINT('',(6.699999809265,-36.54999923706,8.25));
#17378 = DIRECTION('',(-1.,-0.,-0.));
#17379 = DIRECTION('',(0.,0.,-1.));
#17380 = ADVANCED_FACE('',(#17381),#17387,.T.);
#17381 = FACE_BOUND('',#17382,.T.);
#17382 = EDGE_LOOP('',(#17383,#17384,#17385,#17386));
#17383 = ORIENTED_EDGE('',*,*,#8311,.F.);
#17384 = ORIENTED_EDGE('',*,*,#16667,.T.);
#17385 = ORIENTED_EDGE('',*,*,#11460,.F.);
#17386 = ORIENTED_EDGE('',*,*,#16999,.T.);
#17387 = PLANE('',#17388);
#17388 = AXIS2_PLACEMENT_3D('',#17389,#17390,#17391);
#17389 = CARTESIAN_POINT('',(5.300000190735,-36.54999923706,8.25));
#17390 = DIRECTION('',(1.,0.,0.));
#17391 = DIRECTION('',(-0.,0.,1.));
#17392 = ADVANCED_FACE('',(#17393),#17399,.T.);
#17393 = FACE_BOUND('',#17394,.T.);
#17394 = EDGE_LOOP('',(#17395,#17396,#17397,#17398));
#17395 = ORIENTED_EDGE('',*,*,#8361,.F.);
#17396 = ORIENTED_EDGE('',*,*,#17014,.T.);
#17397 = ORIENTED_EDGE('',*,*,#11510,.F.);
#17398 = ORIENTED_EDGE('',*,*,#16682,.T.);
#17399 = PLANE('',#17400);
#17400 = AXIS2_PLACEMENT_3D('',#17401,#17402,#17403);
#17401 = CARTESIAN_POINT('',(10.699999809265,-36.54999923706,8.25));
#17402 = DIRECTION('',(-1.,-0.,-0.));
#17403 = DIRECTION('',(0.,0.,-1.));
#17404 = ADVANCED_FACE('',(#17405),#17411,.T.);
#17405 = FACE_BOUND('',#17406,.T.);
#17406 = EDGE_LOOP('',(#17407,#17408,#17409,#17410));
#17407 = ORIENTED_EDGE('',*,*,#10702,.F.);
#17408 = ORIENTED_EDGE('',*,*,#17114,.T.);
#17409 = ORIENTED_EDGE('',*,*,#1728,.F.);
#17410 = ORIENTED_EDGE('',*,*,#16782,.T.);
#17411 = PLANE('',#17412);
#17412 = AXIS2_PLACEMENT_3D('',#17413,#17414,#17415);
#17413 = CARTESIAN_POINT('',(10.699999809265,0.800000011921,8.25));
#17414 = DIRECTION('',(-1.,-0.,-0.));
#17415 = DIRECTION('',(0.,0.,-1.));
#17416 = ADVANCED_FACE('',(#17417),#17423,.T.);
#17417 = FACE_BOUND('',#17418,.T.);
#17418 = EDGE_LOOP('',(#17419,#17420,#17421,#17422));
#17419 = ORIENTED_EDGE('',*,*,#8345,.F.);
#17420 = ORIENTED_EDGE('',*,*,#16689,.T.);
#17421 = ORIENTED_EDGE('',*,*,#11494,.F.);
#17422 = ORIENTED_EDGE('',*,*,#17021,.T.);
#17423 = PLANE('',#17424);
#17424 = AXIS2_PLACEMENT_3D('',#17425,#17426,#17427);
#17425 = CARTESIAN_POINT('',(9.300000190735,-36.54999923706,8.25));
#17426 = DIRECTION('',(1.,0.,0.));
#17427 = DIRECTION('',(-0.,0.,1.));
#17428 = ADVANCED_FACE('',(#17429),#17435,.T.);
#17429 = FACE_BOUND('',#17430,.T.);
#17430 = EDGE_LOOP('',(#17431,#17432,#17433,#17434));
#17431 = ORIENTED_EDGE('',*,*,#10718,.F.);
#17432 = ORIENTED_EDGE('',*,*,#16789,.T.);
#17433 = ORIENTED_EDGE('',*,*,#1744,.F.);
#17434 = ORIENTED_EDGE('',*,*,#17121,.T.);
#17435 = PLANE('',#17436);
#17436 = AXIS2_PLACEMENT_3D('',#17437,#17438,#17439);
#17437 = CARTESIAN_POINT('',(9.300000190735,0.800000011921,8.25));
#17438 = DIRECTION('',(1.,0.,0.));
#17439 = DIRECTION('',(-0.,0.,1.));
#17440 = ADVANCED_FACE('',(#17441),#17447,.T.);
#17441 = FACE_BOUND('',#17442,.T.);
#17442 = EDGE_LOOP('',(#17443,#17444,#17445,#17446));
#17443 = ORIENTED_EDGE('',*,*,#8395,.F.);
#17444 = ORIENTED_EDGE('',*,*,#17036,.T.);
#17445 = ORIENTED_EDGE('',*,*,#11544,.F.);
#17446 = ORIENTED_EDGE('',*,*,#16704,.T.);
#17447 = PLANE('',#17448);
#17448 = AXIS2_PLACEMENT_3D('',#17449,#17450,#17451);
#17449 = CARTESIAN_POINT('',(14.699999809265,-36.54999923706,8.25));
#17450 = DIRECTION('',(-1.,-0.,-0.));
#17451 = DIRECTION('',(0.,0.,-1.));
#17452 = ADVANCED_FACE('',(#17453),#17459,.T.);
#17453 = FACE_BOUND('',#17454,.T.);
#17454 = EDGE_LOOP('',(#17455,#17456,#17457,#17458));
#17455 = ORIENTED_EDGE('',*,*,#10736,.F.);
#17456 = ORIENTED_EDGE('',*,*,#17136,.T.);
#17457 = ORIENTED_EDGE('',*,*,#1762,.F.);
#17458 = ORIENTED_EDGE('',*,*,#16804,.T.);
#17459 = PLANE('',#17460);
#17460 = AXIS2_PLACEMENT_3D('',#17461,#17462,#17463);
#17461 = CARTESIAN_POINT('',(14.699999809265,0.800000011921,8.25));
#17462 = DIRECTION('',(-1.,-0.,-0.));
#17463 = DIRECTION('',(0.,0.,-1.));
#17464 = ADVANCED_FACE('',(#17465),#17471,.T.);
#17465 = FACE_BOUND('',#17466,.T.);
#17466 = EDGE_LOOP('',(#17467,#17468,#17469,#17470));
#17467 = ORIENTED_EDGE('',*,*,#8379,.F.);
#17468 = ORIENTED_EDGE('',*,*,#16711,.T.);
#17469 = ORIENTED_EDGE('',*,*,#11528,.F.);
#17470 = ORIENTED_EDGE('',*,*,#17043,.T.);
#17471 = PLANE('',#17472);
#17472 = AXIS2_PLACEMENT_3D('',#17473,#17474,#17475);
#17473 = CARTESIAN_POINT('',(13.300000190735,-36.54999923706,8.25));
#17474 = DIRECTION('',(1.,0.,0.));
#17475 = DIRECTION('',(-0.,0.,1.));
#17476 = ADVANCED_FACE('',(#17477),#17483,.T.);
#17477 = FACE_BOUND('',#17478,.T.);
#17478 = EDGE_LOOP('',(#17479,#17480,#17481,#17482));
#17479 = ORIENTED_EDGE('',*,*,#10752,.F.);
#17480 = ORIENTED_EDGE('',*,*,#16811,.T.);
#17481 = ORIENTED_EDGE('',*,*,#1778,.F.);
#17482 = ORIENTED_EDGE('',*,*,#17143,.T.);
#17483 = PLANE('',#17484);
#17484 = AXIS2_PLACEMENT_3D('',#17485,#17486,#17487);
#17485 = CARTESIAN_POINT('',(13.300000190735,0.800000011921,8.25));
#17486 = DIRECTION('',(1.,0.,0.));
#17487 = DIRECTION('',(-0.,0.,1.));
#17488 = ADVANCED_FACE('',(#17489),#17495,.T.);
#17489 = FACE_BOUND('',#17490,.T.);
#17490 = EDGE_LOOP('',(#17491,#17492,#17493,#17494));
#17491 = ORIENTED_EDGE('',*,*,#10634,.F.);
#17492 = ORIENTED_EDGE('',*,*,#17158,.T.);
#17493 = ORIENTED_EDGE('',*,*,#1626,.F.);
#17494 = ORIENTED_EDGE('',*,*,#16826,.T.);
#17495 = PLANE('',#17496);
#17496 = AXIS2_PLACEMENT_3D('',#17497,#17498,#17499);
#17497 = CARTESIAN_POINT('',(18.700000762939,0.800000011921,8.25));
#17498 = DIRECTION('',(-1.,-0.,-0.));
#17499 = DIRECTION('',(0.,0.,-1.));
#17500 = ADVANCED_FACE('',(#17501),#17507,.T.);
#17501 = FACE_BOUND('',#17502,.T.);
#17502 = EDGE_LOOP('',(#17503,#17504,#17505,#17506));
#17503 = ORIENTED_EDGE('',*,*,#10650,.F.);
#17504 = ORIENTED_EDGE('',*,*,#16833,.T.);
#17505 = ORIENTED_EDGE('',*,*,#1642,.F.);
#17506 = ORIENTED_EDGE('',*,*,#17165,.T.);
#17507 = PLANE('',#17508);
#17508 = AXIS2_PLACEMENT_3D('',#17509,#17510,#17511);
#17509 = CARTESIAN_POINT('',(17.299999237061,0.800000011921,8.25));
#17510 = DIRECTION('',(1.,0.,0.));
#17511 = DIRECTION('',(-0.,0.,1.));
#17512 = ADVANCED_FACE('',(#17513),#17524,.T.);
#17513 = FACE_BOUND('',#17514,.T.);
#17514 = EDGE_LOOP('',(#17515,#17516,#17522,#17523));
#17515 = ORIENTED_EDGE('',*,*,#10529,.F.);
#17516 = ORIENTED_EDGE('',*,*,#17517,.T.);
#17517 = EDGE_CURVE('',#10522,#1570,#17518,.T.);
#17518 = LINE('',#17519,#17520);
#17519 = CARTESIAN_POINT('',(5.25,1.600000023842,5.800000190735));
#17520 = VECTOR('',#17521,1.);
#17521 = DIRECTION('',(0.,-1.,0.));
#17522 = ORIENTED_EDGE('',*,*,#1569,.F.);
#17523 = ORIENTED_EDGE('',*,*,#1221,.F.);
#17524 = PLANE('',#17525);
#17525 = AXIS2_PLACEMENT_3D('',#17526,#17527,#17528);
#17526 = CARTESIAN_POINT('',(5.25,0.800000011921,8.800000190735));
#17527 = DIRECTION('',(-1.,-0.,-0.));
#17528 = DIRECTION('',(0.,0.,-1.));
#17529 = ADVANCED_FACE('',(#17530),#17541,.T.);
#17530 = FACE_BOUND('',#17531,.T.);
#17531 = EDGE_LOOP('',(#17532,#17533,#17534,#17535));
#17532 = ORIENTED_EDGE('',*,*,#10513,.F.);
#17533 = ORIENTED_EDGE('',*,*,#798,.F.);
#17534 = ORIENTED_EDGE('',*,*,#1585,.F.);
#17535 = ORIENTED_EDGE('',*,*,#17536,.T.);
#17536 = EDGE_CURVE('',#1578,#10514,#17537,.T.);
#17537 = LINE('',#17538,#17539);
#17538 = CARTESIAN_POINT('',(-5.25,0.,5.800000190735));
#17539 = VECTOR('',#17540,1.);
#17540 = DIRECTION('',(0.,1.,0.));
#17541 = PLANE('',#17542);
#17542 = AXIS2_PLACEMENT_3D('',#17543,#17544,#17545);
#17543 = CARTESIAN_POINT('',(-5.25,0.800000011921,8.800000190735));
#17544 = DIRECTION('',(1.,0.,0.));
#17545 = DIRECTION('',(-0.,0.,1.));
#17546 = ADVANCED_FACE('',(#17547),#17553,.T.);
#17547 = FACE_BOUND('',#17548,.T.);
#17548 = EDGE_LOOP('',(#17549,#17550,#17551,#17552));
#17549 = ORIENTED_EDGE('',*,*,#17517,.F.);
#17550 = ORIENTED_EDGE('',*,*,#10521,.F.);
#17551 = ORIENTED_EDGE('',*,*,#17536,.F.);
#17552 = ORIENTED_EDGE('',*,*,#1577,.F.);
#17553 = PLANE('',#17554);
#17554 = AXIS2_PLACEMENT_3D('',#17555,#17556,#17557);
#17555 = CARTESIAN_POINT('',(0.,0.800000011921,5.800000190735));
#17556 = DIRECTION('',(0.,0.,1.));
#17557 = DIRECTION('',(1.,0.,-0.));
#17558 = ( GEOMETRIC_REPRESENTATION_CONTEXT(3) 
GLOBAL_UNCERTAINTY_ASSIGNED_CONTEXT((#17562)) 
GLOBAL_UNIT_ASSIGNED_CONTEXT((#17559,#17560,#17561)) 
REPRESENTATION_CONTEXT('Context #1',
  '3D Context with UNIT and UNCERTAINTY') );
#17559 = ( LENGTH_UNIT() NAMED_UNIT(*) SI_UNIT(.MILLI.,.METRE.) );
#17560 = ( NAMED_UNIT(*) PLANE_ANGLE_UNIT() SI_UNIT($,.RADIAN.) );
#17561 = ( NAMED_UNIT(*) SI_UNIT($,.STERADIAN.) SOLID_ANGLE_UNIT() );
#17562 = UNCERTAINTY_MEASURE_WITH_UNIT(LENGTH_MEASURE(1.E-07),#17559,
  'distance_accuracy_value','confusion accuracy');
#17563 = PRODUCT_RELATED_PRODUCT_CATEGORY('part',$,(#7));
ENDSEC;
END-ISO-10303-21;
