solid OpenSCAD_Model
  facet normal 0 0 -1
    outer loop
      vertex 5.00738 16 5.72205e-07
      vertex -5.00738 16 5.72205e-07
      vertex 0 42.95 5.72205e-07
    endloop
  endfacet
  facet normal 0 0 -1
    outer loop
      vertex 7 13.3 5.72205e-07
      vertex -5.00738 16 5.72205e-07
      vertex 5.00738 16 5.72205e-07
    endloop
  endfacet
  facet normal 0 -0 -1
    outer loop
      vertex -5.00738 16 5.72205e-07
      vertex 7 13.3 5.72205e-07
      vertex -7 13.3 5.72205e-07
    endloop
  endfacet
  facet normal 0 0 -1
    outer loop
      vertex 26.95 16 5.72205e-07
      vertex 5.00738 16 5.72205e-07
      vertex 0 42.95 5.72205e-07
    endloop
  endfacet
  facet normal 0 0 -1
    outer loop
      vertex 0 42.95 5.72205e-07
      vertex -5.00738 16 5.72205e-07
      vertex -26.95 16 5.72205e-07
    endloop
  endfacet
  facet normal 0 -1 0
    outer loop
      vertex 5.00738 16 30.05
      vertex 12.3724 16 22.8459
      vertex 13 16 22.875
    endloop
  endfacet
  facet normal 0 -1 0
    outer loop
      vertex 5.00738 16 30.05
      vertex 11.7555 16 22.7591
      vertex 12.3724 16 22.8459
    endloop
  endfacet
  facet normal 0 -1 0
    outer loop
      vertex 5.00738 16 30.05
      vertex 11.5858 16 22.7184
      vertex 11.7555 16 22.7591
    endloop
  endfacet
  facet normal 0 -1 0
    outer loop
      vertex 5.00738 16 30.05
      vertex 11.5858 16 16.2316
      vertex 11.5858 16 22.7184
    endloop
  endfacet
  facet normal 0 -1 -0
    outer loop
      vertex 12.3724 16 16.1041
      vertex 5.00738 16 5.72205e-07
      vertex 13 16 16.075
    endloop
  endfacet
  facet normal 0 -1 -0
    outer loop
      vertex 11.7555 16 16.1909
      vertex 5.00738 16 5.72205e-07
      vertex 12.3724 16 16.1041
    endloop
  endfacet
  facet normal 0 -1 -0
    outer loop
      vertex 11.5858 16 16.2316
      vertex 5.00738 16 5.72205e-07
      vertex 11.7555 16 16.1909
    endloop
  endfacet
  facet normal 0 -1 0
    outer loop
      vertex 5.00738 16 5.72205e-07
      vertex 11.5858 16 16.2316
      vertex 5.00738 16 30.05
    endloop
  endfacet
  facet normal 0 -1 0
    outer loop
      vertex -26.95 16 38.95
      vertex -5.00738 16 30.05
      vertex 26.95 16 38.95
    endloop
  endfacet
  facet normal 0 -1 0
    outer loop
      vertex -14.2445 16 22.7591
      vertex -5.00738 16 30.05
      vertex -26.95 16 38.95
    endloop
  endfacet
  facet normal 0 -1 0
    outer loop
      vertex -5.00738 16 30.05
      vertex -13.6276 16 22.8459
      vertex -13 16 22.875
    endloop
  endfacet
  facet normal 0 -1 0
    outer loop
      vertex -5.00738 16 30.05
      vertex -14.2445 16 22.7591
      vertex -13.6276 16 22.8459
    endloop
  endfacet
  facet normal 0 -1 0
    outer loop
      vertex -26.95 16 38.95
      vertex -14.8401 16 22.6162
      vertex -14.2445 16 22.7591
    endloop
  endfacet
  facet normal 0 -1 0
    outer loop
      vertex -26.95 16 38.95
      vertex -15.4042 16 22.4195
      vertex -14.8401 16 22.6162
    endloop
  endfacet
  facet normal 0 -1 0
    outer loop
      vertex -26.95 16 38.95
      vertex -15.9271 16 22.1724
      vertex -15.4042 16 22.4195
    endloop
  endfacet
  facet normal 0 -1 0
    outer loop
      vertex -26.95 16 38.95
      vertex -16.4 16 21.8792
      vertex -15.9271 16 22.1724
    endloop
  endfacet
  facet normal 0 -1 0
    outer loop
      vertex -26.95 16 38.95
      vertex -16.8147 16 21.5448
      vertex -16.4 16 21.8792
    endloop
  endfacet
  facet normal 0 -1 0
    outer loop
      vertex -26.95 16 38.95
      vertex -17.1641 16 21.175
      vertex -16.8147 16 21.5448
    endloop
  endfacet
  facet normal 0 -1 0
    outer loop
      vertex -26.95 16 38.95
      vertex -17.4423 16 20.7761
      vertex -17.1641 16 21.175
    endloop
  endfacet
  facet normal 0 -1 0
    outer loop
      vertex -26.95 16 38.95
      vertex -17.6445 16 20.355
      vertex -17.4423 16 20.7761
    endloop
  endfacet
  facet normal 0 -1 0
    outer loop
      vertex -26.95 16 38.95
      vertex -17.7672 16 19.9188
      vertex -17.6445 16 20.355
    endloop
  endfacet
  facet normal 0 -1 0
    outer loop
      vertex -26.95 16 38.95
      vertex -17.8083 16 19.475
      vertex -17.7672 16 19.9188
    endloop
  endfacet
  facet normal 0 -1 0
    outer loop
      vertex -26.95 16 5.72205e-07
      vertex -17.8083 16 19.475
      vertex -26.95 16 38.95
    endloop
  endfacet
  facet normal 0 -1 -0
    outer loop
      vertex -17.8083 16 19.475
      vertex -26.95 16 5.72205e-07
      vertex -17.7672 16 19.0312
    endloop
  endfacet
  facet normal 0 -1 0
    outer loop
      vertex -14.2445 16 16.1909
      vertex -5.00738 16 5.72205e-07
      vertex -13.6276 16 16.1041
    endloop
  endfacet
  facet normal 0 -1 0
    outer loop
      vertex -5.00738 16 5.72205e-07
      vertex -14.2445 16 16.1909
      vertex -26.95 16 5.72205e-07
    endloop
  endfacet
  facet normal 0 -1 -0
    outer loop
      vertex -14.8401 16 16.3338
      vertex -26.95 16 5.72205e-07
      vertex -14.2445 16 16.1909
    endloop
  endfacet
  facet normal 0 -1 -0
    outer loop
      vertex -15.4042 16 16.5305
      vertex -26.95 16 5.72205e-07
      vertex -14.8401 16 16.3338
    endloop
  endfacet
  facet normal 0 -1 -0
    outer loop
      vertex -15.9271 16 16.7776
      vertex -26.95 16 5.72205e-07
      vertex -15.4042 16 16.5305
    endloop
  endfacet
  facet normal 0 -1 -0
    outer loop
      vertex -16.4 16 17.0708
      vertex -26.95 16 5.72205e-07
      vertex -15.9271 16 16.7776
    endloop
  endfacet
  facet normal 0 -1 -0
    outer loop
      vertex -16.8147 16 17.4052
      vertex -26.95 16 5.72205e-07
      vertex -16.4 16 17.0708
    endloop
  endfacet
  facet normal 0 -1 -0
    outer loop
      vertex -17.1641 16 17.775
      vertex -26.95 16 5.72205e-07
      vertex -16.8147 16 17.4052
    endloop
  endfacet
  facet normal 0 -1 -0
    outer loop
      vertex -17.4423 16 18.1739
      vertex -26.95 16 5.72205e-07
      vertex -17.1641 16 17.775
    endloop
  endfacet
  facet normal 0 -1 -0
    outer loop
      vertex -17.6445 16 18.595
      vertex -26.95 16 5.72205e-07
      vertex -17.4423 16 18.1739
    endloop
  endfacet
  facet normal 0 -1 -0
    outer loop
      vertex -17.7672 16 19.0312
      vertex -26.95 16 5.72205e-07
      vertex -17.6445 16 18.595
    endloop
  endfacet
  facet normal 0 -1 0
    outer loop
      vertex 5.00738 16 30.05
      vertex 26.95 16 38.95
      vertex -5.00738 16 30.05
    endloop
  endfacet
  facet normal 0 -1 0
    outer loop
      vertex 13.6276 16 22.8459
      vertex 5.00738 16 30.05
      vertex 13 16 22.875
    endloop
  endfacet
  facet normal 0 -1 0
    outer loop
      vertex 14.2445 16 22.7591
      vertex 5.00738 16 30.05
      vertex 13.6276 16 22.8459
    endloop
  endfacet
  facet normal 0 -1 0
    outer loop
      vertex 5.00738 16 30.05
      vertex 14.2445 16 22.7591
      vertex 26.95 16 38.95
    endloop
  endfacet
  facet normal 0 -1 0
    outer loop
      vertex 14.8401 16 22.6162
      vertex 26.95 16 38.95
      vertex 14.2445 16 22.7591
    endloop
  endfacet
  facet normal 0 -1 0
    outer loop
      vertex 15.4042 16 22.4195
      vertex 26.95 16 38.95
      vertex 14.8401 16 22.6162
    endloop
  endfacet
  facet normal 0 -1 0
    outer loop
      vertex 15.9271 16 22.1724
      vertex 26.95 16 38.95
      vertex 15.4042 16 22.4195
    endloop
  endfacet
  facet normal 0 -1 0
    outer loop
      vertex 16.4 16 21.8792
      vertex 26.95 16 38.95
      vertex 15.9271 16 22.1724
    endloop
  endfacet
  facet normal 0 -1 0
    outer loop
      vertex 16.8147 16 21.5448
      vertex 26.95 16 38.95
      vertex 16.4 16 21.8792
    endloop
  endfacet
  facet normal 0 -1 0
    outer loop
      vertex 17.1641 16 21.175
      vertex 26.95 16 38.95
      vertex 16.8147 16 21.5448
    endloop
  endfacet
  facet normal 0 -1 0
    outer loop
      vertex 17.4423 16 20.7761
      vertex 26.95 16 38.95
      vertex 17.1641 16 21.175
    endloop
  endfacet
  facet normal 0 -1 0
    outer loop
      vertex 17.6445 16 20.355
      vertex 26.95 16 38.95
      vertex 17.4423 16 20.7761
    endloop
  endfacet
  facet normal 0 -1 0
    outer loop
      vertex 17.7672 16 19.9188
      vertex 26.95 16 38.95
      vertex 17.6445 16 20.355
    endloop
  endfacet
  facet normal 0 -1 0
    outer loop
      vertex 17.8083 16 19.475
      vertex 26.95 16 38.95
      vertex 17.7672 16 19.9188
    endloop
  endfacet
  facet normal 0 -1 0
    outer loop
      vertex 26.95 16 5.72205e-07
      vertex 17.8083 16 19.475
      vertex 17.7672 16 19.0312
    endloop
  endfacet
  facet normal 0 -1 0
    outer loop
      vertex 26.95 16 5.72205e-07
      vertex 17.7672 16 19.0312
      vertex 17.6445 16 18.595
    endloop
  endfacet
  facet normal 0 -1 0
    outer loop
      vertex 5.00738 16 5.72205e-07
      vertex 13.6276 16 16.1041
      vertex 13 16 16.075
    endloop
  endfacet
  facet normal 0 -1 0
    outer loop
      vertex 5.00738 16 5.72205e-07
      vertex 14.2445 16 16.1909
      vertex 13.6276 16 16.1041
    endloop
  endfacet
  facet normal 0 -1 0
    outer loop
      vertex 26.95 16 5.72205e-07
      vertex 14.2445 16 16.1909
      vertex 5.00738 16 5.72205e-07
    endloop
  endfacet
  facet normal 0 -1 0
    outer loop
      vertex 14.2445 16 16.1909
      vertex 26.95 16 5.72205e-07
      vertex 14.8401 16 16.3338
    endloop
  endfacet
  facet normal 0 -1 0
    outer loop
      vertex 14.8401 16 16.3338
      vertex 26.95 16 5.72205e-07
      vertex 15.4042 16 16.5305
    endloop
  endfacet
  facet normal 0 -1 0
    outer loop
      vertex 15.4042 16 16.5305
      vertex 26.95 16 5.72205e-07
      vertex 15.9271 16 16.7776
    endloop
  endfacet
  facet normal 0 -1 0
    outer loop
      vertex 15.9271 16 16.7776
      vertex 26.95 16 5.72205e-07
      vertex 16.4 16 17.0708
    endloop
  endfacet
  facet normal 0 -1 0
    outer loop
      vertex 16.4 16 17.0708
      vertex 26.95 16 5.72205e-07
      vertex 16.8147 16 17.4052
    endloop
  endfacet
  facet normal 0 -1 0
    outer loop
      vertex 16.8147 16 17.4052
      vertex 26.95 16 5.72205e-07
      vertex 17.1641 16 17.775
    endloop
  endfacet
  facet normal 0 -1 0
    outer loop
      vertex 17.8083 16 19.475
      vertex 26.95 16 5.72205e-07
      vertex 26.95 16 38.95
    endloop
  endfacet
  facet normal 0 -1 0
    outer loop
      vertex 17.4423 16 18.1739
      vertex 26.95 16 5.72205e-07
      vertex 17.6445 16 18.595
    endloop
  endfacet
  facet normal 0 -1 0
    outer loop
      vertex 17.1641 16 17.775
      vertex 26.95 16 5.72205e-07
      vertex 17.4423 16 18.1739
    endloop
  endfacet
  facet normal 0 -1 0
    outer loop
      vertex -12.3724 16 22.8459
      vertex -5.00738 16 30.05
      vertex -13 16 22.875
    endloop
  endfacet
  facet normal 0 -1 0
    outer loop
      vertex -11.7555 16 22.7591
      vertex -5.00738 16 30.05
      vertex -12.3724 16 22.8459
    endloop
  endfacet
  facet normal 0 -1 0
    outer loop
      vertex -11.5858 16 22.7184
      vertex -5.00738 16 30.05
      vertex -11.7555 16 22.7591
    endloop
  endfacet
  facet normal 0 -1 0
    outer loop
      vertex -11.5858 16 16.2316
      vertex -5.00738 16 30.05
      vertex -11.5858 16 22.7184
    endloop
  endfacet
  facet normal 0 -1 0
    outer loop
      vertex -13.6276 16 16.1041
      vertex -5.00738 16 5.72205e-07
      vertex -13 16 16.075
    endloop
  endfacet
  facet normal 0 -1 0
    outer loop
      vertex -13 16 16.075
      vertex -5.00738 16 5.72205e-07
      vertex -12.3724 16 16.1041
    endloop
  endfacet
  facet normal 0 -1 0
    outer loop
      vertex -12.3724 16 16.1041
      vertex -5.00738 16 5.72205e-07
      vertex -11.7555 16 16.1909
    endloop
  endfacet
  facet normal 0 -1 0
    outer loop
      vertex -11.5858 16 16.2316
      vertex -5.00738 16 5.72205e-07
      vertex -5.00738 16 30.05
    endloop
  endfacet
  facet normal 0 -1 0
    outer loop
      vertex -11.7555 16 16.1909
      vertex -5.00738 16 5.72205e-07
      vertex -11.5858 16 16.2316
    endloop
  endfacet
  facet normal 0 0 1
    outer loop
      vertex 0 42.95 38.95
      vertex -26.95 16 38.95
      vertex 26.95 16 38.95
    endloop
  endfacet
  facet normal 0.707107 0.707107 0
    outer loop
      vertex 0 42.95 38.95
      vertex 18.6315 24.3185 19.475
      vertex 0 42.95 5.72205e-07
    endloop
  endfacet
  facet normal 0.707107 0.707107 1.21276e-15
    outer loop
      vertex 0 42.95 38.95
      vertex 18.643 24.307 19.723
      vertex 18.6315 24.3185 19.475
    endloop
  endfacet
  facet normal 0.707107 0.707107 1.70464e-15
    outer loop
      vertex 0 42.95 38.95
      vertex 18.6773 24.2727 19.9668
      vertex 18.643 24.307 19.723
    endloop
  endfacet
  facet normal 0.707107 0.707107 -2.97466e-15
    outer loop
      vertex 0 42.95 38.95
      vertex 18.7338 24.2162 20.2021
      vertex 18.6773 24.2727 19.9668
    endloop
  endfacet
  facet normal 0.707107 0.707107 -8.7756e-16
    outer loop
      vertex 0 42.95 38.95
      vertex 18.8115 24.1385 20.425
      vertex 18.7338 24.2162 20.2021
    endloop
  endfacet
  facet normal 0.707107 0.707107 3.41812e-15
    outer loop
      vertex 0 42.95 38.95
      vertex 18.9091 24.0409 20.6316
      vertex 18.8115 24.1385 20.425
    endloop
  endfacet
  facet normal 0.707107 0.707107 -4.8241e-16
    outer loop
      vertex 0 42.95 38.95
      vertex 19.025 23.925 20.8185
      vertex 18.9091 24.0409 20.6316
    endloop
  endfacet
  facet normal 0.707107 0.707107 -8.85139e-17
    outer loop
      vertex 0 42.95 38.95
      vertex 19.1571 23.7929 20.9824
      vertex 19.025 23.925 20.8185
    endloop
  endfacet
  facet normal 0.707227 0.706986 0.000257059
    outer loop
      vertex 0 42.95 38.95
      vertex 19.3032 23.6467 21.1204
      vertex 19.1571 23.7929 20.9824
    endloop
  endfacet
  facet normal 0.70698 0.707234 -0.000278889
    outer loop
      vertex 0 42.95 38.95
      vertex 19.4609 23.4891 21.2304
      vertex 19.3032 23.6467 21.1204
    endloop
  endfacet
  facet normal 0.707107 0.707107 -1.26308e-14
    outer loop
      vertex 0 42.95 38.95
      vertex 19.6273 23.3227 21.3103
      vertex 19.4609 23.4891 21.2304
    endloop
  endfacet
  facet normal 0.707107 0.707107 1.17006e-16
    outer loop
      vertex 26.95 16 38.95
      vertex 19.6273 23.3227 21.3103
      vertex 0 42.95 38.95
    endloop
  endfacet
  facet normal 0.707107 0.707107 1.3791e-16
    outer loop
      vertex 19.6273 23.3227 21.3103
      vertex 26.95 16 38.95
      vertex 19.7996 23.1504 21.3587
    endloop
  endfacet
  facet normal 0.707107 0.707107 1.55761e-16
    outer loop
      vertex 19.7996 23.1504 21.3587
      vertex 26.95 16 38.95
      vertex 19.975 22.975 21.375
    endloop
  endfacet
  facet normal 0.707107 0.707107 1.61307e-16
    outer loop
      vertex 19.975 22.975 21.375
      vertex 26.95 16 38.95
      vertex 20.1504 22.7996 21.3587
    endloop
  endfacet
  facet normal 0.707107 0.707107 1.42821e-16
    outer loop
      vertex 20.1504 22.7996 21.3587
      vertex 26.95 16 38.95
      vertex 20.3227 22.6273 21.3103
    endloop
  endfacet
  facet normal 0.707107 0.707107 -4.66358e-15
    outer loop
      vertex 20.3227 22.6273 21.3103
      vertex 26.95 16 38.95
      vertex 20.4891 22.4609 21.2304
    endloop
  endfacet
  facet normal 0.707107 0.707107 1.51838e-18
    outer loop
      vertex 21.307 21.643 19.723
      vertex 26.95 16 38.95
      vertex 21.3185 21.6315 19.475
    endloop
  endfacet
  facet normal 0.707107 0.707107 4.20204e-18
    outer loop
      vertex 21.2727 21.6773 19.9668
      vertex 26.95 16 38.95
      vertex 21.307 21.643 19.723
    endloop
  endfacet
  facet normal 0.707107 0.707107 2.30852e-18
    outer loop
      vertex 21.2162 21.7338 20.2021
      vertex 26.95 16 38.95
      vertex 21.2727 21.6773 19.9668
    endloop
  endfacet
  facet normal 0.707107 0.707107 6.64033e-18
    outer loop
      vertex 21.1385 21.8115 20.425
      vertex 26.95 16 38.95
      vertex 21.2162 21.7338 20.2021
    endloop
  endfacet
  facet normal 0.707107 0.707107 1.04979e-17
    outer loop
      vertex 21.0409 21.9091 20.6316
      vertex 26.95 16 38.95
      vertex 21.1385 21.8115 20.425
    endloop
  endfacet
  facet normal 0.707107 0.707107 1.17609e-17
    outer loop
      vertex 20.925 22.025 20.8185
      vertex 26.95 16 38.95
      vertex 21.0409 21.9091 20.6316
    endloop
  endfacet
  facet normal 0.707107 0.707107 -8.31106e-18
    outer loop
      vertex 20.7929 22.1571 20.9824
      vertex 26.95 16 38.95
      vertex 20.925 22.025 20.8185
    endloop
  endfacet
  facet normal 0.706924 0.70729 0.000125264
    outer loop
      vertex 20.6467 22.3032 21.1204
      vertex 26.95 16 38.95
      vertex 20.7929 22.1571 20.9824
    endloop
  endfacet
  facet normal 0.707286 0.706928 -0.000130374
    outer loop
      vertex 20.4891 22.4609 21.2304
      vertex 26.95 16 38.95
      vertex 20.6467 22.3032 21.1204
    endloop
  endfacet
  facet normal 0.707107 0.707107 4.55908e-18
    outer loop
      vertex 18.643 24.307 19.227
      vertex 0 42.95 5.72205e-07
      vertex 18.6315 24.3185 19.475
    endloop
  endfacet
  facet normal 0.707107 0.707107 1.29559e-17
    outer loop
      vertex 18.6773 24.2727 18.9832
      vertex 0 42.95 5.72205e-07
      vertex 18.643 24.307 19.227
    endloop
  endfacet
  facet normal 0.707107 0.707107 1.53758e-17
    outer loop
      vertex 18.7338 24.2162 18.7479
      vertex 0 42.95 5.72205e-07
      vertex 18.6773 24.2727 18.9832
    endloop
  endfacet
  facet normal 0.707107 0.707107 3.10998e-17
    outer loop
      vertex 18.8115 24.1385 18.525
      vertex 0 42.95 5.72205e-07
      vertex 18.7338 24.2162 18.7479
    endloop
  endfacet
  facet normal 0.707107 0.707107 3.31187e-17
    outer loop
      vertex 18.9091 24.0409 18.3184
      vertex 0 42.95 5.72205e-07
      vertex 18.8115 24.1385 18.525
    endloop
  endfacet
  facet normal 0.707107 0.707107 7.60943e-17
    outer loop
      vertex 19.025 23.925 18.1315
      vertex 0 42.95 5.72205e-07
      vertex 18.9091 24.0409 18.3184
    endloop
  endfacet
  facet normal 0.707107 0.707107 5.18567e-17
    outer loop
      vertex 19.1571 23.7929 17.9676
      vertex 0 42.95 5.72205e-07
      vertex 19.025 23.925 18.1315
    endloop
  endfacet
  facet normal 0.707227 0.706986 -0.000257059
    outer loop
      vertex 19.3032 23.6467 17.8296
      vertex 0 42.95 5.72205e-07
      vertex 19.1571 23.7929 17.9676
    endloop
  endfacet
  facet normal 0.70698 0.707234 0.000278889
    outer loop
      vertex 19.4609 23.4891 17.7196
      vertex 0 42.95 5.72205e-07
      vertex 19.3032 23.6467 17.8296
    endloop
  endfacet
  facet normal 0.707107 0.707107 1.09286e-14
    outer loop
      vertex 19.6273 23.3227 17.6397
      vertex 0 42.95 5.72205e-07
      vertex 19.4609 23.4891 17.7196
    endloop
  endfacet
  facet normal 0.707107 0.707107 -1.12413e-16
    outer loop
      vertex 26.95 16 5.72205e-07
      vertex 19.6273 23.3227 17.6397
      vertex 19.7996 23.1504 17.5913
    endloop
  endfacet
  facet normal 0.707107 0.707107 -8.59675e-18
    outer loop
      vertex 26.95 16 5.72205e-07
      vertex 19.7996 23.1504 17.5913
      vertex 19.975 22.975 17.575
    endloop
  endfacet
  facet normal 0.707107 0.707107 -3.89231e-16
    outer loop
      vertex 26.95 16 5.72205e-07
      vertex 19.975 22.975 17.575
      vertex 20.1504 22.7996 17.5913
    endloop
  endfacet
  facet normal 0.707107 0.707107 4.30073e-16
    outer loop
      vertex 26.95 16 5.72205e-07
      vertex 20.1504 22.7996 17.5913
      vertex 20.3227 22.6273 17.6397
    endloop
  endfacet
  facet normal 0.707107 0.707107 5.39819e-15
    outer loop
      vertex 26.95 16 5.72205e-07
      vertex 20.3227 22.6273 17.6397
      vertex 20.4891 22.4609 17.7196
    endloop
  endfacet
  facet normal 0.707286 0.706928 0.000130374
    outer loop
      vertex 26.95 16 5.72205e-07
      vertex 20.4891 22.4609 17.7196
      vertex 20.6467 22.3032 17.8296
    endloop
  endfacet
  facet normal 0.707107 0.707107 -0
    outer loop
      vertex 26.95 16 5.72205e-07
      vertex 21.3185 21.6315 19.475
      vertex 26.95 16 38.95
    endloop
  endfacet
  facet normal 0.707107 0.707107 5.73946e-19
    outer loop
      vertex 21.3185 21.6315 19.475
      vertex 26.95 16 5.72205e-07
      vertex 21.307 21.643 19.227
    endloop
  endfacet
  facet normal 0.707107 0.707107 4.14238e-19
    outer loop
      vertex 21.307 21.643 19.227
      vertex 26.95 16 5.72205e-07
      vertex 21.2727 21.6773 18.9832
    endloop
  endfacet
  facet normal 0.707107 0.707107 -8.68072e-17
    outer loop
      vertex 19.6273 23.3227 17.6397
      vertex 26.95 16 5.72205e-07
      vertex 0 42.95 5.72205e-07
    endloop
  endfacet
  facet normal 0.706924 0.70729 -0.000125264
    outer loop
      vertex 20.7929 22.1571 17.9676
      vertex 26.95 16 5.72205e-07
      vertex 20.6467 22.3032 17.8296
    endloop
  endfacet
  facet normal 0.707107 0.707107 -6.75071e-18
    outer loop
      vertex 20.925 22.025 18.1315
      vertex 26.95 16 5.72205e-07
      vertex 20.7929 22.1571 17.9676
    endloop
  endfacet
  facet normal 0.707107 0.707107 9.66199e-18
    outer loop
      vertex 21.0409 21.9091 18.3184
      vertex 26.95 16 5.72205e-07
      vertex 20.925 22.025 18.1315
    endloop
  endfacet
  facet normal 0.707107 0.707107 5.36513e-18
    outer loop
      vertex 21.1385 21.8115 18.525
      vertex 26.95 16 5.72205e-07
      vertex 21.0409 21.9091 18.3184
    endloop
  endfacet
  facet normal 0.707107 0.707107 -3.39104e-18
    outer loop
      vertex 21.2162 21.7338 18.7479
      vertex 26.95 16 5.72205e-07
      vertex 21.1385 21.8115 18.525
    endloop
  endfacet
  facet normal 0.707107 0.707107 7.46086e-18
    outer loop
      vertex 21.2727 21.6773 18.9832
      vertex 26.95 16 5.72205e-07
      vertex 21.2162 21.7338 18.7479
    endloop
  endfacet
  facet normal -0.707107 0.707107 0
    outer loop
      vertex 0 42.95 5.72205e-07
      vertex -18.6315 24.3185 19.475
      vertex 0 42.95 38.95
    endloop
  endfacet
  facet normal -0.707107 0.707107 -1.21276e-15
    outer loop
      vertex 0 42.95 5.72205e-07
      vertex -18.643 24.307 19.227
      vertex -18.6315 24.3185 19.475
    endloop
  endfacet
  facet normal -0.707107 0.707107 -1.70464e-15
    outer loop
      vertex 0 42.95 5.72205e-07
      vertex -18.6773 24.2727 18.9832
      vertex -18.643 24.307 19.227
    endloop
  endfacet
  facet normal -0.707107 0.707107 2.97466e-15
    outer loop
      vertex 0 42.95 5.72205e-07
      vertex -18.7338 24.2162 18.7479
      vertex -18.6773 24.2727 18.9832
    endloop
  endfacet
  facet normal -0.707107 0.707107 8.7756e-16
    outer loop
      vertex 0 42.95 5.72205e-07
      vertex -18.8115 24.1385 18.525
      vertex -18.7338 24.2162 18.7479
    endloop
  endfacet
  facet normal -0.707107 0.707107 -3.41812e-15
    outer loop
      vertex 0 42.95 5.72205e-07
      vertex -18.9091 24.0409 18.3184
      vertex -18.8115 24.1385 18.525
    endloop
  endfacet
  facet normal -0.707107 0.707107 4.8241e-16
    outer loop
      vertex 0 42.95 5.72205e-07
      vertex -19.025 23.925 18.1315
      vertex -18.9091 24.0409 18.3184
    endloop
  endfacet
  facet normal -0.707107 0.707107 8.85139e-17
    outer loop
      vertex 0 42.95 5.72205e-07
      vertex -19.1571 23.7929 17.9676
      vertex -19.025 23.925 18.1315
    endloop
  endfacet
  facet normal -0.707227 0.706986 -0.000257059
    outer loop
      vertex 0 42.95 5.72205e-07
      vertex -19.3032 23.6467 17.8296
      vertex -19.1571 23.7929 17.9676
    endloop
  endfacet
  facet normal -0.70698 0.707234 0.000278889
    outer loop
      vertex 0 42.95 5.72205e-07
      vertex -19.4609 23.4891 17.7196
      vertex -19.3032 23.6467 17.8296
    endloop
  endfacet
  facet normal -0.707107 0.707107 1.26308e-14
    outer loop
      vertex 0 42.95 5.72205e-07
      vertex -19.6273 23.3227 17.6397
      vertex -19.4609 23.4891 17.7196
    endloop
  endfacet
  facet normal -0.707107 0.707107 -1.17006e-16
    outer loop
      vertex -26.95 16 5.72205e-07
      vertex -19.6273 23.3227 17.6397
      vertex 0 42.95 5.72205e-07
    endloop
  endfacet
  facet normal -0.707107 0.707107 -1.3791e-16
    outer loop
      vertex -19.6273 23.3227 17.6397
      vertex -26.95 16 5.72205e-07
      vertex -19.7996 23.1504 17.5913
    endloop
  endfacet
  facet normal -0.707107 0.707107 -1.55761e-16
    outer loop
      vertex -19.7996 23.1504 17.5913
      vertex -26.95 16 5.72205e-07
      vertex -19.975 22.975 17.575
    endloop
  endfacet
  facet normal -0.707107 0.707107 -1.61307e-16
    outer loop
      vertex -19.975 22.975 17.575
      vertex -26.95 16 5.72205e-07
      vertex -20.1504 22.7996 17.5913
    endloop
  endfacet
  facet normal -0.707107 0.707107 -1.42821e-16
    outer loop
      vertex -20.1504 22.7996 17.5913
      vertex -26.95 16 5.72205e-07
      vertex -20.3227 22.6273 17.6397
    endloop
  endfacet
  facet normal -0.707107 0.707107 4.66358e-15
    outer loop
      vertex -20.3227 22.6273 17.6397
      vertex -26.95 16 5.72205e-07
      vertex -20.4891 22.4609 17.7196
    endloop
  endfacet
  facet normal -0.707107 0.707107 -1.51838e-18
    outer loop
      vertex -21.307 21.643 19.227
      vertex -26.95 16 5.72205e-07
      vertex -21.3185 21.6315 19.475
    endloop
  endfacet
  facet normal -0.707107 0.707107 -4.20204e-18
    outer loop
      vertex -21.2727 21.6773 18.9832
      vertex -26.95 16 5.72205e-07
      vertex -21.307 21.643 19.227
    endloop
  endfacet
  facet normal -0.707107 0.707107 -2.30852e-18
    outer loop
      vertex -21.2162 21.7338 18.7479
      vertex -26.95 16 5.72205e-07
      vertex -21.2727 21.6773 18.9832
    endloop
  endfacet
  facet normal -0.707107 0.707107 -6.64033e-18
    outer loop
      vertex -21.1385 21.8115 18.525
      vertex -26.95 16 5.72205e-07
      vertex -21.2162 21.7338 18.7479
    endloop
  endfacet
  facet normal -0.707107 0.707107 -1.04979e-17
    outer loop
      vertex -21.0409 21.9091 18.3184
      vertex -26.95 16 5.72205e-07
      vertex -21.1385 21.8115 18.525
    endloop
  endfacet
  facet normal -0.707107 0.707107 -1.17609e-17
    outer loop
      vertex -20.925 22.025 18.1315
      vertex -26.95 16 5.72205e-07
      vertex -21.0409 21.9091 18.3184
    endloop
  endfacet
  facet normal -0.707107 0.707107 8.31106e-18
    outer loop
      vertex -20.7929 22.1571 17.9676
      vertex -26.95 16 5.72205e-07
      vertex -20.925 22.025 18.1315
    endloop
  endfacet
  facet normal -0.706924 0.70729 -0.000125264
    outer loop
      vertex -20.6467 22.3032 17.8296
      vertex -26.95 16 5.72205e-07
      vertex -20.7929 22.1571 17.9676
    endloop
  endfacet
  facet normal -0.707286 0.706928 0.000130374
    outer loop
      vertex -20.4891 22.4609 17.7196
      vertex -26.95 16 5.72205e-07
      vertex -20.6467 22.3032 17.8296
    endloop
  endfacet
  facet normal -0.707107 0.707107 -4.55908e-18
    outer loop
      vertex -18.643 24.307 19.723
      vertex 0 42.95 38.95
      vertex -18.6315 24.3185 19.475
    endloop
  endfacet
  facet normal -0.707107 0.707107 -1.29559e-17
    outer loop
      vertex -18.6773 24.2727 19.9668
      vertex 0 42.95 38.95
      vertex -18.643 24.307 19.723
    endloop
  endfacet
  facet normal -0.707107 0.707107 -1.53758e-17
    outer loop
      vertex -18.7338 24.2162 20.2021
      vertex 0 42.95 38.95
      vertex -18.6773 24.2727 19.9668
    endloop
  endfacet
  facet normal -0.707107 0.707107 -3.10998e-17
    outer loop
      vertex -18.8115 24.1385 20.425
      vertex 0 42.95 38.95
      vertex -18.7338 24.2162 20.2021
    endloop
  endfacet
  facet normal -0.707107 0.707107 -3.31187e-17
    outer loop
      vertex -18.9091 24.0409 20.6316
      vertex 0 42.95 38.95
      vertex -18.8115 24.1385 20.425
    endloop
  endfacet
  facet normal -0.707107 0.707107 -7.60943e-17
    outer loop
      vertex -19.025 23.925 20.8185
      vertex 0 42.95 38.95
      vertex -18.9091 24.0409 20.6316
    endloop
  endfacet
  facet normal -0.707107 0.707107 -5.18567e-17
    outer loop
      vertex -19.1571 23.7929 20.9824
      vertex 0 42.95 38.95
      vertex -19.025 23.925 20.8185
    endloop
  endfacet
  facet normal -0.707227 0.706986 0.000257059
    outer loop
      vertex -19.3032 23.6467 21.1204
      vertex 0 42.95 38.95
      vertex -19.1571 23.7929 20.9824
    endloop
  endfacet
  facet normal -0.70698 0.707234 -0.000278889
    outer loop
      vertex -19.4609 23.4891 21.2304
      vertex 0 42.95 38.95
      vertex -19.3032 23.6467 21.1204
    endloop
  endfacet
  facet normal -0.707107 0.707107 -1.09286e-14
    outer loop
      vertex -19.6273 23.3227 21.3103
      vertex 0 42.95 38.95
      vertex -19.4609 23.4891 21.2304
    endloop
  endfacet
  facet normal -0.707107 0.707107 1.12413e-16
    outer loop
      vertex -26.95 16 38.95
      vertex -19.6273 23.3227 21.3103
      vertex -19.7996 23.1504 21.3587
    endloop
  endfacet
  facet normal -0.707107 0.707107 8.59675e-18
    outer loop
      vertex -26.95 16 38.95
      vertex -19.7996 23.1504 21.3587
      vertex -19.975 22.975 21.375
    endloop
  endfacet
  facet normal -0.707107 0.707107 3.89231e-16
    outer loop
      vertex -26.95 16 38.95
      vertex -19.975 22.975 21.375
      vertex -20.1504 22.7996 21.3587
    endloop
  endfacet
  facet normal -0.707107 0.707107 -4.30073e-16
    outer loop
      vertex -26.95 16 38.95
      vertex -20.1504 22.7996 21.3587
      vertex -20.3227 22.6273 21.3103
    endloop
  endfacet
  facet normal -0.707107 0.707107 -5.39819e-15
    outer loop
      vertex -26.95 16 38.95
      vertex -20.3227 22.6273 21.3103
      vertex -20.4891 22.4609 21.2304
    endloop
  endfacet
  facet normal -0.707286 0.706928 -0.000130374
    outer loop
      vertex -26.95 16 38.95
      vertex -20.4891 22.4609 21.2304
      vertex -20.6467 22.3032 21.1204
    endloop
  endfacet
  facet normal -0.707107 0.707107 0
    outer loop
      vertex -26.95 16 38.95
      vertex -21.3185 21.6315 19.475
      vertex -26.95 16 5.72205e-07
    endloop
  endfacet
  facet normal -0.707107 0.707107 -5.73946e-19
    outer loop
      vertex -21.3185 21.6315 19.475
      vertex -26.95 16 38.95
      vertex -21.307 21.643 19.723
    endloop
  endfacet
  facet normal -0.707107 0.707107 -4.14238e-19
    outer loop
      vertex -21.307 21.643 19.723
      vertex -26.95 16 38.95
      vertex -21.2727 21.6773 19.9668
    endloop
  endfacet
  facet normal -0.707107 0.707107 8.68072e-17
    outer loop
      vertex -19.6273 23.3227 21.3103
      vertex -26.95 16 38.95
      vertex 0 42.95 38.95
    endloop
  endfacet
  facet normal -0.706924 0.70729 0.000125264
    outer loop
      vertex -20.7929 22.1571 20.9824
      vertex -26.95 16 38.95
      vertex -20.6467 22.3032 21.1204
    endloop
  endfacet
  facet normal -0.707107 0.707107 6.75071e-18
    outer loop
      vertex -20.925 22.025 20.8185
      vertex -26.95 16 38.95
      vertex -20.7929 22.1571 20.9824
    endloop
  endfacet
  facet normal -0.707107 0.707107 -9.66199e-18
    outer loop
      vertex -21.0409 21.9091 20.6316
      vertex -26.95 16 38.95
      vertex -20.925 22.025 20.8185
    endloop
  endfacet
  facet normal -0.707107 0.707107 -5.36513e-18
    outer loop
      vertex -21.1385 21.8115 20.425
      vertex -26.95 16 38.95
      vertex -21.0409 21.9091 20.6316
    endloop
  endfacet
  facet normal -0.707107 0.707107 3.39104e-18
    outer loop
      vertex -21.2162 21.7338 20.2021
      vertex -26.95 16 38.95
      vertex -21.1385 21.8115 20.425
    endloop
  endfacet
  facet normal -0.707107 0.707107 -7.46086e-18
    outer loop
      vertex -21.2727 21.6773 19.9668
      vertex -26.95 16 38.95
      vertex -21.2162 21.7338 20.2021
    endloop
  endfacet
  facet normal 0.804608 0.593807 2.59039e-18
    outer loop
      vertex 7 13.3 30.05
      vertex 5.00738 16 5.72205e-07
      vertex 5.00738 16 30.05
    endloop
  endfacet
  facet normal 0.804608 0.593807 2.59039e-18
    outer loop
      vertex 5.00738 16 5.72205e-07
      vertex 7 13.3 30.05
      vertex 7 13.3 5.72205e-07
    endloop
  endfacet
  facet normal -0.804608 0.593807 -2.59039e-18
    outer loop
      vertex -7 13.3 5.72205e-07
      vertex -5.00738 16 30.05
      vertex -5.00738 16 5.72205e-07
    endloop
  endfacet
  facet normal -0.804608 0.593807 -2.59039e-18
    outer loop
      vertex -5.00738 16 30.05
      vertex -7 13.3 5.72205e-07
      vertex -7 13.3 30.05
    endloop
  endfacet
  facet normal 0 -1 0
    outer loop
      vertex -7 13.3 5.72205e-07
      vertex 7 13.3 30.05
      vertex -7 13.3 30.05
    endloop
  endfacet
  facet normal 0 -1 -0
    outer loop
      vertex 7 13.3 30.05
      vertex -7 13.3 5.72205e-07
      vertex 7 13.3 5.72205e-07
    endloop
  endfacet
  facet normal -0 0 1
    outer loop
      vertex -5.00738 16 30.05
      vertex 7 13.3 30.05
      vertex 5.00738 16 30.05
    endloop
  endfacet
  facet normal 0 0 1
    outer loop
      vertex 7 13.3 30.05
      vertex -5.00738 16 30.05
      vertex -7 13.3 30.05
    endloop
  endfacet
  facet normal -0.137723 -0.137723 0.980849
    outer loop
      vertex -19.6273 23.3227 17.6397
      vertex -17.6783 21.029 17.5913
      vertex -17.506 21.2014 17.6397
    endloop
  endfacet
  facet normal -0.137765 -0.137758 0.980838
    outer loop
      vertex -17.6783 21.029 17.5913
      vertex -19.6273 23.3227 17.6397
      vertex -19.7996 23.1504 17.5913
    endloop
  endfacet
  facet normal -0.693513 -0.693513 0.195139
    outer loop
      vertex -18.6773 24.2727 18.9832
      vertex -16.5217 22.1857 19.227
      vertex -18.643 24.307 19.227
    endloop
  endfacet
  facet normal -0.693513 -0.693513 0.195139
    outer loop
      vertex -16.5217 22.1857 19.227
      vertex -18.6773 24.2727 18.9832
      vertex -16.556 22.1514 18.9832
    endloop
  endfacet
  facet normal -0.705591 -0.705591 0.0654379
    outer loop
      vertex -18.643 24.307 19.227
      vertex -16.5102 22.1972 19.475
      vertex -18.6315 24.3185 19.475
    endloop
  endfacet
  facet normal -0.705591 -0.705591 0.0654379
    outer loop
      vertex -16.5102 22.1972 19.475
      vertex -18.643 24.307 19.227
      vertex -16.5217 22.1857 19.227
    endloop
  endfacet
  facet normal -0.669555 -0.669555 0.321546
    outer loop
      vertex -18.7338 24.2162 18.7479
      vertex -16.556 22.1514 18.9832
      vertex -18.6773 24.2727 18.9832
    endloop
  endfacet
  facet normal -0.669601 -0.669632 0.321291
    outer loop
      vertex -16.556 22.1514 18.9832
      vertex -18.7338 24.2162 18.7479
      vertex -16.6124 22.0949 18.7479
    endloop
  endfacet
  facet normal -0.587962 -0.587962 0.555519
    outer loop
      vertex -18.9091 24.0409 18.3184
      vertex -16.6902 22.0172 18.525
      vertex -18.8115 24.1385 18.525
    endloop
  endfacet
  facet normal -0.587962 -0.587962 0.555519
    outer loop
      vertex -16.6902 22.0172 18.525
      vertex -18.9091 24.0409 18.3184
      vertex -16.7878 21.9196 18.3184
    endloop
  endfacet
  facet normal -0.227271 -0.227282 0.946938
    outer loop
      vertex -19.4609 23.4891 17.7196
      vertex -17.506 21.2014 17.6397
      vertex -17.3395 21.3678 17.7196
    endloop
  endfacet
  facet normal -0.227338 -0.227338 0.946908
    outer loop
      vertex -17.506 21.2014 17.6397
      vertex -19.4609 23.4891 17.7196
      vertex -19.6273 23.3227 17.6397
    endloop
  endfacet
  facet normal 0.693513 0.693513 -0.195139
    outer loop
      vertex -19.1514 19.556 19.9668
      vertex -21.307 21.643 19.723
      vertex -21.2727 21.6773 19.9668
    endloop
  endfacet
  facet normal 0.693513 0.693513 -0.195139
    outer loop
      vertex -21.307 21.643 19.723
      vertex -19.1514 19.556 19.9668
      vertex -19.1857 19.5217 19.723
    endloop
  endfacet
  facet normal -0.705591 -0.705591 -0.0654379
    outer loop
      vertex -16.5102 22.1972 19.475
      vertex -18.643 24.307 19.723
      vertex -18.6315 24.3185 19.475
    endloop
  endfacet
  facet normal -0.705591 -0.705591 -0.0654379
    outer loop
      vertex -18.643 24.307 19.723
      vertex -16.5102 22.1972 19.475
      vertex -16.5217 22.1857 19.723
    endloop
  endfacet
  facet normal 0.705591 0.705591 -0.0654379
    outer loop
      vertex -19.1857 19.5217 19.723
      vertex -21.3185 21.6315 19.475
      vertex -21.307 21.643 19.723
    endloop
  endfacet
  facet normal 0.705591 0.705591 -0.0654379
    outer loop
      vertex -21.3185 21.6315 19.475
      vertex -19.1857 19.5217 19.723
      vertex -19.1972 19.5102 19.475
    endloop
  endfacet
  facet normal 0.227276 0.227276 -0.946938
    outer loop
      vertex -18.3678 20.3395 21.2304
      vertex -20.3227 22.6273 21.3103
      vertex -18.2014 20.506 21.3103
    endloop
  endfacet
  facet normal 0.227343 0.227332 -0.946908
    outer loop
      vertex -20.3227 22.6273 21.3103
      vertex -18.3678 20.3395 21.2304
      vertex -20.4891 22.4609 21.2304
    endloop
  endfacet
  facet normal -0.634212 -0.634242 0.442167
    outer loop
      vertex -18.8115 24.1385 18.525
      vertex -16.6124 22.0949 18.7479
      vertex -18.7338 24.2162 18.7479
    endloop
  endfacet
  facet normal -0.634148 -0.634148 0.442395
    outer loop
      vertex -16.6124 22.0949 18.7479
      vertex -18.8115 24.1385 18.525
      vertex -16.6902 22.0172 18.525
    endloop
  endfacet
  facet normal -0.53163 -0.53163 0.659347
    outer loop
      vertex -18.9091 24.0409 18.3184
      vertex -16.9037 21.8037 18.1315
      vertex -16.7878 21.9196 18.3184
    endloop
  endfacet
  facet normal -0.53163 -0.53163 0.659347
    outer loop
      vertex -16.9037 21.8037 18.1315
      vertex -18.9091 24.0409 18.3184
      vertex -19.025 23.925 18.1315
    endloop
  endfacet
  facet normal -0.669555 -0.669555 -0.321546
    outer loop
      vertex -16.556 22.1514 19.9668
      vertex -18.7338 24.2162 20.2021
      vertex -18.6773 24.2727 19.9668
    endloop
  endfacet
  facet normal -0.669601 -0.669632 -0.321291
    outer loop
      vertex -18.7338 24.2162 20.2021
      vertex -16.556 22.1514 19.9668
      vertex -16.6124 22.0949 20.2021
    endloop
  endfacet
  facet normal 0.53163 0.53163 -0.659347
    outer loop
      vertex -18.9196 19.7878 20.6316
      vertex -20.925 22.025 20.8185
      vertex -18.8037 19.9037 20.8185
    endloop
  endfacet
  facet normal 0.53163 0.53163 -0.659347
    outer loop
      vertex -20.925 22.025 20.8185
      vertex -18.9196 19.7878 20.6316
      vertex -21.0409 21.9091 20.6316
    endloop
  endfacet
  facet normal -0.693513 -0.693513 -0.195139
    outer loop
      vertex -16.5217 22.1857 19.723
      vertex -18.6773 24.2727 19.9668
      vertex -18.643 24.307 19.723
    endloop
  endfacet
  facet normal -0.693513 -0.693513 -0.195139
    outer loop
      vertex -18.6773 24.2727 19.9668
      vertex -16.5217 22.1857 19.723
      vertex -16.556 22.1514 19.9668
    endloop
  endfacet
  facet normal -0.0463795 -0.0463773 -0.997847
    outer loop
      vertex -17.8537 20.8537 21.375
      vertex -19.7996 23.1504 21.3587
      vertex -17.6783 21.029 21.3587
    endloop
  endfacet
  facet normal -0.0463652 -0.0463652 -0.997848
    outer loop
      vertex -19.7996 23.1504 21.3587
      vertex -17.8537 20.8537 21.375
      vertex -19.975 22.975 21.375
    endloop
  endfacet
  facet normal 0.669571 0.669539 -0.321546
    outer loop
      vertex -19.0949 19.6124 20.2021
      vertex -21.2727 21.6773 19.9668
      vertex -21.2162 21.7338 20.2021
    endloop
  endfacet
  facet normal 0.669616 0.669616 -0.321291
    outer loop
      vertex -21.2727 21.6773 19.9668
      vertex -19.0949 19.6124 20.2021
      vertex -19.1514 19.556 19.9668
    endloop
  endfacet
  facet normal -0.587962 -0.587962 -0.555519
    outer loop
      vertex -16.6902 22.0172 20.425
      vertex -18.9091 24.0409 20.6316
      vertex -18.8115 24.1385 20.425
    endloop
  endfacet
  facet normal -0.587962 -0.587962 -0.555519
    outer loop
      vertex -18.9091 24.0409 20.6316
      vertex -16.6902 22.0172 20.425
      vertex -16.7878 21.9196 20.6316
    endloop
  endfacet
  facet normal -0.312946 -0.312946 0.896733
    outer loop
      vertex -19.3032 23.6467 17.8296
      vertex -17.3395 21.3678 17.7196
      vertex -17.1819 21.5254 17.8296
    endloop
  endfacet
  facet normal -0.312859 -0.312874 0.896788
    outer loop
      vertex -17.3395 21.3678 17.7196
      vertex -19.3032 23.6467 17.8296
      vertex -19.4609 23.4891 17.7196
    endloop
  endfacet
  facet normal 0.312953 0.312939 0.896733
    outer loop
      vertex -20.4891 22.4609 17.7196
      vertex -18.5254 20.1819 17.8296
      vertex -18.3678 20.3395 17.7196
    endloop
  endfacet
  facet normal 0.312866 0.312866 0.896788
    outer loop
      vertex -18.5254 20.1819 17.8296
      vertex -20.4891 22.4609 17.7196
      vertex -20.6467 22.3032 17.8296
    endloop
  endfacet
  facet normal -0.312946 -0.312946 -0.896733
    outer loop
      vertex -17.3395 21.3678 21.2304
      vertex -19.3032 23.6467 21.1204
      vertex -17.1819 21.5254 21.1204
    endloop
  endfacet
  facet normal -0.312859 -0.312874 -0.896788
    outer loop
      vertex -19.3032 23.6467 21.1204
      vertex -17.3395 21.3678 21.2304
      vertex -19.4609 23.4891 21.2304
    endloop
  endfacet
  facet normal -0.227271 -0.227282 -0.946938
    outer loop
      vertex -17.506 21.2014 21.3103
      vertex -19.4609 23.4891 21.2304
      vertex -17.3395 21.3678 21.2304
    endloop
  endfacet
  facet normal -0.227338 -0.227338 -0.946908
    outer loop
      vertex -19.4609 23.4891 21.2304
      vertex -17.506 21.2014 21.3103
      vertex -19.6273 23.3227 21.3103
    endloop
  endfacet
  facet normal 0.13772 0.137726 -0.980849
    outer loop
      vertex -18.2014 20.506 21.3103
      vertex -20.1504 22.7996 21.3587
      vertex -18.029 20.6783 21.3587
    endloop
  endfacet
  facet normal 0.137761 0.137761 -0.980838
    outer loop
      vertex -20.1504 22.7996 21.3587
      vertex -18.2014 20.506 21.3103
      vertex -20.3227 22.6273 21.3103
    endloop
  endfacet
  facet normal 0.669571 0.669539 0.321546
    outer loop
      vertex -21.2727 21.6773 18.9832
      vertex -19.0949 19.6124 18.7479
      vertex -21.2162 21.7338 18.7479
    endloop
  endfacet
  facet normal 0.669616 0.669616 0.321291
    outer loop
      vertex -19.0949 19.6124 18.7479
      vertex -21.2727 21.6773 18.9832
      vertex -19.1514 19.556 18.9832
    endloop
  endfacet
  facet normal 0.13772 0.137726 0.980849
    outer loop
      vertex -20.1504 22.7996 17.5913
      vertex -18.2014 20.506 17.6397
      vertex -18.029 20.6783 17.5913
    endloop
  endfacet
  facet normal 0.137761 0.137761 0.980838
    outer loop
      vertex -18.2014 20.506 17.6397
      vertex -20.1504 22.7996 17.5913
      vertex -20.3227 22.6273 17.6397
    endloop
  endfacet
  facet normal 0.392643 0.392643 0.831663
    outer loop
      vertex -20.6467 22.3032 17.8296
      vertex -18.6716 20.0358 17.9676
      vertex -18.5254 20.1819 17.8296
    endloop
  endfacet
  facet normal 0.392643 0.392643 0.831663
    outer loop
      vertex -18.6716 20.0358 17.9676
      vertex -20.6467 22.3032 17.8296
      vertex -20.7929 22.1571 17.9676
    endloop
  endfacet
  facet normal -0.392643 -0.392643 -0.831663
    outer loop
      vertex -17.1819 21.5254 21.1204
      vertex -19.1571 23.7929 20.9824
      vertex -17.0358 21.6716 20.9824
    endloop
  endfacet
  facet normal -0.392643 -0.392643 -0.831663
    outer loop
      vertex -19.1571 23.7929 20.9824
      vertex -17.1819 21.5254 21.1204
      vertex -19.3032 23.6467 21.1204
    endloop
  endfacet
  facet normal -0.137723 -0.137723 -0.980849
    outer loop
      vertex -17.6783 21.029 21.3587
      vertex -19.6273 23.3227 21.3103
      vertex -17.506 21.2014 21.3103
    endloop
  endfacet
  facet normal -0.137765 -0.137758 -0.980838
    outer loop
      vertex -19.6273 23.3227 21.3103
      vertex -17.6783 21.029 21.3587
      vertex -19.7996 23.1504 21.3587
    endloop
  endfacet
  facet normal 0.634227 0.634227 0.442167
    outer loop
      vertex -21.2162 21.7338 18.7479
      vertex -19.0172 19.6902 18.525
      vertex -21.1385 21.8115 18.525
    endloop
  endfacet
  facet normal 0.634163 0.634133 0.442395
    outer loop
      vertex -19.0172 19.6902 18.525
      vertex -21.2162 21.7338 18.7479
      vertex -19.0949 19.6124 18.7479
    endloop
  endfacet
  facet normal -0.466333 -0.466333 0.751709
    outer loop
      vertex -19.025 23.925 18.1315
      vertex -17.0358 21.6716 17.9676
      vertex -16.9037 21.8037 18.1315
    endloop
  endfacet
  facet normal -0.466333 -0.466333 0.751709
    outer loop
      vertex -17.0358 21.6716 17.9676
      vertex -19.025 23.925 18.1315
      vertex -19.1571 23.7929 17.9676
    endloop
  endfacet
  facet normal 0.587962 0.587962 0.555519
    outer loop
      vertex -21.1385 21.8115 18.525
      vertex -18.9196 19.7878 18.3184
      vertex -21.0409 21.9091 18.3184
    endloop
  endfacet
  facet normal 0.587962 0.587962 0.555519
    outer loop
      vertex -18.9196 19.7878 18.3184
      vertex -21.1385 21.8115 18.525
      vertex -19.0172 19.6902 18.525
    endloop
  endfacet
  facet normal 0.0463784 0.0463784 -0.997847
    outer loop
      vertex -18.029 20.6783 21.3587
      vertex -19.975 22.975 21.375
      vertex -17.8537 20.8537 21.375
    endloop
  endfacet
  facet normal 0.0463641 0.0463663 -0.997848
    outer loop
      vertex -19.975 22.975 21.375
      vertex -18.029 20.6783 21.3587
      vertex -20.1504 22.7996 21.3587
    endloop
  endfacet
  facet normal 0.466333 0.466333 0.751709
    outer loop
      vertex -20.7929 22.1571 17.9676
      vertex -18.8037 19.9037 18.1315
      vertex -18.6716 20.0358 17.9676
    endloop
  endfacet
  facet normal 0.466333 0.466333 0.751709
    outer loop
      vertex -18.8037 19.9037 18.1315
      vertex -20.7929 22.1571 17.9676
      vertex -20.925 22.025 18.1315
    endloop
  endfacet
  facet normal 0.466333 0.466333 -0.751709
    outer loop
      vertex -18.8037 19.9037 20.8185
      vertex -20.7929 22.1571 20.9824
      vertex -18.6716 20.0358 20.9824
    endloop
  endfacet
  facet normal 0.466333 0.466333 -0.751709
    outer loop
      vertex -20.7929 22.1571 20.9824
      vertex -18.8037 19.9037 20.8185
      vertex -20.925 22.025 20.8185
    endloop
  endfacet
  facet normal -0.707107 0.707107 7.07713e-16
    outer loop
      vertex -11.0908 16.495 22.4195
      vertex -11.5858 16 22.7184
      vertex -11.3729 16.2129 22.6162
    endloop
  endfacet
  facet normal -0.707107 0.707107 -1.40237e-14
    outer loop
      vertex -10.8293 16.7565 22.1724
      vertex -11.5858 16 22.7184
      vertex -11.0908 16.495 22.4195
    endloop
  endfacet
  facet normal -0.707107 0.707107 3.16571e-15
    outer loop
      vertex -10.5929 16.9929 21.8792
      vertex -11.5858 16 22.7184
      vertex -10.8293 16.7565 22.1724
    endloop
  endfacet
  facet normal -0.707294 0.706919 -0.000444309
    outer loop
      vertex -10.3855 17.2002 21.5448
      vertex -11.5858 16 22.7184
      vertex -10.5929 16.9929 21.8792
    endloop
  endfacet
  facet normal -0.706878 0.707335 0.000407207
    outer loop
      vertex -10.2108 17.375 21.175
      vertex -11.5858 16 22.7184
      vertex -10.3855 17.2002 21.5448
    endloop
  endfacet
  facet normal -0.70727 0.706943 -0.000291206
    outer loop
      vertex -10.0717 17.514 20.7761
      vertex -11.5858 16 22.7184
      vertex -10.2108 17.375 21.175
    endloop
  endfacet
  facet normal -0.706995 0.707218 0.000137512
    outer loop
      vertex -9.97065 17.6151 20.355
      vertex -11.5858 16 22.7184
      vertex -10.0717 17.514 20.7761
    endloop
  endfacet
  facet normal -0.707018 0.707195 0.000105946
    outer loop
      vertex -9.9093 17.6765 19.9188
      vertex -11.5858 16 22.7184
      vertex -9.97065 17.6151 20.355
    endloop
  endfacet
  facet normal -0.707064 0.70715 5.18122e-05
    outer loop
      vertex -9.88873 17.6971 19.475
      vertex -11.5858 16 22.7184
      vertex -9.9093 17.6765 19.9188
    endloop
  endfacet
  facet normal -0.707064 0.70715 -5.18122e-05
    outer loop
      vertex -11.5858 16 16.2316
      vertex -9.88873 17.6971 19.475
      vertex -9.9093 17.6765 19.0312
    endloop
  endfacet
  facet normal -0.707018 0.707195 -0.000105946
    outer loop
      vertex -11.5858 16 16.2316
      vertex -9.9093 17.6765 19.0312
      vertex -9.97065 17.6151 18.595
    endloop
  endfacet
  facet normal -0.706995 0.707218 -0.000137512
    outer loop
      vertex -11.5858 16 16.2316
      vertex -9.97065 17.6151 18.595
      vertex -10.0717 17.514 18.1739
    endloop
  endfacet
  facet normal -0.70727 0.706943 0.000291206
    outer loop
      vertex -11.5858 16 16.2316
      vertex -10.0717 17.514 18.1739
      vertex -10.2108 17.375 17.775
    endloop
  endfacet
  facet normal -0.706878 0.707335 -0.000407207
    outer loop
      vertex -11.5858 16 16.2316
      vertex -10.2108 17.375 17.775
      vertex -10.3855 17.2002 17.4052
    endloop
  endfacet
  facet normal -0.707294 0.706919 0.000444309
    outer loop
      vertex -11.5858 16 16.2316
      vertex -10.3855 17.2002 17.4052
      vertex -10.5929 16.9929 17.0708
    endloop
  endfacet
  facet normal -0.707107 0.707107 -3.55904e-15
    outer loop
      vertex -11.5858 16 16.2316
      vertex -10.5929 16.9929 17.0708
      vertex -10.8293 16.7565 16.7776
    endloop
  endfacet
  facet normal -0.707107 0.707107 1.41146e-14
    outer loop
      vertex -11.5858 16 16.2316
      vertex -10.8293 16.7565 16.7776
      vertex -11.0908 16.495 16.5305
    endloop
  endfacet
  facet normal -0.707107 0.707107 -3.45481e-16
    outer loop
      vertex -11.5858 16 16.2316
      vertex -11.0908 16.495 16.5305
      vertex -11.3729 16.2129 16.3338
    endloop
  endfacet
  facet normal -0.707113 0.707101 1.05546e-17
    outer loop
      vertex -9.88873 17.6971 19.475
      vertex -11.5858 16 16.2316
      vertex -11.5858 16 22.7184
    endloop
  endfacet
  facet normal 0.53163 0.53163 0.659347
    outer loop
      vertex -20.925 22.025 18.1315
      vertex -18.9196 19.7878 18.3184
      vertex -18.8037 19.9037 18.1315
    endloop
  endfacet
  facet normal 0.53163 0.53163 0.659347
    outer loop
      vertex -18.9196 19.7878 18.3184
      vertex -20.925 22.025 18.1315
      vertex -21.0409 21.9091 18.3184
    endloop
  endfacet
  facet normal -0.53163 -0.53163 -0.659347
    outer loop
      vertex -16.9037 21.8037 20.8185
      vertex -18.9091 24.0409 20.6316
      vertex -16.7878 21.9196 20.6316
    endloop
  endfacet
  facet normal -0.53163 -0.53163 -0.659347
    outer loop
      vertex -18.9091 24.0409 20.6316
      vertex -16.9037 21.8037 20.8185
      vertex -19.025 23.925 20.8185
    endloop
  endfacet
  facet normal -0.634212 -0.634242 -0.442167
    outer loop
      vertex -16.6124 22.0949 20.2021
      vertex -18.8115 24.1385 20.425
      vertex -18.7338 24.2162 20.2021
    endloop
  endfacet
  facet normal -0.634148 -0.634148 -0.442395
    outer loop
      vertex -18.8115 24.1385 20.425
      vertex -16.6124 22.0949 20.2021
      vertex -16.6902 22.0172 20.425
    endloop
  endfacet
  facet normal 0.392643 0.392643 -0.831663
    outer loop
      vertex -18.6716 20.0358 20.9824
      vertex -20.6467 22.3032 21.1204
      vertex -18.5254 20.1819 21.1204
    endloop
  endfacet
  facet normal 0.392643 0.392643 -0.831663
    outer loop
      vertex -20.6467 22.3032 21.1204
      vertex -18.6716 20.0358 20.9824
      vertex -20.7929 22.1571 20.9824
    endloop
  endfacet
  facet normal 0.693513 0.693513 0.195139
    outer loop
      vertex -21.307 21.643 19.227
      vertex -19.1514 19.556 18.9832
      vertex -21.2727 21.6773 18.9832
    endloop
  endfacet
  facet normal 0.693513 0.693513 0.195139
    outer loop
      vertex -19.1514 19.556 18.9832
      vertex -21.307 21.643 19.227
      vertex -19.1857 19.5217 19.227
    endloop
  endfacet
  facet normal -0.0463795 -0.0463773 0.997847
    outer loop
      vertex -19.7996 23.1504 17.5913
      vertex -17.8537 20.8537 17.575
      vertex -17.6783 21.029 17.5913
    endloop
  endfacet
  facet normal -0.0463652 -0.0463652 0.997848
    outer loop
      vertex -17.8537 20.8537 17.575
      vertex -19.7996 23.1504 17.5913
      vertex -19.975 22.975 17.575
    endloop
  endfacet
  facet normal -0.392643 -0.392643 0.831663
    outer loop
      vertex -19.1571 23.7929 17.9676
      vertex -17.1819 21.5254 17.8296
      vertex -17.0358 21.6716 17.9676
    endloop
  endfacet
  facet normal -0.392643 -0.392643 0.831663
    outer loop
      vertex -17.1819 21.5254 17.8296
      vertex -19.1571 23.7929 17.9676
      vertex -19.3032 23.6467 17.8296
    endloop
  endfacet
  facet normal 0.227276 0.227276 0.946938
    outer loop
      vertex -20.3227 22.6273 17.6397
      vertex -18.3678 20.3395 17.7196
      vertex -18.2014 20.506 17.6397
    endloop
  endfacet
  facet normal 0.227343 0.227332 0.946908
    outer loop
      vertex -18.3678 20.3395 17.7196
      vertex -20.3227 22.6273 17.6397
      vertex -20.4891 22.4609 17.7196
    endloop
  endfacet
  facet normal 0.0463784 0.0463784 0.997847
    outer loop
      vertex -19.975 22.975 17.575
      vertex -18.029 20.6783 17.5913
      vertex -17.8537 20.8537 17.575
    endloop
  endfacet
  facet normal 0.0463641 0.0463663 0.997848
    outer loop
      vertex -18.029 20.6783 17.5913
      vertex -19.975 22.975 17.575
      vertex -20.1504 22.7996 17.5913
    endloop
  endfacet
  facet normal 0.705591 0.705591 0.0654379
    outer loop
      vertex -21.3185 21.6315 19.475
      vertex -19.1857 19.5217 19.227
      vertex -21.307 21.643 19.227
    endloop
  endfacet
  facet normal 0.705591 0.705591 0.0654379
    outer loop
      vertex -19.1857 19.5217 19.227
      vertex -21.3185 21.6315 19.475
      vertex -19.1972 19.5102 19.475
    endloop
  endfacet
  facet normal 0.634227 0.634227 -0.442167
    outer loop
      vertex -19.0172 19.6902 20.425
      vertex -21.2162 21.7338 20.2021
      vertex -21.1385 21.8115 20.425
    endloop
  endfacet
  facet normal 0.634163 0.634133 -0.442395
    outer loop
      vertex -21.2162 21.7338 20.2021
      vertex -19.0172 19.6902 20.425
      vertex -19.0949 19.6124 20.2021
    endloop
  endfacet
  facet normal 0.312953 0.312939 -0.896733
    outer loop
      vertex -18.5254 20.1819 21.1204
      vertex -20.4891 22.4609 21.2304
      vertex -18.3678 20.3395 21.2304
    endloop
  endfacet
  facet normal 0.312866 0.312866 -0.896788
    outer loop
      vertex -20.4891 22.4609 21.2304
      vertex -18.5254 20.1819 21.1204
      vertex -20.6467 22.3032 21.1204
    endloop
  endfacet
  facet normal -0.466333 -0.466333 -0.751709
    outer loop
      vertex -17.0358 21.6716 20.9824
      vertex -19.025 23.925 20.8185
      vertex -16.9037 21.8037 20.8185
    endloop
  endfacet
  facet normal -0.466333 -0.466333 -0.751709
    outer loop
      vertex -19.025 23.925 20.8185
      vertex -17.0358 21.6716 20.9824
      vertex -19.1571 23.7929 20.9824
    endloop
  endfacet
  facet normal 0.587962 0.587962 -0.555519
    outer loop
      vertex -18.9196 19.7878 20.6316
      vertex -21.1385 21.8115 20.425
      vertex -21.0409 21.9091 20.6316
    endloop
  endfacet
  facet normal 0.587962 0.587962 -0.555519
    outer loop
      vertex -21.1385 21.8115 20.425
      vertex -18.9196 19.7878 20.6316
      vertex -19.0172 19.6902 20.425
    endloop
  endfacet
  facet normal -0.693521 -0.693521 0.195083
    outer loop
      vertex -15.5314 23.1759 18.595
      vertex -9.9093 17.6765 19.0312
      vertex -15.4701 23.2373 19.0312
    endloop
  endfacet
  facet normal -0.693513 -0.693507 0.195159
    outer loop
      vertex -9.9093 17.6765 19.0312
      vertex -15.5314 23.1759 18.595
      vertex -9.97065 17.6151 18.595
    endloop
  endfacet
  facet normal -0.705591 -0.7056 0.0653447
    outer loop
      vertex -15.4701 23.2373 19.0312
      vertex -9.88873 17.6971 19.475
      vertex -15.4495 23.2578 19.475
    endloop
  endfacet
  facet normal -0.70559 -0.70559 0.0654555
    outer loop
      vertex -9.88873 17.6971 19.475
      vertex -15.4701 23.2373 19.0312
      vertex -9.9093 17.6765 19.0312
    endloop
  endfacet
  facet normal 0.392895 0.392895 0.831424
    outer loop
      vertex -19.0558 19.6516 16.5305
      vertex -15.9271 16 16.7776
      vertex -15.4042 16 16.5305
    endloop
  endfacet
  facet normal 0.392895 0.392895 0.831424
    outer loop
      vertex -15.9271 16 16.7776
      vertex -19.0558 19.6516 16.5305
      vertex -19.3172 19.3901 16.7776
    endloop
  endfacet
  facet normal 0.53165 0.53165 0.659316
    outer loop
      vertex -19.5537 19.1537 17.0708
      vertex -16.8147 16 17.4052
      vertex -16.4 16 17.0708
    endloop
  endfacet
  facet normal 0.53165 0.53165 0.659316
    outer loop
      vertex -16.8147 16 17.4052
      vertex -19.5537 19.1537 17.0708
      vertex -19.761 18.9463 17.4052
    endloop
  endfacet
  facet normal -0.0462677 -0.0462677 0.997857
    outer loop
      vertex -17.5399 21.1675 16.1041
      vertex -13 16 16.075
      vertex -12.3724 16 16.1041
    endloop
  endfacet
  facet normal -0.0462677 -0.0462677 0.997857
    outer loop
      vertex -13 16 16.075
      vertex -17.5399 21.1675 16.1041
      vertex -17.8537 20.8537 16.075
    endloop
  endfacet
  facet normal 0.587959 0.587959 0.555525
    outer loop
      vertex -16.8147 16 17.4052
      vertex -19.9357 18.7716 17.775
      vertex -17.1641 16 17.775
    endloop
  endfacet
  facet normal 0.587959 0.587959 0.555525
    outer loop
      vertex -19.9357 18.7716 17.775
      vertex -16.8147 16 17.4052
      vertex -19.761 18.9463 17.4052
    endloop
  endfacet
  facet normal 0.46618 0.46618 0.751899
    outer loop
      vertex -19.3172 19.3901 16.7776
      vertex -16.4 16 17.0708
      vertex -15.9271 16 16.7776
    endloop
  endfacet
  facet normal 0.46618 0.46618 0.751899
    outer loop
      vertex -16.4 16 17.0708
      vertex -19.3172 19.3901 16.7776
      vertex -19.5537 19.1537 17.0708
    endloop
  endfacet
  facet normal 0.227203 0.227203 0.946973
    outer loop
      vertex -18.4759 20.2314 16.1909
      vertex -14.8401 16 16.3338
      vertex -14.2445 16 16.1909
    endloop
  endfacet
  facet normal 0.227203 0.227203 0.946973
    outer loop
      vertex -14.8401 16 16.3338
      vertex -18.4759 20.2314 16.1909
      vertex -18.7737 19.9336 16.3338
    endloop
  endfacet
  facet normal 0.669565 0.669565 -0.321506
    outer loop
      vertex -17.6445 16 20.355
      vertex -20.0748 18.6325 20.7761
      vertex -17.4423 16 20.7761
    endloop
  endfacet
  facet normal 0.669565 0.669565 -0.321506
    outer loop
      vertex -20.0748 18.6325 20.7761
      vertex -17.6445 16 20.355
      vertex -20.1759 18.5314 20.355
    endloop
  endfacet
  facet normal -0.53165 -0.53165 0.659316
    outer loop
      vertex -15.9463 22.761 17.4052
      vertex -10.5929 16.9929 17.0708
      vertex -10.3855 17.2002 17.4052
    endloop
  endfacet
  facet normal -0.53165 -0.53165 0.659316
    outer loop
      vertex -10.5929 16.9929 17.0708
      vertex -15.9463 22.761 17.4052
      vertex -16.1537 22.5537 17.0708
    endloop
  endfacet
  facet normal 0.312739 0.312739 0.896877
    outer loop
      vertex -18.7737 19.9336 16.3338
      vertex -15.4042 16 16.5305
      vertex -14.8401 16 16.3338
    endloop
  endfacet
  facet normal 0.312739 0.312739 0.896877
    outer loop
      vertex -15.4042 16 16.5305
      vertex -18.7737 19.9336 16.3338
      vertex -19.0558 19.6516 16.5305
    endloop
  endfacet
  facet normal 0.53165 0.53165 -0.659316
    outer loop
      vertex -16.8147 16 21.5448
      vertex -19.5537 19.1537 21.8792
      vertex -16.4 16 21.8792
    endloop
  endfacet
  facet normal 0.53165 0.53165 -0.659316
    outer loop
      vertex -19.5537 19.1537 21.8792
      vertex -16.8147 16 21.5448
      vertex -19.761 18.9463 21.5448
    endloop
  endfacet
  facet normal -0.587959 -0.587959 0.555525
    outer loop
      vertex -10.3855 17.2002 17.4052
      vertex -15.7716 22.9357 17.775
      vertex -15.9463 22.761 17.4052
    endloop
  endfacet
  facet normal -0.587902 -0.587913 0.555635
    outer loop
      vertex -15.7716 22.9357 17.775
      vertex -10.3855 17.2002 17.4052
      vertex -10.2108 17.375 17.775
    endloop
  endfacet
  facet normal 0.137998 0.137998 -0.980772
    outer loop
      vertex -14.2445 16 22.7591
      vertex -18.1675 20.5399 22.8459
      vertex -13.6276 16 22.8459
    endloop
  endfacet
  facet normal 0.137998 0.137998 -0.980772
    outer loop
      vertex -18.1675 20.5399 22.8459
      vertex -14.2445 16 22.7591
      vertex -18.4759 20.2314 22.7591
    endloop
  endfacet
  facet normal -0.693521 -0.693521 -0.195083
    outer loop
      vertex -9.9093 17.6765 19.9188
      vertex -15.5314 23.1759 20.355
      vertex -15.4701 23.2373 19.9188
    endloop
  endfacet
  facet normal -0.693513 -0.693507 -0.195159
    outer loop
      vertex -15.5314 23.1759 20.355
      vertex -9.9093 17.6765 19.9188
      vertex -9.97065 17.6151 20.355
    endloop
  endfacet
  facet normal -0.137998 -0.137998 -0.980772
    outer loop
      vertex -12.3724 16 22.8459
      vertex -17.2314 21.4759 22.7591
      vertex -11.7555 16 22.7591
    endloop
  endfacet
  facet normal -0.137998 -0.137998 -0.980772
    outer loop
      vertex -17.2314 21.4759 22.7591
      vertex -12.3724 16 22.8459
      vertex -17.5399 21.1675 22.8459
    endloop
  endfacet
  facet normal -0.587959 -0.587959 -0.555525
    outer loop
      vertex -15.7716 22.9357 21.175
      vertex -10.3855 17.2002 21.5448
      vertex -15.9463 22.761 21.5448
    endloop
  endfacet
  facet normal -0.587902 -0.587913 -0.555635
    outer loop
      vertex -10.3855 17.2002 21.5448
      vertex -15.7716 22.9357 21.175
      vertex -10.2108 17.375 21.175
    endloop
  endfacet
  facet normal -0.669568 -0.669562 -0.321506
    outer loop
      vertex -9.97065 17.6151 20.355
      vertex -15.6325 23.0748 20.7761
      vertex -15.5314 23.1759 20.355
    endloop
  endfacet
  facet normal -0.669582 -0.669582 -0.321434
    outer loop
      vertex -15.6325 23.0748 20.7761
      vertex -9.97065 17.6151 20.355
      vertex -10.0717 17.514 20.7761
    endloop
  endfacet
  facet normal -0.312694 -0.312694 0.896909
    outer loop
      vertex -16.6516 22.0558 16.5305
      vertex -11.3729 16.2129 16.3338
      vertex -11.0908 16.495 16.5305
    endloop
  endfacet
  facet normal -0.312741 -0.312736 0.896877
    outer loop
      vertex -11.3729 16.2129 16.3338
      vertex -16.6516 22.0558 16.5305
      vertex -16.9336 21.7737 16.3338
    endloop
  endfacet
  facet normal -0.39284 -0.392847 -0.831473
    outer loop
      vertex -11.0908 16.495 22.4195
      vertex -16.3901 22.3172 22.1724
      vertex -10.8293 16.7565 22.1724
    endloop
  endfacet
  facet normal -0.392895 -0.392895 -0.831424
    outer loop
      vertex -16.3901 22.3172 22.1724
      vertex -11.0908 16.495 22.4195
      vertex -16.6516 22.0558 22.4195
    endloop
  endfacet
  facet normal -0.312694 -0.312694 -0.896909
    outer loop
      vertex -11.3729 16.2129 22.6162
      vertex -16.6516 22.0558 22.4195
      vertex -11.0908 16.495 22.4195
    endloop
  endfacet
  facet normal -0.312741 -0.312736 -0.896877
    outer loop
      vertex -16.6516 22.0558 22.4195
      vertex -11.3729 16.2129 22.6162
      vertex -16.9336 21.7737 22.6162
    endloop
  endfacet
  facet normal -0.39284 -0.392847 0.831473
    outer loop
      vertex -16.3901 22.3172 16.7776
      vertex -11.0908 16.495 16.5305
      vertex -10.8293 16.7565 16.7776
    endloop
  endfacet
  facet normal -0.392895 -0.392895 0.831424
    outer loop
      vertex -11.0908 16.495 16.5305
      vertex -16.3901 22.3172 16.7776
      vertex -16.6516 22.0558 16.5305
    endloop
  endfacet
  facet normal -0.466236 -0.466236 0.75183
    outer loop
      vertex -16.1537 22.5537 17.0708
      vertex -10.8293 16.7565 16.7776
      vertex -10.5929 16.9929 17.0708
    endloop
  endfacet
  facet normal -0.466176 -0.466185 0.751899
    outer loop
      vertex -10.8293 16.7565 16.7776
      vertex -16.1537 22.5537 17.0708
      vertex -16.3901 22.3172 16.7776
    endloop
  endfacet
  facet normal 0.693521 0.693521 -0.195083
    outer loop
      vertex -17.6445 16 20.355
      vertex -20.2373 18.4701 19.9188
      vertex -20.1759 18.5314 20.355
    endloop
  endfacet
  facet normal 0.693521 0.693521 -0.195083
    outer loop
      vertex -20.2373 18.4701 19.9188
      vertex -17.6445 16 20.355
      vertex -17.7672 16 19.9188
    endloop
  endfacet
  facet normal 0.693521 0.693521 0.195083
    outer loop
      vertex -17.6445 16 18.595
      vertex -20.2373 18.4701 19.0312
      vertex -17.7672 16 19.0312
    endloop
  endfacet
  facet normal 0.693521 0.693521 0.195083
    outer loop
      vertex -20.2373 18.4701 19.0312
      vertex -17.6445 16 18.595
      vertex -20.1759 18.5314 18.595
    endloop
  endfacet
  facet normal 0.0462677 0.0462677 -0.997857
    outer loop
      vertex -13.6276 16 22.8459
      vertex -17.8537 20.8537 22.875
      vertex -13 16 22.875
    endloop
  endfacet
  facet normal 0.0462677 0.0462677 -0.997857
    outer loop
      vertex -17.8537 20.8537 22.875
      vertex -13.6276 16 22.8459
      vertex -18.1675 20.5399 22.8459
    endloop
  endfacet
  facet normal 0.46618 0.46618 -0.751899
    outer loop
      vertex -16.4 16 21.8792
      vertex -19.3172 19.3901 22.1724
      vertex -15.9271 16 22.1724
    endloop
  endfacet
  facet normal 0.46618 0.46618 -0.751899
    outer loop
      vertex -19.3172 19.3901 22.1724
      vertex -16.4 16 21.8792
      vertex -19.5537 19.1537 21.8792
    endloop
  endfacet
  facet normal -0.634184 -0.634184 0.442291
    outer loop
      vertex -15.7716 22.9357 17.775
      vertex -10.0717 17.514 18.1739
      vertex -15.6325 23.0748 18.1739
    endloop
  endfacet
  facet normal -0.634223 -0.634234 0.442163
    outer loop
      vertex -10.0717 17.514 18.1739
      vertex -15.7716 22.9357 17.775
      vertex -10.2108 17.375 17.775
    endloop
  endfacet
  facet normal -0.53165 -0.53165 -0.659316
    outer loop
      vertex -10.5929 16.9929 21.8792
      vertex -15.9463 22.761 21.5448
      vertex -10.3855 17.2002 21.5448
    endloop
  endfacet
  facet normal -0.53165 -0.53165 -0.659316
    outer loop
      vertex -15.9463 22.761 21.5448
      vertex -10.5929 16.9929 21.8792
      vertex -16.1537 22.5537 21.8792
    endloop
  endfacet
  facet normal 0.705596 0.705596 -0.0653447
    outer loop
      vertex -17.7672 16 19.9188
      vertex -20.2578 18.4495 19.475
      vertex -20.2373 18.4701 19.9188
    endloop
  endfacet
  facet normal 0.705596 0.705596 -0.0653447
    outer loop
      vertex -20.2578 18.4495 19.475
      vertex -17.7672 16 19.9188
      vertex -17.8083 16 19.475
    endloop
  endfacet
  facet normal -0.0462677 -0.0462677 -0.997857
    outer loop
      vertex -13 16 22.875
      vertex -17.5399 21.1675 22.8459
      vertex -12.3724 16 22.8459
    endloop
  endfacet
  facet normal -0.0462677 -0.0462677 -0.997857
    outer loop
      vertex -17.5399 21.1675 22.8459
      vertex -13 16 22.875
      vertex -17.8537 20.8537 22.875
    endloop
  endfacet
  facet normal 0.669565 0.669565 0.321506
    outer loop
      vertex -20.0748 18.6325 18.1739
      vertex -17.6445 16 18.595
      vertex -17.4423 16 18.1739
    endloop
  endfacet
  facet normal 0.669565 0.669565 0.321506
    outer loop
      vertex -17.6445 16 18.595
      vertex -20.0748 18.6325 18.1739
      vertex -20.1759 18.5314 18.595
    endloop
  endfacet
  facet normal -0.227108 -0.227456 0.946935
    outer loop
      vertex -11.3729 16.2129 16.3338
      vertex -11.7555 16 16.1909
      vertex -11.5858 16 16.2316
    endloop
  endfacet
  facet normal -0.227239 -0.227235 0.946956
    outer loop
      vertex -16.9336 21.7737 16.3338
      vertex -11.7555 16 16.1909
      vertex -11.3729 16.2129 16.3338
    endloop
  endfacet
  facet normal -0.227203 -0.227203 0.946973
    outer loop
      vertex -11.7555 16 16.1909
      vertex -16.9336 21.7737 16.3338
      vertex -17.2314 21.4759 16.1909
    endloop
  endfacet
  facet normal 0.705596 0.705596 0.0653447
    outer loop
      vertex -17.7672 16 19.0312
      vertex -20.2578 18.4495 19.475
      vertex -17.8083 16 19.475
    endloop
  endfacet
  facet normal 0.705596 0.705596 0.0653447
    outer loop
      vertex -20.2578 18.4495 19.475
      vertex -17.7672 16 19.0312
      vertex -20.2373 18.4701 19.0312
    endloop
  endfacet
  facet normal 0.634184 0.634184 -0.442291
    outer loop
      vertex -17.1641 16 21.175
      vertex -20.0748 18.6325 20.7761
      vertex -19.9357 18.7716 21.175
    endloop
  endfacet
  facet normal 0.634184 0.634184 -0.442291
    outer loop
      vertex -20.0748 18.6325 20.7761
      vertex -17.1641 16 21.175
      vertex -17.4423 16 20.7761
    endloop
  endfacet
  facet normal 0.587959 0.587959 -0.555525
    outer loop
      vertex -16.8147 16 21.5448
      vertex -19.9357 18.7716 21.175
      vertex -19.761 18.9463 21.5448
    endloop
  endfacet
  facet normal 0.587959 0.587959 -0.555525
    outer loop
      vertex -19.9357 18.7716 21.175
      vertex -16.8147 16 21.5448
      vertex -17.1641 16 21.175
    endloop
  endfacet
  facet normal -0.705591 -0.7056 -0.0653447
    outer loop
      vertex -9.88873 17.6971 19.475
      vertex -15.4701 23.2373 19.9188
      vertex -15.4495 23.2578 19.475
    endloop
  endfacet
  facet normal -0.70559 -0.70559 -0.0654555
    outer loop
      vertex -15.4701 23.2373 19.9188
      vertex -9.88873 17.6971 19.475
      vertex -9.9093 17.6765 19.9188
    endloop
  endfacet
  facet normal -0.669568 -0.669562 0.321506
    outer loop
      vertex -15.6325 23.0748 18.1739
      vertex -9.97065 17.6151 18.595
      vertex -15.5314 23.1759 18.595
    endloop
  endfacet
  facet normal -0.669582 -0.669582 0.321434
    outer loop
      vertex -9.97065 17.6151 18.595
      vertex -15.6325 23.0748 18.1739
      vertex -10.0717 17.514 18.1739
    endloop
  endfacet
  facet normal 0.0462677 0.0462677 0.997857
    outer loop
      vertex -17.8537 20.8537 16.075
      vertex -13.6276 16 16.1041
      vertex -13 16 16.075
    endloop
  endfacet
  facet normal 0.0462677 0.0462677 0.997857
    outer loop
      vertex -13.6276 16 16.1041
      vertex -17.8537 20.8537 16.075
      vertex -18.1675 20.5399 16.1041
    endloop
  endfacet
  facet normal -0.227108 -0.227456 -0.946935
    outer loop
      vertex -11.7555 16 22.7591
      vertex -11.3729 16.2129 22.6162
      vertex -11.5858 16 22.7184
    endloop
  endfacet
  facet normal -0.227239 -0.227235 -0.946956
    outer loop
      vertex -11.7555 16 22.7591
      vertex -16.9336 21.7737 22.6162
      vertex -11.3729 16.2129 22.6162
    endloop
  endfacet
  facet normal -0.227203 -0.227203 -0.946973
    outer loop
      vertex -16.9336 21.7737 22.6162
      vertex -11.7555 16 22.7591
      vertex -17.2314 21.4759 22.7591
    endloop
  endfacet
  facet normal 0.137998 0.137998 0.980772
    outer loop
      vertex -18.1675 20.5399 16.1041
      vertex -14.2445 16 16.1909
      vertex -13.6276 16 16.1041
    endloop
  endfacet
  facet normal 0.137998 0.137998 0.980772
    outer loop
      vertex -14.2445 16 16.1909
      vertex -18.1675 20.5399 16.1041
      vertex -18.4759 20.2314 16.1909
    endloop
  endfacet
  facet normal 0.634184 0.634184 0.442291
    outer loop
      vertex -17.1641 16 17.775
      vertex -20.0748 18.6325 18.1739
      vertex -17.4423 16 18.1739
    endloop
  endfacet
  facet normal 0.634184 0.634184 0.442291
    outer loop
      vertex -20.0748 18.6325 18.1739
      vertex -17.1641 16 17.775
      vertex -19.9357 18.7716 17.775
    endloop
  endfacet
  facet normal -0.634184 -0.634184 -0.442291
    outer loop
      vertex -10.0717 17.514 20.7761
      vertex -15.7716 22.9357 21.175
      vertex -15.6325 23.0748 20.7761
    endloop
  endfacet
  facet normal -0.634223 -0.634234 -0.442163
    outer loop
      vertex -15.7716 22.9357 21.175
      vertex -10.0717 17.514 20.7761
      vertex -10.2108 17.375 21.175
    endloop
  endfacet
  facet normal 0.227203 0.227203 -0.946973
    outer loop
      vertex -14.8401 16 22.6162
      vertex -18.4759 20.2314 22.7591
      vertex -14.2445 16 22.7591
    endloop
  endfacet
  facet normal 0.227203 0.227203 -0.946973
    outer loop
      vertex -18.4759 20.2314 22.7591
      vertex -14.8401 16 22.6162
      vertex -18.7737 19.9336 22.6162
    endloop
  endfacet
  facet normal -0.137998 -0.137998 0.980772
    outer loop
      vertex -17.2314 21.4759 16.1909
      vertex -12.3724 16 16.1041
      vertex -11.7555 16 16.1909
    endloop
  endfacet
  facet normal -0.137998 -0.137998 0.980772
    outer loop
      vertex -12.3724 16 16.1041
      vertex -17.2314 21.4759 16.1909
      vertex -17.5399 21.1675 16.1041
    endloop
  endfacet
  facet normal 0.312739 0.312739 -0.896877
    outer loop
      vertex -15.4042 16 22.4195
      vertex -18.7737 19.9336 22.6162
      vertex -14.8401 16 22.6162
    endloop
  endfacet
  facet normal 0.312739 0.312739 -0.896877
    outer loop
      vertex -18.7737 19.9336 22.6162
      vertex -15.4042 16 22.4195
      vertex -19.0558 19.6516 22.4195
    endloop
  endfacet
  facet normal -0.466236 -0.466236 -0.75183
    outer loop
      vertex -10.8293 16.7565 22.1724
      vertex -16.1537 22.5537 21.8792
      vertex -10.5929 16.9929 21.8792
    endloop
  endfacet
  facet normal -0.466176 -0.466185 -0.751899
    outer loop
      vertex -16.1537 22.5537 21.8792
      vertex -10.8293 16.7565 22.1724
      vertex -16.3901 22.3172 22.1724
    endloop
  endfacet
  facet normal 0.392895 0.392895 -0.831424
    outer loop
      vertex -15.9271 16 22.1724
      vertex -19.0558 19.6516 22.4195
      vertex -15.4042 16 22.4195
    endloop
  endfacet
  facet normal 0.392895 0.392895 -0.831424
    outer loop
      vertex -19.0558 19.6516 22.4195
      vertex -15.9271 16 22.1724
      vertex -19.3172 19.3901 22.1724
    endloop
  endfacet
  facet normal 0.707092 -0.707121 0.000157968
    outer loop
      vertex -16.5217 22.1857 19.723
      vertex -15.4495 23.2578 19.475
      vertex -15.4701 23.2373 19.9188
    endloop
  endfacet
  facet normal 0.707103 -0.70711 -0.00016312
    outer loop
      vertex -16.556 22.1514 19.9668
      vertex -15.4701 23.2373 19.9188
      vertex -15.5314 23.1759 20.355
    endloop
  endfacet
  facet normal 0.707073 -0.70714 -3.09143e-06
    outer loop
      vertex -15.4495 23.2578 19.475
      vertex -16.5217 22.1857 19.723
      vertex -16.5102 22.1972 19.475
    endloop
  endfacet
  facet normal 0.707107 -0.707107 2.74174e-15
    outer loop
      vertex -16.6124 22.0949 20.2021
      vertex -15.5314 23.1759 20.355
      vertex -15.6325 23.0748 20.7761
    endloop
  endfacet
  facet normal 0.707073 -0.70714 3.09143e-06
    outer loop
      vertex -16.5217 22.1857 19.227
      vertex -15.4495 23.2578 19.475
      vertex -16.5102 22.1972 19.475
    endloop
  endfacet
  facet normal 0.707077 -0.707136 -2.04518e-05
    outer loop
      vertex -16.7878 21.9196 20.6316
      vertex -15.6325 23.0748 20.7761
      vertex -15.7716 22.9357 21.175
    endloop
  endfacet
  facet normal 0.707092 -0.707121 -0.000157968
    outer loop
      vertex -15.4495 23.2578 19.475
      vertex -16.5217 22.1857 19.227
      vertex -15.4701 23.2373 19.0312
    endloop
  endfacet
  facet normal 0.70708 -0.707134 -2.56869e-05
    outer loop
      vertex -16.9037 21.8037 20.8185
      vertex -15.7716 22.9357 21.175
      vertex -15.9463 22.761 21.5448
    endloop
  endfacet
  facet normal 0.707107 -0.707107 -1.66948e-16
    outer loop
      vertex -16.556 22.1514 18.9832
      vertex -15.4701 23.2373 19.0312
      vertex -16.5217 22.1857 19.227
    endloop
  endfacet
  facet normal 0.707041 -0.707173 0.000129695
    outer loop
      vertex -17.0358 21.6716 20.9824
      vertex -15.9463 22.761 21.5448
      vertex -16.1537 22.5537 21.8792
    endloop
  endfacet
  facet normal 0.707127 -0.707086 0.00029065
    outer loop
      vertex -16.6124 22.0949 18.7479
      vertex -15.5314 23.1759 18.595
      vertex -16.556 22.1514 18.9832
    endloop
  endfacet
  facet normal 0.707184 -0.707029 -0.000116425
    outer loop
      vertex -17.1819 21.5254 21.1204
      vertex -16.1537 22.5537 21.8792
      vertex -16.3901 22.3172 22.1724
    endloop
  endfacet
  facet normal 0.707107 -0.707107 -2.6184e-15
    outer loop
      vertex -15.5314 23.1759 18.595
      vertex -16.6124 22.0949 18.7479
      vertex -15.6325 23.0748 18.1739
    endloop
  endfacet
  facet normal 0.70703 -0.707184 -0.000263409
    outer loop
      vertex -16.6902 22.0172 18.525
      vertex -15.6325 23.0748 18.1739
      vertex -16.6124 22.0949 18.7479
    endloop
  endfacet
  facet normal 0.707103 -0.70711 0.00016312
    outer loop
      vertex -15.4701 23.2373 19.0312
      vertex -16.556 22.1514 18.9832
      vertex -15.5314 23.1759 18.595
    endloop
  endfacet
  facet normal 0.707107 -0.707107 2.45579e-16
    outer loop
      vertex -15.4701 23.2373 19.9188
      vertex -16.556 22.1514 19.9668
      vertex -16.5217 22.1857 19.723
    endloop
  endfacet
  facet normal 0.707127 -0.707086 -0.00029065
    outer loop
      vertex -15.5314 23.1759 20.355
      vertex -16.6124 22.0949 20.2021
      vertex -16.556 22.1514 19.9668
    endloop
  endfacet
  facet normal 0.707038 -0.707176 0.000139603
    outer loop
      vertex -17.3395 21.3678 21.2304
      vertex -16.3901 22.3172 22.1724
      vertex -16.6516 22.0558 22.4195
    endloop
  endfacet
  facet normal 0.70703 -0.707184 0.000263409
    outer loop
      vertex -15.6325 23.0748 20.7761
      vertex -16.6902 22.0172 20.425
      vertex -16.6124 22.0949 20.2021
    endloop
  endfacet
  facet normal 0.707078 -0.707136 -2.73021e-05
    outer loop
      vertex -15.6325 23.0748 20.7761
      vertex -16.7878 21.9196 20.6316
      vertex -16.6902 22.0172 20.425
    endloop
  endfacet
  facet normal 0.707081 -0.707133 -3.24058e-05
    outer loop
      vertex -15.7716 22.9357 21.175
      vertex -16.9037 21.8037 20.8185
      vertex -16.7878 21.9196 20.6316
    endloop
  endfacet
  facet normal 0.707188 -0.707025 -0.000125627
    outer loop
      vertex -17.506 21.2014 21.3103
      vertex -16.6516 22.0558 22.4195
      vertex -16.9336 21.7737 22.6162
    endloop
  endfacet
  facet normal 0.707084 -0.70713 -3.69418e-05
    outer loop
      vertex -15.9463 22.761 21.5448
      vertex -17.0358 21.6716 20.9824
      vertex -16.9037 21.8037 20.8185
    endloop
  endfacet
  facet normal 0.707232 -0.706981 -0.000246735
    outer loop
      vertex -16.1537 22.5537 21.8792
      vertex -17.1819 21.5254 21.1204
      vertex -17.0358 21.6716 20.9824
    endloop
  endfacet
  facet normal 0.707096 -0.707118 -4.47382e-05
    outer loop
      vertex -17.506 21.2014 21.3103
      vertex -16.9336 21.7737 22.6162
      vertex -17.2314 21.4759 22.7591
    endloop
  endfacet
  facet normal 0.707107 -0.707107 1.12672e-16
    outer loop
      vertex -16.3901 22.3172 22.1724
      vertex -17.3395 21.3678 21.2304
      vertex -17.1819 21.5254 21.1204
    endloop
  endfacet
  facet normal 0.706952 -0.707262 0.000238896
    outer loop
      vertex -16.6516 22.0558 22.4195
      vertex -17.506 21.2014 21.3103
      vertex -17.3395 21.3678 21.2304
    endloop
  endfacet
  facet normal 0.707002 -0.707212 6.7129e-05
    outer loop
      vertex -17.6783 21.029 21.3587
      vertex -17.2314 21.4759 22.7591
      vertex -17.5399 21.1675 22.8459
    endloop
  endfacet
  facet normal 0.707295 -0.706918 -0.000120159
    outer loop
      vertex -17.2314 21.4759 22.7591
      vertex -17.6783 21.029 21.3587
      vertex -17.506 21.2014 21.3103
    endloop
  endfacet
  facet normal 0.707107 -0.707107 0
    outer loop
      vertex -17.8537 20.8537 21.375
      vertex -17.5399 21.1675 22.8459
      vertex -17.8537 20.8537 22.875
    endloop
  endfacet
  facet normal 0.706909 -0.707304 8.43569e-05
    outer loop
      vertex -17.5399 21.1675 22.8459
      vertex -17.8537 20.8537 21.375
      vertex -17.6783 21.029 21.3587
    endloop
  endfacet
  facet normal 0.707107 -0.707107 4.0901e-18
    outer loop
      vertex -18.1675 20.5399 22.8459
      vertex -17.8537 20.8537 21.375
      vertex -17.8537 20.8537 22.875
    endloop
  endfacet
  facet normal 0.707304 -0.706909 8.43569e-05
    outer loop
      vertex -17.8537 20.8537 21.375
      vertex -18.1675 20.5399 22.8459
      vertex -18.029 20.6783 21.3587
    endloop
  endfacet
  facet normal 0.707212 -0.707002 6.7129e-05
    outer loop
      vertex -18.4759 20.2314 22.7591
      vertex -18.029 20.6783 21.3587
      vertex -18.1675 20.5399 22.8459
    endloop
  endfacet
  facet normal 0.706918 -0.707295 -0.000120159
    outer loop
      vertex -18.029 20.6783 21.3587
      vertex -18.4759 20.2314 22.7591
      vertex -18.2014 20.506 21.3103
    endloop
  endfacet
  facet normal 0.707118 -0.707096 -4.47382e-05
    outer loop
      vertex -18.7737 19.9336 22.6162
      vertex -18.2014 20.506 21.3103
      vertex -18.4759 20.2314 22.7591
    endloop
  endfacet
  facet normal 0.707025 -0.707188 -0.000125627
    outer loop
      vertex -19.0558 19.6516 22.4195
      vertex -18.2014 20.506 21.3103
      vertex -18.7737 19.9336 22.6162
    endloop
  endfacet
  facet normal 0.707262 -0.706952 0.000238896
    outer loop
      vertex -18.2014 20.506 21.3103
      vertex -19.0558 19.6516 22.4195
      vertex -18.3678 20.3395 21.2304
    endloop
  endfacet
  facet normal 0.707176 -0.707038 0.000139603
    outer loop
      vertex -19.3172 19.3901 22.1724
      vertex -18.3678 20.3395 21.2304
      vertex -19.0558 19.6516 22.4195
    endloop
  endfacet
  facet normal 0.707107 -0.707107 -2.90672e-17
    outer loop
      vertex -18.3678 20.3395 21.2304
      vertex -19.3172 19.3901 22.1724
      vertex -18.5254 20.1819 21.1204
    endloop
  endfacet
  facet normal 0.707029 -0.707184 -0.000116425
    outer loop
      vertex -19.5537 19.1537 21.8792
      vertex -18.5254 20.1819 21.1204
      vertex -19.3172 19.3901 22.1724
    endloop
  endfacet
  facet normal 0.706981 -0.707232 -0.000246735
    outer loop
      vertex -18.5254 20.1819 21.1204
      vertex -19.5537 19.1537 21.8792
      vertex -18.6716 20.0358 20.9824
    endloop
  endfacet
  facet normal 0.707173 -0.707041 0.000129695
    outer loop
      vertex -19.761 18.9463 21.5448
      vertex -18.6716 20.0358 20.9824
      vertex -19.5537 19.1537 21.8792
    endloop
  endfacet
  facet normal 0.70713 -0.707084 -3.69418e-05
    outer loop
      vertex -18.6716 20.0358 20.9824
      vertex -19.761 18.9463 21.5448
      vertex -18.8037 19.9037 20.8185
    endloop
  endfacet
  facet normal 0.707134 -0.70708 -2.56869e-05
    outer loop
      vertex -19.9357 18.7716 21.175
      vertex -18.8037 19.9037 20.8185
      vertex -19.761 18.9463 21.5448
    endloop
  endfacet
  facet normal 0.707133 -0.707081 -3.24058e-05
    outer loop
      vertex -18.8037 19.9037 20.8185
      vertex -19.9357 18.7716 21.175
      vertex -18.9196 19.7878 20.6316
    endloop
  endfacet
  facet normal 0.707136 -0.707078 -2.73021e-05
    outer loop
      vertex -18.9196 19.7878 20.6316
      vertex -20.0748 18.6325 20.7761
      vertex -19.0172 19.6902 20.425
    endloop
  endfacet
  facet normal 0.707136 -0.707077 -2.04518e-05
    outer loop
      vertex -20.0748 18.6325 20.7761
      vertex -18.9196 19.7878 20.6316
      vertex -19.9357 18.7716 21.175
    endloop
  endfacet
  facet normal 0.707078 -0.707136 2.73021e-05
    outer loop
      vertex -16.7878 21.9196 18.3184
      vertex -15.6325 23.0748 18.1739
      vertex -16.6902 22.0172 18.525
    endloop
  endfacet
  facet normal 0.707077 -0.707136 2.04518e-05
    outer loop
      vertex -15.6325 23.0748 18.1739
      vertex -16.7878 21.9196 18.3184
      vertex -15.7716 22.9357 17.775
    endloop
  endfacet
  facet normal 0.707081 -0.707133 3.24058e-05
    outer loop
      vertex -16.9037 21.8037 18.1315
      vertex -15.7716 22.9357 17.775
      vertex -16.7878 21.9196 18.3184
    endloop
  endfacet
  facet normal 0.70708 -0.707134 2.56869e-05
    outer loop
      vertex -15.7716 22.9357 17.775
      vertex -16.9037 21.8037 18.1315
      vertex -15.9463 22.761 17.4052
    endloop
  endfacet
  facet normal 0.707084 -0.70713 3.69418e-05
    outer loop
      vertex -17.0358 21.6716 17.9676
      vertex -15.9463 22.761 17.4052
      vertex -16.9037 21.8037 18.1315
    endloop
  endfacet
  facet normal 0.707041 -0.707173 -0.000129695
    outer loop
      vertex -15.9463 22.761 17.4052
      vertex -17.0358 21.6716 17.9676
      vertex -16.1537 22.5537 17.0708
    endloop
  endfacet
  facet normal 0.707232 -0.706981 0.000246735
    outer loop
      vertex -17.1819 21.5254 17.8296
      vertex -16.1537 22.5537 17.0708
      vertex -17.0358 21.6716 17.9676
    endloop
  endfacet
  facet normal 0.707184 -0.707029 0.000116425
    outer loop
      vertex -16.1537 22.5537 17.0708
      vertex -17.1819 21.5254 17.8296
      vertex -16.3901 22.3172 16.7776
    endloop
  endfacet
  facet normal 0.707107 -0.707107 -2.90672e-17
    outer loop
      vertex -17.3395 21.3678 17.7196
      vertex -16.3901 22.3172 16.7776
      vertex -17.1819 21.5254 17.8296
    endloop
  endfacet
  facet normal 0.707038 -0.707176 -0.000139603
    outer loop
      vertex -16.3901 22.3172 16.7776
      vertex -17.3395 21.3678 17.7196
      vertex -16.6516 22.0558 16.5305
    endloop
  endfacet
  facet normal 0.706952 -0.707262 -0.000238896
    outer loop
      vertex -17.506 21.2014 17.6397
      vertex -16.6516 22.0558 16.5305
      vertex -17.3395 21.3678 17.7196
    endloop
  endfacet
  facet normal 0.707188 -0.707025 0.000125627
    outer loop
      vertex -16.6516 22.0558 16.5305
      vertex -17.506 21.2014 17.6397
      vertex -16.9336 21.7737 16.3338
    endloop
  endfacet
  facet normal 0.707096 -0.707118 4.47382e-05
    outer loop
      vertex -16.9336 21.7737 16.3338
      vertex -17.506 21.2014 17.6397
      vertex -17.2314 21.4759 16.1909
    endloop
  endfacet
  facet normal 0.707295 -0.706918 0.000120159
    outer loop
      vertex -17.6783 21.029 17.5913
      vertex -17.2314 21.4759 16.1909
      vertex -17.506 21.2014 17.6397
    endloop
  endfacet
  facet normal 0.707002 -0.707212 -6.7129e-05
    outer loop
      vertex -17.2314 21.4759 16.1909
      vertex -17.6783 21.029 17.5913
      vertex -17.5399 21.1675 16.1041
    endloop
  endfacet
  facet normal 0.706909 -0.707304 -8.43569e-05
    outer loop
      vertex -17.8537 20.8537 17.575
      vertex -17.5399 21.1675 16.1041
      vertex -17.6783 21.029 17.5913
    endloop
  endfacet
  facet normal 0.707107 -0.707107 0
    outer loop
      vertex -17.8537 20.8537 17.575
      vertex -17.8537 20.8537 16.075
      vertex -17.5399 21.1675 16.1041
    endloop
  endfacet
  facet normal 0.707304 -0.706909 -8.43569e-05
    outer loop
      vertex -18.1675 20.5399 16.1041
      vertex -17.8537 20.8537 17.575
      vertex -18.029 20.6783 17.5913
    endloop
  endfacet
  facet normal 0.707107 -0.707107 0
    outer loop
      vertex -17.8537 20.8537 17.575
      vertex -18.1675 20.5399 16.1041
      vertex -17.8537 20.8537 16.075
    endloop
  endfacet
  facet normal 0.706918 -0.707295 0.000120159
    outer loop
      vertex -18.4759 20.2314 16.1909
      vertex -18.029 20.6783 17.5913
      vertex -18.2014 20.506 17.6397
    endloop
  endfacet
  facet normal 0.707262 -0.706952 -0.000238896
    outer loop
      vertex -19.0558 19.6516 16.5305
      vertex -18.2014 20.506 17.6397
      vertex -18.3678 20.3395 17.7196
    endloop
  endfacet
  facet normal 0.707212 -0.707002 -6.7129e-05
    outer loop
      vertex -18.029 20.6783 17.5913
      vertex -18.4759 20.2314 16.1909
      vertex -18.1675 20.5399 16.1041
    endloop
  endfacet
  facet normal 0.707107 -0.707107 1.12672e-16
    outer loop
      vertex -19.3172 19.3901 16.7776
      vertex -18.3678 20.3395 17.7196
      vertex -18.5254 20.1819 17.8296
    endloop
  endfacet
  facet normal 0.706981 -0.707232 0.000246735
    outer loop
      vertex -19.5537 19.1537 17.0708
      vertex -18.5254 20.1819 17.8296
      vertex -18.6716 20.0358 17.9676
    endloop
  endfacet
  facet normal 0.707118 -0.707096 4.47382e-05
    outer loop
      vertex -18.2014 20.506 17.6397
      vertex -18.7737 19.9336 16.3338
      vertex -18.4759 20.2314 16.1909
    endloop
  endfacet
  facet normal 0.70713 -0.707084 3.69418e-05
    outer loop
      vertex -19.761 18.9463 17.4052
      vertex -18.6716 20.0358 17.9676
      vertex -18.8037 19.9037 18.1315
    endloop
  endfacet
  facet normal 0.707133 -0.707081 3.24058e-05
    outer loop
      vertex -19.9357 18.7716 17.775
      vertex -18.8037 19.9037 18.1315
      vertex -18.9196 19.7878 18.3184
    endloop
  endfacet
  facet normal 0.707136 -0.707078 2.73021e-05
    outer loop
      vertex -20.0748 18.6325 18.1739
      vertex -18.9196 19.7878 18.3184
      vertex -19.0172 19.6902 18.525
    endloop
  endfacet
  facet normal 0.707025 -0.707188 0.000125627
    outer loop
      vertex -18.2014 20.506 17.6397
      vertex -19.0558 19.6516 16.5305
      vertex -18.7737 19.9336 16.3338
    endloop
  endfacet
  facet normal 0.707184 -0.70703 -0.000263409
    outer loop
      vertex -20.0748 18.6325 18.1739
      vertex -19.0172 19.6902 18.525
      vertex -19.0949 19.6124 18.7479
    endloop
  endfacet
  facet normal 0.707086 -0.707127 0.00029065
    outer loop
      vertex -20.1759 18.5314 18.595
      vertex -19.0949 19.6124 18.7479
      vertex -19.1514 19.556 18.9832
    endloop
  endfacet
  facet normal 0.707107 -0.707107 -1.04848e-16
    outer loop
      vertex -20.2373 18.4701 19.0312
      vertex -19.1514 19.556 18.9832
      vertex -19.1857 19.5217 19.227
    endloop
  endfacet
  facet normal 0.707176 -0.707038 -0.000139603
    outer loop
      vertex -18.3678 20.3395 17.7196
      vertex -19.3172 19.3901 16.7776
      vertex -19.0558 19.6516 16.5305
    endloop
  endfacet
  facet normal 0.70714 -0.707073 3.09143e-06
    outer loop
      vertex -20.2578 18.4495 19.475
      vertex -19.1857 19.5217 19.227
      vertex -19.1972 19.5102 19.475
    endloop
  endfacet
  facet normal 0.707184 -0.70703 0.000263409
    outer loop
      vertex -19.0172 19.6902 20.425
      vertex -20.0748 18.6325 20.7761
      vertex -19.0949 19.6124 20.2021
    endloop
  endfacet
  facet normal 0.707107 -0.707107 9.843e-18
    outer loop
      vertex -20.1759 18.5314 20.355
      vertex -19.0949 19.6124 20.2021
      vertex -20.0748 18.6325 20.7761
    endloop
  endfacet
  facet normal 0.70714 -0.707073 -3.09143e-06
    outer loop
      vertex -19.1857 19.5217 19.723
      vertex -20.2578 18.4495 19.475
      vertex -19.1972 19.5102 19.475
    endloop
  endfacet
  facet normal 0.707086 -0.707127 -0.00029065
    outer loop
      vertex -19.0949 19.6124 20.2021
      vertex -20.1759 18.5314 20.355
      vertex -19.1514 19.556 19.9668
    endloop
  endfacet
  facet normal 0.707121 -0.707092 0.000157968
    outer loop
      vertex -20.2578 18.4495 19.475
      vertex -19.1857 19.5217 19.723
      vertex -20.2373 18.4701 19.9188
    endloop
  endfacet
  facet normal 0.70711 -0.707103 -0.00016312
    outer loop
      vertex -20.2373 18.4701 19.9188
      vertex -19.1514 19.556 19.9668
      vertex -20.1759 18.5314 20.355
    endloop
  endfacet
  facet normal 0.707107 -0.707107 -3.19246e-18
    outer loop
      vertex -19.1514 19.556 19.9668
      vertex -20.2373 18.4701 19.9188
      vertex -19.1857 19.5217 19.723
    endloop
  endfacet
  facet normal 0.707121 -0.707092 -0.000157968
    outer loop
      vertex -19.1857 19.5217 19.227
      vertex -20.2578 18.4495 19.475
      vertex -20.2373 18.4701 19.0312
    endloop
  endfacet
  facet normal 0.707173 -0.707041 -0.000129695
    outer loop
      vertex -18.6716 20.0358 17.9676
      vertex -19.761 18.9463 17.4052
      vertex -19.5537 19.1537 17.0708
    endloop
  endfacet
  facet normal 0.707134 -0.70708 2.56869e-05
    outer loop
      vertex -18.8037 19.9037 18.1315
      vertex -19.9357 18.7716 17.775
      vertex -19.761 18.9463 17.4052
    endloop
  endfacet
  facet normal 0.707029 -0.707184 0.000116425
    outer loop
      vertex -18.5254 20.1819 17.8296
      vertex -19.5537 19.1537 17.0708
      vertex -19.3172 19.3901 16.7776
    endloop
  endfacet
  facet normal 0.707107 -0.707107 1.26676e-16
    outer loop
      vertex -19.0949 19.6124 18.7479
      vertex -20.1759 18.5314 18.595
      vertex -20.0748 18.6325 18.1739
    endloop
  endfacet
  facet normal 0.707136 -0.707077 2.04518e-05
    outer loop
      vertex -18.9196 19.7878 18.3184
      vertex -20.0748 18.6325 18.1739
      vertex -19.9357 18.7716 17.775
    endloop
  endfacet
  facet normal 0.70711 -0.707103 0.00016312
    outer loop
      vertex -19.1514 19.556 18.9832
      vertex -20.2373 18.4701 19.0312
      vertex -20.1759 18.5314 18.595
    endloop
  endfacet
  facet normal -0.137761 0.137761 0.980838
    outer loop
      vertex 20.1504 22.7996 17.5913
      vertex 18.2014 20.506 17.6397
      vertex 20.3227 22.6273 17.6397
    endloop
  endfacet
  facet normal -0.13772 0.137726 0.980849
    outer loop
      vertex 18.2014 20.506 17.6397
      vertex 20.1504 22.7996 17.5913
      vertex 18.029 20.6783 17.5913
    endloop
  endfacet
  facet normal -0.693513 0.693513 0.195139
    outer loop
      vertex 19.1514 19.556 18.9832
      vertex 21.307 21.643 19.227
      vertex 21.2727 21.6773 18.9832
    endloop
  endfacet
  facet normal -0.693513 0.693513 0.195139
    outer loop
      vertex 21.307 21.643 19.227
      vertex 19.1514 19.556 18.9832
      vertex 19.1857 19.5217 19.227
    endloop
  endfacet
  facet normal -0.705591 0.705591 0.0654379
    outer loop
      vertex 19.1857 19.5217 19.227
      vertex 21.3185 21.6315 19.475
      vertex 21.307 21.643 19.227
    endloop
  endfacet
  facet normal -0.705591 0.705591 0.0654379
    outer loop
      vertex 21.3185 21.6315 19.475
      vertex 19.1857 19.5217 19.227
      vertex 19.1972 19.5102 19.475
    endloop
  endfacet
  facet normal -0.669571 0.669539 0.321546
    outer loop
      vertex 19.0949 19.6124 18.7479
      vertex 21.2727 21.6773 18.9832
      vertex 21.2162 21.7338 18.7479
    endloop
  endfacet
  facet normal -0.669616 0.669616 0.321291
    outer loop
      vertex 21.2727 21.6773 18.9832
      vertex 19.0949 19.6124 18.7479
      vertex 19.1514 19.556 18.9832
    endloop
  endfacet
  facet normal -0.587962 0.587962 0.555519
    outer loop
      vertex 18.9196 19.7878 18.3184
      vertex 21.1385 21.8115 18.525
      vertex 21.0409 21.9091 18.3184
    endloop
  endfacet
  facet normal -0.587962 0.587962 0.555519
    outer loop
      vertex 21.1385 21.8115 18.525
      vertex 18.9196 19.7878 18.3184
      vertex 19.0172 19.6902 18.525
    endloop
  endfacet
  facet normal -0.227343 0.227332 0.946908
    outer loop
      vertex 20.3227 22.6273 17.6397
      vertex 18.3678 20.3395 17.7196
      vertex 20.4891 22.4609 17.7196
    endloop
  endfacet
  facet normal -0.227276 0.227276 0.946938
    outer loop
      vertex 18.3678 20.3395 17.7196
      vertex 20.3227 22.6273 17.6397
      vertex 18.2014 20.506 17.6397
    endloop
  endfacet
  facet normal 0.693513 -0.693513 -0.195139
    outer loop
      vertex 18.6773 24.2727 19.9668
      vertex 16.5217 22.1857 19.723
      vertex 18.643 24.307 19.723
    endloop
  endfacet
  facet normal 0.693513 -0.693513 -0.195139
    outer loop
      vertex 16.5217 22.1857 19.723
      vertex 18.6773 24.2727 19.9668
      vertex 16.556 22.1514 19.9668
    endloop
  endfacet
  facet normal -0.705591 0.705591 -0.0654379
    outer loop
      vertex 21.3185 21.6315 19.475
      vertex 19.1857 19.5217 19.723
      vertex 21.307 21.643 19.723
    endloop
  endfacet
  facet normal -0.705591 0.705591 -0.0654379
    outer loop
      vertex 19.1857 19.5217 19.723
      vertex 21.3185 21.6315 19.475
      vertex 19.1972 19.5102 19.475
    endloop
  endfacet
  facet normal 0.705591 -0.705591 -0.0654379
    outer loop
      vertex 18.643 24.307 19.723
      vertex 16.5102 22.1972 19.475
      vertex 18.6315 24.3185 19.475
    endloop
  endfacet
  facet normal 0.705591 -0.705591 -0.0654379
    outer loop
      vertex 16.5102 22.1972 19.475
      vertex 18.643 24.307 19.723
      vertex 16.5217 22.1857 19.723
    endloop
  endfacet
  facet normal 0.227338 -0.227338 -0.946908
    outer loop
      vertex 17.506 21.2014 21.3103
      vertex 19.4609 23.4891 21.2304
      vertex 19.6273 23.3227 21.3103
    endloop
  endfacet
  facet normal 0.227271 -0.227282 -0.946938
    outer loop
      vertex 19.4609 23.4891 21.2304
      vertex 17.506 21.2014 21.3103
      vertex 17.3395 21.3678 21.2304
    endloop
  endfacet
  facet normal -0.634227 0.634227 0.442167
    outer loop
      vertex 19.0172 19.6902 18.525
      vertex 21.2162 21.7338 18.7479
      vertex 21.1385 21.8115 18.525
    endloop
  endfacet
  facet normal -0.634163 0.634133 0.442395
    outer loop
      vertex 21.2162 21.7338 18.7479
      vertex 19.0172 19.6902 18.525
      vertex 19.0949 19.6124 18.7479
    endloop
  endfacet
  facet normal -0.53163 0.53163 0.659347
    outer loop
      vertex 20.925 22.025 18.1315
      vertex 18.9196 19.7878 18.3184
      vertex 21.0409 21.9091 18.3184
    endloop
  endfacet
  facet normal -0.53163 0.53163 0.659347
    outer loop
      vertex 18.9196 19.7878 18.3184
      vertex 20.925 22.025 18.1315
      vertex 18.8037 19.9037 18.1315
    endloop
  endfacet
  facet normal -0.669571 0.669539 -0.321546
    outer loop
      vertex 21.2727 21.6773 19.9668
      vertex 19.0949 19.6124 20.2021
      vertex 21.2162 21.7338 20.2021
    endloop
  endfacet
  facet normal -0.669616 0.669616 -0.321291
    outer loop
      vertex 19.0949 19.6124 20.2021
      vertex 21.2727 21.6773 19.9668
      vertex 19.1514 19.556 19.9668
    endloop
  endfacet
  facet normal 0.53163 -0.53163 -0.659347
    outer loop
      vertex 16.9037 21.8037 20.8185
      vertex 18.9091 24.0409 20.6316
      vertex 19.025 23.925 20.8185
    endloop
  endfacet
  facet normal 0.53163 -0.53163 -0.659347
    outer loop
      vertex 18.9091 24.0409 20.6316
      vertex 16.9037 21.8037 20.8185
      vertex 16.7878 21.9196 20.6316
    endloop
  endfacet
  facet normal -0.693513 0.693513 -0.195139
    outer loop
      vertex 21.307 21.643 19.723
      vertex 19.1514 19.556 19.9668
      vertex 21.2727 21.6773 19.9668
    endloop
  endfacet
  facet normal -0.693513 0.693513 -0.195139
    outer loop
      vertex 19.1514 19.556 19.9668
      vertex 21.307 21.643 19.723
      vertex 19.1857 19.5217 19.723
    endloop
  endfacet
  facet normal -0.0463641 0.0463663 -0.997848
    outer loop
      vertex 18.029 20.6783 21.3587
      vertex 19.975 22.975 21.375
      vertex 20.1504 22.7996 21.3587
    endloop
  endfacet
  facet normal -0.0463784 0.0463784 -0.997847
    outer loop
      vertex 19.975 22.975 21.375
      vertex 18.029 20.6783 21.3587
      vertex 17.8537 20.8537 21.375
    endloop
  endfacet
  facet normal 0.669555 -0.669555 -0.321546
    outer loop
      vertex 18.7338 24.2162 20.2021
      vertex 16.556 22.1514 19.9668
      vertex 18.6773 24.2727 19.9668
    endloop
  endfacet
  facet normal 0.669601 -0.669632 -0.321291
    outer loop
      vertex 16.556 22.1514 19.9668
      vertex 18.7338 24.2162 20.2021
      vertex 16.6124 22.0949 20.2021
    endloop
  endfacet
  facet normal -0.587962 0.587962 -0.555519
    outer loop
      vertex 21.1385 21.8115 20.425
      vertex 18.9196 19.7878 20.6316
      vertex 21.0409 21.9091 20.6316
    endloop
  endfacet
  facet normal -0.587962 0.587962 -0.555519
    outer loop
      vertex 18.9196 19.7878 20.6316
      vertex 21.1385 21.8115 20.425
      vertex 19.0172 19.6902 20.425
    endloop
  endfacet
  facet normal -0.312866 0.312866 0.896788
    outer loop
      vertex 20.4891 22.4609 17.7196
      vertex 18.5254 20.1819 17.8296
      vertex 20.6467 22.3032 17.8296
    endloop
  endfacet
  facet normal -0.312953 0.312939 0.896733
    outer loop
      vertex 18.5254 20.1819 17.8296
      vertex 20.4891 22.4609 17.7196
      vertex 18.3678 20.3395 17.7196
    endloop
  endfacet
  facet normal 0.312859 -0.312874 0.896788
    outer loop
      vertex 19.3032 23.6467 17.8296
      vertex 17.3395 21.3678 17.7196
      vertex 19.4609 23.4891 17.7196
    endloop
  endfacet
  facet normal 0.312946 -0.312946 0.896733
    outer loop
      vertex 17.3395 21.3678 17.7196
      vertex 19.3032 23.6467 17.8296
      vertex 17.1819 21.5254 17.8296
    endloop
  endfacet
  facet normal -0.312866 0.312866 -0.896788
    outer loop
      vertex 18.5254 20.1819 21.1204
      vertex 20.4891 22.4609 21.2304
      vertex 20.6467 22.3032 21.1204
    endloop
  endfacet
  facet normal -0.312953 0.312939 -0.896733
    outer loop
      vertex 20.4891 22.4609 21.2304
      vertex 18.5254 20.1819 21.1204
      vertex 18.3678 20.3395 21.2304
    endloop
  endfacet
  facet normal -0.227343 0.227332 -0.946908
    outer loop
      vertex 18.3678 20.3395 21.2304
      vertex 20.3227 22.6273 21.3103
      vertex 20.4891 22.4609 21.2304
    endloop
  endfacet
  facet normal -0.227276 0.227276 -0.946938
    outer loop
      vertex 20.3227 22.6273 21.3103
      vertex 18.3678 20.3395 21.2304
      vertex 18.2014 20.506 21.3103
    endloop
  endfacet
  facet normal 0.137765 -0.137758 -0.980838
    outer loop
      vertex 17.6783 21.029 21.3587
      vertex 19.6273 23.3227 21.3103
      vertex 19.7996 23.1504 21.3587
    endloop
  endfacet
  facet normal 0.137723 -0.137723 -0.980849
    outer loop
      vertex 19.6273 23.3227 21.3103
      vertex 17.6783 21.029 21.3587
      vertex 17.506 21.2014 21.3103
    endloop
  endfacet
  facet normal 0.669555 -0.669555 0.321546
    outer loop
      vertex 16.556 22.1514 18.9832
      vertex 18.7338 24.2162 18.7479
      vertex 18.6773 24.2727 18.9832
    endloop
  endfacet
  facet normal 0.669601 -0.669632 0.321291
    outer loop
      vertex 18.7338 24.2162 18.7479
      vertex 16.556 22.1514 18.9832
      vertex 16.6124 22.0949 18.7479
    endloop
  endfacet
  facet normal 0.137765 -0.137758 0.980838
    outer loop
      vertex 19.6273 23.3227 17.6397
      vertex 17.6783 21.029 17.5913
      vertex 19.7996 23.1504 17.5913
    endloop
  endfacet
  facet normal 0.137723 -0.137723 0.980849
    outer loop
      vertex 17.6783 21.029 17.5913
      vertex 19.6273 23.3227 17.6397
      vertex 17.506 21.2014 17.6397
    endloop
  endfacet
  facet normal 0.392643 -0.392643 0.831663
    outer loop
      vertex 19.1571 23.7929 17.9676
      vertex 17.1819 21.5254 17.8296
      vertex 19.3032 23.6467 17.8296
    endloop
  endfacet
  facet normal 0.392643 -0.392643 0.831663
    outer loop
      vertex 17.1819 21.5254 17.8296
      vertex 19.1571 23.7929 17.9676
      vertex 17.0358 21.6716 17.9676
    endloop
  endfacet
  facet normal -0.392643 0.392643 -0.831663
    outer loop
      vertex 18.6716 20.0358 20.9824
      vertex 20.6467 22.3032 21.1204
      vertex 20.7929 22.1571 20.9824
    endloop
  endfacet
  facet normal -0.392643 0.392643 -0.831663
    outer loop
      vertex 20.6467 22.3032 21.1204
      vertex 18.6716 20.0358 20.9824
      vertex 18.5254 20.1819 21.1204
    endloop
  endfacet
  facet normal -0.137761 0.137761 -0.980838
    outer loop
      vertex 18.2014 20.506 21.3103
      vertex 20.1504 22.7996 21.3587
      vertex 20.3227 22.6273 21.3103
    endloop
  endfacet
  facet normal -0.13772 0.137726 -0.980849
    outer loop
      vertex 20.1504 22.7996 21.3587
      vertex 18.2014 20.506 21.3103
      vertex 18.029 20.6783 21.3587
    endloop
  endfacet
  facet normal 0.634212 -0.634242 0.442167
    outer loop
      vertex 16.6124 22.0949 18.7479
      vertex 18.8115 24.1385 18.525
      vertex 18.7338 24.2162 18.7479
    endloop
  endfacet
  facet normal 0.634148 -0.634148 0.442395
    outer loop
      vertex 18.8115 24.1385 18.525
      vertex 16.6124 22.0949 18.7479
      vertex 16.6902 22.0172 18.525
    endloop
  endfacet
  facet normal -0.466333 0.466333 0.751709
    outer loop
      vertex 20.7929 22.1571 17.9676
      vertex 18.8037 19.9037 18.1315
      vertex 20.925 22.025 18.1315
    endloop
  endfacet
  facet normal -0.466333 0.466333 0.751709
    outer loop
      vertex 18.8037 19.9037 18.1315
      vertex 20.7929 22.1571 17.9676
      vertex 18.6716 20.0358 17.9676
    endloop
  endfacet
  facet normal 0.587962 -0.587962 0.555519
    outer loop
      vertex 16.6902 22.0172 18.525
      vertex 18.9091 24.0409 18.3184
      vertex 18.8115 24.1385 18.525
    endloop
  endfacet
  facet normal 0.587962 -0.587962 0.555519
    outer loop
      vertex 18.9091 24.0409 18.3184
      vertex 16.6902 22.0172 18.525
      vertex 16.7878 21.9196 18.3184
    endloop
  endfacet
  facet normal 0.0463652 -0.0463652 -0.997848
    outer loop
      vertex 17.8537 20.8537 21.375
      vertex 19.7996 23.1504 21.3587
      vertex 19.975 22.975 21.375
    endloop
  endfacet
  facet normal 0.0463795 -0.0463773 -0.997847
    outer loop
      vertex 19.7996 23.1504 21.3587
      vertex 17.8537 20.8537 21.375
      vertex 17.6783 21.029 21.3587
    endloop
  endfacet
  facet normal 0.466333 -0.466333 0.751709
    outer loop
      vertex 19.025 23.925 18.1315
      vertex 17.0358 21.6716 17.9676
      vertex 19.1571 23.7929 17.9676
    endloop
  endfacet
  facet normal 0.466333 -0.466333 0.751709
    outer loop
      vertex 17.0358 21.6716 17.9676
      vertex 19.025 23.925 18.1315
      vertex 16.9037 21.8037 18.1315
    endloop
  endfacet
  facet normal 0.466333 -0.466333 -0.751709
    outer loop
      vertex 17.0358 21.6716 20.9824
      vertex 19.025 23.925 20.8185
      vertex 19.1571 23.7929 20.9824
    endloop
  endfacet
  facet normal 0.466333 -0.466333 -0.751709
    outer loop
      vertex 19.025 23.925 20.8185
      vertex 17.0358 21.6716 20.9824
      vertex 16.9037 21.8037 20.8185
    endloop
  endfacet
  facet normal 0.707107 0.707107 3.45481e-16
    outer loop
      vertex 11.5858 16 22.7184
      vertex 11.0908 16.495 22.4195
      vertex 11.3729 16.2129 22.6162
    endloop
  endfacet
  facet normal 0.707107 0.707107 -1.41146e-14
    outer loop
      vertex 11.5858 16 22.7184
      vertex 10.8293 16.7565 22.1724
      vertex 11.0908 16.495 22.4195
    endloop
  endfacet
  facet normal 0.707107 0.707107 3.55904e-15
    outer loop
      vertex 11.5858 16 22.7184
      vertex 10.5929 16.9929 21.8792
      vertex 10.8293 16.7565 22.1724
    endloop
  endfacet
  facet normal 0.707294 0.706919 -0.000444309
    outer loop
      vertex 11.5858 16 22.7184
      vertex 10.3855 17.2002 21.5448
      vertex 10.5929 16.9929 21.8792
    endloop
  endfacet
  facet normal 0.706878 0.707335 0.000407207
    outer loop
      vertex 11.5858 16 22.7184
      vertex 10.2108 17.375 21.175
      vertex 10.3855 17.2002 21.5448
    endloop
  endfacet
  facet normal 0.70727 0.706943 -0.000291206
    outer loop
      vertex 11.5858 16 22.7184
      vertex 10.0717 17.514 20.7761
      vertex 10.2108 17.375 21.175
    endloop
  endfacet
  facet normal 0.706995 0.707218 0.000137512
    outer loop
      vertex 11.5858 16 22.7184
      vertex 9.97065 17.6151 20.355
      vertex 10.0717 17.514 20.7761
    endloop
  endfacet
  facet normal 0.707018 0.707195 0.000105946
    outer loop
      vertex 11.5858 16 22.7184
      vertex 9.9093 17.6765 19.9188
      vertex 9.97065 17.6151 20.355
    endloop
  endfacet
  facet normal 0.707064 0.70715 5.18122e-05
    outer loop
      vertex 11.5858 16 22.7184
      vertex 9.88873 17.6971 19.475
      vertex 9.9093 17.6765 19.9188
    endloop
  endfacet
  facet normal 0.707113 0.707101 -0
    outer loop
      vertex 11.5858 16 16.2316
      vertex 9.88873 17.6971 19.475
      vertex 11.5858 16 22.7184
    endloop
  endfacet
  facet normal 0.707064 0.70715 -5.18122e-05
    outer loop
      vertex 9.88873 17.6971 19.475
      vertex 11.5858 16 16.2316
      vertex 9.9093 17.6765 19.0312
    endloop
  endfacet
  facet normal 0.707018 0.707195 -0.000105946
    outer loop
      vertex 9.9093 17.6765 19.0312
      vertex 11.5858 16 16.2316
      vertex 9.97065 17.6151 18.595
    endloop
  endfacet
  facet normal 0.706995 0.707218 -0.000137512
    outer loop
      vertex 9.97065 17.6151 18.595
      vertex 11.5858 16 16.2316
      vertex 10.0717 17.514 18.1739
    endloop
  endfacet
  facet normal 0.70727 0.706943 0.000291206
    outer loop
      vertex 10.0717 17.514 18.1739
      vertex 11.5858 16 16.2316
      vertex 10.2108 17.375 17.775
    endloop
  endfacet
  facet normal 0.706878 0.707335 -0.000407207
    outer loop
      vertex 10.2108 17.375 17.775
      vertex 11.5858 16 16.2316
      vertex 10.3855 17.2002 17.4052
    endloop
  endfacet
  facet normal 0.707294 0.706919 0.000444309
    outer loop
      vertex 10.3855 17.2002 17.4052
      vertex 11.5858 16 16.2316
      vertex 10.5929 16.9929 17.0708
    endloop
  endfacet
  facet normal 0.707107 0.707107 -3.16571e-15
    outer loop
      vertex 10.5929 16.9929 17.0708
      vertex 11.5858 16 16.2316
      vertex 10.8293 16.7565 16.7776
    endloop
  endfacet
  facet normal 0.707107 0.707107 1.40237e-14
    outer loop
      vertex 10.8293 16.7565 16.7776
      vertex 11.5858 16 16.2316
      vertex 11.0908 16.495 16.5305
    endloop
  endfacet
  facet normal 0.707107 0.707107 -7.07713e-16
    outer loop
      vertex 11.0908 16.495 16.5305
      vertex 11.5858 16 16.2316
      vertex 11.3729 16.2129 16.3338
    endloop
  endfacet
  facet normal 0.53163 -0.53163 0.659347
    outer loop
      vertex 18.9091 24.0409 18.3184
      vertex 16.9037 21.8037 18.1315
      vertex 19.025 23.925 18.1315
    endloop
  endfacet
  facet normal 0.53163 -0.53163 0.659347
    outer loop
      vertex 16.9037 21.8037 18.1315
      vertex 18.9091 24.0409 18.3184
      vertex 16.7878 21.9196 18.3184
    endloop
  endfacet
  facet normal -0.53163 0.53163 -0.659347
    outer loop
      vertex 18.9196 19.7878 20.6316
      vertex 20.925 22.025 20.8185
      vertex 21.0409 21.9091 20.6316
    endloop
  endfacet
  facet normal -0.53163 0.53163 -0.659347
    outer loop
      vertex 20.925 22.025 20.8185
      vertex 18.9196 19.7878 20.6316
      vertex 18.8037 19.9037 20.8185
    endloop
  endfacet
  facet normal -0.634227 0.634227 -0.442167
    outer loop
      vertex 21.2162 21.7338 20.2021
      vertex 19.0172 19.6902 20.425
      vertex 21.1385 21.8115 20.425
    endloop
  endfacet
  facet normal -0.634163 0.634133 -0.442395
    outer loop
      vertex 19.0172 19.6902 20.425
      vertex 21.2162 21.7338 20.2021
      vertex 19.0949 19.6124 20.2021
    endloop
  endfacet
  facet normal 0.392643 -0.392643 -0.831663
    outer loop
      vertex 17.1819 21.5254 21.1204
      vertex 19.1571 23.7929 20.9824
      vertex 19.3032 23.6467 21.1204
    endloop
  endfacet
  facet normal 0.392643 -0.392643 -0.831663
    outer loop
      vertex 19.1571 23.7929 20.9824
      vertex 17.1819 21.5254 21.1204
      vertex 17.0358 21.6716 20.9824
    endloop
  endfacet
  facet normal 0.693513 -0.693513 0.195139
    outer loop
      vertex 16.5217 22.1857 19.227
      vertex 18.6773 24.2727 18.9832
      vertex 18.643 24.307 19.227
    endloop
  endfacet
  facet normal 0.693513 -0.693513 0.195139
    outer loop
      vertex 18.6773 24.2727 18.9832
      vertex 16.5217 22.1857 19.227
      vertex 16.556 22.1514 18.9832
    endloop
  endfacet
  facet normal -0.0463641 0.0463663 0.997848
    outer loop
      vertex 19.975 22.975 17.575
      vertex 18.029 20.6783 17.5913
      vertex 20.1504 22.7996 17.5913
    endloop
  endfacet
  facet normal -0.0463784 0.0463784 0.997847
    outer loop
      vertex 18.029 20.6783 17.5913
      vertex 19.975 22.975 17.575
      vertex 17.8537 20.8537 17.575
    endloop
  endfacet
  facet normal -0.392643 0.392643 0.831663
    outer loop
      vertex 20.6467 22.3032 17.8296
      vertex 18.6716 20.0358 17.9676
      vertex 20.7929 22.1571 17.9676
    endloop
  endfacet
  facet normal -0.392643 0.392643 0.831663
    outer loop
      vertex 18.6716 20.0358 17.9676
      vertex 20.6467 22.3032 17.8296
      vertex 18.5254 20.1819 17.8296
    endloop
  endfacet
  facet normal 0.227338 -0.227338 0.946908
    outer loop
      vertex 19.4609 23.4891 17.7196
      vertex 17.506 21.2014 17.6397
      vertex 19.6273 23.3227 17.6397
    endloop
  endfacet
  facet normal 0.227271 -0.227282 0.946938
    outer loop
      vertex 17.506 21.2014 17.6397
      vertex 19.4609 23.4891 17.7196
      vertex 17.3395 21.3678 17.7196
    endloop
  endfacet
  facet normal 0.0463652 -0.0463652 0.997848
    outer loop
      vertex 19.7996 23.1504 17.5913
      vertex 17.8537 20.8537 17.575
      vertex 19.975 22.975 17.575
    endloop
  endfacet
  facet normal 0.0463795 -0.0463773 0.997847
    outer loop
      vertex 17.8537 20.8537 17.575
      vertex 19.7996 23.1504 17.5913
      vertex 17.6783 21.029 17.5913
    endloop
  endfacet
  facet normal 0.705591 -0.705591 0.0654379
    outer loop
      vertex 16.5102 22.1972 19.475
      vertex 18.643 24.307 19.227
      vertex 18.6315 24.3185 19.475
    endloop
  endfacet
  facet normal 0.705591 -0.705591 0.0654379
    outer loop
      vertex 18.643 24.307 19.227
      vertex 16.5102 22.1972 19.475
      vertex 16.5217 22.1857 19.227
    endloop
  endfacet
  facet normal 0.634212 -0.634242 -0.442167
    outer loop
      vertex 18.8115 24.1385 20.425
      vertex 16.6124 22.0949 20.2021
      vertex 18.7338 24.2162 20.2021
    endloop
  endfacet
  facet normal 0.634148 -0.634148 -0.442395
    outer loop
      vertex 16.6124 22.0949 20.2021
      vertex 18.8115 24.1385 20.425
      vertex 16.6902 22.0172 20.425
    endloop
  endfacet
  facet normal 0.312859 -0.312874 -0.896788
    outer loop
      vertex 17.3395 21.3678 21.2304
      vertex 19.3032 23.6467 21.1204
      vertex 19.4609 23.4891 21.2304
    endloop
  endfacet
  facet normal 0.312946 -0.312946 -0.896733
    outer loop
      vertex 19.3032 23.6467 21.1204
      vertex 17.3395 21.3678 21.2304
      vertex 17.1819 21.5254 21.1204
    endloop
  endfacet
  facet normal -0.466333 0.466333 -0.751709
    outer loop
      vertex 18.8037 19.9037 20.8185
      vertex 20.7929 22.1571 20.9824
      vertex 20.925 22.025 20.8185
    endloop
  endfacet
  facet normal -0.466333 0.466333 -0.751709
    outer loop
      vertex 20.7929 22.1571 20.9824
      vertex 18.8037 19.9037 20.8185
      vertex 18.6716 20.0358 20.9824
    endloop
  endfacet
  facet normal 0.587962 -0.587962 -0.555519
    outer loop
      vertex 18.9091 24.0409 20.6316
      vertex 16.6902 22.0172 20.425
      vertex 18.8115 24.1385 20.425
    endloop
  endfacet
  facet normal 0.587962 -0.587962 -0.555519
    outer loop
      vertex 16.6902 22.0172 20.425
      vertex 18.9091 24.0409 20.6316
      vertex 16.7878 21.9196 20.6316
    endloop
  endfacet
  facet normal -0.693521 0.693521 0.195083
    outer loop
      vertex 17.6445 16 18.595
      vertex 20.2373 18.4701 19.0312
      vertex 20.1759 18.5314 18.595
    endloop
  endfacet
  facet normal -0.693521 0.693521 0.195083
    outer loop
      vertex 20.2373 18.4701 19.0312
      vertex 17.6445 16 18.595
      vertex 17.7672 16 19.0312
    endloop
  endfacet
  facet normal -0.705596 0.705596 0.0653447
    outer loop
      vertex 17.7672 16 19.0312
      vertex 20.2578 18.4495 19.475
      vertex 20.2373 18.4701 19.0312
    endloop
  endfacet
  facet normal -0.705596 0.705596 0.0653447
    outer loop
      vertex 20.2578 18.4495 19.475
      vertex 17.7672 16 19.0312
      vertex 17.8083 16 19.475
    endloop
  endfacet
  facet normal 0.392895 -0.392895 0.831424
    outer loop
      vertex 16.3901 22.3172 16.7776
      vertex 11.0908 16.495 16.5305
      vertex 16.6516 22.0558 16.5305
    endloop
  endfacet
  facet normal 0.39284 -0.392847 0.831473
    outer loop
      vertex 11.0908 16.495 16.5305
      vertex 16.3901 22.3172 16.7776
      vertex 10.8293 16.7565 16.7776
    endloop
  endfacet
  facet normal 0.53165 -0.53165 0.659316
    outer loop
      vertex 15.9463 22.761 17.4052
      vertex 10.5929 16.9929 17.0708
      vertex 16.1537 22.5537 17.0708
    endloop
  endfacet
  facet normal 0.53165 -0.53165 0.659316
    outer loop
      vertex 10.5929 16.9929 17.0708
      vertex 15.9463 22.761 17.4052
      vertex 10.3855 17.2002 17.4052
    endloop
  endfacet
  facet normal -0.0462677 0.0462677 0.997857
    outer loop
      vertex 17.8537 20.8537 16.075
      vertex 13.6276 16 16.1041
      vertex 18.1675 20.5399 16.1041
    endloop
  endfacet
  facet normal -0.0462677 0.0462677 0.997857
    outer loop
      vertex 13.6276 16 16.1041
      vertex 17.8537 20.8537 16.075
      vertex 13 16 16.075
    endloop
  endfacet
  facet normal 0.587902 -0.587913 0.555635
    outer loop
      vertex 10.3855 17.2002 17.4052
      vertex 15.7716 22.9357 17.775
      vertex 10.2108 17.375 17.775
    endloop
  endfacet
  facet normal 0.587959 -0.587959 0.555525
    outer loop
      vertex 15.7716 22.9357 17.775
      vertex 10.3855 17.2002 17.4052
      vertex 15.9463 22.761 17.4052
    endloop
  endfacet
  facet normal 0.466176 -0.466185 0.751899
    outer loop
      vertex 16.1537 22.5537 17.0708
      vertex 10.8293 16.7565 16.7776
      vertex 16.3901 22.3172 16.7776
    endloop
  endfacet
  facet normal 0.466236 -0.466236 0.75183
    outer loop
      vertex 10.8293 16.7565 16.7776
      vertex 16.1537 22.5537 17.0708
      vertex 10.5929 16.9929 17.0708
    endloop
  endfacet
  facet normal 0.227203 -0.227203 0.946973
    outer loop
      vertex 16.9336 21.7737 16.3338
      vertex 11.7555 16 16.1909
      vertex 17.2314 21.4759 16.1909
    endloop
  endfacet
  facet normal 0.227239 -0.227235 0.946956
    outer loop
      vertex 11.3729 16.2129 16.3338
      vertex 11.7555 16 16.1909
      vertex 16.9336 21.7737 16.3338
    endloop
  endfacet
  facet normal 0.227108 -0.227456 0.946935
    outer loop
      vertex 11.7555 16 16.1909
      vertex 11.3729 16.2129 16.3338
      vertex 11.5858 16 16.2316
    endloop
  endfacet
  facet normal 0.669568 -0.669562 -0.321506
    outer loop
      vertex 15.6325 23.0748 20.7761
      vertex 9.97065 17.6151 20.355
      vertex 15.5314 23.1759 20.355
    endloop
  endfacet
  facet normal 0.669582 -0.669582 -0.321434
    outer loop
      vertex 9.97065 17.6151 20.355
      vertex 15.6325 23.0748 20.7761
      vertex 10.0717 17.514 20.7761
    endloop
  endfacet
  facet normal -0.53165 0.53165 0.659316
    outer loop
      vertex 19.5537 19.1537 17.0708
      vertex 16.8147 16 17.4052
      vertex 19.761 18.9463 17.4052
    endloop
  endfacet
  facet normal -0.53165 0.53165 0.659316
    outer loop
      vertex 16.8147 16 17.4052
      vertex 19.5537 19.1537 17.0708
      vertex 16.4 16 17.0708
    endloop
  endfacet
  facet normal 0.312741 -0.312736 0.896877
    outer loop
      vertex 16.6516 22.0558 16.5305
      vertex 11.3729 16.2129 16.3338
      vertex 16.9336 21.7737 16.3338
    endloop
  endfacet
  facet normal 0.312694 -0.312694 0.896909
    outer loop
      vertex 11.3729 16.2129 16.3338
      vertex 16.6516 22.0558 16.5305
      vertex 11.0908 16.495 16.5305
    endloop
  endfacet
  facet normal 0.53165 -0.53165 -0.659316
    outer loop
      vertex 10.5929 16.9929 21.8792
      vertex 15.9463 22.761 21.5448
      vertex 16.1537 22.5537 21.8792
    endloop
  endfacet
  facet normal 0.53165 -0.53165 -0.659316
    outer loop
      vertex 15.9463 22.761 21.5448
      vertex 10.5929 16.9929 21.8792
      vertex 10.3855 17.2002 21.5448
    endloop
  endfacet
  facet normal -0.587959 0.587959 0.555525
    outer loop
      vertex 16.8147 16 17.4052
      vertex 19.9357 18.7716 17.775
      vertex 19.761 18.9463 17.4052
    endloop
  endfacet
  facet normal -0.587959 0.587959 0.555525
    outer loop
      vertex 19.9357 18.7716 17.775
      vertex 16.8147 16 17.4052
      vertex 17.1641 16 17.775
    endloop
  endfacet
  facet normal 0.137998 -0.137998 -0.980772
    outer loop
      vertex 12.3724 16 22.8459
      vertex 17.2314 21.4759 22.7591
      vertex 17.5399 21.1675 22.8459
    endloop
  endfacet
  facet normal 0.137998 -0.137998 -0.980772
    outer loop
      vertex 17.2314 21.4759 22.7591
      vertex 12.3724 16 22.8459
      vertex 11.7555 16 22.7591
    endloop
  endfacet
  facet normal -0.693521 0.693521 -0.195083
    outer loop
      vertex 17.6445 16 20.355
      vertex 20.2373 18.4701 19.9188
      vertex 17.7672 16 19.9188
    endloop
  endfacet
  facet normal -0.693521 0.693521 -0.195083
    outer loop
      vertex 20.2373 18.4701 19.9188
      vertex 17.6445 16 20.355
      vertex 20.1759 18.5314 20.355
    endloop
  endfacet
  facet normal -0.137998 0.137998 -0.980772
    outer loop
      vertex 14.2445 16 22.7591
      vertex 18.1675 20.5399 22.8459
      vertex 18.4759 20.2314 22.7591
    endloop
  endfacet
  facet normal -0.137998 0.137998 -0.980772
    outer loop
      vertex 18.1675 20.5399 22.8459
      vertex 14.2445 16 22.7591
      vertex 13.6276 16 22.8459
    endloop
  endfacet
  facet normal -0.587959 0.587959 -0.555525
    outer loop
      vertex 16.8147 16 21.5448
      vertex 19.9357 18.7716 21.175
      vertex 17.1641 16 21.175
    endloop
  endfacet
  facet normal -0.587959 0.587959 -0.555525
    outer loop
      vertex 19.9357 18.7716 21.175
      vertex 16.8147 16 21.5448
      vertex 19.761 18.9463 21.5448
    endloop
  endfacet
  facet normal -0.669565 0.669565 -0.321506
    outer loop
      vertex 17.6445 16 20.355
      vertex 20.0748 18.6325 20.7761
      vertex 20.1759 18.5314 20.355
    endloop
  endfacet
  facet normal -0.669565 0.669565 -0.321506
    outer loop
      vertex 20.0748 18.6325 20.7761
      vertex 17.6445 16 20.355
      vertex 17.4423 16 20.7761
    endloop
  endfacet
  facet normal -0.312739 0.312739 0.896877
    outer loop
      vertex 18.7737 19.9336 16.3338
      vertex 15.4042 16 16.5305
      vertex 19.0558 19.6516 16.5305
    endloop
  endfacet
  facet normal -0.312739 0.312739 0.896877
    outer loop
      vertex 15.4042 16 16.5305
      vertex 18.7737 19.9336 16.3338
      vertex 14.8401 16 16.3338
    endloop
  endfacet
  facet normal -0.392895 0.392895 -0.831424
    outer loop
      vertex 15.9271 16 22.1724
      vertex 19.0558 19.6516 22.4195
      vertex 19.3172 19.3901 22.1724
    endloop
  endfacet
  facet normal -0.392895 0.392895 -0.831424
    outer loop
      vertex 19.0558 19.6516 22.4195
      vertex 15.9271 16 22.1724
      vertex 15.4042 16 22.4195
    endloop
  endfacet
  facet normal -0.312739 0.312739 -0.896877
    outer loop
      vertex 15.4042 16 22.4195
      vertex 18.7737 19.9336 22.6162
      vertex 19.0558 19.6516 22.4195
    endloop
  endfacet
  facet normal -0.312739 0.312739 -0.896877
    outer loop
      vertex 18.7737 19.9336 22.6162
      vertex 15.4042 16 22.4195
      vertex 14.8401 16 22.6162
    endloop
  endfacet
  facet normal -0.392895 0.392895 0.831424
    outer loop
      vertex 19.0558 19.6516 16.5305
      vertex 15.9271 16 16.7776
      vertex 19.3172 19.3901 16.7776
    endloop
  endfacet
  facet normal -0.392895 0.392895 0.831424
    outer loop
      vertex 15.9271 16 16.7776
      vertex 19.0558 19.6516 16.5305
      vertex 15.4042 16 16.5305
    endloop
  endfacet
  facet normal -0.46618 0.46618 0.751899
    outer loop
      vertex 19.3172 19.3901 16.7776
      vertex 16.4 16 17.0708
      vertex 19.5537 19.1537 17.0708
    endloop
  endfacet
  facet normal -0.46618 0.46618 0.751899
    outer loop
      vertex 16.4 16 17.0708
      vertex 19.3172 19.3901 16.7776
      vertex 15.9271 16 16.7776
    endloop
  endfacet
  facet normal 0.693521 -0.693521 -0.195083
    outer loop
      vertex 15.5314 23.1759 20.355
      vertex 9.9093 17.6765 19.9188
      vertex 15.4701 23.2373 19.9188
    endloop
  endfacet
  facet normal 0.693513 -0.693507 -0.195159
    outer loop
      vertex 9.9093 17.6765 19.9188
      vertex 15.5314 23.1759 20.355
      vertex 9.97065 17.6151 20.355
    endloop
  endfacet
  facet normal 0.693521 -0.693521 0.195083
    outer loop
      vertex 9.9093 17.6765 19.0312
      vertex 15.5314 23.1759 18.595
      vertex 15.4701 23.2373 19.0312
    endloop
  endfacet
  facet normal 0.693513 -0.693507 0.195159
    outer loop
      vertex 15.5314 23.1759 18.595
      vertex 9.9093 17.6765 19.0312
      vertex 9.97065 17.6151 18.595
    endloop
  endfacet
  facet normal 0.0462677 -0.0462677 -0.997857
    outer loop
      vertex 13 16 22.875
      vertex 17.5399 21.1675 22.8459
      vertex 17.8537 20.8537 22.875
    endloop
  endfacet
  facet normal 0.0462677 -0.0462677 -0.997857
    outer loop
      vertex 17.5399 21.1675 22.8459
      vertex 13 16 22.875
      vertex 12.3724 16 22.8459
    endloop
  endfacet
  facet normal 0.466176 -0.466185 -0.751899
    outer loop
      vertex 10.8293 16.7565 22.1724
      vertex 16.1537 22.5537 21.8792
      vertex 16.3901 22.3172 22.1724
    endloop
  endfacet
  facet normal 0.466236 -0.466236 -0.75183
    outer loop
      vertex 16.1537 22.5537 21.8792
      vertex 10.8293 16.7565 22.1724
      vertex 10.5929 16.9929 21.8792
    endloop
  endfacet
  facet normal -0.634184 0.634184 0.442291
    outer loop
      vertex 17.1641 16 17.775
      vertex 20.0748 18.6325 18.1739
      vertex 19.9357 18.7716 17.775
    endloop
  endfacet
  facet normal -0.634184 0.634184 0.442291
    outer loop
      vertex 20.0748 18.6325 18.1739
      vertex 17.1641 16 17.775
      vertex 17.4423 16 18.1739
    endloop
  endfacet
  facet normal -0.53165 0.53165 -0.659316
    outer loop
      vertex 16.8147 16 21.5448
      vertex 19.5537 19.1537 21.8792
      vertex 19.761 18.9463 21.5448
    endloop
  endfacet
  facet normal -0.53165 0.53165 -0.659316
    outer loop
      vertex 19.5537 19.1537 21.8792
      vertex 16.8147 16 21.5448
      vertex 16.4 16 21.8792
    endloop
  endfacet
  facet normal 0.705591 -0.7056 -0.0653447
    outer loop
      vertex 15.4701 23.2373 19.9188
      vertex 9.88873 17.6971 19.475
      vertex 15.4495 23.2578 19.475
    endloop
  endfacet
  facet normal 0.70559 -0.70559 -0.0654555
    outer loop
      vertex 9.88873 17.6971 19.475
      vertex 15.4701 23.2373 19.9188
      vertex 9.9093 17.6765 19.9188
    endloop
  endfacet
  facet normal -0.0462677 0.0462677 -0.997857
    outer loop
      vertex 13.6276 16 22.8459
      vertex 17.8537 20.8537 22.875
      vertex 18.1675 20.5399 22.8459
    endloop
  endfacet
  facet normal -0.0462677 0.0462677 -0.997857
    outer loop
      vertex 17.8537 20.8537 22.875
      vertex 13.6276 16 22.8459
      vertex 13 16 22.875
    endloop
  endfacet
  facet normal 0.669568 -0.669562 0.321506
    outer loop
      vertex 9.97065 17.6151 18.595
      vertex 15.6325 23.0748 18.1739
      vertex 15.5314 23.1759 18.595
    endloop
  endfacet
  facet normal 0.669582 -0.669582 0.321434
    outer loop
      vertex 15.6325 23.0748 18.1739
      vertex 9.97065 17.6151 18.595
      vertex 10.0717 17.514 18.1739
    endloop
  endfacet
  facet normal -0.227203 0.227203 0.946973
    outer loop
      vertex 18.4759 20.2314 16.1909
      vertex 14.8401 16 16.3338
      vertex 18.7737 19.9336 16.3338
    endloop
  endfacet
  facet normal -0.227203 0.227203 0.946973
    outer loop
      vertex 14.8401 16 16.3338
      vertex 18.4759 20.2314 16.1909
      vertex 14.2445 16 16.1909
    endloop
  endfacet
  facet normal 0.705591 -0.7056 0.0653447
    outer loop
      vertex 9.88873 17.6971 19.475
      vertex 15.4701 23.2373 19.0312
      vertex 15.4495 23.2578 19.475
    endloop
  endfacet
  facet normal 0.70559 -0.70559 0.0654555
    outer loop
      vertex 15.4701 23.2373 19.0312
      vertex 9.88873 17.6971 19.475
      vertex 9.9093 17.6765 19.0312
    endloop
  endfacet
  facet normal 0.634184 -0.634184 -0.442291
    outer loop
      vertex 15.7716 22.9357 21.175
      vertex 10.0717 17.514 20.7761
      vertex 15.6325 23.0748 20.7761
    endloop
  endfacet
  facet normal 0.634223 -0.634234 -0.442163
    outer loop
      vertex 10.0717 17.514 20.7761
      vertex 15.7716 22.9357 21.175
      vertex 10.2108 17.375 21.175
    endloop
  endfacet
  facet normal 0.587902 -0.587913 -0.555635
    outer loop
      vertex 15.7716 22.9357 21.175
      vertex 10.3855 17.2002 21.5448
      vertex 10.2108 17.375 21.175
    endloop
  endfacet
  facet normal 0.587959 -0.587959 -0.555525
    outer loop
      vertex 10.3855 17.2002 21.5448
      vertex 15.7716 22.9357 21.175
      vertex 15.9463 22.761 21.5448
    endloop
  endfacet
  facet normal -0.705596 0.705596 -0.0653447
    outer loop
      vertex 17.7672 16 19.9188
      vertex 20.2578 18.4495 19.475
      vertex 17.8083 16 19.475
    endloop
  endfacet
  facet normal -0.705596 0.705596 -0.0653447
    outer loop
      vertex 20.2578 18.4495 19.475
      vertex 17.7672 16 19.9188
      vertex 20.2373 18.4701 19.9188
    endloop
  endfacet
  facet normal -0.669565 0.669565 0.321506
    outer loop
      vertex 20.0748 18.6325 18.1739
      vertex 17.6445 16 18.595
      vertex 20.1759 18.5314 18.595
    endloop
  endfacet
  facet normal -0.669565 0.669565 0.321506
    outer loop
      vertex 17.6445 16 18.595
      vertex 20.0748 18.6325 18.1739
      vertex 17.4423 16 18.1739
    endloop
  endfacet
  facet normal 0.0462677 -0.0462677 0.997857
    outer loop
      vertex 17.5399 21.1675 16.1041
      vertex 13 16 16.075
      vertex 17.8537 20.8537 16.075
    endloop
  endfacet
  facet normal 0.0462677 -0.0462677 0.997857
    outer loop
      vertex 13 16 16.075
      vertex 17.5399 21.1675 16.1041
      vertex 12.3724 16 16.1041
    endloop
  endfacet
  facet normal -0.227203 0.227203 -0.946973
    outer loop
      vertex 14.8401 16 22.6162
      vertex 18.4759 20.2314 22.7591
      vertex 18.7737 19.9336 22.6162
    endloop
  endfacet
  facet normal -0.227203 0.227203 -0.946973
    outer loop
      vertex 18.4759 20.2314 22.7591
      vertex 14.8401 16 22.6162
      vertex 14.2445 16 22.7591
    endloop
  endfacet
  facet normal 0.137998 -0.137998 0.980772
    outer loop
      vertex 17.2314 21.4759 16.1909
      vertex 12.3724 16 16.1041
      vertex 17.5399 21.1675 16.1041
    endloop
  endfacet
  facet normal 0.137998 -0.137998 0.980772
    outer loop
      vertex 12.3724 16 16.1041
      vertex 17.2314 21.4759 16.1909
      vertex 11.7555 16 16.1909
    endloop
  endfacet
  facet normal 0.634184 -0.634184 0.442291
    outer loop
      vertex 10.0717 17.514 18.1739
      vertex 15.7716 22.9357 17.775
      vertex 15.6325 23.0748 18.1739
    endloop
  endfacet
  facet normal 0.634223 -0.634234 0.442163
    outer loop
      vertex 15.7716 22.9357 17.775
      vertex 10.0717 17.514 18.1739
      vertex 10.2108 17.375 17.775
    endloop
  endfacet
  facet normal -0.634184 0.634184 -0.442291
    outer loop
      vertex 17.1641 16 21.175
      vertex 20.0748 18.6325 20.7761
      vertex 17.4423 16 20.7761
    endloop
  endfacet
  facet normal -0.634184 0.634184 -0.442291
    outer loop
      vertex 20.0748 18.6325 20.7761
      vertex 17.1641 16 21.175
      vertex 19.9357 18.7716 21.175
    endloop
  endfacet
  facet normal 0.227203 -0.227203 -0.946973
    outer loop
      vertex 11.7555 16 22.7591
      vertex 16.9336 21.7737 22.6162
      vertex 17.2314 21.4759 22.7591
    endloop
  endfacet
  facet normal 0.227108 -0.227456 -0.946935
    outer loop
      vertex 11.3729 16.2129 22.6162
      vertex 11.7555 16 22.7591
      vertex 11.5858 16 22.7184
    endloop
  endfacet
  facet normal 0.227239 -0.227235 -0.946956
    outer loop
      vertex 11.7555 16 22.7591
      vertex 11.3729 16.2129 22.6162
      vertex 16.9336 21.7737 22.6162
    endloop
  endfacet
  facet normal -0.137998 0.137998 0.980772
    outer loop
      vertex 18.1675 20.5399 16.1041
      vertex 14.2445 16 16.1909
      vertex 18.4759 20.2314 16.1909
    endloop
  endfacet
  facet normal -0.137998 0.137998 0.980772
    outer loop
      vertex 14.2445 16 16.1909
      vertex 18.1675 20.5399 16.1041
      vertex 13.6276 16 16.1041
    endloop
  endfacet
  facet normal 0.312741 -0.312736 -0.896877
    outer loop
      vertex 11.3729 16.2129 22.6162
      vertex 16.6516 22.0558 22.4195
      vertex 16.9336 21.7737 22.6162
    endloop
  endfacet
  facet normal 0.312694 -0.312694 -0.896909
    outer loop
      vertex 16.6516 22.0558 22.4195
      vertex 11.3729 16.2129 22.6162
      vertex 11.0908 16.495 22.4195
    endloop
  endfacet
  facet normal -0.46618 0.46618 -0.751899
    outer loop
      vertex 16.4 16 21.8792
      vertex 19.3172 19.3901 22.1724
      vertex 19.5537 19.1537 21.8792
    endloop
  endfacet
  facet normal -0.46618 0.46618 -0.751899
    outer loop
      vertex 19.3172 19.3901 22.1724
      vertex 16.4 16 21.8792
      vertex 15.9271 16 22.1724
    endloop
  endfacet
  facet normal 0.392895 -0.392895 -0.831424
    outer loop
      vertex 11.0908 16.495 22.4195
      vertex 16.3901 22.3172 22.1724
      vertex 16.6516 22.0558 22.4195
    endloop
  endfacet
  facet normal 0.39284 -0.392847 -0.831473
    outer loop
      vertex 16.3901 22.3172 22.1724
      vertex 11.0908 16.495 22.4195
      vertex 10.8293 16.7565 22.1724
    endloop
  endfacet
  facet normal -0.707092 -0.707121 -0.000157968
    outer loop
      vertex 16.5217 22.1857 19.227
      vertex 15.4495 23.2578 19.475
      vertex 15.4701 23.2373 19.0312
    endloop
  endfacet
  facet normal -0.707103 -0.70711 0.00016312
    outer loop
      vertex 16.556 22.1514 18.9832
      vertex 15.4701 23.2373 19.0312
      vertex 15.5314 23.1759 18.595
    endloop
  endfacet
  facet normal -0.707073 -0.70714 3.09143e-06
    outer loop
      vertex 15.4495 23.2578 19.475
      vertex 16.5217 22.1857 19.227
      vertex 16.5102 22.1972 19.475
    endloop
  endfacet
  facet normal -0.707107 -0.707107 -2.74174e-15
    outer loop
      vertex 16.6124 22.0949 18.7479
      vertex 15.5314 23.1759 18.595
      vertex 15.6325 23.0748 18.1739
    endloop
  endfacet
  facet normal -0.707073 -0.70714 -3.09143e-06
    outer loop
      vertex 16.5217 22.1857 19.723
      vertex 15.4495 23.2578 19.475
      vertex 16.5102 22.1972 19.475
    endloop
  endfacet
  facet normal -0.707077 -0.707136 2.04518e-05
    outer loop
      vertex 16.7878 21.9196 18.3184
      vertex 15.6325 23.0748 18.1739
      vertex 15.7716 22.9357 17.775
    endloop
  endfacet
  facet normal -0.707092 -0.707121 0.000157968
    outer loop
      vertex 15.4495 23.2578 19.475
      vertex 16.5217 22.1857 19.723
      vertex 15.4701 23.2373 19.9188
    endloop
  endfacet
  facet normal -0.70708 -0.707134 2.56869e-05
    outer loop
      vertex 16.9037 21.8037 18.1315
      vertex 15.7716 22.9357 17.775
      vertex 15.9463 22.761 17.4052
    endloop
  endfacet
  facet normal -0.707107 -0.707107 1.66948e-16
    outer loop
      vertex 16.556 22.1514 19.9668
      vertex 15.4701 23.2373 19.9188
      vertex 16.5217 22.1857 19.723
    endloop
  endfacet
  facet normal -0.707041 -0.707173 -0.000129695
    outer loop
      vertex 17.0358 21.6716 17.9676
      vertex 15.9463 22.761 17.4052
      vertex 16.1537 22.5537 17.0708
    endloop
  endfacet
  facet normal -0.707127 -0.707086 -0.00029065
    outer loop
      vertex 16.6124 22.0949 20.2021
      vertex 15.5314 23.1759 20.355
      vertex 16.556 22.1514 19.9668
    endloop
  endfacet
  facet normal -0.707184 -0.707029 0.000116425
    outer loop
      vertex 17.1819 21.5254 17.8296
      vertex 16.1537 22.5537 17.0708
      vertex 16.3901 22.3172 16.7776
    endloop
  endfacet
  facet normal -0.707107 -0.707107 2.6184e-15
    outer loop
      vertex 15.5314 23.1759 20.355
      vertex 16.6124 22.0949 20.2021
      vertex 15.6325 23.0748 20.7761
    endloop
  endfacet
  facet normal -0.70703 -0.707184 0.000263409
    outer loop
      vertex 16.6902 22.0172 20.425
      vertex 15.6325 23.0748 20.7761
      vertex 16.6124 22.0949 20.2021
    endloop
  endfacet
  facet normal -0.707103 -0.70711 -0.00016312
    outer loop
      vertex 15.4701 23.2373 19.9188
      vertex 16.556 22.1514 19.9668
      vertex 15.5314 23.1759 20.355
    endloop
  endfacet
  facet normal -0.707107 -0.707107 -2.45579e-16
    outer loop
      vertex 15.4701 23.2373 19.0312
      vertex 16.556 22.1514 18.9832
      vertex 16.5217 22.1857 19.227
    endloop
  endfacet
  facet normal -0.707127 -0.707086 0.00029065
    outer loop
      vertex 15.5314 23.1759 18.595
      vertex 16.6124 22.0949 18.7479
      vertex 16.556 22.1514 18.9832
    endloop
  endfacet
  facet normal -0.707038 -0.707176 -0.000139603
    outer loop
      vertex 17.3395 21.3678 17.7196
      vertex 16.3901 22.3172 16.7776
      vertex 16.6516 22.0558 16.5305
    endloop
  endfacet
  facet normal -0.70703 -0.707184 -0.000263409
    outer loop
      vertex 15.6325 23.0748 18.1739
      vertex 16.6902 22.0172 18.525
      vertex 16.6124 22.0949 18.7479
    endloop
  endfacet
  facet normal -0.707078 -0.707136 2.73021e-05
    outer loop
      vertex 15.6325 23.0748 18.1739
      vertex 16.7878 21.9196 18.3184
      vertex 16.6902 22.0172 18.525
    endloop
  endfacet
  facet normal -0.707081 -0.707133 3.24058e-05
    outer loop
      vertex 15.7716 22.9357 17.775
      vertex 16.9037 21.8037 18.1315
      vertex 16.7878 21.9196 18.3184
    endloop
  endfacet
  facet normal -0.707188 -0.707025 0.000125627
    outer loop
      vertex 17.506 21.2014 17.6397
      vertex 16.6516 22.0558 16.5305
      vertex 16.9336 21.7737 16.3338
    endloop
  endfacet
  facet normal -0.707084 -0.70713 3.69418e-05
    outer loop
      vertex 15.9463 22.761 17.4052
      vertex 17.0358 21.6716 17.9676
      vertex 16.9037 21.8037 18.1315
    endloop
  endfacet
  facet normal -0.707232 -0.706981 0.000246735
    outer loop
      vertex 16.1537 22.5537 17.0708
      vertex 17.1819 21.5254 17.8296
      vertex 17.0358 21.6716 17.9676
    endloop
  endfacet
  facet normal -0.707096 -0.707118 4.47382e-05
    outer loop
      vertex 17.506 21.2014 17.6397
      vertex 16.9336 21.7737 16.3338
      vertex 17.2314 21.4759 16.1909
    endloop
  endfacet
  facet normal -0.707107 -0.707107 -1.12672e-16
    outer loop
      vertex 16.3901 22.3172 16.7776
      vertex 17.3395 21.3678 17.7196
      vertex 17.1819 21.5254 17.8296
    endloop
  endfacet
  facet normal -0.706952 -0.707262 -0.000238896
    outer loop
      vertex 16.6516 22.0558 16.5305
      vertex 17.506 21.2014 17.6397
      vertex 17.3395 21.3678 17.7196
    endloop
  endfacet
  facet normal -0.707002 -0.707212 -6.7129e-05
    outer loop
      vertex 17.6783 21.029 17.5913
      vertex 17.2314 21.4759 16.1909
      vertex 17.5399 21.1675 16.1041
    endloop
  endfacet
  facet normal -0.707295 -0.706918 0.000120159
    outer loop
      vertex 17.2314 21.4759 16.1909
      vertex 17.6783 21.029 17.5913
      vertex 17.506 21.2014 17.6397
    endloop
  endfacet
  facet normal -0.707107 -0.707107 -0
    outer loop
      vertex 17.8537 20.8537 17.575
      vertex 17.5399 21.1675 16.1041
      vertex 17.8537 20.8537 16.075
    endloop
  endfacet
  facet normal -0.706909 -0.707304 -8.43569e-05
    outer loop
      vertex 17.5399 21.1675 16.1041
      vertex 17.8537 20.8537 17.575
      vertex 17.6783 21.029 17.5913
    endloop
  endfacet
  facet normal -0.707107 -0.707107 -4.0901e-18
    outer loop
      vertex 18.1675 20.5399 16.1041
      vertex 17.8537 20.8537 17.575
      vertex 17.8537 20.8537 16.075
    endloop
  endfacet
  facet normal -0.707304 -0.706909 -8.43569e-05
    outer loop
      vertex 17.8537 20.8537 17.575
      vertex 18.1675 20.5399 16.1041
      vertex 18.029 20.6783 17.5913
    endloop
  endfacet
  facet normal -0.707212 -0.707002 -6.7129e-05
    outer loop
      vertex 18.4759 20.2314 16.1909
      vertex 18.029 20.6783 17.5913
      vertex 18.1675 20.5399 16.1041
    endloop
  endfacet
  facet normal -0.706918 -0.707295 0.000120159
    outer loop
      vertex 18.029 20.6783 17.5913
      vertex 18.4759 20.2314 16.1909
      vertex 18.2014 20.506 17.6397
    endloop
  endfacet
  facet normal -0.707118 -0.707096 4.47382e-05
    outer loop
      vertex 18.7737 19.9336 16.3338
      vertex 18.2014 20.506 17.6397
      vertex 18.4759 20.2314 16.1909
    endloop
  endfacet
  facet normal -0.707025 -0.707188 0.000125627
    outer loop
      vertex 19.0558 19.6516 16.5305
      vertex 18.2014 20.506 17.6397
      vertex 18.7737 19.9336 16.3338
    endloop
  endfacet
  facet normal -0.707262 -0.706952 -0.000238896
    outer loop
      vertex 18.2014 20.506 17.6397
      vertex 19.0558 19.6516 16.5305
      vertex 18.3678 20.3395 17.7196
    endloop
  endfacet
  facet normal -0.707176 -0.707038 -0.000139603
    outer loop
      vertex 19.3172 19.3901 16.7776
      vertex 18.3678 20.3395 17.7196
      vertex 19.0558 19.6516 16.5305
    endloop
  endfacet
  facet normal -0.707107 -0.707107 2.90672e-17
    outer loop
      vertex 18.3678 20.3395 17.7196
      vertex 19.3172 19.3901 16.7776
      vertex 18.5254 20.1819 17.8296
    endloop
  endfacet
  facet normal -0.707029 -0.707184 0.000116425
    outer loop
      vertex 19.5537 19.1537 17.0708
      vertex 18.5254 20.1819 17.8296
      vertex 19.3172 19.3901 16.7776
    endloop
  endfacet
  facet normal -0.706981 -0.707232 0.000246735
    outer loop
      vertex 18.5254 20.1819 17.8296
      vertex 19.5537 19.1537 17.0708
      vertex 18.6716 20.0358 17.9676
    endloop
  endfacet
  facet normal -0.707173 -0.707041 -0.000129695
    outer loop
      vertex 19.761 18.9463 17.4052
      vertex 18.6716 20.0358 17.9676
      vertex 19.5537 19.1537 17.0708
    endloop
  endfacet
  facet normal -0.70713 -0.707084 3.69418e-05
    outer loop
      vertex 18.6716 20.0358 17.9676
      vertex 19.761 18.9463 17.4052
      vertex 18.8037 19.9037 18.1315
    endloop
  endfacet
  facet normal -0.707134 -0.70708 2.56869e-05
    outer loop
      vertex 19.9357 18.7716 17.775
      vertex 18.8037 19.9037 18.1315
      vertex 19.761 18.9463 17.4052
    endloop
  endfacet
  facet normal -0.707133 -0.707081 3.24058e-05
    outer loop
      vertex 18.8037 19.9037 18.1315
      vertex 19.9357 18.7716 17.775
      vertex 18.9196 19.7878 18.3184
    endloop
  endfacet
  facet normal -0.707136 -0.707078 2.73021e-05
    outer loop
      vertex 18.9196 19.7878 18.3184
      vertex 20.0748 18.6325 18.1739
      vertex 19.0172 19.6902 18.525
    endloop
  endfacet
  facet normal -0.707136 -0.707077 2.04518e-05
    outer loop
      vertex 20.0748 18.6325 18.1739
      vertex 18.9196 19.7878 18.3184
      vertex 19.9357 18.7716 17.775
    endloop
  endfacet
  facet normal -0.707078 -0.707136 -2.73021e-05
    outer loop
      vertex 16.7878 21.9196 20.6316
      vertex 15.6325 23.0748 20.7761
      vertex 16.6902 22.0172 20.425
    endloop
  endfacet
  facet normal -0.707077 -0.707136 -2.04518e-05
    outer loop
      vertex 15.6325 23.0748 20.7761
      vertex 16.7878 21.9196 20.6316
      vertex 15.7716 22.9357 21.175
    endloop
  endfacet
  facet normal -0.707081 -0.707133 -3.24058e-05
    outer loop
      vertex 16.9037 21.8037 20.8185
      vertex 15.7716 22.9357 21.175
      vertex 16.7878 21.9196 20.6316
    endloop
  endfacet
  facet normal -0.70708 -0.707134 -2.56869e-05
    outer loop
      vertex 15.7716 22.9357 21.175
      vertex 16.9037 21.8037 20.8185
      vertex 15.9463 22.761 21.5448
    endloop
  endfacet
  facet normal -0.707084 -0.70713 -3.69418e-05
    outer loop
      vertex 17.0358 21.6716 20.9824
      vertex 15.9463 22.761 21.5448
      vertex 16.9037 21.8037 20.8185
    endloop
  endfacet
  facet normal -0.707041 -0.707173 0.000129695
    outer loop
      vertex 15.9463 22.761 21.5448
      vertex 17.0358 21.6716 20.9824
      vertex 16.1537 22.5537 21.8792
    endloop
  endfacet
  facet normal -0.707232 -0.706981 -0.000246735
    outer loop
      vertex 17.1819 21.5254 21.1204
      vertex 16.1537 22.5537 21.8792
      vertex 17.0358 21.6716 20.9824
    endloop
  endfacet
  facet normal -0.707184 -0.707029 -0.000116425
    outer loop
      vertex 16.1537 22.5537 21.8792
      vertex 17.1819 21.5254 21.1204
      vertex 16.3901 22.3172 22.1724
    endloop
  endfacet
  facet normal -0.707107 -0.707107 2.90672e-17
    outer loop
      vertex 17.3395 21.3678 21.2304
      vertex 16.3901 22.3172 22.1724
      vertex 17.1819 21.5254 21.1204
    endloop
  endfacet
  facet normal -0.707038 -0.707176 0.000139603
    outer loop
      vertex 16.3901 22.3172 22.1724
      vertex 17.3395 21.3678 21.2304
      vertex 16.6516 22.0558 22.4195
    endloop
  endfacet
  facet normal -0.706952 -0.707262 0.000238896
    outer loop
      vertex 17.506 21.2014 21.3103
      vertex 16.6516 22.0558 22.4195
      vertex 17.3395 21.3678 21.2304
    endloop
  endfacet
  facet normal -0.707188 -0.707025 -0.000125627
    outer loop
      vertex 16.6516 22.0558 22.4195
      vertex 17.506 21.2014 21.3103
      vertex 16.9336 21.7737 22.6162
    endloop
  endfacet
  facet normal -0.707096 -0.707118 -4.47382e-05
    outer loop
      vertex 16.9336 21.7737 22.6162
      vertex 17.506 21.2014 21.3103
      vertex 17.2314 21.4759 22.7591
    endloop
  endfacet
  facet normal -0.707295 -0.706918 -0.000120159
    outer loop
      vertex 17.6783 21.029 21.3587
      vertex 17.2314 21.4759 22.7591
      vertex 17.506 21.2014 21.3103
    endloop
  endfacet
  facet normal -0.707002 -0.707212 6.7129e-05
    outer loop
      vertex 17.2314 21.4759 22.7591
      vertex 17.6783 21.029 21.3587
      vertex 17.5399 21.1675 22.8459
    endloop
  endfacet
  facet normal -0.706909 -0.707304 8.43569e-05
    outer loop
      vertex 17.8537 20.8537 21.375
      vertex 17.5399 21.1675 22.8459
      vertex 17.6783 21.029 21.3587
    endloop
  endfacet
  facet normal -0.707107 -0.707107 0
    outer loop
      vertex 17.8537 20.8537 21.375
      vertex 17.8537 20.8537 22.875
      vertex 17.5399 21.1675 22.8459
    endloop
  endfacet
  facet normal -0.707304 -0.706909 8.43569e-05
    outer loop
      vertex 18.1675 20.5399 22.8459
      vertex 17.8537 20.8537 21.375
      vertex 18.029 20.6783 21.3587
    endloop
  endfacet
  facet normal -0.707107 -0.707107 0
    outer loop
      vertex 17.8537 20.8537 21.375
      vertex 18.1675 20.5399 22.8459
      vertex 17.8537 20.8537 22.875
    endloop
  endfacet
  facet normal -0.706918 -0.707295 -0.000120159
    outer loop
      vertex 18.4759 20.2314 22.7591
      vertex 18.029 20.6783 21.3587
      vertex 18.2014 20.506 21.3103
    endloop
  endfacet
  facet normal -0.707262 -0.706952 0.000238896
    outer loop
      vertex 19.0558 19.6516 22.4195
      vertex 18.2014 20.506 21.3103
      vertex 18.3678 20.3395 21.2304
    endloop
  endfacet
  facet normal -0.707212 -0.707002 6.7129e-05
    outer loop
      vertex 18.029 20.6783 21.3587
      vertex 18.4759 20.2314 22.7591
      vertex 18.1675 20.5399 22.8459
    endloop
  endfacet
  facet normal -0.707107 -0.707107 -1.12672e-16
    outer loop
      vertex 19.3172 19.3901 22.1724
      vertex 18.3678 20.3395 21.2304
      vertex 18.5254 20.1819 21.1204
    endloop
  endfacet
  facet normal -0.706981 -0.707232 -0.000246735
    outer loop
      vertex 19.5537 19.1537 21.8792
      vertex 18.5254 20.1819 21.1204
      vertex 18.6716 20.0358 20.9824
    endloop
  endfacet
  facet normal -0.707118 -0.707096 -4.47382e-05
    outer loop
      vertex 18.2014 20.506 21.3103
      vertex 18.7737 19.9336 22.6162
      vertex 18.4759 20.2314 22.7591
    endloop
  endfacet
  facet normal -0.70713 -0.707084 -3.69418e-05
    outer loop
      vertex 19.761 18.9463 21.5448
      vertex 18.6716 20.0358 20.9824
      vertex 18.8037 19.9037 20.8185
    endloop
  endfacet
  facet normal -0.707133 -0.707081 -3.24058e-05
    outer loop
      vertex 19.9357 18.7716 21.175
      vertex 18.8037 19.9037 20.8185
      vertex 18.9196 19.7878 20.6316
    endloop
  endfacet
  facet normal -0.707136 -0.707078 -2.73021e-05
    outer loop
      vertex 20.0748 18.6325 20.7761
      vertex 18.9196 19.7878 20.6316
      vertex 19.0172 19.6902 20.425
    endloop
  endfacet
  facet normal -0.707025 -0.707188 -0.000125627
    outer loop
      vertex 18.2014 20.506 21.3103
      vertex 19.0558 19.6516 22.4195
      vertex 18.7737 19.9336 22.6162
    endloop
  endfacet
  facet normal -0.707184 -0.70703 0.000263409
    outer loop
      vertex 20.0748 18.6325 20.7761
      vertex 19.0172 19.6902 20.425
      vertex 19.0949 19.6124 20.2021
    endloop
  endfacet
  facet normal -0.707086 -0.707127 -0.00029065
    outer loop
      vertex 20.1759 18.5314 20.355
      vertex 19.0949 19.6124 20.2021
      vertex 19.1514 19.556 19.9668
    endloop
  endfacet
  facet normal -0.707107 -0.707107 1.04848e-16
    outer loop
      vertex 20.2373 18.4701 19.9188
      vertex 19.1514 19.556 19.9668
      vertex 19.1857 19.5217 19.723
    endloop
  endfacet
  facet normal -0.707176 -0.707038 0.000139603
    outer loop
      vertex 18.3678 20.3395 21.2304
      vertex 19.3172 19.3901 22.1724
      vertex 19.0558 19.6516 22.4195
    endloop
  endfacet
  facet normal -0.70714 -0.707073 -3.09143e-06
    outer loop
      vertex 20.2578 18.4495 19.475
      vertex 19.1857 19.5217 19.723
      vertex 19.1972 19.5102 19.475
    endloop
  endfacet
  facet normal -0.707184 -0.70703 -0.000263409
    outer loop
      vertex 19.0172 19.6902 18.525
      vertex 20.0748 18.6325 18.1739
      vertex 19.0949 19.6124 18.7479
    endloop
  endfacet
  facet normal -0.707107 -0.707107 -9.843e-18
    outer loop
      vertex 20.1759 18.5314 18.595
      vertex 19.0949 19.6124 18.7479
      vertex 20.0748 18.6325 18.1739
    endloop
  endfacet
  facet normal -0.70714 -0.707073 3.09143e-06
    outer loop
      vertex 19.1857 19.5217 19.227
      vertex 20.2578 18.4495 19.475
      vertex 19.1972 19.5102 19.475
    endloop
  endfacet
  facet normal -0.707086 -0.707127 0.00029065
    outer loop
      vertex 19.0949 19.6124 18.7479
      vertex 20.1759 18.5314 18.595
      vertex 19.1514 19.556 18.9832
    endloop
  endfacet
  facet normal -0.707121 -0.707092 -0.000157968
    outer loop
      vertex 20.2578 18.4495 19.475
      vertex 19.1857 19.5217 19.227
      vertex 20.2373 18.4701 19.0312
    endloop
  endfacet
  facet normal -0.70711 -0.707103 0.00016312
    outer loop
      vertex 20.2373 18.4701 19.0312
      vertex 19.1514 19.556 18.9832
      vertex 20.1759 18.5314 18.595
    endloop
  endfacet
  facet normal -0.707107 -0.707107 3.19246e-18
    outer loop
      vertex 19.1514 19.556 18.9832
      vertex 20.2373 18.4701 19.0312
      vertex 19.1857 19.5217 19.227
    endloop
  endfacet
  facet normal -0.707121 -0.707092 0.000157968
    outer loop
      vertex 19.1857 19.5217 19.723
      vertex 20.2578 18.4495 19.475
      vertex 20.2373 18.4701 19.9188
    endloop
  endfacet
  facet normal -0.707173 -0.707041 0.000129695
    outer loop
      vertex 18.6716 20.0358 20.9824
      vertex 19.761 18.9463 21.5448
      vertex 19.5537 19.1537 21.8792
    endloop
  endfacet
  facet normal -0.707134 -0.70708 -2.56869e-05
    outer loop
      vertex 18.8037 19.9037 20.8185
      vertex 19.9357 18.7716 21.175
      vertex 19.761 18.9463 21.5448
    endloop
  endfacet
  facet normal -0.707029 -0.707184 -0.000116425
    outer loop
      vertex 18.5254 20.1819 21.1204
      vertex 19.5537 19.1537 21.8792
      vertex 19.3172 19.3901 22.1724
    endloop
  endfacet
  facet normal -0.707107 -0.707107 -1.26676e-16
    outer loop
      vertex 19.0949 19.6124 20.2021
      vertex 20.1759 18.5314 20.355
      vertex 20.0748 18.6325 20.7761
    endloop
  endfacet
  facet normal -0.707136 -0.707077 -2.04518e-05
    outer loop
      vertex 18.9196 19.7878 20.6316
      vertex 20.0748 18.6325 20.7761
      vertex 19.9357 18.7716 21.175
    endloop
  endfacet
  facet normal -0.70711 -0.707103 -0.00016312
    outer loop
      vertex 19.1514 19.556 19.9668
      vertex 20.2373 18.4701 19.9188
      vertex 20.1759 18.5314 20.355
    endloop
  endfacet
endsolid OpenSCAD_Model
