solid OpenSCAD_Model
  facet normal 0.588549 0.393313 -0.70634
    outer loop
      vertex 27.4391 35.95 1
      vertex 26.5731 35.45 0
      vertex 27.1484 36.385 1
    endloop
  endfacet
  facet normal 0.694263 0.137987 -0.70637
    outer loop
      vertex 26.9493 34.3416 0
      vertex 26.8728 34.7265 0
      vertex 27.9408 34.4721 1
    endloop
  endfacet
  facet normal -0.896898 0.442238 -3.30548e-18
    outer loop
      vertex -27.6705 35.4807 1
      vertex -27.4391 35.95 4.2
      vertex -27.4391 35.95 1
    endloop
  endfacet
  facet normal -0.896898 0.442238 -3.30548e-18
    outer loop
      vertex -27.4391 35.95 4.2
      vertex -27.6705 35.4807 1
      vertex -27.6705 35.4807 4.2
    endloop
  endfacet
  facet normal -0.442268 -0.896883 0
    outer loop
      vertex -25.975 -1.0641 1
      vertex -25.5057 -1.29552 4.2
      vertex -25.975 -1.0641 4.2
    endloop
  endfacet
  facet normal -0.442268 -0.896883 -0
    outer loop
      vertex -25.5057 -1.29552 4.2
      vertex -25.975 -1.0641 1
      vertex -25.5057 -1.29552 1
    endloop
  endfacet
  facet normal 1 -0 0
    outer loop
      vertex 27.975 2.4 4.2
      vertex 27.975 33.95 1
      vertex 27.975 33.95 4.2
    endloop
  endfacet
  facet normal 1 0 0
    outer loop
      vertex 27.975 33.95 1
      vertex 27.975 2.4 4.2
      vertex 27.975 2.4 1
    endloop
  endfacet
  facet normal 0.532205 0.466728 -0.706345
    outer loop
      vertex 27.1484 36.385 1
      vertex 26.0963 36.0713 0
      vertex 26.8034 36.7784 1
    endloop
  endfacet
  facet normal 0.313048 0.63489 -0.706339
    outer loop
      vertex 25.975 37.4141 1
      vertex 25.475 36.5481 0
      vertex 25.5057 37.6455 1
    endloop
  endfacet
  facet normal -1 0 0
    outer loop
      vertex -27.975 2.4 1
      vertex -27.975 33.95 4.2
      vertex -27.975 33.95 1
    endloop
  endfacet
  facet normal -1 -0 0
    outer loop
      vertex -27.975 33.95 4.2
      vertex -27.975 2.4 1
      vertex -27.975 2.4 4.2
    endloop
  endfacet
  facet normal -0 -0.707106 -0.707107
    outer loop
      vertex 23.975 -0.599999 0
      vertex 5.86963 -1.6 1
      vertex 5.25613 -0.599999 0
    endloop
  endfacet
  facet normal 0 -0.707106 -0.707107
    outer loop
      vertex 5.86963 -1.6 1
      vertex 23.975 -0.599999 0
      vertex 23.975 -1.6 1
    endloop
  endfacet
  facet normal 0 -0.707106 -0.707107
    outer loop
      vertex -23.975 -0.599999 0
      vertex -5.86963 -1.6 1
      vertex -23.975 -1.6 1
    endloop
  endfacet
  facet normal 0 -0.707106 -0.707107
    outer loop
      vertex -5.86963 -1.6 1
      vertex -23.975 -0.599999 0
      vertex -5.25613 -0.599999 0
    endloop
  endfacet
  facet normal -0.321464 -0.946922 0
    outer loop
      vertex -25.5057 -1.29552 1
      vertex -25.0103 -1.4637 4.2
      vertex -25.5057 -1.29552 4.2
    endloop
  endfacet
  facet normal -0.321464 -0.946922 -0
    outer loop
      vertex -25.0103 -1.4637 4.2
      vertex -25.5057 -1.29552 1
      vertex -25.0103 -1.4637 1
    endloop
  endfacet
  facet normal -0.6703 -0.227558 -0.706339
    outer loop
      vertex -27.6705 0.869267 1
      vertex -27.8387 1.36472 1
      vertex -26.8728 1.62354 0
    endloop
  endfacet
  facet normal 0.393261 -0.588587 -0.706336
    outer loop
      vertex 26.41 -0.773413 1
      vertex 25.475 -0.198075 0
      vertex 25.8013 0.0199404 0
    endloop
  endfacet
  facet normal 0.466843 0.532143 -0.706316
    outer loop
      vertex 26.0963 36.0713 0
      vertex 25.8013 36.3301 0
      vertex 26.41 37.1234 1
    endloop
  endfacet
  facet normal 0.0462962 -0.706348 -0.706349
    outer loop
      vertex 24.4971 -1.56578 1
      vertex 23.975 -1.6 1
      vertex 23.975 -0.599999 0
    endloop
  endfacet
  facet normal 0.896898 0.442238 3.30548e-18
    outer loop
      vertex 27.6705 35.4807 4.2
      vertex 27.4391 35.95 1
      vertex 27.4391 35.95 4.2
    endloop
  endfacet
  facet normal 0.896898 0.442238 3.30548e-18
    outer loop
      vertex 27.4391 35.95 1
      vertex 27.6705 35.4807 4.2
      vertex 27.6705 35.4807 1
    endloop
  endfacet
  facet normal -0.634914 0.312948 -0.706362
    outer loop
      vertex -26.7466 35.098 0
      vertex -27.6705 35.4807 1
      vertex -26.5731 35.45 0
    endloop
  endfacet
  facet normal 0.997861 0.0653646 -2.17268e-19
    outer loop
      vertex 27.975 33.95 4.2
      vertex 27.9408 34.4721 1
      vertex 27.9408 34.4721 4.2
    endloop
  endfacet
  facet normal 0.997861 0.0653646 -2.17268e-19
    outer loop
      vertex 27.9408 34.4721 1
      vertex 27.975 33.95 4.2
      vertex 27.975 33.95 1
    endloop
  endfacet
  facet normal -0.659329 -0.751855 0
    outer loop
      vertex -26.8034 -0.428426 1
      vertex -26.41 -0.773413 4.2
      vertex -26.8034 -0.428426 4.2
    endloop
  endfacet
  facet normal -0.659329 -0.751855 -0
    outer loop
      vertex -26.41 -0.773413 4.2
      vertex -26.8034 -0.428426 1
      vertex -26.41 -0.773413 1
    endloop
  endfacet
  facet normal 0.670234 0.227681 -0.706363
    outer loop
      vertex 26.8728 34.7265 0
      vertex 26.7466 35.098 0
      vertex 27.6705 35.4807 1
    endloop
  endfacet
  facet normal 0.393251 0.588614 -0.706319
    outer loop
      vertex 25.8013 36.3301 0
      vertex 25.475 36.5481 0
      vertex 26.41 37.1234 1
    endloop
  endfacet
  facet normal 0.227581 0.670295 -0.706336
    outer loop
      vertex 25.5057 37.6455 1
      vertex 24.7515 36.8478 0
      vertex 25.0103 37.8137 1
    endloop
  endfacet
  facet normal 0.946921 -0.321468 2.90134e-18
    outer loop
      vertex 27.6705 0.869267 4.2
      vertex 27.8387 1.36472 1
      vertex 27.8387 1.36472 4.2
    endloop
  endfacet
  facet normal 0.946921 -0.321468 2.90134e-18
    outer loop
      vertex 27.8387 1.36472 1
      vertex 27.6705 0.869267 4.2
      vertex 27.6705 0.869267 1
    endloop
  endfacet
  facet normal -0.980779 0.195124 -1.1695e-18
    outer loop
      vertex -27.9408 34.4721 1
      vertex -27.8387 34.9853 4.2
      vertex -27.8387 34.9853 1
    endloop
  endfacet
  facet normal -0.980779 0.195124 -1.1695e-18
    outer loop
      vertex -27.8387 34.9853 4.2
      vertex -27.9408 34.4721 1
      vertex -27.9408 34.4721 4.2
    endloop
  endfacet
  facet normal 0 1 -0
    outer loop
      vertex 23.975 37.95 1
      vertex -23.975 37.95 4.2
      vertex 23.975 37.95 4.2
    endloop
  endfacet
  facet normal 0 1 0
    outer loop
      vertex -23.975 37.95 4.2
      vertex 23.975 37.95 1
      vertex -23.975 37.95 1
    endloop
  endfacet
  facet normal 0.532159 -0.4668 -0.706332
    outer loop
      vertex 27.1484 -0.0350447 1
      vertex 26.0963 0.27868 0
      vertex 26.3551 0.573716 0
    endloop
  endfacet
  facet normal 0.532192 -0.466739 -0.706347
    outer loop
      vertex 26.8034 -0.428426 1
      vertex 26.0963 0.27868 0
      vertex 27.1484 -0.0350447 1
    endloop
  endfacet
  facet normal 0.694267 0.138123 -0.706339
    outer loop
      vertex 27.9408 34.4721 1
      vertex 26.8728 34.7265 0
      vertex 27.8387 34.9853 1
    endloop
  endfacet
  facet normal -0.706349 -0.0462692 -0.706349
    outer loop
      vertex -27.9408 1.8779 1
      vertex -27.975 2.4 1
      vertex -26.975 2.4 0
    endloop
  endfacet
  facet normal -0.831459 -0.555587 -7.65967e-18
    outer loop
      vertex -27.1484 -0.0350447 1
      vertex -27.4391 0.4 4.2
      vertex -27.4391 0.4 1
    endloop
  endfacet
  facet normal -0.831459 -0.555587 -7.65967e-18
    outer loop
      vertex -27.4391 0.4 4.2
      vertex -27.1484 -0.0350447 1
      vertex -27.1484 -0.0350447 4.2
    endloop
  endfacet
  facet normal 0.831432 0.555626 -3.89495e-18
    outer loop
      vertex 27.4391 35.95 4.2
      vertex 27.1484 36.385 1
      vertex 27.1484 36.385 4.2
    endloop
  endfacet
  facet normal 0.831432 0.555626 -3.89495e-18
    outer loop
      vertex 27.1484 36.385 1
      vertex 27.4391 35.95 4.2
      vertex 27.4391 35.95 1
    endloop
  endfacet
  facet normal 0.980779 0.195124 1.1695e-18
    outer loop
      vertex 27.9408 34.4721 4.2
      vertex 27.8387 34.9853 1
      vertex 27.8387 34.9853 4.2
    endloop
  endfacet
  facet normal 0.980779 0.195124 1.1695e-18
    outer loop
      vertex 27.8387 34.9853 1
      vertex 27.9408 34.4721 4.2
      vertex 27.9408 34.4721 1
    endloop
  endfacet
  facet normal -0.393251 0.588614 -0.706319
    outer loop
      vertex -25.8013 36.3301 0
      vertex -26.41 37.1234 1
      vertex -25.475 36.5481 0
    endloop
  endfacet
  facet normal 0.555626 0.831432 -0
    outer loop
      vertex 26.41 37.1234 1
      vertex 25.975 37.4141 4.2
      vertex 26.41 37.1234 4.2
    endloop
  endfacet
  facet normal 0.555626 0.831432 0
    outer loop
      vertex 25.975 37.4141 4.2
      vertex 26.41 37.1234 1
      vertex 25.975 37.4141 1
    endloop
  endfacet
  facet normal 0.588595 -0.393258 -0.706332
    outer loop
      vertex 27.1484 -0.0350447 1
      vertex 26.3551 0.573716 0
      vertex 26.5731 0.9 0
    endloop
  endfacet
  facet normal -0.997861 0.0653646 2.17268e-19
    outer loop
      vertex -27.975 33.95 1
      vertex -27.9408 34.4721 4.2
      vertex -27.9408 34.4721 1
    endloop
  endfacet
  facet normal -0.997861 0.0653646 2.17268e-19
    outer loop
      vertex -27.9408 34.4721 4.2
      vertex -27.975 33.95 1
      vertex -27.975 33.95 4.2
    endloop
  endfacet
  facet normal -0.0462692 0.706349 -0.706349
    outer loop
      vertex -23.975 36.95 0
      vertex -24.4971 37.9158 1
      vertex -23.975 37.95 1
    endloop
  endfacet
  facet normal 0.588566 -0.393284 -0.706341
    outer loop
      vertex 27.1484 -0.0350447 1
      vertex 26.5731 0.9 0
      vertex 27.4391 0.4 1
    endloop
  endfacet
  facet normal 0.532143 0.466843 -0.706316
    outer loop
      vertex 26.3551 35.7763 0
      vertex 26.0963 36.0713 0
      vertex 27.1484 36.385 1
    endloop
  endfacet
  facet normal 0.588614 0.393251 -0.706319
    outer loop
      vertex 26.5731 35.45 0
      vertex 26.3551 35.7763 0
      vertex 27.1484 36.385 1
    endloop
  endfacet
  facet normal 0.442238 0.896898 -0
    outer loop
      vertex 25.975 37.4141 1
      vertex 25.5057 37.6455 4.2
      vertex 25.975 37.4141 4.2
    endloop
  endfacet
  facet normal 0.442238 0.896898 0
    outer loop
      vertex 25.5057 37.6455 4.2
      vertex 25.975 37.4141 1
      vertex 25.5057 37.6455 1
    endloop
  endfacet
  facet normal 0.466728 0.532205 -0.706345
    outer loop
      vertex 26.8034 36.7784 1
      vertex 26.0963 36.0713 0
      vertex 26.41 37.1234 1
    endloop
  endfacet
  facet normal 0.706323 -0.0463571 -0.70637
    outer loop
      vertex 27.9408 1.8779 1
      vertex 26.9493 2.00842 0
      vertex 26.975 2.4 0
    endloop
  endfacet
  facet normal 0.659343 0.751842 -0
    outer loop
      vertex 26.8034 36.7784 1
      vertex 26.41 37.1234 4.2
      vertex 26.8034 36.7784 4.2
    endloop
  endfacet
  facet normal 0.659343 0.751842 0
    outer loop
      vertex 26.41 37.1234 4.2
      vertex 26.8034 36.7784 1
      vertex 26.41 37.1234 1
    endloop
  endfacet
  facet normal 0.466717 -0.532213 -0.706346
    outer loop
      vertex 26.41 -0.773413 1
      vertex 26.0963 0.27868 0
      vertex 26.8034 -0.428426 1
    endloop
  endfacet
  facet normal 0.706349 -0.0462692 -0.706349
    outer loop
      vertex 27.9408 1.8779 1
      vertex 26.975 2.4 0
      vertex 27.975 2.4 1
    endloop
  endfacet
  facet normal 0 -1 0
    outer loop
      vertex -7.25 -1.6 3.25
      vertex -6.5 -1.6 4.2
      vertex -23.975 -1.6 4.2
    endloop
  endfacet
  facet normal 0 -1 -0
    outer loop
      vertex -6.5 -1.6 4.2
      vertex -7.25 -1.6 3.25
      vertex 6.5 -1.6 4.2
    endloop
  endfacet
  facet normal 0 -1 0
    outer loop
      vertex 7.25 -1.6 3.25
      vertex 6.5 -1.6 4.2
      vertex -7.25 -1.6 3.25
    endloop
  endfacet
  facet normal 0 -1 0
    outer loop
      vertex -23.975 -1.6 1
      vertex -7.25 -1.6 3.25
      vertex -23.975 -1.6 4.2
    endloop
  endfacet
  facet normal 0 -1 -0
    outer loop
      vertex -7.25 -1.6 3.25
      vertex -23.975 -1.6 1
      vertex -5.86963 -1.6 1
    endloop
  endfacet
  facet normal 0 -1 0
    outer loop
      vertex -6.5 -1.6 10.7
      vertex -4.65 -1.6 7.2
      vertex -4.65 -1.6 10.7
    endloop
  endfacet
  facet normal 0 -1 -0
    outer loop
      vertex -4.65 -1.6 7.2
      vertex -6.5 -1.6 4.2
      vertex 4.65 -1.6 7.2
    endloop
  endfacet
  facet normal 0 -1 0
    outer loop
      vertex -6.5 -1.6 4.2
      vertex -4.65 -1.6 7.2
      vertex -6.5 -1.6 10.7
    endloop
  endfacet
  facet normal 0 -1 0
    outer loop
      vertex 4.65 -1.6 7.2
      vertex 6.5 -1.6 10.7
      vertex 4.65 -1.6 10.7
    endloop
  endfacet
  facet normal 0 -1 0
    outer loop
      vertex 4.65 -1.6 7.2
      vertex 6.5 -1.6 4.2
      vertex 6.5 -1.6 10.7
    endloop
  endfacet
  facet normal 0 -1 0
    outer loop
      vertex 6.5 -1.6 4.2
      vertex 4.65 -1.6 7.2
      vertex -6.5 -1.6 4.2
    endloop
  endfacet
  facet normal 0 -1 0
    outer loop
      vertex 6.5 -1.6 4.2
      vertex 7.25 -1.6 3.25
      vertex 23.975 -1.6 4.2
    endloop
  endfacet
  facet normal 0 -1 0
    outer loop
      vertex 23.975 -1.6 1
      vertex 7.25 -1.6 3.25
      vertex 5.86963 -1.6 1
    endloop
  endfacet
  facet normal 0 -1 0
    outer loop
      vertex 7.25 -1.6 3.25
      vertex 23.975 -1.6 1
      vertex 23.975 -1.6 4.2
    endloop
  endfacet
  facet normal -0.138095 -0.694265 -0.706347
    outer loop
      vertex -24.4971 -1.56578 1
      vertex -25.0103 -1.4637 1
      vertex -24.7515 -0.497776 0
    endloop
  endfacet
  facet normal 0.670295 0.227581 -0.706336
    outer loop
      vertex 27.8387 34.9853 1
      vertex 26.8728 34.7265 0
      vertex 27.6705 35.4807 1
    endloop
  endfacet
  facet normal 0.706324 0.0463548 -0.706369
    outer loop
      vertex 26.975 33.95 0
      vertex 26.9493 34.3416 0
      vertex 27.9408 34.4721 1
    endloop
  endfacet
  facet normal -0.588614 0.393251 -0.706319
    outer loop
      vertex -26.5731 35.45 0
      vertex -27.1484 36.385 1
      vertex -26.3551 35.7763 0
    endloop
  endfacet
  facet normal -0.0463548 0.706324 -0.706369
    outer loop
      vertex -24.3666 36.9243 0
      vertex -24.4971 37.9158 1
      vertex -23.975 36.95 0
    endloop
  endfacet
  facet normal 0.707107 0 -0.707107
    outer loop
      vertex 27.975 2.4 1
      vertex 26.975 33.95 0
      vertex 27.975 33.95 1
    endloop
  endfacet
  facet normal 0.707107 0 -0.707107
    outer loop
      vertex 26.975 33.95 0
      vertex 27.975 2.4 1
      vertex 26.975 2.4 0
    endloop
  endfacet
  facet normal -0.532192 -0.466739 -0.706347
    outer loop
      vertex -26.8034 -0.428426 1
      vertex -27.1484 -0.0350447 1
      vertex -26.0963 0.27868 0
    endloop
  endfacet
  facet normal -0.555626 0.831432 0
    outer loop
      vertex -25.975 37.4141 1
      vertex -26.41 37.1234 4.2
      vertex -25.975 37.4141 4.2
    endloop
  endfacet
  facet normal -0.555626 0.831432 0
    outer loop
      vertex -26.41 37.1234 4.2
      vertex -25.975 37.4141 1
      vertex -26.41 37.1234 1
    endloop
  endfacet
  facet normal 0.312948 0.634914 -0.706362
    outer loop
      vertex 25.475 36.5481 0
      vertex 25.123 36.7216 0
      vertex 25.5057 37.6455 1
    endloop
  endfacet
  facet normal 0.227681 0.670234 -0.706363
    outer loop
      vertex 25.123 36.7216 0
      vertex 24.7515 36.8478 0
      vertex 25.5057 37.6455 1
    endloop
  endfacet
  facet normal 0.694261 -0.137994 -0.706371
    outer loop
      vertex 27.9408 1.8779 1
      vertex 26.8728 1.62354 0
      vertex 26.9493 2.00842 0
    endloop
  endfacet
  facet normal 0.0462951 -0.706349 -0.706349
    outer loop
      vertex 24.4971 -1.56578 1
      vertex 23.975 -0.599999 0
      vertex 24.3666 -0.574333 0
    endloop
  endfacet
  facet normal -0.313048 0.63489 -0.706339
    outer loop
      vertex -25.475 36.5481 0
      vertex -25.975 37.4141 1
      vertex -25.5057 37.6455 1
    endloop
  endfacet
  facet normal 0.634914 0.312948 -0.706362
    outer loop
      vertex 26.7466 35.098 0
      vertex 26.5731 35.45 0
      vertex 27.6705 35.4807 1
    endloop
  endfacet
  facet normal 0.63489 0.313048 -0.706339
    outer loop
      vertex 27.6705 35.4807 1
      vertex 26.5731 35.45 0
      vertex 27.4391 35.95 1
    endloop
  endfacet
  facet normal -0.46677 -0.532184 -0.706333
    outer loop
      vertex -25.8013 0.0199404 0
      vertex -26.41 -0.773413 1
      vertex -26.0963 0.27868 0
    endloop
  endfacet
  facet normal 0.0463548 0.706324 -0.706369
    outer loop
      vertex 24.3666 36.9243 0
      vertex 23.975 36.95 0
      vertex 24.4971 37.9158 1
    endloop
  endfacet
  facet normal -0.588566 -0.393284 -0.706341
    outer loop
      vertex -27.1484 -0.0350447 1
      vertex -27.4391 0.4 1
      vertex -26.5731 0.9 0
    endloop
  endfacet
  facet normal 0.694265 -0.138128 -0.706341
    outer loop
      vertex 27.8387 1.36472 1
      vertex 26.8728 1.62354 0
      vertex 27.9408 1.8779 1
    endloop
  endfacet
  facet normal -0.227681 0.670234 -0.706363
    outer loop
      vertex -25.123 36.7216 0
      vertex -25.5057 37.6455 1
      vertex -24.7515 36.8478 0
    endloop
  endfacet
  facet normal 0.980777 -0.195131 1.16352e-18
    outer loop
      vertex 27.8387 1.36472 4.2
      vertex 27.9408 1.8779 1
      vertex 27.9408 1.8779 4.2
    endloop
  endfacet
  facet normal 0.980777 -0.195131 1.16352e-18
    outer loop
      vertex 27.9408 1.8779 1
      vertex 27.8387 1.36472 4.2
      vertex 27.8387 1.36472 1
    endloop
  endfacet
  facet normal 0.6349 -0.312985 -0.706358
    outer loop
      vertex 27.6705 0.869267 1
      vertex 26.5731 0.9 0
      vertex 26.7466 1.25195 0
    endloop
  endfacet
  facet normal -0.393261 -0.588587 -0.706336
    outer loop
      vertex -25.475 -0.198075 0
      vertex -26.41 -0.773413 1
      vertex -25.8013 0.0199404 0
    endloop
  endfacet
  facet normal 0.0653646 0.997861 -0
    outer loop
      vertex 24.4971 37.9158 1
      vertex 23.975 37.95 4.2
      vertex 24.4971 37.9158 4.2
    endloop
  endfacet
  facet normal 0.0653646 0.997861 0
    outer loop
      vertex 23.975 37.95 4.2
      vertex 24.4971 37.9158 1
      vertex 23.975 37.95 1
    endloop
  endfacet
  facet normal -0.694261 -0.137994 -0.706371
    outer loop
      vertex -26.8728 1.62354 0
      vertex -27.9408 1.8779 1
      vertex -26.9493 2.00842 0
    endloop
  endfacet
  facet normal 0.393296 -0.58855 -0.706347
    outer loop
      vertex 25.975 -1.0641 1
      vertex 25.475 -0.198075 0
      vertex 26.41 -0.773413 1
    endloop
  endfacet
  facet normal 0.313042 -0.634878 -0.706354
    outer loop
      vertex 25.5057 -1.29552 1
      vertex 25.123 -0.371637 0
      vertex 25.475 -0.198075 0
    endloop
  endfacet
  facet normal 0.393313 0.588549 -0.70634
    outer loop
      vertex 26.41 37.1234 1
      vertex 25.475 36.5481 0
      vertex 25.975 37.4141 1
    endloop
  endfacet
  facet normal 0.321498 0.94691 -0
    outer loop
      vertex 25.5057 37.6455 1
      vertex 25.0103 37.8137 4.2
      vertex 25.5057 37.6455 4.2
    endloop
  endfacet
  facet normal 0.321498 0.94691 0
    outer loop
      vertex 25.0103 37.8137 4.2
      vertex 25.5057 37.6455 1
      vertex 25.0103 37.8137 1
    endloop
  endfacet
  facet normal 0.195124 0.980779 -0
    outer loop
      vertex 25.0103 37.8137 1
      vertex 24.4971 37.9158 4.2
      vertex 25.0103 37.8137 4.2
    endloop
  endfacet
  facet normal 0.195124 0.980779 0
    outer loop
      vertex 24.4971 37.9158 4.2
      vertex 25.0103 37.8137 1
      vertex 24.4971 37.9158 1
    endloop
  endfacet
  facet normal 0.751842 0.659343 -6.73563e-18
    outer loop
      vertex 27.1484 36.385 4.2
      vertex 26.8034 36.7784 1
      vertex 26.8034 36.7784 4.2
    endloop
  endfacet
  facet normal 0.751842 0.659343 -6.73563e-18
    outer loop
      vertex 26.8034 36.7784 1
      vertex 27.1484 36.385 4.2
      vertex 27.1484 36.385 1
    endloop
  endfacet
  facet normal 0.138095 -0.694265 -0.706347
    outer loop
      vertex 25.0103 -1.4637 1
      vertex 24.4971 -1.56578 1
      vertex 24.7515 -0.497776 0
    endloop
  endfacet
  facet normal -0.321498 0.94691 0
    outer loop
      vertex -25.0103 37.8137 1
      vertex -25.5057 37.6455 4.2
      vertex -25.0103 37.8137 4.2
    endloop
  endfacet
  facet normal -0.321498 0.94691 0
    outer loop
      vertex -25.5057 37.6455 4.2
      vertex -25.0103 37.8137 1
      vertex -25.5057 37.6455 1
    endloop
  endfacet
  facet normal -0.227554 -0.670295 -0.706345
    outer loop
      vertex -25.0103 -1.4637 1
      vertex -25.5057 -1.29552 1
      vertex -24.7515 -0.497776 0
    endloop
  endfacet
  facet normal -0.555609 -0.831444 0
    outer loop
      vertex -26.41 -0.773413 1
      vertex -25.975 -1.0641 4.2
      vertex -26.41 -0.773413 4.2
    endloop
  endfacet
  facet normal -0.555609 -0.831444 -0
    outer loop
      vertex -25.975 -1.0641 4.2
      vertex -26.41 -0.773413 1
      vertex -25.975 -1.0641 1
    endloop
  endfacet
  facet normal 0.94691 0.321498 -4.10692e-18
    outer loop
      vertex 27.8387 34.9853 4.2
      vertex 27.6705 35.4807 1
      vertex 27.6705 35.4807 4.2
    endloop
  endfacet
  facet normal 0.94691 0.321498 -4.10692e-18
    outer loop
      vertex 27.6705 35.4807 1
      vertex 27.8387 34.9853 4.2
      vertex 27.8387 34.9853 1
    endloop
  endfacet
  facet normal -0.588595 -0.393258 -0.706332
    outer loop
      vertex -26.3551 0.573716 0
      vertex -27.1484 -0.0350447 1
      vertex -26.5731 0.9 0
    endloop
  endfacet
  facet normal -0.0462951 -0.706349 -0.706349
    outer loop
      vertex -23.975 -0.599999 0
      vertex -24.4971 -1.56578 1
      vertex -24.3666 -0.574333 0
    endloop
  endfacet
  facet normal 0.634881 -0.313066 -0.70634
    outer loop
      vertex 27.4391 0.4 1
      vertex 26.5731 0.9 0
      vertex 27.6705 0.869267 1
    endloop
  endfacet
  facet normal -0.532205 0.466728 -0.706345
    outer loop
      vertex -26.0963 36.0713 0
      vertex -27.1484 36.385 1
      vertex -26.8034 36.7784 1
    endloop
  endfacet
  facet normal 0.0462692 0.706349 -0.706349
    outer loop
      vertex 23.975 36.95 0
      vertex 23.975 37.95 1
      vertex 24.4971 37.9158 1
    endloop
  endfacet
  facet normal 0 0.707107 -0.707107
    outer loop
      vertex 23.975 36.95 0
      vertex -23.975 37.95 1
      vertex 23.975 37.95 1
    endloop
  endfacet
  facet normal 0 0.707107 -0.707107
    outer loop
      vertex -23.975 37.95 1
      vertex 23.975 36.95 0
      vertex -23.975 36.95 0
    endloop
  endfacet
  facet normal -0.532159 -0.4668 -0.706332
    outer loop
      vertex -26.0963 0.27868 0
      vertex -27.1484 -0.0350447 1
      vertex -26.3551 0.573716 0
    endloop
  endfacet
  facet normal -0.0654027 -0.997859 0
    outer loop
      vertex -24.4971 -1.56578 1
      vertex -23.975 -1.6 4.2
      vertex -24.4971 -1.56578 4.2
    endloop
  endfacet
  facet normal -0.0654027 -0.997859 -0
    outer loop
      vertex -23.975 -1.6 4.2
      vertex -24.4971 -1.56578 1
      vertex -23.975 -1.6 1
    endloop
  endfacet
  facet normal 0.997861 -0.0653646 -7.54169e-19
    outer loop
      vertex 27.9408 1.8779 4.2
      vertex 27.975 2.4 1
      vertex 27.975 2.4 4.2
    endloop
  endfacet
  facet normal 0.997861 -0.0653646 -7.54169e-19
    outer loop
      vertex 27.975 2.4 1
      vertex 27.9408 1.8779 4.2
      vertex 27.9408 1.8779 1
    endloop
  endfacet
  facet normal 0.896886 -0.442263 -3.99614e-18
    outer loop
      vertex 27.4391 0.4 4.2
      vertex 27.6705 0.869267 1
      vertex 27.6705 0.869267 4.2
    endloop
  endfacet
  facet normal 0.896886 -0.442263 -3.99614e-18
    outer loop
      vertex 27.6705 0.869267 1
      vertex 27.4391 0.4 4.2
      vertex 27.4391 0.4 1
    endloop
  endfacet
  facet normal -0.137987 0.694263 -0.70637
    outer loop
      vertex -24.3666 36.9243 0
      vertex -24.7515 36.8478 0
      vertex -24.4971 37.9158 1
    endloop
  endfacet
  facet normal 0.46677 -0.532184 -0.706333
    outer loop
      vertex 26.41 -0.773413 1
      vertex 25.8013 0.0199404 0
      vertex 26.0963 0.27868 0
    endloop
  endfacet
  facet normal -0.313066 -0.634872 -0.706348
    outer loop
      vertex -25.5057 -1.29552 1
      vertex -25.975 -1.0641 1
      vertex -25.475 -0.198075 0
    endloop
  endfacet
  facet normal -0.227585 -0.670276 -0.706353
    outer loop
      vertex -24.7515 -0.497776 0
      vertex -25.5057 -1.29552 1
      vertex -25.123 -0.371637 0
    endloop
  endfacet
  facet normal -0.896886 -0.442263 3.99614e-18
    outer loop
      vertex -27.4391 0.4 1
      vertex -27.6705 0.869267 4.2
      vertex -27.6705 0.869267 1
    endloop
  endfacet
  facet normal -0.896886 -0.442263 3.99614e-18
    outer loop
      vertex -27.6705 0.869267 4.2
      vertex -27.4391 0.4 1
      vertex -27.4391 0.4 4.2
    endloop
  endfacet
  facet normal 0.138123 0.694267 -0.706339
    outer loop
      vertex 24.7515 36.8478 0
      vertex 24.4971 37.9158 1
      vertex 25.0103 37.8137 1
    endloop
  endfacet
  facet normal -0.393313 0.588549 -0.70634
    outer loop
      vertex -25.475 36.5481 0
      vertex -26.41 37.1234 1
      vertex -25.975 37.4141 1
    endloop
  endfacet
  facet normal -0.670234 0.227681 -0.706363
    outer loop
      vertex -26.8728 34.7265 0
      vertex -27.6705 35.4807 1
      vertex -26.7466 35.098 0
    endloop
  endfacet
  facet normal 0.137987 0.694263 -0.70637
    outer loop
      vertex 24.7515 36.8478 0
      vertex 24.3666 36.9243 0
      vertex 24.4971 37.9158 1
    endloop
  endfacet
  facet normal -0.670254 -0.227633 -0.706359
    outer loop
      vertex -26.7466 1.25195 0
      vertex -27.6705 0.869267 1
      vertex -26.8728 1.62354 0
    endloop
  endfacet
  facet normal 0.227554 -0.670295 -0.706345
    outer loop
      vertex 25.0103 -1.4637 1
      vertex 24.7515 -0.497776 0
      vertex 25.5057 -1.29552 1
    endloop
  endfacet
  facet normal 0.442268 -0.896883 0
    outer loop
      vertex 25.5057 -1.29552 1
      vertex 25.975 -1.0641 4.2
      vertex 25.5057 -1.29552 4.2
    endloop
  endfacet
  facet normal 0.442268 -0.896883 0
    outer loop
      vertex 25.975 -1.0641 4.2
      vertex 25.5057 -1.29552 1
      vertex 25.975 -1.0641 1
    endloop
  endfacet
  facet normal -0.980777 -0.195131 -1.16352e-18
    outer loop
      vertex -27.8387 1.36472 1
      vertex -27.9408 1.8779 4.2
      vertex -27.9408 1.8779 1
    endloop
  endfacet
  facet normal -0.980777 -0.195131 -1.16352e-18
    outer loop
      vertex -27.9408 1.8779 4.2
      vertex -27.8387 1.36472 1
      vertex -27.8387 1.36472 4.2
    endloop
  endfacet
  facet normal -0.312948 0.634914 -0.706362
    outer loop
      vertex -25.475 36.5481 0
      vertex -25.5057 37.6455 1
      vertex -25.123 36.7216 0
    endloop
  endfacet
  facet normal 0.706349 0.0462692 -0.706349
    outer loop
      vertex 27.975 33.95 1
      vertex 26.975 33.95 0
      vertex 27.9408 34.4721 1
    endloop
  endfacet
  facet normal 0.831459 -0.555587 7.65967e-18
    outer loop
      vertex 27.1484 -0.0350447 4.2
      vertex 27.4391 0.4 1
      vertex 27.4391 0.4 4.2
    endloop
  endfacet
  facet normal 0.831459 -0.555587 7.65967e-18
    outer loop
      vertex 27.4391 0.4 1
      vertex 27.1484 -0.0350447 4.2
      vertex 27.1484 -0.0350447 1
    endloop
  endfacet
  facet normal 0.555609 -0.831444 0
    outer loop
      vertex 25.975 -1.0641 1
      vertex 26.41 -0.773413 4.2
      vertex 25.975 -1.0641 4.2
    endloop
  endfacet
  facet normal 0.555609 -0.831444 0
    outer loop
      vertex 26.41 -0.773413 4.2
      vertex 25.975 -1.0641 1
      vertex 26.41 -0.773413 1
    endloop
  endfacet
  facet normal 0.670254 -0.227633 -0.706359
    outer loop
      vertex 27.6705 0.869267 1
      vertex 26.7466 1.25195 0
      vertex 26.8728 1.62354 0
    endloop
  endfacet
  facet normal 0.6703 -0.227558 -0.706339
    outer loop
      vertex 27.6705 0.869267 1
      vertex 26.8728 1.62354 0
      vertex 27.8387 1.36472 1
    endloop
  endfacet
  facet normal -0.313042 -0.634878 -0.706354
    outer loop
      vertex -25.123 -0.371637 0
      vertex -25.5057 -1.29552 1
      vertex -25.475 -0.198075 0
    endloop
  endfacet
  facet normal -0.751842 0.659343 6.73563e-18
    outer loop
      vertex -27.1484 36.385 1
      vertex -26.8034 36.7784 4.2
      vertex -26.8034 36.7784 1
    endloop
  endfacet
  facet normal -0.751842 0.659343 6.73563e-18
    outer loop
      vertex -26.8034 36.7784 4.2
      vertex -27.1484 36.385 1
      vertex -27.1484 36.385 4.2
    endloop
  endfacet
  facet normal -0.706324 0.0463548 -0.706369
    outer loop
      vertex -26.975 33.95 0
      vertex -27.9408 34.4721 1
      vertex -26.9493 34.3416 0
    endloop
  endfacet
  facet normal -0.13809 -0.694265 -0.706348
    outer loop
      vertex -24.4971 -1.56578 1
      vertex -24.7515 -0.497776 0
      vertex -24.3666 -0.574333 0
    endloop
  endfacet
  facet normal -0.393296 -0.58855 -0.706347
    outer loop
      vertex -25.975 -1.0641 1
      vertex -26.41 -0.773413 1
      vertex -25.475 -0.198075 0
    endloop
  endfacet
  facet normal -0.831432 0.555626 3.89495e-18
    outer loop
      vertex -27.4391 35.95 1
      vertex -27.1484 36.385 4.2
      vertex -27.1484 36.385 1
    endloop
  endfacet
  facet normal -0.831432 0.555626 3.89495e-18
    outer loop
      vertex -27.1484 36.385 4.2
      vertex -27.4391 35.95 1
      vertex -27.4391 35.95 4.2
    endloop
  endfacet
  facet normal -0.694263 0.137987 -0.70637
    outer loop
      vertex -26.9493 34.3416 0
      vertex -27.9408 34.4721 1
      vertex -26.8728 34.7265 0
    endloop
  endfacet
  facet normal -0.997861 -0.0653646 7.54169e-19
    outer loop
      vertex -27.9408 1.8779 1
      vertex -27.975 2.4 4.2
      vertex -27.975 2.4 1
    endloop
  endfacet
  facet normal -0.997861 -0.0653646 7.54169e-19
    outer loop
      vertex -27.975 2.4 4.2
      vertex -27.9408 1.8779 1
      vertex -27.9408 1.8779 4.2
    endloop
  endfacet
  facet normal -0.670295 0.227581 -0.706336
    outer loop
      vertex -26.8728 34.7265 0
      vertex -27.8387 34.9853 1
      vertex -27.6705 35.4807 1
    endloop
  endfacet
  facet normal -0.588549 0.393313 -0.70634
    outer loop
      vertex -26.5731 35.45 0
      vertex -27.4391 35.95 1
      vertex -27.1484 36.385 1
    endloop
  endfacet
  facet normal -0.0653646 0.997861 0
    outer loop
      vertex -23.975 37.95 1
      vertex -24.4971 37.9158 4.2
      vertex -23.975 37.95 4.2
    endloop
  endfacet
  facet normal -0.0653646 0.997861 0
    outer loop
      vertex -24.4971 37.9158 4.2
      vertex -23.975 37.95 1
      vertex -24.4971 37.9158 1
    endloop
  endfacet
  facet normal 0 0 -1
    outer loop
      vertex -19.3188 6.28716 0
      vertex -5.25613 -0.599999 0
      vertex -19.3 6 0
    endloop
  endfacet
  facet normal 0 0 -1
    outer loop
      vertex -5.25613 -0.599999 0
      vertex -19.3188 5.71284 0
      vertex -19.3 6 0
    endloop
  endfacet
  facet normal 0 0 -1
    outer loop
      vertex -5.25613 -0.599999 0
      vertex -19.375 5.4306 0
      vertex -19.3188 5.71284 0
    endloop
  endfacet
  facet normal 0 0 -1
    outer loop
      vertex -5.25613 -0.599999 0
      vertex -19.4675 5.1581 0
      vertex -19.375 5.4306 0
    endloop
  endfacet
  facet normal 0 0 -1
    outer loop
      vertex -5.25613 -0.599999 0
      vertex -19.5947 4.9 0
      vertex -19.4675 5.1581 0
    endloop
  endfacet
  facet normal 0 0 -1
    outer loop
      vertex -5.25613 -0.599999 0
      vertex -19.7546 4.66073 0
      vertex -19.5947 4.9 0
    endloop
  endfacet
  facet normal 0 0 -1
    outer loop
      vertex -5.25613 -0.599999 0
      vertex -19.9444 4.44437 0
      vertex -19.7546 4.66073 0
    endloop
  endfacet
  facet normal 0 0 -1
    outer loop
      vertex -5.25613 -0.599999 0
      vertex -20.1607 4.25462 0
      vertex -19.9444 4.44437 0
    endloop
  endfacet
  facet normal 0 0 -1
    outer loop
      vertex -23.975 -0.599999 0
      vertex -20.1607 4.25462 0
      vertex -5.25613 -0.599999 0
    endloop
  endfacet
  facet normal 0 0 -1
    outer loop
      vertex -20.1607 4.25462 0
      vertex -23.975 -0.599999 0
      vertex -20.4 4.09474 0
    endloop
  endfacet
  facet normal 0 0 -1
    outer loop
      vertex -20.4 4.09474 0
      vertex -23.975 -0.599999 0
      vertex -20.6581 3.96747 0
    endloop
  endfacet
  facet normal 0 0 -1
    outer loop
      vertex -20.6581 3.96747 0
      vertex -23.975 -0.599999 0
      vertex -20.9306 3.87496 0
    endloop
  endfacet
  facet normal 0 0 -1
    outer loop
      vertex -20.9306 3.87496 0
      vertex -23.975 -0.599999 0
      vertex -21.2128 3.81882 0
    endloop
  endfacet
  facet normal 0 0 -1
    outer loop
      vertex -21.2128 3.81882 0
      vertex -23.975 -0.599999 0
      vertex -21.5 3.8 0
    endloop
  endfacet
  facet normal -0 0 -1
    outer loop
      vertex -21.5 3.8 0
      vertex -23.975 -0.599999 0
      vertex -21.7872 3.81882 0
    endloop
  endfacet
  facet normal -0 0 -1
    outer loop
      vertex -23.625 5.4306 0
      vertex -26.975 2.4 0
      vertex -23.6812 5.71284 0
    endloop
  endfacet
  facet normal -0 0 -1
    outer loop
      vertex -23.5325 5.1581 0
      vertex -26.975 2.4 0
      vertex -23.625 5.4306 0
    endloop
  endfacet
  facet normal -0 0 -1
    outer loop
      vertex -23.4053 4.9 0
      vertex -26.975 2.4 0
      vertex -23.5325 5.1581 0
    endloop
  endfacet
  facet normal -0 0 -1
    outer loop
      vertex -23.2454 4.66073 0
      vertex -26.975 2.4 0
      vertex -23.4053 4.9 0
    endloop
  endfacet
  facet normal -0 0 -1
    outer loop
      vertex -23.0556 4.44437 0
      vertex -26.975 2.4 0
      vertex -23.2454 4.66073 0
    endloop
  endfacet
  facet normal -0 0 -1
    outer loop
      vertex -22.8393 4.25462 0
      vertex -26.975 2.4 0
      vertex -23.0556 4.44437 0
    endloop
  endfacet
  facet normal 0 0 -1
    outer loop
      vertex -26.975 2.4 0
      vertex -22.8393 4.25462 0
      vertex -23.975 -0.599999 0
    endloop
  endfacet
  facet normal -0 0 -1
    outer loop
      vertex -22.6 4.09474 0
      vertex -23.975 -0.599999 0
      vertex -22.8393 4.25462 0
    endloop
  endfacet
  facet normal -0 0 -1
    outer loop
      vertex -22.3419 3.96747 0
      vertex -23.975 -0.599999 0
      vertex -22.6 4.09474 0
    endloop
  endfacet
  facet normal -0 0 -1
    outer loop
      vertex -22.0694 3.87496 0
      vertex -23.975 -0.599999 0
      vertex -22.3419 3.96747 0
    endloop
  endfacet
  facet normal -0 0 -1
    outer loop
      vertex -21.7872 3.81882 0
      vertex -23.975 -0.599999 0
      vertex -22.0694 3.87496 0
    endloop
  endfacet
  facet normal 0 0 -1
    outer loop
      vertex 22.8393 4.25462 0
      vertex 26.975 2.4 0
      vertex 26.9493 2.00842 0
    endloop
  endfacet
  facet normal 0 0 -1
    outer loop
      vertex 26.975 2.4 0
      vertex 23.4053 7.1 0
      vertex 26.975 33.95 0
    endloop
  endfacet
  facet normal 0 0 -1
    outer loop
      vertex 22.8393 4.25462 0
      vertex 26.9493 2.00842 0
      vertex 26.8728 1.62354 0
    endloop
  endfacet
  facet normal 0 0 -1
    outer loop
      vertex 26.975 2.4 0
      vertex 23.5325 6.8419 0
      vertex 23.4053 7.1 0
    endloop
  endfacet
  facet normal 0 0 -1
    outer loop
      vertex 22.8393 4.25462 0
      vertex 26.8728 1.62354 0
      vertex 26.7466 1.25195 0
    endloop
  endfacet
  facet normal 0 0 -1
    outer loop
      vertex 23.2454 7.33927 0
      vertex 26.975 33.95 0
      vertex 23.4053 7.1 0
    endloop
  endfacet
  facet normal 0 0 -1
    outer loop
      vertex 22.8393 4.25462 0
      vertex 26.7466 1.25195 0
      vertex 26.5731 0.9 0
    endloop
  endfacet
  facet normal 0 0 -1
    outer loop
      vertex 23.0556 7.55563 0
      vertex 26.975 33.95 0
      vertex 23.2454 7.33927 0
    endloop
  endfacet
  facet normal 0 0 -1
    outer loop
      vertex 22.8393 4.25462 0
      vertex 26.5731 0.9 0
      vertex 26.3551 0.573716 0
    endloop
  endfacet
  facet normal 0 0 -1
    outer loop
      vertex 26.975 2.4 0
      vertex 23.625 6.5694 0
      vertex 23.5325 6.8419 0
    endloop
  endfacet
  facet normal 0 0 -1
    outer loop
      vertex 22.8393 4.25462 0
      vertex 26.3551 0.573716 0
      vertex 26.0963 0.27868 0
    endloop
  endfacet
  facet normal 0 0 -1
    outer loop
      vertex 22.8393 7.74538 0
      vertex 26.975 33.95 0
      vertex 23.0556 7.55563 0
    endloop
  endfacet
  facet normal 0 0 -1
    outer loop
      vertex 22.8393 4.25462 0
      vertex 26.0963 0.27868 0
      vertex 25.8013 0.0199404 0
    endloop
  endfacet
  facet normal 0 0 -1
    outer loop
      vertex 22.6 7.90526 0
      vertex 26.975 33.95 0
      vertex 22.8393 7.74538 0
    endloop
  endfacet
  facet normal 0 0 -1
    outer loop
      vertex 22.8393 4.25462 0
      vertex 25.8013 0.0199404 0
      vertex 25.475 -0.198075 0
    endloop
  endfacet
  facet normal 0 0 -1
    outer loop
      vertex 22.3419 8.03253 0
      vertex 26.975 33.95 0
      vertex 22.6 7.90526 0
    endloop
  endfacet
  facet normal 0 0 -1
    outer loop
      vertex 22.8393 4.25462 0
      vertex 25.475 -0.198075 0
      vertex 25.123 -0.371637 0
    endloop
  endfacet
  facet normal 0 0 -1
    outer loop
      vertex 26.975 2.4 0
      vertex 23.6812 6.28716 0
      vertex 23.625 6.5694 0
    endloop
  endfacet
  facet normal 0 0 -1
    outer loop
      vertex 22.6 4.09474 0
      vertex 25.123 -0.371637 0
      vertex 24.7515 -0.497776 0
    endloop
  endfacet
  facet normal 0 0 -1
    outer loop
      vertex 22.0694 8.12504 0
      vertex 26.975 33.95 0
      vertex 22.3419 8.03253 0
    endloop
  endfacet
  facet normal 0 0 -1
    outer loop
      vertex 22.6 4.09474 0
      vertex 24.7515 -0.497776 0
      vertex 24.3666 -0.574333 0
    endloop
  endfacet
  facet normal 0 0 -1
    outer loop
      vertex 21.7872 8.18118 0
      vertex 26.975 33.95 0
      vertex 22.0694 8.12504 0
    endloop
  endfacet
  facet normal 0 0 -1
    outer loop
      vertex 22.6 4.09474 0
      vertex 24.3666 -0.574333 0
      vertex 23.975 -0.599999 0
    endloop
  endfacet
  facet normal 0 0 -1
    outer loop
      vertex 26.975 2.4 0
      vertex 23.7 6 0
      vertex 23.6812 6.28716 0
    endloop
  endfacet
  facet normal 0 0 -1
    outer loop
      vertex 21.5 8.2 0
      vertex 26.975 33.95 0
      vertex 21.7872 8.18118 0
    endloop
  endfacet
  facet normal 0 0 -1
    outer loop
      vertex 26.975 2.4 0
      vertex 23.6812 5.71284 0
      vertex 23.7 6 0
    endloop
  endfacet
  facet normal 0 0 -1
    outer loop
      vertex 26.975 2.4 0
      vertex 23.625 5.4306 0
      vertex 23.6812 5.71284 0
    endloop
  endfacet
  facet normal 0 0 -1
    outer loop
      vertex 26.975 2.4 0
      vertex 23.5325 5.1581 0
      vertex 23.625 5.4306 0
    endloop
  endfacet
  facet normal 0 0 -1
    outer loop
      vertex 26.975 2.4 0
      vertex 23.4053 4.9 0
      vertex 23.5325 5.1581 0
    endloop
  endfacet
  facet normal 0 0 -1
    outer loop
      vertex 26.975 2.4 0
      vertex 23.2454 4.66073 0
      vertex 23.4053 4.9 0
    endloop
  endfacet
  facet normal 0 0 -1
    outer loop
      vertex 26.975 2.4 0
      vertex 23.0556 4.44437 0
      vertex 23.2454 4.66073 0
    endloop
  endfacet
  facet normal 0 0 -1
    outer loop
      vertex 26.975 2.4 0
      vertex 22.8393 4.25462 0
      vertex 23.0556 4.44437 0
    endloop
  endfacet
  facet normal 0 0 -1
    outer loop
      vertex 25.123 -0.371637 0
      vertex 22.6 4.09474 0
      vertex 22.8393 4.25462 0
    endloop
  endfacet
  facet normal 0 0 -1
    outer loop
      vertex 23.975 -0.599999 0
      vertex 22.3419 3.96747 0
      vertex 22.6 4.09474 0
    endloop
  endfacet
  facet normal 0 0 -1
    outer loop
      vertex 23.975 -0.599999 0
      vertex 22.0694 3.87496 0
      vertex 22.3419 3.96747 0
    endloop
  endfacet
  facet normal 0 0 -1
    outer loop
      vertex 23.975 -0.599999 0
      vertex 21.7872 3.81882 0
      vertex 22.0694 3.87496 0
    endloop
  endfacet
  facet normal 0 0 -1
    outer loop
      vertex 23.975 -0.599999 0
      vertex 21.5 3.8 0
      vertex 21.7872 3.81882 0
    endloop
  endfacet
  facet normal 0 0 -1
    outer loop
      vertex 23.975 -0.599999 0
      vertex 21.2128 3.81882 0
      vertex 21.5 3.8 0
    endloop
  endfacet
  facet normal 0 0 -1
    outer loop
      vertex 23.975 -0.599999 0
      vertex 20.9306 3.87496 0
      vertex 21.2128 3.81882 0
    endloop
  endfacet
  facet normal 0 0 -1
    outer loop
      vertex 23.975 -0.599999 0
      vertex 20.6581 3.96747 0
      vertex 20.9306 3.87496 0
    endloop
  endfacet
  facet normal 0 0 -1
    outer loop
      vertex 23.975 -0.599999 0
      vertex 20.4 4.09474 0
      vertex 20.6581 3.96747 0
    endloop
  endfacet
  facet normal 0 0 -1
    outer loop
      vertex 23.975 -0.599999 0
      vertex 20.1607 4.25462 0
      vertex 20.4 4.09474 0
    endloop
  endfacet
  facet normal 0 0 -1
    outer loop
      vertex 5.25613 -0.599999 0
      vertex 20.1607 4.25462 0
      vertex 23.975 -0.599999 0
    endloop
  endfacet
  facet normal -0 0 -1
    outer loop
      vertex 20.1607 4.25462 0
      vertex 5.25613 -0.599999 0
      vertex 19.9444 4.44437 0
    endloop
  endfacet
  facet normal -0 0 -1
    outer loop
      vertex 19.3188 5.71284 0
      vertex 5.25613 -0.599999 0
      vertex 19.3 6 0
    endloop
  endfacet
  facet normal -0 0 -1
    outer loop
      vertex 19.375 5.4306 0
      vertex 5.25613 -0.599999 0
      vertex 19.3188 5.71284 0
    endloop
  endfacet
  facet normal -0 0 -1
    outer loop
      vertex 19.4675 5.1581 0
      vertex 5.25613 -0.599999 0
      vertex 19.375 5.4306 0
    endloop
  endfacet
  facet normal -0 0 -1
    outer loop
      vertex 19.5947 4.9 0
      vertex 5.25613 -0.599999 0
      vertex 19.4675 5.1581 0
    endloop
  endfacet
  facet normal -0 0 -1
    outer loop
      vertex 19.7546 4.66073 0
      vertex 5.25613 -0.599999 0
      vertex 19.5947 4.9 0
    endloop
  endfacet
  facet normal -0 0 -1
    outer loop
      vertex 19.9444 4.44437 0
      vertex 5.25613 -0.599999 0
      vertex 19.7546 4.66073 0
    endloop
  endfacet
  facet normal 0 0 -1
    outer loop
      vertex 21.2128 8.18118 0
      vertex 26.975 33.95 0
      vertex 21.5 8.2 0
    endloop
  endfacet
  facet normal 0 0 -1
    outer loop
      vertex 20.9306 8.12504 0
      vertex 26.975 33.95 0
      vertex 21.2128 8.18118 0
    endloop
  endfacet
  facet normal 0 -0 -1
    outer loop
      vertex 23.975 36.95 0
      vertex 26.975 33.95 0
      vertex 5.25613 29.35 0
    endloop
  endfacet
  facet normal 0 0 -1
    outer loop
      vertex 26.975 33.95 0
      vertex 23.975 36.95 0
      vertex 26.9493 34.3416 0
    endloop
  endfacet
  facet normal 0 0 -1
    outer loop
      vertex 26.9493 34.3416 0
      vertex 23.975 36.95 0
      vertex 26.8728 34.7265 0
    endloop
  endfacet
  facet normal 0 0 -1
    outer loop
      vertex 26.8728 34.7265 0
      vertex 23.975 36.95 0
      vertex 26.7466 35.098 0
    endloop
  endfacet
  facet normal 0 0 -1
    outer loop
      vertex 26.7466 35.098 0
      vertex 23.975 36.95 0
      vertex 26.5731 35.45 0
    endloop
  endfacet
  facet normal 0 0 -1
    outer loop
      vertex 26.3551 35.7763 0
      vertex 23.975 36.95 0
      vertex 26.0963 36.0713 0
    endloop
  endfacet
  facet normal 0 0 -1
    outer loop
      vertex 25.8013 36.3301 0
      vertex 23.975 36.95 0
      vertex 25.475 36.5481 0
    endloop
  endfacet
  facet normal 0 0 -1
    outer loop
      vertex 25.123 36.7216 0
      vertex 23.975 36.95 0
      vertex 24.7515 36.8478 0
    endloop
  endfacet
  facet normal 0 0 -1
    outer loop
      vertex 24.7515 36.8478 0
      vertex 23.975 36.95 0
      vertex 24.3666 36.9243 0
    endloop
  endfacet
  facet normal 0 0 -1
    outer loop
      vertex 25.475 36.5481 0
      vertex 23.975 36.95 0
      vertex 25.123 36.7216 0
    endloop
  endfacet
  facet normal 0 0 -1
    outer loop
      vertex 26.0963 36.0713 0
      vertex 23.975 36.95 0
      vertex 25.8013 36.3301 0
    endloop
  endfacet
  facet normal 0 0 -1
    outer loop
      vertex 26.975 33.95 0
      vertex 20.9306 8.12504 0
      vertex 5.25613 29.35 0
    endloop
  endfacet
  facet normal 0 0 -1
    outer loop
      vertex 5.25613 29.35 0
      vertex 20.9306 8.12504 0
      vertex 20.6581 8.03253 0
    endloop
  endfacet
  facet normal 0 0 -1
    outer loop
      vertex 5.25613 29.35 0
      vertex 20.6581 8.03253 0
      vertex 20.4 7.90526 0
    endloop
  endfacet
  facet normal 0 0 -1
    outer loop
      vertex 5.25613 29.35 0
      vertex 20.4 7.90526 0
      vertex 20.1607 7.74538 0
    endloop
  endfacet
  facet normal 0 0 -1
    outer loop
      vertex 5.25613 29.35 0
      vertex 20.1607 7.74538 0
      vertex 19.9444 7.55563 0
    endloop
  endfacet
  facet normal 0 0 -1
    outer loop
      vertex 5.25613 29.35 0
      vertex 19.9444 7.55563 0
      vertex 19.7546 7.33927 0
    endloop
  endfacet
  facet normal 0 0 -1
    outer loop
      vertex 5.25613 29.35 0
      vertex 19.7546 7.33927 0
      vertex 19.5947 7.1 0
    endloop
  endfacet
  facet normal 0 0 -1
    outer loop
      vertex 5.25613 -0.599999 0
      vertex 19.5947 7.1 0
      vertex 19.4675 6.8419 0
    endloop
  endfacet
  facet normal 0 0 -1
    outer loop
      vertex 5.25613 -0.599999 0
      vertex 19.4675 6.8419 0
      vertex 19.375 6.5694 0
    endloop
  endfacet
  facet normal 0 0 -1
    outer loop
      vertex 5.25613 -0.599999 0
      vertex 19.375 6.5694 0
      vertex 19.3188 6.28716 0
    endloop
  endfacet
  facet normal 0 0 -1
    outer loop
      vertex 5.25613 -0.599999 0
      vertex 19.3188 6.28716 0
      vertex 19.3 6 0
    endloop
  endfacet
  facet normal -0 0 -1
    outer loop
      vertex 19.5947 7.1 0
      vertex 5.25613 -0.599999 0
      vertex 5.25613 29.35 0
    endloop
  endfacet
  facet normal 0 0 -1
    outer loop
      vertex 26.5731 35.45 0
      vertex 23.975 36.95 0
      vertex 26.3551 35.7763 0
    endloop
  endfacet
  facet normal 0 0 -1
    outer loop
      vertex -5.25613 29.35 0
      vertex 23.975 36.95 0
      vertex 5.25613 29.35 0
    endloop
  endfacet
  facet normal 0 0 -1
    outer loop
      vertex -19.375 6.5694 0
      vertex -5.25613 -0.599999 0
      vertex -19.3188 6.28716 0
    endloop
  endfacet
  facet normal 0 0 -1
    outer loop
      vertex -19.4675 6.8419 0
      vertex -5.25613 -0.599999 0
      vertex -19.375 6.5694 0
    endloop
  endfacet
  facet normal 0 0 -1
    outer loop
      vertex -19.5947 7.1 0
      vertex -5.25613 -0.599999 0
      vertex -19.4675 6.8419 0
    endloop
  endfacet
  facet normal 0 0 -1
    outer loop
      vertex -5.25613 -0.599999 0
      vertex -19.5947 7.1 0
      vertex -5.25613 29.35 0
    endloop
  endfacet
  facet normal 0 0 -1
    outer loop
      vertex -19.7546 7.33927 0
      vertex -5.25613 29.35 0
      vertex -19.5947 7.1 0
    endloop
  endfacet
  facet normal 0 0 -1
    outer loop
      vertex -19.9444 7.55563 0
      vertex -5.25613 29.35 0
      vertex -19.7546 7.33927 0
    endloop
  endfacet
  facet normal 0 0 -1
    outer loop
      vertex -20.1607 7.74538 0
      vertex -5.25613 29.35 0
      vertex -19.9444 7.55563 0
    endloop
  endfacet
  facet normal 0 0 -1
    outer loop
      vertex -20.4 7.90526 0
      vertex -5.25613 29.35 0
      vertex -20.1607 7.74538 0
    endloop
  endfacet
  facet normal 0 0 -1
    outer loop
      vertex -20.6581 8.03253 0
      vertex -5.25613 29.35 0
      vertex -20.4 7.90526 0
    endloop
  endfacet
  facet normal 0 0 -1
    outer loop
      vertex -20.9306 8.12504 0
      vertex -5.25613 29.35 0
      vertex -20.6581 8.03253 0
    endloop
  endfacet
  facet normal 0 0 -1
    outer loop
      vertex -26.975 33.95 0
      vertex -20.9306 8.12504 0
      vertex -21.2128 8.18118 0
    endloop
  endfacet
  facet normal 0 0 -1
    outer loop
      vertex -26.975 33.95 0
      vertex -21.2128 8.18118 0
      vertex -21.5 8.2 0
    endloop
  endfacet
  facet normal 0 0 -1
    outer loop
      vertex -26.975 33.95 0
      vertex -21.5 8.2 0
      vertex -21.7872 8.18118 0
    endloop
  endfacet
  facet normal 0 0 -1
    outer loop
      vertex -26.975 33.95 0
      vertex -21.7872 8.18118 0
      vertex -22.0694 8.12504 0
    endloop
  endfacet
  facet normal 0 0 -1
    outer loop
      vertex -26.975 33.95 0
      vertex -22.0694 8.12504 0
      vertex -22.3419 8.03253 0
    endloop
  endfacet
  facet normal 0 0 -1
    outer loop
      vertex -26.975 33.95 0
      vertex -22.3419 8.03253 0
      vertex -22.6 7.90526 0
    endloop
  endfacet
  facet normal 0 0 -1
    outer loop
      vertex -26.975 33.95 0
      vertex -22.6 7.90526 0
      vertex -22.8393 7.74538 0
    endloop
  endfacet
  facet normal 0 0 -1
    outer loop
      vertex -26.975 33.95 0
      vertex -22.8393 7.74538 0
      vertex -23.0556 7.55563 0
    endloop
  endfacet
  facet normal 0 0 -1
    outer loop
      vertex -26.975 33.95 0
      vertex -23.0556 7.55563 0
      vertex -23.2454 7.33927 0
    endloop
  endfacet
  facet normal 0 0 -1
    outer loop
      vertex -5.25613 29.35 0
      vertex -23.975 36.95 0
      vertex 23.975 36.95 0
    endloop
  endfacet
  facet normal 0 0 -1
    outer loop
      vertex -20.9306 8.12504 0
      vertex -26.975 33.95 0
      vertex -5.25613 29.35 0
    endloop
  endfacet
  facet normal 0 0 -1
    outer loop
      vertex -26.975 33.95 0
      vertex -23.2454 7.33927 0
      vertex -23.4053 7.1 0
    endloop
  endfacet
  facet normal 0 0 -1
    outer loop
      vertex -26.975 2.4 0
      vertex -23.4053 7.1 0
      vertex -23.5325 6.8419 0
    endloop
  endfacet
  facet normal 0 0 -1
    outer loop
      vertex -26.975 2.4 0
      vertex -23.5325 6.8419 0
      vertex -23.625 6.5694 0
    endloop
  endfacet
  facet normal 0 0 -1
    outer loop
      vertex -26.975 2.4 0
      vertex -23.625 6.5694 0
      vertex -23.6812 6.28716 0
    endloop
  endfacet
  facet normal 0 0 -1
    outer loop
      vertex -26.975 2.4 0
      vertex -23.6812 6.28716 0
      vertex -23.7 6 0
    endloop
  endfacet
  facet normal -0 0 -1
    outer loop
      vertex -23.6812 5.71284 0
      vertex -26.975 2.4 0
      vertex -23.7 6 0
    endloop
  endfacet
  facet normal 0 0 -1
    outer loop
      vertex -26.975 2.4 0
      vertex -23.975 -0.599999 0
      vertex -24.3666 -0.574333 0
    endloop
  endfacet
  facet normal -0 0 -1
    outer loop
      vertex -23.4053 7.1 0
      vertex -26.975 2.4 0
      vertex -26.975 33.95 0
    endloop
  endfacet
  facet normal 0 0 -1
    outer loop
      vertex -26.975 2.4 0
      vertex -24.3666 -0.574333 0
      vertex -24.7515 -0.497776 0
    endloop
  endfacet
  facet normal 0 0 -1
    outer loop
      vertex -5.25613 29.35 0
      vertex -26.975 33.95 0
      vertex -23.975 36.95 0
    endloop
  endfacet
  facet normal 0 0 -1
    outer loop
      vertex -26.975 2.4 0
      vertex -24.7515 -0.497776 0
      vertex -25.123 -0.371637 0
    endloop
  endfacet
  facet normal 0 0 -1
    outer loop
      vertex -23.975 36.95 0
      vertex -26.975 33.95 0
      vertex -24.3666 36.9243 0
    endloop
  endfacet
  facet normal 0 0 -1
    outer loop
      vertex -26.975 2.4 0
      vertex -25.123 -0.371637 0
      vertex -25.475 -0.198075 0
    endloop
  endfacet
  facet normal 0 0 -1
    outer loop
      vertex -24.3666 36.9243 0
      vertex -26.975 33.95 0
      vertex -24.7515 36.8478 0
    endloop
  endfacet
  facet normal 0 0 -1
    outer loop
      vertex -26.975 2.4 0
      vertex -25.475 -0.198075 0
      vertex -25.8013 0.0199404 0
    endloop
  endfacet
  facet normal 0 0 -1
    outer loop
      vertex -24.7515 36.8478 0
      vertex -26.975 33.95 0
      vertex -25.123 36.7216 0
    endloop
  endfacet
  facet normal 0 0 -1
    outer loop
      vertex -26.975 2.4 0
      vertex -25.8013 0.0199404 0
      vertex -26.0963 0.27868 0
    endloop
  endfacet
  facet normal 0 0 -1
    outer loop
      vertex -25.123 36.7216 0
      vertex -26.975 33.95 0
      vertex -25.475 36.5481 0
    endloop
  endfacet
  facet normal 0 0 -1
    outer loop
      vertex -26.975 2.4 0
      vertex -26.0963 0.27868 0
      vertex -26.3551 0.573716 0
    endloop
  endfacet
  facet normal 0 0 -1
    outer loop
      vertex -25.475 36.5481 0
      vertex -26.975 33.95 0
      vertex -25.8013 36.3301 0
    endloop
  endfacet
  facet normal 0 0 -1
    outer loop
      vertex -26.975 2.4 0
      vertex -26.3551 0.573716 0
      vertex -26.5731 0.9 0
    endloop
  endfacet
  facet normal 0 0 -1
    outer loop
      vertex -25.8013 36.3301 0
      vertex -26.975 33.95 0
      vertex -26.0963 36.0713 0
    endloop
  endfacet
  facet normal 0 0 -1
    outer loop
      vertex -26.975 2.4 0
      vertex -26.5731 0.9 0
      vertex -26.7466 1.25195 0
    endloop
  endfacet
  facet normal 0 0 -1
    outer loop
      vertex -26.0963 36.0713 0
      vertex -26.975 33.95 0
      vertex -26.3551 35.7763 0
    endloop
  endfacet
  facet normal 0 0 -1
    outer loop
      vertex -26.975 2.4 0
      vertex -26.7466 1.25195 0
      vertex -26.8728 1.62354 0
    endloop
  endfacet
  facet normal 0 0 -1
    outer loop
      vertex -26.3551 35.7763 0
      vertex -26.975 33.95 0
      vertex -26.5731 35.45 0
    endloop
  endfacet
  facet normal 0 0 -1
    outer loop
      vertex -26.975 2.4 0
      vertex -26.8728 1.62354 0
      vertex -26.9493 2.00842 0
    endloop
  endfacet
  facet normal 0 0 -1
    outer loop
      vertex -26.5731 35.45 0
      vertex -26.975 33.95 0
      vertex -26.7466 35.098 0
    endloop
  endfacet
  facet normal 0 0 -1
    outer loop
      vertex -26.7466 35.098 0
      vertex -26.975 33.95 0
      vertex -26.8728 34.7265 0
    endloop
  endfacet
  facet normal 0 0 -1
    outer loop
      vertex -26.8728 34.7265 0
      vertex -26.975 33.95 0
      vertex -26.9493 34.3416 0
    endloop
  endfacet
  facet normal -0.694265 -0.138128 -0.706341
    outer loop
      vertex -27.8387 1.36472 1
      vertex -27.9408 1.8779 1
      vertex -26.8728 1.62354 0
    endloop
  endfacet
  facet normal -0.466728 0.532205 -0.706345
    outer loop
      vertex -26.0963 36.0713 0
      vertex -26.8034 36.7784 1
      vertex -26.41 37.1234 1
    endloop
  endfacet
  facet normal 0.313066 -0.634872 -0.706348
    outer loop
      vertex 25.5057 -1.29552 1
      vertex 25.475 -0.198075 0
      vertex 25.975 -1.0641 1
    endloop
  endfacet
  facet normal 0.321464 -0.946922 0
    outer loop
      vertex 25.0103 -1.4637 1
      vertex 25.5057 -1.29552 4.2
      vertex 25.0103 -1.4637 4.2
    endloop
  endfacet
  facet normal 0.321464 -0.946922 0
    outer loop
      vertex 25.5057 -1.29552 4.2
      vertex 25.0103 -1.4637 1
      vertex 25.5057 -1.29552 1
    endloop
  endfacet
  facet normal 0.195087 -0.980786 0
    outer loop
      vertex 24.4971 -1.56578 1
      vertex 25.0103 -1.4637 4.2
      vertex 24.4971 -1.56578 4.2
    endloop
  endfacet
  facet normal 0.195087 -0.980786 0
    outer loop
      vertex 25.0103 -1.4637 4.2
      vertex 24.4971 -1.56578 1
      vertex 25.0103 -1.4637 1
    endloop
  endfacet
  facet normal 0.0654027 -0.997859 0
    outer loop
      vertex 23.975 -1.6 1
      vertex 24.4971 -1.56578 4.2
      vertex 23.975 -1.6 4.2
    endloop
  endfacet
  facet normal 0.0654027 -0.997859 0
    outer loop
      vertex 24.4971 -1.56578 4.2
      vertex 23.975 -1.6 1
      vertex 24.4971 -1.56578 1
    endloop
  endfacet
  facet normal -0.751827 -0.659361 7.67343e-18
    outer loop
      vertex -26.8034 -0.428426 1
      vertex -27.1484 -0.0350447 4.2
      vertex -27.1484 -0.0350447 1
    endloop
  endfacet
  facet normal -0.751827 -0.659361 7.67343e-18
    outer loop
      vertex -27.1484 -0.0350447 4.2
      vertex -26.8034 -0.428426 1
      vertex -26.8034 -0.428426 4.2
    endloop
  endfacet
  facet normal -0.466717 -0.532213 -0.706346
    outer loop
      vertex -26.41 -0.773413 1
      vertex -26.8034 -0.428426 1
      vertex -26.0963 0.27868 0
    endloop
  endfacet
  facet normal 0.227585 -0.670276 -0.706353
    outer loop
      vertex 25.5057 -1.29552 1
      vertex 24.7515 -0.497776 0
      vertex 25.123 -0.371637 0
    endloop
  endfacet
  facet normal -0.0462962 -0.706348 -0.706349
    outer loop
      vertex -23.975 -1.6 1
      vertex -24.4971 -1.56578 1
      vertex -23.975 -0.599999 0
    endloop
  endfacet
  facet normal -0.707107 0 -0.707107
    outer loop
      vertex -26.975 2.4 0
      vertex -27.975 33.95 1
      vertex -26.975 33.95 0
    endloop
  endfacet
  facet normal -0.707107 -0 -0.707107
    outer loop
      vertex -27.975 33.95 1
      vertex -26.975 2.4 0
      vertex -27.975 2.4 1
    endloop
  endfacet
  facet normal -0.706323 -0.0463571 -0.70637
    outer loop
      vertex -26.9493 2.00842 0
      vertex -27.9408 1.8779 1
      vertex -26.975 2.4 0
    endloop
  endfacet
  facet normal 0.751827 -0.659361 -7.67343e-18
    outer loop
      vertex 26.8034 -0.428426 4.2
      vertex 27.1484 -0.0350447 1
      vertex 27.1484 -0.0350447 4.2
    endloop
  endfacet
  facet normal 0.751827 -0.659361 -7.67343e-18
    outer loop
      vertex 27.1484 -0.0350447 1
      vertex 26.8034 -0.428426 4.2
      vertex 26.8034 -0.428426 1
    endloop
  endfacet
  facet normal 0.659329 -0.751855 0
    outer loop
      vertex 26.41 -0.773413 1
      vertex 26.8034 -0.428426 4.2
      vertex 26.41 -0.773413 4.2
    endloop
  endfacet
  facet normal 0.659329 -0.751855 0
    outer loop
      vertex 26.8034 -0.428426 4.2
      vertex 26.41 -0.773413 1
      vertex 26.8034 -0.428426 1
    endloop
  endfacet
  facet normal -0.659343 0.751842 0
    outer loop
      vertex -26.41 37.1234 1
      vertex -26.8034 36.7784 4.2
      vertex -26.41 37.1234 4.2
    endloop
  endfacet
  facet normal -0.659343 0.751842 0
    outer loop
      vertex -26.8034 36.7784 4.2
      vertex -26.41 37.1234 1
      vertex -26.8034 36.7784 1
    endloop
  endfacet
  facet normal -0.694267 0.138123 -0.706339
    outer loop
      vertex -26.8728 34.7265 0
      vertex -27.9408 34.4721 1
      vertex -27.8387 34.9853 1
    endloop
  endfacet
  facet normal -0.63489 0.313048 -0.706339
    outer loop
      vertex -26.5731 35.45 0
      vertex -27.6705 35.4807 1
      vertex -27.4391 35.95 1
    endloop
  endfacet
  facet normal -0.6349 -0.312985 -0.706358
    outer loop
      vertex -26.5731 0.9 0
      vertex -27.6705 0.869267 1
      vertex -26.7466 1.25195 0
    endloop
  endfacet
  facet normal -0.634881 -0.313066 -0.70634
    outer loop
      vertex -27.4391 0.4 1
      vertex -27.6705 0.869267 1
      vertex -26.5731 0.9 0
    endloop
  endfacet
  facet normal -0.138123 0.694267 -0.706339
    outer loop
      vertex -24.7515 36.8478 0
      vertex -25.0103 37.8137 1
      vertex -24.4971 37.9158 1
    endloop
  endfacet
  facet normal -0.227581 0.670295 -0.706336
    outer loop
      vertex -24.7515 36.8478 0
      vertex -25.5057 37.6455 1
      vertex -25.0103 37.8137 1
    endloop
  endfacet
  facet normal -0.442238 0.896898 0
    outer loop
      vertex -25.5057 37.6455 1
      vertex -25.975 37.4141 4.2
      vertex -25.5057 37.6455 4.2
    endloop
  endfacet
  facet normal -0.442238 0.896898 0
    outer loop
      vertex -25.975 37.4141 4.2
      vertex -25.5057 37.6455 1
      vertex -25.975 37.4141 1
    endloop
  endfacet
  facet normal -0.195124 0.980779 0
    outer loop
      vertex -24.4971 37.9158 1
      vertex -25.0103 37.8137 4.2
      vertex -24.4971 37.9158 4.2
    endloop
  endfacet
  facet normal -0.195124 0.980779 0
    outer loop
      vertex -25.0103 37.8137 4.2
      vertex -24.4971 37.9158 1
      vertex -25.0103 37.8137 1
    endloop
  endfacet
  facet normal 0.13809 -0.694265 -0.706348
    outer loop
      vertex 24.4971 -1.56578 1
      vertex 24.3666 -0.574333 0
      vertex 24.7515 -0.497776 0
    endloop
  endfacet
  facet normal -0.466843 0.532143 -0.706316
    outer loop
      vertex -26.0963 36.0713 0
      vertex -26.41 37.1234 1
      vertex -25.8013 36.3301 0
    endloop
  endfacet
  facet normal -0.195087 -0.980786 0
    outer loop
      vertex -25.0103 -1.4637 1
      vertex -24.4971 -1.56578 4.2
      vertex -25.0103 -1.4637 4.2
    endloop
  endfacet
  facet normal -0.195087 -0.980786 -0
    outer loop
      vertex -24.4971 -1.56578 4.2
      vertex -25.0103 -1.4637 1
      vertex -24.4971 -1.56578 1
    endloop
  endfacet
  facet normal -0.532143 0.466843 -0.706316
    outer loop
      vertex -26.3551 35.7763 0
      vertex -27.1484 36.385 1
      vertex -26.0963 36.0713 0
    endloop
  endfacet
  facet normal -0.94691 0.321498 4.10692e-18
    outer loop
      vertex -27.8387 34.9853 1
      vertex -27.6705 35.4807 4.2
      vertex -27.6705 35.4807 1
    endloop
  endfacet
  facet normal -0.94691 0.321498 4.10692e-18
    outer loop
      vertex -27.6705 35.4807 4.2
      vertex -27.8387 34.9853 1
      vertex -27.8387 34.9853 4.2
    endloop
  endfacet
  facet normal -0.706349 0.0462692 -0.706349
    outer loop
      vertex -26.975 33.95 0
      vertex -27.975 33.95 1
      vertex -27.9408 34.4721 1
    endloop
  endfacet
  facet normal -0.946921 -0.321468 -2.90134e-18
    outer loop
      vertex -27.6705 0.869267 1
      vertex -27.8387 1.36472 4.2
      vertex -27.8387 1.36472 1
    endloop
  endfacet
  facet normal -0.946921 -0.321468 -2.90134e-18
    outer loop
      vertex -27.8387 1.36472 4.2
      vertex -27.6705 0.869267 1
      vertex -27.6705 0.869267 4.2
    endloop
  endfacet
  facet normal -0 0 1
    outer loop
      vertex 11.99 23.25 4.2
      vertex 14.45 22 4.2
      vertex 19.2 23.25 4.2
    endloop
  endfacet
  facet normal 0 0 1
    outer loop
      vertex 14.45 22 4.2
      vertex 11.99 23.25 4.2
      vertex 9.3 22 4.2
    endloop
  endfacet
  facet normal 0 0 1
    outer loop
      vertex 23.8639 34.6444 4.2
      vertex 24.6694 33.8389 4.2
      vertex 24.6675 33.8679 4.2
    endloop
  endfacet
  facet normal 0 0 1
    outer loop
      vertex 24.6694 33.8389 4.2
      vertex 22.701 6.49749 4.2
      vertex 24.6694 2.51111 4.2
    endloop
  endfacet
  facet normal 0 0 1
    outer loop
      vertex 24.6477 34.0189 4.2
      vertex 24.6675 33.8679 4.2
      vertex 24.6626 33.944 4.2
    endloop
  endfacet
  facet normal -0 -0 1
    outer loop
      vertex 22.7557 6.33646 4.2
      vertex 24.6694 2.51111 4.2
      vertex 22.701 6.49749 4.2
    endloop
  endfacet
  facet normal 0 0 1
    outer loop
      vertex 23.94 34.6395 4.2
      vertex 24.6675 33.8679 4.2
      vertex 24.6477 34.0189 4.2
    endloop
  endfacet
  facet normal -0 -0 1
    outer loop
      vertex 22.7889 6.16968 4.2
      vertex 24.6694 2.51111 4.2
      vertex 22.7557 6.33646 4.2
    endloop
  endfacet
  facet normal 0 0 1
    outer loop
      vertex 24.6327 34.0749 4.2
      vertex 24.6477 34.0189 4.2
      vertex 24.642 34.0474 4.2
    endloop
  endfacet
  facet normal -0 -0 1
    outer loop
      vertex 22.8 6 4.2
      vertex 24.6694 2.51111 4.2
      vertex 22.7889 6.16968 4.2
    endloop
  endfacet
  facet normal 0 0 1
    outer loop
      vertex 23.94 34.6395 4.2
      vertex 24.6477 34.0189 4.2
      vertex 24.6327 34.0749 4.2
    endloop
  endfacet
  facet normal -0 0 1
    outer loop
      vertex 22.7889 5.83032 4.2
      vertex 24.6694 2.51111 4.2
      vertex 22.8 6 4.2
    endloop
  endfacet
  facet normal 0 0 1
    outer loop
      vertex 24.5953 34.1732 4.2
      vertex 24.6327 34.0749 4.2
      vertex 24.6081 34.1472 4.2
    endloop
  endfacet
  facet normal -0 0 1
    outer loop
      vertex 22.7557 5.66354 4.2
      vertex 24.6694 2.51111 4.2
      vertex 22.7889 5.83032 4.2
    endloop
  endfacet
  facet normal 0 0 1
    outer loop
      vertex 23.94 34.6395 4.2
      vertex 24.6327 34.0749 4.2
      vertex 24.5953 34.1732 4.2
    endloop
  endfacet
  facet normal -0 0 1
    outer loop
      vertex 22.701 5.50251 4.2
      vertex 24.6694 2.51111 4.2
      vertex 22.7557 5.66354 4.2
    endloop
  endfacet
  facet normal 0 0 1
    outer loop
      vertex 24.5191 34.3051 4.2
      vertex 24.5953 34.1732 4.2
      vertex 24.5615 34.2417 4.2
    endloop
  endfacet
  facet normal -0 0 1
    outer loop
      vertex 22.6258 5.35 4.2
      vertex 24.6694 2.51111 4.2
      vertex 22.701 5.50251 4.2
    endloop
  endfacet
  facet normal 0 0 1
    outer loop
      vertex 23.94 34.6395 4.2
      vertex 24.5953 34.1732 4.2
      vertex 24.5191 34.3051 4.2
    endloop
  endfacet
  facet normal -0 0 1
    outer loop
      vertex 22.4192 5.08076 4.2
      vertex 24.6694 2.51111 4.2
      vertex 22.5314 5.20861 4.2
    endloop
  endfacet
  facet normal 0 0 1
    outer loop
      vertex 24.4527 34.3866 4.2
      vertex 24.5191 34.3051 4.2
      vertex 24.503 34.3293 4.2
    endloop
  endfacet
  facet normal -0 0 1
    outer loop
      vertex 22.2914 4.96864 4.2
      vertex 24.6694 2.51111 4.2
      vertex 22.4192 5.08076 4.2
    endloop
  endfacet
  facet normal -0 0 1
    outer loop
      vertex 22.15 4.87417 4.2
      vertex 24.6694 2.51111 4.2
      vertex 22.2914 4.96864 4.2
    endloop
  endfacet
  facet normal 0 0 1
    outer loop
      vertex 23.94 34.6395 4.2
      vertex 24.5191 34.3051 4.2
      vertex 24.4527 34.3866 4.2
    endloop
  endfacet
  facet normal 0 0 1
    outer loop
      vertex 24.3761 34.4588 4.2
      vertex 24.4527 34.3866 4.2
      vertex 24.4335 34.4085 4.2
    endloop
  endfacet
  facet normal 0 -0 1
    outer loop
      vertex 23.8639 1.70555 4.2
      vertex 24.6694 2.51111 4.2
      vertex 22.15 4.87417 4.2
    endloop
  endfacet
  facet normal 0 0 1
    outer loop
      vertex 23.94 34.6395 4.2
      vertex 24.4527 34.3866 4.2
      vertex 24.3761 34.4588 4.2
    endloop
  endfacet
  facet normal 0 0 1
    outer loop
      vertex 24.6694 2.51111 4.2
      vertex 23.8639 1.70555 4.2
      vertex 24.6675 2.48211 4.2
    endloop
  endfacet
  facet normal 0 0 1
    outer loop
      vertex 24.2908 34.5204 4.2
      vertex 24.3761 34.4588 4.2
      vertex 24.3543 34.478 4.2
    endloop
  endfacet
  facet normal 0 -0 1
    outer loop
      vertex 23.8929 1.70746 4.2
      vertex 24.6675 2.48211 4.2
      vertex 23.8639 1.70555 4.2
    endloop
  endfacet
  facet normal 0 0 1
    outer loop
      vertex 23.94 34.6395 4.2
      vertex 24.3761 34.4588 4.2
      vertex 24.2908 34.5204 4.2
    endloop
  endfacet
  facet normal 0 -0 1
    outer loop
      vertex 24.6477 2.33113 4.2
      vertex 24.6675 2.48211 4.2
      vertex 23.8929 1.70746 4.2
    endloop
  endfacet
  facet normal 0 0 1
    outer loop
      vertex 24.2406 34.5494 4.2
      vertex 24.2908 34.5204 4.2
      vertex 24.2667 34.5365 4.2
    endloop
  endfacet
  facet normal 0 0 1
    outer loop
      vertex 24.6675 2.48211 4.2
      vertex 24.6477 2.33113 4.2
      vertex 24.6626 2.40596 4.2
    endloop
  endfacet
  facet normal 0 0 1
    outer loop
      vertex 23.94 34.6395 4.2
      vertex 24.2908 34.5204 4.2
      vertex 24.2406 34.5494 4.2
    endloop
  endfacet
  facet normal 0 0 1
    outer loop
      vertex 24.6477 2.33113 4.2
      vertex 23.8929 1.70746 4.2
      vertex 24.6327 2.27509 4.2
    endloop
  endfacet
  facet normal 0 0 1
    outer loop
      vertex 24.0999 34.6077 4.2
      vertex 24.2406 34.5494 4.2
      vertex 24.1722 34.5831 4.2
    endloop
  endfacet
  facet normal 0 0 1
    outer loop
      vertex 24.6327 2.27509 4.2
      vertex 24.5953 2.17677 4.2
      vertex 24.6081 2.20284 4.2
    endloop
  endfacet
  facet normal 0 0 1
    outer loop
      vertex 23.94 34.6395 4.2
      vertex 24.2406 34.5494 4.2
      vertex 24.0999 34.6077 4.2
    endloop
  endfacet
  facet normal 0 0 1
    outer loop
      vertex 24.6327 2.27509 4.2
      vertex 23.8929 1.70746 4.2
      vertex 24.5953 2.17677 4.2
    endloop
  endfacet
  facet normal 0 0 1
    outer loop
      vertex 23.9975 34.6319 4.2
      vertex 24.0999 34.6077 4.2
      vertex 24.0724 34.617 4.2
    endloop
  endfacet
  facet normal 0 -0 1
    outer loop
      vertex 24.5191 2.04489 4.2
      vertex 24.5953 2.17677 4.2
      vertex 23.8929 1.70746 4.2
    endloop
  endfacet
  facet normal 0 0 1
    outer loop
      vertex 24.5953 2.17677 4.2
      vertex 24.5191 2.04489 4.2
      vertex 24.5615 2.10833 4.2
    endloop
  endfacet
  facet normal 0 0 1
    outer loop
      vertex 23.94 34.6395 4.2
      vertex 24.0999 34.6077 4.2
      vertex 23.9975 34.6319 4.2
    endloop
  endfacet
  facet normal 0 0 1
    outer loop
      vertex 23.94 34.6395 4.2
      vertex 23.9975 34.6319 4.2
      vertex 23.969 34.6376 4.2
    endloop
  endfacet
  facet normal 0 0 1
    outer loop
      vertex 24.5191 2.04489 4.2
      vertex 24.4838 1.99886 4.2
      vertex 24.503 2.02072 4.2
    endloop
  endfacet
  facet normal 0 0 1
    outer loop
      vertex 24.6675 33.8679 4.2
      vertex 23.94 34.6395 4.2
      vertex 23.8639 34.6444 4.2
    endloop
  endfacet
  facet normal 0 0 1
    outer loop
      vertex 24.5191 2.04489 4.2
      vertex 23.8929 1.70746 4.2
      vertex 24.4838 1.99886 4.2
    endloop
  endfacet
  facet normal 0 0 1
    outer loop
      vertex 24.6694 33.8389 4.2
      vertex 23.8639 34.6444 4.2
      vertex 19.2 29.65 4.2
    endloop
  endfacet
  facet normal 0 0 1
    outer loop
      vertex 24.4838 1.99886 4.2
      vertex 24.3761 1.89119 4.2
      vertex 24.4335 1.9415 4.2
    endloop
  endfacet
  facet normal 0 -0 1
    outer loop
      vertex 24.2908 1.82963 4.2
      vertex 24.3761 1.89119 4.2
      vertex 23.8929 1.70746 4.2
    endloop
  endfacet
  facet normal 0 -0 1
    outer loop
      vertex 24.1982 1.77973 4.2
      vertex 24.2908 1.82963 4.2
      vertex 23.8929 1.70746 4.2
    endloop
  endfacet
  facet normal 0 -0 1
    outer loop
      vertex 24.3761 1.89119 4.2
      vertex 24.4838 1.99886 4.2
      vertex 23.8929 1.70746 4.2
    endloop
  endfacet
  facet normal -0 0 1
    outer loop
      vertex 22.5314 5.20861 4.2
      vertex 24.6694 2.51111 4.2
      vertex 22.6258 5.35 4.2
    endloop
  endfacet
  facet normal 0 0 1
    outer loop
      vertex 24.6694 33.8389 4.2
      vertex 22.6258 6.65 4.2
      vertex 22.701 6.49749 4.2
    endloop
  endfacet
  facet normal 0 0 1
    outer loop
      vertex 24.6694 33.8389 4.2
      vertex 19.2 23.25 4.2
      vertex 22.5314 6.79139 4.2
    endloop
  endfacet
  facet normal 0 0 1
    outer loop
      vertex 24.6694 33.8389 4.2
      vertex 22.5314 6.79139 4.2
      vertex 22.6258 6.65 4.2
    endloop
  endfacet
  facet normal 0 0 1
    outer loop
      vertex 22.5314 6.79139 4.2
      vertex 19.2 23.25 4.2
      vertex 22.4192 6.91924 4.2
    endloop
  endfacet
  facet normal 0 0 1
    outer loop
      vertex 22.4192 6.91924 4.2
      vertex 19.2 23.25 4.2
      vertex 22.2914 7.03136 4.2
    endloop
  endfacet
  facet normal 0 0 1
    outer loop
      vertex 22.2914 7.03136 4.2
      vertex 19.2 23.25 4.2
      vertex 22.15 7.12583 4.2
    endloop
  endfacet
  facet normal 0 0 1
    outer loop
      vertex 22.15 7.12583 4.2
      vertex 19.2 23.25 4.2
      vertex 21.9975 7.20104 4.2
    endloop
  endfacet
  facet normal 0 0 1
    outer loop
      vertex 21.9975 7.20104 4.2
      vertex 19.2 23.25 4.2
      vertex 21.8365 7.2557 4.2
    endloop
  endfacet
  facet normal 0 0 1
    outer loop
      vertex 21.8365 7.2557 4.2
      vertex 19.2 23.25 4.2
      vertex 21.6697 7.28888 4.2
    endloop
  endfacet
  facet normal 0 0 1
    outer loop
      vertex 21.6697 7.28888 4.2
      vertex 19.2 23.25 4.2
      vertex 21.5 7.3 4.2
    endloop
  endfacet
  facet normal -0 0 1
    outer loop
      vertex 14.45 12 4.2
      vertex 21.5 7.3 4.2
      vertex 19.2 23.25 4.2
    endloop
  endfacet
  facet normal 0 0 1
    outer loop
      vertex 21.5 7.3 4.2
      vertex 14.45 12 4.2
      vertex 21.3303 7.28888 4.2
    endloop
  endfacet
  facet normal 0 0 1
    outer loop
      vertex 21.3303 7.28888 4.2
      vertex 14.45 12 4.2
      vertex 21.1635 7.2557 4.2
    endloop
  endfacet
  facet normal 0 0 1
    outer loop
      vertex 21.1635 7.2557 4.2
      vertex 14.45 12 4.2
      vertex 21.0025 7.20104 4.2
    endloop
  endfacet
  facet normal 0 0 1
    outer loop
      vertex 21.0025 7.20104 4.2
      vertex 14.45 12 4.2
      vertex 20.85 7.12583 4.2
    endloop
  endfacet
  facet normal 0 0 1
    outer loop
      vertex 20.85 7.12583 4.2
      vertex 14.45 12 4.2
      vertex 20.7086 7.03136 4.2
    endloop
  endfacet
  facet normal 0 0 1
    outer loop
      vertex 20.7086 7.03136 4.2
      vertex 14.45 12 4.2
      vertex 20.5808 6.91924 4.2
    endloop
  endfacet
  facet normal 0 0 1
    outer loop
      vertex 20.5808 6.91924 4.2
      vertex 14.45 12 4.2
      vertex 20.4686 6.79139 4.2
    endloop
  endfacet
  facet normal 0 0 1
    outer loop
      vertex 20.4686 6.79139 4.2
      vertex 14.45 12 4.2
      vertex 20.3742 6.65 4.2
    endloop
  endfacet
  facet normal 0 0 1
    outer loop
      vertex 20.3742 6.65 4.2
      vertex 14.45 12 4.2
      vertex 20.299 6.49749 4.2
    endloop
  endfacet
  facet normal 0 0 1
    outer loop
      vertex 20.299 6.49749 4.2
      vertex 14.45 12 4.2
      vertex 20.2443 6.33646 4.2
    endloop
  endfacet
  facet normal 0 0 1
    outer loop
      vertex 24.6694 33.8389 4.2
      vertex 19.2 29.65 4.2
      vertex 19.2 23.25 4.2
    endloop
  endfacet
  facet normal 0 0 1
    outer loop
      vertex 23.8639 34.6444 4.2
      vertex 11.99 29.65 4.2
      vertex 19.2 29.65 4.2
    endloop
  endfacet
  facet normal 0 0 1
    outer loop
      vertex 11.99 29.65 4.2
      vertex 9.3 22 4.2
      vertex 11.99 23.25 4.2
    endloop
  endfacet
  facet normal -0 0 1
    outer loop
      vertex 5.5 20 4.2
      vertex 9.3 12 4.2
      vertex 9.3 22 4.2
    endloop
  endfacet
  facet normal 0 0 1
    outer loop
      vertex 9.3 12 4.2
      vertex 5.5 20 4.2
      vertex 5.5 2 4.2
    endloop
  endfacet
  facet normal 0 0 1
    outer loop
      vertex -2 30.45 4.2
      vertex 9.3 22 4.2
      vertex 11.99 29.65 4.2
    endloop
  endfacet
  facet normal 0 0 1
    outer loop
      vertex 9.3 22 4.2
      vertex -2 25.05 4.2
      vertex 5.5 20 4.2
    endloop
  endfacet
  facet normal 0 0 1
    outer loop
      vertex 1.5 20 4.2
      vertex -1.5 20 4.2
      vertex 1.5 2 4.2
    endloop
  endfacet
  facet normal 0 0 1
    outer loop
      vertex 5.5 20 4.2
      vertex -2 25.05 4.2
      vertex 1.5 20 4.2
    endloop
  endfacet
  facet normal 0 0 1
    outer loop
      vertex 9.3 22 4.2
      vertex -2 30.45 4.2
      vertex -2 25.05 4.2
    endloop
  endfacet
  facet normal 0 0 1
    outer loop
      vertex 23.8639 34.6444 4.2
      vertex -2 30.45 4.2
      vertex 11.99 29.65 4.2
    endloop
  endfacet
  facet normal -0 0 1
    outer loop
      vertex -23.8639 34.6444 4.2
      vertex -2 30.45 4.2
      vertex 23.8639 34.6444 4.2
    endloop
  endfacet
  facet normal -0 0 1
    outer loop
      vertex -14.49 29.65 4.2
      vertex -6 25.05 4.2
      vertex -6 30.45 4.2
    endloop
  endfacet
  facet normal 0 0 1
    outer loop
      vertex -6 25.05 4.2
      vertex -9.3 12 4.2
      vertex -6.5 0 4.2
    endloop
  endfacet
  facet normal 0 0 1
    outer loop
      vertex -6 25.05 4.2
      vertex -9.3 22 4.2
      vertex -9.3 12 4.2
    endloop
  endfacet
  facet normal 0 0 1
    outer loop
      vertex -6 25.05 4.2
      vertex -14.49 29.65 4.2
      vertex -9.3 22 4.2
    endloop
  endfacet
  facet normal 0 0 1
    outer loop
      vertex -9.3 22 4.2
      vertex -14.49 23.25 4.2
      vertex -14.45 22 4.2
    endloop
  endfacet
  facet normal 0 0 1
    outer loop
      vertex -9.3 22 4.2
      vertex -14.49 29.65 4.2
      vertex -14.49 23.25 4.2
    endloop
  endfacet
  facet normal 0 0 1
    outer loop
      vertex -2 30.45 4.2
      vertex -23.8639 34.6444 4.2
      vertex -6 30.45 4.2
    endloop
  endfacet
  facet normal 0 0 1
    outer loop
      vertex -6 30.45 4.2
      vertex -23.8639 34.6444 4.2
      vertex -14.49 29.65 4.2
    endloop
  endfacet
  facet normal 0 0 1
    outer loop
      vertex -24.6694 33.8389 4.2
      vertex -21.7 23.25 4.2
      vertex -21.7 29.65 4.2
    endloop
  endfacet
  facet normal 0 0 1
    outer loop
      vertex -21.7 23.25 4.2
      vertex -21.9975 7.20104 4.2
      vertex -21.8365 7.2557 4.2
    endloop
  endfacet
  facet normal 0 0 1
    outer loop
      vertex -21.7 23.25 4.2
      vertex -22.15 7.12583 4.2
      vertex -21.9975 7.20104 4.2
    endloop
  endfacet
  facet normal 0 0 1
    outer loop
      vertex -21.7 23.25 4.2
      vertex -22.2914 7.03136 4.2
      vertex -22.15 7.12583 4.2
    endloop
  endfacet
  facet normal 0 0 1
    outer loop
      vertex -21.7 23.25 4.2
      vertex -22.4192 6.91924 4.2
      vertex -22.2914 7.03136 4.2
    endloop
  endfacet
  facet normal 0 0 1
    outer loop
      vertex -21.7 23.25 4.2
      vertex -22.5314 6.79139 4.2
      vertex -22.4192 6.91924 4.2
    endloop
  endfacet
  facet normal 0 0 1
    outer loop
      vertex -21.7 23.25 4.2
      vertex -22.6258 6.65 4.2
      vertex -22.5314 6.79139 4.2
    endloop
  endfacet
  facet normal 0 0 1
    outer loop
      vertex -24.6694 2.51111 4.2
      vertex -21.7 23.25 4.2
      vertex -24.6694 33.8389 4.2
    endloop
  endfacet
  facet normal 0 0 1
    outer loop
      vertex -21.7 23.25 4.2
      vertex -22.701 6.49749 4.2
      vertex -22.6258 6.65 4.2
    endloop
  endfacet
  facet normal 0 0 1
    outer loop
      vertex -21.7 23.25 4.2
      vertex -24.6694 2.51111 4.2
      vertex -22.701 6.49749 4.2
    endloop
  endfacet
  facet normal 0 0 1
    outer loop
      vertex -22.701 6.49749 4.2
      vertex -24.6694 2.51111 4.2
      vertex -22.7557 6.33646 4.2
    endloop
  endfacet
  facet normal -0 0 1
    outer loop
      vertex -24.6694 33.8389 4.2
      vertex -21.7 29.65 4.2
      vertex -23.8639 34.6444 4.2
    endloop
  endfacet
  facet normal 0 0 1
    outer loop
      vertex -14.49 29.65 4.2
      vertex -23.8639 34.6444 4.2
      vertex -21.7 29.65 4.2
    endloop
  endfacet
  facet normal 0 0 1
    outer loop
      vertex 24.2908 1.82963 4.2
      vertex 24.1982 1.77973 4.2
      vertex 24.2667 1.81348 4.2
    endloop
  endfacet
  facet normal 0 -0 1
    outer loop
      vertex 24.0999 1.74235 4.2
      vertex 24.1982 1.77973 4.2
      vertex 23.8929 1.70746 4.2
    endloop
  endfacet
  facet normal 0 0 1
    outer loop
      vertex 24.1982 1.77973 4.2
      vertex 24.0999 1.74235 4.2
      vertex 24.1722 1.76687 4.2
    endloop
  endfacet
  facet normal 0 0 1
    outer loop
      vertex 24.0999 1.74235 4.2
      vertex 24.0439 1.72733 4.2
      vertex 24.0724 1.733 4.2
    endloop
  endfacet
  facet normal 0 0 1
    outer loop
      vertex 24.0439 1.72733 4.2
      vertex 23.8929 1.70746 4.2
      vertex 23.969 1.71245 4.2
    endloop
  endfacet
  facet normal 0 0 1
    outer loop
      vertex 24.0999 1.74235 4.2
      vertex 23.8929 1.70746 4.2
      vertex 24.0439 1.72733 4.2
    endloop
  endfacet
  facet normal 0 0 1
    outer loop
      vertex 24.3761 1.89119 4.2
      vertex 24.2908 1.82963 4.2
      vertex 24.3543 1.87202 4.2
    endloop
  endfacet
  facet normal 0 0 1
    outer loop
      vertex 24.6477 2.33113 4.2
      vertex 24.6327 2.27509 4.2
      vertex 24.642 2.30262 4.2
    endloop
  endfacet
  facet normal -0 0 1
    outer loop
      vertex 21.9975 4.79896 4.2
      vertex 23.8639 1.70555 4.2
      vertex 22.15 4.87417 4.2
    endloop
  endfacet
  facet normal -0 0 1
    outer loop
      vertex 21.8365 4.7443 4.2
      vertex 23.8639 1.70555 4.2
      vertex 21.9975 4.79896 4.2
    endloop
  endfacet
  facet normal -0 0 1
    outer loop
      vertex 21.6697 4.71112 4.2
      vertex 23.8639 1.70555 4.2
      vertex 21.8365 4.7443 4.2
    endloop
  endfacet
  facet normal -0 0 1
    outer loop
      vertex 21.5 4.7 4.2
      vertex 23.8639 1.70555 4.2
      vertex 21.6697 4.71112 4.2
    endloop
  endfacet
  facet normal 0 0 1
    outer loop
      vertex 21.3303 4.71112 4.2
      vertex 23.8639 1.70555 4.2
      vertex 21.5 4.7 4.2
    endloop
  endfacet
  facet normal 0 0 1
    outer loop
      vertex 21.1635 4.7443 4.2
      vertex 23.8639 1.70555 4.2
      vertex 21.3303 4.71112 4.2
    endloop
  endfacet
  facet normal 0 0 1
    outer loop
      vertex 21.0025 4.79896 4.2
      vertex 23.8639 1.70555 4.2
      vertex 21.1635 4.7443 4.2
    endloop
  endfacet
  facet normal 0 0 1
    outer loop
      vertex 20.85 4.87417 4.2
      vertex 23.8639 1.70555 4.2
      vertex 21.0025 4.79896 4.2
    endloop
  endfacet
  facet normal 0 0 1
    outer loop
      vertex 10.5 1.70555 4.2
      vertex 20.85 4.87417 4.2
      vertex 20.7086 4.96864 4.2
    endloop
  endfacet
  facet normal 0 0 1
    outer loop
      vertex 10.5 1.70555 4.2
      vertex 20.7086 4.96864 4.2
      vertex 20.5808 5.08076 4.2
    endloop
  endfacet
  facet normal 0 0 1
    outer loop
      vertex 20.2443 6.33646 4.2
      vertex 14.45 12 4.2
      vertex 20.2111 6.16968 4.2
    endloop
  endfacet
  facet normal 0 0 1
    outer loop
      vertex 14.45 12 4.2
      vertex 19.2 23.25 4.2
      vertex 14.45 22 4.2
    endloop
  endfacet
  facet normal 0 0 1
    outer loop
      vertex 20.2111 6.16968 4.2
      vertex 14.45 12 4.2
      vertex 20.2 6 4.2
    endloop
  endfacet
  facet normal 0 0 1
    outer loop
      vertex 10.5 1.70555 4.2
      vertex 20.2 6 4.2
      vertex 14.45 12 4.2
    endloop
  endfacet
  facet normal 0 0 1
    outer loop
      vertex 20.2 6 4.2
      vertex 10.5 1.70555 4.2
      vertex 20.2111 5.83032 4.2
    endloop
  endfacet
  facet normal 0 0 1
    outer loop
      vertex 20.2111 5.83032 4.2
      vertex 10.5 1.70555 4.2
      vertex 20.2443 5.66354 4.2
    endloop
  endfacet
  facet normal 0 0 1
    outer loop
      vertex 20.2443 5.66354 4.2
      vertex 10.5 1.70555 4.2
      vertex 20.299 5.50251 4.2
    endloop
  endfacet
  facet normal 0 0 1
    outer loop
      vertex 20.299 5.50251 4.2
      vertex 10.5 1.70555 4.2
      vertex 20.3742 5.35 4.2
    endloop
  endfacet
  facet normal 0 0 1
    outer loop
      vertex 20.3742 5.35 4.2
      vertex 10.5 1.70555 4.2
      vertex 20.4686 5.20861 4.2
    endloop
  endfacet
  facet normal 0 0 1
    outer loop
      vertex 20.85 4.87417 4.2
      vertex 10.5 1.70555 4.2
      vertex 23.8639 1.70555 4.2
    endloop
  endfacet
  facet normal 0 0 1
    outer loop
      vertex 20.4686 5.20861 4.2
      vertex 10.5 1.70555 4.2
      vertex 20.5808 5.08076 4.2
    endloop
  endfacet
  facet normal 0 0 1
    outer loop
      vertex 6.5 0 4.2
      vertex 10.5 1.70555 4.2
      vertex 9.3 12 4.2
    endloop
  endfacet
  facet normal -0 0 1
    outer loop
      vertex 9.3 12 4.2
      vertex 10.5 1.70555 4.2
      vertex 14.45 12 4.2
    endloop
  endfacet
  facet normal 0 0 1
    outer loop
      vertex 26.225 33.95 4.2
      vertex 27.975 33.95 4.2
      vertex 27.9408 34.4721 4.2
    endloop
  endfacet
  facet normal 0 0 1
    outer loop
      vertex 27.975 33.95 4.2
      vertex 26.225 33.95 4.2
      vertex 27.975 2.4 4.2
    endloop
  endfacet
  facet normal 0 0 1
    outer loop
      vertex 26.2057 34.2437 4.2
      vertex 27.9408 34.4721 4.2
      vertex 27.8387 34.9853 4.2
    endloop
  endfacet
  facet normal 0 0 1
    outer loop
      vertex 26.225 2.4 4.2
      vertex 27.975 2.4 4.2
      vertex 26.225 33.95 4.2
    endloop
  endfacet
  facet normal 0 0 1
    outer loop
      vertex 26.1483 34.5323 4.2
      vertex 27.8387 34.9853 4.2
      vertex 27.6705 35.4807 4.2
    endloop
  endfacet
  facet normal 0 0 1
    outer loop
      vertex 27.975 2.4 4.2
      vertex 26.225 2.4 4.2
      vertex 27.9408 1.8779 4.2
    endloop
  endfacet
  facet normal 0 0 1
    outer loop
      vertex 26.0537 34.811 4.2
      vertex 27.6705 35.4807 4.2
      vertex 27.4391 35.95 4.2
    endloop
  endfacet
  facet normal -0 0 1
    outer loop
      vertex 26.2057 2.10632 4.2
      vertex 27.9408 1.8779 4.2
      vertex 26.225 2.4 4.2
    endloop
  endfacet
  facet normal 0 0 1
    outer loop
      vertex 25.9236 35.075 4.2
      vertex 27.4391 35.95 4.2
      vertex 27.1484 36.385 4.2
    endloop
  endfacet
  facet normal 0 0 1
    outer loop
      vertex 27.9408 1.8779 4.2
      vertex 26.2057 2.10632 4.2
      vertex 27.8387 1.36472 4.2
    endloop
  endfacet
  facet normal 0 0 1
    outer loop
      vertex 25.76 35.3197 4.2
      vertex 27.1484 36.385 4.2
      vertex 26.8034 36.7784 4.2
    endloop
  endfacet
  facet normal -0 0 1
    outer loop
      vertex 26.1483 1.81766 4.2
      vertex 27.8387 1.36472 4.2
      vertex 26.2057 2.10632 4.2
    endloop
  endfacet
  facet normal 0 0 1
    outer loop
      vertex 25.566 35.541 4.2
      vertex 26.8034 36.7784 4.2
      vertex 26.41 37.1234 4.2
    endloop
  endfacet
  facet normal 0 0 1
    outer loop
      vertex 27.8387 1.36472 4.2
      vertex 26.1483 1.81766 4.2
      vertex 27.6705 0.869267 4.2
    endloop
  endfacet
  facet normal -0 0 1
    outer loop
      vertex 26.0537 1.53896 4.2
      vertex 27.6705 0.869267 4.2
      vertex 26.1483 1.81766 4.2
    endloop
  endfacet
  facet normal 0 0 1
    outer loop
      vertex 27.9408 34.4721 4.2
      vertex 26.2057 34.2437 4.2
      vertex 26.225 33.95 4.2
    endloop
  endfacet
  facet normal 0 0 1
    outer loop
      vertex 27.8387 34.9853 4.2
      vertex 26.1483 34.5323 4.2
      vertex 26.2057 34.2437 4.2
    endloop
  endfacet
  facet normal 0 0 1
    outer loop
      vertex 27.6705 35.4807 4.2
      vertex 26.0537 34.811 4.2
      vertex 26.1483 34.5323 4.2
    endloop
  endfacet
  facet normal 0 0 1
    outer loop
      vertex 25.3447 35.735 4.2
      vertex 26.41 37.1234 4.2
      vertex 25.975 37.4141 4.2
    endloop
  endfacet
  facet normal 0 0 1
    outer loop
      vertex 27.4391 35.95 4.2
      vertex 25.9236 35.075 4.2
      vertex 26.0537 34.811 4.2
    endloop
  endfacet
  facet normal 0 0 1
    outer loop
      vertex 27.1484 36.385 4.2
      vertex 25.76 35.3197 4.2
      vertex 25.9236 35.075 4.2
    endloop
  endfacet
  facet normal 0 0 1
    outer loop
      vertex 26.8034 36.7784 4.2
      vertex 25.566 35.541 4.2
      vertex 25.76 35.3197 4.2
    endloop
  endfacet
  facet normal 0 0 1
    outer loop
      vertex 25.1 35.8986 4.2
      vertex 25.975 37.4141 4.2
      vertex 25.5057 37.6455 4.2
    endloop
  endfacet
  facet normal 0 0 1
    outer loop
      vertex 26.41 37.1234 4.2
      vertex 25.3447 35.735 4.2
      vertex 25.566 35.541 4.2
    endloop
  endfacet
  facet normal 0 0 1
    outer loop
      vertex 25.975 37.4141 4.2
      vertex 25.1 35.8986 4.2
      vertex 25.3447 35.735 4.2
    endloop
  endfacet
  facet normal 0 0 1
    outer loop
      vertex 24.836 36.0287 4.2
      vertex 25.5057 37.6455 4.2
      vertex 25.0103 37.8137 4.2
    endloop
  endfacet
  facet normal 0 0 1
    outer loop
      vertex 25.5057 37.6455 4.2
      vertex 24.836 36.0287 4.2
      vertex 25.1 35.8986 4.2
    endloop
  endfacet
  facet normal 0 0 1
    outer loop
      vertex 25.0103 37.8137 4.2
      vertex 24.5573 36.1233 4.2
      vertex 24.836 36.0287 4.2
    endloop
  endfacet
  facet normal 0 0 1
    outer loop
      vertex 24.4971 37.9158 4.2
      vertex 24.5573 36.1233 4.2
      vertex 25.0103 37.8137 4.2
    endloop
  endfacet
  facet normal 0 0 1
    outer loop
      vertex 24.4971 37.9158 4.2
      vertex 24.2687 36.1808 4.2
      vertex 24.5573 36.1233 4.2
    endloop
  endfacet
  facet normal 0 0 1
    outer loop
      vertex 23.975 37.95 4.2
      vertex 24.2687 36.1808 4.2
      vertex 24.4971 37.9158 4.2
    endloop
  endfacet
  facet normal 0 0 1
    outer loop
      vertex 23.975 37.95 4.2
      vertex 23.975 36.2 4.2
      vertex 24.2687 36.1808 4.2
    endloop
  endfacet
  facet normal -0 0 1
    outer loop
      vertex -23.975 37.95 4.2
      vertex 23.975 36.2 4.2
      vertex 23.975 37.95 4.2
    endloop
  endfacet
  facet normal 0 0 1
    outer loop
      vertex -23.975 37.95 4.2
      vertex -23.975 36.2 4.2
      vertex 23.975 36.2 4.2
    endloop
  endfacet
  facet normal 0 0 1
    outer loop
      vertex -23.975 37.95 4.2
      vertex -24.2687 36.1808 4.2
      vertex -23.975 36.2 4.2
    endloop
  endfacet
  facet normal -0 0 1
    outer loop
      vertex -24.4971 37.9158 4.2
      vertex -24.2687 36.1808 4.2
      vertex -23.975 37.95 4.2
    endloop
  endfacet
  facet normal 0 0 1
    outer loop
      vertex -24.4971 37.9158 4.2
      vertex -24.5573 36.1233 4.2
      vertex -24.2687 36.1808 4.2
    endloop
  endfacet
  facet normal -0 0 1
    outer loop
      vertex -25.0103 37.8137 4.2
      vertex -24.5573 36.1233 4.2
      vertex -24.4971 37.9158 4.2
    endloop
  endfacet
  facet normal 0 0 1
    outer loop
      vertex -24.5573 36.1233 4.2
      vertex -25.0103 37.8137 4.2
      vertex -24.836 36.0287 4.2
    endloop
  endfacet
  facet normal -0 0 1
    outer loop
      vertex -25.5057 37.6455 4.2
      vertex -24.836 36.0287 4.2
      vertex -25.0103 37.8137 4.2
    endloop
  endfacet
  facet normal 0 0 1
    outer loop
      vertex -24.836 36.0287 4.2
      vertex -25.5057 37.6455 4.2
      vertex -25.1 35.8986 4.2
    endloop
  endfacet
  facet normal -0 0 1
    outer loop
      vertex -25.975 37.4141 4.2
      vertex -25.1 35.8986 4.2
      vertex -25.5057 37.6455 4.2
    endloop
  endfacet
  facet normal 0 0 1
    outer loop
      vertex -25.1 35.8986 4.2
      vertex -25.975 37.4141 4.2
      vertex -25.3447 35.735 4.2
    endloop
  endfacet
  facet normal -0 0 1
    outer loop
      vertex -26.41 37.1234 4.2
      vertex -25.3447 35.735 4.2
      vertex -25.975 37.4141 4.2
    endloop
  endfacet
  facet normal 0 0 1
    outer loop
      vertex -25.3447 35.735 4.2
      vertex -26.41 37.1234 4.2
      vertex -25.566 35.541 4.2
    endloop
  endfacet
  facet normal -0 0 1
    outer loop
      vertex -26.8034 36.7784 4.2
      vertex -25.566 35.541 4.2
      vertex -26.41 37.1234 4.2
    endloop
  endfacet
  facet normal 0 0 1
    outer loop
      vertex -25.566 35.541 4.2
      vertex -26.8034 36.7784 4.2
      vertex -25.76 35.3197 4.2
    endloop
  endfacet
  facet normal -0 0 1
    outer loop
      vertex -27.1484 36.385 4.2
      vertex -25.76 35.3197 4.2
      vertex -26.8034 36.7784 4.2
    endloop
  endfacet
  facet normal 0 0 1
    outer loop
      vertex -25.76 35.3197 4.2
      vertex -27.1484 36.385 4.2
      vertex -25.9236 35.075 4.2
    endloop
  endfacet
  facet normal -0 0 1
    outer loop
      vertex -27.6705 35.4807 4.2
      vertex -26.0537 34.811 4.2
      vertex -27.4391 35.95 4.2
    endloop
  endfacet
  facet normal 0 0 1
    outer loop
      vertex -25.9236 35.075 4.2
      vertex -27.4391 35.95 4.2
      vertex -26.0537 34.811 4.2
    endloop
  endfacet
  facet normal -0 0 1
    outer loop
      vertex -27.4391 35.95 4.2
      vertex -25.9236 35.075 4.2
      vertex -27.1484 36.385 4.2
    endloop
  endfacet
  facet normal 0 0 1
    outer loop
      vertex 27.6705 0.869267 4.2
      vertex 26.0537 1.53896 4.2
      vertex 27.4391 0.4 4.2
    endloop
  endfacet
  facet normal -0 0 1
    outer loop
      vertex 25.9236 1.275 4.2
      vertex 27.4391 0.4 4.2
      vertex 26.0537 1.53896 4.2
    endloop
  endfacet
  facet normal 0 0 1
    outer loop
      vertex 27.4391 0.4 4.2
      vertex 25.9236 1.275 4.2
      vertex 27.1484 -0.0350447 4.2
    endloop
  endfacet
  facet normal -0 0 1
    outer loop
      vertex 25.76 1.03029 4.2
      vertex 27.1484 -0.0350447 4.2
      vertex 25.9236 1.275 4.2
    endloop
  endfacet
  facet normal 0 0 1
    outer loop
      vertex 27.1484 -0.0350447 4.2
      vertex 25.76 1.03029 4.2
      vertex 26.8034 -0.428426 4.2
    endloop
  endfacet
  facet normal -0 0 1
    outer loop
      vertex 25.566 0.80901 4.2
      vertex 26.8034 -0.428426 4.2
      vertex 25.76 1.03029 4.2
    endloop
  endfacet
  facet normal 0 0 1
    outer loop
      vertex 26.8034 -0.428426 4.2
      vertex 25.566 0.80901 4.2
      vertex 26.41 -0.773413 4.2
    endloop
  endfacet
  facet normal -0 0 1
    outer loop
      vertex 25.3447 0.614955 4.2
      vertex 26.41 -0.773413 4.2
      vertex 25.566 0.80901 4.2
    endloop
  endfacet
  facet normal 0 0 1
    outer loop
      vertex 26.41 -0.773413 4.2
      vertex 25.3447 0.614955 4.2
      vertex 25.975 -1.0641 4.2
    endloop
  endfacet
  facet normal -0 0 1
    outer loop
      vertex 25.1 0.451443 4.2
      vertex 25.975 -1.0641 4.2
      vertex 25.3447 0.614955 4.2
    endloop
  endfacet
  facet normal 0 0 1
    outer loop
      vertex 25.975 -1.0641 4.2
      vertex 25.1 0.451443 4.2
      vertex 25.5057 -1.29552 4.2
    endloop
  endfacet
  facet normal -0 0 1
    outer loop
      vertex 24.836 0.321271 4.2
      vertex 25.5057 -1.29552 4.2
      vertex 25.1 0.451443 4.2
    endloop
  endfacet
  facet normal 0 0 1
    outer loop
      vertex 25.5057 -1.29552 4.2
      vertex 24.836 0.321271 4.2
      vertex 25.0103 -1.4637 4.2
    endloop
  endfacet
  facet normal -0 0 1
    outer loop
      vertex 24.5573 0.226666 4.2
      vertex 25.0103 -1.4637 4.2
      vertex 24.836 0.321271 4.2
    endloop
  endfacet
  facet normal 0 0 1
    outer loop
      vertex 24.5573 0.226666 4.2
      vertex 24.4971 -1.56578 4.2
      vertex 25.0103 -1.4637 4.2
    endloop
  endfacet
  facet normal -0 0 1
    outer loop
      vertex 24.2687 0.169249 4.2
      vertex 24.4971 -1.56578 4.2
      vertex 24.5573 0.226666 4.2
    endloop
  endfacet
  facet normal -0 0 1
    outer loop
      vertex 23.975 0.15 4.2
      vertex 24.4971 -1.56578 4.2
      vertex 24.2687 0.169249 4.2
    endloop
  endfacet
  facet normal 0 0 1
    outer loop
      vertex 23.975 0.15 4.2
      vertex 23.975 -1.6 4.2
      vertex 24.4971 -1.56578 4.2
    endloop
  endfacet
  facet normal -0 0 1
    outer loop
      vertex 10.5 0.15 4.2
      vertex 23.975 -1.6 4.2
      vertex 23.975 0.15 4.2
    endloop
  endfacet
  facet normal 0 0 1
    outer loop
      vertex 10.5 1.70555 4.2
      vertex 6.5 0 4.2
      vertex 10.5 0.15 4.2
    endloop
  endfacet
  facet normal 0 0 1
    outer loop
      vertex 6.5 -1.6 4.2
      vertex 10.5 0.15 4.2
      vertex 6.5 0 4.2
    endloop
  endfacet
  facet normal 0 0 1
    outer loop
      vertex 10.5 0.15 4.2
      vertex 6.5 -1.6 4.2
      vertex 23.975 -1.6 4.2
    endloop
  endfacet
  facet normal 0 0 1
    outer loop
      vertex -14.45 12 4.2
      vertex -20.2111 6.16968 4.2
      vertex -20.2 6 4.2
    endloop
  endfacet
  facet normal 0 0 1
    outer loop
      vertex -14.45 12 4.2
      vertex -20.2443 6.33646 4.2
      vertex -20.2111 6.16968 4.2
    endloop
  endfacet
  facet normal 0 0 1
    outer loop
      vertex -14.45 12 4.2
      vertex -20.299 6.49749 4.2
      vertex -20.2443 6.33646 4.2
    endloop
  endfacet
  facet normal 0 0 1
    outer loop
      vertex -14.45 12 4.2
      vertex -20.3742 6.65 4.2
      vertex -20.299 6.49749 4.2
    endloop
  endfacet
  facet normal 0 0 1
    outer loop
      vertex -14.45 12 4.2
      vertex -20.4686 6.79139 4.2
      vertex -20.3742 6.65 4.2
    endloop
  endfacet
  facet normal 0 0 1
    outer loop
      vertex -14.45 12 4.2
      vertex -20.5808 6.91924 4.2
      vertex -20.4686 6.79139 4.2
    endloop
  endfacet
  facet normal 0 0 1
    outer loop
      vertex -14.45 12 4.2
      vertex -20.7086 7.03136 4.2
      vertex -20.5808 6.91924 4.2
    endloop
  endfacet
  facet normal 0 0 1
    outer loop
      vertex -14.45 12 4.2
      vertex -20.85 7.12583 4.2
      vertex -20.7086 7.03136 4.2
    endloop
  endfacet
  facet normal 0 0 1
    outer loop
      vertex -14.45 12 4.2
      vertex -21.0025 7.20104 4.2
      vertex -20.85 7.12583 4.2
    endloop
  endfacet
  facet normal 0 -0 1
    outer loop
      vertex -21.5 7.3 4.2
      vertex -14.45 12 4.2
      vertex -21.7 23.25 4.2
    endloop
  endfacet
  facet normal 0 0 1
    outer loop
      vertex -14.45 12 4.2
      vertex -21.1635 7.2557 4.2
      vertex -21.0025 7.20104 4.2
    endloop
  endfacet
  facet normal 0 0 1
    outer loop
      vertex -14.45 12 4.2
      vertex -21.3303 7.28888 4.2
      vertex -21.1635 7.2557 4.2
    endloop
  endfacet
  facet normal 0 0 1
    outer loop
      vertex -14.45 12 4.2
      vertex -21.5 7.3 4.2
      vertex -21.3303 7.28888 4.2
    endloop
  endfacet
  facet normal 0 0 1
    outer loop
      vertex -21.5 7.3 4.2
      vertex -21.7 23.25 4.2
      vertex -21.6697 7.28888 4.2
    endloop
  endfacet
  facet normal 0 0 1
    outer loop
      vertex -21.6697 7.28888 4.2
      vertex -21.7 23.25 4.2
      vertex -21.8365 7.2557 4.2
    endloop
  endfacet
  facet normal -0 0 1
    outer loop
      vertex -14.45 12 4.2
      vertex -10.5 1.70555 4.2
      vertex -9.3 12 4.2
    endloop
  endfacet
  facet normal -0 0 1
    outer loop
      vertex -21.7 23.25 4.2
      vertex -14.45 22 4.2
      vertex -14.49 23.25 4.2
    endloop
  endfacet
  facet normal 0 0 1
    outer loop
      vertex -14.45 22 4.2
      vertex -21.7 23.25 4.2
      vertex -14.45 12 4.2
    endloop
  endfacet
  facet normal -0 0 1
    outer loop
      vertex -20.2 6 4.2
      vertex -10.5 1.70555 4.2
      vertex -14.45 12 4.2
    endloop
  endfacet
  facet normal -0 0 1
    outer loop
      vertex -20.2111 5.83032 4.2
      vertex -10.5 1.70555 4.2
      vertex -20.2 6 4.2
    endloop
  endfacet
  facet normal -0 0 1
    outer loop
      vertex -20.2443 5.66354 4.2
      vertex -10.5 1.70555 4.2
      vertex -20.2111 5.83032 4.2
    endloop
  endfacet
  facet normal -0 0 1
    outer loop
      vertex -20.299 5.50251 4.2
      vertex -10.5 1.70555 4.2
      vertex -20.2443 5.66354 4.2
    endloop
  endfacet
  facet normal -0 0 1
    outer loop
      vertex -20.3742 5.35 4.2
      vertex -10.5 1.70555 4.2
      vertex -20.299 5.50251 4.2
    endloop
  endfacet
  facet normal -0 0 1
    outer loop
      vertex -20.4686 5.20861 4.2
      vertex -10.5 1.70555 4.2
      vertex -20.3742 5.35 4.2
    endloop
  endfacet
  facet normal -0 0 1
    outer loop
      vertex -20.5808 5.08076 4.2
      vertex -10.5 1.70555 4.2
      vertex -20.4686 5.20861 4.2
    endloop
  endfacet
  facet normal -0 0 1
    outer loop
      vertex -20.7086 4.96864 4.2
      vertex -10.5 1.70555 4.2
      vertex -20.5808 5.08076 4.2
    endloop
  endfacet
  facet normal -0 0 1
    outer loop
      vertex -20.85 4.87417 4.2
      vertex -10.5 1.70555 4.2
      vertex -20.7086 4.96864 4.2
    endloop
  endfacet
  facet normal 0 0 1
    outer loop
      vertex -23.8639 1.70555 4.2
      vertex -20.85 4.87417 4.2
      vertex -21.0025 4.79896 4.2
    endloop
  endfacet
  facet normal 0 0 1
    outer loop
      vertex -23.8639 1.70555 4.2
      vertex -21.0025 4.79896 4.2
      vertex -21.1635 4.7443 4.2
    endloop
  endfacet
  facet normal 0 0 1
    outer loop
      vertex -23.8639 1.70555 4.2
      vertex -21.1635 4.7443 4.2
      vertex -21.3303 4.71112 4.2
    endloop
  endfacet
  facet normal 0 0 1
    outer loop
      vertex -23.8639 1.70555 4.2
      vertex -21.3303 4.71112 4.2
      vertex -21.5 4.7 4.2
    endloop
  endfacet
  facet normal 0 0 1
    outer loop
      vertex -23.8639 1.70555 4.2
      vertex -21.5 4.7 4.2
      vertex -21.6697 4.71112 4.2
    endloop
  endfacet
  facet normal 0 0 1
    outer loop
      vertex -23.8639 1.70555 4.2
      vertex -21.6697 4.71112 4.2
      vertex -21.8365 4.7443 4.2
    endloop
  endfacet
  facet normal 0 0 1
    outer loop
      vertex -20.85 4.87417 4.2
      vertex -23.8639 1.70555 4.2
      vertex -10.5 1.70555 4.2
    endloop
  endfacet
  facet normal 0 0 1
    outer loop
      vertex -21.9975 4.79896 4.2
      vertex -23.8639 1.70555 4.2
      vertex -21.8365 4.7443 4.2
    endloop
  endfacet
  facet normal 0 0 1
    outer loop
      vertex -22.15 4.87417 4.2
      vertex -23.8639 1.70555 4.2
      vertex -21.9975 4.79896 4.2
    endloop
  endfacet
  facet normal 0 0 1
    outer loop
      vertex -24.6694 2.51111 4.2
      vertex -22.15 4.87417 4.2
      vertex -22.2914 4.96864 4.2
    endloop
  endfacet
  facet normal 0 0 1
    outer loop
      vertex -24.6694 2.51111 4.2
      vertex -22.2914 4.96864 4.2
      vertex -22.4192 5.08076 4.2
    endloop
  endfacet
  facet normal 0 0 1
    outer loop
      vertex -24.6694 2.51111 4.2
      vertex -22.4192 5.08076 4.2
      vertex -22.5314 5.20861 4.2
    endloop
  endfacet
  facet normal 0 0 1
    outer loop
      vertex -24.6694 2.51111 4.2
      vertex -22.5314 5.20861 4.2
      vertex -22.6258 5.35 4.2
    endloop
  endfacet
  facet normal 0 0 1
    outer loop
      vertex -24.6694 2.51111 4.2
      vertex -22.6258 5.35 4.2
      vertex -22.701 5.50251 4.2
    endloop
  endfacet
  facet normal 0 0 1
    outer loop
      vertex -24.6694 2.51111 4.2
      vertex -22.701 5.50251 4.2
      vertex -22.7557 5.66354 4.2
    endloop
  endfacet
  facet normal 0 0 1
    outer loop
      vertex -24.6694 2.51111 4.2
      vertex -22.7557 5.66354 4.2
      vertex -22.7889 5.83032 4.2
    endloop
  endfacet
  facet normal 0 0 1
    outer loop
      vertex -24.6694 2.51111 4.2
      vertex -22.7889 5.83032 4.2
      vertex -22.8 6 4.2
    endloop
  endfacet
  facet normal 0 0 1
    outer loop
      vertex -22.7557 6.33646 4.2
      vertex -24.6694 2.51111 4.2
      vertex -22.7889 6.16968 4.2
    endloop
  endfacet
  facet normal 0 0 1
    outer loop
      vertex -22.15 4.87417 4.2
      vertex -24.6694 2.51111 4.2
      vertex -23.8639 1.70555 4.2
    endloop
  endfacet
  facet normal 0 0 1
    outer loop
      vertex -24.6675 33.8679 4.2
      vertex -23.8639 34.6444 4.2
      vertex -23.94 34.6395 4.2
    endloop
  endfacet
  facet normal 0 0 1
    outer loop
      vertex -23.9975 34.6319 4.2
      vertex -23.94 34.6395 4.2
      vertex -23.969 34.6376 4.2
    endloop
  endfacet
  facet normal 0 0 1
    outer loop
      vertex -22.7889 6.16968 4.2
      vertex -24.6694 2.51111 4.2
      vertex -22.8 6 4.2
    endloop
  endfacet
  facet normal 0 0 1
    outer loop
      vertex -24.6675 33.8679 4.2
      vertex -23.94 34.6395 4.2
      vertex -23.9975 34.6319 4.2
    endloop
  endfacet
  facet normal 0 0 1
    outer loop
      vertex -23.8639 1.70555 4.2
      vertex -24.6694 2.51111 4.2
      vertex -23.8929 1.70746 4.2
    endloop
  endfacet
  facet normal 0 0 1
    outer loop
      vertex -24.0999 34.6077 4.2
      vertex -23.9975 34.6319 4.2
      vertex -24.0724 34.617 4.2
    endloop
  endfacet
  facet normal -0 -0 1
    outer loop
      vertex -24.6675 2.48211 4.2
      vertex -23.8929 1.70746 4.2
      vertex -24.6694 2.51111 4.2
    endloop
  endfacet
  facet normal 0 0 1
    outer loop
      vertex -24.6675 33.8679 4.2
      vertex -23.9975 34.6319 4.2
      vertex -24.0999 34.6077 4.2
    endloop
  endfacet
  facet normal -0 -0 1
    outer loop
      vertex -24.0439 1.72733 4.2
      vertex -23.8929 1.70746 4.2
      vertex -24.6675 2.48211 4.2
    endloop
  endfacet
  facet normal 0 0 1
    outer loop
      vertex -24.2406 34.5494 4.2
      vertex -24.0999 34.6077 4.2
      vertex -24.1722 34.5831 4.2
    endloop
  endfacet
  facet normal 0 0 1
    outer loop
      vertex -23.8929 1.70746 4.2
      vertex -24.0439 1.72733 4.2
      vertex -23.969 1.71245 4.2
    endloop
  endfacet
  facet normal 0 0 1
    outer loop
      vertex -24.0439 1.72733 4.2
      vertex -24.6675 2.48211 4.2
      vertex -24.0999 1.74235 4.2
    endloop
  endfacet
  facet normal 0 0 1
    outer loop
      vertex -24.0999 34.6077 4.2
      vertex -24.2406 34.5494 4.2
      vertex -24.6675 33.8679 4.2
    endloop
  endfacet
  facet normal 0 0 1
    outer loop
      vertex -24.2908 34.5204 4.2
      vertex -24.2406 34.5494 4.2
      vertex -24.2667 34.5365 4.2
    endloop
  endfacet
  facet normal 0 0 1
    outer loop
      vertex -24.0439 1.72733 4.2
      vertex -24.0999 1.74235 4.2
      vertex -24.0724 1.733 4.2
    endloop
  endfacet
  facet normal 0 0 1
    outer loop
      vertex -24.6675 33.8679 4.2
      vertex -24.2406 34.5494 4.2
      vertex -24.2908 34.5204 4.2
    endloop
  endfacet
  facet normal 0 0 1
    outer loop
      vertex -24.0999 1.74235 4.2
      vertex -24.1982 1.77973 4.2
      vertex -24.1722 1.76687 4.2
    endloop
  endfacet
  facet normal 0 0 1
    outer loop
      vertex -24.3761 34.4588 4.2
      vertex -24.2908 34.5204 4.2
      vertex -24.3543 34.478 4.2
    endloop
  endfacet
  facet normal 0 0 1
    outer loop
      vertex -24.0999 1.74235 4.2
      vertex -24.6675 2.48211 4.2
      vertex -24.1982 1.77973 4.2
    endloop
  endfacet
  facet normal 0 0 1
    outer loop
      vertex -24.6675 33.8679 4.2
      vertex -24.2908 34.5204 4.2
      vertex -24.3761 34.4588 4.2
    endloop
  endfacet
  facet normal 0 0 1
    outer loop
      vertex -24.1982 1.77973 4.2
      vertex -24.2908 1.82963 4.2
      vertex -24.2667 1.81348 4.2
    endloop
  endfacet
  facet normal 0 0 1
    outer loop
      vertex -24.4527 34.3866 4.2
      vertex -24.3761 34.4588 4.2
      vertex -24.4335 34.4085 4.2
    endloop
  endfacet
  facet normal 0 0 1
    outer loop
      vertex -24.1982 1.77973 4.2
      vertex -24.6675 2.48211 4.2
      vertex -24.2908 1.82963 4.2
    endloop
  endfacet
  facet normal 0 0 1
    outer loop
      vertex -24.6675 33.8679 4.2
      vertex -24.3761 34.4588 4.2
      vertex -24.4527 34.3866 4.2
    endloop
  endfacet
  facet normal 0 0 1
    outer loop
      vertex -24.2908 1.82963 4.2
      vertex -24.3761 1.89119 4.2
      vertex -24.3543 1.87202 4.2
    endloop
  endfacet
  facet normal 0 0 1
    outer loop
      vertex -24.5191 34.3051 4.2
      vertex -24.4527 34.3866 4.2
      vertex -24.503 34.3293 4.2
    endloop
  endfacet
  facet normal 0 0 1
    outer loop
      vertex -24.2908 1.82963 4.2
      vertex -24.6675 2.48211 4.2
      vertex -24.3761 1.89119 4.2
    endloop
  endfacet
  facet normal 0 0 1
    outer loop
      vertex -24.6675 33.8679 4.2
      vertex -24.4527 34.3866 4.2
      vertex -24.5191 34.3051 4.2
    endloop
  endfacet
  facet normal -0 -0 1
    outer loop
      vertex -24.4838 1.99886 4.2
      vertex -24.3761 1.89119 4.2
      vertex -24.6675 2.48211 4.2
    endloop
  endfacet
  facet normal 0 0 1
    outer loop
      vertex -24.5953 34.1732 4.2
      vertex -24.5191 34.3051 4.2
      vertex -24.5615 34.2417 4.2
    endloop
  endfacet
  facet normal 0 0 1
    outer loop
      vertex -24.3761 1.89119 4.2
      vertex -24.4838 1.99886 4.2
      vertex -24.4335 1.9415 4.2
    endloop
  endfacet
  facet normal 0 0 1
    outer loop
      vertex -24.5191 34.3051 4.2
      vertex -24.5953 34.1732 4.2
      vertex -24.6675 33.8679 4.2
    endloop
  endfacet
  facet normal 0 0 1
    outer loop
      vertex -24.4838 1.99886 4.2
      vertex -24.5191 2.04489 4.2
      vertex -24.503 2.02072 4.2
    endloop
  endfacet
  facet normal 0 0 1
    outer loop
      vertex -24.6327 34.0749 4.2
      vertex -24.5953 34.1732 4.2
      vertex -24.6081 34.1472 4.2
    endloop
  endfacet
  facet normal 0 0 1
    outer loop
      vertex -24.4838 1.99886 4.2
      vertex -24.6675 2.48211 4.2
      vertex -24.5191 2.04489 4.2
    endloop
  endfacet
  facet normal 0 0 1
    outer loop
      vertex -24.5953 34.1732 4.2
      vertex -24.6327 34.0749 4.2
      vertex -24.6675 33.8679 4.2
    endloop
  endfacet
  facet normal -0 -0 1
    outer loop
      vertex -24.5953 2.17677 4.2
      vertex -24.5191 2.04489 4.2
      vertex -24.6675 2.48211 4.2
    endloop
  endfacet
  facet normal 0 0 1
    outer loop
      vertex -24.6477 34.0189 4.2
      vertex -24.6327 34.0749 4.2
      vertex -24.642 34.0474 4.2
    endloop
  endfacet
  facet normal 0 0 1
    outer loop
      vertex -24.5191 2.04489 4.2
      vertex -24.5953 2.17677 4.2
      vertex -24.5615 2.10833 4.2
    endloop
  endfacet
  facet normal 0 0 1
    outer loop
      vertex -24.6675 33.8679 4.2
      vertex -24.6327 34.0749 4.2
      vertex -24.6477 34.0189 4.2
    endloop
  endfacet
  facet normal -0 -0 1
    outer loop
      vertex -24.6327 2.27509 4.2
      vertex -24.5953 2.17677 4.2
      vertex -24.6675 2.48211 4.2
    endloop
  endfacet
  facet normal 0 0 1
    outer loop
      vertex -24.6675 33.8679 4.2
      vertex -24.6477 34.0189 4.2
      vertex -24.6626 33.944 4.2
    endloop
  endfacet
  facet normal 0 0 1
    outer loop
      vertex -23.8639 34.6444 4.2
      vertex -24.6675 33.8679 4.2
      vertex -24.6694 33.8389 4.2
    endloop
  endfacet
  facet normal 0 0 1
    outer loop
      vertex -24.5953 2.17677 4.2
      vertex -24.6327 2.27509 4.2
      vertex -24.6081 2.20284 4.2
    endloop
  endfacet
  facet normal 0 0 1
    outer loop
      vertex -24.6477 2.33113 4.2
      vertex -24.6675 2.48211 4.2
      vertex -24.6626 2.40596 4.2
    endloop
  endfacet
  facet normal 0 0 1
    outer loop
      vertex -24.6327 2.27509 4.2
      vertex -24.6477 2.33113 4.2
      vertex -24.642 2.30262 4.2
    endloop
  endfacet
  facet normal 0 0 1
    outer loop
      vertex -24.6327 2.27509 4.2
      vertex -24.6675 2.48211 4.2
      vertex -24.6477 2.33113 4.2
    endloop
  endfacet
  facet normal -0 0 1
    outer loop
      vertex -10.5 1.70555 4.2
      vertex -6.5 0 4.2
      vertex -9.3 12 4.2
    endloop
  endfacet
  facet normal -0 0 1
    outer loop
      vertex -10.5 0.15 4.2
      vertex -6.5 0 4.2
      vertex -10.5 1.70555 4.2
    endloop
  endfacet
  facet normal 0 0 1
    outer loop
      vertex -6.5 0 4.2
      vertex -10.5 0.15 4.2
      vertex -6.5 -1.6 4.2
    endloop
  endfacet
  facet normal 0 0 1
    outer loop
      vertex -23.975 -1.6 4.2
      vertex -10.5 0.15 4.2
      vertex -23.975 0.15 4.2
    endloop
  endfacet
  facet normal 0 0 1
    outer loop
      vertex -10.5 0.15 4.2
      vertex -23.975 -1.6 4.2
      vertex -6.5 -1.6 4.2
    endloop
  endfacet
  facet normal 0 0 1
    outer loop
      vertex -24.2687 0.169249 4.2
      vertex -23.975 -1.6 4.2
      vertex -23.975 0.15 4.2
    endloop
  endfacet
  facet normal 0 0 1
    outer loop
      vertex -24.2687 0.169249 4.2
      vertex -24.4971 -1.56578 4.2
      vertex -23.975 -1.6 4.2
    endloop
  endfacet
  facet normal 0 0 1
    outer loop
      vertex -24.5573 0.226666 4.2
      vertex -24.4971 -1.56578 4.2
      vertex -24.2687 0.169249 4.2
    endloop
  endfacet
  facet normal 0 0 1
    outer loop
      vertex -25.0103 -1.4637 4.2
      vertex -24.5573 0.226666 4.2
      vertex -24.836 0.321271 4.2
    endloop
  endfacet
  facet normal 0 0 1
    outer loop
      vertex -24.5573 0.226666 4.2
      vertex -25.0103 -1.4637 4.2
      vertex -24.4971 -1.56578 4.2
    endloop
  endfacet
  facet normal 0 0 1
    outer loop
      vertex -25.5057 -1.29552 4.2
      vertex -24.836 0.321271 4.2
      vertex -25.1 0.451443 4.2
    endloop
  endfacet
  facet normal 0 0 1
    outer loop
      vertex -25.975 -1.0641 4.2
      vertex -25.1 0.451443 4.2
      vertex -25.3447 0.614955 4.2
    endloop
  endfacet
  facet normal 0 0 1
    outer loop
      vertex -24.836 0.321271 4.2
      vertex -25.5057 -1.29552 4.2
      vertex -25.0103 -1.4637 4.2
    endloop
  endfacet
  facet normal 0 0 1
    outer loop
      vertex -26.41 -0.773413 4.2
      vertex -25.3447 0.614955 4.2
      vertex -25.566 0.80901 4.2
    endloop
  endfacet
  facet normal 0 0 1
    outer loop
      vertex -26.8034 -0.428426 4.2
      vertex -25.566 0.80901 4.2
      vertex -25.76 1.03029 4.2
    endloop
  endfacet
  facet normal 0 0 1
    outer loop
      vertex -27.1484 -0.0350447 4.2
      vertex -25.76 1.03029 4.2
      vertex -25.9236 1.275 4.2
    endloop
  endfacet
  facet normal 0 0 1
    outer loop
      vertex -25.1 0.451443 4.2
      vertex -25.975 -1.0641 4.2
      vertex -25.5057 -1.29552 4.2
    endloop
  endfacet
  facet normal 0 0 1
    outer loop
      vertex -27.4391 0.4 4.2
      vertex -25.9236 1.275 4.2
      vertex -26.0537 1.53896 4.2
    endloop
  endfacet
  facet normal 0 0 1
    outer loop
      vertex -27.6705 0.869267 4.2
      vertex -26.0537 1.53896 4.2
      vertex -26.1483 1.81766 4.2
    endloop
  endfacet
  facet normal 0 0 1
    outer loop
      vertex -27.8387 1.36472 4.2
      vertex -26.1483 1.81766 4.2
      vertex -26.2057 2.10632 4.2
    endloop
  endfacet
  facet normal 0 0 1
    outer loop
      vertex -25.3447 0.614955 4.2
      vertex -26.41 -0.773413 4.2
      vertex -25.975 -1.0641 4.2
    endloop
  endfacet
  facet normal 0 0 1
    outer loop
      vertex -27.9408 1.8779 4.2
      vertex -26.2057 2.10632 4.2
      vertex -26.225 2.4 4.2
    endloop
  endfacet
  facet normal 0 0 1
    outer loop
      vertex -26.225 33.95 4.2
      vertex -27.975 33.95 4.2
      vertex -26.225 2.4 4.2
    endloop
  endfacet
  facet normal 0 0 1
    outer loop
      vertex -26.0537 34.811 4.2
      vertex -27.6705 35.4807 4.2
      vertex -26.1483 34.5323 4.2
    endloop
  endfacet
  facet normal 0 0 1
    outer loop
      vertex -27.975 2.4 4.2
      vertex -26.225 2.4 4.2
      vertex -27.975 33.95 4.2
    endloop
  endfacet
  facet normal -0 0 1
    outer loop
      vertex -27.8387 34.9853 4.2
      vertex -26.1483 34.5323 4.2
      vertex -27.6705 35.4807 4.2
    endloop
  endfacet
  facet normal 0 -0 1
    outer loop
      vertex -27.9408 1.8779 4.2
      vertex -26.225 2.4 4.2
      vertex -27.975 2.4 4.2
    endloop
  endfacet
  facet normal 0 0 1
    outer loop
      vertex -26.1483 34.5323 4.2
      vertex -27.8387 34.9853 4.2
      vertex -26.2057 34.2437 4.2
    endloop
  endfacet
  facet normal 0 0 1
    outer loop
      vertex -25.566 0.80901 4.2
      vertex -26.8034 -0.428426 4.2
      vertex -26.41 -0.773413 4.2
    endloop
  endfacet
  facet normal -0 0 1
    outer loop
      vertex -27.9408 34.4721 4.2
      vertex -26.2057 34.2437 4.2
      vertex -27.8387 34.9853 4.2
    endloop
  endfacet
  facet normal 0 0 1
    outer loop
      vertex -25.76 1.03029 4.2
      vertex -27.1484 -0.0350447 4.2
      vertex -26.8034 -0.428426 4.2
    endloop
  endfacet
  facet normal 0 0 1
    outer loop
      vertex -26.2057 34.2437 4.2
      vertex -27.9408 34.4721 4.2
      vertex -26.225 33.95 4.2
    endloop
  endfacet
  facet normal 0 0 1
    outer loop
      vertex -25.9236 1.275 4.2
      vertex -27.4391 0.4 4.2
      vertex -27.1484 -0.0350447 4.2
    endloop
  endfacet
  facet normal 0 0 1
    outer loop
      vertex -26.225 33.95 4.2
      vertex -27.9408 34.4721 4.2
      vertex -27.975 33.95 4.2
    endloop
  endfacet
  facet normal 0 0 1
    outer loop
      vertex -26.0537 1.53896 4.2
      vertex -27.6705 0.869267 4.2
      vertex -27.4391 0.4 4.2
    endloop
  endfacet
  facet normal 0 0 1
    outer loop
      vertex -26.1483 1.81766 4.2
      vertex -27.8387 1.36472 4.2
      vertex -27.6705 0.869267 4.2
    endloop
  endfacet
  facet normal 0 0 1
    outer loop
      vertex -26.2057 2.10632 4.2
      vertex -27.9408 1.8779 4.2
      vertex -27.8387 1.36472 4.2
    endloop
  endfacet
  facet normal 0 0 1
    outer loop
      vertex 9.3 12 4.2
      vertex 5.5 2 4.2
      vertex 6.5 0 4.2
    endloop
  endfacet
  facet normal -0 0 1
    outer loop
      vertex 1.5 2 4.2
      vertex 6.5 0 4.2
      vertex 5.5 2 4.2
    endloop
  endfacet
  facet normal 0 0 1
    outer loop
      vertex -1.5 2 4.2
      vertex 1.5 2 4.2
      vertex -1.5 20 4.2
    endloop
  endfacet
  facet normal -0 0 1
    outer loop
      vertex -1.5 2 4.2
      vertex 6.5 0 4.2
      vertex 1.5 2 4.2
    endloop
  endfacet
  facet normal 0 0 1
    outer loop
      vertex -6.5 0 4.2
      vertex -1.5 2 4.2
      vertex -5.5 2 4.2
    endloop
  endfacet
  facet normal 0 0 1
    outer loop
      vertex -1.5 2 4.2
      vertex -6.5 0 4.2
      vertex 6.5 0 4.2
    endloop
  endfacet
  facet normal 0 0 1
    outer loop
      vertex -5.5 20 4.2
      vertex -6.5 0 4.2
      vertex -5.5 2 4.2
    endloop
  endfacet
  facet normal 0 0 1
    outer loop
      vertex 1.5 20 4.2
      vertex -2 25.05 4.2
      vertex -1.5 20 4.2
    endloop
  endfacet
  facet normal 0 0 1
    outer loop
      vertex -2 25.05 4.2
      vertex -5.5 20 4.2
      vertex -1.5 20 4.2
    endloop
  endfacet
  facet normal 0 0 1
    outer loop
      vertex -6.5 0 4.2
      vertex -5.5 20 4.2
      vertex -6 25.05 4.2
    endloop
  endfacet
  facet normal -0 0 1
    outer loop
      vertex -6 25.05 4.2
      vertex -5.5 20 4.2
      vertex -2 25.05 4.2
    endloop
  endfacet
  facet normal -1 0 0
    outer loop
      vertex 4.65 -1.6 7.2
      vertex 4.65 0 7.4
      vertex 4.65 0 7.2
    endloop
  endfacet
  facet normal -1 -0 0
    outer loop
      vertex 4.65 0 7.4
      vertex 4.65 -1.6 7.2
      vertex 4.65 0 8.1
    endloop
  endfacet
  facet normal -1 0 0
    outer loop
      vertex 4.65 -1.6 10.7
      vertex 4.65 0 8.1
      vertex 4.65 -1.6 7.2
    endloop
  endfacet
  facet normal -1 0 0
    outer loop
      vertex 4.65 0 8.1
      vertex 4.65 -1.6 10.7
      vertex 4.65 0 10.7
    endloop
  endfacet
  facet normal -1 0 0
    outer loop
      vertex 4.65 0 8.1
      vertex 4.65 0.7 8.09
      vertex 4.65 0 7.4
    endloop
  endfacet
  facet normal -1 0 0
    outer loop
      vertex 4.65 0.7 8.09
      vertex 4.65 0 8.1
      vertex 4.65 0.7 8.1
    endloop
  endfacet
  facet normal 0 1 -0
    outer loop
      vertex -4.65 0 8.1
      vertex -6.5 0 10.7
      vertex -4.65 0 10.7
    endloop
  endfacet
  facet normal 0 1 0
    outer loop
      vertex -6.5 0 10.7
      vertex -4.65 0 8.1
      vertex -6.5 0 8.1
    endloop
  endfacet
  facet normal 0 1 -0
    outer loop
      vertex 6.5 0 8.1
      vertex 4.65 0 10.7
      vertex 6.5 0 10.7
    endloop
  endfacet
  facet normal 0 1 0
    outer loop
      vertex 4.65 0 10.7
      vertex 6.5 0 8.1
      vertex 4.65 0 8.1
    endloop
  endfacet
  facet normal 0 1 0
    outer loop
      vertex 6.5 0 7.4
      vertex 4.65 0 7.2
      vertex 4.65 0 7.4
    endloop
  endfacet
  facet normal 0 1 0
    outer loop
      vertex 4.65 0 7.2
      vertex 6.5 0 4.2
      vertex -4.65 0 7.2
    endloop
  endfacet
  facet normal 0 1 -0
    outer loop
      vertex 6.5 0 4.2
      vertex 4.65 0 7.2
      vertex 6.5 0 7.4
    endloop
  endfacet
  facet normal 0 1 -0
    outer loop
      vertex -4.65 0 7.2
      vertex -6.5 0 7.4
      vertex -4.65 0 7.4
    endloop
  endfacet
  facet normal 0 1 0
    outer loop
      vertex -6.5 0 4.2
      vertex -4.65 0 7.2
      vertex 6.5 0 4.2
    endloop
  endfacet
  facet normal 0 1 0
    outer loop
      vertex -4.65 0 7.2
      vertex -6.5 0 4.2
      vertex -6.5 0 7.4
    endloop
  endfacet
  facet normal 1 -0 0
    outer loop
      vertex -4.65 -1.6 10.7
      vertex -4.65 0 8.1
      vertex -4.65 0 10.7
    endloop
  endfacet
  facet normal 1 0 0
    outer loop
      vertex -4.65 -1.6 7.2
      vertex -4.65 0 8.1
      vertex -4.65 -1.6 10.7
    endloop
  endfacet
  facet normal 1 0 0
    outer loop
      vertex -4.65 0 8.1
      vertex -4.65 -1.6 7.2
      vertex -4.65 0 7.4
    endloop
  endfacet
  facet normal 1 0 0
    outer loop
      vertex -4.65 0 7.4
      vertex -4.65 -1.6 7.2
      vertex -4.65 0 7.2
    endloop
  endfacet
  facet normal 1 -0 0
    outer loop
      vertex -4.65 0 8.1
      vertex -4.65 0.7 8.09
      vertex -4.65 0.7 8.1
    endloop
  endfacet
  facet normal 1 0 0
    outer loop
      vertex -4.65 0.7 8.09
      vertex -4.65 0 8.1
      vertex -4.65 0 7.4
    endloop
  endfacet
  facet normal -0 0 1
    outer loop
      vertex -4.65 0 7.2
      vertex 4.65 -1.6 7.2
      vertex 4.65 0 7.2
    endloop
  endfacet
  facet normal 0 0 1
    outer loop
      vertex 4.65 -1.6 7.2
      vertex -4.65 0 7.2
      vertex -4.65 -1.6 7.2
    endloop
  endfacet
  facet normal -1 0 0
    outer loop
      vertex -6.5 -1.6 4.2
      vertex -6.5 0 7.4
      vertex -6.5 0 4.2
    endloop
  endfacet
  facet normal -1 0 0
    outer loop
      vertex -6.5 -1.6 10.7
      vertex -6.5 0 7.4
      vertex -6.5 -1.6 4.2
    endloop
  endfacet
  facet normal -1 0 0
    outer loop
      vertex -6.5 0 7.4
      vertex -6.5 -1.6 10.7
      vertex -6.5 0 8.1
    endloop
  endfacet
  facet normal -1 0 0
    outer loop
      vertex -6.5 0 8.1
      vertex -6.5 -1.6 10.7
      vertex -6.5 0 10.7
    endloop
  endfacet
  facet normal -1 0 0
    outer loop
      vertex -6.5 0 8.1
      vertex -6.5 0.7 8.09
      vertex -6.5 0 7.4
    endloop
  endfacet
  facet normal -1 0 0
    outer loop
      vertex -6.5 0.7 8.09
      vertex -6.5 0 8.1
      vertex -6.5 0.7 8.1
    endloop
  endfacet
  facet normal -0 0 1
    outer loop
      vertex -6.5 0 10.7
      vertex -4.65 -1.6 10.7
      vertex -4.65 0 10.7
    endloop
  endfacet
  facet normal 0 0 1
    outer loop
      vertex -4.65 -1.6 10.7
      vertex -6.5 0 10.7
      vertex -6.5 -1.6 10.7
    endloop
  endfacet
  facet normal 1 -0 0
    outer loop
      vertex 6.5 -1.6 10.7
      vertex 6.5 0 8.1
      vertex 6.5 0 10.7
    endloop
  endfacet
  facet normal 1 0 0
    outer loop
      vertex 6.5 0 8.1
      vertex 6.5 -1.6 10.7
      vertex 6.5 0 7.4
    endloop
  endfacet
  facet normal 1 0 0
    outer loop
      vertex 6.5 -1.6 4.2
      vertex 6.5 0 7.4
      vertex 6.5 -1.6 10.7
    endloop
  endfacet
  facet normal 1 0 0
    outer loop
      vertex 6.5 0 7.4
      vertex 6.5 -1.6 4.2
      vertex 6.5 0 4.2
    endloop
  endfacet
  facet normal 1 -0 0
    outer loop
      vertex 6.5 0 8.1
      vertex 6.5 0.7 8.09
      vertex 6.5 0.7 8.1
    endloop
  endfacet
  facet normal 1 0 0
    outer loop
      vertex 6.5 0.7 8.09
      vertex 6.5 0 8.1
      vertex 6.5 0 7.4
    endloop
  endfacet
  facet normal -0 0 1
    outer loop
      vertex 4.65 0 10.7
      vertex 6.5 -1.6 10.7
      vertex 6.5 0 10.7
    endloop
  endfacet
  facet normal 0 0 1
    outer loop
      vertex 6.5 -1.6 10.7
      vertex 4.65 0 10.7
      vertex 4.65 -1.6 10.7
    endloop
  endfacet
  facet normal 0 1 -0
    outer loop
      vertex -4.65 0.7 8.09
      vertex -6.5 0.7 8.1
      vertex -4.65 0.7 8.1
    endloop
  endfacet
  facet normal 0 1 0
    outer loop
      vertex -6.5 0.7 8.1
      vertex -4.65 0.7 8.09
      vertex -6.5 0.7 8.09
    endloop
  endfacet
  facet normal 0 0.702002 -0.712175
    outer loop
      vertex -6.5 0 7.4
      vertex -4.65 0.7 8.09
      vertex -4.65 0 7.4
    endloop
  endfacet
  facet normal 0 0.702002 -0.712175
    outer loop
      vertex -4.65 0.7 8.09
      vertex -6.5 0 7.4
      vertex -6.5 0.7 8.09
    endloop
  endfacet
  facet normal -0 0 1
    outer loop
      vertex -6.5 0.7 8.1
      vertex -4.65 0 8.1
      vertex -4.65 0.7 8.1
    endloop
  endfacet
  facet normal 0 0 1
    outer loop
      vertex -4.65 0 8.1
      vertex -6.5 0.7 8.1
      vertex -6.5 0 8.1
    endloop
  endfacet
  facet normal 0 1 -0
    outer loop
      vertex 6.5 0.7 8.09
      vertex 4.65 0.7 8.1
      vertex 6.5 0.7 8.1
    endloop
  endfacet
  facet normal 0 1 0
    outer loop
      vertex 4.65 0.7 8.1
      vertex 6.5 0.7 8.09
      vertex 4.65 0.7 8.09
    endloop
  endfacet
  facet normal 0 0.702002 -0.712175
    outer loop
      vertex 4.65 0 7.4
      vertex 6.5 0.7 8.09
      vertex 6.5 0 7.4
    endloop
  endfacet
  facet normal 0 0.702002 -0.712175
    outer loop
      vertex 6.5 0.7 8.09
      vertex 4.65 0 7.4
      vertex 4.65 0.7 8.09
    endloop
  endfacet
  facet normal -0 0 1
    outer loop
      vertex 4.65 0.7 8.1
      vertex 6.5 0 8.1
      vertex 6.5 0.7 8.1
    endloop
  endfacet
  facet normal 0 0 1
    outer loop
      vertex 6.5 0 8.1
      vertex 4.65 0.7 8.1
      vertex 4.65 0 8.1
    endloop
  endfacet
  facet normal 0.0652336 0.99787 -0
    outer loop
      vertex 24.2687 36.1808 4.2
      vertex 23.975 36.2 5.7
      vertex 24.2687 36.1808 5.7
    endloop
  endfacet
  facet normal 0.0652336 0.99787 0
    outer loop
      vertex 23.975 36.2 5.7
      vertex 24.2687 36.1808 4.2
      vertex 23.975 36.2 4.2
    endloop
  endfacet
  facet normal -0.980789 0.19507 1.12816e-18
    outer loop
      vertex -26.2057 34.2437 4.2
      vertex -26.1483 34.5323 5.7
      vertex -26.1483 34.5323 4.2
    endloop
  endfacet
  facet normal -0.980789 0.19507 1.12816e-18
    outer loop
      vertex -26.1483 34.5323 5.7
      vertex -26.2057 34.2437 4.2
      vertex -26.2057 34.2437 5.7
    endloop
  endfacet
  facet normal -0.659308 -0.751873 0
    outer loop
      vertex -25.566 0.80901 4.2
      vertex -25.3447 0.614955 5.7
      vertex -25.566 0.80901 5.7
    endloop
  endfacet
  facet normal -0.659308 -0.751873 -0
    outer loop
      vertex -25.3447 0.614955 5.7
      vertex -25.566 0.80901 4.2
      vertex -25.3447 0.614955 4.2
    endloop
  endfacet
  facet normal 0.0653994 -0.997859 0
    outer loop
      vertex 23.975 0.15 4.2
      vertex 24.2687 0.169249 5.7
      vertex 23.975 0.15 5.7
    endloop
  endfacet
  facet normal 0.0653994 -0.997859 0
    outer loop
      vertex 24.2687 0.169249 5.7
      vertex 23.975 0.15 4.2
      vertex 24.2687 0.169249 4.2
    endloop
  endfacet
  facet normal 0 1 -0
    outer loop
      vertex 23.975 36.2 4.2
      vertex -23.975 36.2 5.7
      vertex 23.975 36.2 5.7
    endloop
  endfacet
  facet normal 0 1 0
    outer loop
      vertex -23.975 36.2 5.7
      vertex 23.975 36.2 4.2
      vertex -23.975 36.2 4.2
    endloop
  endfacet
  facet normal -0.659202 0.751966 0
    outer loop
      vertex -25.3447 35.735 4.2
      vertex -25.566 35.541 5.7
      vertex -25.3447 35.735 5.7
    endloop
  endfacet
  facet normal -0.659202 0.751966 0
    outer loop
      vertex -25.566 35.541 5.7
      vertex -25.3447 35.735 4.2
      vertex -25.566 35.541 4.2
    endloop
  endfacet
  facet normal -0.0652336 0.99787 0
    outer loop
      vertex -23.975 36.2 4.2
      vertex -24.2687 36.1808 5.7
      vertex -23.975 36.2 5.7
    endloop
  endfacet
  facet normal -0.0652336 0.99787 0
    outer loop
      vertex -24.2687 36.1808 5.7
      vertex -23.975 36.2 4.2
      vertex -24.2687 36.1808 4.2
    endloop
  endfacet
  facet normal 0.946936 0.321421 -3.65907e-18
    outer loop
      vertex 26.1483 34.5323 5.7
      vertex 26.0537 34.811 4.2
      vertex 26.0537 34.811 5.7
    endloop
  endfacet
  facet normal 0.946936 0.321421 -3.65907e-18
    outer loop
      vertex 26.0537 34.811 4.2
      vertex 26.1483 34.5323 5.7
      vertex 26.1483 34.5323 4.2
    endloop
  endfacet
  facet normal 0 -1 0
    outer loop
      vertex 10.5 0.15 4.2
      vertex 23.975 0.15 5.7
      vertex 10.5 0.15 5.7
    endloop
  endfacet
  facet normal 0 -1 -0
    outer loop
      vertex 23.975 0.15 5.7
      vertex 10.5 0.15 4.2
      vertex 23.975 0.15 4.2
    endloop
  endfacet
  facet normal 0 -1 0
    outer loop
      vertex -23.975 0.15 4.2
      vertex -10.5 0.15 5.7
      vertex -23.975 0.15 5.7
    endloop
  endfacet
  facet normal 0 -1 -0
    outer loop
      vertex -10.5 0.15 5.7
      vertex -23.975 0.15 4.2
      vertex -10.5 0.15 4.2
    endloop
  endfacet
  facet normal 0.195397 0.980724 -0
    outer loop
      vertex 24.5573 36.1233 4.2
      vertex 24.2687 36.1808 5.7
      vertex 24.5573 36.1233 5.7
    endloop
  endfacet
  facet normal 0.195397 0.980724 0
    outer loop
      vertex 24.2687 36.1808 5.7
      vertex 24.5573 36.1233 4.2
      vertex 24.2687 36.1808 4.2
    endloop
  endfacet
  facet normal -0.980797 -0.195031 -6.28378e-19
    outer loop
      vertex -26.1483 1.81766 4.2
      vertex -26.2057 2.10632 5.7
      vertex -26.2057 2.10632 4.2
    endloop
  endfacet
  facet normal -0.980797 -0.195031 -6.28378e-19
    outer loop
      vertex -26.2057 2.10632 5.7
      vertex -26.1483 1.81766 4.2
      vertex -26.1483 1.81766 5.7
    endloop
  endfacet
  facet normal 1 -0 0
    outer loop
      vertex 26.225 2.4 5.7
      vertex 26.225 33.95 4.2
      vertex 26.225 33.95 5.7
    endloop
  endfacet
  facet normal 1 0 0
    outer loop
      vertex 26.225 33.95 4.2
      vertex 26.225 2.4 5.7
      vertex 26.225 2.4 4.2
    endloop
  endfacet
  facet normal 0.946936 -0.321421 2.37652e-18
    outer loop
      vertex 26.0537 1.53896 5.7
      vertex 26.1483 1.81766 4.2
      vertex 26.1483 1.81766 5.7
    endloop
  endfacet
  facet normal 0.946936 -0.321421 2.37652e-18
    outer loop
      vertex 26.1483 1.81766 4.2
      vertex 26.0537 1.53896 5.7
      vertex 26.0537 1.53896 4.2
    endloop
  endfacet
  facet normal -1 0 0
    outer loop
      vertex -26.225 2.4 4.2
      vertex -26.225 33.95 5.7
      vertex -26.225 33.95 4.2
    endloop
  endfacet
  facet normal -1 -0 0
    outer loop
      vertex -26.225 33.95 5.7
      vertex -26.225 2.4 4.2
      vertex -26.225 2.4 5.7
    endloop
  endfacet
  facet normal 0.980797 -0.195031 6.28378e-19
    outer loop
      vertex 26.1483 1.81766 5.7
      vertex 26.2057 2.10632 4.2
      vertex 26.2057 2.10632 5.7
    endloop
  endfacet
  facet normal 0.980797 -0.195031 6.28378e-19
    outer loop
      vertex 26.2057 2.10632 4.2
      vertex 26.1483 1.81766 5.7
      vertex 26.1483 1.81766 4.2
    endloop
  endfacet
  facet normal -0.321421 0.946936 0
    outer loop
      vertex -24.5573 36.1233 4.2
      vertex -24.836 36.0287 5.7
      vertex -24.5573 36.1233 5.7
    endloop
  endfacet
  facet normal -0.321421 0.946936 0
    outer loop
      vertex -24.836 36.0287 5.7
      vertex -24.5573 36.1233 4.2
      vertex -24.836 36.0287 4.2
    endloop
  endfacet
  facet normal -0.997848 0.0655719 -5.37564e-19
    outer loop
      vertex -26.225 33.95 4.2
      vertex -26.2057 34.2437 5.7
      vertex -26.2057 34.2437 4.2
    endloop
  endfacet
  facet normal -0.997848 0.0655719 -5.37564e-19
    outer loop
      vertex -26.2057 34.2437 5.7
      vertex -26.225 33.95 4.2
      vertex -26.225 33.95 5.7
    endloop
  endfacet
  facet normal 0.751966 0.659202 4.76399e-18
    outer loop
      vertex 25.76 35.3197 5.7
      vertex 25.566 35.541 4.2
      vertex 25.566 35.541 5.7
    endloop
  endfacet
  facet normal 0.751966 0.659202 4.76399e-18
    outer loop
      vertex 25.566 35.541 4.2
      vertex 25.76 35.3197 5.7
      vertex 25.76 35.3197 4.2
    endloop
  endfacet
  facet normal -0.555591 -0.831456 0
    outer loop
      vertex -25.3447 0.614955 4.2
      vertex -25.1 0.451443 5.7
      vertex -25.3447 0.614955 5.7
    endloop
  endfacet
  facet normal -0.555591 -0.831456 -0
    outer loop
      vertex -25.1 0.451443 5.7
      vertex -25.3447 0.614955 4.2
      vertex -25.1 0.451443 4.2
    endloop
  endfacet
  facet normal -0.751966 0.659202 -4.76399e-18
    outer loop
      vertex -25.76 35.3197 4.2
      vertex -25.566 35.541 5.7
      vertex -25.566 35.541 4.2
    endloop
  endfacet
  facet normal -0.751966 0.659202 -4.76399e-18
    outer loop
      vertex -25.566 35.541 5.7
      vertex -25.76 35.3197 4.2
      vertex -25.76 35.3197 5.7
    endloop
  endfacet
  facet normal -0.946936 -0.321421 -2.37652e-18
    outer loop
      vertex -26.0537 1.53896 4.2
      vertex -26.1483 1.81766 5.7
      vertex -26.1483 1.81766 4.2
    endloop
  endfacet
  facet normal -0.946936 -0.321421 -2.37652e-18
    outer loop
      vertex -26.1483 1.81766 5.7
      vertex -26.0537 1.53896 4.2
      vertex -26.0537 1.53896 5.7
    endloop
  endfacet
  facet normal 0.659202 0.751966 -0
    outer loop
      vertex 25.566 35.541 4.2
      vertex 25.3447 35.735 5.7
      vertex 25.566 35.541 5.7
    endloop
  endfacet
  facet normal 0.659202 0.751966 0
    outer loop
      vertex 25.3447 35.735 5.7
      vertex 25.566 35.541 4.2
      vertex 25.3447 35.735 4.2
    endloop
  endfacet
  facet normal 0.896995 0.442042 3.72916e-18
    outer loop
      vertex 26.0537 34.811 5.7
      vertex 25.9236 35.075 4.2
      vertex 25.9236 35.075 5.7
    endloop
  endfacet
  facet normal 0.896995 0.442042 3.72916e-18
    outer loop
      vertex 25.9236 35.075 4.2
      vertex 26.0537 34.811 5.7
      vertex 26.0537 34.811 4.2
    endloop
  endfacet
  facet normal 0.831318 0.555797 -2.75171e-18
    outer loop
      vertex 25.9236 35.075 5.7
      vertex 25.76 35.3197 4.2
      vertex 25.76 35.3197 5.7
    endloop
  endfacet
  facet normal 0.831318 0.555797 -2.75171e-18
    outer loop
      vertex 25.76 35.3197 4.2
      vertex 25.9236 35.075 5.7
      vertex 25.9236 35.075 4.2
    endloop
  endfacet
  facet normal -0.195397 0.980724 0
    outer loop
      vertex -24.2687 36.1808 4.2
      vertex -24.5573 36.1233 5.7
      vertex -24.2687 36.1808 5.7
    endloop
  endfacet
  facet normal -0.195397 0.980724 0
    outer loop
      vertex -24.5573 36.1233 5.7
      vertex -24.2687 36.1808 4.2
      vertex -24.5573 36.1233 4.2
    endloop
  endfacet
  facet normal 0.442238 -0.896898 0
    outer loop
      vertex 24.836 0.321271 4.2
      vertex 25.1 0.451443 5.7
      vertex 24.836 0.321271 5.7
    endloop
  endfacet
  facet normal 0.442238 -0.896898 0
    outer loop
      vertex 25.1 0.451443 5.7
      vertex 24.836 0.321271 4.2
      vertex 25.1 0.451443 4.2
    endloop
  endfacet
  facet normal 0.997848 0.0655719 5.37564e-19
    outer loop
      vertex 26.225 33.95 5.7
      vertex 26.2057 34.2437 4.2
      vertex 26.2057 34.2437 5.7
    endloop
  endfacet
  facet normal 0.997848 0.0655719 5.37564e-19
    outer loop
      vertex 26.2057 34.2437 4.2
      vertex 26.225 33.95 5.7
      vertex 26.225 33.95 4.2
    endloop
  endfacet
  facet normal -0.831328 -0.555782 -7.27688e-18
    outer loop
      vertex -25.76 1.03029 4.2
      vertex -25.9236 1.275 5.7
      vertex -25.9236 1.275 4.2
    endloop
  endfacet
  facet normal -0.831328 -0.555782 -7.27688e-18
    outer loop
      vertex -25.9236 1.275 5.7
      vertex -25.76 1.03029 4.2
      vertex -25.76 1.03029 5.7
    endloop
  endfacet
  facet normal -0.831318 0.555797 2.75171e-18
    outer loop
      vertex -25.9236 35.075 4.2
      vertex -25.76 35.3197 5.7
      vertex -25.76 35.3197 4.2
    endloop
  endfacet
  facet normal -0.831318 0.555797 2.75171e-18
    outer loop
      vertex -25.76 35.3197 5.7
      vertex -25.9236 35.075 4.2
      vertex -25.9236 35.075 5.7
    endloop
  endfacet
  facet normal 0.659308 -0.751873 0
    outer loop
      vertex 25.3447 0.614955 4.2
      vertex 25.566 0.80901 5.7
      vertex 25.3447 0.614955 5.7
    endloop
  endfacet
  facet normal 0.659308 -0.751873 0
    outer loop
      vertex 25.566 0.80901 5.7
      vertex 25.3447 0.614955 4.2
      vertex 25.566 0.80901 4.2
    endloop
  endfacet
  facet normal 0.997848 -0.0655763 1.93441e-21
    outer loop
      vertex 26.2057 2.10632 5.7
      vertex 26.225 2.4 4.2
      vertex 26.225 2.4 5.7
    endloop
  endfacet
  facet normal 0.997848 -0.0655763 1.93441e-21
    outer loop
      vertex 26.225 2.4 4.2
      vertex 26.2057 2.10632 5.7
      vertex 26.2057 2.10632 4.2
    endloop
  endfacet
  facet normal 0.896968 -0.442096 4.83243e-18
    outer loop
      vertex 25.9236 1.275 5.7
      vertex 26.0537 1.53896 4.2
      vertex 26.0537 1.53896 5.7
    endloop
  endfacet
  facet normal 0.896968 -0.442096 4.83243e-18
    outer loop
      vertex 26.0537 1.53896 4.2
      vertex 25.9236 1.275 5.7
      vertex 25.9236 1.275 4.2
    endloop
  endfacet
  facet normal -0.442042 0.896995 0
    outer loop
      vertex -24.836 36.0287 4.2
      vertex -25.1 35.8986 5.7
      vertex -24.836 36.0287 5.7
    endloop
  endfacet
  facet normal -0.442042 0.896995 0
    outer loop
      vertex -25.1 35.8986 5.7
      vertex -24.836 36.0287 4.2
      vertex -25.1 35.8986 4.2
    endloop
  endfacet
  facet normal 0.195126 -0.980778 0
    outer loop
      vertex 24.2687 0.169249 4.2
      vertex 24.5573 0.226666 5.7
      vertex 24.2687 0.169249 5.7
    endloop
  endfacet
  facet normal 0.195126 -0.980778 0
    outer loop
      vertex 24.5573 0.226666 5.7
      vertex 24.2687 0.169249 4.2
      vertex 24.5573 0.226666 4.2
    endloop
  endfacet
  facet normal -0.751936 -0.659236 -5.17776e-18
    outer loop
      vertex -25.566 0.80901 4.2
      vertex -25.76 1.03029 5.7
      vertex -25.76 1.03029 4.2
    endloop
  endfacet
  facet normal -0.751936 -0.659236 -5.17776e-18
    outer loop
      vertex -25.76 1.03029 5.7
      vertex -25.566 0.80901 4.2
      vertex -25.566 0.80901 5.7
    endloop
  endfacet
  facet normal 0.555797 0.831318 -0
    outer loop
      vertex 25.3447 35.735 4.2
      vertex 25.1 35.8986 5.7
      vertex 25.3447 35.735 5.7
    endloop
  endfacet
  facet normal 0.555797 0.831318 0
    outer loop
      vertex 25.1 35.8986 5.7
      vertex 25.3447 35.735 4.2
      vertex 25.1 35.8986 4.2
    endloop
  endfacet
  facet normal 0.751936 -0.659236 5.17776e-18
    outer loop
      vertex 25.566 0.80901 5.7
      vertex 25.76 1.03029 4.2
      vertex 25.76 1.03029 5.7
    endloop
  endfacet
  facet normal 0.751936 -0.659236 5.17776e-18
    outer loop
      vertex 25.76 1.03029 4.2
      vertex 25.566 0.80901 5.7
      vertex 25.566 0.80901 4.2
    endloop
  endfacet
  facet normal 0.321437 -0.946931 0
    outer loop
      vertex 24.5573 0.226666 4.2
      vertex 24.836 0.321271 5.7
      vertex 24.5573 0.226666 5.7
    endloop
  endfacet
  facet normal 0.321437 -0.946931 0
    outer loop
      vertex 24.836 0.321271 5.7
      vertex 24.5573 0.226666 4.2
      vertex 24.836 0.321271 4.2
    endloop
  endfacet
  facet normal 0.831328 -0.555782 7.27688e-18
    outer loop
      vertex 25.76 1.03029 5.7
      vertex 25.9236 1.275 4.2
      vertex 25.9236 1.275 5.7
    endloop
  endfacet
  facet normal 0.831328 -0.555782 7.27688e-18
    outer loop
      vertex 25.9236 1.275 4.2
      vertex 25.76 1.03029 5.7
      vertex 25.76 1.03029 4.2
    endloop
  endfacet
  facet normal -0.896968 -0.442096 -4.83243e-18
    outer loop
      vertex -25.9236 1.275 4.2
      vertex -26.0537 1.53896 5.7
      vertex -26.0537 1.53896 4.2
    endloop
  endfacet
  facet normal -0.896968 -0.442096 -4.83243e-18
    outer loop
      vertex -26.0537 1.53896 5.7
      vertex -25.9236 1.275 4.2
      vertex -25.9236 1.275 5.7
    endloop
  endfacet
  facet normal 0.980789 0.19507 -1.12816e-18
    outer loop
      vertex 26.2057 34.2437 5.7
      vertex 26.1483 34.5323 4.2
      vertex 26.1483 34.5323 5.7
    endloop
  endfacet
  facet normal 0.980789 0.19507 -1.12816e-18
    outer loop
      vertex 26.1483 34.5323 4.2
      vertex 26.2057 34.2437 5.7
      vertex 26.2057 34.2437 4.2
    endloop
  endfacet
  facet normal 0.321421 0.946936 -0
    outer loop
      vertex 24.836 36.0287 4.2
      vertex 24.5573 36.1233 5.7
      vertex 24.836 36.0287 5.7
    endloop
  endfacet
  facet normal 0.321421 0.946936 0
    outer loop
      vertex 24.5573 36.1233 5.7
      vertex 24.836 36.0287 4.2
      vertex 24.5573 36.1233 4.2
    endloop
  endfacet
  facet normal 0.442042 0.896995 -0
    outer loop
      vertex 25.1 35.8986 4.2
      vertex 24.836 36.0287 5.7
      vertex 25.1 35.8986 5.7
    endloop
  endfacet
  facet normal 0.442042 0.896995 0
    outer loop
      vertex 24.836 36.0287 5.7
      vertex 25.1 35.8986 4.2
      vertex 24.836 36.0287 4.2
    endloop
  endfacet
  facet normal 0.555591 -0.831456 0
    outer loop
      vertex 25.1 0.451443 4.2
      vertex 25.3447 0.614955 5.7
      vertex 25.1 0.451443 5.7
    endloop
  endfacet
  facet normal 0.555591 -0.831456 0
    outer loop
      vertex 25.3447 0.614955 5.7
      vertex 25.1 0.451443 4.2
      vertex 25.3447 0.614955 4.2
    endloop
  endfacet
  facet normal -0.195126 -0.980778 0
    outer loop
      vertex -24.5573 0.226666 4.2
      vertex -24.2687 0.169249 5.7
      vertex -24.5573 0.226666 5.7
    endloop
  endfacet
  facet normal -0.195126 -0.980778 -0
    outer loop
      vertex -24.2687 0.169249 5.7
      vertex -24.5573 0.226666 4.2
      vertex -24.2687 0.169249 4.2
    endloop
  endfacet
  facet normal -0.555797 0.831318 0
    outer loop
      vertex -25.1 35.8986 4.2
      vertex -25.3447 35.735 5.7
      vertex -25.1 35.8986 5.7
    endloop
  endfacet
  facet normal -0.555797 0.831318 0
    outer loop
      vertex -25.3447 35.735 5.7
      vertex -25.1 35.8986 4.2
      vertex -25.3447 35.735 4.2
    endloop
  endfacet
  facet normal -0.442238 -0.896898 0
    outer loop
      vertex -25.1 0.451443 4.2
      vertex -24.836 0.321271 5.7
      vertex -25.1 0.451443 5.7
    endloop
  endfacet
  facet normal -0.442238 -0.896898 -0
    outer loop
      vertex -24.836 0.321271 5.7
      vertex -25.1 0.451443 4.2
      vertex -24.836 0.321271 4.2
    endloop
  endfacet
  facet normal -0.321437 -0.946931 0
    outer loop
      vertex -24.836 0.321271 4.2
      vertex -24.5573 0.226666 5.7
      vertex -24.836 0.321271 5.7
    endloop
  endfacet
  facet normal -0.321437 -0.946931 -0
    outer loop
      vertex -24.5573 0.226666 5.7
      vertex -24.836 0.321271 4.2
      vertex -24.5573 0.226666 4.2
    endloop
  endfacet
  facet normal -0.0653994 -0.997859 0
    outer loop
      vertex -24.2687 0.169249 4.2
      vertex -23.975 0.15 5.7
      vertex -24.2687 0.169249 5.7
    endloop
  endfacet
  facet normal -0.0653994 -0.997859 -0
    outer loop
      vertex -23.975 0.15 5.7
      vertex -24.2687 0.169249 4.2
      vertex -23.975 0.15 4.2
    endloop
  endfacet
  facet normal -0.997848 -0.0655763 -1.93441e-21
    outer loop
      vertex -26.2057 2.10632 4.2
      vertex -26.225 2.4 5.7
      vertex -26.225 2.4 4.2
    endloop
  endfacet
  facet normal -0.997848 -0.0655763 -1.93441e-21
    outer loop
      vertex -26.225 2.4 5.7
      vertex -26.2057 2.10632 4.2
      vertex -26.2057 2.10632 5.7
    endloop
  endfacet
  facet normal -0.946936 0.321421 3.65907e-18
    outer loop
      vertex -26.1483 34.5323 4.2
      vertex -26.0537 34.811 5.7
      vertex -26.0537 34.811 4.2
    endloop
  endfacet
  facet normal -0.946936 0.321421 3.65907e-18
    outer loop
      vertex -26.0537 34.811 5.7
      vertex -26.1483 34.5323 4.2
      vertex -26.1483 34.5323 5.7
    endloop
  endfacet
  facet normal 0 0 1
    outer loop
      vertex 25.025 33.95 5.7
      vertex 26.225 33.95 5.7
      vertex 26.2057 34.2437 5.7
    endloop
  endfacet
  facet normal 0 0 1
    outer loop
      vertex 26.225 33.95 5.7
      vertex 25.025 33.95 5.7
      vertex 26.225 2.4 5.7
    endloop
  endfacet
  facet normal 0 0 1
    outer loop
      vertex 25.016 34.0871 5.7
      vertex 26.2057 34.2437 5.7
      vertex 26.1483 34.5323 5.7
    endloop
  endfacet
  facet normal 0 0 1
    outer loop
      vertex 25.025 2.4 5.7
      vertex 26.225 2.4 5.7
      vertex 25.025 33.95 5.7
    endloop
  endfacet
  facet normal 0 0 1
    outer loop
      vertex 24.9892 34.2218 5.7
      vertex 26.1483 34.5323 5.7
      vertex 26.0537 34.811 5.7
    endloop
  endfacet
  facet normal 0 0 1
    outer loop
      vertex 26.225 2.4 5.7
      vertex 25.025 2.4 5.7
      vertex 26.2057 2.10632 5.7
    endloop
  endfacet
  facet normal 0 0 1
    outer loop
      vertex 24.9451 34.3518 5.7
      vertex 26.0537 34.811 5.7
      vertex 25.9236 35.075 5.7
    endloop
  endfacet
  facet normal -0 0 1
    outer loop
      vertex 25.016 2.26295 5.7
      vertex 26.2057 2.10632 5.7
      vertex 25.025 2.4 5.7
    endloop
  endfacet
  facet normal 0 0 1
    outer loop
      vertex 24.8843 34.475 5.7
      vertex 25.9236 35.075 5.7
      vertex 25.76 35.3197 5.7
    endloop
  endfacet
  facet normal 0 0 1
    outer loop
      vertex 26.2057 2.10632 5.7
      vertex 25.016 2.26295 5.7
      vertex 26.1483 1.81766 5.7
    endloop
  endfacet
  facet normal 0 0 1
    outer loop
      vertex 24.808 34.5892 5.7
      vertex 25.76 35.3197 5.7
      vertex 25.566 35.541 5.7
    endloop
  endfacet
  facet normal -0 0 1
    outer loop
      vertex 24.9892 2.12824 5.7
      vertex 26.1483 1.81766 5.7
      vertex 25.016 2.26295 5.7
    endloop
  endfacet
  facet normal 0 0 1
    outer loop
      vertex 24.7175 34.6925 5.7
      vertex 25.566 35.541 5.7
      vertex 25.3447 35.735 5.7
    endloop
  endfacet
  facet normal 0 0 1
    outer loop
      vertex 26.1483 1.81766 5.7
      vertex 24.9892 2.12824 5.7
      vertex 26.0537 1.53896 5.7
    endloop
  endfacet
  facet normal 0 0 1
    outer loop
      vertex 24.6142 34.783 5.7
      vertex 25.3447 35.735 5.7
      vertex 25.1 35.8986 5.7
    endloop
  endfacet
  facet normal -0 0 1
    outer loop
      vertex 24.9451 1.99818 5.7
      vertex 26.0537 1.53896 5.7
      vertex 24.9892 2.12824 5.7
    endloop
  endfacet
  facet normal 0 0 1
    outer loop
      vertex 26.0537 1.53896 5.7
      vertex 24.9451 1.99818 5.7
      vertex 25.9236 1.275 5.7
    endloop
  endfacet
  facet normal 0 0 1
    outer loop
      vertex 26.2057 34.2437 5.7
      vertex 25.016 34.0871 5.7
      vertex 25.025 33.95 5.7
    endloop
  endfacet
  facet normal 0 0 1
    outer loop
      vertex 26.1483 34.5323 5.7
      vertex 24.9892 34.2218 5.7
      vertex 25.016 34.0871 5.7
    endloop
  endfacet
  facet normal 0 0 1
    outer loop
      vertex 26.0537 34.811 5.7
      vertex 24.9451 34.3518 5.7
      vertex 24.9892 34.2218 5.7
    endloop
  endfacet
  facet normal 0 0 1
    outer loop
      vertex 25.9236 35.075 5.7
      vertex 24.8843 34.475 5.7
      vertex 24.9451 34.3518 5.7
    endloop
  endfacet
  facet normal 0 0 1
    outer loop
      vertex 24.5 34.8593 5.7
      vertex 25.1 35.8986 5.7
      vertex 24.836 36.0287 5.7
    endloop
  endfacet
  facet normal 0 0 1
    outer loop
      vertex 25.76 35.3197 5.7
      vertex 24.808 34.5892 5.7
      vertex 24.8843 34.475 5.7
    endloop
  endfacet
  facet normal 0 0 1
    outer loop
      vertex 25.566 35.541 5.7
      vertex 24.7175 34.6925 5.7
      vertex 24.808 34.5892 5.7
    endloop
  endfacet
  facet normal 0 0 1
    outer loop
      vertex 25.3447 35.735 5.7
      vertex 24.6142 34.783 5.7
      vertex 24.7175 34.6925 5.7
    endloop
  endfacet
  facet normal 0 0 1
    outer loop
      vertex 24.3768 34.9201 5.7
      vertex 24.836 36.0287 5.7
      vertex 24.5573 36.1233 5.7
    endloop
  endfacet
  facet normal 0 0 1
    outer loop
      vertex 25.1 35.8986 5.7
      vertex 24.5 34.8593 5.7
      vertex 24.6142 34.783 5.7
    endloop
  endfacet
  facet normal 0 0 1
    outer loop
      vertex 24.836 36.0287 5.7
      vertex 24.3768 34.9201 5.7
      vertex 24.5 34.8593 5.7
    endloop
  endfacet
  facet normal 0 0 1
    outer loop
      vertex 24.2468 34.9642 5.7
      vertex 24.5573 36.1233 5.7
      vertex 24.2687 36.1808 5.7
    endloop
  endfacet
  facet normal 0 0 1
    outer loop
      vertex 24.5573 36.1233 5.7
      vertex 24.2468 34.9642 5.7
      vertex 24.3768 34.9201 5.7
    endloop
  endfacet
  facet normal 0 0 1
    outer loop
      vertex 24.2687 36.1808 5.7
      vertex 24.1121 34.991 5.7
      vertex 24.2468 34.9642 5.7
    endloop
  endfacet
  facet normal 0 0 1
    outer loop
      vertex 23.975 36.2 5.7
      vertex 24.1121 34.991 5.7
      vertex 24.2687 36.1808 5.7
    endloop
  endfacet
  facet normal 0 0 1
    outer loop
      vertex 23.975 36.2 5.7
      vertex 23.975 35 5.7
      vertex 24.1121 34.991 5.7
    endloop
  endfacet
  facet normal -0 0 1
    outer loop
      vertex -23.975 36.2 5.7
      vertex 23.975 35 5.7
      vertex 23.975 36.2 5.7
    endloop
  endfacet
  facet normal 0 0 1
    outer loop
      vertex -23.975 36.2 5.7
      vertex -23.975 35 5.7
      vertex 23.975 35 5.7
    endloop
  endfacet
  facet normal 0 0 1
    outer loop
      vertex -23.975 36.2 5.7
      vertex -24.1121 34.991 5.7
      vertex -23.975 35 5.7
    endloop
  endfacet
  facet normal -0 0 1
    outer loop
      vertex -24.2687 36.1808 5.7
      vertex -24.1121 34.991 5.7
      vertex -23.975 36.2 5.7
    endloop
  endfacet
  facet normal 0 0 1
    outer loop
      vertex -24.1121 34.991 5.7
      vertex -24.2687 36.1808 5.7
      vertex -24.2468 34.9642 5.7
    endloop
  endfacet
  facet normal -0 0 1
    outer loop
      vertex -24.5573 36.1233 5.7
      vertex -24.2468 34.9642 5.7
      vertex -24.2687 36.1808 5.7
    endloop
  endfacet
  facet normal 0 0 1
    outer loop
      vertex -24.2468 34.9642 5.7
      vertex -24.5573 36.1233 5.7
      vertex -24.3768 34.9201 5.7
    endloop
  endfacet
  facet normal -0 0 1
    outer loop
      vertex -24.836 36.0287 5.7
      vertex -24.3768 34.9201 5.7
      vertex -24.5573 36.1233 5.7
    endloop
  endfacet
  facet normal 0 0 1
    outer loop
      vertex -24.3768 34.9201 5.7
      vertex -24.836 36.0287 5.7
      vertex -24.5 34.8593 5.7
    endloop
  endfacet
  facet normal -0 0 1
    outer loop
      vertex -25.1 35.8986 5.7
      vertex -24.5 34.8593 5.7
      vertex -24.836 36.0287 5.7
    endloop
  endfacet
  facet normal 0 0 1
    outer loop
      vertex -24.5 34.8593 5.7
      vertex -25.1 35.8986 5.7
      vertex -24.6142 34.783 5.7
    endloop
  endfacet
  facet normal -0 0 1
    outer loop
      vertex -25.3447 35.735 5.7
      vertex -24.6142 34.783 5.7
      vertex -25.1 35.8986 5.7
    endloop
  endfacet
  facet normal 0 0 1
    outer loop
      vertex -24.6142 34.783 5.7
      vertex -25.3447 35.735 5.7
      vertex -24.7175 34.6925 5.7
    endloop
  endfacet
  facet normal -0 0 1
    outer loop
      vertex -25.566 35.541 5.7
      vertex -24.7175 34.6925 5.7
      vertex -25.3447 35.735 5.7
    endloop
  endfacet
  facet normal 0 0 1
    outer loop
      vertex -24.7175 34.6925 5.7
      vertex -25.566 35.541 5.7
      vertex -24.808 34.5892 5.7
    endloop
  endfacet
  facet normal -0 0 1
    outer loop
      vertex -25.76 35.3197 5.7
      vertex -24.808 34.5892 5.7
      vertex -25.566 35.541 5.7
    endloop
  endfacet
  facet normal 0 0 1
    outer loop
      vertex -24.8843 34.475 5.7
      vertex -25.9236 35.075 5.7
      vertex -24.9451 34.3518 5.7
    endloop
  endfacet
  facet normal -0 0 1
    outer loop
      vertex -25.9236 35.075 5.7
      vertex -24.8843 34.475 5.7
      vertex -25.76 35.3197 5.7
    endloop
  endfacet
  facet normal 0 0 1
    outer loop
      vertex -24.808 34.5892 5.7
      vertex -25.76 35.3197 5.7
      vertex -24.8843 34.475 5.7
    endloop
  endfacet
  facet normal -0 0 1
    outer loop
      vertex 24.8843 1.875 5.7
      vertex 25.9236 1.275 5.7
      vertex 24.9451 1.99818 5.7
    endloop
  endfacet
  facet normal 0 0 1
    outer loop
      vertex 25.9236 1.275 5.7
      vertex 24.8843 1.875 5.7
      vertex 25.76 1.03029 5.7
    endloop
  endfacet
  facet normal -0 0 1
    outer loop
      vertex 24.808 1.7608 5.7
      vertex 25.76 1.03029 5.7
      vertex 24.8843 1.875 5.7
    endloop
  endfacet
  facet normal 0 0 1
    outer loop
      vertex 25.76 1.03029 5.7
      vertex 24.808 1.7608 5.7
      vertex 25.566 0.80901 5.7
    endloop
  endfacet
  facet normal -0 0 1
    outer loop
      vertex 24.7175 1.65754 5.7
      vertex 25.566 0.80901 5.7
      vertex 24.808 1.7608 5.7
    endloop
  endfacet
  facet normal 0 0 1
    outer loop
      vertex 25.566 0.80901 5.7
      vertex 24.7175 1.65754 5.7
      vertex 25.3447 0.614955 5.7
    endloop
  endfacet
  facet normal -0 0 1
    outer loop
      vertex 24.6142 1.56698 5.7
      vertex 25.3447 0.614955 5.7
      vertex 24.7175 1.65754 5.7
    endloop
  endfacet
  facet normal 0 0 1
    outer loop
      vertex 25.3447 0.614955 5.7
      vertex 24.6142 1.56698 5.7
      vertex 25.1 0.451443 5.7
    endloop
  endfacet
  facet normal -0 0 1
    outer loop
      vertex 24.5 1.49067 5.7
      vertex 25.1 0.451443 5.7
      vertex 24.6142 1.56698 5.7
    endloop
  endfacet
  facet normal 0 0 1
    outer loop
      vertex 25.1 0.451443 5.7
      vertex 24.5 1.49067 5.7
      vertex 24.836 0.321271 5.7
    endloop
  endfacet
  facet normal -0 0 1
    outer loop
      vertex 24.3768 1.42993 5.7
      vertex 24.836 0.321271 5.7
      vertex 24.5 1.49067 5.7
    endloop
  endfacet
  facet normal 0 0 1
    outer loop
      vertex 24.836 0.321271 5.7
      vertex 24.3768 1.42993 5.7
      vertex 24.5573 0.226666 5.7
    endloop
  endfacet
  facet normal -0 0 1
    outer loop
      vertex 24.2468 1.38578 5.7
      vertex 24.5573 0.226666 5.7
      vertex 24.3768 1.42993 5.7
    endloop
  endfacet
  facet normal 0 0 1
    outer loop
      vertex 24.5573 0.226666 5.7
      vertex 24.2468 1.38578 5.7
      vertex 24.2687 0.169249 5.7
    endloop
  endfacet
  facet normal -0 0 1
    outer loop
      vertex 24.1121 1.35898 5.7
      vertex 24.2687 0.169249 5.7
      vertex 24.2468 1.38578 5.7
    endloop
  endfacet
  facet normal -0 0 1
    outer loop
      vertex 23.975 1.35 5.7
      vertex 24.2687 0.169249 5.7
      vertex 24.1121 1.35898 5.7
    endloop
  endfacet
  facet normal 0 0 1
    outer loop
      vertex 23.975 1.35 5.7
      vertex 23.975 0.15 5.7
      vertex 24.2687 0.169249 5.7
    endloop
  endfacet
  facet normal -0 0 1
    outer loop
      vertex 10.5 1.35 5.7
      vertex 23.975 0.15 5.7
      vertex 23.975 1.35 5.7
    endloop
  endfacet
  facet normal 0 0 1
    outer loop
      vertex 23.975 0.15 5.7
      vertex 10.5 1.35 5.7
      vertex 10.5 0.15 5.7
    endloop
  endfacet
  facet normal -0 0 1
    outer loop
      vertex -23.975 1.35 5.7
      vertex -10.5 0.15 5.7
      vertex -10.5 1.35 5.7
    endloop
  endfacet
  facet normal 0 0 1
    outer loop
      vertex -23.975 1.35 5.7
      vertex -23.975 0.15 5.7
      vertex -10.5 0.15 5.7
    endloop
  endfacet
  facet normal 0 0 1
    outer loop
      vertex -24.1121 1.35898 5.7
      vertex -23.975 0.15 5.7
      vertex -23.975 1.35 5.7
    endloop
  endfacet
  facet normal 0 0 1
    outer loop
      vertex -24.2687 0.169249 5.7
      vertex -24.1121 1.35898 5.7
      vertex -24.2468 1.38578 5.7
    endloop
  endfacet
  facet normal 0 0 1
    outer loop
      vertex -24.1121 1.35898 5.7
      vertex -24.2687 0.169249 5.7
      vertex -23.975 0.15 5.7
    endloop
  endfacet
  facet normal 0 0 1
    outer loop
      vertex -24.5573 0.226666 5.7
      vertex -24.2468 1.38578 5.7
      vertex -24.3768 1.42993 5.7
    endloop
  endfacet
  facet normal 0 0 1
    outer loop
      vertex -24.836 0.321271 5.7
      vertex -24.3768 1.42993 5.7
      vertex -24.5 1.49067 5.7
    endloop
  endfacet
  facet normal 0 0 1
    outer loop
      vertex -24.2468 1.38578 5.7
      vertex -24.5573 0.226666 5.7
      vertex -24.2687 0.169249 5.7
    endloop
  endfacet
  facet normal 0 0 1
    outer loop
      vertex -25.1 0.451443 5.7
      vertex -24.5 1.49067 5.7
      vertex -24.6142 1.56698 5.7
    endloop
  endfacet
  facet normal 0 0 1
    outer loop
      vertex -25.3447 0.614955 5.7
      vertex -24.6142 1.56698 5.7
      vertex -24.7175 1.65754 5.7
    endloop
  endfacet
  facet normal 0 0 1
    outer loop
      vertex -25.566 0.80901 5.7
      vertex -24.7175 1.65754 5.7
      vertex -24.808 1.7608 5.7
    endloop
  endfacet
  facet normal 0 0 1
    outer loop
      vertex -24.3768 1.42993 5.7
      vertex -24.836 0.321271 5.7
      vertex -24.5573 0.226666 5.7
    endloop
  endfacet
  facet normal 0 0 1
    outer loop
      vertex -25.76 1.03029 5.7
      vertex -24.808 1.7608 5.7
      vertex -24.8843 1.875 5.7
    endloop
  endfacet
  facet normal 0 0 1
    outer loop
      vertex -25.9236 1.275 5.7
      vertex -24.8843 1.875 5.7
      vertex -24.9451 1.99818 5.7
    endloop
  endfacet
  facet normal 0 0 1
    outer loop
      vertex -26.0537 1.53896 5.7
      vertex -24.9451 1.99818 5.7
      vertex -24.9892 2.12824 5.7
    endloop
  endfacet
  facet normal 0 0 1
    outer loop
      vertex -26.1483 1.81766 5.7
      vertex -24.9892 2.12824 5.7
      vertex -25.016 2.26295 5.7
    endloop
  endfacet
  facet normal 0 0 1
    outer loop
      vertex -24.5 1.49067 5.7
      vertex -25.1 0.451443 5.7
      vertex -24.836 0.321271 5.7
    endloop
  endfacet
  facet normal 0 0 1
    outer loop
      vertex -26.2057 2.10632 5.7
      vertex -25.016 2.26295 5.7
      vertex -25.025 2.4 5.7
    endloop
  endfacet
  facet normal 0 0 1
    outer loop
      vertex -25.025 33.95 5.7
      vertex -26.225 33.95 5.7
      vertex -25.025 2.4 5.7
    endloop
  endfacet
  facet normal -0 0 1
    outer loop
      vertex -26.0537 34.811 5.7
      vertex -24.9451 34.3518 5.7
      vertex -25.9236 35.075 5.7
    endloop
  endfacet
  facet normal 0 0 1
    outer loop
      vertex -26.225 2.4 5.7
      vertex -25.025 2.4 5.7
      vertex -26.225 33.95 5.7
    endloop
  endfacet
  facet normal 0 0 1
    outer loop
      vertex -24.9451 34.3518 5.7
      vertex -26.0537 34.811 5.7
      vertex -24.9892 34.2218 5.7
    endloop
  endfacet
  facet normal 0 -0 1
    outer loop
      vertex -26.2057 2.10632 5.7
      vertex -25.025 2.4 5.7
      vertex -26.225 2.4 5.7
    endloop
  endfacet
  facet normal -0 0 1
    outer loop
      vertex -26.1483 34.5323 5.7
      vertex -24.9892 34.2218 5.7
      vertex -26.0537 34.811 5.7
    endloop
  endfacet
  facet normal 0 0 1
    outer loop
      vertex -24.6142 1.56698 5.7
      vertex -25.3447 0.614955 5.7
      vertex -25.1 0.451443 5.7
    endloop
  endfacet
  facet normal 0 0 1
    outer loop
      vertex -24.9892 34.2218 5.7
      vertex -26.1483 34.5323 5.7
      vertex -25.016 34.0871 5.7
    endloop
  endfacet
  facet normal 0 0 1
    outer loop
      vertex -24.7175 1.65754 5.7
      vertex -25.566 0.80901 5.7
      vertex -25.3447 0.614955 5.7
    endloop
  endfacet
  facet normal -0 0 1
    outer loop
      vertex -26.2057 34.2437 5.7
      vertex -25.016 34.0871 5.7
      vertex -26.1483 34.5323 5.7
    endloop
  endfacet
  facet normal 0 0 1
    outer loop
      vertex -24.808 1.7608 5.7
      vertex -25.76 1.03029 5.7
      vertex -25.566 0.80901 5.7
    endloop
  endfacet
  facet normal 0 0 1
    outer loop
      vertex -25.016 34.0871 5.7
      vertex -26.2057 34.2437 5.7
      vertex -25.025 33.95 5.7
    endloop
  endfacet
  facet normal 0 0 1
    outer loop
      vertex -24.8843 1.875 5.7
      vertex -25.9236 1.275 5.7
      vertex -25.76 1.03029 5.7
    endloop
  endfacet
  facet normal 0 0 1
    outer loop
      vertex -25.025 33.95 5.7
      vertex -26.2057 34.2437 5.7
      vertex -26.225 33.95 5.7
    endloop
  endfacet
  facet normal 0 0 1
    outer loop
      vertex -24.9451 1.99818 5.7
      vertex -26.0537 1.53896 5.7
      vertex -25.9236 1.275 5.7
    endloop
  endfacet
  facet normal 0 0 1
    outer loop
      vertex -24.9892 2.12824 5.7
      vertex -26.1483 1.81766 5.7
      vertex -26.0537 1.53896 5.7
    endloop
  endfacet
  facet normal 0 0 1
    outer loop
      vertex -25.016 2.26295 5.7
      vertex -26.2057 2.10632 5.7
      vertex -26.1483 1.81766 5.7
    endloop
  endfacet
  facet normal -0.896995 0.442042 -3.72916e-18
    outer loop
      vertex -26.0537 34.811 4.2
      vertex -25.9236 35.075 5.7
      vertex -25.9236 35.075 4.2
    endloop
  endfacet
  facet normal -0.896995 0.442042 -3.72916e-18
    outer loop
      vertex -25.9236 35.075 5.7
      vertex -26.0537 34.811 4.2
      vertex -26.0537 34.811 5.7
    endloop
  endfacet
  facet normal 0.896744 -0.442549 -1.08e-18
    outer loop
      vertex -24.9451 34.3518 5.7
      vertex -24.8843 34.475 5
      vertex -24.8843 34.475 5.7
    endloop
  endfacet
  facet normal 0.896744 -0.442549 -1.08e-18
    outer loop
      vertex -24.8843 34.475 5
      vertex -24.9451 34.3518 5.7
      vertex -24.9451 34.3518 5
    endloop
  endfacet
  facet normal -0.32125 -0.946995 0
    outer loop
      vertex 24.2468 34.9642 5
      vertex 24.3768 34.9201 5.7
      vertex 24.2468 34.9642 5.7
    endloop
  endfacet
  facet normal -0.32125 -0.946995 -0
    outer loop
      vertex 24.3768 34.9201 5.7
      vertex 24.2468 34.9642 5
      vertex 24.3768 34.9201 5
    endloop
  endfacet
  facet normal 0.497078 0.74462 0.445482
    outer loop
      vertex -24.3543 1.87202 4.2
      vertex -24.5 1.49067 5
      vertex -24.2908 1.82963 4.2
    endloop
  endfacet
  facet normal 0.497425 0.744411 0.445445
    outer loop
      vertex -24.5 1.49067 5
      vertex -24.3543 1.87202 4.2
      vertex -24.6142 1.56698 5
    endloop
  endfacet
  facet normal 0.752044 0.659113 9.98893e-19
    outer loop
      vertex -24.7175 1.65754 5.7
      vertex -24.808 1.7608 5
      vertex -24.808 1.7608 5.7
    endloop
  endfacet
  facet normal 0.752044 0.659113 9.98893e-19
    outer loop
      vertex -24.808 1.7608 5
      vertex -24.7175 1.65754 5.7
      vertex -24.7175 1.65754 5
    endloop
  endfacet
  facet normal 0.659215 0.751954 -0
    outer loop
      vertex -24.6142 1.56698 5
      vertex -24.7175 1.65754 5.7
      vertex -24.6142 1.56698 5.7
    endloop
  endfacet
  facet normal 0.659215 0.751954 0
    outer loop
      vertex -24.7175 1.65754 5.7
      vertex -24.6142 1.56698 5
      vertex -24.7175 1.65754 5
    endloop
  endfacet
  facet normal -0 0.913814 0.406133
    outer loop
      vertex -23.8639 1.70555 4.2
      vertex -10.5 1.35 5
      vertex -10.5 1.70555 4.2
    endloop
  endfacet
  facet normal 0 0.913814 0.406133
    outer loop
      vertex -10.5 1.35 5
      vertex -23.8639 1.70555 4.2
      vertex -23.975 1.35 5
    endloop
  endfacet
  facet normal 1.58938e-18 0.913814 0.406133
    outer loop
      vertex 23.8639 1.70555 4.2
      vertex 10.5 1.35 5
      vertex 23.975 1.35 5
    endloop
  endfacet
  facet normal 1.60259e-18 0.913814 0.406133
    outer loop
      vertex 10.5 1.35 5
      vertex 23.8639 1.70555 4.2
      vertex 10.5 1.70555 4.2
    endloop
  endfacet
  facet normal 0.498404 0.743748 0.445458
    outer loop
      vertex -24.2667 1.81348 4.2
      vertex -24.2908 1.82963 4.2
      vertex -24.5 1.49067 5
    endloop
  endfacet
  facet normal -0.83149 0.55554 -7.91299e-18
    outer loop
      vertex 24.808 1.7608 5
      vertex 24.8843 1.875 5.7
      vertex 24.8843 1.875 5
    endloop
  endfacet
  facet normal -0.83149 0.55554 -7.91299e-18
    outer loop
      vertex 24.8843 1.875 5.7
      vertex 24.808 1.7608 5
      vertex 24.808 1.7608 5.7
    endloop
  endfacet
  facet normal -0.589261 -0.672437 0.447884
    outer loop
      vertex 24.4335 34.4085 4.2
      vertex 24.6142 34.783 5
      vertex 24.3761 34.4588 4.2
    endloop
  endfacet
  facet normal -0.589174 -0.672505 0.447896
    outer loop
      vertex 24.6142 34.783 5
      vertex 24.4335 34.4085 4.2
      vertex 24.7175 34.6925 5
    endloop
  endfacet
  facet normal -0.997852 -0.0655045 -7.20695e-19
    outer loop
      vertex 25.025 33.95 5
      vertex 25.016 34.0871 5.7
      vertex 25.016 34.0871 5
    endloop
  endfacet
  facet normal -0.997852 -0.0655045 -7.20695e-19
    outer loop
      vertex 25.016 34.0871 5.7
      vertex 25.025 33.95 5
      vertex 25.025 33.95 5.7
    endloop
  endfacet
  facet normal -0.804868 0.397495 0.440664
    outer loop
      vertex 24.5615 2.10833 4.2
      vertex 24.9451 1.99818 5
      vertex 24.5953 2.17677 4.2
    endloop
  endfacet
  facet normal -0.80495 0.397313 0.440679
    outer loop
      vertex 24.9451 1.99818 5
      vertex 24.5615 2.10833 4.2
      vertex 24.8843 1.875 5
    endloop
  endfacet
  facet normal 0.980776 -0.195136 -2.09926e-18
    outer loop
      vertex -25.016 34.0871 5.7
      vertex -24.9892 34.2218 5
      vertex -24.9892 34.2218 5.7
    endloop
  endfacet
  facet normal 0.980776 -0.195136 -2.09926e-18
    outer loop
      vertex -24.9892 34.2218 5
      vertex -25.016 34.0871 5.7
      vertex -25.016 34.0871 5
    endloop
  endfacet
  facet normal 0.980779 0.195122 1.85183e-18
    outer loop
      vertex -24.9892 2.12824 5.7
      vertex -25.016 2.26295 5
      vertex -25.016 2.26295 5.7
    endloop
  endfacet
  facet normal 0.980779 0.195122 1.85183e-18
    outer loop
      vertex -25.016 2.26295 5
      vertex -24.9892 2.12824 5.7
      vertex -24.9892 2.12824 5
    endloop
  endfacet
  facet normal 0.744362 0.497493 0.44545
    outer loop
      vertex -24.8843 1.875 5
      vertex -24.5191 2.04489 4.2
      vertex -24.5615 2.10833 4.2
    endloop
  endfacet
  facet normal 0.744435 0.497376 0.445459
    outer loop
      vertex -24.5191 2.04489 4.2
      vertex -24.8843 1.875 5
      vertex -24.808 1.7608 5
    endloop
  endfacet
  facet normal 1 -0 0
    outer loop
      vertex -25.025 2.4 5.7
      vertex -25.025 33.95 5
      vertex -25.025 33.95 5.7
    endloop
  endfacet
  facet normal 1 0 0
    outer loop
      vertex -25.025 33.95 5
      vertex -25.025 2.4 5.7
      vertex -25.025 2.4 5
    endloop
  endfacet
  facet normal -0.888229 0.176862 0.423992
    outer loop
      vertex 24.6477 2.33113 4.2
      vertex 25.016 2.26295 5
      vertex 24.6626 2.40596 4.2
    endloop
  endfacet
  facet normal -0.888258 0.176715 0.423992
    outer loop
      vertex 25.016 2.26295 5
      vertex 24.6477 2.33113 4.2
      vertex 24.9892 2.12824 5
    endloop
  endfacet
  facet normal 0.672246 0.589505 0.44785
    outer loop
      vertex -24.808 1.7608 5
      vertex -24.4335 1.9415 4.2
      vertex -24.4838 1.99886 4.2
    endloop
  endfacet
  facet normal 0.672399 0.58931 0.447877
    outer loop
      vertex -24.4335 1.9415 4.2
      vertex -24.808 1.7608 5
      vertex -24.7175 1.65754 5
    endloop
  endfacet
  facet normal -0.442198 0.896918 0
    outer loop
      vertex 24.5 1.49067 5
      vertex 24.3768 1.42993 5.7
      vertex 24.5 1.49067 5.7
    endloop
  endfacet
  facet normal -0.442198 0.896918 0
    outer loop
      vertex 24.3768 1.42993 5.7
      vertex 24.5 1.49067 5
      vertex 24.3768 1.42993 5
    endloop
  endfacet
  facet normal -0.498404 0.743748 0.445458
    outer loop
      vertex 24.5 1.49067 5
      vertex 24.2908 1.82963 4.2
      vertex 24.2667 1.81348 4.2
    endloop
  endfacet
  facet normal -0.658968 -0.752171 0
    outer loop
      vertex 24.6142 34.783 5
      vertex 24.7175 34.6925 5.7
      vertex 24.6142 34.783 5.7
    endloop
  endfacet
  facet normal -0.658968 -0.752171 -0
    outer loop
      vertex 24.7175 34.6925 5.7
      vertex 24.6142 34.783 5
      vertex 24.7175 34.6925 5
    endloop
  endfacet
  facet normal 0.888254 -0.176728 0.423996
    outer loop
      vertex -25.016 34.0871 5
      vertex -24.6477 34.0189 4.2
      vertex -24.9892 34.2218 5
    endloop
  endfacet
  facet normal 0.888259 -0.176703 0.423996
    outer loop
      vertex -24.6477 34.0189 4.2
      vertex -25.016 34.0871 5
      vertex -24.6626 33.944 4.2
    endloop
  endfacet
  facet normal -0.195136 -0.980776 0
    outer loop
      vertex 24.1121 34.991 5
      vertex 24.2468 34.9642 5.7
      vertex 24.1121 34.991 5.7
    endloop
  endfacet
  facet normal -0.195136 -0.980776 -0
    outer loop
      vertex 24.2468 34.9642 5.7
      vertex 24.1121 34.991 5
      vertex 24.2468 34.9642 5
    endloop
  endfacet
  facet normal -0.88802 -0.177604 0.424119
    outer loop
      vertex 24.6477 34.0189 4.2
      vertex 24.9892 34.2218 5
      vertex 24.642 34.0474 4.2
    endloop
  endfacet
  facet normal -0.672294 -0.589408 0.447904
    outer loop
      vertex 24.4527 34.3866 4.2
      vertex 24.7175 34.6925 5
      vertex 24.4335 34.4085 4.2
    endloop
  endfacet
  facet normal -0.590965 -0.670992 0.447806
    outer loop
      vertex 24.3761 34.4588 4.2
      vertex 24.6142 34.783 5
      vertex 24.3543 34.478 4.2
    endloop
  endfacet
  facet normal -0.589401 0.672319 0.447877
    outer loop
      vertex 24.4335 1.9415 4.2
      vertex 24.6142 1.56698 5
      vertex 24.7175 1.65754 5
    endloop
  endfacet
  facet normal -0.589326 0.672378 0.447888
    outer loop
      vertex 24.6142 1.56698 5
      vertex 24.4335 1.9415 4.2
      vertex 24.3761 1.89119 4.2
    endloop
  endfacet
  facet normal 0.896716 0.442607 3.66206e-18
    outer loop
      vertex -24.8843 1.875 5.7
      vertex -24.9451 1.99818 5
      vertex -24.9451 1.99818 5.7
    endloop
  endfacet
  facet normal 0.896716 0.442607 3.66206e-18
    outer loop
      vertex -24.9451 1.99818 5
      vertex -24.8843 1.875 5.7
      vertex -24.8843 1.875 5
    endloop
  endfacet
  facet normal -0.752171 -0.658968 -1.34448e-18
    outer loop
      vertex 24.808 34.5892 5
      vertex 24.7175 34.6925 5.7
      vertex 24.7175 34.6925 5
    endloop
  endfacet
  facet normal -0.752171 -0.658968 -1.34448e-18
    outer loop
      vertex 24.7175 34.6925 5.7
      vertex 24.808 34.5892 5
      vertex 24.808 34.5892 5.7
    endloop
  endfacet
  facet normal 0 -1 0
    outer loop
      vertex -23.975 35 5
      vertex 23.975 35 5.7
      vertex -23.975 35 5.7
    endloop
  endfacet
  facet normal 0 -1 -0
    outer loop
      vertex 23.975 35 5.7
      vertex -23.975 35 5
      vertex 23.975 35 5
    endloop
  endfacet
  facet normal -0.0655045 -0.997852 0
    outer loop
      vertex 23.975 35 5
      vertex 24.1121 34.991 5.7
      vertex 23.975 35 5.7
    endloop
  endfacet
  facet normal -0.0655045 -0.997852 -0
    outer loop
      vertex 24.1121 34.991 5.7
      vertex 23.975 35 5
      vertex 24.1121 34.991 5
    endloop
  endfacet
  facet normal 0.289425 0.853402 0.433518
    outer loop
      vertex -24.1722 1.76687 4.2
      vertex -24.2468 1.38578 5
      vertex -24.0999 1.74235 4.2
    endloop
  endfacet
  facet normal 0.28979 0.853289 0.433498
    outer loop
      vertex -24.2468 1.38578 5
      vertex -24.1722 1.76687 4.2
      vertex -24.3768 1.42993 5
    endloop
  endfacet
  facet normal 0.55559 0.831456 -0
    outer loop
      vertex -24.5 1.49067 5
      vertex -24.6142 1.56698 5.7
      vertex -24.5 1.49067 5.7
    endloop
  endfacet
  facet normal 0.55559 0.831456 0
    outer loop
      vertex -24.6142 1.56698 5.7
      vertex -24.5 1.49067 5
      vertex -24.6142 1.56698 5
    endloop
  endfacet
  facet normal 0.853794 0.288423 0.433415
    outer loop
      vertex -24.6327 2.27509 4.2
      vertex -24.642 2.30262 4.2
      vertex -24.9892 2.12824 5
    endloop
  endfacet
  facet normal 0.0653596 0.997862 -0
    outer loop
      vertex -23.975 1.35 5
      vertex -24.1121 1.35898 5.7
      vertex -23.975 1.35 5.7
    endloop
  endfacet
  facet normal 0.0653596 0.997862 0
    outer loop
      vertex -24.1121 1.35898 5.7
      vertex -23.975 1.35 5
      vertex -24.1121 1.35898 5
    endloop
  endfacet
  facet normal 0.195136 0.980776 -0
    outer loop
      vertex -24.1121 1.35898 5
      vertex -24.2468 1.38578 5.7
      vertex -24.1121 1.35898 5.7
    endloop
  endfacet
  facet normal 0.195136 0.980776 0
    outer loop
      vertex -24.2468 1.38578 5.7
      vertex -24.1121 1.35898 5
      vertex -24.2468 1.38578 5
    endloop
  endfacet
  facet normal 0 1 -0
    outer loop
      vertex -10.5 1.35 5
      vertex -23.975 1.35 5.7
      vertex -10.5 1.35 5.7
    endloop
  endfacet
  facet normal 0 1 0
    outer loop
      vertex -23.975 1.35 5.7
      vertex -10.5 1.35 5
      vertex -23.975 1.35 5
    endloop
  endfacet
  facet normal 0 1 -0
    outer loop
      vertex 23.975 1.35 5
      vertex 10.5 1.35 5.7
      vertex 23.975 1.35 5.7
    endloop
  endfacet
  facet normal 0 1 0
    outer loop
      vertex 10.5 1.35 5.7
      vertex 23.975 1.35 5
      vertex 10.5 1.35 5
    endloop
  endfacet
  facet normal 0.396742 0.80524 0.440664
    outer loop
      vertex -24.2667 1.81348 4.2
      vertex -24.3768 1.42993 5
      vertex -24.1982 1.77973 4.2
    endloop
  endfacet
  facet normal 0.396952 0.805145 0.440647
    outer loop
      vertex -24.3768 1.42993 5
      vertex -24.2667 1.81348 4.2
      vertex -24.5 1.49067 5
    endloop
  endfacet
  facet normal -0.909074 -0.05956 0.412355
    outer loop
      vertex 24.6694 33.8389 4.2
      vertex 25.025 33.95 5
      vertex 24.6675 33.8679 4.2
    endloop
  endfacet
  facet normal 0.997851 0.0655283 5.02935e-19
    outer loop
      vertex -25.016 2.26295 5.7
      vertex -25.025 2.4 5
      vertex -25.025 2.4 5.7
    endloop
  endfacet
  facet normal 0.997851 0.0655283 5.02935e-19
    outer loop
      vertex -25.025 2.4 5
      vertex -25.016 2.26295 5.7
      vertex -25.016 2.26295 5
    endloop
  endfacet
  facet normal -1 0 0
    outer loop
      vertex 25.025 2.4 5
      vertex 25.025 33.95 5.7
      vertex 25.025 33.95 5
    endloop
  endfacet
  facet normal -1 -0 0
    outer loop
      vertex 25.025 33.95 5.7
      vertex 25.025 2.4 5
      vertex 25.025 2.4 5.7
    endloop
  endfacet
  facet normal 0.672508 -0.589177 0.447887
    outer loop
      vertex -24.808 34.5892 5
      vertex -24.4527 34.3866 4.2
      vertex -24.7175 34.6925 5
    endloop
  endfacet
  facet normal 0.671953 -0.589865 0.447815
    outer loop
      vertex -24.4527 34.3866 4.2
      vertex -24.808 34.5892 5
      vertex -24.503 34.3293 4.2
    endloop
  endfacet
  facet normal 0.177609 -0.888045 0.424064
    outer loop
      vertex -23.9975 34.6319 4.2
      vertex -23.969 34.6376 4.2
      vertex -24.1121 34.991 5
    endloop
  endfacet
  facet normal -0.396952 0.805145 0.440647
    outer loop
      vertex 24.2667 1.81348 4.2
      vertex 24.3768 1.42993 5
      vertex 24.5 1.49067 5
    endloop
  endfacet
  facet normal -0.396742 0.80524 0.440664
    outer loop
      vertex 24.3768 1.42993 5
      vertex 24.2667 1.81348 4.2
      vertex 24.1982 1.77973 4.2
    endloop
  endfacet
  facet normal 0.853377 -0.289492 0.433523
    outer loop
      vertex -24.9892 34.2218 5
      vertex -24.6081 34.1472 4.2
      vertex -24.9451 34.3518 5
    endloop
  endfacet
  facet normal 0.853132 -0.290277 0.433479
    outer loop
      vertex -24.6081 34.1472 4.2
      vertex -24.9892 34.2218 5
      vertex -24.6327 34.0749 4.2
    endloop
  endfacet
  facet normal -0.0653596 0.997862 0
    outer loop
      vertex 24.1121 1.35898 5
      vertex 23.975 1.35 5.7
      vertex 24.1121 1.35898 5.7
    endloop
  endfacet
  facet normal -0.0653596 0.997862 0
    outer loop
      vertex 23.975 1.35 5.7
      vertex 24.1121 1.35898 5
      vertex 23.975 1.35 5
    endloop
  endfacet
  facet normal 0.176712 0.888236 0.42404
    outer loop
      vertex -24.0439 1.72733 4.2
      vertex -24.0724 1.733 4.2
      vertex -24.2468 1.38578 5
    endloop
  endfacet
  facet normal 0.804868 0.397495 0.440664
    outer loop
      vertex -24.9451 1.99818 5
      vertex -24.5615 2.10833 4.2
      vertex -24.5953 2.17677 4.2
    endloop
  endfacet
  facet normal 0.80495 0.397313 0.440679
    outer loop
      vertex -24.5615 2.10833 4.2
      vertex -24.9451 1.99818 5
      vertex -24.8843 1.875 5
    endloop
  endfacet
  facet normal 0.589326 0.672378 0.447888
    outer loop
      vertex -24.4335 1.9415 4.2
      vertex -24.6142 1.56698 5
      vertex -24.3761 1.89119 4.2
    endloop
  endfacet
  facet normal 0.589401 0.672319 0.447877
    outer loop
      vertex -24.6142 1.56698 5
      vertex -24.4335 1.9415 4.2
      vertex -24.7175 1.65754 5
    endloop
  endfacet
  facet normal 0.805792 0.395632 0.440652
    outer loop
      vertex -24.5953 2.17677 4.2
      vertex -24.6081 2.20284 4.2
      vertex -24.9451 1.99818 5
    endloop
  endfacet
  facet normal 0.289492 -0.853377 0.433523
    outer loop
      vertex -24.1722 34.5831 4.2
      vertex -24.2468 34.9642 5
      vertex -24.3768 34.9201 5
    endloop
  endfacet
  facet normal 0.290277 -0.853132 0.433479
    outer loop
      vertex -24.2468 34.9642 5
      vertex -24.1722 34.5831 4.2
      vertex -24.0999 34.6077 4.2
    endloop
  endfacet
  facet normal 0.909074 -0.05956 0.412355
    outer loop
      vertex -24.6694 33.8389 4.2
      vertex -24.6675 33.8679 4.2
      vertex -25.025 33.95 5
    endloop
  endfacet
  facet normal 0.997852 -0.0655045 7.20695e-19
    outer loop
      vertex -25.025 33.95 5.7
      vertex -25.016 34.0871 5
      vertex -25.016 34.0871 5.7
    endloop
  endfacet
  facet normal 0.997852 -0.0655045 7.20695e-19
    outer loop
      vertex -25.016 34.0871 5
      vertex -25.025 33.95 5.7
      vertex -25.025 33.95 5
    endloop
  endfacet
  facet normal 0.290078 0.853172 0.433535
    outer loop
      vertex -24.0724 1.733 4.2
      vertex -24.0999 1.74235 4.2
      vertex -24.2468 1.38578 5
    endloop
  endfacet
  facet normal 0.888037 0.177545 0.424108
    outer loop
      vertex -24.642 2.30262 4.2
      vertex -24.6477 2.33113 4.2
      vertex -24.9892 2.12824 5
    endloop
  endfacet
  facet normal 0.909104 -0.0596786 0.412272
    outer loop
      vertex -25.025 33.95 5
      vertex -24.6626 33.944 4.2
      vertex -25.016 34.0871 5
    endloop
  endfacet
  facet normal 0.909169 -0.0585404 0.412293
    outer loop
      vertex -24.6626 33.944 4.2
      vertex -25.025 33.95 5
      vertex -24.6675 33.8679 4.2
    endloop
  endfacet
  facet normal -0.805366 -0.396488 0.440662
    outer loop
      vertex 24.6081 34.1472 4.2
      vertex 24.9451 34.3518 5
      vertex 24.5953 34.1732 4.2
    endloop
  endfacet
  facet normal -0.39798 0.804625 0.440671
    outer loop
      vertex 24.3768 1.42993 5
      vertex 24.1982 1.77973 4.2
      vertex 24.1722 1.76687 4.2
    endloop
  endfacet
  facet normal -0.55559 0.831456 0
    outer loop
      vertex 24.6142 1.56698 5
      vertex 24.5 1.49067 5.7
      vertex 24.6142 1.56698 5.7
    endloop
  endfacet
  facet normal -0.55559 0.831456 0
    outer loop
      vertex 24.5 1.49067 5.7
      vertex 24.6142 1.56698 5
      vertex 24.5 1.49067 5
    endloop
  endfacet
  facet normal -0.0585413 -0.909183 0.412262
    outer loop
      vertex 23.94 34.6395 4.2
      vertex 23.975 35 5
      vertex 23.8639 34.6444 4.2
    endloop
  endfacet
  facet normal -0.0596785 -0.909103 0.412275
    outer loop
      vertex 23.975 35 5
      vertex 23.94 34.6395 4.2
      vertex 24.1121 34.991 5
    endloop
  endfacet
  facet normal -1.8238e-19 -0.913793 0.406181
    outer loop
      vertex -23.8639 34.6444 4.2
      vertex 23.975 35 5
      vertex -23.975 35 5
    endloop
  endfacet
  facet normal -1.83229e-19 -0.913793 0.406181
    outer loop
      vertex 23.975 35 5
      vertex -23.8639 34.6444 4.2
      vertex 23.8639 34.6444 4.2
    endloop
  endfacet
  facet normal 0.94704 0.321117 7.08324e-19
    outer loop
      vertex -24.9451 1.99818 5.7
      vertex -24.9892 2.12824 5
      vertex -24.9892 2.12824 5.7
    endloop
  endfacet
  facet normal 0.94704 0.321117 7.08324e-19
    outer loop
      vertex -24.9892 2.12824 5
      vertex -24.9451 1.99818 5.7
      vertex -24.9451 1.99818 5
    endloop
  endfacet
  facet normal -0.913793 0 0.406181
    outer loop
      vertex 24.6694 2.51111 4.2
      vertex 25.025 33.95 5
      vertex 24.6694 33.8389 4.2
    endloop
  endfacet
  facet normal -0.913793 0 0.406181
    outer loop
      vertex 25.025 33.95 5
      vertex 24.6694 2.51111 4.2
      vertex 25.025 2.4 5
    endloop
  endfacet
  facet normal 0.83149 0.55554 7.91299e-18
    outer loop
      vertex -24.808 1.7608 5.7
      vertex -24.8843 1.875 5
      vertex -24.8843 1.875 5.7
    endloop
  endfacet
  facet normal 0.83149 0.55554 7.91299e-18
    outer loop
      vertex -24.8843 1.875 5
      vertex -24.808 1.7608 5.7
      vertex -24.808 1.7608 5
    endloop
  endfacet
  facet normal -0.442549 -0.896744 0
    outer loop
      vertex 24.3768 34.9201 5
      vertex 24.5 34.8593 5.7
      vertex 24.3768 34.9201 5.7
    endloop
  endfacet
  facet normal -0.442549 -0.896744 -0
    outer loop
      vertex 24.5 34.8593 5.7
      vertex 24.3768 34.9201 5
      vertex 24.5 34.8593 5
    endloop
  endfacet
  facet normal 0.913793 6.83946e-19 0.406181
    outer loop
      vertex -25.025 33.95 5
      vertex -24.6694 2.51111 4.2
      vertex -24.6694 33.8389 4.2
    endloop
  endfacet
  facet normal 0.913793 6.79129e-19 0.406181
    outer loop
      vertex -24.6694 2.51111 4.2
      vertex -25.025 33.95 5
      vertex -25.025 2.4 5
    endloop
  endfacet
  facet normal -0.55554 -0.83149 0
    outer loop
      vertex 24.5 34.8593 5
      vertex 24.6142 34.783 5.7
      vertex 24.5 34.8593 5.7
    endloop
  endfacet
  facet normal -0.55554 -0.83149 -0
    outer loop
      vertex 24.6142 34.783 5.7
      vertex 24.5 34.8593 5
      vertex 24.6142 34.783 5
    endloop
  endfacet
  facet normal -0.321576 0.946884 0
    outer loop
      vertex 24.3768 1.42993 5
      vertex 24.2468 1.38578 5.7
      vertex 24.3768 1.42993 5.7
    endloop
  endfacet
  facet normal -0.321576 0.946884 0
    outer loop
      vertex 24.2468 1.38578 5.7
      vertex 24.3768 1.42993 5
      vertex 24.2468 1.38578 5
    endloop
  endfacet
  facet normal 0.39798 0.804625 0.440671
    outer loop
      vertex -24.1722 1.76687 4.2
      vertex -24.1982 1.77973 4.2
      vertex -24.3768 1.42993 5
    endloop
  endfacet
  facet normal -0.497172 -0.744585 0.445435
    outer loop
      vertex 24.3543 34.478 4.2
      vertex 24.5 34.8593 5
      vertex 24.2908 34.5204 4.2
    endloop
  endfacet
  facet normal -0.497389 -0.744454 0.445412
    outer loop
      vertex 24.5 34.8593 5
      vertex 24.3543 34.478 4.2
      vertex 24.6142 34.783 5
    endloop
  endfacet
  facet normal 0.745464 -0.495949 0.445329
    outer loop
      vertex -24.5191 34.3051 4.2
      vertex -24.503 34.3293 4.2
      vertex -24.808 34.5892 5
    endloop
  endfacet
  facet normal 0.497344 -0.744472 0.445432
    outer loop
      vertex -24.2908 34.5204 4.2
      vertex -24.2667 34.5365 4.2
      vertex -24.5 34.8593 5
    endloop
  endfacet
  facet normal -0.671789 0.590044 0.447825
    outer loop
      vertex 24.808 1.7608 5
      vertex 24.503 2.02072 4.2
      vertex 24.4838 1.99886 4.2
    endloop
  endfacet
  facet normal 0.909172 0.0585022 0.412291
    outer loop
      vertex -25.025 2.4 5
      vertex -24.6626 2.40596 4.2
      vertex -24.6675 2.48211 4.2
    endloop
  endfacet
  facet normal 0.909104 0.0597004 0.412269
    outer loop
      vertex -24.6626 2.40596 4.2
      vertex -25.025 2.4 5
      vertex -25.016 2.26295 5
    endloop
  endfacet
  facet normal 0.321576 0.946884 -0
    outer loop
      vertex -24.2468 1.38578 5
      vertex -24.3768 1.42993 5.7
      vertex -24.2468 1.38578 5.7
    endloop
  endfacet
  facet normal 0.321576 0.946884 0
    outer loop
      vertex -24.3768 1.42993 5.7
      vertex -24.2468 1.38578 5
      vertex -24.3768 1.42993 5
    endloop
  endfacet
  facet normal 0.946995 -0.32125 -9.93607e-20
    outer loop
      vertex -24.9892 34.2218 5.7
      vertex -24.9451 34.3518 5
      vertex -24.9451 34.3518 5.7
    endloop
  endfacet
  facet normal 0.946995 -0.32125 -9.93607e-20
    outer loop
      vertex -24.9451 34.3518 5
      vertex -24.9892 34.2218 5.7
      vertex -24.9892 34.2218 5
    endloop
  endfacet
  facet normal 0.0596785 -0.909103 0.412275
    outer loop
      vertex -23.94 34.6395 4.2
      vertex -23.975 35 5
      vertex -24.1121 34.991 5
    endloop
  endfacet
  facet normal 0.0585413 -0.909183 0.412262
    outer loop
      vertex -23.975 35 5
      vertex -23.94 34.6395 4.2
      vertex -23.8639 34.6444 4.2
    endloop
  endfacet
  facet normal -0.909104 -0.0596786 0.412272
    outer loop
      vertex 24.6626 33.944 4.2
      vertex 25.025 33.95 5
      vertex 25.016 34.0871 5
    endloop
  endfacet
  facet normal -0.909169 -0.0585404 0.412293
    outer loop
      vertex 25.025 33.95 5
      vertex 24.6626 33.944 4.2
      vertex 24.6675 33.8679 4.2
    endloop
  endfacet
  facet normal -0.805792 0.395632 0.440652
    outer loop
      vertex 24.9451 1.99818 5
      vertex 24.6081 2.20284 4.2
      vertex 24.5953 2.17677 4.2
    endloop
  endfacet
  facet normal 0.55554 -0.83149 0
    outer loop
      vertex -24.6142 34.783 5
      vertex -24.5 34.8593 5.7
      vertex -24.6142 34.783 5.7
    endloop
  endfacet
  facet normal 0.55554 -0.83149 0
    outer loop
      vertex -24.5 34.8593 5.7
      vertex -24.6142 34.783 5
      vertex -24.5 34.8593 5
    endloop
  endfacet
  facet normal -0.980779 0.195122 -1.85183e-18
    outer loop
      vertex 24.9892 2.12824 5
      vertex 25.016 2.26295 5.7
      vertex 25.016 2.26295 5
    endloop
  endfacet
  facet normal -0.980779 0.195122 -1.85183e-18
    outer loop
      vertex 25.016 2.26295 5.7
      vertex 24.9892 2.12824 5
      vertex 24.9892 2.12824 5.7
    endloop
  endfacet
  facet normal 0.442198 0.896918 -0
    outer loop
      vertex -24.3768 1.42993 5
      vertex -24.5 1.49067 5.7
      vertex -24.3768 1.42993 5.7
    endloop
  endfacet
  facet normal 0.442198 0.896918 0
    outer loop
      vertex -24.5 1.49067 5.7
      vertex -24.3768 1.42993 5
      vertex -24.5 1.49067 5
    endloop
  endfacet
  facet normal -0.896716 0.442607 -3.66206e-18
    outer loop
      vertex 24.8843 1.875 5
      vertex 24.9451 1.99818 5.7
      vertex 24.9451 1.99818 5
    endloop
  endfacet
  facet normal -0.896716 0.442607 -3.66206e-18
    outer loop
      vertex 24.9451 1.99818 5.7
      vertex 24.8843 1.875 5
      vertex 24.8843 1.875 5.7
    endloop
  endfacet
  facet normal -0.997851 0.0655283 -5.02935e-19
    outer loop
      vertex 25.016 2.26295 5
      vertex 25.025 2.4 5.7
      vertex 25.025 2.4 5
    endloop
  endfacet
  facet normal -0.997851 0.0655283 -5.02935e-19
    outer loop
      vertex 25.025 2.4 5.7
      vertex 25.016 2.26295 5
      vertex 25.016 2.26295 5.7
    endloop
  endfacet
  facet normal -0.1767 -0.888246 0.424024
    outer loop
      vertex 24.0724 34.617 4.2
      vertex 24.1121 34.991 5
      vertex 23.9975 34.6319 4.2
    endloop
  endfacet
  facet normal -0.176725 -0.888241 0.424023
    outer loop
      vertex 24.1121 34.991 5
      vertex 24.0724 34.617 4.2
      vertex 24.2468 34.9642 5
    endloop
  endfacet
  facet normal 0.853688 -0.288702 0.433438
    outer loop
      vertex -24.642 34.0474 4.2
      vertex -24.6327 34.0749 4.2
      vertex -24.9892 34.2218 5
    endloop
  endfacet
  facet normal -0.804983 -0.397264 0.440663
    outer loop
      vertex 24.5615 34.2417 4.2
      vertex 24.9451 34.3518 5
      vertex 24.8843 34.475 5
    endloop
  endfacet
  facet normal -0.805005 -0.397214 0.440667
    outer loop
      vertex 24.9451 34.3518 5
      vertex 24.5615 34.2417 4.2
      vertex 24.5953 34.1732 4.2
    endloop
  endfacet
  facet normal 0.88802 -0.177604 0.424119
    outer loop
      vertex -24.6477 34.0189 4.2
      vertex -24.642 34.0474 4.2
      vertex -24.9892 34.2218 5
    endloop
  endfacet
  facet normal 0.805366 -0.396488 0.440662
    outer loop
      vertex -24.6081 34.1472 4.2
      vertex -24.5953 34.1732 4.2
      vertex -24.9451 34.3518 5
    endloop
  endfacet
  facet normal -0.909074 0.05956 0.412356
    outer loop
      vertex 25.025 2.4 5
      vertex 24.6694 2.51111 4.2
      vertex 24.6675 2.48211 4.2
    endloop
  endfacet
  facet normal -0.744433 -0.497375 0.445464
    outer loop
      vertex 24.5191 34.3051 4.2
      vertex 24.8843 34.475 5
      vertex 24.808 34.5892 5
    endloop
  endfacet
  facet normal -0.744222 -0.497713 0.445439
    outer loop
      vertex 24.8843 34.475 5
      vertex 24.5191 34.3051 4.2
      vertex 24.5615 34.2417 4.2
    endloop
  endfacet
  facet normal 0.888229 0.176862 0.423992
    outer loop
      vertex -25.016 2.26295 5
      vertex -24.6477 2.33113 4.2
      vertex -24.6626 2.40596 4.2
    endloop
  endfacet
  facet normal 0.888258 0.176715 0.423992
    outer loop
      vertex -24.6477 2.33113 4.2
      vertex -25.016 2.26295 5
      vertex -24.9892 2.12824 5
    endloop
  endfacet
  facet normal 0.909074 0.05956 0.412356
    outer loop
      vertex -24.6675 2.48211 4.2
      vertex -24.6694 2.51111 4.2
      vertex -25.025 2.4 5
    endloop
  endfacet
  facet normal 0.176471 0.888283 0.424043
    outer loop
      vertex -24.0439 1.72733 4.2
      vertex -24.1121 1.35898 5
      vertex -23.969 1.71245 4.2
    endloop
  endfacet
  facet normal 0.176723 0.888233 0.424041
    outer loop
      vertex -24.1121 1.35898 5
      vertex -24.0439 1.72733 4.2
      vertex -24.2468 1.38578 5
    endloop
  endfacet
  facet normal 0.590434 0.671438 0.447837
    outer loop
      vertex -24.3543 1.87202 4.2
      vertex -24.3761 1.89119 4.2
      vertex -24.6142 1.56698 5
    endloop
  endfacet
  facet normal 0.0598727 0.909062 0.412336
    outer loop
      vertex -23.8639 1.70555 4.2
      vertex -23.8929 1.70746 4.2
      vertex -23.975 1.35 5
    endloop
  endfacet
  facet normal 0.745166 0.496366 0.445364
    outer loop
      vertex -24.503 2.02072 4.2
      vertex -24.5191 2.04489 4.2
      vertex -24.808 1.7608 5
    endloop
  endfacet
  facet normal 0.853076 0.290459 0.433469
    outer loop
      vertex -24.9892 2.12824 5
      vertex -24.6081 2.20284 4.2
      vertex -24.6327 2.27509 4.2
    endloop
  endfacet
  facet normal 0.853415 0.289371 0.433529
    outer loop
      vertex -24.6081 2.20284 4.2
      vertex -24.9892 2.12824 5
      vertex -24.9451 1.99818 5
    endloop
  endfacet
  facet normal -0.176723 0.888233 0.424041
    outer loop
      vertex 24.0439 1.72733 4.2
      vertex 24.1121 1.35898 5
      vertex 24.2468 1.38578 5
    endloop
  endfacet
  facet normal -0.176471 0.888283 0.424043
    outer loop
      vertex 24.1121 1.35898 5
      vertex 24.0439 1.72733 4.2
      vertex 23.969 1.71245 4.2
    endloop
  endfacet
  facet normal 0.397268 -0.80499 0.440647
    outer loop
      vertex -24.2406 34.5494 4.2
      vertex -24.3768 34.9201 5
      vertex -24.5 34.8593 5
    endloop
  endfacet
  facet normal 0.396734 -0.80524 0.440672
    outer loop
      vertex -24.3768 34.9201 5
      vertex -24.2406 34.5494 4.2
      vertex -24.1722 34.5831 4.2
    endloop
  endfacet
  facet normal 0.0596103 0.909087 0.41232
    outer loop
      vertex -23.969 1.71245 4.2
      vertex -23.975 1.35 5
      vertex -23.8929 1.70746 4.2
    endloop
  endfacet
  facet normal 0.0595451 0.90909 0.412321
    outer loop
      vertex -23.975 1.35 5
      vertex -23.969 1.71245 4.2
      vertex -24.1121 1.35898 5
    endloop
  endfacet
  facet normal -0.195136 0.980776 0
    outer loop
      vertex 24.2468 1.38578 5
      vertex 24.1121 1.35898 5.7
      vertex 24.2468 1.38578 5.7
    endloop
  endfacet
  facet normal -0.195136 0.980776 0
    outer loop
      vertex 24.1121 1.35898 5.7
      vertex 24.2468 1.38578 5
      vertex 24.1121 1.35898 5
    endloop
  endfacet
  facet normal 0.195136 -0.980776 0
    outer loop
      vertex -24.2468 34.9642 5
      vertex -24.1121 34.991 5.7
      vertex -24.2468 34.9642 5.7
    endloop
  endfacet
  facet normal 0.195136 -0.980776 0
    outer loop
      vertex -24.1121 34.991 5.7
      vertex -24.2468 34.9642 5
      vertex -24.1121 34.991 5
    endloop
  endfacet
  facet normal -0.0598727 0.909062 0.412336
    outer loop
      vertex 23.975 1.35 5
      vertex 23.8929 1.70746 4.2
      vertex 23.8639 1.70555 4.2
    endloop
  endfacet
  facet normal -0.672246 0.589505 0.44785
    outer loop
      vertex 24.4335 1.9415 4.2
      vertex 24.808 1.7608 5
      vertex 24.4838 1.99886 4.2
    endloop
  endfacet
  facet normal -0.672399 0.58931 0.447877
    outer loop
      vertex 24.808 1.7608 5
      vertex 24.4335 1.9415 4.2
      vertex 24.7175 1.65754 5
    endloop
  endfacet
  facet normal -0.946995 -0.32125 9.93607e-20
    outer loop
      vertex 24.9892 34.2218 5
      vertex 24.9451 34.3518 5.7
      vertex 24.9451 34.3518 5
    endloop
  endfacet
  facet normal -0.946995 -0.32125 9.93607e-20
    outer loop
      vertex 24.9451 34.3518 5.7
      vertex 24.9892 34.2218 5
      vertex 24.9892 34.2218 5.7
    endloop
  endfacet
  facet normal -0.888254 -0.176728 0.423996
    outer loop
      vertex 24.6477 34.0189 4.2
      vertex 25.016 34.0871 5
      vertex 24.9892 34.2218 5
    endloop
  endfacet
  facet normal -0.888259 -0.176703 0.423996
    outer loop
      vertex 25.016 34.0871 5
      vertex 24.6477 34.0189 4.2
      vertex 24.6626 33.944 4.2
    endloop
  endfacet
  facet normal -0.853688 -0.288702 0.433438
    outer loop
      vertex 24.642 34.0474 4.2
      vertex 24.9892 34.2218 5
      vertex 24.6327 34.0749 4.2
    endloop
  endfacet
  facet normal -0.590434 0.671438 0.447837
    outer loop
      vertex 24.6142 1.56698 5
      vertex 24.3761 1.89119 4.2
      vertex 24.3543 1.87202 4.2
    endloop
  endfacet
  facet normal -0.497425 0.744411 0.445445
    outer loop
      vertex 24.3543 1.87202 4.2
      vertex 24.5 1.49067 5
      vertex 24.6142 1.56698 5
    endloop
  endfacet
  facet normal -0.497078 0.74462 0.445482
    outer loop
      vertex 24.5 1.49067 5
      vertex 24.3543 1.87202 4.2
      vertex 24.2908 1.82963 4.2
    endloop
  endfacet
  facet normal -0.752044 0.659113 -9.98893e-19
    outer loop
      vertex 24.7175 1.65754 5
      vertex 24.808 1.7608 5.7
      vertex 24.808 1.7608 5
    endloop
  endfacet
  facet normal -0.752044 0.659113 -9.98893e-19
    outer loop
      vertex 24.808 1.7608 5.7
      vertex 24.7175 1.65754 5
      vertex 24.7175 1.65754 5.7
    endloop
  endfacet
  facet normal -0.290277 -0.853132 0.433479
    outer loop
      vertex 24.1722 34.5831 4.2
      vertex 24.2468 34.9642 5
      vertex 24.0999 34.6077 4.2
    endloop
  endfacet
  facet normal -0.289492 -0.853377 0.433523
    outer loop
      vertex 24.2468 34.9642 5
      vertex 24.1722 34.5831 4.2
      vertex 24.3768 34.9201 5
    endloop
  endfacet
  facet normal -0.853377 -0.289492 0.433523
    outer loop
      vertex 24.6081 34.1472 4.2
      vertex 24.9892 34.2218 5
      vertex 24.9451 34.3518 5
    endloop
  endfacet
  facet normal -0.853132 -0.290277 0.433479
    outer loop
      vertex 24.9892 34.2218 5
      vertex 24.6081 34.1472 4.2
      vertex 24.6327 34.0749 4.2
    endloop
  endfacet
  facet normal 0.176725 -0.888241 0.424023
    outer loop
      vertex -24.0724 34.617 4.2
      vertex -24.1121 34.991 5
      vertex -24.2468 34.9642 5
    endloop
  endfacet
  facet normal 0.1767 -0.888246 0.424024
    outer loop
      vertex -24.1121 34.991 5
      vertex -24.0724 34.617 4.2
      vertex -23.9975 34.6319 4.2
    endloop
  endfacet
  facet normal -0.745464 -0.495949 0.445329
    outer loop
      vertex 24.5191 34.3051 4.2
      vertex 24.808 34.5892 5
      vertex 24.503 34.3293 4.2
    endloop
  endfacet
  facet normal -0.672508 -0.589177 0.447887
    outer loop
      vertex 24.4527 34.3866 4.2
      vertex 24.808 34.5892 5
      vertex 24.7175 34.6925 5
    endloop
  endfacet
  facet normal -0.671953 -0.589865 0.447815
    outer loop
      vertex 24.808 34.5892 5
      vertex 24.4527 34.3866 4.2
      vertex 24.503 34.3293 4.2
    endloop
  endfacet
  facet normal -0.28979 0.853289 0.433498
    outer loop
      vertex 24.1722 1.76687 4.2
      vertex 24.2468 1.38578 5
      vertex 24.3768 1.42993 5
    endloop
  endfacet
  facet normal -0.289425 0.853402 0.433518
    outer loop
      vertex 24.2468 1.38578 5
      vertex 24.1722 1.76687 4.2
      vertex 24.0999 1.74235 4.2
    endloop
  endfacet
  facet normal -0.288702 -0.853688 0.433438
    outer loop
      vertex 24.0999 34.6077 4.2
      vertex 24.2468 34.9642 5
      vertex 24.0724 34.617 4.2
    endloop
  endfacet
  facet normal -0.0595629 -0.909118 0.412257
    outer loop
      vertex 23.969 34.6376 4.2
      vertex 24.1121 34.991 5
      vertex 23.94 34.6395 4.2
    endloop
  endfacet
  facet normal -0.909172 0.0585022 0.412291
    outer loop
      vertex 24.6626 2.40596 4.2
      vertex 25.025 2.4 5
      vertex 24.6675 2.48211 4.2
    endloop
  endfacet
  facet normal -0.909104 0.0597004 0.412269
    outer loop
      vertex 25.025 2.4 5
      vertex 24.6626 2.40596 4.2
      vertex 25.016 2.26295 5
    endloop
  endfacet
  facet normal 0.671789 0.590044 0.447825
    outer loop
      vertex -24.4838 1.99886 4.2
      vertex -24.503 2.02072 4.2
      vertex -24.808 1.7608 5
    endloop
  endfacet
  facet normal 0.0595629 -0.909118 0.412257
    outer loop
      vertex -23.969 34.6376 4.2
      vertex -23.94 34.6395 4.2
      vertex -24.1121 34.991 5
    endloop
  endfacet
  facet normal -0.853794 0.288423 0.433415
    outer loop
      vertex 24.9892 2.12824 5
      vertex 24.642 2.30262 4.2
      vertex 24.6327 2.27509 4.2
    endloop
  endfacet
  facet normal -0.745166 0.496366 0.445364
    outer loop
      vertex 24.808 1.7608 5
      vertex 24.5191 2.04489 4.2
      vertex 24.503 2.02072 4.2
    endloop
  endfacet
  facet normal 0.0655045 -0.997852 0
    outer loop
      vertex -24.1121 34.991 5
      vertex -23.975 35 5.7
      vertex -24.1121 34.991 5.7
    endloop
  endfacet
  facet normal 0.0655045 -0.997852 0
    outer loop
      vertex -23.975 35 5.7
      vertex -24.1121 34.991 5
      vertex -23.975 35 5
    endloop
  endfacet
  facet normal -0.659215 0.751954 0
    outer loop
      vertex 24.7175 1.65754 5
      vertex 24.6142 1.56698 5.7
      vertex 24.7175 1.65754 5.7
    endloop
  endfacet
  facet normal -0.659215 0.751954 0
    outer loop
      vertex 24.6142 1.56698 5.7
      vertex 24.7175 1.65754 5
      vertex 24.6142 1.56698 5
    endloop
  endfacet
  facet normal -0.177609 -0.888045 0.424064
    outer loop
      vertex 23.9975 34.6319 4.2
      vertex 24.1121 34.991 5
      vertex 23.969 34.6376 4.2
    endloop
  endfacet
  facet normal -0.853076 0.290459 0.433469
    outer loop
      vertex 24.6081 2.20284 4.2
      vertex 24.9892 2.12824 5
      vertex 24.6327 2.27509 4.2
    endloop
  endfacet
  facet normal -0.853415 0.289371 0.433529
    outer loop
      vertex 24.9892 2.12824 5
      vertex 24.6081 2.20284 4.2
      vertex 24.9451 1.99818 5
    endloop
  endfacet
  facet normal -0.396734 -0.80524 0.440672
    outer loop
      vertex 24.2406 34.5494 4.2
      vertex 24.3768 34.9201 5
      vertex 24.1722 34.5831 4.2
    endloop
  endfacet
  facet normal -0.397268 -0.80499 0.440647
    outer loop
      vertex 24.3768 34.9201 5
      vertex 24.2406 34.5494 4.2
      vertex 24.5 34.8593 5
    endloop
  endfacet
  facet normal 0.497389 -0.744454 0.445412
    outer loop
      vertex -24.3543 34.478 4.2
      vertex -24.5 34.8593 5
      vertex -24.6142 34.783 5
    endloop
  endfacet
  facet normal 0.497172 -0.744585 0.445435
    outer loop
      vertex -24.5 34.8593 5
      vertex -24.3543 34.478 4.2
      vertex -24.2908 34.5204 4.2
    endloop
  endfacet
  facet normal -0.888037 0.177545 0.424108
    outer loop
      vertex 24.9892 2.12824 5
      vertex 24.6477 2.33113 4.2
      vertex 24.642 2.30262 4.2
    endloop
  endfacet
  facet normal -0.744362 0.497493 0.44545
    outer loop
      vertex 24.5191 2.04489 4.2
      vertex 24.8843 1.875 5
      vertex 24.5615 2.10833 4.2
    endloop
  endfacet
  facet normal -0.744435 0.497376 0.445459
    outer loop
      vertex 24.8843 1.875 5
      vertex 24.5191 2.04489 4.2
      vertex 24.808 1.7608 5
    endloop
  endfacet
  facet normal -0.94704 0.321117 -7.08324e-19
    outer loop
      vertex 24.9451 1.99818 5
      vertex 24.9892 2.12824 5.7
      vertex 24.9892 2.12824 5
    endloop
  endfacet
  facet normal -0.94704 0.321117 -7.08324e-19
    outer loop
      vertex 24.9892 2.12824 5.7
      vertex 24.9451 1.99818 5
      vertex 24.9451 1.99818 5.7
    endloop
  endfacet
  facet normal -0.980776 -0.195136 2.09926e-18
    outer loop
      vertex 25.016 34.0871 5
      vertex 24.9892 34.2218 5.7
      vertex 24.9892 34.2218 5
    endloop
  endfacet
  facet normal -0.980776 -0.195136 2.09926e-18
    outer loop
      vertex 24.9892 34.2218 5.7
      vertex 25.016 34.0871 5
      vertex 25.016 34.0871 5.7
    endloop
  endfacet
  facet normal -0.0595451 0.90909 0.412321
    outer loop
      vertex 23.969 1.71245 4.2
      vertex 23.975 1.35 5
      vertex 24.1121 1.35898 5
    endloop
  endfacet
  facet normal -0.0596103 0.909087 0.41232
    outer loop
      vertex 23.975 1.35 5
      vertex 23.969 1.71245 4.2
      vertex 23.8929 1.70746 4.2
    endloop
  endfacet
  facet normal 0.288702 -0.853688 0.433438
    outer loop
      vertex -24.0999 34.6077 4.2
      vertex -24.0724 34.617 4.2
      vertex -24.2468 34.9642 5
    endloop
  endfacet
  facet normal -0.83149 -0.55554 -1.18098e-18
    outer loop
      vertex 24.8843 34.475 5
      vertex 24.808 34.5892 5.7
      vertex 24.808 34.5892 5
    endloop
  endfacet
  facet normal -0.83149 -0.55554 -1.18098e-18
    outer loop
      vertex 24.808 34.5892 5.7
      vertex 24.8843 34.475 5
      vertex 24.8843 34.475 5.7
    endloop
  endfacet
  facet normal -0.896744 -0.442549 1.08e-18
    outer loop
      vertex 24.9451 34.3518 5
      vertex 24.8843 34.475 5.7
      vertex 24.8843 34.475 5
    endloop
  endfacet
  facet normal -0.896744 -0.442549 1.08e-18
    outer loop
      vertex 24.8843 34.475 5.7
      vertex 24.9451 34.3518 5
      vertex 24.9451 34.3518 5.7
    endloop
  endfacet
  facet normal 0.397739 -0.804729 0.440699
    outer loop
      vertex -24.2667 34.5365 4.2
      vertex -24.2406 34.5494 4.2
      vertex -24.5 34.8593 5
    endloop
  endfacet
  facet normal 0.752171 -0.658968 1.34448e-18
    outer loop
      vertex -24.808 34.5892 5.7
      vertex -24.7175 34.6925 5
      vertex -24.7175 34.6925 5.7
    endloop
  endfacet
  facet normal 0.752171 -0.658968 1.34448e-18
    outer loop
      vertex -24.7175 34.6925 5
      vertex -24.808 34.5892 5.7
      vertex -24.808 34.5892 5
    endloop
  endfacet
  facet normal 0.589174 -0.672505 0.447896
    outer loop
      vertex -24.4335 34.4085 4.2
      vertex -24.6142 34.783 5
      vertex -24.7175 34.6925 5
    endloop
  endfacet
  facet normal 0.589261 -0.672437 0.447884
    outer loop
      vertex -24.6142 34.783 5
      vertex -24.4335 34.4085 4.2
      vertex -24.3761 34.4588 4.2
    endloop
  endfacet
  facet normal 0.442549 -0.896744 0
    outer loop
      vertex -24.5 34.8593 5
      vertex -24.3768 34.9201 5.7
      vertex -24.5 34.8593 5.7
    endloop
  endfacet
  facet normal 0.442549 -0.896744 0
    outer loop
      vertex -24.3768 34.9201 5.7
      vertex -24.5 34.8593 5
      vertex -24.3768 34.9201 5
    endloop
  endfacet
  facet normal 0.32125 -0.946995 0
    outer loop
      vertex -24.3768 34.9201 5
      vertex -24.2468 34.9642 5.7
      vertex -24.3768 34.9201 5.7
    endloop
  endfacet
  facet normal 0.32125 -0.946995 0
    outer loop
      vertex -24.2468 34.9642 5.7
      vertex -24.3768 34.9201 5
      vertex -24.2468 34.9642 5
    endloop
  endfacet
  facet normal -0.397739 -0.804729 0.440699
    outer loop
      vertex 24.2667 34.5365 4.2
      vertex 24.5 34.8593 5
      vertex 24.2406 34.5494 4.2
    endloop
  endfacet
  facet normal -0.497344 -0.744472 0.445432
    outer loop
      vertex 24.2908 34.5204 4.2
      vertex 24.5 34.8593 5
      vertex 24.2667 34.5365 4.2
    endloop
  endfacet
  facet normal -0.176712 0.888236 0.42404
    outer loop
      vertex 24.2468 1.38578 5
      vertex 24.0724 1.733 4.2
      vertex 24.0439 1.72733 4.2
    endloop
  endfacet
  facet normal 0.658968 -0.752171 0
    outer loop
      vertex -24.7175 34.6925 5
      vertex -24.6142 34.783 5.7
      vertex -24.7175 34.6925 5.7
    endloop
  endfacet
  facet normal 0.658968 -0.752171 0
    outer loop
      vertex -24.6142 34.783 5.7
      vertex -24.7175 34.6925 5
      vertex -24.6142 34.783 5
    endloop
  endfacet
  facet normal -0.290078 0.853172 0.433535
    outer loop
      vertex 24.2468 1.38578 5
      vertex 24.0999 1.74235 4.2
      vertex 24.0724 1.733 4.2
    endloop
  endfacet
  facet normal 0.672294 -0.589408 0.447904
    outer loop
      vertex -24.4527 34.3866 4.2
      vertex -24.4335 34.4085 4.2
      vertex -24.7175 34.6925 5
    endloop
  endfacet
  facet normal 0.590965 -0.670992 0.447806
    outer loop
      vertex -24.3761 34.4588 4.2
      vertex -24.3543 34.478 4.2
      vertex -24.6142 34.783 5
    endloop
  endfacet
  facet normal 0.83149 -0.55554 1.18098e-18
    outer loop
      vertex -24.8843 34.475 5.7
      vertex -24.808 34.5892 5
      vertex -24.808 34.5892 5.7
    endloop
  endfacet
  facet normal 0.83149 -0.55554 1.18098e-18
    outer loop
      vertex -24.808 34.5892 5
      vertex -24.8843 34.475 5.7
      vertex -24.8843 34.475 5
    endloop
  endfacet
  facet normal 0.744433 -0.497375 0.445464
    outer loop
      vertex -24.8843 34.475 5
      vertex -24.5191 34.3051 4.2
      vertex -24.808 34.5892 5
    endloop
  endfacet
  facet normal 0.744222 -0.497713 0.445439
    outer loop
      vertex -24.5191 34.3051 4.2
      vertex -24.8843 34.475 5
      vertex -24.5615 34.2417 4.2
    endloop
  endfacet
  facet normal 0.804983 -0.397264 0.440663
    outer loop
      vertex -24.9451 34.3518 5
      vertex -24.5615 34.2417 4.2
      vertex -24.8843 34.475 5
    endloop
  endfacet
  facet normal 0.805005 -0.397214 0.440667
    outer loop
      vertex -24.5615 34.2417 4.2
      vertex -24.9451 34.3518 5
      vertex -24.5953 34.1732 4.2
    endloop
  endfacet
  facet normal -1 0 0
    outer loop
      vertex 10.5 0.15 4.2
      vertex 10.5 1.35 5
      vertex 10.5 1.70555 4.2
    endloop
  endfacet
  facet normal -1 0 0
    outer loop
      vertex 10.5 0.15 5.7
      vertex 10.5 1.35 5
      vertex 10.5 0.15 4.2
    endloop
  endfacet
  facet normal -1 0 0
    outer loop
      vertex 10.5 1.35 5
      vertex 10.5 0.15 5.7
      vertex 10.5 1.35 5.7
    endloop
  endfacet
  facet normal 1 0 0
    outer loop
      vertex -10.5 1.35 5.7
      vertex -10.5 0.15 5.7
      vertex -10.5 1.35 5
    endloop
  endfacet
  facet normal 1 0 0
    outer loop
      vertex -10.5 0.15 4.2
      vertex -10.5 1.35 5
      vertex -10.5 0.15 5.7
    endloop
  endfacet
  facet normal 1 0 0
    outer loop
      vertex -10.5 1.35 5
      vertex -10.5 0.15 4.2
      vertex -10.5 1.70555 4.2
    endloop
  endfacet
  facet normal 0.830332 -0 0.55727
    outer loop
      vertex -2.5 2 5.7
      vertex -1.5 20 4.21
      vertex -2.5 20 5.7
    endloop
  endfacet
  facet normal 0.830332 0 0.55727
    outer loop
      vertex -1.5 20 4.21
      vertex -2.5 2 5.7
      vertex -1.5 2 4.21
    endloop
  endfacet
  facet normal -1 0 0
    outer loop
      vertex -5.5 2 4.2
      vertex -5.5 20 4.21
      vertex -5.5 20 4.2
    endloop
  endfacet
  facet normal -1 -0 0
    outer loop
      vertex -5.5 20 4.21
      vertex -5.5 2 4.2
      vertex -5.5 2 4.21
    endloop
  endfacet
  facet normal -0.830332 0 0.55727
    outer loop
      vertex -5.5 2 4.21
      vertex -4.5 20 5.7
      vertex -5.5 20 4.21
    endloop
  endfacet
  facet normal -0.830332 0 0.55727
    outer loop
      vertex -4.5 20 5.7
      vertex -5.5 2 4.21
      vertex -4.5 2 5.7
    endloop
  endfacet
  facet normal -0 0 1
    outer loop
      vertex -4.5 20 5.7
      vertex -2.5 2 5.7
      vertex -2.5 20 5.7
    endloop
  endfacet
  facet normal 0 0 1
    outer loop
      vertex -2.5 2 5.7
      vertex -4.5 20 5.7
      vertex -4.5 2 5.7
    endloop
  endfacet
  facet normal 1 -0 0
    outer loop
      vertex -1.5 2 4.21
      vertex -1.5 20 4.2
      vertex -1.5 20 4.21
    endloop
  endfacet
  facet normal 1 0 0
    outer loop
      vertex -1.5 20 4.2
      vertex -1.5 2 4.21
      vertex -1.5 2 4.2
    endloop
  endfacet
  facet normal 0 -1 0
    outer loop
      vertex -5.5 2 4.2
      vertex -4.5 2 5.7
      vertex -5.5 2 4.21
    endloop
  endfacet
  facet normal 0 -1 -0
    outer loop
      vertex -4.5 2 5.7
      vertex -5.5 2 4.2
      vertex -2.5 2 5.7
    endloop
  endfacet
  facet normal 0 -1 0
    outer loop
      vertex -1.5 2 4.2
      vertex -2.5 2 5.7
      vertex -5.5 2 4.2
    endloop
  endfacet
  facet normal 0 -1 0
    outer loop
      vertex -2.5 2 5.7
      vertex -1.5 2 4.2
      vertex -1.5 2 4.21
    endloop
  endfacet
  facet normal 0 1 -0
    outer loop
      vertex -1.5 20 4.2
      vertex -2.5 20 5.7
      vertex -1.5 20 4.21
    endloop
  endfacet
  facet normal 0 1 0
    outer loop
      vertex -2.5 20 5.7
      vertex -1.5 20 4.2
      vertex -4.5 20 5.7
    endloop
  endfacet
  facet normal 0 1 0
    outer loop
      vertex -5.5 20 4.2
      vertex -4.5 20 5.7
      vertex -1.5 20 4.2
    endloop
  endfacet
  facet normal 0 1 0
    outer loop
      vertex -4.5 20 5.7
      vertex -5.5 20 4.2
      vertex -5.5 20 4.21
    endloop
  endfacet
  facet normal 0.830332 -0 0.55727
    outer loop
      vertex 4.5 2 5.7
      vertex 5.5 20 4.21
      vertex 4.5 20 5.7
    endloop
  endfacet
  facet normal 0.830332 0 0.55727
    outer loop
      vertex 5.5 20 4.21
      vertex 4.5 2 5.7
      vertex 5.5 2 4.21
    endloop
  endfacet
  facet normal -0 0 1
    outer loop
      vertex 2.5 20 5.7
      vertex 4.5 2 5.7
      vertex 4.5 20 5.7
    endloop
  endfacet
  facet normal 0 0 1
    outer loop
      vertex 4.5 2 5.7
      vertex 2.5 20 5.7
      vertex 2.5 2 5.7
    endloop
  endfacet
  facet normal -1 0 0
    outer loop
      vertex 1.5 2 4.2
      vertex 1.5 20 4.21
      vertex 1.5 20 4.2
    endloop
  endfacet
  facet normal -1 -0 0
    outer loop
      vertex 1.5 20 4.21
      vertex 1.5 2 4.2
      vertex 1.5 2 4.21
    endloop
  endfacet
  facet normal -0.830332 0 0.55727
    outer loop
      vertex 1.5 2 4.21
      vertex 2.5 20 5.7
      vertex 1.5 20 4.21
    endloop
  endfacet
  facet normal -0.830332 0 0.55727
    outer loop
      vertex 2.5 20 5.7
      vertex 1.5 2 4.21
      vertex 2.5 2 5.7
    endloop
  endfacet
  facet normal 0 1 -0
    outer loop
      vertex 5.5 20 4.2
      vertex 4.5 20 5.7
      vertex 5.5 20 4.21
    endloop
  endfacet
  facet normal 0 1 0
    outer loop
      vertex 4.5 20 5.7
      vertex 5.5 20 4.2
      vertex 2.5 20 5.7
    endloop
  endfacet
  facet normal 0 1 0
    outer loop
      vertex 1.5 20 4.2
      vertex 2.5 20 5.7
      vertex 5.5 20 4.2
    endloop
  endfacet
  facet normal 0 1 0
    outer loop
      vertex 2.5 20 5.7
      vertex 1.5 20 4.2
      vertex 1.5 20 4.21
    endloop
  endfacet
  facet normal 1 -0 0
    outer loop
      vertex 5.5 2 4.21
      vertex 5.5 20 4.2
      vertex 5.5 20 4.21
    endloop
  endfacet
  facet normal 1 0 0
    outer loop
      vertex 5.5 20 4.2
      vertex 5.5 2 4.21
      vertex 5.5 2 4.2
    endloop
  endfacet
  facet normal 0 -1 0
    outer loop
      vertex 1.5 2 4.2
      vertex 2.5 2 5.7
      vertex 1.5 2 4.21
    endloop
  endfacet
  facet normal 0 -1 -0
    outer loop
      vertex 2.5 2 5.7
      vertex 1.5 2 4.2
      vertex 4.5 2 5.7
    endloop
  endfacet
  facet normal 0 -1 0
    outer loop
      vertex 5.5 2 4.2
      vertex 4.5 2 5.7
      vertex 1.5 2 4.2
    endloop
  endfacet
  facet normal 0 -1 0
    outer loop
      vertex 4.5 2 5.7
      vertex 5.5 2 4.2
      vertex 5.5 2 4.21
    endloop
  endfacet
  facet normal 1 -0 0
    outer loop
      vertex -9.3 12 7.85
      vertex -9.3 22 4.2
      vertex -9.3 22 7.85
    endloop
  endfacet
  facet normal 1 0 0
    outer loop
      vertex -9.3 22 4.2
      vertex -9.3 12 7.85
      vertex -9.3 12 4.2
    endloop
  endfacet
  facet normal -1 0 0
    outer loop
      vertex -14.45 12 4.2
      vertex -14.45 22 4.21
      vertex -14.45 22 4.2
    endloop
  endfacet
  facet normal -1 -0 0
    outer loop
      vertex -14.45 22 4.21
      vertex -14.45 12 4.2
      vertex -14.45 12 4.21
    endloop
  endfacet
  facet normal 0 -1 0
    outer loop
      vertex -9.3 12 4.2
      vertex -10.8 12 7.85
      vertex -14.45 12 4.21
    endloop
  endfacet
  facet normal 0 -1 0
    outer loop
      vertex -9.3 12 4.2
      vertex -14.45 12 4.21
      vertex -14.45 12 4.2
    endloop
  endfacet
  facet normal 0 -1 0
    outer loop
      vertex -10.8 12 7.85
      vertex -9.3 12 4.2
      vertex -9.3 12 7.85
    endloop
  endfacet
  facet normal -0.706136 -1.16131e-17 0.708076
    outer loop
      vertex -14.45 22 4.21
      vertex -10.8 12 7.85
      vertex -10.8 22 7.85
    endloop
  endfacet
  facet normal -0.706136 -1.16131e-17 0.708076
    outer loop
      vertex -10.8 12 7.85
      vertex -14.45 22 4.21
      vertex -14.45 12 4.21
    endloop
  endfacet
  facet normal 0 1 -0
    outer loop
      vertex -9.3 22 4.2
      vertex -10.8 22 7.85
      vertex -9.3 22 7.85
    endloop
  endfacet
  facet normal 0 1 0
    outer loop
      vertex -10.8 22 7.85
      vertex -9.3 22 4.2
      vertex -14.45 22 4.21
    endloop
  endfacet
  facet normal 0 1 0
    outer loop
      vertex -14.45 22 4.21
      vertex -9.3 22 4.2
      vertex -14.45 22 4.2
    endloop
  endfacet
  facet normal -0 0 1
    outer loop
      vertex -10.8 22 7.85
      vertex -9.3 12 7.85
      vertex -9.3 22 7.85
    endloop
  endfacet
  facet normal 0 0 1
    outer loop
      vertex -9.3 12 7.85
      vertex -10.8 22 7.85
      vertex -10.8 12 7.85
    endloop
  endfacet
  facet normal 0 1 0
    outer loop
      vertex 9.3 22 4.2
      vertex 10.8 22 7.85
      vertex 14.45 22 4.21
    endloop
  endfacet
  facet normal 0 1 0
    outer loop
      vertex 9.3 22 4.2
      vertex 14.45 22 4.21
      vertex 14.45 22 4.2
    endloop
  endfacet
  facet normal 0 1 0
    outer loop
      vertex 10.8 22 7.85
      vertex 9.3 22 4.2
      vertex 9.3 22 7.85
    endloop
  endfacet
  facet normal -1 0 0
    outer loop
      vertex 9.3 12 4.2
      vertex 9.3 22 7.85
      vertex 9.3 22 4.2
    endloop
  endfacet
  facet normal -1 -0 0
    outer loop
      vertex 9.3 22 7.85
      vertex 9.3 12 4.2
      vertex 9.3 12 7.85
    endloop
  endfacet
  facet normal 0 -1 0
    outer loop
      vertex 9.3 12 4.2
      vertex 10.8 12 7.85
      vertex 9.3 12 7.85
    endloop
  endfacet
  facet normal 0 -1 -0
    outer loop
      vertex 10.8 12 7.85
      vertex 9.3 12 4.2
      vertex 14.45 12 4.21
    endloop
  endfacet
  facet normal 0 -1 -0
    outer loop
      vertex 14.45 12 4.21
      vertex 9.3 12 4.2
      vertex 14.45 12 4.2
    endloop
  endfacet
  facet normal 1 -0 0
    outer loop
      vertex 14.45 12 4.21
      vertex 14.45 22 4.2
      vertex 14.45 22 4.21
    endloop
  endfacet
  facet normal 1 0 0
    outer loop
      vertex 14.45 22 4.2
      vertex 14.45 12 4.21
      vertex 14.45 12 4.2
    endloop
  endfacet
  facet normal -0 0 1
    outer loop
      vertex 9.3 22 7.85
      vertex 10.8 12 7.85
      vertex 10.8 22 7.85
    endloop
  endfacet
  facet normal 0 0 1
    outer loop
      vertex 10.8 12 7.85
      vertex 9.3 22 7.85
      vertex 9.3 12 7.85
    endloop
  endfacet
  facet normal 0.706136 1.16131e-17 0.708076
    outer loop
      vertex 10.8 22 7.85
      vertex 14.45 12 4.21
      vertex 14.45 22 4.21
    endloop
  endfacet
  facet normal 0.706136 1.16131e-17 0.708076
    outer loop
      vertex 14.45 12 4.21
      vertex 10.8 22 7.85
      vertex 10.8 12 7.85
    endloop
  endfacet
  facet normal -0.706263 0 0.707949
    outer loop
      vertex -21.7 23.25 4.21
      vertex -17.5 25.45 8.4
      vertex -21.7 29.65 4.21
    endloop
  endfacet
  facet normal -0.706263 0 0.707949
    outer loop
      vertex -17.5 25.45 8.4
      vertex -21.7 23.25 4.21
      vertex -17.5 23.25 8.4
    endloop
  endfacet
  facet normal 1.75077e-17 0.706263 0.707949
    outer loop
      vertex -14.49 29.65 4.21
      vertex -17.5 25.45 8.4
      vertex -14.49 25.45 8.4
    endloop
  endfacet
  facet normal 7.30904e-18 0.706263 0.707949
    outer loop
      vertex -17.5 25.45 8.4
      vertex -14.49 29.65 4.21
      vertex -21.7 29.65 4.21
    endloop
  endfacet
  facet normal -1 0 0
    outer loop
      vertex -21.7 23.25 4.2
      vertex -21.7 29.65 4.21
      vertex -21.7 29.65 4.2
    endloop
  endfacet
  facet normal -1 -0 0
    outer loop
      vertex -21.7 29.65 4.21
      vertex -21.7 23.25 4.2
      vertex -21.7 23.25 4.21
    endloop
  endfacet
  facet normal 0 1 -0
    outer loop
      vertex -14.49 29.65 4.2
      vertex -21.7 29.65 4.21
      vertex -14.49 29.65 4.21
    endloop
  endfacet
  facet normal 0 1 0
    outer loop
      vertex -21.7 29.65 4.21
      vertex -14.49 29.65 4.2
      vertex -21.7 29.65 4.2
    endloop
  endfacet
  facet normal 0 -1 0
    outer loop
      vertex -17.5 23.25 8.4
      vertex -6 23.25 8.25
      vertex 15 23.25 8.4
    endloop
  endfacet
  facet normal 0 -1 0
    outer loop
      vertex -14.49 23.25 5.2
      vertex -6 23.25 8.25
      vertex -17.5 23.25 8.4
    endloop
  endfacet
  facet normal 0 -1 -0
    outer loop
      vertex -6 23.25 7.15
      vertex -14.49 23.25 5.2
      vertex -2 23.25 7.15
    endloop
  endfacet
  facet normal 0 -1 -0
    outer loop
      vertex -6 23.25 8.25
      vertex -14.49 23.25 5.2
      vertex -6 23.25 7.15
    endloop
  endfacet
  facet normal 0 -1 0
    outer loop
      vertex -21.7 23.25 4.21
      vertex -14.49 23.25 5.2
      vertex -17.5 23.25 8.4
    endloop
  endfacet
  facet normal 0 -1 0
    outer loop
      vertex -14.49 23.25 4.2
      vertex -21.7 23.25 4.21
      vertex -21.7 23.25 4.2
    endloop
  endfacet
  facet normal 0 -1 0
    outer loop
      vertex -21.7 23.25 4.21
      vertex -14.49 23.25 4.2
      vertex -14.49 23.25 5.2
    endloop
  endfacet
  facet normal 0 -1 0
    outer loop
      vertex -2 23.25 8.25
      vertex 15 23.25 8.4
      vertex -6 23.25 8.25
    endloop
  endfacet
  facet normal 0 -1 0
    outer loop
      vertex 11.99 23.25 5.2
      vertex -2 23.25 8.25
      vertex -2 23.25 7.15
    endloop
  endfacet
  facet normal 0 -1 0
    outer loop
      vertex 11.99 23.25 5.2
      vertex -2 23.25 7.15
      vertex -14.49 23.25 5.2
    endloop
  endfacet
  facet normal 0 -1 0
    outer loop
      vertex -2 23.25 8.25
      vertex 11.99 23.25 5.2
      vertex 15 23.25 8.4
    endloop
  endfacet
  facet normal 0 -1 0
    outer loop
      vertex 11.99 23.25 5.2
      vertex 19.2 23.25 4.21
      vertex 15 23.25 8.4
    endloop
  endfacet
  facet normal 0 -1 0
    outer loop
      vertex 11.99 23.25 4.2
      vertex 19.2 23.25 4.21
      vertex 11.99 23.25 5.2
    endloop
  endfacet
  facet normal 0 -1 -0
    outer loop
      vertex 19.2 23.25 4.21
      vertex 11.99 23.25 4.2
      vertex 19.2 23.25 4.2
    endloop
  endfacet
  facet normal 0 0 1
    outer loop
      vertex -14.49 25.45 8.4
      vertex -17.5 25.45 8.4
      vertex -14.49 24.45 8.4
    endloop
  endfacet
  facet normal 0 0 1
    outer loop
      vertex 11.99 24.45 8.4
      vertex 15 25.45 8.4
      vertex 11.99 25.45 8.4
    endloop
  endfacet
  facet normal 0 0 1
    outer loop
      vertex 15 25.45 8.4
      vertex 11.99 24.45 8.4
      vertex 15 23.25 8.4
    endloop
  endfacet
  facet normal -0 0 1
    outer loop
      vertex -14.49 24.45 8.4
      vertex 15 23.25 8.4
      vertex 11.99 24.45 8.4
    endloop
  endfacet
  facet normal 0 0 1
    outer loop
      vertex -14.49 24.45 8.4
      vertex -17.5 23.25 8.4
      vertex 15 23.25 8.4
    endloop
  endfacet
  facet normal 0 0 1
    outer loop
      vertex -17.5 23.25 8.4
      vertex -14.49 24.45 8.4
      vertex -17.5 25.45 8.4
    endloop
  endfacet
  facet normal 1 -0 0
    outer loop
      vertex -14.49 24.45 5.2
      vertex -14.49 29.65 4.21
      vertex -14.49 25.45 8.4
    endloop
  endfacet
  facet normal 1 0 0
    outer loop
      vertex -14.49 24.45 5.2
      vertex -14.49 25.45 8.4
      vertex -14.49 24.45 8.4
    endloop
  endfacet
  facet normal 1 0 0
    outer loop
      vertex -14.49 29.65 4.21
      vertex -14.49 24.45 5.2
      vertex -14.49 29.65 4.2
    endloop
  endfacet
  facet normal 1 0 0
    outer loop
      vertex -14.49 23.25 4.2
      vertex -14.49 24.45 5.2
      vertex -14.49 23.25 5.2
    endloop
  endfacet
  facet normal 1 0 0
    outer loop
      vertex -14.49 24.45 5.2
      vertex -14.49 23.25 4.2
      vertex -14.49 29.65 4.2
    endloop
  endfacet
  facet normal -0 0.706263 0.707949
    outer loop
      vertex 11.99 29.65 4.21
      vertex 15 25.45 8.4
      vertex 19.2 29.65 4.21
    endloop
  endfacet
  facet normal 0 0.706263 0.707949
    outer loop
      vertex 15 25.45 8.4
      vertex 11.99 29.65 4.21
      vertex 11.99 25.45 8.4
    endloop
  endfacet
  facet normal 0 1 -0
    outer loop
      vertex 19.2 29.65 4.2
      vertex 11.99 29.65 4.21
      vertex 19.2 29.65 4.21
    endloop
  endfacet
  facet normal 0 1 0
    outer loop
      vertex 11.99 29.65 4.21
      vertex 19.2 29.65 4.2
      vertex 11.99 29.65 4.2
    endloop
  endfacet
  facet normal 0.706263 8.23409e-18 0.707949
    outer loop
      vertex 15 25.45 8.4
      vertex 19.2 23.25 4.21
      vertex 19.2 29.65 4.21
    endloop
  endfacet
  facet normal 0.706263 2.39537e-17 0.707949
    outer loop
      vertex 19.2 23.25 4.21
      vertex 15 25.45 8.4
      vertex 15 23.25 8.4
    endloop
  endfacet
  facet normal -1 0 0
    outer loop
      vertex 11.99 24.45 5.2
      vertex 11.99 29.65 4.21
      vertex 11.99 29.65 4.2
    endloop
  endfacet
  facet normal -1 0 0
    outer loop
      vertex 11.99 29.65 4.21
      vertex 11.99 24.45 5.2
      vertex 11.99 25.45 8.4
    endloop
  endfacet
  facet normal -1 0 0
    outer loop
      vertex 11.99 23.25 4.2
      vertex 11.99 24.45 5.2
      vertex 11.99 29.65 4.2
    endloop
  endfacet
  facet normal -1 -0 0
    outer loop
      vertex 11.99 24.45 5.2
      vertex 11.99 23.25 4.2
      vertex 11.99 23.25 5.2
    endloop
  endfacet
  facet normal -1 -0 0
    outer loop
      vertex 11.99 25.45 8.4
      vertex 11.99 24.45 5.2
      vertex 11.99 24.45 8.4
    endloop
  endfacet
  facet normal 1 -0 0
    outer loop
      vertex 19.2 23.25 4.21
      vertex 19.2 29.65 4.2
      vertex 19.2 29.65 4.21
    endloop
  endfacet
  facet normal 1 0 0
    outer loop
      vertex 19.2 29.65 4.2
      vertex 19.2 23.25 4.21
      vertex 19.2 23.25 4.2
    endloop
  endfacet
  facet normal 0 1 -0
    outer loop
      vertex 11.99 24.45 5.2
      vertex -14.49 24.45 8.4
      vertex 11.99 24.45 8.4
    endloop
  endfacet
  facet normal 0 1 0
    outer loop
      vertex -14.49 24.45 8.4
      vertex 11.99 24.45 5.2
      vertex -14.49 24.45 5.2
    endloop
  endfacet
  facet normal 0 0 -1
    outer loop
      vertex -14.49 23.25 5.2
      vertex 11.99 24.45 5.2
      vertex 11.99 23.25 5.2
    endloop
  endfacet
  facet normal -0 0 -1
    outer loop
      vertex 11.99 24.45 5.2
      vertex -14.49 23.25 5.2
      vertex -14.49 24.45 5.2
    endloop
  endfacet
  facet normal 0 -0.679408 0.733761
    outer loop
      vertex -6 23.24 8.25
      vertex -2 22.7 7.75
      vertex -2 23.24 8.25
    endloop
  endfacet
  facet normal 0 -0.679408 0.733761
    outer loop
      vertex -2 22.7 7.75
      vertex -6 23.24 8.25
      vertex -6 22.7 7.75
    endloop
  endfacet
  facet normal 0 -1 0
    outer loop
      vertex -6 22.7 7.65
      vertex -2 22.7 7.75
      vertex -6 22.7 7.75
    endloop
  endfacet
  facet normal 0 -1 -0
    outer loop
      vertex -2 22.7 7.75
      vertex -6 22.7 7.65
      vertex -2 22.7 7.65
    endloop
  endfacet
  facet normal 0 -0.679408 -0.733761
    outer loop
      vertex -6 22.7 7.65
      vertex -2 23.24 7.15
      vertex -2 22.7 7.65
    endloop
  endfacet
  facet normal -0 -0.679408 -0.733761
    outer loop
      vertex -2 23.24 7.15
      vertex -6 22.7 7.65
      vertex -6 23.24 7.15
    endloop
  endfacet
  facet normal -0 0 1
    outer loop
      vertex -6 23.25 8.25
      vertex -2 23.24 8.25
      vertex -2 23.25 8.25
    endloop
  endfacet
  facet normal 0 0 1
    outer loop
      vertex -2 23.24 8.25
      vertex -6 23.25 8.25
      vertex -6 23.24 8.25
    endloop
  endfacet
  facet normal 0 0 -1
    outer loop
      vertex -6 23.24 7.15
      vertex -2 23.25 7.15
      vertex -2 23.24 7.15
    endloop
  endfacet
  facet normal -0 0 -1
    outer loop
      vertex -2 23.25 7.15
      vertex -6 23.24 7.15
      vertex -6 23.25 7.15
    endloop
  endfacet
  facet normal 1 -0 0
    outer loop
      vertex -2 23.24 8.25
      vertex -2 23.25 7.15
      vertex -2 23.25 8.25
    endloop
  endfacet
  facet normal 1 0 0
    outer loop
      vertex -2 23.24 8.25
      vertex -2 23.24 7.15
      vertex -2 23.25 7.15
    endloop
  endfacet
  facet normal 1 -0 0
    outer loop
      vertex -2 22.7 7.75
      vertex -2 23.24 7.15
      vertex -2 23.24 8.25
    endloop
  endfacet
  facet normal 1 0 0
    outer loop
      vertex -2 23.24 7.15
      vertex -2 22.7 7.75
      vertex -2 22.7 7.65
    endloop
  endfacet
  facet normal -1 0 0
    outer loop
      vertex -6 23.24 7.15
      vertex -6 23.25 8.25
      vertex -6 23.25 7.15
    endloop
  endfacet
  facet normal -1 0 0
    outer loop
      vertex -6 23.24 7.15
      vertex -6 23.24 8.25
      vertex -6 23.25 8.25
    endloop
  endfacet
  facet normal -1 0 0
    outer loop
      vertex -6 22.7 7.65
      vertex -6 23.24 8.25
      vertex -6 23.24 7.15
    endloop
  endfacet
  facet normal -1 0 0
    outer loop
      vertex -6 23.24 8.25
      vertex -6 22.7 7.65
      vertex -6 22.7 7.75
    endloop
  endfacet
  facet normal -0 0.706263 0.707949
    outer loop
      vertex -6 30.45 4.21
      vertex -2 26.25 8.4
      vertex -2 30.45 4.21
    endloop
  endfacet
  facet normal 0 0.706263 0.707949
    outer loop
      vertex -2 26.25 8.4
      vertex -6 30.45 4.21
      vertex -6 26.25 8.4
    endloop
  endfacet
  facet normal 0 -1 0
    outer loop
      vertex -6 25.05 4.2
      vertex -2 25.05 8.4
      vertex -6 25.05 8.4
    endloop
  endfacet
  facet normal 0 -1 -0
    outer loop
      vertex -2 25.05 8.4
      vertex -6 25.05 4.2
      vertex -2 25.05 4.2
    endloop
  endfacet
  facet normal 0 1 -0
    outer loop
      vertex -2 30.45 4.2
      vertex -6 30.45 4.21
      vertex -2 30.45 4.21
    endloop
  endfacet
  facet normal 0 1 0
    outer loop
      vertex -6 30.45 4.21
      vertex -2 30.45 4.2
      vertex -6 30.45 4.2
    endloop
  endfacet
  facet normal 1 0 0
    outer loop
      vertex -2 25.05 4.2
      vertex -2 30.45 4.21
      vertex -2 26.25 8.4
    endloop
  endfacet
  facet normal 1 0 0
    outer loop
      vertex -2 25.05 4.2
      vertex -2 26.25 8.4
      vertex -2 25.05 8.4
    endloop
  endfacet
  facet normal 1 0 0
    outer loop
      vertex -2 30.45 4.21
      vertex -2 25.05 4.2
      vertex -2 30.45 4.2
    endloop
  endfacet
  facet normal -1 0 0
    outer loop
      vertex -6 25.05 4.2
      vertex -6 30.45 4.21
      vertex -6 30.45 4.2
    endloop
  endfacet
  facet normal -1 -0 0
    outer loop
      vertex -6 30.45 4.21
      vertex -6 25.05 4.2
      vertex -6 26.25 8.4
    endloop
  endfacet
  facet normal -1 -0 0
    outer loop
      vertex -6 26.25 8.4
      vertex -6 25.05 4.2
      vertex -6 25.05 8.4
    endloop
  endfacet
  facet normal -0 0 1
    outer loop
      vertex -6 26.25 8.4
      vertex -2 25.05 8.4
      vertex -2 26.25 8.4
    endloop
  endfacet
  facet normal 0 0 1
    outer loop
      vertex -2 25.05 8.4
      vertex -6 26.25 8.4
      vertex -6 25.05 8.4
    endloop
  endfacet
  facet normal -0.980757 0.195234 -7.58796e-19
    outer loop
      vertex -20.2443 5.66354 1.2
      vertex -20.2111 5.83032 4.2
      vertex -20.2111 5.83032 1.2
    endloop
  endfacet
  facet normal -0.980757 0.195234 -7.58796e-19
    outer loop
      vertex -20.2111 5.83032 4.2
      vertex -20.2443 5.66354 1.2
      vertex -20.2443 5.66354 4.2
    endloop
  endfacet
  facet normal -0.997867 0.0652777 6.43855e-21
    outer loop
      vertex -20.2111 5.83032 1.2
      vertex -20.2 6 4.2
      vertex -20.2 6 1.2
    endloop
  endfacet
  facet normal -0.997867 0.0652777 6.43855e-21
    outer loop
      vertex -20.2 6 4.2
      vertex -20.2111 5.83032 1.2
      vertex -20.2111 5.83032 4.2
    endloop
  endfacet
  facet normal -0.946863 0.321638 9.33685e-19
    outer loop
      vertex -20.299 5.50251 1.2
      vertex -20.2443 5.66354 4.2
      vertex -20.2443 5.66354 1.2
    endloop
  endfacet
  facet normal -0.946863 0.321638 9.33685e-19
    outer loop
      vertex -20.2443 5.66354 4.2
      vertex -20.299 5.50251 1.2
      vertex -20.299 5.50251 4.2
    endloop
  endfacet
  facet normal 0.195098 -0.980784 0
    outer loop
      vertex -21.8365 7.2557 1.2
      vertex -21.6697 7.28888 4.2
      vertex -21.8365 7.2557 4.2
    endloop
  endfacet
  facet normal 0.195098 -0.980784 0
    outer loop
      vertex -21.6697 7.28888 4.2
      vertex -21.8365 7.2557 1.2
      vertex -21.6697 7.28888 1.2
    endloop
  endfacet
  facet normal -0.442314 0.89686 0
    outer loop
      vertex -20.85 4.87417 1.2
      vertex -21.0025 4.79896 4.2
      vertex -20.85 4.87417 4.2
    endloop
  endfacet
  facet normal -0.442314 0.89686 0
    outer loop
      vertex -21.0025 4.79896 4.2
      vertex -20.85 4.87417 1.2
      vertex -21.0025 4.79896 1.2
    endloop
  endfacet
  facet normal -0.896895 0.442243 7.42798e-19
    outer loop
      vertex -20.3742 5.35 1.2
      vertex -20.299 5.50251 4.2
      vertex -20.299 5.50251 1.2
    endloop
  endfacet
  facet normal -0.896895 0.442243 7.42798e-19
    outer loop
      vertex -20.299 5.50251 4.2
      vertex -20.3742 5.35 1.2
      vertex -20.3742 5.35 4.2
    endloop
  endfacet
  facet normal -0.83167 0.55527 -7.1253e-19
    outer loop
      vertex -20.4686 5.20861 1.2
      vertex -20.3742 5.35 4.2
      vertex -20.3742 5.35 1.2
    endloop
  endfacet
  facet normal -0.83167 0.55527 -7.1253e-19
    outer loop
      vertex -20.3742 5.35 4.2
      vertex -20.4686 5.20861 1.2
      vertex -20.4686 5.20861 4.2
    endloop
  endfacet
  facet normal -0.751611 -0.659607 -3.00582e-20
    outer loop
      vertex -20.4686 6.79139 1.2
      vertex -20.5808 6.91924 4.2
      vertex -20.5808 6.91924 1.2
    endloop
  endfacet
  facet normal -0.751611 -0.659607 -3.00582e-20
    outer loop
      vertex -20.5808 6.91924 4.2
      vertex -20.4686 6.79139 1.2
      vertex -20.4686 6.79139 4.2
    endloop
  endfacet
  facet normal 0.442314 0.89686 -0
    outer loop
      vertex -21.9975 4.79896 1.2
      vertex -22.15 4.87417 4.2
      vertex -21.9975 4.79896 4.2
    endloop
  endfacet
  facet normal 0.442314 0.89686 0
    outer loop
      vertex -22.15 4.87417 4.2
      vertex -21.9975 4.79896 1.2
      vertex -22.15 4.87417 1.2
    endloop
  endfacet
  facet normal 0.997867 -0.0652777 6.43855e-21
    outer loop
      vertex -22.8 6 4.2
      vertex -22.7889 6.16968 1.2
      vertex -22.7889 6.16968 4.2
    endloop
  endfacet
  facet normal 0.997867 -0.0652777 6.43855e-21
    outer loop
      vertex -22.7889 6.16968 1.2
      vertex -22.8 6 4.2
      vertex -22.8 6 1.2
    endloop
  endfacet
  facet normal -0.896895 -0.442243 -7.42798e-19
    outer loop
      vertex -20.299 6.49749 1.2
      vertex -20.3742 6.65 4.2
      vertex -20.3742 6.65 1.2
    endloop
  endfacet
  facet normal -0.896895 -0.442243 -7.42798e-19
    outer loop
      vertex -20.3742 6.65 4.2
      vertex -20.299 6.49749 1.2
      vertex -20.299 6.49749 4.2
    endloop
  endfacet
  facet normal 0.659487 0.751716 -0
    outer loop
      vertex -22.2914 4.96864 1.2
      vertex -22.4192 5.08076 4.2
      vertex -22.2914 4.96864 4.2
    endloop
  endfacet
  facet normal 0.659487 0.751716 0
    outer loop
      vertex -22.4192 5.08076 4.2
      vertex -22.2914 4.96864 1.2
      vertex -22.4192 5.08076 1.2
    endloop
  endfacet
  facet normal -0.751611 0.659607 3.00582e-20
    outer loop
      vertex -20.5808 5.08076 1.2
      vertex -20.4686 5.20861 4.2
      vertex -20.4686 5.20861 1.2
    endloop
  endfacet
  facet normal -0.751611 0.659607 3.00582e-20
    outer loop
      vertex -20.4686 5.20861 4.2
      vertex -20.5808 5.08076 1.2
      vertex -20.5808 5.08076 4.2
    endloop
  endfacet
  facet normal -0.980757 -0.195234 7.58796e-19
    outer loop
      vertex -20.2111 6.16968 1.2
      vertex -20.2443 6.33646 4.2
      vertex -20.2443 6.33646 1.2
    endloop
  endfacet
  facet normal -0.980757 -0.195234 7.58796e-19
    outer loop
      vertex -20.2443 6.33646 4.2
      vertex -20.2111 6.16968 1.2
      vertex -20.2111 6.16968 4.2
    endloop
  endfacet
  facet normal -0.946863 -0.321638 -9.33685e-19
    outer loop
      vertex -20.2443 6.33646 1.2
      vertex -20.299 6.49749 4.2
      vertex -20.299 6.49749 1.2
    endloop
  endfacet
  facet normal -0.946863 -0.321638 -9.33685e-19
    outer loop
      vertex -20.299 6.49749 4.2
      vertex -20.2443 6.33646 1.2
      vertex -20.2443 6.33646 4.2
    endloop
  endfacet
  facet normal 0.980757 -0.195234 -7.58796e-19
    outer loop
      vertex -22.7889 6.16968 4.2
      vertex -22.7557 6.33646 1.2
      vertex -22.7557 6.33646 4.2
    endloop
  endfacet
  facet normal 0.980757 -0.195234 -7.58796e-19
    outer loop
      vertex -22.7557 6.33646 1.2
      vertex -22.7889 6.16968 4.2
      vertex -22.7889 6.16968 1.2
    endloop
  endfacet
  facet normal 0.751611 -0.659607 3.00582e-20
    outer loop
      vertex -22.5314 6.79139 4.2
      vertex -22.4192 6.91924 1.2
      vertex -22.4192 6.91924 4.2
    endloop
  endfacet
  facet normal 0.751611 -0.659607 3.00582e-20
    outer loop
      vertex -22.4192 6.91924 1.2
      vertex -22.5314 6.79139 4.2
      vertex -22.5314 6.79139 1.2
    endloop
  endfacet
  facet normal -0.555528 0.831498 0
    outer loop
      vertex -20.7086 4.96864 1.2
      vertex -20.85 4.87417 4.2
      vertex -20.7086 4.96864 4.2
    endloop
  endfacet
  facet normal -0.555528 0.831498 0
    outer loop
      vertex -20.85 4.87417 4.2
      vertex -20.7086 4.96864 1.2
      vertex -20.85 4.87417 1.2
    endloop
  endfacet
  facet normal -0.83167 -0.55527 7.1253e-19
    outer loop
      vertex -20.3742 6.65 1.2
      vertex -20.4686 6.79139 4.2
      vertex -20.4686 6.79139 1.2
    endloop
  endfacet
  facet normal -0.83167 -0.55527 7.1253e-19
    outer loop
      vertex -20.4686 6.79139 4.2
      vertex -20.3742 6.65 1.2
      vertex -20.3742 6.65 4.2
    endloop
  endfacet
  facet normal -0.321481 -0.946916 0
    outer loop
      vertex -21.1635 7.2557 1.2
      vertex -21.0025 7.20104 4.2
      vertex -21.1635 7.2557 4.2
    endloop
  endfacet
  facet normal -0.321481 -0.946916 -0
    outer loop
      vertex -21.0025 7.20104 4.2
      vertex -21.1635 7.2557 1.2
      vertex -21.0025 7.20104 1.2
    endloop
  endfacet
  facet normal -0.195098 -0.980784 0
    outer loop
      vertex -21.3303 7.28888 1.2
      vertex -21.1635 7.2557 4.2
      vertex -21.3303 7.28888 4.2
    endloop
  endfacet
  facet normal -0.195098 -0.980784 -0
    outer loop
      vertex -21.1635 7.2557 4.2
      vertex -21.3303 7.28888 1.2
      vertex -21.1635 7.2557 1.2
    endloop
  endfacet
  facet normal 0.0653872 -0.99786 0
    outer loop
      vertex -21.6697 7.28888 1.2
      vertex -21.5 7.3 4.2
      vertex -21.6697 7.28888 4.2
    endloop
  endfacet
  facet normal 0.0653872 -0.99786 0
    outer loop
      vertex -21.5 7.3 4.2
      vertex -21.6697 7.28888 1.2
      vertex -21.5 7.3 1.2
    endloop
  endfacet
  facet normal 0.659487 -0.751716 0
    outer loop
      vertex -22.4192 6.91924 1.2
      vertex -22.2914 7.03136 4.2
      vertex -22.4192 6.91924 4.2
    endloop
  endfacet
  facet normal 0.659487 -0.751716 0
    outer loop
      vertex -22.2914 7.03136 4.2
      vertex -22.4192 6.91924 1.2
      vertex -22.2914 7.03136 1.2
    endloop
  endfacet
  facet normal -0.659487 0.751716 0
    outer loop
      vertex -20.5808 5.08076 1.2
      vertex -20.7086 4.96864 4.2
      vertex -20.5808 5.08076 4.2
    endloop
  endfacet
  facet normal -0.659487 0.751716 0
    outer loop
      vertex -20.7086 4.96864 4.2
      vertex -20.5808 5.08076 1.2
      vertex -20.7086 4.96864 1.2
    endloop
  endfacet
  facet normal 0.980757 0.195234 7.58796e-19
    outer loop
      vertex -22.7557 5.66354 4.2
      vertex -22.7889 5.83032 1.2
      vertex -22.7889 5.83032 4.2
    endloop
  endfacet
  facet normal 0.980757 0.195234 7.58796e-19
    outer loop
      vertex -22.7889 5.83032 1.2
      vertex -22.7557 5.66354 4.2
      vertex -22.7557 5.66354 1.2
    endloop
  endfacet
  facet normal 0.321481 0.946916 -0
    outer loop
      vertex -21.8365 4.7443 1.2
      vertex -21.9975 4.79896 4.2
      vertex -21.8365 4.7443 4.2
    endloop
  endfacet
  facet normal 0.321481 0.946916 0
    outer loop
      vertex -21.9975 4.79896 4.2
      vertex -21.8365 4.7443 1.2
      vertex -21.9975 4.79896 1.2
    endloop
  endfacet
  facet normal 0.946863 -0.321638 9.33685e-19
    outer loop
      vertex -22.7557 6.33646 4.2
      vertex -22.701 6.49749 1.2
      vertex -22.701 6.49749 4.2
    endloop
  endfacet
  facet normal 0.946863 -0.321638 9.33685e-19
    outer loop
      vertex -22.701 6.49749 1.2
      vertex -22.7557 6.33646 4.2
      vertex -22.7557 6.33646 1.2
    endloop
  endfacet
  facet normal -0.0653872 -0.99786 0
    outer loop
      vertex -21.5 7.3 1.2
      vertex -21.3303 7.28888 4.2
      vertex -21.5 7.3 4.2
    endloop
  endfacet
  facet normal -0.0653872 -0.99786 -0
    outer loop
      vertex -21.3303 7.28888 4.2
      vertex -21.5 7.3 1.2
      vertex -21.3303 7.28888 1.2
    endloop
  endfacet
  facet normal 0.751611 0.659607 -3.00582e-20
    outer loop
      vertex -22.4192 5.08076 4.2
      vertex -22.5314 5.20861 1.2
      vertex -22.5314 5.20861 4.2
    endloop
  endfacet
  facet normal 0.751611 0.659607 -3.00582e-20
    outer loop
      vertex -22.5314 5.20861 1.2
      vertex -22.4192 5.08076 4.2
      vertex -22.4192 5.08076 1.2
    endloop
  endfacet
  facet normal 0.83167 0.55527 7.1253e-19
    outer loop
      vertex -22.5314 5.20861 4.2
      vertex -22.6258 5.35 1.2
      vertex -22.6258 5.35 4.2
    endloop
  endfacet
  facet normal 0.83167 0.55527 7.1253e-19
    outer loop
      vertex -22.6258 5.35 1.2
      vertex -22.5314 5.20861 4.2
      vertex -22.5314 5.20861 1.2
    endloop
  endfacet
  facet normal 0.946863 0.321638 -9.33685e-19
    outer loop
      vertex -22.701 5.50251 4.2
      vertex -22.7557 5.66354 1.2
      vertex -22.7557 5.66354 4.2
    endloop
  endfacet
  facet normal 0.946863 0.321638 -9.33685e-19
    outer loop
      vertex -22.7557 5.66354 1.2
      vertex -22.701 5.50251 4.2
      vertex -22.701 5.50251 1.2
    endloop
  endfacet
  facet normal -0.321481 0.946916 0
    outer loop
      vertex -21.0025 4.79896 1.2
      vertex -21.1635 4.7443 4.2
      vertex -21.0025 4.79896 4.2
    endloop
  endfacet
  facet normal -0.321481 0.946916 0
    outer loop
      vertex -21.1635 4.7443 4.2
      vertex -21.0025 4.79896 1.2
      vertex -21.1635 4.7443 1.2
    endloop
  endfacet
  facet normal 0.997867 0.0652777 -6.43855e-21
    outer loop
      vertex -22.7889 5.83032 4.2
      vertex -22.8 6 1.2
      vertex -22.8 6 4.2
    endloop
  endfacet
  facet normal 0.997867 0.0652777 -6.43855e-21
    outer loop
      vertex -22.8 6 1.2
      vertex -22.7889 5.83032 4.2
      vertex -22.7889 5.83032 1.2
    endloop
  endfacet
  facet normal 0.896895 -0.442243 7.42798e-19
    outer loop
      vertex -22.701 6.49749 4.2
      vertex -22.6258 6.65 1.2
      vertex -22.6258 6.65 4.2
    endloop
  endfacet
  facet normal 0.896895 -0.442243 7.42798e-19
    outer loop
      vertex -22.6258 6.65 1.2
      vertex -22.701 6.49749 4.2
      vertex -22.701 6.49749 1.2
    endloop
  endfacet
  facet normal 0.83167 -0.55527 -7.1253e-19
    outer loop
      vertex -22.6258 6.65 4.2
      vertex -22.5314 6.79139 1.2
      vertex -22.5314 6.79139 4.2
    endloop
  endfacet
  facet normal 0.83167 -0.55527 -7.1253e-19
    outer loop
      vertex -22.5314 6.79139 1.2
      vertex -22.6258 6.65 4.2
      vertex -22.6258 6.65 1.2
    endloop
  endfacet
  facet normal -0.997867 -0.0652777 -6.43855e-21
    outer loop
      vertex -20.2 6 1.2
      vertex -20.2111 6.16968 4.2
      vertex -20.2111 6.16968 1.2
    endloop
  endfacet
  facet normal -0.997867 -0.0652777 -6.43855e-21
    outer loop
      vertex -20.2111 6.16968 4.2
      vertex -20.2 6 1.2
      vertex -20.2 6 4.2
    endloop
  endfacet
  facet normal 0.0653872 0.99786 -0
    outer loop
      vertex -21.5 4.7 1.2
      vertex -21.6697 4.71112 4.2
      vertex -21.5 4.7 4.2
    endloop
  endfacet
  facet normal 0.0653872 0.99786 0
    outer loop
      vertex -21.6697 4.71112 4.2
      vertex -21.5 4.7 1.2
      vertex -21.6697 4.71112 1.2
    endloop
  endfacet
  facet normal -0.555528 -0.831498 0
    outer loop
      vertex -20.85 7.12583 1.2
      vertex -20.7086 7.03136 4.2
      vertex -20.85 7.12583 4.2
    endloop
  endfacet
  facet normal -0.555528 -0.831498 -0
    outer loop
      vertex -20.7086 7.03136 4.2
      vertex -20.85 7.12583 1.2
      vertex -20.7086 7.03136 1.2
    endloop
  endfacet
  facet normal 0.195098 0.980784 -0
    outer loop
      vertex -21.6697 4.71112 1.2
      vertex -21.8365 4.7443 4.2
      vertex -21.6697 4.71112 4.2
    endloop
  endfacet
  facet normal 0.195098 0.980784 0
    outer loop
      vertex -21.8365 4.7443 4.2
      vertex -21.6697 4.71112 1.2
      vertex -21.8365 4.7443 1.2
    endloop
  endfacet
  facet normal 0.896895 0.442243 -7.42798e-19
    outer loop
      vertex -22.6258 5.35 4.2
      vertex -22.701 5.50251 1.2
      vertex -22.701 5.50251 4.2
    endloop
  endfacet
  facet normal 0.896895 0.442243 -7.42798e-19
    outer loop
      vertex -22.701 5.50251 1.2
      vertex -22.6258 5.35 4.2
      vertex -22.6258 5.35 1.2
    endloop
  endfacet
  facet normal 0.555528 0.831498 -0
    outer loop
      vertex -22.15 4.87417 1.2
      vertex -22.2914 4.96864 4.2
      vertex -22.15 4.87417 4.2
    endloop
  endfacet
  facet normal 0.555528 0.831498 0
    outer loop
      vertex -22.2914 4.96864 4.2
      vertex -22.15 4.87417 1.2
      vertex -22.2914 4.96864 1.2
    endloop
  endfacet
  facet normal 0.321481 -0.946916 0
    outer loop
      vertex -21.9975 7.20104 1.2
      vertex -21.8365 7.2557 4.2
      vertex -21.9975 7.20104 4.2
    endloop
  endfacet
  facet normal 0.321481 -0.946916 0
    outer loop
      vertex -21.8365 7.2557 4.2
      vertex -21.9975 7.20104 1.2
      vertex -21.8365 7.2557 1.2
    endloop
  endfacet
  facet normal -0.0653872 0.99786 0
    outer loop
      vertex -21.3303 4.71112 1.2
      vertex -21.5 4.7 4.2
      vertex -21.3303 4.71112 4.2
    endloop
  endfacet
  facet normal -0.0653872 0.99786 0
    outer loop
      vertex -21.5 4.7 4.2
      vertex -21.3303 4.71112 1.2
      vertex -21.5 4.7 1.2
    endloop
  endfacet
  facet normal -0.195098 0.980784 0
    outer loop
      vertex -21.1635 4.7443 1.2
      vertex -21.3303 4.71112 4.2
      vertex -21.1635 4.7443 4.2
    endloop
  endfacet
  facet normal -0.195098 0.980784 0
    outer loop
      vertex -21.3303 4.71112 4.2
      vertex -21.1635 4.7443 1.2
      vertex -21.3303 4.71112 1.2
    endloop
  endfacet
  facet normal -0.442314 -0.89686 0
    outer loop
      vertex -21.0025 7.20104 1.2
      vertex -20.85 7.12583 4.2
      vertex -21.0025 7.20104 4.2
    endloop
  endfacet
  facet normal -0.442314 -0.89686 -0
    outer loop
      vertex -20.85 7.12583 4.2
      vertex -21.0025 7.20104 1.2
      vertex -20.85 7.12583 1.2
    endloop
  endfacet
  facet normal 0.442314 -0.89686 0
    outer loop
      vertex -22.15 7.12583 1.2
      vertex -21.9975 7.20104 4.2
      vertex -22.15 7.12583 4.2
    endloop
  endfacet
  facet normal 0.442314 -0.89686 0
    outer loop
      vertex -21.9975 7.20104 4.2
      vertex -22.15 7.12583 1.2
      vertex -21.9975 7.20104 1.2
    endloop
  endfacet
  facet normal -0.659487 -0.751716 0
    outer loop
      vertex -20.7086 7.03136 1.2
      vertex -20.5808 6.91924 4.2
      vertex -20.7086 7.03136 4.2
    endloop
  endfacet
  facet normal -0.659487 -0.751716 -0
    outer loop
      vertex -20.5808 6.91924 4.2
      vertex -20.7086 7.03136 1.2
      vertex -20.5808 6.91924 1.2
    endloop
  endfacet
  facet normal 0.555528 -0.831498 0
    outer loop
      vertex -22.2914 7.03136 1.2
      vertex -22.15 7.12583 4.2
      vertex -22.2914 7.03136 4.2
    endloop
  endfacet
  facet normal 0.555528 -0.831498 0
    outer loop
      vertex -22.15 7.12583 4.2
      vertex -22.2914 7.03136 1.2
      vertex -22.15 7.12583 1.2
    endloop
  endfacet
  facet normal -0.801054 0.0572182 -0.595851
    outer loop
      vertex -19.3075 5.9986 1.90735e-07
      vertex -20.2 6 1.2
      vertex -19.3074 6 1.90735e-07
    endloop
  endfacet
  facet normal -0.801268 0.0524168 -0.596005
    outer loop
      vertex -20.2 6 1.2
      vertex -19.3075 5.9986 1.90735e-07
      vertex -20.2111 5.83032 1.2
    endloop
  endfacet
  facet normal -0.258076 0.760388 -0.595992
    outer loop
      vertex -20.6609 3.97434 1.90735e-07
      vertex -20.9312 3.8826 1.90735e-07
      vertex -21.0025 4.79896 1.2
    endloop
  endfacet
  facet normal -0.725242 -0.345353 -0.595614
    outer loop
      vertex -19.6006 7.09502 1.90735e-07
      vertex -20.3742 6.65 1.2
      vertex -19.6012 7.09628 1.90735e-07
    endloop
  endfacet
  facet normal -0.720202 -0.355119 -0.595986
    outer loop
      vertex -20.3742 6.65 1.2
      vertex -19.6006 7.09502 1.90735e-07
      vertex -20.299 6.49749 1.2
    endloop
  endfacet
  facet normal 0.787595 0.156439 -0.596004
    outer loop
      vertex -22.7557 5.66354 1.2
      vertex -23.6179 5.43252 1.90735e-07
      vertex -23.6735 5.71244 1.90735e-07
    endloop
  endfacet
  facet normal 0.355175 0.720173 -0.595988
    outer loop
      vertex -22.595 4.10056 1.90735e-07
      vertex -22.15 4.87417 1.2
      vertex -21.9975 4.79896 1.2
    endloop
  endfacet
  facet normal 0.350246 0.72273 -0.595809
    outer loop
      vertex -22.15 4.87417 1.2
      vertex -22.595 4.10056 1.90735e-07
      vertex -22.5963 4.10119 1.90735e-07
    endloop
  endfacet
  facet normal -0.355208 0.720153 -0.595993
    outer loop
      vertex -20.405 4.10056 1.90735e-07
      vertex -20.6609 3.97434 1.90735e-07
      vertex -21.0025 4.79896 1.2
    endloop
  endfacet
  facet normal 0.760389 -0.258012 -0.596019
    outer loop
      vertex -23.5257 6.83906 1.90735e-07
      vertex -22.701 6.49749 1.2
      vertex -23.6174 6.56881 1.90735e-07
    endloop
  endfacet
  facet normal -0.667747 -0.446009 -0.595979
    outer loop
      vertex -19.7605 7.33475 1.90735e-07
      vertex -19.602 7.09745 1.90735e-07
      vertex -20.4686 6.79139 1.2
    endloop
  endfacet
  facet normal 0.258147 0.760368 -0.595986
    outer loop
      vertex -22.0675 3.88215 1.90735e-07
      vertex -21.9975 4.79896 1.2
      vertex -21.8365 4.7443 1.2
    endloop
  endfacet
  facet normal 0.262812 0.759235 -0.595393
    outer loop
      vertex -21.9975 4.79896 1.2
      vertex -22.0675 3.88215 1.90735e-07
      vertex -22.0688 3.8826 1.90735e-07
    endloop
  endfacet
  facet normal 0.262812 -0.759235 -0.595393
    outer loop
      vertex -22.0675 8.11785 1.90735e-07
      vertex -21.9975 7.20104 1.2
      vertex -22.0688 8.1174 1.90735e-07
    endloop
  endfacet
  facet normal 0.258147 -0.760368 -0.595986
    outer loop
      vertex -21.9975 7.20104 1.2
      vertex -22.0675 8.11785 1.90735e-07
      vertex -21.8365 7.2557 1.2
    endloop
  endfacet
  facet normal -0.603527 0.52965 -0.596009
    outer loop
      vertex -19.9487 4.45068 1.90735e-07
      vertex -20.5808 5.08076 1.2
      vertex -20.4686 5.20861 1.2
    endloop
  endfacet
  facet normal -0.61236 0.519929 -0.595558
    outer loop
      vertex -20.5808 5.08076 1.2
      vertex -19.9487 4.45068 1.90735e-07
      vertex -19.9496 4.44962 1.90735e-07
    endloop
  endfacet
  facet normal 0.529426 0.603757 -0.595975
    outer loop
      vertex -22.2914 4.96864 1.2
      vertex -22.8347 4.26052 1.90735e-07
      vertex -23.0493 4.4487 1.90735e-07
    endloop
  endfacet
  facet normal 0.355208 -0.720153 -0.595993
    outer loop
      vertex -22.3391 8.02566 1.90735e-07
      vertex -21.9975 7.20104 1.2
      vertex -22.595 7.89944 1.90735e-07
    endloop
  endfacet
  facet normal -0.258076 -0.760388 -0.595992
    outer loop
      vertex -20.9312 8.1174 1.90735e-07
      vertex -20.6609 8.02566 1.90735e-07
      vertex -21.0025 7.20104 1.2
    endloop
  endfacet
  facet normal -0.720082 0.355315 -0.596014
    outer loop
      vertex -19.4743 5.16094 1.90735e-07
      vertex -19.6006 4.90498 1.90735e-07
      vertex -20.299 5.50251 1.2
    endloop
  endfacet
  facet normal -0.446083 -0.667684 -0.595994
    outer loop
      vertex -20.4037 7.89881 1.90735e-07
      vertex -20.7086 7.03136 1.2
      vertex -20.85 7.12583 1.2
    endloop
  endfacet
  facet normal -0.465712 -0.656773 -0.593095
    outer loop
      vertex -20.7086 7.03136 1.2
      vertex -20.4037 7.89881 1.90735e-07
      vertex -20.4026 7.89803 1.90735e-07
    endloop
  endfacet
  facet normal -0.465712 0.656773 -0.593095
    outer loop
      vertex -20.4037 4.10119 1.90735e-07
      vertex -20.7086 4.96864 1.2
      vertex -20.4026 4.10197 1.90735e-07
    endloop
  endfacet
  facet normal -0.446083 0.667684 -0.595994
    outer loop
      vertex -20.7086 4.96864 1.2
      vertex -20.4037 4.10119 1.90735e-07
      vertex -20.85 4.87417 1.2
    endloop
  endfacet
  facet normal 0.258076 0.760388 -0.595992
    outer loop
      vertex -21.9975 4.79896 1.2
      vertex -22.0688 3.8826 1.90735e-07
      vertex -22.3391 3.97434 1.90735e-07
    endloop
  endfacet
  facet normal 0.61236 -0.519929 -0.595558
    outer loop
      vertex -22.4192 6.91924 1.2
      vertex -23.0513 7.54932 1.90735e-07
      vertex -23.0504 7.55038 1.90735e-07
    endloop
  endfacet
  facet normal 0.603527 -0.52965 -0.596009
    outer loop
      vertex -23.0513 7.54932 1.90735e-07
      vertex -22.4192 6.91924 1.2
      vertex -22.5314 6.79139 1.2
    endloop
  endfacet
  facet normal 0.0525054 -0.801274 -0.595989
    outer loop
      vertex -21.5014 8.19247 1.90735e-07
      vertex -21.5 7.3 1.2
      vertex -21.6697 7.28888 1.2
    endloop
  endfacet
  facet normal 0.0515132 -0.801316 -0.596019
    outer loop
      vertex -21.5 7.3 1.2
      vertex -21.5014 8.19247 1.90735e-07
      vertex -21.5 8.19256 1.90735e-07
    endloop
  endfacet
  facet normal -0.760389 -0.258012 -0.596019
    outer loop
      vertex -19.4743 6.83906 1.90735e-07
      vertex -19.3826 6.56881 1.90735e-07
      vertex -20.299 6.49749 1.2
    endloop
  endfacet
  facet normal 0.667747 -0.446009 -0.595979
    outer loop
      vertex -23.2395 7.33475 1.90735e-07
      vertex -22.5314 6.79139 1.2
      vertex -23.398 7.09745 1.90735e-07
    endloop
  endfacet
  facet normal 0.156668 0.787561 -0.595989
    outer loop
      vertex -21.8365 4.7443 1.2
      vertex -21.7876 3.82647 1.90735e-07
      vertex -22.0675 3.88215 1.90735e-07
    endloop
  endfacet
  facet normal 0.760389 0.258012 -0.596019
    outer loop
      vertex -22.701 5.50251 1.2
      vertex -23.5257 5.16094 1.90735e-07
      vertex -23.6174 5.43119 1.90735e-07
    endloop
  endfacet
  facet normal 0.446083 0.667684 -0.595994
    outer loop
      vertex -22.5963 4.10119 1.90735e-07
      vertex -22.2914 4.96864 1.2
      vertex -22.15 4.87417 1.2
    endloop
  endfacet
  facet normal 0.465712 0.656773 -0.593095
    outer loop
      vertex -22.2914 4.96864 1.2
      vertex -22.5963 4.10119 1.90735e-07
      vertex -22.5974 4.10197 1.90735e-07
    endloop
  endfacet
  facet normal -0.785832 0.17208 -0.594018
    outer loop
      vertex -20.2443 5.66354 1.2
      vertex -19.3262 5.71381 1.90735e-07
      vertex -19.3265 5.71244 1.90735e-07
    endloop
  endfacet
  facet normal -0.787551 0.156774 -0.595975
    outer loop
      vertex -19.3262 5.71381 1.90735e-07
      vertex -20.2443 5.66354 1.2
      vertex -20.2111 5.83032 1.2
    endloop
  endfacet
  facet normal 0.151981 -0.788051 -0.596554
    outer loop
      vertex -21.7862 8.1738 1.90735e-07
      vertex -21.8365 7.2557 1.2
      vertex -21.7876 8.17353 1.90735e-07
    endloop
  endfacet
  facet normal 0.156663 -0.787564 -0.595986
    outer loop
      vertex -21.8365 7.2557 1.2
      vertex -21.7862 8.1738 1.90735e-07
      vertex -21.6697 7.28888 1.2
    endloop
  endfacet
  facet normal -0.258147 -0.760368 -0.595986
    outer loop
      vertex -20.9325 8.11785 1.90735e-07
      vertex -21.0025 7.20104 1.2
      vertex -21.1635 7.2557 1.2
    endloop
  endfacet
  facet normal -0.262812 -0.759235 -0.595393
    outer loop
      vertex -21.0025 7.20104 1.2
      vertex -20.9325 8.11785 1.90735e-07
      vertex -20.9312 8.1174 1.90735e-07
    endloop
  endfacet
  facet normal 0.801268 -0.0524168 -0.596005
    outer loop
      vertex -22.8 6 1.2
      vertex -23.6925 6.0014 1.90735e-07
      vertex -22.7889 6.16968 1.2
    endloop
  endfacet
  facet normal 0.801054 -0.0572182 -0.595851
    outer loop
      vertex -23.6925 6.0014 1.90735e-07
      vertex -22.8 6 1.2
      vertex -23.6926 6 1.90735e-07
    endloop
  endfacet
  facet normal -0.529426 0.603757 -0.595975
    outer loop
      vertex -19.9507 4.4487 1.90735e-07
      vertex -20.1653 4.26052 1.90735e-07
      vertex -20.7086 4.96864 1.2
    endloop
  endfacet
  facet normal 0.720082 0.355315 -0.596014
    outer loop
      vertex -22.701 5.50251 1.2
      vertex -23.3994 4.90498 1.90735e-07
      vertex -23.5257 5.16094 1.90735e-07
    endloop
  endfacet
  facet normal -0.603688 0.529496 -0.595982
    outer loop
      vertex -19.7605 4.66525 1.90735e-07
      vertex -19.9487 4.45068 1.90735e-07
      vertex -20.4686 5.20861 1.2
    endloop
  endfacet
  facet normal 0.0515132 0.801316 -0.596019
    outer loop
      vertex -21.5014 3.80753 1.90735e-07
      vertex -21.5 4.7 1.2
      vertex -21.5 3.80744 1.90735e-07
    endloop
  endfacet
  facet normal 0.0525054 0.801274 -0.595989
    outer loop
      vertex -21.5 4.7 1.2
      vertex -21.5014 3.80753 1.90735e-07
      vertex -21.6697 4.71112 1.2
    endloop
  endfacet
  facet normal -0.156668 0.787561 -0.595989
    outer loop
      vertex -21.1635 4.7443 1.2
      vertex -20.9325 3.88215 1.90735e-07
      vertex -21.2124 3.82647 1.90735e-07
    endloop
  endfacet
  facet normal 0.0525274 -0.801275 -0.595986
    outer loop
      vertex -21.5014 8.19247 1.90735e-07
      vertex -21.6697 7.28888 1.2
      vertex -21.7862 8.1738 1.90735e-07
    endloop
  endfacet
  facet normal -0.0515132 -0.801316 -0.596019
    outer loop
      vertex -21.4986 8.19247 1.90735e-07
      vertex -21.5 7.3 1.2
      vertex -21.5 8.19256 1.90735e-07
    endloop
  endfacet
  facet normal -0.0525054 -0.801274 -0.595989
    outer loop
      vertex -21.5 7.3 1.2
      vertex -21.4986 8.19247 1.90735e-07
      vertex -21.3303 7.28888 1.2
    endloop
  endfacet
  facet normal -0.787595 -0.156439 -0.596004
    outer loop
      vertex -19.3821 6.56748 1.90735e-07
      vertex -19.3265 6.28756 1.90735e-07
      vertex -20.2443 6.33646 1.2
    endloop
  endfacet
  facet normal 0.529426 -0.603757 -0.595975
    outer loop
      vertex -22.8347 7.73948 1.90735e-07
      vertex -22.2914 7.03136 1.2
      vertex -23.0493 7.5513 1.90735e-07
    endloop
  endfacet
  facet normal -0.529426 -0.603757 -0.595975
    outer loop
      vertex -20.1653 7.73948 1.90735e-07
      vertex -19.9507 7.5513 1.90735e-07
      vertex -20.7086 7.03136 1.2
    endloop
  endfacet
  facet normal -0.760389 0.258012 -0.596019
    outer loop
      vertex -19.3826 5.43119 1.90735e-07
      vertex -19.4743 5.16094 1.90735e-07
      vertex -20.299 5.50251 1.2
    endloop
  endfacet
  facet normal -0.0525274 -0.801275 -0.595986
    outer loop
      vertex -21.2138 8.1738 1.90735e-07
      vertex -21.3303 7.28888 1.2
      vertex -21.4986 8.19247 1.90735e-07
    endloop
  endfacet
  facet normal -0.262812 0.759235 -0.595393
    outer loop
      vertex -20.9325 3.88215 1.90735e-07
      vertex -21.0025 4.79896 1.2
      vertex -20.9312 3.8826 1.90735e-07
    endloop
  endfacet
  facet normal -0.258147 0.760368 -0.595986
    outer loop
      vertex -21.0025 4.79896 1.2
      vertex -20.9325 3.88215 1.90735e-07
      vertex -21.1635 4.7443 1.2
    endloop
  endfacet
  facet normal -0.787595 0.156439 -0.596004
    outer loop
      vertex -19.3265 5.71244 1.90735e-07
      vertex -19.3821 5.43252 1.90735e-07
      vertex -20.2443 5.66354 1.2
    endloop
  endfacet
  facet normal -0.720082 -0.355315 -0.596014
    outer loop
      vertex -19.6006 7.09502 1.90735e-07
      vertex -19.4743 6.83906 1.90735e-07
      vertex -20.299 6.49749 1.2
    endloop
  endfacet
  facet normal -0.801273 0.0526135 -0.595981
    outer loop
      vertex -19.3075 5.9986 1.90735e-07
      vertex -19.3262 5.71381 1.90735e-07
      vertex -20.2111 5.83032 1.2
    endloop
  endfacet
  facet normal 0.725242 -0.345353 -0.595614
    outer loop
      vertex -22.6258 6.65 1.2
      vertex -23.3994 7.09502 1.90735e-07
      vertex -23.3988 7.09628 1.90735e-07
    endloop
  endfacet
  facet normal 0.720202 -0.355119 -0.595986
    outer loop
      vertex -23.3994 7.09502 1.90735e-07
      vertex -22.6258 6.65 1.2
      vertex -22.701 6.49749 1.2
    endloop
  endfacet
  facet normal -0.801273 -0.0526135 -0.595981
    outer loop
      vertex -19.3262 6.28619 1.90735e-07
      vertex -19.3075 6.0014 1.90735e-07
      vertex -20.2111 6.16968 1.2
    endloop
  endfacet
  facet normal -0.446107 0.667684 -0.595975
    outer loop
      vertex -20.1653 4.26052 1.90735e-07
      vertex -20.4026 4.10197 1.90735e-07
      vertex -20.7086 4.96864 1.2
    endloop
  endfacet
  facet normal 0.156668 -0.787561 -0.595989
    outer loop
      vertex -21.7876 8.17353 1.90735e-07
      vertex -21.8365 7.2557 1.2
      vertex -22.0675 8.11785 1.90735e-07
    endloop
  endfacet
  facet normal 0.446107 -0.667684 -0.595975
    outer loop
      vertex -22.5974 7.89803 1.90735e-07
      vertex -22.2914 7.03136 1.2
      vertex -22.8347 7.73948 1.90735e-07
    endloop
  endfacet
  facet normal -0.61236 -0.519929 -0.595558
    outer loop
      vertex -19.9487 7.54932 1.90735e-07
      vertex -20.5808 6.91924 1.2
      vertex -19.9496 7.55038 1.90735e-07
    endloop
  endfacet
  facet normal -0.603527 -0.52965 -0.596009
    outer loop
      vertex -20.5808 6.91924 1.2
      vertex -19.9487 7.54932 1.90735e-07
      vertex -20.4686 6.79139 1.2
    endloop
  endfacet
  facet normal 0.446107 0.667684 -0.595975
    outer loop
      vertex -22.2914 4.96864 1.2
      vertex -22.5974 4.10197 1.90735e-07
      vertex -22.8347 4.26052 1.90735e-07
    endloop
  endfacet
  facet normal -0.663526 -0.453693 -0.594891
    outer loop
      vertex -19.6012 7.09628 1.90735e-07
      vertex -20.4686 6.79139 1.2
      vertex -19.602 7.09745 1.90735e-07
    endloop
  endfacet
  facet normal -0.667815 -0.445872 -0.596004
    outer loop
      vertex -20.4686 6.79139 1.2
      vertex -19.6012 7.09628 1.90735e-07
      vertex -20.3742 6.65 1.2
    endloop
  endfacet
  facet normal 0.667747 0.446009 -0.595979
    outer loop
      vertex -22.5314 5.20861 1.2
      vertex -23.2395 4.66525 1.90735e-07
      vertex -23.398 4.90255 1.90735e-07
    endloop
  endfacet
  facet normal 0.515486 -0.616343 -0.595311
    outer loop
      vertex -23.0493 7.5513 1.90735e-07
      vertex -22.4192 6.91924 1.2
      vertex -23.0504 7.55038 1.90735e-07
    endloop
  endfacet
  facet normal 0.529559 -0.603618 -0.595998
    outer loop
      vertex -22.4192 6.91924 1.2
      vertex -23.0493 7.5513 1.90735e-07
      vertex -22.2914 7.03136 1.2
    endloop
  endfacet
  facet normal -0.753962 -0.283444 -0.592622
    outer loop
      vertex -19.3821 6.56748 1.90735e-07
      vertex -20.299 6.49749 1.2
      vertex -19.3826 6.56881 1.90735e-07
    endloop
  endfacet
  facet normal -0.760312 -0.258269 -0.596005
    outer loop
      vertex -20.299 6.49749 1.2
      vertex -19.3821 6.56748 1.90735e-07
      vertex -20.2443 6.33646 1.2
    endloop
  endfacet
  facet normal -0.446107 -0.667684 -0.595975
    outer loop
      vertex -20.4026 7.89803 1.90735e-07
      vertex -20.1653 7.73948 1.90735e-07
      vertex -20.7086 7.03136 1.2
    endloop
  endfacet
  facet normal -0.355175 -0.720173 -0.595988
    outer loop
      vertex -20.405 7.89944 1.90735e-07
      vertex -20.85 7.12583 1.2
      vertex -21.0025 7.20104 1.2
    endloop
  endfacet
  facet normal -0.350246 -0.72273 -0.595809
    outer loop
      vertex -20.85 7.12583 1.2
      vertex -20.405 7.89944 1.90735e-07
      vertex -20.4037 7.89881 1.90735e-07
    endloop
  endfacet
  facet normal -0.355208 -0.720153 -0.595993
    outer loop
      vertex -20.6609 8.02566 1.90735e-07
      vertex -20.405 7.89944 1.90735e-07
      vertex -21.0025 7.20104 1.2
    endloop
  endfacet
  facet normal 0.258076 -0.760388 -0.595992
    outer loop
      vertex -22.0688 8.1174 1.90735e-07
      vertex -21.9975 7.20104 1.2
      vertex -22.3391 8.02566 1.90735e-07
    endloop
  endfacet
  facet normal 0.355208 0.720153 -0.595993
    outer loop
      vertex -21.9975 4.79896 1.2
      vertex -22.3391 3.97434 1.90735e-07
      vertex -22.595 4.10056 1.90735e-07
    endloop
  endfacet
  facet normal -0.801054 -0.0572182 -0.595851
    outer loop
      vertex -20.2 6 1.2
      vertex -19.3075 6.0014 1.90735e-07
      vertex -19.3074 6 1.90735e-07
    endloop
  endfacet
  facet normal -0.801268 -0.0524168 -0.596005
    outer loop
      vertex -19.3075 6.0014 1.90735e-07
      vertex -20.2 6 1.2
      vertex -20.2111 6.16968 1.2
    endloop
  endfacet
  facet normal -0.529559 -0.603618 -0.595998
    outer loop
      vertex -19.9507 7.5513 1.90735e-07
      vertex -20.5808 6.91924 1.2
      vertex -20.7086 7.03136 1.2
    endloop
  endfacet
  facet normal -0.515486 -0.616343 -0.595311
    outer loop
      vertex -20.5808 6.91924 1.2
      vertex -19.9507 7.5513 1.90735e-07
      vertex -19.9496 7.55038 1.90735e-07
    endloop
  endfacet
  facet normal 0.529559 0.603618 -0.595998
    outer loop
      vertex -23.0493 4.4487 1.90735e-07
      vertex -22.4192 5.08076 1.2
      vertex -22.2914 4.96864 1.2
    endloop
  endfacet
  facet normal 0.515486 0.616343 -0.595311
    outer loop
      vertex -22.4192 5.08076 1.2
      vertex -23.0493 4.4487 1.90735e-07
      vertex -23.0504 4.44962 1.90735e-07
    endloop
  endfacet
  facet normal 0.760312 0.258269 -0.596005
    outer loop
      vertex -22.701 5.50251 1.2
      vertex -23.6179 5.43252 1.90735e-07
      vertex -22.7557 5.66354 1.2
    endloop
  endfacet
  facet normal 0.753962 0.283444 -0.592622
    outer loop
      vertex -23.6179 5.43252 1.90735e-07
      vertex -22.701 5.50251 1.2
      vertex -23.6174 5.43119 1.90735e-07
    endloop
  endfacet
  facet normal 0.720082 -0.355315 -0.596014
    outer loop
      vertex -23.3994 7.09502 1.90735e-07
      vertex -22.701 6.49749 1.2
      vertex -23.5257 6.83906 1.90735e-07
    endloop
  endfacet
  facet normal 0.465712 -0.656773 -0.593095
    outer loop
      vertex -22.5963 7.89881 1.90735e-07
      vertex -22.2914 7.03136 1.2
      vertex -22.5974 7.89803 1.90735e-07
    endloop
  endfacet
  facet normal 0.446083 -0.667684 -0.595994
    outer loop
      vertex -22.2914 7.03136 1.2
      vertex -22.5963 7.89881 1.90735e-07
      vertex -22.15 7.12583 1.2
    endloop
  endfacet
  facet normal 0.0525274 0.801275 -0.595986
    outer loop
      vertex -21.6697 4.71112 1.2
      vertex -21.5014 3.80753 1.90735e-07
      vertex -21.7862 3.8262 1.90735e-07
    endloop
  endfacet
  facet normal 0.350246 -0.72273 -0.595809
    outer loop
      vertex -22.595 7.89944 1.90735e-07
      vertex -22.15 7.12583 1.2
      vertex -22.5963 7.89881 1.90735e-07
    endloop
  endfacet
  facet normal 0.355175 -0.720173 -0.595988
    outer loop
      vertex -22.15 7.12583 1.2
      vertex -22.595 7.89944 1.90735e-07
      vertex -21.9975 7.20104 1.2
    endloop
  endfacet
  facet normal -0.515486 0.616343 -0.595311
    outer loop
      vertex -19.9507 4.4487 1.90735e-07
      vertex -20.5808 5.08076 1.2
      vertex -19.9496 4.44962 1.90735e-07
    endloop
  endfacet
  facet normal -0.529559 0.603618 -0.595998
    outer loop
      vertex -20.5808 5.08076 1.2
      vertex -19.9507 4.4487 1.90735e-07
      vertex -20.7086 4.96864 1.2
    endloop
  endfacet
  facet normal -0.720202 0.355119 -0.595986
    outer loop
      vertex -19.6006 4.90498 1.90735e-07
      vertex -20.3742 5.35 1.2
      vertex -20.299 5.50251 1.2
    endloop
  endfacet
  facet normal -0.725242 0.345353 -0.595614
    outer loop
      vertex -20.3742 5.35 1.2
      vertex -19.6006 4.90498 1.90735e-07
      vertex -19.6012 4.90372 1.90735e-07
    endloop
  endfacet
  facet normal -0.151981 0.788051 -0.596554
    outer loop
      vertex -21.2138 3.8262 1.90735e-07
      vertex -21.1635 4.7443 1.2
      vertex -21.2124 3.82647 1.90735e-07
    endloop
  endfacet
  facet normal -0.156663 0.787564 -0.595986
    outer loop
      vertex -21.1635 4.7443 1.2
      vertex -21.2138 3.8262 1.90735e-07
      vertex -21.3303 4.71112 1.2
    endloop
  endfacet
  facet normal -0.156663 -0.787564 -0.595986
    outer loop
      vertex -21.2138 8.1738 1.90735e-07
      vertex -21.1635 7.2557 1.2
      vertex -21.3303 7.28888 1.2
    endloop
  endfacet
  facet normal -0.151981 -0.788051 -0.596554
    outer loop
      vertex -21.1635 7.2557 1.2
      vertex -21.2138 8.1738 1.90735e-07
      vertex -21.2124 8.17353 1.90735e-07
    endloop
  endfacet
  facet normal -0.156668 -0.787561 -0.595989
    outer loop
      vertex -20.9325 8.11785 1.90735e-07
      vertex -21.1635 7.2557 1.2
      vertex -21.2124 8.17353 1.90735e-07
    endloop
  endfacet
  facet normal -0.667815 0.445872 -0.596004
    outer loop
      vertex -19.6012 4.90372 1.90735e-07
      vertex -20.4686 5.20861 1.2
      vertex -20.3742 5.35 1.2
    endloop
  endfacet
  facet normal -0.663526 0.453693 -0.594891
    outer loop
      vertex -20.4686 5.20861 1.2
      vertex -19.6012 4.90372 1.90735e-07
      vertex -19.602 4.90255 1.90735e-07
    endloop
  endfacet
  facet normal -0.667747 0.446009 -0.595979
    outer loop
      vertex -19.602 4.90255 1.90735e-07
      vertex -19.7605 4.66525 1.90735e-07
      vertex -20.4686 5.20861 1.2
    endloop
  endfacet
  facet normal -0.0525054 0.801274 -0.595989
    outer loop
      vertex -21.4986 3.80753 1.90735e-07
      vertex -21.5 4.7 1.2
      vertex -21.3303 4.71112 1.2
    endloop
  endfacet
  facet normal -0.0515132 0.801316 -0.596019
    outer loop
      vertex -21.5 4.7 1.2
      vertex -21.4986 3.80753 1.90735e-07
      vertex -21.5 3.80744 1.90735e-07
    endloop
  endfacet
  facet normal -0.350246 0.72273 -0.595809
    outer loop
      vertex -20.405 4.10056 1.90735e-07
      vertex -20.85 4.87417 1.2
      vertex -20.4037 4.10119 1.90735e-07
    endloop
  endfacet
  facet normal -0.355175 0.720173 -0.595988
    outer loop
      vertex -20.85 4.87417 1.2
      vertex -20.405 4.10056 1.90735e-07
      vertex -21.0025 4.79896 1.2
    endloop
  endfacet
  facet normal 0.603688 -0.529496 -0.595982
    outer loop
      vertex -23.0513 7.54932 1.90735e-07
      vertex -22.5314 6.79139 1.2
      vertex -23.2395 7.33475 1.90735e-07
    endloop
  endfacet
  facet normal 0.603527 0.52965 -0.596009
    outer loop
      vertex -22.4192 5.08076 1.2
      vertex -23.0513 4.45068 1.90735e-07
      vertex -22.5314 5.20861 1.2
    endloop
  endfacet
  facet normal 0.61236 0.519929 -0.595558
    outer loop
      vertex -23.0513 4.45068 1.90735e-07
      vertex -22.4192 5.08076 1.2
      vertex -23.0504 4.44962 1.90735e-07
    endloop
  endfacet
  facet normal -0.785832 -0.17208 -0.594018
    outer loop
      vertex -19.3262 6.28619 1.90735e-07
      vertex -20.2443 6.33646 1.2
      vertex -19.3265 6.28756 1.90735e-07
    endloop
  endfacet
  facet normal -0.787551 -0.156774 -0.595975
    outer loop
      vertex -20.2443 6.33646 1.2
      vertex -19.3262 6.28619 1.90735e-07
      vertex -20.2111 6.16968 1.2
    endloop
  endfacet
  facet normal -0.603688 -0.529496 -0.595982
    outer loop
      vertex -19.9487 7.54932 1.90735e-07
      vertex -19.7605 7.33475 1.90735e-07
      vertex -20.4686 6.79139 1.2
    endloop
  endfacet
  facet normal -0.760312 0.258269 -0.596005
    outer loop
      vertex -19.3821 5.43252 1.90735e-07
      vertex -20.299 5.50251 1.2
      vertex -20.2443 5.66354 1.2
    endloop
  endfacet
  facet normal -0.753962 0.283444 -0.592622
    outer loop
      vertex -20.299 5.50251 1.2
      vertex -19.3821 5.43252 1.90735e-07
      vertex -19.3826 5.43119 1.90735e-07
    endloop
  endfacet
  facet normal -0.0525274 0.801275 -0.595986
    outer loop
      vertex -21.3303 4.71112 1.2
      vertex -21.2138 3.8262 1.90735e-07
      vertex -21.4986 3.80753 1.90735e-07
    endloop
  endfacet
  facet normal 0.667815 0.445872 -0.596004
    outer loop
      vertex -22.5314 5.20861 1.2
      vertex -23.3988 4.90372 1.90735e-07
      vertex -22.6258 5.35 1.2
    endloop
  endfacet
  facet normal 0.663526 0.453693 -0.594891
    outer loop
      vertex -23.3988 4.90372 1.90735e-07
      vertex -22.5314 5.20861 1.2
      vertex -23.398 4.90255 1.90735e-07
    endloop
  endfacet
  facet normal 0.663526 -0.453693 -0.594891
    outer loop
      vertex -22.5314 6.79139 1.2
      vertex -23.3988 7.09628 1.90735e-07
      vertex -23.398 7.09745 1.90735e-07
    endloop
  endfacet
  facet normal 0.667815 -0.445872 -0.596004
    outer loop
      vertex -23.3988 7.09628 1.90735e-07
      vertex -22.5314 6.79139 1.2
      vertex -22.6258 6.65 1.2
    endloop
  endfacet
  facet normal 0.801273 -0.0526135 -0.595981
    outer loop
      vertex -23.6738 6.28619 1.90735e-07
      vertex -22.7889 6.16968 1.2
      vertex -23.6925 6.0014 1.90735e-07
    endloop
  endfacet
  facet normal 0.603688 0.529496 -0.595982
    outer loop
      vertex -22.5314 5.20861 1.2
      vertex -23.0513 4.45068 1.90735e-07
      vertex -23.2395 4.66525 1.90735e-07
    endloop
  endfacet
  facet normal 0.801054 0.0572182 -0.595851
    outer loop
      vertex -22.8 6 1.2
      vertex -23.6925 5.9986 1.90735e-07
      vertex -23.6926 6 1.90735e-07
    endloop
  endfacet
  facet normal 0.801268 0.0524168 -0.596005
    outer loop
      vertex -23.6925 5.9986 1.90735e-07
      vertex -22.8 6 1.2
      vertex -22.7889 5.83032 1.2
    endloop
  endfacet
  facet normal 0.801273 0.0526135 -0.595981
    outer loop
      vertex -22.7889 5.83032 1.2
      vertex -23.6738 5.71381 1.90735e-07
      vertex -23.6925 5.9986 1.90735e-07
    endloop
  endfacet
  facet normal 0.787595 -0.156439 -0.596004
    outer loop
      vertex -23.6179 6.56748 1.90735e-07
      vertex -22.7557 6.33646 1.2
      vertex -23.6735 6.28756 1.90735e-07
    endloop
  endfacet
  facet normal 0.787551 0.156774 -0.595975
    outer loop
      vertex -22.7557 5.66354 1.2
      vertex -23.6738 5.71381 1.90735e-07
      vertex -22.7889 5.83032 1.2
    endloop
  endfacet
  facet normal 0.785832 0.17208 -0.594018
    outer loop
      vertex -23.6738 5.71381 1.90735e-07
      vertex -22.7557 5.66354 1.2
      vertex -23.6735 5.71244 1.90735e-07
    endloop
  endfacet
  facet normal 0.156663 0.787564 -0.595986
    outer loop
      vertex -21.7862 3.8262 1.90735e-07
      vertex -21.8365 4.7443 1.2
      vertex -21.6697 4.71112 1.2
    endloop
  endfacet
  facet normal 0.151981 0.788051 -0.596554
    outer loop
      vertex -21.8365 4.7443 1.2
      vertex -21.7862 3.8262 1.90735e-07
      vertex -21.7876 3.82647 1.90735e-07
    endloop
  endfacet
  facet normal 0.785832 -0.17208 -0.594018
    outer loop
      vertex -22.7557 6.33646 1.2
      vertex -23.6738 6.28619 1.90735e-07
      vertex -23.6735 6.28756 1.90735e-07
    endloop
  endfacet
  facet normal 0.787551 -0.156774 -0.595975
    outer loop
      vertex -23.6738 6.28619 1.90735e-07
      vertex -22.7557 6.33646 1.2
      vertex -22.7889 6.16968 1.2
    endloop
  endfacet
  facet normal 0.753962 -0.283444 -0.592622
    outer loop
      vertex -22.701 6.49749 1.2
      vertex -23.6179 6.56748 1.90735e-07
      vertex -23.6174 6.56881 1.90735e-07
    endloop
  endfacet
  facet normal 0.760312 -0.258269 -0.596005
    outer loop
      vertex -23.6179 6.56748 1.90735e-07
      vertex -22.701 6.49749 1.2
      vertex -22.7557 6.33646 1.2
    endloop
  endfacet
  facet normal 0.720202 0.355119 -0.595986
    outer loop
      vertex -22.6258 5.35 1.2
      vertex -23.3994 4.90498 1.90735e-07
      vertex -22.701 5.50251 1.2
    endloop
  endfacet
  facet normal 0.725242 0.345353 -0.595614
    outer loop
      vertex -23.3994 4.90498 1.90735e-07
      vertex -22.6258 5.35 1.2
      vertex -23.3988 4.90372 1.90735e-07
    endloop
  endfacet
  facet normal -0.980746 0.195287 1.43751e-11
    outer loop
      vertex -19.375 5.4306 0
      vertex -19.3188 5.71284 1.90735e-07
      vertex -19.3188 5.71284 0
    endloop
  endfacet
  facet normal -0.980746 0.195287 1.43751e-11
    outer loop
      vertex -19.3188 5.71284 1.90735e-07
      vertex -19.375 5.4306 0
      vertex -19.375 5.4306 1.90735e-07
    endloop
  endfacet
  facet normal -0.997864 0.0653289 4.29489e-12
    outer loop
      vertex -19.3188 5.71284 0
      vertex -19.3 6 1.90735e-07
      vertex -19.3 6 0
    endloop
  endfacet
  facet normal -0.997864 0.0653289 4.29489e-12
    outer loop
      vertex -19.3 6 1.90735e-07
      vertex -19.3188 5.71284 0
      vertex -19.3188 5.71284 1.90735e-07
    endloop
  endfacet
  facet normal -0.946931 0.321435 3.11496e-11
    outer loop
      vertex -19.4675 5.1581 0
      vertex -19.375 5.4306 1.90735e-07
      vertex -19.375 5.4306 0
    endloop
  endfacet
  facet normal -0.946931 0.321435 3.11496e-11
    outer loop
      vertex -19.375 5.4306 1.90735e-07
      vertex -19.4675 5.1581 0
      vertex -19.4675 5.1581 1.90735e-07
    endloop
  endfacet
  facet normal 0.997864 0.0653289 -4.29489e-12
    outer loop
      vertex -23.6812 5.71284 1.90735e-07
      vertex -23.7 6 0
      vertex -23.7 6 1.90735e-07
    endloop
  endfacet
  facet normal 0.997864 0.0653289 -4.29489e-12
    outer loop
      vertex -23.7 6 0
      vertex -23.6812 5.71284 1.90735e-07
      vertex -23.6812 5.71284 0
    endloop
  endfacet
  facet normal -0.321467 0.946921 0
    outer loop
      vertex -20.6581 3.96747 0
      vertex -20.9306 3.87496 1.90735e-07
      vertex -20.6581 3.96747 1.90735e-07
    endloop
  endfacet
  facet normal -0.321467 0.946921 0
    outer loop
      vertex -20.9306 3.87496 1.90735e-07
      vertex -20.6581 3.96747 0
      vertex -20.9306 3.87496 0
    endloop
  endfacet
  facet normal -0.195113 0.980781 0
    outer loop
      vertex -20.9306 3.87496 0
      vertex -21.2128 3.81882 1.90735e-07
      vertex -20.9306 3.87496 1.90735e-07
    endloop
  endfacet
  facet normal -0.195113 0.980781 0
    outer loop
      vertex -21.2128 3.81882 1.90735e-07
      vertex -20.9306 3.87496 0
      vertex -21.2128 3.81882 0
    endloop
  endfacet
  facet normal -0.896984 0.442063 -1.99812e-11
    outer loop
      vertex -19.5947 4.9 0
      vertex -19.4675 5.1581 1.90735e-07
      vertex -19.4675 5.1581 0
    endloop
  endfacet
  facet normal -0.896984 0.442063 -1.99812e-11
    outer loop
      vertex -19.4675 5.1581 1.90735e-07
      vertex -19.5947 4.9 0
      vertex -19.5947 4.9 1.90735e-07
    endloop
  endfacet
  facet normal -0.195113 -0.980781 0
    outer loop
      vertex -21.2128 8.18118 0
      vertex -20.9306 8.12504 1.90735e-07
      vertex -21.2128 8.18118 1.90735e-07
    endloop
  endfacet
  facet normal -0.195113 -0.980781 -0
    outer loop
      vertex -20.9306 8.12504 1.90735e-07
      vertex -21.2128 8.18118 0
      vertex -20.9306 8.12504 0
    endloop
  endfacet
  facet normal -0.065389 -0.99786 0
    outer loop
      vertex -21.5 8.2 0
      vertex -21.2128 8.18118 1.90735e-07
      vertex -21.5 8.2 1.90735e-07
    endloop
  endfacet
  facet normal -0.065389 -0.99786 -0
    outer loop
      vertex -21.2128 8.18118 1.90735e-07
      vertex -21.5 8.2 0
      vertex -21.2128 8.18118 0
    endloop
  endfacet
  facet normal -0.659464 0.751736 0
    outer loop
      vertex -19.9444 4.44437 0
      vertex -20.1607 4.25462 1.90735e-07
      vertex -19.9444 4.44437 1.90735e-07
    endloop
  endfacet
  facet normal -0.659464 0.751736 0
    outer loop
      vertex -20.1607 4.25462 1.90735e-07
      vertex -19.9444 4.44437 0
      vertex -20.1607 4.25462 0
    endloop
  endfacet
  facet normal -0.896984 -0.442063 1.99812e-11
    outer loop
      vertex -19.4675 6.8419 0
      vertex -19.5947 7.1 1.90735e-07
      vertex -19.5947 7.1 0
    endloop
  endfacet
  facet normal -0.896984 -0.442063 1.99812e-11
    outer loop
      vertex -19.5947 7.1 1.90735e-07
      vertex -19.4675 6.8419 0
      vertex -19.4675 6.8419 1.90735e-07
    endloop
  endfacet
  facet normal 0.195113 -0.980781 0
    outer loop
      vertex -22.0694 8.12504 0
      vertex -21.7872 8.18118 1.90735e-07
      vertex -22.0694 8.12504 1.90735e-07
    endloop
  endfacet
  facet normal 0.195113 -0.980781 0
    outer loop
      vertex -21.7872 8.18118 1.90735e-07
      vertex -22.0694 8.12504 0
      vertex -21.7872 8.18118 0
    endloop
  endfacet
  facet normal 0.896984 0.442063 1.99812e-11
    outer loop
      vertex -23.4053 4.9 1.90735e-07
      vertex -23.5325 5.1581 0
      vertex -23.5325 5.1581 1.90735e-07
    endloop
  endfacet
  facet normal 0.896984 0.442063 1.99812e-11
    outer loop
      vertex -23.5325 5.1581 0
      vertex -23.4053 4.9 1.90735e-07
      vertex -23.4053 4.9 0
    endloop
  endfacet
  facet normal -0.659464 -0.751736 0
    outer loop
      vertex -20.1607 7.74538 0
      vertex -19.9444 7.55563 1.90735e-07
      vertex -20.1607 7.74538 1.90735e-07
    endloop
  endfacet
  facet normal -0.659464 -0.751736 -0
    outer loop
      vertex -19.9444 7.55563 1.90735e-07
      vertex -20.1607 7.74538 0
      vertex -19.9444 7.55563 0
    endloop
  endfacet
  facet normal -0.751741 -0.659458 -4.82004e-11
    outer loop
      vertex -19.7546 7.33927 0
      vertex -19.9444 7.55563 1.90735e-07
      vertex -19.9444 7.55563 0
    endloop
  endfacet
  facet normal -0.751741 -0.659458 -4.82004e-11
    outer loop
      vertex -19.9444 7.55563 1.90735e-07
      vertex -19.7546 7.33927 0
      vertex -19.7546 7.33927 1.90735e-07
    endloop
  endfacet
  facet normal -0.321467 -0.946921 0
    outer loop
      vertex -20.9306 8.12504 0
      vertex -20.6581 8.03253 1.90735e-07
      vertex -20.9306 8.12504 1.90735e-07
    endloop
  endfacet
  facet normal -0.321467 -0.946921 -0
    outer loop
      vertex -20.6581 8.03253 1.90735e-07
      vertex -20.9306 8.12504 0
      vertex -20.6581 8.03253 0
    endloop
  endfacet
  facet normal 0.997864 -0.0653289 4.29489e-12
    outer loop
      vertex -23.7 6 1.90735e-07
      vertex -23.6812 6.28716 0
      vertex -23.6812 6.28716 1.90735e-07
    endloop
  endfacet
  facet normal 0.997864 -0.0653289 4.29489e-12
    outer loop
      vertex -23.6812 6.28716 0
      vertex -23.7 6 1.90735e-07
      vertex -23.7 6 0
    endloop
  endfacet
  facet normal 0.659464 0.751736 -0
    outer loop
      vertex -22.8393 4.25462 0
      vertex -23.0556 4.44437 1.90735e-07
      vertex -22.8393 4.25462 1.90735e-07
    endloop
  endfacet
  facet normal 0.659464 0.751736 0
    outer loop
      vertex -23.0556 4.44437 1.90735e-07
      vertex -22.8393 4.25462 0
      vertex -23.0556 4.44437 0
    endloop
  endfacet
  facet normal 0.321467 0.946921 -0
    outer loop
      vertex -22.0694 3.87496 0
      vertex -22.3419 3.96747 1.90735e-07
      vertex -22.0694 3.87496 1.90735e-07
    endloop
  endfacet
  facet normal 0.321467 0.946921 0
    outer loop
      vertex -22.3419 3.96747 1.90735e-07
      vertex -22.0694 3.87496 0
      vertex -22.3419 3.96747 0
    endloop
  endfacet
  facet normal 0.83143 -0.55563 -3.43015e-11
    outer loop
      vertex -23.4053 7.1 1.90735e-07
      vertex -23.2454 7.33927 0
      vertex -23.2454 7.33927 1.90735e-07
    endloop
  endfacet
  facet normal 0.83143 -0.55563 -3.43015e-11
    outer loop
      vertex -23.2454 7.33927 0
      vertex -23.4053 7.1 1.90735e-07
      vertex -23.4053 7.1 0
    endloop
  endfacet
  facet normal -0.751741 0.659458 4.82004e-11
    outer loop
      vertex -19.9444 4.44437 0
      vertex -19.7546 4.66073 1.90735e-07
      vertex -19.7546 4.66073 0
    endloop
  endfacet
  facet normal -0.751741 0.659458 4.82004e-11
    outer loop
      vertex -19.7546 4.66073 1.90735e-07
      vertex -19.9444 4.44437 0
      vertex -19.9444 4.44437 1.90735e-07
    endloop
  endfacet
  facet normal 0.321467 -0.946921 0
    outer loop
      vertex -22.3419 8.03253 0
      vertex -22.0694 8.12504 1.90735e-07
      vertex -22.3419 8.03253 1.90735e-07
    endloop
  endfacet
  facet normal 0.321467 -0.946921 0
    outer loop
      vertex -22.0694 8.12504 1.90735e-07
      vertex -22.3419 8.03253 0
      vertex -22.0694 8.12504 0
    endloop
  endfacet
  facet normal -0.442258 -0.896888 0
    outer loop
      vertex -20.6581 8.03253 0
      vertex -20.4 7.90526 1.90735e-07
      vertex -20.6581 8.03253 1.90735e-07
    endloop
  endfacet
  facet normal -0.442258 -0.896888 -0
    outer loop
      vertex -20.4 7.90526 1.90735e-07
      vertex -20.6581 8.03253 0
      vertex -20.4 7.90526 0
    endloop
  endfacet
  facet normal 0.442258 0.896888 -0
    outer loop
      vertex -22.3419 3.96747 0
      vertex -22.6 4.09474 1.90735e-07
      vertex -22.3419 3.96747 1.90735e-07
    endloop
  endfacet
  facet normal 0.442258 0.896888 0
    outer loop
      vertex -22.6 4.09474 1.90735e-07
      vertex -22.3419 3.96747 0
      vertex -22.6 4.09474 0
    endloop
  endfacet
  facet normal -0.980746 -0.195287 -1.43751e-11
    outer loop
      vertex -19.3188 6.28716 0
      vertex -19.375 6.5694 1.90735e-07
      vertex -19.375 6.5694 0
    endloop
  endfacet
  facet normal -0.980746 -0.195287 -1.43751e-11
    outer loop
      vertex -19.375 6.5694 1.90735e-07
      vertex -19.3188 6.28716 0
      vertex -19.3188 6.28716 1.90735e-07
    endloop
  endfacet
  facet normal 0.946931 -0.321435 3.11496e-11
    outer loop
      vertex -23.625 6.5694 1.90735e-07
      vertex -23.5325 6.8419 0
      vertex -23.5325 6.8419 1.90735e-07
    endloop
  endfacet
  facet normal 0.946931 -0.321435 3.11496e-11
    outer loop
      vertex -23.5325 6.8419 0
      vertex -23.625 6.5694 1.90735e-07
      vertex -23.625 6.5694 0
    endloop
  endfacet
  facet normal -0.946931 -0.321435 -3.11496e-11
    outer loop
      vertex -19.375 6.5694 0
      vertex -19.4675 6.8419 1.90735e-07
      vertex -19.4675 6.8419 0
    endloop
  endfacet
  facet normal -0.946931 -0.321435 -3.11496e-11
    outer loop
      vertex -19.4675 6.8419 1.90735e-07
      vertex -19.375 6.5694 0
      vertex -19.375 6.5694 1.90735e-07
    endloop
  endfacet
  facet normal -0.555534 0.831494 0
    outer loop
      vertex -20.1607 4.25462 0
      vertex -20.4 4.09474 1.90735e-07
      vertex -20.1607 4.25462 1.90735e-07
    endloop
  endfacet
  facet normal -0.555534 0.831494 0
    outer loop
      vertex -20.4 4.09474 1.90735e-07
      vertex -20.1607 4.25462 0
      vertex -20.4 4.09474 0
    endloop
  endfacet
  facet normal -0.442258 0.896888 0
    outer loop
      vertex -20.4 4.09474 0
      vertex -20.6581 3.96747 1.90735e-07
      vertex -20.4 4.09474 1.90735e-07
    endloop
  endfacet
  facet normal -0.442258 0.896888 0
    outer loop
      vertex -20.6581 3.96747 1.90735e-07
      vertex -20.4 4.09474 0
      vertex -20.6581 3.96747 0
    endloop
  endfacet
  facet normal 0.195113 0.980781 -0
    outer loop
      vertex -21.7872 3.81882 0
      vertex -22.0694 3.87496 1.90735e-07
      vertex -21.7872 3.81882 1.90735e-07
    endloop
  endfacet
  facet normal 0.195113 0.980781 0
    outer loop
      vertex -22.0694 3.87496 1.90735e-07
      vertex -21.7872 3.81882 0
      vertex -22.0694 3.87496 0
    endloop
  endfacet
  facet normal 0.442258 -0.896888 0
    outer loop
      vertex -22.6 7.90526 0
      vertex -22.3419 8.03253 1.90735e-07
      vertex -22.6 7.90526 1.90735e-07
    endloop
  endfacet
  facet normal 0.442258 -0.896888 0
    outer loop
      vertex -22.3419 8.03253 1.90735e-07
      vertex -22.6 7.90526 0
      vertex -22.3419 8.03253 0
    endloop
  endfacet
  facet normal 0.751741 0.659458 -4.82004e-11
    outer loop
      vertex -23.0556 4.44437 1.90735e-07
      vertex -23.2454 4.66073 0
      vertex -23.2454 4.66073 1.90735e-07
    endloop
  endfacet
  facet normal 0.751741 0.659458 -4.82004e-11
    outer loop
      vertex -23.2454 4.66073 0
      vertex -23.0556 4.44437 1.90735e-07
      vertex -23.0556 4.44437 0
    endloop
  endfacet
  facet normal -0.997864 -0.0653289 -4.29489e-12
    outer loop
      vertex -19.3 6 0
      vertex -19.3188 6.28716 1.90735e-07
      vertex -19.3188 6.28716 0
    endloop
  endfacet
  facet normal -0.997864 -0.0653289 -4.29489e-12
    outer loop
      vertex -19.3188 6.28716 1.90735e-07
      vertex -19.3 6 0
      vertex -19.3 6 1.90735e-07
    endloop
  endfacet
  facet normal 0.946931 0.321435 -3.11496e-11
    outer loop
      vertex -23.5325 5.1581 1.90735e-07
      vertex -23.625 5.4306 0
      vertex -23.625 5.4306 1.90735e-07
    endloop
  endfacet
  facet normal 0.946931 0.321435 -3.11496e-11
    outer loop
      vertex -23.625 5.4306 0
      vertex -23.5325 5.1581 1.90735e-07
      vertex -23.5325 5.1581 0
    endloop
  endfacet
  facet normal 0.659464 -0.751736 0
    outer loop
      vertex -23.0556 7.55563 0
      vertex -22.8393 7.74538 1.90735e-07
      vertex -23.0556 7.55563 1.90735e-07
    endloop
  endfacet
  facet normal 0.659464 -0.751736 0
    outer loop
      vertex -22.8393 7.74538 1.90735e-07
      vertex -23.0556 7.55563 0
      vertex -22.8393 7.74538 0
    endloop
  endfacet
  facet normal -0 0 -1
    outer loop
      vertex -19.3 6 1.90735e-07
      vertex -19.3075 5.9986 1.90735e-07
      vertex -19.3074 6 1.90735e-07
    endloop
  endfacet
  facet normal 0 0 -1
    outer loop
      vertex -19.3188 5.71284 1.90735e-07
      vertex -19.3075 5.9986 1.90735e-07
      vertex -19.3 6 1.90735e-07
    endloop
  endfacet
  facet normal 0 0 -1
    outer loop
      vertex -19.3188 5.71284 1.90735e-07
      vertex -19.3262 5.71381 1.90735e-07
      vertex -19.3075 5.9986 1.90735e-07
    endloop
  endfacet
  facet normal -0 0 -1
    outer loop
      vertex -19.3188 5.71284 1.90735e-07
      vertex -19.3265 5.71244 1.90735e-07
      vertex -19.3262 5.71381 1.90735e-07
    endloop
  endfacet
  facet normal 0 0 -1
    outer loop
      vertex -19.375 5.4306 1.90735e-07
      vertex -19.3265 5.71244 1.90735e-07
      vertex -19.3188 5.71284 1.90735e-07
    endloop
  endfacet
  facet normal 0 0 -1
    outer loop
      vertex -19.375 5.4306 1.90735e-07
      vertex -19.3821 5.43252 1.90735e-07
      vertex -19.3265 5.71244 1.90735e-07
    endloop
  endfacet
  facet normal 0 0 -1
    outer loop
      vertex -19.375 5.4306 1.90735e-07
      vertex -19.3826 5.43119 1.90735e-07
      vertex -19.3821 5.43252 1.90735e-07
    endloop
  endfacet
  facet normal 0 0 -1
    outer loop
      vertex -19.4675 5.1581 1.90735e-07
      vertex -19.3826 5.43119 1.90735e-07
      vertex -19.375 5.4306 1.90735e-07
    endloop
  endfacet
  facet normal 0 0 -1
    outer loop
      vertex -19.4675 5.1581 1.90735e-07
      vertex -19.4743 5.16094 1.90735e-07
      vertex -19.3826 5.43119 1.90735e-07
    endloop
  endfacet
  facet normal 0 0 -1
    outer loop
      vertex -19.6006 4.90498 1.90735e-07
      vertex -19.4675 5.1581 1.90735e-07
      vertex -19.5947 4.9 1.90735e-07
    endloop
  endfacet
  facet normal -0 0 -1
    outer loop
      vertex -19.4675 5.1581 1.90735e-07
      vertex -19.6006 4.90498 1.90735e-07
      vertex -19.4743 5.16094 1.90735e-07
    endloop
  endfacet
  facet normal 0 0 -1
    outer loop
      vertex -19.5947 4.9 1.90735e-07
      vertex -19.6012 4.90372 1.90735e-07
      vertex -19.6006 4.90498 1.90735e-07
    endloop
  endfacet
  facet normal 0 0 -1
    outer loop
      vertex -19.5947 4.9 1.90735e-07
      vertex -19.602 4.90255 1.90735e-07
      vertex -19.6012 4.90372 1.90735e-07
    endloop
  endfacet
  facet normal 0 0 -1
    outer loop
      vertex -19.7546 4.66073 1.90735e-07
      vertex -19.602 4.90255 1.90735e-07
      vertex -19.5947 4.9 1.90735e-07
    endloop
  endfacet
  facet normal 0 0 -1
    outer loop
      vertex -19.7546 4.66073 1.90735e-07
      vertex -19.7605 4.66525 1.90735e-07
      vertex -19.602 4.90255 1.90735e-07
    endloop
  endfacet
  facet normal 0 0 -1
    outer loop
      vertex -19.9487 4.45068 1.90735e-07
      vertex -19.7546 4.66073 1.90735e-07
      vertex -19.9444 4.44437 1.90735e-07
    endloop
  endfacet
  facet normal -0 0 -1
    outer loop
      vertex -19.7546 4.66073 1.90735e-07
      vertex -19.9487 4.45068 1.90735e-07
      vertex -19.7605 4.66525 1.90735e-07
    endloop
  endfacet
  facet normal 0 0 -1
    outer loop
      vertex -19.9444 4.44437 1.90735e-07
      vertex -19.9496 4.44962 1.90735e-07
      vertex -19.9487 4.45068 1.90735e-07
    endloop
  endfacet
  facet normal 0 0 -1
    outer loop
      vertex -19.9444 4.44437 1.90735e-07
      vertex -19.9507 4.4487 1.90735e-07
      vertex -19.9496 4.44962 1.90735e-07
    endloop
  endfacet
  facet normal 0 0 -1
    outer loop
      vertex -20.1607 4.25462 1.90735e-07
      vertex -19.9507 4.4487 1.90735e-07
      vertex -19.9444 4.44437 1.90735e-07
    endloop
  endfacet
  facet normal 0 0 -1
    outer loop
      vertex -20.1607 4.25462 1.90735e-07
      vertex -20.1653 4.26052 1.90735e-07
      vertex -19.9507 4.4487 1.90735e-07
    endloop
  endfacet
  facet normal 0 0 -1
    outer loop
      vertex -20.4026 4.10197 1.90735e-07
      vertex -20.1607 4.25462 1.90735e-07
      vertex -20.4 4.09474 1.90735e-07
    endloop
  endfacet
  facet normal -0 0 -1
    outer loop
      vertex -20.1607 4.25462 1.90735e-07
      vertex -20.4026 4.10197 1.90735e-07
      vertex -20.1653 4.26052 1.90735e-07
    endloop
  endfacet
  facet normal 0 0 -1
    outer loop
      vertex -20.4 4.09474 1.90735e-07
      vertex -20.4037 4.10119 1.90735e-07
      vertex -20.4026 4.10197 1.90735e-07
    endloop
  endfacet
  facet normal 0 0 -1
    outer loop
      vertex -20.4 4.09474 1.90735e-07
      vertex -20.405 4.10056 1.90735e-07
      vertex -20.4037 4.10119 1.90735e-07
    endloop
  endfacet
  facet normal 0 0 -1
    outer loop
      vertex -20.6581 3.96747 1.90735e-07
      vertex -20.405 4.10056 1.90735e-07
      vertex -20.4 4.09474 1.90735e-07
    endloop
  endfacet
  facet normal 0 0 -1
    outer loop
      vertex -20.6581 3.96747 1.90735e-07
      vertex -20.6609 3.97434 1.90735e-07
      vertex -20.405 4.10056 1.90735e-07
    endloop
  endfacet
  facet normal 0 0 -1
    outer loop
      vertex -20.9312 3.8826 1.90735e-07
      vertex -20.6581 3.96747 1.90735e-07
      vertex -20.9306 3.87496 1.90735e-07
    endloop
  endfacet
  facet normal -0 0 -1
    outer loop
      vertex -20.6581 3.96747 1.90735e-07
      vertex -20.9312 3.8826 1.90735e-07
      vertex -20.6609 3.97434 1.90735e-07
    endloop
  endfacet
  facet normal 0 0 -1
    outer loop
      vertex -20.9306 3.87496 1.90735e-07
      vertex -20.9325 3.88215 1.90735e-07
      vertex -20.9312 3.8826 1.90735e-07
    endloop
  endfacet
  facet normal -0 0 -1
    outer loop
      vertex -20.9306 3.87496 1.90735e-07
      vertex -21.2124 3.82647 1.90735e-07
      vertex -20.9325 3.88215 1.90735e-07
    endloop
  endfacet
  facet normal 0 0 -1
    outer loop
      vertex -21.2128 3.81882 1.90735e-07
      vertex -21.2124 3.82647 1.90735e-07
      vertex -20.9306 3.87496 1.90735e-07
    endloop
  endfacet
  facet normal 0 0 -1
    outer loop
      vertex -21.2128 3.81882 1.90735e-07
      vertex -21.2138 3.8262 1.90735e-07
      vertex -21.2124 3.82647 1.90735e-07
    endloop
  endfacet
  facet normal -0 0 -1
    outer loop
      vertex -21.2128 3.81882 1.90735e-07
      vertex -21.4986 3.80753 1.90735e-07
      vertex -21.2138 3.8262 1.90735e-07
    endloop
  endfacet
  facet normal 0 0 -1
    outer loop
      vertex -21.5 3.8 1.90735e-07
      vertex -21.4986 3.80753 1.90735e-07
      vertex -21.2128 3.81882 1.90735e-07
    endloop
  endfacet
  facet normal 0 0 -1
    outer loop
      vertex -21.5 3.8 1.90735e-07
      vertex -21.5 3.80744 1.90735e-07
      vertex -21.4986 3.80753 1.90735e-07
    endloop
  endfacet
  facet normal 0 0 -1
    outer loop
      vertex -21.5 3.8 1.90735e-07
      vertex -21.5014 3.80753 1.90735e-07
      vertex -21.5 3.80744 1.90735e-07
    endloop
  endfacet
  facet normal 0 0 -1
    outer loop
      vertex -21.7872 3.81882 1.90735e-07
      vertex -21.5014 3.80753 1.90735e-07
      vertex -21.5 3.8 1.90735e-07
    endloop
  endfacet
  facet normal 0 0 -1
    outer loop
      vertex -21.5014 3.80753 1.90735e-07
      vertex -21.7872 3.81882 1.90735e-07
      vertex -21.7862 3.8262 1.90735e-07
    endloop
  endfacet
  facet normal 0 0 -1
    outer loop
      vertex -21.7872 3.81882 1.90735e-07
      vertex -21.7876 3.82647 1.90735e-07
      vertex -21.7862 3.8262 1.90735e-07
    endloop
  endfacet
  facet normal 0 0 -1
    outer loop
      vertex -22.0694 3.87496 1.90735e-07
      vertex -21.7876 3.82647 1.90735e-07
      vertex -21.7872 3.81882 1.90735e-07
    endloop
  endfacet
  facet normal 0 0 -1
    outer loop
      vertex -21.7876 3.82647 1.90735e-07
      vertex -22.0694 3.87496 1.90735e-07
      vertex -22.0675 3.88215 1.90735e-07
    endloop
  endfacet
  facet normal 0 0 -1
    outer loop
      vertex -22.0694 3.87496 1.90735e-07
      vertex -22.0688 3.8826 1.90735e-07
      vertex -22.0675 3.88215 1.90735e-07
    endloop
  endfacet
  facet normal 0 0 -1
    outer loop
      vertex -22.3419 3.96747 1.90735e-07
      vertex -22.0688 3.8826 1.90735e-07
      vertex -22.0694 3.87496 1.90735e-07
    endloop
  endfacet
  facet normal 0 0 -1
    outer loop
      vertex -22.0688 3.8826 1.90735e-07
      vertex -22.3419 3.96747 1.90735e-07
      vertex -22.3391 3.97434 1.90735e-07
    endloop
  endfacet
  facet normal 0 0 -1
    outer loop
      vertex -22.3419 3.96747 1.90735e-07
      vertex -22.595 4.10056 1.90735e-07
      vertex -22.3391 3.97434 1.90735e-07
    endloop
  endfacet
  facet normal 0 0 -1
    outer loop
      vertex -22.6 4.09474 1.90735e-07
      vertex -22.595 4.10056 1.90735e-07
      vertex -22.3419 3.96747 1.90735e-07
    endloop
  endfacet
  facet normal -0 0 -1
    outer loop
      vertex -22.595 4.10056 1.90735e-07
      vertex -22.6 4.09474 1.90735e-07
      vertex -22.5963 4.10119 1.90735e-07
    endloop
  endfacet
  facet normal 0 0 -1
    outer loop
      vertex -22.6 4.09474 1.90735e-07
      vertex -22.5974 4.10197 1.90735e-07
      vertex -22.5963 4.10119 1.90735e-07
    endloop
  endfacet
  facet normal 0 0 -1
    outer loop
      vertex -22.8393 4.25462 1.90735e-07
      vertex -22.5974 4.10197 1.90735e-07
      vertex -22.6 4.09474 1.90735e-07
    endloop
  endfacet
  facet normal 0 0 -1
    outer loop
      vertex -22.5974 4.10197 1.90735e-07
      vertex -22.8393 4.25462 1.90735e-07
      vertex -22.8347 4.26052 1.90735e-07
    endloop
  endfacet
  facet normal 0 0 -1
    outer loop
      vertex -22.8393 4.25462 1.90735e-07
      vertex -23.0493 4.4487 1.90735e-07
      vertex -22.8347 4.26052 1.90735e-07
    endloop
  endfacet
  facet normal 0 0 -1
    outer loop
      vertex -23.0556 4.44437 1.90735e-07
      vertex -23.0493 4.4487 1.90735e-07
      vertex -22.8393 4.25462 1.90735e-07
    endloop
  endfacet
  facet normal -0 0 -1
    outer loop
      vertex -23.0493 4.4487 1.90735e-07
      vertex -23.0556 4.44437 1.90735e-07
      vertex -23.0504 4.44962 1.90735e-07
    endloop
  endfacet
  facet normal 0 0 -1
    outer loop
      vertex -23.0556 4.44437 1.90735e-07
      vertex -23.0513 4.45068 1.90735e-07
      vertex -23.0504 4.44962 1.90735e-07
    endloop
  endfacet
  facet normal 0 0 -1
    outer loop
      vertex -23.2454 4.66073 1.90735e-07
      vertex -23.0513 4.45068 1.90735e-07
      vertex -23.0556 4.44437 1.90735e-07
    endloop
  endfacet
  facet normal 0 0 -1
    outer loop
      vertex -23.0513 4.45068 1.90735e-07
      vertex -23.2454 4.66073 1.90735e-07
      vertex -23.2395 4.66525 1.90735e-07
    endloop
  endfacet
  facet normal 0 0 -1
    outer loop
      vertex -23.2454 4.66073 1.90735e-07
      vertex -23.398 4.90255 1.90735e-07
      vertex -23.2395 4.66525 1.90735e-07
    endloop
  endfacet
  facet normal 0 0 -1
    outer loop
      vertex -23.4053 4.9 1.90735e-07
      vertex -23.398 4.90255 1.90735e-07
      vertex -23.2454 4.66073 1.90735e-07
    endloop
  endfacet
  facet normal -0 0 -1
    outer loop
      vertex -23.398 4.90255 1.90735e-07
      vertex -23.4053 4.9 1.90735e-07
      vertex -23.3988 4.90372 1.90735e-07
    endloop
  endfacet
  facet normal 0 0 -1
    outer loop
      vertex -23.4053 4.9 1.90735e-07
      vertex -23.3994 4.90498 1.90735e-07
      vertex -23.3988 4.90372 1.90735e-07
    endloop
  endfacet
  facet normal 0 0 -1
    outer loop
      vertex -23.5325 5.1581 1.90735e-07
      vertex -23.3994 4.90498 1.90735e-07
      vertex -23.4053 4.9 1.90735e-07
    endloop
  endfacet
  facet normal 0 0 -1
    outer loop
      vertex -23.3994 4.90498 1.90735e-07
      vertex -23.5325 5.1581 1.90735e-07
      vertex -23.5257 5.16094 1.90735e-07
    endloop
  endfacet
  facet normal 0 0 -1
    outer loop
      vertex -23.5325 5.1581 1.90735e-07
      vertex -23.6174 5.43119 1.90735e-07
      vertex -23.5257 5.16094 1.90735e-07
    endloop
  endfacet
  facet normal 0 0 -1
    outer loop
      vertex -23.625 5.4306 1.90735e-07
      vertex -23.6174 5.43119 1.90735e-07
      vertex -23.5325 5.1581 1.90735e-07
    endloop
  endfacet
  facet normal -0 0 -1
    outer loop
      vertex -23.6174 5.43119 1.90735e-07
      vertex -23.625 5.4306 1.90735e-07
      vertex -23.6179 5.43252 1.90735e-07
    endloop
  endfacet
  facet normal 0 0 -1
    outer loop
      vertex -23.625 5.4306 1.90735e-07
      vertex -23.6735 5.71244 1.90735e-07
      vertex -23.6179 5.43252 1.90735e-07
    endloop
  endfacet
  facet normal 0 0 -1
    outer loop
      vertex -23.6812 5.71284 1.90735e-07
      vertex -23.6735 5.71244 1.90735e-07
      vertex -23.625 5.4306 1.90735e-07
    endloop
  endfacet
  facet normal 0 0 -1
    outer loop
      vertex -23.6735 5.71244 1.90735e-07
      vertex -23.6812 5.71284 1.90735e-07
      vertex -23.6738 5.71381 1.90735e-07
    endloop
  endfacet
  facet normal 0 0 -1
    outer loop
      vertex -23.6812 5.71284 1.90735e-07
      vertex -23.6925 5.9986 1.90735e-07
      vertex -23.6738 5.71381 1.90735e-07
    endloop
  endfacet
  facet normal 0 0 -1
    outer loop
      vertex -23.7 6 1.90735e-07
      vertex -23.6925 5.9986 1.90735e-07
      vertex -23.6812 5.71284 1.90735e-07
    endloop
  endfacet
  facet normal 0 0 -1
    outer loop
      vertex -23.6925 5.9986 1.90735e-07
      vertex -23.7 6 1.90735e-07
      vertex -23.6926 6 1.90735e-07
    endloop
  endfacet
  facet normal 0 0 -1
    outer loop
      vertex -19.3075 6.0014 1.90735e-07
      vertex -19.3 6 1.90735e-07
      vertex -19.3074 6 1.90735e-07
    endloop
  endfacet
  facet normal 0 0 -1
    outer loop
      vertex -19.3075 6.0014 1.90735e-07
      vertex -19.3188 6.28716 1.90735e-07
      vertex -19.3 6 1.90735e-07
    endloop
  endfacet
  facet normal 0 0 -1
    outer loop
      vertex -19.3262 6.28619 1.90735e-07
      vertex -19.3188 6.28716 1.90735e-07
      vertex -19.3075 6.0014 1.90735e-07
    endloop
  endfacet
  facet normal 0 0 -1
    outer loop
      vertex -19.3265 6.28756 1.90735e-07
      vertex -19.3188 6.28716 1.90735e-07
      vertex -19.3262 6.28619 1.90735e-07
    endloop
  endfacet
  facet normal 0 0 -1
    outer loop
      vertex -19.3265 6.28756 1.90735e-07
      vertex -19.375 6.5694 1.90735e-07
      vertex -19.3188 6.28716 1.90735e-07
    endloop
  endfacet
  facet normal 0 0 -1
    outer loop
      vertex -19.3821 6.56748 1.90735e-07
      vertex -19.375 6.5694 1.90735e-07
      vertex -19.3265 6.28756 1.90735e-07
    endloop
  endfacet
  facet normal 0 0 -1
    outer loop
      vertex -19.3826 6.56881 1.90735e-07
      vertex -19.375 6.5694 1.90735e-07
      vertex -19.3821 6.56748 1.90735e-07
    endloop
  endfacet
  facet normal 0 0 -1
    outer loop
      vertex -19.3826 6.56881 1.90735e-07
      vertex -19.4675 6.8419 1.90735e-07
      vertex -19.375 6.5694 1.90735e-07
    endloop
  endfacet
  facet normal 0 0 -1
    outer loop
      vertex -19.4743 6.83906 1.90735e-07
      vertex -19.4675 6.8419 1.90735e-07
      vertex -19.3826 6.56881 1.90735e-07
    endloop
  endfacet
  facet normal 0 0 -1
    outer loop
      vertex -19.6006 7.09502 1.90735e-07
      vertex -19.4675 6.8419 1.90735e-07
      vertex -19.4743 6.83906 1.90735e-07
    endloop
  endfacet
  facet normal 0 0 -1
    outer loop
      vertex -19.4675 6.8419 1.90735e-07
      vertex -19.6006 7.09502 1.90735e-07
      vertex -19.5947 7.1 1.90735e-07
    endloop
  endfacet
  facet normal 0 0 -1
    outer loop
      vertex -19.6012 7.09628 1.90735e-07
      vertex -19.5947 7.1 1.90735e-07
      vertex -19.6006 7.09502 1.90735e-07
    endloop
  endfacet
  facet normal 0 0 -1
    outer loop
      vertex -19.602 7.09745 1.90735e-07
      vertex -19.5947 7.1 1.90735e-07
      vertex -19.6012 7.09628 1.90735e-07
    endloop
  endfacet
  facet normal 0 0 -1
    outer loop
      vertex -19.602 7.09745 1.90735e-07
      vertex -19.7546 7.33927 1.90735e-07
      vertex -19.5947 7.1 1.90735e-07
    endloop
  endfacet
  facet normal 0 0 -1
    outer loop
      vertex -19.7605 7.33475 1.90735e-07
      vertex -19.7546 7.33927 1.90735e-07
      vertex -19.602 7.09745 1.90735e-07
    endloop
  endfacet
  facet normal 0 0 -1
    outer loop
      vertex -19.9487 7.54932 1.90735e-07
      vertex -19.7546 7.33927 1.90735e-07
      vertex -19.7605 7.33475 1.90735e-07
    endloop
  endfacet
  facet normal 0 0 -1
    outer loop
      vertex -19.7546 7.33927 1.90735e-07
      vertex -19.9487 7.54932 1.90735e-07
      vertex -19.9444 7.55563 1.90735e-07
    endloop
  endfacet
  facet normal 0 0 -1
    outer loop
      vertex -19.9496 7.55038 1.90735e-07
      vertex -19.9444 7.55563 1.90735e-07
      vertex -19.9487 7.54932 1.90735e-07
    endloop
  endfacet
  facet normal 0 0 -1
    outer loop
      vertex -19.9507 7.5513 1.90735e-07
      vertex -19.9444 7.55563 1.90735e-07
      vertex -19.9496 7.55038 1.90735e-07
    endloop
  endfacet
  facet normal 0 0 -1
    outer loop
      vertex -19.9507 7.5513 1.90735e-07
      vertex -20.1607 7.74538 1.90735e-07
      vertex -19.9444 7.55563 1.90735e-07
    endloop
  endfacet
  facet normal 0 0 -1
    outer loop
      vertex -20.1653 7.73948 1.90735e-07
      vertex -20.1607 7.74538 1.90735e-07
      vertex -19.9507 7.5513 1.90735e-07
    endloop
  endfacet
  facet normal 0 0 -1
    outer loop
      vertex -20.4026 7.89803 1.90735e-07
      vertex -20.1607 7.74538 1.90735e-07
      vertex -20.1653 7.73948 1.90735e-07
    endloop
  endfacet
  facet normal 0 0 -1
    outer loop
      vertex -20.1607 7.74538 1.90735e-07
      vertex -20.4026 7.89803 1.90735e-07
      vertex -20.4 7.90526 1.90735e-07
    endloop
  endfacet
  facet normal 0 0 -1
    outer loop
      vertex -20.4037 7.89881 1.90735e-07
      vertex -20.4 7.90526 1.90735e-07
      vertex -20.4026 7.89803 1.90735e-07
    endloop
  endfacet
  facet normal 0 0 -1
    outer loop
      vertex -20.405 7.89944 1.90735e-07
      vertex -20.4 7.90526 1.90735e-07
      vertex -20.4037 7.89881 1.90735e-07
    endloop
  endfacet
  facet normal 0 0 -1
    outer loop
      vertex -20.405 7.89944 1.90735e-07
      vertex -20.6581 8.03253 1.90735e-07
      vertex -20.4 7.90526 1.90735e-07
    endloop
  endfacet
  facet normal 0 0 -1
    outer loop
      vertex -20.6609 8.02566 1.90735e-07
      vertex -20.6581 8.03253 1.90735e-07
      vertex -20.405 7.89944 1.90735e-07
    endloop
  endfacet
  facet normal 0 0 -1
    outer loop
      vertex -20.9312 8.1174 1.90735e-07
      vertex -20.6581 8.03253 1.90735e-07
      vertex -20.6609 8.02566 1.90735e-07
    endloop
  endfacet
  facet normal 0 0 -1
    outer loop
      vertex -20.6581 8.03253 1.90735e-07
      vertex -20.9312 8.1174 1.90735e-07
      vertex -20.9306 8.12504 1.90735e-07
    endloop
  endfacet
  facet normal 0 0 -1
    outer loop
      vertex -20.9325 8.11785 1.90735e-07
      vertex -20.9306 8.12504 1.90735e-07
      vertex -20.9312 8.1174 1.90735e-07
    endloop
  endfacet
  facet normal 0 0 -1
    outer loop
      vertex -21.2124 8.17353 1.90735e-07
      vertex -20.9306 8.12504 1.90735e-07
      vertex -20.9325 8.11785 1.90735e-07
    endloop
  endfacet
  facet normal 0 0 -1
    outer loop
      vertex -21.2124 8.17353 1.90735e-07
      vertex -21.2128 8.18118 1.90735e-07
      vertex -20.9306 8.12504 1.90735e-07
    endloop
  endfacet
  facet normal 0 0 -1
    outer loop
      vertex -21.2138 8.1738 1.90735e-07
      vertex -21.2128 8.18118 1.90735e-07
      vertex -21.2124 8.17353 1.90735e-07
    endloop
  endfacet
  facet normal 0 0 -1
    outer loop
      vertex -21.4986 8.19247 1.90735e-07
      vertex -21.2128 8.18118 1.90735e-07
      vertex -21.2138 8.1738 1.90735e-07
    endloop
  endfacet
  facet normal 0 0 -1
    outer loop
      vertex -21.5 8.2 1.90735e-07
      vertex -21.4986 8.19247 1.90735e-07
      vertex -21.5 8.19256 1.90735e-07
    endloop
  endfacet
  facet normal 0 0 -1
    outer loop
      vertex -21.4986 8.19247 1.90735e-07
      vertex -21.5 8.2 1.90735e-07
      vertex -21.2128 8.18118 1.90735e-07
    endloop
  endfacet
  facet normal 0 0 -1
    outer loop
      vertex -21.5014 8.19247 1.90735e-07
      vertex -21.5 8.2 1.90735e-07
      vertex -21.5 8.19256 1.90735e-07
    endloop
  endfacet
  facet normal 0 0 -1
    outer loop
      vertex -21.7872 8.18118 1.90735e-07
      vertex -21.5014 8.19247 1.90735e-07
      vertex -21.7862 8.1738 1.90735e-07
    endloop
  endfacet
  facet normal -0 0 -1
    outer loop
      vertex -21.5014 8.19247 1.90735e-07
      vertex -21.7872 8.18118 1.90735e-07
      vertex -21.5 8.2 1.90735e-07
    endloop
  endfacet
  facet normal 0 0 -1
    outer loop
      vertex -21.7876 8.17353 1.90735e-07
      vertex -21.7872 8.18118 1.90735e-07
      vertex -21.7862 8.1738 1.90735e-07
    endloop
  endfacet
  facet normal 0 0 -1
    outer loop
      vertex -22.0694 8.12504 1.90735e-07
      vertex -21.7876 8.17353 1.90735e-07
      vertex -22.0675 8.11785 1.90735e-07
    endloop
  endfacet
  facet normal -0 0 -1
    outer loop
      vertex -21.7876 8.17353 1.90735e-07
      vertex -22.0694 8.12504 1.90735e-07
      vertex -21.7872 8.18118 1.90735e-07
    endloop
  endfacet
  facet normal 0 0 -1
    outer loop
      vertex -22.0688 8.1174 1.90735e-07
      vertex -22.0694 8.12504 1.90735e-07
      vertex -22.0675 8.11785 1.90735e-07
    endloop
  endfacet
  facet normal 0 0 -1
    outer loop
      vertex -22.3419 8.03253 1.90735e-07
      vertex -22.0688 8.1174 1.90735e-07
      vertex -22.3391 8.02566 1.90735e-07
    endloop
  endfacet
  facet normal -0 0 -1
    outer loop
      vertex -22.0688 8.1174 1.90735e-07
      vertex -22.3419 8.03253 1.90735e-07
      vertex -22.0694 8.12504 1.90735e-07
    endloop
  endfacet
  facet normal 0 0 -1
    outer loop
      vertex -22.595 7.89944 1.90735e-07
      vertex -22.3419 8.03253 1.90735e-07
      vertex -22.3391 8.02566 1.90735e-07
    endloop
  endfacet
  facet normal 0 0 -1
    outer loop
      vertex -22.6 7.90526 1.90735e-07
      vertex -22.595 7.89944 1.90735e-07
      vertex -22.5963 7.89881 1.90735e-07
    endloop
  endfacet
  facet normal 0 0 -1
    outer loop
      vertex -22.595 7.89944 1.90735e-07
      vertex -22.6 7.90526 1.90735e-07
      vertex -22.3419 8.03253 1.90735e-07
    endloop
  endfacet
  facet normal 0 0 -1
    outer loop
      vertex -22.5974 7.89803 1.90735e-07
      vertex -22.6 7.90526 1.90735e-07
      vertex -22.5963 7.89881 1.90735e-07
    endloop
  endfacet
  facet normal 0 0 -1
    outer loop
      vertex -22.8393 7.74538 1.90735e-07
      vertex -22.5974 7.89803 1.90735e-07
      vertex -22.8347 7.73948 1.90735e-07
    endloop
  endfacet
  facet normal -0 0 -1
    outer loop
      vertex -22.5974 7.89803 1.90735e-07
      vertex -22.8393 7.74538 1.90735e-07
      vertex -22.6 7.90526 1.90735e-07
    endloop
  endfacet
  facet normal 0 0 -1
    outer loop
      vertex -23.0493 7.5513 1.90735e-07
      vertex -22.8393 7.74538 1.90735e-07
      vertex -22.8347 7.73948 1.90735e-07
    endloop
  endfacet
  facet normal 0 0 -1
    outer loop
      vertex -23.0556 7.55563 1.90735e-07
      vertex -23.0493 7.5513 1.90735e-07
      vertex -23.0504 7.55038 1.90735e-07
    endloop
  endfacet
  facet normal 0 0 -1
    outer loop
      vertex -23.0493 7.5513 1.90735e-07
      vertex -23.0556 7.55563 1.90735e-07
      vertex -22.8393 7.74538 1.90735e-07
    endloop
  endfacet
  facet normal 0 0 -1
    outer loop
      vertex -23.0513 7.54932 1.90735e-07
      vertex -23.0556 7.55563 1.90735e-07
      vertex -23.0504 7.55038 1.90735e-07
    endloop
  endfacet
  facet normal 0 0 -1
    outer loop
      vertex -23.2454 7.33927 1.90735e-07
      vertex -23.0513 7.54932 1.90735e-07
      vertex -23.2395 7.33475 1.90735e-07
    endloop
  endfacet
  facet normal -0 0 -1
    outer loop
      vertex -23.0513 7.54932 1.90735e-07
      vertex -23.2454 7.33927 1.90735e-07
      vertex -23.0556 7.55563 1.90735e-07
    endloop
  endfacet
  facet normal 0 0 -1
    outer loop
      vertex -23.398 7.09745 1.90735e-07
      vertex -23.2454 7.33927 1.90735e-07
      vertex -23.2395 7.33475 1.90735e-07
    endloop
  endfacet
  facet normal 0 0 -1
    outer loop
      vertex -23.4053 7.1 1.90735e-07
      vertex -23.398 7.09745 1.90735e-07
      vertex -23.3988 7.09628 1.90735e-07
    endloop
  endfacet
  facet normal 0 0 -1
    outer loop
      vertex -23.398 7.09745 1.90735e-07
      vertex -23.4053 7.1 1.90735e-07
      vertex -23.2454 7.33927 1.90735e-07
    endloop
  endfacet
  facet normal 0 0 -1
    outer loop
      vertex -23.3994 7.09502 1.90735e-07
      vertex -23.4053 7.1 1.90735e-07
      vertex -23.3988 7.09628 1.90735e-07
    endloop
  endfacet
  facet normal 0 0 -1
    outer loop
      vertex -23.5325 6.8419 1.90735e-07
      vertex -23.3994 7.09502 1.90735e-07
      vertex -23.5257 6.83906 1.90735e-07
    endloop
  endfacet
  facet normal -0 0 -1
    outer loop
      vertex -23.3994 7.09502 1.90735e-07
      vertex -23.5325 6.8419 1.90735e-07
      vertex -23.4053 7.1 1.90735e-07
    endloop
  endfacet
  facet normal 0 0 -1
    outer loop
      vertex -23.6174 6.56881 1.90735e-07
      vertex -23.5325 6.8419 1.90735e-07
      vertex -23.5257 6.83906 1.90735e-07
    endloop
  endfacet
  facet normal 0 0 -1
    outer loop
      vertex -23.625 6.5694 1.90735e-07
      vertex -23.6174 6.56881 1.90735e-07
      vertex -23.6179 6.56748 1.90735e-07
    endloop
  endfacet
  facet normal 0 0 -1
    outer loop
      vertex -23.6174 6.56881 1.90735e-07
      vertex -23.625 6.5694 1.90735e-07
      vertex -23.5325 6.8419 1.90735e-07
    endloop
  endfacet
  facet normal 0 0 -1
    outer loop
      vertex -23.6735 6.28756 1.90735e-07
      vertex -23.625 6.5694 1.90735e-07
      vertex -23.6179 6.56748 1.90735e-07
    endloop
  endfacet
  facet normal 0 0 -1
    outer loop
      vertex -23.6812 6.28716 1.90735e-07
      vertex -23.6735 6.28756 1.90735e-07
      vertex -23.6738 6.28619 1.90735e-07
    endloop
  endfacet
  facet normal -0 0 -1
    outer loop
      vertex -23.6735 6.28756 1.90735e-07
      vertex -23.6812 6.28716 1.90735e-07
      vertex -23.625 6.5694 1.90735e-07
    endloop
  endfacet
  facet normal 0 0 -1
    outer loop
      vertex -23.6925 6.0014 1.90735e-07
      vertex -23.6812 6.28716 1.90735e-07
      vertex -23.6738 6.28619 1.90735e-07
    endloop
  endfacet
  facet normal 0 0 -1
    outer loop
      vertex -23.7 6 1.90735e-07
      vertex -23.6925 6.0014 1.90735e-07
      vertex -23.6926 6 1.90735e-07
    endloop
  endfacet
  facet normal -0 0 -1
    outer loop
      vertex -23.6925 6.0014 1.90735e-07
      vertex -23.7 6 1.90735e-07
      vertex -23.6812 6.28716 1.90735e-07
    endloop
  endfacet
  facet normal -0.065389 0.99786 0
    outer loop
      vertex -21.2128 3.81882 0
      vertex -21.5 3.8 1.90735e-07
      vertex -21.2128 3.81882 1.90735e-07
    endloop
  endfacet
  facet normal -0.065389 0.99786 0
    outer loop
      vertex -21.5 3.8 1.90735e-07
      vertex -21.2128 3.81882 0
      vertex -21.5 3.8 0
    endloop
  endfacet
  facet normal -0.83143 0.55563 -3.43015e-11
    outer loop
      vertex -19.7546 4.66073 0
      vertex -19.5947 4.9 1.90735e-07
      vertex -19.5947 4.9 0
    endloop
  endfacet
  facet normal -0.83143 0.55563 -3.43015e-11
    outer loop
      vertex -19.5947 4.9 1.90735e-07
      vertex -19.7546 4.66073 0
      vertex -19.7546 4.66073 1.90735e-07
    endloop
  endfacet
  facet normal 0.896984 -0.442063 -1.99812e-11
    outer loop
      vertex -23.5325 6.8419 1.90735e-07
      vertex -23.4053 7.1 0
      vertex -23.4053 7.1 1.90735e-07
    endloop
  endfacet
  facet normal 0.896984 -0.442063 -1.99812e-11
    outer loop
      vertex -23.4053 7.1 0
      vertex -23.5325 6.8419 1.90735e-07
      vertex -23.5325 6.8419 0
    endloop
  endfacet
  facet normal -0.83143 -0.55563 3.43015e-11
    outer loop
      vertex -19.5947 7.1 0
      vertex -19.7546 7.33927 1.90735e-07
      vertex -19.7546 7.33927 0
    endloop
  endfacet
  facet normal -0.83143 -0.55563 3.43015e-11
    outer loop
      vertex -19.7546 7.33927 1.90735e-07
      vertex -19.5947 7.1 0
      vertex -19.5947 7.1 1.90735e-07
    endloop
  endfacet
  facet normal 0.065389 -0.99786 0
    outer loop
      vertex -21.7872 8.18118 0
      vertex -21.5 8.2 1.90735e-07
      vertex -21.7872 8.18118 1.90735e-07
    endloop
  endfacet
  facet normal 0.065389 -0.99786 0
    outer loop
      vertex -21.5 8.2 1.90735e-07
      vertex -21.7872 8.18118 0
      vertex -21.5 8.2 0
    endloop
  endfacet
  facet normal 0.980746 0.195287 -1.43751e-11
    outer loop
      vertex -23.625 5.4306 1.90735e-07
      vertex -23.6812 5.71284 0
      vertex -23.6812 5.71284 1.90735e-07
    endloop
  endfacet
  facet normal 0.980746 0.195287 -1.43751e-11
    outer loop
      vertex -23.6812 5.71284 0
      vertex -23.625 5.4306 1.90735e-07
      vertex -23.625 5.4306 0
    endloop
  endfacet
  facet normal 0.555534 -0.831494 0
    outer loop
      vertex -22.8393 7.74538 0
      vertex -22.6 7.90526 1.90735e-07
      vertex -22.8393 7.74538 1.90735e-07
    endloop
  endfacet
  facet normal 0.555534 -0.831494 0
    outer loop
      vertex -22.6 7.90526 1.90735e-07
      vertex -22.8393 7.74538 0
      vertex -22.6 7.90526 0
    endloop
  endfacet
  facet normal 0.555534 0.831494 -0
    outer loop
      vertex -22.6 4.09474 0
      vertex -22.8393 4.25462 1.90735e-07
      vertex -22.6 4.09474 1.90735e-07
    endloop
  endfacet
  facet normal 0.555534 0.831494 0
    outer loop
      vertex -22.8393 4.25462 1.90735e-07
      vertex -22.6 4.09474 0
      vertex -22.8393 4.25462 0
    endloop
  endfacet
  facet normal 0.065389 0.99786 -0
    outer loop
      vertex -21.5 3.8 0
      vertex -21.7872 3.81882 1.90735e-07
      vertex -21.5 3.8 1.90735e-07
    endloop
  endfacet
  facet normal 0.065389 0.99786 0
    outer loop
      vertex -21.7872 3.81882 1.90735e-07
      vertex -21.5 3.8 0
      vertex -21.7872 3.81882 0
    endloop
  endfacet
  facet normal 0.980746 -0.195287 1.43751e-11
    outer loop
      vertex -23.6812 6.28716 1.90735e-07
      vertex -23.625 6.5694 0
      vertex -23.625 6.5694 1.90735e-07
    endloop
  endfacet
  facet normal 0.980746 -0.195287 1.43751e-11
    outer loop
      vertex -23.625 6.5694 0
      vertex -23.6812 6.28716 1.90735e-07
      vertex -23.6812 6.28716 0
    endloop
  endfacet
  facet normal 0.751741 -0.659458 4.82004e-11
    outer loop
      vertex -23.2454 7.33927 1.90735e-07
      vertex -23.0556 7.55563 0
      vertex -23.0556 7.55563 1.90735e-07
    endloop
  endfacet
  facet normal 0.751741 -0.659458 4.82004e-11
    outer loop
      vertex -23.0556 7.55563 0
      vertex -23.2454 7.33927 1.90735e-07
      vertex -23.2454 7.33927 0
    endloop
  endfacet
  facet normal -0.555534 -0.831494 0
    outer loop
      vertex -20.4 7.90526 0
      vertex -20.1607 7.74538 1.90735e-07
      vertex -20.4 7.90526 1.90735e-07
    endloop
  endfacet
  facet normal -0.555534 -0.831494 -0
    outer loop
      vertex -20.1607 7.74538 1.90735e-07
      vertex -20.4 7.90526 0
      vertex -20.1607 7.74538 0
    endloop
  endfacet
  facet normal 0.83143 0.55563 3.43015e-11
    outer loop
      vertex -23.2454 4.66073 1.90735e-07
      vertex -23.4053 4.9 0
      vertex -23.4053 4.9 1.90735e-07
    endloop
  endfacet
  facet normal 0.83143 0.55563 3.43015e-11
    outer loop
      vertex -23.4053 4.9 0
      vertex -23.2454 4.66073 1.90735e-07
      vertex -23.2454 4.66073 0
    endloop
  endfacet
  facet normal -0.980757 0.195234 -7.58796e-19
    outer loop
      vertex 22.7557 5.66354 1.2
      vertex 22.7889 5.83032 4.2
      vertex 22.7889 5.83032 1.2
    endloop
  endfacet
  facet normal -0.980757 0.195234 -7.58796e-19
    outer loop
      vertex 22.7889 5.83032 4.2
      vertex 22.7557 5.66354 1.2
      vertex 22.7557 5.66354 4.2
    endloop
  endfacet
  facet normal -0.997867 0.0652777 6.43855e-21
    outer loop
      vertex 22.7889 5.83032 1.2
      vertex 22.8 6 4.2
      vertex 22.8 6 1.2
    endloop
  endfacet
  facet normal -0.997867 0.0652777 6.43855e-21
    outer loop
      vertex 22.8 6 4.2
      vertex 22.7889 5.83032 1.2
      vertex 22.7889 5.83032 4.2
    endloop
  endfacet
  facet normal -0.946863 0.321638 9.33685e-19
    outer loop
      vertex 22.701 5.50251 1.2
      vertex 22.7557 5.66354 4.2
      vertex 22.7557 5.66354 1.2
    endloop
  endfacet
  facet normal -0.946863 0.321638 9.33685e-19
    outer loop
      vertex 22.7557 5.66354 4.2
      vertex 22.701 5.50251 1.2
      vertex 22.701 5.50251 4.2
    endloop
  endfacet
  facet normal 0.195098 -0.980784 0
    outer loop
      vertex 21.1635 7.2557 1.2
      vertex 21.3303 7.28888 4.2
      vertex 21.1635 7.2557 4.2
    endloop
  endfacet
  facet normal 0.195098 -0.980784 0
    outer loop
      vertex 21.3303 7.28888 4.2
      vertex 21.1635 7.2557 1.2
      vertex 21.3303 7.28888 1.2
    endloop
  endfacet
  facet normal -0.442314 0.89686 0
    outer loop
      vertex 22.15 4.87417 1.2
      vertex 21.9975 4.79896 4.2
      vertex 22.15 4.87417 4.2
    endloop
  endfacet
  facet normal -0.442314 0.89686 0
    outer loop
      vertex 21.9975 4.79896 4.2
      vertex 22.15 4.87417 1.2
      vertex 21.9975 4.79896 1.2
    endloop
  endfacet
  facet normal -0.896895 0.442243 7.42798e-19
    outer loop
      vertex 22.6258 5.35 1.2
      vertex 22.701 5.50251 4.2
      vertex 22.701 5.50251 1.2
    endloop
  endfacet
  facet normal -0.896895 0.442243 7.42798e-19
    outer loop
      vertex 22.701 5.50251 4.2
      vertex 22.6258 5.35 1.2
      vertex 22.6258 5.35 4.2
    endloop
  endfacet
  facet normal -0.83167 0.55527 -7.1253e-19
    outer loop
      vertex 22.5314 5.20861 1.2
      vertex 22.6258 5.35 4.2
      vertex 22.6258 5.35 1.2
    endloop
  endfacet
  facet normal -0.83167 0.55527 -7.1253e-19
    outer loop
      vertex 22.6258 5.35 4.2
      vertex 22.5314 5.20861 1.2
      vertex 22.5314 5.20861 4.2
    endloop
  endfacet
  facet normal -0.751611 -0.659607 -3.00582e-20
    outer loop
      vertex 22.5314 6.79139 1.2
      vertex 22.4192 6.91924 4.2
      vertex 22.4192 6.91924 1.2
    endloop
  endfacet
  facet normal -0.751611 -0.659607 -3.00582e-20
    outer loop
      vertex 22.4192 6.91924 4.2
      vertex 22.5314 6.79139 1.2
      vertex 22.5314 6.79139 4.2
    endloop
  endfacet
  facet normal 0.442314 0.89686 -0
    outer loop
      vertex 21.0025 4.79896 1.2
      vertex 20.85 4.87417 4.2
      vertex 21.0025 4.79896 4.2
    endloop
  endfacet
  facet normal 0.442314 0.89686 0
    outer loop
      vertex 20.85 4.87417 4.2
      vertex 21.0025 4.79896 1.2
      vertex 20.85 4.87417 1.2
    endloop
  endfacet
  facet normal 0.997867 -0.0652777 6.43855e-21
    outer loop
      vertex 20.2 6 4.2
      vertex 20.2111 6.16968 1.2
      vertex 20.2111 6.16968 4.2
    endloop
  endfacet
  facet normal 0.997867 -0.0652777 6.43855e-21
    outer loop
      vertex 20.2111 6.16968 1.2
      vertex 20.2 6 4.2
      vertex 20.2 6 1.2
    endloop
  endfacet
  facet normal -0.896895 -0.442243 -7.42798e-19
    outer loop
      vertex 22.701 6.49749 1.2
      vertex 22.6258 6.65 4.2
      vertex 22.6258 6.65 1.2
    endloop
  endfacet
  facet normal -0.896895 -0.442243 -7.42798e-19
    outer loop
      vertex 22.6258 6.65 4.2
      vertex 22.701 6.49749 1.2
      vertex 22.701 6.49749 4.2
    endloop
  endfacet
  facet normal 0.659487 0.751716 -0
    outer loop
      vertex 20.7086 4.96864 1.2
      vertex 20.5808 5.08076 4.2
      vertex 20.7086 4.96864 4.2
    endloop
  endfacet
  facet normal 0.659487 0.751716 0
    outer loop
      vertex 20.5808 5.08076 4.2
      vertex 20.7086 4.96864 1.2
      vertex 20.5808 5.08076 1.2
    endloop
  endfacet
  facet normal -0.751611 0.659607 3.00582e-20
    outer loop
      vertex 22.4192 5.08076 1.2
      vertex 22.5314 5.20861 4.2
      vertex 22.5314 5.20861 1.2
    endloop
  endfacet
  facet normal -0.751611 0.659607 3.00582e-20
    outer loop
      vertex 22.5314 5.20861 4.2
      vertex 22.4192 5.08076 1.2
      vertex 22.4192 5.08076 4.2
    endloop
  endfacet
  facet normal -0.980757 -0.195234 7.58796e-19
    outer loop
      vertex 22.7889 6.16968 1.2
      vertex 22.7557 6.33646 4.2
      vertex 22.7557 6.33646 1.2
    endloop
  endfacet
  facet normal -0.980757 -0.195234 7.58796e-19
    outer loop
      vertex 22.7557 6.33646 4.2
      vertex 22.7889 6.16968 1.2
      vertex 22.7889 6.16968 4.2
    endloop
  endfacet
  facet normal -0.946863 -0.321638 -9.33685e-19
    outer loop
      vertex 22.7557 6.33646 1.2
      vertex 22.701 6.49749 4.2
      vertex 22.701 6.49749 1.2
    endloop
  endfacet
  facet normal -0.946863 -0.321638 -9.33685e-19
    outer loop
      vertex 22.701 6.49749 4.2
      vertex 22.7557 6.33646 1.2
      vertex 22.7557 6.33646 4.2
    endloop
  endfacet
  facet normal 0.980757 -0.195234 -7.58796e-19
    outer loop
      vertex 20.2111 6.16968 4.2
      vertex 20.2443 6.33646 1.2
      vertex 20.2443 6.33646 4.2
    endloop
  endfacet
  facet normal 0.980757 -0.195234 -7.58796e-19
    outer loop
      vertex 20.2443 6.33646 1.2
      vertex 20.2111 6.16968 4.2
      vertex 20.2111 6.16968 1.2
    endloop
  endfacet
  facet normal 0.751611 -0.659607 3.00582e-20
    outer loop
      vertex 20.4686 6.79139 4.2
      vertex 20.5808 6.91924 1.2
      vertex 20.5808 6.91924 4.2
    endloop
  endfacet
  facet normal 0.751611 -0.659607 3.00582e-20
    outer loop
      vertex 20.5808 6.91924 1.2
      vertex 20.4686 6.79139 4.2
      vertex 20.4686 6.79139 1.2
    endloop
  endfacet
  facet normal -0.555528 0.831498 0
    outer loop
      vertex 22.2914 4.96864 1.2
      vertex 22.15 4.87417 4.2
      vertex 22.2914 4.96864 4.2
    endloop
  endfacet
  facet normal -0.555528 0.831498 0
    outer loop
      vertex 22.15 4.87417 4.2
      vertex 22.2914 4.96864 1.2
      vertex 22.15 4.87417 1.2
    endloop
  endfacet
  facet normal -0.83167 -0.55527 7.1253e-19
    outer loop
      vertex 22.6258 6.65 1.2
      vertex 22.5314 6.79139 4.2
      vertex 22.5314 6.79139 1.2
    endloop
  endfacet
  facet normal -0.83167 -0.55527 7.1253e-19
    outer loop
      vertex 22.5314 6.79139 4.2
      vertex 22.6258 6.65 1.2
      vertex 22.6258 6.65 4.2
    endloop
  endfacet
  facet normal -0.321481 -0.946916 0
    outer loop
      vertex 21.8365 7.2557 1.2
      vertex 21.9975 7.20104 4.2
      vertex 21.8365 7.2557 4.2
    endloop
  endfacet
  facet normal -0.321481 -0.946916 -0
    outer loop
      vertex 21.9975 7.20104 4.2
      vertex 21.8365 7.2557 1.2
      vertex 21.9975 7.20104 1.2
    endloop
  endfacet
  facet normal 0.555528 0.831498 -0
    outer loop
      vertex 20.85 4.87417 1.2
      vertex 20.7086 4.96864 4.2
      vertex 20.85 4.87417 4.2
    endloop
  endfacet
  facet normal 0.555528 0.831498 0
    outer loop
      vertex 20.7086 4.96864 4.2
      vertex 20.85 4.87417 1.2
      vertex 20.7086 4.96864 1.2
    endloop
  endfacet
  facet normal -0.195098 -0.980784 0
    outer loop
      vertex 21.6697 7.28888 1.2
      vertex 21.8365 7.2557 4.2
      vertex 21.6697 7.28888 4.2
    endloop
  endfacet
  facet normal -0.195098 -0.980784 -0
    outer loop
      vertex 21.8365 7.2557 4.2
      vertex 21.6697 7.28888 1.2
      vertex 21.8365 7.2557 1.2
    endloop
  endfacet
  facet normal 0.0653872 -0.99786 0
    outer loop
      vertex 21.3303 7.28888 1.2
      vertex 21.5 7.3 4.2
      vertex 21.3303 7.28888 4.2
    endloop
  endfacet
  facet normal 0.0653872 -0.99786 0
    outer loop
      vertex 21.5 7.3 4.2
      vertex 21.3303 7.28888 1.2
      vertex 21.5 7.3 1.2
    endloop
  endfacet
  facet normal 0.659487 -0.751716 0
    outer loop
      vertex 20.5808 6.91924 1.2
      vertex 20.7086 7.03136 4.2
      vertex 20.5808 6.91924 4.2
    endloop
  endfacet
  facet normal 0.659487 -0.751716 0
    outer loop
      vertex 20.7086 7.03136 4.2
      vertex 20.5808 6.91924 1.2
      vertex 20.7086 7.03136 1.2
    endloop
  endfacet
  facet normal -0.659487 0.751716 0
    outer loop
      vertex 22.4192 5.08076 1.2
      vertex 22.2914 4.96864 4.2
      vertex 22.4192 5.08076 4.2
    endloop
  endfacet
  facet normal -0.659487 0.751716 0
    outer loop
      vertex 22.2914 4.96864 4.2
      vertex 22.4192 5.08076 1.2
      vertex 22.2914 4.96864 1.2
    endloop
  endfacet
  facet normal 0.980757 0.195234 7.58796e-19
    outer loop
      vertex 20.2443 5.66354 4.2
      vertex 20.2111 5.83032 1.2
      vertex 20.2111 5.83032 4.2
    endloop
  endfacet
  facet normal 0.980757 0.195234 7.58796e-19
    outer loop
      vertex 20.2111 5.83032 1.2
      vertex 20.2443 5.66354 4.2
      vertex 20.2443 5.66354 1.2
    endloop
  endfacet
  facet normal 0.321481 0.946916 -0
    outer loop
      vertex 21.1635 4.7443 1.2
      vertex 21.0025 4.79896 4.2
      vertex 21.1635 4.7443 4.2
    endloop
  endfacet
  facet normal 0.321481 0.946916 0
    outer loop
      vertex 21.0025 4.79896 4.2
      vertex 21.1635 4.7443 1.2
      vertex 21.0025 4.79896 1.2
    endloop
  endfacet
  facet normal -0.659487 -0.751716 0
    outer loop
      vertex 22.2914 7.03136 1.2
      vertex 22.4192 6.91924 4.2
      vertex 22.2914 7.03136 4.2
    endloop
  endfacet
  facet normal -0.659487 -0.751716 -0
    outer loop
      vertex 22.4192 6.91924 4.2
      vertex 22.2914 7.03136 1.2
      vertex 22.4192 6.91924 1.2
    endloop
  endfacet
  facet normal 0.946863 -0.321638 9.33685e-19
    outer loop
      vertex 20.2443 6.33646 4.2
      vertex 20.299 6.49749 1.2
      vertex 20.299 6.49749 4.2
    endloop
  endfacet
  facet normal 0.946863 -0.321638 9.33685e-19
    outer loop
      vertex 20.299 6.49749 1.2
      vertex 20.2443 6.33646 4.2
      vertex 20.2443 6.33646 1.2
    endloop
  endfacet
  facet normal -0.0653872 -0.99786 0
    outer loop
      vertex 21.5 7.3 1.2
      vertex 21.6697 7.28888 4.2
      vertex 21.5 7.3 4.2
    endloop
  endfacet
  facet normal -0.0653872 -0.99786 -0
    outer loop
      vertex 21.6697 7.28888 4.2
      vertex 21.5 7.3 1.2
      vertex 21.6697 7.28888 1.2
    endloop
  endfacet
  facet normal 0.751611 0.659607 -3.00582e-20
    outer loop
      vertex 20.5808 5.08076 4.2
      vertex 20.4686 5.20861 1.2
      vertex 20.4686 5.20861 4.2
    endloop
  endfacet
  facet normal 0.751611 0.659607 -3.00582e-20
    outer loop
      vertex 20.4686 5.20861 1.2
      vertex 20.5808 5.08076 4.2
      vertex 20.5808 5.08076 1.2
    endloop
  endfacet
  facet normal 0.83167 0.55527 7.1253e-19
    outer loop
      vertex 20.4686 5.20861 4.2
      vertex 20.3742 5.35 1.2
      vertex 20.3742 5.35 4.2
    endloop
  endfacet
  facet normal 0.83167 0.55527 7.1253e-19
    outer loop
      vertex 20.3742 5.35 1.2
      vertex 20.4686 5.20861 4.2
      vertex 20.4686 5.20861 1.2
    endloop
  endfacet
  facet normal 0.946863 0.321638 -9.33685e-19
    outer loop
      vertex 20.299 5.50251 4.2
      vertex 20.2443 5.66354 1.2
      vertex 20.2443 5.66354 4.2
    endloop
  endfacet
  facet normal 0.946863 0.321638 -9.33685e-19
    outer loop
      vertex 20.2443 5.66354 1.2
      vertex 20.299 5.50251 4.2
      vertex 20.299 5.50251 1.2
    endloop
  endfacet
  facet normal -0.321481 0.946916 0
    outer loop
      vertex 21.9975 4.79896 1.2
      vertex 21.8365 4.7443 4.2
      vertex 21.9975 4.79896 4.2
    endloop
  endfacet
  facet normal -0.321481 0.946916 0
    outer loop
      vertex 21.8365 4.7443 4.2
      vertex 21.9975 4.79896 1.2
      vertex 21.8365 4.7443 1.2
    endloop
  endfacet
  facet normal 0.997867 0.0652777 -6.43855e-21
    outer loop
      vertex 20.2111 5.83032 4.2
      vertex 20.2 6 1.2
      vertex 20.2 6 4.2
    endloop
  endfacet
  facet normal 0.997867 0.0652777 -6.43855e-21
    outer loop
      vertex 20.2 6 1.2
      vertex 20.2111 5.83032 4.2
      vertex 20.2111 5.83032 1.2
    endloop
  endfacet
  facet normal 0.83167 -0.55527 -7.1253e-19
    outer loop
      vertex 20.3742 6.65 4.2
      vertex 20.4686 6.79139 1.2
      vertex 20.4686 6.79139 4.2
    endloop
  endfacet
  facet normal 0.83167 -0.55527 -7.1253e-19
    outer loop
      vertex 20.4686 6.79139 1.2
      vertex 20.3742 6.65 4.2
      vertex 20.3742 6.65 1.2
    endloop
  endfacet
  facet normal -0.997867 -0.0652777 -6.43855e-21
    outer loop
      vertex 22.8 6 1.2
      vertex 22.7889 6.16968 4.2
      vertex 22.7889 6.16968 1.2
    endloop
  endfacet
  facet normal -0.997867 -0.0652777 -6.43855e-21
    outer loop
      vertex 22.7889 6.16968 4.2
      vertex 22.8 6 1.2
      vertex 22.8 6 4.2
    endloop
  endfacet
  facet normal 0.0653872 0.99786 -0
    outer loop
      vertex 21.5 4.7 1.2
      vertex 21.3303 4.71112 4.2
      vertex 21.5 4.7 4.2
    endloop
  endfacet
  facet normal 0.0653872 0.99786 0
    outer loop
      vertex 21.3303 4.71112 4.2
      vertex 21.5 4.7 1.2
      vertex 21.3303 4.71112 1.2
    endloop
  endfacet
  facet normal -0.555528 -0.831498 0
    outer loop
      vertex 22.15 7.12583 1.2
      vertex 22.2914 7.03136 4.2
      vertex 22.15 7.12583 4.2
    endloop
  endfacet
  facet normal -0.555528 -0.831498 -0
    outer loop
      vertex 22.2914 7.03136 4.2
      vertex 22.15 7.12583 1.2
      vertex 22.2914 7.03136 1.2
    endloop
  endfacet
  facet normal 0.195098 0.980784 -0
    outer loop
      vertex 21.3303 4.71112 1.2
      vertex 21.1635 4.7443 4.2
      vertex 21.3303 4.71112 4.2
    endloop
  endfacet
  facet normal 0.195098 0.980784 0
    outer loop
      vertex 21.1635 4.7443 4.2
      vertex 21.3303 4.71112 1.2
      vertex 21.1635 4.7443 1.2
    endloop
  endfacet
  facet normal 0.896895 0.442243 -7.42798e-19
    outer loop
      vertex 20.3742 5.35 4.2
      vertex 20.299 5.50251 1.2
      vertex 20.299 5.50251 4.2
    endloop
  endfacet
  facet normal 0.896895 0.442243 -7.42798e-19
    outer loop
      vertex 20.299 5.50251 1.2
      vertex 20.3742 5.35 4.2
      vertex 20.3742 5.35 1.2
    endloop
  endfacet
  facet normal 0.321481 -0.946916 0
    outer loop
      vertex 21.0025 7.20104 1.2
      vertex 21.1635 7.2557 4.2
      vertex 21.0025 7.20104 4.2
    endloop
  endfacet
  facet normal 0.321481 -0.946916 0
    outer loop
      vertex 21.1635 7.2557 4.2
      vertex 21.0025 7.20104 1.2
      vertex 21.1635 7.2557 1.2
    endloop
  endfacet
  facet normal -0.0653872 0.99786 0
    outer loop
      vertex 21.6697 4.71112 1.2
      vertex 21.5 4.7 4.2
      vertex 21.6697 4.71112 4.2
    endloop
  endfacet
  facet normal -0.0653872 0.99786 0
    outer loop
      vertex 21.5 4.7 4.2
      vertex 21.6697 4.71112 1.2
      vertex 21.5 4.7 1.2
    endloop
  endfacet
  facet normal -0.195098 0.980784 0
    outer loop
      vertex 21.8365 4.7443 1.2
      vertex 21.6697 4.71112 4.2
      vertex 21.8365 4.7443 4.2
    endloop
  endfacet
  facet normal -0.195098 0.980784 0
    outer loop
      vertex 21.6697 4.71112 4.2
      vertex 21.8365 4.7443 1.2
      vertex 21.6697 4.71112 1.2
    endloop
  endfacet
  facet normal -0.442314 -0.89686 0
    outer loop
      vertex 21.9975 7.20104 1.2
      vertex 22.15 7.12583 4.2
      vertex 21.9975 7.20104 4.2
    endloop
  endfacet
  facet normal -0.442314 -0.89686 -0
    outer loop
      vertex 22.15 7.12583 4.2
      vertex 21.9975 7.20104 1.2
      vertex 22.15 7.12583 1.2
    endloop
  endfacet
  facet normal 0.442314 -0.89686 0
    outer loop
      vertex 20.85 7.12583 1.2
      vertex 21.0025 7.20104 4.2
      vertex 20.85 7.12583 4.2
    endloop
  endfacet
  facet normal 0.442314 -0.89686 0
    outer loop
      vertex 21.0025 7.20104 4.2
      vertex 20.85 7.12583 1.2
      vertex 21.0025 7.20104 1.2
    endloop
  endfacet
  facet normal 0.896895 -0.442243 7.42798e-19
    outer loop
      vertex 20.299 6.49749 4.2
      vertex 20.3742 6.65 1.2
      vertex 20.3742 6.65 4.2
    endloop
  endfacet
  facet normal 0.896895 -0.442243 7.42798e-19
    outer loop
      vertex 20.3742 6.65 1.2
      vertex 20.299 6.49749 4.2
      vertex 20.299 6.49749 1.2
    endloop
  endfacet
  facet normal 0.555528 -0.831498 0
    outer loop
      vertex 20.7086 7.03136 1.2
      vertex 20.85 7.12583 4.2
      vertex 20.7086 7.03136 4.2
    endloop
  endfacet
  facet normal 0.555528 -0.831498 0
    outer loop
      vertex 20.85 7.12583 4.2
      vertex 20.7086 7.03136 1.2
      vertex 20.85 7.12583 1.2
    endloop
  endfacet
  facet normal -0.801054 0.0572182 -0.595851
    outer loop
      vertex 23.6925 5.9986 1.90735e-07
      vertex 22.8 6 1.2
      vertex 23.6926 6 1.90735e-07
    endloop
  endfacet
  facet normal -0.801268 0.0524168 -0.596005
    outer loop
      vertex 22.8 6 1.2
      vertex 23.6925 5.9986 1.90735e-07
      vertex 22.7889 5.83032 1.2
    endloop
  endfacet
  facet normal -0.258076 0.760388 -0.595992
    outer loop
      vertex 22.3391 3.97434 1.90735e-07
      vertex 22.0688 3.8826 1.90735e-07
      vertex 21.9975 4.79896 1.2
    endloop
  endfacet
  facet normal -0.725242 -0.345353 -0.595614
    outer loop
      vertex 23.3994 7.09502 1.90735e-07
      vertex 22.6258 6.65 1.2
      vertex 23.3988 7.09628 1.90735e-07
    endloop
  endfacet
  facet normal -0.720202 -0.355119 -0.595986
    outer loop
      vertex 22.6258 6.65 1.2
      vertex 23.3994 7.09502 1.90735e-07
      vertex 22.701 6.49749 1.2
    endloop
  endfacet
  facet normal 0.787595 0.156439 -0.596004
    outer loop
      vertex 20.2443 5.66354 1.2
      vertex 19.3821 5.43252 1.90735e-07
      vertex 19.3265 5.71244 1.90735e-07
    endloop
  endfacet
  facet normal 0.355175 0.720173 -0.595988
    outer loop
      vertex 20.405 4.10056 1.90735e-07
      vertex 20.85 4.87417 1.2
      vertex 21.0025 4.79896 1.2
    endloop
  endfacet
  facet normal 0.350246 0.72273 -0.595809
    outer loop
      vertex 20.85 4.87417 1.2
      vertex 20.405 4.10056 1.90735e-07
      vertex 20.4037 4.10119 1.90735e-07
    endloop
  endfacet
  facet normal -0.355208 0.720153 -0.595993
    outer loop
      vertex 22.595 4.10056 1.90735e-07
      vertex 22.3391 3.97434 1.90735e-07
      vertex 21.9975 4.79896 1.2
    endloop
  endfacet
  facet normal 0.760389 -0.258012 -0.596019
    outer loop
      vertex 19.4743 6.83906 1.90735e-07
      vertex 20.299 6.49749 1.2
      vertex 19.3826 6.56881 1.90735e-07
    endloop
  endfacet
  facet normal -0.667747 -0.446009 -0.595979
    outer loop
      vertex 23.2395 7.33475 1.90735e-07
      vertex 23.398 7.09745 1.90735e-07
      vertex 22.5314 6.79139 1.2
    endloop
  endfacet
  facet normal 0.258147 0.760368 -0.595986
    outer loop
      vertex 20.9325 3.88215 1.90735e-07
      vertex 21.0025 4.79896 1.2
      vertex 21.1635 4.7443 1.2
    endloop
  endfacet
  facet normal 0.262812 0.759235 -0.595393
    outer loop
      vertex 21.0025 4.79896 1.2
      vertex 20.9325 3.88215 1.90735e-07
      vertex 20.9312 3.8826 1.90735e-07
    endloop
  endfacet
  facet normal 0.262812 -0.759235 -0.595393
    outer loop
      vertex 20.9325 8.11785 1.90735e-07
      vertex 21.0025 7.20104 1.2
      vertex 20.9312 8.1174 1.90735e-07
    endloop
  endfacet
  facet normal 0.258147 -0.760368 -0.595986
    outer loop
      vertex 21.0025 7.20104 1.2
      vertex 20.9325 8.11785 1.90735e-07
      vertex 21.1635 7.2557 1.2
    endloop
  endfacet
  facet normal -0.603527 0.52965 -0.596009
    outer loop
      vertex 23.0513 4.45068 1.90735e-07
      vertex 22.4192 5.08076 1.2
      vertex 22.5314 5.20861 1.2
    endloop
  endfacet
  facet normal -0.61236 0.519929 -0.595558
    outer loop
      vertex 22.4192 5.08076 1.2
      vertex 23.0513 4.45068 1.90735e-07
      vertex 23.0504 4.44962 1.90735e-07
    endloop
  endfacet
  facet normal 0.529426 0.603757 -0.595975
    outer loop
      vertex 20.7086 4.96864 1.2
      vertex 20.1653 4.26052 1.90735e-07
      vertex 19.9507 4.4487 1.90735e-07
    endloop
  endfacet
  facet normal 0.355208 -0.720153 -0.595993
    outer loop
      vertex 20.6609 8.02566 1.90735e-07
      vertex 21.0025 7.20104 1.2
      vertex 20.405 7.89944 1.90735e-07
    endloop
  endfacet
  facet normal -0.258076 -0.760388 -0.595992
    outer loop
      vertex 22.0688 8.1174 1.90735e-07
      vertex 22.3391 8.02566 1.90735e-07
      vertex 21.9975 7.20104 1.2
    endloop
  endfacet
  facet normal -0.720082 0.355315 -0.596014
    outer loop
      vertex 23.5257 5.16094 1.90735e-07
      vertex 23.3994 4.90498 1.90735e-07
      vertex 22.701 5.50251 1.2
    endloop
  endfacet
  facet normal -0.446083 -0.667684 -0.595994
    outer loop
      vertex 22.5963 7.89881 1.90735e-07
      vertex 22.2914 7.03136 1.2
      vertex 22.15 7.12583 1.2
    endloop
  endfacet
  facet normal -0.465712 -0.656773 -0.593095
    outer loop
      vertex 22.2914 7.03136 1.2
      vertex 22.5963 7.89881 1.90735e-07
      vertex 22.5974 7.89803 1.90735e-07
    endloop
  endfacet
  facet normal -0.465712 0.656773 -0.593095
    outer loop
      vertex 22.5963 4.10119 1.90735e-07
      vertex 22.2914 4.96864 1.2
      vertex 22.5974 4.10197 1.90735e-07
    endloop
  endfacet
  facet normal -0.446083 0.667684 -0.595994
    outer loop
      vertex 22.2914 4.96864 1.2
      vertex 22.5963 4.10119 1.90735e-07
      vertex 22.15 4.87417 1.2
    endloop
  endfacet
  facet normal 0.258076 0.760388 -0.595992
    outer loop
      vertex 21.0025 4.79896 1.2
      vertex 20.9312 3.8826 1.90735e-07
      vertex 20.6609 3.97434 1.90735e-07
    endloop
  endfacet
  facet normal 0.61236 -0.519929 -0.595558
    outer loop
      vertex 20.5808 6.91924 1.2
      vertex 19.9487 7.54932 1.90735e-07
      vertex 19.9496 7.55038 1.90735e-07
    endloop
  endfacet
  facet normal 0.603527 -0.52965 -0.596009
    outer loop
      vertex 19.9487 7.54932 1.90735e-07
      vertex 20.5808 6.91924 1.2
      vertex 20.4686 6.79139 1.2
    endloop
  endfacet
  facet normal 0.0525054 -0.801274 -0.595989
    outer loop
      vertex 21.4986 8.19247 1.90735e-07
      vertex 21.5 7.3 1.2
      vertex 21.3303 7.28888 1.2
    endloop
  endfacet
  facet normal 0.0515132 -0.801316 -0.596019
    outer loop
      vertex 21.5 7.3 1.2
      vertex 21.4986 8.19247 1.90735e-07
      vertex 21.5 8.19256 1.90735e-07
    endloop
  endfacet
  facet normal -0.760389 -0.258012 -0.596019
    outer loop
      vertex 23.5257 6.83906 1.90735e-07
      vertex 23.6174 6.56881 1.90735e-07
      vertex 22.701 6.49749 1.2
    endloop
  endfacet
  facet normal 0.667747 -0.446009 -0.595979
    outer loop
      vertex 19.7605 7.33475 1.90735e-07
      vertex 20.4686 6.79139 1.2
      vertex 19.602 7.09745 1.90735e-07
    endloop
  endfacet
  facet normal 0.156668 0.787561 -0.595989
    outer loop
      vertex 21.1635 4.7443 1.2
      vertex 21.2124 3.82647 1.90735e-07
      vertex 20.9325 3.88215 1.90735e-07
    endloop
  endfacet
  facet normal 0.760389 0.258012 -0.596019
    outer loop
      vertex 20.299 5.50251 1.2
      vertex 19.4743 5.16094 1.90735e-07
      vertex 19.3826 5.43119 1.90735e-07
    endloop
  endfacet
  facet normal 0.446083 0.667684 -0.595994
    outer loop
      vertex 20.4037 4.10119 1.90735e-07
      vertex 20.7086 4.96864 1.2
      vertex 20.85 4.87417 1.2
    endloop
  endfacet
  facet normal 0.465712 0.656773 -0.593095
    outer loop
      vertex 20.7086 4.96864 1.2
      vertex 20.4037 4.10119 1.90735e-07
      vertex 20.4026 4.10197 1.90735e-07
    endloop
  endfacet
  facet normal -0.785832 0.17208 -0.594018
    outer loop
      vertex 22.7557 5.66354 1.2
      vertex 23.6738 5.71381 1.90735e-07
      vertex 23.6735 5.71244 1.90735e-07
    endloop
  endfacet
  facet normal -0.787551 0.156774 -0.595975
    outer loop
      vertex 23.6738 5.71381 1.90735e-07
      vertex 22.7557 5.66354 1.2
      vertex 22.7889 5.83032 1.2
    endloop
  endfacet
  facet normal 0.151981 -0.788051 -0.596554
    outer loop
      vertex 21.2138 8.1738 1.90735e-07
      vertex 21.1635 7.2557 1.2
      vertex 21.2124 8.17353 1.90735e-07
    endloop
  endfacet
  facet normal 0.156663 -0.787564 -0.595986
    outer loop
      vertex 21.1635 7.2557 1.2
      vertex 21.2138 8.1738 1.90735e-07
      vertex 21.3303 7.28888 1.2
    endloop
  endfacet
  facet normal -0.258147 -0.760368 -0.595986
    outer loop
      vertex 22.0675 8.11785 1.90735e-07
      vertex 21.9975 7.20104 1.2
      vertex 21.8365 7.2557 1.2
    endloop
  endfacet
  facet normal -0.262812 -0.759235 -0.595393
    outer loop
      vertex 21.9975 7.20104 1.2
      vertex 22.0675 8.11785 1.90735e-07
      vertex 22.0688 8.1174 1.90735e-07
    endloop
  endfacet
  facet normal 0.801268 -0.0524168 -0.596005
    outer loop
      vertex 20.2 6 1.2
      vertex 19.3075 6.0014 1.90735e-07
      vertex 20.2111 6.16968 1.2
    endloop
  endfacet
  facet normal 0.801054 -0.0572182 -0.595851
    outer loop
      vertex 19.3075 6.0014 1.90735e-07
      vertex 20.2 6 1.2
      vertex 19.3074 6 1.90735e-07
    endloop
  endfacet
  facet normal -0.529426 0.603757 -0.595975
    outer loop
      vertex 23.0493 4.4487 1.90735e-07
      vertex 22.8347 4.26052 1.90735e-07
      vertex 22.2914 4.96864 1.2
    endloop
  endfacet
  facet normal 0.720082 0.355315 -0.596014
    outer loop
      vertex 20.299 5.50251 1.2
      vertex 19.6006 4.90498 1.90735e-07
      vertex 19.4743 5.16094 1.90735e-07
    endloop
  endfacet
  facet normal -0.603688 0.529496 -0.595982
    outer loop
      vertex 23.2395 4.66525 1.90735e-07
      vertex 23.0513 4.45068 1.90735e-07
      vertex 22.5314 5.20861 1.2
    endloop
  endfacet
  facet normal 0.0515132 0.801316 -0.596019
    outer loop
      vertex 21.4986 3.80753 1.90735e-07
      vertex 21.5 4.7 1.2
      vertex 21.5 3.80744 1.90735e-07
    endloop
  endfacet
  facet normal 0.0525054 0.801274 -0.595989
    outer loop
      vertex 21.5 4.7 1.2
      vertex 21.4986 3.80753 1.90735e-07
      vertex 21.3303 4.71112 1.2
    endloop
  endfacet
  facet normal -0.156668 0.787561 -0.595989
    outer loop
      vertex 21.8365 4.7443 1.2
      vertex 22.0675 3.88215 1.90735e-07
      vertex 21.7876 3.82647 1.90735e-07
    endloop
  endfacet
  facet normal 0.0525274 -0.801275 -0.595986
    outer loop
      vertex 21.4986 8.19247 1.90735e-07
      vertex 21.3303 7.28888 1.2
      vertex 21.2138 8.1738 1.90735e-07
    endloop
  endfacet
  facet normal -0.0515132 -0.801316 -0.596019
    outer loop
      vertex 21.5014 8.19247 1.90735e-07
      vertex 21.5 7.3 1.2
      vertex 21.5 8.19256 1.90735e-07
    endloop
  endfacet
  facet normal -0.0525054 -0.801274 -0.595989
    outer loop
      vertex 21.5 7.3 1.2
      vertex 21.5014 8.19247 1.90735e-07
      vertex 21.6697 7.28888 1.2
    endloop
  endfacet
  facet normal -0.787595 -0.156439 -0.596004
    outer loop
      vertex 23.6179 6.56748 1.90735e-07
      vertex 23.6735 6.28756 1.90735e-07
      vertex 22.7557 6.33646 1.2
    endloop
  endfacet
  facet normal 0.529426 -0.603757 -0.595975
    outer loop
      vertex 20.1653 7.73948 1.90735e-07
      vertex 20.7086 7.03136 1.2
      vertex 19.9507 7.5513 1.90735e-07
    endloop
  endfacet
  facet normal -0.529426 -0.603757 -0.595975
    outer loop
      vertex 22.8347 7.73948 1.90735e-07
      vertex 23.0493 7.5513 1.90735e-07
      vertex 22.2914 7.03136 1.2
    endloop
  endfacet
  facet normal -0.760389 0.258012 -0.596019
    outer loop
      vertex 23.6174 5.43119 1.90735e-07
      vertex 23.5257 5.16094 1.90735e-07
      vertex 22.701 5.50251 1.2
    endloop
  endfacet
  facet normal -0.0525274 -0.801275 -0.595986
    outer loop
      vertex 21.7862 8.1738 1.90735e-07
      vertex 21.6697 7.28888 1.2
      vertex 21.5014 8.19247 1.90735e-07
    endloop
  endfacet
  facet normal -0.262812 0.759235 -0.595393
    outer loop
      vertex 22.0675 3.88215 1.90735e-07
      vertex 21.9975 4.79896 1.2
      vertex 22.0688 3.8826 1.90735e-07
    endloop
  endfacet
  facet normal -0.258147 0.760368 -0.595986
    outer loop
      vertex 21.9975 4.79896 1.2
      vertex 22.0675 3.88215 1.90735e-07
      vertex 21.8365 4.7443 1.2
    endloop
  endfacet
  facet normal -0.787595 0.156439 -0.596004
    outer loop
      vertex 23.6735 5.71244 1.90735e-07
      vertex 23.6179 5.43252 1.90735e-07
      vertex 22.7557 5.66354 1.2
    endloop
  endfacet
  facet normal -0.720082 -0.355315 -0.596014
    outer loop
      vertex 23.3994 7.09502 1.90735e-07
      vertex 23.5257 6.83906 1.90735e-07
      vertex 22.701 6.49749 1.2
    endloop
  endfacet
  facet normal -0.801273 0.0526135 -0.595981
    outer loop
      vertex 23.6925 5.9986 1.90735e-07
      vertex 23.6738 5.71381 1.90735e-07
      vertex 22.7889 5.83032 1.2
    endloop
  endfacet
  facet normal 0.725242 -0.345353 -0.595614
    outer loop
      vertex 20.3742 6.65 1.2
      vertex 19.6006 7.09502 1.90735e-07
      vertex 19.6012 7.09628 1.90735e-07
    endloop
  endfacet
  facet normal 0.720202 -0.355119 -0.595986
    outer loop
      vertex 19.6006 7.09502 1.90735e-07
      vertex 20.3742 6.65 1.2
      vertex 20.299 6.49749 1.2
    endloop
  endfacet
  facet normal -0.801273 -0.0526135 -0.595981
    outer loop
      vertex 23.6738 6.28619 1.90735e-07
      vertex 23.6925 6.0014 1.90735e-07
      vertex 22.7889 6.16968 1.2
    endloop
  endfacet
  facet normal -0.446107 0.667684 -0.595975
    outer loop
      vertex 22.8347 4.26052 1.90735e-07
      vertex 22.5974 4.10197 1.90735e-07
      vertex 22.2914 4.96864 1.2
    endloop
  endfacet
  facet normal 0.156668 -0.787561 -0.595989
    outer loop
      vertex 21.2124 8.17353 1.90735e-07
      vertex 21.1635 7.2557 1.2
      vertex 20.9325 8.11785 1.90735e-07
    endloop
  endfacet
  facet normal 0.446107 -0.667684 -0.595975
    outer loop
      vertex 20.4026 7.89803 1.90735e-07
      vertex 20.7086 7.03136 1.2
      vertex 20.1653 7.73948 1.90735e-07
    endloop
  endfacet
  facet normal -0.61236 -0.519929 -0.595558
    outer loop
      vertex 23.0513 7.54932 1.90735e-07
      vertex 22.4192 6.91924 1.2
      vertex 23.0504 7.55038 1.90735e-07
    endloop
  endfacet
  facet normal -0.603527 -0.52965 -0.596009
    outer loop
      vertex 22.4192 6.91924 1.2
      vertex 23.0513 7.54932 1.90735e-07
      vertex 22.5314 6.79139 1.2
    endloop
  endfacet
  facet normal 0.446107 0.667684 -0.595975
    outer loop
      vertex 20.7086 4.96864 1.2
      vertex 20.4026 4.10197 1.90735e-07
      vertex 20.1653 4.26052 1.90735e-07
    endloop
  endfacet
  facet normal -0.663526 -0.453693 -0.594891
    outer loop
      vertex 23.3988 7.09628 1.90735e-07
      vertex 22.5314 6.79139 1.2
      vertex 23.398 7.09745 1.90735e-07
    endloop
  endfacet
  facet normal -0.667815 -0.445872 -0.596004
    outer loop
      vertex 22.5314 6.79139 1.2
      vertex 23.3988 7.09628 1.90735e-07
      vertex 22.6258 6.65 1.2
    endloop
  endfacet
  facet normal 0.667747 0.446009 -0.595979
    outer loop
      vertex 20.4686 5.20861 1.2
      vertex 19.7605 4.66525 1.90735e-07
      vertex 19.602 4.90255 1.90735e-07
    endloop
  endfacet
  facet normal 0.515486 -0.616343 -0.595311
    outer loop
      vertex 19.9507 7.5513 1.90735e-07
      vertex 20.5808 6.91924 1.2
      vertex 19.9496 7.55038 1.90735e-07
    endloop
  endfacet
  facet normal 0.529559 -0.603618 -0.595998
    outer loop
      vertex 20.5808 6.91924 1.2
      vertex 19.9507 7.5513 1.90735e-07
      vertex 20.7086 7.03136 1.2
    endloop
  endfacet
  facet normal -0.753962 -0.283444 -0.592622
    outer loop
      vertex 23.6179 6.56748 1.90735e-07
      vertex 22.701 6.49749 1.2
      vertex 23.6174 6.56881 1.90735e-07
    endloop
  endfacet
  facet normal -0.760312 -0.258269 -0.596005
    outer loop
      vertex 22.701 6.49749 1.2
      vertex 23.6179 6.56748 1.90735e-07
      vertex 22.7557 6.33646 1.2
    endloop
  endfacet
  facet normal -0.446107 -0.667684 -0.595975
    outer loop
      vertex 22.5974 7.89803 1.90735e-07
      vertex 22.8347 7.73948 1.90735e-07
      vertex 22.2914 7.03136 1.2
    endloop
  endfacet
  facet normal -0.355175 -0.720173 -0.595988
    outer loop
      vertex 22.595 7.89944 1.90735e-07
      vertex 22.15 7.12583 1.2
      vertex 21.9975 7.20104 1.2
    endloop
  endfacet
  facet normal -0.350246 -0.72273 -0.595809
    outer loop
      vertex 22.15 7.12583 1.2
      vertex 22.595 7.89944 1.90735e-07
      vertex 22.5963 7.89881 1.90735e-07
    endloop
  endfacet
  facet normal -0.355208 -0.720153 -0.595993
    outer loop
      vertex 22.3391 8.02566 1.90735e-07
      vertex 22.595 7.89944 1.90735e-07
      vertex 21.9975 7.20104 1.2
    endloop
  endfacet
  facet normal 0.258076 -0.760388 -0.595992
    outer loop
      vertex 20.9312 8.1174 1.90735e-07
      vertex 21.0025 7.20104 1.2
      vertex 20.6609 8.02566 1.90735e-07
    endloop
  endfacet
  facet normal 0.355208 0.720153 -0.595993
    outer loop
      vertex 21.0025 4.79896 1.2
      vertex 20.6609 3.97434 1.90735e-07
      vertex 20.405 4.10056 1.90735e-07
    endloop
  endfacet
  facet normal -0.801054 -0.0572182 -0.595851
    outer loop
      vertex 22.8 6 1.2
      vertex 23.6925 6.0014 1.90735e-07
      vertex 23.6926 6 1.90735e-07
    endloop
  endfacet
  facet normal -0.801268 -0.0524168 -0.596005
    outer loop
      vertex 23.6925 6.0014 1.90735e-07
      vertex 22.8 6 1.2
      vertex 22.7889 6.16968 1.2
    endloop
  endfacet
  facet normal -0.529559 -0.603618 -0.595998
    outer loop
      vertex 23.0493 7.5513 1.90735e-07
      vertex 22.4192 6.91924 1.2
      vertex 22.2914 7.03136 1.2
    endloop
  endfacet
  facet normal -0.515486 -0.616343 -0.595311
    outer loop
      vertex 22.4192 6.91924 1.2
      vertex 23.0493 7.5513 1.90735e-07
      vertex 23.0504 7.55038 1.90735e-07
    endloop
  endfacet
  facet normal 0.529559 0.603618 -0.595998
    outer loop
      vertex 19.9507 4.4487 1.90735e-07
      vertex 20.5808 5.08076 1.2
      vertex 20.7086 4.96864 1.2
    endloop
  endfacet
  facet normal 0.515486 0.616343 -0.595311
    outer loop
      vertex 20.5808 5.08076 1.2
      vertex 19.9507 4.4487 1.90735e-07
      vertex 19.9496 4.44962 1.90735e-07
    endloop
  endfacet
  facet normal 0.760312 0.258269 -0.596005
    outer loop
      vertex 20.299 5.50251 1.2
      vertex 19.3821 5.43252 1.90735e-07
      vertex 20.2443 5.66354 1.2
    endloop
  endfacet
  facet normal 0.753962 0.283444 -0.592622
    outer loop
      vertex 19.3821 5.43252 1.90735e-07
      vertex 20.299 5.50251 1.2
      vertex 19.3826 5.43119 1.90735e-07
    endloop
  endfacet
  facet normal 0.720082 -0.355315 -0.596014
    outer loop
      vertex 19.6006 7.09502 1.90735e-07
      vertex 20.299 6.49749 1.2
      vertex 19.4743 6.83906 1.90735e-07
    endloop
  endfacet
  facet normal 0.465712 -0.656773 -0.593095
    outer loop
      vertex 20.4037 7.89881 1.90735e-07
      vertex 20.7086 7.03136 1.2
      vertex 20.4026 7.89803 1.90735e-07
    endloop
  endfacet
  facet normal 0.446083 -0.667684 -0.595994
    outer loop
      vertex 20.7086 7.03136 1.2
      vertex 20.4037 7.89881 1.90735e-07
      vertex 20.85 7.12583 1.2
    endloop
  endfacet
  facet normal 0.0525274 0.801275 -0.595986
    outer loop
      vertex 21.3303 4.71112 1.2
      vertex 21.4986 3.80753 1.90735e-07
      vertex 21.2138 3.8262 1.90735e-07
    endloop
  endfacet
  facet normal 0.350246 -0.72273 -0.595809
    outer loop
      vertex 20.405 7.89944 1.90735e-07
      vertex 20.85 7.12583 1.2
      vertex 20.4037 7.89881 1.90735e-07
    endloop
  endfacet
  facet normal 0.355175 -0.720173 -0.595988
    outer loop
      vertex 20.85 7.12583 1.2
      vertex 20.405 7.89944 1.90735e-07
      vertex 21.0025 7.20104 1.2
    endloop
  endfacet
  facet normal -0.515486 0.616343 -0.595311
    outer loop
      vertex 23.0493 4.4487 1.90735e-07
      vertex 22.4192 5.08076 1.2
      vertex 23.0504 4.44962 1.90735e-07
    endloop
  endfacet
  facet normal -0.529559 0.603618 -0.595998
    outer loop
      vertex 22.4192 5.08076 1.2
      vertex 23.0493 4.4487 1.90735e-07
      vertex 22.2914 4.96864 1.2
    endloop
  endfacet
  facet normal -0.720202 0.355119 -0.595986
    outer loop
      vertex 23.3994 4.90498 1.90735e-07
      vertex 22.6258 5.35 1.2
      vertex 22.701 5.50251 1.2
    endloop
  endfacet
  facet normal -0.725242 0.345353 -0.595614
    outer loop
      vertex 22.6258 5.35 1.2
      vertex 23.3994 4.90498 1.90735e-07
      vertex 23.3988 4.90372 1.90735e-07
    endloop
  endfacet
  facet normal -0.151981 0.788051 -0.596554
    outer loop
      vertex 21.7862 3.8262 1.90735e-07
      vertex 21.8365 4.7443 1.2
      vertex 21.7876 3.82647 1.90735e-07
    endloop
  endfacet
  facet normal -0.156663 0.787564 -0.595986
    outer loop
      vertex 21.8365 4.7443 1.2
      vertex 21.7862 3.8262 1.90735e-07
      vertex 21.6697 4.71112 1.2
    endloop
  endfacet
  facet normal -0.156663 -0.787564 -0.595986
    outer loop
      vertex 21.7862 8.1738 1.90735e-07
      vertex 21.8365 7.2557 1.2
      vertex 21.6697 7.28888 1.2
    endloop
  endfacet
  facet normal -0.151981 -0.788051 -0.596554
    outer loop
      vertex 21.8365 7.2557 1.2
      vertex 21.7862 8.1738 1.90735e-07
      vertex 21.7876 8.17353 1.90735e-07
    endloop
  endfacet
  facet normal -0.156668 -0.787561 -0.595989
    outer loop
      vertex 22.0675 8.11785 1.90735e-07
      vertex 21.8365 7.2557 1.2
      vertex 21.7876 8.17353 1.90735e-07
    endloop
  endfacet
  facet normal -0.667815 0.445872 -0.596004
    outer loop
      vertex 23.3988 4.90372 1.90735e-07
      vertex 22.5314 5.20861 1.2
      vertex 22.6258 5.35 1.2
    endloop
  endfacet
  facet normal -0.663526 0.453693 -0.594891
    outer loop
      vertex 22.5314 5.20861 1.2
      vertex 23.3988 4.90372 1.90735e-07
      vertex 23.398 4.90255 1.90735e-07
    endloop
  endfacet
  facet normal -0.667747 0.446009 -0.595979
    outer loop
      vertex 23.398 4.90255 1.90735e-07
      vertex 23.2395 4.66525 1.90735e-07
      vertex 22.5314 5.20861 1.2
    endloop
  endfacet
  facet normal -0.0525054 0.801274 -0.595989
    outer loop
      vertex 21.5014 3.80753 1.90735e-07
      vertex 21.5 4.7 1.2
      vertex 21.6697 4.71112 1.2
    endloop
  endfacet
  facet normal -0.0515132 0.801316 -0.596019
    outer loop
      vertex 21.5 4.7 1.2
      vertex 21.5014 3.80753 1.90735e-07
      vertex 21.5 3.80744 1.90735e-07
    endloop
  endfacet
  facet normal -0.350246 0.72273 -0.595809
    outer loop
      vertex 22.595 4.10056 1.90735e-07
      vertex 22.15 4.87417 1.2
      vertex 22.5963 4.10119 1.90735e-07
    endloop
  endfacet
  facet normal -0.355175 0.720173 -0.595988
    outer loop
      vertex 22.15 4.87417 1.2
      vertex 22.595 4.10056 1.90735e-07
      vertex 21.9975 4.79896 1.2
    endloop
  endfacet
  facet normal 0.603688 -0.529496 -0.595982
    outer loop
      vertex 19.9487 7.54932 1.90735e-07
      vertex 20.4686 6.79139 1.2
      vertex 19.7605 7.33475 1.90735e-07
    endloop
  endfacet
  facet normal 0.603527 0.52965 -0.596009
    outer loop
      vertex 20.5808 5.08076 1.2
      vertex 19.9487 4.45068 1.90735e-07
      vertex 20.4686 5.20861 1.2
    endloop
  endfacet
  facet normal 0.61236 0.519929 -0.595558
    outer loop
      vertex 19.9487 4.45068 1.90735e-07
      vertex 20.5808 5.08076 1.2
      vertex 19.9496 4.44962 1.90735e-07
    endloop
  endfacet
  facet normal -0.785832 -0.17208 -0.594018
    outer loop
      vertex 23.6738 6.28619 1.90735e-07
      vertex 22.7557 6.33646 1.2
      vertex 23.6735 6.28756 1.90735e-07
    endloop
  endfacet
  facet normal -0.787551 -0.156774 -0.595975
    outer loop
      vertex 22.7557 6.33646 1.2
      vertex 23.6738 6.28619 1.90735e-07
      vertex 22.7889 6.16968 1.2
    endloop
  endfacet
  facet normal -0.603688 -0.529496 -0.595982
    outer loop
      vertex 23.0513 7.54932 1.90735e-07
      vertex 23.2395 7.33475 1.90735e-07
      vertex 22.5314 6.79139 1.2
    endloop
  endfacet
  facet normal -0.760312 0.258269 -0.596005
    outer loop
      vertex 23.6179 5.43252 1.90735e-07
      vertex 22.701 5.50251 1.2
      vertex 22.7557 5.66354 1.2
    endloop
  endfacet
  facet normal -0.753962 0.283444 -0.592622
    outer loop
      vertex 22.701 5.50251 1.2
      vertex 23.6179 5.43252 1.90735e-07
      vertex 23.6174 5.43119 1.90735e-07
    endloop
  endfacet
  facet normal -0.0525274 0.801275 -0.595986
    outer loop
      vertex 21.6697 4.71112 1.2
      vertex 21.7862 3.8262 1.90735e-07
      vertex 21.5014 3.80753 1.90735e-07
    endloop
  endfacet
  facet normal 0.667815 0.445872 -0.596004
    outer loop
      vertex 20.4686 5.20861 1.2
      vertex 19.6012 4.90372 1.90735e-07
      vertex 20.3742 5.35 1.2
    endloop
  endfacet
  facet normal 0.663526 0.453693 -0.594891
    outer loop
      vertex 19.6012 4.90372 1.90735e-07
      vertex 20.4686 5.20861 1.2
      vertex 19.602 4.90255 1.90735e-07
    endloop
  endfacet
  facet normal 0.663526 -0.453693 -0.594891
    outer loop
      vertex 20.4686 6.79139 1.2
      vertex 19.6012 7.09628 1.90735e-07
      vertex 19.602 7.09745 1.90735e-07
    endloop
  endfacet
  facet normal 0.667815 -0.445872 -0.596004
    outer loop
      vertex 19.6012 7.09628 1.90735e-07
      vertex 20.4686 6.79139 1.2
      vertex 20.3742 6.65 1.2
    endloop
  endfacet
  facet normal 0.801273 -0.0526135 -0.595981
    outer loop
      vertex 19.3262 6.28619 1.90735e-07
      vertex 20.2111 6.16968 1.2
      vertex 19.3075 6.0014 1.90735e-07
    endloop
  endfacet
  facet normal 0.603688 0.529496 -0.595982
    outer loop
      vertex 20.4686 5.20861 1.2
      vertex 19.9487 4.45068 1.90735e-07
      vertex 19.7605 4.66525 1.90735e-07
    endloop
  endfacet
  facet normal 0.801054 0.0572182 -0.595851
    outer loop
      vertex 20.2 6 1.2
      vertex 19.3075 5.9986 1.90735e-07
      vertex 19.3074 6 1.90735e-07
    endloop
  endfacet
  facet normal 0.801268 0.0524168 -0.596005
    outer loop
      vertex 19.3075 5.9986 1.90735e-07
      vertex 20.2 6 1.2
      vertex 20.2111 5.83032 1.2
    endloop
  endfacet
  facet normal 0.801273 0.0526135 -0.595981
    outer loop
      vertex 20.2111 5.83032 1.2
      vertex 19.3262 5.71381 1.90735e-07
      vertex 19.3075 5.9986 1.90735e-07
    endloop
  endfacet
  facet normal 0.787595 -0.156439 -0.596004
    outer loop
      vertex 19.3821 6.56748 1.90735e-07
      vertex 20.2443 6.33646 1.2
      vertex 19.3265 6.28756 1.90735e-07
    endloop
  endfacet
  facet normal 0.787551 0.156774 -0.595975
    outer loop
      vertex 20.2443 5.66354 1.2
      vertex 19.3262 5.71381 1.90735e-07
      vertex 20.2111 5.83032 1.2
    endloop
  endfacet
  facet normal 0.785832 0.17208 -0.594018
    outer loop
      vertex 19.3262 5.71381 1.90735e-07
      vertex 20.2443 5.66354 1.2
      vertex 19.3265 5.71244 1.90735e-07
    endloop
  endfacet
  facet normal 0.156663 0.787564 -0.595986
    outer loop
      vertex 21.2138 3.8262 1.90735e-07
      vertex 21.1635 4.7443 1.2
      vertex 21.3303 4.71112 1.2
    endloop
  endfacet
  facet normal 0.151981 0.788051 -0.596554
    outer loop
      vertex 21.1635 4.7443 1.2
      vertex 21.2138 3.8262 1.90735e-07
      vertex 21.2124 3.82647 1.90735e-07
    endloop
  endfacet
  facet normal 0.785832 -0.17208 -0.594018
    outer loop
      vertex 20.2443 6.33646 1.2
      vertex 19.3262 6.28619 1.90735e-07
      vertex 19.3265 6.28756 1.90735e-07
    endloop
  endfacet
  facet normal 0.787551 -0.156774 -0.595975
    outer loop
      vertex 19.3262 6.28619 1.90735e-07
      vertex 20.2443 6.33646 1.2
      vertex 20.2111 6.16968 1.2
    endloop
  endfacet
  facet normal 0.753962 -0.283444 -0.592622
    outer loop
      vertex 20.299 6.49749 1.2
      vertex 19.3821 6.56748 1.90735e-07
      vertex 19.3826 6.56881 1.90735e-07
    endloop
  endfacet
  facet normal 0.760312 -0.258269 -0.596005
    outer loop
      vertex 19.3821 6.56748 1.90735e-07
      vertex 20.299 6.49749 1.2
      vertex 20.2443 6.33646 1.2
    endloop
  endfacet
  facet normal 0.720202 0.355119 -0.595986
    outer loop
      vertex 20.3742 5.35 1.2
      vertex 19.6006 4.90498 1.90735e-07
      vertex 20.299 5.50251 1.2
    endloop
  endfacet
  facet normal 0.725242 0.345353 -0.595614
    outer loop
      vertex 19.6006 4.90498 1.90735e-07
      vertex 20.3742 5.35 1.2
      vertex 19.6012 4.90372 1.90735e-07
    endloop
  endfacet
  facet normal -0.980746 0.195287 1.43751e-11
    outer loop
      vertex 23.625 5.4306 0
      vertex 23.6812 5.71284 1.90735e-07
      vertex 23.6812 5.71284 0
    endloop
  endfacet
  facet normal -0.980746 0.195287 1.43751e-11
    outer loop
      vertex 23.6812 5.71284 1.90735e-07
      vertex 23.625 5.4306 0
      vertex 23.625 5.4306 1.90735e-07
    endloop
  endfacet
  facet normal -0.997864 0.0653289 4.29489e-12
    outer loop
      vertex 23.6812 5.71284 0
      vertex 23.7 6 1.90735e-07
      vertex 23.7 6 0
    endloop
  endfacet
  facet normal -0.997864 0.0653289 4.29489e-12
    outer loop
      vertex 23.7 6 1.90735e-07
      vertex 23.6812 5.71284 0
      vertex 23.6812 5.71284 1.90735e-07
    endloop
  endfacet
  facet normal -0.946931 0.321435 3.11496e-11
    outer loop
      vertex 23.5325 5.1581 0
      vertex 23.625 5.4306 1.90735e-07
      vertex 23.625 5.4306 0
    endloop
  endfacet
  facet normal -0.946931 0.321435 3.11496e-11
    outer loop
      vertex 23.625 5.4306 1.90735e-07
      vertex 23.5325 5.1581 0
      vertex 23.5325 5.1581 1.90735e-07
    endloop
  endfacet
  facet normal -0.321467 0.946921 0
    outer loop
      vertex 22.3419 3.96747 0
      vertex 22.0694 3.87496 1.90735e-07
      vertex 22.3419 3.96747 1.90735e-07
    endloop
  endfacet
  facet normal -0.321467 0.946921 0
    outer loop
      vertex 22.0694 3.87496 1.90735e-07
      vertex 22.3419 3.96747 0
      vertex 22.0694 3.87496 0
    endloop
  endfacet
  facet normal -0.195113 0.980781 0
    outer loop
      vertex 22.0694 3.87496 0
      vertex 21.7872 3.81882 1.90735e-07
      vertex 22.0694 3.87496 1.90735e-07
    endloop
  endfacet
  facet normal -0.195113 0.980781 0
    outer loop
      vertex 21.7872 3.81882 1.90735e-07
      vertex 22.0694 3.87496 0
      vertex 21.7872 3.81882 0
    endloop
  endfacet
  facet normal -0.896984 0.442063 -1.99812e-11
    outer loop
      vertex 23.4053 4.9 0
      vertex 23.5325 5.1581 1.90735e-07
      vertex 23.5325 5.1581 0
    endloop
  endfacet
  facet normal -0.896984 0.442063 -1.99812e-11
    outer loop
      vertex 23.5325 5.1581 1.90735e-07
      vertex 23.4053 4.9 0
      vertex 23.4053 4.9 1.90735e-07
    endloop
  endfacet
  facet normal -0.195113 -0.980781 0
    outer loop
      vertex 21.7872 8.18118 0
      vertex 22.0694 8.12504 1.90735e-07
      vertex 21.7872 8.18118 1.90735e-07
    endloop
  endfacet
  facet normal -0.195113 -0.980781 -0
    outer loop
      vertex 22.0694 8.12504 1.90735e-07
      vertex 21.7872 8.18118 0
      vertex 22.0694 8.12504 0
    endloop
  endfacet
  facet normal -0.065389 -0.99786 0
    outer loop
      vertex 21.5 8.2 0
      vertex 21.7872 8.18118 1.90735e-07
      vertex 21.5 8.2 1.90735e-07
    endloop
  endfacet
  facet normal -0.065389 -0.99786 -0
    outer loop
      vertex 21.7872 8.18118 1.90735e-07
      vertex 21.5 8.2 0
      vertex 21.7872 8.18118 0
    endloop
  endfacet
  facet normal -0.659464 0.751736 0
    outer loop
      vertex 23.0556 4.44437 0
      vertex 22.8393 4.25462 1.90735e-07
      vertex 23.0556 4.44437 1.90735e-07
    endloop
  endfacet
  facet normal -0.659464 0.751736 0
    outer loop
      vertex 22.8393 4.25462 1.90735e-07
      vertex 23.0556 4.44437 0
      vertex 22.8393 4.25462 0
    endloop
  endfacet
  facet normal -0.896984 -0.442063 1.99812e-11
    outer loop
      vertex 23.5325 6.8419 0
      vertex 23.4053 7.1 1.90735e-07
      vertex 23.4053 7.1 0
    endloop
  endfacet
  facet normal -0.896984 -0.442063 1.99812e-11
    outer loop
      vertex 23.4053 7.1 1.90735e-07
      vertex 23.5325 6.8419 0
      vertex 23.5325 6.8419 1.90735e-07
    endloop
  endfacet
  facet normal 0.195113 -0.980781 0
    outer loop
      vertex 20.9306 8.12504 0
      vertex 21.2128 8.18118 1.90735e-07
      vertex 20.9306 8.12504 1.90735e-07
    endloop
  endfacet
  facet normal 0.195113 -0.980781 0
    outer loop
      vertex 21.2128 8.18118 1.90735e-07
      vertex 20.9306 8.12504 0
      vertex 21.2128 8.18118 0
    endloop
  endfacet
  facet normal 0.896984 0.442063 1.99812e-11
    outer loop
      vertex 19.5947 4.9 1.90735e-07
      vertex 19.4675 5.1581 0
      vertex 19.4675 5.1581 1.90735e-07
    endloop
  endfacet
  facet normal 0.896984 0.442063 1.99812e-11
    outer loop
      vertex 19.4675 5.1581 0
      vertex 19.5947 4.9 1.90735e-07
      vertex 19.5947 4.9 0
    endloop
  endfacet
  facet normal -0.659464 -0.751736 0
    outer loop
      vertex 22.8393 7.74538 0
      vertex 23.0556 7.55563 1.90735e-07
      vertex 22.8393 7.74538 1.90735e-07
    endloop
  endfacet
  facet normal -0.659464 -0.751736 -0
    outer loop
      vertex 23.0556 7.55563 1.90735e-07
      vertex 22.8393 7.74538 0
      vertex 23.0556 7.55563 0
    endloop
  endfacet
  facet normal -0.751741 -0.659458 -4.82004e-11
    outer loop
      vertex 23.2454 7.33927 0
      vertex 23.0556 7.55563 1.90735e-07
      vertex 23.0556 7.55563 0
    endloop
  endfacet
  facet normal -0.751741 -0.659458 -4.82004e-11
    outer loop
      vertex 23.0556 7.55563 1.90735e-07
      vertex 23.2454 7.33927 0
      vertex 23.2454 7.33927 1.90735e-07
    endloop
  endfacet
  facet normal -0.321467 -0.946921 0
    outer loop
      vertex 22.0694 8.12504 0
      vertex 22.3419 8.03253 1.90735e-07
      vertex 22.0694 8.12504 1.90735e-07
    endloop
  endfacet
  facet normal -0.321467 -0.946921 -0
    outer loop
      vertex 22.3419 8.03253 1.90735e-07
      vertex 22.0694 8.12504 0
      vertex 22.3419 8.03253 0
    endloop
  endfacet
  facet normal 0.997864 -0.0653289 4.29489e-12
    outer loop
      vertex 19.3 6 1.90735e-07
      vertex 19.3188 6.28716 0
      vertex 19.3188 6.28716 1.90735e-07
    endloop
  endfacet
  facet normal 0.997864 -0.0653289 4.29489e-12
    outer loop
      vertex 19.3188 6.28716 0
      vertex 19.3 6 1.90735e-07
      vertex 19.3 6 0
    endloop
  endfacet
  facet normal 0.659464 0.751736 -0
    outer loop
      vertex 20.1607 4.25462 0
      vertex 19.9444 4.44437 1.90735e-07
      vertex 20.1607 4.25462 1.90735e-07
    endloop
  endfacet
  facet normal 0.659464 0.751736 0
    outer loop
      vertex 19.9444 4.44437 1.90735e-07
      vertex 20.1607 4.25462 0
      vertex 19.9444 4.44437 0
    endloop
  endfacet
  facet normal 0.321467 0.946921 -0
    outer loop
      vertex 20.9306 3.87496 0
      vertex 20.6581 3.96747 1.90735e-07
      vertex 20.9306 3.87496 1.90735e-07
    endloop
  endfacet
  facet normal 0.321467 0.946921 0
    outer loop
      vertex 20.6581 3.96747 1.90735e-07
      vertex 20.9306 3.87496 0
      vertex 20.6581 3.96747 0
    endloop
  endfacet
  facet normal 0.83143 -0.55563 -3.43015e-11
    outer loop
      vertex 19.5947 7.1 1.90735e-07
      vertex 19.7546 7.33927 0
      vertex 19.7546 7.33927 1.90735e-07
    endloop
  endfacet
  facet normal 0.83143 -0.55563 -3.43015e-11
    outer loop
      vertex 19.7546 7.33927 0
      vertex 19.5947 7.1 1.90735e-07
      vertex 19.5947 7.1 0
    endloop
  endfacet
  facet normal -0.751741 0.659458 4.82004e-11
    outer loop
      vertex 23.0556 4.44437 0
      vertex 23.2454 4.66073 1.90735e-07
      vertex 23.2454 4.66073 0
    endloop
  endfacet
  facet normal -0.751741 0.659458 4.82004e-11
    outer loop
      vertex 23.2454 4.66073 1.90735e-07
      vertex 23.0556 4.44437 0
      vertex 23.0556 4.44437 1.90735e-07
    endloop
  endfacet
  facet normal 0.321467 -0.946921 0
    outer loop
      vertex 20.6581 8.03253 0
      vertex 20.9306 8.12504 1.90735e-07
      vertex 20.6581 8.03253 1.90735e-07
    endloop
  endfacet
  facet normal 0.321467 -0.946921 0
    outer loop
      vertex 20.9306 8.12504 1.90735e-07
      vertex 20.6581 8.03253 0
      vertex 20.9306 8.12504 0
    endloop
  endfacet
  facet normal -0.442258 -0.896888 0
    outer loop
      vertex 22.3419 8.03253 0
      vertex 22.6 7.90526 1.90735e-07
      vertex 22.3419 8.03253 1.90735e-07
    endloop
  endfacet
  facet normal -0.442258 -0.896888 -0
    outer loop
      vertex 22.6 7.90526 1.90735e-07
      vertex 22.3419 8.03253 0
      vertex 22.6 7.90526 0
    endloop
  endfacet
  facet normal 0.442258 0.896888 -0
    outer loop
      vertex 20.6581 3.96747 0
      vertex 20.4 4.09474 1.90735e-07
      vertex 20.6581 3.96747 1.90735e-07
    endloop
  endfacet
  facet normal 0.442258 0.896888 0
    outer loop
      vertex 20.4 4.09474 1.90735e-07
      vertex 20.6581 3.96747 0
      vertex 20.4 4.09474 0
    endloop
  endfacet
  facet normal -0.980746 -0.195287 -1.43751e-11
    outer loop
      vertex 23.6812 6.28716 0
      vertex 23.625 6.5694 1.90735e-07
      vertex 23.625 6.5694 0
    endloop
  endfacet
  facet normal -0.980746 -0.195287 -1.43751e-11
    outer loop
      vertex 23.625 6.5694 1.90735e-07
      vertex 23.6812 6.28716 0
      vertex 23.6812 6.28716 1.90735e-07
    endloop
  endfacet
  facet normal 0.946931 -0.321435 3.11496e-11
    outer loop
      vertex 19.375 6.5694 1.90735e-07
      vertex 19.4675 6.8419 0
      vertex 19.4675 6.8419 1.90735e-07
    endloop
  endfacet
  facet normal 0.946931 -0.321435 3.11496e-11
    outer loop
      vertex 19.4675 6.8419 0
      vertex 19.375 6.5694 1.90735e-07
      vertex 19.375 6.5694 0
    endloop
  endfacet
  facet normal -0.946931 -0.321435 -3.11496e-11
    outer loop
      vertex 23.625 6.5694 0
      vertex 23.5325 6.8419 1.90735e-07
      vertex 23.5325 6.8419 0
    endloop
  endfacet
  facet normal -0.946931 -0.321435 -3.11496e-11
    outer loop
      vertex 23.5325 6.8419 1.90735e-07
      vertex 23.625 6.5694 0
      vertex 23.625 6.5694 1.90735e-07
    endloop
  endfacet
  facet normal -0.555534 0.831494 0
    outer loop
      vertex 22.8393 4.25462 0
      vertex 22.6 4.09474 1.90735e-07
      vertex 22.8393 4.25462 1.90735e-07
    endloop
  endfacet
  facet normal -0.555534 0.831494 0
    outer loop
      vertex 22.6 4.09474 1.90735e-07
      vertex 22.8393 4.25462 0
      vertex 22.6 4.09474 0
    endloop
  endfacet
  facet normal -0.442258 0.896888 0
    outer loop
      vertex 22.6 4.09474 0
      vertex 22.3419 3.96747 1.90735e-07
      vertex 22.6 4.09474 1.90735e-07
    endloop
  endfacet
  facet normal -0.442258 0.896888 0
    outer loop
      vertex 22.3419 3.96747 1.90735e-07
      vertex 22.6 4.09474 0
      vertex 22.3419 3.96747 0
    endloop
  endfacet
  facet normal 0.195113 0.980781 -0
    outer loop
      vertex 21.2128 3.81882 0
      vertex 20.9306 3.87496 1.90735e-07
      vertex 21.2128 3.81882 1.90735e-07
    endloop
  endfacet
  facet normal 0.195113 0.980781 0
    outer loop
      vertex 20.9306 3.87496 1.90735e-07
      vertex 21.2128 3.81882 0
      vertex 20.9306 3.87496 0
    endloop
  endfacet
  facet normal 0.442258 -0.896888 0
    outer loop
      vertex 20.4 7.90526 0
      vertex 20.6581 8.03253 1.90735e-07
      vertex 20.4 7.90526 1.90735e-07
    endloop
  endfacet
  facet normal 0.442258 -0.896888 0
    outer loop
      vertex 20.6581 8.03253 1.90735e-07
      vertex 20.4 7.90526 0
      vertex 20.6581 8.03253 0
    endloop
  endfacet
  facet normal 0.751741 0.659458 -4.82004e-11
    outer loop
      vertex 19.9444 4.44437 1.90735e-07
      vertex 19.7546 4.66073 0
      vertex 19.7546 4.66073 1.90735e-07
    endloop
  endfacet
  facet normal 0.751741 0.659458 -4.82004e-11
    outer loop
      vertex 19.7546 4.66073 0
      vertex 19.9444 4.44437 1.90735e-07
      vertex 19.9444 4.44437 0
    endloop
  endfacet
  facet normal -0.997864 -0.0653289 -4.29489e-12
    outer loop
      vertex 23.7 6 0
      vertex 23.6812 6.28716 1.90735e-07
      vertex 23.6812 6.28716 0
    endloop
  endfacet
  facet normal -0.997864 -0.0653289 -4.29489e-12
    outer loop
      vertex 23.6812 6.28716 1.90735e-07
      vertex 23.7 6 0
      vertex 23.7 6 1.90735e-07
    endloop
  endfacet
  facet normal 0.946931 0.321435 -3.11496e-11
    outer loop
      vertex 19.4675 5.1581 1.90735e-07
      vertex 19.375 5.4306 0
      vertex 19.375 5.4306 1.90735e-07
    endloop
  endfacet
  facet normal 0.946931 0.321435 -3.11496e-11
    outer loop
      vertex 19.375 5.4306 0
      vertex 19.4675 5.1581 1.90735e-07
      vertex 19.4675 5.1581 0
    endloop
  endfacet
  facet normal 0.659464 -0.751736 0
    outer loop
      vertex 19.9444 7.55563 0
      vertex 20.1607 7.74538 1.90735e-07
      vertex 19.9444 7.55563 1.90735e-07
    endloop
  endfacet
  facet normal 0.659464 -0.751736 0
    outer loop
      vertex 20.1607 7.74538 1.90735e-07
      vertex 19.9444 7.55563 0
      vertex 20.1607 7.74538 0
    endloop
  endfacet
  facet normal -0 0 -1
    outer loop
      vertex 23.7 6 1.90735e-07
      vertex 23.6925 5.9986 1.90735e-07
      vertex 23.6926 6 1.90735e-07
    endloop
  endfacet
  facet normal 0 0 -1
    outer loop
      vertex 23.6812 5.71284 1.90735e-07
      vertex 23.6925 5.9986 1.90735e-07
      vertex 23.7 6 1.90735e-07
    endloop
  endfacet
  facet normal 0 0 -1
    outer loop
      vertex 23.6812 5.71284 1.90735e-07
      vertex 23.6738 5.71381 1.90735e-07
      vertex 23.6925 5.9986 1.90735e-07
    endloop
  endfacet
  facet normal -0 0 -1
    outer loop
      vertex 23.6812 5.71284 1.90735e-07
      vertex 23.6735 5.71244 1.90735e-07
      vertex 23.6738 5.71381 1.90735e-07
    endloop
  endfacet
  facet normal 0 0 -1
    outer loop
      vertex 23.625 5.4306 1.90735e-07
      vertex 23.6735 5.71244 1.90735e-07
      vertex 23.6812 5.71284 1.90735e-07
    endloop
  endfacet
  facet normal 0 0 -1
    outer loop
      vertex 23.625 5.4306 1.90735e-07
      vertex 23.6179 5.43252 1.90735e-07
      vertex 23.6735 5.71244 1.90735e-07
    endloop
  endfacet
  facet normal 0 0 -1
    outer loop
      vertex 23.625 5.4306 1.90735e-07
      vertex 23.6174 5.43119 1.90735e-07
      vertex 23.6179 5.43252 1.90735e-07
    endloop
  endfacet
  facet normal 0 0 -1
    outer loop
      vertex 23.5325 5.1581 1.90735e-07
      vertex 23.6174 5.43119 1.90735e-07
      vertex 23.625 5.4306 1.90735e-07
    endloop
  endfacet
  facet normal 0 0 -1
    outer loop
      vertex 23.5325 5.1581 1.90735e-07
      vertex 23.5257 5.16094 1.90735e-07
      vertex 23.6174 5.43119 1.90735e-07
    endloop
  endfacet
  facet normal 0 0 -1
    outer loop
      vertex 23.3994 4.90498 1.90735e-07
      vertex 23.5325 5.1581 1.90735e-07
      vertex 23.4053 4.9 1.90735e-07
    endloop
  endfacet
  facet normal -0 0 -1
    outer loop
      vertex 23.5325 5.1581 1.90735e-07
      vertex 23.3994 4.90498 1.90735e-07
      vertex 23.5257 5.16094 1.90735e-07
    endloop
  endfacet
  facet normal 0 0 -1
    outer loop
      vertex 23.4053 4.9 1.90735e-07
      vertex 23.3988 4.90372 1.90735e-07
      vertex 23.3994 4.90498 1.90735e-07
    endloop
  endfacet
  facet normal 0 0 -1
    outer loop
      vertex 23.4053 4.9 1.90735e-07
      vertex 23.398 4.90255 1.90735e-07
      vertex 23.3988 4.90372 1.90735e-07
    endloop
  endfacet
  facet normal 0 0 -1
    outer loop
      vertex 23.2454 4.66073 1.90735e-07
      vertex 23.398 4.90255 1.90735e-07
      vertex 23.4053 4.9 1.90735e-07
    endloop
  endfacet
  facet normal 0 0 -1
    outer loop
      vertex 23.2454 4.66073 1.90735e-07
      vertex 23.2395 4.66525 1.90735e-07
      vertex 23.398 4.90255 1.90735e-07
    endloop
  endfacet
  facet normal 0 0 -1
    outer loop
      vertex 23.0513 4.45068 1.90735e-07
      vertex 23.2454 4.66073 1.90735e-07
      vertex 23.0556 4.44437 1.90735e-07
    endloop
  endfacet
  facet normal -0 0 -1
    outer loop
      vertex 23.2454 4.66073 1.90735e-07
      vertex 23.0513 4.45068 1.90735e-07
      vertex 23.2395 4.66525 1.90735e-07
    endloop
  endfacet
  facet normal 0 0 -1
    outer loop
      vertex 23.0556 4.44437 1.90735e-07
      vertex 23.0504 4.44962 1.90735e-07
      vertex 23.0513 4.45068 1.90735e-07
    endloop
  endfacet
  facet normal 0 0 -1
    outer loop
      vertex 23.0556 4.44437 1.90735e-07
      vertex 23.0493 4.4487 1.90735e-07
      vertex 23.0504 4.44962 1.90735e-07
    endloop
  endfacet
  facet normal 0 0 -1
    outer loop
      vertex 22.8393 4.25462 1.90735e-07
      vertex 23.0493 4.4487 1.90735e-07
      vertex 23.0556 4.44437 1.90735e-07
    endloop
  endfacet
  facet normal 0 0 -1
    outer loop
      vertex 22.8393 4.25462 1.90735e-07
      vertex 22.8347 4.26052 1.90735e-07
      vertex 23.0493 4.4487 1.90735e-07
    endloop
  endfacet
  facet normal 0 0 -1
    outer loop
      vertex 22.5974 4.10197 1.90735e-07
      vertex 22.8393 4.25462 1.90735e-07
      vertex 22.6 4.09474 1.90735e-07
    endloop
  endfacet
  facet normal -0 0 -1
    outer loop
      vertex 22.8393 4.25462 1.90735e-07
      vertex 22.5974 4.10197 1.90735e-07
      vertex 22.8347 4.26052 1.90735e-07
    endloop
  endfacet
  facet normal 0 0 -1
    outer loop
      vertex 22.6 4.09474 1.90735e-07
      vertex 22.5963 4.10119 1.90735e-07
      vertex 22.5974 4.10197 1.90735e-07
    endloop
  endfacet
  facet normal 0 0 -1
    outer loop
      vertex 22.6 4.09474 1.90735e-07
      vertex 22.595 4.10056 1.90735e-07
      vertex 22.5963 4.10119 1.90735e-07
    endloop
  endfacet
  facet normal 0 0 -1
    outer loop
      vertex 22.3419 3.96747 1.90735e-07
      vertex 22.595 4.10056 1.90735e-07
      vertex 22.6 4.09474 1.90735e-07
    endloop
  endfacet
  facet normal 0 0 -1
    outer loop
      vertex 22.3419 3.96747 1.90735e-07
      vertex 22.3391 3.97434 1.90735e-07
      vertex 22.595 4.10056 1.90735e-07
    endloop
  endfacet
  facet normal 0 0 -1
    outer loop
      vertex 22.0688 3.8826 1.90735e-07
      vertex 22.3419 3.96747 1.90735e-07
      vertex 22.0694 3.87496 1.90735e-07
    endloop
  endfacet
  facet normal -0 0 -1
    outer loop
      vertex 22.3419 3.96747 1.90735e-07
      vertex 22.0688 3.8826 1.90735e-07
      vertex 22.3391 3.97434 1.90735e-07
    endloop
  endfacet
  facet normal 0 0 -1
    outer loop
      vertex 22.0694 3.87496 1.90735e-07
      vertex 22.0675 3.88215 1.90735e-07
      vertex 22.0688 3.8826 1.90735e-07
    endloop
  endfacet
  facet normal -0 0 -1
    outer loop
      vertex 22.0694 3.87496 1.90735e-07
      vertex 21.7876 3.82647 1.90735e-07
      vertex 22.0675 3.88215 1.90735e-07
    endloop
  endfacet
  facet normal 0 0 -1
    outer loop
      vertex 21.7872 3.81882 1.90735e-07
      vertex 21.7876 3.82647 1.90735e-07
      vertex 22.0694 3.87496 1.90735e-07
    endloop
  endfacet
  facet normal 0 0 -1
    outer loop
      vertex 21.7872 3.81882 1.90735e-07
      vertex 21.7862 3.8262 1.90735e-07
      vertex 21.7876 3.82647 1.90735e-07
    endloop
  endfacet
  facet normal -0 0 -1
    outer loop
      vertex 21.7872 3.81882 1.90735e-07
      vertex 21.5014 3.80753 1.90735e-07
      vertex 21.7862 3.8262 1.90735e-07
    endloop
  endfacet
  facet normal 0 0 -1
    outer loop
      vertex 21.5 3.8 1.90735e-07
      vertex 21.5014 3.80753 1.90735e-07
      vertex 21.7872 3.81882 1.90735e-07
    endloop
  endfacet
  facet normal 0 0 -1
    outer loop
      vertex 21.5 3.8 1.90735e-07
      vertex 21.5 3.80744 1.90735e-07
      vertex 21.5014 3.80753 1.90735e-07
    endloop
  endfacet
  facet normal 0 0 -1
    outer loop
      vertex 21.5 3.8 1.90735e-07
      vertex 21.4986 3.80753 1.90735e-07
      vertex 21.5 3.80744 1.90735e-07
    endloop
  endfacet
  facet normal 0 0 -1
    outer loop
      vertex 21.2128 3.81882 1.90735e-07
      vertex 21.4986 3.80753 1.90735e-07
      vertex 21.5 3.8 1.90735e-07
    endloop
  endfacet
  facet normal 0 0 -1
    outer loop
      vertex 21.4986 3.80753 1.90735e-07
      vertex 21.2128 3.81882 1.90735e-07
      vertex 21.2138 3.8262 1.90735e-07
    endloop
  endfacet
  facet normal 0 0 -1
    outer loop
      vertex 21.2128 3.81882 1.90735e-07
      vertex 21.2124 3.82647 1.90735e-07
      vertex 21.2138 3.8262 1.90735e-07
    endloop
  endfacet
  facet normal 0 0 -1
    outer loop
      vertex 20.9306 3.87496 1.90735e-07
      vertex 21.2124 3.82647 1.90735e-07
      vertex 21.2128 3.81882 1.90735e-07
    endloop
  endfacet
  facet normal 0 0 -1
    outer loop
      vertex 21.2124 3.82647 1.90735e-07
      vertex 20.9306 3.87496 1.90735e-07
      vertex 20.9325 3.88215 1.90735e-07
    endloop
  endfacet
  facet normal 0 0 -1
    outer loop
      vertex 20.9306 3.87496 1.90735e-07
      vertex 20.9312 3.8826 1.90735e-07
      vertex 20.9325 3.88215 1.90735e-07
    endloop
  endfacet
  facet normal 0 0 -1
    outer loop
      vertex 20.6581 3.96747 1.90735e-07
      vertex 20.9312 3.8826 1.90735e-07
      vertex 20.9306 3.87496 1.90735e-07
    endloop
  endfacet
  facet normal 0 0 -1
    outer loop
      vertex 20.9312 3.8826 1.90735e-07
      vertex 20.6581 3.96747 1.90735e-07
      vertex 20.6609 3.97434 1.90735e-07
    endloop
  endfacet
  facet normal 0 0 -1
    outer loop
      vertex 20.6581 3.96747 1.90735e-07
      vertex 20.405 4.10056 1.90735e-07
      vertex 20.6609 3.97434 1.90735e-07
    endloop
  endfacet
  facet normal 0 0 -1
    outer loop
      vertex 20.4 4.09474 1.90735e-07
      vertex 20.405 4.10056 1.90735e-07
      vertex 20.6581 3.96747 1.90735e-07
    endloop
  endfacet
  facet normal -0 0 -1
    outer loop
      vertex 20.405 4.10056 1.90735e-07
      vertex 20.4 4.09474 1.90735e-07
      vertex 20.4037 4.10119 1.90735e-07
    endloop
  endfacet
  facet normal 0 0 -1
    outer loop
      vertex 20.4 4.09474 1.90735e-07
      vertex 20.4026 4.10197 1.90735e-07
      vertex 20.4037 4.10119 1.90735e-07
    endloop
  endfacet
  facet normal 0 0 -1
    outer loop
      vertex 20.1607 4.25462 1.90735e-07
      vertex 20.4026 4.10197 1.90735e-07
      vertex 20.4 4.09474 1.90735e-07
    endloop
  endfacet
  facet normal 0 0 -1
    outer loop
      vertex 20.4026 4.10197 1.90735e-07
      vertex 20.1607 4.25462 1.90735e-07
      vertex 20.1653 4.26052 1.90735e-07
    endloop
  endfacet
  facet normal 0 0 -1
    outer loop
      vertex 20.1607 4.25462 1.90735e-07
      vertex 19.9507 4.4487 1.90735e-07
      vertex 20.1653 4.26052 1.90735e-07
    endloop
  endfacet
  facet normal 0 0 -1
    outer loop
      vertex 19.9444 4.44437 1.90735e-07
      vertex 19.9507 4.4487 1.90735e-07
      vertex 20.1607 4.25462 1.90735e-07
    endloop
  endfacet
  facet normal -0 0 -1
    outer loop
      vertex 19.9507 4.4487 1.90735e-07
      vertex 19.9444 4.44437 1.90735e-07
      vertex 19.9496 4.44962 1.90735e-07
    endloop
  endfacet
  facet normal 0 0 -1
    outer loop
      vertex 19.9444 4.44437 1.90735e-07
      vertex 19.9487 4.45068 1.90735e-07
      vertex 19.9496 4.44962 1.90735e-07
    endloop
  endfacet
  facet normal 0 0 -1
    outer loop
      vertex 19.7546 4.66073 1.90735e-07
      vertex 19.9487 4.45068 1.90735e-07
      vertex 19.9444 4.44437 1.90735e-07
    endloop
  endfacet
  facet normal 0 0 -1
    outer loop
      vertex 19.9487 4.45068 1.90735e-07
      vertex 19.7546 4.66073 1.90735e-07
      vertex 19.7605 4.66525 1.90735e-07
    endloop
  endfacet
  facet normal 0 0 -1
    outer loop
      vertex 19.7546 4.66073 1.90735e-07
      vertex 19.602 4.90255 1.90735e-07
      vertex 19.7605 4.66525 1.90735e-07
    endloop
  endfacet
  facet normal 0 0 -1
    outer loop
      vertex 19.5947 4.9 1.90735e-07
      vertex 19.602 4.90255 1.90735e-07
      vertex 19.7546 4.66073 1.90735e-07
    endloop
  endfacet
  facet normal -0 0 -1
    outer loop
      vertex 19.602 4.90255 1.90735e-07
      vertex 19.5947 4.9 1.90735e-07
      vertex 19.6012 4.90372 1.90735e-07
    endloop
  endfacet
  facet normal 0 0 -1
    outer loop
      vertex 19.5947 4.9 1.90735e-07
      vertex 19.6006 4.90498 1.90735e-07
      vertex 19.6012 4.90372 1.90735e-07
    endloop
  endfacet
  facet normal 0 0 -1
    outer loop
      vertex 19.4675 5.1581 1.90735e-07
      vertex 19.6006 4.90498 1.90735e-07
      vertex 19.5947 4.9 1.90735e-07
    endloop
  endfacet
  facet normal 0 0 -1
    outer loop
      vertex 19.6006 4.90498 1.90735e-07
      vertex 19.4675 5.1581 1.90735e-07
      vertex 19.4743 5.16094 1.90735e-07
    endloop
  endfacet
  facet normal 0 0 -1
    outer loop
      vertex 19.4675 5.1581 1.90735e-07
      vertex 19.3826 5.43119 1.90735e-07
      vertex 19.4743 5.16094 1.90735e-07
    endloop
  endfacet
  facet normal 0 0 -1
    outer loop
      vertex 19.375 5.4306 1.90735e-07
      vertex 19.3826 5.43119 1.90735e-07
      vertex 19.4675 5.1581 1.90735e-07
    endloop
  endfacet
  facet normal -0 0 -1
    outer loop
      vertex 19.3826 5.43119 1.90735e-07
      vertex 19.375 5.4306 1.90735e-07
      vertex 19.3821 5.43252 1.90735e-07
    endloop
  endfacet
  facet normal 0 0 -1
    outer loop
      vertex 19.375 5.4306 1.90735e-07
      vertex 19.3265 5.71244 1.90735e-07
      vertex 19.3821 5.43252 1.90735e-07
    endloop
  endfacet
  facet normal 0 0 -1
    outer loop
      vertex 19.3188 5.71284 1.90735e-07
      vertex 19.3265 5.71244 1.90735e-07
      vertex 19.375 5.4306 1.90735e-07
    endloop
  endfacet
  facet normal 0 0 -1
    outer loop
      vertex 19.3265 5.71244 1.90735e-07
      vertex 19.3188 5.71284 1.90735e-07
      vertex 19.3262 5.71381 1.90735e-07
    endloop
  endfacet
  facet normal 0 0 -1
    outer loop
      vertex 19.3188 5.71284 1.90735e-07
      vertex 19.3075 5.9986 1.90735e-07
      vertex 19.3262 5.71381 1.90735e-07
    endloop
  endfacet
  facet normal 0 0 -1
    outer loop
      vertex 19.3 6 1.90735e-07
      vertex 19.3075 5.9986 1.90735e-07
      vertex 19.3188 5.71284 1.90735e-07
    endloop
  endfacet
  facet normal 0 0 -1
    outer loop
      vertex 19.3075 5.9986 1.90735e-07
      vertex 19.3 6 1.90735e-07
      vertex 19.3074 6 1.90735e-07
    endloop
  endfacet
  facet normal 0 0 -1
    outer loop
      vertex 23.6925 6.0014 1.90735e-07
      vertex 23.7 6 1.90735e-07
      vertex 23.6926 6 1.90735e-07
    endloop
  endfacet
  facet normal 0 0 -1
    outer loop
      vertex 23.6925 6.0014 1.90735e-07
      vertex 23.6812 6.28716 1.90735e-07
      vertex 23.7 6 1.90735e-07
    endloop
  endfacet
  facet normal 0 0 -1
    outer loop
      vertex 23.6738 6.28619 1.90735e-07
      vertex 23.6812 6.28716 1.90735e-07
      vertex 23.6925 6.0014 1.90735e-07
    endloop
  endfacet
  facet normal 0 0 -1
    outer loop
      vertex 23.6735 6.28756 1.90735e-07
      vertex 23.6812 6.28716 1.90735e-07
      vertex 23.6738 6.28619 1.90735e-07
    endloop
  endfacet
  facet normal 0 0 -1
    outer loop
      vertex 23.6735 6.28756 1.90735e-07
      vertex 23.625 6.5694 1.90735e-07
      vertex 23.6812 6.28716 1.90735e-07
    endloop
  endfacet
  facet normal 0 0 -1
    outer loop
      vertex 23.6179 6.56748 1.90735e-07
      vertex 23.625 6.5694 1.90735e-07
      vertex 23.6735 6.28756 1.90735e-07
    endloop
  endfacet
  facet normal 0 0 -1
    outer loop
      vertex 23.6174 6.56881 1.90735e-07
      vertex 23.625 6.5694 1.90735e-07
      vertex 23.6179 6.56748 1.90735e-07
    endloop
  endfacet
  facet normal 0 0 -1
    outer loop
      vertex 23.6174 6.56881 1.90735e-07
      vertex 23.5325 6.8419 1.90735e-07
      vertex 23.625 6.5694 1.90735e-07
    endloop
  endfacet
  facet normal 0 0 -1
    outer loop
      vertex 23.5257 6.83906 1.90735e-07
      vertex 23.5325 6.8419 1.90735e-07
      vertex 23.6174 6.56881 1.90735e-07
    endloop
  endfacet
  facet normal 0 0 -1
    outer loop
      vertex 23.3994 7.09502 1.90735e-07
      vertex 23.5325 6.8419 1.90735e-07
      vertex 23.5257 6.83906 1.90735e-07
    endloop
  endfacet
  facet normal 0 0 -1
    outer loop
      vertex 23.5325 6.8419 1.90735e-07
      vertex 23.3994 7.09502 1.90735e-07
      vertex 23.4053 7.1 1.90735e-07
    endloop
  endfacet
  facet normal 0 0 -1
    outer loop
      vertex 23.3988 7.09628 1.90735e-07
      vertex 23.4053 7.1 1.90735e-07
      vertex 23.3994 7.09502 1.90735e-07
    endloop
  endfacet
  facet normal 0 0 -1
    outer loop
      vertex 23.398 7.09745 1.90735e-07
      vertex 23.4053 7.1 1.90735e-07
      vertex 23.3988 7.09628 1.90735e-07
    endloop
  endfacet
  facet normal 0 0 -1
    outer loop
      vertex 23.398 7.09745 1.90735e-07
      vertex 23.2454 7.33927 1.90735e-07
      vertex 23.4053 7.1 1.90735e-07
    endloop
  endfacet
  facet normal 0 0 -1
    outer loop
      vertex 23.2395 7.33475 1.90735e-07
      vertex 23.2454 7.33927 1.90735e-07
      vertex 23.398 7.09745 1.90735e-07
    endloop
  endfacet
  facet normal 0 0 -1
    outer loop
      vertex 23.0513 7.54932 1.90735e-07
      vertex 23.2454 7.33927 1.90735e-07
      vertex 23.2395 7.33475 1.90735e-07
    endloop
  endfacet
  facet normal 0 0 -1
    outer loop
      vertex 23.2454 7.33927 1.90735e-07
      vertex 23.0513 7.54932 1.90735e-07
      vertex 23.0556 7.55563 1.90735e-07
    endloop
  endfacet
  facet normal 0 0 -1
    outer loop
      vertex 23.0504 7.55038 1.90735e-07
      vertex 23.0556 7.55563 1.90735e-07
      vertex 23.0513 7.54932 1.90735e-07
    endloop
  endfacet
  facet normal 0 0 -1
    outer loop
      vertex 23.0493 7.5513 1.90735e-07
      vertex 23.0556 7.55563 1.90735e-07
      vertex 23.0504 7.55038 1.90735e-07
    endloop
  endfacet
  facet normal 0 0 -1
    outer loop
      vertex 23.0493 7.5513 1.90735e-07
      vertex 22.8393 7.74538 1.90735e-07
      vertex 23.0556 7.55563 1.90735e-07
    endloop
  endfacet
  facet normal 0 0 -1
    outer loop
      vertex 22.8347 7.73948 1.90735e-07
      vertex 22.8393 7.74538 1.90735e-07
      vertex 23.0493 7.5513 1.90735e-07
    endloop
  endfacet
  facet normal 0 0 -1
    outer loop
      vertex 22.5974 7.89803 1.90735e-07
      vertex 22.8393 7.74538 1.90735e-07
      vertex 22.8347 7.73948 1.90735e-07
    endloop
  endfacet
  facet normal 0 0 -1
    outer loop
      vertex 22.8393 7.74538 1.90735e-07
      vertex 22.5974 7.89803 1.90735e-07
      vertex 22.6 7.90526 1.90735e-07
    endloop
  endfacet
  facet normal 0 0 -1
    outer loop
      vertex 22.5963 7.89881 1.90735e-07
      vertex 22.6 7.90526 1.90735e-07
      vertex 22.5974 7.89803 1.90735e-07
    endloop
  endfacet
  facet normal 0 0 -1
    outer loop
      vertex 22.595 7.89944 1.90735e-07
      vertex 22.6 7.90526 1.90735e-07
      vertex 22.5963 7.89881 1.90735e-07
    endloop
  endfacet
  facet normal 0 0 -1
    outer loop
      vertex 22.595 7.89944 1.90735e-07
      vertex 22.3419 8.03253 1.90735e-07
      vertex 22.6 7.90526 1.90735e-07
    endloop
  endfacet
  facet normal 0 0 -1
    outer loop
      vertex 22.3391 8.02566 1.90735e-07
      vertex 22.3419 8.03253 1.90735e-07
      vertex 22.595 7.89944 1.90735e-07
    endloop
  endfacet
  facet normal 0 0 -1
    outer loop
      vertex 22.0688 8.1174 1.90735e-07
      vertex 22.3419 8.03253 1.90735e-07
      vertex 22.3391 8.02566 1.90735e-07
    endloop
  endfacet
  facet normal 0 0 -1
    outer loop
      vertex 22.3419 8.03253 1.90735e-07
      vertex 22.0688 8.1174 1.90735e-07
      vertex 22.0694 8.12504 1.90735e-07
    endloop
  endfacet
  facet normal 0 0 -1
    outer loop
      vertex 22.0675 8.11785 1.90735e-07
      vertex 22.0694 8.12504 1.90735e-07
      vertex 22.0688 8.1174 1.90735e-07
    endloop
  endfacet
  facet normal 0 0 -1
    outer loop
      vertex 21.7876 8.17353 1.90735e-07
      vertex 22.0694 8.12504 1.90735e-07
      vertex 22.0675 8.11785 1.90735e-07
    endloop
  endfacet
  facet normal 0 0 -1
    outer loop
      vertex 21.7876 8.17353 1.90735e-07
      vertex 21.7872 8.18118 1.90735e-07
      vertex 22.0694 8.12504 1.90735e-07
    endloop
  endfacet
  facet normal 0 0 -1
    outer loop
      vertex 21.7862 8.1738 1.90735e-07
      vertex 21.7872 8.18118 1.90735e-07
      vertex 21.7876 8.17353 1.90735e-07
    endloop
  endfacet
  facet normal 0 0 -1
    outer loop
      vertex 21.5014 8.19247 1.90735e-07
      vertex 21.7872 8.18118 1.90735e-07
      vertex 21.7862 8.1738 1.90735e-07
    endloop
  endfacet
  facet normal 0 0 -1
    outer loop
      vertex 21.5 8.2 1.90735e-07
      vertex 21.5014 8.19247 1.90735e-07
      vertex 21.5 8.19256 1.90735e-07
    endloop
  endfacet
  facet normal 0 0 -1
    outer loop
      vertex 21.5014 8.19247 1.90735e-07
      vertex 21.5 8.2 1.90735e-07
      vertex 21.7872 8.18118 1.90735e-07
    endloop
  endfacet
  facet normal 0 0 -1
    outer loop
      vertex 21.4986 8.19247 1.90735e-07
      vertex 21.5 8.2 1.90735e-07
      vertex 21.5 8.19256 1.90735e-07
    endloop
  endfacet
  facet normal 0 0 -1
    outer loop
      vertex 21.2128 8.18118 1.90735e-07
      vertex 21.4986 8.19247 1.90735e-07
      vertex 21.2138 8.1738 1.90735e-07
    endloop
  endfacet
  facet normal -0 0 -1
    outer loop
      vertex 21.4986 8.19247 1.90735e-07
      vertex 21.2128 8.18118 1.90735e-07
      vertex 21.5 8.2 1.90735e-07
    endloop
  endfacet
  facet normal 0 0 -1
    outer loop
      vertex 21.2124 8.17353 1.90735e-07
      vertex 21.2128 8.18118 1.90735e-07
      vertex 21.2138 8.1738 1.90735e-07
    endloop
  endfacet
  facet normal 0 0 -1
    outer loop
      vertex 20.9306 8.12504 1.90735e-07
      vertex 21.2124 8.17353 1.90735e-07
      vertex 20.9325 8.11785 1.90735e-07
    endloop
  endfacet
  facet normal -0 0 -1
    outer loop
      vertex 21.2124 8.17353 1.90735e-07
      vertex 20.9306 8.12504 1.90735e-07
      vertex 21.2128 8.18118 1.90735e-07
    endloop
  endfacet
  facet normal 0 0 -1
    outer loop
      vertex 20.9312 8.1174 1.90735e-07
      vertex 20.9306 8.12504 1.90735e-07
      vertex 20.9325 8.11785 1.90735e-07
    endloop
  endfacet
  facet normal 0 0 -1
    outer loop
      vertex 20.6581 8.03253 1.90735e-07
      vertex 20.9312 8.1174 1.90735e-07
      vertex 20.6609 8.02566 1.90735e-07
    endloop
  endfacet
  facet normal -0 0 -1
    outer loop
      vertex 20.9312 8.1174 1.90735e-07
      vertex 20.6581 8.03253 1.90735e-07
      vertex 20.9306 8.12504 1.90735e-07
    endloop
  endfacet
  facet normal 0 0 -1
    outer loop
      vertex 20.405 7.89944 1.90735e-07
      vertex 20.6581 8.03253 1.90735e-07
      vertex 20.6609 8.02566 1.90735e-07
    endloop
  endfacet
  facet normal 0 0 -1
    outer loop
      vertex 20.4 7.90526 1.90735e-07
      vertex 20.405 7.89944 1.90735e-07
      vertex 20.4037 7.89881 1.90735e-07
    endloop
  endfacet
  facet normal 0 0 -1
    outer loop
      vertex 20.405 7.89944 1.90735e-07
      vertex 20.4 7.90526 1.90735e-07
      vertex 20.6581 8.03253 1.90735e-07
    endloop
  endfacet
  facet normal 0 0 -1
    outer loop
      vertex 20.4026 7.89803 1.90735e-07
      vertex 20.4 7.90526 1.90735e-07
      vertex 20.4037 7.89881 1.90735e-07
    endloop
  endfacet
  facet normal 0 0 -1
    outer loop
      vertex 20.1607 7.74538 1.90735e-07
      vertex 20.4026 7.89803 1.90735e-07
      vertex 20.1653 7.73948 1.90735e-07
    endloop
  endfacet
  facet normal -0 0 -1
    outer loop
      vertex 20.4026 7.89803 1.90735e-07
      vertex 20.1607 7.74538 1.90735e-07
      vertex 20.4 7.90526 1.90735e-07
    endloop
  endfacet
  facet normal 0 0 -1
    outer loop
      vertex 19.9507 7.5513 1.90735e-07
      vertex 20.1607 7.74538 1.90735e-07
      vertex 20.1653 7.73948 1.90735e-07
    endloop
  endfacet
  facet normal 0 0 -1
    outer loop
      vertex 19.9444 7.55563 1.90735e-07
      vertex 19.9507 7.5513 1.90735e-07
      vertex 19.9496 7.55038 1.90735e-07
    endloop
  endfacet
  facet normal 0 0 -1
    outer loop
      vertex 19.9507 7.5513 1.90735e-07
      vertex 19.9444 7.55563 1.90735e-07
      vertex 20.1607 7.74538 1.90735e-07
    endloop
  endfacet
  facet normal 0 0 -1
    outer loop
      vertex 19.9487 7.54932 1.90735e-07
      vertex 19.9444 7.55563 1.90735e-07
      vertex 19.9496 7.55038 1.90735e-07
    endloop
  endfacet
  facet normal 0 0 -1
    outer loop
      vertex 19.7546 7.33927 1.90735e-07
      vertex 19.9487 7.54932 1.90735e-07
      vertex 19.7605 7.33475 1.90735e-07
    endloop
  endfacet
  facet normal -0 0 -1
    outer loop
      vertex 19.9487 7.54932 1.90735e-07
      vertex 19.7546 7.33927 1.90735e-07
      vertex 19.9444 7.55563 1.90735e-07
    endloop
  endfacet
  facet normal 0 0 -1
    outer loop
      vertex 19.602 7.09745 1.90735e-07
      vertex 19.7546 7.33927 1.90735e-07
      vertex 19.7605 7.33475 1.90735e-07
    endloop
  endfacet
  facet normal 0 0 -1
    outer loop
      vertex 19.5947 7.1 1.90735e-07
      vertex 19.602 7.09745 1.90735e-07
      vertex 19.6012 7.09628 1.90735e-07
    endloop
  endfacet
  facet normal 0 0 -1
    outer loop
      vertex 19.602 7.09745 1.90735e-07
      vertex 19.5947 7.1 1.90735e-07
      vertex 19.7546 7.33927 1.90735e-07
    endloop
  endfacet
  facet normal 0 0 -1
    outer loop
      vertex 19.6006 7.09502 1.90735e-07
      vertex 19.5947 7.1 1.90735e-07
      vertex 19.6012 7.09628 1.90735e-07
    endloop
  endfacet
  facet normal 0 0 -1
    outer loop
      vertex 19.4675 6.8419 1.90735e-07
      vertex 19.6006 7.09502 1.90735e-07
      vertex 19.4743 6.83906 1.90735e-07
    endloop
  endfacet
  facet normal -0 0 -1
    outer loop
      vertex 19.6006 7.09502 1.90735e-07
      vertex 19.4675 6.8419 1.90735e-07
      vertex 19.5947 7.1 1.90735e-07
    endloop
  endfacet
  facet normal 0 0 -1
    outer loop
      vertex 19.3826 6.56881 1.90735e-07
      vertex 19.4675 6.8419 1.90735e-07
      vertex 19.4743 6.83906 1.90735e-07
    endloop
  endfacet
  facet normal 0 0 -1
    outer loop
      vertex 19.375 6.5694 1.90735e-07
      vertex 19.3826 6.56881 1.90735e-07
      vertex 19.3821 6.56748 1.90735e-07
    endloop
  endfacet
  facet normal 0 0 -1
    outer loop
      vertex 19.3826 6.56881 1.90735e-07
      vertex 19.375 6.5694 1.90735e-07
      vertex 19.4675 6.8419 1.90735e-07
    endloop
  endfacet
  facet normal 0 0 -1
    outer loop
      vertex 19.3265 6.28756 1.90735e-07
      vertex 19.375 6.5694 1.90735e-07
      vertex 19.3821 6.56748 1.90735e-07
    endloop
  endfacet
  facet normal 0 0 -1
    outer loop
      vertex 19.3188 6.28716 1.90735e-07
      vertex 19.3265 6.28756 1.90735e-07
      vertex 19.3262 6.28619 1.90735e-07
    endloop
  endfacet
  facet normal -0 0 -1
    outer loop
      vertex 19.3265 6.28756 1.90735e-07
      vertex 19.3188 6.28716 1.90735e-07
      vertex 19.375 6.5694 1.90735e-07
    endloop
  endfacet
  facet normal 0 0 -1
    outer loop
      vertex 19.3075 6.0014 1.90735e-07
      vertex 19.3188 6.28716 1.90735e-07
      vertex 19.3262 6.28619 1.90735e-07
    endloop
  endfacet
  facet normal 0 0 -1
    outer loop
      vertex 19.3 6 1.90735e-07
      vertex 19.3075 6.0014 1.90735e-07
      vertex 19.3074 6 1.90735e-07
    endloop
  endfacet
  facet normal -0 0 -1
    outer loop
      vertex 19.3075 6.0014 1.90735e-07
      vertex 19.3 6 1.90735e-07
      vertex 19.3188 6.28716 1.90735e-07
    endloop
  endfacet
  facet normal -0.065389 0.99786 0
    outer loop
      vertex 21.7872 3.81882 0
      vertex 21.5 3.8 1.90735e-07
      vertex 21.7872 3.81882 1.90735e-07
    endloop
  endfacet
  facet normal -0.065389 0.99786 0
    outer loop
      vertex 21.5 3.8 1.90735e-07
      vertex 21.7872 3.81882 0
      vertex 21.5 3.8 0
    endloop
  endfacet
  facet normal -0.83143 0.55563 -3.43015e-11
    outer loop
      vertex 23.2454 4.66073 0
      vertex 23.4053 4.9 1.90735e-07
      vertex 23.4053 4.9 0
    endloop
  endfacet
  facet normal -0.83143 0.55563 -3.43015e-11
    outer loop
      vertex 23.4053 4.9 1.90735e-07
      vertex 23.2454 4.66073 0
      vertex 23.2454 4.66073 1.90735e-07
    endloop
  endfacet
  facet normal 0.896984 -0.442063 -1.99812e-11
    outer loop
      vertex 19.4675 6.8419 1.90735e-07
      vertex 19.5947 7.1 0
      vertex 19.5947 7.1 1.90735e-07
    endloop
  endfacet
  facet normal 0.896984 -0.442063 -1.99812e-11
    outer loop
      vertex 19.5947 7.1 0
      vertex 19.4675 6.8419 1.90735e-07
      vertex 19.4675 6.8419 0
    endloop
  endfacet
  facet normal -0.83143 -0.55563 3.43015e-11
    outer loop
      vertex 23.4053 7.1 0
      vertex 23.2454 7.33927 1.90735e-07
      vertex 23.2454 7.33927 0
    endloop
  endfacet
  facet normal -0.83143 -0.55563 3.43015e-11
    outer loop
      vertex 23.2454 7.33927 1.90735e-07
      vertex 23.4053 7.1 0
      vertex 23.4053 7.1 1.90735e-07
    endloop
  endfacet
  facet normal 0.065389 -0.99786 0
    outer loop
      vertex 21.2128 8.18118 0
      vertex 21.5 8.2 1.90735e-07
      vertex 21.2128 8.18118 1.90735e-07
    endloop
  endfacet
  facet normal 0.065389 -0.99786 0
    outer loop
      vertex 21.5 8.2 1.90735e-07
      vertex 21.2128 8.18118 0
      vertex 21.5 8.2 0
    endloop
  endfacet
  facet normal 0.980746 0.195287 -1.43751e-11
    outer loop
      vertex 19.375 5.4306 1.90735e-07
      vertex 19.3188 5.71284 0
      vertex 19.3188 5.71284 1.90735e-07
    endloop
  endfacet
  facet normal 0.980746 0.195287 -1.43751e-11
    outer loop
      vertex 19.3188 5.71284 0
      vertex 19.375 5.4306 1.90735e-07
      vertex 19.375 5.4306 0
    endloop
  endfacet
  facet normal 0.555534 -0.831494 0
    outer loop
      vertex 20.1607 7.74538 0
      vertex 20.4 7.90526 1.90735e-07
      vertex 20.1607 7.74538 1.90735e-07
    endloop
  endfacet
  facet normal 0.555534 -0.831494 0
    outer loop
      vertex 20.4 7.90526 1.90735e-07
      vertex 20.1607 7.74538 0
      vertex 20.4 7.90526 0
    endloop
  endfacet
  facet normal 0.555534 0.831494 -0
    outer loop
      vertex 20.4 4.09474 0
      vertex 20.1607 4.25462 1.90735e-07
      vertex 20.4 4.09474 1.90735e-07
    endloop
  endfacet
  facet normal 0.555534 0.831494 0
    outer loop
      vertex 20.1607 4.25462 1.90735e-07
      vertex 20.4 4.09474 0
      vertex 20.1607 4.25462 0
    endloop
  endfacet
  facet normal 0.065389 0.99786 -0
    outer loop
      vertex 21.5 3.8 0
      vertex 21.2128 3.81882 1.90735e-07
      vertex 21.5 3.8 1.90735e-07
    endloop
  endfacet
  facet normal 0.065389 0.99786 0
    outer loop
      vertex 21.2128 3.81882 1.90735e-07
      vertex 21.5 3.8 0
      vertex 21.2128 3.81882 0
    endloop
  endfacet
  facet normal 0.980746 -0.195287 1.43751e-11
    outer loop
      vertex 19.3188 6.28716 1.90735e-07
      vertex 19.375 6.5694 0
      vertex 19.375 6.5694 1.90735e-07
    endloop
  endfacet
  facet normal 0.980746 -0.195287 1.43751e-11
    outer loop
      vertex 19.375 6.5694 0
      vertex 19.3188 6.28716 1.90735e-07
      vertex 19.3188 6.28716 0
    endloop
  endfacet
  facet normal 0.751741 -0.659458 4.82004e-11
    outer loop
      vertex 19.7546 7.33927 1.90735e-07
      vertex 19.9444 7.55563 0
      vertex 19.9444 7.55563 1.90735e-07
    endloop
  endfacet
  facet normal 0.751741 -0.659458 4.82004e-11
    outer loop
      vertex 19.9444 7.55563 0
      vertex 19.7546 7.33927 1.90735e-07
      vertex 19.7546 7.33927 0
    endloop
  endfacet
  facet normal -0.555534 -0.831494 0
    outer loop
      vertex 22.6 7.90526 0
      vertex 22.8393 7.74538 1.90735e-07
      vertex 22.6 7.90526 1.90735e-07
    endloop
  endfacet
  facet normal -0.555534 -0.831494 -0
    outer loop
      vertex 22.8393 7.74538 1.90735e-07
      vertex 22.6 7.90526 0
      vertex 22.8393 7.74538 0
    endloop
  endfacet
  facet normal 0.997864 0.0653289 -4.29489e-12
    outer loop
      vertex 19.3188 5.71284 1.90735e-07
      vertex 19.3 6 0
      vertex 19.3 6 1.90735e-07
    endloop
  endfacet
  facet normal 0.997864 0.0653289 -4.29489e-12
    outer loop
      vertex 19.3 6 0
      vertex 19.3188 5.71284 1.90735e-07
      vertex 19.3188 5.71284 0
    endloop
  endfacet
  facet normal 0.83143 0.55563 3.43015e-11
    outer loop
      vertex 19.7546 4.66073 1.90735e-07
      vertex 19.5947 4.9 0
      vertex 19.5947 4.9 1.90735e-07
    endloop
  endfacet
  facet normal 0.83143 0.55563 3.43015e-11
    outer loop
      vertex 19.5947 4.9 0
      vertex 19.7546 4.66073 1.90735e-07
      vertex 19.7546 4.66073 0
    endloop
  endfacet
  facet normal -0.852375 0 0.522931
    outer loop
      vertex 5.25613 -0.599999 0
      vertex 7.25 29.35 3.25
      vertex 5.25613 29.35 0
    endloop
  endfacet
  facet normal -0.852375 -1.89417e-06 0.52293
    outer loop
      vertex 7.25 -1.6 3.25
      vertex 5.25613 -0.599999 0
      vertex 5.86963 -1.6 1
    endloop
  endfacet
  facet normal -0.852375 -1.8816e-18 0.522931
    outer loop
      vertex 5.25613 -0.599999 0
      vertex 7.25 -1.6 3.25
      vertex 7.25 29.35 3.25
    endloop
  endfacet
  facet normal 0.852375 1.94442e-18 0.522931
    outer loop
      vertex -7.25 29.35 3.25
      vertex -5.25613 -0.599999 0
      vertex -5.25613 29.35 0
    endloop
  endfacet
  facet normal 0.852375 -0 0.522931
    outer loop
      vertex -7.25 -1.6 3.25
      vertex -5.25613 -0.599999 0
      vertex -7.25 29.35 3.25
    endloop
  endfacet
  facet normal 0.852375 -1.89417e-06 0.52293
    outer loop
      vertex -5.25613 -0.599999 0
      vertex -7.25 -1.6 3.25
      vertex -5.86963 -1.6 1
    endloop
  endfacet
  facet normal 0 0 -1
    outer loop
      vertex -7.25 -1.6 3.25
      vertex 7.25 29.35 3.25
      vertex 7.25 -1.6 3.25
    endloop
  endfacet
  facet normal -0 0 -1
    outer loop
      vertex 7.25 29.35 3.25
      vertex -7.25 -1.6 3.25
      vertex -7.25 29.35 3.25
    endloop
  endfacet
  facet normal 0 -1 0
    outer loop
      vertex -5.25613 29.35 0
      vertex 7.25 29.35 3.25
      vertex -7.25 29.35 3.25
    endloop
  endfacet
  facet normal 0 -1 0
    outer loop
      vertex 7.25 29.35 3.25
      vertex -5.25613 29.35 0
      vertex 5.25613 29.35 0
    endloop
  endfacet
endsolid OpenSCAD_Model
