solid OpenSCAD_Model
  facet normal -0.138095 -0.694265 -0.706347
    outer loop
      vertex -11.6221 -1.56578 1
      vertex -12.1353 -1.4637 1
      vertex -11.8765 -0.497776 0
    endloop
  endfacet
  facet normal 0.706323 -0.0463571 -0.70637
    outer loop
      vertex 15.0658 1.8779 1
      vertex 14.0743 2.00842 0
      vertex 14.1 2.4 0
    endloop
  endfacet
  facet normal 0.138095 -0.694265 -0.706347
    outer loop
      vertex 12.1353 -1.4637 1
      vertex 11.6221 -1.56578 1
      vertex 11.8765 -0.497776 0
    endloop
  endfacet
  facet normal 0.313042 -0.634878 -0.706354
    outer loop
      vertex 12.6307 -1.29552 1
      vertex 12.248 -0.371637 0
      vertex 12.6 -0.198075 0
    endloop
  endfacet
  facet normal 0.393251 0.588614 -0.706319
    outer loop
      vertex 12.9263 74.5801 0
      vertex 12.6 74.7981 0
      vertex 13.535 75.3734 1
    endloop
  endfacet
  facet normal 0.227581 0.670295 -0.706336
    outer loop
      vertex 12.6307 75.8955 1
      vertex 11.8765 75.0978 0
      vertex 12.1353 76.0637 1
    endloop
  endfacet
  facet normal 0 0.707107 -0.707107
    outer loop
      vertex 11.1 75.2 0
      vertex -11.1 76.2 1
      vertex 11.1 76.2 1
    endloop
  endfacet
  facet normal 0 0.707107 -0.707107
    outer loop
      vertex -11.1 76.2 1
      vertex 11.1 75.2 0
      vertex -11.1 75.2 0
    endloop
  endfacet
  facet normal -0.0462692 0.706349 -0.706349
    outer loop
      vertex -11.1 75.2 0
      vertex -11.6221 76.1658 1
      vertex -11.1 76.2 1
    endloop
  endfacet
  facet normal 0.706324 0.0463548 -0.706369
    outer loop
      vertex 14.1 72.2 0
      vertex 14.0743 72.5916 0
      vertex 15.0658 72.7221 1
    endloop
  endfacet
  facet normal 0 1 -0
    outer loop
      vertex 11.1 76.2 1
      vertex -11.1 76.2 4.2
      vertex 11.1 76.2 4.2
    endloop
  endfacet
  facet normal 0 1 0
    outer loop
      vertex -11.1 76.2 4.2
      vertex 11.1 76.2 1
      vertex -11.1 76.2 1
    endloop
  endfacet
  facet normal 0.707107 0 -0.707107
    outer loop
      vertex 15.1 2.4 1
      vertex 14.1 72.2 0
      vertex 15.1 72.2 1
    endloop
  endfacet
  facet normal 0.707107 0 -0.707107
    outer loop
      vertex 14.1 72.2 0
      vertex 15.1 2.4 1
      vertex 14.1 2.4 0
    endloop
  endfacet
  facet normal 0.227681 0.670234 -0.706363
    outer loop
      vertex 12.248 74.9716 0
      vertex 11.8765 75.0978 0
      vertex 12.6307 75.8955 1
    endloop
  endfacet
  facet normal 0.634895 0.313027 -0.706344
    outer loop
      vertex 13.8716 73.3481 0
      vertex 13.6981 73.7 0
      vertex 14.7955 73.7307 1
    endloop
  endfacet
  facet normal 0.94691 0.321498 3.20102e-18
    outer loop
      vertex 14.9637 73.2353 4.2
      vertex 14.7955 73.7307 1
      vertex 14.7955 73.7307 4.2
    endloop
  endfacet
  facet normal 0.94691 0.321498 3.20102e-18
    outer loop
      vertex 14.7955 73.7307 1
      vertex 14.9637 73.2353 4.2
      vertex 14.9637 73.2353 1
    endloop
  endfacet
  facet normal 0.46677 -0.532184 -0.706333
    outer loop
      vertex 13.535 -0.773413 1
      vertex 12.9263 0.0199404 0
      vertex 13.2213 0.27868 0
    endloop
  endfacet
  facet normal 0.694261 -0.137994 -0.706371
    outer loop
      vertex 15.0658 1.8779 1
      vertex 13.9978 1.62354 0
      vertex 14.0743 2.00842 0
    endloop
  endfacet
  facet normal 0.312948 0.634914 -0.706362
    outer loop
      vertex 12.6 74.7981 0
      vertex 12.248 74.9716 0
      vertex 12.6307 75.8955 1
    endloop
  endfacet
  facet normal -0.532143 0.466843 -0.706316
    outer loop
      vertex -13.4801 74.0263 0
      vertex -14.2734 74.635 1
      vertex -13.2213 74.3213 0
    endloop
  endfacet
  facet normal -0.694265 -0.138128 -0.706341
    outer loop
      vertex -14.9637 1.36472 1
      vertex -15.0658 1.8779 1
      vertex -13.9978 1.62354 0
    endloop
  endfacet
  facet normal 0 -1 0
    outer loop
      vertex -11.1 -1.6 1
      vertex -8 -1.6 4.2
      vertex -11.1 -1.6 4.2
    endloop
  endfacet
  facet normal 0 -1 0
    outer loop
      vertex -8 -1.6 4.2
      vertex -7.25 -1.6 3.25
      vertex 8 -1.6 4.2
    endloop
  endfacet
  facet normal 0 -1 0
    outer loop
      vertex 7.25 -1.6 3.25
      vertex 8 -1.6 4.2
      vertex -7.25 -1.6 3.25
    endloop
  endfacet
  facet normal 0 -1 -0
    outer loop
      vertex -8 -1.6 4.2
      vertex -11.1 -1.6 1
      vertex -7.25 -1.6 3.25
    endloop
  endfacet
  facet normal 0 -1 -0
    outer loop
      vertex -7.25 -1.6 3.25
      vertex -11.1 -1.6 1
      vertex -5.86963 -1.6 1
    endloop
  endfacet
  facet normal 0 -1 0
    outer loop
      vertex -6.5 -1.6 8.70001
      vertex -4.65 -1.6 10.7
      vertex -6.5 -1.6 10.7
    endloop
  endfacet
  facet normal 0 -1 0
    outer loop
      vertex -6.5 -1.6 8.70001
      vertex -4.65 -1.6 7.2
      vertex -4.65 -1.6 10.7
    endloop
  endfacet
  facet normal 0 -1 0
    outer loop
      vertex -8 -1.6 7.20001
      vertex -4.65 -1.6 7.2
      vertex -6.5 -1.6 8.70001
    endloop
  endfacet
  facet normal 0 -1 -0
    outer loop
      vertex -4.65 -1.6 7.2
      vertex -8 -1.6 4.2
      vertex 4.65 -1.6 7.2
    endloop
  endfacet
  facet normal 0 -1 0
    outer loop
      vertex -8 -1.6 4.2
      vertex -4.65 -1.6 7.2
      vertex -8 -1.6 7.20001
    endloop
  endfacet
  facet normal 0 -1 0
    outer loop
      vertex 4.65 -1.6 10.7
      vertex 6.5 -1.6 8.70001
      vertex 6.5 -1.6 10.7
    endloop
  endfacet
  facet normal 0 -1 0
    outer loop
      vertex 4.65 -1.6 7.2
      vertex 6.5 -1.6 8.70001
      vertex 4.65 -1.6 10.7
    endloop
  endfacet
  facet normal 0 -1 0
    outer loop
      vertex 4.65 -1.6 7.2
      vertex 8 -1.6 7.20001
      vertex 6.5 -1.6 8.70001
    endloop
  endfacet
  facet normal 0 -1 0
    outer loop
      vertex 8 -1.6 4.2
      vertex 4.65 -1.6 7.2
      vertex -8 -1.6 4.2
    endloop
  endfacet
  facet normal 0 -1 0
    outer loop
      vertex 4.65 -1.6 7.2
      vertex 8 -1.6 4.2
      vertex 8 -1.6 7.20001
    endloop
  endfacet
  facet normal 0 -1 0
    outer loop
      vertex 11.1 -1.6 1
      vertex 8 -1.6 4.2
      vertex 7.25 -1.6 3.25
    endloop
  endfacet
  facet normal 0 -1 0
    outer loop
      vertex 11.1 -1.6 1
      vertex 7.25 -1.6 3.25
      vertex 5.86963 -1.6 1
    endloop
  endfacet
  facet normal 0 -1 0
    outer loop
      vertex 8 -1.6 4.2
      vertex 11.1 -1.6 1
      vertex 11.1 -1.6 4.2
    endloop
  endfacet
  facet normal -0.0654027 -0.997859 0
    outer loop
      vertex -11.6221 -1.56578 1
      vertex -11.1 -1.6 4.2
      vertex -11.6221 -1.56578 4.2
    endloop
  endfacet
  facet normal -0.0654027 -0.997859 -0
    outer loop
      vertex -11.1 -1.6 4.2
      vertex -11.6221 -1.56578 1
      vertex -11.1 -1.6 1
    endloop
  endfacet
  facet normal -0.707107 0 -0.707107
    outer loop
      vertex -14.1 2.4 0
      vertex -15.1 72.2 1
      vertex -14.1 72.2 0
    endloop
  endfacet
  facet normal -0.707107 -0 -0.707107
    outer loop
      vertex -15.1 72.2 1
      vertex -14.1 2.4 0
      vertex -15.1 2.4 1
    endloop
  endfacet
  facet normal -0.313066 -0.634872 -0.706348
    outer loop
      vertex -12.6307 -1.29552 1
      vertex -13.1 -1.0641 1
      vertex -12.6 -0.198075 0
    endloop
  endfacet
  facet normal 0.227554 -0.670295 -0.706345
    outer loop
      vertex 12.1353 -1.4637 1
      vertex 11.8765 -0.497776 0
      vertex 12.6307 -1.29552 1
    endloop
  endfacet
  facet normal 0.659329 -0.751855 0
    outer loop
      vertex 13.535 -0.773413 1
      vertex 13.9284 -0.428426 4.2
      vertex 13.535 -0.773413 4.2
    endloop
  endfacet
  facet normal 0.659329 -0.751855 0
    outer loop
      vertex 13.9284 -0.428426 4.2
      vertex 13.535 -0.773413 1
      vertex 13.9284 -0.428426 1
    endloop
  endfacet
  facet normal 0.694263 0.137987 -0.70637
    outer loop
      vertex 14.0743 72.5916 0
      vertex 13.9978 72.9765 0
      vertex 15.0658 72.7221 1
    endloop
  endfacet
  facet normal 0.6349 -0.312985 -0.706358
    outer loop
      vertex 14.7955 0.869267 1
      vertex 13.6981 0.9 0
      vertex 13.8716 1.25195 0
    endloop
  endfacet
  facet normal -0.442238 0.896898 0
    outer loop
      vertex -12.6307 75.8955 1
      vertex -13.1 75.6641 4.2
      vertex -12.6307 75.8955 4.2
    endloop
  endfacet
  facet normal -0.442238 0.896898 0
    outer loop
      vertex -13.1 75.6641 4.2
      vertex -12.6307 75.8955 1
      vertex -13.1 75.6641 1
    endloop
  endfacet
  facet normal -0.137987 0.694263 -0.70637
    outer loop
      vertex -11.4916 75.1743 0
      vertex -11.8765 75.0978 0
      vertex -11.6221 76.1658 1
    endloop
  endfacet
  facet normal 0.321464 -0.946922 0
    outer loop
      vertex 12.1353 -1.4637 1
      vertex 12.6307 -1.29552 4.2
      vertex 12.1353 -1.4637 4.2
    endloop
  endfacet
  facet normal 0.321464 -0.946922 0
    outer loop
      vertex 12.6307 -1.29552 4.2
      vertex 12.1353 -1.4637 1
      vertex 12.6307 -1.29552 1
    endloop
  endfacet
  facet normal 0.670265 0.22763 -0.706349
    outer loop
      vertex 13.9978 72.9765 0
      vertex 13.8716 73.3481 0
      vertex 14.7955 73.7307 1
    endloop
  endfacet
  facet normal 0.706349 0.0462692 -0.706349
    outer loop
      vertex 15.1 72.2 1
      vertex 14.1 72.2 0
      vertex 15.0658 72.7221 1
    endloop
  endfacet
  facet normal 0.694267 0.138123 -0.706339
    outer loop
      vertex 15.0658 72.7221 1
      vertex 13.9978 72.9765 0
      vertex 14.9637 73.2353 1
    endloop
  endfacet
  facet normal 0.670254 -0.227633 -0.706359
    outer loop
      vertex 14.7955 0.869267 1
      vertex 13.8716 1.25195 0
      vertex 13.9978 1.62354 0
    endloop
  endfacet
  facet normal -0.313042 -0.634878 -0.706354
    outer loop
      vertex -12.248 -0.371637 0
      vertex -12.6307 -1.29552 1
      vertex -12.6 -0.198075 0
    endloop
  endfacet
  facet normal -0.227554 -0.670295 -0.706345
    outer loop
      vertex -12.1353 -1.4637 1
      vertex -12.6307 -1.29552 1
      vertex -11.8765 -0.497776 0
    endloop
  endfacet
  facet normal -1 0 0
    outer loop
      vertex -15.1 2.4 1
      vertex -15.1 72.2 4.2
      vertex -15.1 72.2 1
    endloop
  endfacet
  facet normal -1 -0 0
    outer loop
      vertex -15.1 72.2 4.2
      vertex -15.1 2.4 1
      vertex -15.1 2.4 4.2
    endloop
  endfacet
  facet normal 0.831459 -0.555587 -6.31247e-18
    outer loop
      vertex 14.2734 -0.0350447 4.2
      vertex 14.5641 0.4 1
      vertex 14.5641 0.4 4.2
    endloop
  endfacet
  facet normal 0.831459 -0.555587 -6.31247e-18
    outer loop
      vertex 14.5641 0.4 1
      vertex 14.2734 -0.0350447 4.2
      vertex 14.2734 -0.0350447 1
    endloop
  endfacet
  facet normal 0.588549 0.393313 -0.70634
    outer loop
      vertex 14.5641 74.2 1
      vertex 13.6981 73.7 0
      vertex 14.2734 74.635 1
    endloop
  endfacet
  facet normal -0.393313 0.588549 -0.70634
    outer loop
      vertex -12.6 74.7981 0
      vertex -13.535 75.3734 1
      vertex -13.1 75.6641 1
    endloop
  endfacet
  facet normal -0.0462951 -0.706349 -0.706349
    outer loop
      vertex -11.1 -0.599999 0
      vertex -11.6221 -1.56578 1
      vertex -11.4916 -0.574333 0
    endloop
  endfacet
  facet normal 0.138123 0.694267 -0.706339
    outer loop
      vertex 11.8765 75.0978 0
      vertex 11.6221 76.1658 1
      vertex 12.1353 76.0637 1
    endloop
  endfacet
  facet normal 0.137987 0.694263 -0.70637
    outer loop
      vertex 11.8765 75.0978 0
      vertex 11.4916 75.1743 0
      vertex 11.6221 76.1658 1
    endloop
  endfacet
  facet normal -0.634881 -0.313066 -0.70634
    outer loop
      vertex -14.5641 0.4 1
      vertex -14.7955 0.869267 1
      vertex -13.6981 0.9 0
    endloop
  endfacet
  facet normal 0.313066 -0.634872 -0.706348
    outer loop
      vertex 12.6307 -1.29552 1
      vertex 12.6 -0.198075 0
      vertex 13.1 -1.0641 1
    endloop
  endfacet
  facet normal -0.227581 0.670295 -0.706336
    outer loop
      vertex -11.8765 75.0978 0
      vertex -12.6307 75.8955 1
      vertex -12.1353 76.0637 1
    endloop
  endfacet
  facet normal -0.694267 0.138123 -0.706339
    outer loop
      vertex -13.9978 72.9765 0
      vertex -15.0658 72.7221 1
      vertex -14.9637 73.2353 1
    endloop
  endfacet
  facet normal -0.321498 0.94691 0
    outer loop
      vertex -12.1353 76.0637 1
      vertex -12.6307 75.8955 4.2
      vertex -12.1353 76.0637 4.2
    endloop
  endfacet
  facet normal -0.321498 0.94691 0
    outer loop
      vertex -12.6307 75.8955 4.2
      vertex -12.1353 76.0637 1
      vertex -12.6307 75.8955 1
    endloop
  endfacet
  facet normal -0.0463548 0.706324 -0.706369
    outer loop
      vertex -11.4916 75.1743 0
      vertex -11.6221 76.1658 1
      vertex -11.1 75.2 0
    endloop
  endfacet
  facet normal 0.393313 0.588549 -0.70634
    outer loop
      vertex 13.535 75.3734 1
      vertex 12.6 74.7981 0
      vertex 13.1 75.6641 1
    endloop
  endfacet
  facet normal -0.588614 0.393251 -0.706319
    outer loop
      vertex -13.6981 73.7 0
      vertex -14.2734 74.635 1
      vertex -13.4801 74.0263 0
    endloop
  endfacet
  facet normal -0.588549 0.393313 -0.70634
    outer loop
      vertex -13.6981 73.7 0
      vertex -14.5641 74.2 1
      vertex -14.2734 74.635 1
    endloop
  endfacet
  facet normal 0.0462962 -0.706348 -0.706349
    outer loop
      vertex 11.6221 -1.56578 1
      vertex 11.1 -1.6 1
      vertex 11.1 -0.599999 0
    endloop
  endfacet
  facet normal -0.659329 -0.751855 0
    outer loop
      vertex -13.9284 -0.428426 1
      vertex -13.535 -0.773413 4.2
      vertex -13.9284 -0.428426 4.2
    endloop
  endfacet
  facet normal -0.659329 -0.751855 -0
    outer loop
      vertex -13.535 -0.773413 4.2
      vertex -13.9284 -0.428426 1
      vertex -13.535 -0.773413 1
    endloop
  endfacet
  facet normal 0.997861 -0.0653646 6.64858e-19
    outer loop
      vertex 15.0658 1.8779 4.2
      vertex 15.1 2.4 1
      vertex 15.1 2.4 4.2
    endloop
  endfacet
  facet normal 0.997861 -0.0653646 6.64858e-19
    outer loop
      vertex 15.1 2.4 1
      vertex 15.0658 1.8779 4.2
      vertex 15.0658 1.8779 1
    endloop
  endfacet
  facet normal 0.694265 -0.138128 -0.706341
    outer loop
      vertex 14.9637 1.36472 1
      vertex 13.9978 1.62354 0
      vertex 15.0658 1.8779 1
    endloop
  endfacet
  facet normal 0.0462692 0.706349 -0.706349
    outer loop
      vertex 11.1 75.2 0
      vertex 11.1 76.2 1
      vertex 11.6221 76.1658 1
    endloop
  endfacet
  facet normal 0.0653646 0.997861 -0
    outer loop
      vertex 11.6221 76.1658 1
      vertex 11.1 76.2 4.2
      vertex 11.6221 76.1658 4.2
    endloop
  endfacet
  facet normal 0.0653646 0.997861 0
    outer loop
      vertex 11.1 76.2 4.2
      vertex 11.6221 76.1658 1
      vertex 11.1 76.2 1
    endloop
  endfacet
  facet normal 0.442238 0.896898 -0
    outer loop
      vertex 13.1 75.6641 1
      vertex 12.6307 75.8955 4.2
      vertex 13.1 75.6641 4.2
    endloop
  endfacet
  facet normal 0.442238 0.896898 0
    outer loop
      vertex 12.6307 75.8955 4.2
      vertex 13.1 75.6641 1
      vertex 12.6307 75.8955 1
    endloop
  endfacet
  facet normal 0.555626 0.831432 -0
    outer loop
      vertex 13.535 75.3734 1
      vertex 13.1 75.6641 4.2
      vertex 13.535 75.3734 4.2
    endloop
  endfacet
  facet normal 0.555626 0.831432 0
    outer loop
      vertex 13.1 75.6641 4.2
      vertex 13.535 75.3734 1
      vertex 13.1 75.6641 1
    endloop
  endfacet
  facet normal 0.997861 0.0653646 4.35883e-19
    outer loop
      vertex 15.1 72.2 4.2
      vertex 15.0658 72.7221 1
      vertex 15.0658 72.7221 4.2
    endloop
  endfacet
  facet normal 0.997861 0.0653646 4.35883e-19
    outer loop
      vertex 15.0658 72.7221 1
      vertex 15.1 72.2 4.2
      vertex 15.1 72.2 1
    endloop
  endfacet
  facet normal 1 -0 0
    outer loop
      vertex 15.1 2.4 4.2
      vertex 15.1 72.2 1
      vertex 15.1 72.2 4.2
    endloop
  endfacet
  facet normal 1 0 0
    outer loop
      vertex 15.1 72.2 1
      vertex 15.1 2.4 4.2
      vertex 15.1 2.4 1
    endloop
  endfacet
  facet normal 0.466843 0.532143 -0.706316
    outer loop
      vertex 13.2213 74.3213 0
      vertex 12.9263 74.5801 0
      vertex 13.535 75.3734 1
    endloop
  endfacet
  facet normal 0.532205 0.466728 -0.706345
    outer loop
      vertex 14.2734 74.635 1
      vertex 13.2213 74.3213 0
      vertex 13.9284 75.0284 1
    endloop
  endfacet
  facet normal 0.831432 0.555626 3.08116e-18
    outer loop
      vertex 14.5641 74.2 4.2
      vertex 14.2734 74.635 1
      vertex 14.2734 74.635 4.2
    endloop
  endfacet
  facet normal 0.831432 0.555626 3.08116e-18
    outer loop
      vertex 14.2734 74.635 1
      vertex 14.5641 74.2 4.2
      vertex 14.5641 74.2 1
    endloop
  endfacet
  facet normal 0.670295 0.227581 -0.706336
    outer loop
      vertex 14.9637 73.2353 1
      vertex 13.9978 72.9765 0
      vertex 14.7955 73.7307 1
    endloop
  endfacet
  facet normal 0.6703 -0.227558 -0.706339
    outer loop
      vertex 14.7955 0.869267 1
      vertex 13.9978 1.62354 0
      vertex 14.9637 1.36472 1
    endloop
  endfacet
  facet normal -0.138123 0.694267 -0.706339
    outer loop
      vertex -11.8765 75.0978 0
      vertex -12.1353 76.0637 1
      vertex -11.6221 76.1658 1
    endloop
  endfacet
  facet normal 0.466728 0.532205 -0.706345
    outer loop
      vertex 13.9284 75.0284 1
      vertex 13.2213 74.3213 0
      vertex 13.535 75.3734 1
    endloop
  endfacet
  facet normal 0.532143 0.466843 -0.706316
    outer loop
      vertex 13.4801 74.0263 0
      vertex 13.2213 74.3213 0
      vertex 14.2734 74.635 1
    endloop
  endfacet
  facet normal 0.313048 0.63489 -0.706339
    outer loop
      vertex 13.1 75.6641 1
      vertex 12.6 74.7981 0
      vertex 12.6307 75.8955 1
    endloop
  endfacet
  facet normal -0.751842 0.659343 -6.89688e-18
    outer loop
      vertex -14.2734 74.635 1
      vertex -13.9284 75.0284 4.2
      vertex -13.9284 75.0284 1
    endloop
  endfacet
  facet normal -0.751842 0.659343 -6.89688e-18
    outer loop
      vertex -13.9284 75.0284 4.2
      vertex -14.2734 74.635 1
      vertex -14.2734 74.635 4.2
    endloop
  endfacet
  facet normal -0.6349 -0.312985 -0.706358
    outer loop
      vertex -13.6981 0.9 0
      vertex -14.7955 0.869267 1
      vertex -13.8716 1.25195 0
    endloop
  endfacet
  facet normal -0.0462962 -0.706348 -0.706349
    outer loop
      vertex -11.1 -1.6 1
      vertex -11.6221 -1.56578 1
      vertex -11.1 -0.599999 0
    endloop
  endfacet
  facet normal 0 -0.707106 -0.707107
    outer loop
      vertex -11.1 -0.599999 0
      vertex -5.86963 -1.6 1
      vertex -11.1 -1.6 1
    endloop
  endfacet
  facet normal 0 -0.707106 -0.707107
    outer loop
      vertex -5.86963 -1.6 1
      vertex -11.1 -0.599999 0
      vertex -5.25613 -0.599999 0
    endloop
  endfacet
  facet normal -0 -0.707106 -0.707107
    outer loop
      vertex 11.1 -0.599999 0
      vertex 5.86963 -1.6 1
      vertex 5.25613 -0.599999 0
    endloop
  endfacet
  facet normal 0 -0.707106 -0.707107
    outer loop
      vertex 5.86963 -1.6 1
      vertex 11.1 -0.599999 0
      vertex 11.1 -1.6 1
    endloop
  endfacet
  facet normal -0.393251 0.588614 -0.706319
    outer loop
      vertex -12.9263 74.5801 0
      vertex -13.535 75.3734 1
      vertex -12.6 74.7981 0
    endloop
  endfacet
  facet normal -0.980777 -0.195131 -1.16352e-18
    outer loop
      vertex -14.9637 1.36472 1
      vertex -15.0658 1.8779 4.2
      vertex -15.0658 1.8779 1
    endloop
  endfacet
  facet normal -0.980777 -0.195131 -1.16352e-18
    outer loop
      vertex -15.0658 1.8779 4.2
      vertex -14.9637 1.36472 1
      vertex -14.9637 1.36472 4.2
    endloop
  endfacet
  facet normal 0.393296 -0.58855 -0.706347
    outer loop
      vertex 13.1 -1.0641 1
      vertex 12.6 -0.198075 0
      vertex 13.535 -0.773413 1
    endloop
  endfacet
  facet normal -0.694263 0.137987 -0.70637
    outer loop
      vertex -14.0743 72.5916 0
      vertex -15.0658 72.7221 1
      vertex -13.9978 72.9765 0
    endloop
  endfacet
  facet normal -0.659343 0.751842 0
    outer loop
      vertex -13.535 75.3734 1
      vertex -13.9284 75.0284 4.2
      vertex -13.535 75.3734 4.2
    endloop
  endfacet
  facet normal -0.659343 0.751842 0
    outer loop
      vertex -13.9284 75.0284 4.2
      vertex -13.535 75.3734 1
      vertex -13.9284 75.0284 1
    endloop
  endfacet
  facet normal -0.0653646 0.997861 0
    outer loop
      vertex -11.1 76.2 1
      vertex -11.6221 76.1658 4.2
      vertex -11.1 76.2 4.2
    endloop
  endfacet
  facet normal -0.0653646 0.997861 0
    outer loop
      vertex -11.6221 76.1658 4.2
      vertex -11.1 76.2 1
      vertex -11.6221 76.1658 1
    endloop
  endfacet
  facet normal -0.466728 0.532205 -0.706345
    outer loop
      vertex -13.2213 74.3213 0
      vertex -13.9284 75.0284 1
      vertex -13.535 75.3734 1
    endloop
  endfacet
  facet normal -0.555626 0.831432 0
    outer loop
      vertex -13.1 75.6641 1
      vertex -13.535 75.3734 4.2
      vertex -13.1 75.6641 4.2
    endloop
  endfacet
  facet normal -0.555626 0.831432 0
    outer loop
      vertex -13.535 75.3734 4.2
      vertex -13.1 75.6641 1
      vertex -13.535 75.3734 1
    endloop
  endfacet
  facet normal 0.555609 -0.831444 0
    outer loop
      vertex 13.1 -1.0641 1
      vertex 13.535 -0.773413 4.2
      vertex 13.1 -1.0641 4.2
    endloop
  endfacet
  facet normal 0.555609 -0.831444 0
    outer loop
      vertex 13.535 -0.773413 4.2
      vertex 13.1 -1.0641 1
      vertex 13.535 -0.773413 1
    endloop
  endfacet
  facet normal 0.588566 -0.393284 -0.706341
    outer loop
      vertex 14.2734 -0.0350447 1
      vertex 13.6981 0.9 0
      vertex 14.5641 0.4 1
    endloop
  endfacet
  facet normal 0.195087 -0.980786 0
    outer loop
      vertex 11.6221 -1.56578 1
      vertex 12.1353 -1.4637 4.2
      vertex 11.6221 -1.56578 4.2
    endloop
  endfacet
  facet normal 0.195087 -0.980786 0
    outer loop
      vertex 12.1353 -1.4637 4.2
      vertex 11.6221 -1.56578 1
      vertex 12.1353 -1.4637 1
    endloop
  endfacet
  facet normal 0.0654027 -0.997859 0
    outer loop
      vertex 11.1 -1.6 1
      vertex 11.6221 -1.56578 4.2
      vertex 11.1 -1.6 4.2
    endloop
  endfacet
  facet normal 0.0654027 -0.997859 0
    outer loop
      vertex 11.6221 -1.56578 4.2
      vertex 11.1 -1.6 1
      vertex 11.6221 -1.56578 1
    endloop
  endfacet
  facet normal 0.751827 -0.659361 -4.74921e-18
    outer loop
      vertex 13.9284 -0.428426 4.2
      vertex 14.2734 -0.0350447 1
      vertex 14.2734 -0.0350447 4.2
    endloop
  endfacet
  facet normal 0.751827 -0.659361 -4.74921e-18
    outer loop
      vertex 14.2734 -0.0350447 1
      vertex 13.9284 -0.428426 4.2
      vertex 13.9284 -0.428426 1
    endloop
  endfacet
  facet normal 0.706349 -0.0462692 -0.706349
    outer loop
      vertex 15.0658 1.8779 1
      vertex 14.1 2.4 0
      vertex 15.1 2.4 1
    endloop
  endfacet
  facet normal 0.195124 0.980779 -0
    outer loop
      vertex 12.1353 76.0637 1
      vertex 11.6221 76.1658 4.2
      vertex 12.1353 76.0637 4.2
    endloop
  endfacet
  facet normal 0.195124 0.980779 0
    outer loop
      vertex 11.6221 76.1658 4.2
      vertex 12.1353 76.0637 1
      vertex 11.6221 76.1658 1
    endloop
  endfacet
  facet normal 0.321498 0.94691 -0
    outer loop
      vertex 12.6307 75.8955 1
      vertex 12.1353 76.0637 4.2
      vertex 12.6307 75.8955 4.2
    endloop
  endfacet
  facet normal 0.321498 0.94691 0
    outer loop
      vertex 12.1353 76.0637 4.2
      vertex 12.6307 75.8955 1
      vertex 12.1353 76.0637 1
    endloop
  endfacet
  facet normal -0.706323 -0.0463571 -0.70637
    outer loop
      vertex -14.0743 2.00842 0
      vertex -15.0658 1.8779 1
      vertex -14.1 2.4 0
    endloop
  endfacet
  facet normal 0.659343 0.751842 -0
    outer loop
      vertex 13.9284 75.0284 1
      vertex 13.535 75.3734 4.2
      vertex 13.9284 75.0284 4.2
    endloop
  endfacet
  facet normal 0.659343 0.751842 0
    outer loop
      vertex 13.535 75.3734 4.2
      vertex 13.9284 75.0284 1
      vertex 13.535 75.3734 1
    endloop
  endfacet
  facet normal 0.532159 -0.4668 -0.706332
    outer loop
      vertex 14.2734 -0.0350447 1
      vertex 13.2213 0.27868 0
      vertex 13.4801 0.573716 0
    endloop
  endfacet
  facet normal 0.532192 -0.466739 -0.706347
    outer loop
      vertex 13.9284 -0.428426 1
      vertex 13.2213 0.27868 0
      vertex 14.2734 -0.0350447 1
    endloop
  endfacet
  facet normal -0.532205 0.466728 -0.706345
    outer loop
      vertex -13.2213 74.3213 0
      vertex -14.2734 74.635 1
      vertex -13.9284 75.0284 1
    endloop
  endfacet
  facet normal 0.751842 0.659343 6.89688e-18
    outer loop
      vertex 14.2734 74.635 4.2
      vertex 13.9284 75.0284 1
      vertex 13.9284 75.0284 4.2
    endloop
  endfacet
  facet normal 0.751842 0.659343 6.89688e-18
    outer loop
      vertex 13.9284 75.0284 1
      vertex 14.2734 74.635 4.2
      vertex 14.2734 74.635 1
    endloop
  endfacet
  facet normal -0.321464 -0.946922 0
    outer loop
      vertex -12.6307 -1.29552 1
      vertex -12.1353 -1.4637 4.2
      vertex -12.6307 -1.29552 4.2
    endloop
  endfacet
  facet normal -0.321464 -0.946922 -0
    outer loop
      vertex -12.1353 -1.4637 4.2
      vertex -12.6307 -1.29552 1
      vertex -12.1353 -1.4637 1
    endloop
  endfacet
  facet normal 0.63489 0.313048 -0.706339
    outer loop
      vertex 14.7955 73.7307 1
      vertex 13.6981 73.7 0
      vertex 14.5641 74.2 1
    endloop
  endfacet
  facet normal -0.393261 -0.588587 -0.706336
    outer loop
      vertex -12.6 -0.198075 0
      vertex -13.535 -0.773413 1
      vertex -12.9263 0.0199404 0
    endloop
  endfacet
  facet normal -0.313048 0.63489 -0.706339
    outer loop
      vertex -12.6 74.7981 0
      vertex -13.1 75.6641 1
      vertex -12.6307 75.8955 1
    endloop
  endfacet
  facet normal -0.670265 0.22763 -0.706349
    outer loop
      vertex -13.9978 72.9765 0
      vertex -14.7955 73.7307 1
      vertex -13.8716 73.3481 0
    endloop
  endfacet
  facet normal -0.670295 0.227581 -0.706336
    outer loop
      vertex -13.9978 72.9765 0
      vertex -14.9637 73.2353 1
      vertex -14.7955 73.7307 1
    endloop
  endfacet
  facet normal -0.896886 -0.442263 3.99614e-18
    outer loop
      vertex -14.5641 0.4 1
      vertex -14.7955 0.869267 4.2
      vertex -14.7955 0.869267 1
    endloop
  endfacet
  facet normal -0.896886 -0.442263 3.99614e-18
    outer loop
      vertex -14.7955 0.869267 4.2
      vertex -14.5641 0.4 1
      vertex -14.5641 0.4 4.2
    endloop
  endfacet
  facet normal -0.980779 0.195124 6.93664e-19
    outer loop
      vertex -15.0658 72.7221 1
      vertex -14.9637 73.2353 4.2
      vertex -14.9637 73.2353 1
    endloop
  endfacet
  facet normal -0.980779 0.195124 6.93664e-19
    outer loop
      vertex -14.9637 73.2353 4.2
      vertex -15.0658 72.7221 1
      vertex -15.0658 72.7221 4.2
    endloop
  endfacet
  facet normal -0.195124 0.980779 0
    outer loop
      vertex -11.6221 76.1658 1
      vertex -12.1353 76.0637 4.2
      vertex -11.6221 76.1658 4.2
    endloop
  endfacet
  facet normal -0.195124 0.980779 0
    outer loop
      vertex -12.1353 76.0637 4.2
      vertex -11.6221 76.1658 1
      vertex -12.1353 76.0637 1
    endloop
  endfacet
  facet normal 0.0463548 0.706324 -0.706369
    outer loop
      vertex 11.4916 75.1743 0
      vertex 11.1 75.2 0
      vertex 11.6221 76.1658 1
    endloop
  endfacet
  facet normal 0.442268 -0.896883 0
    outer loop
      vertex 12.6307 -1.29552 1
      vertex 13.1 -1.0641 4.2
      vertex 12.6307 -1.29552 4.2
    endloop
  endfacet
  facet normal 0.442268 -0.896883 0
    outer loop
      vertex 13.1 -1.0641 4.2
      vertex 12.6307 -1.29552 1
      vertex 13.1 -1.0641 1
    endloop
  endfacet
  facet normal 0.466717 -0.532213 -0.706346
    outer loop
      vertex 13.535 -0.773413 1
      vertex 13.2213 0.27868 0
      vertex 13.9284 -0.428426 1
    endloop
  endfacet
  facet normal 0.13809 -0.694265 -0.706348
    outer loop
      vertex 11.6221 -1.56578 1
      vertex 11.4916 -0.574333 0
      vertex 11.8765 -0.497776 0
    endloop
  endfacet
  facet normal 0.0462951 -0.706349 -0.706349
    outer loop
      vertex 11.6221 -1.56578 1
      vertex 11.1 -0.599999 0
      vertex 11.4916 -0.574333 0
    endloop
  endfacet
  facet normal -0.831459 -0.555587 6.31247e-18
    outer loop
      vertex -14.2734 -0.0350447 1
      vertex -14.5641 0.4 4.2
      vertex -14.5641 0.4 1
    endloop
  endfacet
  facet normal -0.831459 -0.555587 6.31247e-18
    outer loop
      vertex -14.5641 0.4 4.2
      vertex -14.2734 -0.0350447 1
      vertex -14.2734 -0.0350447 4.2
    endloop
  endfacet
  facet normal 0.980777 -0.195131 1.16352e-18
    outer loop
      vertex 14.9637 1.36472 4.2
      vertex 15.0658 1.8779 1
      vertex 15.0658 1.8779 4.2
    endloop
  endfacet
  facet normal 0.980777 -0.195131 1.16352e-18
    outer loop
      vertex 15.0658 1.8779 1
      vertex 14.9637 1.36472 4.2
      vertex 14.9637 1.36472 1
    endloop
  endfacet
  facet normal 0.946921 -0.321468 2.90134e-18
    outer loop
      vertex 14.7955 0.869267 4.2
      vertex 14.9637 1.36472 1
      vertex 14.9637 1.36472 4.2
    endloop
  endfacet
  facet normal 0.946921 -0.321468 2.90134e-18
    outer loop
      vertex 14.9637 1.36472 1
      vertex 14.7955 0.869267 4.2
      vertex 14.7955 0.869267 1
    endloop
  endfacet
  facet normal 0.980779 0.195124 -6.93664e-19
    outer loop
      vertex 15.0658 72.7221 4.2
      vertex 14.9637 73.2353 1
      vertex 14.9637 73.2353 4.2
    endloop
  endfacet
  facet normal 0.980779 0.195124 -6.93664e-19
    outer loop
      vertex 14.9637 73.2353 1
      vertex 15.0658 72.7221 4.2
      vertex 15.0658 72.7221 1
    endloop
  endfacet
  facet normal -0.46677 -0.532184 -0.706333
    outer loop
      vertex -12.9263 0.0199404 0
      vertex -13.535 -0.773413 1
      vertex -13.2213 0.27868 0
    endloop
  endfacet
  facet normal -0.312948 0.634914 -0.706362
    outer loop
      vertex -12.6 74.7981 0
      vertex -12.6307 75.8955 1
      vertex -12.248 74.9716 0
    endloop
  endfacet
  facet normal 0.393261 -0.588587 -0.706336
    outer loop
      vertex 13.535 -0.773413 1
      vertex 12.6 -0.198075 0
      vertex 12.9263 0.0199404 0
    endloop
  endfacet
  facet normal 0.588595 -0.393258 -0.706332
    outer loop
      vertex 14.2734 -0.0350447 1
      vertex 13.4801 0.573716 0
      vertex 13.6981 0.9 0
    endloop
  endfacet
  facet normal -0.195087 -0.980786 0
    outer loop
      vertex -12.1353 -1.4637 1
      vertex -11.6221 -1.56578 4.2
      vertex -12.1353 -1.4637 4.2
    endloop
  endfacet
  facet normal -0.195087 -0.980786 -0
    outer loop
      vertex -11.6221 -1.56578 4.2
      vertex -12.1353 -1.4637 1
      vertex -11.6221 -1.56578 1
    endloop
  endfacet
  facet normal -0.466843 0.532143 -0.706316
    outer loop
      vertex -13.2213 74.3213 0
      vertex -13.535 75.3734 1
      vertex -12.9263 74.5801 0
    endloop
  endfacet
  facet normal -0.13809 -0.694265 -0.706348
    outer loop
      vertex -11.6221 -1.56578 1
      vertex -11.8765 -0.497776 0
      vertex -11.4916 -0.574333 0
    endloop
  endfacet
  facet normal -0.694261 -0.137994 -0.706371
    outer loop
      vertex -13.9978 1.62354 0
      vertex -15.0658 1.8779 1
      vertex -14.0743 2.00842 0
    endloop
  endfacet
  facet normal 0.588614 0.393251 -0.706319
    outer loop
      vertex 13.6981 73.7 0
      vertex 13.4801 74.0263 0
      vertex 14.2734 74.635 1
    endloop
  endfacet
  facet normal 0.227585 -0.670276 -0.706353
    outer loop
      vertex 12.6307 -1.29552 1
      vertex 11.8765 -0.497776 0
      vertex 12.248 -0.371637 0
    endloop
  endfacet
  facet normal -0.393296 -0.58855 -0.706347
    outer loop
      vertex -13.1 -1.0641 1
      vertex -13.535 -0.773413 1
      vertex -12.6 -0.198075 0
    endloop
  endfacet
  facet normal 0 0 -1
    outer loop
      vertex -7.37496 34.5694 0
      vertex -5.25613 62.6 0
      vertex -7.31882 34.2872 0
    endloop
  endfacet
  facet normal 0 0 -1
    outer loop
      vertex -5.25613 62.6 0
      vertex -7.31882 67.8128 0
      vertex -7.3 68.1 0
    endloop
  endfacet
  facet normal 0 0 -1
    outer loop
      vertex -7.46747 34.8419 0
      vertex -5.25613 62.6 0
      vertex -7.37496 34.5694 0
    endloop
  endfacet
  facet normal 0 0 -1
    outer loop
      vertex -5.25613 62.6 0
      vertex -7.37496 67.5306 0
      vertex -7.31882 67.8128 0
    endloop
  endfacet
  facet normal 0 0 -1
    outer loop
      vertex -7.59474 35.1 0
      vertex -5.25613 62.6 0
      vertex -7.46747 34.8419 0
    endloop
  endfacet
  facet normal 0 0 -1
    outer loop
      vertex -5.25613 62.6 0
      vertex -7.46747 67.2581 0
      vertex -7.37496 67.5306 0
    endloop
  endfacet
  facet normal 0 0 -1
    outer loop
      vertex -7.75462 35.3393 0
      vertex -5.25613 62.6 0
      vertex -7.59474 35.1 0
    endloop
  endfacet
  facet normal 0 0 -1
    outer loop
      vertex -5.25613 62.6 0
      vertex -7.59474 67 0
      vertex -7.46747 67.2581 0
    endloop
  endfacet
  facet normal 0 0 -1
    outer loop
      vertex -7.94437 35.5556 0
      vertex -5.25613 62.6 0
      vertex -7.75462 35.3393 0
    endloop
  endfacet
  facet normal 0 0 -1
    outer loop
      vertex -5.25613 62.6 0
      vertex -7.75462 66.7607 0
      vertex -7.59474 67 0
    endloop
  endfacet
  facet normal 0 0 -1
    outer loop
      vertex -8.16073 35.7454 0
      vertex -5.25613 62.6 0
      vertex -7.94437 35.5556 0
    endloop
  endfacet
  facet normal 0 0 -1
    outer loop
      vertex -5.25613 62.6 0
      vertex -7.94437 66.5444 0
      vertex -7.75462 66.7607 0
    endloop
  endfacet
  facet normal 0 0 -1
    outer loop
      vertex -8.4 35.9053 0
      vertex -5.25613 62.6 0
      vertex -8.16073 35.7454 0
    endloop
  endfacet
  facet normal 0 0 -1
    outer loop
      vertex -5.25613 62.6 0
      vertex -8.16073 66.3546 0
      vertex -7.94437 66.5444 0
    endloop
  endfacet
  facet normal 0 0 -1
    outer loop
      vertex -8.6581 36.0325 0
      vertex -5.25613 62.6 0
      vertex -8.4 35.9053 0
    endloop
  endfacet
  facet normal 0 0 -1
    outer loop
      vertex -5.25613 62.6 0
      vertex -8.4 66.1947 0
      vertex -8.16073 66.3546 0
    endloop
  endfacet
  facet normal 0 0 -1
    outer loop
      vertex -8.9306 36.125 0
      vertex -5.25613 62.6 0
      vertex -8.6581 36.0325 0
    endloop
  endfacet
  facet normal 0 0 -1
    outer loop
      vertex -5.25613 62.6 0
      vertex -8.6581 66.0675 0
      vertex -8.4 66.1947 0
    endloop
  endfacet
  facet normal 0 0 -1
    outer loop
      vertex -9.21284 36.1812 0
      vertex -5.25613 62.6 0
      vertex -8.9306 36.125 0
    endloop
  endfacet
  facet normal 0 0 -1
    outer loop
      vertex -5.25613 62.6 0
      vertex -8.9306 65.975 0
      vertex -8.6581 66.0675 0
    endloop
  endfacet
  facet normal 0 0 -1
    outer loop
      vertex -9.5 36.2 0
      vertex -5.25613 62.6 0
      vertex -9.21284 36.1812 0
    endloop
  endfacet
  facet normal 0 0 -1
    outer loop
      vertex -5.25613 62.6 0
      vertex -9.21284 65.9188 0
      vertex -8.9306 65.975 0
    endloop
  endfacet
  facet normal 0 0 -1
    outer loop
      vertex -9.78716 36.1812 0
      vertex -5.25613 62.6 0
      vertex -9.5 36.2 0
    endloop
  endfacet
  facet normal 0 0 -1
    outer loop
      vertex -5.25613 62.6 0
      vertex -9.5 65.9 0
      vertex -9.21284 65.9188 0
    endloop
  endfacet
  facet normal 0 0 -1
    outer loop
      vertex -10.0694 36.125 0
      vertex -5.25613 62.6 0
      vertex -9.78716 36.1812 0
    endloop
  endfacet
  facet normal 0 0 -1
    outer loop
      vertex -5.25613 62.6 0
      vertex -9.78716 65.9188 0
      vertex -9.5 65.9 0
    endloop
  endfacet
  facet normal 0 0 -1
    outer loop
      vertex -10.3419 36.0325 0
      vertex -5.25613 62.6 0
      vertex -10.0694 36.125 0
    endloop
  endfacet
  facet normal 0 0 -1
    outer loop
      vertex -5.25613 62.6 0
      vertex -10.0694 65.975 0
      vertex -9.78716 65.9188 0
    endloop
  endfacet
  facet normal 0 0 -1
    outer loop
      vertex -10.3419 66.0675 0
      vertex -5.25613 62.6 0
      vertex -10.3419 36.0325 0
    endloop
  endfacet
  facet normal 0 0 -1
    outer loop
      vertex -5.25613 62.6 0
      vertex -10.3419 66.0675 0
      vertex -10.0694 65.975 0
    endloop
  endfacet
  facet normal 0 0 -1
    outer loop
      vertex -10.6 35.9053 0
      vertex -10.3419 66.0675 0
      vertex -10.3419 36.0325 0
    endloop
  endfacet
  facet normal 0 0 -1
    outer loop
      vertex -10.6 35.9053 0
      vertex -10.6 66.1947 0
      vertex -10.3419 66.0675 0
    endloop
  endfacet
  facet normal 0 0 -1
    outer loop
      vertex -10.8393 35.7454 0
      vertex -10.6 66.1947 0
      vertex -10.6 35.9053 0
    endloop
  endfacet
  facet normal 0 0 -1
    outer loop
      vertex -10.8393 35.7454 0
      vertex -10.8393 66.3546 0
      vertex -10.6 66.1947 0
    endloop
  endfacet
  facet normal 0 0 -1
    outer loop
      vertex -11.0556 35.5556 0
      vertex -10.8393 66.3546 0
      vertex -10.8393 35.7454 0
    endloop
  endfacet
  facet normal 0 0 -1
    outer loop
      vertex -11.0556 35.5556 0
      vertex -11.0556 66.5444 0
      vertex -10.8393 66.3546 0
    endloop
  endfacet
  facet normal 0 0 -1
    outer loop
      vertex -11.2454 35.3393 0
      vertex -11.0556 66.5444 0
      vertex -11.0556 35.5556 0
    endloop
  endfacet
  facet normal 0 0 -1
    outer loop
      vertex -11.2454 35.3393 0
      vertex -11.2454 66.7607 0
      vertex -11.0556 66.5444 0
    endloop
  endfacet
  facet normal 0 0 -1
    outer loop
      vertex -11.4053 35.1 0
      vertex -11.2454 66.7607 0
      vertex -11.2454 35.3393 0
    endloop
  endfacet
  facet normal 0 0 -1
    outer loop
      vertex -11.4053 35.1 0
      vertex -11.4053 67 0
      vertex -11.2454 66.7607 0
    endloop
  endfacet
  facet normal 0 0 -1
    outer loop
      vertex -11.5325 34.8419 0
      vertex -11.4053 67 0
      vertex -11.4053 35.1 0
    endloop
  endfacet
  facet normal 0 0 -1
    outer loop
      vertex -11.5325 34.8419 0
      vertex -11.5325 67.2581 0
      vertex -11.4053 67 0
    endloop
  endfacet
  facet normal 0 0 -1
    outer loop
      vertex -14.1 72.2 0
      vertex -11.5325 34.8419 0
      vertex -11.625 34.5694 0
    endloop
  endfacet
  facet normal 0 0 -1
    outer loop
      vertex -11.5325 34.8419 0
      vertex -14.1 72.2 0
      vertex -11.5325 67.2581 0
    endloop
  endfacet
  facet normal 0 0 -1
    outer loop
      vertex -14.1 72.2 0
      vertex -11.625 34.5694 0
      vertex -11.6812 34.2872 0
    endloop
  endfacet
  facet normal 0 0 -1
    outer loop
      vertex -11.5325 67.2581 0
      vertex -14.1 72.2 0
      vertex -11.625 67.5306 0
    endloop
  endfacet
  facet normal 0 0 -1
    outer loop
      vertex -14.1 72.2 0
      vertex -11.6812 34.2872 0
      vertex -11.7 34 0
    endloop
  endfacet
  facet normal 0 0 -1
    outer loop
      vertex -11.625 67.5306 0
      vertex -14.1 72.2 0
      vertex -11.6812 67.8128 0
    endloop
  endfacet
  facet normal 0 0 -1
    outer loop
      vertex -5.25613 -0.599999 0
      vertex -7.3 34 0
      vertex -5.25613 62.6 0
    endloop
  endfacet
  facet normal 0 0 -1
    outer loop
      vertex -5.25613 -0.599999 0
      vertex -7.31882 33.7128 0
      vertex -7.3 34 0
    endloop
  endfacet
  facet normal 0 0 -1
    outer loop
      vertex -5.25613 -0.599999 0
      vertex -7.37496 33.4306 0
      vertex -7.31882 33.7128 0
    endloop
  endfacet
  facet normal 0 0 -1
    outer loop
      vertex -5.25613 -0.599999 0
      vertex -7.46747 33.1581 0
      vertex -7.37496 33.4306 0
    endloop
  endfacet
  facet normal 0 0 -1
    outer loop
      vertex -5.25613 -0.599999 0
      vertex -7.59474 32.9 0
      vertex -7.46747 33.1581 0
    endloop
  endfacet
  facet normal 0 0 -1
    outer loop
      vertex -5.25613 -0.599999 0
      vertex -7.75462 32.6607 0
      vertex -7.59474 32.9 0
    endloop
  endfacet
  facet normal 0 0 -1
    outer loop
      vertex -5.25613 -0.599999 0
      vertex -7.94437 32.4444 0
      vertex -7.75462 32.6607 0
    endloop
  endfacet
  facet normal 0 0 -1
    outer loop
      vertex -5.25613 -0.599999 0
      vertex -8.16073 32.2546 0
      vertex -7.94437 32.4444 0
    endloop
  endfacet
  facet normal 0 0 -1
    outer loop
      vertex -5.25613 -0.599999 0
      vertex -8.4 32.0947 0
      vertex -8.16073 32.2546 0
    endloop
  endfacet
  facet normal 0 0 -1
    outer loop
      vertex -5.25613 -0.599999 0
      vertex -8.6581 31.9675 0
      vertex -8.4 32.0947 0
    endloop
  endfacet
  facet normal 0 0 -1
    outer loop
      vertex -5.25613 -0.599999 0
      vertex -8.9306 31.875 0
      vertex -8.6581 31.9675 0
    endloop
  endfacet
  facet normal 0 0 -1
    outer loop
      vertex -14.1 2.4 0
      vertex -8.9306 31.875 0
      vertex -5.25613 -0.599999 0
    endloop
  endfacet
  facet normal 0 0 -1
    outer loop
      vertex -8.9306 31.875 0
      vertex -14.1 2.4 0
      vertex -9.21284 31.8188 0
    endloop
  endfacet
  facet normal 0 0 -1
    outer loop
      vertex -9.21284 31.8188 0
      vertex -14.1 2.4 0
      vertex -9.5 31.8 0
    endloop
  endfacet
  facet normal -0 0 -1
    outer loop
      vertex -9.5 31.8 0
      vertex -14.1 2.4 0
      vertex -9.78716 31.8188 0
    endloop
  endfacet
  facet normal -0 0 -1
    outer loop
      vertex -9.78716 31.8188 0
      vertex -14.1 2.4 0
      vertex -10.0694 31.875 0
    endloop
  endfacet
  facet normal -0 0 -1
    outer loop
      vertex -10.0694 31.875 0
      vertex -14.1 2.4 0
      vertex -10.3419 31.9675 0
    endloop
  endfacet
  facet normal -0 0 -1
    outer loop
      vertex -10.3419 31.9675 0
      vertex -14.1 2.4 0
      vertex -10.6 32.0947 0
    endloop
  endfacet
  facet normal -0 0 -1
    outer loop
      vertex -10.6 32.0947 0
      vertex -14.1 2.4 0
      vertex -10.8393 32.2546 0
    endloop
  endfacet
  facet normal 0 0 -1
    outer loop
      vertex -14.1 2.4 0
      vertex -5.25613 -0.599999 0
      vertex -11.1 -0.599999 0
    endloop
  endfacet
  facet normal -0 0 -1
    outer loop
      vertex -10.8393 32.2546 0
      vertex -14.1 2.4 0
      vertex -11.0556 32.4444 0
    endloop
  endfacet
  facet normal -0 0 -1
    outer loop
      vertex -11.0556 32.4444 0
      vertex -14.1 2.4 0
      vertex -11.2454 32.6607 0
    endloop
  endfacet
  facet normal 0 0 -1
    outer loop
      vertex -14.1 2.4 0
      vertex -11.1 -0.599999 0
      vertex -11.4916 -0.574333 0
    endloop
  endfacet
  facet normal -0 0 -1
    outer loop
      vertex -11.2454 32.6607 0
      vertex -14.1 2.4 0
      vertex -11.4053 32.9 0
    endloop
  endfacet
  facet normal -0 0 -1
    outer loop
      vertex -11.4053 32.9 0
      vertex -14.1 2.4 0
      vertex -11.5325 33.1581 0
    endloop
  endfacet
  facet normal -0 0 -1
    outer loop
      vertex -11.5325 33.1581 0
      vertex -14.1 2.4 0
      vertex -11.625 33.4306 0
    endloop
  endfacet
  facet normal -0 0 -1
    outer loop
      vertex -11.625 33.4306 0
      vertex -14.1 2.4 0
      vertex -11.6812 33.7128 0
    endloop
  endfacet
  facet normal -0 0 -1
    outer loop
      vertex -11.6812 33.7128 0
      vertex -14.1 2.4 0
      vertex -11.7 34 0
    endloop
  endfacet
  facet normal 0 0 -1
    outer loop
      vertex -14.1 2.4 0
      vertex -11.4916 -0.574333 0
      vertex -11.8765 -0.497776 0
    endloop
  endfacet
  facet normal 0 0 -1
    outer loop
      vertex 11.1 -0.599999 0
      vertex 14.1 2.4 0
      vertex 14.0743 2.00842 0
    endloop
  endfacet
  facet normal 0 0 -1
    outer loop
      vertex 14.1 2.4 0
      vertex 5.25613 62.6 0
      vertex 14.1 72.2 0
    endloop
  endfacet
  facet normal 0 0 -1
    outer loop
      vertex 11.1 -0.599999 0
      vertex 14.0743 2.00842 0
      vertex 13.9978 1.62354 0
    endloop
  endfacet
  facet normal 0 -0 -1
    outer loop
      vertex 11.1 75.2 0
      vertex 14.1 72.2 0
      vertex 5.25613 62.6 0
    endloop
  endfacet
  facet normal 0 0 -1
    outer loop
      vertex 11.1 -0.599999 0
      vertex 13.9978 1.62354 0
      vertex 13.8716 1.25195 0
    endloop
  endfacet
  facet normal 0 0 -1
    outer loop
      vertex 14.1 72.2 0
      vertex 11.1 75.2 0
      vertex 14.0743 72.5916 0
    endloop
  endfacet
  facet normal 0 0 -1
    outer loop
      vertex 11.1 -0.599999 0
      vertex 13.8716 1.25195 0
      vertex 13.6981 0.9 0
    endloop
  endfacet
  facet normal 0 0 -1
    outer loop
      vertex 14.0743 72.5916 0
      vertex 11.1 75.2 0
      vertex 13.9978 72.9765 0
    endloop
  endfacet
  facet normal 0 0 -1
    outer loop
      vertex 11.1 -0.599999 0
      vertex 13.6981 0.9 0
      vertex 13.4801 0.573716 0
    endloop
  endfacet
  facet normal 0 0 -1
    outer loop
      vertex 13.9978 72.9765 0
      vertex 11.1 75.2 0
      vertex 13.8716 73.3481 0
    endloop
  endfacet
  facet normal 0 0 -1
    outer loop
      vertex 11.1 -0.599999 0
      vertex 13.4801 0.573716 0
      vertex 13.2213 0.27868 0
    endloop
  endfacet
  facet normal 0 0 -1
    outer loop
      vertex 13.8716 73.3481 0
      vertex 11.1 75.2 0
      vertex 13.6981 73.7 0
    endloop
  endfacet
  facet normal 0 0 -1
    outer loop
      vertex 11.1 -0.599999 0
      vertex 13.2213 0.27868 0
      vertex 12.9263 0.0199404 0
    endloop
  endfacet
  facet normal 0 0 -1
    outer loop
      vertex 13.6981 73.7 0
      vertex 11.1 75.2 0
      vertex 13.4801 74.0263 0
    endloop
  endfacet
  facet normal 0 0 -1
    outer loop
      vertex 11.1 -0.599999 0
      vertex 12.9263 0.0199404 0
      vertex 12.6 -0.198075 0
    endloop
  endfacet
  facet normal 0 0 -1
    outer loop
      vertex 13.4801 74.0263 0
      vertex 11.1 75.2 0
      vertex 13.2213 74.3213 0
    endloop
  endfacet
  facet normal 0 0 -1
    outer loop
      vertex 11.1 -0.599999 0
      vertex 12.6 -0.198075 0
      vertex 12.248 -0.371637 0
    endloop
  endfacet
  facet normal 0 0 -1
    outer loop
      vertex 13.2213 74.3213 0
      vertex 11.1 75.2 0
      vertex 12.9263 74.5801 0
    endloop
  endfacet
  facet normal 0 0 -1
    outer loop
      vertex 11.1 -0.599999 0
      vertex 12.248 -0.371637 0
      vertex 11.8765 -0.497776 0
    endloop
  endfacet
  facet normal 0 0 -1
    outer loop
      vertex 12.9263 74.5801 0
      vertex 11.1 75.2 0
      vertex 12.6 74.7981 0
    endloop
  endfacet
  facet normal 0 0 -1
    outer loop
      vertex 11.1 -0.599999 0
      vertex 11.8765 -0.497776 0
      vertex 11.4916 -0.574333 0
    endloop
  endfacet
  facet normal 0 0 -1
    outer loop
      vertex 12.6 74.7981 0
      vertex 11.1 75.2 0
      vertex 12.248 74.9716 0
    endloop
  endfacet
  facet normal 0 0 -1
    outer loop
      vertex 14.1 2.4 0
      vertex 11.1 -0.599999 0
      vertex 5.25613 -0.599999 0
    endloop
  endfacet
  facet normal 0 0 -1
    outer loop
      vertex 12.248 74.9716 0
      vertex 11.1 75.2 0
      vertex 11.8765 75.0978 0
    endloop
  endfacet
  facet normal -0 0 -1
    outer loop
      vertex 14.1 2.4 0
      vertex 5.25613 -0.599999 0
      vertex 5.25613 62.6 0
    endloop
  endfacet
  facet normal 0 0 -1
    outer loop
      vertex 11.8765 75.0978 0
      vertex 11.1 75.2 0
      vertex 11.4916 75.1743 0
    endloop
  endfacet
  facet normal 0 0 -1
    outer loop
      vertex -7.3 68.1 0
      vertex 5.25613 62.6 0
      vertex -5.25613 62.6 0
    endloop
  endfacet
  facet normal 0 0 -1
    outer loop
      vertex -7.31882 34.2872 0
      vertex -5.25613 62.6 0
      vertex -7.3 34 0
    endloop
  endfacet
  facet normal 0 0 -1
    outer loop
      vertex -7.31882 68.3872 0
      vertex 5.25613 62.6 0
      vertex -7.3 68.1 0
    endloop
  endfacet
  facet normal 0 0 -1
    outer loop
      vertex -7.37496 68.6694 0
      vertex 5.25613 62.6 0
      vertex -7.31882 68.3872 0
    endloop
  endfacet
  facet normal 0 0 -1
    outer loop
      vertex 5.25613 62.6 0
      vertex -7.37496 68.6694 0
      vertex 11.1 75.2 0
    endloop
  endfacet
  facet normal 0 0 -1
    outer loop
      vertex -7.46747 68.9419 0
      vertex 11.1 75.2 0
      vertex -7.37496 68.6694 0
    endloop
  endfacet
  facet normal 0 0 -1
    outer loop
      vertex -7.59474 69.2 0
      vertex 11.1 75.2 0
      vertex -7.46747 68.9419 0
    endloop
  endfacet
  facet normal 0 0 -1
    outer loop
      vertex -7.75462 69.4393 0
      vertex 11.1 75.2 0
      vertex -7.59474 69.2 0
    endloop
  endfacet
  facet normal 0 0 -1
    outer loop
      vertex -7.94437 69.6556 0
      vertex 11.1 75.2 0
      vertex -7.75462 69.4393 0
    endloop
  endfacet
  facet normal 0 0 -1
    outer loop
      vertex -11.1 75.2 0
      vertex -7.94437 69.6556 0
      vertex -8.16073 69.8454 0
    endloop
  endfacet
  facet normal 0 0 -1
    outer loop
      vertex -11.1 75.2 0
      vertex -8.16073 69.8454 0
      vertex -8.4 70.0053 0
    endloop
  endfacet
  facet normal 0 0 -1
    outer loop
      vertex -11.1 75.2 0
      vertex -8.4 70.0053 0
      vertex -8.6581 70.1325 0
    endloop
  endfacet
  facet normal 0 0 -1
    outer loop
      vertex -11.1 75.2 0
      vertex -8.6581 70.1325 0
      vertex -8.9306 70.225 0
    endloop
  endfacet
  facet normal 0 0 -1
    outer loop
      vertex -11.1 75.2 0
      vertex -8.9306 70.225 0
      vertex -9.21284 70.2812 0
    endloop
  endfacet
  facet normal 0 0 -1
    outer loop
      vertex -11.1 75.2 0
      vertex -9.21284 70.2812 0
      vertex -9.5 70.3 0
    endloop
  endfacet
  facet normal 0 0 -1
    outer loop
      vertex -11.1 75.2 0
      vertex -9.5 70.3 0
      vertex -9.78716 70.2812 0
    endloop
  endfacet
  facet normal 0 0 -1
    outer loop
      vertex -11.1 75.2 0
      vertex -9.78716 70.2812 0
      vertex -10.0694 70.225 0
    endloop
  endfacet
  facet normal 0 0 -1
    outer loop
      vertex -7.94437 69.6556 0
      vertex -11.1 75.2 0
      vertex 11.1 75.2 0
    endloop
  endfacet
  facet normal 0 0 -1
    outer loop
      vertex -10.3419 70.1325 0
      vertex -11.1 75.2 0
      vertex -10.0694 70.225 0
    endloop
  endfacet
  facet normal 0 0 -1
    outer loop
      vertex -13.9978 72.9765 0
      vertex -10.3419 70.1325 0
      vertex -10.6 70.0053 0
    endloop
  endfacet
  facet normal 0 0 -1
    outer loop
      vertex -14.1 72.2 0
      vertex -10.6 70.0053 0
      vertex -10.8393 69.8454 0
    endloop
  endfacet
  facet normal 0 0 -1
    outer loop
      vertex -14.1 72.2 0
      vertex -10.8393 69.8454 0
      vertex -11.0556 69.6556 0
    endloop
  endfacet
  facet normal 0 0 -1
    outer loop
      vertex -14.1 72.2 0
      vertex -11.0556 69.6556 0
      vertex -11.2454 69.4393 0
    endloop
  endfacet
  facet normal 0 0 -1
    outer loop
      vertex -14.1 72.2 0
      vertex -11.2454 69.4393 0
      vertex -11.4053 69.2 0
    endloop
  endfacet
  facet normal 0 0 -1
    outer loop
      vertex -10.3419 70.1325 0
      vertex -11.4916 75.1743 0
      vertex -11.1 75.2 0
    endloop
  endfacet
  facet normal 0 0 -1
    outer loop
      vertex -14.1 72.2 0
      vertex -11.4053 69.2 0
      vertex -11.5325 68.9419 0
    endloop
  endfacet
  facet normal 0 0 -1
    outer loop
      vertex -14.1 72.2 0
      vertex -11.5325 68.9419 0
      vertex -11.625 68.6694 0
    endloop
  endfacet
  facet normal 0 0 -1
    outer loop
      vertex -14.1 72.2 0
      vertex -11.625 68.6694 0
      vertex -11.6812 68.3872 0
    endloop
  endfacet
  facet normal 0 0 -1
    outer loop
      vertex -14.1 72.2 0
      vertex -11.6812 68.3872 0
      vertex -11.7 68.1 0
    endloop
  endfacet
  facet normal 0 0 -1
    outer loop
      vertex -10.6 70.0053 0
      vertex -14.1 72.2 0
      vertex -14.0743 72.5916 0
    endloop
  endfacet
  facet normal 0 0 -1
    outer loop
      vertex -14.1 72.2 0
      vertex -11.7 34 0
      vertex -14.1 2.4 0
    endloop
  endfacet
  facet normal 0 0 -1
    outer loop
      vertex -14.1 2.4 0
      vertex -11.8765 -0.497776 0
      vertex -12.248 -0.371637 0
    endloop
  endfacet
  facet normal 0 0 -1
    outer loop
      vertex -11.6812 67.8128 0
      vertex -14.1 72.2 0
      vertex -11.7 68.1 0
    endloop
  endfacet
  facet normal 0 0 -1
    outer loop
      vertex -14.1 2.4 0
      vertex -12.248 -0.371637 0
      vertex -12.6 -0.198075 0
    endloop
  endfacet
  facet normal 0 0 -1
    outer loop
      vertex -10.3419 70.1325 0
      vertex -11.8765 75.0978 0
      vertex -11.4916 75.1743 0
    endloop
  endfacet
  facet normal 0 0 -1
    outer loop
      vertex -14.1 2.4 0
      vertex -12.6 -0.198075 0
      vertex -12.9263 0.0199404 0
    endloop
  endfacet
  facet normal 0 0 -1
    outer loop
      vertex -10.3419 70.1325 0
      vertex -12.248 74.9716 0
      vertex -11.8765 75.0978 0
    endloop
  endfacet
  facet normal 0 0 -1
    outer loop
      vertex -14.1 2.4 0
      vertex -12.9263 0.0199404 0
      vertex -13.2213 0.27868 0
    endloop
  endfacet
  facet normal 0 0 -1
    outer loop
      vertex -10.3419 70.1325 0
      vertex -12.6 74.7981 0
      vertex -12.248 74.9716 0
    endloop
  endfacet
  facet normal 0 0 -1
    outer loop
      vertex -14.1 2.4 0
      vertex -13.2213 0.27868 0
      vertex -13.4801 0.573716 0
    endloop
  endfacet
  facet normal 0 0 -1
    outer loop
      vertex -10.3419 70.1325 0
      vertex -12.9263 74.5801 0
      vertex -12.6 74.7981 0
    endloop
  endfacet
  facet normal 0 0 -1
    outer loop
      vertex -14.1 2.4 0
      vertex -13.4801 0.573716 0
      vertex -13.6981 0.9 0
    endloop
  endfacet
  facet normal 0 0 -1
    outer loop
      vertex -10.3419 70.1325 0
      vertex -13.2213 74.3213 0
      vertex -12.9263 74.5801 0
    endloop
  endfacet
  facet normal 0 0 -1
    outer loop
      vertex -14.1 2.4 0
      vertex -13.6981 0.9 0
      vertex -13.8716 1.25195 0
    endloop
  endfacet
  facet normal 0 0 -1
    outer loop
      vertex -10.3419 70.1325 0
      vertex -13.4801 74.0263 0
      vertex -13.2213 74.3213 0
    endloop
  endfacet
  facet normal 0 0 -1
    outer loop
      vertex -14.1 2.4 0
      vertex -13.8716 1.25195 0
      vertex -13.9978 1.62354 0
    endloop
  endfacet
  facet normal 0 0 -1
    outer loop
      vertex -10.3419 70.1325 0
      vertex -13.6981 73.7 0
      vertex -13.4801 74.0263 0
    endloop
  endfacet
  facet normal 0 0 -1
    outer loop
      vertex -14.1 2.4 0
      vertex -13.9978 1.62354 0
      vertex -14.0743 2.00842 0
    endloop
  endfacet
  facet normal 0 0 -1
    outer loop
      vertex -10.3419 70.1325 0
      vertex -13.8716 73.3481 0
      vertex -13.6981 73.7 0
    endloop
  endfacet
  facet normal 0 0 -1
    outer loop
      vertex -10.3419 70.1325 0
      vertex -13.9978 72.9765 0
      vertex -13.8716 73.3481 0
    endloop
  endfacet
  facet normal 0 0 -1
    outer loop
      vertex -10.6 70.0053 0
      vertex -14.0743 72.5916 0
      vertex -13.9978 72.9765 0
    endloop
  endfacet
  facet normal -0.94691 0.321498 -3.20102e-18
    outer loop
      vertex -14.9637 73.2353 1
      vertex -14.7955 73.7307 4.2
      vertex -14.7955 73.7307 1
    endloop
  endfacet
  facet normal -0.94691 0.321498 -3.20102e-18
    outer loop
      vertex -14.7955 73.7307 4.2
      vertex -14.9637 73.2353 1
      vertex -14.9637 73.2353 4.2
    endloop
  endfacet
  facet normal -0.896898 0.442238 -3.30548e-18
    outer loop
      vertex -14.7955 73.7307 1
      vertex -14.5641 74.2 4.2
      vertex -14.5641 74.2 1
    endloop
  endfacet
  facet normal -0.896898 0.442238 -3.30548e-18
    outer loop
      vertex -14.5641 74.2 4.2
      vertex -14.7955 73.7307 1
      vertex -14.7955 73.7307 4.2
    endloop
  endfacet
  facet normal -0.831432 0.555626 -3.08116e-18
    outer loop
      vertex -14.5641 74.2 1
      vertex -14.2734 74.635 4.2
      vertex -14.2734 74.635 1
    endloop
  endfacet
  facet normal -0.831432 0.555626 -3.08116e-18
    outer loop
      vertex -14.2734 74.635 4.2
      vertex -14.5641 74.2 1
      vertex -14.5641 74.2 4.2
    endloop
  endfacet
  facet normal -0.706349 0.0462692 -0.706349
    outer loop
      vertex -14.1 72.2 0
      vertex -15.1 72.2 1
      vertex -15.0658 72.7221 1
    endloop
  endfacet
  facet normal -0.997861 0.0653646 -4.35883e-19
    outer loop
      vertex -15.1 72.2 1
      vertex -15.0658 72.7221 4.2
      vertex -15.0658 72.7221 1
    endloop
  endfacet
  facet normal -0.997861 0.0653646 -4.35883e-19
    outer loop
      vertex -15.0658 72.7221 4.2
      vertex -15.1 72.2 1
      vertex -15.1 72.2 4.2
    endloop
  endfacet
  facet normal 0.634881 -0.313066 -0.70634
    outer loop
      vertex 14.5641 0.4 1
      vertex 13.6981 0.9 0
      vertex 14.7955 0.869267 1
    endloop
  endfacet
  facet normal -0.227681 0.670234 -0.706363
    outer loop
      vertex -12.248 74.9716 0
      vertex -12.6307 75.8955 1
      vertex -11.8765 75.0978 0
    endloop
  endfacet
  facet normal 0.896886 -0.442263 -3.99614e-18
    outer loop
      vertex 14.5641 0.4 4.2
      vertex 14.7955 0.869267 1
      vertex 14.7955 0.869267 4.2
    endloop
  endfacet
  facet normal 0.896886 -0.442263 -3.99614e-18
    outer loop
      vertex 14.7955 0.869267 1
      vertex 14.5641 0.4 4.2
      vertex 14.5641 0.4 1
    endloop
  endfacet
  facet normal 0.896898 0.442238 3.30548e-18
    outer loop
      vertex 14.7955 73.7307 4.2
      vertex 14.5641 74.2 1
      vertex 14.5641 74.2 4.2
    endloop
  endfacet
  facet normal 0.896898 0.442238 3.30548e-18
    outer loop
      vertex 14.5641 74.2 1
      vertex 14.7955 73.7307 4.2
      vertex 14.7955 73.7307 1
    endloop
  endfacet
  facet normal -0.588566 -0.393284 -0.706341
    outer loop
      vertex -14.2734 -0.0350447 1
      vertex -14.5641 0.4 1
      vertex -13.6981 0.9 0
    endloop
  endfacet
  facet normal -0.706324 0.0463548 -0.706369
    outer loop
      vertex -14.1 72.2 0
      vertex -15.0658 72.7221 1
      vertex -14.0743 72.5916 0
    endloop
  endfacet
  facet normal -0.466717 -0.532213 -0.706346
    outer loop
      vertex -13.535 -0.773413 1
      vertex -13.9284 -0.428426 1
      vertex -13.2213 0.27868 0
    endloop
  endfacet
  facet normal -0.442268 -0.896883 0
    outer loop
      vertex -13.1 -1.0641 1
      vertex -12.6307 -1.29552 4.2
      vertex -13.1 -1.0641 4.2
    endloop
  endfacet
  facet normal -0.442268 -0.896883 -0
    outer loop
      vertex -12.6307 -1.29552 4.2
      vertex -13.1 -1.0641 1
      vertex -12.6307 -1.29552 1
    endloop
  endfacet
  facet normal -0.63489 0.313048 -0.706339
    outer loop
      vertex -13.6981 73.7 0
      vertex -14.7955 73.7307 1
      vertex -14.5641 74.2 1
    endloop
  endfacet
  facet normal -0.634895 0.313027 -0.706344
    outer loop
      vertex -13.8716 73.3481 0
      vertex -14.7955 73.7307 1
      vertex -13.6981 73.7 0
    endloop
  endfacet
  facet normal -0.227585 -0.670276 -0.706353
    outer loop
      vertex -11.8765 -0.497776 0
      vertex -12.6307 -1.29552 1
      vertex -12.248 -0.371637 0
    endloop
  endfacet
  facet normal -0.997861 -0.0653646 -6.64858e-19
    outer loop
      vertex -15.0658 1.8779 1
      vertex -15.1 2.4 4.2
      vertex -15.1 2.4 1
    endloop
  endfacet
  facet normal -0.997861 -0.0653646 -6.64858e-19
    outer loop
      vertex -15.1 2.4 4.2
      vertex -15.0658 1.8779 1
      vertex -15.0658 1.8779 4.2
    endloop
  endfacet
  facet normal -0.706349 -0.0462692 -0.706349
    outer loop
      vertex -15.0658 1.8779 1
      vertex -15.1 2.4 1
      vertex -14.1 2.4 0
    endloop
  endfacet
  facet normal -0.6703 -0.227558 -0.706339
    outer loop
      vertex -14.7955 0.869267 1
      vertex -14.9637 1.36472 1
      vertex -13.9978 1.62354 0
    endloop
  endfacet
  facet normal -0.670254 -0.227633 -0.706359
    outer loop
      vertex -13.8716 1.25195 0
      vertex -14.7955 0.869267 1
      vertex -13.9978 1.62354 0
    endloop
  endfacet
  facet normal -0.555609 -0.831444 0
    outer loop
      vertex -13.535 -0.773413 1
      vertex -13.1 -1.0641 4.2
      vertex -13.535 -0.773413 4.2
    endloop
  endfacet
  facet normal -0.555609 -0.831444 -0
    outer loop
      vertex -13.1 -1.0641 4.2
      vertex -13.535 -0.773413 1
      vertex -13.1 -1.0641 1
    endloop
  endfacet
  facet normal -0.588595 -0.393258 -0.706332
    outer loop
      vertex -13.4801 0.573716 0
      vertex -14.2734 -0.0350447 1
      vertex -13.6981 0.9 0
    endloop
  endfacet
  facet normal -0.532159 -0.4668 -0.706332
    outer loop
      vertex -13.2213 0.27868 0
      vertex -14.2734 -0.0350447 1
      vertex -13.4801 0.573716 0
    endloop
  endfacet
  facet normal -0.751827 -0.659361 4.74921e-18
    outer loop
      vertex -13.9284 -0.428426 1
      vertex -14.2734 -0.0350447 4.2
      vertex -14.2734 -0.0350447 1
    endloop
  endfacet
  facet normal -0.751827 -0.659361 4.74921e-18
    outer loop
      vertex -14.2734 -0.0350447 4.2
      vertex -13.9284 -0.428426 1
      vertex -13.9284 -0.428426 4.2
    endloop
  endfacet
  facet normal -0.532192 -0.466739 -0.706347
    outer loop
      vertex -13.9284 -0.428426 1
      vertex -14.2734 -0.0350447 1
      vertex -13.2213 0.27868 0
    endloop
  endfacet
  facet normal -0.946921 -0.321468 -2.90134e-18
    outer loop
      vertex -14.7955 0.869267 1
      vertex -14.9637 1.36472 4.2
      vertex -14.9637 1.36472 1
    endloop
  endfacet
  facet normal -0.946921 -0.321468 -2.90134e-18
    outer loop
      vertex -14.9637 1.36472 4.2
      vertex -14.7955 0.869267 1
      vertex -14.7955 0.869267 4.2
    endloop
  endfacet
  facet normal 0 0 1
    outer loop
      vertex -12.0981 35.5 4.2
      vertex -11.7944 35.9239 4.2
      vertex -11.8801 35.8263 4.2
    endloop
  endfacet
  facet normal 0 0 1
    outer loop
      vertex -11.7944 35.9239 4.2
      vertex -12.0981 35.5 4.2
      vertex -11.7944 32.0761 4.2
    endloop
  endfacet
  facet normal -0 0 1
    outer loop
      vertex -12.0981 32.5 4.2
      vertex -11.7944 32.0761 4.2
      vertex -12.0981 35.5 4.2
    endloop
  endfacet
  facet normal 0 0 1
    outer loop
      vertex -11.7944 32.0761 4.2
      vertex -12.0981 32.5 4.2
      vertex -11.8801 32.1737 4.2
    endloop
  endfacet
  facet normal -0 0 1
    outer loop
      vertex -12.2716 35.148 4.2
      vertex -12.0981 32.5 4.2
      vertex -12.0981 35.5 4.2
    endloop
  endfacet
  facet normal 0 0 1
    outer loop
      vertex -12.2716 35.148 4.2
      vertex -12.2716 32.852 4.2
      vertex -12.0981 32.5 4.2
    endloop
  endfacet
  facet normal -0 0 1
    outer loop
      vertex -12.3978 34.7765 4.2
      vertex -12.2716 32.852 4.2
      vertex -12.2716 35.148 4.2
    endloop
  endfacet
  facet normal 0 0 1
    outer loop
      vertex -12.3978 34.7765 4.2
      vertex -12.3978 33.2235 4.2
      vertex -12.2716 32.852 4.2
    endloop
  endfacet
  facet normal -0 0 1
    outer loop
      vertex -12.4743 34.3916 4.2
      vertex -12.3978 33.2235 4.2
      vertex -12.3978 34.7765 4.2
    endloop
  endfacet
  facet normal 0 0 1
    outer loop
      vertex -12.4743 34.3916 4.2
      vertex -12.4743 33.6084 4.2
      vertex -12.3978 33.2235 4.2
    endloop
  endfacet
  facet normal 0 -0 1
    outer loop
      vertex -12.4743 33.6084 4.2
      vertex -12.4743 34.3916 4.2
      vertex -12.5 34 4.2
    endloop
  endfacet
  facet normal -0 0 1
    outer loop
      vertex -12.3978 68.8765 4.2
      vertex -10.7557 68.4365 4.2
      vertex -12.2716 69.248 4.2
    endloop
  endfacet
  facet normal 0 0 1
    outer loop
      vertex -10.7557 68.4365 4.2
      vertex -12.3978 68.8765 4.2
      vertex -10.7889 68.2697 4.2
    endloop
  endfacet
  facet normal 0 -0 1
    outer loop
      vertex -11.8801 66.2737 4.2
      vertex -10.8 68.1 4.2
      vertex -12.0981 66.6 4.2
    endloop
  endfacet
  facet normal 0 0 1
    outer loop
      vertex -10.8 68.1 4.2
      vertex -11.8801 66.2737 4.2
      vertex -11.7944 66.1761 4.2
    endloop
  endfacet
  facet normal -0 0 1
    outer loop
      vertex -12.4743 68.4916 4.2
      vertex -10.7889 68.2697 4.2
      vertex -12.3978 68.8765 4.2
    endloop
  endfacet
  facet normal 0 0 1
    outer loop
      vertex -10.8 68.1 4.2
      vertex -12.2716 66.952 4.2
      vertex -12.0981 66.6 4.2
    endloop
  endfacet
  facet normal 0 0 1
    outer loop
      vertex -10.7889 68.2697 4.2
      vertex -12.4743 68.4916 4.2
      vertex -10.8 68.1 4.2
    endloop
  endfacet
  facet normal 0 0 1
    outer loop
      vertex -10.8 68.1 4.2
      vertex -12.3978 67.3235 4.2
      vertex -12.2716 66.952 4.2
    endloop
  endfacet
  facet normal 0 0 1
    outer loop
      vertex -12.5 68.1 4.2
      vertex -10.8 68.1 4.2
      vertex -12.4743 68.4916 4.2
    endloop
  endfacet
  facet normal 0 0 1
    outer loop
      vertex -10.8 68.1 4.2
      vertex -12.4743 67.7084 4.2
      vertex -12.3978 67.3235 4.2
    endloop
  endfacet
  facet normal 0 0 1
    outer loop
      vertex -10.8 68.1 4.2
      vertex -12.5 68.1 4.2
      vertex -12.4743 67.7084 4.2
    endloop
  endfacet
  facet normal -0 0 1
    outer loop
      vertex -12.2716 69.248 4.2
      vertex -10.701 68.5975 4.2
      vertex -12.0981 69.6 4.2
    endloop
  endfacet
  facet normal 0 0 1
    outer loop
      vertex -11.4158 72.7704 4.2
      vertex -11.3656 72.7994 4.2
      vertex -11.3917 72.7865 4.2
    endloop
  endfacet
  facet normal 0 0 1
    outer loop
      vertex -11.7925 72.1179 4.2
      vertex -11.3656 72.7994 4.2
      vertex -11.4158 72.7704 4.2
    endloop
  endfacet
  facet normal 0 0 1
    outer loop
      vertex -11.5011 72.7088 4.2
      vertex -11.4158 72.7704 4.2
      vertex -11.4793 72.728 4.2
    endloop
  endfacet
  facet normal 0 0 1
    outer loop
      vertex -11.7925 72.1179 4.2
      vertex -11.4158 72.7704 4.2
      vertex -11.5011 72.7088 4.2
    endloop
  endfacet
  facet normal 0 0 1
    outer loop
      vertex -11.5777 72.6367 4.2
      vertex -11.5011 72.7088 4.2
      vertex -11.5585 72.6585 4.2
    endloop
  endfacet
  facet normal 0 0 1
    outer loop
      vertex -11.7925 72.1179 4.2
      vertex -11.5011 72.7088 4.2
      vertex -11.5777 72.6367 4.2
    endloop
  endfacet
  facet normal 0 0 1
    outer loop
      vertex -11.6441 72.5551 4.2
      vertex -11.5777 72.6367 4.2
      vertex -11.628 72.5793 4.2
    endloop
  endfacet
  facet normal 0 0 1
    outer loop
      vertex -11.7925 72.1179 4.2
      vertex -11.5777 72.6367 4.2
      vertex -11.6441 72.5551 4.2
    endloop
  endfacet
  facet normal 0 0 1
    outer loop
      vertex -11.7203 72.4232 4.2
      vertex -11.6441 72.5551 4.2
      vertex -11.6865 72.4917 4.2
    endloop
  endfacet
  facet normal 0 0 1
    outer loop
      vertex -11.6441 72.5551 4.2
      vertex -11.7203 72.4232 4.2
      vertex -11.7925 72.1179 4.2
    endloop
  endfacet
  facet normal 0 0 1
    outer loop
      vertex -11.7577 72.3249 4.2
      vertex -11.7203 72.4232 4.2
      vertex -11.7331 72.3972 4.2
    endloop
  endfacet
  facet normal 0 0 1
    outer loop
      vertex -11.7203 72.4232 4.2
      vertex -11.7577 72.3249 4.2
      vertex -11.7925 72.1179 4.2
    endloop
  endfacet
  facet normal 0 0 1
    outer loop
      vertex -11.7727 72.2689 4.2
      vertex -11.7577 72.3249 4.2
      vertex -11.767 72.2974 4.2
    endloop
  endfacet
  facet normal 0 0 1
    outer loop
      vertex -11.7925 72.1179 4.2
      vertex -11.7577 72.3249 4.2
      vertex -11.7727 72.2689 4.2
    endloop
  endfacet
  facet normal 0 0 1
    outer loop
      vertex -11.7925 72.1179 4.2
      vertex -11.7727 72.2689 4.2
      vertex -11.7876 72.194 4.2
    endloop
  endfacet
  facet normal 0 0 1
    outer loop
      vertex -11.3656 72.7994 4.2
      vertex -11.7925 72.1179 4.2
      vertex -11.7944 72.0889 4.2
    endloop
  endfacet
  facet normal 0 0 1
    outer loop
      vertex -11.3656 72.7994 4.2
      vertex -11.7944 72.0889 4.2
      vertex -11.7944 70.0239 4.2
    endloop
  endfacet
  facet normal 0 0 1
    outer loop
      vertex -10.701 68.5975 4.2
      vertex -12.2716 69.248 4.2
      vertex -10.7557 68.4365 4.2
    endloop
  endfacet
  facet normal 0 0 1
    outer loop
      vertex -11.7944 35.9239 4.2
      vertex -10.8 68.1 4.2
      vertex -11.7944 66.1761 4.2
    endloop
  endfacet
  facet normal 0 0 1
    outer loop
      vertex -10.8 68.1 4.2
      vertex -11.7944 35.9239 4.2
      vertex -11.34 31.35 4.2
    endloop
  endfacet
  facet normal -0 0 1
    outer loop
      vertex -11.7944 32.0761 4.2
      vertex -11.34 31.35 4.2
      vertex -11.7944 35.9239 4.2
    endloop
  endfacet
  facet normal 0 0 1
    outer loop
      vertex -11.34 31.35 4.2
      vertex -11.7944 32.0761 4.2
      vertex -11.7944 31.35 4.2
    endloop
  endfacet
  facet normal -0 0 1
    outer loop
      vertex -11.7944 2.51111 4.2
      vertex -10.5 1.70555 4.2
      vertex -9.3 12 4.2
    endloop
  endfacet
  facet normal 0 0 1
    outer loop
      vertex -10.5 1.70555 4.2
      vertex -11.7944 2.51111 4.2
      vertex -10.9889 1.70555 4.2
    endloop
  endfacet
  facet normal 0 0 1
    outer loop
      vertex -10.9889 1.70555 4.2
      vertex -11.7944 2.51111 4.2
      vertex -11.0179 1.70746 4.2
    endloop
  endfacet
  facet normal -0 -0 1
    outer loop
      vertex -11.7925 2.48211 4.2
      vertex -11.0179 1.70746 4.2
      vertex -11.7944 2.51111 4.2
    endloop
  endfacet
  facet normal -0 -0 1
    outer loop
      vertex -11.1689 1.72733 4.2
      vertex -11.0179 1.70746 4.2
      vertex -11.7925 2.48211 4.2
    endloop
  endfacet
  facet normal 0 0 1
    outer loop
      vertex -11.0179 1.70746 4.2
      vertex -11.1689 1.72733 4.2
      vertex -11.094 1.71245 4.2
    endloop
  endfacet
  facet normal 0 0 1
    outer loop
      vertex -11.1689 1.72733 4.2
      vertex -11.2249 1.74235 4.2
      vertex -11.1974 1.733 4.2
    endloop
  endfacet
  facet normal 0 0 1
    outer loop
      vertex -11.1689 1.72733 4.2
      vertex -11.7925 2.48211 4.2
      vertex -11.2249 1.74235 4.2
    endloop
  endfacet
  facet normal 0 0 1
    outer loop
      vertex -11.2249 1.74235 4.2
      vertex -11.3232 1.77973 4.2
      vertex -11.2972 1.76687 4.2
    endloop
  endfacet
  facet normal 0 0 1
    outer loop
      vertex -11.2249 1.74235 4.2
      vertex -11.7925 2.48211 4.2
      vertex -11.3232 1.77973 4.2
    endloop
  endfacet
  facet normal 0 0 1
    outer loop
      vertex -11.3232 1.77973 4.2
      vertex -11.4158 1.82963 4.2
      vertex -11.3917 1.81348 4.2
    endloop
  endfacet
  facet normal 0 0 1
    outer loop
      vertex -11.3232 1.77973 4.2
      vertex -11.7925 2.48211 4.2
      vertex -11.4158 1.82963 4.2
    endloop
  endfacet
  facet normal 0 0 1
    outer loop
      vertex -11.4158 1.82963 4.2
      vertex -11.5011 1.89119 4.2
      vertex -11.4793 1.87202 4.2
    endloop
  endfacet
  facet normal 0 0 1
    outer loop
      vertex -11.4158 1.82963 4.2
      vertex -11.7925 2.48211 4.2
      vertex -11.5011 1.89119 4.2
    endloop
  endfacet
  facet normal -0 -0 1
    outer loop
      vertex -11.6088 1.99886 4.2
      vertex -11.5011 1.89119 4.2
      vertex -11.7925 2.48211 4.2
    endloop
  endfacet
  facet normal 0 0 1
    outer loop
      vertex -11.5011 1.89119 4.2
      vertex -11.6088 1.99886 4.2
      vertex -11.5585 1.9415 4.2
    endloop
  endfacet
  facet normal 0 0 1
    outer loop
      vertex -11.6088 1.99886 4.2
      vertex -11.6441 2.04489 4.2
      vertex -11.628 2.02072 4.2
    endloop
  endfacet
  facet normal 0 0 1
    outer loop
      vertex -11.6088 1.99886 4.2
      vertex -11.7925 2.48211 4.2
      vertex -11.6441 2.04489 4.2
    endloop
  endfacet
  facet normal -0 -0 1
    outer loop
      vertex -11.7203 2.17677 4.2
      vertex -11.6441 2.04489 4.2
      vertex -11.7925 2.48211 4.2
    endloop
  endfacet
  facet normal 0 0 1
    outer loop
      vertex -11.6441 2.04489 4.2
      vertex -11.7203 2.17677 4.2
      vertex -11.6865 2.10833 4.2
    endloop
  endfacet
  facet normal -0 -0 1
    outer loop
      vertex -11.7577 2.27509 4.2
      vertex -11.7203 2.17677 4.2
      vertex -11.7925 2.48211 4.2
    endloop
  endfacet
  facet normal 0 0 1
    outer loop
      vertex -11.7203 2.17677 4.2
      vertex -11.7577 2.27509 4.2
      vertex -11.7331 2.20284 4.2
    endloop
  endfacet
  facet normal 0 0 1
    outer loop
      vertex -11.7577 2.27509 4.2
      vertex -11.7727 2.33113 4.2
      vertex -11.767 2.30262 4.2
    endloop
  endfacet
  facet normal 0 0 1
    outer loop
      vertex -11.7727 2.33113 4.2
      vertex -11.7925 2.48211 4.2
      vertex -11.7876 2.40596 4.2
    endloop
  endfacet
  facet normal 0 0 1
    outer loop
      vertex -11.7944 2.51111 4.2
      vertex -9.3 12 4.2
      vertex -11.7944 12 4.2
    endloop
  endfacet
  facet normal 0 0 1
    outer loop
      vertex -11.7577 2.27509 4.2
      vertex -11.7925 2.48211 4.2
      vertex -11.7727 2.33113 4.2
    endloop
  endfacet
  facet normal 0 0 1
    outer loop
      vertex -9.16354 32.7443 4.2
      vertex -11.34 31.35 4.2
      vertex -6 26.75 4.2
    endloop
  endfacet
  facet normal 0 0 1
    outer loop
      vertex -11.34 31.35 4.2
      vertex -9.33032 32.7111 4.2
      vertex -9.5 32.7 4.2
    endloop
  endfacet
  facet normal 0 0 1
    outer loop
      vertex -11.34 31.35 4.2
      vertex -9.5 32.7 4.2
      vertex -9.66968 32.7111 4.2
    endloop
  endfacet
  facet normal 0 0 1
    outer loop
      vertex -11.34 31.35 4.2
      vertex -9.66968 32.7111 4.2
      vertex -9.83646 32.7443 4.2
    endloop
  endfacet
  facet normal 0 0 1
    outer loop
      vertex -11.34 31.35 4.2
      vertex -9.83646 32.7443 4.2
      vertex -9.99749 32.799 4.2
    endloop
  endfacet
  facet normal 0 0 1
    outer loop
      vertex -11.34 31.35 4.2
      vertex -9.99749 32.799 4.2
      vertex -10.15 32.8742 4.2
    endloop
  endfacet
  facet normal 0 0 1
    outer loop
      vertex -11.34 31.35 4.2
      vertex -10.15 32.8742 4.2
      vertex -10.2914 32.9686 4.2
    endloop
  endfacet
  facet normal 0 0 1
    outer loop
      vertex -11.34 31.35 4.2
      vertex -10.2914 32.9686 4.2
      vertex -10.4192 33.0808 4.2
    endloop
  endfacet
  facet normal 0 0 1
    outer loop
      vertex -11.34 31.35 4.2
      vertex -10.4192 33.0808 4.2
      vertex -10.5314 33.2086 4.2
    endloop
  endfacet
  facet normal 0 0 1
    outer loop
      vertex -11.34 31.35 4.2
      vertex -10.5314 33.2086 4.2
      vertex -10.6258 33.35 4.2
    endloop
  endfacet
  facet normal 0 0 1
    outer loop
      vertex -11.34 31.35 4.2
      vertex -10.6258 33.35 4.2
      vertex -10.701 33.5025 4.2
    endloop
  endfacet
  facet normal 0 0 1
    outer loop
      vertex -11.34 31.35 4.2
      vertex -10.701 33.5025 4.2
      vertex -10.7557 33.6635 4.2
    endloop
  endfacet
  facet normal 0 0 1
    outer loop
      vertex -11.34 31.35 4.2
      vertex -10.7557 33.6635 4.2
      vertex -10.7889 33.8303 4.2
    endloop
  endfacet
  facet normal -0 0 1
    outer loop
      vertex -12.0981 69.6 4.2
      vertex -10.6258 68.75 4.2
      vertex -11.8801 69.9263 4.2
    endloop
  endfacet
  facet normal 0 0 1
    outer loop
      vertex -11.1225 72.8819 4.2
      vertex -11.065 72.8895 4.2
      vertex -11.094 72.8876 4.2
    endloop
  endfacet
  facet normal 0 0 1
    outer loop
      vertex -11.2249 72.8577 4.2
      vertex -11.065 72.8895 4.2
      vertex -11.1225 72.8819 4.2
    endloop
  endfacet
  facet normal 0 0 1
    outer loop
      vertex -11.2249 72.8577 4.2
      vertex -11.1225 72.8819 4.2
      vertex -11.1974 72.867 4.2
    endloop
  endfacet
  facet normal 0 0 1
    outer loop
      vertex -11.3656 72.7994 4.2
      vertex -11.2249 72.8577 4.2
      vertex -11.2972 72.8331 4.2
    endloop
  endfacet
  facet normal 0 0 1
    outer loop
      vertex -10.6258 68.75 4.2
      vertex -12.0981 69.6 4.2
      vertex -10.701 68.5975 4.2
    endloop
  endfacet
  facet normal 0 0 1
    outer loop
      vertex -10.8 68.1 4.2
      vertex -11.34 31.35 4.2
      vertex -10.8 34 4.2
    endloop
  endfacet
  facet normal 0 0 1
    outer loop
      vertex -11.34 31.35 4.2
      vertex -10.7889 33.8303 4.2
      vertex -10.8 34 4.2
    endloop
  endfacet
  facet normal 0 0 1
    outer loop
      vertex -11.34 24.95 4.2
      vertex -6 26.75 4.2
      vertex -11.34 31.35 4.2
    endloop
  endfacet
  facet normal 0 0 1
    outer loop
      vertex -6 26.75 4.2
      vertex -11.34 24.95 4.2
      vertex -9.3 23.7 4.2
    endloop
  endfacet
  facet normal 0 0 1
    outer loop
      vertex -11.7944 23.7 4.2
      vertex -11.34 24.95 4.2
      vertex -11.7944 24.95 4.2
    endloop
  endfacet
  facet normal 0 0 1
    outer loop
      vertex -11.34 24.95 4.2
      vertex -11.7944 23.7 4.2
      vertex -9.3 23.7 4.2
    endloop
  endfacet
  facet normal 0 0 1
    outer loop
      vertex -8.29896 67.6025 4.2
      vertex 11.7944 72.0889 4.2
      vertex -8.2443 67.7635 4.2
    endloop
  endfacet
  facet normal 0 0 1
    outer loop
      vertex -2 32.15 4.2
      vertex -8.21112 34.1697 4.2
      vertex -8.2 34 4.2
    endloop
  endfacet
  facet normal 0 0 1
    outer loop
      vertex -8.37417 67.45 4.2
      vertex 11.7944 72.0889 4.2
      vertex -8.29896 67.6025 4.2
    endloop
  endfacet
  facet normal 0 0 1
    outer loop
      vertex -2 32.15 4.2
      vertex -8.2443 34.3365 4.2
      vertex -8.21112 34.1697 4.2
    endloop
  endfacet
  facet normal 0 0 1
    outer loop
      vertex -8.46864 67.3086 4.2
      vertex 11.7944 72.0889 4.2
      vertex -8.37417 67.45 4.2
    endloop
  endfacet
  facet normal 0 0 1
    outer loop
      vertex -2 32.15 4.2
      vertex -8.29896 34.4975 4.2
      vertex -8.2443 34.3365 4.2
    endloop
  endfacet
  facet normal 0 0 1
    outer loop
      vertex -8.58076 67.1808 4.2
      vertex 11.7944 72.0889 4.2
      vertex -8.46864 67.3086 4.2
    endloop
  endfacet
  facet normal 0 0 1
    outer loop
      vertex -2 32.15 4.2
      vertex -8.37417 34.65 4.2
      vertex -8.29896 34.4975 4.2
    endloop
  endfacet
  facet normal 0 0 1
    outer loop
      vertex 11.7944 72.0889 4.2
      vertex -8.58076 67.1808 4.2
      vertex -2 32.15 4.2
    endloop
  endfacet
  facet normal 0 0 1
    outer loop
      vertex -2 32.15 4.2
      vertex -8.46864 34.7914 4.2
      vertex -8.37417 34.65 4.2
    endloop
  endfacet
  facet normal -0 0 1
    outer loop
      vertex -8.70861 67.0686 4.2
      vertex -2 32.15 4.2
      vertex -8.58076 67.1808 4.2
    endloop
  endfacet
  facet normal 0 0 1
    outer loop
      vertex -2 32.15 4.2
      vertex -8.58076 34.9192 4.2
      vertex -8.46864 34.7914 4.2
    endloop
  endfacet
  facet normal -0 0 1
    outer loop
      vertex -8.70861 35.0314 4.2
      vertex -2 32.15 4.2
      vertex -8.70861 67.0686 4.2
    endloop
  endfacet
  facet normal 0 0 1
    outer loop
      vertex -2 32.15 4.2
      vertex -8.70861 35.0314 4.2
      vertex -8.58076 34.9192 4.2
    endloop
  endfacet
  facet normal -0 0 1
    outer loop
      vertex -8.85 66.9742 4.2
      vertex -8.70861 35.0314 4.2
      vertex -8.70861 67.0686 4.2
    endloop
  endfacet
  facet normal 0 0 1
    outer loop
      vertex -8.85 66.9742 4.2
      vertex -8.85 35.1258 4.2
      vertex -8.70861 35.0314 4.2
    endloop
  endfacet
  facet normal -0 0 1
    outer loop
      vertex -9.00251 66.899 4.2
      vertex -8.85 35.1258 4.2
      vertex -8.85 66.9742 4.2
    endloop
  endfacet
  facet normal 0 0 1
    outer loop
      vertex -9.00251 66.899 4.2
      vertex -9.00251 35.201 4.2
      vertex -8.85 35.1258 4.2
    endloop
  endfacet
  facet normal -0 0 1
    outer loop
      vertex -9.16354 66.8443 4.2
      vertex -9.00251 35.201 4.2
      vertex -9.00251 66.899 4.2
    endloop
  endfacet
  facet normal 0 0 1
    outer loop
      vertex -9.16354 66.8443 4.2
      vertex -9.16354 35.2557 4.2
      vertex -9.00251 35.201 4.2
    endloop
  endfacet
  facet normal -0 0 1
    outer loop
      vertex -9.33032 66.8111 4.2
      vertex -9.16354 35.2557 4.2
      vertex -9.16354 66.8443 4.2
    endloop
  endfacet
  facet normal 0 0 1
    outer loop
      vertex -9.33032 66.8111 4.2
      vertex -9.33032 35.2889 4.2
      vertex -9.16354 35.2557 4.2
    endloop
  endfacet
  facet normal -0 0 1
    outer loop
      vertex -9.5 66.8 4.2
      vertex -9.33032 35.2889 4.2
      vertex -9.33032 66.8111 4.2
    endloop
  endfacet
  facet normal 0 0 1
    outer loop
      vertex -9.5 66.8 4.2
      vertex -9.5 35.3 4.2
      vertex -9.33032 35.2889 4.2
    endloop
  endfacet
  facet normal 0 0 1
    outer loop
      vertex -9.66968 66.8111 4.2
      vertex -9.5 35.3 4.2
      vertex -9.5 66.8 4.2
    endloop
  endfacet
  facet normal 0 0 1
    outer loop
      vertex -9.66968 66.8111 4.2
      vertex -9.66968 35.2889 4.2
      vertex -9.5 35.3 4.2
    endloop
  endfacet
  facet normal 0 0 1
    outer loop
      vertex -9.83646 66.8443 4.2
      vertex -9.66968 35.2889 4.2
      vertex -9.66968 66.8111 4.2
    endloop
  endfacet
  facet normal 0 0 1
    outer loop
      vertex -9.83646 66.8443 4.2
      vertex -9.83646 35.2557 4.2
      vertex -9.66968 35.2889 4.2
    endloop
  endfacet
  facet normal 0 0 1
    outer loop
      vertex -9.99749 66.899 4.2
      vertex -9.83646 35.2557 4.2
      vertex -9.83646 66.8443 4.2
    endloop
  endfacet
  facet normal 0 0 1
    outer loop
      vertex -9.99749 66.899 4.2
      vertex -9.99749 35.201 4.2
      vertex -9.83646 35.2557 4.2
    endloop
  endfacet
  facet normal 0 0 1
    outer loop
      vertex -10.15 66.9742 4.2
      vertex -9.99749 35.201 4.2
      vertex -9.99749 66.899 4.2
    endloop
  endfacet
  facet normal 0 0 1
    outer loop
      vertex -10.15 66.9742 4.2
      vertex -10.15 35.1258 4.2
      vertex -9.99749 35.201 4.2
    endloop
  endfacet
  facet normal 0 0 1
    outer loop
      vertex -10.2914 67.0686 4.2
      vertex -10.15 35.1258 4.2
      vertex -10.15 66.9742 4.2
    endloop
  endfacet
  facet normal 0 0 1
    outer loop
      vertex -10.2914 67.0686 4.2
      vertex -10.2914 35.0314 4.2
      vertex -10.15 35.1258 4.2
    endloop
  endfacet
  facet normal 0 0 1
    outer loop
      vertex -10.4192 67.1808 4.2
      vertex -10.2914 35.0314 4.2
      vertex -10.2914 67.0686 4.2
    endloop
  endfacet
  facet normal 0 0 1
    outer loop
      vertex -10.4192 67.1808 4.2
      vertex -10.4192 34.9192 4.2
      vertex -10.2914 35.0314 4.2
    endloop
  endfacet
  facet normal 0 0 1
    outer loop
      vertex -10.5314 67.3086 4.2
      vertex -10.4192 34.9192 4.2
      vertex -10.4192 67.1808 4.2
    endloop
  endfacet
  facet normal 0 0 1
    outer loop
      vertex -10.5314 67.3086 4.2
      vertex -10.5314 34.7914 4.2
      vertex -10.4192 34.9192 4.2
    endloop
  endfacet
  facet normal 0 0 1
    outer loop
      vertex -10.6258 67.45 4.2
      vertex -10.5314 34.7914 4.2
      vertex -10.5314 67.3086 4.2
    endloop
  endfacet
  facet normal 0 0 1
    outer loop
      vertex -10.6258 67.45 4.2
      vertex -10.6258 34.65 4.2
      vertex -10.5314 34.7914 4.2
    endloop
  endfacet
  facet normal 0 0 1
    outer loop
      vertex -10.701 67.6025 4.2
      vertex -10.6258 34.65 4.2
      vertex -10.6258 67.45 4.2
    endloop
  endfacet
  facet normal 0 0 1
    outer loop
      vertex -10.701 67.6025 4.2
      vertex -10.701 34.4975 4.2
      vertex -10.6258 34.65 4.2
    endloop
  endfacet
  facet normal 0 0 1
    outer loop
      vertex -10.7557 67.7635 4.2
      vertex -10.701 34.4975 4.2
      vertex -10.701 67.6025 4.2
    endloop
  endfacet
  facet normal 0 0 1
    outer loop
      vertex -10.7557 67.7635 4.2
      vertex -10.7557 34.3365 4.2
      vertex -10.701 34.4975 4.2
    endloop
  endfacet
  facet normal 0 0 1
    outer loop
      vertex -10.7889 67.9303 4.2
      vertex -10.7557 34.3365 4.2
      vertex -10.7557 67.7635 4.2
    endloop
  endfacet
  facet normal 0 0 1
    outer loop
      vertex -10.7889 67.9303 4.2
      vertex -10.7889 34.1697 4.2
      vertex -10.7557 34.3365 4.2
    endloop
  endfacet
  facet normal 0 0 1
    outer loop
      vertex -10.8 68.1 4.2
      vertex -10.7889 34.1697 4.2
      vertex -10.7889 67.9303 4.2
    endloop
  endfacet
  facet normal 0 0 1
    outer loop
      vertex -10.7889 34.1697 4.2
      vertex -10.8 68.1 4.2
      vertex -10.8 34 4.2
    endloop
  endfacet
  facet normal -0 0 1
    outer loop
      vertex -8.46864 33.2086 4.2
      vertex -6 32.15 4.2
      vertex -8.37417 33.35 4.2
    endloop
  endfacet
  facet normal 0 0 1
    outer loop
      vertex -6.075 24.95 4.2
      vertex -9.3 12 4.2
      vertex -8 0 4.2
    endloop
  endfacet
  facet normal -0 0 1
    outer loop
      vertex -8.58076 33.0808 4.2
      vertex -6 32.15 4.2
      vertex -8.46864 33.2086 4.2
    endloop
  endfacet
  facet normal -0 0 1
    outer loop
      vertex -8.70861 32.9686 4.2
      vertex -6 32.15 4.2
      vertex -8.58076 33.0808 4.2
    endloop
  endfacet
  facet normal -0 0 1
    outer loop
      vertex -8.85 32.8742 4.2
      vertex -6 32.15 4.2
      vertex -8.70861 32.9686 4.2
    endloop
  endfacet
  facet normal -0 0 1
    outer loop
      vertex -9.00251 32.799 4.2
      vertex -6 32.15 4.2
      vertex -8.85 32.8742 4.2
    endloop
  endfacet
  facet normal -0 0 1
    outer loop
      vertex -9.16354 32.7443 4.2
      vertex -6 32.15 4.2
      vertex -9.00251 32.799 4.2
    endloop
  endfacet
  facet normal 0 0 1
    outer loop
      vertex -6 32.15 4.2
      vertex -9.16354 32.7443 4.2
      vertex -6 26.75 4.2
    endloop
  endfacet
  facet normal 0 0 1
    outer loop
      vertex -11.34 31.35 4.2
      vertex -9.16354 32.7443 4.2
      vertex -9.33032 32.7111 4.2
    endloop
  endfacet
  facet normal 0 0 1
    outer loop
      vertex -6 26.75 4.2
      vertex -9.3 23.7 4.2
      vertex -6.075 26.15 4.2
    endloop
  endfacet
  facet normal 0 0 1
    outer loop
      vertex -6.075 26.15 4.2
      vertex -9.3 23.7 4.2
      vertex -6.075 24.95 4.2
    endloop
  endfacet
  facet normal 0 0 1
    outer loop
      vertex -6.075 24.95 4.2
      vertex -9.3 23.7 4.2
      vertex -9.3 12 4.2
    endloop
  endfacet
  facet normal -0 0 1
    outer loop
      vertex -10.5 1.70555 4.2
      vertex -8 0 4.2
      vertex -9.3 12 4.2
    endloop
  endfacet
  facet normal -0 0 1
    outer loop
      vertex -10.5 0.15 4.2
      vertex -8 0 4.2
      vertex -10.5 1.70555 4.2
    endloop
  endfacet
  facet normal 0 0 1
    outer loop
      vertex -8 0 4.2
      vertex -10.5 0.15 4.2
      vertex -8 -1.6 4.2
    endloop
  endfacet
  facet normal 0 0 1
    outer loop
      vertex -11.1 -1.6 4.2
      vertex -10.5 0.15 4.2
      vertex -11.1 0.15 4.2
    endloop
  endfacet
  facet normal 0 0 1
    outer loop
      vertex -10.5 0.15 4.2
      vertex -11.1 -1.6 4.2
      vertex -8 -1.6 4.2
    endloop
  endfacet
  facet normal 0 0 1
    outer loop
      vertex -11.3937 0.169249 4.2
      vertex -11.1 -1.6 4.2
      vertex -11.1 0.15 4.2
    endloop
  endfacet
  facet normal 0 0 1
    outer loop
      vertex -11.3937 0.169249 4.2
      vertex -11.6221 -1.56578 4.2
      vertex -11.1 -1.6 4.2
    endloop
  endfacet
  facet normal 0 0 1
    outer loop
      vertex -11.6823 0.226666 4.2
      vertex -11.6221 -1.56578 4.2
      vertex -11.3937 0.169249 4.2
    endloop
  endfacet
  facet normal 0 0 1
    outer loop
      vertex -12.1353 -1.4637 4.2
      vertex -11.6823 0.226666 4.2
      vertex -11.961 0.321271 4.2
    endloop
  endfacet
  facet normal 0 0 1
    outer loop
      vertex -11.6823 0.226666 4.2
      vertex -12.1353 -1.4637 4.2
      vertex -11.6221 -1.56578 4.2
    endloop
  endfacet
  facet normal 0 0 1
    outer loop
      vertex -12.6307 -1.29552 4.2
      vertex -11.961 0.321271 4.2
      vertex -12.225 0.451443 4.2
    endloop
  endfacet
  facet normal 0 0 1
    outer loop
      vertex -13.1 -1.0641 4.2
      vertex -12.225 0.451443 4.2
      vertex -12.4697 0.614955 4.2
    endloop
  endfacet
  facet normal 0 0 1
    outer loop
      vertex -11.961 0.321271 4.2
      vertex -12.6307 -1.29552 4.2
      vertex -12.1353 -1.4637 4.2
    endloop
  endfacet
  facet normal 0 0 1
    outer loop
      vertex -13.535 -0.773413 4.2
      vertex -12.4697 0.614955 4.2
      vertex -12.691 0.80901 4.2
    endloop
  endfacet
  facet normal 0 0 1
    outer loop
      vertex -13.9284 -0.428426 4.2
      vertex -12.691 0.80901 4.2
      vertex -12.885 1.03029 4.2
    endloop
  endfacet
  facet normal 0 0 1
    outer loop
      vertex -14.2734 -0.0350447 4.2
      vertex -12.885 1.03029 4.2
      vertex -13.0486 1.275 4.2
    endloop
  endfacet
  facet normal 0 0 1
    outer loop
      vertex -12.225 0.451443 4.2
      vertex -13.1 -1.0641 4.2
      vertex -12.6307 -1.29552 4.2
    endloop
  endfacet
  facet normal 0 0 1
    outer loop
      vertex -14.5641 0.4 4.2
      vertex -13.0486 1.275 4.2
      vertex -13.1787 1.53896 4.2
    endloop
  endfacet
  facet normal 0 0 1
    outer loop
      vertex -14.7955 0.869267 4.2
      vertex -13.1787 1.53896 4.2
      vertex -13.2733 1.81766 4.2
    endloop
  endfacet
  facet normal 0 0 1
    outer loop
      vertex -14.9637 1.36472 4.2
      vertex -13.2733 1.81766 4.2
      vertex -13.3308 2.10632 4.2
    endloop
  endfacet
  facet normal 0 0 1
    outer loop
      vertex -12.4697 0.614955 4.2
      vertex -13.535 -0.773413 4.2
      vertex -13.1 -1.0641 4.2
    endloop
  endfacet
  facet normal 0 0 1
    outer loop
      vertex -15.0658 1.8779 4.2
      vertex -13.3308 2.10632 4.2
      vertex -13.35 2.4 4.2
    endloop
  endfacet
  facet normal 0 0 1
    outer loop
      vertex -13.35 72.2 4.2
      vertex -15.1 72.2 4.2
      vertex -13.35 2.4 4.2
    endloop
  endfacet
  facet normal 0 0 1
    outer loop
      vertex -15.1 72.2 4.2
      vertex -13.535 75.3734 4.2
      vertex -13.9284 75.0284 4.2
    endloop
  endfacet
  facet normal 0 0 1
    outer loop
      vertex -15.1 2.4 4.2
      vertex -13.35 2.4 4.2
      vertex -15.1 72.2 4.2
    endloop
  endfacet
  facet normal 0 0 1
    outer loop
      vertex -15.1 72.2 4.2
      vertex -13.9284 75.0284 4.2
      vertex -14.2734 74.635 4.2
    endloop
  endfacet
  facet normal 0 -0 1
    outer loop
      vertex -15.0658 1.8779 4.2
      vertex -13.35 2.4 4.2
      vertex -15.1 2.4 4.2
    endloop
  endfacet
  facet normal 0 0 1
    outer loop
      vertex -15.1 72.2 4.2
      vertex -14.2734 74.635 4.2
      vertex -14.5641 74.2 4.2
    endloop
  endfacet
  facet normal 0 0 1
    outer loop
      vertex -12.691 0.80901 4.2
      vertex -13.9284 -0.428426 4.2
      vertex -13.535 -0.773413 4.2
    endloop
  endfacet
  facet normal 0 0 1
    outer loop
      vertex -15.1 72.2 4.2
      vertex -14.5641 74.2 4.2
      vertex -14.7955 73.7307 4.2
    endloop
  endfacet
  facet normal 0 0 1
    outer loop
      vertex -12.885 1.03029 4.2
      vertex -14.2734 -0.0350447 4.2
      vertex -13.9284 -0.428426 4.2
    endloop
  endfacet
  facet normal 0 0 1
    outer loop
      vertex -15.1 72.2 4.2
      vertex -14.7955 73.7307 4.2
      vertex -14.9637 73.2353 4.2
    endloop
  endfacet
  facet normal 0 0 1
    outer loop
      vertex -13.0486 1.275 4.2
      vertex -14.5641 0.4 4.2
      vertex -14.2734 -0.0350447 4.2
    endloop
  endfacet
  facet normal 0 0 1
    outer loop
      vertex -15.1 72.2 4.2
      vertex -14.9637 73.2353 4.2
      vertex -15.0658 72.7221 4.2
    endloop
  endfacet
  facet normal 0 0 1
    outer loop
      vertex -13.1787 1.53896 4.2
      vertex -14.7955 0.869267 4.2
      vertex -14.5641 0.4 4.2
    endloop
  endfacet
  facet normal 0 0 1
    outer loop
      vertex -13.2733 1.81766 4.2
      vertex -14.9637 1.36472 4.2
      vertex -14.7955 0.869267 4.2
    endloop
  endfacet
  facet normal 0 0 1
    outer loop
      vertex -13.3308 2.10632 4.2
      vertex -15.0658 1.8779 4.2
      vertex -14.9637 1.36472 4.2
    endloop
  endfacet
  facet normal -0 0 1
    outer loop
      vertex -6 26.75 4.2
      vertex -5.275 26.15 4.2
      vertex -2 26.75 4.2
    endloop
  endfacet
  facet normal 0 0 1
    outer loop
      vertex -5.275 26.15 4.2
      vertex -6 26.75 4.2
      vertex -6.075 26.15 4.2
    endloop
  endfacet
  facet normal -0 0 1
    outer loop
      vertex 5.275 24.95 4.2
      vertex 5.5 20 4.2
      vertex 6.075 24.95 4.2
    endloop
  endfacet
  facet normal 0 0 1
    outer loop
      vertex 5.5 20 4.2
      vertex 5.275 24.95 4.2
      vertex 1.5 20 4.2
    endloop
  endfacet
  facet normal -0 0 1
    outer loop
      vertex 9.3 12 4.2
      vertex 11.7944 2.51111 4.2
      vertex 11.7944 12 4.2
    endloop
  endfacet
  facet normal 0 -0 1
    outer loop
      vertex 10.5 1.70555 4.2
      vertex 11.7944 2.51111 4.2
      vertex 9.3 12 4.2
    endloop
  endfacet
  facet normal 0 -0 1
    outer loop
      vertex 10.9889 1.70555 4.2
      vertex 11.7944 2.51111 4.2
      vertex 10.5 1.70555 4.2
    endloop
  endfacet
  facet normal 0 0 1
    outer loop
      vertex 11.7944 2.51111 4.2
      vertex 10.9889 1.70555 4.2
      vertex 11.7925 2.48211 4.2
    endloop
  endfacet
  facet normal 0 -0 1
    outer loop
      vertex 11.0179 1.70746 4.2
      vertex 11.7925 2.48211 4.2
      vertex 10.9889 1.70555 4.2
    endloop
  endfacet
  facet normal 0 -0 1
    outer loop
      vertex 11.7727 2.33113 4.2
      vertex 11.7925 2.48211 4.2
      vertex 11.0179 1.70746 4.2
    endloop
  endfacet
  facet normal 0 0 1
    outer loop
      vertex 11.7925 2.48211 4.2
      vertex 11.7727 2.33113 4.2
      vertex 11.7876 2.40596 4.2
    endloop
  endfacet
  facet normal 0 0 1
    outer loop
      vertex 11.7727 2.33113 4.2
      vertex 11.7577 2.27509 4.2
      vertex 11.767 2.30262 4.2
    endloop
  endfacet
  facet normal 0 0 1
    outer loop
      vertex 11.7727 2.33113 4.2
      vertex 11.0179 1.70746 4.2
      vertex 11.7577 2.27509 4.2
    endloop
  endfacet
  facet normal 0 0 1
    outer loop
      vertex 11.7577 2.27509 4.2
      vertex 11.7203 2.17677 4.2
      vertex 11.7331 2.20284 4.2
    endloop
  endfacet
  facet normal 0 0 1
    outer loop
      vertex 11.7577 2.27509 4.2
      vertex 11.0179 1.70746 4.2
      vertex 11.7203 2.17677 4.2
    endloop
  endfacet
  facet normal 0 -0 1
    outer loop
      vertex 11.6441 2.04489 4.2
      vertex 11.7203 2.17677 4.2
      vertex 11.0179 1.70746 4.2
    endloop
  endfacet
  facet normal 0 0 1
    outer loop
      vertex 11.7203 2.17677 4.2
      vertex 11.6441 2.04489 4.2
      vertex 11.6865 2.10833 4.2
    endloop
  endfacet
  facet normal 0 0 1
    outer loop
      vertex 11.6441 2.04489 4.2
      vertex 11.6088 1.99886 4.2
      vertex 11.628 2.02072 4.2
    endloop
  endfacet
  facet normal 0 0 1
    outer loop
      vertex 11.6441 2.04489 4.2
      vertex 11.0179 1.70746 4.2
      vertex 11.6088 1.99886 4.2
    endloop
  endfacet
  facet normal 0 -0 1
    outer loop
      vertex 11.5011 1.89119 4.2
      vertex 11.6088 1.99886 4.2
      vertex 11.0179 1.70746 4.2
    endloop
  endfacet
  facet normal 0 0 1
    outer loop
      vertex 11.6088 1.99886 4.2
      vertex 11.5011 1.89119 4.2
      vertex 11.5585 1.9415 4.2
    endloop
  endfacet
  facet normal 0 -0 1
    outer loop
      vertex 11.4158 1.82963 4.2
      vertex 11.5011 1.89119 4.2
      vertex 11.0179 1.70746 4.2
    endloop
  endfacet
  facet normal 0 -0 1
    outer loop
      vertex 11.3232 1.77973 4.2
      vertex 11.4158 1.82963 4.2
      vertex 11.0179 1.70746 4.2
    endloop
  endfacet
  facet normal 0 0 1
    outer loop
      vertex 11.4158 1.82963 4.2
      vertex 11.3232 1.77973 4.2
      vertex 11.3917 1.81348 4.2
    endloop
  endfacet
  facet normal 0 -0 1
    outer loop
      vertex 11.2249 1.74235 4.2
      vertex 11.3232 1.77973 4.2
      vertex 11.0179 1.70746 4.2
    endloop
  endfacet
  facet normal 0 0 1
    outer loop
      vertex 11.3232 1.77973 4.2
      vertex 11.2249 1.74235 4.2
      vertex 11.2972 1.76687 4.2
    endloop
  endfacet
  facet normal 0 0 1
    outer loop
      vertex 11.1689 1.72733 4.2
      vertex 11.0179 1.70746 4.2
      vertex 11.094 1.71245 4.2
    endloop
  endfacet
  facet normal 0 0 1
    outer loop
      vertex 11.2249 1.74235 4.2
      vertex 11.1689 1.72733 4.2
      vertex 11.1974 1.733 4.2
    endloop
  endfacet
  facet normal 0 0 1
    outer loop
      vertex 11.2249 1.74235 4.2
      vertex 11.0179 1.70746 4.2
      vertex 11.1689 1.72733 4.2
    endloop
  endfacet
  facet normal -0 0 1
    outer loop
      vertex 5.5 2 4.2
      vertex 10.5 1.70555 4.2
      vertex 9.3 12 4.2
    endloop
  endfacet
  facet normal 0 0 1
    outer loop
      vertex 11.5011 1.89119 4.2
      vertex 11.4158 1.82963 4.2
      vertex 11.4793 1.87202 4.2
    endloop
  endfacet
  facet normal 0 0 1
    outer loop
      vertex 10.9889 72.8944 4.2
      vertex 11.7944 72.0889 4.2
      vertex 11.7925 72.1179 4.2
    endloop
  endfacet
  facet normal 0 0 1
    outer loop
      vertex 11.7727 72.2689 4.2
      vertex 11.7925 72.1179 4.2
      vertex 11.7876 72.194 4.2
    endloop
  endfacet
  facet normal 0 0 1
    outer loop
      vertex 11.7925 72.1179 4.2
      vertex 11.7727 72.2689 4.2
      vertex 10.9889 72.8944 4.2
    endloop
  endfacet
  facet normal 0 0 1
    outer loop
      vertex 11.7577 72.3249 4.2
      vertex 11.7727 72.2689 4.2
      vertex 11.767 72.2974 4.2
    endloop
  endfacet
  facet normal 0 0 1
    outer loop
      vertex 11.7727 72.2689 4.2
      vertex 11.7577 72.3249 4.2
      vertex 10.9889 72.8944 4.2
    endloop
  endfacet
  facet normal 0 0 1
    outer loop
      vertex 11.7203 72.4232 4.2
      vertex 11.7577 72.3249 4.2
      vertex 11.7331 72.3972 4.2
    endloop
  endfacet
  facet normal 0 0 1
    outer loop
      vertex 11.7577 72.3249 4.2
      vertex 11.7203 72.4232 4.2
      vertex 10.9889 72.8944 4.2
    endloop
  endfacet
  facet normal 0 0 1
    outer loop
      vertex 11.6441 72.5551 4.2
      vertex 11.7203 72.4232 4.2
      vertex 11.6865 72.4917 4.2
    endloop
  endfacet
  facet normal 0 0 1
    outer loop
      vertex 11.7203 72.4232 4.2
      vertex 11.6441 72.5551 4.2
      vertex 10.9889 72.8944 4.2
    endloop
  endfacet
  facet normal 0 0 1
    outer loop
      vertex 11.5777 72.6367 4.2
      vertex 11.6441 72.5551 4.2
      vertex 11.628 72.5793 4.2
    endloop
  endfacet
  facet normal 0 0 1
    outer loop
      vertex 11.6441 72.5551 4.2
      vertex 11.5777 72.6367 4.2
      vertex 10.9889 72.8944 4.2
    endloop
  endfacet
  facet normal 0 0 1
    outer loop
      vertex 11.5011 72.7088 4.2
      vertex 11.5777 72.6367 4.2
      vertex 11.5585 72.6585 4.2
    endloop
  endfacet
  facet normal 0 0 1
    outer loop
      vertex 11.5777 72.6367 4.2
      vertex 11.5011 72.7088 4.2
      vertex 10.9889 72.8944 4.2
    endloop
  endfacet
  facet normal 0 0 1
    outer loop
      vertex 11.4158 72.7704 4.2
      vertex 11.5011 72.7088 4.2
      vertex 11.4793 72.728 4.2
    endloop
  endfacet
  facet normal 0 0 1
    outer loop
      vertex 11.5011 72.7088 4.2
      vertex 11.4158 72.7704 4.2
      vertex 10.9889 72.8944 4.2
    endloop
  endfacet
  facet normal 0 0 1
    outer loop
      vertex 11.3656 72.7994 4.2
      vertex 11.4158 72.7704 4.2
      vertex 11.3917 72.7865 4.2
    endloop
  endfacet
  facet normal 0 0 1
    outer loop
      vertex 11.4158 72.7704 4.2
      vertex 11.3656 72.7994 4.2
      vertex 10.9889 72.8944 4.2
    endloop
  endfacet
  facet normal 0 0 1
    outer loop
      vertex 11.7944 72.0889 4.2
      vertex 11.34 31.35 4.2
      vertex 11.7944 31.35 4.2
    endloop
  endfacet
  facet normal 0 0 1
    outer loop
      vertex -8.21112 67.9303 4.2
      vertex 10.9889 72.8944 4.2
      vertex -8.2 68.1 4.2
    endloop
  endfacet
  facet normal 0 0 1
    outer loop
      vertex 10.9889 72.8944 4.2
      vertex 11.3656 72.7994 4.2
      vertex 11.2972 72.8331 4.2
    endloop
  endfacet
  facet normal -0 0 1
    outer loop
      vertex 11.34 24.95 4.2
      vertex 11.7944 23.7 4.2
      vertex 11.7944 24.95 4.2
    endloop
  endfacet
  facet normal 0 0 1
    outer loop
      vertex 10.9889 72.8944 4.2
      vertex 11.2972 72.8331 4.2
      vertex 11.2249 72.8577 4.2
    endloop
  endfacet
  facet normal 0 0 1
    outer loop
      vertex 11.1225 72.8819 4.2
      vertex 11.2249 72.8577 4.2
      vertex 11.1974 72.867 4.2
    endloop
  endfacet
  facet normal 0 0 1
    outer loop
      vertex 11.065 72.8895 4.2
      vertex 11.2249 72.8577 4.2
      vertex 11.1225 72.8819 4.2
    endloop
  endfacet
  facet normal 0 0 1
    outer loop
      vertex 11.065 72.8895 4.2
      vertex 11.1225 72.8819 4.2
      vertex 11.094 72.8876 4.2
    endloop
  endfacet
  facet normal 0 0 1
    outer loop
      vertex 11.2249 72.8577 4.2
      vertex 11.065 72.8895 4.2
      vertex 10.9889 72.8944 4.2
    endloop
  endfacet
  facet normal 0 0 1
    outer loop
      vertex 11.7944 72.0889 4.2
      vertex -2 32.15 4.2
      vertex 11.34 31.35 4.2
    endloop
  endfacet
  facet normal 0 0 1
    outer loop
      vertex 11.34 24.95 4.2
      vertex 9.3 23.7 4.2
      vertex 11.7944 23.7 4.2
    endloop
  endfacet
  facet normal 0 -0 1
    outer loop
      vertex 5.275 26.15 4.2
      vertex 11.34 31.35 4.2
      vertex -2 32.15 4.2
    endloop
  endfacet
  facet normal -0 0 1
    outer loop
      vertex 5.5 20 4.2
      vertex 9.3 12 4.2
      vertex 9.3 23.7 4.2
    endloop
  endfacet
  facet normal 0 0 1
    outer loop
      vertex 11.34 24.95 4.2
      vertex 6.075 26.15 4.2
      vertex 9.3 23.7 4.2
    endloop
  endfacet
  facet normal -0 0 1
    outer loop
      vertex 6.075 24.95 4.2
      vertex 9.3 23.7 4.2
      vertex 6.075 26.15 4.2
    endloop
  endfacet
  facet normal 0 0 1
    outer loop
      vertex 5.5 20 4.2
      vertex 9.3 23.7 4.2
      vertex 6.075 24.95 4.2
    endloop
  endfacet
  facet normal 0 0 1
    outer loop
      vertex 11.34 31.35 4.2
      vertex 6.075 26.15 4.2
      vertex 11.34 24.95 4.2
    endloop
  endfacet
  facet normal 0 0 1
    outer loop
      vertex 0.4 24.95 4.2
      vertex 5.275 24.95 4.2
      vertex 5.275 26.15 4.2
    endloop
  endfacet
  facet normal 0 0 1
    outer loop
      vertex 11.34 31.35 4.2
      vertex 5.275 26.15 4.2
      vertex 6.075 26.15 4.2
    endloop
  endfacet
  facet normal 0 0 1
    outer loop
      vertex 5.275 24.95 4.2
      vertex 0.4 24.95 4.2
      vertex 1.5 20 4.2
    endloop
  endfacet
  facet normal 0 0 1
    outer loop
      vertex 0.4 24.95 4.2
      vertex 5.275 26.15 4.2
      vertex 0.4 26.15 4.2
    endloop
  endfacet
  facet normal 0 0 1
    outer loop
      vertex 5.275 26.15 4.2
      vertex -2 32.15 4.2
      vertex 0.4 26.15 4.2
    endloop
  endfacet
  facet normal 0 0 1
    outer loop
      vertex -2 26.75 4.2
      vertex -0.4 24.95 4.2
      vertex -0.4 26.15 4.2
    endloop
  endfacet
  facet normal -0 0 1
    outer loop
      vertex -2 26.75 4.2
      vertex -0.4 26.15 4.2
      vertex -2 32.15 4.2
    endloop
  endfacet
  facet normal 0 0 1
    outer loop
      vertex 0.4 26.15 4.2
      vertex -2 32.15 4.2
      vertex -0.4 26.15 4.2
    endloop
  endfacet
  facet normal 0 0 1
    outer loop
      vertex -8.2443 67.7635 4.2
      vertex 10.9889 72.8944 4.2
      vertex -8.21112 67.9303 4.2
    endloop
  endfacet
  facet normal -0 0 1
    outer loop
      vertex -8.21112 33.8303 4.2
      vertex -6 32.15 4.2
      vertex -8.2 34 4.2
    endloop
  endfacet
  facet normal -0 0 1
    outer loop
      vertex -8.29896 33.5025 4.2
      vertex -6 32.15 4.2
      vertex -8.2443 33.6635 4.2
    endloop
  endfacet
  facet normal 0 0 1
    outer loop
      vertex -6.3 1.5 4.2
      vertex -8 0 4.2
      vertex -6.3 0 4.2
    endloop
  endfacet
  facet normal 0 0 1
    outer loop
      vertex -6.075 24.95 4.2
      vertex -8 0 4.2
      vertex -6.3 1.5 4.2
    endloop
  endfacet
  facet normal -0 0 1
    outer loop
      vertex -8.2443 33.6635 4.2
      vertex -6 32.15 4.2
      vertex -8.21112 33.8303 4.2
    endloop
  endfacet
  facet normal -0 0 1
    outer loop
      vertex -8.37417 33.35 4.2
      vertex -6 32.15 4.2
      vertex -8.29896 33.5025 4.2
    endloop
  endfacet
  facet normal 0 0 1
    outer loop
      vertex -2 32.15 4.2
      vertex -8.2 34 4.2
      vertex -6 32.15 4.2
    endloop
  endfacet
  facet normal 0 0 1
    outer loop
      vertex 10.9889 72.8944 4.2
      vertex -8.2443 67.7635 4.2
      vertex 11.7944 72.0889 4.2
    endloop
  endfacet
  facet normal 0 0 1
    outer loop
      vertex 10.9889 72.8944 4.2
      vertex -8.21112 68.2697 4.2
      vertex -8.2 68.1 4.2
    endloop
  endfacet
  facet normal 0 0 1
    outer loop
      vertex 10.9889 72.8944 4.2
      vertex -8.2443 68.4365 4.2
      vertex -8.21112 68.2697 4.2
    endloop
  endfacet
  facet normal 0 0 1
    outer loop
      vertex 10.9889 72.8944 4.2
      vertex -8.29896 68.5975 4.2
      vertex -8.2443 68.4365 4.2
    endloop
  endfacet
  facet normal 0 0 1
    outer loop
      vertex 10.9889 72.8944 4.2
      vertex -8.37417 68.75 4.2
      vertex -8.29896 68.5975 4.2
    endloop
  endfacet
  facet normal 0 0 1
    outer loop
      vertex 10.9889 72.8944 4.2
      vertex -8.46864 68.8914 4.2
      vertex -8.37417 68.75 4.2
    endloop
  endfacet
  facet normal 0 0 1
    outer loop
      vertex 10.9889 72.8944 4.2
      vertex -8.58076 69.0192 4.2
      vertex -8.46864 68.8914 4.2
    endloop
  endfacet
  facet normal -0 0 1
    outer loop
      vertex -10.9889 72.8944 4.2
      vertex -8.58076 69.0192 4.2
      vertex 10.9889 72.8944 4.2
    endloop
  endfacet
  facet normal 0 0 1
    outer loop
      vertex -8.58076 69.0192 4.2
      vertex -10.9889 72.8944 4.2
      vertex -8.70861 69.1314 4.2
    endloop
  endfacet
  facet normal 0 0 1
    outer loop
      vertex -8.70861 69.1314 4.2
      vertex -10.9889 72.8944 4.2
      vertex -8.85 69.2258 4.2
    endloop
  endfacet
  facet normal 0 0 1
    outer loop
      vertex -8.85 69.2258 4.2
      vertex -10.9889 72.8944 4.2
      vertex -9.00251 69.301 4.2
    endloop
  endfacet
  facet normal 0 0 1
    outer loop
      vertex -9.00251 69.301 4.2
      vertex -10.9889 72.8944 4.2
      vertex -9.16354 69.3557 4.2
    endloop
  endfacet
  facet normal 0 0 1
    outer loop
      vertex -9.16354 69.3557 4.2
      vertex -10.9889 72.8944 4.2
      vertex -9.33032 69.3889 4.2
    endloop
  endfacet
  facet normal 0 0 1
    outer loop
      vertex -9.33032 69.3889 4.2
      vertex -10.9889 72.8944 4.2
      vertex -9.5 69.4 4.2
    endloop
  endfacet
  facet normal 0 0 1
    outer loop
      vertex -10.5314 68.8914 4.2
      vertex -11.8801 69.9263 4.2
      vertex -10.6258 68.75 4.2
    endloop
  endfacet
  facet normal -0 0 1
    outer loop
      vertex -11.8801 69.9263 4.2
      vertex -10.5314 68.8914 4.2
      vertex -11.7944 70.0239 4.2
    endloop
  endfacet
  facet normal 0 0 1
    outer loop
      vertex -10.4192 69.0192 4.2
      vertex -11.7944 70.0239 4.2
      vertex -10.5314 68.8914 4.2
    endloop
  endfacet
  facet normal 0 0 1
    outer loop
      vertex -10.2914 69.1314 4.2
      vertex -11.7944 70.0239 4.2
      vertex -10.4192 69.0192 4.2
    endloop
  endfacet
  facet normal 0 0 1
    outer loop
      vertex -10.15 69.2258 4.2
      vertex -11.7944 70.0239 4.2
      vertex -10.2914 69.1314 4.2
    endloop
  endfacet
  facet normal 0 0 1
    outer loop
      vertex -9.99749 69.301 4.2
      vertex -11.7944 70.0239 4.2
      vertex -10.15 69.2258 4.2
    endloop
  endfacet
  facet normal 0 0 1
    outer loop
      vertex -9.83646 69.3557 4.2
      vertex -11.7944 70.0239 4.2
      vertex -9.99749 69.301 4.2
    endloop
  endfacet
  facet normal 0 0 1
    outer loop
      vertex -11.7944 70.0239 4.2
      vertex -10.9889 72.8944 4.2
      vertex -11.3656 72.7994 4.2
    endloop
  endfacet
  facet normal -0 0 1
    outer loop
      vertex -11.2249 72.8577 4.2
      vertex -11.3656 72.7994 4.2
      vertex -11.065 72.8895 4.2
    endloop
  endfacet
  facet normal -0 0 1
    outer loop
      vertex -11.065 72.8895 4.2
      vertex -11.3656 72.7994 4.2
      vertex -10.9889 72.8944 4.2
    endloop
  endfacet
  facet normal -0 0 1
    outer loop
      vertex -11.7944 70.0239 4.2
      vertex -9.83646 69.3557 4.2
      vertex -10.9889 72.8944 4.2
    endloop
  endfacet
  facet normal 0 0 1
    outer loop
      vertex -9.66968 69.3889 4.2
      vertex -10.9889 72.8944 4.2
      vertex -9.83646 69.3557 4.2
    endloop
  endfacet
  facet normal 0 0 1
    outer loop
      vertex -9.5 69.4 4.2
      vertex -10.9889 72.8944 4.2
      vertex -9.66968 69.3889 4.2
    endloop
  endfacet
  facet normal 0 0 1
    outer loop
      vertex 13.35 72.2 4.2
      vertex 15.1 72.2 4.2
      vertex 15.0658 72.7221 4.2
    endloop
  endfacet
  facet normal 0 0 1
    outer loop
      vertex 15.1 72.2 4.2
      vertex 13.35 72.2 4.2
      vertex 15.1 2.4 4.2
    endloop
  endfacet
  facet normal 0 0 1
    outer loop
      vertex 13.3308 72.4937 4.2
      vertex 15.0658 72.7221 4.2
      vertex 14.9637 73.2353 4.2
    endloop
  endfacet
  facet normal 0 0 1
    outer loop
      vertex 13.35 2.4 4.2
      vertex 15.1 2.4 4.2
      vertex 13.35 72.2 4.2
    endloop
  endfacet
  facet normal 0 0 1
    outer loop
      vertex 13.2733 72.7823 4.2
      vertex 14.9637 73.2353 4.2
      vertex 14.7955 73.7307 4.2
    endloop
  endfacet
  facet normal 0 0 1
    outer loop
      vertex 15.1 2.4 4.2
      vertex 13.35 2.4 4.2
      vertex 15.0658 1.8779 4.2
    endloop
  endfacet
  facet normal 0 0 1
    outer loop
      vertex 13.1787 73.061 4.2
      vertex 14.7955 73.7307 4.2
      vertex 14.5641 74.2 4.2
    endloop
  endfacet
  facet normal -0 0 1
    outer loop
      vertex 13.3308 2.10632 4.2
      vertex 15.0658 1.8779 4.2
      vertex 13.35 2.4 4.2
    endloop
  endfacet
  facet normal 0 0 1
    outer loop
      vertex 13.0486 73.325 4.2
      vertex 14.5641 74.2 4.2
      vertex 14.2734 74.635 4.2
    endloop
  endfacet
  facet normal 0 0 1
    outer loop
      vertex 15.0658 1.8779 4.2
      vertex 13.3308 2.10632 4.2
      vertex 14.9637 1.36472 4.2
    endloop
  endfacet
  facet normal 0 0 1
    outer loop
      vertex 12.885 73.5697 4.2
      vertex 14.2734 74.635 4.2
      vertex 13.9284 75.0284 4.2
    endloop
  endfacet
  facet normal -0 0 1
    outer loop
      vertex 13.2733 1.81766 4.2
      vertex 14.9637 1.36472 4.2
      vertex 13.3308 2.10632 4.2
    endloop
  endfacet
  facet normal 0 0 1
    outer loop
      vertex 12.691 73.791 4.2
      vertex 13.9284 75.0284 4.2
      vertex 13.535 75.3734 4.2
    endloop
  endfacet
  facet normal 0 0 1
    outer loop
      vertex 14.9637 1.36472 4.2
      vertex 13.2733 1.81766 4.2
      vertex 14.7955 0.869267 4.2
    endloop
  endfacet
  facet normal -0 0 1
    outer loop
      vertex 13.1787 1.53896 4.2
      vertex 14.7955 0.869267 4.2
      vertex 13.2733 1.81766 4.2
    endloop
  endfacet
  facet normal 0 0 1
    outer loop
      vertex 15.0658 72.7221 4.2
      vertex 13.3308 72.4937 4.2
      vertex 13.35 72.2 4.2
    endloop
  endfacet
  facet normal 0 0 1
    outer loop
      vertex 14.9637 73.2353 4.2
      vertex 13.2733 72.7823 4.2
      vertex 13.3308 72.4937 4.2
    endloop
  endfacet
  facet normal 0 0 1
    outer loop
      vertex 14.7955 73.7307 4.2
      vertex 13.1787 73.061 4.2
      vertex 13.2733 72.7823 4.2
    endloop
  endfacet
  facet normal 0 0 1
    outer loop
      vertex 12.4697 73.985 4.2
      vertex 13.535 75.3734 4.2
      vertex 13.1 75.6641 4.2
    endloop
  endfacet
  facet normal 0 0 1
    outer loop
      vertex 14.5641 74.2 4.2
      vertex 13.0486 73.325 4.2
      vertex 13.1787 73.061 4.2
    endloop
  endfacet
  facet normal 0 0 1
    outer loop
      vertex 14.2734 74.635 4.2
      vertex 12.885 73.5697 4.2
      vertex 13.0486 73.325 4.2
    endloop
  endfacet
  facet normal 0 0 1
    outer loop
      vertex 13.9284 75.0284 4.2
      vertex 12.691 73.791 4.2
      vertex 12.885 73.5697 4.2
    endloop
  endfacet
  facet normal 0 0 1
    outer loop
      vertex 12.225 74.1486 4.2
      vertex 13.1 75.6641 4.2
      vertex 12.6307 75.8955 4.2
    endloop
  endfacet
  facet normal 0 0 1
    outer loop
      vertex 13.535 75.3734 4.2
      vertex 12.4697 73.985 4.2
      vertex 12.691 73.791 4.2
    endloop
  endfacet
  facet normal 0 0 1
    outer loop
      vertex 13.1 75.6641 4.2
      vertex 12.225 74.1486 4.2
      vertex 12.4697 73.985 4.2
    endloop
  endfacet
  facet normal 0 0 1
    outer loop
      vertex 11.961 74.2787 4.2
      vertex 12.6307 75.8955 4.2
      vertex 12.1353 76.0637 4.2
    endloop
  endfacet
  facet normal 0 0 1
    outer loop
      vertex 12.6307 75.8955 4.2
      vertex 11.961 74.2787 4.2
      vertex 12.225 74.1486 4.2
    endloop
  endfacet
  facet normal 0 0 1
    outer loop
      vertex 12.1353 76.0637 4.2
      vertex 11.6823 74.3733 4.2
      vertex 11.961 74.2787 4.2
    endloop
  endfacet
  facet normal 0 0 1
    outer loop
      vertex 11.6221 76.1658 4.2
      vertex 11.6823 74.3733 4.2
      vertex 12.1353 76.0637 4.2
    endloop
  endfacet
  facet normal 0 0 1
    outer loop
      vertex 11.6221 76.1658 4.2
      vertex 11.3937 74.4307 4.2
      vertex 11.6823 74.3733 4.2
    endloop
  endfacet
  facet normal 0 0 1
    outer loop
      vertex 11.1 76.2 4.2
      vertex 11.3937 74.4307 4.2
      vertex 11.6221 76.1658 4.2
    endloop
  endfacet
  facet normal 0 0 1
    outer loop
      vertex 11.1 76.2 4.2
      vertex 11.1 74.45 4.2
      vertex 11.3937 74.4307 4.2
    endloop
  endfacet
  facet normal -0 0 1
    outer loop
      vertex -11.1 76.2 4.2
      vertex 11.1 74.45 4.2
      vertex 11.1 76.2 4.2
    endloop
  endfacet
  facet normal 0 0 1
    outer loop
      vertex -11.1 76.2 4.2
      vertex -11.1 74.45 4.2
      vertex 11.1 74.45 4.2
    endloop
  endfacet
  facet normal 0 0 1
    outer loop
      vertex -11.1 76.2 4.2
      vertex -11.3937 74.4307 4.2
      vertex -11.1 74.45 4.2
    endloop
  endfacet
  facet normal -0 0 1
    outer loop
      vertex -11.6221 76.1658 4.2
      vertex -11.3937 74.4307 4.2
      vertex -11.1 76.2 4.2
    endloop
  endfacet
  facet normal 0 0 1
    outer loop
      vertex -11.6221 76.1658 4.2
      vertex -11.6823 74.3733 4.2
      vertex -11.3937 74.4307 4.2
    endloop
  endfacet
  facet normal -0 0 1
    outer loop
      vertex -12.1353 76.0637 4.2
      vertex -11.6823 74.3733 4.2
      vertex -11.6221 76.1658 4.2
    endloop
  endfacet
  facet normal 0 0 1
    outer loop
      vertex -11.6823 74.3733 4.2
      vertex -12.1353 76.0637 4.2
      vertex -11.961 74.2787 4.2
    endloop
  endfacet
  facet normal -0 0 1
    outer loop
      vertex -12.6307 75.8955 4.2
      vertex -11.961 74.2787 4.2
      vertex -12.1353 76.0637 4.2
    endloop
  endfacet
  facet normal 0 0 1
    outer loop
      vertex -11.961 74.2787 4.2
      vertex -12.6307 75.8955 4.2
      vertex -12.225 74.1486 4.2
    endloop
  endfacet
  facet normal -0 0 1
    outer loop
      vertex -13.1 75.6641 4.2
      vertex -12.225 74.1486 4.2
      vertex -12.6307 75.8955 4.2
    endloop
  endfacet
  facet normal 0 0 1
    outer loop
      vertex -12.225 74.1486 4.2
      vertex -13.1 75.6641 4.2
      vertex -12.4697 73.985 4.2
    endloop
  endfacet
  facet normal -0 0 1
    outer loop
      vertex -13.535 75.3734 4.2
      vertex -12.4697 73.985 4.2
      vertex -13.1 75.6641 4.2
    endloop
  endfacet
  facet normal 0 0 1
    outer loop
      vertex -12.4697 73.985 4.2
      vertex -13.535 75.3734 4.2
      vertex -12.691 73.791 4.2
    endloop
  endfacet
  facet normal 0 0 1
    outer loop
      vertex -12.691 73.791 4.2
      vertex -13.535 75.3734 4.2
      vertex -12.885 73.5697 4.2
    endloop
  endfacet
  facet normal 0 0 1
    outer loop
      vertex -12.885 73.5697 4.2
      vertex -13.535 75.3734 4.2
      vertex -13.0486 73.325 4.2
    endloop
  endfacet
  facet normal 0 0 1
    outer loop
      vertex -13.0486 73.325 4.2
      vertex -13.535 75.3734 4.2
      vertex -13.1787 73.061 4.2
    endloop
  endfacet
  facet normal 0 0 1
    outer loop
      vertex -15.1 72.2 4.2
      vertex -13.1787 73.061 4.2
      vertex -13.535 75.3734 4.2
    endloop
  endfacet
  facet normal 0 0 1
    outer loop
      vertex -13.3308 72.4937 4.2
      vertex -15.1 72.2 4.2
      vertex -13.35 72.2 4.2
    endloop
  endfacet
  facet normal 0 0 1
    outer loop
      vertex -13.2733 72.7823 4.2
      vertex -15.1 72.2 4.2
      vertex -13.3308 72.4937 4.2
    endloop
  endfacet
  facet normal 0 0 1
    outer loop
      vertex -13.1787 73.061 4.2
      vertex -15.1 72.2 4.2
      vertex -13.2733 72.7823 4.2
    endloop
  endfacet
  facet normal 0 0 1
    outer loop
      vertex 14.7955 0.869267 4.2
      vertex 13.1787 1.53896 4.2
      vertex 14.5641 0.4 4.2
    endloop
  endfacet
  facet normal -0 0 1
    outer loop
      vertex 13.0486 1.275 4.2
      vertex 14.5641 0.4 4.2
      vertex 13.1787 1.53896 4.2
    endloop
  endfacet
  facet normal 0 0 1
    outer loop
      vertex 14.5641 0.4 4.2
      vertex 13.0486 1.275 4.2
      vertex 14.2734 -0.0350447 4.2
    endloop
  endfacet
  facet normal -0 0 1
    outer loop
      vertex 12.885 1.03029 4.2
      vertex 14.2734 -0.0350447 4.2
      vertex 13.0486 1.275 4.2
    endloop
  endfacet
  facet normal 0 0 1
    outer loop
      vertex 14.2734 -0.0350447 4.2
      vertex 12.885 1.03029 4.2
      vertex 13.9284 -0.428426 4.2
    endloop
  endfacet
  facet normal -0 0 1
    outer loop
      vertex 12.691 0.80901 4.2
      vertex 13.9284 -0.428426 4.2
      vertex 12.885 1.03029 4.2
    endloop
  endfacet
  facet normal 0 0 1
    outer loop
      vertex 13.9284 -0.428426 4.2
      vertex 12.691 0.80901 4.2
      vertex 13.535 -0.773413 4.2
    endloop
  endfacet
  facet normal -0 0 1
    outer loop
      vertex 12.4697 0.614955 4.2
      vertex 13.535 -0.773413 4.2
      vertex 12.691 0.80901 4.2
    endloop
  endfacet
  facet normal 0 0 1
    outer loop
      vertex 13.535 -0.773413 4.2
      vertex 12.4697 0.614955 4.2
      vertex 13.1 -1.0641 4.2
    endloop
  endfacet
  facet normal -0 0 1
    outer loop
      vertex 12.225 0.451443 4.2
      vertex 13.1 -1.0641 4.2
      vertex 12.4697 0.614955 4.2
    endloop
  endfacet
  facet normal 0 0 1
    outer loop
      vertex 13.1 -1.0641 4.2
      vertex 12.225 0.451443 4.2
      vertex 12.6307 -1.29552 4.2
    endloop
  endfacet
  facet normal -0 0 1
    outer loop
      vertex 11.961 0.321271 4.2
      vertex 12.6307 -1.29552 4.2
      vertex 12.225 0.451443 4.2
    endloop
  endfacet
  facet normal 0 0 1
    outer loop
      vertex 12.6307 -1.29552 4.2
      vertex 11.961 0.321271 4.2
      vertex 12.1353 -1.4637 4.2
    endloop
  endfacet
  facet normal -0 0 1
    outer loop
      vertex 11.6823 0.226666 4.2
      vertex 12.1353 -1.4637 4.2
      vertex 11.961 0.321271 4.2
    endloop
  endfacet
  facet normal 0 0 1
    outer loop
      vertex 11.6823 0.226666 4.2
      vertex 11.6221 -1.56578 4.2
      vertex 12.1353 -1.4637 4.2
    endloop
  endfacet
  facet normal -0 0 1
    outer loop
      vertex 11.3937 0.169249 4.2
      vertex 11.6221 -1.56578 4.2
      vertex 11.6823 0.226666 4.2
    endloop
  endfacet
  facet normal -0 0 1
    outer loop
      vertex 11.1 0.15 4.2
      vertex 11.6221 -1.56578 4.2
      vertex 11.3937 0.169249 4.2
    endloop
  endfacet
  facet normal 0 0 1
    outer loop
      vertex 11.1 0.15 4.2
      vertex 11.1 -1.6 4.2
      vertex 11.6221 -1.56578 4.2
    endloop
  endfacet
  facet normal -0 0 1
    outer loop
      vertex 10.5 0.15 4.2
      vertex 11.1 -1.6 4.2
      vertex 11.1 0.15 4.2
    endloop
  endfacet
  facet normal 0 0 1
    outer loop
      vertex 10.5 1.70555 4.2
      vertex 8 0 4.2
      vertex 10.5 0.15 4.2
    endloop
  endfacet
  facet normal 0 0 1
    outer loop
      vertex 8 -1.6 4.2
      vertex 10.5 0.15 4.2
      vertex 8 0 4.2
    endloop
  endfacet
  facet normal 0 0 1
    outer loop
      vertex 10.5 0.15 4.2
      vertex 8 -1.6 4.2
      vertex 11.1 -1.6 4.2
    endloop
  endfacet
  facet normal 0 0 1
    outer loop
      vertex 8 0 4.2
      vertex 6.3 1.5 4.2
      vertex 6.3 0 4.2
    endloop
  endfacet
  facet normal 0 0 1
    outer loop
      vertex 5.5 2 4.2
      vertex 9.3 12 4.2
      vertex 5.5 20 4.2
    endloop
  endfacet
  facet normal 0 0 1
    outer loop
      vertex 10.5 1.70555 4.2
      vertex 6.3 1.5 4.2
      vertex 8 0 4.2
    endloop
  endfacet
  facet normal 0 0 1
    outer loop
      vertex 10.5 1.70555 4.2
      vertex 5.5 2 4.2
      vertex 6.3 1.5 4.2
    endloop
  endfacet
  facet normal -0 0 1
    outer loop
      vertex 1.5 2 4.2
      vertex 6.3 1.5 4.2
      vertex 5.5 2 4.2
    endloop
  endfacet
  facet normal 0 0 1
    outer loop
      vertex -1.5 20 4.2
      vertex 1.5 20 4.2
      vertex 0.4 24.95 4.2
    endloop
  endfacet
  facet normal 0 0 1
    outer loop
      vertex -1.5 20 4.2
      vertex 0.4 24.95 4.2
      vertex -0.4 24.95 4.2
    endloop
  endfacet
  facet normal 0 0 1
    outer loop
      vertex 1.5 20 4.2
      vertex -1.5 20 4.2
      vertex 1.5 2 4.2
    endloop
  endfacet
  facet normal 0 0 1
    outer loop
      vertex -1.5 2 4.2
      vertex 1.5 2 4.2
      vertex -1.5 20 4.2
    endloop
  endfacet
  facet normal -0 0 1
    outer loop
      vertex -1.5 2 4.2
      vertex 6.3 1.5 4.2
      vertex 1.5 2 4.2
    endloop
  endfacet
  facet normal 0 0 1
    outer loop
      vertex -6.3 1.5 4.2
      vertex -1.5 2 4.2
      vertex -5.5 2 4.2
    endloop
  endfacet
  facet normal 0 0 1
    outer loop
      vertex -1.5 2 4.2
      vertex -6.3 1.5 4.2
      vertex 6.3 1.5 4.2
    endloop
  endfacet
  facet normal 0 0 1
    outer loop
      vertex -5.5 20 4.2
      vertex -6.3 1.5 4.2
      vertex -5.5 2 4.2
    endloop
  endfacet
  facet normal 0 0 1
    outer loop
      vertex -0.4 24.95 4.2
      vertex -2 26.75 4.2
      vertex -5.275 24.95 4.2
    endloop
  endfacet
  facet normal 0 0 1
    outer loop
      vertex -5.275 24.95 4.2
      vertex -2 26.75 4.2
      vertex -5.275 26.15 4.2
    endloop
  endfacet
  facet normal 0 0 1
    outer loop
      vertex -0.4 24.95 4.2
      vertex -5.275 24.95 4.2
      vertex -1.5 20 4.2
    endloop
  endfacet
  facet normal 0 0 1
    outer loop
      vertex -5.275 24.95 4.2
      vertex -5.5 20 4.2
      vertex -1.5 20 4.2
    endloop
  endfacet
  facet normal 0 0 1
    outer loop
      vertex -6.3 1.5 4.2
      vertex -5.5 20 4.2
      vertex -6.075 24.95 4.2
    endloop
  endfacet
  facet normal -0 0 1
    outer loop
      vertex -6.075 24.95 4.2
      vertex -5.5 20 4.2
      vertex -5.275 24.95 4.2
    endloop
  endfacet
  facet normal 0 1 0
    outer loop
      vertex 8 0 7.20001
      vertex 6.5 0 8.4
      vertex 6.5 0 8.70001
    endloop
  endfacet
  facet normal 0 1 0
    outer loop
      vertex 6.5 0 8.4
      vertex 8 0 7.20001
      vertex 6.5 0 7.4
    endloop
  endfacet
  facet normal 0 1 0
    outer loop
      vertex 6.3 0 5.7
      vertex 6.5 0 7.4
      vertex 8 0 7.20001
    endloop
  endfacet
  facet normal -0 1 0
    outer loop
      vertex 4.65 0 7.2
      vertex 6.5 0 7.4
      vertex 6.3 0 5.7
    endloop
  endfacet
  facet normal 0 1 0
    outer loop
      vertex 4.65 0 7.2
      vertex 6.3 0 5.7
      vertex -4.65 0 7.2
    endloop
  endfacet
  facet normal 0 1 0
    outer loop
      vertex 6.5 0 7.4
      vertex 4.65 0 7.2
      vertex 4.65 0 7.4
    endloop
  endfacet
  facet normal 0 1 -0
    outer loop
      vertex 8 0 4.2
      vertex 6.3 0 5.7
      vertex 8 0 7.20001
    endloop
  endfacet
  facet normal 0 1 0
    outer loop
      vertex 6.3 0 5.7
      vertex 8 0 4.2
      vertex 6.3 0 4.2
    endloop
  endfacet
  facet normal 0 1 -0
    outer loop
      vertex 6.5 0 8.70001
      vertex 4.65 0 10.7
      vertex 6.5 0 10.7
    endloop
  endfacet
  facet normal 0 1 0
    outer loop
      vertex 4.65 0 8.4
      vertex 6.5 0 8.70001
      vertex 6.5 0 8.4
    endloop
  endfacet
  facet normal 0 1 0
    outer loop
      vertex 6.5 0 8.70001
      vertex 4.65 0 8.4
      vertex 4.65 0 10.7
    endloop
  endfacet
  facet normal 0 1 -0
    outer loop
      vertex -4.65 0 7.2
      vertex -6.5 0 7.4
      vertex -4.65 0 7.4
    endloop
  endfacet
  facet normal 0 1 0
    outer loop
      vertex -6.5 0 7.4
      vertex -4.65 0 7.2
      vertex -6.3 0 5.7
    endloop
  endfacet
  facet normal 0 1 0
    outer loop
      vertex -6.3 0 5.7
      vertex -4.65 0 7.2
      vertex 6.3 0 5.7
    endloop
  endfacet
  facet normal 0 1 0
    outer loop
      vertex -6.5 0 7.4
      vertex -6.3 0 5.7
      vertex -8 0 7.20001
    endloop
  endfacet
  facet normal 0 1 0
    outer loop
      vertex -8 0 4.2
      vertex -6.3 0 5.7
      vertex -6.3 0 4.2
    endloop
  endfacet
  facet normal 0 1 0
    outer loop
      vertex -6.3 0 5.7
      vertex -8 0 4.2
      vertex -8 0 7.20001
    endloop
  endfacet
  facet normal 0 1 0
    outer loop
      vertex -4.65 0 10.7
      vertex -6.5 0 8.70001
      vertex -6.5 0 10.7
    endloop
  endfacet
  facet normal 0 1 -0
    outer loop
      vertex -4.65 0 8.4
      vertex -6.5 0 8.70001
      vertex -4.65 0 10.7
    endloop
  endfacet
  facet normal 0 1 0
    outer loop
      vertex -6.5 0 8.4
      vertex -6.5 0 8.70001
      vertex -4.65 0 8.4
    endloop
  endfacet
  facet normal 0 1 0
    outer loop
      vertex -8 0 7.20001
      vertex -6.5 0 8.4
      vertex -6.5 0 7.4
    endloop
  endfacet
  facet normal 0 1 -0
    outer loop
      vertex -6.5 0 8.4
      vertex -8 0 7.20001
      vertex -6.5 0 8.70001
    endloop
  endfacet
  facet normal -0 0 1
    outer loop
      vertex -4.65 0 7.2
      vertex 4.65 -1.6 7.2
      vertex 4.65 0 7.2
    endloop
  endfacet
  facet normal 0 0 1
    outer loop
      vertex 4.65 -1.6 7.2
      vertex -4.65 0 7.2
      vertex -4.65 -1.6 7.2
    endloop
  endfacet
  facet normal 0.707107 -0 0.707107
    outer loop
      vertex 6.5 -1.6 8.70001
      vertex 8 0 7.20001
      vertex 6.5 0 8.70001
    endloop
  endfacet
  facet normal 0.707107 0 0.707107
    outer loop
      vertex 8 0 7.20001
      vertex 6.5 -1.6 8.70001
      vertex 8 -1.6 7.20001
    endloop
  endfacet
  facet normal 1 -0 0
    outer loop
      vertex 8 -1.6 7.20001
      vertex 8 0 4.2
      vertex 8 0 7.20001
    endloop
  endfacet
  facet normal 1 0 0
    outer loop
      vertex 8 0 4.2
      vertex 8 -1.6 7.20001
      vertex 8 -1.6 4.2
    endloop
  endfacet
  facet normal -1 0 0
    outer loop
      vertex -8 -1.6 4.2
      vertex -8 0 7.20001
      vertex -8 0 4.2
    endloop
  endfacet
  facet normal -1 -0 0
    outer loop
      vertex -8 0 7.20001
      vertex -8 -1.6 4.2
      vertex -8 -1.6 7.20001
    endloop
  endfacet
  facet normal -0.707107 0 0.707107
    outer loop
      vertex -8 -1.6 7.20001
      vertex -6.5 0 8.70001
      vertex -8 0 7.20001
    endloop
  endfacet
  facet normal -0.707107 0 0.707107
    outer loop
      vertex -6.5 0 8.70001
      vertex -8 -1.6 7.20001
      vertex -6.5 -1.6 8.70001
    endloop
  endfacet
  facet normal -1 0 0
    outer loop
      vertex -6.5 -1.6 8.70001
      vertex -6.5 0 10.7
      vertex -6.5 0 8.70001
    endloop
  endfacet
  facet normal -1 -0 0
    outer loop
      vertex -6.5 0 10.7
      vertex -6.5 -1.6 8.70001
      vertex -6.5 -1.6 10.7
    endloop
  endfacet
  facet normal -0 0 1
    outer loop
      vertex 4.65 0 10.7
      vertex 6.5 -1.6 10.7
      vertex 6.5 0 10.7
    endloop
  endfacet
  facet normal 0 0 1
    outer loop
      vertex 6.5 -1.6 10.7
      vertex 4.65 0 10.7
      vertex 4.65 -1.6 10.7
    endloop
  endfacet
  facet normal -0 0 1
    outer loop
      vertex -6.5 0 10.7
      vertex -4.65 -1.6 10.7
      vertex -4.65 0 10.7
    endloop
  endfacet
  facet normal 0 0 1
    outer loop
      vertex -4.65 -1.6 10.7
      vertex -6.5 0 10.7
      vertex -6.5 -1.6 10.7
    endloop
  endfacet
  facet normal 1 -0 0
    outer loop
      vertex 6.5 -1.6 10.7
      vertex 6.5 0 8.70001
      vertex 6.5 0 10.7
    endloop
  endfacet
  facet normal 1 0 0
    outer loop
      vertex 6.5 0 8.70001
      vertex 6.5 -1.6 10.7
      vertex 6.5 -1.6 8.70001
    endloop
  endfacet
  facet normal -1 0 0
    outer loop
      vertex 4.65 -1.6 7.2
      vertex 4.65 0 7.4
      vertex 4.65 0 7.2
    endloop
  endfacet
  facet normal -1 -0 0
    outer loop
      vertex 4.65 0 7.4
      vertex 4.65 -1.6 7.2
      vertex 4.65 0 8.4
    endloop
  endfacet
  facet normal -1 0 0
    outer loop
      vertex 4.65 -1.6 10.7
      vertex 4.65 0 8.4
      vertex 4.65 -1.6 7.2
    endloop
  endfacet
  facet normal -1 0 0
    outer loop
      vertex 4.65 0 8.4
      vertex 4.65 -1.6 10.7
      vertex 4.65 0 10.7
    endloop
  endfacet
  facet normal 1 -0 0
    outer loop
      vertex -4.65 -1.6 10.7
      vertex -4.65 0 8.4
      vertex -4.65 0 10.7
    endloop
  endfacet
  facet normal 1 0 0
    outer loop
      vertex -4.65 -1.6 7.2
      vertex -4.65 0 8.4
      vertex -4.65 -1.6 10.7
    endloop
  endfacet
  facet normal 1 0 0
    outer loop
      vertex -4.65 0 8.4
      vertex -4.65 -1.6 7.2
      vertex -4.65 0 7.4
    endloop
  endfacet
  facet normal 1 0 0
    outer loop
      vertex -4.65 0 7.4
      vertex -4.65 -1.6 7.2
      vertex -4.65 0 7.2
    endloop
  endfacet
  facet normal -0 0.640185 0.768221
    outer loop
      vertex -6.5 0.549999 7.95
      vertex -4.65 0.00999928 8.4
      vertex -4.65 0.549999 7.95
    endloop
  endfacet
  facet normal 0 0.640185 0.768221
    outer loop
      vertex -4.65 0.00999928 8.4
      vertex -6.5 0.549999 7.95
      vertex -6.5 0.00999928 8.4
    endloop
  endfacet
  facet normal 0 1 -0
    outer loop
      vertex -4.65 0.549999 7.85
      vertex -6.5 0.549999 7.95
      vertex -4.65 0.549999 7.95
    endloop
  endfacet
  facet normal 0 1 0
    outer loop
      vertex -6.5 0.549999 7.95
      vertex -4.65 0.549999 7.85
      vertex -6.5 0.549999 7.85
    endloop
  endfacet
  facet normal 0 0.640185 -0.768221
    outer loop
      vertex -6.5 0.00999928 7.4
      vertex -4.65 0.549999 7.85
      vertex -4.65 0.00999928 7.4
    endloop
  endfacet
  facet normal 0 0.640185 -0.768221
    outer loop
      vertex -4.65 0.549999 7.85
      vertex -6.5 0.00999928 7.4
      vertex -6.5 0.549999 7.85
    endloop
  endfacet
  facet normal -0 0 1
    outer loop
      vertex -6.5 0.00999928 8.4
      vertex -4.65 0 8.4
      vertex -4.65 0.00999928 8.4
    endloop
  endfacet
  facet normal 0 0 1
    outer loop
      vertex -4.65 0 8.4
      vertex -6.5 0.00999928 8.4
      vertex -6.5 0 8.4
    endloop
  endfacet
  facet normal -1 0 0
    outer loop
      vertex -6.5 0.00999928 7.4
      vertex -6.5 0.549999 7.95
      vertex -6.5 0.549999 7.85
    endloop
  endfacet
  facet normal -1 0 0
    outer loop
      vertex -6.5 0.00999928 7.4
      vertex -6.5 0.00999928 8.4
      vertex -6.5 0.549999 7.95
    endloop
  endfacet
  facet normal -1 0 0
    outer loop
      vertex -6.5 0 7.4
      vertex -6.5 0.00999928 8.4
      vertex -6.5 0.00999928 7.4
    endloop
  endfacet
  facet normal -1 -0 0
    outer loop
      vertex -6.5 0.00999928 8.4
      vertex -6.5 0 7.4
      vertex -6.5 0 8.4
    endloop
  endfacet
  facet normal 0 0 -1
    outer loop
      vertex -6.5 0 7.4
      vertex -4.65 0.00999928 7.4
      vertex -4.65 0 7.4
    endloop
  endfacet
  facet normal -0 0 -1
    outer loop
      vertex -4.65 0.00999928 7.4
      vertex -6.5 0 7.4
      vertex -6.5 0.00999928 7.4
    endloop
  endfacet
  facet normal 1 0 0
    outer loop
      vertex -4.65 0.00999928 8.4
      vertex -4.65 0.549999 7.85
      vertex -4.65 0.549999 7.95
    endloop
  endfacet
  facet normal 1 0 0
    outer loop
      vertex -4.65 0.00999928 8.4
      vertex -4.65 0.00999928 7.4
      vertex -4.65 0.549999 7.85
    endloop
  endfacet
  facet normal 1 -0 0
    outer loop
      vertex -4.65 0 8.4
      vertex -4.65 0.00999928 7.4
      vertex -4.65 0.00999928 8.4
    endloop
  endfacet
  facet normal 1 0 0
    outer loop
      vertex -4.65 0.00999928 7.4
      vertex -4.65 0 8.4
      vertex -4.65 0 7.4
    endloop
  endfacet
  facet normal -0 0.640185 0.768221
    outer loop
      vertex 4.65 0.549999 7.95
      vertex 6.5 0.00999928 8.4
      vertex 6.5 0.549999 7.95
    endloop
  endfacet
  facet normal 0 0.640185 0.768221
    outer loop
      vertex 6.5 0.00999928 8.4
      vertex 4.65 0.549999 7.95
      vertex 4.65 0.00999928 8.4
    endloop
  endfacet
  facet normal 0 1 -0
    outer loop
      vertex 6.5 0.549999 7.85
      vertex 4.65 0.549999 7.95
      vertex 6.5 0.549999 7.95
    endloop
  endfacet
  facet normal 0 1 0
    outer loop
      vertex 4.65 0.549999 7.95
      vertex 6.5 0.549999 7.85
      vertex 4.65 0.549999 7.85
    endloop
  endfacet
  facet normal 0 0.640185 -0.768221
    outer loop
      vertex 4.65 0.00999928 7.4
      vertex 6.5 0.549999 7.85
      vertex 6.5 0.00999928 7.4
    endloop
  endfacet
  facet normal 0 0.640185 -0.768221
    outer loop
      vertex 6.5 0.549999 7.85
      vertex 4.65 0.00999928 7.4
      vertex 4.65 0.549999 7.85
    endloop
  endfacet
  facet normal -0 0 1
    outer loop
      vertex 4.65 0.00999928 8.4
      vertex 6.5 0 8.4
      vertex 6.5 0.00999928 8.4
    endloop
  endfacet
  facet normal 0 0 1
    outer loop
      vertex 6.5 0 8.4
      vertex 4.65 0.00999928 8.4
      vertex 4.65 0 8.4
    endloop
  endfacet
  facet normal -1 0 0
    outer loop
      vertex 4.65 0.00999928 7.4
      vertex 4.65 0.549999 7.95
      vertex 4.65 0.549999 7.85
    endloop
  endfacet
  facet normal -1 0 0
    outer loop
      vertex 4.65 0.00999928 7.4
      vertex 4.65 0.00999928 8.4
      vertex 4.65 0.549999 7.95
    endloop
  endfacet
  facet normal -1 0 0
    outer loop
      vertex 4.65 0 7.4
      vertex 4.65 0.00999928 8.4
      vertex 4.65 0.00999928 7.4
    endloop
  endfacet
  facet normal -1 -0 0
    outer loop
      vertex 4.65 0.00999928 8.4
      vertex 4.65 0 7.4
      vertex 4.65 0 8.4
    endloop
  endfacet
  facet normal 0 0 -1
    outer loop
      vertex 4.65 0 7.4
      vertex 6.5 0.00999928 7.4
      vertex 6.5 0 7.4
    endloop
  endfacet
  facet normal -0 0 -1
    outer loop
      vertex 6.5 0.00999928 7.4
      vertex 4.65 0 7.4
      vertex 4.65 0.00999928 7.4
    endloop
  endfacet
  facet normal 1 0 0
    outer loop
      vertex 6.5 0.00999928 8.4
      vertex 6.5 0.549999 7.85
      vertex 6.5 0.549999 7.95
    endloop
  endfacet
  facet normal 1 0 0
    outer loop
      vertex 6.5 0.00999928 8.4
      vertex 6.5 0.00999928 7.4
      vertex 6.5 0.549999 7.85
    endloop
  endfacet
  facet normal 1 -0 0
    outer loop
      vertex 6.5 0 8.4
      vertex 6.5 0.00999928 7.4
      vertex 6.5 0.00999928 8.4
    endloop
  endfacet
  facet normal 1 0 0
    outer loop
      vertex 6.5 0.00999928 7.4
      vertex 6.5 0 8.4
      vertex 6.5 0 7.4
    endloop
  endfacet
  facet normal 0.980815 -0.19494 -2.17675e-18
    outer loop
      vertex -12.4743 34.3916 5.7
      vertex -12.3978 34.7765 4.2
      vertex -12.3978 34.7765 5.7
    endloop
  endfacet
  facet normal 0.980815 -0.19494 -2.17675e-18
    outer loop
      vertex -12.3978 34.7765 4.2
      vertex -12.4743 34.3916 5.7
      vertex -12.4743 34.3916 4.2
    endloop
  endfacet
  facet normal 0.831501 -0.555523 0
    outer loop
      vertex -12.0981 35.5 4.2
      vertex -11.8801 35.8263 4.39263
      vertex -12.0981 35.5 4.88317
    endloop
  endfacet
  facet normal 0.831501 -0.555523 0
    outer loop
      vertex -11.8801 35.8263 4.39263
      vertex -12.0981 35.5 4.2
      vertex -11.8801 35.8263 4.2
    endloop
  endfacet
  facet normal 0.946858 -0.321651 -2.11916e-18
    outer loop
      vertex -12.3978 34.7765 5.7
      vertex -12.2716 35.148 4.2
      vertex -12.2716 35.148 5.7
    endloop
  endfacet
  facet normal 0.946858 -0.321651 -2.11916e-18
    outer loop
      vertex -12.2716 35.148 4.2
      vertex -12.3978 34.7765 5.7
      vertex -12.3978 34.7765 4.2
    endloop
  endfacet
  facet normal 0.831501 0.555523 -1.2203e-17
    outer loop
      vertex -11.8801 32.1737 4.39263
      vertex -12.0981 32.5 4.2
      vertex -12.0981 32.5 4.88317
    endloop
  endfacet
  facet normal 0.831501 0.555523 -4.32784e-17
    outer loop
      vertex -12.0981 32.5 4.2
      vertex -11.8801 32.1737 4.39263
      vertex -11.8801 32.1737 4.2
    endloop
  endfacet
  facet normal 0.896958 -0.442116 0
    outer loop
      vertex -12.15 35.3947 5.7
      vertex -12.2716 35.148 5.7
      vertex -12.15 35.3947 5
    endloop
  endfacet
  facet normal 0.896965 -0.442101 -5.95005e-06
    outer loop
      vertex -12.2716 35.148 4.2
      vertex -12.0981 35.5 4.88317
      vertex -12.15 35.3947 5
    endloop
  endfacet
  facet normal 0.896958 -0.442116 0
    outer loop
      vertex -12.2716 35.148 4.2
      vertex -12.15 35.3947 5
      vertex -12.2716 35.148 5.7
    endloop
  endfacet
  facet normal 0.896961 -0.44211 0
    outer loop
      vertex -12.0981 35.5 4.88317
      vertex -12.2716 35.148 4.2
      vertex -12.0981 35.5 4.2
    endloop
  endfacet
  facet normal 0.751431 0.659812 1.50003e-17
    outer loop
      vertex -11.7944 32.0761 4.2
      vertex -11.8801 32.1737 4.2
      vertex -11.8801 32.1737 4.39263
    endloop
  endfacet
  facet normal 0.980815 0.19494 2.17675e-18
    outer loop
      vertex -12.3978 33.2235 5.7
      vertex -12.4743 33.6084 4.2
      vertex -12.4743 33.6084 5.7
    endloop
  endfacet
  facet normal 0.980815 0.19494 2.17675e-18
    outer loop
      vertex -12.4743 33.6084 4.2
      vertex -12.3978 33.2235 5.7
      vertex -12.3978 33.2235 4.2
    endloop
  endfacet
  facet normal 0.997853 -0.0654873 1.4509e-18
    outer loop
      vertex -12.5 34 5.7
      vertex -12.4743 34.3916 4.2
      vertex -12.4743 34.3916 5.7
    endloop
  endfacet
  facet normal 0.997853 -0.0654873 1.4509e-18
    outer loop
      vertex -12.4743 34.3916 4.2
      vertex -12.5 34 5.7
      vertex -12.5 34 4.2
    endloop
  endfacet
  facet normal 0.946858 0.321651 2.11916e-18
    outer loop
      vertex -12.2716 32.852 5.7
      vertex -12.3978 33.2235 4.2
      vertex -12.3978 33.2235 5.7
    endloop
  endfacet
  facet normal 0.946858 0.321651 2.11916e-18
    outer loop
      vertex -12.3978 33.2235 4.2
      vertex -12.2716 32.852 5.7
      vertex -12.2716 32.852 4.2
    endloop
  endfacet
  facet normal 0.751431 -0.659812 0
    outer loop
      vertex -11.8801 35.8263 4.2
      vertex -11.7944 35.9239 4.2
      vertex -11.8801 35.8263 4.39263
    endloop
  endfacet
  facet normal 0.896958 0.442116 -0
    outer loop
      vertex -12.15 32.6053 5
      vertex -12.2716 32.852 5.7
      vertex -12.15 32.6053 5.7
    endloop
  endfacet
  facet normal 0.896958 0.442116 0
    outer loop
      vertex -12.2716 32.852 5.7
      vertex -12.15 32.6053 5
      vertex -12.2716 32.852 4.2
    endloop
  endfacet
  facet normal 0.896965 0.442101 -5.95005e-06
    outer loop
      vertex -12.0981 32.5 4.88317
      vertex -12.2716 32.852 4.2
      vertex -12.15 32.6053 5
    endloop
  endfacet
  facet normal 0.896961 0.44211 3.90254e-18
    outer loop
      vertex -12.2716 32.852 4.2
      vertex -12.0981 32.5 4.88317
      vertex -12.0981 32.5 4.2
    endloop
  endfacet
  facet normal 0.997853 0.0654873 -1.4509e-18
    outer loop
      vertex -12.4743 33.6084 5.7
      vertex -12.5 34 4.2
      vertex -12.5 34 5.7
    endloop
  endfacet
  facet normal 0.997853 0.0654873 -1.4509e-18
    outer loop
      vertex -12.5 34 4.2
      vertex -12.4743 33.6084 5.7
      vertex -12.4743 33.6084 4.2
    endloop
  endfacet
  facet normal 0.896958 -0.442116 0
    outer loop
      vertex -12.15 69.4947 5.7
      vertex -12.2716 69.248 5.7
      vertex -12.15 69.4947 5
    endloop
  endfacet
  facet normal 0.896965 -0.442101 -5.95005e-06
    outer loop
      vertex -12.2716 69.248 4.2
      vertex -12.0981 69.6 4.88317
      vertex -12.15 69.4947 5
    endloop
  endfacet
  facet normal 0.896958 -0.442116 0
    outer loop
      vertex -12.2716 69.248 4.2
      vertex -12.15 69.4947 5
      vertex -12.2716 69.248 5.7
    endloop
  endfacet
  facet normal 0.896961 -0.44211 0
    outer loop
      vertex -12.0981 69.6 4.88317
      vertex -12.2716 69.248 4.2
      vertex -12.0981 69.6 4.2
    endloop
  endfacet
  facet normal 0.946858 0.321651 4.81678e-18
    outer loop
      vertex -12.2716 66.952 5.7
      vertex -12.3978 67.3235 4.2
      vertex -12.3978 67.3235 5.7
    endloop
  endfacet
  facet normal 0.946858 0.321651 4.81678e-18
    outer loop
      vertex -12.3978 67.3235 4.2
      vertex -12.2716 66.952 5.7
      vertex -12.2716 66.952 4.2
    endloop
  endfacet
  facet normal 0.980815 0.19494 2.17675e-18
    outer loop
      vertex -12.3978 67.3235 5.7
      vertex -12.4743 67.7084 4.2
      vertex -12.4743 67.7084 5.7
    endloop
  endfacet
  facet normal 0.980815 0.19494 2.17675e-18
    outer loop
      vertex -12.4743 67.7084 4.2
      vertex -12.3978 67.3235 5.7
      vertex -12.3978 67.3235 4.2
    endloop
  endfacet
  facet normal 0.831501 0.555523 -1.93477e-19
    outer loop
      vertex -11.8801 66.2737 4.39263
      vertex -12.0981 66.6 4.2
      vertex -12.0981 66.6 4.88317
    endloop
  endfacet
  facet normal 0.831501 0.555523 -6.86175e-19
    outer loop
      vertex -12.0981 66.6 4.2
      vertex -11.8801 66.2737 4.39263
      vertex -11.8801 66.2737 4.2
    endloop
  endfacet
  facet normal 0.751431 -0.659812 0
    outer loop
      vertex -11.8801 69.9263 4.2
      vertex -11.7944 70.0239 4.2
      vertex -11.8801 69.9263 4.39263
    endloop
  endfacet
  facet normal 0.896958 0.442116 -0
    outer loop
      vertex -12.15 66.7053 5
      vertex -12.2716 66.952 5.7
      vertex -12.15 66.7053 5.7
    endloop
  endfacet
  facet normal 0.896958 0.442116 0
    outer loop
      vertex -12.2716 66.952 5.7
      vertex -12.15 66.7053 5
      vertex -12.2716 66.952 4.2
    endloop
  endfacet
  facet normal 0.896965 0.442101 -5.95005e-06
    outer loop
      vertex -12.0981 66.6 4.88317
      vertex -12.2716 66.952 4.2
      vertex -12.15 66.7053 5
    endloop
  endfacet
  facet normal 0.896961 0.44211 1.25988e-17
    outer loop
      vertex -12.2716 66.952 4.2
      vertex -12.0981 66.6 4.88317
      vertex -12.0981 66.6 4.2
    endloop
  endfacet
  facet normal 0.997853 -0.0654873 7.88275e-20
    outer loop
      vertex -12.5 68.1 5.7
      vertex -12.4743 68.4916 4.2
      vertex -12.4743 68.4916 5.7
    endloop
  endfacet
  facet normal 0.997853 -0.0654873 7.88275e-20
    outer loop
      vertex -12.4743 68.4916 4.2
      vertex -12.5 68.1 5.7
      vertex -12.5 68.1 4.2
    endloop
  endfacet
  facet normal 0.997853 0.0654873 -1.4509e-18
    outer loop
      vertex -12.4743 67.7084 5.7
      vertex -12.5 68.1 4.2
      vertex -12.5 68.1 5.7
    endloop
  endfacet
  facet normal 0.997853 0.0654873 -1.4509e-18
    outer loop
      vertex -12.5 68.1 4.2
      vertex -12.4743 67.7084 5.7
      vertex -12.4743 67.7084 4.2
    endloop
  endfacet
  facet normal 0.980815 -0.19494 1.68969e-18
    outer loop
      vertex -12.4743 68.4916 5.7
      vertex -12.3978 68.8765 4.2
      vertex -12.3978 68.8765 5.7
    endloop
  endfacet
  facet normal 0.980815 -0.19494 1.68969e-18
    outer loop
      vertex -12.3978 68.8765 4.2
      vertex -12.4743 68.4916 5.7
      vertex -12.4743 68.4916 4.2
    endloop
  endfacet
  facet normal 0.946858 -0.321651 5.78461e-19
    outer loop
      vertex -12.3978 68.8765 5.7
      vertex -12.2716 69.248 4.2
      vertex -12.2716 69.248 5.7
    endloop
  endfacet
  facet normal 0.946858 -0.321651 5.78461e-19
    outer loop
      vertex -12.2716 69.248 4.2
      vertex -12.3978 68.8765 5.7
      vertex -12.3978 68.8765 4.2
    endloop
  endfacet
  facet normal 0.831501 -0.555523 0
    outer loop
      vertex -12.0981 69.6 4.2
      vertex -11.8801 69.9263 4.39263
      vertex -12.0981 69.6 4.88317
    endloop
  endfacet
  facet normal 0.831501 -0.555523 0
    outer loop
      vertex -11.8801 69.9263 4.39263
      vertex -12.0981 69.6 4.2
      vertex -11.8801 69.9263 4.2
    endloop
  endfacet
  facet normal 0.751431 0.659812 1.50003e-17
    outer loop
      vertex -11.7944 66.1761 4.2
      vertex -11.8801 66.2737 4.2
      vertex -11.8801 66.2737 4.39263
    endloop
  endfacet
  facet normal -0.99787 -0.065238 7.74397e-19
    outer loop
      vertex -13.3308 2.10632 4.2
      vertex -13.35 2.4 5.7
      vertex -13.35 2.4 4.2
    endloop
  endfacet
  facet normal -0.99787 -0.065238 7.74397e-19
    outer loop
      vertex -13.35 2.4 5.7
      vertex -13.3308 2.10632 4.2
      vertex -13.3308 2.10632 5.7
    endloop
  endfacet
  facet normal -0.555797 0.831318 0
    outer loop
      vertex -12.225 74.1486 4.2
      vertex -12.4697 73.985 5.7
      vertex -12.225 74.1486 5.7
    endloop
  endfacet
  facet normal -0.555797 0.831318 0
    outer loop
      vertex -12.4697 73.985 5.7
      vertex -12.225 74.1486 4.2
      vertex -12.4697 73.985 4.2
    endloop
  endfacet
  facet normal -0.946936 -0.321421 2.51077e-20
    outer loop
      vertex -13.1787 1.53896 4.2
      vertex -13.2733 1.81766 5.7
      vertex -13.2733 1.81766 4.2
    endloop
  endfacet
  facet normal -0.946936 -0.321421 2.51077e-20
    outer loop
      vertex -13.2733 1.81766 5.7
      vertex -13.1787 1.53896 4.2
      vertex -13.1787 1.53896 5.7
    endloop
  endfacet
  facet normal -0.659202 0.751966 0
    outer loop
      vertex -12.4697 73.985 4.2
      vertex -12.691 73.791 5.7
      vertex -12.4697 73.985 5.7
    endloop
  endfacet
  facet normal -0.659202 0.751966 0
    outer loop
      vertex -12.691 73.791 5.7
      vertex -12.4697 73.985 4.2
      vertex -12.691 73.791 4.2
    endloop
  endfacet
  facet normal 1 -0 0
    outer loop
      vertex 13.35 29.8564 5.7
      vertex 13.35 72.2 4.2
      vertex 13.35 72.2 5.7
    endloop
  endfacet
  facet normal 1 0 0
    outer loop
      vertex 13.35 24.95 5.7
      vertex 13.35 27.15 8.4
      vertex 13.35 24.95 8.4
    endloop
  endfacet
  facet normal 1 0 0
    outer loop
      vertex 13.35 27.15 8.4
      vertex 13.35 24.95 5.7
      vertex 13.35 29.8564 5.7
    endloop
  endfacet
  facet normal 1 0 0
    outer loop
      vertex 13.35 2.4 4.2
      vertex 13.35 29.8564 5.7
      vertex 13.35 24.95 5.7
    endloop
  endfacet
  facet normal 1 0 0
    outer loop
      vertex 13.35 2.4 4.2
      vertex 13.35 24.95 5.7
      vertex 13.35 2.4 5.7
    endloop
  endfacet
  facet normal 1 0 0
    outer loop
      vertex 13.35 29.8564 5.7
      vertex 13.35 2.4 4.2
      vertex 13.35 72.2 4.2
    endloop
  endfacet
  facet normal -0.896968 -0.442096 -4.83243e-18
    outer loop
      vertex -13.0486 1.275 4.2
      vertex -13.1787 1.53896 5.7
      vertex -13.1787 1.53896 4.2
    endloop
  endfacet
  facet normal -0.896968 -0.442096 -4.83243e-18
    outer loop
      vertex -13.1787 1.53896 5.7
      vertex -13.0486 1.275 4.2
      vertex -13.0486 1.275 5.7
    endloop
  endfacet
  facet normal -0.99787 0.0652336 3.70468e-20
    outer loop
      vertex -13.35 72.2 4.2
      vertex -13.3308 72.4937 5.7
      vertex -13.3308 72.4937 4.2
    endloop
  endfacet
  facet normal -0.99787 0.0652336 3.70468e-20
    outer loop
      vertex -13.3308 72.4937 5.7
      vertex -13.35 72.2 4.2
      vertex -13.35 72.2 5.7
    endloop
  endfacet
  facet normal 0.659308 -0.751873 0
    outer loop
      vertex 12.4697 0.614955 4.2
      vertex 12.691 0.80901 5.7
      vertex 12.4697 0.614955 5.7
    endloop
  endfacet
  facet normal 0.659308 -0.751873 0
    outer loop
      vertex 12.691 0.80901 5.7
      vertex 12.4697 0.614955 4.2
      vertex 12.691 0.80901 4.2
    endloop
  endfacet
  facet normal 0.555797 0.831318 -0
    outer loop
      vertex 12.4697 73.985 4.2
      vertex 12.225 74.1486 5.7
      vertex 12.4697 73.985 5.7
    endloop
  endfacet
  facet normal 0.555797 0.831318 0
    outer loop
      vertex 12.225 74.1486 5.7
      vertex 12.4697 73.985 4.2
      vertex 12.225 74.1486 4.2
    endloop
  endfacet
  facet normal 0.99787 -0.065238 -7.74397e-19
    outer loop
      vertex 13.3308 2.10632 5.7
      vertex 13.35 2.4 4.2
      vertex 13.35 2.4 5.7
    endloop
  endfacet
  facet normal 0.99787 -0.065238 -7.74397e-19
    outer loop
      vertex 13.35 2.4 4.2
      vertex 13.3308 2.10632 5.7
      vertex 13.3308 2.10632 4.2
    endloop
  endfacet
  facet normal -0.980724 0.195397 3.64852e-18
    outer loop
      vertex -13.3308 72.4937 4.2
      vertex -13.2733 72.7823 5.7
      vertex -13.2733 72.7823 4.2
    endloop
  endfacet
  facet normal -0.980724 0.195397 3.64852e-18
    outer loop
      vertex -13.2733 72.7823 5.7
      vertex -13.3308 72.4937 4.2
      vertex -13.3308 72.4937 5.7
    endloop
  endfacet
  facet normal -0.659308 -0.751873 0
    outer loop
      vertex -12.691 0.80901 4.2
      vertex -12.4697 0.614955 5.7
      vertex -12.691 0.80901 5.7
    endloop
  endfacet
  facet normal -0.659308 -0.751873 -0
    outer loop
      vertex -12.4697 0.614955 5.7
      vertex -12.691 0.80901 4.2
      vertex -12.4697 0.614955 4.2
    endloop
  endfacet
  facet normal -0.0653994 -0.997859 0
    outer loop
      vertex -11.3937 0.169249 4.2
      vertex -11.1 0.15 5.7
      vertex -11.3937 0.169249 5.7
    endloop
  endfacet
  facet normal -0.0653994 -0.997859 -0
    outer loop
      vertex -11.1 0.15 5.7
      vertex -11.3937 0.169249 4.2
      vertex -11.1 0.15 4.2
    endloop
  endfacet
  facet normal 0.751936 -0.659236 5.34854e-19
    outer loop
      vertex 12.691 0.80901 5.7
      vertex 12.885 1.03029 4.2
      vertex 12.885 1.03029 5.7
    endloop
  endfacet
  facet normal 0.751936 -0.659236 5.34854e-19
    outer loop
      vertex 12.885 1.03029 4.2
      vertex 12.691 0.80901 5.7
      vertex 12.691 0.80901 4.2
    endloop
  endfacet
  facet normal -0.321421 0.946936 0
    outer loop
      vertex -11.6823 74.3733 4.2
      vertex -11.961 74.2787 5.7
      vertex -11.6823 74.3733 5.7
    endloop
  endfacet
  facet normal -0.321421 0.946936 0
    outer loop
      vertex -11.961 74.2787 5.7
      vertex -11.6823 74.3733 4.2
      vertex -11.961 74.2787 4.2
    endloop
  endfacet
  facet normal 0.19507 0.980789 -0
    outer loop
      vertex 11.6823 74.3733 4.2
      vertex 11.3937 74.4307 5.7
      vertex 11.6823 74.3733 5.7
    endloop
  endfacet
  facet normal 0.19507 0.980789 0
    outer loop
      vertex 11.3937 74.4307 5.7
      vertex 11.6823 74.3733 4.2
      vertex 11.3937 74.4307 4.2
    endloop
  endfacet
  facet normal 0.195126 -0.980778 0
    outer loop
      vertex 11.3937 0.169249 4.2
      vertex 11.6823 0.226666 5.7
      vertex 11.3937 0.169249 5.7
    endloop
  endfacet
  facet normal 0.195126 -0.980778 0
    outer loop
      vertex 11.6823 0.226666 5.7
      vertex 11.3937 0.169249 4.2
      vertex 11.6823 0.226666 4.2
    endloop
  endfacet
  facet normal 0.980732 -0.195358 1.65556e-18
    outer loop
      vertex 13.2733 1.81766 5.7
      vertex 13.3308 2.10632 4.2
      vertex 13.3308 2.10632 5.7
    endloop
  endfacet
  facet normal 0.980732 -0.195358 1.65556e-18
    outer loop
      vertex 13.3308 2.10632 4.2
      vertex 13.2733 1.81766 5.7
      vertex 13.2733 1.81766 4.2
    endloop
  endfacet
  facet normal -1 0 0
    outer loop
      vertex -13.35 72.2 4.2
      vertex -13.35 29.8564 5.7
      vertex -13.35 72.2 5.7
    endloop
  endfacet
  facet normal -1 0 0
    outer loop
      vertex -13.35 29.8564 5.7
      vertex -13.35 24.95 5.7
      vertex -13.35 27.15 8.4
    endloop
  endfacet
  facet normal -1 0 0
    outer loop
      vertex -13.35 2.4 4.2
      vertex -13.35 29.8564 5.7
      vertex -13.35 72.2 4.2
    endloop
  endfacet
  facet normal -1 -0 0
    outer loop
      vertex -13.35 29.8564 5.7
      vertex -13.35 2.4 4.2
      vertex -13.35 24.95 5.7
    endloop
  endfacet
  facet normal -1 -0 0
    outer loop
      vertex -13.35 24.95 5.7
      vertex -13.35 2.4 4.2
      vertex -13.35 2.4 5.7
    endloop
  endfacet
  facet normal -1 -0 0
    outer loop
      vertex -13.35 27.15 8.4
      vertex -13.35 24.95 5.7
      vertex -13.35 24.95 8.4
    endloop
  endfacet
  facet normal -0.0655719 0.997848 0
    outer loop
      vertex -11.1 74.45 4.2
      vertex -11.3937 74.4307 5.7
      vertex -11.1 74.45 5.7
    endloop
  endfacet
  facet normal -0.0655719 0.997848 0
    outer loop
      vertex -11.3937 74.4307 5.7
      vertex -11.1 74.45 4.2
      vertex -11.3937 74.4307 4.2
    endloop
  endfacet
  facet normal 0.946936 0.321421 -1.25744e-18
    outer loop
      vertex 13.2733 72.7823 5.7
      vertex 13.1787 73.061 4.2
      vertex 13.1787 73.061 5.7
    endloop
  endfacet
  facet normal 0.946936 0.321421 -1.25744e-18
    outer loop
      vertex 13.1787 73.061 4.2
      vertex 13.2733 72.7823 5.7
      vertex 13.2733 72.7823 4.2
    endloop
  endfacet
  facet normal 0.896968 -0.442096 4.83243e-18
    outer loop
      vertex 13.0486 1.275 5.7
      vertex 13.1787 1.53896 4.2
      vertex 13.1787 1.53896 5.7
    endloop
  endfacet
  facet normal 0.896968 -0.442096 4.83243e-18
    outer loop
      vertex 13.1787 1.53896 4.2
      vertex 13.0486 1.275 5.7
      vertex 13.0486 1.275 4.2
    endloop
  endfacet
  facet normal 0 -1 0
    outer loop
      vertex 10.5 0.15 4.2
      vertex 11.1 0.15 5.7
      vertex 10.5 0.15 5.7
    endloop
  endfacet
  facet normal 0 -1 -0
    outer loop
      vertex 11.1 0.15 5.7
      vertex 10.5 0.15 4.2
      vertex 11.1 0.15 4.2
    endloop
  endfacet
  facet normal 0 -1 0
    outer loop
      vertex -11.1 0.15 4.2
      vertex -10.5 0.15 5.7
      vertex -11.1 0.15 5.7
    endloop
  endfacet
  facet normal 0 -1 -0
    outer loop
      vertex -10.5 0.15 5.7
      vertex -11.1 0.15 4.2
      vertex -10.5 0.15 4.2
    endloop
  endfacet
  facet normal 0.555591 -0.831456 0
    outer loop
      vertex 12.225 0.451443 4.2
      vertex 12.4697 0.614955 5.7
      vertex 12.225 0.451443 5.7
    endloop
  endfacet
  facet normal 0.555591 -0.831456 0
    outer loop
      vertex 12.4697 0.614955 5.7
      vertex 12.225 0.451443 4.2
      vertex 12.4697 0.614955 4.2
    endloop
  endfacet
  facet normal -0.831328 -0.555782 -1.70993e-18
    outer loop
      vertex -12.885 1.03029 4.2
      vertex -13.0486 1.275 5.7
      vertex -13.0486 1.275 4.2
    endloop
  endfacet
  facet normal -0.831328 -0.555782 -1.70993e-18
    outer loop
      vertex -13.0486 1.275 5.7
      vertex -12.885 1.03029 4.2
      vertex -12.885 1.03029 5.7
    endloop
  endfacet
  facet normal -0.19507 0.980789 0
    outer loop
      vertex -11.3937 74.4307 4.2
      vertex -11.6823 74.3733 5.7
      vertex -11.3937 74.4307 5.7
    endloop
  endfacet
  facet normal -0.19507 0.980789 0
    outer loop
      vertex -11.6823 74.3733 5.7
      vertex -11.3937 74.4307 4.2
      vertex -11.6823 74.3733 4.2
    endloop
  endfacet
  facet normal 0.659202 0.751966 -0
    outer loop
      vertex 12.691 73.791 4.2
      vertex 12.4697 73.985 5.7
      vertex 12.691 73.791 5.7
    endloop
  endfacet
  facet normal 0.659202 0.751966 0
    outer loop
      vertex 12.4697 73.985 5.7
      vertex 12.691 73.791 4.2
      vertex 12.4697 73.985 4.2
    endloop
  endfacet
  facet normal 0 1 -0
    outer loop
      vertex 11.1 74.45 4.2
      vertex -11.1 74.45 5.7
      vertex 11.1 74.45 5.7
    endloop
  endfacet
  facet normal 0 1 0
    outer loop
      vertex -11.1 74.45 5.7
      vertex 11.1 74.45 4.2
      vertex -11.1 74.45 4.2
    endloop
  endfacet
  facet normal -0.751936 -0.659236 -5.34854e-19
    outer loop
      vertex -12.691 0.80901 4.2
      vertex -12.885 1.03029 5.7
      vertex -12.885 1.03029 4.2
    endloop
  endfacet
  facet normal -0.751936 -0.659236 -5.34854e-19
    outer loop
      vertex -12.885 1.03029 5.7
      vertex -12.691 0.80901 4.2
      vertex -12.691 0.80901 5.7
    endloop
  endfacet
  facet normal 0.0655719 0.997848 -0
    outer loop
      vertex 11.3937 74.4307 4.2
      vertex 11.1 74.45 5.7
      vertex 11.3937 74.4307 5.7
    endloop
  endfacet
  facet normal 0.0655719 0.997848 0
    outer loop
      vertex 11.1 74.45 5.7
      vertex 11.3937 74.4307 4.2
      vertex 11.1 74.45 4.2
    endloop
  endfacet
  facet normal 0.0653994 -0.997859 0
    outer loop
      vertex 11.1 0.15 4.2
      vertex 11.3937 0.169249 5.7
      vertex 11.1 0.15 5.7
    endloop
  endfacet
  facet normal 0.0653994 -0.997859 0
    outer loop
      vertex 11.3937 0.169249 5.7
      vertex 11.1 0.15 4.2
      vertex 11.3937 0.169249 4.2
    endloop
  endfacet
  facet normal -0.946936 0.321421 1.25744e-18
    outer loop
      vertex -13.2733 72.7823 4.2
      vertex -13.1787 73.061 5.7
      vertex -13.1787 73.061 4.2
    endloop
  endfacet
  facet normal -0.946936 0.321421 1.25744e-18
    outer loop
      vertex -13.1787 73.061 5.7
      vertex -13.2733 72.7823 4.2
      vertex -13.2733 72.7823 5.7
    endloop
  endfacet
  facet normal -0.321437 -0.946931 0
    outer loop
      vertex -11.961 0.321271 4.2
      vertex -11.6823 0.226666 5.7
      vertex -11.961 0.321271 5.7
    endloop
  endfacet
  facet normal -0.321437 -0.946931 -0
    outer loop
      vertex -11.6823 0.226666 5.7
      vertex -11.961 0.321271 4.2
      vertex -11.6823 0.226666 4.2
    endloop
  endfacet
  facet normal 0.896995 0.442042 7.22474e-18
    outer loop
      vertex 13.1787 73.061 5.7
      vertex 13.0486 73.325 4.2
      vertex 13.0486 73.325 5.7
    endloop
  endfacet
  facet normal 0.896995 0.442042 7.22474e-18
    outer loop
      vertex 13.0486 73.325 4.2
      vertex 13.1787 73.061 5.7
      vertex 13.1787 73.061 4.2
    endloop
  endfacet
  facet normal 0.946936 -0.321421 -2.51077e-20
    outer loop
      vertex 13.1787 1.53896 5.7
      vertex 13.2733 1.81766 4.2
      vertex 13.2733 1.81766 5.7
    endloop
  endfacet
  facet normal 0.946936 -0.321421 -2.51077e-20
    outer loop
      vertex 13.2733 1.81766 4.2
      vertex 13.1787 1.53896 5.7
      vertex 13.1787 1.53896 4.2
    endloop
  endfacet
  facet normal -0.751966 0.659202 6.15105e-18
    outer loop
      vertex -12.885 73.5697 4.2
      vertex -12.691 73.791 5.7
      vertex -12.691 73.791 4.2
    endloop
  endfacet
  facet normal -0.751966 0.659202 6.15105e-18
    outer loop
      vertex -12.691 73.791 5.7
      vertex -12.885 73.5697 4.2
      vertex -12.885 73.5697 5.7
    endloop
  endfacet
  facet normal 0.99787 0.0652336 -3.70468e-20
    outer loop
      vertex 13.35 72.2 5.7
      vertex 13.3308 72.4937 4.2
      vertex 13.3308 72.4937 5.7
    endloop
  endfacet
  facet normal 0.99787 0.0652336 -3.70468e-20
    outer loop
      vertex 13.3308 72.4937 4.2
      vertex 13.35 72.2 5.7
      vertex 13.35 72.2 4.2
    endloop
  endfacet
  facet normal 0.321437 -0.946931 0
    outer loop
      vertex 11.6823 0.226666 4.2
      vertex 11.961 0.321271 5.7
      vertex 11.6823 0.226666 5.7
    endloop
  endfacet
  facet normal 0.321437 -0.946931 0
    outer loop
      vertex 11.961 0.321271 5.7
      vertex 11.6823 0.226666 4.2
      vertex 11.961 0.321271 4.2
    endloop
  endfacet
  facet normal -0.831318 0.555797 -2.85563e-18
    outer loop
      vertex -13.0486 73.325 4.2
      vertex -12.885 73.5697 5.7
      vertex -12.885 73.5697 4.2
    endloop
  endfacet
  facet normal -0.831318 0.555797 -2.85563e-18
    outer loop
      vertex -12.885 73.5697 5.7
      vertex -13.0486 73.325 4.2
      vertex -13.0486 73.325 5.7
    endloop
  endfacet
  facet normal -0.555591 -0.831456 0
    outer loop
      vertex -12.4697 0.614955 4.2
      vertex -12.225 0.451443 5.7
      vertex -12.4697 0.614955 5.7
    endloop
  endfacet
  facet normal -0.555591 -0.831456 -0
    outer loop
      vertex -12.225 0.451443 5.7
      vertex -12.4697 0.614955 4.2
      vertex -12.225 0.451443 4.2
    endloop
  endfacet
  facet normal 0.751966 0.659202 -6.15105e-18
    outer loop
      vertex 12.885 73.5697 5.7
      vertex 12.691 73.791 4.2
      vertex 12.691 73.791 5.7
    endloop
  endfacet
  facet normal 0.751966 0.659202 -6.15105e-18
    outer loop
      vertex 12.691 73.791 4.2
      vertex 12.885 73.5697 5.7
      vertex 12.885 73.5697 4.2
    endloop
  endfacet
  facet normal 0.831318 0.555797 2.85563e-18
    outer loop
      vertex 13.0486 73.325 5.7
      vertex 12.885 73.5697 4.2
      vertex 12.885 73.5697 5.7
    endloop
  endfacet
  facet normal 0.831318 0.555797 2.85563e-18
    outer loop
      vertex 12.885 73.5697 4.2
      vertex 13.0486 73.325 5.7
      vertex 13.0486 73.325 4.2
    endloop
  endfacet
  facet normal 0.831328 -0.555782 1.70993e-18
    outer loop
      vertex 12.885 1.03029 5.7
      vertex 13.0486 1.275 4.2
      vertex 13.0486 1.275 5.7
    endloop
  endfacet
  facet normal 0.831328 -0.555782 1.70993e-18
    outer loop
      vertex 13.0486 1.275 4.2
      vertex 12.885 1.03029 5.7
      vertex 12.885 1.03029 4.2
    endloop
  endfacet
  facet normal -0.896995 0.442042 -7.22474e-18
    outer loop
      vertex -13.1787 73.061 4.2
      vertex -13.0486 73.325 5.7
      vertex -13.0486 73.325 4.2
    endloop
  endfacet
  facet normal -0.896995 0.442042 -7.22474e-18
    outer loop
      vertex -13.0486 73.325 5.7
      vertex -13.1787 73.061 4.2
      vertex -13.1787 73.061 5.7
    endloop
  endfacet
  facet normal 0.980724 0.195397 -3.64852e-18
    outer loop
      vertex 13.3308 72.4937 5.7
      vertex 13.2733 72.7823 4.2
      vertex 13.2733 72.7823 5.7
    endloop
  endfacet
  facet normal 0.980724 0.195397 -3.64852e-18
    outer loop
      vertex 13.2733 72.7823 4.2
      vertex 13.3308 72.4937 5.7
      vertex 13.3308 72.4937 4.2
    endloop
  endfacet
  facet normal 0.442042 0.896995 -0
    outer loop
      vertex 12.225 74.1486 4.2
      vertex 11.961 74.2787 5.7
      vertex 12.225 74.1486 5.7
    endloop
  endfacet
  facet normal 0.442042 0.896995 0
    outer loop
      vertex 11.961 74.2787 5.7
      vertex 12.225 74.1486 4.2
      vertex 11.961 74.2787 4.2
    endloop
  endfacet
  facet normal -0.195126 -0.980778 0
    outer loop
      vertex -11.6823 0.226666 4.2
      vertex -11.3937 0.169249 5.7
      vertex -11.6823 0.226666 5.7
    endloop
  endfacet
  facet normal -0.195126 -0.980778 -0
    outer loop
      vertex -11.3937 0.169249 5.7
      vertex -11.6823 0.226666 4.2
      vertex -11.3937 0.169249 4.2
    endloop
  endfacet
  facet normal 0.321421 0.946936 -0
    outer loop
      vertex 11.961 74.2787 4.2
      vertex 11.6823 74.3733 5.7
      vertex 11.961 74.2787 5.7
    endloop
  endfacet
  facet normal 0.321421 0.946936 0
    outer loop
      vertex 11.6823 74.3733 5.7
      vertex 11.961 74.2787 4.2
      vertex 11.6823 74.3733 4.2
    endloop
  endfacet
  facet normal -0.442042 0.896995 0
    outer loop
      vertex -11.961 74.2787 4.2
      vertex -12.225 74.1486 5.7
      vertex -11.961 74.2787 5.7
    endloop
  endfacet
  facet normal -0.442042 0.896995 0
    outer loop
      vertex -12.225 74.1486 5.7
      vertex -11.961 74.2787 4.2
      vertex -12.225 74.1486 4.2
    endloop
  endfacet
  facet normal -0.442238 -0.896898 0
    outer loop
      vertex -12.225 0.451443 4.2
      vertex -11.961 0.321271 5.7
      vertex -12.225 0.451443 5.7
    endloop
  endfacet
  facet normal -0.442238 -0.896898 -0
    outer loop
      vertex -11.961 0.321271 5.7
      vertex -12.225 0.451443 4.2
      vertex -11.961 0.321271 4.2
    endloop
  endfacet
  facet normal -0.980732 -0.195358 -1.65556e-18
    outer loop
      vertex -13.2733 1.81766 4.2
      vertex -13.3308 2.10632 5.7
      vertex -13.3308 2.10632 4.2
    endloop
  endfacet
  facet normal -0.980732 -0.195358 -1.65556e-18
    outer loop
      vertex -13.3308 2.10632 5.7
      vertex -13.2733 1.81766 4.2
      vertex -13.2733 1.81766 5.7
    endloop
  endfacet
  facet normal 0.442238 -0.896898 0
    outer loop
      vertex 11.961 0.321271 4.2
      vertex 12.225 0.451443 5.7
      vertex 11.961 0.321271 5.7
    endloop
  endfacet
  facet normal 0.442238 -0.896898 0
    outer loop
      vertex 12.225 0.451443 5.7
      vertex 11.961 0.321271 4.2
      vertex 12.225 0.451443 4.2
    endloop
  endfacet
  facet normal 0 0 1
    outer loop
      vertex 13.3308 72.4937 5.7
      vertex 12.141 72.3371 5.7
      vertex 12.15 72.2 5.7
    endloop
  endfacet
  facet normal 0 0 1
    outer loop
      vertex 12.4697 73.985 5.7
      vertex 12.1142 72.4718 5.7
      vertex 12.141 72.3371 5.7
    endloop
  endfacet
  facet normal 0 0 1
    outer loop
      vertex 12.4697 73.985 5.7
      vertex 12.0701 72.6018 5.7
      vertex 12.1142 72.4718 5.7
    endloop
  endfacet
  facet normal 0 0 1
    outer loop
      vertex 12.4697 73.985 5.7
      vertex 12.0093 72.725 5.7
      vertex 12.0701 72.6018 5.7
    endloop
  endfacet
  facet normal 0 0 1
    outer loop
      vertex 11.625 73.1093 5.7
      vertex 12.225 74.1486 5.7
      vertex 11.961 74.2787 5.7
    endloop
  endfacet
  facet normal 0 0 1
    outer loop
      vertex 12.4697 73.985 5.7
      vertex 11.933 72.8392 5.7
      vertex 12.0093 72.725 5.7
    endloop
  endfacet
  facet normal 0 0 1
    outer loop
      vertex 12.4697 73.985 5.7
      vertex 11.8425 72.9425 5.7
      vertex 11.933 72.8392 5.7
    endloop
  endfacet
  facet normal 0 0 1
    outer loop
      vertex 12.4697 73.985 5.7
      vertex 11.7392 73.033 5.7
      vertex 11.8425 72.9425 5.7
    endloop
  endfacet
  facet normal 0 0 1
    outer loop
      vertex 11.5018 73.1701 5.7
      vertex 11.961 74.2787 5.7
      vertex 11.6823 74.3733 5.7
    endloop
  endfacet
  facet normal 0 0 1
    outer loop
      vertex 12.225 74.1486 5.7
      vertex 11.625 73.1093 5.7
      vertex 11.7392 73.033 5.7
    endloop
  endfacet
  facet normal 0 0 1
    outer loop
      vertex 11.961 74.2787 5.7
      vertex 11.5018 73.1701 5.7
      vertex 11.625 73.1093 5.7
    endloop
  endfacet
  facet normal 0 0 1
    outer loop
      vertex 11.3718 73.2142 5.7
      vertex 11.6823 74.3733 5.7
      vertex 11.3937 74.4307 5.7
    endloop
  endfacet
  facet normal 0 0 1
    outer loop
      vertex 11.6823 74.3733 5.7
      vertex 11.3718 73.2142 5.7
      vertex 11.5018 73.1701 5.7
    endloop
  endfacet
  facet normal 0 0 1
    outer loop
      vertex 11.3937 74.4307 5.7
      vertex 11.2371 73.241 5.7
      vertex 11.3718 73.2142 5.7
    endloop
  endfacet
  facet normal 0 0 1
    outer loop
      vertex 11.1 74.45 5.7
      vertex 11.2371 73.241 5.7
      vertex 11.3937 74.4307 5.7
    endloop
  endfacet
  facet normal 0 0 1
    outer loop
      vertex 11.1 74.45 5.7
      vertex 11.1 73.25 5.7
      vertex 11.2371 73.241 5.7
    endloop
  endfacet
  facet normal -0 0 1
    outer loop
      vertex -11.1 74.45 5.7
      vertex 11.1 73.25 5.7
      vertex 11.1 74.45 5.7
    endloop
  endfacet
  facet normal 0 0 1
    outer loop
      vertex -11.1 74.45 5.7
      vertex -11.1 73.25 5.7
      vertex 11.1 73.25 5.7
    endloop
  endfacet
  facet normal 0 0 1
    outer loop
      vertex -11.1 74.45 5.7
      vertex -11.2371 73.241 5.7
      vertex -11.1 73.25 5.7
    endloop
  endfacet
  facet normal -0 0 1
    outer loop
      vertex -11.3937 74.4307 5.7
      vertex -11.2371 73.241 5.7
      vertex -11.1 74.45 5.7
    endloop
  endfacet
  facet normal 0 0 1
    outer loop
      vertex -11.2371 73.241 5.7
      vertex -11.3937 74.4307 5.7
      vertex -11.3718 73.2142 5.7
    endloop
  endfacet
  facet normal -0 0 1
    outer loop
      vertex -11.6823 74.3733 5.7
      vertex -11.3718 73.2142 5.7
      vertex -11.3937 74.4307 5.7
    endloop
  endfacet
  facet normal 0 0 1
    outer loop
      vertex -11.3718 73.2142 5.7
      vertex -11.6823 74.3733 5.7
      vertex -11.5018 73.1701 5.7
    endloop
  endfacet
  facet normal -0 0 1
    outer loop
      vertex -11.961 74.2787 5.7
      vertex -11.5018 73.1701 5.7
      vertex -11.6823 74.3733 5.7
    endloop
  endfacet
  facet normal 0 0 1
    outer loop
      vertex -11.5018 73.1701 5.7
      vertex -11.961 74.2787 5.7
      vertex -11.625 73.1093 5.7
    endloop
  endfacet
  facet normal -0 0 1
    outer loop
      vertex -12.225 74.1486 5.7
      vertex -11.625 73.1093 5.7
      vertex -11.961 74.2787 5.7
    endloop
  endfacet
  facet normal 0 0 1
    outer loop
      vertex -11.625 73.1093 5.7
      vertex -12.225 74.1486 5.7
      vertex -11.7392 73.033 5.7
    endloop
  endfacet
  facet normal -0 0 1
    outer loop
      vertex -12.4697 73.985 5.7
      vertex -11.7392 73.033 5.7
      vertex -12.225 74.1486 5.7
    endloop
  endfacet
  facet normal 0 0 1
    outer loop
      vertex -11.7392 73.033 5.7
      vertex -12.4697 73.985 5.7
      vertex -11.8425 72.9425 5.7
    endloop
  endfacet
  facet normal -0 0 1
    outer loop
      vertex -12.691 73.791 5.7
      vertex -11.8425 72.9425 5.7
      vertex -12.4697 73.985 5.7
    endloop
  endfacet
  facet normal 0 0 1
    outer loop
      vertex -11.8425 72.9425 5.7
      vertex -12.691 73.791 5.7
      vertex -11.933 72.8392 5.7
    endloop
  endfacet
  facet normal -0 0 1
    outer loop
      vertex -12.885 73.5697 5.7
      vertex -11.933 72.8392 5.7
      vertex -12.691 73.791 5.7
    endloop
  endfacet
  facet normal 0 0 1
    outer loop
      vertex -11.933 72.8392 5.7
      vertex -12.885 73.5697 5.7
      vertex -12.0093 72.725 5.7
    endloop
  endfacet
  facet normal -0 0 1
    outer loop
      vertex -13.0486 73.325 5.7
      vertex -12.0093 72.725 5.7
      vertex -12.885 73.5697 5.7
    endloop
  endfacet
  facet normal 0 0 1
    outer loop
      vertex -12.0093 72.725 5.7
      vertex -13.0486 73.325 5.7
      vertex -12.0701 72.6018 5.7
    endloop
  endfacet
  facet normal 0 0 1
    outer loop
      vertex -12.15 72.2 5.7
      vertex -13.35 72.2 5.7
      vertex -12.15 69.4947 5.7
    endloop
  endfacet
  facet normal 0 0 1
    outer loop
      vertex -12.15 69.4947 5.7
      vertex -13.35 72.2 5.7
      vertex -12.2716 69.248 5.7
    endloop
  endfacet
  facet normal -0 0 1
    outer loop
      vertex -13.1787 73.061 5.7
      vertex -12.0701 72.6018 5.7
      vertex -13.0486 73.325 5.7
    endloop
  endfacet
  facet normal 0 0 1
    outer loop
      vertex -12.2716 69.248 5.7
      vertex -13.35 72.2 5.7
      vertex -12.3978 68.8765 5.7
    endloop
  endfacet
  facet normal 0 0 1
    outer loop
      vertex -12.3978 68.8765 5.7
      vertex -13.35 72.2 5.7
      vertex -12.4743 68.4916 5.7
    endloop
  endfacet
  facet normal 0 0 1
    outer loop
      vertex -12.4743 68.4916 5.7
      vertex -13.35 72.2 5.7
      vertex -12.5 68.1 5.7
    endloop
  endfacet
  facet normal 0 0 1
    outer loop
      vertex -12.0701 72.6018 5.7
      vertex -13.1787 73.061 5.7
      vertex -12.1142 72.4718 5.7
    endloop
  endfacet
  facet normal 0 0 1
    outer loop
      vertex 12.15 72.2 5.7
      vertex 13.35 72.2 5.7
      vertex 13.3308 72.4937 5.7
    endloop
  endfacet
  facet normal 0 0 1
    outer loop
      vertex 12.141 72.3371 5.7
      vertex 13.3308 72.4937 5.7
      vertex 13.2733 72.7823 5.7
    endloop
  endfacet
  facet normal 0 0 1
    outer loop
      vertex 12.141 72.3371 5.7
      vertex 13.2733 72.7823 5.7
      vertex 13.1787 73.061 5.7
    endloop
  endfacet
  facet normal 0 0 1
    outer loop
      vertex 12.141 72.3371 5.7
      vertex 13.1787 73.061 5.7
      vertex 13.0486 73.325 5.7
    endloop
  endfacet
  facet normal 0 0 1
    outer loop
      vertex 12.141 72.3371 5.7
      vertex 13.0486 73.325 5.7
      vertex 12.885 73.5697 5.7
    endloop
  endfacet
  facet normal 0 0 1
    outer loop
      vertex 12.141 72.3371 5.7
      vertex 12.885 73.5697 5.7
      vertex 12.691 73.791 5.7
    endloop
  endfacet
  facet normal 0 0 1
    outer loop
      vertex 12.141 72.3371 5.7
      vertex 12.691 73.791 5.7
      vertex 12.4697 73.985 5.7
    endloop
  endfacet
  facet normal 0 0 1
    outer loop
      vertex 11.7392 73.033 5.7
      vertex 12.4697 73.985 5.7
      vertex 12.225 74.1486 5.7
    endloop
  endfacet
  facet normal 0 0 1
    outer loop
      vertex 13.35 72.2 5.7
      vertex 12.15 72.2 5.7
      vertex 13.35 29.8564 5.7
    endloop
  endfacet
  facet normal 0 0 1
    outer loop
      vertex 13.35 29.8564 5.7
      vertex 12.15 72.2 5.7
      vertex 12.15 29.8564 5.7
    endloop
  endfacet
  facet normal 0 0 1
    outer loop
      vertex -12.2716 66.952 5.7
      vertex -12.15 35.3947 5.7
      vertex -12.15 66.7053 5.7
    endloop
  endfacet
  facet normal 0 0 1
    outer loop
      vertex -12.2716 66.952 5.7
      vertex -12.2716 35.148 5.7
      vertex -12.15 35.3947 5.7
    endloop
  endfacet
  facet normal 0 0 1
    outer loop
      vertex -12.3978 67.3235 5.7
      vertex -12.2716 35.148 5.7
      vertex -12.2716 66.952 5.7
    endloop
  endfacet
  facet normal 0 0 1
    outer loop
      vertex -12.3978 67.3235 5.7
      vertex -12.3978 34.7765 5.7
      vertex -12.2716 35.148 5.7
    endloop
  endfacet
  facet normal 0 0 1
    outer loop
      vertex -12.4743 67.7084 5.7
      vertex -12.3978 34.7765 5.7
      vertex -12.3978 67.3235 5.7
    endloop
  endfacet
  facet normal 0 0 1
    outer loop
      vertex -12.4743 67.7084 5.7
      vertex -12.4743 34.3916 5.7
      vertex -12.3978 34.7765 5.7
    endloop
  endfacet
  facet normal 0 0 1
    outer loop
      vertex -12.5 68.1 5.7
      vertex -12.4743 34.3916 5.7
      vertex -12.4743 67.7084 5.7
    endloop
  endfacet
  facet normal 0 0 1
    outer loop
      vertex -12.4743 34.3916 5.7
      vertex -12.5 68.1 5.7
      vertex -12.5 34 5.7
    endloop
  endfacet
  facet normal 0 0 1
    outer loop
      vertex -13.35 29.8564 5.7
      vertex -12.15 32.6053 5.7
      vertex -12.2716 32.852 5.7
    endloop
  endfacet
  facet normal 0 0 1
    outer loop
      vertex -13.35 29.8564 5.7
      vertex -12.2716 32.852 5.7
      vertex -12.3978 33.2235 5.7
    endloop
  endfacet
  facet normal 0 0 1
    outer loop
      vertex -13.35 29.8564 5.7
      vertex -12.3978 33.2235 5.7
      vertex -12.4743 33.6084 5.7
    endloop
  endfacet
  facet normal -0 0 1
    outer loop
      vertex -13.2733 72.7823 5.7
      vertex -12.1142 72.4718 5.7
      vertex -13.1787 73.061 5.7
    endloop
  endfacet
  facet normal 0 0 1
    outer loop
      vertex -12.1142 72.4718 5.7
      vertex -13.2733 72.7823 5.7
      vertex -12.141 72.3371 5.7
    endloop
  endfacet
  facet normal -0 0 1
    outer loop
      vertex -13.3308 72.4937 5.7
      vertex -12.141 72.3371 5.7
      vertex -13.2733 72.7823 5.7
    endloop
  endfacet
  facet normal 0 0 1
    outer loop
      vertex -12.141 72.3371 5.7
      vertex -13.3308 72.4937 5.7
      vertex -12.15 72.2 5.7
    endloop
  endfacet
  facet normal 0 0 1
    outer loop
      vertex -12.15 72.2 5.7
      vertex -13.3308 72.4937 5.7
      vertex -13.35 72.2 5.7
    endloop
  endfacet
  facet normal 0 0 1
    outer loop
      vertex -12.5 68.1 5.7
      vertex -13.35 72.2 5.7
      vertex -12.5 34 5.7
    endloop
  endfacet
  facet normal 0 0 1
    outer loop
      vertex -12.15 32.6053 5.7
      vertex -13.35 29.8564 5.7
      vertex -12.15 29.8564 5.7
    endloop
  endfacet
  facet normal 0 0 1
    outer loop
      vertex -12.5 34 5.7
      vertex -13.35 29.8564 5.7
      vertex -12.4743 33.6084 5.7
    endloop
  endfacet
  facet normal 0 0 1
    outer loop
      vertex -13.35 29.8564 5.7
      vertex -12.5 34 5.7
      vertex -13.35 72.2 5.7
    endloop
  endfacet
  facet normal 0 0 1
    outer loop
      vertex -12.15 24.95 5.7
      vertex -12.9559 23.7 5.7
      vertex -12.15 23.7 5.7
    endloop
  endfacet
  facet normal 0 0 1
    outer loop
      vertex -13.35 24.95 5.7
      vertex -12.9559 12 5.7
      vertex -12.9559 23.7 5.7
    endloop
  endfacet
  facet normal 0 0 1
    outer loop
      vertex -12.9559 12 5.7
      vertex -13.35 2.4 5.7
      vertex -13.0486 1.275 5.7
    endloop
  endfacet
  facet normal 0 0 1
    outer loop
      vertex -13.0486 1.275 5.7
      vertex -13.35 2.4 5.7
      vertex -13.1787 1.53896 5.7
    endloop
  endfacet
  facet normal 0 0 1
    outer loop
      vertex -13.1787 1.53896 5.7
      vertex -13.35 2.4 5.7
      vertex -13.2733 1.81766 5.7
    endloop
  endfacet
  facet normal -0 0 1
    outer loop
      vertex -13.35 24.95 5.7
      vertex -12.9559 23.7 5.7
      vertex -12.15 24.95 5.7
    endloop
  endfacet
  facet normal 0 0 1
    outer loop
      vertex -12.9559 12 5.7
      vertex -13.35 24.95 5.7
      vertex -13.35 2.4 5.7
    endloop
  endfacet
  facet normal 0 0 1
    outer loop
      vertex -13.2733 1.81766 5.7
      vertex -13.35 2.4 5.7
      vertex -13.3308 2.10632 5.7
    endloop
  endfacet
  facet normal -0 0 1
    outer loop
      vertex -12.9559 12 5.7
      vertex -12.15 2.4 5.7
      vertex -12.15 12 5.7
    endloop
  endfacet
  facet normal 0 -0 1
    outer loop
      vertex -12.885 1.03029 5.7
      vertex -12.15 2.4 5.7
      vertex -13.0486 1.275 5.7
    endloop
  endfacet
  facet normal 0 0 1
    outer loop
      vertex -12.15 2.4 5.7
      vertex -12.4697 0.614955 5.7
      vertex -12.225 0.451443 5.7
    endloop
  endfacet
  facet normal 0 0 1
    outer loop
      vertex -12.15 2.4 5.7
      vertex -12.691 0.80901 5.7
      vertex -12.4697 0.614955 5.7
    endloop
  endfacet
  facet normal 0 0 1
    outer loop
      vertex -12.15 2.4 5.7
      vertex -12.9559 12 5.7
      vertex -13.0486 1.275 5.7
    endloop
  endfacet
  facet normal 0 0 1
    outer loop
      vertex -12.15 2.4 5.7
      vertex -12.885 1.03029 5.7
      vertex -12.691 0.80901 5.7
    endloop
  endfacet
  facet normal -0 0 1
    outer loop
      vertex -11.1 1.35 5.7
      vertex -10.5 0.15 5.7
      vertex -10.5 1.35 5.7
    endloop
  endfacet
  facet normal 0 0 1
    outer loop
      vertex -11.1 1.35 5.7
      vertex -11.1 0.15 5.7
      vertex -10.5 0.15 5.7
    endloop
  endfacet
  facet normal 0 0 1
    outer loop
      vertex -11.2371 1.35898 5.7
      vertex -11.1 0.15 5.7
      vertex -11.1 1.35 5.7
    endloop
  endfacet
  facet normal 0 0 1
    outer loop
      vertex -11.3937 0.169249 5.7
      vertex -11.2371 1.35898 5.7
      vertex -11.3718 1.38578 5.7
    endloop
  endfacet
  facet normal 0 0 1
    outer loop
      vertex -11.2371 1.35898 5.7
      vertex -11.3937 0.169249 5.7
      vertex -11.1 0.15 5.7
    endloop
  endfacet
  facet normal 0 0 1
    outer loop
      vertex -11.6823 0.226666 5.7
      vertex -11.3718 1.38578 5.7
      vertex -11.5018 1.42993 5.7
    endloop
  endfacet
  facet normal 0 0 1
    outer loop
      vertex -11.961 0.321271 5.7
      vertex -11.5018 1.42993 5.7
      vertex -11.625 1.49067 5.7
    endloop
  endfacet
  facet normal 0 0 1
    outer loop
      vertex -11.3718 1.38578 5.7
      vertex -11.6823 0.226666 5.7
      vertex -11.3937 0.169249 5.7
    endloop
  endfacet
  facet normal 0 0 1
    outer loop
      vertex -12.225 0.451443 5.7
      vertex -11.625 1.49067 5.7
      vertex -11.7392 1.56698 5.7
    endloop
  endfacet
  facet normal 0 0 1
    outer loop
      vertex -12.225 0.451443 5.7
      vertex -11.7392 1.56698 5.7
      vertex -11.8425 1.65754 5.7
    endloop
  endfacet
  facet normal 0 0 1
    outer loop
      vertex -12.225 0.451443 5.7
      vertex -11.8425 1.65754 5.7
      vertex -11.933 1.7608 5.7
    endloop
  endfacet
  facet normal 0 0 1
    outer loop
      vertex -11.5018 1.42993 5.7
      vertex -11.961 0.321271 5.7
      vertex -11.6823 0.226666 5.7
    endloop
  endfacet
  facet normal 0 0 1
    outer loop
      vertex -12.225 0.451443 5.7
      vertex -11.933 1.7608 5.7
      vertex -12.0093 1.875 5.7
    endloop
  endfacet
  facet normal 0 0 1
    outer loop
      vertex -12.225 0.451443 5.7
      vertex -12.0093 1.875 5.7
      vertex -12.0701 1.99818 5.7
    endloop
  endfacet
  facet normal 0 0 1
    outer loop
      vertex -12.225 0.451443 5.7
      vertex -12.0701 1.99818 5.7
      vertex -12.1142 2.12824 5.7
    endloop
  endfacet
  facet normal 0 0 1
    outer loop
      vertex -12.225 0.451443 5.7
      vertex -12.1142 2.12824 5.7
      vertex -12.141 2.26295 5.7
    endloop
  endfacet
  facet normal 0 0 1
    outer loop
      vertex -11.625 1.49067 5.7
      vertex -12.225 0.451443 5.7
      vertex -11.961 0.321271 5.7
    endloop
  endfacet
  facet normal 0 0 1
    outer loop
      vertex -12.225 0.451443 5.7
      vertex -12.141 2.26295 5.7
      vertex -12.15 2.4 5.7
    endloop
  endfacet
  facet normal -0 0 1
    outer loop
      vertex 12.9559 12 5.7
      vertex 13.35 2.4 5.7
      vertex 13.35 24.95 5.7
    endloop
  endfacet
  facet normal 0 0 1
    outer loop
      vertex 12.15 2.4 5.7
      vertex 13.35 2.4 5.7
      vertex 12.9559 12 5.7
    endloop
  endfacet
  facet normal 0 0 1
    outer loop
      vertex 13.35 2.4 5.7
      vertex 12.15 2.4 5.7
      vertex 13.3308 2.10632 5.7
    endloop
  endfacet
  facet normal -0 0 1
    outer loop
      vertex 12.141 2.26295 5.7
      vertex 13.3308 2.10632 5.7
      vertex 12.15 2.4 5.7
    endloop
  endfacet
  facet normal 0 0 1
    outer loop
      vertex 12.9559 12 5.7
      vertex 13.35 24.95 5.7
      vertex 12.9559 23.7 5.7
    endloop
  endfacet
  facet normal -0 0 1
    outer loop
      vertex 12.15 24.95 5.7
      vertex 12.9559 23.7 5.7
      vertex 13.35 24.95 5.7
    endloop
  endfacet
  facet normal 0 0 1
    outer loop
      vertex 12.9559 23.7 5.7
      vertex 12.15 24.95 5.7
      vertex 12.15 23.7 5.7
    endloop
  endfacet
  facet normal 0 0 1
    outer loop
      vertex 13.3308 2.10632 5.7
      vertex 12.141 2.26295 5.7
      vertex 13.2733 1.81766 5.7
    endloop
  endfacet
  facet normal -0 0 1
    outer loop
      vertex 12.1142 2.12824 5.7
      vertex 13.2733 1.81766 5.7
      vertex 12.141 2.26295 5.7
    endloop
  endfacet
  facet normal 0 0 1
    outer loop
      vertex 13.2733 1.81766 5.7
      vertex 12.1142 2.12824 5.7
      vertex 13.1787 1.53896 5.7
    endloop
  endfacet
  facet normal -0 0 1
    outer loop
      vertex 12.0701 1.99818 5.7
      vertex 13.1787 1.53896 5.7
      vertex 12.1142 2.12824 5.7
    endloop
  endfacet
  facet normal 0 0 1
    outer loop
      vertex 13.1787 1.53896 5.7
      vertex 12.0701 1.99818 5.7
      vertex 13.0486 1.275 5.7
    endloop
  endfacet
  facet normal 0 0 1
    outer loop
      vertex 12.15 2.4 5.7
      vertex 12.9559 12 5.7
      vertex 12.15 12 5.7
    endloop
  endfacet
  facet normal -0 0 1
    outer loop
      vertex 12.0093 1.875 5.7
      vertex 13.0486 1.275 5.7
      vertex 12.0701 1.99818 5.7
    endloop
  endfacet
  facet normal 0 0 1
    outer loop
      vertex 13.0486 1.275 5.7
      vertex 12.0093 1.875 5.7
      vertex 12.885 1.03029 5.7
    endloop
  endfacet
  facet normal -0 0 1
    outer loop
      vertex 11.933 1.7608 5.7
      vertex 12.885 1.03029 5.7
      vertex 12.0093 1.875 5.7
    endloop
  endfacet
  facet normal 0 0 1
    outer loop
      vertex 12.885 1.03029 5.7
      vertex 11.933 1.7608 5.7
      vertex 12.691 0.80901 5.7
    endloop
  endfacet
  facet normal -0 0 1
    outer loop
      vertex 11.8425 1.65754 5.7
      vertex 12.691 0.80901 5.7
      vertex 11.933 1.7608 5.7
    endloop
  endfacet
  facet normal 0 0 1
    outer loop
      vertex 12.691 0.80901 5.7
      vertex 11.8425 1.65754 5.7
      vertex 12.4697 0.614955 5.7
    endloop
  endfacet
  facet normal -0 0 1
    outer loop
      vertex 11.7392 1.56698 5.7
      vertex 12.4697 0.614955 5.7
      vertex 11.8425 1.65754 5.7
    endloop
  endfacet
  facet normal 0 0 1
    outer loop
      vertex 12.4697 0.614955 5.7
      vertex 11.7392 1.56698 5.7
      vertex 12.225 0.451443 5.7
    endloop
  endfacet
  facet normal -0 0 1
    outer loop
      vertex 11.625 1.49067 5.7
      vertex 12.225 0.451443 5.7
      vertex 11.7392 1.56698 5.7
    endloop
  endfacet
  facet normal 0 0 1
    outer loop
      vertex 12.225 0.451443 5.7
      vertex 11.625 1.49067 5.7
      vertex 11.961 0.321271 5.7
    endloop
  endfacet
  facet normal -0 0 1
    outer loop
      vertex 11.5018 1.42993 5.7
      vertex 11.961 0.321271 5.7
      vertex 11.625 1.49067 5.7
    endloop
  endfacet
  facet normal 0 0 1
    outer loop
      vertex 11.961 0.321271 5.7
      vertex 11.5018 1.42993 5.7
      vertex 11.6823 0.226666 5.7
    endloop
  endfacet
  facet normal -0 0 1
    outer loop
      vertex 11.3718 1.38578 5.7
      vertex 11.6823 0.226666 5.7
      vertex 11.5018 1.42993 5.7
    endloop
  endfacet
  facet normal 0 0 1
    outer loop
      vertex 11.6823 0.226666 5.7
      vertex 11.3718 1.38578 5.7
      vertex 11.3937 0.169249 5.7
    endloop
  endfacet
  facet normal -0 0 1
    outer loop
      vertex 11.2371 1.35898 5.7
      vertex 11.3937 0.169249 5.7
      vertex 11.3718 1.38578 5.7
    endloop
  endfacet
  facet normal -0 0 1
    outer loop
      vertex 11.1 1.35 5.7
      vertex 11.3937 0.169249 5.7
      vertex 11.2371 1.35898 5.7
    endloop
  endfacet
  facet normal 0 0 1
    outer loop
      vertex 11.1 1.35 5.7
      vertex 11.1 0.15 5.7
      vertex 11.3937 0.169249 5.7
    endloop
  endfacet
  facet normal -0 0 1
    outer loop
      vertex 10.5 1.35 5.7
      vertex 11.1 0.15 5.7
      vertex 11.1 1.35 5.7
    endloop
  endfacet
  facet normal 0 0 1
    outer loop
      vertex 11.1 0.15 5.7
      vertex 10.5 1.35 5.7
      vertex 10.5 0.15 5.7
    endloop
  endfacet
  facet normal 0.658968 -0.752171 0
    outer loop
      vertex -11.8425 72.9425 5
      vertex -11.7392 73.033 5.7
      vertex -11.8425 72.9425 5.7
    endloop
  endfacet
  facet normal 0.658968 -0.752171 0
    outer loop
      vertex -11.7392 73.033 5.7
      vertex -11.8425 72.9425 5
      vertex -11.7392 73.033 5
    endloop
  endfacet
  facet normal 1 -0 0
    outer loop
      vertex -12.15 2.4 5.7
      vertex -12.15 12 5
      vertex -12.15 12 5.7
    endloop
  endfacet
  facet normal 1 0 0
    outer loop
      vertex -12.15 12 5
      vertex -12.15 2.4 5.7
      vertex -12.15 2.4 5
    endloop
  endfacet
  facet normal 1 -0 0
    outer loop
      vertex -12.15 69.4947 5.7
      vertex -12.15 72.2 5
      vertex -12.15 72.2 5.7
    endloop
  endfacet
  facet normal 1 0 0
    outer loop
      vertex -12.15 72.2 5
      vertex -12.15 69.4947 5.7
      vertex -12.15 69.4947 5
    endloop
  endfacet
  facet normal 1 -0 0
    outer loop
      vertex -12.15 35.3947 5.7
      vertex -12.15 66.7053 5
      vertex -12.15 66.7053 5.7
    endloop
  endfacet
  facet normal 1 0 0
    outer loop
      vertex -12.15 66.7053 5
      vertex -12.15 35.3947 5.7
      vertex -12.15 35.3947 5
    endloop
  endfacet
  facet normal 1 0 0
    outer loop
      vertex -12.15 32.6053 5.7
      vertex -12.15 30.5581 5
      vertex -12.15 32.6053 5
    endloop
  endfacet
  facet normal 1 0 -0
    outer loop
      vertex -12.15 30.5581 5
      vertex -12.15 32.6053 5.7
      vertex -12.15 29.8564 5.7
    endloop
  endfacet
  facet normal 1 -0 0
    outer loop
      vertex -12.15 23.7 5.7
      vertex -12.15 24.95 5
      vertex -12.15 24.95 5.7
    endloop
  endfacet
  facet normal 1 0 0
    outer loop
      vertex -12.15 24.95 5
      vertex -12.15 23.7 5.7
      vertex -12.15 23.7 5
    endloop
  endfacet
  facet normal -0.980779 0.195122 1.63115e-18
    outer loop
      vertex 12.1142 2.12824 5
      vertex 12.141 2.26295 5.7
      vertex 12.141 2.26295 5
    endloop
  endfacet
  facet normal -0.980779 0.195122 1.63115e-18
    outer loop
      vertex 12.141 2.26295 5.7
      vertex 12.1142 2.12824 5
      vertex 12.1142 2.12824 5.7
    endloop
  endfacet
  facet normal -0.83149 -0.55554 -2.07594e-18
    outer loop
      vertex 12.0093 72.725 5
      vertex 11.933 72.8392 5.7
      vertex 11.933 72.8392 5
    endloop
  endfacet
  facet normal -0.83149 -0.55554 -2.07594e-18
    outer loop
      vertex 11.933 72.8392 5.7
      vertex 12.0093 72.725 5
      vertex 12.0093 72.725 5.7
    endloop
  endfacet
  facet normal -0.55559 0.831456 0
    outer loop
      vertex 11.7392 1.56698 5
      vertex 11.625 1.49067 5.7
      vertex 11.7392 1.56698 5.7
    endloop
  endfacet
  facet normal -0.55559 0.831456 0
    outer loop
      vertex 11.625 1.49067 5.7
      vertex 11.7392 1.56698 5
      vertex 11.625 1.49067 5
    endloop
  endfacet
  facet normal 0.997851 0.0655283 5.02935e-19
    outer loop
      vertex -12.141 2.26295 5.7
      vertex -12.15 2.4 5
      vertex -12.15 2.4 5.7
    endloop
  endfacet
  facet normal 0.997851 0.0655283 5.02935e-19
    outer loop
      vertex -12.15 2.4 5
      vertex -12.141 2.26295 5.7
      vertex -12.141 2.26295 5
    endloop
  endfacet
  facet normal -0.997851 0.0655283 -5.02935e-19
    outer loop
      vertex 12.141 2.26295 5
      vertex 12.15 2.4 5.7
      vertex 12.15 2.4 5
    endloop
  endfacet
  facet normal -0.997851 0.0655283 -5.02935e-19
    outer loop
      vertex 12.15 2.4 5.7
      vertex 12.141 2.26295 5
      vertex 12.141 2.26295 5.7
    endloop
  endfacet
  facet normal 0.0653596 0.997862 -0
    outer loop
      vertex -11.1 1.35 5
      vertex -11.2371 1.35898 5.7
      vertex -11.1 1.35 5.7
    endloop
  endfacet
  facet normal 0.0653596 0.997862 0
    outer loop
      vertex -11.2371 1.35898 5.7
      vertex -11.1 1.35 5
      vertex -11.2371 1.35898 5
    endloop
  endfacet
  facet normal -0.442198 0.896918 0
    outer loop
      vertex 11.625 1.49067 5
      vertex 11.5018 1.42993 5.7
      vertex 11.625 1.49067 5.7
    endloop
  endfacet
  facet normal -0.442198 0.896918 0
    outer loop
      vertex 11.5018 1.42993 5.7
      vertex 11.625 1.49067 5
      vertex 11.5018 1.42993 5
    endloop
  endfacet
  facet normal -0.744362 0.497493 0.44545
    outer loop
      vertex 11.6441 2.04489 4.2
      vertex 12.0093 1.875 5
      vertex 11.6865 2.10833 4.2
    endloop
  endfacet
  facet normal -0.744435 0.497376 0.445459
    outer loop
      vertex 12.0093 1.875 5
      vertex 11.6441 2.04489 4.2
      vertex 11.933 1.7608 5
    endloop
  endfacet
  facet normal 0.752171 -0.658968 8.62008e-18
    outer loop
      vertex -11.933 72.8392 5.7
      vertex -11.8425 72.9425 5
      vertex -11.8425 72.9425 5.7
    endloop
  endfacet
  facet normal 0.752171 -0.658968 8.62008e-18
    outer loop
      vertex -11.8425 72.9425 5
      vertex -11.933 72.8392 5.7
      vertex -11.933 72.8392 5
    endloop
  endfacet
  facet normal 0 1 -0
    outer loop
      vertex -10.5 1.35 5
      vertex -11.1 1.35 5.7
      vertex -10.5 1.35 5.7
    endloop
  endfacet
  facet normal 0 1 0
    outer loop
      vertex -11.1 1.35 5.7
      vertex -10.5 1.35 5
      vertex -11.1 1.35 5
    endloop
  endfacet
  facet normal 0 1 -0
    outer loop
      vertex 11.1 1.35 5
      vertex 10.5 1.35 5.7
      vertex 11.1 1.35 5.7
    endloop
  endfacet
  facet normal 0 1 0
    outer loop
      vertex 10.5 1.35 5.7
      vertex 11.1 1.35 5
      vertex 10.5 1.35 5
    endloop
  endfacet
  facet normal -0.0653596 0.997862 0
    outer loop
      vertex 11.2371 1.35898 5
      vertex 11.1 1.35 5.7
      vertex 11.2371 1.35898 5.7
    endloop
  endfacet
  facet normal -0.0653596 0.997862 0
    outer loop
      vertex 11.1 1.35 5.7
      vertex 11.2371 1.35898 5
      vertex 11.1 1.35 5
    endloop
  endfacet
  facet normal 0.290078 0.853172 0.433535
    outer loop
      vertex -11.1974 1.733 4.2
      vertex -11.2249 1.74235 4.2
      vertex -11.3718 1.38578 5
    endloop
  endfacet
  facet normal 0.195136 0.980776 -0
    outer loop
      vertex -11.2371 1.35898 5
      vertex -11.3718 1.38578 5.7
      vertex -11.2371 1.35898 5.7
    endloop
  endfacet
  facet normal 0.195136 0.980776 0
    outer loop
      vertex -11.3718 1.38578 5.7
      vertex -11.2371 1.35898 5
      vertex -11.3718 1.38578 5
    endloop
  endfacet
  facet normal 0 -1 0
    outer loop
      vertex -11.1 73.25 5
      vertex 11.1 73.25 5.7
      vertex -11.1 73.25 5.7
    endloop
  endfacet
  facet normal 0 -1 -0
    outer loop
      vertex 11.1 73.25 5.7
      vertex -11.1 73.25 5
      vertex 11.1 73.25 5
    endloop
  endfacet
  facet normal -0.0655045 -0.997852 0
    outer loop
      vertex 11.1 73.25 5
      vertex 11.2371 73.241 5.7
      vertex 11.1 73.25 5.7
    endloop
  endfacet
  facet normal -0.0655045 -0.997852 -0
    outer loop
      vertex 11.2371 73.241 5.7
      vertex 11.1 73.25 5
      vertex 11.2371 73.241 5
    endloop
  endfacet
  facet normal 0.195136 -0.980776 0
    outer loop
      vertex -11.3718 73.2142 5
      vertex -11.2371 73.241 5.7
      vertex -11.3718 73.2142 5.7
    endloop
  endfacet
  facet normal 0.195136 -0.980776 0
    outer loop
      vertex -11.2371 73.241 5.7
      vertex -11.3718 73.2142 5
      vertex -11.2371 73.241 5
    endloop
  endfacet
  facet normal 0.980776 -0.195136 7.87796e-19
    outer loop
      vertex -12.141 72.3371 5.7
      vertex -12.1142 72.4718 5
      vertex -12.1142 72.4718 5.7
    endloop
  endfacet
  facet normal 0.980776 -0.195136 7.87796e-19
    outer loop
      vertex -12.1142 72.4718 5
      vertex -12.141 72.3371 5.7
      vertex -12.141 72.3371 5
    endloop
  endfacet
  facet normal 0.0595629 -0.909118 0.412257
    outer loop
      vertex -11.094 72.8876 4.2
      vertex -11.065 72.8895 4.2
      vertex -11.2371 73.241 5
    endloop
  endfacet
  facet normal -0.805792 0.395632 0.440652
    outer loop
      vertex 12.0701 1.99818 5
      vertex 11.7331 2.20284 4.2
      vertex 11.7203 2.17677 4.2
    endloop
  endfacet
  facet normal 0.909074 0.05956 0.412356
    outer loop
      vertex -11.7925 2.48211 4.2
      vertex -11.7944 2.51111 4.2
      vertex -12.15 2.4 5
    endloop
  endfacet
  facet normal -1 0 0
    outer loop
      vertex 12.15 2.4 5
      vertex 12.15 12 5.7
      vertex 12.15 12 5
    endloop
  endfacet
  facet normal -1 -0 0
    outer loop
      vertex 12.15 12 5.7
      vertex 12.15 2.4 5
      vertex 12.15 2.4 5.7
    endloop
  endfacet
  facet normal -1 0 0
    outer loop
      vertex 12.15 30.5581 5
      vertex 12.15 72.2 5.7
      vertex 12.15 72.2 5
    endloop
  endfacet
  facet normal -1 -0 0
    outer loop
      vertex 12.15 72.2 5.7
      vertex 12.15 30.5581 5
      vertex 12.15 29.8564 5.7
    endloop
  endfacet
  facet normal -1 0 0
    outer loop
      vertex 12.15 23.7 5
      vertex 12.15 24.95 5.7
      vertex 12.15 24.95 5
    endloop
  endfacet
  facet normal -1 -0 0
    outer loop
      vertex 12.15 24.95 5.7
      vertex 12.15 23.7 5
      vertex 12.15 23.7 5.7
    endloop
  endfacet
  facet normal 0.0598727 0.909062 0.412336
    outer loop
      vertex -10.9889 1.70555 4.2
      vertex -11.0179 1.70746 4.2
      vertex -11.1 1.35 5
    endloop
  endfacet
  facet normal 0.83149 0.55554 7.91299e-18
    outer loop
      vertex -11.933 1.7608 5.7
      vertex -12.0093 1.875 5
      vertex -12.0093 1.875 5.7
    endloop
  endfacet
  facet normal 0.83149 0.55554 7.91299e-18
    outer loop
      vertex -12.0093 1.875 5
      vertex -11.933 1.7608 5.7
      vertex -11.933 1.7608 5
    endloop
  endfacet
  facet normal 0.442198 0.896918 -0
    outer loop
      vertex -11.5018 1.42993 5
      vertex -11.625 1.49067 5.7
      vertex -11.5018 1.42993 5.7
    endloop
  endfacet
  facet normal 0.442198 0.896918 0
    outer loop
      vertex -11.625 1.49067 5.7
      vertex -11.5018 1.42993 5
      vertex -11.625 1.49067 5
    endloop
  endfacet
  facet normal -0.744433 -0.497375 0.445464
    outer loop
      vertex 11.6441 72.5551 4.2
      vertex 12.0093 72.725 5
      vertex 11.933 72.8392 5
    endloop
  endfacet
  facet normal -0.744222 -0.497713 0.445439
    outer loop
      vertex 12.0093 72.725 5
      vertex 11.6441 72.5551 4.2
      vertex 11.6865 72.4917 4.2
    endloop
  endfacet
  facet normal 0.804983 -0.397264 0.440663
    outer loop
      vertex -12.0701 72.6018 5
      vertex -11.6865 72.4917 4.2
      vertex -12.0093 72.725 5
    endloop
  endfacet
  facet normal 0.805005 -0.397214 0.440667
    outer loop
      vertex -11.6865 72.4917 4.2
      vertex -12.0701 72.6018 5
      vertex -11.7203 72.4232 4.2
    endloop
  endfacet
  facet normal -0.195136 -0.980776 0
    outer loop
      vertex 11.2371 73.241 5
      vertex 11.3718 73.2142 5.7
      vertex 11.2371 73.241 5.7
    endloop
  endfacet
  facet normal -0.195136 -0.980776 -0
    outer loop
      vertex 11.3718 73.2142 5.7
      vertex 11.2371 73.241 5
      vertex 11.3718 73.2142 5
    endloop
  endfacet
  facet normal 0.997852 -0.0655045 5.2229e-19
    outer loop
      vertex -12.15 72.2 5.7
      vertex -12.141 72.3371 5
      vertex -12.141 72.3371 5.7
    endloop
  endfacet
  facet normal 0.997852 -0.0655045 5.2229e-19
    outer loop
      vertex -12.141 72.3371 5
      vertex -12.15 72.2 5.7
      vertex -12.15 72.2 5
    endloop
  endfacet
  facet normal -0.659215 0.751954 0
    outer loop
      vertex 11.8425 1.65754 5
      vertex 11.7392 1.56698 5.7
      vertex 11.8425 1.65754 5.7
    endloop
  endfacet
  facet normal -0.659215 0.751954 0
    outer loop
      vertex 11.7392 1.56698 5.7
      vertex 11.8425 1.65754 5
      vertex 11.7392 1.56698 5
    endloop
  endfacet
  facet normal -0.442549 -0.896744 0
    outer loop
      vertex 11.5018 73.1701 5
      vertex 11.625 73.1093 5.7
      vertex 11.5018 73.1701 5.7
    endloop
  endfacet
  facet normal -0.442549 -0.896744 -0
    outer loop
      vertex 11.625 73.1093 5.7
      vertex 11.5018 73.1701 5
      vertex 11.625 73.1093 5
    endloop
  endfacet
  facet normal 0.896744 -0.442549 -1.7438e-18
    outer loop
      vertex -12.0701 72.6018 5.7
      vertex -12.0093 72.725 5
      vertex -12.0093 72.725 5.7
    endloop
  endfacet
  facet normal 0.896744 -0.442549 -1.7438e-18
    outer loop
      vertex -12.0093 72.725 5
      vertex -12.0701 72.6018 5.7
      vertex -12.0701 72.6018 5
    endloop
  endfacet
  facet normal 0.83149 -0.55554 2.07594e-18
    outer loop
      vertex -12.0093 72.725 5.7
      vertex -11.933 72.8392 5
      vertex -11.933 72.8392 5.7
    endloop
  endfacet
  facet normal 0.83149 -0.55554 2.07594e-18
    outer loop
      vertex -11.933 72.8392 5
      vertex -12.0093 72.725 5.7
      vertex -12.0093 72.725 5
    endloop
  endfacet
  facet normal -0.896716 0.442607 -3.66206e-18
    outer loop
      vertex 12.0093 1.875 5
      vertex 12.0701 1.99818 5.7
      vertex 12.0701 1.99818 5
    endloop
  endfacet
  facet normal -0.896716 0.442607 -3.66206e-18
    outer loop
      vertex 12.0701 1.99818 5.7
      vertex 12.0093 1.875 5
      vertex 12.0093 1.875 5.7
    endloop
  endfacet
  facet normal -0.909074 -0.05956 0.412355
    outer loop
      vertex 11.7944 72.0889 4.2
      vertex 12.15 72.2 5
      vertex 11.7925 72.1179 4.2
    endloop
  endfacet
  facet normal -0.913793 0 0.406181
    outer loop
      vertex 11.7944 2.51111 4.2
      vertex 12.15 12 5
      vertex 11.7944 12 4.2
    endloop
  endfacet
  facet normal -0.913793 0 0.406181
    outer loop
      vertex 12.15 12 5
      vertex 11.7944 2.51111 4.2
      vertex 12.15 2.4 5
    endloop
  endfacet
  facet normal -0.911922 -4.8199e-21 0.410365
    outer loop
      vertex 11.7989 31.35 4.21
      vertex 11.7944 72.0889 4.2
      vertex 11.7944 31.35 4.2
    endloop
  endfacet
  facet normal -0.913793 -1.23363e-06 0.406181
    outer loop
      vertex 11.7944 72.0889 4.2
      vertex 11.7989 31.35 4.21
      vertex 12.15 72.2 5
    endloop
  endfacet
  facet normal -0.913816 0 0.406128
    outer loop
      vertex 12.15 72.2 5
      vertex 11.7989 31.35 4.21
      vertex 12.15 30.5581 5
    endloop
  endfacet
  facet normal -0.913793 0 0.406181
    outer loop
      vertex 11.7944 23.7 4.2
      vertex 12.15 24.95 5
      vertex 11.7944 24.95 4.2
    endloop
  endfacet
  facet normal -0.913793 0 0.406181
    outer loop
      vertex 12.15 24.95 5
      vertex 11.7944 23.7 4.2
      vertex 12.15 23.7 5
    endloop
  endfacet
  facet normal -0.853076 0.290459 0.433469
    outer loop
      vertex 11.7331 2.20284 4.2
      vertex 12.1142 2.12824 5
      vertex 11.7577 2.27509 4.2
    endloop
  endfacet
  facet normal -0.853415 0.289371 0.433529
    outer loop
      vertex 12.1142 2.12824 5
      vertex 11.7331 2.20284 4.2
      vertex 12.0701 1.99818 5
    endloop
  endfacet
  facet normal -0.396952 0.805145 0.440647
    outer loop
      vertex 11.3917 1.81348 4.2
      vertex 11.5018 1.42993 5
      vertex 11.625 1.49067 5
    endloop
  endfacet
  facet normal -0.396742 0.80524 0.440664
    outer loop
      vertex 11.5018 1.42993 5
      vertex 11.3917 1.81348 4.2
      vertex 11.3232 1.77973 4.2
    endloop
  endfacet
  facet normal 0.946995 -0.32125 -9.93607e-20
    outer loop
      vertex -12.1142 72.4718 5.7
      vertex -12.0701 72.6018 5
      vertex -12.0701 72.6018 5.7
    endloop
  endfacet
  facet normal 0.946995 -0.32125 -9.93607e-20
    outer loop
      vertex -12.0701 72.6018 5
      vertex -12.1142 72.4718 5.7
      vertex -12.1142 72.4718 5
    endloop
  endfacet
  facet normal 0.289425 0.853402 0.433518
    outer loop
      vertex -11.2972 1.76687 4.2
      vertex -11.3718 1.38578 5
      vertex -11.2249 1.74235 4.2
    endloop
  endfacet
  facet normal 0.28979 0.853289 0.433498
    outer loop
      vertex -11.3718 1.38578 5
      vertex -11.2972 1.76687 4.2
      vertex -11.5018 1.42993 5
    endloop
  endfacet
  facet normal -0.94704 0.321117 -7.08324e-19
    outer loop
      vertex 12.0701 1.99818 5
      vertex 12.1142 2.12824 5.7
      vertex 12.1142 2.12824 5
    endloop
  endfacet
  facet normal -0.94704 0.321117 -7.08324e-19
    outer loop
      vertex 12.1142 2.12824 5.7
      vertex 12.0701 1.99818 5
      vertex 12.0701 1.99818 5.7
    endloop
  endfacet
  facet normal 0.55554 -0.83149 0
    outer loop
      vertex -11.7392 73.033 5
      vertex -11.625 73.1093 5.7
      vertex -11.7392 73.033 5.7
    endloop
  endfacet
  facet normal 0.55554 -0.83149 0
    outer loop
      vertex -11.625 73.1093 5.7
      vertex -11.7392 73.033 5
      vertex -11.625 73.1093 5
    endloop
  endfacet
  facet normal 0.176725 -0.888241 0.424023
    outer loop
      vertex -11.1974 72.867 4.2
      vertex -11.2371 73.241 5
      vertex -11.3718 73.2142 5
    endloop
  endfacet
  facet normal 0.1767 -0.888246 0.424024
    outer loop
      vertex -11.2371 73.241 5
      vertex -11.1974 72.867 4.2
      vertex -11.1225 72.8819 4.2
    endloop
  endfacet
  facet normal -0.752171 -0.658968 -8.62008e-18
    outer loop
      vertex 11.933 72.8392 5
      vertex 11.8425 72.9425 5.7
      vertex 11.8425 72.9425 5
    endloop
  endfacet
  facet normal -0.752171 -0.658968 -8.62008e-18
    outer loop
      vertex 11.8425 72.9425 5.7
      vertex 11.933 72.8392 5
      vertex 11.933 72.8392 5.7
    endloop
  endfacet
  facet normal 0.752044 0.659113 5.72329e-18
    outer loop
      vertex -11.8425 1.65754 5.7
      vertex -11.933 1.7608 5
      vertex -11.933 1.7608 5.7
    endloop
  endfacet
  facet normal 0.752044 0.659113 5.72329e-18
    outer loop
      vertex -11.933 1.7608 5
      vertex -11.8425 1.65754 5.7
      vertex -11.8425 1.65754 5
    endloop
  endfacet
  facet normal 0.896716 0.442607 3.66206e-18
    outer loop
      vertex -12.0093 1.875 5.7
      vertex -12.0701 1.99818 5
      vertex -12.0701 1.99818 5.7
    endloop
  endfacet
  facet normal 0.896716 0.442607 3.66206e-18
    outer loop
      vertex -12.0701 1.99818 5
      vertex -12.0093 1.875 5.7
      vertex -12.0093 1.875 5
    endloop
  endfacet
  facet normal -0.83149 0.55554 -7.91299e-18
    outer loop
      vertex 11.933 1.7608 5
      vertex 12.0093 1.875 5.7
      vertex 12.0093 1.875 5
    endloop
  endfacet
  facet normal -0.83149 0.55554 -7.91299e-18
    outer loop
      vertex 12.0093 1.875 5.7
      vertex 11.933 1.7608 5
      vertex 11.933 1.7608 5.7
    endloop
  endfacet
  facet normal -0.321576 0.946884 0
    outer loop
      vertex 11.5018 1.42993 5
      vertex 11.3718 1.38578 5.7
      vertex 11.5018 1.42993 5.7
    endloop
  endfacet
  facet normal -0.321576 0.946884 0
    outer loop
      vertex 11.3718 1.38578 5.7
      vertex 11.5018 1.42993 5
      vertex 11.3718 1.38578 5
    endloop
  endfacet
  facet normal -0.195136 0.980776 0
    outer loop
      vertex 11.3718 1.38578 5
      vertex 11.2371 1.35898 5.7
      vertex 11.3718 1.38578 5.7
    endloop
  endfacet
  facet normal -0.195136 0.980776 0
    outer loop
      vertex 11.2371 1.35898 5.7
      vertex 11.3718 1.38578 5
      vertex 11.2371 1.35898 5
    endloop
  endfacet
  facet normal -0.804983 -0.397264 0.440663
    outer loop
      vertex 11.6865 72.4917 4.2
      vertex 12.0701 72.6018 5
      vertex 12.0093 72.725 5
    endloop
  endfacet
  facet normal -0.805005 -0.397214 0.440667
    outer loop
      vertex 12.0701 72.6018 5
      vertex 11.6865 72.4917 4.2
      vertex 11.7203 72.4232 4.2
    endloop
  endfacet
  facet normal 0.0655045 -0.997852 0
    outer loop
      vertex -11.2371 73.241 5
      vertex -11.1 73.25 5.7
      vertex -11.2371 73.241 5.7
    endloop
  endfacet
  facet normal 0.0655045 -0.997852 0
    outer loop
      vertex -11.1 73.25 5.7
      vertex -11.2371 73.241 5
      vertex -11.1 73.25 5
    endloop
  endfacet
  facet normal -0.997852 -0.0655045 -5.2229e-19
    outer loop
      vertex 12.15 72.2 5
      vertex 12.141 72.3371 5.7
      vertex 12.141 72.3371 5
    endloop
  endfacet
  facet normal -0.997852 -0.0655045 -5.2229e-19
    outer loop
      vertex 12.141 72.3371 5.7
      vertex 12.15 72.2 5
      vertex 12.15 72.2 5.7
    endloop
  endfacet
  facet normal -0.55554 -0.83149 0
    outer loop
      vertex 11.625 73.1093 5
      vertex 11.7392 73.033 5.7
      vertex 11.625 73.1093 5.7
    endloop
  endfacet
  facet normal -0.55554 -0.83149 -0
    outer loop
      vertex 11.7392 73.033 5.7
      vertex 11.625 73.1093 5
      vertex 11.7392 73.033 5
    endloop
  endfacet
  facet normal 0.980779 0.195122 -1.63115e-18
    outer loop
      vertex -12.1142 2.12824 5.7
      vertex -12.141 2.26295 5
      vertex -12.141 2.26295 5.7
    endloop
  endfacet
  facet normal 0.980779 0.195122 -1.63115e-18
    outer loop
      vertex -12.141 2.26295 5
      vertex -12.1142 2.12824 5.7
      vertex -12.1142 2.12824 5
    endloop
  endfacet
  facet normal -0.32125 -0.946995 0
    outer loop
      vertex 11.3718 73.2142 5
      vertex 11.5018 73.1701 5.7
      vertex 11.3718 73.2142 5.7
    endloop
  endfacet
  facet normal -0.32125 -0.946995 -0
    outer loop
      vertex 11.5018 73.1701 5.7
      vertex 11.3718 73.2142 5
      vertex 11.5018 73.1701 5
    endloop
  endfacet
  facet normal 0.32125 -0.946995 0
    outer loop
      vertex -11.5018 73.1701 5
      vertex -11.3718 73.2142 5.7
      vertex -11.5018 73.1701 5.7
    endloop
  endfacet
  facet normal 0.32125 -0.946995 0
    outer loop
      vertex -11.3718 73.2142 5.7
      vertex -11.5018 73.1701 5
      vertex -11.3718 73.2142 5
    endloop
  endfacet
  facet normal 0.744433 -0.497375 0.445464
    outer loop
      vertex -12.0093 72.725 5
      vertex -11.6441 72.5551 4.2
      vertex -11.933 72.8392 5
    endloop
  endfacet
  facet normal 0.744222 -0.497713 0.445439
    outer loop
      vertex -11.6441 72.5551 4.2
      vertex -12.0093 72.725 5
      vertex -11.6865 72.4917 4.2
    endloop
  endfacet
  facet normal 0.442549 -0.896744 0
    outer loop
      vertex -11.625 73.1093 5
      vertex -11.5018 73.1701 5.7
      vertex -11.625 73.1093 5.7
    endloop
  endfacet
  facet normal 0.442549 -0.896744 0
    outer loop
      vertex -11.5018 73.1701 5.7
      vertex -11.625 73.1093 5
      vertex -11.5018 73.1701 5
    endloop
  endfacet
  facet normal -0.752044 0.659113 -5.72329e-18
    outer loop
      vertex 11.8425 1.65754 5
      vertex 11.933 1.7608 5.7
      vertex 11.933 1.7608 5
    endloop
  endfacet
  facet normal -0.752044 0.659113 -5.72329e-18
    outer loop
      vertex 11.933 1.7608 5.7
      vertex 11.8425 1.65754 5
      vertex 11.8425 1.65754 5.7
    endloop
  endfacet
  facet normal 0.659215 0.751954 -0
    outer loop
      vertex -11.7392 1.56698 5
      vertex -11.8425 1.65754 5.7
      vertex -11.7392 1.56698 5.7
    endloop
  endfacet
  facet normal 0.659215 0.751954 0
    outer loop
      vertex -11.8425 1.65754 5.7
      vertex -11.7392 1.56698 5
      vertex -11.8425 1.65754 5
    endloop
  endfacet
  facet normal 0.88802 -0.177604 0.424119
    outer loop
      vertex -11.7727 72.2689 4.2
      vertex -11.767 72.2974 4.2
      vertex -12.1142 72.4718 5
    endloop
  endfacet
  facet normal -0.804868 0.397495 0.440664
    outer loop
      vertex 11.6865 2.10833 4.2
      vertex 12.0701 1.99818 5
      vertex 11.7203 2.17677 4.2
    endloop
  endfacet
  facet normal -0.80495 0.397313 0.440679
    outer loop
      vertex 12.0701 1.99818 5
      vertex 11.6865 2.10833 4.2
      vertex 12.0093 1.875 5
    endloop
  endfacet
  facet normal 0.94704 0.321117 7.08324e-19
    outer loop
      vertex -12.0701 1.99818 5.7
      vertex -12.1142 2.12824 5
      vertex -12.1142 2.12824 5.7
    endloop
  endfacet
  facet normal 0.94704 0.321117 7.08324e-19
    outer loop
      vertex -12.1142 2.12824 5
      vertex -12.0701 1.99818 5.7
      vertex -12.0701 1.99818 5
    endloop
  endfacet
  facet normal 0.853377 -0.289492 0.433523
    outer loop
      vertex -12.1142 72.4718 5
      vertex -11.7331 72.3972 4.2
      vertex -12.0701 72.6018 5
    endloop
  endfacet
  facet normal 0.853132 -0.290277 0.433479
    outer loop
      vertex -11.7331 72.3972 4.2
      vertex -12.1142 72.4718 5
      vertex -11.7577 72.3249 4.2
    endloop
  endfacet
  facet normal 0.744362 0.497493 0.44545
    outer loop
      vertex -12.0093 1.875 5
      vertex -11.6441 2.04489 4.2
      vertex -11.6865 2.10833 4.2
    endloop
  endfacet
  facet normal 0.744435 0.497376 0.445459
    outer loop
      vertex -11.6441 2.04489 4.2
      vertex -12.0093 1.875 5
      vertex -11.933 1.7608 5
    endloop
  endfacet
  facet normal -0.497344 -0.744472 0.445432
    outer loop
      vertex 11.4158 72.7704 4.2
      vertex 11.625 73.1093 5
      vertex 11.3917 72.7865 4.2
    endloop
  endfacet
  facet normal 0.397739 -0.804729 0.440699
    outer loop
      vertex -11.3917 72.7865 4.2
      vertex -11.3656 72.7994 4.2
      vertex -11.625 73.1093 5
    endloop
  endfacet
  facet normal -0.590965 -0.670992 0.447806
    outer loop
      vertex 11.5011 72.7088 4.2
      vertex 11.7392 73.033 5
      vertex 11.4793 72.728 4.2
    endloop
  endfacet
  facet normal -0.396734 -0.80524 0.440672
    outer loop
      vertex 11.3656 72.7994 4.2
      vertex 11.5018 73.1701 5
      vertex 11.2972 72.8331 4.2
    endloop
  endfacet
  facet normal -0.397268 -0.80499 0.440647
    outer loop
      vertex 11.5018 73.1701 5
      vertex 11.3656 72.7994 4.2
      vertex 11.625 73.1093 5
    endloop
  endfacet
  facet normal 0.804868 0.397495 0.440664
    outer loop
      vertex -12.0701 1.99818 5
      vertex -11.6865 2.10833 4.2
      vertex -11.7203 2.17677 4.2
    endloop
  endfacet
  facet normal 0.80495 0.397313 0.440679
    outer loop
      vertex -11.6865 2.10833 4.2
      vertex -12.0701 1.99818 5
      vertex -12.0093 1.875 5
    endloop
  endfacet
  facet normal -0.658968 -0.752171 0
    outer loop
      vertex 11.7392 73.033 5
      vertex 11.8425 72.9425 5.7
      vertex 11.7392 73.033 5.7
    endloop
  endfacet
  facet normal -0.658968 -0.752171 -0
    outer loop
      vertex 11.8425 72.9425 5.7
      vertex 11.7392 73.033 5
      vertex 11.8425 72.9425 5
    endloop
  endfacet
  facet normal -0 0.913814 0.406133
    outer loop
      vertex -10.9889 1.70555 4.2
      vertex -10.5 1.35 5
      vertex -10.5 1.70555 4.2
    endloop
  endfacet
  facet normal 0 0.913814 0.406133
    outer loop
      vertex -10.5 1.35 5
      vertex -10.9889 1.70555 4.2
      vertex -11.1 1.35 5
    endloop
  endfacet
  facet normal 3.56948e-17 0.913814 0.406133
    outer loop
      vertex 10.9889 1.70555 4.2
      vertex 10.5 1.35 5
      vertex 11.1 1.35 5
    endloop
  endfacet
  facet normal 4.38063e-17 0.913814 0.406133
    outer loop
      vertex 10.5 1.35 5
      vertex 10.9889 1.70555 4.2
      vertex 10.5 1.70555 4.2
    endloop
  endfacet
  facet normal -0.896744 -0.442549 1.7438e-18
    outer loop
      vertex 12.0701 72.6018 5
      vertex 12.0093 72.725 5.7
      vertex 12.0093 72.725 5
    endloop
  endfacet
  facet normal -0.896744 -0.442549 1.7438e-18
    outer loop
      vertex 12.0093 72.725 5.7
      vertex 12.0701 72.6018 5
      vertex 12.0701 72.6018 5.7
    endloop
  endfacet
  facet normal -0.946995 -0.32125 9.93607e-20
    outer loop
      vertex 12.1142 72.4718 5
      vertex 12.0701 72.6018 5.7
      vertex 12.0701 72.6018 5
    endloop
  endfacet
  facet normal -0.946995 -0.32125 9.93607e-20
    outer loop
      vertex 12.0701 72.6018 5.7
      vertex 12.1142 72.4718 5
      vertex 12.1142 72.4718 5.7
    endloop
  endfacet
  facet normal -0.980776 -0.195136 -7.87796e-19
    outer loop
      vertex 12.141 72.3371 5
      vertex 12.1142 72.4718 5.7
      vertex 12.1142 72.4718 5
    endloop
  endfacet
  facet normal -0.980776 -0.195136 -7.87796e-19
    outer loop
      vertex 12.1142 72.4718 5.7
      vertex 12.141 72.3371 5
      vertex 12.141 72.3371 5.7
    endloop
  endfacet
  facet normal -0.0598727 0.909062 0.412336
    outer loop
      vertex 11.1 1.35 5
      vertex 11.0179 1.70746 4.2
      vertex 10.9889 1.70555 4.2
    endloop
  endfacet
  facet normal 0.805366 -0.396488 0.440662
    outer loop
      vertex -11.7331 72.3972 4.2
      vertex -11.7203 72.4232 4.2
      vertex -12.0701 72.6018 5
    endloop
  endfacet
  facet normal -0.497425 0.744411 0.445445
    outer loop
      vertex 11.4793 1.87202 4.2
      vertex 11.625 1.49067 5
      vertex 11.7392 1.56698 5
    endloop
  endfacet
  facet normal -0.497078 0.74462 0.445482
    outer loop
      vertex 11.625 1.49067 5
      vertex 11.4793 1.87202 4.2
      vertex 11.4158 1.82963 4.2
    endloop
  endfacet
  facet normal 0.39798 0.804625 0.440671
    outer loop
      vertex -11.2972 1.76687 4.2
      vertex -11.3232 1.77973 4.2
      vertex -11.5018 1.42993 5
    endloop
  endfacet
  facet normal 0.55559 0.831456 -0
    outer loop
      vertex -11.625 1.49067 5
      vertex -11.7392 1.56698 5.7
      vertex -11.625 1.49067 5.7
    endloop
  endfacet
  facet normal 0.55559 0.831456 0
    outer loop
      vertex -11.7392 1.56698 5.7
      vertex -11.625 1.49067 5
      vertex -11.7392 1.56698 5
    endloop
  endfacet
  facet normal 0.321576 0.946884 -0
    outer loop
      vertex -11.3718 1.38578 5
      vertex -11.5018 1.42993 5.7
      vertex -11.3718 1.38578 5.7
    endloop
  endfacet
  facet normal 0.321576 0.946884 0
    outer loop
      vertex -11.5018 1.42993 5.7
      vertex -11.3718 1.38578 5
      vertex -11.5018 1.42993 5
    endloop
  endfacet
  facet normal 0.396742 0.80524 0.440664
    outer loop
      vertex -11.3917 1.81348 4.2
      vertex -11.5018 1.42993 5
      vertex -11.3232 1.77973 4.2
    endloop
  endfacet
  facet normal 0.396952 0.805145 0.440647
    outer loop
      vertex -11.5018 1.42993 5
      vertex -11.3917 1.81348 4.2
      vertex -11.625 1.49067 5
    endloop
  endfacet
  facet normal -0.909074 0.05956 0.412356
    outer loop
      vertex 12.15 2.4 5
      vertex 11.7944 2.51111 4.2
      vertex 11.7925 2.48211 4.2
    endloop
  endfacet
  facet normal -0.290277 -0.853132 0.433479
    outer loop
      vertex 11.2972 72.8331 4.2
      vertex 11.3718 73.2142 5
      vertex 11.2249 72.8577 4.2
    endloop
  endfacet
  facet normal -0.289492 -0.853377 0.433523
    outer loop
      vertex 11.3718 73.2142 5
      vertex 11.2972 72.8331 4.2
      vertex 11.5018 73.1701 5
    endloop
  endfacet
  facet normal -0.888037 0.177545 0.424108
    outer loop
      vertex 12.1142 2.12824 5
      vertex 11.7727 2.33113 4.2
      vertex 11.767 2.30262 4.2
    endloop
  endfacet
  facet normal 0.497389 -0.744454 0.445412
    outer loop
      vertex -11.4793 72.728 4.2
      vertex -11.625 73.1093 5
      vertex -11.7392 73.033 5
    endloop
  endfacet
  facet normal 0.497172 -0.744585 0.445435
    outer loop
      vertex -11.625 73.1093 5
      vertex -11.4793 72.728 4.2
      vertex -11.4158 72.7704 4.2
    endloop
  endfacet
  facet normal -0.853794 0.288423 0.433415
    outer loop
      vertex 12.1142 2.12824 5
      vertex 11.767 2.30262 4.2
      vertex 11.7577 2.27509 4.2
    endloop
  endfacet
  facet normal -0.671789 0.590044 0.447825
    outer loop
      vertex 11.933 1.7608 5
      vertex 11.628 2.02072 4.2
      vertex 11.6088 1.99886 4.2
    endloop
  endfacet
  facet normal 0.853688 -0.288702 0.433438
    outer loop
      vertex -11.767 72.2974 4.2
      vertex -11.7577 72.3249 4.2
      vertex -12.1142 72.4718 5
    endloop
  endfacet
  facet normal 0.497078 0.74462 0.445482
    outer loop
      vertex -11.4793 1.87202 4.2
      vertex -11.625 1.49067 5
      vertex -11.4158 1.82963 4.2
    endloop
  endfacet
  facet normal 0.497425 0.744411 0.445445
    outer loop
      vertex -11.625 1.49067 5
      vertex -11.4793 1.87202 4.2
      vertex -11.7392 1.56698 5
    endloop
  endfacet
  facet normal 0.888037 0.177545 0.424108
    outer loop
      vertex -11.767 2.30262 4.2
      vertex -11.7727 2.33113 4.2
      vertex -12.1142 2.12824 5
    endloop
  endfacet
  facet normal -0.909172 0.0585022 0.412291
    outer loop
      vertex 11.7876 2.40596 4.2
      vertex 12.15 2.4 5
      vertex 11.7925 2.48211 4.2
    endloop
  endfacet
  facet normal -0.909104 0.0597004 0.412269
    outer loop
      vertex 12.15 2.4 5
      vertex 11.7876 2.40596 4.2
      vertex 12.141 2.26295 5
    endloop
  endfacet
  facet normal -0.888229 0.176862 0.423992
    outer loop
      vertex 11.7727 2.33113 4.2
      vertex 12.141 2.26295 5
      vertex 11.7876 2.40596 4.2
    endloop
  endfacet
  facet normal -0.888258 0.176715 0.423992
    outer loop
      vertex 12.141 2.26295 5
      vertex 11.7727 2.33113 4.2
      vertex 12.1142 2.12824 5
    endloop
  endfacet
  facet normal 0.909074 -0.05956 0.412355
    outer loop
      vertex -11.7944 72.0889 4.2
      vertex -11.7925 72.1179 4.2
      vertex -12.15 72.2 5
    endloop
  endfacet
  facet normal 0.853076 0.290459 0.433469
    outer loop
      vertex -12.1142 2.12824 5
      vertex -11.7331 2.20284 4.2
      vertex -11.7577 2.27509 4.2
    endloop
  endfacet
  facet normal 0.853415 0.289371 0.433529
    outer loop
      vertex -11.7331 2.20284 4.2
      vertex -12.1142 2.12824 5
      vertex -12.0701 1.99818 5
    endloop
  endfacet
  facet normal 0.913793 -1.75128e-18 0.406181
    outer loop
      vertex -12.15 12 5
      vertex -11.7944 2.51111 4.2
      vertex -11.7944 12 4.2
    endloop
  endfacet
  facet normal 0.913793 -1.73101e-18 0.406181
    outer loop
      vertex -11.7944 2.51111 4.2
      vertex -12.15 12 5
      vertex -12.15 2.4 5
    endloop
  endfacet
  facet normal 0.913793 -8.04733e-18 0.406181
    outer loop
      vertex -12.15 72.2 5
      vertex -11.7944 70.0239 4.2
      vertex -11.7944 72.0889 4.2
    endloop
  endfacet
  facet normal 0.91368 -0.000111664 0.406434
    outer loop
      vertex -12.15 72.2 5
      vertex -11.8801 69.9263 4.39263
      vertex -11.7944 70.0239 4.2
    endloop
  endfacet
  facet normal 0.913826 -6.89721e-06 0.406107
    outer loop
      vertex -12.15 72.2 5
      vertex -12.0981 69.6 4.88317
      vertex -11.8801 69.9263 4.39263
    endloop
  endfacet
  facet normal 0.913883 -3.26899e-19 0.405979
    outer loop
      vertex -12.0981 69.6 4.88317
      vertex -12.15 72.2 5
      vertex -12.15 69.4947 5
    endloop
  endfacet
  facet normal 0.913659 1.77615e-19 0.406482
    outer loop
      vertex -11.8801 66.2737 4.39263
      vertex -11.7944 35.9239 4.2
      vertex -11.7944 66.1761 4.2
    endloop
  endfacet
  facet normal 0.913824 -0 0.406111
    outer loop
      vertex -11.8801 35.8263 4.39263
      vertex -11.8801 66.2737 4.39263
      vertex -12.0981 66.6 4.88317
    endloop
  endfacet
  facet normal 0.913883 -0 0.405979
    outer loop
      vertex -12.0981 35.5 4.88317
      vertex -12.0981 66.6 4.88317
      vertex -12.15 66.7053 5
    endloop
  endfacet
  facet normal 0.913659 0 0.406482
    outer loop
      vertex -11.8801 66.2737 4.39263
      vertex -11.8801 35.8263 4.39263
      vertex -11.7944 35.9239 4.2
    endloop
  endfacet
  facet normal 0.913824 0 0.406111
    outer loop
      vertex -12.0981 66.6 4.88317
      vertex -12.0981 35.5 4.88317
      vertex -11.8801 35.8263 4.39263
    endloop
  endfacet
  facet normal 0.913883 -2.82447e-20 0.405979
    outer loop
      vertex -12.0981 35.5 4.88317
      vertex -12.15 66.7053 5
      vertex -12.15 35.3947 5
    endloop
  endfacet
  facet normal 0.913647 -6.37988e-05 0.406509
    outer loop
      vertex -11.8801 32.1737 4.39263
      vertex -11.7989 31.35 4.21
      vertex -11.7944 32.0761 4.2
    endloop
  endfacet
  facet normal 0.913836 4.91e-05 0.406084
    outer loop
      vertex -12.0981 32.5 4.88317
      vertex -11.7989 31.35 4.21
      vertex -11.8801 32.1737 4.39263
    endloop
  endfacet
  facet normal 0.913883 -0 0.405979
    outer loop
      vertex -12.15 30.5581 5
      vertex -12.0981 32.5 4.88317
      vertex -12.15 32.6053 5
    endloop
  endfacet
  facet normal 0.913812 1.14183e-05 0.406137
    outer loop
      vertex -12.0981 32.5 4.88317
      vertex -12.15 30.5581 5
      vertex -11.7989 31.35 4.21
    endloop
  endfacet
  facet normal 0.911922 0 0.410365
    outer loop
      vertex -11.7944 32.0761 4.2
      vertex -11.7989 31.35 4.21
      vertex -11.7944 31.35 4.2
    endloop
  endfacet
  facet normal 0.913793 -0 0.406181
    outer loop
      vertex -12.15 23.7 5
      vertex -11.7944 24.95 4.2
      vertex -12.15 24.95 5
    endloop
  endfacet
  facet normal 0.913793 0 0.406181
    outer loop
      vertex -11.7944 24.95 4.2
      vertex -12.15 23.7 5
      vertex -11.7944 23.7 4.2
    endloop
  endfacet
  facet normal 0.745166 0.496366 0.445364
    outer loop
      vertex -11.628 2.02072 4.2
      vertex -11.6441 2.04489 4.2
      vertex -11.933 1.7608 5
    endloop
  endfacet
  facet normal 1.31978e-18 -0.913793 0.406181
    outer loop
      vertex -10.9889 72.8944 4.2
      vertex 11.1 73.25 5
      vertex -11.1 73.25 5
    endloop
  endfacet
  facet normal 1.33313e-18 -0.913793 0.406181
    outer loop
      vertex 11.1 73.25 5
      vertex -10.9889 72.8944 4.2
      vertex 10.9889 72.8944 4.2
    endloop
  endfacet
  facet normal -0.176712 0.888236 0.42404
    outer loop
      vertex 11.3718 1.38578 5
      vertex 11.1974 1.733 4.2
      vertex 11.1689 1.72733 4.2
    endloop
  endfacet
  facet normal 0.672531 -0.589197 0.447828
    outer loop
      vertex -11.933 72.8392 5
      vertex -11.5777 72.6367 4.2
      vertex -11.8425 72.9425 5
    endloop
  endfacet
  facet normal 0.672461 -0.589282 0.447819
    outer loop
      vertex -11.5777 72.6367 4.2
      vertex -11.933 72.8392 5
      vertex -11.628 72.5793 4.2
    endloop
  endfacet
  facet normal 0.0596785 -0.909103 0.412275
    outer loop
      vertex -11.065 72.8895 4.2
      vertex -11.1 73.25 5
      vertex -11.2371 73.241 5
    endloop
  endfacet
  facet normal 0.0585413 -0.909183 0.412262
    outer loop
      vertex -11.1 73.25 5
      vertex -11.065 72.8895 4.2
      vertex -10.9889 72.8944 4.2
    endloop
  endfacet
  facet normal 0.909104 -0.0596786 0.412272
    outer loop
      vertex -12.15 72.2 5
      vertex -11.7876 72.194 4.2
      vertex -12.141 72.3371 5
    endloop
  endfacet
  facet normal 0.909169 -0.0585404 0.412293
    outer loop
      vertex -11.7876 72.194 4.2
      vertex -12.15 72.2 5
      vertex -11.7925 72.1179 4.2
    endloop
  endfacet
  facet normal 0.888254 -0.176728 0.423996
    outer loop
      vertex -12.141 72.3371 5
      vertex -11.7727 72.2689 4.2
      vertex -12.1142 72.4718 5
    endloop
  endfacet
  facet normal 0.888259 -0.176703 0.423996
    outer loop
      vertex -11.7727 72.2689 4.2
      vertex -12.141 72.3371 5
      vertex -11.7876 72.194 4.2
    endloop
  endfacet
  facet normal 0.805792 0.395632 0.440652
    outer loop
      vertex -11.7203 2.17677 4.2
      vertex -11.7331 2.20284 4.2
      vertex -12.0701 1.99818 5
    endloop
  endfacet
  facet normal 0.589326 0.672378 0.447888
    outer loop
      vertex -11.5585 1.9415 4.2
      vertex -11.7392 1.56698 5
      vertex -11.5011 1.89119 4.2
    endloop
  endfacet
  facet normal 0.589401 0.672319 0.447877
    outer loop
      vertex -11.7392 1.56698 5
      vertex -11.5585 1.9415 4.2
      vertex -11.8425 1.65754 5
    endloop
  endfacet
  facet normal 0.672246 0.589505 0.44785
    outer loop
      vertex -11.933 1.7608 5
      vertex -11.5585 1.9415 4.2
      vertex -11.6088 1.99886 4.2
    endloop
  endfacet
  facet normal 0.672399 0.58931 0.447877
    outer loop
      vertex -11.5585 1.9415 4.2
      vertex -11.933 1.7608 5
      vertex -11.8425 1.65754 5
    endloop
  endfacet
  facet normal -0.28979 0.853289 0.433498
    outer loop
      vertex 11.2972 1.76687 4.2
      vertex 11.3718 1.38578 5
      vertex 11.5018 1.42993 5
    endloop
  endfacet
  facet normal -0.289425 0.853402 0.433518
    outer loop
      vertex 11.3718 1.38578 5
      vertex 11.2972 1.76687 4.2
      vertex 11.2249 1.74235 4.2
    endloop
  endfacet
  facet normal -0.497172 -0.744585 0.445435
    outer loop
      vertex 11.4793 72.728 4.2
      vertex 11.625 73.1093 5
      vertex 11.4158 72.7704 4.2
    endloop
  endfacet
  facet normal -0.497389 -0.744454 0.445412
    outer loop
      vertex 11.625 73.1093 5
      vertex 11.4793 72.728 4.2
      vertex 11.7392 73.033 5
    endloop
  endfacet
  facet normal -0.498404 0.743748 0.445458
    outer loop
      vertex 11.625 1.49067 5
      vertex 11.4158 1.82963 4.2
      vertex 11.3917 1.81348 4.2
    endloop
  endfacet
  facet normal -0.0585413 -0.909183 0.412262
    outer loop
      vertex 11.065 72.8895 4.2
      vertex 11.1 73.25 5
      vertex 10.9889 72.8944 4.2
    endloop
  endfacet
  facet normal -0.0596785 -0.909103 0.412275
    outer loop
      vertex 11.1 73.25 5
      vertex 11.065 72.8895 4.2
      vertex 11.2371 73.241 5
    endloop
  endfacet
  facet normal 0.497344 -0.744472 0.445432
    outer loop
      vertex -11.4158 72.7704 4.2
      vertex -11.3917 72.7865 4.2
      vertex -11.625 73.1093 5
    endloop
  endfacet
  facet normal 0.888229 0.176862 0.423992
    outer loop
      vertex -12.141 2.26295 5
      vertex -11.7727 2.33113 4.2
      vertex -11.7876 2.40596 4.2
    endloop
  endfacet
  facet normal 0.888258 0.176715 0.423992
    outer loop
      vertex -11.7727 2.33113 4.2
      vertex -12.141 2.26295 5
      vertex -12.1142 2.12824 5
    endloop
  endfacet
  facet normal 0.909172 0.0585022 0.412291
    outer loop
      vertex -12.15 2.4 5
      vertex -11.7876 2.40596 4.2
      vertex -11.7925 2.48211 4.2
    endloop
  endfacet
  facet normal 0.909104 0.0597004 0.412269
    outer loop
      vertex -11.7876 2.40596 4.2
      vertex -12.15 2.4 5
      vertex -12.141 2.26295 5
    endloop
  endfacet
  facet normal 0.590434 0.671438 0.447837
    outer loop
      vertex -11.4793 1.87202 4.2
      vertex -11.5011 1.89119 4.2
      vertex -11.7392 1.56698 5
    endloop
  endfacet
  facet normal 0.671789 0.590044 0.447825
    outer loop
      vertex -11.6088 1.99886 4.2
      vertex -11.628 2.02072 4.2
      vertex -11.933 1.7608 5
    endloop
  endfacet
  facet normal 0.498404 0.743748 0.445458
    outer loop
      vertex -11.3917 1.81348 4.2
      vertex -11.4158 1.82963 4.2
      vertex -11.625 1.49067 5
    endloop
  endfacet
  facet normal 0.0596103 0.909087 0.41232
    outer loop
      vertex -11.094 1.71245 4.2
      vertex -11.1 1.35 5
      vertex -11.0179 1.70746 4.2
    endloop
  endfacet
  facet normal 0.0595451 0.90909 0.412321
    outer loop
      vertex -11.1 1.35 5
      vertex -11.094 1.71245 4.2
      vertex -11.2371 1.35898 5
    endloop
  endfacet
  facet normal 0.176471 0.888283 0.424043
    outer loop
      vertex -11.1689 1.72733 4.2
      vertex -11.2371 1.35898 5
      vertex -11.094 1.71245 4.2
    endloop
  endfacet
  facet normal 0.176723 0.888233 0.424041
    outer loop
      vertex -11.2371 1.35898 5
      vertex -11.1689 1.72733 4.2
      vertex -11.3718 1.38578 5
    endloop
  endfacet
  facet normal -0.590434 0.671438 0.447837
    outer loop
      vertex 11.7392 1.56698 5
      vertex 11.5011 1.89119 4.2
      vertex 11.4793 1.87202 4.2
    endloop
  endfacet
  facet normal -0.39798 0.804625 0.440671
    outer loop
      vertex 11.5018 1.42993 5
      vertex 11.3232 1.77973 4.2
      vertex 11.2972 1.76687 4.2
    endloop
  endfacet
  facet normal -0.288702 -0.853688 0.433438
    outer loop
      vertex 11.2249 72.8577 4.2
      vertex 11.3718 73.2142 5
      vertex 11.1974 72.867 4.2
    endloop
  endfacet
  facet normal 0.590965 -0.670992 0.447806
    outer loop
      vertex -11.5011 72.7088 4.2
      vertex -11.4793 72.728 4.2
      vertex -11.7392 73.033 5
    endloop
  endfacet
  facet normal 0.397268 -0.80499 0.440647
    outer loop
      vertex -11.3656 72.7994 4.2
      vertex -11.5018 73.1701 5
      vertex -11.625 73.1093 5
    endloop
  endfacet
  facet normal 0.396734 -0.80524 0.440672
    outer loop
      vertex -11.5018 73.1701 5
      vertex -11.3656 72.7994 4.2
      vertex -11.2972 72.8331 4.2
    endloop
  endfacet
  facet normal 0.289492 -0.853377 0.433523
    outer loop
      vertex -11.2972 72.8331 4.2
      vertex -11.3718 73.2142 5
      vertex -11.5018 73.1701 5
    endloop
  endfacet
  facet normal 0.290277 -0.853132 0.433479
    outer loop
      vertex -11.3718 73.2142 5
      vertex -11.2972 72.8331 4.2
      vertex -11.2249 72.8577 4.2
    endloop
  endfacet
  facet normal -0.88802 -0.177604 0.424119
    outer loop
      vertex 11.7727 72.2689 4.2
      vertex 12.1142 72.4718 5
      vertex 11.767 72.2974 4.2
    endloop
  endfacet
  facet normal 0.853794 0.288423 0.433415
    outer loop
      vertex -11.7577 2.27509 4.2
      vertex -11.767 2.30262 4.2
      vertex -12.1142 2.12824 5
    endloop
  endfacet
  facet normal 0.176712 0.888236 0.42404
    outer loop
      vertex -11.1689 1.72733 4.2
      vertex -11.1974 1.733 4.2
      vertex -11.3718 1.38578 5
    endloop
  endfacet
  facet normal -0.672246 0.589505 0.44785
    outer loop
      vertex 11.5585 1.9415 4.2
      vertex 11.933 1.7608 5
      vertex 11.6088 1.99886 4.2
    endloop
  endfacet
  facet normal -0.672399 0.58931 0.447877
    outer loop
      vertex 11.933 1.7608 5
      vertex 11.5585 1.9415 4.2
      vertex 11.8425 1.65754 5
    endloop
  endfacet
  facet normal -0.589401 0.672319 0.447877
    outer loop
      vertex 11.5585 1.9415 4.2
      vertex 11.7392 1.56698 5
      vertex 11.8425 1.65754 5
    endloop
  endfacet
  facet normal -0.589326 0.672378 0.447888
    outer loop
      vertex 11.7392 1.56698 5
      vertex 11.5585 1.9415 4.2
      vertex 11.5011 1.89119 4.2
    endloop
  endfacet
  facet normal -0.176723 0.888233 0.424041
    outer loop
      vertex 11.1689 1.72733 4.2
      vertex 11.2371 1.35898 5
      vertex 11.3718 1.38578 5
    endloop
  endfacet
  facet normal -0.176471 0.888283 0.424043
    outer loop
      vertex 11.2371 1.35898 5
      vertex 11.1689 1.72733 4.2
      vertex 11.094 1.71245 4.2
    endloop
  endfacet
  facet normal -0.0595451 0.90909 0.412321
    outer loop
      vertex 11.094 1.71245 4.2
      vertex 11.1 1.35 5
      vertex 11.2371 1.35898 5
    endloop
  endfacet
  facet normal -0.0596103 0.909087 0.41232
    outer loop
      vertex 11.1 1.35 5
      vertex 11.094 1.71245 4.2
      vertex 11.0179 1.70746 4.2
    endloop
  endfacet
  facet normal -0.853377 -0.289492 0.433523
    outer loop
      vertex 11.7331 72.3972 4.2
      vertex 12.1142 72.4718 5
      vertex 12.0701 72.6018 5
    endloop
  endfacet
  facet normal -0.853132 -0.290277 0.433479
    outer loop
      vertex 12.1142 72.4718 5
      vertex 11.7331 72.3972 4.2
      vertex 11.7577 72.3249 4.2
    endloop
  endfacet
  facet normal -0.177609 -0.888045 0.424064
    outer loop
      vertex 11.1225 72.8819 4.2
      vertex 11.2371 73.241 5
      vertex 11.094 72.8876 4.2
    endloop
  endfacet
  facet normal -0.1767 -0.888246 0.424024
    outer loop
      vertex 11.1974 72.867 4.2
      vertex 11.2371 73.241 5
      vertex 11.1225 72.8819 4.2
    endloop
  endfacet
  facet normal -0.176725 -0.888241 0.424023
    outer loop
      vertex 11.2371 73.241 5
      vertex 11.1974 72.867 4.2
      vertex 11.3718 73.2142 5
    endloop
  endfacet
  facet normal 0.670935 -0.590915 0.447957
    outer loop
      vertex -11.5777 72.6367 4.2
      vertex -11.5585 72.6585 4.2
      vertex -11.8425 72.9425 5
    endloop
  endfacet
  facet normal 0.589174 -0.672505 0.447896
    outer loop
      vertex -11.5585 72.6585 4.2
      vertex -11.7392 73.033 5
      vertex -11.8425 72.9425 5
    endloop
  endfacet
  facet normal 0.589261 -0.672437 0.447884
    outer loop
      vertex -11.7392 73.033 5
      vertex -11.5585 72.6585 4.2
      vertex -11.5011 72.7088 4.2
    endloop
  endfacet
  facet normal 0.288702 -0.853688 0.433438
    outer loop
      vertex -11.2249 72.8577 4.2
      vertex -11.1974 72.867 4.2
      vertex -11.3718 73.2142 5
    endloop
  endfacet
  facet normal -0.745166 0.496366 0.445364
    outer loop
      vertex 11.933 1.7608 5
      vertex 11.6441 2.04489 4.2
      vertex 11.628 2.02072 4.2
    endloop
  endfacet
  facet normal -0.290078 0.853172 0.433535
    outer loop
      vertex 11.3718 1.38578 5
      vertex 11.2249 1.74235 4.2
      vertex 11.1974 1.733 4.2
    endloop
  endfacet
  facet normal -0.745464 -0.495949 0.445329
    outer loop
      vertex 11.6441 72.5551 4.2
      vertex 11.933 72.8392 5
      vertex 11.628 72.5793 4.2
    endloop
  endfacet
  facet normal -0.397739 -0.804729 0.440699
    outer loop
      vertex 11.3917 72.7865 4.2
      vertex 11.625 73.1093 5
      vertex 11.3656 72.7994 4.2
    endloop
  endfacet
  facet normal -0.0595629 -0.909118 0.412257
    outer loop
      vertex 11.094 72.8876 4.2
      vertex 11.2371 73.241 5
      vertex 11.065 72.8895 4.2
    endloop
  endfacet
  facet normal 0.745464 -0.495949 0.445329
    outer loop
      vertex -11.6441 72.5551 4.2
      vertex -11.628 72.5793 4.2
      vertex -11.933 72.8392 5
    endloop
  endfacet
  facet normal 0.177609 -0.888045 0.424064
    outer loop
      vertex -11.1225 72.8819 4.2
      vertex -11.094 72.8876 4.2
      vertex -11.2371 73.241 5
    endloop
  endfacet
  facet normal -0.805366 -0.396488 0.440662
    outer loop
      vertex 11.7331 72.3972 4.2
      vertex 12.0701 72.6018 5
      vertex 11.7203 72.4232 4.2
    endloop
  endfacet
  facet normal -0.589261 -0.672437 0.447884
    outer loop
      vertex 11.5585 72.6585 4.2
      vertex 11.7392 73.033 5
      vertex 11.5011 72.7088 4.2
    endloop
  endfacet
  facet normal -0.589174 -0.672505 0.447896
    outer loop
      vertex 11.7392 73.033 5
      vertex 11.5585 72.6585 4.2
      vertex 11.8425 72.9425 5
    endloop
  endfacet
  facet normal -0.888254 -0.176728 0.423996
    outer loop
      vertex 11.7727 72.2689 4.2
      vertex 12.141 72.3371 5
      vertex 12.1142 72.4718 5
    endloop
  endfacet
  facet normal -0.888259 -0.176703 0.423996
    outer loop
      vertex 12.141 72.3371 5
      vertex 11.7727 72.2689 4.2
      vertex 11.7876 72.194 4.2
    endloop
  endfacet
  facet normal -0.909104 -0.0596786 0.412272
    outer loop
      vertex 11.7876 72.194 4.2
      vertex 12.15 72.2 5
      vertex 12.141 72.3371 5
    endloop
  endfacet
  facet normal -0.909169 -0.0585404 0.412293
    outer loop
      vertex 12.15 72.2 5
      vertex 11.7876 72.194 4.2
      vertex 11.7925 72.1179 4.2
    endloop
  endfacet
  facet normal -0.670935 -0.590915 0.447957
    outer loop
      vertex 11.5777 72.6367 4.2
      vertex 11.8425 72.9425 5
      vertex 11.5585 72.6585 4.2
    endloop
  endfacet
  facet normal -0.672531 -0.589197 0.447828
    outer loop
      vertex 11.5777 72.6367 4.2
      vertex 11.933 72.8392 5
      vertex 11.8425 72.9425 5
    endloop
  endfacet
  facet normal -0.672461 -0.589282 0.447819
    outer loop
      vertex 11.933 72.8392 5
      vertex 11.5777 72.6367 4.2
      vertex 11.628 72.5793 4.2
    endloop
  endfacet
  facet normal -0.853688 -0.288702 0.433438
    outer loop
      vertex 11.767 72.2974 4.2
      vertex 12.1142 72.4718 5
      vertex 11.7577 72.3249 4.2
    endloop
  endfacet
  facet normal -1 0 0
    outer loop
      vertex 10.5 0.15 4.2
      vertex 10.5 1.35 5
      vertex 10.5 1.70555 4.2
    endloop
  endfacet
  facet normal -1 0 0
    outer loop
      vertex 10.5 0.15 5.7
      vertex 10.5 1.35 5
      vertex 10.5 0.15 4.2
    endloop
  endfacet
  facet normal -1 0 0
    outer loop
      vertex 10.5 1.35 5
      vertex 10.5 0.15 5.7
      vertex 10.5 1.35 5.7
    endloop
  endfacet
  facet normal 1 0 0
    outer loop
      vertex -10.5 1.35 5.7
      vertex -10.5 0.15 5.7
      vertex -10.5 1.35 5
    endloop
  endfacet
  facet normal 1 0 0
    outer loop
      vertex -10.5 0.15 4.2
      vertex -10.5 1.35 5
      vertex -10.5 0.15 5.7
    endloop
  endfacet
  facet normal 1 0 0
    outer loop
      vertex -10.5 1.35 5
      vertex -10.5 0.15 4.2
      vertex -10.5 1.70555 4.2
    endloop
  endfacet
  facet normal 0.830332 -0 0.55727
    outer loop
      vertex -2.5 2 5.7
      vertex -1.5 20 4.21
      vertex -2.5 20 5.7
    endloop
  endfacet
  facet normal 0.830332 0 0.55727
    outer loop
      vertex -1.5 20 4.21
      vertex -2.5 2 5.7
      vertex -1.5 2 4.21
    endloop
  endfacet
  facet normal -0 0 1
    outer loop
      vertex -4.5 20 5.7
      vertex -2.5 2 5.7
      vertex -2.5 20 5.7
    endloop
  endfacet
  facet normal 0 0 1
    outer loop
      vertex -2.5 2 5.7
      vertex -4.5 20 5.7
      vertex -4.5 2 5.7
    endloop
  endfacet
  facet normal -1 0 0
    outer loop
      vertex -5.5 2 4.2
      vertex -5.5 20 4.21
      vertex -5.5 20 4.2
    endloop
  endfacet
  facet normal -1 -0 0
    outer loop
      vertex -5.5 20 4.21
      vertex -5.5 2 4.2
      vertex -5.5 2 4.21
    endloop
  endfacet
  facet normal -0.830332 0 0.55727
    outer loop
      vertex -5.5 2 4.21
      vertex -4.5 20 5.7
      vertex -5.5 20 4.21
    endloop
  endfacet
  facet normal -0.830332 0 0.55727
    outer loop
      vertex -4.5 20 5.7
      vertex -5.5 2 4.21
      vertex -4.5 2 5.7
    endloop
  endfacet
  facet normal 0 1 -0
    outer loop
      vertex -1.5 20 4.2
      vertex -2.5 20 5.7
      vertex -1.5 20 4.21
    endloop
  endfacet
  facet normal 0 1 0
    outer loop
      vertex -2.5 20 5.7
      vertex -1.5 20 4.2
      vertex -4.5 20 5.7
    endloop
  endfacet
  facet normal 0 1 0
    outer loop
      vertex -5.5 20 4.2
      vertex -4.5 20 5.7
      vertex -1.5 20 4.2
    endloop
  endfacet
  facet normal 0 1 0
    outer loop
      vertex -4.5 20 5.7
      vertex -5.5 20 4.2
      vertex -5.5 20 4.21
    endloop
  endfacet
  facet normal 1 -0 0
    outer loop
      vertex -1.5 2 4.21
      vertex -1.5 20 4.2
      vertex -1.5 20 4.21
    endloop
  endfacet
  facet normal 1 0 0
    outer loop
      vertex -1.5 20 4.2
      vertex -1.5 2 4.21
      vertex -1.5 2 4.2
    endloop
  endfacet
  facet normal 0 -1 0
    outer loop
      vertex -5.5 2 4.2
      vertex -4.5 2 5.7
      vertex -5.5 2 4.21
    endloop
  endfacet
  facet normal 0 -1 -0
    outer loop
      vertex -4.5 2 5.7
      vertex -5.5 2 4.2
      vertex -2.5 2 5.7
    endloop
  endfacet
  facet normal 0 -1 0
    outer loop
      vertex -1.5 2 4.2
      vertex -2.5 2 5.7
      vertex -5.5 2 4.2
    endloop
  endfacet
  facet normal 0 -1 0
    outer loop
      vertex -2.5 2 5.7
      vertex -1.5 2 4.2
      vertex -1.5 2 4.21
    endloop
  endfacet
  facet normal 0.830332 -0 0.55727
    outer loop
      vertex 4.5 2 5.7
      vertex 5.5 20 4.21
      vertex 4.5 20 5.7
    endloop
  endfacet
  facet normal 0.830332 0 0.55727
    outer loop
      vertex 5.5 20 4.21
      vertex 4.5 2 5.7
      vertex 5.5 2 4.21
    endloop
  endfacet
  facet normal -0 0 1
    outer loop
      vertex 2.5 20 5.7
      vertex 4.5 2 5.7
      vertex 4.5 20 5.7
    endloop
  endfacet
  facet normal 0 0 1
    outer loop
      vertex 4.5 2 5.7
      vertex 2.5 20 5.7
      vertex 2.5 2 5.7
    endloop
  endfacet
  facet normal -1 0 0
    outer loop
      vertex 1.5 2 4.2
      vertex 1.5 20 4.21
      vertex 1.5 20 4.2
    endloop
  endfacet
  facet normal -1 -0 0
    outer loop
      vertex 1.5 20 4.21
      vertex 1.5 2 4.2
      vertex 1.5 2 4.21
    endloop
  endfacet
  facet normal -0.830332 0 0.55727
    outer loop
      vertex 1.5 2 4.21
      vertex 2.5 20 5.7
      vertex 1.5 20 4.21
    endloop
  endfacet
  facet normal -0.830332 0 0.55727
    outer loop
      vertex 2.5 20 5.7
      vertex 1.5 2 4.21
      vertex 2.5 2 5.7
    endloop
  endfacet
  facet normal 0 1 -0
    outer loop
      vertex 5.5 20 4.2
      vertex 4.5 20 5.7
      vertex 5.5 20 4.21
    endloop
  endfacet
  facet normal 0 1 0
    outer loop
      vertex 4.5 20 5.7
      vertex 5.5 20 4.2
      vertex 2.5 20 5.7
    endloop
  endfacet
  facet normal 0 1 0
    outer loop
      vertex 1.5 20 4.2
      vertex 2.5 20 5.7
      vertex 5.5 20 4.2
    endloop
  endfacet
  facet normal 0 1 0
    outer loop
      vertex 2.5 20 5.7
      vertex 1.5 20 4.2
      vertex 1.5 20 4.21
    endloop
  endfacet
  facet normal 1 -0 0
    outer loop
      vertex 5.5 2 4.21
      vertex 5.5 20 4.2
      vertex 5.5 20 4.21
    endloop
  endfacet
  facet normal 1 0 0
    outer loop
      vertex 5.5 20 4.2
      vertex 5.5 2 4.21
      vertex 5.5 2 4.2
    endloop
  endfacet
  facet normal 0 -1 0
    outer loop
      vertex 1.5 2 4.2
      vertex 2.5 2 5.7
      vertex 1.5 2 4.21
    endloop
  endfacet
  facet normal 0 -1 -0
    outer loop
      vertex 2.5 2 5.7
      vertex 1.5 2 4.2
      vertex 4.5 2 5.7
    endloop
  endfacet
  facet normal 0 -1 0
    outer loop
      vertex 5.5 2 4.2
      vertex 4.5 2 5.7
      vertex 1.5 2 4.2
    endloop
  endfacet
  facet normal 0 -1 0
    outer loop
      vertex 4.5 2 5.7
      vertex 5.5 2 4.2
      vertex 5.5 2 4.21
    endloop
  endfacet
  facet normal 1 -0 0
    outer loop
      vertex -9.3 12 7.85
      vertex -9.3 23.7 4.2
      vertex -9.3 23.7 7.85
    endloop
  endfacet
  facet normal 1 0 0
    outer loop
      vertex -9.3 23.7 4.2
      vertex -9.3 12 7.85
      vertex -9.3 12 4.2
    endloop
  endfacet
  facet normal 0 -1 0
    outer loop
      vertex -12.15 12 5.7
      vertex -10.8 12 7.85
      vertex -12.9559 12 5.7
    endloop
  endfacet
  facet normal 0 -1 0
    outer loop
      vertex -9.3 12 4.2
      vertex -10.8 12 7.85
      vertex -12.15 12 5.7
    endloop
  endfacet
  facet normal 0 -1 0
    outer loop
      vertex -9.3 12 4.2
      vertex -12.15 12 5.7
      vertex -12.15 12 5
    endloop
  endfacet
  facet normal 0 -1 0
    outer loop
      vertex -9.3 12 4.2
      vertex -12.15 12 5
      vertex -11.7944 12 4.2
    endloop
  endfacet
  facet normal 0 -1 0
    outer loop
      vertex -10.8 12 7.85
      vertex -9.3 12 4.2
      vertex -9.3 12 7.85
    endloop
  endfacet
  facet normal -0.706137 -1.23052e-17 0.708075
    outer loop
      vertex -12.9559 23.7 5.7
      vertex -10.8 12 7.85
      vertex -10.8 23.7 7.85
    endloop
  endfacet
  facet normal -0.706137 -1.23052e-17 0.708075
    outer loop
      vertex -10.8 12 7.85
      vertex -12.9559 23.7 5.7
      vertex -12.9559 12 5.7
    endloop
  endfacet
  facet normal 0 1 -0
    outer loop
      vertex -9.3 23.7 4.2
      vertex -10.8 23.7 7.85
      vertex -9.3 23.7 7.85
    endloop
  endfacet
  facet normal 0 1 0
    outer loop
      vertex -10.8 23.7 7.85
      vertex -9.3 23.7 4.2
      vertex -12.15 23.7 5.7
    endloop
  endfacet
  facet normal 0 1 0
    outer loop
      vertex -12.15 23.7 5.7
      vertex -9.3 23.7 4.2
      vertex -12.15 23.7 5
    endloop
  endfacet
  facet normal 0 1 0
    outer loop
      vertex -12.15 23.7 5
      vertex -9.3 23.7 4.2
      vertex -11.7944 23.7 4.2
    endloop
  endfacet
  facet normal 0 1 0
    outer loop
      vertex -10.8 23.7 7.85
      vertex -12.15 23.7 5.7
      vertex -12.9559 23.7 5.7
    endloop
  endfacet
  facet normal -0 0 1
    outer loop
      vertex -10.8 23.7 7.85
      vertex -9.3 12 7.85
      vertex -9.3 23.7 7.85
    endloop
  endfacet
  facet normal 0 0 1
    outer loop
      vertex -9.3 12 7.85
      vertex -10.8 23.7 7.85
      vertex -10.8 12 7.85
    endloop
  endfacet
  facet normal 0 1 -0
    outer loop
      vertex 12.15 23.7 5.7
      vertex 10.8 23.7 7.85
      vertex 12.9559 23.7 5.7
    endloop
  endfacet
  facet normal 0 1 0
    outer loop
      vertex 9.3 23.7 4.2
      vertex 10.8 23.7 7.85
      vertex 12.15 23.7 5.7
    endloop
  endfacet
  facet normal 0 1 0
    outer loop
      vertex 9.3 23.7 4.2
      vertex 12.15 23.7 5.7
      vertex 12.15 23.7 5
    endloop
  endfacet
  facet normal 0 1 0
    outer loop
      vertex 9.3 23.7 4.2
      vertex 12.15 23.7 5
      vertex 11.7944 23.7 4.2
    endloop
  endfacet
  facet normal 0 1 0
    outer loop
      vertex 10.8 23.7 7.85
      vertex 9.3 23.7 4.2
      vertex 9.3 23.7 7.85
    endloop
  endfacet
  facet normal -0 0 1
    outer loop
      vertex 9.3 23.7 7.85
      vertex 10.8 12 7.85
      vertex 10.8 23.7 7.85
    endloop
  endfacet
  facet normal 0 0 1
    outer loop
      vertex 10.8 12 7.85
      vertex 9.3 23.7 7.85
      vertex 9.3 12 7.85
    endloop
  endfacet
  facet normal -1 0 0
    outer loop
      vertex 9.3 12 4.2
      vertex 9.3 23.7 7.85
      vertex 9.3 23.7 4.2
    endloop
  endfacet
  facet normal -1 -0 0
    outer loop
      vertex 9.3 23.7 7.85
      vertex 9.3 12 4.2
      vertex 9.3 12 7.85
    endloop
  endfacet
  facet normal 0 -1 0
    outer loop
      vertex 9.3 12 4.2
      vertex 10.8 12 7.85
      vertex 9.3 12 7.85
    endloop
  endfacet
  facet normal 0 -1 -0
    outer loop
      vertex 10.8 12 7.85
      vertex 9.3 12 4.2
      vertex 12.15 12 5.7
    endloop
  endfacet
  facet normal 0 -1 -0
    outer loop
      vertex 12.15 12 5.7
      vertex 9.3 12 4.2
      vertex 12.15 12 5
    endloop
  endfacet
  facet normal 0 -1 0
    outer loop
      vertex 12.15 12 5
      vertex 9.3 12 4.2
      vertex 11.7944 12 4.2
    endloop
  endfacet
  facet normal 0 -1 0
    outer loop
      vertex 10.8 12 7.85
      vertex 12.15 12 5.7
      vertex 12.9559 12 5.7
    endloop
  endfacet
  facet normal 0.706137 1.23052e-17 0.708075
    outer loop
      vertex 10.8 23.7 7.85
      vertex 12.9559 12 5.7
      vertex 12.9559 23.7 5.7
    endloop
  endfacet
  facet normal 0.706137 1.23052e-17 0.708075
    outer loop
      vertex 12.9559 12 5.7
      vertex 10.8 23.7 7.85
      vertex 10.8 12 7.85
    endloop
  endfacet
  facet normal 0 0 1
    outer loop
      vertex -11.34 27.15 8.4
      vertex -13.35 27.15 8.4
      vertex -11.34 26.15 8.4
    endloop
  endfacet
  facet normal 0 0 1
    outer loop
      vertex 11.34 26.15 8.4
      vertex 13.35 27.15 8.4
      vertex 11.34 27.15 8.4
    endloop
  endfacet
  facet normal 0 0 1
    outer loop
      vertex 13.35 27.15 8.4
      vertex 11.34 26.15 8.4
      vertex 13.35 24.95 8.4
    endloop
  endfacet
  facet normal -0 0 1
    outer loop
      vertex -11.34 26.15 8.4
      vertex 13.35 24.95 8.4
      vertex 11.34 26.15 8.4
    endloop
  endfacet
  facet normal 0 0 1
    outer loop
      vertex -11.34 26.15 8.4
      vertex -13.35 24.95 8.4
      vertex 13.35 24.95 8.4
    endloop
  endfacet
  facet normal 0 0 1
    outer loop
      vertex -13.35 24.95 8.4
      vertex -11.34 26.15 8.4
      vertex -13.35 27.15 8.4
    endloop
  endfacet
  facet normal 9.22658e-17 0.706257 0.707956
    outer loop
      vertex -12.15 30.5581 5
      vertex -11.34 31.35 4.21
      vertex -11.7989 31.35 4.21
    endloop
  endfacet
  facet normal 1.61927e-05 0.706249 0.707964
    outer loop
      vertex -11.34 31.35 4.21
      vertex -12.15 30.5581 5
      vertex -12.15 29.8564 5.7
    endloop
  endfacet
  facet normal -3.829e-05 0.706263 0.707949
    outer loop
      vertex -11.34 31.35 4.21
      vertex -12.15 29.8564 5.7
      vertex -11.34 27.15 8.4
    endloop
  endfacet
  facet normal 8.88123e-17 0.706269 0.707943
    outer loop
      vertex -13.35 27.15 8.4
      vertex -12.15 29.8564 5.7
      vertex -13.35 29.8564 5.7
    endloop
  endfacet
  facet normal 5.30223e-17 0.706269 0.707943
    outer loop
      vertex -12.15 29.8564 5.7
      vertex -13.35 27.15 8.4
      vertex -11.34 27.15 8.4
    endloop
  endfacet
  facet normal 0 1 0
    outer loop
      vertex -11.7944 31.35 4.2
      vertex -11.34 31.35 4.21
      vertex -11.34 31.35 4.2
    endloop
  endfacet
  facet normal 0 1 0
    outer loop
      vertex -11.34 31.35 4.21
      vertex -11.7944 31.35 4.2
      vertex -11.7989 31.35 4.21
    endloop
  endfacet
  facet normal 0 -1 0
    outer loop
      vertex 5.275 24.95 4.2
      vertex 6.075 24.95 5.2
      vertex 5.275 24.95 5.2
    endloop
  endfacet
  facet normal 0 -1 -0
    outer loop
      vertex 6.075 24.95 5.2
      vertex 5.275 24.95 4.2
      vertex 6.075 24.95 4.2
    endloop
  endfacet
  facet normal 0 -1 0
    outer loop
      vertex -0.4 24.95 4.2
      vertex 0.4 24.95 5.2
      vertex -0.4 24.95 5.2
    endloop
  endfacet
  facet normal 0 -1 -0
    outer loop
      vertex 0.4 24.95 5.2
      vertex -0.4 24.95 4.2
      vertex 0.4 24.95 4.2
    endloop
  endfacet
  facet normal 0 -1 0
    outer loop
      vertex -6.075 24.95 4.2
      vertex -5.275 24.95 5.2
      vertex -6.075 24.95 5.2
    endloop
  endfacet
  facet normal 0 -1 -0
    outer loop
      vertex -5.275 24.95 5.2
      vertex -6.075 24.95 4.2
      vertex -5.275 24.95 4.2
    endloop
  endfacet
  facet normal 0 -1 0
    outer loop
      vertex -5.275 24.95 5.2
      vertex -6 24.95 7.15
      vertex -6.075 24.95 5.2
    endloop
  endfacet
  facet normal 0 -1 0
    outer loop
      vertex -12.15 24.95 5
      vertex -11.34 24.95 5.2
      vertex -12.15 24.95 5.7
    endloop
  endfacet
  facet normal 0 -1 0
    outer loop
      vertex -11.7944 24.95 4.2
      vertex -11.34 24.95 5.2
      vertex -12.15 24.95 5
    endloop
  endfacet
  facet normal 0 -1 -0
    outer loop
      vertex -11.34 24.95 5.2
      vertex -11.7944 24.95 4.2
      vertex -11.34 24.95 4.2
    endloop
  endfacet
  facet normal 0 -1 0
    outer loop
      vertex -6 24.95 7.15
      vertex -5.275 24.95 5.2
      vertex -2 24.95 7.15
    endloop
  endfacet
  facet normal 0 -1 0
    outer loop
      vertex -0.4 24.95 5.2
      vertex -2 24.95 7.15
      vertex -5.275 24.95 5.2
    endloop
  endfacet
  facet normal 0 -1 0
    outer loop
      vertex 0.4 24.95 5.2
      vertex -2 24.95 7.15
      vertex -0.4 24.95 5.2
    endloop
  endfacet
  facet normal 0 -1 0
    outer loop
      vertex 5.275 24.95 5.2
      vertex -2 24.95 7.15
      vertex 0.4 24.95 5.2
    endloop
  endfacet
  facet normal 0 -1 0
    outer loop
      vertex 6.075 24.95 5.2
      vertex -2 24.95 7.15
      vertex 5.275 24.95 5.2
    endloop
  endfacet
  facet normal 0 -1 0
    outer loop
      vertex -2 24.95 7.15
      vertex 6.075 24.95 5.2
      vertex 12.15 24.95 5.7
    endloop
  endfacet
  facet normal 0 -1 0
    outer loop
      vertex 11.34 24.95 5.2
      vertex 12.15 24.95 5.7
      vertex 6.075 24.95 5.2
    endloop
  endfacet
  facet normal 0 -1 0
    outer loop
      vertex 11.34 24.95 5.2
      vertex 12.15 24.95 5
      vertex 12.15 24.95 5.7
    endloop
  endfacet
  facet normal 0 -1 0
    outer loop
      vertex 11.7944 24.95 4.2
      vertex 11.34 24.95 5.2
      vertex 11.34 24.95 4.2
    endloop
  endfacet
  facet normal 0 -1 0
    outer loop
      vertex 11.34 24.95 5.2
      vertex 11.7944 24.95 4.2
      vertex 12.15 24.95 5
    endloop
  endfacet
  facet normal 0 -1 0
    outer loop
      vertex -2 24.95 8.25
      vertex -13.35 24.95 8.4
      vertex -6 24.95 8.25
    endloop
  endfacet
  facet normal 0 -1 0
    outer loop
      vertex -11.34 24.95 5.2
      vertex -13.35 24.95 8.4
      vertex -12.15 24.95 5.7
    endloop
  endfacet
  facet normal 0 -1 0
    outer loop
      vertex -13.35 24.95 8.4
      vertex -11.34 24.95 5.2
      vertex -6 24.95 8.25
    endloop
  endfacet
  facet normal 0 -1 0
    outer loop
      vertex -12.15 24.95 5.7
      vertex -13.35 24.95 8.4
      vertex -13.35 24.95 5.7
    endloop
  endfacet
  facet normal 0 -1 0
    outer loop
      vertex -13.35 24.95 8.4
      vertex -2 24.95 8.25
      vertex 13.35 24.95 8.4
    endloop
  endfacet
  facet normal 0 -1 0
    outer loop
      vertex 12.15 24.95 5.7
      vertex -2 24.95 8.25
      vertex -2 24.95 7.15
    endloop
  endfacet
  facet normal 0 -1 -0
    outer loop
      vertex -6 24.95 8.25
      vertex -11.34 24.95 5.2
      vertex -6 24.95 7.15
    endloop
  endfacet
  facet normal 0 -1 0
    outer loop
      vertex -6.075 24.95 5.2
      vertex -6 24.95 7.15
      vertex -11.34 24.95 5.2
    endloop
  endfacet
  facet normal 0 -1 0
    outer loop
      vertex -2 24.95 8.25
      vertex 12.15 24.95 5.7
      vertex 13.35 24.95 8.4
    endloop
  endfacet
  facet normal 0 -1 -0
    outer loop
      vertex 13.35 24.95 8.4
      vertex 12.15 24.95 5.7
      vertex 13.35 24.95 5.7
    endloop
  endfacet
  facet normal 1 -0 0
    outer loop
      vertex -11.34 26.15 5.2
      vertex -11.34 31.35 4.21
      vertex -11.34 27.15 8.4
    endloop
  endfacet
  facet normal 1 0 0
    outer loop
      vertex -11.34 26.15 5.2
      vertex -11.34 27.15 8.4
      vertex -11.34 26.15 8.4
    endloop
  endfacet
  facet normal 1 0 0
    outer loop
      vertex -11.34 31.35 4.21
      vertex -11.34 26.15 5.2
      vertex -11.34 31.35 4.2
    endloop
  endfacet
  facet normal 1 0 0
    outer loop
      vertex -11.34 24.95 4.2
      vertex -11.34 26.15 5.2
      vertex -11.34 24.95 5.2
    endloop
  endfacet
  facet normal 1 0 0
    outer loop
      vertex -11.34 26.15 5.2
      vertex -11.34 24.95 4.2
      vertex -11.34 31.35 4.2
    endloop
  endfacet
  facet normal -0 0.706257 0.707956
    outer loop
      vertex 11.34 31.35 4.21
      vertex 12.15 30.5581 5
      vertex 11.7989 31.35 4.21
    endloop
  endfacet
  facet normal -0 0.706269 0.707943
    outer loop
      vertex 12.15 29.8564 5.7
      vertex 13.35 27.15 8.4
      vertex 13.35 29.8564 5.7
    endloop
  endfacet
  facet normal -1.61927e-05 0.706249 0.707964
    outer loop
      vertex 12.15 30.5581 5
      vertex 11.34 31.35 4.21
      vertex 12.15 29.8564 5.7
    endloop
  endfacet
  facet normal 3.829e-05 0.706263 0.707949
    outer loop
      vertex 11.34 27.15 8.4
      vertex 12.15 29.8564 5.7
      vertex 11.34 31.35 4.21
    endloop
  endfacet
  facet normal 5.30223e-17 0.706269 0.707943
    outer loop
      vertex 12.15 29.8564 5.7
      vertex 11.34 27.15 8.4
      vertex 13.35 27.15 8.4
    endloop
  endfacet
  facet normal 0 1 -0
    outer loop
      vertex 11.7944 31.35 4.2
      vertex 11.34 31.35 4.21
      vertex 11.7989 31.35 4.21
    endloop
  endfacet
  facet normal 0 1 0
    outer loop
      vertex 11.34 31.35 4.21
      vertex 11.7944 31.35 4.2
      vertex 11.34 31.35 4.2
    endloop
  endfacet
  facet normal -1 0 0
    outer loop
      vertex 11.34 26.15 5.2
      vertex 11.34 31.35 4.21
      vertex 11.34 31.35 4.2
    endloop
  endfacet
  facet normal -1 0 0
    outer loop
      vertex 11.34 31.35 4.21
      vertex 11.34 26.15 5.2
      vertex 11.34 27.15 8.4
    endloop
  endfacet
  facet normal -1 0 0
    outer loop
      vertex 11.34 24.95 4.2
      vertex 11.34 26.15 5.2
      vertex 11.34 31.35 4.2
    endloop
  endfacet
  facet normal -1 -0 0
    outer loop
      vertex 11.34 26.15 5.2
      vertex 11.34 24.95 4.2
      vertex 11.34 24.95 5.2
    endloop
  endfacet
  facet normal -1 -0 0
    outer loop
      vertex 11.34 27.15 8.4
      vertex 11.34 26.15 5.2
      vertex 11.34 26.15 8.4
    endloop
  endfacet
  facet normal 1 -0 0
    outer loop
      vertex -5.275 24.95 5.2
      vertex -5.275 26.15 4.2
      vertex -5.275 26.15 5.2
    endloop
  endfacet
  facet normal 1 0 0
    outer loop
      vertex -5.275 26.15 4.2
      vertex -5.275 24.95 5.2
      vertex -5.275 24.95 4.2
    endloop
  endfacet
  facet normal 0 1 -0
    outer loop
      vertex -5.275 26.15 4.2
      vertex -6.075 26.15 5.2
      vertex -5.275 26.15 5.2
    endloop
  endfacet
  facet normal 0 1 0
    outer loop
      vertex -6.075 26.15 5.2
      vertex -5.275 26.15 4.2
      vertex -6.075 26.15 4.2
    endloop
  endfacet
  facet normal 0 1 -0
    outer loop
      vertex 0.4 26.15 4.2
      vertex -0.4 26.15 5.2
      vertex 0.4 26.15 5.2
    endloop
  endfacet
  facet normal 0 1 0
    outer loop
      vertex -0.4 26.15 5.2
      vertex 0.4 26.15 4.2
      vertex -0.4 26.15 4.2
    endloop
  endfacet
  facet normal 0 1 -0
    outer loop
      vertex 6.075 26.15 4.2
      vertex 5.275 26.15 5.2
      vertex 6.075 26.15 5.2
    endloop
  endfacet
  facet normal 0 1 0
    outer loop
      vertex 5.275 26.15 5.2
      vertex 6.075 26.15 4.2
      vertex 5.275 26.15 4.2
    endloop
  endfacet
  facet normal 0 1 0
    outer loop
      vertex 6.075 26.15 5.2
      vertex 11.34 26.15 8.4
      vertex 11.34 26.15 5.2
    endloop
  endfacet
  facet normal 0 1 0
    outer loop
      vertex 5.275 26.15 5.2
      vertex 11.34 26.15 8.4
      vertex 6.075 26.15 5.2
    endloop
  endfacet
  facet normal 0 1 0
    outer loop
      vertex 0.4 26.15 5.2
      vertex 11.34 26.15 8.4
      vertex 5.275 26.15 5.2
    endloop
  endfacet
  facet normal 0 1 0
    outer loop
      vertex 11.34 26.15 8.4
      vertex 0.4 26.15 5.2
      vertex -11.34 26.15 8.4
    endloop
  endfacet
  facet normal 0 1 -0
    outer loop
      vertex -0.4 26.15 5.2
      vertex -11.34 26.15 8.4
      vertex 0.4 26.15 5.2
    endloop
  endfacet
  facet normal 0 1 -0
    outer loop
      vertex -5.275 26.15 5.2
      vertex -11.34 26.15 8.4
      vertex -0.4 26.15 5.2
    endloop
  endfacet
  facet normal 0 1 -0
    outer loop
      vertex -6.075 26.15 5.2
      vertex -11.34 26.15 8.4
      vertex -5.275 26.15 5.2
    endloop
  endfacet
  facet normal 0 1 0
    outer loop
      vertex -11.34 26.15 8.4
      vertex -6.075 26.15 5.2
      vertex -11.34 26.15 5.2
    endloop
  endfacet
  facet normal -1 0 0
    outer loop
      vertex -6.075 24.95 4.2
      vertex -6.075 26.15 5.2
      vertex -6.075 26.15 4.2
    endloop
  endfacet
  facet normal -1 -0 0
    outer loop
      vertex -6.075 26.15 5.2
      vertex -6.075 24.95 4.2
      vertex -6.075 24.95 5.2
    endloop
  endfacet
  facet normal 1 -0 0
    outer loop
      vertex 0.4 24.95 5.2
      vertex 0.4 26.15 4.2
      vertex 0.4 26.15 5.2
    endloop
  endfacet
  facet normal 1 0 0
    outer loop
      vertex 0.4 26.15 4.2
      vertex 0.4 24.95 5.2
      vertex 0.4 24.95 4.2
    endloop
  endfacet
  facet normal -1 0 0
    outer loop
      vertex -0.4 24.95 4.2
      vertex -0.4 26.15 5.2
      vertex -0.4 26.15 4.2
    endloop
  endfacet
  facet normal -1 -0 0
    outer loop
      vertex -0.4 26.15 5.2
      vertex -0.4 24.95 4.2
      vertex -0.4 24.95 5.2
    endloop
  endfacet
  facet normal 1 -0 0
    outer loop
      vertex 6.075 24.95 5.2
      vertex 6.075 26.15 4.2
      vertex 6.075 26.15 5.2
    endloop
  endfacet
  facet normal 1 0 0
    outer loop
      vertex 6.075 26.15 4.2
      vertex 6.075 24.95 5.2
      vertex 6.075 24.95 4.2
    endloop
  endfacet
  facet normal -1 0 0
    outer loop
      vertex 5.275 24.95 4.2
      vertex 5.275 26.15 5.2
      vertex 5.275 26.15 4.2
    endloop
  endfacet
  facet normal -1 -0 0
    outer loop
      vertex 5.275 26.15 5.2
      vertex 5.275 24.95 4.2
      vertex 5.275 24.95 5.2
    endloop
  endfacet
  facet normal 0 0 -1
    outer loop
      vertex -11.34 24.95 5.2
      vertex -6.075 26.15 5.2
      vertex -6.075 24.95 5.2
    endloop
  endfacet
  facet normal -0 0 -1
    outer loop
      vertex -6.075 26.15 5.2
      vertex -11.34 24.95 5.2
      vertex -11.34 26.15 5.2
    endloop
  endfacet
  facet normal 0 0 -1
    outer loop
      vertex -5.275 24.95 5.2
      vertex -0.4 26.15 5.2
      vertex -0.4 24.95 5.2
    endloop
  endfacet
  facet normal -0 0 -1
    outer loop
      vertex -0.4 26.15 5.2
      vertex -5.275 24.95 5.2
      vertex -5.275 26.15 5.2
    endloop
  endfacet
  facet normal 0 0 -1
    outer loop
      vertex 0.4 24.95 5.2
      vertex 5.275 26.15 5.2
      vertex 5.275 24.95 5.2
    endloop
  endfacet
  facet normal -0 0 -1
    outer loop
      vertex 5.275 26.15 5.2
      vertex 0.4 24.95 5.2
      vertex 0.4 26.15 5.2
    endloop
  endfacet
  facet normal 0 0 -1
    outer loop
      vertex 6.075 24.95 5.2
      vertex 11.34 26.15 5.2
      vertex 11.34 24.95 5.2
    endloop
  endfacet
  facet normal -0 0 -1
    outer loop
      vertex 11.34 26.15 5.2
      vertex 6.075 24.95 5.2
      vertex 6.075 26.15 5.2
    endloop
  endfacet
  facet normal 0 -0.679408 0.733761
    outer loop
      vertex -6 24.94 8.25
      vertex -2 24.4 7.75
      vertex -2 24.94 8.25
    endloop
  endfacet
  facet normal 0 -0.679408 0.733761
    outer loop
      vertex -2 24.4 7.75
      vertex -6 24.94 8.25
      vertex -6 24.4 7.75
    endloop
  endfacet
  facet normal 0 -1 0
    outer loop
      vertex -6 24.4 7.65
      vertex -2 24.4 7.75
      vertex -6 24.4 7.75
    endloop
  endfacet
  facet normal 0 -1 -0
    outer loop
      vertex -2 24.4 7.75
      vertex -6 24.4 7.65
      vertex -2 24.4 7.65
    endloop
  endfacet
  facet normal 0 -0.679408 -0.733761
    outer loop
      vertex -6 24.4 7.65
      vertex -2 24.94 7.15
      vertex -2 24.4 7.65
    endloop
  endfacet
  facet normal -0 -0.679408 -0.733761
    outer loop
      vertex -2 24.94 7.15
      vertex -6 24.4 7.65
      vertex -6 24.94 7.15
    endloop
  endfacet
  facet normal 1 -0 0
    outer loop
      vertex -2 24.94 8.25
      vertex -2 24.95 7.15
      vertex -2 24.95 8.25
    endloop
  endfacet
  facet normal 1 0 0
    outer loop
      vertex -2 24.94 8.25
      vertex -2 24.94 7.15
      vertex -2 24.95 7.15
    endloop
  endfacet
  facet normal 1 -0 0
    outer loop
      vertex -2 24.4 7.75
      vertex -2 24.94 7.15
      vertex -2 24.94 8.25
    endloop
  endfacet
  facet normal 1 0 0
    outer loop
      vertex -2 24.94 7.15
      vertex -2 24.4 7.75
      vertex -2 24.4 7.65
    endloop
  endfacet
  facet normal -0 0 1
    outer loop
      vertex -6 24.95 8.25
      vertex -2 24.94 8.25
      vertex -2 24.95 8.25
    endloop
  endfacet
  facet normal 0 0 1
    outer loop
      vertex -2 24.94 8.25
      vertex -6 24.95 8.25
      vertex -6 24.94 8.25
    endloop
  endfacet
  facet normal 0 0 -1
    outer loop
      vertex -6 24.94 7.15
      vertex -2 24.95 7.15
      vertex -2 24.94 7.15
    endloop
  endfacet
  facet normal -0 0 -1
    outer loop
      vertex -2 24.95 7.15
      vertex -6 24.94 7.15
      vertex -6 24.95 7.15
    endloop
  endfacet
  facet normal -1 0 0
    outer loop
      vertex -6 24.94 7.15
      vertex -6 24.95 8.25
      vertex -6 24.95 7.15
    endloop
  endfacet
  facet normal -1 0 0
    outer loop
      vertex -6 24.94 7.15
      vertex -6 24.94 8.25
      vertex -6 24.95 8.25
    endloop
  endfacet
  facet normal -1 0 0
    outer loop
      vertex -6 24.4 7.65
      vertex -6 24.94 8.25
      vertex -6 24.94 7.15
    endloop
  endfacet
  facet normal -1 0 0
    outer loop
      vertex -6 24.94 8.25
      vertex -6 24.4 7.65
      vertex -6 24.4 7.75
    endloop
  endfacet
  facet normal -0 0.706263 0.707949
    outer loop
      vertex -6 32.15 4.21
      vertex -2 27.95 8.4
      vertex -2 32.15 4.21
    endloop
  endfacet
  facet normal 0 0.706263 0.707949
    outer loop
      vertex -2 27.95 8.4
      vertex -6 32.15 4.21
      vertex -6 27.95 8.4
    endloop
  endfacet
  facet normal 0 -1 0
    outer loop
      vertex -6 26.75 4.2
      vertex -2 26.75 8.4
      vertex -6 26.75 8.4
    endloop
  endfacet
  facet normal 0 -1 -0
    outer loop
      vertex -2 26.75 8.4
      vertex -6 26.75 4.2
      vertex -2 26.75 4.2
    endloop
  endfacet
  facet normal 0 1 -0
    outer loop
      vertex -2 32.15 4.2
      vertex -6 32.15 4.21
      vertex -2 32.15 4.21
    endloop
  endfacet
  facet normal 0 1 0
    outer loop
      vertex -6 32.15 4.21
      vertex -2 32.15 4.2
      vertex -6 32.15 4.2
    endloop
  endfacet
  facet normal 1 0 0
    outer loop
      vertex -2 26.75 4.2
      vertex -2 32.15 4.21
      vertex -2 27.95 8.4
    endloop
  endfacet
  facet normal 1 0 0
    outer loop
      vertex -2 26.75 4.2
      vertex -2 27.95 8.4
      vertex -2 26.75 8.4
    endloop
  endfacet
  facet normal 1 0 0
    outer loop
      vertex -2 32.15 4.21
      vertex -2 26.75 4.2
      vertex -2 32.15 4.2
    endloop
  endfacet
  facet normal -1 0 0
    outer loop
      vertex -6 26.75 4.2
      vertex -6 32.15 4.21
      vertex -6 32.15 4.2
    endloop
  endfacet
  facet normal -1 -0 0
    outer loop
      vertex -6 32.15 4.21
      vertex -6 26.75 4.2
      vertex -6 27.95 8.4
    endloop
  endfacet
  facet normal -1 -0 0
    outer loop
      vertex -6 27.95 8.4
      vertex -6 26.75 4.2
      vertex -6 26.75 8.4
    endloop
  endfacet
  facet normal -0 0 1
    outer loop
      vertex -6 27.95 8.4
      vertex -2 26.75 8.4
      vertex -2 27.95 8.4
    endloop
  endfacet
  facet normal 0 0 1
    outer loop
      vertex -2 26.75 8.4
      vertex -6 27.95 8.4
      vertex -6 26.75 8.4
    endloop
  endfacet
  facet normal 0 1 -0
    outer loop
      vertex 6.3 1.5 4.2
      vertex -6.3 1.5 4.21
      vertex 6.3 1.5 4.21
    endloop
  endfacet
  facet normal 0 1 0
    outer loop
      vertex -6.3 1.5 4.21
      vertex 6.3 1.5 4.2
      vertex -6.3 1.5 4.2
    endloop
  endfacet
  facet normal -0 0.704738 0.709468
    outer loop
      vertex -6.3 1.5 4.21
      vertex 6.3 0 5.7
      vertex 6.3 1.5 4.21
    endloop
  endfacet
  facet normal 0 0.704738 0.709468
    outer loop
      vertex 6.3 0 5.7
      vertex -6.3 1.5 4.21
      vertex -6.3 0 5.7
    endloop
  endfacet
  facet normal -1 0 0
    outer loop
      vertex -6.3 0 4.2
      vertex -6.3 1.5 4.21
      vertex -6.3 1.5 4.2
    endloop
  endfacet
  facet normal -1 -0 0
    outer loop
      vertex -6.3 1.5 4.21
      vertex -6.3 0 4.2
      vertex -6.3 0 5.7
    endloop
  endfacet
  facet normal 1 0 0
    outer loop
      vertex 6.3 0 4.2
      vertex 6.3 1.5 4.21
      vertex 6.3 0 5.7
    endloop
  endfacet
  facet normal 1 0 0
    outer loop
      vertex 6.3 1.5 4.21
      vertex 6.3 0 4.2
      vertex 6.3 1.5 4.2
    endloop
  endfacet
  facet normal -0.980784 0.195098 -6.04635e-19
    outer loop
      vertex -8.2443 33.6635 1.2
      vertex -8.21112 33.8303 4.2
      vertex -8.21112 33.8303 1.2
    endloop
  endfacet
  facet normal -0.980784 0.195098 -6.04635e-19
    outer loop
      vertex -8.21112 33.8303 4.2
      vertex -8.2443 33.6635 1.2
      vertex -8.2443 33.6635 4.2
    endloop
  endfacet
  facet normal -0.99786 0.0653872 5.27728e-20
    outer loop
      vertex -8.21112 33.8303 1.2
      vertex -8.2 34 4.2
      vertex -8.2 34 1.2
    endloop
  endfacet
  facet normal -0.99786 0.0653872 5.27728e-20
    outer loop
      vertex -8.2 34 4.2
      vertex -8.21112 33.8303 1.2
      vertex -8.21112 33.8303 4.2
    endloop
  endfacet
  facet normal -0.946916 0.321481 -3.45623e-19
    outer loop
      vertex -8.29896 33.5025 1.2
      vertex -8.2443 33.6635 4.2
      vertex -8.2443 33.6635 1.2
    endloop
  endfacet
  facet normal -0.946916 0.321481 -3.45623e-19
    outer loop
      vertex -8.2443 33.6635 4.2
      vertex -8.29896 33.5025 1.2
      vertex -8.29896 33.5025 4.2
    endloop
  endfacet
  facet normal 0.195234 -0.980757 0
    outer loop
      vertex -9.83646 35.2557 1.2
      vertex -9.66968 35.2889 4.2
      vertex -9.83646 35.2557 4.2
    endloop
  endfacet
  facet normal 0.195234 -0.980757 0
    outer loop
      vertex -9.66968 35.2889 4.2
      vertex -9.83646 35.2557 1.2
      vertex -9.66968 35.2889 1.2
    endloop
  endfacet
  facet normal -0.442243 0.896895 0
    outer loop
      vertex -8.85 32.8742 1.2
      vertex -9.00251 32.799 4.2
      vertex -8.85 32.8742 4.2
    endloop
  endfacet
  facet normal -0.442243 0.896895 0
    outer loop
      vertex -9.00251 32.799 4.2
      vertex -8.85 32.8742 1.2
      vertex -9.00251 32.799 1.2
    endloop
  endfacet
  facet normal -0.89686 0.442314 -1.60268e-18
    outer loop
      vertex -8.37417 33.35 1.2
      vertex -8.29896 33.5025 4.2
      vertex -8.29896 33.5025 1.2
    endloop
  endfacet
  facet normal -0.89686 0.442314 -1.60268e-18
    outer loop
      vertex -8.29896 33.5025 4.2
      vertex -8.37417 33.35 1.2
      vertex -8.37417 33.35 4.2
    endloop
  endfacet
  facet normal -0.831498 0.555528 -1.15198e-18
    outer loop
      vertex -8.46864 33.2086 1.2
      vertex -8.37417 33.35 4.2
      vertex -8.37417 33.35 1.2
    endloop
  endfacet
  facet normal -0.831498 0.555528 -1.15198e-18
    outer loop
      vertex -8.37417 33.35 4.2
      vertex -8.46864 33.2086 1.2
      vertex -8.46864 33.2086 4.2
    endloop
  endfacet
  facet normal -0.751716 -0.659487 -1.18753e-18
    outer loop
      vertex -8.46864 34.7914 1.2
      vertex -8.58076 34.9192 4.2
      vertex -8.58076 34.9192 1.2
    endloop
  endfacet
  facet normal -0.751716 -0.659487 -1.18753e-18
    outer loop
      vertex -8.58076 34.9192 4.2
      vertex -8.46864 34.7914 1.2
      vertex -8.46864 34.7914 4.2
    endloop
  endfacet
  facet normal 0.442243 0.896895 -0
    outer loop
      vertex -9.99749 32.799 1.2
      vertex -10.15 32.8742 4.2
      vertex -9.99749 32.799 4.2
    endloop
  endfacet
  facet normal 0.442243 0.896895 0
    outer loop
      vertex -10.15 32.8742 4.2
      vertex -9.99749 32.799 1.2
      vertex -10.15 32.8742 1.2
    endloop
  endfacet
  facet normal 0.997868 -0.0652701 9.64254e-20
    outer loop
      vertex -10.8 34 4.2
      vertex -10.7889 34.1697 1.2
      vertex -10.7889 34.1697 4.2
    endloop
  endfacet
  facet normal 0.997868 -0.0652701 9.64254e-20
    outer loop
      vertex -10.7889 34.1697 1.2
      vertex -10.8 34 4.2
      vertex -10.8 34 1.2
    endloop
  endfacet
  facet normal -0.89686 -0.442314 1.60268e-18
    outer loop
      vertex -8.29896 34.4975 1.2
      vertex -8.37417 34.65 4.2
      vertex -8.37417 34.65 1.2
    endloop
  endfacet
  facet normal -0.89686 -0.442314 1.60268e-18
    outer loop
      vertex -8.37417 34.65 4.2
      vertex -8.29896 34.4975 1.2
      vertex -8.29896 34.4975 4.2
    endloop
  endfacet
  facet normal 0.659753 0.751483 -0
    outer loop
      vertex -10.2914 32.9686 1.2
      vertex -10.4192 33.0808 4.2
      vertex -10.2914 32.9686 4.2
    endloop
  endfacet
  facet normal 0.659753 0.751483 0
    outer loop
      vertex -10.4192 33.0808 4.2
      vertex -10.2914 32.9686 1.2
      vertex -10.4192 33.0808 1.2
    endloop
  endfacet
  facet normal -0.751716 0.659487 1.18753e-18
    outer loop
      vertex -8.58076 33.0808 1.2
      vertex -8.46864 33.2086 4.2
      vertex -8.46864 33.2086 1.2
    endloop
  endfacet
  facet normal -0.751716 0.659487 1.18753e-18
    outer loop
      vertex -8.46864 33.2086 4.2
      vertex -8.58076 33.0808 1.2
      vertex -8.58076 33.0808 4.2
    endloop
  endfacet
  facet normal -0.980784 -0.195098 6.04635e-19
    outer loop
      vertex -8.21112 34.1697 1.2
      vertex -8.2443 34.3365 4.2
      vertex -8.2443 34.3365 1.2
    endloop
  endfacet
  facet normal -0.980784 -0.195098 6.04635e-19
    outer loop
      vertex -8.2443 34.3365 4.2
      vertex -8.21112 34.1697 1.2
      vertex -8.21112 34.1697 4.2
    endloop
  endfacet
  facet normal -0.946916 -0.321481 3.45623e-19
    outer loop
      vertex -8.2443 34.3365 1.2
      vertex -8.29896 34.4975 4.2
      vertex -8.29896 34.4975 1.2
    endloop
  endfacet
  facet normal -0.946916 -0.321481 3.45623e-19
    outer loop
      vertex -8.29896 34.4975 4.2
      vertex -8.2443 34.3365 1.2
      vertex -8.2443 34.3365 4.2
    endloop
  endfacet
  facet normal 0.980761 -0.195211 -8.04118e-19
    outer loop
      vertex -10.7889 34.1697 4.2
      vertex -10.7557 34.3365 1.2
      vertex -10.7557 34.3365 4.2
    endloop
  endfacet
  facet normal 0.980761 -0.195211 -8.04118e-19
    outer loop
      vertex -10.7557 34.3365 1.2
      vertex -10.7889 34.1697 4.2
      vertex -10.7889 34.1697 1.2
    endloop
  endfacet
  facet normal 0.751483 -0.659753 -4.72586e-19
    outer loop
      vertex -10.5314 34.7914 4.2
      vertex -10.4192 34.9192 1.2
      vertex -10.4192 34.9192 4.2
    endloop
  endfacet
  facet normal 0.751483 -0.659753 -4.72586e-19
    outer loop
      vertex -10.4192 34.9192 1.2
      vertex -10.5314 34.7914 4.2
      vertex -10.5314 34.7914 1.2
    endloop
  endfacet
  facet normal -0.55527 0.83167 0
    outer loop
      vertex -8.70861 32.9686 1.2
      vertex -8.85 32.8742 4.2
      vertex -8.70861 32.9686 4.2
    endloop
  endfacet
  facet normal -0.55527 0.83167 0
    outer loop
      vertex -8.85 32.8742 4.2
      vertex -8.70861 32.9686 1.2
      vertex -8.85 32.8742 1.2
    endloop
  endfacet
  facet normal -0.831498 -0.555528 1.15198e-18
    outer loop
      vertex -8.37417 34.65 1.2
      vertex -8.46864 34.7914 4.2
      vertex -8.46864 34.7914 1.2
    endloop
  endfacet
  facet normal -0.831498 -0.555528 1.15198e-18
    outer loop
      vertex -8.46864 34.7914 4.2
      vertex -8.37417 34.65 1.2
      vertex -8.37417 34.65 4.2
    endloop
  endfacet
  facet normal -0.321638 -0.946863 0
    outer loop
      vertex -9.16354 35.2557 1.2
      vertex -9.00251 35.201 4.2
      vertex -9.16354 35.2557 4.2
    endloop
  endfacet
  facet normal -0.321638 -0.946863 -0
    outer loop
      vertex -9.00251 35.201 4.2
      vertex -9.16354 35.2557 1.2
      vertex -9.00251 35.201 1.2
    endloop
  endfacet
  facet normal 0.555243 0.831688 -0
    outer loop
      vertex -10.15 32.8742 1.2
      vertex -10.2914 32.9686 4.2
      vertex -10.15 32.8742 4.2
    endloop
  endfacet
  facet normal 0.555243 0.831688 0
    outer loop
      vertex -10.2914 32.9686 4.2
      vertex -10.15 32.8742 1.2
      vertex -10.2914 32.9686 1.2
    endloop
  endfacet
  facet normal -0.195234 -0.980757 0
    outer loop
      vertex -9.33032 35.2889 1.2
      vertex -9.16354 35.2557 4.2
      vertex -9.33032 35.2889 4.2
    endloop
  endfacet
  facet normal -0.195234 -0.980757 -0
    outer loop
      vertex -9.16354 35.2557 4.2
      vertex -9.33032 35.2889 1.2
      vertex -9.16354 35.2557 1.2
    endloop
  endfacet
  facet normal 0.0652777 -0.997867 0
    outer loop
      vertex -9.66968 35.2889 1.2
      vertex -9.5 35.3 4.2
      vertex -9.66968 35.2889 4.2
    endloop
  endfacet
  facet normal 0.0652777 -0.997867 0
    outer loop
      vertex -9.5 35.3 4.2
      vertex -9.66968 35.2889 1.2
      vertex -9.5 35.3 1.2
    endloop
  endfacet
  facet normal 0.659753 -0.751483 0
    outer loop
      vertex -10.4192 34.9192 1.2
      vertex -10.2914 35.0314 4.2
      vertex -10.4192 34.9192 4.2
    endloop
  endfacet
  facet normal 0.659753 -0.751483 0
    outer loop
      vertex -10.2914 35.0314 4.2
      vertex -10.4192 34.9192 1.2
      vertex -10.2914 35.0314 1.2
    endloop
  endfacet
  facet normal -0.659607 0.751611 0
    outer loop
      vertex -8.58076 33.0808 1.2
      vertex -8.70861 32.9686 4.2
      vertex -8.58076 33.0808 4.2
    endloop
  endfacet
  facet normal -0.659607 0.751611 0
    outer loop
      vertex -8.70861 32.9686 4.2
      vertex -8.58076 33.0808 1.2
      vertex -8.70861 32.9686 1.2
    endloop
  endfacet
  facet normal 0.980761 0.195211 8.04118e-19
    outer loop
      vertex -10.7557 33.6635 4.2
      vertex -10.7889 33.8303 1.2
      vertex -10.7889 33.8303 4.2
    endloop
  endfacet
  facet normal 0.980761 0.195211 8.04118e-19
    outer loop
      vertex -10.7889 33.8303 1.2
      vertex -10.7557 33.6635 4.2
      vertex -10.7557 33.6635 1.2
    endloop
  endfacet
  facet normal 0.321638 0.946863 -0
    outer loop
      vertex -9.83646 32.7443 1.2
      vertex -9.99749 32.799 4.2
      vertex -9.83646 32.7443 4.2
    endloop
  endfacet
  facet normal 0.321638 0.946863 0
    outer loop
      vertex -9.99749 32.799 4.2
      vertex -9.83646 32.7443 1.2
      vertex -9.99749 32.799 1.2
    endloop
  endfacet
  facet normal -0.659607 -0.751611 0
    outer loop
      vertex -8.70861 35.0314 1.2
      vertex -8.58076 34.9192 4.2
      vertex -8.70861 35.0314 4.2
    endloop
  endfacet
  facet normal -0.659607 -0.751611 -0
    outer loop
      vertex -8.58076 34.9192 4.2
      vertex -8.70861 35.0314 1.2
      vertex -8.58076 34.9192 1.2
    endloop
  endfacet
  facet normal 0.946844 -0.321692 1.01282e-18
    outer loop
      vertex -10.7557 34.3365 4.2
      vertex -10.701 34.4975 1.2
      vertex -10.701 34.4975 4.2
    endloop
  endfacet
  facet normal 0.946844 -0.321692 1.01282e-18
    outer loop
      vertex -10.701 34.4975 1.2
      vertex -10.7557 34.3365 4.2
      vertex -10.7557 34.3365 1.2
    endloop
  endfacet
  facet normal -0.0652777 -0.997867 0
    outer loop
      vertex -9.5 35.3 1.2
      vertex -9.33032 35.2889 4.2
      vertex -9.5 35.3 4.2
    endloop
  endfacet
  facet normal -0.0652777 -0.997867 -0
    outer loop
      vertex -9.33032 35.2889 4.2
      vertex -9.5 35.3 1.2
      vertex -9.33032 35.2889 1.2
    endloop
  endfacet
  facet normal 0.751483 0.659753 4.72586e-19
    outer loop
      vertex -10.4192 33.0808 4.2
      vertex -10.5314 33.2086 1.2
      vertex -10.5314 33.2086 4.2
    endloop
  endfacet
  facet normal 0.751483 0.659753 4.72586e-19
    outer loop
      vertex -10.5314 33.2086 1.2
      vertex -10.4192 33.0808 4.2
      vertex -10.4192 33.0808 1.2
    endloop
  endfacet
  facet normal 0.831688 0.555243 1.29508e-18
    outer loop
      vertex -10.5314 33.2086 4.2
      vertex -10.6258 33.35 1.2
      vertex -10.6258 33.35 4.2
    endloop
  endfacet
  facet normal 0.831688 0.555243 1.29508e-18
    outer loop
      vertex -10.6258 33.35 1.2
      vertex -10.5314 33.2086 4.2
      vertex -10.5314 33.2086 1.2
    endloop
  endfacet
  facet normal 0.946844 0.321692 -1.01282e-18
    outer loop
      vertex -10.701 33.5025 4.2
      vertex -10.7557 33.6635 1.2
      vertex -10.7557 33.6635 4.2
    endloop
  endfacet
  facet normal 0.946844 0.321692 -1.01282e-18
    outer loop
      vertex -10.7557 33.6635 1.2
      vertex -10.701 33.5025 4.2
      vertex -10.701 33.5025 1.2
    endloop
  endfacet
  facet normal -0.321638 0.946863 0
    outer loop
      vertex -9.00251 32.799 1.2
      vertex -9.16354 32.7443 4.2
      vertex -9.00251 32.799 4.2
    endloop
  endfacet
  facet normal -0.321638 0.946863 0
    outer loop
      vertex -9.16354 32.7443 4.2
      vertex -9.00251 32.799 1.2
      vertex -9.16354 32.7443 1.2
    endloop
  endfacet
  facet normal 0.997868 0.0652701 -9.64254e-20
    outer loop
      vertex -10.7889 33.8303 4.2
      vertex -10.8 34 1.2
      vertex -10.8 34 4.2
    endloop
  endfacet
  facet normal 0.997868 0.0652701 -9.64254e-20
    outer loop
      vertex -10.8 34 1.2
      vertex -10.7889 33.8303 4.2
      vertex -10.7889 33.8303 1.2
    endloop
  endfacet
  facet normal 0.896884 -0.442267 3.74137e-19
    outer loop
      vertex -10.701 34.4975 4.2
      vertex -10.6258 34.65 1.2
      vertex -10.6258 34.65 4.2
    endloop
  endfacet
  facet normal 0.896884 -0.442267 3.74137e-19
    outer loop
      vertex -10.6258 34.65 1.2
      vertex -10.701 34.4975 4.2
      vertex -10.701 34.4975 1.2
    endloop
  endfacet
  facet normal 0.831688 -0.555243 -1.29508e-18
    outer loop
      vertex -10.6258 34.65 4.2
      vertex -10.5314 34.7914 1.2
      vertex -10.5314 34.7914 4.2
    endloop
  endfacet
  facet normal 0.831688 -0.555243 -1.29508e-18
    outer loop
      vertex -10.5314 34.7914 1.2
      vertex -10.6258 34.65 4.2
      vertex -10.6258 34.65 1.2
    endloop
  endfacet
  facet normal -0.99786 -0.0653872 -5.27728e-20
    outer loop
      vertex -8.2 34 1.2
      vertex -8.21112 34.1697 4.2
      vertex -8.21112 34.1697 1.2
    endloop
  endfacet
  facet normal -0.99786 -0.0653872 -5.27728e-20
    outer loop
      vertex -8.21112 34.1697 4.2
      vertex -8.2 34 1.2
      vertex -8.2 34 4.2
    endloop
  endfacet
  facet normal 0.0652777 0.997867 -0
    outer loop
      vertex -9.5 32.7 1.2
      vertex -9.66968 32.7111 4.2
      vertex -9.5 32.7 4.2
    endloop
  endfacet
  facet normal 0.0652777 0.997867 0
    outer loop
      vertex -9.66968 32.7111 4.2
      vertex -9.5 32.7 1.2
      vertex -9.66968 32.7111 1.2
    endloop
  endfacet
  facet normal -0.55527 -0.83167 0
    outer loop
      vertex -8.85 35.1258 1.2
      vertex -8.70861 35.0314 4.2
      vertex -8.85 35.1258 4.2
    endloop
  endfacet
  facet normal -0.55527 -0.83167 -0
    outer loop
      vertex -8.70861 35.0314 4.2
      vertex -8.85 35.1258 1.2
      vertex -8.70861 35.0314 1.2
    endloop
  endfacet
  facet normal 0.195234 0.980757 -0
    outer loop
      vertex -9.66968 32.7111 1.2
      vertex -9.83646 32.7443 4.2
      vertex -9.66968 32.7111 4.2
    endloop
  endfacet
  facet normal 0.195234 0.980757 0
    outer loop
      vertex -9.83646 32.7443 4.2
      vertex -9.66968 32.7111 1.2
      vertex -9.83646 32.7443 1.2
    endloop
  endfacet
  facet normal 0.896884 0.442267 -3.74137e-19
    outer loop
      vertex -10.6258 33.35 4.2
      vertex -10.701 33.5025 1.2
      vertex -10.701 33.5025 4.2
    endloop
  endfacet
  facet normal 0.896884 0.442267 -3.74137e-19
    outer loop
      vertex -10.701 33.5025 1.2
      vertex -10.6258 33.35 4.2
      vertex -10.6258 33.35 1.2
    endloop
  endfacet
  facet normal 0.321638 -0.946863 0
    outer loop
      vertex -9.99749 35.201 1.2
      vertex -9.83646 35.2557 4.2
      vertex -9.99749 35.201 4.2
    endloop
  endfacet
  facet normal 0.321638 -0.946863 0
    outer loop
      vertex -9.83646 35.2557 4.2
      vertex -9.99749 35.201 1.2
      vertex -9.83646 35.2557 1.2
    endloop
  endfacet
  facet normal -0.0652777 0.997867 0
    outer loop
      vertex -9.33032 32.7111 1.2
      vertex -9.5 32.7 4.2
      vertex -9.33032 32.7111 4.2
    endloop
  endfacet
  facet normal -0.0652777 0.997867 0
    outer loop
      vertex -9.5 32.7 4.2
      vertex -9.33032 32.7111 1.2
      vertex -9.5 32.7 1.2
    endloop
  endfacet
  facet normal -0.195234 0.980757 0
    outer loop
      vertex -9.16354 32.7443 1.2
      vertex -9.33032 32.7111 4.2
      vertex -9.16354 32.7443 4.2
    endloop
  endfacet
  facet normal -0.195234 0.980757 0
    outer loop
      vertex -9.33032 32.7111 4.2
      vertex -9.16354 32.7443 1.2
      vertex -9.33032 32.7111 1.2
    endloop
  endfacet
  facet normal -0.442243 -0.896895 0
    outer loop
      vertex -9.00251 35.201 1.2
      vertex -8.85 35.1258 4.2
      vertex -9.00251 35.201 4.2
    endloop
  endfacet
  facet normal -0.442243 -0.896895 -0
    outer loop
      vertex -8.85 35.1258 4.2
      vertex -9.00251 35.201 1.2
      vertex -8.85 35.1258 1.2
    endloop
  endfacet
  facet normal 0.442243 -0.896895 0
    outer loop
      vertex -10.15 35.1258 1.2
      vertex -9.99749 35.201 4.2
      vertex -10.15 35.1258 4.2
    endloop
  endfacet
  facet normal 0.442243 -0.896895 0
    outer loop
      vertex -9.99749 35.201 4.2
      vertex -10.15 35.1258 1.2
      vertex -9.99749 35.201 1.2
    endloop
  endfacet
  facet normal 0.555243 -0.831688 0
    outer loop
      vertex -10.2914 35.0314 1.2
      vertex -10.15 35.1258 4.2
      vertex -10.2914 35.0314 4.2
    endloop
  endfacet
  facet normal 0.555243 -0.831688 0
    outer loop
      vertex -10.15 35.1258 4.2
      vertex -10.2914 35.0314 1.2
      vertex -10.15 35.1258 1.2
    endloop
  endfacet
  facet normal -0.801316 0.0515132 -0.596019
    outer loop
      vertex -7.30753 33.9986 1.90735e-07
      vertex -8.2 34 1.2
      vertex -7.30744 34 1.90735e-07
    endloop
  endfacet
  facet normal -0.801274 0.0525054 -0.595989
    outer loop
      vertex -8.2 34 1.2
      vertex -7.30753 33.9986 1.90735e-07
      vertex -8.21112 33.8303 1.2
    endloop
  endfacet
  facet normal -0.258012 0.760389 -0.596019
    outer loop
      vertex -8.66094 31.9743 1.90735e-07
      vertex -8.93119 31.8826 1.90735e-07
      vertex -9.00251 32.799 1.2
    endloop
  endfacet
  facet normal -0.72273 -0.350246 -0.595809
    outer loop
      vertex -7.60056 35.095 1.90735e-07
      vertex -8.37417 34.65 1.2
      vertex -7.60119 35.0963 1.90735e-07
    endloop
  endfacet
  facet normal -0.720173 -0.355175 -0.595988
    outer loop
      vertex -8.37417 34.65 1.2
      vertex -7.60056 35.095 1.90735e-07
      vertex -8.29896 34.4975 1.2
    endloop
  endfacet
  facet normal 0.787594 0.15645 -0.596003
    outer loop
      vertex -10.7557 33.6635 1.2
      vertex -11.6179 33.4325 1.90735e-07
      vertex -11.6735 33.7124 1.90735e-07
    endloop
  endfacet
  facet normal 0.35512 0.720205 -0.595982
    outer loop
      vertex -10.595 32.1006 1.90735e-07
      vertex -10.15 32.8742 1.2
      vertex -9.99749 32.799 1.2
    endloop
  endfacet
  facet normal 0.336739 0.7296 -0.595223
    outer loop
      vertex -10.15 32.8742 1.2
      vertex -10.595 32.1006 1.90735e-07
      vertex -10.5963 32.1012 1.90735e-07
    endloop
  endfacet
  facet normal -0.355315 0.720082 -0.596014
    outer loop
      vertex -8.40498 32.1006 1.90735e-07
      vertex -8.66094 31.9743 1.90735e-07
      vertex -9.00251 32.799 1.2
    endloop
  endfacet
  facet normal 0.760402 -0.257968 -0.596021
    outer loop
      vertex -11.5257 34.8391 1.90735e-07
      vertex -10.701 34.4975 1.2
      vertex -11.6174 34.5688 1.90735e-07
    endloop
  endfacet
  facet normal -0.667594 -0.446235 -0.59598
    outer loop
      vertex -7.76052 35.3347 1.90735e-07
      vertex -7.60197 35.0975 1.90735e-07
      vertex -8.46864 34.7914 1.2
    endloop
  endfacet
  facet normal 0.258268 0.76031 -0.596008
    outer loop
      vertex -10.0675 31.8821 1.90735e-07
      vertex -9.99749 32.799 1.2
      vertex -9.83646 32.7443 1.2
    endloop
  endfacet
  facet normal 0.289377 0.75238 -0.591764
    outer loop
      vertex -9.99749 32.799 1.2
      vertex -10.0675 31.8821 1.90735e-07
      vertex -10.0688 31.8826 1.90735e-07
    endloop
  endfacet
  facet normal 0.289377 -0.75238 -0.591764
    outer loop
      vertex -10.0675 36.1179 1.90735e-07
      vertex -9.99749 35.201 1.2
      vertex -10.0688 36.1174 1.90735e-07
    endloop
  endfacet
  facet normal 0.258268 -0.76031 -0.596008
    outer loop
      vertex -9.99749 35.201 1.2
      vertex -10.0675 36.1179 1.90735e-07
      vertex -9.83646 35.2557 1.2
    endloop
  endfacet
  facet normal -0.603618 0.529559 -0.595998
    outer loop
      vertex -7.9487 32.4507 1.90735e-07
      vertex -8.58076 33.0808 1.2
      vertex -8.46864 33.2086 1.2
    endloop
  endfacet
  facet normal -0.616343 0.515486 -0.595311
    outer loop
      vertex -8.58076 33.0808 1.2
      vertex -7.9487 32.4507 1.90735e-07
      vertex -7.94962 32.4496 1.90735e-07
    endloop
  endfacet
  facet normal 0.529462 0.603733 -0.595967
    outer loop
      vertex -10.2914 32.9686 1.2
      vertex -10.8347 32.2605 1.90735e-07
      vertex -11.0493 32.4487 1.90735e-07
    endloop
  endfacet
  facet normal 0.35538 -0.720046 -0.596019
    outer loop
      vertex -10.3391 36.0257 1.90735e-07
      vertex -9.99749 35.201 1.2
      vertex -10.595 35.8994 1.90735e-07
    endloop
  endfacet
  facet normal -0.258012 -0.760389 -0.596019
    outer loop
      vertex -8.93119 36.1174 1.90735e-07
      vertex -8.66094 36.0257 1.90735e-07
      vertex -9.00251 35.201 1.2
    endloop
  endfacet
  facet normal -0.720153 0.355208 -0.595993
    outer loop
      vertex -7.47434 33.1609 1.90735e-07
      vertex -7.60056 32.905 1.90735e-07
      vertex -8.29896 33.5025 1.2
    endloop
  endfacet
  facet normal -0.445872 -0.667815 -0.596004
    outer loop
      vertex -8.40372 35.8988 1.90735e-07
      vertex -8.70861 35.0314 1.2
      vertex -8.85 35.1258 1.2
    endloop
  endfacet
  facet normal -0.453693 -0.663526 -0.594891
    outer loop
      vertex -8.70861 35.0314 1.2
      vertex -8.40372 35.8988 1.90735e-07
      vertex -8.40255 35.898 1.90735e-07
    endloop
  endfacet
  facet normal -0.453693 0.663526 -0.594891
    outer loop
      vertex -8.40372 32.1012 1.90735e-07
      vertex -8.70861 32.9686 1.2
      vertex -8.40255 32.102 1.90735e-07
    endloop
  endfacet
  facet normal -0.445872 0.667815 -0.596004
    outer loop
      vertex -8.70861 32.9686 1.2
      vertex -8.40372 32.1012 1.90735e-07
      vertex -8.85 32.8742 1.2
    endloop
  endfacet
  facet normal 0.257968 0.760401 -0.596023
    outer loop
      vertex -9.99749 32.799 1.2
      vertex -10.0688 31.8826 1.90735e-07
      vertex -10.3391 31.9743 1.90735e-07
    endloop
  endfacet
  facet normal 0.622084 -0.508978 -0.594939
    outer loop
      vertex -10.4192 34.9192 1.2
      vertex -11.0513 35.5493 1.90735e-07
      vertex -11.0504 35.5504 1.90735e-07
    endloop
  endfacet
  facet normal 0.603418 -0.529761 -0.59602
    outer loop
      vertex -11.0513 35.5493 1.90735e-07
      vertex -10.4192 34.9192 1.2
      vertex -10.5314 34.7914 1.2
    endloop
  endfacet
  facet normal 0.0524168 -0.801268 -0.596005
    outer loop
      vertex -9.5014 36.1925 1.90735e-07
      vertex -9.5 35.3 1.2
      vertex -9.66968 35.2889 1.2
    endloop
  endfacet
  facet normal 0.0572182 -0.801054 -0.595851
    outer loop
      vertex -9.5 35.3 1.2
      vertex -9.5014 36.1925 1.90735e-07
      vertex -9.5 36.1926 1.90735e-07
    endloop
  endfacet
  facet normal -0.760388 -0.258076 -0.595992
    outer loop
      vertex -7.47434 34.8391 1.90735e-07
      vertex -7.3826 34.5688 1.90735e-07
      vertex -8.29896 34.4975 1.2
    endloop
  endfacet
  facet normal 0.667666 -0.446142 -0.595969
    outer loop
      vertex -11.2395 35.3347 1.90735e-07
      vertex -10.5314 34.7914 1.2
      vertex -11.398 35.0975 1.90735e-07
    endloop
  endfacet
  facet normal 0.156428 0.787596 -0.596006
    outer loop
      vertex -9.83646 32.7443 1.2
      vertex -9.78756 31.8265 1.90735e-07
      vertex -10.0675 31.8821 1.90735e-07
    endloop
  endfacet
  facet normal 0.760402 0.257968 -0.596021
    outer loop
      vertex -10.701 33.5025 1.2
      vertex -11.5257 33.1609 1.90735e-07
      vertex -11.6174 33.4312 1.90735e-07
    endloop
  endfacet
  facet normal 0.445847 0.667827 -0.59601
    outer loop
      vertex -10.5963 32.1012 1.90735e-07
      vertex -10.2914 32.9686 1.2
      vertex -10.15 32.8742 1.2
    endloop
  endfacet
  facet normal 0.474148 0.651953 -0.591727
    outer loop
      vertex -10.2914 32.9686 1.2
      vertex -10.5963 32.1012 1.90735e-07
      vertex -10.5974 32.102 1.90735e-07
    endloop
  endfacet
  facet normal -0.788051 0.151981 -0.596554
    outer loop
      vertex -8.2443 33.6635 1.2
      vertex -7.3262 33.7138 1.90735e-07
      vertex -7.32647 33.7124 1.90735e-07
    endloop
  endfacet
  facet normal -0.787564 0.156663 -0.595986
    outer loop
      vertex -7.3262 33.7138 1.90735e-07
      vertex -8.2443 33.6635 1.2
      vertex -8.21112 33.8303 1.2
    endloop
  endfacet
  facet normal 0.17208 -0.785832 -0.594018
    outer loop
      vertex -9.78619 36.1738 1.90735e-07
      vertex -9.83646 35.2557 1.2
      vertex -9.78756 36.1735 1.90735e-07
    endloop
  endfacet
  facet normal 0.156774 -0.787551 -0.595975
    outer loop
      vertex -9.83646 35.2557 1.2
      vertex -9.78619 36.1738 1.90735e-07
      vertex -9.66968 35.2889 1.2
    endloop
  endfacet
  facet normal -0.258269 -0.760312 -0.596005
    outer loop
      vertex -8.93252 36.1179 1.90735e-07
      vertex -9.00251 35.201 1.2
      vertex -9.16354 35.2557 1.2
    endloop
  endfacet
  facet normal -0.283444 -0.753962 -0.592622
    outer loop
      vertex -9.00251 35.201 1.2
      vertex -8.93252 36.1179 1.90735e-07
      vertex -8.93119 36.1174 1.90735e-07
    endloop
  endfacet
  facet normal 0.801269 -0.0524106 -0.596005
    outer loop
      vertex -10.8 34 1.2
      vertex -11.6925 34.0014 1.90735e-07
      vertex -10.7889 34.1697 1.2
    endloop
  endfacet
  facet normal 0.801054 -0.0572182 -0.595851
    outer loop
      vertex -11.6925 34.0014 1.90735e-07
      vertex -10.8 34 1.2
      vertex -11.6926 34 1.90735e-07
    endloop
  endfacet
  facet normal -0.529496 0.603688 -0.595982
    outer loop
      vertex -7.95068 32.4487 1.90735e-07
      vertex -8.16525 32.2605 1.90735e-07
      vertex -8.70861 32.9686 1.2
    endloop
  endfacet
  facet normal 0.720047 0.355381 -0.596017
    outer loop
      vertex -10.701 33.5025 1.2
      vertex -11.3994 32.905 1.90735e-07
      vertex -11.5257 33.1609 1.90735e-07
    endloop
  endfacet
  facet normal -0.603757 0.529426 -0.595975
    outer loop
      vertex -7.76052 32.6653 1.90735e-07
      vertex -7.9487 32.4507 1.90735e-07
      vertex -8.46864 33.2086 1.2
    endloop
  endfacet
  facet normal 0.0572182 0.801054 -0.595851
    outer loop
      vertex -9.5014 31.8075 1.90735e-07
      vertex -9.5 32.7 1.2
      vertex -9.5 31.8074 1.90735e-07
    endloop
  endfacet
  facet normal 0.0524168 0.801268 -0.596005
    outer loop
      vertex -9.5 32.7 1.2
      vertex -9.5014 31.8075 1.90735e-07
      vertex -9.66968 32.7111 1.2
    endloop
  endfacet
  facet normal -0.156439 0.787595 -0.596004
    outer loop
      vertex -9.16354 32.7443 1.2
      vertex -8.93252 31.8821 1.90735e-07
      vertex -9.21244 31.8265 1.90735e-07
    endloop
  endfacet
  facet normal 0.0526135 -0.801273 -0.595981
    outer loop
      vertex -9.5014 36.1925 1.90735e-07
      vertex -9.66968 35.2889 1.2
      vertex -9.78619 36.1738 1.90735e-07
    endloop
  endfacet
  facet normal -0.0572182 -0.801054 -0.595851
    outer loop
      vertex -9.4986 36.1925 1.90735e-07
      vertex -9.5 35.3 1.2
      vertex -9.5 36.1926 1.90735e-07
    endloop
  endfacet
  facet normal -0.0524168 -0.801268 -0.596005
    outer loop
      vertex -9.5 35.3 1.2
      vertex -9.4986 36.1925 1.90735e-07
      vertex -9.33032 35.2889 1.2
    endloop
  endfacet
  facet normal -0.787561 -0.156668 -0.595989
    outer loop
      vertex -7.38215 34.5675 1.90735e-07
      vertex -7.32647 34.2876 1.90735e-07
      vertex -8.2443 34.3365 1.2
    endloop
  endfacet
  facet normal 0.529462 -0.603733 -0.595967
    outer loop
      vertex -10.8347 35.7395 1.90735e-07
      vertex -10.2914 35.0314 1.2
      vertex -11.0493 35.5513 1.90735e-07
    endloop
  endfacet
  facet normal -0.529496 -0.603688 -0.595982
    outer loop
      vertex -8.16525 35.7395 1.90735e-07
      vertex -7.95068 35.5513 1.90735e-07
      vertex -8.70861 35.0314 1.2
    endloop
  endfacet
  facet normal -0.760388 0.258076 -0.595992
    outer loop
      vertex -7.3826 33.4312 1.90735e-07
      vertex -7.47434 33.1609 1.90735e-07
      vertex -8.29896 33.5025 1.2
    endloop
  endfacet
  facet normal -0.0526135 -0.801273 -0.595981
    outer loop
      vertex -9.21381 36.1738 1.90735e-07
      vertex -9.33032 35.2889 1.2
      vertex -9.4986 36.1925 1.90735e-07
    endloop
  endfacet
  facet normal -0.283444 0.753962 -0.592622
    outer loop
      vertex -8.93252 31.8821 1.90735e-07
      vertex -9.00251 32.799 1.2
      vertex -8.93119 31.8826 1.90735e-07
    endloop
  endfacet
  facet normal -0.258269 0.760312 -0.596005
    outer loop
      vertex -9.00251 32.799 1.2
      vertex -8.93252 31.8821 1.90735e-07
      vertex -9.16354 32.7443 1.2
    endloop
  endfacet
  facet normal -0.787561 0.156668 -0.595989
    outer loop
      vertex -7.32647 33.7124 1.90735e-07
      vertex -7.38215 33.4325 1.90735e-07
      vertex -8.2443 33.6635 1.2
    endloop
  endfacet
  facet normal -0.720153 -0.355208 -0.595993
    outer loop
      vertex -7.60056 35.095 1.90735e-07
      vertex -7.47434 34.8391 1.90735e-07
      vertex -8.29896 34.4975 1.2
    endloop
  endfacet
  facet normal -0.801275 0.0525274 -0.595986
    outer loop
      vertex -7.30753 33.9986 1.90735e-07
      vertex -7.3262 33.7138 1.90735e-07
      vertex -8.21112 33.8303 1.2
    endloop
  endfacet
  facet normal 0.7296 -0.336739 -0.595223
    outer loop
      vertex -10.6258 34.65 1.2
      vertex -11.3994 35.095 1.90735e-07
      vertex -11.3988 35.0963 1.90735e-07
    endloop
  endfacet
  facet normal 0.720195 -0.355139 -0.595983
    outer loop
      vertex -11.3994 35.095 1.90735e-07
      vertex -10.6258 34.65 1.2
      vertex -10.701 34.4975 1.2
    endloop
  endfacet
  facet normal -0.801275 -0.0525274 -0.595986
    outer loop
      vertex -7.3262 34.2862 1.90735e-07
      vertex -7.30753 34.0014 1.90735e-07
      vertex -8.21112 34.1697 1.2
    endloop
  endfacet
  facet normal -0.446009 0.667747 -0.595979
    outer loop
      vertex -8.16525 32.2605 1.90735e-07
      vertex -8.40255 32.102 1.90735e-07
      vertex -8.70861 32.9686 1.2
    endloop
  endfacet
  facet normal 0.156428 -0.787596 -0.596006
    outer loop
      vertex -9.78756 36.1735 1.90735e-07
      vertex -9.83646 35.2557 1.2
      vertex -10.0675 36.1179 1.90735e-07
    endloop
  endfacet
  facet normal 0.446014 -0.667755 -0.595965
    outer loop
      vertex -10.5974 35.898 1.90735e-07
      vertex -10.2914 35.0314 1.2
      vertex -10.8347 35.7395 1.90735e-07
    endloop
  endfacet
  facet normal -0.616343 -0.515486 -0.595311
    outer loop
      vertex -7.9487 35.5493 1.90735e-07
      vertex -8.58076 34.9192 1.2
      vertex -7.94962 35.5504 1.90735e-07
    endloop
  endfacet
  facet normal -0.603618 -0.529559 -0.595998
    outer loop
      vertex -8.58076 34.9192 1.2
      vertex -7.9487 35.5493 1.90735e-07
      vertex -8.46864 34.7914 1.2
    endloop
  endfacet
  facet normal 0.446014 0.667755 -0.595965
    outer loop
      vertex -10.2914 32.9686 1.2
      vertex -10.5974 32.102 1.90735e-07
      vertex -10.8347 32.2605 1.90735e-07
    endloop
  endfacet
  facet normal -0.672506 -0.437129 -0.597205
    outer loop
      vertex -7.60119 35.0963 1.90735e-07
      vertex -8.46864 34.7914 1.2
      vertex -7.60197 35.0975 1.90735e-07
    endloop
  endfacet
  facet normal -0.667684 -0.446083 -0.595994
    outer loop
      vertex -8.46864 34.7914 1.2
      vertex -7.60119 35.0963 1.90735e-07
      vertex -8.37417 34.65 1.2
    endloop
  endfacet
  facet normal 0.667666 0.446142 -0.595969
    outer loop
      vertex -10.5314 33.2086 1.2
      vertex -11.2395 32.6653 1.90735e-07
      vertex -11.398 32.9025 1.90735e-07
    endloop
  endfacet
  facet normal 0.508978 -0.622084 -0.594939
    outer loop
      vertex -11.0493 35.5513 1.90735e-07
      vertex -10.4192 34.9192 1.2
      vertex -11.0504 35.5504 1.90735e-07
    endloop
  endfacet
  facet normal 0.529761 -0.603418 -0.59602
    outer loop
      vertex -10.4192 34.9192 1.2
      vertex -11.0493 35.5513 1.90735e-07
      vertex -10.2914 35.0314 1.2
    endloop
  endfacet
  facet normal -0.759235 -0.262812 -0.595393
    outer loop
      vertex -7.38215 34.5675 1.90735e-07
      vertex -8.29896 34.4975 1.2
      vertex -7.3826 34.5688 1.90735e-07
    endloop
  endfacet
  facet normal -0.760368 -0.258147 -0.595986
    outer loop
      vertex -8.29896 34.4975 1.2
      vertex -7.38215 34.5675 1.90735e-07
      vertex -8.2443 34.3365 1.2
    endloop
  endfacet
  facet normal -0.446009 -0.667747 -0.595979
    outer loop
      vertex -8.40255 35.898 1.90735e-07
      vertex -8.16525 35.7395 1.90735e-07
      vertex -8.70861 35.0314 1.2
    endloop
  endfacet
  facet normal -0.355119 -0.720202 -0.595986
    outer loop
      vertex -8.40498 35.8994 1.90735e-07
      vertex -8.85 35.1258 1.2
      vertex -9.00251 35.201 1.2
    endloop
  endfacet
  facet normal -0.345353 -0.725242 -0.595614
    outer loop
      vertex -8.85 35.1258 1.2
      vertex -8.40498 35.8994 1.90735e-07
      vertex -8.40372 35.8988 1.90735e-07
    endloop
  endfacet
  facet normal -0.355315 -0.720082 -0.596014
    outer loop
      vertex -8.66094 36.0257 1.90735e-07
      vertex -8.40498 35.8994 1.90735e-07
      vertex -9.00251 35.201 1.2
    endloop
  endfacet
  facet normal 0.257968 -0.760401 -0.596023
    outer loop
      vertex -10.0688 36.1174 1.90735e-07
      vertex -9.99749 35.201 1.2
      vertex -10.3391 36.0257 1.90735e-07
    endloop
  endfacet
  facet normal 0.35538 0.720046 -0.596019
    outer loop
      vertex -9.99749 32.799 1.2
      vertex -10.3391 31.9743 1.90735e-07
      vertex -10.595 32.1006 1.90735e-07
    endloop
  endfacet
  facet normal -0.801316 -0.0515132 -0.596019
    outer loop
      vertex -8.2 34 1.2
      vertex -7.30753 34.0014 1.90735e-07
      vertex -7.30744 34 1.90735e-07
    endloop
  endfacet
  facet normal -0.801274 -0.0525054 -0.595989
    outer loop
      vertex -7.30753 34.0014 1.90735e-07
      vertex -8.2 34 1.2
      vertex -8.21112 34.1697 1.2
    endloop
  endfacet
  facet normal -0.52965 -0.603527 -0.596009
    outer loop
      vertex -7.95068 35.5513 1.90735e-07
      vertex -8.58076 34.9192 1.2
      vertex -8.70861 35.0314 1.2
    endloop
  endfacet
  facet normal -0.519929 -0.61236 -0.595558
    outer loop
      vertex -8.58076 34.9192 1.2
      vertex -7.95068 35.5513 1.90735e-07
      vertex -7.94962 35.5504 1.90735e-07
    endloop
  endfacet
  facet normal 0.529761 0.603418 -0.59602
    outer loop
      vertex -11.0493 32.4487 1.90735e-07
      vertex -10.4192 33.0808 1.2
      vertex -10.2914 32.9686 1.2
    endloop
  endfacet
  facet normal 0.508978 0.622084 -0.594939
    outer loop
      vertex -10.4192 33.0808 1.2
      vertex -11.0493 32.4487 1.90735e-07
      vertex -11.0504 32.4496 1.90735e-07
    endloop
  endfacet
  facet normal 0.7603 0.258313 -0.596001
    outer loop
      vertex -10.701 33.5025 1.2
      vertex -11.6179 33.4325 1.90735e-07
      vertex -10.7557 33.6635 1.2
    endloop
  endfacet
  facet normal 0.752381 0.289377 -0.591763
    outer loop
      vertex -11.6179 33.4325 1.90735e-07
      vertex -10.701 33.5025 1.2
      vertex -11.6174 33.4312 1.90735e-07
    endloop
  endfacet
  facet normal 0.720047 -0.355381 -0.596017
    outer loop
      vertex -11.3994 35.095 1.90735e-07
      vertex -10.701 34.4975 1.2
      vertex -11.5257 34.8391 1.90735e-07
    endloop
  endfacet
  facet normal 0.474148 -0.651953 -0.591727
    outer loop
      vertex -10.5963 35.8988 1.90735e-07
      vertex -10.2914 35.0314 1.2
      vertex -10.5974 35.898 1.90735e-07
    endloop
  endfacet
  facet normal 0.445847 -0.667827 -0.59601
    outer loop
      vertex -10.2914 35.0314 1.2
      vertex -10.5963 35.8988 1.90735e-07
      vertex -10.15 35.1258 1.2
    endloop
  endfacet
  facet normal 0.0526135 0.801273 -0.595981
    outer loop
      vertex -9.66968 32.7111 1.2
      vertex -9.5014 31.8075 1.90735e-07
      vertex -9.78619 31.8262 1.90735e-07
    endloop
  endfacet
  facet normal 0.336739 -0.7296 -0.595223
    outer loop
      vertex -10.595 35.8994 1.90735e-07
      vertex -10.15 35.1258 1.2
      vertex -10.5963 35.8988 1.90735e-07
    endloop
  endfacet
  facet normal 0.35512 -0.720205 -0.595982
    outer loop
      vertex -10.15 35.1258 1.2
      vertex -10.595 35.8994 1.90735e-07
      vertex -9.99749 35.201 1.2
    endloop
  endfacet
  facet normal -0.519929 0.61236 -0.595558
    outer loop
      vertex -7.95068 32.4487 1.90735e-07
      vertex -8.58076 33.0808 1.2
      vertex -7.94962 32.4496 1.90735e-07
    endloop
  endfacet
  facet normal -0.52965 0.603527 -0.596009
    outer loop
      vertex -8.58076 33.0808 1.2
      vertex -7.95068 32.4487 1.90735e-07
      vertex -8.70861 32.9686 1.2
    endloop
  endfacet
  facet normal -0.720173 0.355175 -0.595988
    outer loop
      vertex -7.60056 32.905 1.90735e-07
      vertex -8.37417 33.35 1.2
      vertex -8.29896 33.5025 1.2
    endloop
  endfacet
  facet normal -0.72273 0.350246 -0.595809
    outer loop
      vertex -8.37417 33.35 1.2
      vertex -7.60056 32.905 1.90735e-07
      vertex -7.60119 32.9037 1.90735e-07
    endloop
  endfacet
  facet normal -0.17208 0.785832 -0.594018
    outer loop
      vertex -9.21381 31.8262 1.90735e-07
      vertex -9.16354 32.7443 1.2
      vertex -9.21244 31.8265 1.90735e-07
    endloop
  endfacet
  facet normal -0.156774 0.787551 -0.595975
    outer loop
      vertex -9.16354 32.7443 1.2
      vertex -9.21381 31.8262 1.90735e-07
      vertex -9.33032 32.7111 1.2
    endloop
  endfacet
  facet normal -0.156774 -0.787551 -0.595975
    outer loop
      vertex -9.21381 36.1738 1.90735e-07
      vertex -9.16354 35.2557 1.2
      vertex -9.33032 35.2889 1.2
    endloop
  endfacet
  facet normal -0.17208 -0.785832 -0.594018
    outer loop
      vertex -9.16354 35.2557 1.2
      vertex -9.21381 36.1738 1.90735e-07
      vertex -9.21244 36.1735 1.90735e-07
    endloop
  endfacet
  facet normal -0.156439 -0.787595 -0.596004
    outer loop
      vertex -8.93252 36.1179 1.90735e-07
      vertex -9.16354 35.2557 1.2
      vertex -9.21244 36.1735 1.90735e-07
    endloop
  endfacet
  facet normal -0.667684 0.446083 -0.595994
    outer loop
      vertex -7.60119 32.9037 1.90735e-07
      vertex -8.46864 33.2086 1.2
      vertex -8.37417 33.35 1.2
    endloop
  endfacet
  facet normal -0.672506 0.437129 -0.597205
    outer loop
      vertex -8.46864 33.2086 1.2
      vertex -7.60119 32.9037 1.90735e-07
      vertex -7.60197 32.9025 1.90735e-07
    endloop
  endfacet
  facet normal -0.667594 0.446235 -0.59598
    outer loop
      vertex -7.60197 32.9025 1.90735e-07
      vertex -7.76052 32.6653 1.90735e-07
      vertex -8.46864 33.2086 1.2
    endloop
  endfacet
  facet normal -0.0524168 0.801268 -0.596005
    outer loop
      vertex -9.4986 31.8075 1.90735e-07
      vertex -9.5 32.7 1.2
      vertex -9.33032 32.7111 1.2
    endloop
  endfacet
  facet normal -0.0572182 0.801054 -0.595851
    outer loop
      vertex -9.5 32.7 1.2
      vertex -9.4986 31.8075 1.90735e-07
      vertex -9.5 31.8074 1.90735e-07
    endloop
  endfacet
  facet normal -0.345353 0.725242 -0.595614
    outer loop
      vertex -8.40498 32.1006 1.90735e-07
      vertex -8.85 32.8742 1.2
      vertex -8.40372 32.1012 1.90735e-07
    endloop
  endfacet
  facet normal -0.355119 0.720202 -0.595986
    outer loop
      vertex -8.85 32.8742 1.2
      vertex -8.40498 32.1006 1.90735e-07
      vertex -9.00251 32.799 1.2
    endloop
  endfacet
  facet normal 0.603733 -0.529462 -0.595967
    outer loop
      vertex -11.0513 35.5493 1.90735e-07
      vertex -10.5314 34.7914 1.2
      vertex -11.2395 35.3347 1.90735e-07
    endloop
  endfacet
  facet normal 0.603418 0.529761 -0.59602
    outer loop
      vertex -10.4192 33.0808 1.2
      vertex -11.0513 32.4507 1.90735e-07
      vertex -10.5314 33.2086 1.2
    endloop
  endfacet
  facet normal 0.622084 0.508978 -0.594939
    outer loop
      vertex -11.0513 32.4507 1.90735e-07
      vertex -10.4192 33.0808 1.2
      vertex -11.0504 32.4496 1.90735e-07
    endloop
  endfacet
  facet normal -0.788051 -0.151981 -0.596554
    outer loop
      vertex -7.3262 34.2862 1.90735e-07
      vertex -8.2443 34.3365 1.2
      vertex -7.32647 34.2876 1.90735e-07
    endloop
  endfacet
  facet normal -0.787564 -0.156663 -0.595986
    outer loop
      vertex -8.2443 34.3365 1.2
      vertex -7.3262 34.2862 1.90735e-07
      vertex -8.21112 34.1697 1.2
    endloop
  endfacet
  facet normal -0.603757 -0.529426 -0.595975
    outer loop
      vertex -7.9487 35.5493 1.90735e-07
      vertex -7.76052 35.3347 1.90735e-07
      vertex -8.46864 34.7914 1.2
    endloop
  endfacet
  facet normal -0.760368 0.258147 -0.595986
    outer loop
      vertex -7.38215 33.4325 1.90735e-07
      vertex -8.29896 33.5025 1.2
      vertex -8.2443 33.6635 1.2
    endloop
  endfacet
  facet normal -0.759235 0.262812 -0.595393
    outer loop
      vertex -8.29896 33.5025 1.2
      vertex -7.38215 33.4325 1.90735e-07
      vertex -7.3826 33.4312 1.90735e-07
    endloop
  endfacet
  facet normal -0.0526135 0.801273 -0.595981
    outer loop
      vertex -9.33032 32.7111 1.2
      vertex -9.21381 31.8262 1.90735e-07
      vertex -9.4986 31.8075 1.90735e-07
    endloop
  endfacet
  facet normal 0.667827 0.445847 -0.59601
    outer loop
      vertex -10.5314 33.2086 1.2
      vertex -11.3988 32.9037 1.90735e-07
      vertex -10.6258 33.35 1.2
    endloop
  endfacet
  facet normal 0.668078 0.445385 -0.596074
    outer loop
      vertex -11.3988 32.9037 1.90735e-07
      vertex -10.5314 33.2086 1.2
      vertex -11.398 32.9025 1.90735e-07
    endloop
  endfacet
  facet normal 0.668078 -0.445385 -0.596074
    outer loop
      vertex -10.5314 34.7914 1.2
      vertex -11.3988 35.0963 1.90735e-07
      vertex -11.398 35.0975 1.90735e-07
    endloop
  endfacet
  facet normal 0.667827 -0.445847 -0.59601
    outer loop
      vertex -11.3988 35.0963 1.90735e-07
      vertex -10.5314 34.7914 1.2
      vertex -10.6258 34.65 1.2
    endloop
  endfacet
  facet normal 0.801274 -0.0526117 -0.59598
    outer loop
      vertex -11.6738 34.2862 1.90735e-07
      vertex -10.7889 34.1697 1.2
      vertex -11.6925 34.0014 1.90735e-07
    endloop
  endfacet
  facet normal 0.603733 0.529462 -0.595967
    outer loop
      vertex -10.5314 33.2086 1.2
      vertex -11.0513 32.4507 1.90735e-07
      vertex -11.2395 32.6653 1.90735e-07
    endloop
  endfacet
  facet normal 0.801054 0.0572182 -0.595851
    outer loop
      vertex -10.8 34 1.2
      vertex -11.6925 33.9986 1.90735e-07
      vertex -11.6926 34 1.90735e-07
    endloop
  endfacet
  facet normal 0.801269 0.0524106 -0.596005
    outer loop
      vertex -11.6925 33.9986 1.90735e-07
      vertex -10.8 34 1.2
      vertex -10.7889 33.8303 1.2
    endloop
  endfacet
  facet normal 0.801274 0.0526117 -0.59598
    outer loop
      vertex -10.7889 33.8303 1.2
      vertex -11.6738 33.7138 1.90735e-07
      vertex -11.6925 33.9986 1.90735e-07
    endloop
  endfacet
  facet normal 0.787594 -0.15645 -0.596003
    outer loop
      vertex -11.6179 34.5675 1.90735e-07
      vertex -10.7557 34.3365 1.2
      vertex -11.6735 34.2876 1.90735e-07
    endloop
  endfacet
  facet normal 0.787555 0.156755 -0.595974
    outer loop
      vertex -10.7557 33.6635 1.2
      vertex -11.6738 33.7138 1.90735e-07
      vertex -10.7889 33.8303 1.2
    endloop
  endfacet
  facet normal 0.786255 0.168483 -0.594488
    outer loop
      vertex -11.6738 33.7138 1.90735e-07
      vertex -10.7557 33.6635 1.2
      vertex -11.6735 33.7124 1.90735e-07
    endloop
  endfacet
  facet normal 0.156774 0.787551 -0.595975
    outer loop
      vertex -9.78619 31.8262 1.90735e-07
      vertex -9.83646 32.7443 1.2
      vertex -9.66968 32.7111 1.2
    endloop
  endfacet
  facet normal 0.17208 0.785832 -0.594018
    outer loop
      vertex -9.83646 32.7443 1.2
      vertex -9.78619 31.8262 1.90735e-07
      vertex -9.78756 31.8265 1.90735e-07
    endloop
  endfacet
  facet normal 0.786255 -0.168483 -0.594488
    outer loop
      vertex -10.7557 34.3365 1.2
      vertex -11.6738 34.2862 1.90735e-07
      vertex -11.6735 34.2876 1.90735e-07
    endloop
  endfacet
  facet normal 0.787555 -0.156755 -0.595974
    outer loop
      vertex -11.6738 34.2862 1.90735e-07
      vertex -10.7557 34.3365 1.2
      vertex -10.7889 34.1697 1.2
    endloop
  endfacet
  facet normal 0.752381 -0.289377 -0.591763
    outer loop
      vertex -10.701 34.4975 1.2
      vertex -11.6179 34.5675 1.90735e-07
      vertex -11.6174 34.5688 1.90735e-07
    endloop
  endfacet
  facet normal 0.7603 -0.258313 -0.596001
    outer loop
      vertex -11.6179 34.5675 1.90735e-07
      vertex -10.701 34.4975 1.2
      vertex -10.7557 34.3365 1.2
    endloop
  endfacet
  facet normal 0.720195 0.355139 -0.595983
    outer loop
      vertex -10.6258 33.35 1.2
      vertex -11.3994 32.905 1.90735e-07
      vertex -10.701 33.5025 1.2
    endloop
  endfacet
  facet normal 0.7296 0.336739 -0.595223
    outer loop
      vertex -11.3994 32.905 1.90735e-07
      vertex -10.6258 33.35 1.2
      vertex -11.3988 32.9037 1.90735e-07
    endloop
  endfacet
  facet normal -0.980781 0.195113 -2.09306e-11
    outer loop
      vertex -7.37496 33.4306 0
      vertex -7.31882 33.7128 1.90735e-07
      vertex -7.31882 33.7128 0
    endloop
  endfacet
  facet normal -0.980781 0.195113 -2.09306e-11
    outer loop
      vertex -7.31882 33.7128 1.90735e-07
      vertex -7.37496 33.4306 0
      vertex -7.37496 33.4306 1.90735e-07
    endloop
  endfacet
  facet normal -0.99786 0.065389 -1.31085e-12
    outer loop
      vertex -7.31882 33.7128 0
      vertex -7.3 34 1.90735e-07
      vertex -7.3 34 0
    endloop
  endfacet
  facet normal -0.99786 0.065389 -1.31085e-12
    outer loop
      vertex -7.3 34 1.90735e-07
      vertex -7.31882 33.7128 0
      vertex -7.31882 33.7128 1.90735e-07
    endloop
  endfacet
  facet normal -0.946921 0.321467 6.02111e-12
    outer loop
      vertex -7.46747 33.1581 0
      vertex -7.37496 33.4306 1.90735e-07
      vertex -7.37496 33.4306 0
    endloop
  endfacet
  facet normal -0.946921 0.321467 6.02111e-12
    outer loop
      vertex -7.37496 33.4306 1.90735e-07
      vertex -7.46747 33.1581 0
      vertex -7.46747 33.1581 1.90735e-07
    endloop
  endfacet
  facet normal 0.997864 0.0653198 4.0501e-12
    outer loop
      vertex -11.6812 33.7128 1.90735e-07
      vertex -11.7 34 0
      vertex -11.7 34 1.90735e-07
    endloop
  endfacet
  facet normal 0.997864 0.0653198 4.0501e-12
    outer loop
      vertex -11.7 34 0
      vertex -11.6812 33.7128 1.90735e-07
      vertex -11.6812 33.7128 0
    endloop
  endfacet
  facet normal -0.321435 0.946931 0
    outer loop
      vertex -8.6581 31.9675 0
      vertex -8.9306 31.875 1.90735e-07
      vertex -8.6581 31.9675 1.90735e-07
    endloop
  endfacet
  facet normal -0.321435 0.946931 0
    outer loop
      vertex -8.9306 31.875 1.90735e-07
      vertex -8.6581 31.9675 0
      vertex -8.9306 31.875 0
    endloop
  endfacet
  facet normal -0.195287 0.980746 0
    outer loop
      vertex -8.9306 31.875 0
      vertex -9.21284 31.8188 1.90735e-07
      vertex -8.9306 31.875 1.90735e-07
    endloop
  endfacet
  facet normal -0.195287 0.980746 0
    outer loop
      vertex -9.21284 31.8188 1.90735e-07
      vertex -8.9306 31.875 0
      vertex -9.21284 31.8188 0
    endloop
  endfacet
  facet normal -0.896888 0.442258 -4.42563e-11
    outer loop
      vertex -7.59474 32.9 0
      vertex -7.46747 33.1581 1.90735e-07
      vertex -7.46747 33.1581 0
    endloop
  endfacet
  facet normal -0.896888 0.442258 -4.42563e-11
    outer loop
      vertex -7.46747 33.1581 1.90735e-07
      vertex -7.59474 32.9 0
      vertex -7.59474 32.9 1.90735e-07
    endloop
  endfacet
  facet normal -0.195287 -0.980746 0
    outer loop
      vertex -9.21284 36.1812 0
      vertex -8.9306 36.125 1.90735e-07
      vertex -9.21284 36.1812 1.90735e-07
    endloop
  endfacet
  facet normal -0.195287 -0.980746 -0
    outer loop
      vertex -8.9306 36.125 1.90735e-07
      vertex -9.21284 36.1812 0
      vertex -8.9306 36.125 0
    endloop
  endfacet
  facet normal -0.0653289 -0.997864 0
    outer loop
      vertex -9.5 36.2 0
      vertex -9.21284 36.1812 1.90735e-07
      vertex -9.5 36.2 1.90735e-07
    endloop
  endfacet
  facet normal -0.0653289 -0.997864 -0
    outer loop
      vertex -9.21284 36.1812 1.90735e-07
      vertex -9.5 36.2 0
      vertex -9.21284 36.1812 0
    endloop
  endfacet
  facet normal 0.555582 0.831462 -0
    outer loop
      vertex -10.6 32.0947 0
      vertex -10.8393 32.2546 1.90735e-07
      vertex -10.6 32.0947 1.90735e-07
    endloop
  endfacet
  facet normal 0.555582 0.831462 0
    outer loop
      vertex -10.8393 32.2546 1.90735e-07
      vertex -10.6 32.0947 0
      vertex -10.8393 32.2546 0
    endloop
  endfacet
  facet normal -0.659458 0.751741 0
    outer loop
      vertex -7.94437 32.4444 0
      vertex -8.16073 32.2546 1.90735e-07
      vertex -7.94437 32.4444 1.90735e-07
    endloop
  endfacet
  facet normal -0.659458 0.751741 0
    outer loop
      vertex -8.16073 32.2546 1.90735e-07
      vertex -7.94437 32.4444 0
      vertex -8.16073 32.2546 0
    endloop
  endfacet
  facet normal -0.896888 -0.442258 4.42563e-11
    outer loop
      vertex -7.46747 34.8419 0
      vertex -7.59474 35.1 1.90735e-07
      vertex -7.59474 35.1 0
    endloop
  endfacet
  facet normal -0.896888 -0.442258 4.42563e-11
    outer loop
      vertex -7.59474 35.1 1.90735e-07
      vertex -7.46747 34.8419 0
      vertex -7.46747 34.8419 1.90735e-07
    endloop
  endfacet
  facet normal 0.195287 -0.980746 0
    outer loop
      vertex -10.0694 36.125 0
      vertex -9.78716 36.1812 1.90735e-07
      vertex -10.0694 36.125 1.90735e-07
    endloop
  endfacet
  facet normal 0.195287 -0.980746 0
    outer loop
      vertex -9.78716 36.1812 1.90735e-07
      vertex -10.0694 36.125 0
      vertex -9.78716 36.1812 0
    endloop
  endfacet
  facet normal 0.896984 0.442063 4.6279e-11
    outer loop
      vertex -11.4053 32.9 1.90735e-07
      vertex -11.5325 33.1581 0
      vertex -11.5325 33.1581 1.90735e-07
    endloop
  endfacet
  facet normal 0.896984 0.442063 4.6279e-11
    outer loop
      vertex -11.5325 33.1581 0
      vertex -11.4053 32.9 1.90735e-07
      vertex -11.4053 32.9 0
    endloop
  endfacet
  facet normal -0.659458 -0.751741 0
    outer loop
      vertex -8.16073 35.7454 0
      vertex -7.94437 35.5556 1.90735e-07
      vertex -8.16073 35.7454 1.90735e-07
    endloop
  endfacet
  facet normal -0.659458 -0.751741 -0
    outer loop
      vertex -7.94437 35.5556 1.90735e-07
      vertex -8.16073 35.7454 0
      vertex -7.94437 35.5556 0
    endloop
  endfacet
  facet normal -0.751736 -0.659464 2.70705e-11
    outer loop
      vertex -7.75462 35.3393 0
      vertex -7.94437 35.5556 1.90735e-07
      vertex -7.94437 35.5556 0
    endloop
  endfacet
  facet normal -0.751736 -0.659464 2.70705e-11
    outer loop
      vertex -7.94437 35.5556 1.90735e-07
      vertex -7.75462 35.3393 0
      vertex -7.75462 35.3393 1.90735e-07
    endloop
  endfacet
  facet normal -0.321435 -0.946931 0
    outer loop
      vertex -8.9306 36.125 0
      vertex -8.6581 36.0325 1.90735e-07
      vertex -8.9306 36.125 1.90735e-07
    endloop
  endfacet
  facet normal -0.321435 -0.946931 -0
    outer loop
      vertex -8.6581 36.0325 1.90735e-07
      vertex -8.9306 36.125 0
      vertex -8.6581 36.0325 0
    endloop
  endfacet
  facet normal 0.997864 -0.0653198 -4.0501e-12
    outer loop
      vertex -11.7 34 1.90735e-07
      vertex -11.6812 34.2872 0
      vertex -11.6812 34.2872 1.90735e-07
    endloop
  endfacet
  facet normal 0.997864 -0.0653198 -4.0501e-12
    outer loop
      vertex -11.6812 34.2872 0
      vertex -11.7 34 1.90735e-07
      vertex -11.7 34 0
    endloop
  endfacet
  facet normal 0.659562 0.75165 -0
    outer loop
      vertex -10.8393 32.2546 0
      vertex -11.0556 32.4444 1.90735e-07
      vertex -10.8393 32.2546 1.90735e-07
    endloop
  endfacet
  facet normal 0.659562 0.75165 0
    outer loop
      vertex -11.0556 32.4444 1.90735e-07
      vertex -10.8393 32.2546 0
      vertex -11.0556 32.4444 0
    endloop
  endfacet
  facet normal 0.321435 0.946931 -0
    outer loop
      vertex -10.0694 31.875 0
      vertex -10.3419 31.9675 1.90735e-07
      vertex -10.0694 31.875 1.90735e-07
    endloop
  endfacet
  facet normal 0.321435 0.946931 0
    outer loop
      vertex -10.3419 31.9675 1.90735e-07
      vertex -10.0694 31.875 0
      vertex -10.3419 31.9675 0
    endloop
  endfacet
  facet normal 0.831462 -0.555582 -1.18464e-11
    outer loop
      vertex -11.4053 35.1 1.90735e-07
      vertex -11.2454 35.3393 0
      vertex -11.2454 35.3393 1.90735e-07
    endloop
  endfacet
  facet normal 0.831462 -0.555582 -1.18464e-11
    outer loop
      vertex -11.2454 35.3393 0
      vertex -11.4053 35.1 1.90735e-07
      vertex -11.4053 35.1 0
    endloop
  endfacet
  facet normal -0.751736 0.659464 -2.70705e-11
    outer loop
      vertex -7.94437 32.4444 0
      vertex -7.75462 32.6607 1.90735e-07
      vertex -7.75462 32.6607 0
    endloop
  endfacet
  facet normal -0.751736 0.659464 -2.70705e-11
    outer loop
      vertex -7.75462 32.6607 1.90735e-07
      vertex -7.94437 32.4444 0
      vertex -7.94437 32.4444 1.90735e-07
    endloop
  endfacet
  facet normal 0.321435 -0.946931 0
    outer loop
      vertex -10.3419 36.0325 0
      vertex -10.0694 36.125 1.90735e-07
      vertex -10.3419 36.0325 1.90735e-07
    endloop
  endfacet
  facet normal 0.321435 -0.946931 0
    outer loop
      vertex -10.0694 36.125 1.90735e-07
      vertex -10.3419 36.0325 0
      vertex -10.0694 36.125 0
    endloop
  endfacet
  facet normal -0.442063 -0.896984 0
    outer loop
      vertex -8.6581 36.0325 0
      vertex -8.4 35.9053 1.90735e-07
      vertex -8.6581 36.0325 1.90735e-07
    endloop
  endfacet
  facet normal -0.442063 -0.896984 -0
    outer loop
      vertex -8.4 35.9053 1.90735e-07
      vertex -8.6581 36.0325 0
      vertex -8.4 35.9053 0
    endloop
  endfacet
  facet normal 0.442063 0.896984 -0
    outer loop
      vertex -10.3419 31.9675 0
      vertex -10.6 32.0947 1.90735e-07
      vertex -10.3419 31.9675 1.90735e-07
    endloop
  endfacet
  facet normal 0.442063 0.896984 0
    outer loop
      vertex -10.6 32.0947 1.90735e-07
      vertex -10.3419 31.9675 0
      vertex -10.6 32.0947 0
    endloop
  endfacet
  facet normal -0.980781 -0.195113 2.09306e-11
    outer loop
      vertex -7.31882 34.2872 0
      vertex -7.37496 34.5694 1.90735e-07
      vertex -7.37496 34.5694 0
    endloop
  endfacet
  facet normal -0.980781 -0.195113 2.09306e-11
    outer loop
      vertex -7.37496 34.5694 1.90735e-07
      vertex -7.31882 34.2872 0
      vertex -7.31882 34.2872 1.90735e-07
    endloop
  endfacet
  facet normal 0.946931 -0.321435 -2.19463e-11
    outer loop
      vertex -11.625 34.5694 1.90735e-07
      vertex -11.5325 34.8419 0
      vertex -11.5325 34.8419 1.90735e-07
    endloop
  endfacet
  facet normal 0.946931 -0.321435 -2.19463e-11
    outer loop
      vertex -11.5325 34.8419 0
      vertex -11.625 34.5694 1.90735e-07
      vertex -11.625 34.5694 0
    endloop
  endfacet
  facet normal -0.946921 -0.321467 -6.02111e-12
    outer loop
      vertex -7.37496 34.5694 0
      vertex -7.46747 34.8419 1.90735e-07
      vertex -7.46747 34.8419 0
    endloop
  endfacet
  facet normal -0.946921 -0.321467 -6.02111e-12
    outer loop
      vertex -7.46747 34.8419 1.90735e-07
      vertex -7.37496 34.5694 0
      vertex -7.37496 34.5694 1.90735e-07
    endloop
  endfacet
  facet normal -0.55563 0.83143 0
    outer loop
      vertex -8.16073 32.2546 0
      vertex -8.4 32.0947 1.90735e-07
      vertex -8.16073 32.2546 1.90735e-07
    endloop
  endfacet
  facet normal -0.55563 0.83143 0
    outer loop
      vertex -8.4 32.0947 1.90735e-07
      vertex -8.16073 32.2546 0
      vertex -8.4 32.0947 0
    endloop
  endfacet
  facet normal -0.442063 0.896984 0
    outer loop
      vertex -8.4 32.0947 0
      vertex -8.6581 31.9675 1.90735e-07
      vertex -8.4 32.0947 1.90735e-07
    endloop
  endfacet
  facet normal -0.442063 0.896984 0
    outer loop
      vertex -8.6581 31.9675 1.90735e-07
      vertex -8.4 32.0947 0
      vertex -8.6581 31.9675 0
    endloop
  endfacet
  facet normal 0.195287 0.980746 -0
    outer loop
      vertex -9.78716 31.8188 0
      vertex -10.0694 31.875 1.90735e-07
      vertex -9.78716 31.8188 1.90735e-07
    endloop
  endfacet
  facet normal 0.195287 0.980746 0
    outer loop
      vertex -10.0694 31.875 1.90735e-07
      vertex -9.78716 31.8188 0
      vertex -10.0694 31.875 0
    endloop
  endfacet
  facet normal 0.442063 -0.896984 0
    outer loop
      vertex -10.6 35.9053 0
      vertex -10.3419 36.0325 1.90735e-07
      vertex -10.6 35.9053 1.90735e-07
    endloop
  endfacet
  facet normal 0.442063 -0.896984 0
    outer loop
      vertex -10.3419 36.0325 1.90735e-07
      vertex -10.6 35.9053 0
      vertex -10.3419 36.0325 0
    endloop
  endfacet
  facet normal 0.0653289 0.997864 -0
    outer loop
      vertex -9.5 31.8 0
      vertex -9.78716 31.8188 1.90735e-07
      vertex -9.5 31.8 1.90735e-07
    endloop
  endfacet
  facet normal 0.0653289 0.997864 0
    outer loop
      vertex -9.78716 31.8188 1.90735e-07
      vertex -9.5 31.8 0
      vertex -9.78716 31.8188 0
    endloop
  endfacet
  facet normal 0.75165 0.659562 6.17138e-11
    outer loop
      vertex -11.0556 32.4444 1.90735e-07
      vertex -11.2454 32.6607 0
      vertex -11.2454 32.6607 1.90735e-07
    endloop
  endfacet
  facet normal 0.75165 0.659562 6.17138e-11
    outer loop
      vertex -11.2454 32.6607 0
      vertex -11.0556 32.4444 1.90735e-07
      vertex -11.0556 32.4444 0
    endloop
  endfacet
  facet normal -0.99786 -0.065389 1.31085e-12
    outer loop
      vertex -7.3 34 0
      vertex -7.31882 34.2872 1.90735e-07
      vertex -7.31882 34.2872 0
    endloop
  endfacet
  facet normal -0.99786 -0.065389 1.31085e-12
    outer loop
      vertex -7.31882 34.2872 1.90735e-07
      vertex -7.3 34 0
      vertex -7.3 34 1.90735e-07
    endloop
  endfacet
  facet normal 0.946931 0.321435 2.19463e-11
    outer loop
      vertex -11.5325 33.1581 1.90735e-07
      vertex -11.625 33.4306 0
      vertex -11.625 33.4306 1.90735e-07
    endloop
  endfacet
  facet normal 0.946931 0.321435 2.19463e-11
    outer loop
      vertex -11.625 33.4306 0
      vertex -11.5325 33.1581 1.90735e-07
      vertex -11.5325 33.1581 0
    endloop
  endfacet
  facet normal 0.659562 -0.75165 0
    outer loop
      vertex -11.0556 35.5556 0
      vertex -10.8393 35.7454 1.90735e-07
      vertex -11.0556 35.5556 1.90735e-07
    endloop
  endfacet
  facet normal 0.659562 -0.75165 0
    outer loop
      vertex -10.8393 35.7454 1.90735e-07
      vertex -11.0556 35.5556 0
      vertex -10.8393 35.7454 0
    endloop
  endfacet
  facet normal -0 0 -1
    outer loop
      vertex -7.3 34 1.90735e-07
      vertex -7.30753 33.9986 1.90735e-07
      vertex -7.30744 34 1.90735e-07
    endloop
  endfacet
  facet normal 0 0 -1
    outer loop
      vertex -7.31882 33.7128 1.90735e-07
      vertex -7.30753 33.9986 1.90735e-07
      vertex -7.3 34 1.90735e-07
    endloop
  endfacet
  facet normal 0 0 -1
    outer loop
      vertex -7.31882 33.7128 1.90735e-07
      vertex -7.3262 33.7138 1.90735e-07
      vertex -7.30753 33.9986 1.90735e-07
    endloop
  endfacet
  facet normal -0 0 -1
    outer loop
      vertex -7.31882 33.7128 1.90735e-07
      vertex -7.32647 33.7124 1.90735e-07
      vertex -7.3262 33.7138 1.90735e-07
    endloop
  endfacet
  facet normal 0 0 -1
    outer loop
      vertex -7.37496 33.4306 1.90735e-07
      vertex -7.32647 33.7124 1.90735e-07
      vertex -7.31882 33.7128 1.90735e-07
    endloop
  endfacet
  facet normal 0 0 -1
    outer loop
      vertex -7.37496 33.4306 1.90735e-07
      vertex -7.38215 33.4325 1.90735e-07
      vertex -7.32647 33.7124 1.90735e-07
    endloop
  endfacet
  facet normal 0 0 -1
    outer loop
      vertex -7.37496 33.4306 1.90735e-07
      vertex -7.3826 33.4312 1.90735e-07
      vertex -7.38215 33.4325 1.90735e-07
    endloop
  endfacet
  facet normal 0 0 -1
    outer loop
      vertex -7.46747 33.1581 1.90735e-07
      vertex -7.3826 33.4312 1.90735e-07
      vertex -7.37496 33.4306 1.90735e-07
    endloop
  endfacet
  facet normal 0 0 -1
    outer loop
      vertex -7.46747 33.1581 1.90735e-07
      vertex -7.47434 33.1609 1.90735e-07
      vertex -7.3826 33.4312 1.90735e-07
    endloop
  endfacet
  facet normal 0 0 -1
    outer loop
      vertex -7.60056 32.905 1.90735e-07
      vertex -7.46747 33.1581 1.90735e-07
      vertex -7.59474 32.9 1.90735e-07
    endloop
  endfacet
  facet normal -0 0 -1
    outer loop
      vertex -7.46747 33.1581 1.90735e-07
      vertex -7.60056 32.905 1.90735e-07
      vertex -7.47434 33.1609 1.90735e-07
    endloop
  endfacet
  facet normal 0 0 -1
    outer loop
      vertex -7.59474 32.9 1.90735e-07
      vertex -7.60119 32.9037 1.90735e-07
      vertex -7.60056 32.905 1.90735e-07
    endloop
  endfacet
  facet normal 0 0 -1
    outer loop
      vertex -7.59474 32.9 1.90735e-07
      vertex -7.60197 32.9025 1.90735e-07
      vertex -7.60119 32.9037 1.90735e-07
    endloop
  endfacet
  facet normal 0 0 -1
    outer loop
      vertex -7.75462 32.6607 1.90735e-07
      vertex -7.60197 32.9025 1.90735e-07
      vertex -7.59474 32.9 1.90735e-07
    endloop
  endfacet
  facet normal 0 0 -1
    outer loop
      vertex -7.75462 32.6607 1.90735e-07
      vertex -7.76052 32.6653 1.90735e-07
      vertex -7.60197 32.9025 1.90735e-07
    endloop
  endfacet
  facet normal 0 0 -1
    outer loop
      vertex -7.9487 32.4507 1.90735e-07
      vertex -7.75462 32.6607 1.90735e-07
      vertex -7.94437 32.4444 1.90735e-07
    endloop
  endfacet
  facet normal -0 0 -1
    outer loop
      vertex -7.75462 32.6607 1.90735e-07
      vertex -7.9487 32.4507 1.90735e-07
      vertex -7.76052 32.6653 1.90735e-07
    endloop
  endfacet
  facet normal 0 0 -1
    outer loop
      vertex -7.94437 32.4444 1.90735e-07
      vertex -7.94962 32.4496 1.90735e-07
      vertex -7.9487 32.4507 1.90735e-07
    endloop
  endfacet
  facet normal 0 0 -1
    outer loop
      vertex -7.94437 32.4444 1.90735e-07
      vertex -7.95068 32.4487 1.90735e-07
      vertex -7.94962 32.4496 1.90735e-07
    endloop
  endfacet
  facet normal 0 0 -1
    outer loop
      vertex -8.16073 32.2546 1.90735e-07
      vertex -7.95068 32.4487 1.90735e-07
      vertex -7.94437 32.4444 1.90735e-07
    endloop
  endfacet
  facet normal 0 0 -1
    outer loop
      vertex -8.16073 32.2546 1.90735e-07
      vertex -8.16525 32.2605 1.90735e-07
      vertex -7.95068 32.4487 1.90735e-07
    endloop
  endfacet
  facet normal 0 0 -1
    outer loop
      vertex -8.40255 32.102 1.90735e-07
      vertex -8.16073 32.2546 1.90735e-07
      vertex -8.4 32.0947 1.90735e-07
    endloop
  endfacet
  facet normal -0 0 -1
    outer loop
      vertex -8.16073 32.2546 1.90735e-07
      vertex -8.40255 32.102 1.90735e-07
      vertex -8.16525 32.2605 1.90735e-07
    endloop
  endfacet
  facet normal 0 0 -1
    outer loop
      vertex -8.4 32.0947 1.90735e-07
      vertex -8.40372 32.1012 1.90735e-07
      vertex -8.40255 32.102 1.90735e-07
    endloop
  endfacet
  facet normal 0 0 -1
    outer loop
      vertex -8.4 32.0947 1.90735e-07
      vertex -8.40498 32.1006 1.90735e-07
      vertex -8.40372 32.1012 1.90735e-07
    endloop
  endfacet
  facet normal 0 0 -1
    outer loop
      vertex -8.6581 31.9675 1.90735e-07
      vertex -8.40498 32.1006 1.90735e-07
      vertex -8.4 32.0947 1.90735e-07
    endloop
  endfacet
  facet normal 0 0 -1
    outer loop
      vertex -8.6581 31.9675 1.90735e-07
      vertex -8.66094 31.9743 1.90735e-07
      vertex -8.40498 32.1006 1.90735e-07
    endloop
  endfacet
  facet normal 0 0 -1
    outer loop
      vertex -8.93119 31.8826 1.90735e-07
      vertex -8.6581 31.9675 1.90735e-07
      vertex -8.9306 31.875 1.90735e-07
    endloop
  endfacet
  facet normal -0 0 -1
    outer loop
      vertex -8.6581 31.9675 1.90735e-07
      vertex -8.93119 31.8826 1.90735e-07
      vertex -8.66094 31.9743 1.90735e-07
    endloop
  endfacet
  facet normal 0 0 -1
    outer loop
      vertex -8.9306 31.875 1.90735e-07
      vertex -8.93252 31.8821 1.90735e-07
      vertex -8.93119 31.8826 1.90735e-07
    endloop
  endfacet
  facet normal -0 0 -1
    outer loop
      vertex -8.9306 31.875 1.90735e-07
      vertex -9.21244 31.8265 1.90735e-07
      vertex -8.93252 31.8821 1.90735e-07
    endloop
  endfacet
  facet normal 0 0 -1
    outer loop
      vertex -9.21284 31.8188 1.90735e-07
      vertex -9.21244 31.8265 1.90735e-07
      vertex -8.9306 31.875 1.90735e-07
    endloop
  endfacet
  facet normal 0 0 -1
    outer loop
      vertex -9.21284 31.8188 1.90735e-07
      vertex -9.21381 31.8262 1.90735e-07
      vertex -9.21244 31.8265 1.90735e-07
    endloop
  endfacet
  facet normal -0 0 -1
    outer loop
      vertex -9.21284 31.8188 1.90735e-07
      vertex -9.4986 31.8075 1.90735e-07
      vertex -9.21381 31.8262 1.90735e-07
    endloop
  endfacet
  facet normal 0 0 -1
    outer loop
      vertex -9.5 31.8 1.90735e-07
      vertex -9.4986 31.8075 1.90735e-07
      vertex -9.21284 31.8188 1.90735e-07
    endloop
  endfacet
  facet normal 0 0 -1
    outer loop
      vertex -9.5 31.8 1.90735e-07
      vertex -9.5 31.8074 1.90735e-07
      vertex -9.4986 31.8075 1.90735e-07
    endloop
  endfacet
  facet normal 0 0 -1
    outer loop
      vertex -9.5 31.8 1.90735e-07
      vertex -9.5014 31.8075 1.90735e-07
      vertex -9.5 31.8074 1.90735e-07
    endloop
  endfacet
  facet normal 0 0 -1
    outer loop
      vertex -9.78716 31.8188 1.90735e-07
      vertex -9.5014 31.8075 1.90735e-07
      vertex -9.5 31.8 1.90735e-07
    endloop
  endfacet
  facet normal 0 0 -1
    outer loop
      vertex -9.5014 31.8075 1.90735e-07
      vertex -9.78716 31.8188 1.90735e-07
      vertex -9.78619 31.8262 1.90735e-07
    endloop
  endfacet
  facet normal 0 0 -1
    outer loop
      vertex -9.78716 31.8188 1.90735e-07
      vertex -9.78756 31.8265 1.90735e-07
      vertex -9.78619 31.8262 1.90735e-07
    endloop
  endfacet
  facet normal 0 0 -1
    outer loop
      vertex -10.0694 31.875 1.90735e-07
      vertex -9.78756 31.8265 1.90735e-07
      vertex -9.78716 31.8188 1.90735e-07
    endloop
  endfacet
  facet normal 0 0 -1
    outer loop
      vertex -9.78756 31.8265 1.90735e-07
      vertex -10.0694 31.875 1.90735e-07
      vertex -10.0675 31.8821 1.90735e-07
    endloop
  endfacet
  facet normal 0 0 -1
    outer loop
      vertex -10.0694 31.875 1.90735e-07
      vertex -10.0688 31.8826 1.90735e-07
      vertex -10.0675 31.8821 1.90735e-07
    endloop
  endfacet
  facet normal 0 0 -1
    outer loop
      vertex -10.3419 31.9675 1.90735e-07
      vertex -10.0688 31.8826 1.90735e-07
      vertex -10.0694 31.875 1.90735e-07
    endloop
  endfacet
  facet normal 0 0 -1
    outer loop
      vertex -10.0688 31.8826 1.90735e-07
      vertex -10.3419 31.9675 1.90735e-07
      vertex -10.3391 31.9743 1.90735e-07
    endloop
  endfacet
  facet normal 0 0 -1
    outer loop
      vertex -10.3419 31.9675 1.90735e-07
      vertex -10.595 32.1006 1.90735e-07
      vertex -10.3391 31.9743 1.90735e-07
    endloop
  endfacet
  facet normal 0 0 -1
    outer loop
      vertex -10.6 32.0947 1.90735e-07
      vertex -10.595 32.1006 1.90735e-07
      vertex -10.3419 31.9675 1.90735e-07
    endloop
  endfacet
  facet normal -0 0 -1
    outer loop
      vertex -10.595 32.1006 1.90735e-07
      vertex -10.6 32.0947 1.90735e-07
      vertex -10.5963 32.1012 1.90735e-07
    endloop
  endfacet
  facet normal 0 0 -1
    outer loop
      vertex -10.6 32.0947 1.90735e-07
      vertex -10.5974 32.102 1.90735e-07
      vertex -10.5963 32.1012 1.90735e-07
    endloop
  endfacet
  facet normal 0 0 -1
    outer loop
      vertex -10.8393 32.2546 1.90735e-07
      vertex -10.5974 32.102 1.90735e-07
      vertex -10.6 32.0947 1.90735e-07
    endloop
  endfacet
  facet normal 0 0 -1
    outer loop
      vertex -10.5974 32.102 1.90735e-07
      vertex -10.8393 32.2546 1.90735e-07
      vertex -10.8347 32.2605 1.90735e-07
    endloop
  endfacet
  facet normal 0 0 -1
    outer loop
      vertex -10.8393 32.2546 1.90735e-07
      vertex -11.0493 32.4487 1.90735e-07
      vertex -10.8347 32.2605 1.90735e-07
    endloop
  endfacet
  facet normal 0 0 -1
    outer loop
      vertex -11.0556 32.4444 1.90735e-07
      vertex -11.0493 32.4487 1.90735e-07
      vertex -10.8393 32.2546 1.90735e-07
    endloop
  endfacet
  facet normal -0 0 -1
    outer loop
      vertex -11.0493 32.4487 1.90735e-07
      vertex -11.0556 32.4444 1.90735e-07
      vertex -11.0504 32.4496 1.90735e-07
    endloop
  endfacet
  facet normal 0 0 -1
    outer loop
      vertex -11.0556 32.4444 1.90735e-07
      vertex -11.0513 32.4507 1.90735e-07
      vertex -11.0504 32.4496 1.90735e-07
    endloop
  endfacet
  facet normal 0 0 -1
    outer loop
      vertex -11.2454 32.6607 1.90735e-07
      vertex -11.0513 32.4507 1.90735e-07
      vertex -11.0556 32.4444 1.90735e-07
    endloop
  endfacet
  facet normal 0 0 -1
    outer loop
      vertex -11.0513 32.4507 1.90735e-07
      vertex -11.2454 32.6607 1.90735e-07
      vertex -11.2395 32.6653 1.90735e-07
    endloop
  endfacet
  facet normal 0 0 -1
    outer loop
      vertex -11.2454 32.6607 1.90735e-07
      vertex -11.398 32.9025 1.90735e-07
      vertex -11.2395 32.6653 1.90735e-07
    endloop
  endfacet
  facet normal 0 0 -1
    outer loop
      vertex -11.4053 32.9 1.90735e-07
      vertex -11.398 32.9025 1.90735e-07
      vertex -11.2454 32.6607 1.90735e-07
    endloop
  endfacet
  facet normal -0 0 -1
    outer loop
      vertex -11.398 32.9025 1.90735e-07
      vertex -11.4053 32.9 1.90735e-07
      vertex -11.3988 32.9037 1.90735e-07
    endloop
  endfacet
  facet normal 0 0 -1
    outer loop
      vertex -11.4053 32.9 1.90735e-07
      vertex -11.3994 32.905 1.90735e-07
      vertex -11.3988 32.9037 1.90735e-07
    endloop
  endfacet
  facet normal 0 0 -1
    outer loop
      vertex -11.5325 33.1581 1.90735e-07
      vertex -11.3994 32.905 1.90735e-07
      vertex -11.4053 32.9 1.90735e-07
    endloop
  endfacet
  facet normal 0 0 -1
    outer loop
      vertex -11.3994 32.905 1.90735e-07
      vertex -11.5325 33.1581 1.90735e-07
      vertex -11.5257 33.1609 1.90735e-07
    endloop
  endfacet
  facet normal 0 0 -1
    outer loop
      vertex -11.5325 33.1581 1.90735e-07
      vertex -11.6174 33.4312 1.90735e-07
      vertex -11.5257 33.1609 1.90735e-07
    endloop
  endfacet
  facet normal 0 0 -1
    outer loop
      vertex -11.625 33.4306 1.90735e-07
      vertex -11.6174 33.4312 1.90735e-07
      vertex -11.5325 33.1581 1.90735e-07
    endloop
  endfacet
  facet normal -0 0 -1
    outer loop
      vertex -11.6174 33.4312 1.90735e-07
      vertex -11.625 33.4306 1.90735e-07
      vertex -11.6179 33.4325 1.90735e-07
    endloop
  endfacet
  facet normal 0 0 -1
    outer loop
      vertex -11.625 33.4306 1.90735e-07
      vertex -11.6735 33.7124 1.90735e-07
      vertex -11.6179 33.4325 1.90735e-07
    endloop
  endfacet
  facet normal 0 0 -1
    outer loop
      vertex -11.6812 33.7128 1.90735e-07
      vertex -11.6735 33.7124 1.90735e-07
      vertex -11.625 33.4306 1.90735e-07
    endloop
  endfacet
  facet normal 0 0 -1
    outer loop
      vertex -11.6735 33.7124 1.90735e-07
      vertex -11.6812 33.7128 1.90735e-07
      vertex -11.6738 33.7138 1.90735e-07
    endloop
  endfacet
  facet normal 0 0 -1
    outer loop
      vertex -11.6812 33.7128 1.90735e-07
      vertex -11.6925 33.9986 1.90735e-07
      vertex -11.6738 33.7138 1.90735e-07
    endloop
  endfacet
  facet normal 0 0 -1
    outer loop
      vertex -11.7 34 1.90735e-07
      vertex -11.6925 33.9986 1.90735e-07
      vertex -11.6812 33.7128 1.90735e-07
    endloop
  endfacet
  facet normal 0 0 -1
    outer loop
      vertex -11.6925 33.9986 1.90735e-07
      vertex -11.7 34 1.90735e-07
      vertex -11.6926 34 1.90735e-07
    endloop
  endfacet
  facet normal 0 0 -1
    outer loop
      vertex -7.30753 34.0014 1.90735e-07
      vertex -7.3 34 1.90735e-07
      vertex -7.30744 34 1.90735e-07
    endloop
  endfacet
  facet normal 0 0 -1
    outer loop
      vertex -7.30753 34.0014 1.90735e-07
      vertex -7.31882 34.2872 1.90735e-07
      vertex -7.3 34 1.90735e-07
    endloop
  endfacet
  facet normal 0 0 -1
    outer loop
      vertex -7.3262 34.2862 1.90735e-07
      vertex -7.31882 34.2872 1.90735e-07
      vertex -7.30753 34.0014 1.90735e-07
    endloop
  endfacet
  facet normal 0 0 -1
    outer loop
      vertex -7.32647 34.2876 1.90735e-07
      vertex -7.31882 34.2872 1.90735e-07
      vertex -7.3262 34.2862 1.90735e-07
    endloop
  endfacet
  facet normal 0 0 -1
    outer loop
      vertex -7.32647 34.2876 1.90735e-07
      vertex -7.37496 34.5694 1.90735e-07
      vertex -7.31882 34.2872 1.90735e-07
    endloop
  endfacet
  facet normal 0 0 -1
    outer loop
      vertex -7.38215 34.5675 1.90735e-07
      vertex -7.37496 34.5694 1.90735e-07
      vertex -7.32647 34.2876 1.90735e-07
    endloop
  endfacet
  facet normal 0 0 -1
    outer loop
      vertex -7.3826 34.5688 1.90735e-07
      vertex -7.37496 34.5694 1.90735e-07
      vertex -7.38215 34.5675 1.90735e-07
    endloop
  endfacet
  facet normal 0 0 -1
    outer loop
      vertex -7.3826 34.5688 1.90735e-07
      vertex -7.46747 34.8419 1.90735e-07
      vertex -7.37496 34.5694 1.90735e-07
    endloop
  endfacet
  facet normal 0 0 -1
    outer loop
      vertex -7.47434 34.8391 1.90735e-07
      vertex -7.46747 34.8419 1.90735e-07
      vertex -7.3826 34.5688 1.90735e-07
    endloop
  endfacet
  facet normal 0 0 -1
    outer loop
      vertex -7.60056 35.095 1.90735e-07
      vertex -7.46747 34.8419 1.90735e-07
      vertex -7.47434 34.8391 1.90735e-07
    endloop
  endfacet
  facet normal 0 0 -1
    outer loop
      vertex -7.46747 34.8419 1.90735e-07
      vertex -7.60056 35.095 1.90735e-07
      vertex -7.59474 35.1 1.90735e-07
    endloop
  endfacet
  facet normal 0 0 -1
    outer loop
      vertex -7.60119 35.0963 1.90735e-07
      vertex -7.59474 35.1 1.90735e-07
      vertex -7.60056 35.095 1.90735e-07
    endloop
  endfacet
  facet normal 0 0 -1
    outer loop
      vertex -7.60197 35.0975 1.90735e-07
      vertex -7.59474 35.1 1.90735e-07
      vertex -7.60119 35.0963 1.90735e-07
    endloop
  endfacet
  facet normal 0 0 -1
    outer loop
      vertex -7.60197 35.0975 1.90735e-07
      vertex -7.75462 35.3393 1.90735e-07
      vertex -7.59474 35.1 1.90735e-07
    endloop
  endfacet
  facet normal 0 0 -1
    outer loop
      vertex -7.76052 35.3347 1.90735e-07
      vertex -7.75462 35.3393 1.90735e-07
      vertex -7.60197 35.0975 1.90735e-07
    endloop
  endfacet
  facet normal 0 0 -1
    outer loop
      vertex -7.9487 35.5493 1.90735e-07
      vertex -7.75462 35.3393 1.90735e-07
      vertex -7.76052 35.3347 1.90735e-07
    endloop
  endfacet
  facet normal 0 0 -1
    outer loop
      vertex -7.75462 35.3393 1.90735e-07
      vertex -7.9487 35.5493 1.90735e-07
      vertex -7.94437 35.5556 1.90735e-07
    endloop
  endfacet
  facet normal 0 0 -1
    outer loop
      vertex -7.94962 35.5504 1.90735e-07
      vertex -7.94437 35.5556 1.90735e-07
      vertex -7.9487 35.5493 1.90735e-07
    endloop
  endfacet
  facet normal 0 0 -1
    outer loop
      vertex -7.95068 35.5513 1.90735e-07
      vertex -7.94437 35.5556 1.90735e-07
      vertex -7.94962 35.5504 1.90735e-07
    endloop
  endfacet
  facet normal 0 0 -1
    outer loop
      vertex -7.95068 35.5513 1.90735e-07
      vertex -8.16073 35.7454 1.90735e-07
      vertex -7.94437 35.5556 1.90735e-07
    endloop
  endfacet
  facet normal 0 0 -1
    outer loop
      vertex -8.16525 35.7395 1.90735e-07
      vertex -8.16073 35.7454 1.90735e-07
      vertex -7.95068 35.5513 1.90735e-07
    endloop
  endfacet
  facet normal 0 0 -1
    outer loop
      vertex -8.40255 35.898 1.90735e-07
      vertex -8.16073 35.7454 1.90735e-07
      vertex -8.16525 35.7395 1.90735e-07
    endloop
  endfacet
  facet normal 0 0 -1
    outer loop
      vertex -8.16073 35.7454 1.90735e-07
      vertex -8.40255 35.898 1.90735e-07
      vertex -8.4 35.9053 1.90735e-07
    endloop
  endfacet
  facet normal 0 0 -1
    outer loop
      vertex -8.40372 35.8988 1.90735e-07
      vertex -8.4 35.9053 1.90735e-07
      vertex -8.40255 35.898 1.90735e-07
    endloop
  endfacet
  facet normal 0 0 -1
    outer loop
      vertex -8.40498 35.8994 1.90735e-07
      vertex -8.4 35.9053 1.90735e-07
      vertex -8.40372 35.8988 1.90735e-07
    endloop
  endfacet
  facet normal 0 0 -1
    outer loop
      vertex -8.40498 35.8994 1.90735e-07
      vertex -8.6581 36.0325 1.90735e-07
      vertex -8.4 35.9053 1.90735e-07
    endloop
  endfacet
  facet normal 0 0 -1
    outer loop
      vertex -8.66094 36.0257 1.90735e-07
      vertex -8.6581 36.0325 1.90735e-07
      vertex -8.40498 35.8994 1.90735e-07
    endloop
  endfacet
  facet normal 0 0 -1
    outer loop
      vertex -8.93119 36.1174 1.90735e-07
      vertex -8.6581 36.0325 1.90735e-07
      vertex -8.66094 36.0257 1.90735e-07
    endloop
  endfacet
  facet normal 0 0 -1
    outer loop
      vertex -8.6581 36.0325 1.90735e-07
      vertex -8.93119 36.1174 1.90735e-07
      vertex -8.9306 36.125 1.90735e-07
    endloop
  endfacet
  facet normal 0 0 -1
    outer loop
      vertex -8.93252 36.1179 1.90735e-07
      vertex -8.9306 36.125 1.90735e-07
      vertex -8.93119 36.1174 1.90735e-07
    endloop
  endfacet
  facet normal 0 0 -1
    outer loop
      vertex -9.21244 36.1735 1.90735e-07
      vertex -8.9306 36.125 1.90735e-07
      vertex -8.93252 36.1179 1.90735e-07
    endloop
  endfacet
  facet normal 0 0 -1
    outer loop
      vertex -9.21244 36.1735 1.90735e-07
      vertex -9.21284 36.1812 1.90735e-07
      vertex -8.9306 36.125 1.90735e-07
    endloop
  endfacet
  facet normal 0 0 -1
    outer loop
      vertex -9.21381 36.1738 1.90735e-07
      vertex -9.21284 36.1812 1.90735e-07
      vertex -9.21244 36.1735 1.90735e-07
    endloop
  endfacet
  facet normal 0 0 -1
    outer loop
      vertex -9.4986 36.1925 1.90735e-07
      vertex -9.21284 36.1812 1.90735e-07
      vertex -9.21381 36.1738 1.90735e-07
    endloop
  endfacet
  facet normal 0 0 -1
    outer loop
      vertex -9.5 36.2 1.90735e-07
      vertex -9.4986 36.1925 1.90735e-07
      vertex -9.5 36.1926 1.90735e-07
    endloop
  endfacet
  facet normal 0 0 -1
    outer loop
      vertex -9.4986 36.1925 1.90735e-07
      vertex -9.5 36.2 1.90735e-07
      vertex -9.21284 36.1812 1.90735e-07
    endloop
  endfacet
  facet normal 0 0 -1
    outer loop
      vertex -9.5014 36.1925 1.90735e-07
      vertex -9.5 36.2 1.90735e-07
      vertex -9.5 36.1926 1.90735e-07
    endloop
  endfacet
  facet normal 0 0 -1
    outer loop
      vertex -9.78716 36.1812 1.90735e-07
      vertex -9.5014 36.1925 1.90735e-07
      vertex -9.78619 36.1738 1.90735e-07
    endloop
  endfacet
  facet normal -0 0 -1
    outer loop
      vertex -9.5014 36.1925 1.90735e-07
      vertex -9.78716 36.1812 1.90735e-07
      vertex -9.5 36.2 1.90735e-07
    endloop
  endfacet
  facet normal 0 0 -1
    outer loop
      vertex -9.78756 36.1735 1.90735e-07
      vertex -9.78716 36.1812 1.90735e-07
      vertex -9.78619 36.1738 1.90735e-07
    endloop
  endfacet
  facet normal 0 0 -1
    outer loop
      vertex -10.0694 36.125 1.90735e-07
      vertex -9.78756 36.1735 1.90735e-07
      vertex -10.0675 36.1179 1.90735e-07
    endloop
  endfacet
  facet normal -0 0 -1
    outer loop
      vertex -9.78756 36.1735 1.90735e-07
      vertex -10.0694 36.125 1.90735e-07
      vertex -9.78716 36.1812 1.90735e-07
    endloop
  endfacet
  facet normal 0 0 -1
    outer loop
      vertex -10.0688 36.1174 1.90735e-07
      vertex -10.0694 36.125 1.90735e-07
      vertex -10.0675 36.1179 1.90735e-07
    endloop
  endfacet
  facet normal 0 0 -1
    outer loop
      vertex -10.3419 36.0325 1.90735e-07
      vertex -10.0688 36.1174 1.90735e-07
      vertex -10.3391 36.0257 1.90735e-07
    endloop
  endfacet
  facet normal -0 0 -1
    outer loop
      vertex -10.0688 36.1174 1.90735e-07
      vertex -10.3419 36.0325 1.90735e-07
      vertex -10.0694 36.125 1.90735e-07
    endloop
  endfacet
  facet normal 0 0 -1
    outer loop
      vertex -10.595 35.8994 1.90735e-07
      vertex -10.3419 36.0325 1.90735e-07
      vertex -10.3391 36.0257 1.90735e-07
    endloop
  endfacet
  facet normal 0 0 -1
    outer loop
      vertex -10.6 35.9053 1.90735e-07
      vertex -10.595 35.8994 1.90735e-07
      vertex -10.5963 35.8988 1.90735e-07
    endloop
  endfacet
  facet normal 0 0 -1
    outer loop
      vertex -10.595 35.8994 1.90735e-07
      vertex -10.6 35.9053 1.90735e-07
      vertex -10.3419 36.0325 1.90735e-07
    endloop
  endfacet
  facet normal 0 0 -1
    outer loop
      vertex -10.5974 35.898 1.90735e-07
      vertex -10.6 35.9053 1.90735e-07
      vertex -10.5963 35.8988 1.90735e-07
    endloop
  endfacet
  facet normal 0 0 -1
    outer loop
      vertex -10.8393 35.7454 1.90735e-07
      vertex -10.5974 35.898 1.90735e-07
      vertex -10.8347 35.7395 1.90735e-07
    endloop
  endfacet
  facet normal -0 0 -1
    outer loop
      vertex -10.5974 35.898 1.90735e-07
      vertex -10.8393 35.7454 1.90735e-07
      vertex -10.6 35.9053 1.90735e-07
    endloop
  endfacet
  facet normal 0 0 -1
    outer loop
      vertex -11.0493 35.5513 1.90735e-07
      vertex -10.8393 35.7454 1.90735e-07
      vertex -10.8347 35.7395 1.90735e-07
    endloop
  endfacet
  facet normal 0 0 -1
    outer loop
      vertex -11.0556 35.5556 1.90735e-07
      vertex -11.0493 35.5513 1.90735e-07
      vertex -11.0504 35.5504 1.90735e-07
    endloop
  endfacet
  facet normal 0 0 -1
    outer loop
      vertex -11.0493 35.5513 1.90735e-07
      vertex -11.0556 35.5556 1.90735e-07
      vertex -10.8393 35.7454 1.90735e-07
    endloop
  endfacet
  facet normal 0 0 -1
    outer loop
      vertex -11.0513 35.5493 1.90735e-07
      vertex -11.0556 35.5556 1.90735e-07
      vertex -11.0504 35.5504 1.90735e-07
    endloop
  endfacet
  facet normal 0 0 -1
    outer loop
      vertex -11.2454 35.3393 1.90735e-07
      vertex -11.0513 35.5493 1.90735e-07
      vertex -11.2395 35.3347 1.90735e-07
    endloop
  endfacet
  facet normal -0 0 -1
    outer loop
      vertex -11.0513 35.5493 1.90735e-07
      vertex -11.2454 35.3393 1.90735e-07
      vertex -11.0556 35.5556 1.90735e-07
    endloop
  endfacet
  facet normal 0 0 -1
    outer loop
      vertex -11.398 35.0975 1.90735e-07
      vertex -11.2454 35.3393 1.90735e-07
      vertex -11.2395 35.3347 1.90735e-07
    endloop
  endfacet
  facet normal 0 0 -1
    outer loop
      vertex -11.4053 35.1 1.90735e-07
      vertex -11.398 35.0975 1.90735e-07
      vertex -11.3988 35.0963 1.90735e-07
    endloop
  endfacet
  facet normal 0 0 -1
    outer loop
      vertex -11.398 35.0975 1.90735e-07
      vertex -11.4053 35.1 1.90735e-07
      vertex -11.2454 35.3393 1.90735e-07
    endloop
  endfacet
  facet normal 0 0 -1
    outer loop
      vertex -11.3994 35.095 1.90735e-07
      vertex -11.4053 35.1 1.90735e-07
      vertex -11.3988 35.0963 1.90735e-07
    endloop
  endfacet
  facet normal 0 0 -1
    outer loop
      vertex -11.5325 34.8419 1.90735e-07
      vertex -11.3994 35.095 1.90735e-07
      vertex -11.5257 34.8391 1.90735e-07
    endloop
  endfacet
  facet normal -0 0 -1
    outer loop
      vertex -11.3994 35.095 1.90735e-07
      vertex -11.5325 34.8419 1.90735e-07
      vertex -11.4053 35.1 1.90735e-07
    endloop
  endfacet
  facet normal 0 0 -1
    outer loop
      vertex -11.6174 34.5688 1.90735e-07
      vertex -11.5325 34.8419 1.90735e-07
      vertex -11.5257 34.8391 1.90735e-07
    endloop
  endfacet
  facet normal 0 0 -1
    outer loop
      vertex -11.625 34.5694 1.90735e-07
      vertex -11.6174 34.5688 1.90735e-07
      vertex -11.6179 34.5675 1.90735e-07
    endloop
  endfacet
  facet normal 0 0 -1
    outer loop
      vertex -11.6174 34.5688 1.90735e-07
      vertex -11.625 34.5694 1.90735e-07
      vertex -11.5325 34.8419 1.90735e-07
    endloop
  endfacet
  facet normal 0 0 -1
    outer loop
      vertex -11.6735 34.2876 1.90735e-07
      vertex -11.625 34.5694 1.90735e-07
      vertex -11.6179 34.5675 1.90735e-07
    endloop
  endfacet
  facet normal 0 0 -1
    outer loop
      vertex -11.6812 34.2872 1.90735e-07
      vertex -11.6735 34.2876 1.90735e-07
      vertex -11.6738 34.2862 1.90735e-07
    endloop
  endfacet
  facet normal -0 0 -1
    outer loop
      vertex -11.6735 34.2876 1.90735e-07
      vertex -11.6812 34.2872 1.90735e-07
      vertex -11.625 34.5694 1.90735e-07
    endloop
  endfacet
  facet normal 0 0 -1
    outer loop
      vertex -11.6925 34.0014 1.90735e-07
      vertex -11.6812 34.2872 1.90735e-07
      vertex -11.6738 34.2862 1.90735e-07
    endloop
  endfacet
  facet normal 0 0 -1
    outer loop
      vertex -11.7 34 1.90735e-07
      vertex -11.6925 34.0014 1.90735e-07
      vertex -11.6926 34 1.90735e-07
    endloop
  endfacet
  facet normal -0 0 -1
    outer loop
      vertex -11.6925 34.0014 1.90735e-07
      vertex -11.7 34 1.90735e-07
      vertex -11.6812 34.2872 1.90735e-07
    endloop
  endfacet
  facet normal -0.0653289 0.997864 0
    outer loop
      vertex -9.21284 31.8188 0
      vertex -9.5 31.8 1.90735e-07
      vertex -9.21284 31.8188 1.90735e-07
    endloop
  endfacet
  facet normal -0.0653289 0.997864 0
    outer loop
      vertex -9.5 31.8 1.90735e-07
      vertex -9.21284 31.8188 0
      vertex -9.5 31.8 0
    endloop
  endfacet
  facet normal -0.831494 0.555534 4.31412e-11
    outer loop
      vertex -7.75462 32.6607 0
      vertex -7.59474 32.9 1.90735e-07
      vertex -7.59474 32.9 0
    endloop
  endfacet
  facet normal -0.831494 0.555534 4.31412e-11
    outer loop
      vertex -7.59474 32.9 1.90735e-07
      vertex -7.75462 32.6607 0
      vertex -7.75462 32.6607 1.90735e-07
    endloop
  endfacet
  facet normal 0.896984 -0.442063 -4.6279e-11
    outer loop
      vertex -11.5325 34.8419 1.90735e-07
      vertex -11.4053 35.1 0
      vertex -11.4053 35.1 1.90735e-07
    endloop
  endfacet
  facet normal 0.896984 -0.442063 -4.6279e-11
    outer loop
      vertex -11.4053 35.1 0
      vertex -11.5325 34.8419 1.90735e-07
      vertex -11.5325 34.8419 0
    endloop
  endfacet
  facet normal -0.831494 -0.555534 -4.31412e-11
    outer loop
      vertex -7.59474 35.1 0
      vertex -7.75462 35.3393 1.90735e-07
      vertex -7.75462 35.3393 0
    endloop
  endfacet
  facet normal -0.831494 -0.555534 -4.31412e-11
    outer loop
      vertex -7.75462 35.3393 1.90735e-07
      vertex -7.59474 35.1 0
      vertex -7.59474 35.1 1.90735e-07
    endloop
  endfacet
  facet normal 0.0653289 -0.997864 0
    outer loop
      vertex -9.78716 36.1812 0
      vertex -9.5 36.2 1.90735e-07
      vertex -9.78716 36.1812 1.90735e-07
    endloop
  endfacet
  facet normal 0.0653289 -0.997864 0
    outer loop
      vertex -9.5 36.2 1.90735e-07
      vertex -9.78716 36.1812 0
      vertex -9.5 36.2 0
    endloop
  endfacet
  facet normal 0.980741 0.195314 -3.02165e-11
    outer loop
      vertex -11.625 33.4306 1.90735e-07
      vertex -11.6812 33.7128 0
      vertex -11.6812 33.7128 1.90735e-07
    endloop
  endfacet
  facet normal 0.980741 0.195314 -3.02165e-11
    outer loop
      vertex -11.6812 33.7128 0
      vertex -11.625 33.4306 1.90735e-07
      vertex -11.625 33.4306 0
    endloop
  endfacet
  facet normal 0.555582 -0.831462 0
    outer loop
      vertex -10.8393 35.7454 0
      vertex -10.6 35.9053 1.90735e-07
      vertex -10.8393 35.7454 1.90735e-07
    endloop
  endfacet
  facet normal 0.555582 -0.831462 0
    outer loop
      vertex -10.6 35.9053 1.90735e-07
      vertex -10.8393 35.7454 0
      vertex -10.6 35.9053 0
    endloop
  endfacet
  facet normal 0.980741 -0.195314 3.02165e-11
    outer loop
      vertex -11.6812 34.2872 1.90735e-07
      vertex -11.625 34.5694 0
      vertex -11.625 34.5694 1.90735e-07
    endloop
  endfacet
  facet normal 0.980741 -0.195314 3.02165e-11
    outer loop
      vertex -11.625 34.5694 0
      vertex -11.6812 34.2872 1.90735e-07
      vertex -11.6812 34.2872 0
    endloop
  endfacet
  facet normal 0.75165 -0.659562 -6.17138e-11
    outer loop
      vertex -11.2454 35.3393 1.90735e-07
      vertex -11.0556 35.5556 0
      vertex -11.0556 35.5556 1.90735e-07
    endloop
  endfacet
  facet normal 0.75165 -0.659562 -6.17138e-11
    outer loop
      vertex -11.0556 35.5556 0
      vertex -11.2454 35.3393 1.90735e-07
      vertex -11.2454 35.3393 0
    endloop
  endfacet
  facet normal -0.55563 -0.83143 0
    outer loop
      vertex -8.4 35.9053 0
      vertex -8.16073 35.7454 1.90735e-07
      vertex -8.4 35.9053 1.90735e-07
    endloop
  endfacet
  facet normal -0.55563 -0.83143 -0
    outer loop
      vertex -8.16073 35.7454 1.90735e-07
      vertex -8.4 35.9053 0
      vertex -8.16073 35.7454 0
    endloop
  endfacet
  facet normal 0.831462 0.555582 1.18464e-11
    outer loop
      vertex -11.2454 32.6607 1.90735e-07
      vertex -11.4053 32.9 0
      vertex -11.4053 32.9 1.90735e-07
    endloop
  endfacet
  facet normal 0.831462 0.555582 1.18464e-11
    outer loop
      vertex -11.4053 32.9 0
      vertex -11.2454 32.6607 1.90735e-07
      vertex -11.2454 32.6607 0
    endloop
  endfacet
  facet normal -0.980784 0.195098 7.7334e-19
    outer loop
      vertex -8.2443 67.7635 1.2
      vertex -8.21112 67.9303 4.2
      vertex -8.21112 67.9303 1.2
    endloop
  endfacet
  facet normal -0.980784 0.195098 7.7334e-19
    outer loop
      vertex -8.21112 67.9303 4.2
      vertex -8.2443 67.7635 1.2
      vertex -8.2443 67.7635 4.2
    endloop
  endfacet
  facet normal -0.99786 0.0653872 -1.08802e-19
    outer loop
      vertex -8.21112 67.9303 1.2
      vertex -8.2 68.1 4.2
      vertex -8.2 68.1 1.2
    endloop
  endfacet
  facet normal -0.99786 0.0653872 -1.08802e-19
    outer loop
      vertex -8.2 68.1 4.2
      vertex -8.21112 67.9303 1.2
      vertex -8.21112 67.9303 4.2
    endloop
  endfacet
  facet normal -0.946916 0.321481 4.20533e-19
    outer loop
      vertex -8.29896 67.6025 1.2
      vertex -8.2443 67.7635 4.2
      vertex -8.2443 67.7635 1.2
    endloop
  endfacet
  facet normal -0.946916 0.321481 4.20533e-19
    outer loop
      vertex -8.2443 67.7635 4.2
      vertex -8.29896 67.6025 1.2
      vertex -8.29896 67.6025 4.2
    endloop
  endfacet
  facet normal 0.195234 -0.980757 0
    outer loop
      vertex -9.83646 69.3557 1.2
      vertex -9.66968 69.3889 4.2
      vertex -9.83646 69.3557 4.2
    endloop
  endfacet
  facet normal 0.195234 -0.980757 0
    outer loop
      vertex -9.66968 69.3889 4.2
      vertex -9.83646 69.3557 1.2
      vertex -9.66968 69.3889 1.2
    endloop
  endfacet
  facet normal -0.442243 0.896895 0
    outer loop
      vertex -8.85 66.9742 1.2
      vertex -9.00251 66.899 4.2
      vertex -8.85 66.9742 4.2
    endloop
  endfacet
  facet normal -0.442243 0.896895 0
    outer loop
      vertex -9.00251 66.899 4.2
      vertex -8.85 66.9742 1.2
      vertex -9.00251 66.899 1.2
    endloop
  endfacet
  facet normal -0.89686 0.442314 -1.39809e-18
    outer loop
      vertex -8.37417 67.45 1.2
      vertex -8.29896 67.6025 4.2
      vertex -8.29896 67.6025 1.2
    endloop
  endfacet
  facet normal -0.89686 0.442314 -1.39809e-18
    outer loop
      vertex -8.29896 67.6025 4.2
      vertex -8.37417 67.45 1.2
      vertex -8.37417 67.45 4.2
    endloop
  endfacet
  facet normal -0.831498 0.555528 -1.15198e-18
    outer loop
      vertex -8.46864 67.3086 1.2
      vertex -8.37417 67.45 4.2
      vertex -8.37417 67.45 1.2
    endloop
  endfacet
  facet normal -0.831498 0.555528 -1.15198e-18
    outer loop
      vertex -8.37417 67.45 4.2
      vertex -8.46864 67.3086 1.2
      vertex -8.46864 67.3086 4.2
    endloop
  endfacet
  facet normal -0.751716 -0.659487 -1.18753e-18
    outer loop
      vertex -8.46864 68.8914 1.2
      vertex -8.58076 69.0192 4.2
      vertex -8.58076 69.0192 1.2
    endloop
  endfacet
  facet normal -0.751716 -0.659487 -1.18753e-18
    outer loop
      vertex -8.58076 69.0192 4.2
      vertex -8.46864 68.8914 1.2
      vertex -8.46864 68.8914 4.2
    endloop
  endfacet
  facet normal 0.442243 0.896895 -0
    outer loop
      vertex -9.99749 66.899 1.2
      vertex -10.15 66.9742 4.2
      vertex -9.99749 66.899 4.2
    endloop
  endfacet
  facet normal 0.442243 0.896895 0
    outer loop
      vertex -10.15 66.9742 4.2
      vertex -9.99749 66.899 1.2
      vertex -10.15 66.9742 1.2
    endloop
  endfacet
  facet normal 0.997868 -0.0652701 -2.05403e-20
    outer loop
      vertex -10.8 68.1 4.2
      vertex -10.7889 68.2697 1.2
      vertex -10.7889 68.2697 4.2
    endloop
  endfacet
  facet normal 0.997868 -0.0652701 -2.05403e-20
    outer loop
      vertex -10.7889 68.2697 1.2
      vertex -10.8 68.1 4.2
      vertex -10.8 68.1 1.2
    endloop
  endfacet
  facet normal -0.89686 -0.442314 1.39809e-18
    outer loop
      vertex -8.29896 68.5975 1.2
      vertex -8.37417 68.75 4.2
      vertex -8.37417 68.75 1.2
    endloop
  endfacet
  facet normal -0.89686 -0.442314 1.39809e-18
    outer loop
      vertex -8.37417 68.75 4.2
      vertex -8.29896 68.5975 1.2
      vertex -8.29896 68.5975 4.2
    endloop
  endfacet
  facet normal 0.659753 0.751483 -0
    outer loop
      vertex -10.2914 67.0686 1.2
      vertex -10.4192 67.1808 4.2
      vertex -10.2914 67.0686 4.2
    endloop
  endfacet
  facet normal 0.659753 0.751483 0
    outer loop
      vertex -10.4192 67.1808 4.2
      vertex -10.2914 67.0686 1.2
      vertex -10.4192 67.1808 1.2
    endloop
  endfacet
  facet normal -0.751716 0.659487 1.18753e-18
    outer loop
      vertex -8.58076 67.1808 1.2
      vertex -8.46864 67.3086 4.2
      vertex -8.46864 67.3086 1.2
    endloop
  endfacet
  facet normal -0.751716 0.659487 1.18753e-18
    outer loop
      vertex -8.46864 67.3086 4.2
      vertex -8.58076 67.1808 1.2
      vertex -8.58076 67.1808 4.2
    endloop
  endfacet
  facet normal -0.980784 -0.195098 2.82582e-19
    outer loop
      vertex -8.21112 68.2697 1.2
      vertex -8.2443 68.4365 4.2
      vertex -8.2443 68.4365 1.2
    endloop
  endfacet
  facet normal -0.980784 -0.195098 2.82582e-19
    outer loop
      vertex -8.2443 68.4365 4.2
      vertex -8.21112 68.2697 1.2
      vertex -8.21112 68.2697 4.2
    endloop
  endfacet
  facet normal -0.946916 -0.321481 3.45623e-19
    outer loop
      vertex -8.2443 68.4365 1.2
      vertex -8.29896 68.5975 4.2
      vertex -8.29896 68.5975 1.2
    endloop
  endfacet
  facet normal -0.946916 -0.321481 3.45623e-19
    outer loop
      vertex -8.29896 68.5975 4.2
      vertex -8.2443 68.4365 1.2
      vertex -8.2443 68.4365 4.2
    endloop
  endfacet
  facet normal 0.980761 -0.195211 -7.60599e-19
    outer loop
      vertex -10.7889 68.2697 4.2
      vertex -10.7557 68.4365 1.2
      vertex -10.7557 68.4365 4.2
    endloop
  endfacet
  facet normal 0.980761 -0.195211 -7.60599e-19
    outer loop
      vertex -10.7557 68.4365 1.2
      vertex -10.7889 68.2697 4.2
      vertex -10.7889 68.2697 1.2
    endloop
  endfacet
  facet normal 0.751483 -0.659753 -4.72586e-19
    outer loop
      vertex -10.5314 68.8914 4.2
      vertex -10.4192 69.0192 1.2
      vertex -10.4192 69.0192 4.2
    endloop
  endfacet
  facet normal 0.751483 -0.659753 -4.72586e-19
    outer loop
      vertex -10.4192 69.0192 1.2
      vertex -10.5314 68.8914 4.2
      vertex -10.5314 68.8914 1.2
    endloop
  endfacet
  facet normal -0.55527 0.83167 0
    outer loop
      vertex -8.70861 67.0686 1.2
      vertex -8.85 66.9742 4.2
      vertex -8.70861 67.0686 4.2
    endloop
  endfacet
  facet normal -0.55527 0.83167 0
    outer loop
      vertex -8.85 66.9742 4.2
      vertex -8.70861 67.0686 1.2
      vertex -8.85 66.9742 1.2
    endloop
  endfacet
  facet normal -0.831498 -0.555528 1.15198e-18
    outer loop
      vertex -8.37417 68.75 1.2
      vertex -8.46864 68.8914 4.2
      vertex -8.46864 68.8914 1.2
    endloop
  endfacet
  facet normal -0.831498 -0.555528 1.15198e-18
    outer loop
      vertex -8.46864 68.8914 4.2
      vertex -8.37417 68.75 1.2
      vertex -8.37417 68.75 4.2
    endloop
  endfacet
  facet normal -0.321638 -0.946863 0
    outer loop
      vertex -9.16354 69.3557 1.2
      vertex -9.00251 69.301 4.2
      vertex -9.16354 69.3557 4.2
    endloop
  endfacet
  facet normal -0.321638 -0.946863 -0
    outer loop
      vertex -9.00251 69.301 4.2
      vertex -9.16354 69.3557 1.2
      vertex -9.00251 69.301 1.2
    endloop
  endfacet
  facet normal -0.195234 -0.980757 0
    outer loop
      vertex -9.33032 69.3889 1.2
      vertex -9.16354 69.3557 4.2
      vertex -9.33032 69.3889 4.2
    endloop
  endfacet
  facet normal -0.195234 -0.980757 -0
    outer loop
      vertex -9.16354 69.3557 4.2
      vertex -9.33032 69.3889 1.2
      vertex -9.16354 69.3557 1.2
    endloop
  endfacet
  facet normal 0.0652777 -0.997867 0
    outer loop
      vertex -9.66968 69.3889 1.2
      vertex -9.5 69.4 4.2
      vertex -9.66968 69.3889 4.2
    endloop
  endfacet
  facet normal 0.0652777 -0.997867 0
    outer loop
      vertex -9.5 69.4 4.2
      vertex -9.66968 69.3889 1.2
      vertex -9.5 69.4 1.2
    endloop
  endfacet
  facet normal 0.659753 -0.751483 0
    outer loop
      vertex -10.4192 69.0192 1.2
      vertex -10.2914 69.1314 4.2
      vertex -10.4192 69.0192 4.2
    endloop
  endfacet
  facet normal 0.659753 -0.751483 0
    outer loop
      vertex -10.2914 69.1314 4.2
      vertex -10.4192 69.0192 1.2
      vertex -10.2914 69.1314 1.2
    endloop
  endfacet
  facet normal -0.659607 0.751611 0
    outer loop
      vertex -8.58076 67.1808 1.2
      vertex -8.70861 67.0686 4.2
      vertex -8.58076 67.1808 4.2
    endloop
  endfacet
  facet normal -0.659607 0.751611 0
    outer loop
      vertex -8.70861 67.0686 4.2
      vertex -8.58076 67.1808 1.2
      vertex -8.70861 67.0686 1.2
    endloop
  endfacet
  facet normal 0.980761 0.195211 8.47638e-19
    outer loop
      vertex -10.7557 67.7635 4.2
      vertex -10.7889 67.9303 1.2
      vertex -10.7889 67.9303 4.2
    endloop
  endfacet
  facet normal 0.980761 0.195211 8.47638e-19
    outer loop
      vertex -10.7889 67.9303 1.2
      vertex -10.7557 67.7635 4.2
      vertex -10.7557 67.7635 1.2
    endloop
  endfacet
  facet normal 0.321638 0.946863 -0
    outer loop
      vertex -9.83646 66.8443 1.2
      vertex -9.99749 66.899 4.2
      vertex -9.83646 66.8443 4.2
    endloop
  endfacet
  facet normal 0.321638 0.946863 0
    outer loop
      vertex -9.99749 66.899 4.2
      vertex -9.83646 66.8443 1.2
      vertex -9.99749 66.899 1.2
    endloop
  endfacet
  facet normal -0.659607 -0.751611 0
    outer loop
      vertex -8.70861 69.1314 1.2
      vertex -8.58076 69.0192 4.2
      vertex -8.70861 69.1314 4.2
    endloop
  endfacet
  facet normal -0.659607 -0.751611 -0
    outer loop
      vertex -8.58076 69.0192 4.2
      vertex -8.70861 69.1314 1.2
      vertex -8.58076 69.0192 1.2
    endloop
  endfacet
  facet normal 0.946844 -0.321692 1.01282e-18
    outer loop
      vertex -10.7557 68.4365 4.2
      vertex -10.701 68.5975 1.2
      vertex -10.701 68.5975 4.2
    endloop
  endfacet
  facet normal 0.946844 -0.321692 1.01282e-18
    outer loop
      vertex -10.701 68.5975 1.2
      vertex -10.7557 68.4365 4.2
      vertex -10.7557 68.4365 1.2
    endloop
  endfacet
  facet normal -0.0652777 -0.997867 0
    outer loop
      vertex -9.5 69.4 1.2
      vertex -9.33032 69.3889 4.2
      vertex -9.5 69.4 4.2
    endloop
  endfacet
  facet normal -0.0652777 -0.997867 -0
    outer loop
      vertex -9.33032 69.3889 4.2
      vertex -9.5 69.4 1.2
      vertex -9.33032 69.3889 1.2
    endloop
  endfacet
  facet normal 0.751483 0.659753 4.72586e-19
    outer loop
      vertex -10.4192 67.1808 4.2
      vertex -10.5314 67.3086 1.2
      vertex -10.5314 67.3086 4.2
    endloop
  endfacet
  facet normal 0.751483 0.659753 4.72586e-19
    outer loop
      vertex -10.5314 67.3086 1.2
      vertex -10.4192 67.1808 4.2
      vertex -10.4192 67.1808 1.2
    endloop
  endfacet
  facet normal 0.831688 0.555243 1.29508e-18
    outer loop
      vertex -10.5314 67.3086 4.2
      vertex -10.6258 67.45 1.2
      vertex -10.6258 67.45 4.2
    endloop
  endfacet
  facet normal 0.831688 0.555243 1.29508e-18
    outer loop
      vertex -10.6258 67.45 1.2
      vertex -10.5314 67.3086 4.2
      vertex -10.5314 67.3086 1.2
    endloop
  endfacet
  facet normal 0.946844 0.321692 -6.6459e-19
    outer loop
      vertex -10.701 67.6025 4.2
      vertex -10.7557 67.7635 1.2
      vertex -10.7557 67.7635 4.2
    endloop
  endfacet
  facet normal 0.946844 0.321692 -6.6459e-19
    outer loop
      vertex -10.7557 67.7635 1.2
      vertex -10.701 67.6025 4.2
      vertex -10.701 67.6025 1.2
    endloop
  endfacet
  facet normal -0.321638 0.946863 0
    outer loop
      vertex -9.00251 66.899 1.2
      vertex -9.16354 66.8443 4.2
      vertex -9.00251 66.899 4.2
    endloop
  endfacet
  facet normal -0.321638 0.946863 0
    outer loop
      vertex -9.16354 66.8443 4.2
      vertex -9.00251 66.899 1.2
      vertex -9.16354 66.8443 1.2
    endloop
  endfacet
  facet normal 0.997868 0.0652701 2.1163e-19
    outer loop
      vertex -10.7889 67.9303 4.2
      vertex -10.8 68.1 1.2
      vertex -10.8 68.1 4.2
    endloop
  endfacet
  facet normal 0.997868 0.0652701 2.1163e-19
    outer loop
      vertex -10.8 68.1 1.2
      vertex -10.7889 67.9303 4.2
      vertex -10.7889 67.9303 1.2
    endloop
  endfacet
  facet normal 0.896884 -0.442267 4.39432e-19
    outer loop
      vertex -10.701 68.5975 4.2
      vertex -10.6258 68.75 1.2
      vertex -10.6258 68.75 4.2
    endloop
  endfacet
  facet normal 0.896884 -0.442267 4.39432e-19
    outer loop
      vertex -10.6258 68.75 1.2
      vertex -10.701 68.5975 4.2
      vertex -10.701 68.5975 1.2
    endloop
  endfacet
  facet normal 0.831688 -0.555243 -1.29508e-18
    outer loop
      vertex -10.6258 68.75 4.2
      vertex -10.5314 68.8914 1.2
      vertex -10.5314 68.8914 4.2
    endloop
  endfacet
  facet normal 0.831688 -0.555243 -1.29508e-18
    outer loop
      vertex -10.5314 68.8914 1.2
      vertex -10.6258 68.75 4.2
      vertex -10.6258 68.75 1.2
    endloop
  endfacet
  facet normal -0.99786 -0.0653872 2.1067e-19
    outer loop
      vertex -8.2 68.1 1.2
      vertex -8.21112 68.2697 4.2
      vertex -8.21112 68.2697 1.2
    endloop
  endfacet
  facet normal -0.99786 -0.0653872 2.1067e-19
    outer loop
      vertex -8.21112 68.2697 4.2
      vertex -8.2 68.1 1.2
      vertex -8.2 68.1 4.2
    endloop
  endfacet
  facet normal 0.0652777 0.997867 -0
    outer loop
      vertex -9.5 66.8 1.2
      vertex -9.66968 66.8111 4.2
      vertex -9.5 66.8 4.2
    endloop
  endfacet
  facet normal 0.0652777 0.997867 0
    outer loop
      vertex -9.66968 66.8111 4.2
      vertex -9.5 66.8 1.2
      vertex -9.66968 66.8111 1.2
    endloop
  endfacet
  facet normal -0.55527 -0.83167 0
    outer loop
      vertex -8.85 69.2258 1.2
      vertex -8.70861 69.1314 4.2
      vertex -8.85 69.2258 4.2
    endloop
  endfacet
  facet normal -0.55527 -0.83167 -0
    outer loop
      vertex -8.70861 69.1314 4.2
      vertex -8.85 69.2258 1.2
      vertex -8.70861 69.1314 1.2
    endloop
  endfacet
  facet normal 0.195234 0.980757 -0
    outer loop
      vertex -9.66968 66.8111 1.2
      vertex -9.83646 66.8443 4.2
      vertex -9.66968 66.8111 4.2
    endloop
  endfacet
  facet normal 0.195234 0.980757 0
    outer loop
      vertex -9.83646 66.8443 4.2
      vertex -9.66968 66.8111 1.2
      vertex -9.83646 66.8443 1.2
    endloop
  endfacet
  facet normal 0.896884 0.442267 -4.39432e-19
    outer loop
      vertex -10.6258 67.45 4.2
      vertex -10.701 67.6025 1.2
      vertex -10.701 67.6025 4.2
    endloop
  endfacet
  facet normal 0.896884 0.442267 -4.39432e-19
    outer loop
      vertex -10.701 67.6025 1.2
      vertex -10.6258 67.45 4.2
      vertex -10.6258 67.45 1.2
    endloop
  endfacet
  facet normal 0.555243 0.831688 -0
    outer loop
      vertex -10.15 66.9742 1.2
      vertex -10.2914 67.0686 4.2
      vertex -10.15 66.9742 4.2
    endloop
  endfacet
  facet normal 0.555243 0.831688 0
    outer loop
      vertex -10.2914 67.0686 4.2
      vertex -10.15 66.9742 1.2
      vertex -10.2914 67.0686 1.2
    endloop
  endfacet
  facet normal 0.321638 -0.946863 0
    outer loop
      vertex -9.99749 69.301 1.2
      vertex -9.83646 69.3557 4.2
      vertex -9.99749 69.301 4.2
    endloop
  endfacet
  facet normal 0.321638 -0.946863 0
    outer loop
      vertex -9.83646 69.3557 4.2
      vertex -9.99749 69.301 1.2
      vertex -9.83646 69.3557 1.2
    endloop
  endfacet
  facet normal -0.0652777 0.997867 0
    outer loop
      vertex -9.33032 66.8111 1.2
      vertex -9.5 66.8 4.2
      vertex -9.33032 66.8111 4.2
    endloop
  endfacet
  facet normal -0.0652777 0.997867 0
    outer loop
      vertex -9.5 66.8 4.2
      vertex -9.33032 66.8111 1.2
      vertex -9.5 66.8 1.2
    endloop
  endfacet
  facet normal -0.195234 0.980757 0
    outer loop
      vertex -9.16354 66.8443 1.2
      vertex -9.33032 66.8111 4.2
      vertex -9.16354 66.8443 4.2
    endloop
  endfacet
  facet normal -0.195234 0.980757 0
    outer loop
      vertex -9.33032 66.8111 4.2
      vertex -9.16354 66.8443 1.2
      vertex -9.33032 66.8111 1.2
    endloop
  endfacet
  facet normal -0.442243 -0.896895 0
    outer loop
      vertex -9.00251 69.301 1.2
      vertex -8.85 69.2258 4.2
      vertex -9.00251 69.301 4.2
    endloop
  endfacet
  facet normal -0.442243 -0.896895 -0
    outer loop
      vertex -8.85 69.2258 4.2
      vertex -9.00251 69.301 1.2
      vertex -8.85 69.2258 1.2
    endloop
  endfacet
  facet normal 0.442243 -0.896895 0
    outer loop
      vertex -10.15 69.2258 1.2
      vertex -9.99749 69.301 4.2
      vertex -10.15 69.2258 4.2
    endloop
  endfacet
  facet normal 0.442243 -0.896895 0
    outer loop
      vertex -9.99749 69.301 4.2
      vertex -10.15 69.2258 1.2
      vertex -9.99749 69.301 1.2
    endloop
  endfacet
  facet normal 0.555243 -0.831688 0
    outer loop
      vertex -10.2914 69.1314 1.2
      vertex -10.15 69.2258 4.2
      vertex -10.2914 69.1314 4.2
    endloop
  endfacet
  facet normal 0.555243 -0.831688 0
    outer loop
      vertex -10.15 69.2258 4.2
      vertex -10.2914 69.1314 1.2
      vertex -10.15 69.2258 1.2
    endloop
  endfacet
  facet normal -0.801316 0.0515132 -0.596019
    outer loop
      vertex -7.30753 68.0986 1.90735e-07
      vertex -8.2 68.1 1.2
      vertex -7.30744 68.1 1.90735e-07
    endloop
  endfacet
  facet normal -0.801274 0.0525054 -0.595989
    outer loop
      vertex -8.2 68.1 1.2
      vertex -7.30753 68.0986 1.90735e-07
      vertex -8.21112 67.9303 1.2
    endloop
  endfacet
  facet normal -0.258012 0.760389 -0.596019
    outer loop
      vertex -8.66094 66.0743 1.90735e-07
      vertex -8.93119 65.9826 1.90735e-07
      vertex -9.00251 66.899 1.2
    endloop
  endfacet
  facet normal -0.72273 -0.350246 -0.595809
    outer loop
      vertex -7.60056 69.195 1.90735e-07
      vertex -8.37417 68.75 1.2
      vertex -7.60119 69.1963 1.90735e-07
    endloop
  endfacet
  facet normal -0.720173 -0.355175 -0.595988
    outer loop
      vertex -8.37417 68.75 1.2
      vertex -7.60056 69.195 1.90735e-07
      vertex -8.29896 68.5975 1.2
    endloop
  endfacet
  facet normal 0.787594 0.15645 -0.596003
    outer loop
      vertex -10.7557 67.7635 1.2
      vertex -11.6179 67.5325 1.90735e-07
      vertex -11.6735 67.8124 1.90735e-07
    endloop
  endfacet
  facet normal 0.35512 0.720205 -0.595982
    outer loop
      vertex -10.595 66.2006 1.90735e-07
      vertex -10.15 66.9742 1.2
      vertex -9.99749 66.899 1.2
    endloop
  endfacet
  facet normal 0.336739 0.7296 -0.595223
    outer loop
      vertex -10.15 66.9742 1.2
      vertex -10.595 66.2006 1.90735e-07
      vertex -10.5963 66.2012 1.90735e-07
    endloop
  endfacet
  facet normal -0.355315 0.720082 -0.596014
    outer loop
      vertex -8.40498 66.2006 1.90735e-07
      vertex -8.66094 66.0743 1.90735e-07
      vertex -9.00251 66.899 1.2
    endloop
  endfacet
  facet normal 0.760402 -0.257968 -0.596021
    outer loop
      vertex -11.5257 68.9391 1.90735e-07
      vertex -10.701 68.5975 1.2
      vertex -11.6174 68.6688 1.90735e-07
    endloop
  endfacet
  facet normal -0.667684 -0.446107 -0.595975
    outer loop
      vertex -7.76052 69.4347 1.90735e-07
      vertex -7.60197 69.1974 1.90735e-07
      vertex -8.46864 68.8914 1.2
    endloop
  endfacet
  facet normal 0.258268 0.76031 -0.596008
    outer loop
      vertex -10.0675 65.9821 1.90735e-07
      vertex -9.99749 66.899 1.2
      vertex -9.83646 66.8443 1.2
    endloop
  endfacet
  facet normal 0.289377 0.75238 -0.591764
    outer loop
      vertex -9.99749 66.899 1.2
      vertex -10.0675 65.9821 1.90735e-07
      vertex -10.0688 65.9826 1.90735e-07
    endloop
  endfacet
  facet normal 0.235565 -0.765588 -0.598652
    outer loop
      vertex -10.0675 70.2178 1.90735e-07
      vertex -9.99749 69.301 1.2
      vertex -10.0688 70.2174 1.90735e-07
    endloop
  endfacet
  facet normal 0.258278 -0.760339 -0.595967
    outer loop
      vertex -9.99749 69.301 1.2
      vertex -10.0675 70.2178 1.90735e-07
      vertex -9.83646 69.3557 1.2
    endloop
  endfacet
  facet normal -0.603618 0.529559 -0.595998
    outer loop
      vertex -7.9487 66.5507 1.90735e-07
      vertex -8.58076 67.1808 1.2
      vertex -8.46864 67.3086 1.2
    endloop
  endfacet
  facet normal -0.616343 0.515486 -0.595311
    outer loop
      vertex -8.58076 67.1808 1.2
      vertex -7.9487 66.5507 1.90735e-07
      vertex -7.94962 66.5496 1.90735e-07
    endloop
  endfacet
  facet normal 0.529462 0.603733 -0.595967
    outer loop
      vertex -10.2914 67.0686 1.2
      vertex -10.8347 66.3605 1.90735e-07
      vertex -11.0493 66.5487 1.90735e-07
    endloop
  endfacet
  facet normal 0.35538 -0.720046 -0.596019
    outer loop
      vertex -10.3391 70.1257 1.90735e-07
      vertex -9.99749 69.301 1.2
      vertex -10.595 69.9994 1.90735e-07
    endloop
  endfacet
  facet normal -0.258012 -0.760389 -0.596019
    outer loop
      vertex -8.93119 70.2174 1.90735e-07
      vertex -8.66094 70.1257 1.90735e-07
      vertex -9.00251 69.301 1.2
    endloop
  endfacet
  facet normal -0.720153 0.355208 -0.595993
    outer loop
      vertex -7.47434 67.2609 1.90735e-07
      vertex -7.60056 67.005 1.90735e-07
      vertex -8.29896 67.6025 1.2
    endloop
  endfacet
  facet normal -0.445872 -0.667815 -0.596004
    outer loop
      vertex -8.40372 69.9988 1.90735e-07
      vertex -8.70861 69.1314 1.2
      vertex -8.85 69.2258 1.2
    endloop
  endfacet
  facet normal -0.453693 -0.663526 -0.594891
    outer loop
      vertex -8.70861 69.1314 1.2
      vertex -8.40372 69.9988 1.90735e-07
      vertex -8.40255 69.998 1.90735e-07
    endloop
  endfacet
  facet normal -0.453693 0.663526 -0.594891
    outer loop
      vertex -8.40372 66.2012 1.90735e-07
      vertex -8.70861 67.0686 1.2
      vertex -8.40255 66.202 1.90735e-07
    endloop
  endfacet
  facet normal -0.445872 0.667815 -0.596004
    outer loop
      vertex -8.70861 67.0686 1.2
      vertex -8.40372 66.2012 1.90735e-07
      vertex -8.85 66.9742 1.2
    endloop
  endfacet
  facet normal 0.257968 0.760401 -0.596023
    outer loop
      vertex -9.99749 66.899 1.2
      vertex -10.0688 65.9826 1.90735e-07
      vertex -10.3391 66.0743 1.90735e-07
    endloop
  endfacet
  facet normal 0.622084 -0.508978 -0.594939
    outer loop
      vertex -10.4192 69.0192 1.2
      vertex -11.0513 69.6493 1.90735e-07
      vertex -11.0504 69.6504 1.90735e-07
    endloop
  endfacet
  facet normal 0.603418 -0.529761 -0.59602
    outer loop
      vertex -11.0513 69.6493 1.90735e-07
      vertex -10.4192 69.0192 1.2
      vertex -10.5314 68.8914 1.2
    endloop
  endfacet
  facet normal 0.0524168 -0.801268 -0.596005
    outer loop
      vertex -9.5014 70.2925 1.90735e-07
      vertex -9.5 69.4 1.2
      vertex -9.66968 69.3889 1.2
    endloop
  endfacet
  facet normal 0.0572182 -0.801054 -0.595851
    outer loop
      vertex -9.5 69.4 1.2
      vertex -9.5014 70.2925 1.90735e-07
      vertex -9.5 70.2926 1.90735e-07
    endloop
  endfacet
  facet normal -0.760388 -0.258076 -0.595992
    outer loop
      vertex -7.47434 68.9391 1.90735e-07
      vertex -7.3826 68.6688 1.90735e-07
      vertex -8.29896 68.5975 1.2
    endloop
  endfacet
  facet normal 0.667755 -0.446014 -0.595965
    outer loop
      vertex -11.2395 69.4347 1.90735e-07
      vertex -10.5314 68.8914 1.2
      vertex -11.398 69.1974 1.90735e-07
    endloop
  endfacet
  facet normal 0.156428 0.787596 -0.596006
    outer loop
      vertex -9.83646 66.8443 1.2
      vertex -9.78756 65.9265 1.90735e-07
      vertex -10.0675 65.9821 1.90735e-07
    endloop
  endfacet
  facet normal 0.760402 0.257968 -0.596021
    outer loop
      vertex -10.701 67.6025 1.2
      vertex -11.5257 67.2609 1.90735e-07
      vertex -11.6174 67.5312 1.90735e-07
    endloop
  endfacet
  facet normal 0.445847 0.667827 -0.59601
    outer loop
      vertex -10.5963 66.2012 1.90735e-07
      vertex -10.2914 67.0686 1.2
      vertex -10.15 66.9742 1.2
    endloop
  endfacet
  facet normal 0.474148 0.651953 -0.591727
    outer loop
      vertex -10.2914 67.0686 1.2
      vertex -10.5963 66.2012 1.90735e-07
      vertex -10.5974 66.202 1.90735e-07
    endloop
  endfacet
  facet normal -0.788051 0.151981 -0.596554
    outer loop
      vertex -8.2443 67.7635 1.2
      vertex -7.3262 67.8138 1.90735e-07
      vertex -7.32647 67.8124 1.90735e-07
    endloop
  endfacet
  facet normal -0.787564 0.156663 -0.595986
    outer loop
      vertex -7.3262 67.8138 1.90735e-07
      vertex -8.2443 67.7635 1.2
      vertex -8.21112 67.9303 1.2
    endloop
  endfacet
  facet normal 0.17208 -0.785832 -0.594018
    outer loop
      vertex -9.78619 70.2738 1.90735e-07
      vertex -9.83646 69.3557 1.2
      vertex -9.78756 70.2735 1.90735e-07
    endloop
  endfacet
  facet normal 0.156774 -0.787551 -0.595975
    outer loop
      vertex -9.83646 69.3557 1.2
      vertex -9.78619 70.2738 1.90735e-07
      vertex -9.66968 69.3889 1.2
    endloop
  endfacet
  facet normal -0.258279 -0.760341 -0.595965
    outer loop
      vertex -8.93252 70.2178 1.90735e-07
      vertex -9.00251 69.301 1.2
      vertex -9.16354 69.3557 1.2
    endloop
  endfacet
  facet normal -0.230581 -0.766681 -0.599193
    outer loop
      vertex -9.00251 69.301 1.2
      vertex -8.93252 70.2178 1.90735e-07
      vertex -8.93119 70.2174 1.90735e-07
    endloop
  endfacet
  facet normal 0.801269 -0.0524106 -0.596005
    outer loop
      vertex -10.8 68.1 1.2
      vertex -11.6925 68.1014 1.90735e-07
      vertex -10.7889 68.2697 1.2
    endloop
  endfacet
  facet normal 0.801054 -0.0572182 -0.595851
    outer loop
      vertex -11.6925 68.1014 1.90735e-07
      vertex -10.8 68.1 1.2
      vertex -11.6926 68.1 1.90735e-07
    endloop
  endfacet
  facet normal -0.529496 0.603688 -0.595982
    outer loop
      vertex -7.95068 66.5487 1.90735e-07
      vertex -8.16525 66.3605 1.90735e-07
      vertex -8.70861 67.0686 1.2
    endloop
  endfacet
  facet normal 0.720047 0.355381 -0.596017
    outer loop
      vertex -10.701 67.6025 1.2
      vertex -11.3994 67.005 1.90735e-07
      vertex -11.5257 67.2609 1.90735e-07
    endloop
  endfacet
  facet normal -0.603757 0.529426 -0.595975
    outer loop
      vertex -7.76052 66.7653 1.90735e-07
      vertex -7.9487 66.5507 1.90735e-07
      vertex -8.46864 67.3086 1.2
    endloop
  endfacet
  facet normal 0.0572182 0.801054 -0.595851
    outer loop
      vertex -9.5014 65.9075 1.90735e-07
      vertex -9.5 66.8 1.2
      vertex -9.5 65.9074 1.90735e-07
    endloop
  endfacet
  facet normal 0.0524168 0.801268 -0.596005
    outer loop
      vertex -9.5 66.8 1.2
      vertex -9.5014 65.9075 1.90735e-07
      vertex -9.66968 66.8111 1.2
    endloop
  endfacet
  facet normal -0.156439 0.787595 -0.596004
    outer loop
      vertex -9.16354 66.8443 1.2
      vertex -8.93252 65.9821 1.90735e-07
      vertex -9.21244 65.9265 1.90735e-07
    endloop
  endfacet
  facet normal 0.0526135 -0.801273 -0.595981
    outer loop
      vertex -9.5014 70.2925 1.90735e-07
      vertex -9.66968 69.3889 1.2
      vertex -9.78619 70.2738 1.90735e-07
    endloop
  endfacet
  facet normal -0.0572182 -0.801054 -0.595851
    outer loop
      vertex -9.4986 70.2925 1.90735e-07
      vertex -9.5 69.4 1.2
      vertex -9.5 70.2926 1.90735e-07
    endloop
  endfacet
  facet normal -0.0524168 -0.801268 -0.596005
    outer loop
      vertex -9.5 69.4 1.2
      vertex -9.4986 70.2925 1.90735e-07
      vertex -9.33032 69.3889 1.2
    endloop
  endfacet
  facet normal -0.787561 -0.156668 -0.595989
    outer loop
      vertex -7.38215 68.6675 1.90735e-07
      vertex -7.32647 68.3876 1.90735e-07
      vertex -8.2443 68.4365 1.2
    endloop
  endfacet
  facet normal 0.529462 -0.603733 -0.595967
    outer loop
      vertex -10.8347 69.8395 1.90735e-07
      vertex -10.2914 69.1314 1.2
      vertex -11.0493 69.6513 1.90735e-07
    endloop
  endfacet
  facet normal -0.529496 -0.603688 -0.595982
    outer loop
      vertex -8.16525 69.8395 1.90735e-07
      vertex -7.95068 69.6513 1.90735e-07
      vertex -8.70861 69.1314 1.2
    endloop
  endfacet
  facet normal -0.760388 0.258076 -0.595992
    outer loop
      vertex -7.3826 67.5312 1.90735e-07
      vertex -7.47434 67.2609 1.90735e-07
      vertex -8.29896 67.6025 1.2
    endloop
  endfacet
  facet normal -0.0526135 -0.801273 -0.595981
    outer loop
      vertex -9.21381 70.2738 1.90735e-07
      vertex -9.33032 69.3889 1.2
      vertex -9.4986 70.2925 1.90735e-07
    endloop
  endfacet
  facet normal -0.283444 0.753962 -0.592622
    outer loop
      vertex -8.93252 65.9821 1.90735e-07
      vertex -9.00251 66.899 1.2
      vertex -8.93119 65.9826 1.90735e-07
    endloop
  endfacet
  facet normal -0.258269 0.760312 -0.596005
    outer loop
      vertex -9.00251 66.899 1.2
      vertex -8.93252 65.9821 1.90735e-07
      vertex -9.16354 66.8443 1.2
    endloop
  endfacet
  facet normal -0.787561 0.156668 -0.595989
    outer loop
      vertex -7.32647 67.8124 1.90735e-07
      vertex -7.38215 67.5325 1.90735e-07
      vertex -8.2443 67.7635 1.2
    endloop
  endfacet
  facet normal -0.720153 -0.355208 -0.595993
    outer loop
      vertex -7.60056 69.195 1.90735e-07
      vertex -7.47434 68.9391 1.90735e-07
      vertex -8.29896 68.5975 1.2
    endloop
  endfacet
  facet normal -0.801275 0.0525274 -0.595986
    outer loop
      vertex -7.30753 68.0986 1.90735e-07
      vertex -7.3262 67.8138 1.90735e-07
      vertex -8.21112 67.9303 1.2
    endloop
  endfacet
  facet normal 0.7296 -0.336739 -0.595223
    outer loop
      vertex -10.6258 68.75 1.2
      vertex -11.3994 69.195 1.90735e-07
      vertex -11.3988 69.1963 1.90735e-07
    endloop
  endfacet
  facet normal 0.720195 -0.355139 -0.595983
    outer loop
      vertex -11.3994 69.195 1.90735e-07
      vertex -10.6258 68.75 1.2
      vertex -10.701 68.5975 1.2
    endloop
  endfacet
  facet normal -0.801275 -0.0525274 -0.595986
    outer loop
      vertex -7.3262 68.3862 1.90735e-07
      vertex -7.30753 68.1014 1.90735e-07
      vertex -8.21112 68.2697 1.2
    endloop
  endfacet
  facet normal -0.446009 0.667747 -0.595979
    outer loop
      vertex -8.16525 66.3605 1.90735e-07
      vertex -8.40255 66.202 1.90735e-07
      vertex -8.70861 67.0686 1.2
    endloop
  endfacet
  facet normal 0.156703 -0.787567 -0.595972
    outer loop
      vertex -9.78756 70.2735 1.90735e-07
      vertex -9.83646 69.3557 1.2
      vertex -10.0675 70.2178 1.90735e-07
    endloop
  endfacet
  facet normal 0.446014 -0.667755 -0.595965
    outer loop
      vertex -10.5974 69.998 1.90735e-07
      vertex -10.2914 69.1314 1.2
      vertex -10.8347 69.8395 1.90735e-07
    endloop
  endfacet
  facet normal -0.616343 -0.515486 -0.595311
    outer loop
      vertex -7.9487 69.6493 1.90735e-07
      vertex -8.58076 69.0192 1.2
      vertex -7.94962 69.6504 1.90735e-07
    endloop
  endfacet
  facet normal -0.603618 -0.529559 -0.595998
    outer loop
      vertex -8.58076 69.0192 1.2
      vertex -7.9487 69.6493 1.90735e-07
      vertex -8.46864 68.8914 1.2
    endloop
  endfacet
  facet normal 0.446014 0.667755 -0.595965
    outer loop
      vertex -10.2914 67.0686 1.2
      vertex -10.5974 66.202 1.90735e-07
      vertex -10.8347 66.3605 1.90735e-07
    endloop
  endfacet
  facet normal -0.656773 -0.465712 -0.593095
    outer loop
      vertex -7.60119 69.1963 1.90735e-07
      vertex -8.46864 68.8914 1.2
      vertex -7.60197 69.1974 1.90735e-07
    endloop
  endfacet
  facet normal -0.667684 -0.446083 -0.595994
    outer loop
      vertex -8.46864 68.8914 1.2
      vertex -7.60119 69.1963 1.90735e-07
      vertex -8.37417 68.75 1.2
    endloop
  endfacet
  facet normal 0.667666 0.446142 -0.595969
    outer loop
      vertex -10.5314 67.3086 1.2
      vertex -11.2395 66.7653 1.90735e-07
      vertex -11.398 67.0025 1.90735e-07
    endloop
  endfacet
  facet normal 0.508978 -0.622084 -0.594939
    outer loop
      vertex -11.0493 69.6513 1.90735e-07
      vertex -10.4192 69.0192 1.2
      vertex -11.0504 69.6504 1.90735e-07
    endloop
  endfacet
  facet normal 0.529761 -0.603418 -0.59602
    outer loop
      vertex -10.4192 69.0192 1.2
      vertex -11.0493 69.6513 1.90735e-07
      vertex -10.2914 69.1314 1.2
    endloop
  endfacet
  facet normal -0.759235 -0.262812 -0.595393
    outer loop
      vertex -7.38215 68.6675 1.90735e-07
      vertex -8.29896 68.5975 1.2
      vertex -7.3826 68.6688 1.90735e-07
    endloop
  endfacet
  facet normal -0.760368 -0.258147 -0.595986
    outer loop
      vertex -8.29896 68.5975 1.2
      vertex -7.38215 68.6675 1.90735e-07
      vertex -8.2443 68.4365 1.2
    endloop
  endfacet
  facet normal -0.446009 -0.667747 -0.595979
    outer loop
      vertex -8.40255 69.998 1.90735e-07
      vertex -8.16525 69.8395 1.90735e-07
      vertex -8.70861 69.1314 1.2
    endloop
  endfacet
  facet normal -0.355119 -0.720202 -0.595986
    outer loop
      vertex -8.40498 69.9994 1.90735e-07
      vertex -8.85 69.2258 1.2
      vertex -9.00251 69.301 1.2
    endloop
  endfacet
  facet normal -0.345353 -0.725242 -0.595614
    outer loop
      vertex -8.85 69.2258 1.2
      vertex -8.40498 69.9994 1.90735e-07
      vertex -8.40372 69.9988 1.90735e-07
    endloop
  endfacet
  facet normal -0.355315 -0.720082 -0.596014
    outer loop
      vertex -8.66094 70.1257 1.90735e-07
      vertex -8.40498 69.9994 1.90735e-07
      vertex -9.00251 69.301 1.2
    endloop
  endfacet
  facet normal 0.257968 -0.760401 -0.596023
    outer loop
      vertex -10.0688 70.2174 1.90735e-07
      vertex -9.99749 69.301 1.2
      vertex -10.3391 70.1257 1.90735e-07
    endloop
  endfacet
  facet normal 0.35538 0.720046 -0.596019
    outer loop
      vertex -9.99749 66.899 1.2
      vertex -10.3391 66.0743 1.90735e-07
      vertex -10.595 66.2006 1.90735e-07
    endloop
  endfacet
  facet normal -0.801316 -0.0515132 -0.596019
    outer loop
      vertex -8.2 68.1 1.2
      vertex -7.30753 68.1014 1.90735e-07
      vertex -7.30744 68.1 1.90735e-07
    endloop
  endfacet
  facet normal -0.801274 -0.0525054 -0.595989
    outer loop
      vertex -7.30753 68.1014 1.90735e-07
      vertex -8.2 68.1 1.2
      vertex -8.21112 68.2697 1.2
    endloop
  endfacet
  facet normal -0.52965 -0.603527 -0.596009
    outer loop
      vertex -7.95068 69.6513 1.90735e-07
      vertex -8.58076 69.0192 1.2
      vertex -8.70861 69.1314 1.2
    endloop
  endfacet
  facet normal -0.519929 -0.61236 -0.595558
    outer loop
      vertex -8.58076 69.0192 1.2
      vertex -7.95068 69.6513 1.90735e-07
      vertex -7.94962 69.6504 1.90735e-07
    endloop
  endfacet
  facet normal 0.529761 0.603418 -0.59602
    outer loop
      vertex -11.0493 66.5487 1.90735e-07
      vertex -10.4192 67.1808 1.2
      vertex -10.2914 67.0686 1.2
    endloop
  endfacet
  facet normal 0.508978 0.622084 -0.594939
    outer loop
      vertex -10.4192 67.1808 1.2
      vertex -11.0493 66.5487 1.90735e-07
      vertex -11.0504 66.5496 1.90735e-07
    endloop
  endfacet
  facet normal 0.7603 0.258313 -0.596001
    outer loop
      vertex -10.701 67.6025 1.2
      vertex -11.6179 67.5325 1.90735e-07
      vertex -10.7557 67.7635 1.2
    endloop
  endfacet
  facet normal 0.752381 0.289377 -0.591763
    outer loop
      vertex -11.6179 67.5325 1.90735e-07
      vertex -10.701 67.6025 1.2
      vertex -11.6174 67.5312 1.90735e-07
    endloop
  endfacet
  facet normal 0.720047 -0.355381 -0.596017
    outer loop
      vertex -11.3994 69.195 1.90735e-07
      vertex -10.701 68.5975 1.2
      vertex -11.5257 68.9391 1.90735e-07
    endloop
  endfacet
  facet normal 0.474148 -0.651953 -0.591727
    outer loop
      vertex -10.5963 69.9988 1.90735e-07
      vertex -10.2914 69.1314 1.2
      vertex -10.5974 69.998 1.90735e-07
    endloop
  endfacet
  facet normal 0.445847 -0.667827 -0.59601
    outer loop
      vertex -10.2914 69.1314 1.2
      vertex -10.5963 69.9988 1.90735e-07
      vertex -10.15 69.2258 1.2
    endloop
  endfacet
  facet normal 0.0526135 0.801273 -0.595981
    outer loop
      vertex -9.66968 66.8111 1.2
      vertex -9.5014 65.9075 1.90735e-07
      vertex -9.78619 65.9262 1.90735e-07
    endloop
  endfacet
  facet normal 0.336739 -0.7296 -0.595223
    outer loop
      vertex -10.595 69.9994 1.90735e-07
      vertex -10.15 69.2258 1.2
      vertex -10.5963 69.9988 1.90735e-07
    endloop
  endfacet
  facet normal 0.35512 -0.720205 -0.595982
    outer loop
      vertex -10.15 69.2258 1.2
      vertex -10.595 69.9994 1.90735e-07
      vertex -9.99749 69.301 1.2
    endloop
  endfacet
  facet normal -0.519929 0.61236 -0.595558
    outer loop
      vertex -7.95068 66.5487 1.90735e-07
      vertex -8.58076 67.1808 1.2
      vertex -7.94962 66.5496 1.90735e-07
    endloop
  endfacet
  facet normal -0.52965 0.603527 -0.596009
    outer loop
      vertex -8.58076 67.1808 1.2
      vertex -7.95068 66.5487 1.90735e-07
      vertex -8.70861 67.0686 1.2
    endloop
  endfacet
  facet normal -0.720173 0.355175 -0.595988
    outer loop
      vertex -7.60056 67.005 1.90735e-07
      vertex -8.37417 67.45 1.2
      vertex -8.29896 67.6025 1.2
    endloop
  endfacet
  facet normal -0.72273 0.350246 -0.595809
    outer loop
      vertex -8.37417 67.45 1.2
      vertex -7.60056 67.005 1.90735e-07
      vertex -7.60119 67.0037 1.90735e-07
    endloop
  endfacet
  facet normal -0.17208 0.785832 -0.594018
    outer loop
      vertex -9.21381 65.9262 1.90735e-07
      vertex -9.16354 66.8443 1.2
      vertex -9.21244 65.9265 1.90735e-07
    endloop
  endfacet
  facet normal -0.156774 0.787551 -0.595975
    outer loop
      vertex -9.16354 66.8443 1.2
      vertex -9.21381 65.9262 1.90735e-07
      vertex -9.33032 66.8111 1.2
    endloop
  endfacet
  facet normal -0.156774 -0.787551 -0.595975
    outer loop
      vertex -9.21381 70.2738 1.90735e-07
      vertex -9.16354 69.3557 1.2
      vertex -9.33032 69.3889 1.2
    endloop
  endfacet
  facet normal -0.17208 -0.785832 -0.594018
    outer loop
      vertex -9.16354 69.3557 1.2
      vertex -9.21381 70.2738 1.90735e-07
      vertex -9.21244 70.2735 1.90735e-07
    endloop
  endfacet
  facet normal -0.156714 -0.787566 -0.595971
    outer loop
      vertex -8.93252 70.2178 1.90735e-07
      vertex -9.16354 69.3557 1.2
      vertex -9.21244 70.2735 1.90735e-07
    endloop
  endfacet
  facet normal -0.667684 0.446083 -0.595994
    outer loop
      vertex -7.60119 67.0037 1.90735e-07
      vertex -8.46864 67.3086 1.2
      vertex -8.37417 67.45 1.2
    endloop
  endfacet
  facet normal -0.672506 0.437129 -0.597205
    outer loop
      vertex -8.46864 67.3086 1.2
      vertex -7.60119 67.0037 1.90735e-07
      vertex -7.60197 67.0025 1.90735e-07
    endloop
  endfacet
  facet normal -0.667594 0.446235 -0.59598
    outer loop
      vertex -7.60197 67.0025 1.90735e-07
      vertex -7.76052 66.7653 1.90735e-07
      vertex -8.46864 67.3086 1.2
    endloop
  endfacet
  facet normal -0.0524168 0.801268 -0.596005
    outer loop
      vertex -9.4986 65.9075 1.90735e-07
      vertex -9.5 66.8 1.2
      vertex -9.33032 66.8111 1.2
    endloop
  endfacet
  facet normal -0.0572182 0.801054 -0.595851
    outer loop
      vertex -9.5 66.8 1.2
      vertex -9.4986 65.9075 1.90735e-07
      vertex -9.5 65.9074 1.90735e-07
    endloop
  endfacet
  facet normal -0.345353 0.725242 -0.595614
    outer loop
      vertex -8.40498 66.2006 1.90735e-07
      vertex -8.85 66.9742 1.2
      vertex -8.40372 66.2012 1.90735e-07
    endloop
  endfacet
  facet normal -0.355119 0.720202 -0.595986
    outer loop
      vertex -8.85 66.9742 1.2
      vertex -8.40498 66.2006 1.90735e-07
      vertex -9.00251 66.899 1.2
    endloop
  endfacet
  facet normal 0.603733 -0.529462 -0.595967
    outer loop
      vertex -11.0513 69.6493 1.90735e-07
      vertex -10.5314 68.8914 1.2
      vertex -11.2395 69.4347 1.90735e-07
    endloop
  endfacet
  facet normal 0.603418 0.529761 -0.59602
    outer loop
      vertex -10.4192 67.1808 1.2
      vertex -11.0513 66.5507 1.90735e-07
      vertex -10.5314 67.3086 1.2
    endloop
  endfacet
  facet normal 0.622084 0.508978 -0.594939
    outer loop
      vertex -11.0513 66.5507 1.90735e-07
      vertex -10.4192 67.1808 1.2
      vertex -11.0504 66.5496 1.90735e-07
    endloop
  endfacet
  facet normal -0.788051 -0.151981 -0.596554
    outer loop
      vertex -7.3262 68.3862 1.90735e-07
      vertex -8.2443 68.4365 1.2
      vertex -7.32647 68.3876 1.90735e-07
    endloop
  endfacet
  facet normal -0.787564 -0.156663 -0.595986
    outer loop
      vertex -8.2443 68.4365 1.2
      vertex -7.3262 68.3862 1.90735e-07
      vertex -8.21112 68.2697 1.2
    endloop
  endfacet
  facet normal -0.603757 -0.529426 -0.595975
    outer loop
      vertex -7.9487 69.6493 1.90735e-07
      vertex -7.76052 69.4347 1.90735e-07
      vertex -8.46864 68.8914 1.2
    endloop
  endfacet
  facet normal -0.760368 0.258147 -0.595986
    outer loop
      vertex -7.38215 67.5325 1.90735e-07
      vertex -8.29896 67.6025 1.2
      vertex -8.2443 67.7635 1.2
    endloop
  endfacet
  facet normal -0.759235 0.262812 -0.595393
    outer loop
      vertex -8.29896 67.6025 1.2
      vertex -7.38215 67.5325 1.90735e-07
      vertex -7.3826 67.5312 1.90735e-07
    endloop
  endfacet
  facet normal -0.0526135 0.801273 -0.595981
    outer loop
      vertex -9.33032 66.8111 1.2
      vertex -9.21381 65.9262 1.90735e-07
      vertex -9.4986 65.9075 1.90735e-07
    endloop
  endfacet
  facet normal 0.667827 0.445847 -0.59601
    outer loop
      vertex -10.5314 67.3086 1.2
      vertex -11.3988 67.0037 1.90735e-07
      vertex -10.6258 67.45 1.2
    endloop
  endfacet
  facet normal 0.668078 0.445385 -0.596074
    outer loop
      vertex -11.3988 67.0037 1.90735e-07
      vertex -10.5314 67.3086 1.2
      vertex -11.398 67.0025 1.90735e-07
    endloop
  endfacet
  facet normal 0.651953 -0.474148 -0.591727
    outer loop
      vertex -10.5314 68.8914 1.2
      vertex -11.3988 69.1963 1.90735e-07
      vertex -11.398 69.1974 1.90735e-07
    endloop
  endfacet
  facet normal 0.667827 -0.445847 -0.59601
    outer loop
      vertex -11.3988 69.1963 1.90735e-07
      vertex -10.5314 68.8914 1.2
      vertex -10.6258 68.75 1.2
    endloop
  endfacet
  facet normal 0.801274 -0.0526117 -0.59598
    outer loop
      vertex -11.6738 68.3862 1.90735e-07
      vertex -10.7889 68.2697 1.2
      vertex -11.6925 68.1014 1.90735e-07
    endloop
  endfacet
  facet normal 0.603733 0.529462 -0.595967
    outer loop
      vertex -10.5314 67.3086 1.2
      vertex -11.0513 66.5507 1.90735e-07
      vertex -11.2395 66.7653 1.90735e-07
    endloop
  endfacet
  facet normal 0.801054 0.0572182 -0.595851
    outer loop
      vertex -10.8 68.1 1.2
      vertex -11.6925 68.0986 1.90735e-07
      vertex -11.6926 68.1 1.90735e-07
    endloop
  endfacet
  facet normal 0.801269 0.0524106 -0.596005
    outer loop
      vertex -11.6925 68.0986 1.90735e-07
      vertex -10.8 68.1 1.2
      vertex -10.7889 67.9303 1.2
    endloop
  endfacet
  facet normal 0.801274 0.0526117 -0.59598
    outer loop
      vertex -10.7889 67.9303 1.2
      vertex -11.6738 67.8138 1.90735e-07
      vertex -11.6925 68.0986 1.90735e-07
    endloop
  endfacet
  facet normal 0.787594 -0.15645 -0.596003
    outer loop
      vertex -11.6179 68.6675 1.90735e-07
      vertex -10.7557 68.4365 1.2
      vertex -11.6735 68.3876 1.90735e-07
    endloop
  endfacet
  facet normal 0.787555 0.156755 -0.595974
    outer loop
      vertex -10.7557 67.7635 1.2
      vertex -11.6738 67.8138 1.90735e-07
      vertex -10.7889 67.9303 1.2
    endloop
  endfacet
  facet normal 0.786255 0.168483 -0.594488
    outer loop
      vertex -11.6738 67.8138 1.90735e-07
      vertex -10.7557 67.7635 1.2
      vertex -11.6735 67.8124 1.90735e-07
    endloop
  endfacet
  facet normal 0.156774 0.787551 -0.595975
    outer loop
      vertex -9.78619 65.9262 1.90735e-07
      vertex -9.83646 66.8443 1.2
      vertex -9.66968 66.8111 1.2
    endloop
  endfacet
  facet normal 0.17208 0.785832 -0.594018
    outer loop
      vertex -9.83646 66.8443 1.2
      vertex -9.78619 65.9262 1.90735e-07
      vertex -9.78756 65.9265 1.90735e-07
    endloop
  endfacet
  facet normal 0.786255 -0.168483 -0.594488
    outer loop
      vertex -10.7557 68.4365 1.2
      vertex -11.6738 68.3862 1.90735e-07
      vertex -11.6735 68.3876 1.90735e-07
    endloop
  endfacet
  facet normal 0.787555 -0.156755 -0.595974
    outer loop
      vertex -11.6738 68.3862 1.90735e-07
      vertex -10.7557 68.4365 1.2
      vertex -10.7889 68.2697 1.2
    endloop
  endfacet
  facet normal 0.752381 -0.289377 -0.591763
    outer loop
      vertex -10.701 68.5975 1.2
      vertex -11.6179 68.6675 1.90735e-07
      vertex -11.6174 68.6688 1.90735e-07
    endloop
  endfacet
  facet normal 0.7603 -0.258313 -0.596001
    outer loop
      vertex -11.6179 68.6675 1.90735e-07
      vertex -10.701 68.5975 1.2
      vertex -10.7557 68.4365 1.2
    endloop
  endfacet
  facet normal 0.720195 0.355139 -0.595983
    outer loop
      vertex -10.6258 67.45 1.2
      vertex -11.3994 67.005 1.90735e-07
      vertex -10.701 67.6025 1.2
    endloop
  endfacet
  facet normal 0.7296 0.336739 -0.595223
    outer loop
      vertex -11.3994 67.005 1.90735e-07
      vertex -10.6258 67.45 1.2
      vertex -11.3988 67.0037 1.90735e-07
    endloop
  endfacet
  facet normal -0.980781 0.195113 -1.77343e-11
    outer loop
      vertex -7.37496 67.5306 0
      vertex -7.31882 67.8128 1.90735e-07
      vertex -7.31882 67.8128 0
    endloop
  endfacet
  facet normal -0.980781 0.195113 -1.77343e-11
    outer loop
      vertex -7.31882 67.8128 1.90735e-07
      vertex -7.37496 67.5306 0
      vertex -7.37496 67.5306 1.90735e-07
    endloop
  endfacet
  facet normal -0.99786 0.065389 -1.31085e-12
    outer loop
      vertex -7.31882 67.8128 0
      vertex -7.3 68.1 1.90735e-07
      vertex -7.3 68.1 0
    endloop
  endfacet
  facet normal -0.99786 0.065389 -1.31085e-12
    outer loop
      vertex -7.3 68.1 1.90735e-07
      vertex -7.31882 67.8128 0
      vertex -7.31882 67.8128 1.90735e-07
    endloop
  endfacet
  facet normal -0.946921 0.321467 -2.80813e-11
    outer loop
      vertex -7.46747 67.2581 0
      vertex -7.37496 67.5306 1.90735e-07
      vertex -7.37496 67.5306 0
    endloop
  endfacet
  facet normal -0.946921 0.321467 -2.80813e-11
    outer loop
      vertex -7.37496 67.5306 1.90735e-07
      vertex -7.46747 67.2581 0
      vertex -7.46747 67.2581 1.90735e-07
    endloop
  endfacet
  facet normal -0.321435 0.946931 0
    outer loop
      vertex -8.6581 66.0675 0
      vertex -8.9306 65.975 1.90735e-07
      vertex -8.6581 66.0675 1.90735e-07
    endloop
  endfacet
  facet normal -0.321435 0.946931 0
    outer loop
      vertex -8.9306 65.975 1.90735e-07
      vertex -8.6581 66.0675 0
      vertex -8.9306 65.975 0
    endloop
  endfacet
  facet normal -0.195287 0.980746 0
    outer loop
      vertex -8.9306 65.975 0
      vertex -9.21284 65.9188 1.90735e-07
      vertex -8.9306 65.975 1.90735e-07
    endloop
  endfacet
  facet normal -0.195287 0.980746 0
    outer loop
      vertex -9.21284 65.9188 1.90735e-07
      vertex -8.9306 65.975 0
      vertex -9.21284 65.9188 0
    endloop
  endfacet
  facet normal -0.896888 0.442258 -4.42563e-11
    outer loop
      vertex -7.59474 67 0
      vertex -7.46747 67.2581 1.90735e-07
      vertex -7.46747 67.2581 0
    endloop
  endfacet
  facet normal -0.896888 0.442258 -4.42563e-11
    outer loop
      vertex -7.46747 67.2581 1.90735e-07
      vertex -7.59474 67 0
      vertex -7.59474 67 1.90735e-07
    endloop
  endfacet
  facet normal -0.195287 -0.980746 0
    outer loop
      vertex -9.21284 70.2812 0
      vertex -8.9306 70.225 1.90735e-07
      vertex -9.21284 70.2812 1.90735e-07
    endloop
  endfacet
  facet normal -0.195287 -0.980746 -0
    outer loop
      vertex -8.9306 70.225 1.90735e-07
      vertex -9.21284 70.2812 0
      vertex -8.9306 70.225 0
    endloop
  endfacet
  facet normal -0.0653289 -0.997864 0
    outer loop
      vertex -9.5 70.3 0
      vertex -9.21284 70.2812 1.90735e-07
      vertex -9.5 70.3 1.90735e-07
    endloop
  endfacet
  facet normal -0.0653289 -0.997864 -0
    outer loop
      vertex -9.21284 70.2812 1.90735e-07
      vertex -9.5 70.3 0
      vertex -9.21284 70.2812 0
    endloop
  endfacet
  facet normal 0.555582 0.831462 -0
    outer loop
      vertex -10.6 66.1947 0
      vertex -10.8393 66.3546 1.90735e-07
      vertex -10.6 66.1947 1.90735e-07
    endloop
  endfacet
  facet normal 0.555582 0.831462 0
    outer loop
      vertex -10.8393 66.3546 1.90735e-07
      vertex -10.6 66.1947 0
      vertex -10.8393 66.3546 0
    endloop
  endfacet
  facet normal -0.659458 0.751741 0
    outer loop
      vertex -7.94437 66.5444 0
      vertex -8.16073 66.3546 1.90735e-07
      vertex -7.94437 66.5444 1.90735e-07
    endloop
  endfacet
  facet normal -0.659458 0.751741 0
    outer loop
      vertex -8.16073 66.3546 1.90735e-07
      vertex -7.94437 66.5444 0
      vertex -8.16073 66.3546 0
    endloop
  endfacet
  facet normal -0.896888 -0.442258 4.42563e-11
    outer loop
      vertex -7.46747 68.9419 0
      vertex -7.59474 69.2 1.90735e-07
      vertex -7.59474 69.2 0
    endloop
  endfacet
  facet normal -0.896888 -0.442258 4.42563e-11
    outer loop
      vertex -7.59474 69.2 1.90735e-07
      vertex -7.46747 68.9419 0
      vertex -7.46747 68.9419 1.90735e-07
    endloop
  endfacet
  facet normal 0.195287 -0.980746 0
    outer loop
      vertex -10.0694 70.225 0
      vertex -9.78716 70.2812 1.90735e-07
      vertex -10.0694 70.225 1.90735e-07
    endloop
  endfacet
  facet normal 0.195287 -0.980746 0
    outer loop
      vertex -9.78716 70.2812 1.90735e-07
      vertex -10.0694 70.225 0
      vertex -9.78716 70.2812 0
    endloop
  endfacet
  facet normal 0.896984 0.442063 4.6279e-11
    outer loop
      vertex -11.4053 67 1.90735e-07
      vertex -11.5325 67.2581 0
      vertex -11.5325 67.2581 1.90735e-07
    endloop
  endfacet
  facet normal 0.896984 0.442063 4.6279e-11
    outer loop
      vertex -11.5325 67.2581 0
      vertex -11.4053 67 1.90735e-07
      vertex -11.4053 67 0
    endloop
  endfacet
  facet normal -0.659458 -0.751741 0
    outer loop
      vertex -8.16073 69.8454 0
      vertex -7.94437 69.6556 1.90735e-07
      vertex -8.16073 69.8454 1.90735e-07
    endloop
  endfacet
  facet normal -0.659458 -0.751741 -0
    outer loop
      vertex -7.94437 69.6556 1.90735e-07
      vertex -8.16073 69.8454 0
      vertex -7.94437 69.6556 0
    endloop
  endfacet
  facet normal -0.751736 -0.659464 -1.13658e-11
    outer loop
      vertex -7.75462 69.4393 0
      vertex -7.94437 69.6556 1.90735e-07
      vertex -7.94437 69.6556 0
    endloop
  endfacet
  facet normal -0.751736 -0.659464 -1.13658e-11
    outer loop
      vertex -7.94437 69.6556 1.90735e-07
      vertex -7.75462 69.4393 0
      vertex -7.75462 69.4393 1.90735e-07
    endloop
  endfacet
  facet normal -0.321435 -0.946931 0
    outer loop
      vertex -8.9306 70.225 0
      vertex -8.6581 70.1325 1.90735e-07
      vertex -8.9306 70.225 1.90735e-07
    endloop
  endfacet
  facet normal -0.321435 -0.946931 -0
    outer loop
      vertex -8.6581 70.1325 1.90735e-07
      vertex -8.9306 70.225 0
      vertex -8.6581 70.1325 0
    endloop
  endfacet
  facet normal 0.997864 -0.0653198 -3.74674e-12
    outer loop
      vertex -11.7 68.1 1.90735e-07
      vertex -11.6812 68.3872 0
      vertex -11.6812 68.3872 1.90735e-07
    endloop
  endfacet
  facet normal 0.997864 -0.0653198 -3.74674e-12
    outer loop
      vertex -11.6812 68.3872 0
      vertex -11.7 68.1 1.90735e-07
      vertex -11.7 68.1 0
    endloop
  endfacet
  facet normal 0.659562 0.75165 -0
    outer loop
      vertex -10.8393 66.3546 0
      vertex -11.0556 66.5444 1.90735e-07
      vertex -10.8393 66.3546 1.90735e-07
    endloop
  endfacet
  facet normal 0.659562 0.75165 0
    outer loop
      vertex -11.0556 66.5444 1.90735e-07
      vertex -10.8393 66.3546 0
      vertex -11.0556 66.5444 0
    endloop
  endfacet
  facet normal 0.321435 0.946931 -0
    outer loop
      vertex -10.0694 65.975 0
      vertex -10.3419 66.0675 1.90735e-07
      vertex -10.0694 65.975 1.90735e-07
    endloop
  endfacet
  facet normal 0.321435 0.946931 0
    outer loop
      vertex -10.3419 66.0675 1.90735e-07
      vertex -10.0694 65.975 0
      vertex -10.3419 66.0675 0
    endloop
  endfacet
  facet normal 0.831462 -0.555582 -1.18464e-11
    outer loop
      vertex -11.4053 69.2 1.90735e-07
      vertex -11.2454 69.4393 0
      vertex -11.2454 69.4393 1.90735e-07
    endloop
  endfacet
  facet normal 0.831462 -0.555582 -1.18464e-11
    outer loop
      vertex -11.2454 69.4393 0
      vertex -11.4053 69.2 1.90735e-07
      vertex -11.4053 69.2 0
    endloop
  endfacet
  facet normal -0.751736 0.659464 1.13658e-11
    outer loop
      vertex -7.94437 66.5444 0
      vertex -7.75462 66.7607 1.90735e-07
      vertex -7.75462 66.7607 0
    endloop
  endfacet
  facet normal -0.751736 0.659464 1.13658e-11
    outer loop
      vertex -7.75462 66.7607 1.90735e-07
      vertex -7.94437 66.5444 0
      vertex -7.94437 66.5444 1.90735e-07
    endloop
  endfacet
  facet normal 0.321435 -0.946931 0
    outer loop
      vertex -10.3419 70.1325 0
      vertex -10.0694 70.225 1.90735e-07
      vertex -10.3419 70.1325 1.90735e-07
    endloop
  endfacet
  facet normal 0.321435 -0.946931 0
    outer loop
      vertex -10.0694 70.225 1.90735e-07
      vertex -10.3419 70.1325 0
      vertex -10.0694 70.225 0
    endloop
  endfacet
  facet normal -0.442063 -0.896984 0
    outer loop
      vertex -8.6581 70.1325 0
      vertex -8.4 70.0053 1.90735e-07
      vertex -8.6581 70.1325 1.90735e-07
    endloop
  endfacet
  facet normal -0.442063 -0.896984 -0
    outer loop
      vertex -8.4 70.0053 1.90735e-07
      vertex -8.6581 70.1325 0
      vertex -8.4 70.0053 0
    endloop
  endfacet
  facet normal 0.442063 0.896984 -0
    outer loop
      vertex -10.3419 66.0675 0
      vertex -10.6 66.1947 1.90735e-07
      vertex -10.3419 66.0675 1.90735e-07
    endloop
  endfacet
  facet normal 0.442063 0.896984 0
    outer loop
      vertex -10.6 66.1947 1.90735e-07
      vertex -10.3419 66.0675 0
      vertex -10.6 66.1947 0
    endloop
  endfacet
  facet normal -0.980781 -0.195113 1.77343e-11
    outer loop
      vertex -7.31882 68.3872 0
      vertex -7.37496 68.6694 1.90735e-07
      vertex -7.37496 68.6694 0
    endloop
  endfacet
  facet normal -0.980781 -0.195113 1.77343e-11
    outer loop
      vertex -7.37496 68.6694 1.90735e-07
      vertex -7.31882 68.3872 0
      vertex -7.31882 68.3872 1.90735e-07
    endloop
  endfacet
  facet normal 0.946931 -0.321435 5.86584e-12
    outer loop
      vertex -11.625 68.6694 1.90735e-07
      vertex -11.5325 68.9419 0
      vertex -11.5325 68.9419 1.90735e-07
    endloop
  endfacet
  facet normal 0.946931 -0.321435 5.86584e-12
    outer loop
      vertex -11.5325 68.9419 0
      vertex -11.625 68.6694 1.90735e-07
      vertex -11.625 68.6694 0
    endloop
  endfacet
  facet normal -0.946921 -0.321467 2.80813e-11
    outer loop
      vertex -7.37496 68.6694 0
      vertex -7.46747 68.9419 1.90735e-07
      vertex -7.46747 68.9419 0
    endloop
  endfacet
  facet normal -0.946921 -0.321467 2.80813e-11
    outer loop
      vertex -7.46747 68.9419 1.90735e-07
      vertex -7.37496 68.6694 0
      vertex -7.37496 68.6694 1.90735e-07
    endloop
  endfacet
  facet normal -0.55563 0.83143 0
    outer loop
      vertex -8.16073 66.3546 0
      vertex -8.4 66.1947 1.90735e-07
      vertex -8.16073 66.3546 1.90735e-07
    endloop
  endfacet
  facet normal -0.55563 0.83143 0
    outer loop
      vertex -8.4 66.1947 1.90735e-07
      vertex -8.16073 66.3546 0
      vertex -8.4 66.1947 0
    endloop
  endfacet
  facet normal -0.442063 0.896984 0
    outer loop
      vertex -8.4 66.1947 0
      vertex -8.6581 66.0675 1.90735e-07
      vertex -8.4 66.1947 1.90735e-07
    endloop
  endfacet
  facet normal -0.442063 0.896984 0
    outer loop
      vertex -8.6581 66.0675 1.90735e-07
      vertex -8.4 66.1947 0
      vertex -8.6581 66.0675 0
    endloop
  endfacet
  facet normal 0.195287 0.980746 -0
    outer loop
      vertex -9.78716 65.9188 0
      vertex -10.0694 65.975 1.90735e-07
      vertex -9.78716 65.9188 1.90735e-07
    endloop
  endfacet
  facet normal 0.195287 0.980746 0
    outer loop
      vertex -10.0694 65.975 1.90735e-07
      vertex -9.78716 65.9188 0
      vertex -10.0694 65.975 0
    endloop
  endfacet
  facet normal 0.442063 -0.896984 0
    outer loop
      vertex -10.6 70.0053 0
      vertex -10.3419 70.1325 1.90735e-07
      vertex -10.6 70.0053 1.90735e-07
    endloop
  endfacet
  facet normal 0.442063 -0.896984 0
    outer loop
      vertex -10.3419 70.1325 1.90735e-07
      vertex -10.6 70.0053 0
      vertex -10.3419 70.1325 0
    endloop
  endfacet
  facet normal 0.0653289 0.997864 -0
    outer loop
      vertex -9.5 65.9 0
      vertex -9.78716 65.9188 1.90735e-07
      vertex -9.5 65.9 1.90735e-07
    endloop
  endfacet
  facet normal 0.0653289 0.997864 0
    outer loop
      vertex -9.78716 65.9188 1.90735e-07
      vertex -9.5 65.9 0
      vertex -9.78716 65.9188 0
    endloop
  endfacet
  facet normal 0.75165 0.659562 1.68091e-11
    outer loop
      vertex -11.0556 66.5444 1.90735e-07
      vertex -11.2454 66.7607 0
      vertex -11.2454 66.7607 1.90735e-07
    endloop
  endfacet
  facet normal 0.75165 0.659562 1.68091e-11
    outer loop
      vertex -11.2454 66.7607 0
      vertex -11.0556 66.5444 1.90735e-07
      vertex -11.0556 66.5444 0
    endloop
  endfacet
  facet normal -0.99786 -0.065389 -4.16983e-12
    outer loop
      vertex -7.3 68.1 0
      vertex -7.31882 68.3872 1.90735e-07
      vertex -7.31882 68.3872 0
    endloop
  endfacet
  facet normal -0.99786 -0.065389 -4.16983e-12
    outer loop
      vertex -7.31882 68.3872 1.90735e-07
      vertex -7.3 68.1 0
      vertex -7.3 68.1 1.90735e-07
    endloop
  endfacet
  facet normal 0.946931 0.321435 -5.86584e-12
    outer loop
      vertex -11.5325 67.2581 1.90735e-07
      vertex -11.625 67.5306 0
      vertex -11.625 67.5306 1.90735e-07
    endloop
  endfacet
  facet normal 0.946931 0.321435 -5.86584e-12
    outer loop
      vertex -11.625 67.5306 0
      vertex -11.5325 67.2581 1.90735e-07
      vertex -11.5325 67.2581 0
    endloop
  endfacet
  facet normal 0.659562 -0.75165 0
    outer loop
      vertex -11.0556 69.6556 0
      vertex -10.8393 69.8454 1.90735e-07
      vertex -11.0556 69.6556 1.90735e-07
    endloop
  endfacet
  facet normal 0.659562 -0.75165 0
    outer loop
      vertex -10.8393 69.8454 1.90735e-07
      vertex -11.0556 69.6556 0
      vertex -10.8393 69.8454 0
    endloop
  endfacet
  facet normal -0 0 -1
    outer loop
      vertex -7.3 68.1 1.90735e-07
      vertex -7.30753 68.0986 1.90735e-07
      vertex -7.30744 68.1 1.90735e-07
    endloop
  endfacet
  facet normal 0 0 -1
    outer loop
      vertex -7.31882 67.8128 1.90735e-07
      vertex -7.30753 68.0986 1.90735e-07
      vertex -7.3 68.1 1.90735e-07
    endloop
  endfacet
  facet normal 0 0 -1
    outer loop
      vertex -7.31882 67.8128 1.90735e-07
      vertex -7.3262 67.8138 1.90735e-07
      vertex -7.30753 68.0986 1.90735e-07
    endloop
  endfacet
  facet normal -0 0 -1
    outer loop
      vertex -7.31882 67.8128 1.90735e-07
      vertex -7.32647 67.8124 1.90735e-07
      vertex -7.3262 67.8138 1.90735e-07
    endloop
  endfacet
  facet normal 0 0 -1
    outer loop
      vertex -7.37496 67.5306 1.90735e-07
      vertex -7.32647 67.8124 1.90735e-07
      vertex -7.31882 67.8128 1.90735e-07
    endloop
  endfacet
  facet normal 0 0 -1
    outer loop
      vertex -7.37496 67.5306 1.90735e-07
      vertex -7.38215 67.5325 1.90735e-07
      vertex -7.32647 67.8124 1.90735e-07
    endloop
  endfacet
  facet normal 0 0 -1
    outer loop
      vertex -7.37496 67.5306 1.90735e-07
      vertex -7.3826 67.5312 1.90735e-07
      vertex -7.38215 67.5325 1.90735e-07
    endloop
  endfacet
  facet normal 0 0 -1
    outer loop
      vertex -7.46747 67.2581 1.90735e-07
      vertex -7.3826 67.5312 1.90735e-07
      vertex -7.37496 67.5306 1.90735e-07
    endloop
  endfacet
  facet normal 0 0 -1
    outer loop
      vertex -7.46747 67.2581 1.90735e-07
      vertex -7.47434 67.2609 1.90735e-07
      vertex -7.3826 67.5312 1.90735e-07
    endloop
  endfacet
  facet normal 0 0 -1
    outer loop
      vertex -7.60056 67.005 1.90735e-07
      vertex -7.46747 67.2581 1.90735e-07
      vertex -7.59474 67 1.90735e-07
    endloop
  endfacet
  facet normal -0 0 -1
    outer loop
      vertex -7.46747 67.2581 1.90735e-07
      vertex -7.60056 67.005 1.90735e-07
      vertex -7.47434 67.2609 1.90735e-07
    endloop
  endfacet
  facet normal 0 0 -1
    outer loop
      vertex -7.59474 67 1.90735e-07
      vertex -7.60119 67.0037 1.90735e-07
      vertex -7.60056 67.005 1.90735e-07
    endloop
  endfacet
  facet normal 0 0 -1
    outer loop
      vertex -7.59474 67 1.90735e-07
      vertex -7.60197 67.0025 1.90735e-07
      vertex -7.60119 67.0037 1.90735e-07
    endloop
  endfacet
  facet normal 0 0 -1
    outer loop
      vertex -7.75462 66.7607 1.90735e-07
      vertex -7.60197 67.0025 1.90735e-07
      vertex -7.59474 67 1.90735e-07
    endloop
  endfacet
  facet normal 0 0 -1
    outer loop
      vertex -7.75462 66.7607 1.90735e-07
      vertex -7.76052 66.7653 1.90735e-07
      vertex -7.60197 67.0025 1.90735e-07
    endloop
  endfacet
  facet normal 0 0 -1
    outer loop
      vertex -7.9487 66.5507 1.90735e-07
      vertex -7.75462 66.7607 1.90735e-07
      vertex -7.94437 66.5444 1.90735e-07
    endloop
  endfacet
  facet normal -0 0 -1
    outer loop
      vertex -7.75462 66.7607 1.90735e-07
      vertex -7.9487 66.5507 1.90735e-07
      vertex -7.76052 66.7653 1.90735e-07
    endloop
  endfacet
  facet normal 0 0 -1
    outer loop
      vertex -7.94437 66.5444 1.90735e-07
      vertex -7.94962 66.5496 1.90735e-07
      vertex -7.9487 66.5507 1.90735e-07
    endloop
  endfacet
  facet normal 0 0 -1
    outer loop
      vertex -7.94437 66.5444 1.90735e-07
      vertex -7.95068 66.5487 1.90735e-07
      vertex -7.94962 66.5496 1.90735e-07
    endloop
  endfacet
  facet normal 0 0 -1
    outer loop
      vertex -8.16073 66.3546 1.90735e-07
      vertex -7.95068 66.5487 1.90735e-07
      vertex -7.94437 66.5444 1.90735e-07
    endloop
  endfacet
  facet normal 0 0 -1
    outer loop
      vertex -8.16073 66.3546 1.90735e-07
      vertex -8.16525 66.3605 1.90735e-07
      vertex -7.95068 66.5487 1.90735e-07
    endloop
  endfacet
  facet normal 0 0 -1
    outer loop
      vertex -8.40255 66.202 1.90735e-07
      vertex -8.16073 66.3546 1.90735e-07
      vertex -8.4 66.1947 1.90735e-07
    endloop
  endfacet
  facet normal -0 0 -1
    outer loop
      vertex -8.16073 66.3546 1.90735e-07
      vertex -8.40255 66.202 1.90735e-07
      vertex -8.16525 66.3605 1.90735e-07
    endloop
  endfacet
  facet normal 0 0 -1
    outer loop
      vertex -8.4 66.1947 1.90735e-07
      vertex -8.40372 66.2012 1.90735e-07
      vertex -8.40255 66.202 1.90735e-07
    endloop
  endfacet
  facet normal 0 0 -1
    outer loop
      vertex -8.4 66.1947 1.90735e-07
      vertex -8.40498 66.2006 1.90735e-07
      vertex -8.40372 66.2012 1.90735e-07
    endloop
  endfacet
  facet normal 0 0 -1
    outer loop
      vertex -8.6581 66.0675 1.90735e-07
      vertex -8.40498 66.2006 1.90735e-07
      vertex -8.4 66.1947 1.90735e-07
    endloop
  endfacet
  facet normal 0 0 -1
    outer loop
      vertex -8.6581 66.0675 1.90735e-07
      vertex -8.66094 66.0743 1.90735e-07
      vertex -8.40498 66.2006 1.90735e-07
    endloop
  endfacet
  facet normal 0 0 -1
    outer loop
      vertex -8.93119 65.9826 1.90735e-07
      vertex -8.6581 66.0675 1.90735e-07
      vertex -8.9306 65.975 1.90735e-07
    endloop
  endfacet
  facet normal -0 0 -1
    outer loop
      vertex -8.6581 66.0675 1.90735e-07
      vertex -8.93119 65.9826 1.90735e-07
      vertex -8.66094 66.0743 1.90735e-07
    endloop
  endfacet
  facet normal 0 0 -1
    outer loop
      vertex -8.9306 65.975 1.90735e-07
      vertex -8.93252 65.9821 1.90735e-07
      vertex -8.93119 65.9826 1.90735e-07
    endloop
  endfacet
  facet normal -0 0 -1
    outer loop
      vertex -8.9306 65.975 1.90735e-07
      vertex -9.21244 65.9265 1.90735e-07
      vertex -8.93252 65.9821 1.90735e-07
    endloop
  endfacet
  facet normal 0 0 -1
    outer loop
      vertex -9.21284 65.9188 1.90735e-07
      vertex -9.21244 65.9265 1.90735e-07
      vertex -8.9306 65.975 1.90735e-07
    endloop
  endfacet
  facet normal 0 0 -1
    outer loop
      vertex -9.21284 65.9188 1.90735e-07
      vertex -9.21381 65.9262 1.90735e-07
      vertex -9.21244 65.9265 1.90735e-07
    endloop
  endfacet
  facet normal -0 0 -1
    outer loop
      vertex -9.21284 65.9188 1.90735e-07
      vertex -9.4986 65.9075 1.90735e-07
      vertex -9.21381 65.9262 1.90735e-07
    endloop
  endfacet
  facet normal 0 0 -1
    outer loop
      vertex -9.5 65.9 1.90735e-07
      vertex -9.4986 65.9075 1.90735e-07
      vertex -9.21284 65.9188 1.90735e-07
    endloop
  endfacet
  facet normal 0 0 -1
    outer loop
      vertex -9.5 65.9 1.90735e-07
      vertex -9.5 65.9074 1.90735e-07
      vertex -9.4986 65.9075 1.90735e-07
    endloop
  endfacet
  facet normal 0 0 -1
    outer loop
      vertex -9.5 65.9 1.90735e-07
      vertex -9.5014 65.9075 1.90735e-07
      vertex -9.5 65.9074 1.90735e-07
    endloop
  endfacet
  facet normal 0 0 -1
    outer loop
      vertex -9.78716 65.9188 1.90735e-07
      vertex -9.5014 65.9075 1.90735e-07
      vertex -9.5 65.9 1.90735e-07
    endloop
  endfacet
  facet normal 0 0 -1
    outer loop
      vertex -9.5014 65.9075 1.90735e-07
      vertex -9.78716 65.9188 1.90735e-07
      vertex -9.78619 65.9262 1.90735e-07
    endloop
  endfacet
  facet normal 0 0 -1
    outer loop
      vertex -9.78716 65.9188 1.90735e-07
      vertex -9.78756 65.9265 1.90735e-07
      vertex -9.78619 65.9262 1.90735e-07
    endloop
  endfacet
  facet normal 0 0 -1
    outer loop
      vertex -10.0694 65.975 1.90735e-07
      vertex -9.78756 65.9265 1.90735e-07
      vertex -9.78716 65.9188 1.90735e-07
    endloop
  endfacet
  facet normal 0 0 -1
    outer loop
      vertex -9.78756 65.9265 1.90735e-07
      vertex -10.0694 65.975 1.90735e-07
      vertex -10.0675 65.9821 1.90735e-07
    endloop
  endfacet
  facet normal 0 0 -1
    outer loop
      vertex -10.0694 65.975 1.90735e-07
      vertex -10.0688 65.9826 1.90735e-07
      vertex -10.0675 65.9821 1.90735e-07
    endloop
  endfacet
  facet normal 0 0 -1
    outer loop
      vertex -10.3419 66.0675 1.90735e-07
      vertex -10.0688 65.9826 1.90735e-07
      vertex -10.0694 65.975 1.90735e-07
    endloop
  endfacet
  facet normal 0 0 -1
    outer loop
      vertex -10.0688 65.9826 1.90735e-07
      vertex -10.3419 66.0675 1.90735e-07
      vertex -10.3391 66.0743 1.90735e-07
    endloop
  endfacet
  facet normal 0 0 -1
    outer loop
      vertex -10.3419 66.0675 1.90735e-07
      vertex -10.595 66.2006 1.90735e-07
      vertex -10.3391 66.0743 1.90735e-07
    endloop
  endfacet
  facet normal 0 0 -1
    outer loop
      vertex -10.6 66.1947 1.90735e-07
      vertex -10.595 66.2006 1.90735e-07
      vertex -10.3419 66.0675 1.90735e-07
    endloop
  endfacet
  facet normal -0 0 -1
    outer loop
      vertex -10.595 66.2006 1.90735e-07
      vertex -10.6 66.1947 1.90735e-07
      vertex -10.5963 66.2012 1.90735e-07
    endloop
  endfacet
  facet normal 0 0 -1
    outer loop
      vertex -10.6 66.1947 1.90735e-07
      vertex -10.5974 66.202 1.90735e-07
      vertex -10.5963 66.2012 1.90735e-07
    endloop
  endfacet
  facet normal 0 0 -1
    outer loop
      vertex -10.8393 66.3546 1.90735e-07
      vertex -10.5974 66.202 1.90735e-07
      vertex -10.6 66.1947 1.90735e-07
    endloop
  endfacet
  facet normal 0 0 -1
    outer loop
      vertex -10.5974 66.202 1.90735e-07
      vertex -10.8393 66.3546 1.90735e-07
      vertex -10.8347 66.3605 1.90735e-07
    endloop
  endfacet
  facet normal 0 0 -1
    outer loop
      vertex -10.8393 66.3546 1.90735e-07
      vertex -11.0493 66.5487 1.90735e-07
      vertex -10.8347 66.3605 1.90735e-07
    endloop
  endfacet
  facet normal 0 0 -1
    outer loop
      vertex -11.0556 66.5444 1.90735e-07
      vertex -11.0493 66.5487 1.90735e-07
      vertex -10.8393 66.3546 1.90735e-07
    endloop
  endfacet
  facet normal -0 0 -1
    outer loop
      vertex -11.0493 66.5487 1.90735e-07
      vertex -11.0556 66.5444 1.90735e-07
      vertex -11.0504 66.5496 1.90735e-07
    endloop
  endfacet
  facet normal 0 0 -1
    outer loop
      vertex -11.0556 66.5444 1.90735e-07
      vertex -11.0513 66.5507 1.90735e-07
      vertex -11.0504 66.5496 1.90735e-07
    endloop
  endfacet
  facet normal 0 0 -1
    outer loop
      vertex -11.2454 66.7607 1.90735e-07
      vertex -11.0513 66.5507 1.90735e-07
      vertex -11.0556 66.5444 1.90735e-07
    endloop
  endfacet
  facet normal 0 0 -1
    outer loop
      vertex -11.0513 66.5507 1.90735e-07
      vertex -11.2454 66.7607 1.90735e-07
      vertex -11.2395 66.7653 1.90735e-07
    endloop
  endfacet
  facet normal 0 0 -1
    outer loop
      vertex -11.2454 66.7607 1.90735e-07
      vertex -11.398 67.0025 1.90735e-07
      vertex -11.2395 66.7653 1.90735e-07
    endloop
  endfacet
  facet normal 0 0 -1
    outer loop
      vertex -11.4053 67 1.90735e-07
      vertex -11.398 67.0025 1.90735e-07
      vertex -11.2454 66.7607 1.90735e-07
    endloop
  endfacet
  facet normal -0 0 -1
    outer loop
      vertex -11.398 67.0025 1.90735e-07
      vertex -11.4053 67 1.90735e-07
      vertex -11.3988 67.0037 1.90735e-07
    endloop
  endfacet
  facet normal 0 0 -1
    outer loop
      vertex -11.4053 67 1.90735e-07
      vertex -11.3994 67.005 1.90735e-07
      vertex -11.3988 67.0037 1.90735e-07
    endloop
  endfacet
  facet normal 0 0 -1
    outer loop
      vertex -11.5325 67.2581 1.90735e-07
      vertex -11.3994 67.005 1.90735e-07
      vertex -11.4053 67 1.90735e-07
    endloop
  endfacet
  facet normal 0 0 -1
    outer loop
      vertex -11.3994 67.005 1.90735e-07
      vertex -11.5325 67.2581 1.90735e-07
      vertex -11.5257 67.2609 1.90735e-07
    endloop
  endfacet
  facet normal 0 0 -1
    outer loop
      vertex -11.5325 67.2581 1.90735e-07
      vertex -11.6174 67.5312 1.90735e-07
      vertex -11.5257 67.2609 1.90735e-07
    endloop
  endfacet
  facet normal 0 0 -1
    outer loop
      vertex -11.625 67.5306 1.90735e-07
      vertex -11.6174 67.5312 1.90735e-07
      vertex -11.5325 67.2581 1.90735e-07
    endloop
  endfacet
  facet normal -0 0 -1
    outer loop
      vertex -11.6174 67.5312 1.90735e-07
      vertex -11.625 67.5306 1.90735e-07
      vertex -11.6179 67.5325 1.90735e-07
    endloop
  endfacet
  facet normal 0 0 -1
    outer loop
      vertex -11.625 67.5306 1.90735e-07
      vertex -11.6735 67.8124 1.90735e-07
      vertex -11.6179 67.5325 1.90735e-07
    endloop
  endfacet
  facet normal 0 0 -1
    outer loop
      vertex -11.6812 67.8128 1.90735e-07
      vertex -11.6735 67.8124 1.90735e-07
      vertex -11.625 67.5306 1.90735e-07
    endloop
  endfacet
  facet normal 0 0 -1
    outer loop
      vertex -11.6735 67.8124 1.90735e-07
      vertex -11.6812 67.8128 1.90735e-07
      vertex -11.6738 67.8138 1.90735e-07
    endloop
  endfacet
  facet normal 0 0 -1
    outer loop
      vertex -11.6812 67.8128 1.90735e-07
      vertex -11.6925 68.0986 1.90735e-07
      vertex -11.6738 67.8138 1.90735e-07
    endloop
  endfacet
  facet normal 0 0 -1
    outer loop
      vertex -11.7 68.1 1.90735e-07
      vertex -11.6925 68.0986 1.90735e-07
      vertex -11.6812 67.8128 1.90735e-07
    endloop
  endfacet
  facet normal 0 0 -1
    outer loop
      vertex -11.6925 68.0986 1.90735e-07
      vertex -11.7 68.1 1.90735e-07
      vertex -11.6926 68.1 1.90735e-07
    endloop
  endfacet
  facet normal 0 0 -1
    outer loop
      vertex -7.30753 68.1014 1.90735e-07
      vertex -7.3 68.1 1.90735e-07
      vertex -7.30744 68.1 1.90735e-07
    endloop
  endfacet
  facet normal 0 0 -1
    outer loop
      vertex -7.30753 68.1014 1.90735e-07
      vertex -7.31882 68.3872 1.90735e-07
      vertex -7.3 68.1 1.90735e-07
    endloop
  endfacet
  facet normal 0 0 -1
    outer loop
      vertex -7.3262 68.3862 1.90735e-07
      vertex -7.31882 68.3872 1.90735e-07
      vertex -7.30753 68.1014 1.90735e-07
    endloop
  endfacet
  facet normal 0 0 -1
    outer loop
      vertex -7.32647 68.3876 1.90735e-07
      vertex -7.31882 68.3872 1.90735e-07
      vertex -7.3262 68.3862 1.90735e-07
    endloop
  endfacet
  facet normal 0 0 -1
    outer loop
      vertex -7.32647 68.3876 1.90735e-07
      vertex -7.37496 68.6694 1.90735e-07
      vertex -7.31882 68.3872 1.90735e-07
    endloop
  endfacet
  facet normal 0 0 -1
    outer loop
      vertex -7.38215 68.6675 1.90735e-07
      vertex -7.37496 68.6694 1.90735e-07
      vertex -7.32647 68.3876 1.90735e-07
    endloop
  endfacet
  facet normal 0 0 -1
    outer loop
      vertex -7.3826 68.6688 1.90735e-07
      vertex -7.37496 68.6694 1.90735e-07
      vertex -7.38215 68.6675 1.90735e-07
    endloop
  endfacet
  facet normal 0 0 -1
    outer loop
      vertex -7.3826 68.6688 1.90735e-07
      vertex -7.46747 68.9419 1.90735e-07
      vertex -7.37496 68.6694 1.90735e-07
    endloop
  endfacet
  facet normal 0 0 -1
    outer loop
      vertex -7.47434 68.9391 1.90735e-07
      vertex -7.46747 68.9419 1.90735e-07
      vertex -7.3826 68.6688 1.90735e-07
    endloop
  endfacet
  facet normal 0 0 -1
    outer loop
      vertex -7.60056 69.195 1.90735e-07
      vertex -7.46747 68.9419 1.90735e-07
      vertex -7.47434 68.9391 1.90735e-07
    endloop
  endfacet
  facet normal 0 0 -1
    outer loop
      vertex -7.46747 68.9419 1.90735e-07
      vertex -7.60056 69.195 1.90735e-07
      vertex -7.59474 69.2 1.90735e-07
    endloop
  endfacet
  facet normal 0 0 -1
    outer loop
      vertex -7.60119 69.1963 1.90735e-07
      vertex -7.59474 69.2 1.90735e-07
      vertex -7.60056 69.195 1.90735e-07
    endloop
  endfacet
  facet normal 0 0 -1
    outer loop
      vertex -7.60197 69.1974 1.90735e-07
      vertex -7.59474 69.2 1.90735e-07
      vertex -7.60119 69.1963 1.90735e-07
    endloop
  endfacet
  facet normal 0 0 -1
    outer loop
      vertex -7.60197 69.1974 1.90735e-07
      vertex -7.75462 69.4393 1.90735e-07
      vertex -7.59474 69.2 1.90735e-07
    endloop
  endfacet
  facet normal 0 0 -1
    outer loop
      vertex -7.76052 69.4347 1.90735e-07
      vertex -7.75462 69.4393 1.90735e-07
      vertex -7.60197 69.1974 1.90735e-07
    endloop
  endfacet
  facet normal 0 0 -1
    outer loop
      vertex -7.9487 69.6493 1.90735e-07
      vertex -7.75462 69.4393 1.90735e-07
      vertex -7.76052 69.4347 1.90735e-07
    endloop
  endfacet
  facet normal 0 0 -1
    outer loop
      vertex -7.75462 69.4393 1.90735e-07
      vertex -7.9487 69.6493 1.90735e-07
      vertex -7.94437 69.6556 1.90735e-07
    endloop
  endfacet
  facet normal 0 0 -1
    outer loop
      vertex -7.94962 69.6504 1.90735e-07
      vertex -7.94437 69.6556 1.90735e-07
      vertex -7.9487 69.6493 1.90735e-07
    endloop
  endfacet
  facet normal 0 0 -1
    outer loop
      vertex -7.95068 69.6513 1.90735e-07
      vertex -7.94437 69.6556 1.90735e-07
      vertex -7.94962 69.6504 1.90735e-07
    endloop
  endfacet
  facet normal 0 0 -1
    outer loop
      vertex -7.95068 69.6513 1.90735e-07
      vertex -8.16073 69.8454 1.90735e-07
      vertex -7.94437 69.6556 1.90735e-07
    endloop
  endfacet
  facet normal 0 0 -1
    outer loop
      vertex -8.16525 69.8395 1.90735e-07
      vertex -8.16073 69.8454 1.90735e-07
      vertex -7.95068 69.6513 1.90735e-07
    endloop
  endfacet
  facet normal 0 0 -1
    outer loop
      vertex -8.40255 69.998 1.90735e-07
      vertex -8.16073 69.8454 1.90735e-07
      vertex -8.16525 69.8395 1.90735e-07
    endloop
  endfacet
  facet normal 0 0 -1
    outer loop
      vertex -8.16073 69.8454 1.90735e-07
      vertex -8.40255 69.998 1.90735e-07
      vertex -8.4 70.0053 1.90735e-07
    endloop
  endfacet
  facet normal 0 0 -1
    outer loop
      vertex -8.40372 69.9988 1.90735e-07
      vertex -8.4 70.0053 1.90735e-07
      vertex -8.40255 69.998 1.90735e-07
    endloop
  endfacet
  facet normal 0 0 -1
    outer loop
      vertex -8.40498 69.9994 1.90735e-07
      vertex -8.4 70.0053 1.90735e-07
      vertex -8.40372 69.9988 1.90735e-07
    endloop
  endfacet
  facet normal 0 0 -1
    outer loop
      vertex -8.40498 69.9994 1.90735e-07
      vertex -8.6581 70.1325 1.90735e-07
      vertex -8.4 70.0053 1.90735e-07
    endloop
  endfacet
  facet normal 0 0 -1
    outer loop
      vertex -8.66094 70.1257 1.90735e-07
      vertex -8.6581 70.1325 1.90735e-07
      vertex -8.40498 69.9994 1.90735e-07
    endloop
  endfacet
  facet normal 0 0 -1
    outer loop
      vertex -8.93119 70.2174 1.90735e-07
      vertex -8.6581 70.1325 1.90735e-07
      vertex -8.66094 70.1257 1.90735e-07
    endloop
  endfacet
  facet normal 0 0 -1
    outer loop
      vertex -8.6581 70.1325 1.90735e-07
      vertex -8.93119 70.2174 1.90735e-07
      vertex -8.9306 70.225 1.90735e-07
    endloop
  endfacet
  facet normal 0 0 -1
    outer loop
      vertex -8.93252 70.2178 1.90735e-07
      vertex -8.9306 70.225 1.90735e-07
      vertex -8.93119 70.2174 1.90735e-07
    endloop
  endfacet
  facet normal 0 0 -1
    outer loop
      vertex -9.21244 70.2735 1.90735e-07
      vertex -8.9306 70.225 1.90735e-07
      vertex -8.93252 70.2178 1.90735e-07
    endloop
  endfacet
  facet normal 0 0 -1
    outer loop
      vertex -9.21244 70.2735 1.90735e-07
      vertex -9.21284 70.2812 1.90735e-07
      vertex -8.9306 70.225 1.90735e-07
    endloop
  endfacet
  facet normal 0 0 -1
    outer loop
      vertex -9.21381 70.2738 1.90735e-07
      vertex -9.21284 70.2812 1.90735e-07
      vertex -9.21244 70.2735 1.90735e-07
    endloop
  endfacet
  facet normal 0 0 -1
    outer loop
      vertex -9.4986 70.2925 1.90735e-07
      vertex -9.21284 70.2812 1.90735e-07
      vertex -9.21381 70.2738 1.90735e-07
    endloop
  endfacet
  facet normal 0 0 -1
    outer loop
      vertex -9.5 70.3 1.90735e-07
      vertex -9.4986 70.2925 1.90735e-07
      vertex -9.5 70.2926 1.90735e-07
    endloop
  endfacet
  facet normal 0 0 -1
    outer loop
      vertex -9.4986 70.2925 1.90735e-07
      vertex -9.5 70.3 1.90735e-07
      vertex -9.21284 70.2812 1.90735e-07
    endloop
  endfacet
  facet normal 0 0 -1
    outer loop
      vertex -9.5014 70.2925 1.90735e-07
      vertex -9.5 70.3 1.90735e-07
      vertex -9.5 70.2926 1.90735e-07
    endloop
  endfacet
  facet normal 0 0 -1
    outer loop
      vertex -9.78716 70.2812 1.90735e-07
      vertex -9.5014 70.2925 1.90735e-07
      vertex -9.78619 70.2738 1.90735e-07
    endloop
  endfacet
  facet normal -0 0 -1
    outer loop
      vertex -9.5014 70.2925 1.90735e-07
      vertex -9.78716 70.2812 1.90735e-07
      vertex -9.5 70.3 1.90735e-07
    endloop
  endfacet
  facet normal 0 0 -1
    outer loop
      vertex -9.78756 70.2735 1.90735e-07
      vertex -9.78716 70.2812 1.90735e-07
      vertex -9.78619 70.2738 1.90735e-07
    endloop
  endfacet
  facet normal 0 0 -1
    outer loop
      vertex -10.0694 70.225 1.90735e-07
      vertex -9.78756 70.2735 1.90735e-07
      vertex -10.0675 70.2178 1.90735e-07
    endloop
  endfacet
  facet normal -0 0 -1
    outer loop
      vertex -9.78756 70.2735 1.90735e-07
      vertex -10.0694 70.225 1.90735e-07
      vertex -9.78716 70.2812 1.90735e-07
    endloop
  endfacet
  facet normal 0 0 -1
    outer loop
      vertex -10.0688 70.2174 1.90735e-07
      vertex -10.0694 70.225 1.90735e-07
      vertex -10.0675 70.2178 1.90735e-07
    endloop
  endfacet
  facet normal 0 0 -1
    outer loop
      vertex -10.3419 70.1325 1.90735e-07
      vertex -10.0688 70.2174 1.90735e-07
      vertex -10.3391 70.1257 1.90735e-07
    endloop
  endfacet
  facet normal -0 0 -1
    outer loop
      vertex -10.0688 70.2174 1.90735e-07
      vertex -10.3419 70.1325 1.90735e-07
      vertex -10.0694 70.225 1.90735e-07
    endloop
  endfacet
  facet normal 0 0 -1
    outer loop
      vertex -10.595 69.9994 1.90735e-07
      vertex -10.3419 70.1325 1.90735e-07
      vertex -10.3391 70.1257 1.90735e-07
    endloop
  endfacet
  facet normal 0 0 -1
    outer loop
      vertex -10.6 70.0053 1.90735e-07
      vertex -10.595 69.9994 1.90735e-07
      vertex -10.5963 69.9988 1.90735e-07
    endloop
  endfacet
  facet normal 0 0 -1
    outer loop
      vertex -10.595 69.9994 1.90735e-07
      vertex -10.6 70.0053 1.90735e-07
      vertex -10.3419 70.1325 1.90735e-07
    endloop
  endfacet
  facet normal 0 0 -1
    outer loop
      vertex -10.5974 69.998 1.90735e-07
      vertex -10.6 70.0053 1.90735e-07
      vertex -10.5963 69.9988 1.90735e-07
    endloop
  endfacet
  facet normal 0 0 -1
    outer loop
      vertex -10.8393 69.8454 1.90735e-07
      vertex -10.5974 69.998 1.90735e-07
      vertex -10.8347 69.8395 1.90735e-07
    endloop
  endfacet
  facet normal -0 0 -1
    outer loop
      vertex -10.5974 69.998 1.90735e-07
      vertex -10.8393 69.8454 1.90735e-07
      vertex -10.6 70.0053 1.90735e-07
    endloop
  endfacet
  facet normal 0 0 -1
    outer loop
      vertex -11.0493 69.6513 1.90735e-07
      vertex -10.8393 69.8454 1.90735e-07
      vertex -10.8347 69.8395 1.90735e-07
    endloop
  endfacet
  facet normal 0 0 -1
    outer loop
      vertex -11.0556 69.6556 1.90735e-07
      vertex -11.0493 69.6513 1.90735e-07
      vertex -11.0504 69.6504 1.90735e-07
    endloop
  endfacet
  facet normal 0 0 -1
    outer loop
      vertex -11.0493 69.6513 1.90735e-07
      vertex -11.0556 69.6556 1.90735e-07
      vertex -10.8393 69.8454 1.90735e-07
    endloop
  endfacet
  facet normal 0 0 -1
    outer loop
      vertex -11.0513 69.6493 1.90735e-07
      vertex -11.0556 69.6556 1.90735e-07
      vertex -11.0504 69.6504 1.90735e-07
    endloop
  endfacet
  facet normal 0 0 -1
    outer loop
      vertex -11.2454 69.4393 1.90735e-07
      vertex -11.0513 69.6493 1.90735e-07
      vertex -11.2395 69.4347 1.90735e-07
    endloop
  endfacet
  facet normal -0 0 -1
    outer loop
      vertex -11.0513 69.6493 1.90735e-07
      vertex -11.2454 69.4393 1.90735e-07
      vertex -11.0556 69.6556 1.90735e-07
    endloop
  endfacet
  facet normal 0 0 -1
    outer loop
      vertex -11.398 69.1974 1.90735e-07
      vertex -11.2454 69.4393 1.90735e-07
      vertex -11.2395 69.4347 1.90735e-07
    endloop
  endfacet
  facet normal 0 0 -1
    outer loop
      vertex -11.4053 69.2 1.90735e-07
      vertex -11.398 69.1974 1.90735e-07
      vertex -11.3988 69.1963 1.90735e-07
    endloop
  endfacet
  facet normal 0 0 -1
    outer loop
      vertex -11.398 69.1974 1.90735e-07
      vertex -11.4053 69.2 1.90735e-07
      vertex -11.2454 69.4393 1.90735e-07
    endloop
  endfacet
  facet normal 0 0 -1
    outer loop
      vertex -11.3994 69.195 1.90735e-07
      vertex -11.4053 69.2 1.90735e-07
      vertex -11.3988 69.1963 1.90735e-07
    endloop
  endfacet
  facet normal 0 0 -1
    outer loop
      vertex -11.5325 68.9419 1.90735e-07
      vertex -11.3994 69.195 1.90735e-07
      vertex -11.5257 68.9391 1.90735e-07
    endloop
  endfacet
  facet normal -0 0 -1
    outer loop
      vertex -11.3994 69.195 1.90735e-07
      vertex -11.5325 68.9419 1.90735e-07
      vertex -11.4053 69.2 1.90735e-07
    endloop
  endfacet
  facet normal 0 0 -1
    outer loop
      vertex -11.6174 68.6688 1.90735e-07
      vertex -11.5325 68.9419 1.90735e-07
      vertex -11.5257 68.9391 1.90735e-07
    endloop
  endfacet
  facet normal 0 0 -1
    outer loop
      vertex -11.625 68.6694 1.90735e-07
      vertex -11.6174 68.6688 1.90735e-07
      vertex -11.6179 68.6675 1.90735e-07
    endloop
  endfacet
  facet normal 0 0 -1
    outer loop
      vertex -11.6174 68.6688 1.90735e-07
      vertex -11.625 68.6694 1.90735e-07
      vertex -11.5325 68.9419 1.90735e-07
    endloop
  endfacet
  facet normal 0 0 -1
    outer loop
      vertex -11.6735 68.3876 1.90735e-07
      vertex -11.625 68.6694 1.90735e-07
      vertex -11.6179 68.6675 1.90735e-07
    endloop
  endfacet
  facet normal 0 0 -1
    outer loop
      vertex -11.6812 68.3872 1.90735e-07
      vertex -11.6735 68.3876 1.90735e-07
      vertex -11.6738 68.3862 1.90735e-07
    endloop
  endfacet
  facet normal -0 0 -1
    outer loop
      vertex -11.6735 68.3876 1.90735e-07
      vertex -11.6812 68.3872 1.90735e-07
      vertex -11.625 68.6694 1.90735e-07
    endloop
  endfacet
  facet normal 0 0 -1
    outer loop
      vertex -11.6925 68.1014 1.90735e-07
      vertex -11.6812 68.3872 1.90735e-07
      vertex -11.6738 68.3862 1.90735e-07
    endloop
  endfacet
  facet normal 0 0 -1
    outer loop
      vertex -11.7 68.1 1.90735e-07
      vertex -11.6925 68.1014 1.90735e-07
      vertex -11.6926 68.1 1.90735e-07
    endloop
  endfacet
  facet normal -0 0 -1
    outer loop
      vertex -11.6925 68.1014 1.90735e-07
      vertex -11.7 68.1 1.90735e-07
      vertex -11.6812 68.3872 1.90735e-07
    endloop
  endfacet
  facet normal -0.0653289 0.997864 0
    outer loop
      vertex -9.21284 65.9188 0
      vertex -9.5 65.9 1.90735e-07
      vertex -9.21284 65.9188 1.90735e-07
    endloop
  endfacet
  facet normal -0.0653289 0.997864 0
    outer loop
      vertex -9.5 65.9 1.90735e-07
      vertex -9.21284 65.9188 0
      vertex -9.5 65.9 0
    endloop
  endfacet
  facet normal -0.831494 0.555534 4.31412e-11
    outer loop
      vertex -7.75462 66.7607 0
      vertex -7.59474 67 1.90735e-07
      vertex -7.59474 67 0
    endloop
  endfacet
  facet normal -0.831494 0.555534 4.31412e-11
    outer loop
      vertex -7.59474 67 1.90735e-07
      vertex -7.75462 66.7607 0
      vertex -7.75462 66.7607 1.90735e-07
    endloop
  endfacet
  facet normal 0.896984 -0.442063 -4.6279e-11
    outer loop
      vertex -11.5325 68.9419 1.90735e-07
      vertex -11.4053 69.2 0
      vertex -11.4053 69.2 1.90735e-07
    endloop
  endfacet
  facet normal 0.896984 -0.442063 -4.6279e-11
    outer loop
      vertex -11.4053 69.2 0
      vertex -11.5325 68.9419 1.90735e-07
      vertex -11.5325 68.9419 0
    endloop
  endfacet
  facet normal -0.831494 -0.555534 -4.31412e-11
    outer loop
      vertex -7.59474 69.2 0
      vertex -7.75462 69.4393 1.90735e-07
      vertex -7.75462 69.4393 0
    endloop
  endfacet
  facet normal -0.831494 -0.555534 -4.31412e-11
    outer loop
      vertex -7.75462 69.4393 1.90735e-07
      vertex -7.59474 69.2 0
      vertex -7.59474 69.2 1.90735e-07
    endloop
  endfacet
  facet normal 0.0653289 -0.997864 0
    outer loop
      vertex -9.78716 70.2812 0
      vertex -9.5 70.3 1.90735e-07
      vertex -9.78716 70.2812 1.90735e-07
    endloop
  endfacet
  facet normal 0.0653289 -0.997864 0
    outer loop
      vertex -9.5 70.3 1.90735e-07
      vertex -9.78716 70.2812 0
      vertex -9.5 70.3 0
    endloop
  endfacet
  facet normal 0.980741 0.195314 -1.78767e-11
    outer loop
      vertex -11.625 67.5306 1.90735e-07
      vertex -11.6812 67.8128 0
      vertex -11.6812 67.8128 1.90735e-07
    endloop
  endfacet
  facet normal 0.980741 0.195314 -1.78767e-11
    outer loop
      vertex -11.6812 67.8128 0
      vertex -11.625 67.5306 1.90735e-07
      vertex -11.625 67.5306 0
    endloop
  endfacet
  facet normal 0.555582 -0.831462 0
    outer loop
      vertex -10.8393 69.8454 0
      vertex -10.6 70.0053 1.90735e-07
      vertex -10.8393 69.8454 1.90735e-07
    endloop
  endfacet
  facet normal 0.555582 -0.831462 0
    outer loop
      vertex -10.6 70.0053 1.90735e-07
      vertex -10.8393 69.8454 0
      vertex -10.6 70.0053 0
    endloop
  endfacet
  facet normal 0.980741 -0.195314 1.78767e-11
    outer loop
      vertex -11.6812 68.3872 1.90735e-07
      vertex -11.625 68.6694 0
      vertex -11.625 68.6694 1.90735e-07
    endloop
  endfacet
  facet normal 0.980741 -0.195314 1.78767e-11
    outer loop
      vertex -11.625 68.6694 0
      vertex -11.6812 68.3872 1.90735e-07
      vertex -11.6812 68.3872 0
    endloop
  endfacet
  facet normal 0.75165 -0.659562 -1.68091e-11
    outer loop
      vertex -11.2454 69.4393 1.90735e-07
      vertex -11.0556 69.6556 0
      vertex -11.0556 69.6556 1.90735e-07
    endloop
  endfacet
  facet normal 0.75165 -0.659562 -1.68091e-11
    outer loop
      vertex -11.0556 69.6556 0
      vertex -11.2454 69.4393 1.90735e-07
      vertex -11.2454 69.4393 0
    endloop
  endfacet
  facet normal -0.55563 -0.83143 0
    outer loop
      vertex -8.4 70.0053 0
      vertex -8.16073 69.8454 1.90735e-07
      vertex -8.4 70.0053 1.90735e-07
    endloop
  endfacet
  facet normal -0.55563 -0.83143 -0
    outer loop
      vertex -8.16073 69.8454 1.90735e-07
      vertex -8.4 70.0053 0
      vertex -8.16073 69.8454 0
    endloop
  endfacet
  facet normal 0.997864 0.0653198 4.0501e-12
    outer loop
      vertex -11.6812 67.8128 1.90735e-07
      vertex -11.7 68.1 0
      vertex -11.7 68.1 1.90735e-07
    endloop
  endfacet
  facet normal 0.997864 0.0653198 4.0501e-12
    outer loop
      vertex -11.7 68.1 0
      vertex -11.6812 67.8128 1.90735e-07
      vertex -11.6812 67.8128 0
    endloop
  endfacet
  facet normal 0.831462 0.555582 1.18464e-11
    outer loop
      vertex -11.2454 66.7607 1.90735e-07
      vertex -11.4053 67 0
      vertex -11.4053 67 1.90735e-07
    endloop
  endfacet
  facet normal 0.831462 0.555582 1.18464e-11
    outer loop
      vertex -11.4053 67 0
      vertex -11.2454 66.7607 1.90735e-07
      vertex -11.2454 66.7607 0
    endloop
  endfacet
  facet normal 0.852375 9.21447e-19 0.522931
    outer loop
      vertex -7.25 62.6 3.25
      vertex -5.25613 -0.599999 0
      vertex -5.25613 62.6 0
    endloop
  endfacet
  facet normal 0.852375 -0 0.522931
    outer loop
      vertex -7.25 -1.6 3.25
      vertex -5.25613 -0.599999 0
      vertex -7.25 62.6 3.25
    endloop
  endfacet
  facet normal 0.852375 -1.89417e-06 0.52293
    outer loop
      vertex -5.25613 -0.599999 0
      vertex -7.25 -1.6 3.25
      vertex -5.86963 -1.6 1
    endloop
  endfacet
  facet normal 0 0 -1
    outer loop
      vertex -7.25 -1.6 3.25
      vertex 7.25 62.6 3.25
      vertex 7.25 -1.6 3.25
    endloop
  endfacet
  facet normal -0 0 -1
    outer loop
      vertex 7.25 62.6 3.25
      vertex -7.25 -1.6 3.25
      vertex -7.25 62.6 3.25
    endloop
  endfacet
  facet normal 0 -1 0
    outer loop
      vertex -5.25613 62.6 0
      vertex 7.25 62.6 3.25
      vertex -7.25 62.6 3.25
    endloop
  endfacet
  facet normal 0 -1 0
    outer loop
      vertex 7.25 62.6 3.25
      vertex -5.25613 62.6 0
      vertex 5.25613 62.6 0
    endloop
  endfacet
  facet normal -0.852375 0 0.522931
    outer loop
      vertex 5.25613 -0.599999 0
      vertex 7.25 62.6 3.25
      vertex 5.25613 62.6 0
    endloop
  endfacet
  facet normal -0.852375 -1.89417e-06 0.52293
    outer loop
      vertex 7.25 -1.6 3.25
      vertex 5.25613 -0.599999 0
      vertex 5.86963 -1.6 1
    endloop
  endfacet
  facet normal -0.852375 -9.07095e-19 0.522931
    outer loop
      vertex 5.25613 -0.599999 0
      vertex 7.25 -1.6 3.25
      vertex 7.25 62.6 3.25
    endloop
  endfacet
endsolid OpenSCAD_Model
