solid OpenSCAD_Model
  facet normal -0.0462692 -0.706349 -0.706349
    outer loop
      vertex -11.1 -76.2 1
      vertex -11.6221 -76.1658 1
      vertex -11.1 -75.2 0
    endloop
  endfacet
  facet normal 0.466728 -0.532205 -0.706345
    outer loop
      vertex 13.535 -75.3734 1
      vertex 13.2213 -74.3213 0
      vertex 13.9284 -75.0284 1
    endloop
  endfacet
  facet normal -0.137987 -0.694263 -0.70637
    outer loop
      vertex -11.6221 -76.1658 1
      vertex -11.8765 -75.0978 0
      vertex -11.4916 -75.1743 0
    endloop
  endfacet
  facet normal -0.313048 -0.63489 -0.706339
    outer loop
      vertex -12.6307 -75.8955 1
      vertex -13.1 -75.6641 1
      vertex -12.6 -74.7981 0
    endloop
  endfacet
  facet normal 0 0.707106 -0.707107
    outer loop
      vertex 11.1 0.599999 0
      vertex -11.1 1.6 1
      vertex 11.1 1.6 1
    endloop
  endfacet
  facet normal 0 0.707106 -0.707107
    outer loop
      vertex -11.1 1.6 1
      vertex 11.1 0.599999 0
      vertex -11.1 0.599999 0
    endloop
  endfacet
  facet normal 0 -1 0
    outer loop
      vertex 6.7 -76.2 6
      vertex 9.3 -76.2 10.5
      vertex 6.7 -76.2 10.5
    endloop
  endfacet
  facet normal 0 -1 -0
    outer loop
      vertex 9.3 -76.2 10.5
      vertex 6.7 -76.2 6
      vertex 9.3 -76.2 6
    endloop
  endfacet
  facet normal 0 -1 0
    outer loop
      vertex 2.7 -76.2 6
      vertex 5.3 -76.2 10.5
      vertex 2.7 -76.2 10.5
    endloop
  endfacet
  facet normal 0 -1 -0
    outer loop
      vertex 5.3 -76.2 10.5
      vertex 2.7 -76.2 6
      vertex 5.3 -76.2 6
    endloop
  endfacet
  facet normal 0 -1 0
    outer loop
      vertex -1.3 -76.2 6
      vertex 1.3 -76.2 10.5
      vertex -1.3 -76.2 10.5
    endloop
  endfacet
  facet normal 0 -1 -0
    outer loop
      vertex 1.3 -76.2 10.5
      vertex -1.3 -76.2 6
      vertex 1.3 -76.2 6
    endloop
  endfacet
  facet normal 0 -1 0
    outer loop
      vertex -5.3 -76.2 6
      vertex -2.7 -76.2 10.5
      vertex -5.3 -76.2 10.5
    endloop
  endfacet
  facet normal 0 -1 -0
    outer loop
      vertex -2.7 -76.2 10.5
      vertex -5.3 -76.2 6
      vertex -2.7 -76.2 6
    endloop
  endfacet
  facet normal 0 -1 0
    outer loop
      vertex -9.3 -76.2 6
      vertex -6.7 -76.2 10.5
      vertex -9.3 -76.2 10.5
    endloop
  endfacet
  facet normal 0 -1 -0
    outer loop
      vertex -6.7 -76.2 10.5
      vertex -9.3 -76.2 6
      vertex -6.7 -76.2 6
    endloop
  endfacet
  facet normal 0 -1 0
    outer loop
      vertex -9.3 -76.2 10.5
      vertex -11.1 -76.2 11.8
      vertex -10.7 -76.2 10.5
    endloop
  endfacet
  facet normal 0 -1 0
    outer loop
      vertex -11.1 -76.2 11.8
      vertex -10.7 -76.2 6
      vertex -10.7 -76.2 10.5
    endloop
  endfacet
  facet normal 0 -1 0
    outer loop
      vertex -11.1 -76.2 1
      vertex -9.3 -76.2 6
      vertex -10.7 -76.2 6
    endloop
  endfacet
  facet normal 0 -1 -0
    outer loop
      vertex -9.3 -76.2 6
      vertex -11.1 -76.2 1
      vertex -6.7 -76.2 6
    endloop
  endfacet
  facet normal 0 -1 -0
    outer loop
      vertex -6.7 -76.2 6
      vertex -11.1 -76.2 1
      vertex -5.3 -76.2 6
    endloop
  endfacet
  facet normal 0 -1 -0
    outer loop
      vertex -5.3 -76.2 6
      vertex -11.1 -76.2 1
      vertex -2.7 -76.2 6
    endloop
  endfacet
  facet normal 0 -1 -0
    outer loop
      vertex -2.7 -76.2 6
      vertex -11.1 -76.2 1
      vertex -1.3 -76.2 6
    endloop
  endfacet
  facet normal 0 -1 -0
    outer loop
      vertex -1.3 -76.2 6
      vertex -11.1 -76.2 1
      vertex 1.3 -76.2 6
    endloop
  endfacet
  facet normal 0 -1 0
    outer loop
      vertex 11.1 -76.2 1
      vertex 1.3 -76.2 6
      vertex -11.1 -76.2 1
    endloop
  endfacet
  facet normal 0 -1 0
    outer loop
      vertex 1.3 -76.2 6
      vertex 11.1 -76.2 1
      vertex 2.7 -76.2 6
    endloop
  endfacet
  facet normal 0 -1 0
    outer loop
      vertex 2.7 -76.2 6
      vertex 11.1 -76.2 1
      vertex 5.3 -76.2 6
    endloop
  endfacet
  facet normal 0 -1 0
    outer loop
      vertex 5.3 -76.2 6
      vertex 11.1 -76.2 1
      vertex 6.7 -76.2 6
    endloop
  endfacet
  facet normal 0 -1 0
    outer loop
      vertex 6.7 -76.2 6
      vertex 11.1 -76.2 1
      vertex 9.3 -76.2 6
    endloop
  endfacet
  facet normal 0 -1 0
    outer loop
      vertex -11.1 -76.2 1
      vertex -10.7 -76.2 6
      vertex -11.1 -76.2 11.8
    endloop
  endfacet
  facet normal 0 -1 0
    outer loop
      vertex -6.7 -76.2 10.5
      vertex -11.1 -76.2 11.8
      vertex -9.3 -76.2 10.5
    endloop
  endfacet
  facet normal 0 -1 0
    outer loop
      vertex -5.3 -76.2 10.5
      vertex -11.1 -76.2 11.8
      vertex -6.7 -76.2 10.5
    endloop
  endfacet
  facet normal 0 -1 0
    outer loop
      vertex -2.7 -76.2 10.5
      vertex -11.1 -76.2 11.8
      vertex -5.3 -76.2 10.5
    endloop
  endfacet
  facet normal 0 -1 0
    outer loop
      vertex -1.3 -76.2 10.5
      vertex -11.1 -76.2 11.8
      vertex -2.7 -76.2 10.5
    endloop
  endfacet
  facet normal 0 -1 0
    outer loop
      vertex -11.1 -76.2 11.8
      vertex -1.3 -76.2 10.5
      vertex 11.1 -76.2 11.8
    endloop
  endfacet
  facet normal 0 -1 0
    outer loop
      vertex 1.3 -76.2 10.5
      vertex 11.1 -76.2 11.8
      vertex -1.3 -76.2 10.5
    endloop
  endfacet
  facet normal 0 -1 0
    outer loop
      vertex 2.7 -76.2 10.5
      vertex 11.1 -76.2 11.8
      vertex 1.3 -76.2 10.5
    endloop
  endfacet
  facet normal 0 -1 0
    outer loop
      vertex 5.3 -76.2 10.5
      vertex 11.1 -76.2 11.8
      vertex 2.7 -76.2 10.5
    endloop
  endfacet
  facet normal 0 -1 0
    outer loop
      vertex 6.7 -76.2 10.5
      vertex 11.1 -76.2 11.8
      vertex 5.3 -76.2 10.5
    endloop
  endfacet
  facet normal 0 -1 0
    outer loop
      vertex 9.3 -76.2 10.5
      vertex 11.1 -76.2 11.8
      vertex 6.7 -76.2 10.5
    endloop
  endfacet
  facet normal 0 -1 0
    outer loop
      vertex 10.7 -76.2 10.5
      vertex 11.1 -76.2 11.8
      vertex 9.3 -76.2 10.5
    endloop
  endfacet
  facet normal 0 -1 0
    outer loop
      vertex 10.7 -76.2 6
      vertex 11.1 -76.2 11.8
      vertex 10.7 -76.2 10.5
    endloop
  endfacet
  facet normal 0 -1 0
    outer loop
      vertex 10.7 -76.2 6
      vertex 11.1 -76.2 1
      vertex 11.1 -76.2 11.8
    endloop
  endfacet
  facet normal 0 -1 0
    outer loop
      vertex 9.3 -76.2 6
      vertex 11.1 -76.2 1
      vertex 10.7 -76.2 6
    endloop
  endfacet
  facet normal -0.312948 -0.634914 -0.706362
    outer loop
      vertex -12.248 -74.9716 0
      vertex -12.6307 -75.8955 1
      vertex -12.6 -74.7981 0
    endloop
  endfacet
  facet normal -0.0462962 0.706348 -0.706349
    outer loop
      vertex -11.1 0.599999 0
      vertex -11.6221 1.56578 1
      vertex -11.1 1.6 1
    endloop
  endfacet
  facet normal 0.706349 0.0462692 -0.706349
    outer loop
      vertex 15.1 -2.4 1
      vertex 14.1 -2.4 0
      vertex 15.0658 -1.8779 1
    endloop
  endfacet
  facet normal 0.706349 -0.0462692 -0.706349
    outer loop
      vertex 15.0658 -72.7221 1
      vertex 14.1 -72.2 0
      vertex 15.1 -72.2 1
    endloop
  endfacet
  facet normal 0.466843 -0.532143 -0.706316
    outer loop
      vertex 13.535 -75.3734 1
      vertex 12.9263 -74.5801 0
      vertex 13.2213 -74.3213 0
    endloop
  endfacet
  facet normal 0.532159 0.4668 -0.706332
    outer loop
      vertex 13.4801 -0.573716 0
      vertex 13.2213 -0.27868 0
      vertex 14.2734 0.0350447 1
    endloop
  endfacet
  facet normal 0.94691 -0.321498 -9.4845e-19
    outer loop
      vertex 14.7955 -73.7307 11.8
      vertex 14.9637 -73.2353 1
      vertex 14.9637 -73.2353 11.8
    endloop
  endfacet
  facet normal 0.94691 -0.321498 -9.4845e-19
    outer loop
      vertex 14.9637 -73.2353 1
      vertex 14.7955 -73.7307 11.8
      vertex 14.7955 -73.7307 1
    endloop
  endfacet
  facet normal -0.707107 0 -0.707107
    outer loop
      vertex -14.1 -72.2 0
      vertex -15.1 -2.4 1
      vertex -14.1 -2.4 0
    endloop
  endfacet
  facet normal -0.707107 -0 -0.707107
    outer loop
      vertex -15.1 -2.4 1
      vertex -14.1 -72.2 0
      vertex -15.1 -72.2 1
    endloop
  endfacet
  facet normal 0.694261 0.137994 -0.706371
    outer loop
      vertex 14.0743 -2.00842 0
      vertex 13.9978 -1.62354 0
      vertex 15.0658 -1.8779 1
    endloop
  endfacet
  facet normal 0 1 0
    outer loop
      vertex 9.3 1.6 10.5
      vertex 11.1 1.6 11.8
      vertex 10.7 1.6 10.5
    endloop
  endfacet
  facet normal 0 1 0
    outer loop
      vertex 11.1 1.6 11.8
      vertex 10.7 1.6 6
      vertex 10.7 1.6 10.5
    endloop
  endfacet
  facet normal 0 1 0
    outer loop
      vertex 11.1 1.6 1
      vertex 9.3 1.6 6
      vertex 10.7 1.6 6
    endloop
  endfacet
  facet normal 0 1 0
    outer loop
      vertex 6.64999 1.6 5.14999
      vertex 11.1 1.6 1
      vertex -6.64999 1.6 5.14999
    endloop
  endfacet
  facet normal 0 1 0
    outer loop
      vertex 9.3 1.6 6
      vertex 11.1 1.6 1
      vertex 6.64999 1.6 5.14999
    endloop
  endfacet
  facet normal 0 1 -0
    outer loop
      vertex 11.1 1.6 1
      vertex 10.7 1.6 6
      vertex 11.1 1.6 11.8
    endloop
  endfacet
  facet normal 0 1 0
    outer loop
      vertex 11.1 1.6 11.8
      vertex 9.3 1.6 10.5
      vertex 8.14999 1.6 11.8
    endloop
  endfacet
  facet normal 0 1 0
    outer loop
      vertex 9.3 1.6 10.5
      vertex 8.14999 1.6 8.73785
      vertex 8.14999 1.6 11.8
    endloop
  endfacet
  facet normal 0 1 -0
    outer loop
      vertex 9.3 1.6 6
      vertex 8.14999 1.6 8.73785
      vertex 9.3 1.6 10.5
    endloop
  endfacet
  facet normal 0 1 0
    outer loop
      vertex 9.3 1.6 6
      vertex 6.64999 1.6 7.23785
      vertex 8.14999 1.6 8.73785
    endloop
  endfacet
  facet normal 0 1 0
    outer loop
      vertex 6.64999 1.6 7.23785
      vertex 9.3 1.6 6
      vertex 6.64999 1.6 5.14999
    endloop
  endfacet
  facet normal 0 1 0
    outer loop
      vertex -8.14999 1.6 11.8
      vertex -9.3 1.6 10.5
      vertex -11.1 1.6 11.8
    endloop
  endfacet
  facet normal 0 1 -0
    outer loop
      vertex -8.14999 1.6 8.73785
      vertex -9.3 1.6 10.5
      vertex -8.14999 1.6 11.8
    endloop
  endfacet
  facet normal 0 1 0
    outer loop
      vertex -8.14999 1.6 8.73785
      vertex -9.3 1.6 6
      vertex -9.3 1.6 10.5
    endloop
  endfacet
  facet normal 0 1 0
    outer loop
      vertex -6.64999 1.6 7.23785
      vertex -9.3 1.6 6
      vertex -8.14999 1.6 8.73785
    endloop
  endfacet
  facet normal 0 1 0
    outer loop
      vertex -11.1 1.6 1
      vertex -9.3 1.6 6
      vertex -6.64999 1.6 5.14999
    endloop
  endfacet
  facet normal 0 1 -0
    outer loop
      vertex -6.64999 1.6 5.14999
      vertex -9.3 1.6 6
      vertex -6.64999 1.6 7.23785
    endloop
  endfacet
  facet normal 0 1 -0
    outer loop
      vertex -10.7 1.6 10.5
      vertex -11.1 1.6 11.8
      vertex -9.3 1.6 10.5
    endloop
  endfacet
  facet normal 0 1 -0
    outer loop
      vertex -10.7 1.6 6
      vertex -11.1 1.6 11.8
      vertex -10.7 1.6 10.5
    endloop
  endfacet
  facet normal 0 1 0
    outer loop
      vertex -11.1 1.6 1
      vertex -6.64999 1.6 5.14999
      vertex 11.1 1.6 1
    endloop
  endfacet
  facet normal 0 1 0
    outer loop
      vertex -10.7 1.6 6
      vertex -11.1 1.6 1
      vertex -11.1 1.6 11.8
    endloop
  endfacet
  facet normal 0 1 0
    outer loop
      vertex -9.3 1.6 6
      vertex -11.1 1.6 1
      vertex -10.7 1.6 6
    endloop
  endfacet
  facet normal -0.0654027 0.997859 0
    outer loop
      vertex -11.1 1.6 1
      vertex -11.6221 1.56578 11.8
      vertex -11.1 1.6 11.8
    endloop
  endfacet
  facet normal -0.0654027 0.997859 0
    outer loop
      vertex -11.6221 1.56578 11.8
      vertex -11.1 1.6 1
      vertex -11.6221 1.56578 1
    endloop
  endfacet
  facet normal 0.532205 -0.466728 -0.706345
    outer loop
      vertex 13.9284 -75.0284 1
      vertex 13.2213 -74.3213 0
      vertex 14.2734 -74.635 1
    endloop
  endfacet
  facet normal -0.393313 -0.588549 -0.70634
    outer loop
      vertex -13.1 -75.6641 1
      vertex -13.535 -75.3734 1
      vertex -12.6 -74.7981 0
    endloop
  endfacet
  facet normal 0 -0.707107 -0.707107
    outer loop
      vertex -11.1 -75.2 0
      vertex 11.1 -76.2 1
      vertex -11.1 -76.2 1
    endloop
  endfacet
  facet normal 0 -0.707107 -0.707107
    outer loop
      vertex 11.1 -76.2 1
      vertex -11.1 -75.2 0
      vertex 11.1 -75.2 0
    endloop
  endfacet
  facet normal 0.0462692 -0.706349 -0.706349
    outer loop
      vertex 11.1 -76.2 1
      vertex 11.1 -75.2 0
      vertex 11.6221 -76.1658 1
    endloop
  endfacet
  facet normal 0.659329 0.751855 -0
    outer loop
      vertex 13.9284 0.428426 1
      vertex 13.535 0.773413 11.8
      vertex 13.9284 0.428426 11.8
    endloop
  endfacet
  facet normal 0.659329 0.751855 0
    outer loop
      vertex 13.535 0.773413 11.8
      vertex 13.9284 0.428426 1
      vertex 13.535 0.773413 1
    endloop
  endfacet
  facet normal -0.442238 -0.896898 0
    outer loop
      vertex -13.1 -75.6641 1
      vertex -12.6307 -75.8955 11.8
      vertex -13.1 -75.6641 11.8
    endloop
  endfacet
  facet normal -0.442238 -0.896898 -0
    outer loop
      vertex -12.6307 -75.8955 11.8
      vertex -13.1 -75.6641 1
      vertex -12.6307 -75.8955 1
    endloop
  endfacet
  facet normal 0.321464 0.946922 -0
    outer loop
      vertex 12.6307 1.29552 1
      vertex 12.1353 1.4637 11.8
      vertex 12.6307 1.29552 11.8
    endloop
  endfacet
  facet normal 0.321464 0.946922 0
    outer loop
      vertex 12.1353 1.4637 11.8
      vertex 12.6307 1.29552 1
      vertex 12.1353 1.4637 1
    endloop
  endfacet
  facet normal -0.588549 -0.393313 -0.70634
    outer loop
      vertex -14.2734 -74.635 1
      vertex -14.5641 -74.2 1
      vertex -13.6981 -73.7 0
    endloop
  endfacet
  facet normal 0.706323 0.0463571 -0.70637
    outer loop
      vertex 14.1 -2.4 0
      vertex 14.0743 -2.00842 0
      vertex 15.0658 -1.8779 1
    endloop
  endfacet
  facet normal 0.634895 -0.313027 -0.706344
    outer loop
      vertex 14.7955 -73.7307 1
      vertex 13.6981 -73.7 0
      vertex 13.8716 -73.3481 0
    endloop
  endfacet
  facet normal 0.694267 -0.138123 -0.706339
    outer loop
      vertex 14.9637 -73.2353 1
      vertex 13.9978 -72.9765 0
      vertex 15.0658 -72.7221 1
    endloop
  endfacet
  facet normal -0.227681 -0.670234 -0.706363
    outer loop
      vertex -11.8765 -75.0978 0
      vertex -12.6307 -75.8955 1
      vertex -12.248 -74.9716 0
    endloop
  endfacet
  facet normal -0.532143 -0.466843 -0.706316
    outer loop
      vertex -13.2213 -74.3213 0
      vertex -14.2734 -74.635 1
      vertex -13.4801 -74.0263 0
    endloop
  endfacet
  facet normal -1 0 0
    outer loop
      vertex -15.1 -2.4 1
      vertex -15.1 -3 6
      vertex -15.1 -2.4 11.8
    endloop
  endfacet
  facet normal -1 0 0
    outer loop
      vertex -15.1 -2.4 1
      vertex -15.1 -4.4 6
      vertex -15.1 -3 6
    endloop
  endfacet
  facet normal -1 0 0
    outer loop
      vertex -15.1 -4.4 6
      vertex -15.1 -5.4 6
      vertex -15.1 -4.4 10.5
    endloop
  endfacet
  facet normal -1 0 0
    outer loop
      vertex -15.1 -2.4 1
      vertex -15.1 -5.4 6
      vertex -15.1 -4.4 6
    endloop
  endfacet
  facet normal -1 0 0
    outer loop
      vertex -15.1 -2.4 1
      vertex -15.1 -6.8 6
      vertex -15.1 -5.4 6
    endloop
  endfacet
  facet normal -1 0 0
    outer loop
      vertex -15.1 -72.2 11.8
      vertex -15.1 -6.8 6
      vertex -15.1 -72.2 1
    endloop
  endfacet
  facet normal -1 0 0
    outer loop
      vertex -15.1 -72.2 1
      vertex -15.1 -6.8 6
      vertex -15.1 -2.4 1
    endloop
  endfacet
  facet normal -1 0 0
    outer loop
      vertex -15.1 -3 10.5
      vertex -15.1 -2.4 11.8
      vertex -15.1 -3 6
    endloop
  endfacet
  facet normal -1 0 0
    outer loop
      vertex -15.1 -4.4 10.5
      vertex -15.1 -2.4 11.8
      vertex -15.1 -3 10.5
    endloop
  endfacet
  facet normal -1 0 0
    outer loop
      vertex -15.1 -5.4 10.5
      vertex -15.1 -4.4 10.5
      vertex -15.1 -5.4 6
    endloop
  endfacet
  facet normal -1 0 0
    outer loop
      vertex -15.1 -5.4 10.5
      vertex -15.1 -2.4 11.8
      vertex -15.1 -4.4 10.5
    endloop
  endfacet
  facet normal -1 0 0
    outer loop
      vertex -15.1 -6.8 10.5
      vertex -15.1 -2.4 11.8
      vertex -15.1 -5.4 10.5
    endloop
  endfacet
  facet normal -1 0 0
    outer loop
      vertex -15.1 -6.8 6
      vertex -15.1 -72.2 11.8
      vertex -15.1 -6.8 10.5
    endloop
  endfacet
  facet normal -1 0 0
    outer loop
      vertex -15.1 -6.8 10.5
      vertex -15.1 -72.2 11.8
      vertex -15.1 -2.4 11.8
    endloop
  endfacet
  facet normal 0.137987 -0.694263 -0.70637
    outer loop
      vertex 11.6221 -76.1658 1
      vertex 11.4916 -75.1743 0
      vertex 11.8765 -75.0978 0
    endloop
  endfacet
  facet normal 0.0463548 -0.706324 -0.706369
    outer loop
      vertex 11.6221 -76.1658 1
      vertex 11.1 -75.2 0
      vertex 11.4916 -75.1743 0
    endloop
  endfacet
  facet normal -0.466728 -0.532205 -0.706345
    outer loop
      vertex -13.535 -75.3734 1
      vertex -13.9284 -75.0284 1
      vertex -13.2213 -74.3213 0
    endloop
  endfacet
  facet normal 0.0462962 0.706348 -0.706349
    outer loop
      vertex 11.6221 1.56578 1
      vertex 11.1 0.599999 0
      vertex 11.1 1.6 1
    endloop
  endfacet
  facet normal -0.0463548 -0.706324 -0.706369
    outer loop
      vertex -11.1 -75.2 0
      vertex -11.6221 -76.1658 1
      vertex -11.4916 -75.1743 0
    endloop
  endfacet
  facet normal 0.831459 0.555587 1.87036e-18
    outer loop
      vertex 14.5641 -0.4 11.8
      vertex 14.2734 0.0350447 1
      vertex 14.2734 0.0350447 11.8
    endloop
  endfacet
  facet normal 0.831459 0.555587 1.87036e-18
    outer loop
      vertex 14.2734 0.0350447 1
      vertex 14.5641 -0.4 11.8
      vertex 14.5641 -0.4 1
    endloop
  endfacet
  facet normal 0.946921 0.321468 -8.59656e-19
    outer loop
      vertex 14.9637 -1.36472 11.8
      vertex 14.7955 -0.869267 1
      vertex 14.7955 -0.869267 11.8
    endloop
  endfacet
  facet normal 0.946921 0.321468 -8.59656e-19
    outer loop
      vertex 14.7955 -0.869267 1
      vertex 14.9637 -1.36472 11.8
      vertex 14.9637 -1.36472 1
    endloop
  endfacet
  facet normal -0.393251 -0.588614 -0.706319
    outer loop
      vertex -12.6 -74.7981 0
      vertex -13.535 -75.3734 1
      vertex -12.9263 -74.5801 0
    endloop
  endfacet
  facet normal 0.634881 0.313066 -0.70634
    outer loop
      vertex 14.7955 -0.869267 1
      vertex 13.6981 -0.9 0
      vertex 14.5641 -0.4 1
    endloop
  endfacet
  facet normal -0.634895 -0.313027 -0.706344
    outer loop
      vertex -13.6981 -73.7 0
      vertex -14.7955 -73.7307 1
      vertex -13.8716 -73.3481 0
    endloop
  endfacet
  facet normal -0.706349 -0.0462692 -0.706349
    outer loop
      vertex -15.0658 -72.7221 1
      vertex -15.1 -72.2 1
      vertex -14.1 -72.2 0
    endloop
  endfacet
  facet normal -0.321498 -0.94691 0
    outer loop
      vertex -12.6307 -75.8955 1
      vertex -12.1353 -76.0637 11.8
      vertex -12.6307 -75.8955 11.8
    endloop
  endfacet
  facet normal -0.321498 -0.94691 -0
    outer loop
      vertex -12.1353 -76.0637 11.8
      vertex -12.6307 -75.8955 1
      vertex -12.1353 -76.0637 1
    endloop
  endfacet
  facet normal 0.227581 -0.670295 -0.706336
    outer loop
      vertex 12.1353 -76.0637 1
      vertex 11.8765 -75.0978 0
      vertex 12.6307 -75.8955 1
    endloop
  endfacet
  facet normal 0.707107 0 -0.707107
    outer loop
      vertex 15.1 -72.2 1
      vertex 14.1 -2.4 0
      vertex 15.1 -2.4 1
    endloop
  endfacet
  facet normal 0.707107 0 -0.707107
    outer loop
      vertex 14.1 -2.4 0
      vertex 15.1 -72.2 1
      vertex 14.1 -72.2 0
    endloop
  endfacet
  facet normal -0.227581 -0.670295 -0.706336
    outer loop
      vertex -12.1353 -76.0637 1
      vertex -12.6307 -75.8955 1
      vertex -11.8765 -75.0978 0
    endloop
  endfacet
  facet normal -0.138123 -0.694267 -0.706339
    outer loop
      vertex -11.6221 -76.1658 1
      vertex -12.1353 -76.0637 1
      vertex -11.8765 -75.0978 0
    endloop
  endfacet
  facet normal 0.138123 -0.694267 -0.706339
    outer loop
      vertex 12.1353 -76.0637 1
      vertex 11.6221 -76.1658 1
      vertex 11.8765 -75.0978 0
    endloop
  endfacet
  facet normal 0.393251 -0.588614 -0.706319
    outer loop
      vertex 13.535 -75.3734 1
      vertex 12.6 -74.7981 0
      vertex 12.9263 -74.5801 0
    endloop
  endfacet
  facet normal 0.588549 -0.393313 -0.70634
    outer loop
      vertex 14.2734 -74.635 1
      vertex 13.6981 -73.7 0
      vertex 14.5641 -74.2 1
    endloop
  endfacet
  facet normal 0.227554 0.670295 -0.706345
    outer loop
      vertex 12.6307 1.29552 1
      vertex 11.8765 0.497776 0
      vertex 12.1353 1.4637 1
    endloop
  endfacet
  facet normal -0.659329 0.751855 0
    outer loop
      vertex -13.535 0.773413 1
      vertex -13.9284 0.428426 11.8
      vertex -13.535 0.773413 11.8
    endloop
  endfacet
  facet normal -0.659329 0.751855 0
    outer loop
      vertex -13.9284 0.428426 11.8
      vertex -13.535 0.773413 1
      vertex -13.9284 0.428426 1
    endloop
  endfacet
  facet normal -0.532205 -0.466728 -0.706345
    outer loop
      vertex -13.9284 -75.0284 1
      vertex -14.2734 -74.635 1
      vertex -13.2213 -74.3213 0
    endloop
  endfacet
  facet normal 0.997861 0.0653646 -1.96995e-19
    outer loop
      vertex 15.1 -2.4 11.8
      vertex 15.0658 -1.8779 1
      vertex 15.0658 -1.8779 11.8
    endloop
  endfacet
  facet normal 0.997861 0.0653646 -1.96995e-19
    outer loop
      vertex 15.0658 -1.8779 1
      vertex 15.1 -2.4 11.8
      vertex 15.1 -2.4 1
    endloop
  endfacet
  facet normal 0.466717 0.532213 -0.706346
    outer loop
      vertex 13.9284 0.428426 1
      vertex 13.2213 -0.27868 0
      vertex 13.535 0.773413 1
    endloop
  endfacet
  facet normal 0.532192 0.466739 -0.706347
    outer loop
      vertex 14.2734 0.0350447 1
      vertex 13.2213 -0.27868 0
      vertex 13.9284 0.428426 1
    endloop
  endfacet
  facet normal 0.0653646 -0.997861 0
    outer loop
      vertex 11.1 -76.2 1
      vertex 11.6221 -76.1658 11.8
      vertex 11.1 -76.2 11.8
    endloop
  endfacet
  facet normal 0.0653646 -0.997861 0
    outer loop
      vertex 11.6221 -76.1658 11.8
      vertex 11.1 -76.2 1
      vertex 11.6221 -76.1658 1
    endloop
  endfacet
  facet normal 0.442238 -0.896898 0
    outer loop
      vertex 12.6307 -75.8955 1
      vertex 13.1 -75.6641 11.8
      vertex 12.6307 -75.8955 11.8
    endloop
  endfacet
  facet normal 0.442238 -0.896898 0
    outer loop
      vertex 13.1 -75.6641 11.8
      vertex 12.6307 -75.8955 1
      vertex 13.1 -75.6641 1
    endloop
  endfacet
  facet normal 0.555626 -0.831432 0
    outer loop
      vertex 13.1 -75.6641 1
      vertex 13.535 -75.3734 11.8
      vertex 13.1 -75.6641 11.8
    endloop
  endfacet
  facet normal 0.555626 -0.831432 0
    outer loop
      vertex 13.535 -75.3734 11.8
      vertex 13.1 -75.6641 1
      vertex 13.535 -75.3734 1
    endloop
  endfacet
  facet normal 0.997861 -0.0653646 -1.2915e-19
    outer loop
      vertex 15.0658 -72.7221 11.8
      vertex 15.1 -72.2 1
      vertex 15.1 -72.2 11.8
    endloop
  endfacet
  facet normal 0.997861 -0.0653646 -1.2915e-19
    outer loop
      vertex 15.1 -72.2 1
      vertex 15.0658 -72.7221 11.8
      vertex 15.0658 -72.7221 1
    endloop
  endfacet
  facet normal 1 0 0
    outer loop
      vertex 15.1 -3 6
      vertex 15.1 -2.4 11.8
      vertex 15.1 -3 10.5
    endloop
  endfacet
  facet normal 1 0 0
    outer loop
      vertex 15.1 -2.4 11.8
      vertex 15.1 -4.4 10.5
      vertex 15.1 -3 10.5
    endloop
  endfacet
  facet normal 1 0 0
    outer loop
      vertex 15.1 -4.4 10.5
      vertex 15.1 -5.4 10.5
      vertex 15.1 -4.4 6
    endloop
  endfacet
  facet normal 1 0 0
    outer loop
      vertex 15.1 -2.4 11.8
      vertex 15.1 -5.4 10.5
      vertex 15.1 -4.4 10.5
    endloop
  endfacet
  facet normal 1 0 0
    outer loop
      vertex 15.1 -2.4 11.8
      vertex 15.1 -6.8 10.5
      vertex 15.1 -5.4 10.5
    endloop
  endfacet
  facet normal 1 0 0
    outer loop
      vertex 15.1 -6.8 10.5
      vertex 15.1 -72.2 11.8
      vertex 15.1 -6.8 6
    endloop
  endfacet
  facet normal 1 -0 0
    outer loop
      vertex 15.1 -72.2 11.8
      vertex 15.1 -6.8 10.5
      vertex 15.1 -2.4 11.8
    endloop
  endfacet
  facet normal 1 0 0
    outer loop
      vertex 15.1 -2.4 11.8
      vertex 15.1 -3 6
      vertex 15.1 -2.4 1
    endloop
  endfacet
  facet normal 1 -0 0
    outer loop
      vertex 15.1 -4.4 6
      vertex 15.1 -2.4 1
      vertex 15.1 -3 6
    endloop
  endfacet
  facet normal 1 0 0
    outer loop
      vertex 15.1 -5.4 6
      vertex 15.1 -4.4 6
      vertex 15.1 -5.4 10.5
    endloop
  endfacet
  facet normal 1 -0 0
    outer loop
      vertex 15.1 -5.4 6
      vertex 15.1 -2.4 1
      vertex 15.1 -4.4 6
    endloop
  endfacet
  facet normal 1 -0 0
    outer loop
      vertex 15.1 -6.8 6
      vertex 15.1 -2.4 1
      vertex 15.1 -5.4 6
    endloop
  endfacet
  facet normal 1 0 0
    outer loop
      vertex 15.1 -72.2 1
      vertex 15.1 -6.8 6
      vertex 15.1 -72.2 11.8
    endloop
  endfacet
  facet normal 1 0 0
    outer loop
      vertex 15.1 -6.8 6
      vertex 15.1 -72.2 1
      vertex 15.1 -2.4 1
    endloop
  endfacet
  facet normal -0.466843 -0.532143 -0.706316
    outer loop
      vertex -12.9263 -74.5801 0
      vertex -13.535 -75.3734 1
      vertex -13.2213 -74.3213 0
    endloop
  endfacet
  facet normal 0.831432 -0.555626 -9.12937e-19
    outer loop
      vertex 14.2734 -74.635 11.8
      vertex 14.5641 -74.2 1
      vertex 14.5641 -74.2 11.8
    endloop
  endfacet
  facet normal 0.831432 -0.555626 -9.12937e-19
    outer loop
      vertex 14.5641 -74.2 1
      vertex 14.2734 -74.635 11.8
      vertex 14.2734 -74.635 1
    endloop
  endfacet
  facet normal 0.751842 -0.659343 -2.04352e-18
    outer loop
      vertex 13.9284 -75.0284 11.8
      vertex 14.2734 -74.635 1
      vertex 14.2734 -74.635 11.8
    endloop
  endfacet
  facet normal 0.751842 -0.659343 -2.04352e-18
    outer loop
      vertex 14.2734 -74.635 1
      vertex 13.9284 -75.0284 11.8
      vertex 13.9284 -75.0284 1
    endloop
  endfacet
  facet normal -0.227554 0.670295 -0.706345
    outer loop
      vertex -11.8765 0.497776 0
      vertex -12.6307 1.29552 1
      vertex -12.1353 1.4637 1
    endloop
  endfacet
  facet normal -0.63489 -0.313048 -0.706339
    outer loop
      vertex -14.5641 -74.2 1
      vertex -14.7955 -73.7307 1
      vertex -13.6981 -73.7 0
    endloop
  endfacet
  facet normal 0.706324 -0.0463548 -0.706369
    outer loop
      vertex 15.0658 -72.7221 1
      vertex 14.0743 -72.5916 0
      vertex 14.1 -72.2 0
    endloop
  endfacet
  facet normal -0.980777 0.195131 3.44747e-19
    outer loop
      vertex -15.0658 -1.8779 1
      vertex -14.9637 -1.36472 11.8
      vertex -14.9637 -1.36472 1
    endloop
  endfacet
  facet normal -0.980777 0.195131 3.44747e-19
    outer loop
      vertex -14.9637 -1.36472 11.8
      vertex -15.0658 -1.8779 1
      vertex -15.0658 -1.8779 11.8
    endloop
  endfacet
  facet normal -0.831459 0.555587 -1.87036e-18
    outer loop
      vertex -14.5641 -0.4 1
      vertex -14.2734 0.0350447 11.8
      vertex -14.2734 0.0350447 1
    endloop
  endfacet
  facet normal -0.831459 0.555587 -1.87036e-18
    outer loop
      vertex -14.2734 0.0350447 11.8
      vertex -14.5641 -0.4 1
      vertex -14.5641 -0.4 11.8
    endloop
  endfacet
  facet normal 0.694263 -0.137987 -0.70637
    outer loop
      vertex 15.0658 -72.7221 1
      vertex 13.9978 -72.9765 0
      vertex 14.0743 -72.5916 0
    endloop
  endfacet
  facet normal -0.659343 -0.751842 0
    outer loop
      vertex -13.9284 -75.0284 1
      vertex -13.535 -75.3734 11.8
      vertex -13.9284 -75.0284 11.8
    endloop
  endfacet
  facet normal -0.659343 -0.751842 -0
    outer loop
      vertex -13.535 -75.3734 11.8
      vertex -13.9284 -75.0284 1
      vertex -13.535 -75.3734 1
    endloop
  endfacet
  facet normal -0.0653646 -0.997861 0
    outer loop
      vertex -11.6221 -76.1658 1
      vertex -11.1 -76.2 11.8
      vertex -11.6221 -76.1658 11.8
    endloop
  endfacet
  facet normal -0.0653646 -0.997861 -0
    outer loop
      vertex -11.1 -76.2 11.8
      vertex -11.6221 -76.1658 1
      vertex -11.1 -76.2 1
    endloop
  endfacet
  facet normal -0.555626 -0.831432 0
    outer loop
      vertex -13.535 -75.3734 1
      vertex -13.1 -75.6641 11.8
      vertex -13.535 -75.3734 11.8
    endloop
  endfacet
  facet normal -0.555626 -0.831432 -0
    outer loop
      vertex -13.1 -75.6641 11.8
      vertex -13.535 -75.3734 1
      vertex -13.1 -75.6641 1
    endloop
  endfacet
  facet normal 0.532143 -0.466843 -0.706316
    outer loop
      vertex 14.2734 -74.635 1
      vertex 13.2213 -74.3213 0
      vertex 13.4801 -74.0263 0
    endloop
  endfacet
  facet normal -0.138095 0.694265 -0.706347
    outer loop
      vertex -11.8765 0.497776 0
      vertex -12.1353 1.4637 1
      vertex -11.6221 1.56578 1
    endloop
  endfacet
  facet normal 0.313048 -0.63489 -0.706339
    outer loop
      vertex 12.6307 -75.8955 1
      vertex 12.6 -74.7981 0
      vertex 13.1 -75.6641 1
    endloop
  endfacet
  facet normal 0.393313 -0.588549 -0.70634
    outer loop
      vertex 13.1 -75.6641 1
      vertex 12.6 -74.7981 0
      vertex 13.535 -75.3734 1
    endloop
  endfacet
  facet normal -0.634881 0.313066 -0.70634
    outer loop
      vertex -13.6981 -0.9 0
      vertex -14.7955 -0.869267 1
      vertex -14.5641 -0.4 1
    endloop
  endfacet
  facet normal 0.555609 0.831444 -0
    outer loop
      vertex 13.535 0.773413 1
      vertex 13.1 1.0641 11.8
      vertex 13.535 0.773413 11.8
    endloop
  endfacet
  facet normal 0.555609 0.831444 0
    outer loop
      vertex 13.1 1.0641 11.8
      vertex 13.535 0.773413 1
      vertex 13.1 1.0641 1
    endloop
  endfacet
  facet normal 0.588614 -0.393251 -0.706319
    outer loop
      vertex 14.2734 -74.635 1
      vertex 13.4801 -74.0263 0
      vertex 13.6981 -73.7 0
    endloop
  endfacet
  facet normal -0.393261 0.588587 -0.706336
    outer loop
      vertex -12.9263 -0.0199404 0
      vertex -13.535 0.773413 1
      vertex -12.6 0.198075 0
    endloop
  endfacet
  facet normal 0.195087 0.980786 -0
    outer loop
      vertex 12.1353 1.4637 1
      vertex 11.6221 1.56578 11.8
      vertex 12.1353 1.4637 11.8
    endloop
  endfacet
  facet normal 0.195087 0.980786 0
    outer loop
      vertex 11.6221 1.56578 11.8
      vertex 12.1353 1.4637 1
      vertex 11.6221 1.56578 1
    endloop
  endfacet
  facet normal 0.0654027 0.997859 -0
    outer loop
      vertex 11.6221 1.56578 1
      vertex 11.1 1.6 11.8
      vertex 11.6221 1.56578 11.8
    endloop
  endfacet
  facet normal 0.0654027 0.997859 0
    outer loop
      vertex 11.1 1.6 11.8
      vertex 11.6221 1.56578 1
      vertex 11.1 1.6 1
    endloop
  endfacet
  facet normal 0.588566 0.393284 -0.706341
    outer loop
      vertex 14.5641 -0.4 1
      vertex 13.6981 -0.9 0
      vertex 14.2734 0.0350447 1
    endloop
  endfacet
  facet normal 0.751827 0.659361 1.40717e-18
    outer loop
      vertex 14.2734 0.0350447 11.8
      vertex 13.9284 0.428426 1
      vertex 13.9284 0.428426 11.8
    endloop
  endfacet
  facet normal 0.751827 0.659361 1.40717e-18
    outer loop
      vertex 13.9284 0.428426 1
      vertex 14.2734 0.0350447 11.8
      vertex 14.2734 0.0350447 1
    endloop
  endfacet
  facet normal 0.694265 0.138128 -0.706341
    outer loop
      vertex 15.0658 -1.8779 1
      vertex 13.9978 -1.62354 0
      vertex 14.9637 -1.36472 1
    endloop
  endfacet
  facet normal 0.6703 0.227558 -0.706339
    outer loop
      vertex 14.9637 -1.36472 1
      vertex 13.9978 -1.62354 0
      vertex 14.7955 -0.869267 1
    endloop
  endfacet
  facet normal 0.227681 -0.670234 -0.706363
    outer loop
      vertex 12.6307 -75.8955 1
      vertex 11.8765 -75.0978 0
      vertex 12.248 -74.9716 0
    endloop
  endfacet
  facet normal 0.195124 -0.980779 0
    outer loop
      vertex 11.6221 -76.1658 1
      vertex 12.1353 -76.0637 11.8
      vertex 11.6221 -76.1658 11.8
    endloop
  endfacet
  facet normal 0.195124 -0.980779 0
    outer loop
      vertex 12.1353 -76.0637 11.8
      vertex 11.6221 -76.1658 1
      vertex 12.1353 -76.0637 1
    endloop
  endfacet
  facet normal 0.321498 -0.94691 0
    outer loop
      vertex 12.1353 -76.0637 1
      vertex 12.6307 -75.8955 11.8
      vertex 12.1353 -76.0637 11.8
    endloop
  endfacet
  facet normal 0.321498 -0.94691 0
    outer loop
      vertex 12.6307 -75.8955 11.8
      vertex 12.1353 -76.0637 1
      vertex 12.6307 -75.8955 1
    endloop
  endfacet
  facet normal 0.312948 -0.634914 -0.706362
    outer loop
      vertex 12.6307 -75.8955 1
      vertex 12.248 -74.9716 0
      vertex 12.6 -74.7981 0
    endloop
  endfacet
  facet normal 0.659343 -0.751842 0
    outer loop
      vertex 13.535 -75.3734 1
      vertex 13.9284 -75.0284 11.8
      vertex 13.535 -75.3734 11.8
    endloop
  endfacet
  facet normal 0.659343 -0.751842 0
    outer loop
      vertex 13.9284 -75.0284 11.8
      vertex 13.535 -75.3734 1
      vertex 13.9284 -75.0284 1
    endloop
  endfacet
  facet normal 0.138095 0.694265 -0.706347
    outer loop
      vertex 11.8765 0.497776 0
      vertex 11.6221 1.56578 1
      vertex 12.1353 1.4637 1
    endloop
  endfacet
  facet normal 0.63489 -0.313048 -0.706339
    outer loop
      vertex 14.5641 -74.2 1
      vertex 13.6981 -73.7 0
      vertex 14.7955 -73.7307 1
    endloop
  endfacet
  facet normal -0.6349 0.312985 -0.706358
    outer loop
      vertex -13.8716 -1.25195 0
      vertex -14.7955 -0.869267 1
      vertex -13.6981 -0.9 0
    endloop
  endfacet
  facet normal 0.393296 0.58855 -0.706347
    outer loop
      vertex 13.535 0.773413 1
      vertex 12.6 0.198075 0
      vertex 13.1 1.0641 1
    endloop
  endfacet
  facet normal 0.313066 0.634872 -0.706348
    outer loop
      vertex 13.1 1.0641 1
      vertex 12.6 0.198075 0
      vertex 12.6307 1.29552 1
    endloop
  endfacet
  facet normal 0.0462951 0.706349 -0.706349
    outer loop
      vertex 11.4916 0.574333 0
      vertex 11.1 0.599999 0
      vertex 11.6221 1.56578 1
    endloop
  endfacet
  facet normal -0.588595 0.393258 -0.706332
    outer loop
      vertex -13.6981 -0.9 0
      vertex -14.2734 0.0350447 1
      vertex -13.4801 -0.573716 0
    endloop
  endfacet
  facet normal 0.393261 0.588587 -0.706336
    outer loop
      vertex 12.9263 -0.0199404 0
      vertex 12.6 0.198075 0
      vertex 13.535 0.773413 1
    endloop
  endfacet
  facet normal -0.321464 0.946922 0
    outer loop
      vertex -12.1353 1.4637 1
      vertex -12.6307 1.29552 11.8
      vertex -12.1353 1.4637 11.8
    endloop
  endfacet
  facet normal -0.321464 0.946922 0
    outer loop
      vertex -12.6307 1.29552 11.8
      vertex -12.1353 1.4637 1
      vertex -12.6307 1.29552 1
    endloop
  endfacet
  facet normal -0.588566 0.393284 -0.706341
    outer loop
      vertex -13.6981 -0.9 0
      vertex -14.5641 -0.4 1
      vertex -14.2734 0.0350447 1
    endloop
  endfacet
  facet normal 0.670254 0.227633 -0.706359
    outer loop
      vertex 13.9978 -1.62354 0
      vertex 13.8716 -1.25195 0
      vertex 14.7955 -0.869267 1
    endloop
  endfacet
  facet normal 0.46677 0.532184 -0.706333
    outer loop
      vertex 13.2213 -0.27868 0
      vertex 12.9263 -0.0199404 0
      vertex 13.535 0.773413 1
    endloop
  endfacet
  facet normal -0.896886 0.442263 -1.18404e-18
    outer loop
      vertex -14.7955 -0.869267 1
      vertex -14.5641 -0.4 11.8
      vertex -14.5641 -0.4 1
    endloop
  endfacet
  facet normal -0.896886 0.442263 -1.18404e-18
    outer loop
      vertex -14.5641 -0.4 11.8
      vertex -14.7955 -0.869267 1
      vertex -14.7955 -0.869267 11.8
    endloop
  endfacet
  facet normal -0.980779 -0.195124 -2.0553e-19
    outer loop
      vertex -14.9637 -73.2353 1
      vertex -15.0658 -72.7221 11.8
      vertex -15.0658 -72.7221 1
    endloop
  endfacet
  facet normal -0.980779 -0.195124 -2.0553e-19
    outer loop
      vertex -15.0658 -72.7221 11.8
      vertex -14.9637 -73.2353 1
      vertex -14.9637 -73.2353 11.8
    endloop
  endfacet
  facet normal -0.195124 -0.980779 0
    outer loop
      vertex -12.1353 -76.0637 1
      vertex -11.6221 -76.1658 11.8
      vertex -12.1353 -76.0637 11.8
    endloop
  endfacet
  facet normal -0.195124 -0.980779 -0
    outer loop
      vertex -11.6221 -76.1658 11.8
      vertex -12.1353 -76.0637 1
      vertex -11.6221 -76.1658 1
    endloop
  endfacet
  facet normal -0.227585 0.670276 -0.706353
    outer loop
      vertex -12.248 0.371637 0
      vertex -12.6307 1.29552 1
      vertex -11.8765 0.497776 0
    endloop
  endfacet
  facet normal 0.588595 0.393258 -0.706332
    outer loop
      vertex 13.6981 -0.9 0
      vertex 13.4801 -0.573716 0
      vertex 14.2734 0.0350447 1
    endloop
  endfacet
  facet normal 0.442268 0.896883 -0
    outer loop
      vertex 13.1 1.0641 1
      vertex 12.6307 1.29552 11.8
      vertex 13.1 1.0641 11.8
    endloop
  endfacet
  facet normal 0.442268 0.896883 0
    outer loop
      vertex 12.6307 1.29552 11.8
      vertex 13.1 1.0641 1
      vertex 12.6307 1.29552 1
    endloop
  endfacet
  facet normal -0.588614 -0.393251 -0.706319
    outer loop
      vertex -13.4801 -74.0263 0
      vertex -14.2734 -74.635 1
      vertex -13.6981 -73.7 0
    endloop
  endfacet
  facet normal 0.980777 0.195131 -3.44747e-19
    outer loop
      vertex 15.0658 -1.8779 11.8
      vertex 14.9637 -1.36472 1
      vertex 14.9637 -1.36472 11.8
    endloop
  endfacet
  facet normal 0.980777 0.195131 -3.44747e-19
    outer loop
      vertex 14.9637 -1.36472 1
      vertex 15.0658 -1.8779 11.8
      vertex 15.0658 -1.8779 1
    endloop
  endfacet
  facet normal -0.532159 0.4668 -0.706332
    outer loop
      vertex -13.4801 -0.573716 0
      vertex -14.2734 0.0350447 1
      vertex -13.2213 -0.27868 0
    endloop
  endfacet
  facet normal -0.670254 0.227633 -0.706359
    outer loop
      vertex -13.9978 -1.62354 0
      vertex -14.7955 -0.869267 1
      vertex -13.8716 -1.25195 0
    endloop
  endfacet
  facet normal 0.670265 -0.22763 -0.706349
    outer loop
      vertex 14.7955 -73.7307 1
      vertex 13.8716 -73.3481 0
      vertex 13.9978 -72.9765 0
    endloop
  endfacet
  facet normal 0.670295 -0.227581 -0.706336
    outer loop
      vertex 14.7955 -73.7307 1
      vertex 13.9978 -72.9765 0
      vertex 14.9637 -73.2353 1
    endloop
  endfacet
  facet normal 0.227585 0.670276 -0.706353
    outer loop
      vertex 12.248 0.371637 0
      vertex 11.8765 0.497776 0
      vertex 12.6307 1.29552 1
    endloop
  endfacet
  facet normal 0.980779 -0.195124 2.0553e-19
    outer loop
      vertex 14.9637 -73.2353 11.8
      vertex 15.0658 -72.7221 1
      vertex 15.0658 -72.7221 11.8
    endloop
  endfacet
  facet normal 0.980779 -0.195124 2.0553e-19
    outer loop
      vertex 15.0658 -72.7221 1
      vertex 14.9637 -73.2353 11.8
      vertex 14.9637 -73.2353 1
    endloop
  endfacet
  facet normal -0.195087 0.980786 0
    outer loop
      vertex -11.6221 1.56578 1
      vertex -12.1353 1.4637 11.8
      vertex -11.6221 1.56578 11.8
    endloop
  endfacet
  facet normal -0.195087 0.980786 0
    outer loop
      vertex -12.1353 1.4637 11.8
      vertex -11.6221 1.56578 1
      vertex -12.1353 1.4637 1
    endloop
  endfacet
  facet normal 0.313042 0.634878 -0.706354
    outer loop
      vertex 12.6 0.198075 0
      vertex 12.248 0.371637 0
      vertex 12.6307 1.29552 1
    endloop
  endfacet
  facet normal 0.6349 0.312985 -0.706358
    outer loop
      vertex 13.8716 -1.25195 0
      vertex 13.6981 -0.9 0
      vertex 14.7955 -0.869267 1
    endloop
  endfacet
  facet normal 0.13809 0.694265 -0.706348
    outer loop
      vertex 11.8765 0.497776 0
      vertex 11.4916 0.574333 0
      vertex 11.6221 1.56578 1
    endloop
  endfacet
  facet normal -0.13809 0.694265 -0.706348
    outer loop
      vertex -11.4916 0.574333 0
      vertex -11.8765 0.497776 0
      vertex -11.6221 1.56578 1
    endloop
  endfacet
  facet normal -0.670265 -0.22763 -0.706349
    outer loop
      vertex -13.8716 -73.3481 0
      vertex -14.7955 -73.7307 1
      vertex -13.9978 -72.9765 0
    endloop
  endfacet
  facet normal -0.694267 -0.138123 -0.706339
    outer loop
      vertex -14.9637 -73.2353 1
      vertex -15.0658 -72.7221 1
      vertex -13.9978 -72.9765 0
    endloop
  endfacet
  facet normal -0.670295 -0.227581 -0.706336
    outer loop
      vertex -14.7955 -73.7307 1
      vertex -14.9637 -73.2353 1
      vertex -13.9978 -72.9765 0
    endloop
  endfacet
  facet normal -0.694263 -0.137987 -0.70637
    outer loop
      vertex -13.9978 -72.9765 0
      vertex -15.0658 -72.7221 1
      vertex -14.0743 -72.5916 0
    endloop
  endfacet
  facet normal -0.706324 -0.0463548 -0.706369
    outer loop
      vertex -14.0743 -72.5916 0
      vertex -15.0658 -72.7221 1
      vertex -14.1 -72.2 0
    endloop
  endfacet
  facet normal -0.94691 -0.321498 9.4845e-19
    outer loop
      vertex -14.7955 -73.7307 1
      vertex -14.9637 -73.2353 11.8
      vertex -14.9637 -73.2353 1
    endloop
  endfacet
  facet normal -0.94691 -0.321498 9.4845e-19
    outer loop
      vertex -14.9637 -73.2353 11.8
      vertex -14.7955 -73.7307 1
      vertex -14.7955 -73.7307 11.8
    endloop
  endfacet
  facet normal -0.751842 -0.659343 2.04352e-18
    outer loop
      vertex -13.9284 -75.0284 1
      vertex -14.2734 -74.635 11.8
      vertex -14.2734 -74.635 1
    endloop
  endfacet
  facet normal -0.751842 -0.659343 2.04352e-18
    outer loop
      vertex -14.2734 -74.635 11.8
      vertex -13.9284 -75.0284 1
      vertex -13.9284 -75.0284 11.8
    endloop
  endfacet
  facet normal -0.896898 -0.442238 9.794e-19
    outer loop
      vertex -14.5641 -74.2 1
      vertex -14.7955 -73.7307 11.8
      vertex -14.7955 -73.7307 1
    endloop
  endfacet
  facet normal -0.896898 -0.442238 9.794e-19
    outer loop
      vertex -14.7955 -73.7307 11.8
      vertex -14.5641 -74.2 1
      vertex -14.5641 -74.2 11.8
    endloop
  endfacet
  facet normal -0.831432 -0.555626 9.12937e-19
    outer loop
      vertex -14.2734 -74.635 1
      vertex -14.5641 -74.2 11.8
      vertex -14.5641 -74.2 1
    endloop
  endfacet
  facet normal -0.831432 -0.555626 9.12937e-19
    outer loop
      vertex -14.5641 -74.2 11.8
      vertex -14.2734 -74.635 1
      vertex -14.2734 -74.635 11.8
    endloop
  endfacet
  facet normal -0.997861 -0.0653646 1.2915e-19
    outer loop
      vertex -15.0658 -72.7221 1
      vertex -15.1 -72.2 11.8
      vertex -15.1 -72.2 1
    endloop
  endfacet
  facet normal -0.997861 -0.0653646 1.2915e-19
    outer loop
      vertex -15.1 -72.2 11.8
      vertex -15.0658 -72.7221 1
      vertex -15.0658 -72.7221 11.8
    endloop
  endfacet
  facet normal -0.0462951 0.706349 -0.706349
    outer loop
      vertex -11.4916 0.574333 0
      vertex -11.6221 1.56578 1
      vertex -11.1 0.599999 0
    endloop
  endfacet
  facet normal 0.896886 0.442263 1.18404e-18
    outer loop
      vertex 14.7955 -0.869267 11.8
      vertex 14.5641 -0.4 1
      vertex 14.5641 -0.4 11.8
    endloop
  endfacet
  facet normal 0.896886 0.442263 1.18404e-18
    outer loop
      vertex 14.5641 -0.4 1
      vertex 14.7955 -0.869267 11.8
      vertex 14.7955 -0.869267 1
    endloop
  endfacet
  facet normal 0.896898 -0.442238 -9.794e-19
    outer loop
      vertex 14.5641 -74.2 11.8
      vertex 14.7955 -73.7307 1
      vertex 14.7955 -73.7307 11.8
    endloop
  endfacet
  facet normal 0.896898 -0.442238 -9.794e-19
    outer loop
      vertex 14.7955 -73.7307 1
      vertex 14.5641 -74.2 11.8
      vertex 14.5641 -74.2 1
    endloop
  endfacet
  facet normal -0.46677 0.532184 -0.706333
    outer loop
      vertex -13.2213 -0.27868 0
      vertex -13.535 0.773413 1
      vertex -12.9263 -0.0199404 0
    endloop
  endfacet
  facet normal -0.694261 0.137994 -0.706371
    outer loop
      vertex -14.0743 -2.00842 0
      vertex -15.0658 -1.8779 1
      vertex -13.9978 -1.62354 0
    endloop
  endfacet
  facet normal -0.706323 0.0463571 -0.70637
    outer loop
      vertex -14.1 -2.4 0
      vertex -15.0658 -1.8779 1
      vertex -14.0743 -2.00842 0
    endloop
  endfacet
  facet normal -0.313042 0.634878 -0.706354
    outer loop
      vertex -12.6 0.198075 0
      vertex -12.6307 1.29552 1
      vertex -12.248 0.371637 0
    endloop
  endfacet
  facet normal -0.313066 0.634872 -0.706348
    outer loop
      vertex -12.6 0.198075 0
      vertex -13.1 1.0641 1
      vertex -12.6307 1.29552 1
    endloop
  endfacet
  facet normal -0.393296 0.58855 -0.706347
    outer loop
      vertex -12.6 0.198075 0
      vertex -13.535 0.773413 1
      vertex -13.1 1.0641 1
    endloop
  endfacet
  facet normal -0.466717 0.532213 -0.706346
    outer loop
      vertex -13.2213 -0.27868 0
      vertex -13.9284 0.428426 1
      vertex -13.535 0.773413 1
    endloop
  endfacet
  facet normal -0.694265 0.138128 -0.706341
    outer loop
      vertex -13.9978 -1.62354 0
      vertex -15.0658 -1.8779 1
      vertex -14.9637 -1.36472 1
    endloop
  endfacet
  facet normal -0.442268 0.896883 0
    outer loop
      vertex -12.6307 1.29552 1
      vertex -13.1 1.0641 11.8
      vertex -12.6307 1.29552 11.8
    endloop
  endfacet
  facet normal -0.442268 0.896883 0
    outer loop
      vertex -13.1 1.0641 11.8
      vertex -12.6307 1.29552 1
      vertex -13.1 1.0641 1
    endloop
  endfacet
  facet normal -0.706349 0.0462692 -0.706349
    outer loop
      vertex -14.1 -2.4 0
      vertex -15.1 -2.4 1
      vertex -15.0658 -1.8779 1
    endloop
  endfacet
  facet normal 0 0 -1
    outer loop
      vertex 11.1 -75.2 0
      vertex 14.1 -72.2 0
      vertex 14.0743 -72.5916 0
    endloop
  endfacet
  facet normal 0 0 -1
    outer loop
      vertex 14.1 -72.2 0
      vertex -14.1 -72.2 0
      vertex 14.1 -2.4 0
    endloop
  endfacet
  facet normal 0 0 -1
    outer loop
      vertex 11.1 -75.2 0
      vertex 14.0743 -72.5916 0
      vertex 13.9978 -72.9765 0
    endloop
  endfacet
  facet normal 0 0 -1
    outer loop
      vertex -14.1 -2.4 0
      vertex 14.1 -2.4 0
      vertex -14.1 -72.2 0
    endloop
  endfacet
  facet normal 0 0 -1
    outer loop
      vertex 11.1 -75.2 0
      vertex 13.9978 -72.9765 0
      vertex 13.8716 -73.3481 0
    endloop
  endfacet
  facet normal 0 -0 -1
    outer loop
      vertex 11.1 0.599999 0
      vertex 14.1 -2.4 0
      vertex -14.1 -2.4 0
    endloop
  endfacet
  facet normal 0 0 -1
    outer loop
      vertex 11.1 -75.2 0
      vertex 13.8716 -73.3481 0
      vertex 13.6981 -73.7 0
    endloop
  endfacet
  facet normal 0 0 -1
    outer loop
      vertex 14.1 -2.4 0
      vertex 11.1 0.599999 0
      vertex 14.0743 -2.00842 0
    endloop
  endfacet
  facet normal 0 0 -1
    outer loop
      vertex 11.1 -75.2 0
      vertex 13.6981 -73.7 0
      vertex 13.4801 -74.0263 0
    endloop
  endfacet
  facet normal 0 0 -1
    outer loop
      vertex 14.0743 -2.00842 0
      vertex 11.1 0.599999 0
      vertex 13.9978 -1.62354 0
    endloop
  endfacet
  facet normal 0 0 -1
    outer loop
      vertex 11.1 -75.2 0
      vertex 13.4801 -74.0263 0
      vertex 13.2213 -74.3213 0
    endloop
  endfacet
  facet normal 0 0 -1
    outer loop
      vertex 13.9978 -1.62354 0
      vertex 11.1 0.599999 0
      vertex 13.8716 -1.25195 0
    endloop
  endfacet
  facet normal 0 0 -1
    outer loop
      vertex 11.1 -75.2 0
      vertex 13.2213 -74.3213 0
      vertex 12.9263 -74.5801 0
    endloop
  endfacet
  facet normal 0 0 -1
    outer loop
      vertex 13.8716 -1.25195 0
      vertex 11.1 0.599999 0
      vertex 13.6981 -0.9 0
    endloop
  endfacet
  facet normal 0 0 -1
    outer loop
      vertex 11.1 -75.2 0
      vertex 12.9263 -74.5801 0
      vertex 12.6 -74.7981 0
    endloop
  endfacet
  facet normal 0 0 -1
    outer loop
      vertex 13.6981 -0.9 0
      vertex 11.1 0.599999 0
      vertex 13.4801 -0.573716 0
    endloop
  endfacet
  facet normal 0 0 -1
    outer loop
      vertex 11.1 -75.2 0
      vertex 12.6 -74.7981 0
      vertex 12.248 -74.9716 0
    endloop
  endfacet
  facet normal -0 0 -1
    outer loop
      vertex 14.1 -72.2 0
      vertex 11.1 -75.2 0
      vertex -14.1 -72.2 0
    endloop
  endfacet
  facet normal 0 0 -1
    outer loop
      vertex 11.1 -75.2 0
      vertex 12.248 -74.9716 0
      vertex 11.8765 -75.0978 0
    endloop
  endfacet
  facet normal 0 0 -1
    outer loop
      vertex 13.4801 -0.573716 0
      vertex 11.1 0.599999 0
      vertex 13.2213 -0.27868 0
    endloop
  endfacet
  facet normal 0 0 -1
    outer loop
      vertex 11.1 -75.2 0
      vertex 11.8765 -75.0978 0
      vertex 11.4916 -75.1743 0
    endloop
  endfacet
  facet normal 0 0 -1
    outer loop
      vertex 12.6 0.198075 0
      vertex 11.1 0.599999 0
      vertex 12.248 0.371637 0
    endloop
  endfacet
  facet normal 0 0 -1
    outer loop
      vertex 12.248 0.371637 0
      vertex 11.1 0.599999 0
      vertex 11.8765 0.497776 0
    endloop
  endfacet
  facet normal 0 0 -1
    outer loop
      vertex 11.8765 0.497776 0
      vertex 11.1 0.599999 0
      vertex 11.4916 0.574333 0
    endloop
  endfacet
  facet normal 0 0 -1
    outer loop
      vertex -14.1 -72.2 0
      vertex 11.1 -75.2 0
      vertex -11.1 -75.2 0
    endloop
  endfacet
  facet normal 0 0 -1
    outer loop
      vertex 13.2213 -0.27868 0
      vertex 11.1 0.599999 0
      vertex 12.9263 -0.0199404 0
    endloop
  endfacet
  facet normal 0 0 -1
    outer loop
      vertex -14.1 -72.2 0
      vertex -11.1 -75.2 0
      vertex -11.4916 -75.1743 0
    endloop
  endfacet
  facet normal 0 0 -1
    outer loop
      vertex 12.9263 -0.0199404 0
      vertex 11.1 0.599999 0
      vertex 12.6 0.198075 0
    endloop
  endfacet
  facet normal 0 0 -1
    outer loop
      vertex -14.1 -72.2 0
      vertex -11.4916 -75.1743 0
      vertex -11.8765 -75.0978 0
    endloop
  endfacet
  facet normal -0 0 -1
    outer loop
      vertex 11.1 0.599999 0
      vertex -14.1 -2.4 0
      vertex -11.1 0.599999 0
    endloop
  endfacet
  facet normal 0 0 -1
    outer loop
      vertex -14.1 -72.2 0
      vertex -11.8765 -75.0978 0
      vertex -12.248 -74.9716 0
    endloop
  endfacet
  facet normal 0 0 -1
    outer loop
      vertex -11.1 0.599999 0
      vertex -14.1 -2.4 0
      vertex -11.4916 0.574333 0
    endloop
  endfacet
  facet normal 0 0 -1
    outer loop
      vertex -14.1 -72.2 0
      vertex -12.248 -74.9716 0
      vertex -12.6 -74.7981 0
    endloop
  endfacet
  facet normal 0 0 -1
    outer loop
      vertex -11.4916 0.574333 0
      vertex -14.1 -2.4 0
      vertex -11.8765 0.497776 0
    endloop
  endfacet
  facet normal 0 0 -1
    outer loop
      vertex -14.1 -72.2 0
      vertex -12.6 -74.7981 0
      vertex -12.9263 -74.5801 0
    endloop
  endfacet
  facet normal 0 0 -1
    outer loop
      vertex -11.8765 0.497776 0
      vertex -14.1 -2.4 0
      vertex -12.248 0.371637 0
    endloop
  endfacet
  facet normal 0 0 -1
    outer loop
      vertex -14.1 -72.2 0
      vertex -12.9263 -74.5801 0
      vertex -13.2213 -74.3213 0
    endloop
  endfacet
  facet normal 0 0 -1
    outer loop
      vertex -12.248 0.371637 0
      vertex -14.1 -2.4 0
      vertex -12.6 0.198075 0
    endloop
  endfacet
  facet normal 0 0 -1
    outer loop
      vertex -14.1 -72.2 0
      vertex -13.2213 -74.3213 0
      vertex -13.4801 -74.0263 0
    endloop
  endfacet
  facet normal 0 0 -1
    outer loop
      vertex -12.6 0.198075 0
      vertex -14.1 -2.4 0
      vertex -12.9263 -0.0199404 0
    endloop
  endfacet
  facet normal 0 0 -1
    outer loop
      vertex -14.1 -72.2 0
      vertex -13.4801 -74.0263 0
      vertex -13.6981 -73.7 0
    endloop
  endfacet
  facet normal 0 0 -1
    outer loop
      vertex -12.9263 -0.0199404 0
      vertex -14.1 -2.4 0
      vertex -13.2213 -0.27868 0
    endloop
  endfacet
  facet normal 0 0 -1
    outer loop
      vertex -14.1 -72.2 0
      vertex -13.6981 -73.7 0
      vertex -13.8716 -73.3481 0
    endloop
  endfacet
  facet normal 0 0 -1
    outer loop
      vertex -13.2213 -0.27868 0
      vertex -14.1 -2.4 0
      vertex -13.4801 -0.573716 0
    endloop
  endfacet
  facet normal 0 0 -1
    outer loop
      vertex -14.1 -72.2 0
      vertex -13.8716 -73.3481 0
      vertex -13.9978 -72.9765 0
    endloop
  endfacet
  facet normal 0 0 -1
    outer loop
      vertex -13.4801 -0.573716 0
      vertex -14.1 -2.4 0
      vertex -13.6981 -0.9 0
    endloop
  endfacet
  facet normal 0 0 -1
    outer loop
      vertex -14.1 -72.2 0
      vertex -13.9978 -72.9765 0
      vertex -14.0743 -72.5916 0
    endloop
  endfacet
  facet normal 0 0 -1
    outer loop
      vertex -13.6981 -0.9 0
      vertex -14.1 -2.4 0
      vertex -13.8716 -1.25195 0
    endloop
  endfacet
  facet normal 0 0 -1
    outer loop
      vertex -13.8716 -1.25195 0
      vertex -14.1 -2.4 0
      vertex -13.9978 -1.62354 0
    endloop
  endfacet
  facet normal 0 0 -1
    outer loop
      vertex -13.9978 -1.62354 0
      vertex -14.1 -2.4 0
      vertex -14.0743 -2.00842 0
    endloop
  endfacet
  facet normal -0.532192 0.466739 -0.706347
    outer loop
      vertex -13.2213 -0.27868 0
      vertex -14.2734 0.0350447 1
      vertex -13.9284 0.428426 1
    endloop
  endfacet
  facet normal -0.997861 0.0653646 1.96995e-19
    outer loop
      vertex -15.1 -2.4 1
      vertex -15.0658 -1.8779 11.8
      vertex -15.0658 -1.8779 1
    endloop
  endfacet
  facet normal -0.997861 0.0653646 1.96995e-19
    outer loop
      vertex -15.0658 -1.8779 11.8
      vertex -15.1 -2.4 1
      vertex -15.1 -2.4 11.8
    endloop
  endfacet
  facet normal -0.555609 0.831444 0
    outer loop
      vertex -13.1 1.0641 1
      vertex -13.535 0.773413 11.8
      vertex -13.1 1.0641 11.8
    endloop
  endfacet
  facet normal -0.555609 0.831444 0
    outer loop
      vertex -13.535 0.773413 11.8
      vertex -13.1 1.0641 1
      vertex -13.535 0.773413 1
    endloop
  endfacet
  facet normal -0.751827 0.659361 -1.40717e-18
    outer loop
      vertex -14.2734 0.0350447 1
      vertex -13.9284 0.428426 11.8
      vertex -13.9284 0.428426 1
    endloop
  endfacet
  facet normal -0.751827 0.659361 -1.40717e-18
    outer loop
      vertex -13.9284 0.428426 11.8
      vertex -14.2734 0.0350447 1
      vertex -14.2734 0.0350447 11.8
    endloop
  endfacet
  facet normal -0.946921 0.321468 8.59656e-19
    outer loop
      vertex -14.9637 -1.36472 1
      vertex -14.7955 -0.869267 11.8
      vertex -14.7955 -0.869267 1
    endloop
  endfacet
  facet normal -0.946921 0.321468 8.59656e-19
    outer loop
      vertex -14.7955 -0.869267 11.8
      vertex -14.9637 -1.36472 1
      vertex -14.9637 -1.36472 11.8
    endloop
  endfacet
  facet normal -0.6703 0.227558 -0.706339
    outer loop
      vertex -13.9978 -1.62354 0
      vertex -14.9637 -1.36472 1
      vertex -14.7955 -0.869267 1
    endloop
  endfacet
  facet normal -0 0 1
    outer loop
      vertex -11.1 1.6 11.8
      vertex -8.14999 0 11.8
      vertex -8.14999 1.6 11.8
    endloop
  endfacet
  facet normal 0 0 1
    outer loop
      vertex -11.1 1.6 11.8
      vertex -11.1 0 11.8
      vertex -8.14999 0 11.8
    endloop
  endfacet
  facet normal 0 0 1
    outer loop
      vertex -11.1 1.6 11.8
      vertex -11.4133 -0.0205317 11.8
      vertex -11.1 0 11.8
    endloop
  endfacet
  facet normal -0 0 1
    outer loop
      vertex -11.6221 1.56578 11.8
      vertex -11.4133 -0.0205317 11.8
      vertex -11.1 1.6 11.8
    endloop
  endfacet
  facet normal 0 0 1
    outer loop
      vertex -11.6221 1.56578 11.8
      vertex -11.7212 -0.0817776 11.8
      vertex -11.4133 -0.0205317 11.8
    endloop
  endfacet
  facet normal -0 0 1
    outer loop
      vertex -12.1353 1.4637 11.8
      vertex -11.7212 -0.0817776 11.8
      vertex -11.6221 1.56578 11.8
    endloop
  endfacet
  facet normal 0 0 1
    outer loop
      vertex -11.7212 -0.0817776 11.8
      vertex -12.1353 1.4637 11.8
      vertex -12.0184 -0.182689 11.8
    endloop
  endfacet
  facet normal -0 0 1
    outer loop
      vertex -12.6307 1.29552 11.8
      vertex -12.0184 -0.182689 11.8
      vertex -12.1353 1.4637 11.8
    endloop
  endfacet
  facet normal 0 0 1
    outer loop
      vertex -12.0184 -0.182689 11.8
      vertex -12.6307 1.29552 11.8
      vertex -12.3 -0.321539 11.8
    endloop
  endfacet
  facet normal -0 0 1
    outer loop
      vertex -13.1 1.0641 11.8
      vertex -12.3 -0.321539 11.8
      vertex -12.6307 1.29552 11.8
    endloop
  endfacet
  facet normal 0 0 1
    outer loop
      vertex -12.3 -0.321539 11.8
      vertex -13.1 1.0641 11.8
      vertex -12.561 -0.495952 11.8
    endloop
  endfacet
  facet normal -0 0 1
    outer loop
      vertex -13.535 0.773413 11.8
      vertex -12.561 -0.495952 11.8
      vertex -13.1 1.0641 11.8
    endloop
  endfacet
  facet normal 0 0 1
    outer loop
      vertex -12.561 -0.495952 11.8
      vertex -13.535 0.773413 11.8
      vertex -12.7971 -0.702943 11.8
    endloop
  endfacet
  facet normal -0 0 1
    outer loop
      vertex -13.9284 0.428426 11.8
      vertex -12.7971 -0.702943 11.8
      vertex -13.535 0.773413 11.8
    endloop
  endfacet
  facet normal 0 0 1
    outer loop
      vertex -12.7971 -0.702943 11.8
      vertex -13.9284 0.428426 11.8
      vertex -13.004 -0.938972 11.8
    endloop
  endfacet
  facet normal -0 0 1
    outer loop
      vertex -14.2734 0.0350447 11.8
      vertex -13.004 -0.938972 11.8
      vertex -13.9284 0.428426 11.8
    endloop
  endfacet
  facet normal 0 0 1
    outer loop
      vertex -13.004 -0.938972 11.8
      vertex -14.2734 0.0350447 11.8
      vertex -13.1785 -1.2 11.8
    endloop
  endfacet
  facet normal -0 0 1
    outer loop
      vertex -14.7955 -0.869267 11.8
      vertex -13.3173 -1.48156 11.8
      vertex -14.5641 -0.4 11.8
    endloop
  endfacet
  facet normal 0 0 1
    outer loop
      vertex -13.1785 -1.2 11.8
      vertex -14.5641 -0.4 11.8
      vertex -13.3173 -1.48156 11.8
    endloop
  endfacet
  facet normal -0 0 1
    outer loop
      vertex -14.5641 -0.4 11.8
      vertex -13.1785 -1.2 11.8
      vertex -14.2734 0.0350447 11.8
    endloop
  endfacet
  facet normal 0 0 1
    outer loop
      vertex 13.5 -2.4 11.8
      vertex 15.1 -2.4 11.8
      vertex 15.0658 -1.8779 11.8
    endloop
  endfacet
  facet normal 0 0 1
    outer loop
      vertex 15.1 -2.4 11.8
      vertex 13.5 -2.4 11.8
      vertex 15.1 -72.2 11.8
    endloop
  endfacet
  facet normal 0 0 1
    outer loop
      vertex 13.4795 -2.08674 11.8
      vertex 15.0658 -1.8779 11.8
      vertex 14.9637 -1.36472 11.8
    endloop
  endfacet
  facet normal 0 0 1
    outer loop
      vertex 13.5 -72.2 11.8
      vertex 15.1 -72.2 11.8
      vertex 13.5 -2.4 11.8
    endloop
  endfacet
  facet normal 0 0 1
    outer loop
      vertex 13.4182 -1.77883 11.8
      vertex 14.9637 -1.36472 11.8
      vertex 14.7955 -0.869267 11.8
    endloop
  endfacet
  facet normal 0 0 1
    outer loop
      vertex 15.1 -72.2 11.8
      vertex 13.5 -72.2 11.8
      vertex 15.0658 -72.7221 11.8
    endloop
  endfacet
  facet normal 0 0 1
    outer loop
      vertex 13.3173 -1.48156 11.8
      vertex 14.7955 -0.869267 11.8
      vertex 14.5641 -0.4 11.8
    endloop
  endfacet
  facet normal -0 0 1
    outer loop
      vertex 13.4795 -72.5133 11.8
      vertex 15.0658 -72.7221 11.8
      vertex 13.5 -72.2 11.8
    endloop
  endfacet
  facet normal 0 0 1
    outer loop
      vertex 13.1785 -1.2 11.8
      vertex 14.5641 -0.4 11.8
      vertex 14.2734 0.0350447 11.8
    endloop
  endfacet
  facet normal 0 0 1
    outer loop
      vertex 15.0658 -72.7221 11.8
      vertex 13.4795 -72.5133 11.8
      vertex 14.9637 -73.2353 11.8
    endloop
  endfacet
  facet normal 0 0 1
    outer loop
      vertex 13.004 -0.938972 11.8
      vertex 14.2734 0.0350447 11.8
      vertex 13.9284 0.428426 11.8
    endloop
  endfacet
  facet normal -0 0 1
    outer loop
      vertex 13.4182 -72.8212 11.8
      vertex 14.9637 -73.2353 11.8
      vertex 13.4795 -72.5133 11.8
    endloop
  endfacet
  facet normal 0 0 1
    outer loop
      vertex 12.7971 -0.702943 11.8
      vertex 13.9284 0.428426 11.8
      vertex 13.535 0.773413 11.8
    endloop
  endfacet
  facet normal 0 0 1
    outer loop
      vertex 14.9637 -73.2353 11.8
      vertex 13.4182 -72.8212 11.8
      vertex 14.7955 -73.7307 11.8
    endloop
  endfacet
  facet normal -0 0 1
    outer loop
      vertex 13.3173 -73.1184 11.8
      vertex 14.7955 -73.7307 11.8
      vertex 13.4182 -72.8212 11.8
    endloop
  endfacet
  facet normal 0 0 1
    outer loop
      vertex 15.0658 -1.8779 11.8
      vertex 13.4795 -2.08674 11.8
      vertex 13.5 -2.4 11.8
    endloop
  endfacet
  facet normal 0 0 1
    outer loop
      vertex 14.9637 -1.36472 11.8
      vertex 13.4182 -1.77883 11.8
      vertex 13.4795 -2.08674 11.8
    endloop
  endfacet
  facet normal 0 0 1
    outer loop
      vertex 14.7955 -0.869267 11.8
      vertex 13.3173 -1.48156 11.8
      vertex 13.4182 -1.77883 11.8
    endloop
  endfacet
  facet normal 0 0 1
    outer loop
      vertex 14.5641 -0.4 11.8
      vertex 13.1785 -1.2 11.8
      vertex 13.3173 -1.48156 11.8
    endloop
  endfacet
  facet normal 0 0 1
    outer loop
      vertex 12.561 -0.495952 11.8
      vertex 13.535 0.773413 11.8
      vertex 13.1 1.0641 11.8
    endloop
  endfacet
  facet normal 0 0 1
    outer loop
      vertex 14.2734 0.0350447 11.8
      vertex 13.004 -0.938972 11.8
      vertex 13.1785 -1.2 11.8
    endloop
  endfacet
  facet normal 0 0 1
    outer loop
      vertex 13.9284 0.428426 11.8
      vertex 12.7971 -0.702943 11.8
      vertex 13.004 -0.938972 11.8
    endloop
  endfacet
  facet normal 0 0 1
    outer loop
      vertex 12.3 -0.321539 11.8
      vertex 13.1 1.0641 11.8
      vertex 12.6307 1.29552 11.8
    endloop
  endfacet
  facet normal 0 0 1
    outer loop
      vertex 13.535 0.773413 11.8
      vertex 12.561 -0.495952 11.8
      vertex 12.7971 -0.702943 11.8
    endloop
  endfacet
  facet normal 0 0 1
    outer loop
      vertex 13.1 1.0641 11.8
      vertex 12.3 -0.321539 11.8
      vertex 12.561 -0.495952 11.8
    endloop
  endfacet
  facet normal 0 0 1
    outer loop
      vertex 12.0184 -0.182689 11.8
      vertex 12.6307 1.29552 11.8
      vertex 12.1353 1.4637 11.8
    endloop
  endfacet
  facet normal 0 0 1
    outer loop
      vertex 12.6307 1.29552 11.8
      vertex 12.0184 -0.182689 11.8
      vertex 12.3 -0.321539 11.8
    endloop
  endfacet
  facet normal 0 0 1
    outer loop
      vertex 12.1353 1.4637 11.8
      vertex 11.7212 -0.0817776 11.8
      vertex 12.0184 -0.182689 11.8
    endloop
  endfacet
  facet normal 0 0 1
    outer loop
      vertex 11.6221 1.56578 11.8
      vertex 11.7212 -0.0817776 11.8
      vertex 12.1353 1.4637 11.8
    endloop
  endfacet
  facet normal 0 0 1
    outer loop
      vertex 11.6221 1.56578 11.8
      vertex 11.4133 -0.0205317 11.8
      vertex 11.7212 -0.0817776 11.8
    endloop
  endfacet
  facet normal 0 0 1
    outer loop
      vertex 11.1 1.6 11.8
      vertex 11.4133 -0.0205317 11.8
      vertex 11.6221 1.56578 11.8
    endloop
  endfacet
  facet normal 0 0 1
    outer loop
      vertex 11.1 1.6 11.8
      vertex 11.1 0 11.8
      vertex 11.4133 -0.0205317 11.8
    endloop
  endfacet
  facet normal -0 0 1
    outer loop
      vertex 8.14999 1.6 11.8
      vertex 11.1 0 11.8
      vertex 11.1 1.6 11.8
    endloop
  endfacet
  facet normal 0 0 1
    outer loop
      vertex 11.1 0 11.8
      vertex 8.14999 1.6 11.8
      vertex 8.14999 0 11.8
    endloop
  endfacet
  facet normal 0 0 1
    outer loop
      vertex 14.7955 -73.7307 11.8
      vertex 13.3173 -73.1184 11.8
      vertex 14.5641 -74.2 11.8
    endloop
  endfacet
  facet normal -0 0 1
    outer loop
      vertex 13.1785 -73.4 11.8
      vertex 14.5641 -74.2 11.8
      vertex 13.3173 -73.1184 11.8
    endloop
  endfacet
  facet normal 0 0 1
    outer loop
      vertex 14.5641 -74.2 11.8
      vertex 13.1785 -73.4 11.8
      vertex 14.2734 -74.635 11.8
    endloop
  endfacet
  facet normal -0 0 1
    outer loop
      vertex 13.004 -73.661 11.8
      vertex 14.2734 -74.635 11.8
      vertex 13.1785 -73.4 11.8
    endloop
  endfacet
  facet normal 0 0 1
    outer loop
      vertex 14.2734 -74.635 11.8
      vertex 13.004 -73.661 11.8
      vertex 13.9284 -75.0284 11.8
    endloop
  endfacet
  facet normal -0 0 1
    outer loop
      vertex 12.7971 -73.8971 11.8
      vertex 13.9284 -75.0284 11.8
      vertex 13.004 -73.661 11.8
    endloop
  endfacet
  facet normal 0 0 1
    outer loop
      vertex 13.9284 -75.0284 11.8
      vertex 12.7971 -73.8971 11.8
      vertex 13.535 -75.3734 11.8
    endloop
  endfacet
  facet normal -0 0 1
    outer loop
      vertex 12.561 -74.104 11.8
      vertex 13.535 -75.3734 11.8
      vertex 12.7971 -73.8971 11.8
    endloop
  endfacet
  facet normal 0 0 1
    outer loop
      vertex 13.535 -75.3734 11.8
      vertex 12.561 -74.104 11.8
      vertex 13.1 -75.6641 11.8
    endloop
  endfacet
  facet normal -0 0 1
    outer loop
      vertex 12.3 -74.2785 11.8
      vertex 13.1 -75.6641 11.8
      vertex 12.561 -74.104 11.8
    endloop
  endfacet
  facet normal 0 0 1
    outer loop
      vertex 13.1 -75.6641 11.8
      vertex 12.3 -74.2785 11.8
      vertex 12.6307 -75.8955 11.8
    endloop
  endfacet
  facet normal -0 0 1
    outer loop
      vertex 12.0184 -74.4173 11.8
      vertex 12.6307 -75.8955 11.8
      vertex 12.3 -74.2785 11.8
    endloop
  endfacet
  facet normal 0 0 1
    outer loop
      vertex 12.6307 -75.8955 11.8
      vertex 12.0184 -74.4173 11.8
      vertex 12.1353 -76.0637 11.8
    endloop
  endfacet
  facet normal -0 0 1
    outer loop
      vertex 11.7212 -74.5182 11.8
      vertex 12.1353 -76.0637 11.8
      vertex 12.0184 -74.4173 11.8
    endloop
  endfacet
  facet normal 0 0 1
    outer loop
      vertex 11.7212 -74.5182 11.8
      vertex 11.6221 -76.1658 11.8
      vertex 12.1353 -76.0637 11.8
    endloop
  endfacet
  facet normal -0 0 1
    outer loop
      vertex 11.4133 -74.5795 11.8
      vertex 11.6221 -76.1658 11.8
      vertex 11.7212 -74.5182 11.8
    endloop
  endfacet
  facet normal -0 0 1
    outer loop
      vertex 11.1 -74.6 11.8
      vertex 11.6221 -76.1658 11.8
      vertex 11.4133 -74.5795 11.8
    endloop
  endfacet
  facet normal 0 0 1
    outer loop
      vertex 11.1 -74.6 11.8
      vertex 11.1 -76.2 11.8
      vertex 11.6221 -76.1658 11.8
    endloop
  endfacet
  facet normal -0 0 1
    outer loop
      vertex -11.1 -74.6 11.8
      vertex 11.1 -76.2 11.8
      vertex 11.1 -74.6 11.8
    endloop
  endfacet
  facet normal 0 0 1
    outer loop
      vertex -11.1 -74.6 11.8
      vertex -11.1 -76.2 11.8
      vertex 11.1 -76.2 11.8
    endloop
  endfacet
  facet normal 0 0 1
    outer loop
      vertex -11.4133 -74.5795 11.8
      vertex -11.1 -76.2 11.8
      vertex -11.1 -74.6 11.8
    endloop
  endfacet
  facet normal 0 0 1
    outer loop
      vertex -11.4133 -74.5795 11.8
      vertex -11.6221 -76.1658 11.8
      vertex -11.1 -76.2 11.8
    endloop
  endfacet
  facet normal 0 0 1
    outer loop
      vertex -11.7212 -74.5182 11.8
      vertex -11.6221 -76.1658 11.8
      vertex -11.4133 -74.5795 11.8
    endloop
  endfacet
  facet normal 0 0 1
    outer loop
      vertex -12.1353 -76.0637 11.8
      vertex -11.7212 -74.5182 11.8
      vertex -12.0184 -74.4173 11.8
    endloop
  endfacet
  facet normal 0 0 1
    outer loop
      vertex -11.7212 -74.5182 11.8
      vertex -12.1353 -76.0637 11.8
      vertex -11.6221 -76.1658 11.8
    endloop
  endfacet
  facet normal 0 0 1
    outer loop
      vertex -12.6307 -75.8955 11.8
      vertex -12.0184 -74.4173 11.8
      vertex -12.3 -74.2785 11.8
    endloop
  endfacet
  facet normal 0 0 1
    outer loop
      vertex -13.1 -75.6641 11.8
      vertex -12.3 -74.2785 11.8
      vertex -12.561 -74.104 11.8
    endloop
  endfacet
  facet normal 0 0 1
    outer loop
      vertex -12.0184 -74.4173 11.8
      vertex -12.6307 -75.8955 11.8
      vertex -12.1353 -76.0637 11.8
    endloop
  endfacet
  facet normal 0 0 1
    outer loop
      vertex -13.535 -75.3734 11.8
      vertex -12.561 -74.104 11.8
      vertex -12.7971 -73.8971 11.8
    endloop
  endfacet
  facet normal 0 0 1
    outer loop
      vertex -13.9284 -75.0284 11.8
      vertex -12.7971 -73.8971 11.8
      vertex -13.004 -73.661 11.8
    endloop
  endfacet
  facet normal 0 0 1
    outer loop
      vertex -12.3 -74.2785 11.8
      vertex -13.1 -75.6641 11.8
      vertex -12.6307 -75.8955 11.8
    endloop
  endfacet
  facet normal 0 0 1
    outer loop
      vertex -14.2734 -74.635 11.8
      vertex -13.004 -73.661 11.8
      vertex -13.1785 -73.4 11.8
    endloop
  endfacet
  facet normal 0 0 1
    outer loop
      vertex -14.5641 -74.2 11.8
      vertex -13.1785 -73.4 11.8
      vertex -13.3173 -73.1184 11.8
    endloop
  endfacet
  facet normal 0 0 1
    outer loop
      vertex -14.7955 -73.7307 11.8
      vertex -13.3173 -73.1184 11.8
      vertex -13.4182 -72.8212 11.8
    endloop
  endfacet
  facet normal 0 0 1
    outer loop
      vertex -14.9637 -73.2353 11.8
      vertex -13.4182 -72.8212 11.8
      vertex -13.4795 -72.5133 11.8
    endloop
  endfacet
  facet normal 0 0 1
    outer loop
      vertex -12.561 -74.104 11.8
      vertex -13.535 -75.3734 11.8
      vertex -13.1 -75.6641 11.8
    endloop
  endfacet
  facet normal 0 0 1
    outer loop
      vertex -15.0658 -72.7221 11.8
      vertex -13.4795 -72.5133 11.8
      vertex -13.5 -72.2 11.8
    endloop
  endfacet
  facet normal 0 0 1
    outer loop
      vertex -13.5 -2.4 11.8
      vertex -15.1 -2.4 11.8
      vertex -13.5 -72.2 11.8
    endloop
  endfacet
  facet normal 0 0 1
    outer loop
      vertex -13.3173 -1.48156 11.8
      vertex -14.7955 -0.869267 11.8
      vertex -13.4182 -1.77883 11.8
    endloop
  endfacet
  facet normal 0 0 1
    outer loop
      vertex -15.1 -72.2 11.8
      vertex -13.5 -72.2 11.8
      vertex -15.1 -2.4 11.8
    endloop
  endfacet
  facet normal -0 0 1
    outer loop
      vertex -14.9637 -1.36472 11.8
      vertex -13.4182 -1.77883 11.8
      vertex -14.7955 -0.869267 11.8
    endloop
  endfacet
  facet normal 0 -0 1
    outer loop
      vertex -15.0658 -72.7221 11.8
      vertex -13.5 -72.2 11.8
      vertex -15.1 -72.2 11.8
    endloop
  endfacet
  facet normal 0 0 1
    outer loop
      vertex -13.4182 -1.77883 11.8
      vertex -14.9637 -1.36472 11.8
      vertex -13.4795 -2.08674 11.8
    endloop
  endfacet
  facet normal 0 0 1
    outer loop
      vertex -12.7971 -73.8971 11.8
      vertex -13.9284 -75.0284 11.8
      vertex -13.535 -75.3734 11.8
    endloop
  endfacet
  facet normal -0 0 1
    outer loop
      vertex -15.0658 -1.8779 11.8
      vertex -13.4795 -2.08674 11.8
      vertex -14.9637 -1.36472 11.8
    endloop
  endfacet
  facet normal 0 0 1
    outer loop
      vertex -13.004 -73.661 11.8
      vertex -14.2734 -74.635 11.8
      vertex -13.9284 -75.0284 11.8
    endloop
  endfacet
  facet normal 0 0 1
    outer loop
      vertex -13.4795 -2.08674 11.8
      vertex -15.0658 -1.8779 11.8
      vertex -13.5 -2.4 11.8
    endloop
  endfacet
  facet normal 0 0 1
    outer loop
      vertex -13.1785 -73.4 11.8
      vertex -14.5641 -74.2 11.8
      vertex -14.2734 -74.635 11.8
    endloop
  endfacet
  facet normal 0 0 1
    outer loop
      vertex -13.5 -2.4 11.8
      vertex -15.0658 -1.8779 11.8
      vertex -15.1 -2.4 11.8
    endloop
  endfacet
  facet normal 0 0 1
    outer loop
      vertex -13.3173 -73.1184 11.8
      vertex -14.7955 -73.7307 11.8
      vertex -14.5641 -74.2 11.8
    endloop
  endfacet
  facet normal 0 0 1
    outer loop
      vertex -13.4182 -72.8212 11.8
      vertex -14.9637 -73.2353 11.8
      vertex -14.7955 -73.7307 11.8
    endloop
  endfacet
  facet normal 0 0 1
    outer loop
      vertex -13.4795 -72.5133 11.8
      vertex -15.0658 -72.7221 11.8
      vertex -14.9637 -73.2353 11.8
    endloop
  endfacet
  facet normal 0 0 1
    outer loop
      vertex -8.5 -68.1 11.8
      vertex -6.75 -68.1 11.8
      vertex -6.77353 -67.7411 11.8
    endloop
  endfacet
  facet normal 0 0 1
    outer loop
      vertex -8.50855 -67.9695 11.8
      vertex -6.77353 -67.7411 11.8
      vertex -6.8437 -67.3882 11.8
    endloop
  endfacet
  facet normal 0 0 1
    outer loop
      vertex -6.75 -68.1 11.8
      vertex -8.5 -68.1 11.8
      vertex -6.77353 -68.4589 11.8
    endloop
  endfacet
  facet normal 0 0 1
    outer loop
      vertex -8.53407 -67.8412 11.8
      vertex -6.8437 -67.3882 11.8
      vertex -6.95933 -67.0476 11.8
    endloop
  endfacet
  facet normal -0 0 1
    outer loop
      vertex -8.50855 -68.2305 11.8
      vertex -6.77353 -68.4589 11.8
      vertex -8.5 -68.1 11.8
    endloop
  endfacet
  facet normal 0 0 1
    outer loop
      vertex -8.57612 -67.7173 11.8
      vertex -6.95933 -67.0476 11.8
      vertex -7.11843 -66.725 11.8
    endloop
  endfacet
  facet normal 0 0 1
    outer loop
      vertex -6.77353 -68.4589 11.8
      vertex -8.50855 -68.2305 11.8
      vertex -6.8437 -68.8118 11.8
    endloop
  endfacet
  facet normal 0 0 1
    outer loop
      vertex -8.63397 -67.6 11.8
      vertex -7.11843 -66.725 11.8
      vertex -7.31828 -66.4259 11.8
    endloop
  endfacet
  facet normal -0 0 1
    outer loop
      vertex -8.53407 -68.3588 11.8
      vertex -6.8437 -68.8118 11.8
      vertex -8.50855 -68.2305 11.8
    endloop
  endfacet
  facet normal 0 0 1
    outer loop
      vertex -8.70665 -67.4912 11.8
      vertex -7.31828 -66.4259 11.8
      vertex -7.55546 -66.1555 11.8
    endloop
  endfacet
  facet normal 0 0 1
    outer loop
      vertex -6.8437 -68.8118 11.8
      vertex -8.53407 -68.3588 11.8
      vertex -6.95933 -69.1524 11.8
    endloop
  endfacet
  facet normal 0 0 1
    outer loop
      vertex -8.79289 -67.3929 11.8
      vertex -7.55546 -66.1555 11.8
      vertex -7.82591 -65.9183 11.8
    endloop
  endfacet
  facet normal -0 0 1
    outer loop
      vertex -8.57612 -68.4827 11.8
      vertex -6.95933 -69.1524 11.8
      vertex -8.53407 -68.3588 11.8
    endloop
  endfacet
  facet normal 0 0 1
    outer loop
      vertex -8.89124 -67.3066 11.8
      vertex -7.82591 -65.9183 11.8
      vertex -8.125 -65.7184 11.8
    endloop
  endfacet
  facet normal 0 0 1
    outer loop
      vertex -6.95933 -69.1524 11.8
      vertex -8.57612 -68.4827 11.8
      vertex -7.11843 -69.475 11.8
    endloop
  endfacet
  facet normal 0 0 1
    outer loop
      vertex -9 -67.234 11.8
      vertex -8.125 -65.7184 11.8
      vertex -8.44762 -65.5593 11.8
    endloop
  endfacet
  facet normal -0 0 1
    outer loop
      vertex -8.63397 -68.6 11.8
      vertex -7.11843 -69.475 11.8
      vertex -8.57612 -68.4827 11.8
    endloop
  endfacet
  facet normal 0 0 1
    outer loop
      vertex -7.11843 -69.475 11.8
      vertex -8.63397 -68.6 11.8
      vertex -7.31828 -69.7741 11.8
    endloop
  endfacet
  facet normal 0 0 1
    outer loop
      vertex -6.77353 -67.7411 11.8
      vertex -8.50855 -67.9695 11.8
      vertex -8.5 -68.1 11.8
    endloop
  endfacet
  facet normal 0 0 1
    outer loop
      vertex -6.8437 -67.3882 11.8
      vertex -8.53407 -67.8412 11.8
      vertex -8.50855 -67.9695 11.8
    endloop
  endfacet
  facet normal 0 0 1
    outer loop
      vertex -6.95933 -67.0476 11.8
      vertex -8.57612 -67.7173 11.8
      vertex -8.53407 -67.8412 11.8
    endloop
  endfacet
  facet normal 0 0 1
    outer loop
      vertex -7.11843 -66.725 11.8
      vertex -8.63397 -67.6 11.8
      vertex -8.57612 -67.7173 11.8
    endloop
  endfacet
  facet normal 0 0 1
    outer loop
      vertex -7.31828 -66.4259 11.8
      vertex -8.70665 -67.4912 11.8
      vertex -8.63397 -67.6 11.8
    endloop
  endfacet
  facet normal 0 0 1
    outer loop
      vertex -9.11732 -67.1761 11.8
      vertex -8.44762 -65.5593 11.8
      vertex -8.78825 -65.4437 11.8
    endloop
  endfacet
  facet normal 0 0 1
    outer loop
      vertex -7.55546 -66.1555 11.8
      vertex -8.79289 -67.3929 11.8
      vertex -8.70665 -67.4912 11.8
    endloop
  endfacet
  facet normal 0 0 1
    outer loop
      vertex -7.82591 -65.9183 11.8
      vertex -8.89124 -67.3066 11.8
      vertex -8.79289 -67.3929 11.8
    endloop
  endfacet
  facet normal 0 0 1
    outer loop
      vertex -8.125 -65.7184 11.8
      vertex -9 -67.234 11.8
      vertex -8.89124 -67.3066 11.8
    endloop
  endfacet
  facet normal 0 0 1
    outer loop
      vertex -8.44762 -65.5593 11.8
      vertex -9.11732 -67.1761 11.8
      vertex -9 -67.234 11.8
    endloop
  endfacet
  facet normal 0 0 1
    outer loop
      vertex -9.24118 -67.1341 11.8
      vertex -8.78825 -65.4437 11.8
      vertex -9.14105 -65.3735 11.8
    endloop
  endfacet
  facet normal 0 0 1
    outer loop
      vertex -8.78825 -65.4437 11.8
      vertex -9.24118 -67.1341 11.8
      vertex -9.11732 -67.1761 11.8
    endloop
  endfacet
  facet normal 0 0 1
    outer loop
      vertex -9.14105 -65.3735 11.8
      vertex -9.36947 -67.1086 11.8
      vertex -9.24118 -67.1341 11.8
    endloop
  endfacet
  facet normal 0 0 1
    outer loop
      vertex -9.5 -65.35 11.8
      vertex -9.36947 -67.1086 11.8
      vertex -9.14105 -65.3735 11.8
    endloop
  endfacet
  facet normal 0 0 1
    outer loop
      vertex -9.5 -65.35 11.8
      vertex -9.5 -67.1 11.8
      vertex -9.36947 -67.1086 11.8
    endloop
  endfacet
  facet normal 0 0 1
    outer loop
      vertex -9.5 -65.35 11.8
      vertex -9.63053 -67.1086 11.8
      vertex -9.5 -67.1 11.8
    endloop
  endfacet
  facet normal -0 0 1
    outer loop
      vertex -9.85895 -65.3735 11.8
      vertex -9.63053 -67.1086 11.8
      vertex -9.5 -65.35 11.8
    endloop
  endfacet
  facet normal 0 0 1
    outer loop
      vertex -9.63053 -67.1086 11.8
      vertex -9.85895 -65.3735 11.8
      vertex -9.75882 -67.1341 11.8
    endloop
  endfacet
  facet normal -0 0 1
    outer loop
      vertex -10.2118 -65.4437 11.8
      vertex -9.75882 -67.1341 11.8
      vertex -9.85895 -65.3735 11.8
    endloop
  endfacet
  facet normal 0 0 1
    outer loop
      vertex -9.75882 -67.1341 11.8
      vertex -10.2118 -65.4437 11.8
      vertex -9.88268 -67.1761 11.8
    endloop
  endfacet
  facet normal -0 0 1
    outer loop
      vertex -10.5524 -65.5593 11.8
      vertex -9.88268 -67.1761 11.8
      vertex -10.2118 -65.4437 11.8
    endloop
  endfacet
  facet normal 0 0 1
    outer loop
      vertex -9.88268 -67.1761 11.8
      vertex -10.5524 -65.5593 11.8
      vertex -10 -67.234 11.8
    endloop
  endfacet
  facet normal -0 0 1
    outer loop
      vertex -10.875 -65.7184 11.8
      vertex -10 -67.234 11.8
      vertex -10.5524 -65.5593 11.8
    endloop
  endfacet
  facet normal 0 0 1
    outer loop
      vertex -10 -67.234 11.8
      vertex -10.875 -65.7184 11.8
      vertex -10.1088 -67.3066 11.8
    endloop
  endfacet
  facet normal -0 0 1
    outer loop
      vertex -11.1741 -65.9183 11.8
      vertex -10.1088 -67.3066 11.8
      vertex -10.875 -65.7184 11.8
    endloop
  endfacet
  facet normal 0 0 1
    outer loop
      vertex -10.1088 -67.3066 11.8
      vertex -11.1741 -65.9183 11.8
      vertex -10.2071 -67.3929 11.8
    endloop
  endfacet
  facet normal -0 0 1
    outer loop
      vertex -11.4445 -66.1555 11.8
      vertex -10.2071 -67.3929 11.8
      vertex -11.1741 -65.9183 11.8
    endloop
  endfacet
  facet normal 0 0 1
    outer loop
      vertex -10.2071 -67.3929 11.8
      vertex -11.4445 -66.1555 11.8
      vertex -10.2934 -67.4912 11.8
    endloop
  endfacet
  facet normal 0 0 1
    outer loop
      vertex -10.2934 -67.4912 11.8
      vertex -11.6817 -66.4259 11.8
      vertex -10.366 -67.6 11.8
    endloop
  endfacet
  facet normal -0 0 1
    outer loop
      vertex -11.6817 -66.4259 11.8
      vertex -10.2934 -67.4912 11.8
      vertex -11.4445 -66.1555 11.8
    endloop
  endfacet
  facet normal -0 0 1
    outer loop
      vertex -8.70665 -68.7088 11.8
      vertex -7.31828 -69.7741 11.8
      vertex -8.63397 -68.6 11.8
    endloop
  endfacet
  facet normal 0 0 1
    outer loop
      vertex -7.31828 -69.7741 11.8
      vertex -8.70665 -68.7088 11.8
      vertex -7.55546 -70.0445 11.8
    endloop
  endfacet
  facet normal -0 0 1
    outer loop
      vertex -8.79289 -68.8071 11.8
      vertex -7.55546 -70.0445 11.8
      vertex -8.70665 -68.7088 11.8
    endloop
  endfacet
  facet normal 0 0 1
    outer loop
      vertex -7.55546 -70.0445 11.8
      vertex -8.79289 -68.8071 11.8
      vertex -7.82591 -70.2817 11.8
    endloop
  endfacet
  facet normal -0 0 1
    outer loop
      vertex -8.89124 -68.8934 11.8
      vertex -7.82591 -70.2817 11.8
      vertex -8.79289 -68.8071 11.8
    endloop
  endfacet
  facet normal 0 0 1
    outer loop
      vertex -7.82591 -70.2817 11.8
      vertex -8.89124 -68.8934 11.8
      vertex -8.125 -70.4816 11.8
    endloop
  endfacet
  facet normal -0 0 1
    outer loop
      vertex -9 -68.966 11.8
      vertex -8.125 -70.4816 11.8
      vertex -8.89124 -68.8934 11.8
    endloop
  endfacet
  facet normal 0 0 1
    outer loop
      vertex -8.125 -70.4816 11.8
      vertex -9 -68.966 11.8
      vertex -8.44762 -70.6407 11.8
    endloop
  endfacet
  facet normal -0 0 1
    outer loop
      vertex -9.11732 -69.0239 11.8
      vertex -8.44762 -70.6407 11.8
      vertex -9 -68.966 11.8
    endloop
  endfacet
  facet normal 0 0 1
    outer loop
      vertex -8.44762 -70.6407 11.8
      vertex -9.11732 -69.0239 11.8
      vertex -8.78825 -70.7563 11.8
    endloop
  endfacet
  facet normal -0 0 1
    outer loop
      vertex -9.24118 -69.0659 11.8
      vertex -8.78825 -70.7563 11.8
      vertex -9.11732 -69.0239 11.8
    endloop
  endfacet
  facet normal 0 0 1
    outer loop
      vertex -8.78825 -70.7563 11.8
      vertex -9.24118 -69.0659 11.8
      vertex -9.14105 -70.8265 11.8
    endloop
  endfacet
  facet normal -0 0 1
    outer loop
      vertex -9.36947 -69.0914 11.8
      vertex -9.14105 -70.8265 11.8
      vertex -9.24118 -69.0659 11.8
    endloop
  endfacet
  facet normal -0 0 1
    outer loop
      vertex -9.5 -69.1 11.8
      vertex -9.14105 -70.8265 11.8
      vertex -9.36947 -69.0914 11.8
    endloop
  endfacet
  facet normal 0 0 1
    outer loop
      vertex -9.5 -69.1 11.8
      vertex -9.5 -70.85 11.8
      vertex -9.14105 -70.8265 11.8
    endloop
  endfacet
  facet normal 0 0 1
    outer loop
      vertex -9.63053 -69.0914 11.8
      vertex -9.5 -70.85 11.8
      vertex -9.5 -69.1 11.8
    endloop
  endfacet
  facet normal 0 0 1
    outer loop
      vertex -9.85895 -70.8265 11.8
      vertex -9.63053 -69.0914 11.8
      vertex -9.75882 -69.0659 11.8
    endloop
  endfacet
  facet normal 0 0 1
    outer loop
      vertex -9.63053 -69.0914 11.8
      vertex -9.85895 -70.8265 11.8
      vertex -9.5 -70.85 11.8
    endloop
  endfacet
  facet normal 0 0 1
    outer loop
      vertex -10.2118 -70.7563 11.8
      vertex -9.75882 -69.0659 11.8
      vertex -9.88268 -69.0239 11.8
    endloop
  endfacet
  facet normal 0 0 1
    outer loop
      vertex -10.5524 -70.6407 11.8
      vertex -9.88268 -69.0239 11.8
      vertex -10 -68.966 11.8
    endloop
  endfacet
  facet normal 0 0 1
    outer loop
      vertex -10.875 -70.4816 11.8
      vertex -10 -68.966 11.8
      vertex -10.1088 -68.8934 11.8
    endloop
  endfacet
  facet normal 0 0 1
    outer loop
      vertex -11.1741 -70.2817 11.8
      vertex -10.1088 -68.8934 11.8
      vertex -10.2071 -68.8071 11.8
    endloop
  endfacet
  facet normal 0 0 1
    outer loop
      vertex -9.75882 -69.0659 11.8
      vertex -10.2118 -70.7563 11.8
      vertex -9.85895 -70.8265 11.8
    endloop
  endfacet
  facet normal 0 0 1
    outer loop
      vertex -11.4445 -70.0445 11.8
      vertex -10.2071 -68.8071 11.8
      vertex -10.2934 -68.7088 11.8
    endloop
  endfacet
  facet normal 0 0 1
    outer loop
      vertex -11.6817 -69.7741 11.8
      vertex -10.2934 -68.7088 11.8
      vertex -10.366 -68.6 11.8
    endloop
  endfacet
  facet normal 0 0 1
    outer loop
      vertex -11.8816 -69.475 11.8
      vertex -10.366 -68.6 11.8
      vertex -10.4239 -68.4827 11.8
    endloop
  endfacet
  facet normal 0 0 1
    outer loop
      vertex -12.0407 -69.1524 11.8
      vertex -10.4239 -68.4827 11.8
      vertex -10.4659 -68.3588 11.8
    endloop
  endfacet
  facet normal 0 0 1
    outer loop
      vertex -12.1563 -68.8118 11.8
      vertex -10.4659 -68.3588 11.8
      vertex -10.4914 -68.2305 11.8
    endloop
  endfacet
  facet normal 0 0 1
    outer loop
      vertex -9.88268 -69.0239 11.8
      vertex -10.5524 -70.6407 11.8
      vertex -10.2118 -70.7563 11.8
    endloop
  endfacet
  facet normal 0 0 1
    outer loop
      vertex -12.2265 -68.4589 11.8
      vertex -10.4914 -68.2305 11.8
      vertex -10.5 -68.1 11.8
    endloop
  endfacet
  facet normal -0 0 1
    outer loop
      vertex -11.8816 -66.725 11.8
      vertex -10.366 -67.6 11.8
      vertex -11.6817 -66.4259 11.8
    endloop
  endfacet
  facet normal 0 0 1
    outer loop
      vertex -10.366 -67.6 11.8
      vertex -11.8816 -66.725 11.8
      vertex -10.4239 -67.7173 11.8
    endloop
  endfacet
  facet normal 0 0 1
    outer loop
      vertex -10 -68.966 11.8
      vertex -10.875 -70.4816 11.8
      vertex -10.5524 -70.6407 11.8
    endloop
  endfacet
  facet normal -0 0 1
    outer loop
      vertex -12.0407 -67.0476 11.8
      vertex -10.4239 -67.7173 11.8
      vertex -11.8816 -66.725 11.8
    endloop
  endfacet
  facet normal 0 0 1
    outer loop
      vertex -10.1088 -68.8934 11.8
      vertex -11.1741 -70.2817 11.8
      vertex -10.875 -70.4816 11.8
    endloop
  endfacet
  facet normal 0 0 1
    outer loop
      vertex -10.4239 -67.7173 11.8
      vertex -12.0407 -67.0476 11.8
      vertex -10.4659 -67.8412 11.8
    endloop
  endfacet
  facet normal 0 0 1
    outer loop
      vertex -10.2071 -68.8071 11.8
      vertex -11.4445 -70.0445 11.8
      vertex -11.1741 -70.2817 11.8
    endloop
  endfacet
  facet normal -0 0 1
    outer loop
      vertex -12.1563 -67.3882 11.8
      vertex -10.4659 -67.8412 11.8
      vertex -12.0407 -67.0476 11.8
    endloop
  endfacet
  facet normal 0 0 1
    outer loop
      vertex -10.2934 -68.7088 11.8
      vertex -11.6817 -69.7741 11.8
      vertex -11.4445 -70.0445 11.8
    endloop
  endfacet
  facet normal 0 0 1
    outer loop
      vertex -10.4659 -67.8412 11.8
      vertex -12.1563 -67.3882 11.8
      vertex -10.4914 -67.9695 11.8
    endloop
  endfacet
  facet normal 0 0 1
    outer loop
      vertex -10.366 -68.6 11.8
      vertex -11.8816 -69.475 11.8
      vertex -11.6817 -69.7741 11.8
    endloop
  endfacet
  facet normal -0 0 1
    outer loop
      vertex -12.2265 -67.7411 11.8
      vertex -10.4914 -67.9695 11.8
      vertex -12.1563 -67.3882 11.8
    endloop
  endfacet
  facet normal 0 0 1
    outer loop
      vertex -10.4239 -68.4827 11.8
      vertex -12.0407 -69.1524 11.8
      vertex -11.8816 -69.475 11.8
    endloop
  endfacet
  facet normal 0 0 1
    outer loop
      vertex -10.4914 -67.9695 11.8
      vertex -12.2265 -67.7411 11.8
      vertex -10.5 -68.1 11.8
    endloop
  endfacet
  facet normal 0 0 1
    outer loop
      vertex -10.4659 -68.3588 11.8
      vertex -12.1563 -68.8118 11.8
      vertex -12.0407 -69.1524 11.8
    endloop
  endfacet
  facet normal 0 0 1
    outer loop
      vertex -12.25 -68.1 11.8
      vertex -10.5 -68.1 11.8
      vertex -12.2265 -67.7411 11.8
    endloop
  endfacet
  facet normal 0 0 1
    outer loop
      vertex -10.4914 -68.2305 11.8
      vertex -12.2265 -68.4589 11.8
      vertex -12.1563 -68.8118 11.8
    endloop
  endfacet
  facet normal 0 0 1
    outer loop
      vertex -10.5 -68.1 11.8
      vertex -12.25 -68.1 11.8
      vertex -12.2265 -68.4589 11.8
    endloop
  endfacet
  facet normal 0 0 1
    outer loop
      vertex -8.5 -34 11.8
      vertex -6.75 -34 11.8
      vertex -6.77353 -33.6411 11.8
    endloop
  endfacet
  facet normal 0 0 1
    outer loop
      vertex -8.50855 -33.8695 11.8
      vertex -6.77353 -33.6411 11.8
      vertex -6.8437 -33.2882 11.8
    endloop
  endfacet
  facet normal 0 0 1
    outer loop
      vertex -6.75 -34 11.8
      vertex -8.5 -34 11.8
      vertex -6.77353 -34.3589 11.8
    endloop
  endfacet
  facet normal 0 0 1
    outer loop
      vertex -8.53407 -33.7412 11.8
      vertex -6.8437 -33.2882 11.8
      vertex -6.95933 -32.9476 11.8
    endloop
  endfacet
  facet normal -0 0 1
    outer loop
      vertex -8.50855 -34.1305 11.8
      vertex -6.77353 -34.3589 11.8
      vertex -8.5 -34 11.8
    endloop
  endfacet
  facet normal 0 0 1
    outer loop
      vertex -8.57612 -33.6173 11.8
      vertex -6.95933 -32.9476 11.8
      vertex -7.11843 -32.625 11.8
    endloop
  endfacet
  facet normal 0 0 1
    outer loop
      vertex -6.77353 -34.3589 11.8
      vertex -8.50855 -34.1305 11.8
      vertex -6.8437 -34.7118 11.8
    endloop
  endfacet
  facet normal 0 0 1
    outer loop
      vertex -8.63397 -33.5 11.8
      vertex -7.11843 -32.625 11.8
      vertex -7.31828 -32.3259 11.8
    endloop
  endfacet
  facet normal -0 0 1
    outer loop
      vertex -8.53407 -34.2588 11.8
      vertex -6.8437 -34.7118 11.8
      vertex -8.50855 -34.1305 11.8
    endloop
  endfacet
  facet normal 0 0 1
    outer loop
      vertex -8.70665 -33.3912 11.8
      vertex -7.31828 -32.3259 11.8
      vertex -7.55546 -32.0555 11.8
    endloop
  endfacet
  facet normal 0 0 1
    outer loop
      vertex -6.8437 -34.7118 11.8
      vertex -8.53407 -34.2588 11.8
      vertex -6.95933 -35.0524 11.8
    endloop
  endfacet
  facet normal 0 0 1
    outer loop
      vertex -8.79289 -33.2929 11.8
      vertex -7.55546 -32.0555 11.8
      vertex -7.82591 -31.8183 11.8
    endloop
  endfacet
  facet normal -0 0 1
    outer loop
      vertex -8.57612 -34.3827 11.8
      vertex -6.95933 -35.0524 11.8
      vertex -8.53407 -34.2588 11.8
    endloop
  endfacet
  facet normal 0 0 1
    outer loop
      vertex -8.89124 -33.2066 11.8
      vertex -7.82591 -31.8183 11.8
      vertex -8.125 -31.6184 11.8
    endloop
  endfacet
  facet normal 0 0 1
    outer loop
      vertex -6.95933 -35.0524 11.8
      vertex -8.57612 -34.3827 11.8
      vertex -7.11843 -35.375 11.8
    endloop
  endfacet
  facet normal 0 0 1
    outer loop
      vertex -9 -33.134 11.8
      vertex -8.125 -31.6184 11.8
      vertex -8.44762 -31.4593 11.8
    endloop
  endfacet
  facet normal -0 0 1
    outer loop
      vertex -8.63397 -34.5 11.8
      vertex -7.11843 -35.375 11.8
      vertex -8.57612 -34.3827 11.8
    endloop
  endfacet
  facet normal 0 0 1
    outer loop
      vertex -7.11843 -35.375 11.8
      vertex -8.63397 -34.5 11.8
      vertex -7.31828 -35.6741 11.8
    endloop
  endfacet
  facet normal 0 0 1
    outer loop
      vertex -6.77353 -33.6411 11.8
      vertex -8.50855 -33.8695 11.8
      vertex -8.5 -34 11.8
    endloop
  endfacet
  facet normal 0 0 1
    outer loop
      vertex -6.8437 -33.2882 11.8
      vertex -8.53407 -33.7412 11.8
      vertex -8.50855 -33.8695 11.8
    endloop
  endfacet
  facet normal 0 0 1
    outer loop
      vertex -6.95933 -32.9476 11.8
      vertex -8.57612 -33.6173 11.8
      vertex -8.53407 -33.7412 11.8
    endloop
  endfacet
  facet normal 0 0 1
    outer loop
      vertex -7.11843 -32.625 11.8
      vertex -8.63397 -33.5 11.8
      vertex -8.57612 -33.6173 11.8
    endloop
  endfacet
  facet normal 0 0 1
    outer loop
      vertex -7.31828 -32.3259 11.8
      vertex -8.70665 -33.3912 11.8
      vertex -8.63397 -33.5 11.8
    endloop
  endfacet
  facet normal 0 0 1
    outer loop
      vertex -9.11732 -33.0761 11.8
      vertex -8.44762 -31.4593 11.8
      vertex -8.78825 -31.3437 11.8
    endloop
  endfacet
  facet normal 0 0 1
    outer loop
      vertex -7.55546 -32.0555 11.8
      vertex -8.79289 -33.2929 11.8
      vertex -8.70665 -33.3912 11.8
    endloop
  endfacet
  facet normal 0 0 1
    outer loop
      vertex -7.82591 -31.8183 11.8
      vertex -8.89124 -33.2066 11.8
      vertex -8.79289 -33.2929 11.8
    endloop
  endfacet
  facet normal 0 0 1
    outer loop
      vertex -8.125 -31.6184 11.8
      vertex -9 -33.134 11.8
      vertex -8.89124 -33.2066 11.8
    endloop
  endfacet
  facet normal 0 0 1
    outer loop
      vertex -8.44762 -31.4593 11.8
      vertex -9.11732 -33.0761 11.8
      vertex -9 -33.134 11.8
    endloop
  endfacet
  facet normal 0 0 1
    outer loop
      vertex -9.24118 -33.0341 11.8
      vertex -8.78825 -31.3437 11.8
      vertex -9.14105 -31.2735 11.8
    endloop
  endfacet
  facet normal 0 0 1
    outer loop
      vertex -8.78825 -31.3437 11.8
      vertex -9.24118 -33.0341 11.8
      vertex -9.11732 -33.0761 11.8
    endloop
  endfacet
  facet normal 0 0 1
    outer loop
      vertex -9.14105 -31.2735 11.8
      vertex -9.36947 -33.0086 11.8
      vertex -9.24118 -33.0341 11.8
    endloop
  endfacet
  facet normal 0 0 1
    outer loop
      vertex -9.5 -31.25 11.8
      vertex -9.36947 -33.0086 11.8
      vertex -9.14105 -31.2735 11.8
    endloop
  endfacet
  facet normal 0 0 1
    outer loop
      vertex -9.5 -31.25 11.8
      vertex -9.5 -33 11.8
      vertex -9.36947 -33.0086 11.8
    endloop
  endfacet
  facet normal 0 0 1
    outer loop
      vertex -9.5 -31.25 11.8
      vertex -9.63053 -33.0086 11.8
      vertex -9.5 -33 11.8
    endloop
  endfacet
  facet normal -0 0 1
    outer loop
      vertex -9.85895 -31.2735 11.8
      vertex -9.63053 -33.0086 11.8
      vertex -9.5 -31.25 11.8
    endloop
  endfacet
  facet normal 0 0 1
    outer loop
      vertex -9.63053 -33.0086 11.8
      vertex -9.85895 -31.2735 11.8
      vertex -9.75882 -33.0341 11.8
    endloop
  endfacet
  facet normal -0 0 1
    outer loop
      vertex -10.2118 -31.3437 11.8
      vertex -9.75882 -33.0341 11.8
      vertex -9.85895 -31.2735 11.8
    endloop
  endfacet
  facet normal 0 0 1
    outer loop
      vertex -9.75882 -33.0341 11.8
      vertex -10.2118 -31.3437 11.8
      vertex -9.88268 -33.0761 11.8
    endloop
  endfacet
  facet normal -0 0 1
    outer loop
      vertex -10.5524 -31.4593 11.8
      vertex -9.88268 -33.0761 11.8
      vertex -10.2118 -31.3437 11.8
    endloop
  endfacet
  facet normal 0 0 1
    outer loop
      vertex -9.88268 -33.0761 11.8
      vertex -10.5524 -31.4593 11.8
      vertex -10 -33.134 11.8
    endloop
  endfacet
  facet normal -0 0 1
    outer loop
      vertex -10.875 -31.6184 11.8
      vertex -10 -33.134 11.8
      vertex -10.5524 -31.4593 11.8
    endloop
  endfacet
  facet normal 0 0 1
    outer loop
      vertex -10 -33.134 11.8
      vertex -10.875 -31.6184 11.8
      vertex -10.1088 -33.2066 11.8
    endloop
  endfacet
  facet normal -0 0 1
    outer loop
      vertex -11.1741 -31.8183 11.8
      vertex -10.1088 -33.2066 11.8
      vertex -10.875 -31.6184 11.8
    endloop
  endfacet
  facet normal 0 0 1
    outer loop
      vertex -10.1088 -33.2066 11.8
      vertex -11.1741 -31.8183 11.8
      vertex -10.2071 -33.2929 11.8
    endloop
  endfacet
  facet normal -0 0 1
    outer loop
      vertex -11.4445 -32.0555 11.8
      vertex -10.2071 -33.2929 11.8
      vertex -11.1741 -31.8183 11.8
    endloop
  endfacet
  facet normal 0 0 1
    outer loop
      vertex -10.2071 -33.2929 11.8
      vertex -11.4445 -32.0555 11.8
      vertex -10.2934 -33.3912 11.8
    endloop
  endfacet
  facet normal 0 0 1
    outer loop
      vertex -10.2934 -33.3912 11.8
      vertex -11.6817 -32.3259 11.8
      vertex -10.366 -33.5 11.8
    endloop
  endfacet
  facet normal -0 0 1
    outer loop
      vertex -11.6817 -32.3259 11.8
      vertex -10.2934 -33.3912 11.8
      vertex -11.4445 -32.0555 11.8
    endloop
  endfacet
  facet normal -0 0 1
    outer loop
      vertex -8.70665 -34.6088 11.8
      vertex -7.31828 -35.6741 11.8
      vertex -8.63397 -34.5 11.8
    endloop
  endfacet
  facet normal 0 0 1
    outer loop
      vertex -7.31828 -35.6741 11.8
      vertex -8.70665 -34.6088 11.8
      vertex -7.55546 -35.9445 11.8
    endloop
  endfacet
  facet normal -0 0 1
    outer loop
      vertex -8.79289 -34.7071 11.8
      vertex -7.55546 -35.9445 11.8
      vertex -8.70665 -34.6088 11.8
    endloop
  endfacet
  facet normal 0 0 1
    outer loop
      vertex -7.55546 -35.9445 11.8
      vertex -8.79289 -34.7071 11.8
      vertex -7.82591 -36.1817 11.8
    endloop
  endfacet
  facet normal -0 0 1
    outer loop
      vertex -8.89124 -34.7934 11.8
      vertex -7.82591 -36.1817 11.8
      vertex -8.79289 -34.7071 11.8
    endloop
  endfacet
  facet normal 0 0 1
    outer loop
      vertex -7.82591 -36.1817 11.8
      vertex -8.89124 -34.7934 11.8
      vertex -8.125 -36.3816 11.8
    endloop
  endfacet
  facet normal -0 0 1
    outer loop
      vertex -9 -34.866 11.8
      vertex -8.125 -36.3816 11.8
      vertex -8.89124 -34.7934 11.8
    endloop
  endfacet
  facet normal 0 0 1
    outer loop
      vertex -8.125 -36.3816 11.8
      vertex -9 -34.866 11.8
      vertex -8.44762 -36.5407 11.8
    endloop
  endfacet
  facet normal -0 0 1
    outer loop
      vertex -9.11732 -34.9239 11.8
      vertex -8.44762 -36.5407 11.8
      vertex -9 -34.866 11.8
    endloop
  endfacet
  facet normal 0 0 1
    outer loop
      vertex -8.44762 -36.5407 11.8
      vertex -9.11732 -34.9239 11.8
      vertex -8.78825 -36.6563 11.8
    endloop
  endfacet
  facet normal -0 0 1
    outer loop
      vertex -9.24118 -34.9659 11.8
      vertex -8.78825 -36.6563 11.8
      vertex -9.11732 -34.9239 11.8
    endloop
  endfacet
  facet normal 0 0 1
    outer loop
      vertex -8.78825 -36.6563 11.8
      vertex -9.24118 -34.9659 11.8
      vertex -9.14105 -36.7265 11.8
    endloop
  endfacet
  facet normal -0 0 1
    outer loop
      vertex -9.36947 -34.9914 11.8
      vertex -9.14105 -36.7265 11.8
      vertex -9.24118 -34.9659 11.8
    endloop
  endfacet
  facet normal -0 0 1
    outer loop
      vertex -9.5 -35 11.8
      vertex -9.14105 -36.7265 11.8
      vertex -9.36947 -34.9914 11.8
    endloop
  endfacet
  facet normal 0 0 1
    outer loop
      vertex -9.5 -35 11.8
      vertex -9.5 -36.75 11.8
      vertex -9.14105 -36.7265 11.8
    endloop
  endfacet
  facet normal 0 0 1
    outer loop
      vertex -9.63053 -34.9914 11.8
      vertex -9.5 -36.75 11.8
      vertex -9.5 -35 11.8
    endloop
  endfacet
  facet normal 0 0 1
    outer loop
      vertex -9.85895 -36.7265 11.8
      vertex -9.63053 -34.9914 11.8
      vertex -9.75882 -34.9659 11.8
    endloop
  endfacet
  facet normal 0 0 1
    outer loop
      vertex -9.63053 -34.9914 11.8
      vertex -9.85895 -36.7265 11.8
      vertex -9.5 -36.75 11.8
    endloop
  endfacet
  facet normal 0 0 1
    outer loop
      vertex -10.2118 -36.6563 11.8
      vertex -9.75882 -34.9659 11.8
      vertex -9.88268 -34.9239 11.8
    endloop
  endfacet
  facet normal 0 0 1
    outer loop
      vertex -10.5524 -36.5407 11.8
      vertex -9.88268 -34.9239 11.8
      vertex -10 -34.866 11.8
    endloop
  endfacet
  facet normal 0 0 1
    outer loop
      vertex -10.875 -36.3816 11.8
      vertex -10 -34.866 11.8
      vertex -10.1088 -34.7934 11.8
    endloop
  endfacet
  facet normal 0 0 1
    outer loop
      vertex -11.1741 -36.1817 11.8
      vertex -10.1088 -34.7934 11.8
      vertex -10.2071 -34.7071 11.8
    endloop
  endfacet
  facet normal 0 0 1
    outer loop
      vertex -9.75882 -34.9659 11.8
      vertex -10.2118 -36.6563 11.8
      vertex -9.85895 -36.7265 11.8
    endloop
  endfacet
  facet normal 0 0 1
    outer loop
      vertex -11.4445 -35.9445 11.8
      vertex -10.2071 -34.7071 11.8
      vertex -10.2934 -34.6088 11.8
    endloop
  endfacet
  facet normal 0 0 1
    outer loop
      vertex -11.6817 -35.6741 11.8
      vertex -10.2934 -34.6088 11.8
      vertex -10.366 -34.5 11.8
    endloop
  endfacet
  facet normal 0 0 1
    outer loop
      vertex -11.8816 -35.375 11.8
      vertex -10.366 -34.5 11.8
      vertex -10.4239 -34.3827 11.8
    endloop
  endfacet
  facet normal 0 0 1
    outer loop
      vertex -12.0407 -35.0524 11.8
      vertex -10.4239 -34.3827 11.8
      vertex -10.4659 -34.2588 11.8
    endloop
  endfacet
  facet normal 0 0 1
    outer loop
      vertex -12.1563 -34.7118 11.8
      vertex -10.4659 -34.2588 11.8
      vertex -10.4914 -34.1305 11.8
    endloop
  endfacet
  facet normal 0 0 1
    outer loop
      vertex -9.88268 -34.9239 11.8
      vertex -10.5524 -36.5407 11.8
      vertex -10.2118 -36.6563 11.8
    endloop
  endfacet
  facet normal 0 0 1
    outer loop
      vertex -12.2265 -34.3589 11.8
      vertex -10.4914 -34.1305 11.8
      vertex -10.5 -34 11.8
    endloop
  endfacet
  facet normal -0 0 1
    outer loop
      vertex -11.8816 -32.625 11.8
      vertex -10.366 -33.5 11.8
      vertex -11.6817 -32.3259 11.8
    endloop
  endfacet
  facet normal 0 0 1
    outer loop
      vertex -10.366 -33.5 11.8
      vertex -11.8816 -32.625 11.8
      vertex -10.4239 -33.6173 11.8
    endloop
  endfacet
  facet normal 0 0 1
    outer loop
      vertex -10 -34.866 11.8
      vertex -10.875 -36.3816 11.8
      vertex -10.5524 -36.5407 11.8
    endloop
  endfacet
  facet normal -0 0 1
    outer loop
      vertex -12.0407 -32.9476 11.8
      vertex -10.4239 -33.6173 11.8
      vertex -11.8816 -32.625 11.8
    endloop
  endfacet
  facet normal 0 0 1
    outer loop
      vertex -10.1088 -34.7934 11.8
      vertex -11.1741 -36.1817 11.8
      vertex -10.875 -36.3816 11.8
    endloop
  endfacet
  facet normal 0 0 1
    outer loop
      vertex -10.4239 -33.6173 11.8
      vertex -12.0407 -32.9476 11.8
      vertex -10.4659 -33.7412 11.8
    endloop
  endfacet
  facet normal 0 0 1
    outer loop
      vertex -10.2071 -34.7071 11.8
      vertex -11.4445 -35.9445 11.8
      vertex -11.1741 -36.1817 11.8
    endloop
  endfacet
  facet normal -0 0 1
    outer loop
      vertex -12.1563 -33.2882 11.8
      vertex -10.4659 -33.7412 11.8
      vertex -12.0407 -32.9476 11.8
    endloop
  endfacet
  facet normal 0 0 1
    outer loop
      vertex -10.2934 -34.6088 11.8
      vertex -11.6817 -35.6741 11.8
      vertex -11.4445 -35.9445 11.8
    endloop
  endfacet
  facet normal 0 0 1
    outer loop
      vertex -10.4659 -33.7412 11.8
      vertex -12.1563 -33.2882 11.8
      vertex -10.4914 -33.8695 11.8
    endloop
  endfacet
  facet normal 0 0 1
    outer loop
      vertex -10.366 -34.5 11.8
      vertex -11.8816 -35.375 11.8
      vertex -11.6817 -35.6741 11.8
    endloop
  endfacet
  facet normal -0 0 1
    outer loop
      vertex -12.2265 -33.6411 11.8
      vertex -10.4914 -33.8695 11.8
      vertex -12.1563 -33.2882 11.8
    endloop
  endfacet
  facet normal 0 0 1
    outer loop
      vertex -10.4239 -34.3827 11.8
      vertex -12.0407 -35.0524 11.8
      vertex -11.8816 -35.375 11.8
    endloop
  endfacet
  facet normal 0 0 1
    outer loop
      vertex -10.4914 -33.8695 11.8
      vertex -12.2265 -33.6411 11.8
      vertex -10.5 -34 11.8
    endloop
  endfacet
  facet normal 0 0 1
    outer loop
      vertex -10.4659 -34.2588 11.8
      vertex -12.1563 -34.7118 11.8
      vertex -12.0407 -35.0524 11.8
    endloop
  endfacet
  facet normal 0 0 1
    outer loop
      vertex -12.25 -34 11.8
      vertex -10.5 -34 11.8
      vertex -12.2265 -33.6411 11.8
    endloop
  endfacet
  facet normal 0 0 1
    outer loop
      vertex -10.4914 -34.1305 11.8
      vertex -12.2265 -34.3589 11.8
      vertex -12.1563 -34.7118 11.8
    endloop
  endfacet
  facet normal 0 0 1
    outer loop
      vertex -10.5 -34 11.8
      vertex -12.25 -34 11.8
      vertex -12.2265 -34.3589 11.8
    endloop
  endfacet
  facet normal 0.442238 -0.896898 0
    outer loop
      vertex -12.3 -0.321539 4.55
      vertex -12.0184 -0.182689 11.8
      vertex -12.3 -0.321539 11.8
    endloop
  endfacet
  facet normal 0.442238 -0.896898 0
    outer loop
      vertex -12.0184 -0.182689 11.8
      vertex -12.3 -0.321539 4.55
      vertex -12.0184 -0.182689 4.55
    endloop
  endfacet
  facet normal -0.896936 -0.44216 -0
    outer loop
      vertex 13.3173 -1.48156 11.8
      vertex 13.1785 -1.2 3.82154
      vertex 13.3173 -1.48156 3.68269
    endloop
  endfacet
  facet normal -0.896936 -0.44216 0
    outer loop
      vertex 13.1785 -1.2 3.82154
      vertex 13.3173 -1.48156 11.8
      vertex 13.1785 -1.2 11.8
    endloop
  endfacet
  facet normal 0 1 -0
    outer loop
      vertex -6.7 -74.6 6
      vertex -9.3 -74.6 10.5
      vertex -6.7 -74.6 10.5
    endloop
  endfacet
  facet normal 0 1 0
    outer loop
      vertex -9.3 -74.6 10.5
      vertex -6.7 -74.6 6
      vertex -9.3 -74.6 6
    endloop
  endfacet
  facet normal 0 1 -0
    outer loop
      vertex -2.7 -74.6 6
      vertex -5.3 -74.6 10.5
      vertex -2.7 -74.6 10.5
    endloop
  endfacet
  facet normal 0 1 0
    outer loop
      vertex -5.3 -74.6 10.5
      vertex -2.7 -74.6 6
      vertex -5.3 -74.6 6
    endloop
  endfacet
  facet normal 0 1 -0
    outer loop
      vertex 1.3 -74.6 6
      vertex -1.3 -74.6 10.5
      vertex 1.3 -74.6 10.5
    endloop
  endfacet
  facet normal 0 1 0
    outer loop
      vertex -1.3 -74.6 10.5
      vertex 1.3 -74.6 6
      vertex -1.3 -74.6 6
    endloop
  endfacet
  facet normal 0 1 -0
    outer loop
      vertex 5.3 -74.6 6
      vertex 2.7 -74.6 10.5
      vertex 5.3 -74.6 10.5
    endloop
  endfacet
  facet normal 0 1 0
    outer loop
      vertex 2.7 -74.6 10.5
      vertex 5.3 -74.6 6
      vertex 2.7 -74.6 6
    endloop
  endfacet
  facet normal 0 1 -0
    outer loop
      vertex 9.3 -74.6 6
      vertex 6.7 -74.6 10.5
      vertex 9.3 -74.6 10.5
    endloop
  endfacet
  facet normal 0 1 0
    outer loop
      vertex 6.7 -74.6 10.5
      vertex 9.3 -74.6 6
      vertex 6.7 -74.6 6
    endloop
  endfacet
  facet normal 0 1 0
    outer loop
      vertex 9.3 -74.6 10.5
      vertex 11.1 -74.6 11.8
      vertex 10.7 -74.6 10.5
    endloop
  endfacet
  facet normal 0 1 0
    outer loop
      vertex 11.1 -74.6 11.8
      vertex 10.7 -74.6 6
      vertex 10.7 -74.6 10.5
    endloop
  endfacet
  facet normal 0 1 0
    outer loop
      vertex 11.1 -74.6 4.55
      vertex 9.3 -74.6 6
      vertex 10.7 -74.6 6
    endloop
  endfacet
  facet normal 0 1 0
    outer loop
      vertex 9.3 -74.6 6
      vertex 11.1 -74.6 4.55
      vertex 6.7 -74.6 6
    endloop
  endfacet
  facet normal 0 1 0
    outer loop
      vertex 6.7 -74.6 6
      vertex 11.1 -74.6 4.55
      vertex 5.3 -74.6 6
    endloop
  endfacet
  facet normal 0 1 0
    outer loop
      vertex 5.3 -74.6 6
      vertex 11.1 -74.6 4.55
      vertex 2.7 -74.6 6
    endloop
  endfacet
  facet normal 0 1 0
    outer loop
      vertex -3.2 -74.6 4.55
      vertex 2.7 -74.6 6
      vertex 11.1 -74.6 4.55
    endloop
  endfacet
  facet normal 0 1 0
    outer loop
      vertex 2.7 -74.6 6
      vertex -3.2 -74.6 4.55
      vertex 1.3 -74.6 6
    endloop
  endfacet
  facet normal 0 1 0
    outer loop
      vertex 1.3 -74.6 6
      vertex -3.2 -74.6 4.55
      vertex -1.3 -74.6 6
    endloop
  endfacet
  facet normal 0 1 0
    outer loop
      vertex -2.7 -74.6 6
      vertex -3.2 -74.6 4.55
      vertex -5.3 -74.6 6
    endloop
  endfacet
  facet normal 0 1 0
    outer loop
      vertex -5.3 -74.6 6
      vertex -3.2 -74.6 4.55
      vertex -6.7 -74.6 6
    endloop
  endfacet
  facet normal 0 1 -0
    outer loop
      vertex -3.2 -74.6 0.599999
      vertex -6.7 -74.6 6
      vertex -3.2 -74.6 4.55
    endloop
  endfacet
  facet normal 0 1 0
    outer loop
      vertex -1.3 -74.6 6
      vertex -3.2 -74.6 4.55
      vertex -2.7 -74.6 6
    endloop
  endfacet
  facet normal 0 1 -0
    outer loop
      vertex 11.1 -74.6 4.55
      vertex 10.7 -74.6 6
      vertex 11.1 -74.6 11.8
    endloop
  endfacet
  facet normal 0 1 0
    outer loop
      vertex 6.7 -74.6 10.5
      vertex 11.1 -74.6 11.8
      vertex 9.3 -74.6 10.5
    endloop
  endfacet
  facet normal 0 1 0
    outer loop
      vertex 5.3 -74.6 10.5
      vertex 11.1 -74.6 11.8
      vertex 6.7 -74.6 10.5
    endloop
  endfacet
  facet normal 0 1 0
    outer loop
      vertex 2.7 -74.6 10.5
      vertex 11.1 -74.6 11.8
      vertex 5.3 -74.6 10.5
    endloop
  endfacet
  facet normal 0 1 0
    outer loop
      vertex 1.3 -74.6 10.5
      vertex 11.1 -74.6 11.8
      vertex 2.7 -74.6 10.5
    endloop
  endfacet
  facet normal 0 1 0
    outer loop
      vertex 11.1 -74.6 11.8
      vertex 1.3 -74.6 10.5
      vertex -11.1 -74.6 11.8
    endloop
  endfacet
  facet normal 0 1 -0
    outer loop
      vertex -1.3 -74.6 10.5
      vertex -11.1 -74.6 11.8
      vertex 1.3 -74.6 10.5
    endloop
  endfacet
  facet normal 0 1 -0
    outer loop
      vertex -2.7 -74.6 10.5
      vertex -11.1 -74.6 11.8
      vertex -1.3 -74.6 10.5
    endloop
  endfacet
  facet normal 0 1 -0
    outer loop
      vertex -5.3 -74.6 10.5
      vertex -11.1 -74.6 11.8
      vertex -2.7 -74.6 10.5
    endloop
  endfacet
  facet normal 0 1 -0
    outer loop
      vertex -6.7 -74.6 10.5
      vertex -11.1 -74.6 11.8
      vertex -5.3 -74.6 10.5
    endloop
  endfacet
  facet normal 0 1 -0
    outer loop
      vertex -9.3 -74.6 10.5
      vertex -11.1 -74.6 11.8
      vertex -6.7 -74.6 10.5
    endloop
  endfacet
  facet normal 0 1 -0
    outer loop
      vertex -10.7 -74.6 10.5
      vertex -11.1 -74.6 11.8
      vertex -9.3 -74.6 10.5
    endloop
  endfacet
  facet normal 0 1 -0
    outer loop
      vertex -10.7 -74.6 6
      vertex -11.1 -74.6 11.8
      vertex -10.7 -74.6 10.5
    endloop
  endfacet
  facet normal 0 1 0
    outer loop
      vertex -11.1 -74.6 0.599999
      vertex -6.7 -74.6 6
      vertex -3.2 -74.6 0.599999
    endloop
  endfacet
  facet normal 0 1 0
    outer loop
      vertex -6.7 -74.6 6
      vertex -11.1 -74.6 0.599999
      vertex -9.3 -74.6 6
    endloop
  endfacet
  facet normal 0 1 0
    outer loop
      vertex -10.7 -74.6 6
      vertex -11.1 -74.6 0.599999
      vertex -11.1 -74.6 11.8
    endloop
  endfacet
  facet normal 0 1 0
    outer loop
      vertex -9.3 -74.6 6
      vertex -11.1 -74.6 0.599999
      vertex -10.7 -74.6 6
    endloop
  endfacet
  facet normal -1 0 0
    outer loop
      vertex 13.5 -30.6 0.599999
      vertex 13.5 -35.1 2.65
      vertex 13.5 -30.6 1.6
    endloop
  endfacet
  facet normal -1 0 0
    outer loop
      vertex 13.5 -30.6 0.599999
      vertex 13.5 -43.1 2.65
      vertex 13.5 -35.1 2.65
    endloop
  endfacet
  facet normal -1 0 0
    outer loop
      vertex 13.5 -43.1 2.65
      vertex 13.5 -59.1 2.65
      vertex 13.5 -43.1 3.65
    endloop
  endfacet
  facet normal -1 0 0
    outer loop
      vertex 13.5 -30.6 0.599999
      vertex 13.5 -59.1 2.65
      vertex 13.5 -43.1 2.65
    endloop
  endfacet
  facet normal -1 0 0
    outer loop
      vertex 13.5 -71.6 0.599999
      vertex 13.5 -59.1 2.65
      vertex 13.5 -30.6 0.599999
    endloop
  endfacet
  facet normal -1 0 0
    outer loop
      vertex 13.5 -71.6 1.6
      vertex 13.5 -67.1 2.65
      vertex 13.5 -71.6 0.599999
    endloop
  endfacet
  facet normal -1 -0 0
    outer loop
      vertex 13.5 -59.1 2.65
      vertex 13.5 -71.6 0.599999
      vertex 13.5 -67.1 2.65
    endloop
  endfacet
  facet normal -1 0 0
    outer loop
      vertex 13.5 -28.85 1.6
      vertex 13.5 -30.6 1.6
      vertex 13.5 -28.85 4.55
    endloop
  endfacet
  facet normal -1 0 0
    outer loop
      vertex 13.5 -21.85 0.599999
      vertex 13.5 -23.7 0.599999
      vertex 13.5 -21.85 4.55
    endloop
  endfacet
  facet normal -1 0 0
    outer loop
      vertex 13.5 -20.45 0.599999
      vertex 13.5 -21.05 0.599999
      vertex 13.5 -20.45 4.55
    endloop
  endfacet
  facet normal -1 0 0
    outer loop
      vertex 13.5 -18.95 0.599999
      vertex 13.5 -19.65 0.599999
      vertex 13.5 -18.95 3.5
    endloop
  endfacet
  facet normal -1 0 0
    outer loop
      vertex 13.5 -2.4 3.5
      vertex 13.5 -3 6
      vertex 13.5 -2.4 11.8
    endloop
  endfacet
  facet normal -1 0 0
    outer loop
      vertex 13.5 -2.4 3.5
      vertex 13.5 -4.4 6
      vertex 13.5 -3 6
    endloop
  endfacet
  facet normal -1 0 0
    outer loop
      vertex 13.5 -4.4 6
      vertex 13.5 -5.4 6
      vertex 13.5 -4.4 10.5
    endloop
  endfacet
  facet normal -1 0 0
    outer loop
      vertex 13.5 -2.4 3.5
      vertex 13.5 -5.4 6
      vertex 13.5 -4.4 6
    endloop
  endfacet
  facet normal -1 0 0
    outer loop
      vertex 13.5 -2.4 3.5
      vertex 13.5 -6.8 6
      vertex 13.5 -5.4 6
    endloop
  endfacet
  facet normal -1 0 0
    outer loop
      vertex 13.5 -19.65 4.55
      vertex 13.5 -6.8 6
      vertex 13.5 -18.95 3.5
    endloop
  endfacet
  facet normal -1 0 0
    outer loop
      vertex 13.5 -18.95 3.5
      vertex 13.5 -6.8 6
      vertex 13.5 -2.4 3.5
    endloop
  endfacet
  facet normal -1 0 0
    outer loop
      vertex 13.5 -3 10.5
      vertex 13.5 -2.4 11.8
      vertex 13.5 -3 6
    endloop
  endfacet
  facet normal -1 0 0
    outer loop
      vertex 13.5 -4.4 10.5
      vertex 13.5 -2.4 11.8
      vertex 13.5 -3 10.5
    endloop
  endfacet
  facet normal -1 0 0
    outer loop
      vertex 13.5 -5.4 10.5
      vertex 13.5 -4.4 10.5
      vertex 13.5 -5.4 6
    endloop
  endfacet
  facet normal -1 0 0
    outer loop
      vertex 13.5 -5.4 10.5
      vertex 13.5 -2.4 11.8
      vertex 13.5 -4.4 10.5
    endloop
  endfacet
  facet normal -1 0 0
    outer loop
      vertex 13.5 -6.8 10.5
      vertex 13.5 -2.4 11.8
      vertex 13.5 -5.4 10.5
    endloop
  endfacet
  facet normal -1 0 0
    outer loop
      vertex 13.5 -19.65 4.55
      vertex 13.5 -18.95 3.5
      vertex 13.5 -19.65 0.599999
    endloop
  endfacet
  facet normal -1 -0 0
    outer loop
      vertex 13.5 -6.8 6
      vertex 13.5 -19.65 4.55
      vertex 13.5 -6.8 10.5
    endloop
  endfacet
  facet normal -1 0 0
    outer loop
      vertex 13.5 -20.45 4.55
      vertex 13.5 -6.8 10.5
      vertex 13.5 -19.65 4.55
    endloop
  endfacet
  facet normal -1 0 0
    outer loop
      vertex 13.5 -21.05 4.55
      vertex 13.5 -20.45 4.55
      vertex 13.5 -21.05 0.599999
    endloop
  endfacet
  facet normal -1 0 0
    outer loop
      vertex 13.5 -21.05 4.55
      vertex 13.5 -6.8 10.5
      vertex 13.5 -20.45 4.55
    endloop
  endfacet
  facet normal -1 0 0
    outer loop
      vertex 13.5 -21.85 4.55
      vertex 13.5 -6.8 10.5
      vertex 13.5 -21.05 4.55
    endloop
  endfacet
  facet normal -1 0 0
    outer loop
      vertex 13.5 -27.65 4.55
      vertex 13.5 -21.85 4.55
      vertex 13.5 -23.7 0.599999
    endloop
  endfacet
  facet normal -1 0 0
    outer loop
      vertex 13.5 -27.65 4.55
      vertex 13.5 -6.8 10.5
      vertex 13.5 -21.85 4.55
    endloop
  endfacet
  facet normal -1 0 0
    outer loop
      vertex 13.5 -28.85 4.55
      vertex 13.5 -6.8 10.5
      vertex 13.5 -27.65 4.55
    endloop
  endfacet
  facet normal -1 0 0
    outer loop
      vertex 13.5 -72.2 11.8
      vertex 13.5 -6.8 10.5
      vertex 13.5 -28.85 4.55
    endloop
  endfacet
  facet normal -1 0 0
    outer loop
      vertex 13.5 -35.1 3.65
      vertex 13.5 -30.6 1.6
      vertex 13.5 -35.1 2.65
    endloop
  endfacet
  facet normal -1 0 0
    outer loop
      vertex 13.5 -30.6 1.6
      vertex 13.5 -35.1 3.65
      vertex 13.5 -28.85 4.55
    endloop
  endfacet
  facet normal -1 0 0
    outer loop
      vertex 13.5 -43.1 3.65
      vertex 13.5 -28.85 4.55
      vertex 13.5 -35.1 3.65
    endloop
  endfacet
  facet normal -1 -0 0
    outer loop
      vertex 13.5 -28.85 4.55
      vertex 13.5 -43.1 3.65
      vertex 13.5 -72.2 11.8
    endloop
  endfacet
  facet normal -1 0 0
    outer loop
      vertex 13.5 -59.1 3.65
      vertex 13.5 -43.1 3.65
      vertex 13.5 -59.1 2.65
    endloop
  endfacet
  facet normal -1 0 0
    outer loop
      vertex 13.5 -72.2 11.8
      vertex 13.5 -43.1 3.65
      vertex 13.5 -59.1 3.65
    endloop
  endfacet
  facet normal -1 0 0
    outer loop
      vertex 13.5 -72.2 11.8
      vertex 13.5 -59.1 3.65
      vertex 13.5 -67.1 3.65
    endloop
  endfacet
  facet normal -1 -0 0
    outer loop
      vertex 13.5 -67.1 2.65
      vertex 13.5 -71.6 1.6
      vertex 13.5 -67.1 3.65
    endloop
  endfacet
  facet normal -1 0 0
    outer loop
      vertex 13.5 -72.2 11.8
      vertex 13.5 -71.6 1.6
      vertex 13.5 -72.2 1.6
    endloop
  endfacet
  facet normal -1 0 0
    outer loop
      vertex 13.5 -6.8 10.5
      vertex 13.5 -72.2 11.8
      vertex 13.5 -2.4 11.8
    endloop
  endfacet
  facet normal -1 0 0
    outer loop
      vertex 13.5 -71.6 1.6
      vertex 13.5 -72.2 11.8
      vertex 13.5 -67.1 3.65
    endloop
  endfacet
  facet normal 0.659232 -0.751939 -6.72611e-19
    outer loop
      vertex -12.7971 -0.702943 11.8
      vertex -12.561 -0.495952 4.43897
      vertex -12.561 -0.495952 11.8
    endloop
  endfacet
  facet normal 0.659232 -0.751939 -6.51714e-19
    outer loop
      vertex -12.561 -0.495952 4.43897
      vertex -12.7971 -0.702943 11.8
      vertex -12.7971 -0.702943 4.20294
    endloop
  endfacet
  facet normal -0.831342 -0.555761 -0
    outer loop
      vertex 13.1785 -1.2 11.8
      vertex 13.004 -0.938972 3.99595
      vertex 13.1785 -1.2 3.82154
    endloop
  endfacet
  facet normal -0.831342 -0.555761 0
    outer loop
      vertex 13.004 -0.938972 3.99595
      vertex 13.1785 -1.2 11.8
      vertex 13.004 -0.938972 11.8
    endloop
  endfacet
  facet normal -0.0652929 0.997866 0
    outer loop
      vertex 11.4133 -74.5795 4.55
      vertex 11.1 -74.6 11.8
      vertex 11.4133 -74.5795 11.8
    endloop
  endfacet
  facet normal -0.0652929 0.997866 0
    outer loop
      vertex 11.1 -74.6 11.8
      vertex 11.4133 -74.5795 4.55
      vertex 11.1 -74.6 4.55
    endloop
  endfacet
  facet normal -0.195093 -0.980785 0
    outer loop
      vertex 11.4133 -0.0205317 4.55
      vertex 11.7212 -0.0817776 11.8
      vertex 11.4133 -0.0205317 11.8
    endloop
  endfacet
  facet normal -0.195093 -0.980785 -0
    outer loop
      vertex 11.7212 -0.0817776 11.8
      vertex 11.4133 -0.0205317 4.55
      vertex 11.7212 -0.0817776 4.55
    endloop
  endfacet
  facet normal -0.195258 0.980752 0
    outer loop
      vertex 11.7212 -74.5182 4.55
      vertex 11.4133 -74.5795 11.8
      vertex 11.7212 -74.5182 11.8
    endloop
  endfacet
  facet normal -0.195258 0.980752 0
    outer loop
      vertex 11.4133 -74.5795 11.8
      vertex 11.7212 -74.5182 4.55
      vertex 11.4133 -74.5795 4.55
    endloop
  endfacet
  facet normal 0.980752 0.195258 -1.98106e-19
    outer loop
      vertex -13.4182 -72.8212 11.8
      vertex -13.4795 -72.5133 0.599999
      vertex -13.4795 -72.5133 11.8
    endloop
  endfacet
  facet normal 0.980752 0.195258 -1.98106e-19
    outer loop
      vertex -13.4795 -72.5133 0.599999
      vertex -13.4182 -72.8212 11.8
      vertex -13.4182 -72.8212 0.599999
    endloop
  endfacet
  facet normal 0.831315 0.555802 2.72918e-19
    outer loop
      vertex -13.004 -73.661 11.8
      vertex -13.1785 -73.4 0.599999
      vertex -13.1785 -73.4 11.8
    endloop
  endfacet
  facet normal 0.831315 0.555802 2.72918e-19
    outer loop
      vertex -13.1785 -73.4 0.599999
      vertex -13.004 -73.661 11.8
      vertex -13.004 -73.661 0.599999
    endloop
  endfacet
  facet normal 0.555611 -0.831443 -1.18768e-06
    outer loop
      vertex -12.561 -0.495952 11.8
      vertex -12.45 -0.421766 4.55
      vertex -12.3 -0.321539 11.8
    endloop
  endfacet
  facet normal 0.555664 -0.831407 -2.33602e-19
    outer loop
      vertex -12.45 -0.421766 4.55
      vertex -12.561 -0.495952 11.8
      vertex -12.561 -0.495952 4.43897
    endloop
  endfacet
  facet normal 0.555571 -0.831469 0
    outer loop
      vertex -12.3 -0.321539 11.8
      vertex -12.45 -0.421766 4.55
      vertex -12.3 -0.321539 4.55
    endloop
  endfacet
  facet normal -0.997866 0.0652929 1.06817e-19
    outer loop
      vertex 13.4795 -72.5133 1.6
      vertex 13.5 -72.2 11.8
      vertex 13.5 -72.2 1.6
    endloop
  endfacet
  facet normal -0.997866 0.0652929 1.06817e-19
    outer loop
      vertex 13.5 -72.2 11.8
      vertex 13.4795 -72.5133 1.6
      vertex 13.4795 -72.5133 11.8
    endloop
  endfacet
  facet normal 0.946939 -0.321412 5.97465e-19
    outer loop
      vertex -13.4182 -1.77883 11.8
      vertex -13.3173 -1.48156 3.68269
      vertex -13.3173 -1.48156 11.8
    endloop
  endfacet
  facet normal 0.946939 -0.321412 5.90129e-19
    outer loop
      vertex -13.3173 -1.48156 3.68269
      vertex -13.4182 -1.77883 11.8
      vertex -13.4182 -1.77883 3.58178
    endloop
  endfacet
  facet normal 0.32148 0.946916 -0
    outer loop
      vertex -11.7212 -74.5182 0.599999
      vertex -12.0184 -74.4173 11.8
      vertex -11.7212 -74.5182 11.8
    endloop
  endfacet
  facet normal 0.32148 0.946916 0
    outer loop
      vertex -12.0184 -74.4173 11.8
      vertex -11.7212 -74.5182 0.599999
      vertex -12.0184 -74.4173 0.599999
    endloop
  endfacet
  facet normal 0.321513 -0.946905 0
    outer loop
      vertex -12.0184 -0.182689 4.55
      vertex -11.7212 -0.0817776 11.8
      vertex -12.0184 -0.182689 11.8
    endloop
  endfacet
  facet normal 0.321513 -0.946905 0
    outer loop
      vertex -11.7212 -0.0817776 11.8
      vertex -12.0184 -0.182689 4.55
      vertex -11.7212 -0.0817776 4.55
    endloop
  endfacet
  facet normal -0.659068 0.752083 0
    outer loop
      vertex 12.7971 -73.8971 4.55
      vertex 12.561 -74.104 11.8
      vertex 12.7971 -73.8971 11.8
    endloop
  endfacet
  facet normal -0.659068 0.752083 0
    outer loop
      vertex 12.561 -74.104 11.8
      vertex 12.7971 -73.8971 4.55
      vertex 12.561 -74.104 4.55
    endloop
  endfacet
  facet normal 0.659068 0.752083 -0
    outer loop
      vertex -12.561 -74.104 0.599999
      vertex -12.7971 -73.8971 11.8
      vertex -12.561 -74.104 11.8
    endloop
  endfacet
  facet normal 0.659068 0.752083 0
    outer loop
      vertex -12.7971 -73.8971 11.8
      vertex -12.561 -74.104 0.599999
      vertex -12.7971 -73.8971 0.599999
    endloop
  endfacet
  facet normal 1 0 0
    outer loop
      vertex -13.5 -3 6
      vertex -13.5 -2.4 11.8
      vertex -13.5 -3 10.5
    endloop
  endfacet
  facet normal 1 0 0
    outer loop
      vertex -13.5 -2.4 11.8
      vertex -13.5 -4.4 10.5
      vertex -13.5 -3 10.5
    endloop
  endfacet
  facet normal 1 0 0
    outer loop
      vertex -13.5 -4.4 10.5
      vertex -13.5 -5.4 10.5
      vertex -13.5 -4.4 6
    endloop
  endfacet
  facet normal 1 0 0
    outer loop
      vertex -13.5 -2.4 11.8
      vertex -13.5 -5.4 10.5
      vertex -13.5 -4.4 10.5
    endloop
  endfacet
  facet normal 1 0 0
    outer loop
      vertex -13.5 -2.4 11.8
      vertex -13.5 -6.8 10.5
      vertex -13.5 -5.4 10.5
    endloop
  endfacet
  facet normal 1 0 0
    outer loop
      vertex -13.5 -19.65 4.55
      vertex -13.5 -6.8 6
      vertex -13.5 -6.8 10.5
    endloop
  endfacet
  facet normal 1 0 0
    outer loop
      vertex -13.5 -19.65 0.599999
      vertex -13.5 -18.95 3.5
      vertex -13.5 -19.65 4.55
    endloop
  endfacet
  facet normal 1 0 0
    outer loop
      vertex -13.5 -6.8 6
      vertex -13.5 -19.65 4.55
      vertex -13.5 -18.95 3.5
    endloop
  endfacet
  facet normal 1 0 0
    outer loop
      vertex -13.5 -6.8 10.5
      vertex -13.5 -20.45 4.55
      vertex -13.5 -19.65 4.55
    endloop
  endfacet
  facet normal 1 0 0
    outer loop
      vertex -13.5 -20.45 4.55
      vertex -13.5 -21.05 4.55
      vertex -13.5 -20.45 0.599999
    endloop
  endfacet
  facet normal 1 -0 0
    outer loop
      vertex -13.5 -33.25 10
      vertex -13.5 -20.45 4.55
      vertex -13.5 -6.8 10.5
    endloop
  endfacet
  facet normal 1 0 0
    outer loop
      vertex -13.5 -20.45 4.55
      vertex -13.5 -33.25 10
      vertex -13.5 -21.05 4.55
    endloop
  endfacet
  facet normal 1 0 0
    outer loop
      vertex -13.5 -21.85 4.55
      vertex -13.5 -32.621 0.599999
      vertex -13.5 -21.85 0.599999
    endloop
  endfacet
  facet normal 1 0 0
    outer loop
      vertex -13.5 -21.05 4.55
      vertex -13.5 -33.25 10
      vertex -13.5 -21.85 4.55
    endloop
  endfacet
  facet normal 1 0 0
    outer loop
      vertex -13.5 -21.85 4.55
      vertex -13.5 -33.25 10
      vertex -13.5 -32.621 0.599999
    endloop
  endfacet
  facet normal 1 0 0
    outer loop
      vertex -13.5 -32.621 0.599999
      vertex -13.5 -33.25 10
      vertex -13.5 -32.9282 0.69962
    endloop
  endfacet
  facet normal 1 0 0
    outer loop
      vertex -13.5 -2.4 11.8
      vertex -13.5 -33.25 10
      vertex -13.5 -6.8 10.5
    endloop
  endfacet
  facet normal 1 0 0
    outer loop
      vertex -13.5 -2.4 11.8
      vertex -13.5 -34.75 10
      vertex -13.5 -33.25 10
    endloop
  endfacet
  facet normal 1 0 0
    outer loop
      vertex -13.5 -34.75 10
      vertex -13.5 -35.0718 0.69962
      vertex -13.5 -34.75 0.762954
    endloop
  endfacet
  facet normal 1 0 0
    outer loop
      vertex -13.5 -34.75 10
      vertex -13.5 -35.379 0.599999
      vertex -13.5 -35.0718 0.69962
    endloop
  endfacet
  facet normal 1 0 0
    outer loop
      vertex -13.5 -34.75 10
      vertex -13.5 -66.721 0.599999
      vertex -13.5 -35.379 0.599999
    endloop
  endfacet
  facet normal 1 -0 0
    outer loop
      vertex -13.5 -67.35 10
      vertex -13.5 -66.721 0.599999
      vertex -13.5 -34.75 10
    endloop
  endfacet
  facet normal 1 0 0
    outer loop
      vertex -13.5 -66.721 0.599999
      vertex -13.5 -67.35 10
      vertex -13.5 -67.0032 0.691519
    endloop
  endfacet
  facet normal 1 0 0
    outer loop
      vertex -13.5 -67.0032 0.691519
      vertex -13.5 -67.35 10
      vertex -13.5 -67.0282 0.69962
    endloop
  endfacet
  facet normal 1 -0 0
    outer loop
      vertex -13.5 -72.2 11.8
      vertex -13.5 -34.75 10
      vertex -13.5 -2.4 11.8
    endloop
  endfacet
  facet normal 1 0 0
    outer loop
      vertex -13.5 -34.75 10
      vertex -13.5 -72.2 11.8
      vertex -13.5 -67.35 10
    endloop
  endfacet
  facet normal 1 0 0
    outer loop
      vertex -13.5 -68.85 10
      vertex -13.5 -69.1718 0.69962
      vertex -13.5 -68.85 0.762954
    endloop
  endfacet
  facet normal 1 0 0
    outer loop
      vertex -13.5 -68.85 10
      vertex -13.5 -69.479 0.599999
      vertex -13.5 -69.1718 0.69962
    endloop
  endfacet
  facet normal 1 0 0
    outer loop
      vertex -13.5 -67.35 10
      vertex -13.5 -72.2 11.8
      vertex -13.5 -68.85 10
    endloop
  endfacet
  facet normal 1 0 0
    outer loop
      vertex -13.5 -72.2 0.599999
      vertex -13.5 -68.85 10
      vertex -13.5 -72.2 11.8
    endloop
  endfacet
  facet normal 1 0 0
    outer loop
      vertex -13.5 -68.85 10
      vertex -13.5 -72.2 0.599999
      vertex -13.5 -69.479 0.599999
    endloop
  endfacet
  facet normal 1 0 0
    outer loop
      vertex -13.5 -2.4 11.8
      vertex -13.5 -3 6
      vertex -13.5 -2.4 3.5
    endloop
  endfacet
  facet normal 1 -0 0
    outer loop
      vertex -13.5 -4.4 6
      vertex -13.5 -2.4 3.5
      vertex -13.5 -3 6
    endloop
  endfacet
  facet normal 1 0 0
    outer loop
      vertex -13.5 -5.4 6
      vertex -13.5 -4.4 6
      vertex -13.5 -5.4 10.5
    endloop
  endfacet
  facet normal 1 -0 0
    outer loop
      vertex -13.5 -5.4 6
      vertex -13.5 -2.4 3.5
      vertex -13.5 -4.4 6
    endloop
  endfacet
  facet normal 1 -0 0
    outer loop
      vertex -13.5 -6.8 6
      vertex -13.5 -2.4 3.5
      vertex -13.5 -5.4 6
    endloop
  endfacet
  facet normal 1 0 0
    outer loop
      vertex -13.5 -2.4 3.5
      vertex -13.5 -6.8 6
      vertex -13.5 -18.95 3.5
    endloop
  endfacet
  facet normal 1 0 0
    outer loop
      vertex -13.5 -18.95 3.5
      vertex -13.5 -19.65 0.599999
      vertex -13.5 -18.95 0.599999
    endloop
  endfacet
  facet normal 1 0 0
    outer loop
      vertex -13.5 -20.45 0.599999
      vertex -13.5 -21.05 4.55
      vertex -13.5 -21.05 0.599999
    endloop
  endfacet
  facet normal 1 0 0
    outer loop
      vertex -13.5 -32.9282 0.69962
      vertex -13.5 -33.25 10
      vertex -13.5 -33.25 0.762954
    endloop
  endfacet
  facet normal 1 0 0
    outer loop
      vertex -13.5 -67.0282 0.69962
      vertex -13.5 -67.35 10
      vertex -13.5 -67.35 0.762954
    endloop
  endfacet
  facet normal 0.946916 0.32148 5.14855e-20
    outer loop
      vertex -13.3173 -73.1184 11.8
      vertex -13.4182 -72.8212 0.599999
      vertex -13.4182 -72.8212 11.8
    endloop
  endfacet
  facet normal 0.946916 0.32148 5.14855e-20
    outer loop
      vertex -13.4182 -72.8212 0.599999
      vertex -13.3173 -73.1184 11.8
      vertex -13.3173 -73.1184 0.599999
    endloop
  endfacet
  facet normal 0.0652929 0.997866 -0
    outer loop
      vertex -11.1 -74.6 0.599999
      vertex -11.4133 -74.5795 11.8
      vertex -11.1 -74.6 11.8
    endloop
  endfacet
  facet normal 0.0652929 0.997866 0
    outer loop
      vertex -11.4133 -74.5795 11.8
      vertex -11.1 -74.6 0.599999
      vertex -11.4133 -74.5795 0.599999
    endloop
  endfacet
  facet normal 0.752083 0.659068 7.35643e-19
    outer loop
      vertex -12.7971 -73.8971 11.8
      vertex -13.004 -73.661 0.599999
      vertex -13.004 -73.661 11.8
    endloop
  endfacet
  facet normal 0.752083 0.659068 7.35643e-19
    outer loop
      vertex -13.004 -73.661 0.599999
      vertex -12.7971 -73.8971 11.8
      vertex -12.7971 -73.8971 0.599999
    endloop
  endfacet
  facet normal 0.751985 -0.65918 -6.83629e-19
    outer loop
      vertex -13.004 -0.938972 11.8
      vertex -12.7971 -0.702943 4.20294
      vertex -12.7971 -0.702943 11.8
    endloop
  endfacet
  facet normal 0.751985 -0.65918 -6.65496e-19
    outer loop
      vertex -12.7971 -0.702943 4.20294
      vertex -13.004 -0.938972 11.8
      vertex -13.004 -0.938972 3.99595
    endloop
  endfacet
  facet normal -0.321513 -0.946905 0
    outer loop
      vertex 11.7212 -0.0817776 4.55
      vertex 12.0184 -0.182689 11.8
      vertex 11.7212 -0.0817776 11.8
    endloop
  endfacet
  facet normal -0.321513 -0.946905 -0
    outer loop
      vertex 12.0184 -0.182689 11.8
      vertex 11.7212 -0.0817776 4.55
      vertex 12.0184 -0.182689 4.55
    endloop
  endfacet
  facet normal -0.831315 0.555802 -4.21611e-19
    outer loop
      vertex 13.004 -73.661 4.55
      vertex 13.1785 -73.4 11.8
      vertex 13.1785 -73.4 4.55
    endloop
  endfacet
  facet normal -0.831315 0.555802 -4.21611e-19
    outer loop
      vertex 13.1785 -73.4 11.8
      vertex 13.004 -73.661 4.55
      vertex 13.004 -73.661 11.8
    endloop
  endfacet
  facet normal 0.195258 0.980752 -0
    outer loop
      vertex -11.4133 -74.5795 0.599999
      vertex -11.7212 -74.5182 11.8
      vertex -11.4133 -74.5795 11.8
    endloop
  endfacet
  facet normal 0.195258 0.980752 0
    outer loop
      vertex -11.7212 -74.5182 11.8
      vertex -11.4133 -74.5795 0.599999
      vertex -11.7212 -74.5182 0.599999
    endloop
  endfacet
  facet normal 0 -1 0
    outer loop
      vertex -9.3 0 10.5
      vertex -11.1 0 11.8
      vertex -10.7 0 10.5
    endloop
  endfacet
  facet normal 0 -1 0
    outer loop
      vertex -11.1 0 11.8
      vertex -10.7 0 6
      vertex -10.7 0 10.5
    endloop
  endfacet
  facet normal 0 -1 0
    outer loop
      vertex -11.1 0 4.55
      vertex -9.3 0 6
      vertex -10.7 0 6
    endloop
  endfacet
  facet normal 0 -1 -0
    outer loop
      vertex -6.64999 0 5.14999
      vertex -11.1 0 4.55
      vertex 6.64999 0 5.14999
    endloop
  endfacet
  facet normal 0 -1 -0
    outer loop
      vertex -9.3 0 6
      vertex -11.1 0 4.55
      vertex -6.64999 0 5.14999
    endloop
  endfacet
  facet normal 0 -1 0
    outer loop
      vertex -11.1 0 4.55
      vertex -10.7 0 6
      vertex -11.1 0 11.8
    endloop
  endfacet
  facet normal 0 -1 0
    outer loop
      vertex -11.1 0 11.8
      vertex -9.3 0 10.5
      vertex -8.14999 0 11.8
    endloop
  endfacet
  facet normal 0 -1 0
    outer loop
      vertex -9.3 0 10.5
      vertex -8.14999 0 8.73785
      vertex -8.14999 0 11.8
    endloop
  endfacet
  facet normal 0 -1 0
    outer loop
      vertex -9.3 0 6
      vertex -8.14999 0 8.73785
      vertex -9.3 0 10.5
    endloop
  endfacet
  facet normal 0 -1 0
    outer loop
      vertex -9.3 0 6
      vertex -6.64999 0 7.23785
      vertex -8.14999 0 8.73785
    endloop
  endfacet
  facet normal 0 -1 -0
    outer loop
      vertex -6.64999 0 7.23785
      vertex -9.3 0 6
      vertex -6.64999 0 5.14999
    endloop
  endfacet
  facet normal 0 -1 0
    outer loop
      vertex 8.14999 0 11.8
      vertex 9.3 0 10.5
      vertex 11.1 0 11.8
    endloop
  endfacet
  facet normal 0 -1 0
    outer loop
      vertex 8.14999 0 8.73785
      vertex 9.3 0 10.5
      vertex 8.14999 0 11.8
    endloop
  endfacet
  facet normal 0 -1 0
    outer loop
      vertex 8.14999 0 8.73785
      vertex 9.3 0 6
      vertex 9.3 0 10.5
    endloop
  endfacet
  facet normal 0 -1 0
    outer loop
      vertex 6.64999 0 7.23785
      vertex 9.3 0 6
      vertex 8.14999 0 8.73785
    endloop
  endfacet
  facet normal 0 -1 0
    outer loop
      vertex 11.1 0 4.55
      vertex 9.3 0 6
      vertex 6.64999 0 5.14999
    endloop
  endfacet
  facet normal 0 -1 0
    outer loop
      vertex 6.64999 0 5.14999
      vertex 9.3 0 6
      vertex 6.64999 0 7.23785
    endloop
  endfacet
  facet normal 0 -1 0
    outer loop
      vertex 10.7 0 10.5
      vertex 11.1 0 11.8
      vertex 9.3 0 10.5
    endloop
  endfacet
  facet normal 0 -1 0
    outer loop
      vertex 10.7 0 6
      vertex 11.1 0 11.8
      vertex 10.7 0 10.5
    endloop
  endfacet
  facet normal 0 -1 0
    outer loop
      vertex 10.7 0 6
      vertex 11.1 0 4.55
      vertex 11.1 0 11.8
    endloop
  endfacet
  facet normal 0 -1 0
    outer loop
      vertex 9.3 0 6
      vertex 11.1 0 4.55
      vertex 10.7 0 6
    endloop
  endfacet
  facet normal 0 -1 0
    outer loop
      vertex 11.1 0 4.55
      vertex 6.64999 0 5.14999
      vertex -11.1 0 4.55
    endloop
  endfacet
  facet normal -0.32148 0.946916 0
    outer loop
      vertex 12.0184 -74.4173 4.55
      vertex 11.7212 -74.5182 11.8
      vertex 12.0184 -74.4173 11.8
    endloop
  endfacet
  facet normal -0.32148 0.946916 0
    outer loop
      vertex 11.7212 -74.5182 11.8
      vertex 12.0184 -74.4173 4.55
      vertex 11.7212 -74.5182 4.55
    endloop
  endfacet
  facet normal -0.896892 0.44225 0
    outer loop
      vertex 13.2031 -73.35 4.55
      vertex 13.3173 -73.1184 1.6
      vertex 13.2031 -73.35 1.6
    endloop
  endfacet
  facet normal -0.896892 0.44225 0
    outer loop
      vertex 13.3173 -73.1184 1.6
      vertex 13.2031 -73.35 4.55
      vertex 13.3173 -73.1184 11.8
    endloop
  endfacet
  facet normal -0.89728 0.441462 0
    outer loop
      vertex 13.1785 -73.4 11.8
      vertex 13.2031 -73.35 4.55
      vertex 13.1785 -73.4 4.55
    endloop
  endfacet
  facet normal -0.896961 0.44211 5.55328e-06
    outer loop
      vertex 13.2031 -73.35 4.55
      vertex 13.1785 -73.4 11.8
      vertex 13.3173 -73.1184 11.8
    endloop
  endfacet
  facet normal 0.997866 -0.0653012 1.93129e-20
    outer loop
      vertex -13.5 -2.4 11.8
      vertex -13.4795 -2.08674 3.52053
      vertex -13.4795 -2.08674 11.8
    endloop
  endfacet
  facet normal 0.997866 -0.0653012 1.92651e-20
    outer loop
      vertex -13.4795 -2.08674 3.52053
      vertex -13.5 -2.4 11.8
      vertex -13.5 -2.4 3.5
    endloop
  endfacet
  facet normal -0.555571 -0.831469 1.40534e-19
    outer loop
      vertex 12.45 -0.421766 4.55
      vertex 12.3 -0.321539 11.8
      vertex 12.3 -0.321539 4.55
    endloop
  endfacet
  facet normal -0.555611 -0.831443 -1.18768e-06
    outer loop
      vertex 12.3 -0.321539 11.8
      vertex 12.45 -0.421766 4.55
      vertex 12.561 -0.495952 11.8
    endloop
  endfacet
  facet normal -0.555664 -0.831407 -0
    outer loop
      vertex 12.561 -0.495952 11.8
      vertex 12.45 -0.421766 4.55
      vertex 12.561 -0.495952 4.43897
    endloop
  endfacet
  facet normal -0.752083 0.659068 -1.13644e-18
    outer loop
      vertex 12.7971 -73.8971 4.55
      vertex 13.004 -73.661 11.8
      vertex 13.004 -73.661 4.55
    endloop
  endfacet
  facet normal -0.752083 0.659068 -1.13644e-18
    outer loop
      vertex 13.004 -73.661 11.8
      vertex 12.7971 -73.8971 4.55
      vertex 12.7971 -73.8971 11.8
    endloop
  endfacet
  facet normal -0.946939 -0.321412 -0
    outer loop
      vertex 13.4182 -1.77883 11.8
      vertex 13.3173 -1.48156 3.68269
      vertex 13.4182 -1.77883 3.58178
    endloop
  endfacet
  facet normal -0.946939 -0.321412 0
    outer loop
      vertex 13.3173 -1.48156 3.68269
      vertex 13.4182 -1.77883 11.8
      vertex 13.3173 -1.48156 11.8
    endloop
  endfacet
  facet normal 0.0653934 -0.99786 0
    outer loop
      vertex -11.4133 -0.0205317 4.55
      vertex -11.1 0 11.8
      vertex -11.4133 -0.0205317 11.8
    endloop
  endfacet
  facet normal 0.0653934 -0.99786 0
    outer loop
      vertex -11.1 0 11.8
      vertex -11.4133 -0.0205317 4.55
      vertex -11.1 0 4.55
    endloop
  endfacet
  facet normal 0.896961 0.44211 -9.50658e-19
    outer loop
      vertex -13.1785 -73.4 11.8
      vertex -13.3173 -73.1184 0.599999
      vertex -13.3173 -73.1184 11.8
    endloop
  endfacet
  facet normal 0.896961 0.44211 -9.50658e-19
    outer loop
      vertex -13.3173 -73.1184 0.599999
      vertex -13.1785 -73.4 11.8
      vertex -13.1785 -73.4 0.599999
    endloop
  endfacet
  facet normal -0.442238 -0.896898 0
    outer loop
      vertex 12.0184 -0.182689 4.55
      vertex 12.3 -0.321539 11.8
      vertex 12.0184 -0.182689 11.8
    endloop
  endfacet
  facet normal -0.442238 -0.896898 -0
    outer loop
      vertex 12.3 -0.321539 11.8
      vertex 12.0184 -0.182689 4.55
      vertex 12.3 -0.321539 4.55
    endloop
  endfacet
  facet normal 0.997866 0.0652929 -9.72801e-20
    outer loop
      vertex -13.4795 -72.5133 11.8
      vertex -13.5 -72.2 0.599999
      vertex -13.5 -72.2 11.8
    endloop
  endfacet
  facet normal 0.997866 0.0652929 -9.72801e-20
    outer loop
      vertex -13.5 -72.2 0.599999
      vertex -13.4795 -72.5133 11.8
      vertex -13.4795 -72.5133 0.599999
    endloop
  endfacet
  facet normal -0.659232 -0.751939 0
    outer loop
      vertex 12.561 -0.495952 4.43897
      vertex 12.7971 -0.702943 11.8
      vertex 12.561 -0.495952 11.8
    endloop
  endfacet
  facet normal -0.659232 -0.751939 -0
    outer loop
      vertex 12.7971 -0.702943 11.8
      vertex 12.561 -0.495952 4.43897
      vertex 12.7971 -0.702943 4.20294
    endloop
  endfacet
  facet normal -0.980752 0.195258 2.17528e-19
    outer loop
      vertex 13.4182 -72.8212 1.6
      vertex 13.4795 -72.5133 11.8
      vertex 13.4795 -72.5133 1.6
    endloop
  endfacet
  facet normal -0.980752 0.195258 2.17528e-19
    outer loop
      vertex 13.4795 -72.5133 11.8
      vertex 13.4182 -72.8212 1.6
      vertex 13.4182 -72.8212 11.8
    endloop
  endfacet
  facet normal 0.555802 0.831315 -0
    outer loop
      vertex -12.3 -74.2785 0.599999
      vertex -12.561 -74.104 11.8
      vertex -12.3 -74.2785 11.8
    endloop
  endfacet
  facet normal 0.555802 0.831315 0
    outer loop
      vertex -12.561 -74.104 11.8
      vertex -12.3 -74.2785 0.599999
      vertex -12.561 -74.104 0.599999
    endloop
  endfacet
  facet normal 0.44211 0.896961 -0
    outer loop
      vertex -12.0184 -74.4173 0.599999
      vertex -12.3 -74.2785 11.8
      vertex -12.0184 -74.4173 11.8
    endloop
  endfacet
  facet normal 0.44211 0.896961 0
    outer loop
      vertex -12.3 -74.2785 11.8
      vertex -12.0184 -74.4173 0.599999
      vertex -12.3 -74.2785 0.599999
    endloop
  endfacet
  facet normal -0.0653934 -0.99786 0
    outer loop
      vertex 11.1 0 4.55
      vertex 11.4133 -0.0205317 11.8
      vertex 11.1 0 11.8
    endloop
  endfacet
  facet normal -0.0653934 -0.99786 -0
    outer loop
      vertex 11.4133 -0.0205317 11.8
      vertex 11.1 0 4.55
      vertex 11.4133 -0.0205317 4.55
    endloop
  endfacet
  facet normal 0.831342 -0.555761 8.32826e-19
    outer loop
      vertex -13.1785 -1.2 11.8
      vertex -13.004 -0.938972 3.99595
      vertex -13.004 -0.938972 11.8
    endloop
  endfacet
  facet normal 0.831342 -0.555761 8.1462e-19
    outer loop
      vertex -13.004 -0.938972 3.99595
      vertex -13.1785 -1.2 11.8
      vertex -13.1785 -1.2 3.82154
    endloop
  endfacet
  facet normal 0.195093 -0.980785 0
    outer loop
      vertex -11.7212 -0.0817776 4.55
      vertex -11.4133 -0.0205317 11.8
      vertex -11.7212 -0.0817776 11.8
    endloop
  endfacet
  facet normal 0.195093 -0.980785 0
    outer loop
      vertex -11.4133 -0.0205317 11.8
      vertex -11.7212 -0.0817776 4.55
      vertex -11.4133 -0.0205317 4.55
    endloop
  endfacet
  facet normal 0.980753 -0.195252 -4.55854e-19
    outer loop
      vertex -13.4795 -2.08674 11.8
      vertex -13.4182 -1.77883 3.58178
      vertex -13.4182 -1.77883 11.8
    endloop
  endfacet
  facet normal 0.980753 -0.195252 -4.52482e-19
    outer loop
      vertex -13.4182 -1.77883 3.58178
      vertex -13.4795 -2.08674 11.8
      vertex -13.4795 -2.08674 3.52053
    endloop
  endfacet
  facet normal -0.44211 0.896961 0
    outer loop
      vertex 12.3 -74.2785 4.55
      vertex 12.0184 -74.4173 11.8
      vertex 12.3 -74.2785 11.8
    endloop
  endfacet
  facet normal -0.44211 0.896961 0
    outer loop
      vertex 12.0184 -74.4173 11.8
      vertex 12.3 -74.2785 4.55
      vertex 12.0184 -74.4173 4.55
    endloop
  endfacet
  facet normal -0.751985 -0.65918 -0
    outer loop
      vertex 13.004 -0.938972 11.8
      vertex 12.7971 -0.702943 4.20294
      vertex 13.004 -0.938972 3.99595
    endloop
  endfacet
  facet normal -0.751985 -0.65918 0
    outer loop
      vertex 12.7971 -0.702943 4.20294
      vertex 13.004 -0.938972 11.8
      vertex 12.7971 -0.702943 11.8
    endloop
  endfacet
  facet normal -0.946916 0.32148 -5.65331e-20
    outer loop
      vertex 13.3173 -73.1184 1.6
      vertex 13.4182 -72.8212 11.8
      vertex 13.4182 -72.8212 1.6
    endloop
  endfacet
  facet normal -0.946916 0.32148 -5.65331e-20
    outer loop
      vertex 13.4182 -72.8212 11.8
      vertex 13.3173 -73.1184 1.6
      vertex 13.3173 -73.1184 11.8
    endloop
  endfacet
  facet normal 0.896936 -0.44216 -1.19792e-18
    outer loop
      vertex -13.3173 -1.48156 11.8
      vertex -13.1785 -1.2 3.82154
      vertex -13.1785 -1.2 11.8
    endloop
  endfacet
  facet normal 0.896936 -0.44216 -1.17743e-18
    outer loop
      vertex -13.1785 -1.2 3.82154
      vertex -13.3173 -1.48156 11.8
      vertex -13.3173 -1.48156 3.68269
    endloop
  endfacet
  facet normal -0.980753 -0.195252 -0
    outer loop
      vertex 13.4795 -2.08674 11.8
      vertex 13.4182 -1.77883 3.58178
      vertex 13.4795 -2.08674 3.52053
    endloop
  endfacet
  facet normal -0.980753 -0.195252 0
    outer loop
      vertex 13.4182 -1.77883 3.58178
      vertex 13.4795 -2.08674 11.8
      vertex 13.4182 -1.77883 11.8
    endloop
  endfacet
  facet normal -0.555802 0.831315 0
    outer loop
      vertex 12.561 -74.104 4.55
      vertex 12.3 -74.2785 11.8
      vertex 12.561 -74.104 11.8
    endloop
  endfacet
  facet normal -0.555802 0.831315 0
    outer loop
      vertex 12.3 -74.2785 11.8
      vertex 12.561 -74.104 4.55
      vertex 12.3 -74.2785 4.55
    endloop
  endfacet
  facet normal -0.997866 -0.0653012 -0
    outer loop
      vertex 13.5 -2.4 11.8
      vertex 13.4795 -2.08674 3.52053
      vertex 13.5 -2.4 3.5
    endloop
  endfacet
  facet normal -0.997866 -0.0653012 0
    outer loop
      vertex 13.4795 -2.08674 3.52053
      vertex 13.5 -2.4 11.8
      vertex 13.4795 -2.08674 11.8
    endloop
  endfacet
  facet normal -0 0 1
    outer loop
      vertex -5.58269 -35.6226 0.599999
      vertex -3.2 -38.4 0.599999
      vertex -5.58192 -35.6203 0.599999
    endloop
  endfacet
  facet normal 0 0 1
    outer loop
      vertex -3.2 -54.8 0.599999
      vertex -5.26009 -68.0976 0.599999
      vertex -5.25993 -68.1 0.599999
    endloop
  endfacet
  facet normal -0 0 1
    outer loop
      vertex -5.82694 -36.1179 0.599999
      vertex -3.2 -38.4 0.599999
      vertex -5.58269 -35.6226 0.599999
    endloop
  endfacet
  facet normal 0 0 1
    outer loop
      vertex -3.2 -54.8 0.599999
      vertex -5.29621 -67.5466 0.599999
      vertex -5.26009 -68.0976 0.599999
    endloop
  endfacet
  facet normal -0 0 1
    outer loop
      vertex -5.82799 -36.12 0.599999
      vertex -3.2 -38.4 0.599999
      vertex -5.82694 -36.1179 0.599999
    endloop
  endfacet
  facet normal 0 0 1
    outer loop
      vertex -3.2 -54.8 0.599999
      vertex -5.29667 -67.5442 0.599999
      vertex -5.29621 -67.5466 0.599999
    endloop
  endfacet
  facet normal -0 0 1
    outer loop
      vertex -5.82932 -36.122 0.599999
      vertex -3.2 -38.4 0.599999
      vertex -5.82799 -36.12 0.599999
    endloop
  endfacet
  facet normal 0 0 1
    outer loop
      vertex -3.2 -54.8 0.599999
      vertex -5.40441 -67.0026 0.599999
      vertex -5.29667 -67.5442 0.599999
    endloop
  endfacet
  facet normal 0 0 1
    outer loop
      vertex -3.2 -54.8 0.599999
      vertex -5.40518 -67.0003 0.599999
      vertex -5.40441 -67.0026 0.599999
    endloop
  endfacet
  facet normal -0 0 1
    outer loop
      vertex -6.13613 -36.5812 0.599999
      vertex -3.2 -38.4 0.599999
      vertex -5.82932 -36.122 0.599999
    endloop
  endfacet
  facet normal -0 0 1
    outer loop
      vertex -6.50025 -36.9964 0.599999
      vertex -3.2 -38.4 0.599999
      vertex -6.13613 -36.5812 0.599999
    endloop
  endfacet
  facet normal 0 0 1
    outer loop
      vertex -3.2 -54.8 0.599999
      vertex -5.58269 -66.4774 0.599999
      vertex -5.40518 -67.0003 0.599999
    endloop
  endfacet
  facet normal -0 0 1
    outer loop
      vertex -6.50182 -36.9982 0.599999
      vertex -3.2 -38.4 0.599999
      vertex -6.50025 -36.9964 0.599999
    endloop
  endfacet
  facet normal 0 0 1
    outer loop
      vertex -3.2 -54.8 0.599999
      vertex -5.82694 -65.9821 0.599999
      vertex -5.58269 -66.4774 0.599999
    endloop
  endfacet
  facet normal -0 0 1
    outer loop
      vertex -6.50361 -36.9997 0.599999
      vertex -3.2 -38.4 0.599999
      vertex -6.50182 -36.9982 0.599999
    endloop
  endfacet
  facet normal 0 0 1
    outer loop
      vertex -3.2 -54.8 0.599999
      vertex -5.82799 -65.98 0.599999
      vertex -5.82694 -65.9821 0.599999
    endloop
  endfacet
  facet normal 0 0 1
    outer loop
      vertex -3.2 -38.4 0.599999
      vertex -6.50361 -36.9997 0.599999
      vertex -3.2 -39.2 0.599999
    endloop
  endfacet
  facet normal 0 0 1
    outer loop
      vertex -3.2 -54.8 0.599999
      vertex -5.82932 -65.978 0.599999
      vertex -5.82799 -65.98 0.599999
    endloop
  endfacet
  facet normal -0 0 1
    outer loop
      vertex -6.91881 -37.3639 0.599999
      vertex -3.2 -39.2 0.599999
      vertex -6.50361 -36.9997 0.599999
    endloop
  endfacet
  facet normal 0 0 1
    outer loop
      vertex -3.2 -54.8 0.599999
      vertex -6.13613 -65.5188 0.599999
      vertex -5.82932 -65.978 0.599999
    endloop
  endfacet
  facet normal -0 0 1
    outer loop
      vertex -7.37799 -37.6707 0.599999
      vertex -3.2 -39.2 0.599999
      vertex -6.91881 -37.3639 0.599999
    endloop
  endfacet
  facet normal 0 0 1
    outer loop
      vertex -3.2 -54.8 0.599999
      vertex -6.50025 -65.1036 0.599999
      vertex -6.13613 -65.5188 0.599999
    endloop
  endfacet
  facet normal -0 0 1
    outer loop
      vertex -7.37997 -37.672 0.599999
      vertex -3.2 -39.2 0.599999
      vertex -7.37799 -37.6707 0.599999
    endloop
  endfacet
  facet normal 0 0 1
    outer loop
      vertex -3.2 -54.8 0.599999
      vertex -6.50182 -65.1018 0.599999
      vertex -6.50025 -65.1036 0.599999
    endloop
  endfacet
  facet normal -0 0 1
    outer loop
      vertex -7.3821 -37.6731 0.599999
      vertex -3.2 -39.2 0.599999
      vertex -7.37997 -37.672 0.599999
    endloop
  endfacet
  facet normal 0 0 1
    outer loop
      vertex -3.2 -54.8 0.599999
      vertex -6.50361 -65.1003 0.599999
      vertex -6.50182 -65.1018 0.599999
    endloop
  endfacet
  facet normal -0 0 1
    outer loop
      vertex -7.8774 -37.9173 0.599999
      vertex -3.2 -39.2 0.599999
      vertex -7.3821 -37.6731 0.599999
    endloop
  endfacet
  facet normal 0 0 1
    outer loop
      vertex -3.2 -54.8 0.599999
      vertex -6.91881 -64.7361 0.599999
      vertex -6.50361 -65.1003 0.599999
    endloop
  endfacet
  facet normal 0 0 1
    outer loop
      vertex -3.2 -54.8 0.599999
      vertex -6.92079 -64.7348 0.599999
      vertex -6.91881 -64.7361 0.599999
    endloop
  endfacet
  facet normal -0 0 1
    outer loop
      vertex -7.87965 -37.9181 0.599999
      vertex -3.2 -39.2 0.599999
      vertex -7.8774 -37.9173 0.599999
    endloop
  endfacet
  facet normal -0 0 1
    outer loop
      vertex -8.40259 -38.0956 0.599999
      vertex -3.2 -39.2 0.599999
      vertex -7.87965 -37.9181 0.599999
    endloop
  endfacet
  facet normal 0 0 1
    outer loop
      vertex -3.2 -54.8 0.599999
      vertex -7.37997 -64.428 0.599999
      vertex -6.92079 -64.7348 0.599999
    endloop
  endfacet
  facet normal 0 0 1
    outer loop
      vertex -3.2 -39.2 0.599999
      vertex -8.40259 -38.0956 0.599999
      vertex -3.2 -46.6 0.599999
    endloop
  endfacet
  facet normal 0 0 1
    outer loop
      vertex -3.2 -54.8 0.599999
      vertex -7.87526 -64.1837 0.599999
      vertex -7.37997 -64.428 0.599999
    endloop
  endfacet
  facet normal -0 0 1
    outer loop
      vertex -8.94422 -38.2033 0.599999
      vertex -3.2 -46.6 0.599999
      vertex -8.40259 -38.0956 0.599999
    endloop
  endfacet
  facet normal 0 0 1
    outer loop
      vertex -3.2 -54.8 0.599999
      vertex -7.8774 -64.1827 0.599999
      vertex -7.87526 -64.1837 0.599999
    endloop
  endfacet
  facet normal -0 0 1
    outer loop
      vertex -8.94656 -38.2038 0.599999
      vertex -3.2 -46.6 0.599999
      vertex -8.94422 -38.2033 0.599999
    endloop
  endfacet
  facet normal 0 0 1
    outer loop
      vertex -3.2 -54.8 0.599999
      vertex -7.87965 -64.1819 0.599999
      vertex -7.8774 -64.1827 0.599999
    endloop
  endfacet
  facet normal -0 0 1
    outer loop
      vertex -8.94894 -38.2039 0.599999
      vertex -3.2 -46.6 0.599999
      vertex -8.94656 -38.2038 0.599999
    endloop
  endfacet
  facet normal 0 0 1
    outer loop
      vertex -3.2 -54.8 0.599999
      vertex -8.40259 -64.0044 0.599999
      vertex -7.87965 -64.1819 0.599999
    endloop
  endfacet
  facet normal -0 0 1
    outer loop
      vertex -9.5 -38.2401 0.599999
      vertex -3.2 -46.6 0.599999
      vertex -8.94894 -38.2039 0.599999
    endloop
  endfacet
  facet normal 0 0 1
    outer loop
      vertex -3.2 -54.8 0.599999
      vertex -8.94422 -63.8967 0.599999
      vertex -8.40259 -64.0044 0.599999
    endloop
  endfacet
  facet normal 0 0 1
    outer loop
      vertex -10.0511 -38.2039 0.599999
      vertex -3.2 -46.6 0.599999
      vertex -9.5 -38.2401 0.599999
    endloop
  endfacet
  facet normal 0 0 1
    outer loop
      vertex -3.2 -54.8 0.599999
      vertex -8.94656 -63.8962 0.599999
      vertex -8.94422 -63.8967 0.599999
    endloop
  endfacet
  facet normal 0 0 1
    outer loop
      vertex -10.0534 -38.2038 0.599999
      vertex -3.2 -46.6 0.599999
      vertex -10.0511 -38.2039 0.599999
    endloop
  endfacet
  facet normal 0 0 1
    outer loop
      vertex -3.2 -54.8 0.599999
      vertex -8.94894 -63.8961 0.599999
      vertex -8.94656 -63.8962 0.599999
    endloop
  endfacet
  facet normal 0 0 1
    outer loop
      vertex -10.0558 -38.2033 0.599999
      vertex -3.2 -46.6 0.599999
      vertex -10.0534 -38.2038 0.599999
    endloop
  endfacet
  facet normal 0 0 1
    outer loop
      vertex -3.2 -54.8 0.599999
      vertex -9.5 -63.8599 0.599999
      vertex -8.94894 -63.8961 0.599999
    endloop
  endfacet
  facet normal 0 0 1
    outer loop
      vertex -10.5974 -38.0956 0.599999
      vertex -3.2 -46.6 0.599999
      vertex -10.0558 -38.2033 0.599999
    endloop
  endfacet
  facet normal 0 0 1
    outer loop
      vertex -3.2 -54.8 0.599999
      vertex -10.0511 -63.8961 0.599999
      vertex -9.5 -63.8599 0.599999
    endloop
  endfacet
  facet normal 0 0 1
    outer loop
      vertex -3.2 -46.6 0.599999
      vertex -10.5974 -38.0956 0.599999
      vertex -3.2 -47.4 0.599999
    endloop
  endfacet
  facet normal 0 0 1
    outer loop
      vertex -3.2 -54.8 0.599999
      vertex -10.0534 -63.8962 0.599999
      vertex -10.0511 -63.8961 0.599999
    endloop
  endfacet
  facet normal 0 0 1
    outer loop
      vertex -11.1203 -37.9181 0.599999
      vertex -3.2 -47.4 0.599999
      vertex -10.5974 -38.0956 0.599999
    endloop
  endfacet
  facet normal 0 0 1
    outer loop
      vertex -3.2 -54.8 0.599999
      vertex -10.0558 -63.8967 0.599999
      vertex -10.0534 -63.8962 0.599999
    endloop
  endfacet
  facet normal 0 0 1
    outer loop
      vertex -11.1226 -37.9173 0.599999
      vertex -3.2 -47.4 0.599999
      vertex -11.1203 -37.9181 0.599999
    endloop
  endfacet
  facet normal 0 0 1
    outer loop
      vertex -3.2 -54.8 0.599999
      vertex -10.5974 -64.0044 0.599999
      vertex -10.0558 -63.8967 0.599999
    endloop
  endfacet
  facet normal 0 0 1
    outer loop
      vertex -3.2 -47.4 0.599999
      vertex -11.1226 -37.9173 0.599999
      vertex -3.2 -54.8 0.599999
    endloop
  endfacet
  facet normal 0 0 1
    outer loop
      vertex -3.2 -54.8 0.599999
      vertex -11.1203 -64.1819 0.599999
      vertex -10.5974 -64.0044 0.599999
    endloop
  endfacet
  facet normal 0 0 1
    outer loop
      vertex -11.1226 -64.1827 0.599999
      vertex -3.2 -54.8 0.599999
      vertex -11.1226 -37.9173 0.599999
    endloop
  endfacet
  facet normal 0 0 1
    outer loop
      vertex -3.2 -54.8 0.599999
      vertex -11.1226 -64.1827 0.599999
      vertex -11.1203 -64.1819 0.599999
    endloop
  endfacet
  facet normal 0 0 1
    outer loop
      vertex -11.1226 -37.9173 0.599999
      vertex -11.1247 -64.1837 0.599999
      vertex -11.1226 -64.1827 0.599999
    endloop
  endfacet
  facet normal 0 0 1
    outer loop
      vertex -11.6179 -37.6731 0.599999
      vertex -11.1247 -64.1837 0.599999
      vertex -11.1226 -37.9173 0.599999
    endloop
  endfacet
  facet normal 0 0 1
    outer loop
      vertex -11.62 -64.428 0.599999
      vertex -11.6179 -37.6731 0.599999
      vertex -11.62 -37.672 0.599999
    endloop
  endfacet
  facet normal 0 0 1
    outer loop
      vertex -11.6179 -37.6731 0.599999
      vertex -11.62 -64.428 0.599999
      vertex -11.1247 -64.1837 0.599999
    endloop
  endfacet
  facet normal 0 0 1
    outer loop
      vertex -11.622 -37.6707 0.599999
      vertex -11.62 -64.428 0.599999
      vertex -11.62 -37.672 0.599999
    endloop
  endfacet
  facet normal 0 0 1
    outer loop
      vertex -11.622 -37.6707 0.599999
      vertex -12.0792 -64.7348 0.599999
      vertex -11.62 -64.428 0.599999
    endloop
  endfacet
  facet normal 0 0 1
    outer loop
      vertex -12.0812 -37.3639 0.599999
      vertex -12.0792 -64.7348 0.599999
      vertex -11.622 -37.6707 0.599999
    endloop
  endfacet
  facet normal 0 0 1
    outer loop
      vertex -12.0812 -37.3639 0.599999
      vertex -12.0812 -64.7361 0.599999
      vertex -12.0792 -64.7348 0.599999
    endloop
  endfacet
  facet normal 0 0 1
    outer loop
      vertex -12.4964 -36.9997 0.599999
      vertex -12.0812 -64.7361 0.599999
      vertex -12.0812 -37.3639 0.599999
    endloop
  endfacet
  facet normal 0 0 1
    outer loop
      vertex -12.4964 -36.9997 0.599999
      vertex -12.4964 -65.1003 0.599999
      vertex -12.0812 -64.7361 0.599999
    endloop
  endfacet
  facet normal 0 0 1
    outer loop
      vertex -12.4982 -36.9982 0.599999
      vertex -12.4964 -65.1003 0.599999
      vertex -12.4964 -36.9997 0.599999
    endloop
  endfacet
  facet normal 0 0 1
    outer loop
      vertex -12.4982 -36.9982 0.599999
      vertex -12.4982 -65.1018 0.599999
      vertex -12.4964 -65.1003 0.599999
    endloop
  endfacet
  facet normal 0 0 1
    outer loop
      vertex -12.4997 -36.9964 0.599999
      vertex -12.4982 -65.1018 0.599999
      vertex -12.4982 -36.9982 0.599999
    endloop
  endfacet
  facet normal 0 0 1
    outer loop
      vertex -12.4997 -36.9964 0.599999
      vertex -12.4997 -65.1036 0.599999
      vertex -12.4982 -65.1018 0.599999
    endloop
  endfacet
  facet normal 0 0 1
    outer loop
      vertex -12.8639 -36.5812 0.599999
      vertex -12.4997 -65.1036 0.599999
      vertex -12.4997 -36.9964 0.599999
    endloop
  endfacet
  facet normal 0 0 1
    outer loop
      vertex -12.8639 -36.5812 0.599999
      vertex -12.8639 -65.5188 0.599999
      vertex -12.4997 -65.1036 0.599999
    endloop
  endfacet
  facet normal 0 0 1
    outer loop
      vertex -13.1707 -36.122 0.599999
      vertex -12.8639 -65.5188 0.599999
      vertex -12.8639 -36.5812 0.599999
    endloop
  endfacet
  facet normal 0 0 1
    outer loop
      vertex -13.1707 -36.122 0.599999
      vertex -13.1707 -65.978 0.599999
      vertex -12.8639 -65.5188 0.599999
    endloop
  endfacet
  facet normal 0 0 1
    outer loop
      vertex -13.172 -36.12 0.599999
      vertex -13.1707 -65.978 0.599999
      vertex -13.1707 -36.122 0.599999
    endloop
  endfacet
  facet normal 0 0 1
    outer loop
      vertex -13.172 -36.12 0.599999
      vertex -13.172 -65.98 0.599999
      vertex -13.1707 -65.978 0.599999
    endloop
  endfacet
  facet normal 0 0 1
    outer loop
      vertex -13.1731 -36.1179 0.599999
      vertex -13.172 -65.98 0.599999
      vertex -13.172 -36.12 0.599999
    endloop
  endfacet
  facet normal 0 0 1
    outer loop
      vertex -13.1731 -36.1179 0.599999
      vertex -13.1731 -65.9821 0.599999
      vertex -13.172 -65.98 0.599999
    endloop
  endfacet
  facet normal 0 0 1
    outer loop
      vertex -13.4173 -35.6226 0.599999
      vertex -13.1731 -65.9821 0.599999
      vertex -13.1731 -36.1179 0.599999
    endloop
  endfacet
  facet normal 0 0 1
    outer loop
      vertex -13.4173 -35.6226 0.599999
      vertex -13.4173 -66.4774 0.599999
      vertex -13.1731 -65.9821 0.599999
    endloop
  endfacet
  facet normal 0 0 1
    outer loop
      vertex -13.4181 -35.6203 0.599999
      vertex -13.4173 -66.4774 0.599999
      vertex -13.4173 -35.6226 0.599999
    endloop
  endfacet
  facet normal 0 0 1
    outer loop
      vertex -13.5 -35.379 0.599999
      vertex -13.4173 -66.4774 0.599999
      vertex -13.4181 -35.6203 0.599999
    endloop
  endfacet
  facet normal 0 0 1
    outer loop
      vertex -13.4173 -66.4774 0.599999
      vertex -13.5 -35.379 0.599999
      vertex -13.5 -66.721 0.599999
    endloop
  endfacet
  facet normal 0 0 1
    outer loop
      vertex 13.5 -21.85 0.599999
      vertex 10.5 -23.7 0.599999
      vertex 13.5 -23.7 0.599999
    endloop
  endfacet
  facet normal 0 0 1
    outer loop
      vertex 10.5 -23.7 0.599999
      vertex 1.25 -23.7 0.599999
      vertex 10.5 -28.85 0.599999
    endloop
  endfacet
  facet normal 0 0 1
    outer loop
      vertex 13.5 -21.85 0.599999
      vertex 1.25 -23.7 0.599999
      vertex 10.5 -23.7 0.599999
    endloop
  endfacet
  facet normal -0 0 1
    outer loop
      vertex -13.5 -21.85 0.599999
      vertex 1.25 -23.7 0.599999
      vertex 13.5 -21.85 0.599999
    endloop
  endfacet
  facet normal -0 0 1
    outer loop
      vertex -7.37799 -30.3293 0.599999
      vertex -3.2 -30.6 0.599999
      vertex -3.2 -23.7 0.599999
    endloop
  endfacet
  facet normal 0 -0 1
    outer loop
      vertex -5.26009 -33.9976 0.599999
      vertex -3.2 -30.6 0.599999
      vertex -5.29621 -33.4466 0.599999
    endloop
  endfacet
  facet normal 0 -0 1
    outer loop
      vertex -5.25993 -34 0.599999
      vertex -3.2 -30.6 0.599999
      vertex -5.26009 -33.9976 0.599999
    endloop
  endfacet
  facet normal -0 0 1
    outer loop
      vertex -5.29667 -34.5558 0.599999
      vertex -2 -38.4 0.599999
      vertex -5.29621 -34.5534 0.599999
    endloop
  endfacet
  facet normal -0 0 1
    outer loop
      vertex -5.40441 -35.0974 0.599999
      vertex -2 -38.4 0.599999
      vertex -5.29667 -34.5558 0.599999
    endloop
  endfacet
  facet normal 0 0 1
    outer loop
      vertex -2 -38.4 0.599999
      vertex -5.40441 -35.0974 0.599999
      vertex -3.2 -38.4 0.599999
    endloop
  endfacet
  facet normal -0 0 1
    outer loop
      vertex -5.58192 -35.6203 0.599999
      vertex -3.2 -38.4 0.599999
      vertex -5.40441 -35.0974 0.599999
    endloop
  endfacet
  facet normal 0 0 1
    outer loop
      vertex -3.2 -54.8 0.599999
      vertex -5.25993 -68.1 0.599999
      vertex -3.2 -55.6 0.599999
    endloop
  endfacet
  facet normal 0 0 1
    outer loop
      vertex -3.2 -55.6 0.599999
      vertex -5.25993 -68.1 0.599999
      vertex -3.2 -63 0.599999
    endloop
  endfacet
  facet normal 0 0 1
    outer loop
      vertex -3.2 -63 0.599999
      vertex -5.25993 -68.1 0.599999
      vertex -3.2 -63.8 0.599999
    endloop
  endfacet
  facet normal 0 0 1
    outer loop
      vertex -3.2 -63.8 0.599999
      vertex -5.25993 -68.1 0.599999
      vertex -3.2 -71.6 0.599999
    endloop
  endfacet
  facet normal -0 0 1
    outer loop
      vertex -5.29621 -34.5534 0.599999
      vertex -2 -38.4 0.599999
      vertex -5.26009 -34.0024 0.599999
    endloop
  endfacet
  facet normal 0 0 1
    outer loop
      vertex -5.26009 -34.0024 0.599999
      vertex -3.2 -30.6 0.599999
      vertex -5.25993 -34 0.599999
    endloop
  endfacet
  facet normal 0 0 1
    outer loop
      vertex -3.2 -30.6 0.599999
      vertex -5.29667 -33.4442 0.599999
      vertex -5.29621 -33.4466 0.599999
    endloop
  endfacet
  facet normal 0 0 1
    outer loop
      vertex -3.2 -30.6 0.599999
      vertex -5.40441 -32.9026 0.599999
      vertex -5.29667 -33.4442 0.599999
    endloop
  endfacet
  facet normal 0 0 1
    outer loop
      vertex -3.2 -30.6 0.599999
      vertex -5.58192 -32.3797 0.599999
      vertex -5.40441 -32.9026 0.599999
    endloop
  endfacet
  facet normal 0 0 1
    outer loop
      vertex -3.2 -30.6 0.599999
      vertex -5.58269 -32.3774 0.599999
      vertex -5.58192 -32.3797 0.599999
    endloop
  endfacet
  facet normal 0 0 1
    outer loop
      vertex -3.2 -30.6 0.599999
      vertex -5.82694 -31.8821 0.599999
      vertex -5.58269 -32.3774 0.599999
    endloop
  endfacet
  facet normal 0 0 1
    outer loop
      vertex -3.2 -30.6 0.599999
      vertex -5.82799 -31.88 0.599999
      vertex -5.82694 -31.8821 0.599999
    endloop
  endfacet
  facet normal 0 0 1
    outer loop
      vertex -3.2 -30.6 0.599999
      vertex -5.82932 -31.878 0.599999
      vertex -5.82799 -31.88 0.599999
    endloop
  endfacet
  facet normal 0 0 1
    outer loop
      vertex -3.2 -30.6 0.599999
      vertex -6.13613 -31.4188 0.599999
      vertex -5.82932 -31.878 0.599999
    endloop
  endfacet
  facet normal 0 0 1
    outer loop
      vertex -3.2 -30.6 0.599999
      vertex -6.50025 -31.0036 0.599999
      vertex -6.13613 -31.4188 0.599999
    endloop
  endfacet
  facet normal 0 0 1
    outer loop
      vertex -3.2 -30.6 0.599999
      vertex -6.50182 -31.0018 0.599999
      vertex -6.50025 -31.0036 0.599999
    endloop
  endfacet
  facet normal 0 0 1
    outer loop
      vertex -3.2 -30.6 0.599999
      vertex -6.50361 -31.0002 0.599999
      vertex -6.50182 -31.0018 0.599999
    endloop
  endfacet
  facet normal 0 0 1
    outer loop
      vertex -3.2 -30.6 0.599999
      vertex -6.91881 -30.6361 0.599999
      vertex -6.50361 -31.0002 0.599999
    endloop
  endfacet
  facet normal 0 0 1
    outer loop
      vertex -3.2 -30.6 0.599999
      vertex -7.37799 -30.3293 0.599999
      vertex -6.91881 -30.6361 0.599999
    endloop
  endfacet
  facet normal 0 0 1
    outer loop
      vertex -3.2 -23.7 0.599999
      vertex -7.37997 -30.328 0.599999
      vertex -7.37799 -30.3293 0.599999
    endloop
  endfacet
  facet normal 0 0 1
    outer loop
      vertex -3.2 -23.7 0.599999
      vertex -7.3821 -30.3269 0.599999
      vertex -7.37997 -30.328 0.599999
    endloop
  endfacet
  facet normal 0 0 1
    outer loop
      vertex -3.2 -23.7 0.599999
      vertex -7.8774 -30.0827 0.599999
      vertex -7.3821 -30.3269 0.599999
    endloop
  endfacet
  facet normal 0 0 1
    outer loop
      vertex -3.2 -23.7 0.599999
      vertex -7.87965 -30.0819 0.599999
      vertex -7.8774 -30.0827 0.599999
    endloop
  endfacet
  facet normal 0 0 1
    outer loop
      vertex -3.2 -23.7 0.599999
      vertex -8.40259 -29.9044 0.599999
      vertex -7.87965 -30.0819 0.599999
    endloop
  endfacet
  facet normal 0 0 1
    outer loop
      vertex -3.2 -23.7 0.599999
      vertex -8.94422 -29.7967 0.599999
      vertex -8.40259 -29.9044 0.599999
    endloop
  endfacet
  facet normal 0 0 1
    outer loop
      vertex -3.2 -23.7 0.599999
      vertex -8.94656 -29.7962 0.599999
      vertex -8.94422 -29.7967 0.599999
    endloop
  endfacet
  facet normal 0 0 1
    outer loop
      vertex -13.5 -21.85 0.599999
      vertex -8.94656 -29.7962 0.599999
      vertex -3.2 -23.7 0.599999
    endloop
  endfacet
  facet normal 0 0 1
    outer loop
      vertex -8.94656 -29.7962 0.599999
      vertex -13.5 -21.85 0.599999
      vertex -9.49762 -29.7601 0.599999
    endloop
  endfacet
  facet normal 0 0 1
    outer loop
      vertex -9.49762 -29.7601 0.599999
      vertex -13.5 -21.85 0.599999
      vertex -9.5 -29.7599 0.599999
    endloop
  endfacet
  facet normal 0 0 1
    outer loop
      vertex -9.5 -29.7599 0.599999
      vertex -13.5 -21.85 0.599999
      vertex -9.50238 -29.7601 0.599999
    endloop
  endfacet
  facet normal 0 0 1
    outer loop
      vertex -9.50238 -29.7601 0.599999
      vertex -13.5 -21.85 0.599999
      vertex -10.0534 -29.7962 0.599999
    endloop
  endfacet
  facet normal 0 0 1
    outer loop
      vertex -10.0534 -29.7962 0.599999
      vertex -13.5 -21.85 0.599999
      vertex -10.0558 -29.7967 0.599999
    endloop
  endfacet
  facet normal 0 0 1
    outer loop
      vertex -10.0558 -29.7967 0.599999
      vertex -13.5 -21.85 0.599999
      vertex -10.5974 -29.9044 0.599999
    endloop
  endfacet
  facet normal 0 0 1
    outer loop
      vertex -10.5974 -29.9044 0.599999
      vertex -13.5 -21.85 0.599999
      vertex -11.1203 -30.0819 0.599999
    endloop
  endfacet
  facet normal 0 0 1
    outer loop
      vertex -11.1203 -30.0819 0.599999
      vertex -13.5 -21.85 0.599999
      vertex -11.1226 -30.0827 0.599999
    endloop
  endfacet
  facet normal 0 0 1
    outer loop
      vertex -11.1226 -30.0827 0.599999
      vertex -13.5 -21.85 0.599999
      vertex -11.6179 -30.3269 0.599999
    endloop
  endfacet
  facet normal 0 0 1
    outer loop
      vertex -11.6179 -30.3269 0.599999
      vertex -13.5 -21.85 0.599999
      vertex -11.62 -30.328 0.599999
    endloop
  endfacet
  facet normal 0 0 1
    outer loop
      vertex -11.62 -30.328 0.599999
      vertex -13.5 -21.85 0.599999
      vertex -11.622 -30.3293 0.599999
    endloop
  endfacet
  facet normal 0 0 1
    outer loop
      vertex -13.5 -21.85 0.599999
      vertex -12.4964 -31.0002 0.599999
      vertex -12.0812 -30.6361 0.599999
    endloop
  endfacet
  facet normal 0 0 1
    outer loop
      vertex -13.5 -21.85 0.599999
      vertex -13.1707 -31.878 0.599999
      vertex -12.8639 -31.4188 0.599999
    endloop
  endfacet
  facet normal 0 0 1
    outer loop
      vertex 1.25 -23.7 0.599999
      vertex -13.5 -21.85 0.599999
      vertex -3.2 -23.7 0.599999
    endloop
  endfacet
  facet normal 0 0 1
    outer loop
      vertex -11.622 -30.3293 0.599999
      vertex -13.5 -21.85 0.599999
      vertex -12.0812 -30.6361 0.599999
    endloop
  endfacet
  facet normal 0 0 1
    outer loop
      vertex -12.4964 -31.0002 0.599999
      vertex -13.5 -21.85 0.599999
      vertex -12.4982 -31.0018 0.599999
    endloop
  endfacet
  facet normal 0 0 1
    outer loop
      vertex -13.5 -21.85 0.599999
      vertex -12.4997 -31.0036 0.599999
      vertex -12.4982 -31.0018 0.599999
    endloop
  endfacet
  facet normal 0 0 1
    outer loop
      vertex -13.5 -21.85 0.599999
      vertex -12.8639 -31.4188 0.599999
      vertex -12.4997 -31.0036 0.599999
    endloop
  endfacet
  facet normal 0 0 1
    outer loop
      vertex -13.1707 -31.878 0.599999
      vertex -13.5 -21.85 0.599999
      vertex -13.172 -31.88 0.599999
    endloop
  endfacet
  facet normal 0 0 1
    outer loop
      vertex -13.5 -21.85 0.599999
      vertex -13.1731 -31.8821 0.599999
      vertex -13.172 -31.88 0.599999
    endloop
  endfacet
  facet normal 0 0 1
    outer loop
      vertex -13.5 -21.85 0.599999
      vertex -13.4173 -32.3774 0.599999
      vertex -13.1731 -31.8821 0.599999
    endloop
  endfacet
  facet normal 0 0 1
    outer loop
      vertex -13.5 -21.85 0.599999
      vertex -13.4181 -32.3797 0.599999
      vertex -13.4173 -32.3774 0.599999
    endloop
  endfacet
  facet normal 0 0 1
    outer loop
      vertex -13.4181 -32.3797 0.599999
      vertex -13.5 -21.85 0.599999
      vertex -13.5 -32.621 0.599999
    endloop
  endfacet
  facet normal 0 0 1
    outer loop
      vertex 10.5 -28.85 0.599999
      vertex 1.25 -23.7 0.599999
      vertex 1.25 -28.85 0.599999
    endloop
  endfacet
  facet normal -0 0 1
    outer loop
      vertex -3.2 -55.6 0.599999
      vertex -2 -63 0.599999
      vertex -2 -55.6 0.599999
    endloop
  endfacet
  facet normal 0 0 1
    outer loop
      vertex -2 -63 0.599999
      vertex -3.2 -55.6 0.599999
      vertex -3.2 -63 0.599999
    endloop
  endfacet
  facet normal -0 0 1
    outer loop
      vertex -3.2 -47.4 0.599999
      vertex -2 -54.8 0.599999
      vertex -2 -47.4 0.599999
    endloop
  endfacet
  facet normal 0 0 1
    outer loop
      vertex -2 -54.8 0.599999
      vertex -3.2 -47.4 0.599999
      vertex -3.2 -54.8 0.599999
    endloop
  endfacet
  facet normal -0 0 1
    outer loop
      vertex -3.2 -39.2 0.599999
      vertex -2 -46.6 0.599999
      vertex -2 -39.2 0.599999
    endloop
  endfacet
  facet normal 0 0 1
    outer loop
      vertex -2 -46.6 0.599999
      vertex -3.2 -39.2 0.599999
      vertex -3.2 -46.6 0.599999
    endloop
  endfacet
  facet normal 0 0 1
    outer loop
      vertex -2 -39.2 0.599999
      vertex 13.5 -30.6 0.599999
      vertex -2 -38.4 0.599999
    endloop
  endfacet
  facet normal -0 0 1
    outer loop
      vertex -3.2 -30.6 0.599999
      vertex -2 -38.4 0.599999
      vertex 13.5 -30.6 0.599999
    endloop
  endfacet
  facet normal -0 0 1
    outer loop
      vertex -5.26009 -34.0024 0.599999
      vertex -2 -38.4 0.599999
      vertex -3.2 -30.6 0.599999
    endloop
  endfacet
  facet normal 0 0 1
    outer loop
      vertex -2 -46.6 0.599999
      vertex 13.5 -30.6 0.599999
      vertex -2 -39.2 0.599999
    endloop
  endfacet
  facet normal 0 0 1
    outer loop
      vertex -2 -47.4 0.599999
      vertex 13.5 -30.6 0.599999
      vertex -2 -46.6 0.599999
    endloop
  endfacet
  facet normal 0 0 1
    outer loop
      vertex 13.5 -30.6 0.599999
      vertex -2 -47.4 0.599999
      vertex 13.5 -71.6 0.599999
    endloop
  endfacet
  facet normal -0 0 1
    outer loop
      vertex -2 -54.8 0.599999
      vertex 13.5 -71.6 0.599999
      vertex -2 -47.4 0.599999
    endloop
  endfacet
  facet normal -0 0 1
    outer loop
      vertex -2 -55.6 0.599999
      vertex 13.5 -71.6 0.599999
      vertex -2 -54.8 0.599999
    endloop
  endfacet
  facet normal -0 0 1
    outer loop
      vertex -2 -63 0.599999
      vertex 13.5 -71.6 0.599999
      vertex -2 -55.6 0.599999
    endloop
  endfacet
  facet normal -0 0 1
    outer loop
      vertex -2 -63.8 0.599999
      vertex 13.5 -71.6 0.599999
      vertex -2 -63 0.599999
    endloop
  endfacet
  facet normal 0 0 1
    outer loop
      vertex -3.2 -71.6 0.599999
      vertex -2 -63.8 0.599999
      vertex -3.2 -63.8 0.599999
    endloop
  endfacet
  facet normal 0 0 1
    outer loop
      vertex -2 -63.8 0.599999
      vertex -3.2 -71.6 0.599999
      vertex 13.5 -71.6 0.599999
    endloop
  endfacet
  facet normal -0 0 1
    outer loop
      vertex -5.26009 -68.1024 0.599999
      vertex -3.2 -71.6 0.599999
      vertex -5.25993 -68.1 0.599999
    endloop
  endfacet
  facet normal -0 0 1
    outer loop
      vertex -5.29621 -68.6534 0.599999
      vertex -3.2 -71.6 0.599999
      vertex -5.26009 -68.1024 0.599999
    endloop
  endfacet
  facet normal -0 0 1
    outer loop
      vertex -5.29667 -68.6558 0.599999
      vertex -3.2 -71.6 0.599999
      vertex -5.29621 -68.6534 0.599999
    endloop
  endfacet
  facet normal -0 0 1
    outer loop
      vertex -5.40441 -69.1974 0.599999
      vertex -3.2 -71.6 0.599999
      vertex -5.29667 -68.6558 0.599999
    endloop
  endfacet
  facet normal -0 0 1
    outer loop
      vertex -5.58192 -69.7203 0.599999
      vertex -3.2 -71.6 0.599999
      vertex -5.40441 -69.1974 0.599999
    endloop
  endfacet
  facet normal -0 0 1
    outer loop
      vertex -5.58269 -69.7226 0.599999
      vertex -3.2 -71.6 0.599999
      vertex -5.58192 -69.7203 0.599999
    endloop
  endfacet
  facet normal -0 0 1
    outer loop
      vertex -5.82694 -70.2179 0.599999
      vertex -3.2 -71.6 0.599999
      vertex -5.58269 -69.7226 0.599999
    endloop
  endfacet
  facet normal -0 0 1
    outer loop
      vertex -5.82799 -70.22 0.599999
      vertex -3.2 -71.6 0.599999
      vertex -5.82694 -70.2179 0.599999
    endloop
  endfacet
  facet normal -0 0 1
    outer loop
      vertex -5.82932 -70.222 0.599999
      vertex -3.2 -71.6 0.599999
      vertex -5.82799 -70.22 0.599999
    endloop
  endfacet
  facet normal -0 0 1
    outer loop
      vertex -6.13613 -70.6812 0.599999
      vertex -3.2 -71.6 0.599999
      vertex -5.82932 -70.222 0.599999
    endloop
  endfacet
  facet normal -0 0 1
    outer loop
      vertex -6.50025 -71.0964 0.599999
      vertex -3.2 -71.6 0.599999
      vertex -6.13613 -70.6812 0.599999
    endloop
  endfacet
  facet normal -0 0 1
    outer loop
      vertex -6.50182 -71.0982 0.599999
      vertex -3.2 -71.6 0.599999
      vertex -6.50025 -71.0964 0.599999
    endloop
  endfacet
  facet normal -0 0 1
    outer loop
      vertex -6.50361 -71.0997 0.599999
      vertex -3.2 -71.6 0.599999
      vertex -6.50182 -71.0982 0.599999
    endloop
  endfacet
  facet normal 0 0 1
    outer loop
      vertex -3.2 -71.6 0.599999
      vertex -6.50361 -71.0997 0.599999
      vertex -3.2 -74.6 0.599999
    endloop
  endfacet
  facet normal -0 0 1
    outer loop
      vertex -6.91881 -71.4639 0.599999
      vertex -3.2 -74.6 0.599999
      vertex -6.50361 -71.0997 0.599999
    endloop
  endfacet
  facet normal -0 0 1
    outer loop
      vertex -6.92079 -71.4652 0.599999
      vertex -3.2 -74.6 0.599999
      vertex -6.91881 -71.4639 0.599999
    endloop
  endfacet
  facet normal -0 0 1
    outer loop
      vertex -7.37997 -71.772 0.599999
      vertex -3.2 -74.6 0.599999
      vertex -6.92079 -71.4652 0.599999
    endloop
  endfacet
  facet normal -0 0 1
    outer loop
      vertex -7.87526 -72.0163 0.599999
      vertex -3.2 -74.6 0.599999
      vertex -7.37997 -71.772 0.599999
    endloop
  endfacet
  facet normal -0 0 1
    outer loop
      vertex -7.8774 -72.0173 0.599999
      vertex -3.2 -74.6 0.599999
      vertex -7.87526 -72.0163 0.599999
    endloop
  endfacet
  facet normal -0 0 1
    outer loop
      vertex -7.87965 -72.0181 0.599999
      vertex -3.2 -74.6 0.599999
      vertex -7.8774 -72.0173 0.599999
    endloop
  endfacet
  facet normal -0 0 1
    outer loop
      vertex -8.40259 -72.1956 0.599999
      vertex -3.2 -74.6 0.599999
      vertex -7.87965 -72.0181 0.599999
    endloop
  endfacet
  facet normal 0 0 1
    outer loop
      vertex -11.1 -74.6 0.599999
      vertex -8.40259 -72.1956 0.599999
      vertex -8.40493 -72.1961 0.599999
    endloop
  endfacet
  facet normal 0 0 1
    outer loop
      vertex -11.1 -74.6 0.599999
      vertex -8.40493 -72.1961 0.599999
      vertex -8.94656 -72.3038 0.599999
    endloop
  endfacet
  facet normal 0 0 1
    outer loop
      vertex -11.1 -74.6 0.599999
      vertex -8.94656 -72.3038 0.599999
      vertex -9.49762 -72.3399 0.599999
    endloop
  endfacet
  facet normal 0 0 1
    outer loop
      vertex -11.1 -74.6 0.599999
      vertex -9.49762 -72.3399 0.599999
      vertex -9.5 -72.3401 0.599999
    endloop
  endfacet
  facet normal 0 0 1
    outer loop
      vertex -11.1 -74.6 0.599999
      vertex -9.5 -72.3401 0.599999
      vertex -9.50238 -72.3399 0.599999
    endloop
  endfacet
  facet normal 0 0 1
    outer loop
      vertex -11.1 -74.6 0.599999
      vertex -9.50238 -72.3399 0.599999
      vertex -10.0534 -72.3038 0.599999
    endloop
  endfacet
  facet normal 0 0 1
    outer loop
      vertex -11.1 -74.6 0.599999
      vertex -10.0534 -72.3038 0.599999
      vertex -10.5951 -72.1961 0.599999
    endloop
  endfacet
  facet normal 0 0 1
    outer loop
      vertex -11.1 -74.6 0.599999
      vertex -10.5951 -72.1961 0.599999
      vertex -10.5974 -72.1956 0.599999
    endloop
  endfacet
  facet normal 0 0 1
    outer loop
      vertex -8.40259 -72.1956 0.599999
      vertex -11.1 -74.6 0.599999
      vertex -3.2 -74.6 0.599999
    endloop
  endfacet
  facet normal 0 0 1
    outer loop
      vertex -11.4133 -74.5795 0.599999
      vertex -10.5974 -72.1956 0.599999
      vertex -11.1203 -72.0181 0.599999
    endloop
  endfacet
  facet normal 0 0 1
    outer loop
      vertex -12.0184 -74.4173 0.599999
      vertex -11.1203 -72.0181 0.599999
      vertex -11.1226 -72.0173 0.599999
    endloop
  endfacet
  facet normal 0 0 1
    outer loop
      vertex -12.3 -74.2785 0.599999
      vertex -11.1226 -72.0173 0.599999
      vertex -11.1247 -72.0163 0.599999
    endloop
  endfacet
  facet normal 0 0 1
    outer loop
      vertex -10.5974 -72.1956 0.599999
      vertex -11.4133 -74.5795 0.599999
      vertex -11.1 -74.6 0.599999
    endloop
  endfacet
  facet normal 0 0 1
    outer loop
      vertex -12.7971 -73.8971 0.599999
      vertex -11.1247 -72.0163 0.599999
      vertex -11.62 -71.772 0.599999
    endloop
  endfacet
  facet normal 0 0 1
    outer loop
      vertex -11.1203 -72.0181 0.599999
      vertex -11.7212 -74.5182 0.599999
      vertex -11.4133 -74.5795 0.599999
    endloop
  endfacet
  facet normal 0 0 1
    outer loop
      vertex -11.1203 -72.0181 0.599999
      vertex -12.0184 -74.4173 0.599999
      vertex -11.7212 -74.5182 0.599999
    endloop
  endfacet
  facet normal 0 0 1
    outer loop
      vertex -13.4182 -72.8212 0.599999
      vertex -11.62 -71.772 0.599999
      vertex -12.0792 -71.4652 0.599999
    endloop
  endfacet
  facet normal 0 0 1
    outer loop
      vertex -13.5 -72.2 0.599999
      vertex -12.0792 -71.4652 0.599999
      vertex -12.0812 -71.4639 0.599999
    endloop
  endfacet
  facet normal 0 0 1
    outer loop
      vertex -11.1226 -72.0173 0.599999
      vertex -12.3 -74.2785 0.599999
      vertex -12.0184 -74.4173 0.599999
    endloop
  endfacet
  facet normal 0 0 1
    outer loop
      vertex -13.5 -72.2 0.599999
      vertex -12.0812 -71.4639 0.599999
      vertex -12.4964 -71.0997 0.599999
    endloop
  endfacet
  facet normal 0 0 1
    outer loop
      vertex -13.5 -72.2 0.599999
      vertex -12.4964 -71.0997 0.599999
      vertex -12.4982 -71.0982 0.599999
    endloop
  endfacet
  facet normal 0 0 1
    outer loop
      vertex -13.5 -72.2 0.599999
      vertex -12.4982 -71.0982 0.599999
      vertex -12.4997 -71.0964 0.599999
    endloop
  endfacet
  facet normal 0 0 1
    outer loop
      vertex -11.1247 -72.0163 0.599999
      vertex -12.561 -74.104 0.599999
      vertex -12.3 -74.2785 0.599999
    endloop
  endfacet
  facet normal 0 0 1
    outer loop
      vertex -11.1247 -72.0163 0.599999
      vertex -12.7971 -73.8971 0.599999
      vertex -12.561 -74.104 0.599999
    endloop
  endfacet
  facet normal 0 0 1
    outer loop
      vertex -13.5 -72.2 0.599999
      vertex -12.4997 -71.0964 0.599999
      vertex -12.8639 -70.6812 0.599999
    endloop
  endfacet
  facet normal 0 0 1
    outer loop
      vertex -11.62 -71.772 0.599999
      vertex -13.004 -73.661 0.599999
      vertex -12.7971 -73.8971 0.599999
    endloop
  endfacet
  facet normal 0 0 1
    outer loop
      vertex -13.5 -72.2 0.599999
      vertex -12.8639 -70.6812 0.599999
      vertex -13.1707 -70.222 0.599999
    endloop
  endfacet
  facet normal 0 0 1
    outer loop
      vertex -13.5 -72.2 0.599999
      vertex -13.1707 -70.222 0.599999
      vertex -13.172 -70.22 0.599999
    endloop
  endfacet
  facet normal 0 0 1
    outer loop
      vertex -13.5 -72.2 0.599999
      vertex -13.172 -70.22 0.599999
      vertex -13.1731 -70.2179 0.599999
    endloop
  endfacet
  facet normal 0 0 1
    outer loop
      vertex -12.0792 -71.4652 0.599999
      vertex -13.5 -72.2 0.599999
      vertex -13.4795 -72.5133 0.599999
    endloop
  endfacet
  facet normal 0 0 1
    outer loop
      vertex -11.62 -71.772 0.599999
      vertex -13.1785 -73.4 0.599999
      vertex -13.004 -73.661 0.599999
    endloop
  endfacet
  facet normal 0 0 1
    outer loop
      vertex -13.5 -72.2 0.599999
      vertex -13.1731 -70.2179 0.599999
      vertex -13.4173 -69.7226 0.599999
    endloop
  endfacet
  facet normal 0 0 1
    outer loop
      vertex -13.5 -72.2 0.599999
      vertex -13.4173 -69.7226 0.599999
      vertex -13.4181 -69.7203 0.599999
    endloop
  endfacet
  facet normal 0 0 1
    outer loop
      vertex -11.62 -71.772 0.599999
      vertex -13.3173 -73.1184 0.599999
      vertex -13.1785 -73.4 0.599999
    endloop
  endfacet
  facet normal 0 0 1
    outer loop
      vertex -11.62 -71.772 0.599999
      vertex -13.4182 -72.8212 0.599999
      vertex -13.3173 -73.1184 0.599999
    endloop
  endfacet
  facet normal 0 0 1
    outer loop
      vertex -13.5 -72.2 0.599999
      vertex -13.4181 -69.7203 0.599999
      vertex -13.5 -69.479 0.599999
    endloop
  endfacet
  facet normal 0 0 1
    outer loop
      vertex -12.0792 -71.4652 0.599999
      vertex -13.4795 -72.5133 0.599999
      vertex -13.4182 -72.8212 0.599999
    endloop
  endfacet
  facet normal 0 0 1
    outer loop
      vertex 11.25 -1.25 0.599999
      vertex 9.7 -5.5 0.599999
      vertex 11.25 -5.5 0.599999
    endloop
  endfacet
  facet normal 0 0 1
    outer loop
      vertex 9.7 -5.5 0.599999
      vertex 4.15 -17.75 0.599999
      vertex 9.7 -16 0.599999
    endloop
  endfacet
  facet normal 0 0 1
    outer loop
      vertex -9.7 -5.5 0.599999
      vertex 9.7 -5.5 0.599999
      vertex 11.25 -1.25 0.599999
    endloop
  endfacet
  facet normal 0 0 1
    outer loop
      vertex 9.7 -5.5 0.599999
      vertex 3.35 -17.75 0.599999
      vertex 4.15 -17.75 0.599999
    endloop
  endfacet
  facet normal 0 0 1
    outer loop
      vertex 3.35 -17.75 0.599999
      vertex -3.35 -17.75 0.599999
      vertex 3.35 -18.95 0.599999
    endloop
  endfacet
  facet normal 0 0 1
    outer loop
      vertex 9.7 -5.5 0.599999
      vertex -9.7 -5.5 0.599999
      vertex 3.35 -17.75 0.599999
    endloop
  endfacet
  facet normal 0 0 1
    outer loop
      vertex 3.35 -17.75 0.599999
      vertex -9.7 -5.5 0.599999
      vertex -3.35 -17.75 0.599999
    endloop
  endfacet
  facet normal -0 0 1
    outer loop
      vertex -9.7 -16 0.599999
      vertex -4.15 -17.75 0.599999
      vertex -9.7 -5.5 0.599999
    endloop
  endfacet
  facet normal 0 0 1
    outer loop
      vertex -3.35 -17.75 0.599999
      vertex -9.7 -5.5 0.599999
      vertex -4.15 -17.75 0.599999
    endloop
  endfacet
  facet normal -0 0 1
    outer loop
      vertex -11.25 -1.25 0.599999
      vertex -9.7 -5.5 0.599999
      vertex 11.25 -1.25 0.599999
    endloop
  endfacet
  facet normal 0 0 1
    outer loop
      vertex -9.7 -5.5 0.599999
      vertex -11.25 -1.25 0.599999
      vertex -11.25 -5.5 0.599999
    endloop
  endfacet
  facet normal 0 0 1
    outer loop
      vertex 11.25 -16 0.599999
      vertex 9.7 -16 0.599999
      vertex 11.25 -18.95 0.599999
    endloop
  endfacet
  facet normal -0 0 1
    outer loop
      vertex 11.25 -18.95 0.599999
      vertex 13.5 -19.65 0.599999
      vertex 13.5 -18.95 0.599999
    endloop
  endfacet
  facet normal 0 0 1
    outer loop
      vertex 4.15 -18.95 0.599999
      vertex 9.7 -16 0.599999
      vertex 4.15 -17.75 0.599999
    endloop
  endfacet
  facet normal 0 0 1
    outer loop
      vertex 9.7 -16 0.599999
      vertex 4.15 -18.95 0.599999
      vertex 11.25 -18.95 0.599999
    endloop
  endfacet
  facet normal 0 0 1
    outer loop
      vertex 11.25 -18.95 0.599999
      vertex 4.15 -18.95 0.599999
      vertex 13.5 -19.65 0.599999
    endloop
  endfacet
  facet normal -0 0 1
    outer loop
      vertex 3.35 -18.95 0.599999
      vertex 13.5 -19.65 0.599999
      vertex 4.15 -18.95 0.599999
    endloop
  endfacet
  facet normal 0 0 1
    outer loop
      vertex -3.35 -18.95 0.599999
      vertex 3.35 -18.95 0.599999
      vertex -3.35 -17.75 0.599999
    endloop
  endfacet
  facet normal -0 0 1
    outer loop
      vertex -3.35 -18.95 0.599999
      vertex 13.5 -19.65 0.599999
      vertex 3.35 -18.95 0.599999
    endloop
  endfacet
  facet normal 0 0 1
    outer loop
      vertex -13.5 -19.65 0.599999
      vertex -3.35 -18.95 0.599999
      vertex -4.15 -18.95 0.599999
    endloop
  endfacet
  facet normal 0 0 1
    outer loop
      vertex -4.15 -17.75 0.599999
      vertex -9.7 -16 0.599999
      vertex -4.15 -18.95 0.599999
    endloop
  endfacet
  facet normal 0 0 1
    outer loop
      vertex -11.25 -18.95 0.599999
      vertex -9.7 -16 0.599999
      vertex -11.25 -16 0.599999
    endloop
  endfacet
  facet normal 0 0 1
    outer loop
      vertex -9.7 -16 0.599999
      vertex -11.25 -18.95 0.599999
      vertex -4.15 -18.95 0.599999
    endloop
  endfacet
  facet normal 0 0 1
    outer loop
      vertex -13.5 -19.65 0.599999
      vertex -4.15 -18.95 0.599999
      vertex -11.25 -18.95 0.599999
    endloop
  endfacet
  facet normal 0 0 1
    outer loop
      vertex -13.5 -19.65 0.599999
      vertex -11.25 -18.95 0.599999
      vertex -13.5 -18.95 0.599999
    endloop
  endfacet
  facet normal 0 0 1
    outer loop
      vertex -3.35 -18.95 0.599999
      vertex -13.5 -19.65 0.599999
      vertex 13.5 -19.65 0.599999
    endloop
  endfacet
  facet normal -0 0 1
    outer loop
      vertex -13.5 -20.45 0.599999
      vertex 13.5 -21.05 0.599999
      vertex 13.5 -20.45 0.599999
    endloop
  endfacet
  facet normal 0 0 1
    outer loop
      vertex 13.5 -21.05 0.599999
      vertex -13.5 -20.45 0.599999
      vertex -13.5 -21.05 0.599999
    endloop
  endfacet
  facet normal 0 1 -0
    outer loop
      vertex -2 -63 0.599999
      vertex -3.2 -63 1.6
      vertex -2 -63 1.6
    endloop
  endfacet
  facet normal 0 1 0
    outer loop
      vertex -3.2 -63 1.6
      vertex -2 -63 0.599999
      vertex -3.2 -63 0.599999
    endloop
  endfacet
  facet normal 1 0 0
    outer loop
      vertex -2 -28.85 4.55
      vertex -2 -30.6 1.6
      vertex -2 -28.85 1.6
    endloop
  endfacet
  facet normal 1 0 0
    outer loop
      vertex -2 -28.85 4.55
      vertex -2 -35.1 3.65
      vertex -2 -30.6 1.6
    endloop
  endfacet
  facet normal 1 0 0
    outer loop
      vertex -2 -28.85 4.55
      vertex -2 -43.1 3.65
      vertex -2 -35.1 3.65
    endloop
  endfacet
  facet normal 1 0 0
    outer loop
      vertex -2 -43.1 3.65
      vertex -2 -46.6 1.6
      vertex -2 -43.1 2.65
    endloop
  endfacet
  facet normal 1 0 0
    outer loop
      vertex -2 -46.6 1.6
      vertex -2 -47.4 1.6
      vertex -2 -46.6 0.599999
    endloop
  endfacet
  facet normal 1 0 0
    outer loop
      vertex -2 -43.1 3.65
      vertex -2 -47.4 1.6
      vertex -2 -46.6 1.6
    endloop
  endfacet
  facet normal 1 0 0
    outer loop
      vertex -2 -43.1 3.65
      vertex -2 -54.8 1.6
      vertex -2 -47.4 1.6
    endloop
  endfacet
  facet normal 1 0 0
    outer loop
      vertex -2 -54.8 1.6
      vertex -2 -55.6 1.6
      vertex -2 -54.8 0.599999
    endloop
  endfacet
  facet normal 1 -0 0
    outer loop
      vertex -2 -59.1 3.65
      vertex -2 -54.8 1.6
      vertex -2 -43.1 3.65
    endloop
  endfacet
  facet normal 1 0 0
    outer loop
      vertex -2 -54.8 1.6
      vertex -2 -59.1 3.65
      vertex -2 -55.6 1.6
    endloop
  endfacet
  facet normal 1 0 0
    outer loop
      vertex -2 -28.85 4.55
      vertex -2 -59.1 3.65
      vertex -2 -43.1 3.65
    endloop
  endfacet
  facet normal 1 -0 0
    outer loop
      vertex -2 -73.35 4.55
      vertex -2 -59.1 3.65
      vertex -2 -28.85 4.55
    endloop
  endfacet
  facet normal 1 0 0
    outer loop
      vertex -2 -67.1 3.65
      vertex -2 -71.6 1.6
      vertex -2 -67.1 2.65
    endloop
  endfacet
  facet normal 1 0 0
    outer loop
      vertex -2 -59.1 3.65
      vertex -2 -73.35 4.55
      vertex -2 -67.1 3.65
    endloop
  endfacet
  facet normal 1 0 0
    outer loop
      vertex -2 -73.35 4.55
      vertex -2 -71.6 1.6
      vertex -2 -67.1 3.65
    endloop
  endfacet
  facet normal 1 0 0
    outer loop
      vertex -2 -71.6 1.6
      vertex -2 -73.35 4.55
      vertex -2 -73.35 1.6
    endloop
  endfacet
  facet normal 1 -0 0
    outer loop
      vertex -2 -35.1 2.65
      vertex -2 -30.6 1.6
      vertex -2 -35.1 3.65
    endloop
  endfacet
  facet normal 1 0 0
    outer loop
      vertex -2 -35.1 2.65
      vertex -2 -38.4 1.6
      vertex -2 -30.6 1.6
    endloop
  endfacet
  facet normal 1 0 0
    outer loop
      vertex -2 -38.4 1.6
      vertex -2 -39.2 1.6
      vertex -2 -38.4 0.599999
    endloop
  endfacet
  facet normal 1 0 0
    outer loop
      vertex -2 -35.1 2.65
      vertex -2 -39.2 1.6
      vertex -2 -38.4 1.6
    endloop
  endfacet
  facet normal 1 -0 0
    outer loop
      vertex -2 -43.1 2.65
      vertex -2 -39.2 1.6
      vertex -2 -35.1 2.65
    endloop
  endfacet
  facet normal 1 0 0
    outer loop
      vertex -2 -39.2 1.6
      vertex -2 -43.1 2.65
      vertex -2 -46.6 1.6
    endloop
  endfacet
  facet normal 1 0 0
    outer loop
      vertex -2 -38.4 0.599999
      vertex -2 -39.2 1.6
      vertex -2 -39.2 0.599999
    endloop
  endfacet
  facet normal 1 0 0
    outer loop
      vertex -2 -46.6 0.599999
      vertex -2 -47.4 1.6
      vertex -2 -47.4 0.599999
    endloop
  endfacet
  facet normal 1 0 0
    outer loop
      vertex -2 -54.8 0.599999
      vertex -2 -55.6 1.6
      vertex -2 -55.6 0.599999
    endloop
  endfacet
  facet normal 1 -0 0
    outer loop
      vertex -2 -59.1 2.65
      vertex -2 -55.6 1.6
      vertex -2 -59.1 3.65
    endloop
  endfacet
  facet normal 1 0 0
    outer loop
      vertex -2 -59.1 2.65
      vertex -2 -63 1.6
      vertex -2 -55.6 1.6
    endloop
  endfacet
  facet normal 1 0 0
    outer loop
      vertex -2 -63 1.6
      vertex -2 -63.8 1.6
      vertex -2 -63 0.599999
    endloop
  endfacet
  facet normal 1 -0 0
    outer loop
      vertex -2 -67.1 2.65
      vertex -2 -63 1.6
      vertex -2 -59.1 2.65
    endloop
  endfacet
  facet normal 1 0 0
    outer loop
      vertex -2 -63 1.6
      vertex -2 -67.1 2.65
      vertex -2 -63.8 1.6
    endloop
  endfacet
  facet normal 1 0 0
    outer loop
      vertex -2 -63.8 1.6
      vertex -2 -67.1 2.65
      vertex -2 -71.6 1.6
    endloop
  endfacet
  facet normal 1 0 0
    outer loop
      vertex -2 -63 0.599999
      vertex -2 -63.8 1.6
      vertex -2 -63.8 0.599999
    endloop
  endfacet
  facet normal -1 0 0
    outer loop
      vertex -3.2 -71.6 0.599999
      vertex -3.2 -74.6 0.599999
      vertex -3.2 -71.6 1.6
    endloop
  endfacet
  facet normal -1 0 0
    outer loop
      vertex -3.2 -63 0.599999
      vertex -3.2 -63.8 0.599999
      vertex -3.2 -63 1.6
    endloop
  endfacet
  facet normal -1 0 0
    outer loop
      vertex -3.2 -54.8 0.599999
      vertex -3.2 -55.6 0.599999
      vertex -3.2 -54.8 1.6
    endloop
  endfacet
  facet normal -1 0 0
    outer loop
      vertex -3.2 -46.6 0.599999
      vertex -3.2 -47.4 0.599999
      vertex -3.2 -46.6 1.6
    endloop
  endfacet
  facet normal -1 0 0
    outer loop
      vertex -3.2 -38.4 0.599999
      vertex -3.2 -39.2 0.599999
      vertex -3.2 -38.4 1.6
    endloop
  endfacet
  facet normal -1 0 0
    outer loop
      vertex -3.2 -30.6 0.599999
      vertex -3.2 -27.65 4.55
      vertex -3.2 -23.7 0.599999
    endloop
  endfacet
  facet normal -1 0 0
    outer loop
      vertex -3.2 -30.6 1.6
      vertex -3.2 -27.65 4.55
      vertex -3.2 -30.6 0.599999
    endloop
  endfacet
  facet normal -1 0 0
    outer loop
      vertex -3.2 -38.4 1.6
      vertex -3.2 -27.65 4.55
      vertex -3.2 -30.6 1.6
    endloop
  endfacet
  facet normal -1 0 0
    outer loop
      vertex -3.2 -39.2 1.6
      vertex -3.2 -38.4 1.6
      vertex -3.2 -39.2 0.599999
    endloop
  endfacet
  facet normal -1 0 0
    outer loop
      vertex -3.2 -39.2 1.6
      vertex -3.2 -27.65 4.55
      vertex -3.2 -38.4 1.6
    endloop
  endfacet
  facet normal -1 0 0
    outer loop
      vertex -3.2 -46.6 1.6
      vertex -3.2 -27.65 4.55
      vertex -3.2 -39.2 1.6
    endloop
  endfacet
  facet normal -1 0 0
    outer loop
      vertex -3.2 -47.4 1.6
      vertex -3.2 -46.6 1.6
      vertex -3.2 -47.4 0.599999
    endloop
  endfacet
  facet normal -1 0 0
    outer loop
      vertex -3.2 -47.4 1.6
      vertex -3.2 -27.65 4.55
      vertex -3.2 -46.6 1.6
    endloop
  endfacet
  facet normal -1 0 0
    outer loop
      vertex -3.2 -54.8 1.6
      vertex -3.2 -27.65 4.55
      vertex -3.2 -47.4 1.6
    endloop
  endfacet
  facet normal -1 0 0
    outer loop
      vertex -3.2 -55.6 1.6
      vertex -3.2 -54.8 1.6
      vertex -3.2 -55.6 0.599999
    endloop
  endfacet
  facet normal -1 0 0
    outer loop
      vertex -3.2 -74.6 4.55
      vertex -3.2 -54.8 1.6
      vertex -3.2 -55.6 1.6
    endloop
  endfacet
  facet normal -1 0 0
    outer loop
      vertex -3.2 -74.6 4.55
      vertex -3.2 -55.6 1.6
      vertex -3.2 -63 1.6
    endloop
  endfacet
  facet normal -1 0 0
    outer loop
      vertex -3.2 -63.8 1.6
      vertex -3.2 -63 1.6
      vertex -3.2 -63.8 0.599999
    endloop
  endfacet
  facet normal -1 0 0
    outer loop
      vertex -3.2 -74.6 4.55
      vertex -3.2 -63 1.6
      vertex -3.2 -63.8 1.6
    endloop
  endfacet
  facet normal -1 0 0
    outer loop
      vertex -3.2 -74.6 4.55
      vertex -3.2 -63.8 1.6
      vertex -3.2 -71.6 1.6
    endloop
  endfacet
  facet normal -1 0 0
    outer loop
      vertex -3.2 -54.8 1.6
      vertex -3.2 -74.6 4.55
      vertex -3.2 -27.65 4.55
    endloop
  endfacet
  facet normal -1 0 0
    outer loop
      vertex -3.2 -74.6 4.55
      vertex -3.2 -71.6 1.6
      vertex -3.2 -74.6 0.599999
    endloop
  endfacet
  facet normal 0 -1 0
    outer loop
      vertex -3.2 -63.8 0.599999
      vertex -2 -63.8 1.6
      vertex -3.2 -63.8 1.6
    endloop
  endfacet
  facet normal 0 -1 -0
    outer loop
      vertex -2 -63.8 1.6
      vertex -3.2 -63.8 0.599999
      vertex -2 -63.8 0.599999
    endloop
  endfacet
  facet normal 0 1 -0
    outer loop
      vertex -2 -54.8 0.599999
      vertex -3.2 -54.8 1.6
      vertex -2 -54.8 1.6
    endloop
  endfacet
  facet normal 0 1 0
    outer loop
      vertex -3.2 -54.8 1.6
      vertex -2 -54.8 0.599999
      vertex -3.2 -54.8 0.599999
    endloop
  endfacet
  facet normal 0 -1 0
    outer loop
      vertex -3.2 -55.6 0.599999
      vertex -2 -55.6 1.6
      vertex -3.2 -55.6 1.6
    endloop
  endfacet
  facet normal 0 -1 -0
    outer loop
      vertex -2 -55.6 1.6
      vertex -3.2 -55.6 0.599999
      vertex -2 -55.6 0.599999
    endloop
  endfacet
  facet normal 0 1 -0
    outer loop
      vertex -2 -46.6 0.599999
      vertex -3.2 -46.6 1.6
      vertex -2 -46.6 1.6
    endloop
  endfacet
  facet normal 0 1 0
    outer loop
      vertex -3.2 -46.6 1.6
      vertex -2 -46.6 0.599999
      vertex -3.2 -46.6 0.599999
    endloop
  endfacet
  facet normal 0 -1 0
    outer loop
      vertex -3.2 -47.4 0.599999
      vertex -2 -47.4 1.6
      vertex -3.2 -47.4 1.6
    endloop
  endfacet
  facet normal 0 -1 -0
    outer loop
      vertex -2 -47.4 1.6
      vertex -3.2 -47.4 0.599999
      vertex -2 -47.4 0.599999
    endloop
  endfacet
  facet normal 0 1 -0
    outer loop
      vertex -2 -38.4 0.599999
      vertex -3.2 -38.4 1.6
      vertex -2 -38.4 1.6
    endloop
  endfacet
  facet normal 0 1 0
    outer loop
      vertex -3.2 -38.4 1.6
      vertex -2 -38.4 0.599999
      vertex -3.2 -38.4 0.599999
    endloop
  endfacet
  facet normal 0 -1 0
    outer loop
      vertex -3.2 -39.2 0.599999
      vertex -2 -39.2 1.6
      vertex -3.2 -39.2 1.6
    endloop
  endfacet
  facet normal 0 -1 -0
    outer loop
      vertex -2 -39.2 1.6
      vertex -3.2 -39.2 0.599999
      vertex -2 -39.2 0.599999
    endloop
  endfacet
  facet normal 2.62613e-17 0.707107 0.707107
    outer loop
      vertex 1.25 -23.7 0.599999
      vertex -3.2 -27.65 4.55
      vertex 1.25 -27.65 4.55
    endloop
  endfacet
  facet normal 2.62613e-17 0.707107 0.707107
    outer loop
      vertex -3.2 -27.65 4.55
      vertex 1.25 -23.7 0.599999
      vertex -3.2 -23.7 0.599999
    endloop
  endfacet
  facet normal 0 -1 0
    outer loop
      vertex 10.5 -28.85 1.6
      vertex 13.5 -28.85 4.55
      vertex 10.5 -28.85 4.55
    endloop
  endfacet
  facet normal 0 -1 -0
    outer loop
      vertex 13.5 -28.85 4.55
      vertex 10.5 -28.85 1.6
      vertex 13.5 -28.85 1.6
    endloop
  endfacet
  facet normal 0 -1 0
    outer loop
      vertex -2 -28.85 1.6
      vertex 1.25 -28.85 4.55
      vertex -2 -28.85 4.55
    endloop
  endfacet
  facet normal 0 -1 -0
    outer loop
      vertex 1.25 -28.85 4.55
      vertex -2 -28.85 1.6
      vertex 1.25 -28.85 1.6
    endloop
  endfacet
  facet normal 0 1 -0
    outer loop
      vertex 10.5 -28.85 0.599999
      vertex 1.25 -28.85 1.6
      vertex 10.5 -28.85 1.6
    endloop
  endfacet
  facet normal 0 1 0
    outer loop
      vertex 1.25 -28.85 1.6
      vertex 10.5 -28.85 0.599999
      vertex 1.25 -28.85 0.599999
    endloop
  endfacet
  facet normal 1 0 0
    outer loop
      vertex 1.25 -28.85 1.6
      vertex 1.25 -27.65 4.55
      vertex 1.25 -28.85 4.55
    endloop
  endfacet
  facet normal 1 0 0
    outer loop
      vertex 1.25 -27.65 4.55
      vertex 1.25 -28.85 1.6
      vertex 1.25 -23.7 0.599999
    endloop
  endfacet
  facet normal 1 0 0
    outer loop
      vertex 1.25 -23.7 0.599999
      vertex 1.25 -28.85 1.6
      vertex 1.25 -28.85 0.599999
    endloop
  endfacet
  facet normal 0 0 1
    outer loop
      vertex 1.25 -27.65 4.55
      vertex -2 -28.85 4.55
      vertex 1.25 -28.85 4.55
    endloop
  endfacet
  facet normal 0 0 1
    outer loop
      vertex -2 -28.85 4.55
      vertex -3.2 -27.65 4.55
      vertex -2 -73.35 4.55
    endloop
  endfacet
  facet normal -0 0 1
    outer loop
      vertex -3.2 -27.65 4.55
      vertex -2 -28.85 4.55
      vertex 1.25 -27.65 4.55
    endloop
  endfacet
  facet normal 0 0 1
    outer loop
      vertex 13.2031 -73.35 4.55
      vertex 13.004 -73.661 4.55
      vertex 13.1785 -73.4 4.55
    endloop
  endfacet
  facet normal 0 0 1
    outer loop
      vertex 13.2031 -73.35 4.55
      vertex 12.7971 -73.8971 4.55
      vertex 13.004 -73.661 4.55
    endloop
  endfacet
  facet normal 0 0 1
    outer loop
      vertex 13.2031 -73.35 4.55
      vertex 12.561 -74.104 4.55
      vertex 12.7971 -73.8971 4.55
    endloop
  endfacet
  facet normal 0 0 1
    outer loop
      vertex 13.2031 -73.35 4.55
      vertex 12.3 -74.2785 4.55
      vertex 12.561 -74.104 4.55
    endloop
  endfacet
  facet normal 0 0 1
    outer loop
      vertex 13.2031 -73.35 4.55
      vertex 12.0184 -74.4173 4.55
      vertex 12.3 -74.2785 4.55
    endloop
  endfacet
  facet normal 0 0 1
    outer loop
      vertex 13.2031 -73.35 4.55
      vertex 11.7212 -74.5182 4.55
      vertex 12.0184 -74.4173 4.55
    endloop
  endfacet
  facet normal 0 0 1
    outer loop
      vertex 13.2031 -73.35 4.55
      vertex 11.4133 -74.5795 4.55
      vertex 11.7212 -74.5182 4.55
    endloop
  endfacet
  facet normal 0 0 1
    outer loop
      vertex 13.2031 -73.35 4.55
      vertex 11.1 -74.6 4.55
      vertex 11.4133 -74.5795 4.55
    endloop
  endfacet
  facet normal -0 0 1
    outer loop
      vertex -2 -73.35 4.55
      vertex 11.1 -74.6 4.55
      vertex 13.2031 -73.35 4.55
    endloop
  endfacet
  facet normal 0 0 1
    outer loop
      vertex -2 -73.35 4.55
      vertex -3.2 -74.6 4.55
      vertex 11.1 -74.6 4.55
    endloop
  endfacet
  facet normal 0 0 1
    outer loop
      vertex -3.2 -74.6 4.55
      vertex -2 -73.35 4.55
      vertex -3.2 -27.65 4.55
    endloop
  endfacet
  facet normal 3.89542e-17 0.707107 0.707107
    outer loop
      vertex 13.5 -23.7 0.599999
      vertex 10.5 -27.65 4.55
      vertex 13.5 -27.65 4.55
    endloop
  endfacet
  facet normal 3.89542e-17 0.707107 0.707107
    outer loop
      vertex 10.5 -27.65 4.55
      vertex 13.5 -23.7 0.599999
      vertex 10.5 -23.7 0.599999
    endloop
  endfacet
  facet normal -0 0 1
    outer loop
      vertex 10.5 -27.65 4.55
      vertex 13.5 -28.85 4.55
      vertex 13.5 -27.65 4.55
    endloop
  endfacet
  facet normal 0 0 1
    outer loop
      vertex 13.5 -28.85 4.55
      vertex 10.5 -27.65 4.55
      vertex 10.5 -28.85 4.55
    endloop
  endfacet
  facet normal -1 0 0
    outer loop
      vertex 10.5 -28.85 1.6
      vertex 10.5 -23.7 0.599999
      vertex 10.5 -28.85 0.599999
    endloop
  endfacet
  facet normal -1 0 0
    outer loop
      vertex 10.5 -23.7 0.599999
      vertex 10.5 -28.85 1.6
      vertex 10.5 -27.65 4.55
    endloop
  endfacet
  facet normal -1 -0 0
    outer loop
      vertex 10.5 -27.65 4.55
      vertex 10.5 -28.85 1.6
      vertex 10.5 -28.85 4.55
    endloop
  endfacet
  facet normal 0 1 -0
    outer loop
      vertex 13.5 -71.6 0.599999
      vertex -2 -71.6 1.6
      vertex 13.5 -71.6 1.6
    endloop
  endfacet
  facet normal 0 1 0
    outer loop
      vertex -3.2 -71.6 0.599999
      vertex -2 -71.6 1.6
      vertex 13.5 -71.6 0.599999
    endloop
  endfacet
  facet normal 0 1 0
    outer loop
      vertex -2 -71.6 1.6
      vertex -3.2 -71.6 0.599999
      vertex -3.2 -71.6 1.6
    endloop
  endfacet
  facet normal 0 0 1
    outer loop
      vertex 13.2031 -73.35 1.6
      vertex 13.5 -72.2 1.6
      vertex 13.5 -71.6 1.6
    endloop
  endfacet
  facet normal 0 0 1
    outer loop
      vertex 13.5 -72.2 1.6
      vertex 13.2031 -73.35 1.6
      vertex 13.4795 -72.5133 1.6
    endloop
  endfacet
  facet normal 0 0 1
    outer loop
      vertex 13.4795 -72.5133 1.6
      vertex 13.2031 -73.35 1.6
      vertex 13.4182 -72.8212 1.6
    endloop
  endfacet
  facet normal 0 0 1
    outer loop
      vertex 13.4182 -72.8212 1.6
      vertex 13.2031 -73.35 1.6
      vertex 13.3173 -73.1184 1.6
    endloop
  endfacet
  facet normal -0 0 1
    outer loop
      vertex -2 -71.6 1.6
      vertex 13.2031 -73.35 1.6
      vertex 13.5 -71.6 1.6
    endloop
  endfacet
  facet normal 0 0 1
    outer loop
      vertex 13.2031 -73.35 1.6
      vertex -2 -71.6 1.6
      vertex -2 -73.35 1.6
    endloop
  endfacet
  facet normal 0 1 -0
    outer loop
      vertex 13.2031 -73.35 1.6
      vertex -2 -73.35 4.55
      vertex 13.2031 -73.35 4.55
    endloop
  endfacet
  facet normal 0 1 0
    outer loop
      vertex -2 -73.35 4.55
      vertex 13.2031 -73.35 1.6
      vertex -2 -73.35 1.6
    endloop
  endfacet
  facet normal 0 -1 0
    outer loop
      vertex -3.2 -30.6 0.599999
      vertex -2 -30.6 1.6
      vertex -3.2 -30.6 1.6
    endloop
  endfacet
  facet normal 0 -1 0
    outer loop
      vertex 13.5 -30.6 0.599999
      vertex -2 -30.6 1.6
      vertex -3.2 -30.6 0.599999
    endloop
  endfacet
  facet normal 0 -1 0
    outer loop
      vertex -2 -30.6 1.6
      vertex 13.5 -30.6 0.599999
      vertex 13.5 -30.6 1.6
    endloop
  endfacet
  facet normal -0 0 1
    outer loop
      vertex 10.5 -28.85 1.6
      vertex 13.5 -30.6 1.6
      vertex 13.5 -28.85 1.6
    endloop
  endfacet
  facet normal -0 0 1
    outer loop
      vertex 1.25 -28.85 1.6
      vertex 13.5 -30.6 1.6
      vertex 10.5 -28.85 1.6
    endloop
  endfacet
  facet normal 0 0 1
    outer loop
      vertex -2 -30.6 1.6
      vertex 1.25 -28.85 1.6
      vertex -2 -28.85 1.6
    endloop
  endfacet
  facet normal 0 0 1
    outer loop
      vertex 1.25 -28.85 1.6
      vertex -2 -30.6 1.6
      vertex 13.5 -30.6 1.6
    endloop
  endfacet
  facet normal 0 0 -1
    outer loop
      vertex -3.2 -71.6 1.6
      vertex -2 -63.8 1.6
      vertex -2 -71.6 1.6
    endloop
  endfacet
  facet normal -0 0 -1
    outer loop
      vertex -2 -63.8 1.6
      vertex -3.2 -71.6 1.6
      vertex -3.2 -63.8 1.6
    endloop
  endfacet
  facet normal 0 0 -1
    outer loop
      vertex -3.2 -38.4 1.6
      vertex -2 -30.6 1.6
      vertex -2 -38.4 1.6
    endloop
  endfacet
  facet normal -0 0 -1
    outer loop
      vertex -2 -30.6 1.6
      vertex -3.2 -38.4 1.6
      vertex -3.2 -30.6 1.6
    endloop
  endfacet
  facet normal 0 0 -1
    outer loop
      vertex -3.2 -63 1.6
      vertex -2 -55.6 1.6
      vertex -2 -63 1.6
    endloop
  endfacet
  facet normal -0 0 -1
    outer loop
      vertex -2 -55.6 1.6
      vertex -3.2 -63 1.6
      vertex -3.2 -55.6 1.6
    endloop
  endfacet
  facet normal 0 0 -1
    outer loop
      vertex -3.2 -54.8 1.6
      vertex -2 -47.4 1.6
      vertex -2 -54.8 1.6
    endloop
  endfacet
  facet normal -0 0 -1
    outer loop
      vertex -2 -47.4 1.6
      vertex -3.2 -54.8 1.6
      vertex -3.2 -47.4 1.6
    endloop
  endfacet
  facet normal 0 0 -1
    outer loop
      vertex -3.2 -46.6 1.6
      vertex -2 -39.2 1.6
      vertex -2 -46.6 1.6
    endloop
  endfacet
  facet normal -0 0 -1
    outer loop
      vertex -2 -39.2 1.6
      vertex -3.2 -46.6 1.6
      vertex -3.2 -39.2 1.6
    endloop
  endfacet
  facet normal 0.640184 1.26355e-18 -0.768221
    outer loop
      vertex -1.99 -67.1 2.65
      vertex -1.45 -59.1 3.1
      vertex -1.45 -67.1 3.1
    endloop
  endfacet
  facet normal 0.640184 1.26355e-18 -0.768221
    outer loop
      vertex -1.45 -59.1 3.1
      vertex -1.99 -67.1 2.65
      vertex -1.99 -59.1 2.65
    endloop
  endfacet
  facet normal 1 -0 0
    outer loop
      vertex -1.45 -67.1 3.2
      vertex -1.45 -59.1 3.1
      vertex -1.45 -59.1 3.2
    endloop
  endfacet
  facet normal 1 0 0
    outer loop
      vertex -1.45 -59.1 3.1
      vertex -1.45 -67.1 3.2
      vertex -1.45 -67.1 3.1
    endloop
  endfacet
  facet normal 0.640184 1.89533e-18 0.768221
    outer loop
      vertex -1.99 -59.1 3.65
      vertex -1.45 -67.1 3.2
      vertex -1.45 -59.1 3.2
    endloop
  endfacet
  facet normal 0.640184 1.89533e-18 0.768221
    outer loop
      vertex -1.45 -67.1 3.2
      vertex -1.99 -59.1 3.65
      vertex -1.99 -67.1 3.65
    endloop
  endfacet
  facet normal 0 0 -1
    outer loop
      vertex -2 -67.1 2.65
      vertex -1.99 -59.1 2.65
      vertex -1.99 -67.1 2.65
    endloop
  endfacet
  facet normal -0 0 -1
    outer loop
      vertex -1.99 -59.1 2.65
      vertex -2 -67.1 2.65
      vertex -2 -59.1 2.65
    endloop
  endfacet
  facet normal 0 -1 0
    outer loop
      vertex -1.99 -67.1 2.65
      vertex -1.99 -67.1 3.65
      vertex -2 -67.1 3.65
    endloop
  endfacet
  facet normal 0 -1 0
    outer loop
      vertex -1.99 -67.1 3.65
      vertex -1.45 -67.1 3.1
      vertex -1.45 -67.1 3.2
    endloop
  endfacet
  facet normal 0 -1 0
    outer loop
      vertex -1.99 -67.1 2.65
      vertex -2 -67.1 3.65
      vertex -2 -67.1 2.65
    endloop
  endfacet
  facet normal 0 -1 0
    outer loop
      vertex -1.99 -67.1 3.65
      vertex -1.99 -67.1 2.65
      vertex -1.45 -67.1 3.1
    endloop
  endfacet
  facet normal -0 0 1
    outer loop
      vertex -2 -59.1 3.65
      vertex -1.99 -67.1 3.65
      vertex -1.99 -59.1 3.65
    endloop
  endfacet
  facet normal 0 0 1
    outer loop
      vertex -1.99 -67.1 3.65
      vertex -2 -59.1 3.65
      vertex -2 -67.1 3.65
    endloop
  endfacet
  facet normal 0 1 -0
    outer loop
      vertex -1.45 -59.1 3.1
      vertex -1.99 -59.1 3.65
      vertex -1.45 -59.1 3.2
    endloop
  endfacet
  facet normal 0 1 0
    outer loop
      vertex -1.99 -59.1 2.65
      vertex -1.99 -59.1 3.65
      vertex -1.45 -59.1 3.1
    endloop
  endfacet
  facet normal 0 1 0
    outer loop
      vertex -1.99 -59.1 3.65
      vertex -1.99 -59.1 2.65
      vertex -2 -59.1 3.65
    endloop
  endfacet
  facet normal 0 1 0
    outer loop
      vertex -2 -59.1 3.65
      vertex -1.99 -59.1 2.65
      vertex -2 -59.1 2.65
    endloop
  endfacet
  facet normal 0.640184 1.26355e-18 -0.768221
    outer loop
      vertex -1.99 -43.1 2.65
      vertex -1.45 -35.1 3.1
      vertex -1.45 -43.1 3.1
    endloop
  endfacet
  facet normal 0.640184 1.26355e-18 -0.768221
    outer loop
      vertex -1.45 -35.1 3.1
      vertex -1.99 -43.1 2.65
      vertex -1.99 -35.1 2.65
    endloop
  endfacet
  facet normal 1 -0 0
    outer loop
      vertex -1.45 -43.1 3.2
      vertex -1.45 -35.1 3.1
      vertex -1.45 -35.1 3.2
    endloop
  endfacet
  facet normal 1 0 0
    outer loop
      vertex -1.45 -35.1 3.1
      vertex -1.45 -43.1 3.2
      vertex -1.45 -43.1 3.1
    endloop
  endfacet
  facet normal 0.640184 1.89533e-18 0.768221
    outer loop
      vertex -1.99 -35.1 3.65
      vertex -1.45 -43.1 3.2
      vertex -1.45 -35.1 3.2
    endloop
  endfacet
  facet normal 0.640184 1.89533e-18 0.768221
    outer loop
      vertex -1.45 -43.1 3.2
      vertex -1.99 -35.1 3.65
      vertex -1.99 -43.1 3.65
    endloop
  endfacet
  facet normal 0 0 -1
    outer loop
      vertex -2 -43.1 2.65
      vertex -1.99 -35.1 2.65
      vertex -1.99 -43.1 2.65
    endloop
  endfacet
  facet normal -0 0 -1
    outer loop
      vertex -1.99 -35.1 2.65
      vertex -2 -43.1 2.65
      vertex -2 -35.1 2.65
    endloop
  endfacet
  facet normal 0 -1 0
    outer loop
      vertex -1.99 -43.1 2.65
      vertex -1.99 -43.1 3.65
      vertex -2 -43.1 3.65
    endloop
  endfacet
  facet normal 0 -1 0
    outer loop
      vertex -1.99 -43.1 3.65
      vertex -1.45 -43.1 3.1
      vertex -1.45 -43.1 3.2
    endloop
  endfacet
  facet normal 0 -1 0
    outer loop
      vertex -1.99 -43.1 2.65
      vertex -2 -43.1 3.65
      vertex -2 -43.1 2.65
    endloop
  endfacet
  facet normal 0 -1 0
    outer loop
      vertex -1.99 -43.1 3.65
      vertex -1.99 -43.1 2.65
      vertex -1.45 -43.1 3.1
    endloop
  endfacet
  facet normal -0 0 1
    outer loop
      vertex -2 -35.1 3.65
      vertex -1.99 -43.1 3.65
      vertex -1.99 -35.1 3.65
    endloop
  endfacet
  facet normal 0 0 1
    outer loop
      vertex -1.99 -43.1 3.65
      vertex -2 -35.1 3.65
      vertex -2 -43.1 3.65
    endloop
  endfacet
  facet normal 0 1 -0
    outer loop
      vertex -1.45 -35.1 3.1
      vertex -1.99 -35.1 3.65
      vertex -1.45 -35.1 3.2
    endloop
  endfacet
  facet normal 0 1 0
    outer loop
      vertex -1.99 -35.1 2.65
      vertex -1.99 -35.1 3.65
      vertex -1.45 -35.1 3.1
    endloop
  endfacet
  facet normal 0 1 0
    outer loop
      vertex -1.99 -35.1 3.65
      vertex -1.99 -35.1 2.65
      vertex -2 -35.1 3.65
    endloop
  endfacet
  facet normal 0 1 0
    outer loop
      vertex -2 -35.1 3.65
      vertex -1.99 -35.1 2.65
      vertex -2 -35.1 2.65
    endloop
  endfacet
  facet normal 0 -1 0
    outer loop
      vertex 12.95 -67.1 3.1
      vertex 13.49 -67.1 3.65
      vertex 12.95 -67.1 3.2
    endloop
  endfacet
  facet normal 0 -1 0
    outer loop
      vertex 13.49 -67.1 2.65
      vertex 13.49 -67.1 3.65
      vertex 12.95 -67.1 3.1
    endloop
  endfacet
  facet normal 0 -1 0
    outer loop
      vertex 13.49 -67.1 3.65
      vertex 13.49 -67.1 2.65
      vertex 13.5 -67.1 3.65
    endloop
  endfacet
  facet normal 0 -1 -0
    outer loop
      vertex 13.5 -67.1 3.65
      vertex 13.49 -67.1 2.65
      vertex 13.5 -67.1 2.65
    endloop
  endfacet
  facet normal -0.640184 1.6979e-18 -0.768221
    outer loop
      vertex 12.95 -67.1 3.1
      vertex 13.49 -59.1 2.65
      vertex 13.49 -67.1 2.65
    endloop
  endfacet
  facet normal -0.640184 1.6979e-18 -0.768221
    outer loop
      vertex 13.49 -59.1 2.65
      vertex 12.95 -67.1 3.1
      vertex 12.95 -59.1 3.1
    endloop
  endfacet
  facet normal -1 0 0
    outer loop
      vertex 12.95 -67.1 3.1
      vertex 12.95 -59.1 3.2
      vertex 12.95 -59.1 3.1
    endloop
  endfacet
  facet normal -1 -0 0
    outer loop
      vertex 12.95 -59.1 3.2
      vertex 12.95 -67.1 3.1
      vertex 12.95 -67.1 3.2
    endloop
  endfacet
  facet normal -0.640184 7.89719e-20 0.768221
    outer loop
      vertex 12.95 -59.1 3.2
      vertex 13.49 -67.1 3.65
      vertex 13.49 -59.1 3.65
    endloop
  endfacet
  facet normal -0.640184 7.89719e-20 0.768221
    outer loop
      vertex 13.49 -67.1 3.65
      vertex 12.95 -59.1 3.2
      vertex 12.95 -67.1 3.2
    endloop
  endfacet
  facet normal -0 0 1
    outer loop
      vertex 13.49 -59.1 3.65
      vertex 13.5 -67.1 3.65
      vertex 13.5 -59.1 3.65
    endloop
  endfacet
  facet normal 0 0 1
    outer loop
      vertex 13.5 -67.1 3.65
      vertex 13.49 -59.1 3.65
      vertex 13.49 -67.1 3.65
    endloop
  endfacet
  facet normal 0 1 0
    outer loop
      vertex 13.49 -59.1 2.65
      vertex 13.49 -59.1 3.65
      vertex 13.5 -59.1 3.65
    endloop
  endfacet
  facet normal 0 1 0
    outer loop
      vertex 13.49 -59.1 3.65
      vertex 12.95 -59.1 3.1
      vertex 12.95 -59.1 3.2
    endloop
  endfacet
  facet normal 0 1 0
    outer loop
      vertex 13.49 -59.1 2.65
      vertex 13.5 -59.1 3.65
      vertex 13.5 -59.1 2.65
    endloop
  endfacet
  facet normal 0 1 0
    outer loop
      vertex 13.49 -59.1 3.65
      vertex 13.49 -59.1 2.65
      vertex 12.95 -59.1 3.1
    endloop
  endfacet
  facet normal 0 0 -1
    outer loop
      vertex 13.49 -67.1 2.65
      vertex 13.5 -59.1 2.65
      vertex 13.5 -67.1 2.65
    endloop
  endfacet
  facet normal -0 0 -1
    outer loop
      vertex 13.5 -59.1 2.65
      vertex 13.49 -67.1 2.65
      vertex 13.49 -59.1 2.65
    endloop
  endfacet
  facet normal 0 -1 0
    outer loop
      vertex 12.95 -43.1 3.1
      vertex 13.49 -43.1 3.65
      vertex 12.95 -43.1 3.2
    endloop
  endfacet
  facet normal 0 -1 0
    outer loop
      vertex 13.49 -43.1 2.65
      vertex 13.49 -43.1 3.65
      vertex 12.95 -43.1 3.1
    endloop
  endfacet
  facet normal 0 -1 0
    outer loop
      vertex 13.49 -43.1 3.65
      vertex 13.49 -43.1 2.65
      vertex 13.5 -43.1 3.65
    endloop
  endfacet
  facet normal 0 -1 -0
    outer loop
      vertex 13.5 -43.1 3.65
      vertex 13.49 -43.1 2.65
      vertex 13.5 -43.1 2.65
    endloop
  endfacet
  facet normal -0.640184 1.6979e-18 -0.768221
    outer loop
      vertex 12.95 -43.1 3.1
      vertex 13.49 -35.1 2.65
      vertex 13.49 -43.1 2.65
    endloop
  endfacet
  facet normal -0.640184 1.6979e-18 -0.768221
    outer loop
      vertex 13.49 -35.1 2.65
      vertex 12.95 -43.1 3.1
      vertex 12.95 -35.1 3.1
    endloop
  endfacet
  facet normal -1 0 0
    outer loop
      vertex 12.95 -43.1 3.1
      vertex 12.95 -35.1 3.2
      vertex 12.95 -35.1 3.1
    endloop
  endfacet
  facet normal -1 -0 0
    outer loop
      vertex 12.95 -35.1 3.2
      vertex 12.95 -43.1 3.1
      vertex 12.95 -43.1 3.2
    endloop
  endfacet
  facet normal -0.640184 7.89719e-20 0.768221
    outer loop
      vertex 12.95 -35.1 3.2
      vertex 13.49 -43.1 3.65
      vertex 13.49 -35.1 3.65
    endloop
  endfacet
  facet normal -0.640184 7.89719e-20 0.768221
    outer loop
      vertex 13.49 -43.1 3.65
      vertex 12.95 -35.1 3.2
      vertex 12.95 -43.1 3.2
    endloop
  endfacet
  facet normal 0 0 -1
    outer loop
      vertex 13.49 -43.1 2.65
      vertex 13.5 -35.1 2.65
      vertex 13.5 -43.1 2.65
    endloop
  endfacet
  facet normal -0 0 -1
    outer loop
      vertex 13.5 -35.1 2.65
      vertex 13.49 -43.1 2.65
      vertex 13.49 -35.1 2.65
    endloop
  endfacet
  facet normal -0 0 1
    outer loop
      vertex 13.49 -35.1 3.65
      vertex 13.5 -43.1 3.65
      vertex 13.5 -35.1 3.65
    endloop
  endfacet
  facet normal 0 0 1
    outer loop
      vertex 13.5 -43.1 3.65
      vertex 13.49 -35.1 3.65
      vertex 13.49 -43.1 3.65
    endloop
  endfacet
  facet normal 0 1 0
    outer loop
      vertex 13.49 -35.1 2.65
      vertex 13.49 -35.1 3.65
      vertex 13.5 -35.1 3.65
    endloop
  endfacet
  facet normal 0 1 0
    outer loop
      vertex 13.49 -35.1 3.65
      vertex 12.95 -35.1 3.1
      vertex 12.95 -35.1 3.2
    endloop
  endfacet
  facet normal 0 1 0
    outer loop
      vertex 13.49 -35.1 2.65
      vertex 13.5 -35.1 3.65
      vertex 13.5 -35.1 2.65
    endloop
  endfacet
  facet normal 0 1 0
    outer loop
      vertex 13.49 -35.1 3.65
      vertex 13.49 -35.1 2.65
      vertex 12.95 -35.1 3.1
    endloop
  endfacet
  facet normal 0 -1 0
    outer loop
      vertex -13.5 -20.45 0.599999
      vertex 13.5 -20.45 4.55
      vertex -13.5 -20.45 4.55
    endloop
  endfacet
  facet normal 0 -1 -0
    outer loop
      vertex 13.5 -20.45 4.55
      vertex -13.5 -20.45 0.599999
      vertex 13.5 -20.45 0.599999
    endloop
  endfacet
  facet normal 0 1 -0
    outer loop
      vertex 13.5 -19.65 0.599999
      vertex -13.5 -19.65 4.55
      vertex 13.5 -19.65 4.55
    endloop
  endfacet
  facet normal 0 1 0
    outer loop
      vertex -13.5 -19.65 4.55
      vertex 13.5 -19.65 0.599999
      vertex -13.5 -19.65 0.599999
    endloop
  endfacet
  facet normal -0 0 1
    outer loop
      vertex -13.5 -19.65 4.55
      vertex 13.5 -20.45 4.55
      vertex 13.5 -19.65 4.55
    endloop
  endfacet
  facet normal 0 0 1
    outer loop
      vertex 13.5 -20.45 4.55
      vertex -13.5 -19.65 4.55
      vertex -13.5 -20.45 4.55
    endloop
  endfacet
  facet normal 0 -1 0
    outer loop
      vertex -13.5 -21.85 0.599999
      vertex 13.5 -21.85 4.55
      vertex -13.5 -21.85 4.55
    endloop
  endfacet
  facet normal 0 -1 -0
    outer loop
      vertex 13.5 -21.85 4.55
      vertex -13.5 -21.85 0.599999
      vertex 13.5 -21.85 0.599999
    endloop
  endfacet
  facet normal 0 1 -0
    outer loop
      vertex 13.5 -21.05 0.599999
      vertex -13.5 -21.05 4.55
      vertex 13.5 -21.05 4.55
    endloop
  endfacet
  facet normal 0 1 0
    outer loop
      vertex -13.5 -21.05 4.55
      vertex 13.5 -21.05 0.599999
      vertex -13.5 -21.05 0.599999
    endloop
  endfacet
  facet normal -0 0 1
    outer loop
      vertex -13.5 -21.05 4.55
      vertex 13.5 -21.85 4.55
      vertex 13.5 -21.05 4.55
    endloop
  endfacet
  facet normal 0 0 1
    outer loop
      vertex 13.5 -21.85 4.55
      vertex -13.5 -21.05 4.55
      vertex -13.5 -21.85 4.55
    endloop
  endfacet
  facet normal 0 -1 0
    outer loop
      vertex 3.35 -18.95 0.599999
      vertex 4.15 -18.95 1.6
      vertex 3.35 -18.95 1.6
    endloop
  endfacet
  facet normal 0 -1 -0
    outer loop
      vertex 4.15 -18.95 1.6
      vertex 3.35 -18.95 0.599999
      vertex 4.15 -18.95 0.599999
    endloop
  endfacet
  facet normal 0 -1 0
    outer loop
      vertex -4.15 -18.95 0.599999
      vertex -3.35 -18.95 1.6
      vertex -4.15 -18.95 1.6
    endloop
  endfacet
  facet normal 0 -1 -0
    outer loop
      vertex -3.35 -18.95 1.6
      vertex -4.15 -18.95 0.599999
      vertex -3.35 -18.95 0.599999
    endloop
  endfacet
  facet normal 0 -1 0
    outer loop
      vertex -11.25 -18.95 1.6
      vertex -12.45 -18.95 4.55
      vertex -13.5 -18.95 3.5
    endloop
  endfacet
  facet normal 0 -1 0
    outer loop
      vertex -12.45 -18.95 4.55
      vertex -3.35 -18.95 1.6
      vertex 12.45 -18.95 4.55
    endloop
  endfacet
  facet normal 0 -1 0
    outer loop
      vertex -12.45 -18.95 4.55
      vertex -11.25 -18.95 1.6
      vertex -4.15 -18.95 1.6
    endloop
  endfacet
  facet normal 0 -1 0
    outer loop
      vertex -13.5 -18.95 0.599999
      vertex -11.25 -18.95 1.6
      vertex -13.5 -18.95 3.5
    endloop
  endfacet
  facet normal 0 -1 -0
    outer loop
      vertex -11.25 -18.95 1.6
      vertex -13.5 -18.95 0.599999
      vertex -11.25 -18.95 0.599999
    endloop
  endfacet
  facet normal 0 -1 0
    outer loop
      vertex -12.45 -18.95 4.55
      vertex -4.15 -18.95 1.6
      vertex -3.35 -18.95 1.6
    endloop
  endfacet
  facet normal 0 -1 0
    outer loop
      vertex 3.35 -18.95 1.6
      vertex 12.45 -18.95 4.55
      vertex -3.35 -18.95 1.6
    endloop
  endfacet
  facet normal 0 -1 0
    outer loop
      vertex 4.15 -18.95 1.6
      vertex 12.45 -18.95 4.55
      vertex 3.35 -18.95 1.6
    endloop
  endfacet
  facet normal 0 -1 0
    outer loop
      vertex 11.25 -18.95 1.6
      vertex 12.45 -18.95 4.55
      vertex 4.15 -18.95 1.6
    endloop
  endfacet
  facet normal 0 -1 -0
    outer loop
      vertex 12.45 -18.95 4.55
      vertex 11.25 -18.95 1.6
      vertex 13.5 -18.95 3.5
    endloop
  endfacet
  facet normal 0 -1 0
    outer loop
      vertex 13.5 -18.95 0.599999
      vertex 11.25 -18.95 1.6
      vertex 11.25 -18.95 0.599999
    endloop
  endfacet
  facet normal 0 -1 0
    outer loop
      vertex 11.25 -18.95 1.6
      vertex 13.5 -18.95 0.599999
      vertex 13.5 -18.95 3.5
    endloop
  endfacet
  facet normal 0 0 1
    outer loop
      vertex -3 -17.74 4.55
      vertex -9 -17.74 4.55
      vertex -3 -17.75 4.55
    endloop
  endfacet
  facet normal 0 0 1
    outer loop
      vertex 9 -17.74 4.55
      vertex 3 -17.74 4.55
      vertex 9 -17.75 4.55
    endloop
  endfacet
  facet normal 0 0 1
    outer loop
      vertex 11.1 0 4.55
      vertex 11.25 -1.25 4.55
      vertex 11.4133 -0.0205317 4.55
    endloop
  endfacet
  facet normal 0 0 1
    outer loop
      vertex 11.1 0 4.55
      vertex 9 -1.25 4.55
      vertex 11.25 -1.25 4.55
    endloop
  endfacet
  facet normal 0 0 1
    outer loop
      vertex 9 -1.25 4.55
      vertex 3 -1.25 4.55
      vertex 9 -1.26 4.55
    endloop
  endfacet
  facet normal 0 0 1
    outer loop
      vertex 11.1 0 4.55
      vertex 3 -1.25 4.55
      vertex 9 -1.25 4.55
    endloop
  endfacet
  facet normal 0 0 1
    outer loop
      vertex 11.1 0 4.55
      vertex -3 -1.25 4.55
      vertex 3 -1.25 4.55
    endloop
  endfacet
  facet normal 0 0 1
    outer loop
      vertex -3 -1.25 4.55
      vertex -9 -1.25 4.55
      vertex -3 -1.26 4.55
    endloop
  endfacet
  facet normal -0 0 1
    outer loop
      vertex -11.1 0 4.55
      vertex -3 -1.25 4.55
      vertex 11.1 0 4.55
    endloop
  endfacet
  facet normal 0 0 1
    outer loop
      vertex -3 -1.25 4.55
      vertex -11.1 0 4.55
      vertex -9 -1.25 4.55
    endloop
  endfacet
  facet normal 0 0 1
    outer loop
      vertex -11.1 0 4.55
      vertex -11.25 -1.25 4.55
      vertex -9 -1.25 4.55
    endloop
  endfacet
  facet normal -0 0 1
    outer loop
      vertex -11.7212 -0.0817776 4.55
      vertex -11.25 -1.25 4.55
      vertex -11.4133 -0.0205317 4.55
    endloop
  endfacet
  facet normal -0 0 1
    outer loop
      vertex -11.4133 -0.0205317 4.55
      vertex -11.25 -1.25 4.55
      vertex -11.1 0 4.55
    endloop
  endfacet
  facet normal 0 0 1
    outer loop
      vertex 11.25 -1.25 4.55
      vertex 12.45 -0.421766 4.55
      vertex 12.3 -0.321539 4.55
    endloop
  endfacet
  facet normal 0 0 1
    outer loop
      vertex 11.25 -1.25 4.55
      vertex 12.3 -0.321539 4.55
      vertex 12.0184 -0.182689 4.55
    endloop
  endfacet
  facet normal 0 0 1
    outer loop
      vertex 11.25 -1.25 4.55
      vertex 12.0184 -0.182689 4.55
      vertex 11.7212 -0.0817776 4.55
    endloop
  endfacet
  facet normal 0 0 1
    outer loop
      vertex 11.25 -1.25 4.55
      vertex 11.7212 -0.0817776 4.55
      vertex 11.4133 -0.0205317 4.55
    endloop
  endfacet
  facet normal 0 0 1
    outer loop
      vertex 12.45 -0.421766 4.55
      vertex 11.25 -1.25 4.55
      vertex 11.25 -17.75 4.55
    endloop
  endfacet
  facet normal 0 0 1
    outer loop
      vertex 12.45 -0.421766 4.55
      vertex 11.25 -17.75 4.55
      vertex 12.45 -18.95 4.55
    endloop
  endfacet
  facet normal -0 0 1
    outer loop
      vertex 9 -17.75 4.55
      vertex 12.45 -18.95 4.55
      vertex 11.25 -17.75 4.55
    endloop
  endfacet
  facet normal 0 0 1
    outer loop
      vertex 3 -17.75 4.55
      vertex 9 -17.75 4.55
      vertex 3 -17.74 4.55
    endloop
  endfacet
  facet normal 0 0 1
    outer loop
      vertex 9 -17.75 4.55
      vertex 3 -17.75 4.55
      vertex 12.45 -18.95 4.55
    endloop
  endfacet
  facet normal -0 0 1
    outer loop
      vertex -3 -17.75 4.55
      vertex 12.45 -18.95 4.55
      vertex 3 -17.75 4.55
    endloop
  endfacet
  facet normal 0 0 1
    outer loop
      vertex -9 -17.75 4.55
      vertex -3 -17.75 4.55
      vertex -9 -17.74 4.55
    endloop
  endfacet
  facet normal 0 0 1
    outer loop
      vertex -12.45 -18.95 4.55
      vertex -3 -17.75 4.55
      vertex -9 -17.75 4.55
    endloop
  endfacet
  facet normal 0 0 1
    outer loop
      vertex -12.45 -18.95 4.55
      vertex -9 -17.75 4.55
      vertex -11.25 -17.75 4.55
    endloop
  endfacet
  facet normal -0 0 1
    outer loop
      vertex -12.0184 -0.182689 4.55
      vertex -11.25 -1.25 4.55
      vertex -11.7212 -0.0817776 4.55
    endloop
  endfacet
  facet normal -0 0 1
    outer loop
      vertex -12.3 -0.321539 4.55
      vertex -11.25 -1.25 4.55
      vertex -12.0184 -0.182689 4.55
    endloop
  endfacet
  facet normal 0 0 1
    outer loop
      vertex -11.25 -1.25 4.55
      vertex -12.3 -0.321539 4.55
      vertex -12.45 -0.421766 4.55
    endloop
  endfacet
  facet normal 0 0 1
    outer loop
      vertex -11.25 -1.25 4.55
      vertex -12.45 -0.421766 4.55
      vertex -11.25 -17.75 4.55
    endloop
  endfacet
  facet normal 0 0 1
    outer loop
      vertex -3 -17.75 4.55
      vertex -12.45 -18.95 4.55
      vertex 12.45 -18.95 4.55
    endloop
  endfacet
  facet normal 0 0 1
    outer loop
      vertex -12.45 -18.95 4.55
      vertex -11.25 -17.75 4.55
      vertex -12.45 -0.421766 4.55
    endloop
  endfacet
  facet normal 0 0 1
    outer loop
      vertex 9 -1.26 4.55
      vertex 3 -1.25 4.55
      vertex 3 -1.26 4.55
    endloop
  endfacet
  facet normal 0 0 1
    outer loop
      vertex -3 -1.26 4.55
      vertex -9 -1.25 4.55
      vertex -9 -1.26 4.55
    endloop
  endfacet
  facet normal -1 0 0
    outer loop
      vertex 11.25 -16 0.599999
      vertex 11.25 -17.75 1.6
      vertex 11.25 -16 1.8
    endloop
  endfacet
  facet normal -1 0 0
    outer loop
      vertex 11.25 -18.95 0.599999
      vertex 11.25 -17.75 1.6
      vertex 11.25 -16 0.599999
    endloop
  endfacet
  facet normal -1 -0 0
    outer loop
      vertex 11.25 -17.75 1.6
      vertex 11.25 -18.95 0.599999
      vertex 11.25 -18.95 1.6
    endloop
  endfacet
  facet normal -1 0 0
    outer loop
      vertex 11.25 -5.5 1.8
      vertex 11.25 -1.25 0.599999
      vertex 11.25 -5.5 0.599999
    endloop
  endfacet
  facet normal -1 0 0
    outer loop
      vertex 11.25 -1.25 0.599999
      vertex 11.25 -5.5 1.8
      vertex 11.25 -1.25 4.55
    endloop
  endfacet
  facet normal -1 0 0
    outer loop
      vertex 11.25 -17.75 4.55
      vertex 11.25 -5.5 1.8
      vertex 11.25 -16 1.8
    endloop
  endfacet
  facet normal -1 0 0
    outer loop
      vertex 11.25 -17.75 4.55
      vertex 11.25 -16 1.8
      vertex 11.25 -17.75 1.6
    endloop
  endfacet
  facet normal -1 0 0
    outer loop
      vertex 11.25 -5.5 1.8
      vertex 11.25 -17.75 4.55
      vertex 11.25 -1.25 4.55
    endloop
  endfacet
  facet normal 0 1 -0
    outer loop
      vertex 3.35 -17.75 1.6
      vertex -3.35 -17.75 1.61
      vertex 3.35 -17.75 1.61
    endloop
  endfacet
  facet normal 0 1 0
    outer loop
      vertex -3.35 -17.75 1.61
      vertex 3.35 -17.75 1.6
      vertex -3.35 -17.75 1.6
    endloop
  endfacet
  facet normal 0 1 0
    outer loop
      vertex 11.25 -17.75 4.55
      vertex 9 -17.75 3.55
      vertex 9 -17.75 4.55
    endloop
  endfacet
  facet normal 0 1 -0
    outer loop
      vertex 4.15 -17.75 1.61
      vertex 3 -17.75 3.55
      vertex 9 -17.75 3.55
    endloop
  endfacet
  facet normal 0 1 0
    outer loop
      vertex 3 -17.75 3.55
      vertex 3.35 -17.75 1.61
      vertex -3 -17.75 3.55
    endloop
  endfacet
  facet normal 0 1 0
    outer loop
      vertex 3 -17.75 3.55
      vertex 4.15 -17.75 1.61
      vertex 3.35 -17.75 1.61
    endloop
  endfacet
  facet normal 0 1 -0
    outer loop
      vertex 11.25 -17.75 1.6
      vertex 9 -17.75 3.55
      vertex 11.25 -17.75 4.55
    endloop
  endfacet
  facet normal 0 1 0
    outer loop
      vertex 4.15 -17.75 1.6
      vertex 9 -17.75 3.55
      vertex 11.25 -17.75 1.6
    endloop
  endfacet
  facet normal 0 1 0
    outer loop
      vertex 9 -17.75 3.55
      vertex 4.15 -17.75 1.6
      vertex 4.15 -17.75 1.61
    endloop
  endfacet
  facet normal 0 1 -0
    outer loop
      vertex 3 -17.75 3.55
      vertex -3 -17.75 4.55
      vertex 3 -17.75 4.55
    endloop
  endfacet
  facet normal 0 1 0
    outer loop
      vertex -3 -17.75 4.55
      vertex 3 -17.75 3.55
      vertex -3 -17.75 3.55
    endloop
  endfacet
  facet normal 0 1 -0
    outer loop
      vertex -9 -17.75 3.55
      vertex -11.25 -17.75 4.55
      vertex -9 -17.75 4.55
    endloop
  endfacet
  facet normal 0 1 0
    outer loop
      vertex -3.35 -17.75 1.61
      vertex -3 -17.75 3.55
      vertex 3.35 -17.75 1.61
    endloop
  endfacet
  facet normal 0 1 0
    outer loop
      vertex -4.15 -17.75 1.61
      vertex -3 -17.75 3.55
      vertex -3.35 -17.75 1.61
    endloop
  endfacet
  facet normal 0 1 0
    outer loop
      vertex -3 -17.75 3.55
      vertex -4.15 -17.75 1.61
      vertex -9 -17.75 3.55
    endloop
  endfacet
  facet normal 0 1 -0
    outer loop
      vertex -4.15 -17.75 1.6
      vertex -9 -17.75 3.55
      vertex -4.15 -17.75 1.61
    endloop
  endfacet
  facet normal 0 1 0
    outer loop
      vertex -9 -17.75 3.55
      vertex -11.25 -17.75 1.6
      vertex -11.25 -17.75 4.55
    endloop
  endfacet
  facet normal 0 1 0
    outer loop
      vertex -11.25 -17.75 1.6
      vertex -9 -17.75 3.55
      vertex -4.15 -17.75 1.6
    endloop
  endfacet
  facet normal 0 1 -0
    outer loop
      vertex -3.35 -17.75 1.6
      vertex -4.15 -17.75 1.61
      vertex -3.35 -17.75 1.61
    endloop
  endfacet
  facet normal 0 1 0
    outer loop
      vertex -3.35 -17.75 1.6
      vertex -4.15 -17.75 1.6
      vertex -4.15 -17.75 1.61
    endloop
  endfacet
  facet normal 0 1 -0
    outer loop
      vertex -3.35 -17.75 0.599999
      vertex -4.15 -17.75 1.6
      vertex -3.35 -17.75 1.6
    endloop
  endfacet
  facet normal 0 1 0
    outer loop
      vertex -4.15 -17.75 1.6
      vertex -3.35 -17.75 0.599999
      vertex -4.15 -17.75 0.599999
    endloop
  endfacet
  facet normal 0 1 -0
    outer loop
      vertex 4.15 -17.75 1.6
      vertex 3.35 -17.75 1.61
      vertex 4.15 -17.75 1.61
    endloop
  endfacet
  facet normal 0 1 0
    outer loop
      vertex 4.15 -17.75 1.6
      vertex 3.35 -17.75 1.6
      vertex 3.35 -17.75 1.61
    endloop
  endfacet
  facet normal 0 1 -0
    outer loop
      vertex 4.15 -17.75 0.599999
      vertex 3.35 -17.75 1.6
      vertex 4.15 -17.75 1.6
    endloop
  endfacet
  facet normal 0 1 0
    outer loop
      vertex 3.35 -17.75 1.6
      vertex 4.15 -17.75 0.599999
      vertex 3.35 -17.75 0.599999
    endloop
  endfacet
  facet normal 0 -1 0
    outer loop
      vertex -11.25 -1.25 4.55
      vertex -9 -1.25 3.55
      vertex -9 -1.25 4.55
    endloop
  endfacet
  facet normal 0 -1 0
    outer loop
      vertex -11.25 -1.25 0.599999
      vertex -3 -1.25 3.55
      vertex -9 -1.25 3.55
    endloop
  endfacet
  facet normal 0 -1 -0
    outer loop
      vertex -3 -1.25 3.55
      vertex -11.25 -1.25 0.599999
      vertex 3 -1.25 3.55
    endloop
  endfacet
  facet normal 0 -1 0
    outer loop
      vertex 11.25 -1.25 0.599999
      vertex 3 -1.25 3.55
      vertex -11.25 -1.25 0.599999
    endloop
  endfacet
  facet normal 0 -1 0
    outer loop
      vertex -11.25 -1.25 0.599999
      vertex -9 -1.25 3.55
      vertex -11.25 -1.25 4.55
    endloop
  endfacet
  facet normal 0 -1 0
    outer loop
      vertex -3 -1.25 3.55
      vertex 3 -1.25 4.55
      vertex -3 -1.25 4.55
    endloop
  endfacet
  facet normal 0 -1 -0
    outer loop
      vertex 3 -1.25 4.55
      vertex -3 -1.25 3.55
      vertex 3 -1.25 3.55
    endloop
  endfacet
  facet normal 0 -1 0
    outer loop
      vertex 9 -1.25 3.55
      vertex 11.25 -1.25 4.55
      vertex 9 -1.25 4.55
    endloop
  endfacet
  facet normal 0 -1 0
    outer loop
      vertex 9 -1.25 3.55
      vertex 11.25 -1.25 0.599999
      vertex 11.25 -1.25 4.55
    endloop
  endfacet
  facet normal 0 -1 0
    outer loop
      vertex 3 -1.25 3.55
      vertex 11.25 -1.25 0.599999
      vertex 9 -1.25 3.55
    endloop
  endfacet
  facet normal 1 0 0
    outer loop
      vertex -11.25 -1.25 4.55
      vertex -11.25 -5.5 1.8
      vertex -11.25 -1.25 0.599999
    endloop
  endfacet
  facet normal 1 -0 0
    outer loop
      vertex -11.25 -17.75 4.55
      vertex -11.25 -5.5 1.8
      vertex -11.25 -1.25 4.55
    endloop
  endfacet
  facet normal 1 0 0
    outer loop
      vertex -11.25 -5.5 1.8
      vertex -11.25 -17.75 4.55
      vertex -11.25 -16 1.8
    endloop
  endfacet
  facet normal 1 0 0
    outer loop
      vertex -11.25 -17.75 1.6
      vertex -11.25 -16 1.8
      vertex -11.25 -17.75 4.55
    endloop
  endfacet
  facet normal 1 0 0
    outer loop
      vertex -11.25 -16 1.8
      vertex -11.25 -17.75 1.6
      vertex -11.25 -16 0.599999
    endloop
  endfacet
  facet normal 1 0 0
    outer loop
      vertex -11.25 -18.95 0.599999
      vertex -11.25 -17.75 1.6
      vertex -11.25 -18.95 1.6
    endloop
  endfacet
  facet normal 1 0 0
    outer loop
      vertex -11.25 -17.75 1.6
      vertex -11.25 -18.95 0.599999
      vertex -11.25 -16 0.599999
    endloop
  endfacet
  facet normal 1 0 0
    outer loop
      vertex -11.25 -1.25 0.599999
      vertex -11.25 -5.5 1.8
      vertex -11.25 -5.5 0.599999
    endloop
  endfacet
  facet normal 0 0 -1
    outer loop
      vertex -11.25 -18.95 1.6
      vertex -4.15 -17.75 1.6
      vertex -4.15 -18.95 1.6
    endloop
  endfacet
  facet normal -0 0 -1
    outer loop
      vertex -4.15 -17.75 1.6
      vertex -11.25 -18.95 1.6
      vertex -11.25 -17.75 1.6
    endloop
  endfacet
  facet normal 0 0 -1
    outer loop
      vertex 4.15 -18.95 1.6
      vertex 11.25 -17.75 1.6
      vertex 11.25 -18.95 1.6
    endloop
  endfacet
  facet normal -0 0 -1
    outer loop
      vertex 11.25 -17.75 1.6
      vertex 4.15 -18.95 1.6
      vertex 4.15 -17.75 1.6
    endloop
  endfacet
  facet normal 0 0 -1
    outer loop
      vertex -3.35 -18.95 1.6
      vertex 3.35 -17.75 1.6
      vertex 3.35 -18.95 1.6
    endloop
  endfacet
  facet normal -0 0 -1
    outer loop
      vertex 3.35 -17.75 1.6
      vertex -3.35 -18.95 1.6
      vertex -3.35 -17.75 1.6
    endloop
  endfacet
  facet normal -0.707843 0.00192131 0.706368
    outer loop
      vertex -12.7971 -0.702943 4.20294
      vertex -12.45 -0.421766 4.55
      vertex -12.561 -0.495952 4.43897
    endloop
  endfacet
  facet normal -0.706588 -0.00117733 0.707624
    outer loop
      vertex -13.004 -0.938972 3.99595
      vertex -12.45 -0.421766 4.55
      vertex -12.7971 -0.702943 4.20294
    endloop
  endfacet
  facet normal -0.707494 0.000761688 0.706719
    outer loop
      vertex -13.1785 -1.2 3.82154
      vertex -12.45 -0.421766 4.55
      vertex -13.004 -0.938972 3.99595
    endloop
  endfacet
  facet normal -0.706924 -0.000305774 0.707289
    outer loop
      vertex -13.3173 -1.48156 3.68269
      vertex -12.45 -0.421766 4.55
      vertex -13.1785 -1.2 3.82154
    endloop
  endfacet
  facet normal -0.707089 -3.59165e-05 0.707125
    outer loop
      vertex -13.4182 -1.77883 3.58178
      vertex -12.45 -0.421766 4.55
      vertex -13.3173 -1.48156 3.68269
    endloop
  endfacet
  facet normal -0.707228 0.000163271 0.706985
    outer loop
      vertex -13.4795 -2.08674 3.52053
      vertex -12.45 -0.421766 4.55
      vertex -13.4182 -1.77883 3.58178
    endloop
  endfacet
  facet normal -0.707034 -7.72487e-05 0.70718
    outer loop
      vertex -13.5 -2.4 3.5
      vertex -12.45 -0.421766 4.55
      vertex -13.4795 -2.08674 3.52053
    endloop
  endfacet
  facet normal -0.707107 3.25267e-18 0.707107
    outer loop
      vertex -12.45 -18.95 4.55
      vertex -13.5 -2.4 3.5
      vertex -13.5 -18.95 3.5
    endloop
  endfacet
  facet normal -0.707107 2.90539e-18 0.707107
    outer loop
      vertex -13.5 -2.4 3.5
      vertex -12.45 -18.95 4.55
      vertex -12.45 -0.421766 4.55
    endloop
  endfacet
  facet normal 0.707843 0.00192131 0.706368
    outer loop
      vertex 12.45 -0.421766 4.55
      vertex 12.7971 -0.702943 4.20294
      vertex 12.561 -0.495952 4.43897
    endloop
  endfacet
  facet normal 0.706588 -0.00117733 0.707624
    outer loop
      vertex 12.45 -0.421766 4.55
      vertex 13.004 -0.938972 3.99595
      vertex 12.7971 -0.702943 4.20294
    endloop
  endfacet
  facet normal 0.707494 0.000761688 0.706719
    outer loop
      vertex 12.45 -0.421766 4.55
      vertex 13.1785 -1.2 3.82154
      vertex 13.004 -0.938972 3.99595
    endloop
  endfacet
  facet normal 0.706924 -0.000305774 0.707289
    outer loop
      vertex 12.45 -0.421766 4.55
      vertex 13.3173 -1.48156 3.68269
      vertex 13.1785 -1.2 3.82154
    endloop
  endfacet
  facet normal 0.707089 -3.59165e-05 0.707125
    outer loop
      vertex 12.45 -0.421766 4.55
      vertex 13.4182 -1.77883 3.58178
      vertex 13.3173 -1.48156 3.68269
    endloop
  endfacet
  facet normal 0.707228 0.000163271 0.706985
    outer loop
      vertex 12.45 -0.421766 4.55
      vertex 13.4795 -2.08674 3.52053
      vertex 13.4182 -1.77883 3.58178
    endloop
  endfacet
  facet normal 0.707034 -7.72487e-05 0.70718
    outer loop
      vertex 12.45 -0.421766 4.55
      vertex 13.5 -2.4 3.5
      vertex 13.4795 -2.08674 3.52053
    endloop
  endfacet
  facet normal 0.707107 -0 0.707107
    outer loop
      vertex 12.45 -18.95 4.55
      vertex 13.5 -2.4 3.5
      vertex 12.45 -0.421766 4.55
    endloop
  endfacet
  facet normal 0.707107 0 0.707107
    outer loop
      vertex 13.5 -2.4 3.5
      vertex 12.45 -18.95 4.55
      vertex 13.5 -18.95 3.5
    endloop
  endfacet
  facet normal 1 -0 0
    outer loop
      vertex -3.35 -18.95 1.6
      vertex -3.35 -17.75 0.599999
      vertex -3.35 -17.75 1.6
    endloop
  endfacet
  facet normal 1 0 0
    outer loop
      vertex -3.35 -17.75 0.599999
      vertex -3.35 -18.95 1.6
      vertex -3.35 -18.95 0.599999
    endloop
  endfacet
  facet normal -1 0 0
    outer loop
      vertex -4.15 -18.95 0.599999
      vertex -4.15 -17.75 1.6
      vertex -4.15 -17.75 0.599999
    endloop
  endfacet
  facet normal -1 -0 0
    outer loop
      vertex -4.15 -17.75 1.6
      vertex -4.15 -18.95 0.599999
      vertex -4.15 -18.95 1.6
    endloop
  endfacet
  facet normal 1 -0 0
    outer loop
      vertex 4.15 -18.95 1.6
      vertex 4.15 -17.75 0.599999
      vertex 4.15 -17.75 1.6
    endloop
  endfacet
  facet normal 1 0 0
    outer loop
      vertex 4.15 -17.75 0.599999
      vertex 4.15 -18.95 1.6
      vertex 4.15 -18.95 0.599999
    endloop
  endfacet
  facet normal -1 0 0
    outer loop
      vertex 3.35 -18.95 0.599999
      vertex 3.35 -17.75 1.6
      vertex 3.35 -17.75 0.599999
    endloop
  endfacet
  facet normal -1 -0 0
    outer loop
      vertex 3.35 -17.75 1.6
      vertex 3.35 -18.95 0.599999
      vertex 3.35 -18.95 1.6
    endloop
  endfacet
  facet normal 1 -0 0
    outer loop
      vertex -9.7 -16 1.8
      vertex -9.7 -5.5 0.599999
      vertex -9.7 -5.5 1.8
    endloop
  endfacet
  facet normal 1 0 0
    outer loop
      vertex -9.7 -5.5 0.599999
      vertex -9.7 -16 1.8
      vertex -9.7 -16 0.599999
    endloop
  endfacet
  facet normal 0 -1 0
    outer loop
      vertex -11.25 -16 0.599999
      vertex -9.7 -16 1.8
      vertex -11.25 -16 1.8
    endloop
  endfacet
  facet normal 0 -1 -0
    outer loop
      vertex -9.7 -16 1.8
      vertex -11.25 -16 0.599999
      vertex -9.7 -16 0.599999
    endloop
  endfacet
  facet normal 0 1 -0
    outer loop
      vertex -9.7 -5.5 0.599999
      vertex -11.25 -5.5 1.8
      vertex -9.7 -5.5 1.8
    endloop
  endfacet
  facet normal 0 1 0
    outer loop
      vertex -11.25 -5.5 1.8
      vertex -9.7 -5.5 0.599999
      vertex -11.25 -5.5 0.599999
    endloop
  endfacet
  facet normal -0 0 1
    outer loop
      vertex -11.25 -5.5 1.8
      vertex -9.7 -16 1.8
      vertex -9.7 -5.5 1.8
    endloop
  endfacet
  facet normal 0 0 1
    outer loop
      vertex -9.7 -16 1.8
      vertex -11.25 -5.5 1.8
      vertex -11.25 -16 1.8
    endloop
  endfacet
  facet normal 0 -1 0
    outer loop
      vertex 9.7 -16 0.599999
      vertex 11.25 -16 1.8
      vertex 9.7 -16 1.8
    endloop
  endfacet
  facet normal 0 -1 -0
    outer loop
      vertex 11.25 -16 1.8
      vertex 9.7 -16 0.599999
      vertex 11.25 -16 0.599999
    endloop
  endfacet
  facet normal 0 1 -0
    outer loop
      vertex 11.25 -5.5 0.599999
      vertex 9.7 -5.5 1.8
      vertex 11.25 -5.5 1.8
    endloop
  endfacet
  facet normal 0 1 0
    outer loop
      vertex 9.7 -5.5 1.8
      vertex 11.25 -5.5 0.599999
      vertex 9.7 -5.5 0.599999
    endloop
  endfacet
  facet normal -1 0 0
    outer loop
      vertex 9.7 -16 0.599999
      vertex 9.7 -5.5 1.8
      vertex 9.7 -5.5 0.599999
    endloop
  endfacet
  facet normal -1 -0 0
    outer loop
      vertex 9.7 -5.5 1.8
      vertex 9.7 -16 0.599999
      vertex 9.7 -16 1.8
    endloop
  endfacet
  facet normal -0 0 1
    outer loop
      vertex 9.7 -5.5 1.8
      vertex 11.25 -16 1.8
      vertex 11.25 -5.5 1.8
    endloop
  endfacet
  facet normal 0 0 1
    outer loop
      vertex 11.25 -16 1.8
      vertex 9.7 -5.5 1.8
      vertex 9.7 -16 1.8
    endloop
  endfacet
  facet normal 0 -0.640184 -0.768221
    outer loop
      vertex -9 -1.8 4
      vertex -3 -1.26 3.55
      vertex -3 -1.8 4
    endloop
  endfacet
  facet normal -0 -0.640184 -0.768221
    outer loop
      vertex -3 -1.26 3.55
      vertex -9 -1.8 4
      vertex -9 -1.26 3.55
    endloop
  endfacet
  facet normal 0 -1 0
    outer loop
      vertex -9 -1.8 4
      vertex -3 -1.8 4.1
      vertex -9 -1.8 4.1
    endloop
  endfacet
  facet normal 0 -1 -0
    outer loop
      vertex -3 -1.8 4.1
      vertex -9 -1.8 4
      vertex -3 -1.8 4
    endloop
  endfacet
  facet normal 0 -0.640184 0.768221
    outer loop
      vertex -9 -1.26 4.55
      vertex -3 -1.8 4.1
      vertex -3 -1.26 4.55
    endloop
  endfacet
  facet normal 0 -0.640184 0.768221
    outer loop
      vertex -3 -1.8 4.1
      vertex -9 -1.26 4.55
      vertex -9 -1.8 4.1
    endloop
  endfacet
  facet normal 0 0 -1
    outer loop
      vertex -9 -1.26 3.55
      vertex -3 -1.25 3.55
      vertex -3 -1.26 3.55
    endloop
  endfacet
  facet normal -0 0 -1
    outer loop
      vertex -3 -1.25 3.55
      vertex -9 -1.26 3.55
      vertex -9 -1.25 3.55
    endloop
  endfacet
  facet normal -1 0 0
    outer loop
      vertex -9 -1.26 3.55
      vertex -9 -1.25 4.55
      vertex -9 -1.25 3.55
    endloop
  endfacet
  facet normal -1 0 0
    outer loop
      vertex -9 -1.26 3.55
      vertex -9 -1.26 4.55
      vertex -9 -1.25 4.55
    endloop
  endfacet
  facet normal -1 0 0
    outer loop
      vertex -9 -1.8 4
      vertex -9 -1.26 4.55
      vertex -9 -1.26 3.55
    endloop
  endfacet
  facet normal -1 0 0
    outer loop
      vertex -9 -1.26 4.55
      vertex -9 -1.8 4
      vertex -9 -1.8 4.1
    endloop
  endfacet
  facet normal 1 -0 0
    outer loop
      vertex -3 -1.26 4.55
      vertex -3 -1.25 3.55
      vertex -3 -1.25 4.55
    endloop
  endfacet
  facet normal 1 0 0
    outer loop
      vertex -3 -1.26 4.55
      vertex -3 -1.26 3.55
      vertex -3 -1.25 3.55
    endloop
  endfacet
  facet normal 1 -0 0
    outer loop
      vertex -3 -1.8 4.1
      vertex -3 -1.26 3.55
      vertex -3 -1.26 4.55
    endloop
  endfacet
  facet normal 1 0 0
    outer loop
      vertex -3 -1.26 3.55
      vertex -3 -1.8 4.1
      vertex -3 -1.8 4
    endloop
  endfacet
  facet normal 0 0.640184 -0.768221
    outer loop
      vertex -9 -17.74 3.55
      vertex -3 -17.2 4
      vertex -3 -17.74 3.55
    endloop
  endfacet
  facet normal 0 0.640184 -0.768221
    outer loop
      vertex -3 -17.2 4
      vertex -9 -17.74 3.55
      vertex -9 -17.2 4
    endloop
  endfacet
  facet normal 0 1 -0
    outer loop
      vertex -3 -17.2 4
      vertex -9 -17.2 4.1
      vertex -3 -17.2 4.1
    endloop
  endfacet
  facet normal 0 1 0
    outer loop
      vertex -9 -17.2 4.1
      vertex -3 -17.2 4
      vertex -9 -17.2 4
    endloop
  endfacet
  facet normal -0 0.640184 0.768221
    outer loop
      vertex -9 -17.2 4.1
      vertex -3 -17.74 4.55
      vertex -3 -17.2 4.1
    endloop
  endfacet
  facet normal 0 0.640184 0.768221
    outer loop
      vertex -3 -17.74 4.55
      vertex -9 -17.2 4.1
      vertex -9 -17.74 4.55
    endloop
  endfacet
  facet normal 0 0 -1
    outer loop
      vertex -9 -17.75 3.55
      vertex -3 -17.74 3.55
      vertex -3 -17.75 3.55
    endloop
  endfacet
  facet normal -0 0 -1
    outer loop
      vertex -3 -17.74 3.55
      vertex -9 -17.75 3.55
      vertex -9 -17.74 3.55
    endloop
  endfacet
  facet normal 1 0 0
    outer loop
      vertex -3 -17.74 4.55
      vertex -3 -17.2 4
      vertex -3 -17.2 4.1
    endloop
  endfacet
  facet normal 1 0 0
    outer loop
      vertex -3 -17.74 4.55
      vertex -3 -17.74 3.55
      vertex -3 -17.2 4
    endloop
  endfacet
  facet normal 1 -0 0
    outer loop
      vertex -3 -17.75 4.55
      vertex -3 -17.74 3.55
      vertex -3 -17.74 4.55
    endloop
  endfacet
  facet normal 1 0 0
    outer loop
      vertex -3 -17.74 3.55
      vertex -3 -17.75 4.55
      vertex -3 -17.75 3.55
    endloop
  endfacet
  facet normal -1 0 0
    outer loop
      vertex -9 -17.74 3.55
      vertex -9 -17.2 4.1
      vertex -9 -17.2 4
    endloop
  endfacet
  facet normal -1 0 0
    outer loop
      vertex -9 -17.74 3.55
      vertex -9 -17.74 4.55
      vertex -9 -17.2 4.1
    endloop
  endfacet
  facet normal -1 0 0
    outer loop
      vertex -9 -17.75 3.55
      vertex -9 -17.74 4.55
      vertex -9 -17.74 3.55
    endloop
  endfacet
  facet normal -1 -0 0
    outer loop
      vertex -9 -17.74 4.55
      vertex -9 -17.75 3.55
      vertex -9 -17.75 4.55
    endloop
  endfacet
  facet normal 0 -0.640184 -0.768221
    outer loop
      vertex 3 -1.8 4
      vertex 9 -1.26 3.55
      vertex 9 -1.8 4
    endloop
  endfacet
  facet normal -0 -0.640184 -0.768221
    outer loop
      vertex 9 -1.26 3.55
      vertex 3 -1.8 4
      vertex 3 -1.26 3.55
    endloop
  endfacet
  facet normal 0 -1 0
    outer loop
      vertex 3 -1.8 4
      vertex 9 -1.8 4.1
      vertex 3 -1.8 4.1
    endloop
  endfacet
  facet normal 0 -1 -0
    outer loop
      vertex 9 -1.8 4.1
      vertex 3 -1.8 4
      vertex 9 -1.8 4
    endloop
  endfacet
  facet normal 0 -0.640184 0.768221
    outer loop
      vertex 3 -1.26 4.55
      vertex 9 -1.8 4.1
      vertex 9 -1.26 4.55
    endloop
  endfacet
  facet normal 0 -0.640184 0.768221
    outer loop
      vertex 9 -1.8 4.1
      vertex 3 -1.26 4.55
      vertex 3 -1.8 4.1
    endloop
  endfacet
  facet normal 0 0 -1
    outer loop
      vertex 3 -1.26 3.55
      vertex 9 -1.25 3.55
      vertex 9 -1.26 3.55
    endloop
  endfacet
  facet normal -0 0 -1
    outer loop
      vertex 9 -1.25 3.55
      vertex 3 -1.26 3.55
      vertex 3 -1.25 3.55
    endloop
  endfacet
  facet normal -1 0 0
    outer loop
      vertex 3 -1.26 3.55
      vertex 3 -1.25 4.55
      vertex 3 -1.25 3.55
    endloop
  endfacet
  facet normal -1 0 0
    outer loop
      vertex 3 -1.26 3.55
      vertex 3 -1.26 4.55
      vertex 3 -1.25 4.55
    endloop
  endfacet
  facet normal -1 0 0
    outer loop
      vertex 3 -1.8 4
      vertex 3 -1.26 4.55
      vertex 3 -1.26 3.55
    endloop
  endfacet
  facet normal -1 0 0
    outer loop
      vertex 3 -1.26 4.55
      vertex 3 -1.8 4
      vertex 3 -1.8 4.1
    endloop
  endfacet
  facet normal 1 -0 0
    outer loop
      vertex 9 -1.26 4.55
      vertex 9 -1.25 3.55
      vertex 9 -1.25 4.55
    endloop
  endfacet
  facet normal 1 0 0
    outer loop
      vertex 9 -1.26 4.55
      vertex 9 -1.26 3.55
      vertex 9 -1.25 3.55
    endloop
  endfacet
  facet normal 1 -0 0
    outer loop
      vertex 9 -1.8 4.1
      vertex 9 -1.26 3.55
      vertex 9 -1.26 4.55
    endloop
  endfacet
  facet normal 1 0 0
    outer loop
      vertex 9 -1.26 3.55
      vertex 9 -1.8 4.1
      vertex 9 -1.8 4
    endloop
  endfacet
  facet normal -1 0 0
    outer loop
      vertex 3 -17.74 3.55
      vertex 3 -17.2 4.1
      vertex 3 -17.2 4
    endloop
  endfacet
  facet normal -1 0 0
    outer loop
      vertex 3 -17.74 3.55
      vertex 3 -17.74 4.55
      vertex 3 -17.2 4.1
    endloop
  endfacet
  facet normal -1 0 0
    outer loop
      vertex 3 -17.75 3.55
      vertex 3 -17.74 4.55
      vertex 3 -17.74 3.55
    endloop
  endfacet
  facet normal -1 -0 0
    outer loop
      vertex 3 -17.74 4.55
      vertex 3 -17.75 3.55
      vertex 3 -17.75 4.55
    endloop
  endfacet
  facet normal 0 0.640184 -0.768221
    outer loop
      vertex 3 -17.74 3.55
      vertex 9 -17.2 4
      vertex 9 -17.74 3.55
    endloop
  endfacet
  facet normal 0 0.640184 -0.768221
    outer loop
      vertex 9 -17.2 4
      vertex 3 -17.74 3.55
      vertex 3 -17.2 4
    endloop
  endfacet
  facet normal 0 1 -0
    outer loop
      vertex 9 -17.2 4
      vertex 3 -17.2 4.1
      vertex 9 -17.2 4.1
    endloop
  endfacet
  facet normal 0 1 0
    outer loop
      vertex 3 -17.2 4.1
      vertex 9 -17.2 4
      vertex 3 -17.2 4
    endloop
  endfacet
  facet normal -0 0.640184 0.768221
    outer loop
      vertex 3 -17.2 4.1
      vertex 9 -17.74 4.55
      vertex 9 -17.2 4.1
    endloop
  endfacet
  facet normal 0 0.640184 0.768221
    outer loop
      vertex 9 -17.74 4.55
      vertex 3 -17.2 4.1
      vertex 3 -17.74 4.55
    endloop
  endfacet
  facet normal 0 0 -1
    outer loop
      vertex 3 -17.75 3.55
      vertex 9 -17.74 3.55
      vertex 9 -17.75 3.55
    endloop
  endfacet
  facet normal -0 0 -1
    outer loop
      vertex 9 -17.74 3.55
      vertex 3 -17.75 3.55
      vertex 3 -17.74 3.55
    endloop
  endfacet
  facet normal 1 0 0
    outer loop
      vertex 9 -17.74 4.55
      vertex 9 -17.2 4
      vertex 9 -17.2 4.1
    endloop
  endfacet
  facet normal 1 0 0
    outer loop
      vertex 9 -17.74 4.55
      vertex 9 -17.74 3.55
      vertex 9 -17.2 4
    endloop
  endfacet
  facet normal 1 -0 0
    outer loop
      vertex 9 -17.75 4.55
      vertex 9 -17.74 3.55
      vertex 9 -17.74 4.55
    endloop
  endfacet
  facet normal 1 0 0
    outer loop
      vertex 9 -17.74 3.55
      vertex 9 -17.75 4.55
      vertex 9 -17.75 3.55
    endloop
  endfacet
  facet normal 0.980799 0.19502 -4.30741e-19
    outer loop
      vertex -6.77353 -33.6411 11.8
      vertex -6.8437 -33.2882 2.1
      vertex -6.8437 -33.2882 11.8
    endloop
  endfacet
  facet normal 0.980799 0.19502 -4.30741e-19
    outer loop
      vertex -6.8437 -33.2882 2.1
      vertex -6.77353 -33.6411 11.8
      vertex -6.77353 -33.6411 2.1
    endloop
  endfacet
  facet normal 0.997858 0.065421 2.13136e-19
    outer loop
      vertex -6.75 -34 11.8
      vertex -6.77353 -33.6411 2.1
      vertex -6.77353 -33.6411 11.8
    endloop
  endfacet
  facet normal 0.997858 0.065421 2.13136e-19
    outer loop
      vertex -6.77353 -33.6411 2.1
      vertex -6.75 -34 11.8
      vertex -6.75 -34 2.1
    endloop
  endfacet
  facet normal 0.94692 0.321469 -9.02768e-19
    outer loop
      vertex -6.8437 -33.2882 11.8
      vertex -6.95933 -32.9476 2.1
      vertex -6.95933 -32.9476 11.8
    endloop
  endfacet
  facet normal 0.94692 0.321469 -9.02768e-19
    outer loop
      vertex -6.95933 -32.9476 2.1
      vertex -6.8437 -33.2882 11.8
      vertex -6.8437 -33.2882 2.1
    endloop
  endfacet
  facet normal 0.89686 -0.442314 -5.33134e-19
    outer loop
      vertex -7.11843 -35.375 11.8
      vertex -6.95933 -35.0524 2.1
      vertex -6.95933 -35.0524 11.8
    endloop
  endfacet
  facet normal 0.89686 -0.442314 -5.33134e-19
    outer loop
      vertex -6.95933 -35.0524 2.1
      vertex -7.11843 -35.375 11.8
      vertex -7.11843 -35.375 2.1
    endloop
  endfacet
  facet normal 0.555675 0.8314 -0
    outer loop
      vertex -7.82591 -31.8183 2.1
      vertex -8.125 -31.6184 11.8
      vertex -7.82591 -31.8183 11.8
    endloop
  endfacet
  facet normal 0.555675 0.8314 0
    outer loop
      vertex -8.125 -31.6184 11.8
      vertex -7.82591 -31.8183 2.1
      vertex -8.125 -31.6184 2.1
    endloop
  endfacet
  facet normal 0.442292 0.896871 -0
    outer loop
      vertex -8.125 -31.6184 2.1
      vertex -8.44762 -31.4593 11.8
      vertex -8.125 -31.6184 11.8
    endloop
  endfacet
  facet normal 0.442292 0.896871 0
    outer loop
      vertex -8.44762 -31.4593 11.8
      vertex -8.125 -31.6184 2.1
      vertex -8.44762 -31.4593 2.1
    endloop
  endfacet
  facet normal 0.980799 -0.19502 4.30741e-19
    outer loop
      vertex -6.8437 -34.7118 11.8
      vertex -6.77353 -34.3589 2.1
      vertex -6.77353 -34.3589 11.8
    endloop
  endfacet
  facet normal 0.980799 -0.19502 4.30741e-19
    outer loop
      vertex -6.77353 -34.3589 2.1
      vertex -6.8437 -34.7118 11.8
      vertex -6.8437 -34.7118 2.1
    endloop
  endfacet
  facet normal -0.442314 0.89686 0
    outer loop
      vertex -10.5524 -31.4593 2.1
      vertex -10.875 -31.6184 11.8
      vertex -10.5524 -31.4593 11.8
    endloop
  endfacet
  facet normal -0.442314 0.89686 0
    outer loop
      vertex -10.875 -31.6184 11.8
      vertex -10.5524 -31.4593 2.1
      vertex -10.875 -31.6184 2.1
    endloop
  endfacet
  facet normal 0.321369 0.946954 -0
    outer loop
      vertex -8.44762 -31.4593 2.1
      vertex -8.78825 -31.3437 11.8
      vertex -8.44762 -31.4593 11.8
    endloop
  endfacet
  facet normal 0.321369 0.946954 0
    outer loop
      vertex -8.78825 -31.3437 11.8
      vertex -8.44762 -31.4593 2.1
      vertex -8.78825 -31.3437 2.1
    endloop
  endfacet
  facet normal 0.321369 -0.946954 0
    outer loop
      vertex -8.78825 -36.6563 2.1
      vertex -8.44762 -36.5407 11.8
      vertex -8.78825 -36.6563 11.8
    endloop
  endfacet
  facet normal 0.321369 -0.946954 0
    outer loop
      vertex -8.44762 -36.5407 11.8
      vertex -8.78825 -36.6563 2.1
      vertex -8.44762 -36.5407 2.1
    endloop
  endfacet
  facet normal 0.195154 -0.980773 0
    outer loop
      vertex -9.14105 -36.7265 2.1
      vertex -8.78825 -36.6563 11.8
      vertex -9.14105 -36.7265 11.8
    endloop
  endfacet
  facet normal 0.195154 -0.980773 0
    outer loop
      vertex -8.78825 -36.6563 11.8
      vertex -9.14105 -36.7265 2.1
      vertex -8.78825 -36.6563 2.1
    endloop
  endfacet
  facet normal 0.94692 -0.321469 9.02768e-19
    outer loop
      vertex -6.95933 -35.0524 11.8
      vertex -6.8437 -34.7118 2.1
      vertex -6.8437 -34.7118 11.8
    endloop
  endfacet
  facet normal 0.94692 -0.321469 9.02768e-19
    outer loop
      vertex -6.8437 -34.7118 2.1
      vertex -6.95933 -35.0524 11.8
      vertex -6.95933 -35.0524 2.1
    endloop
  endfacet
  facet normal 0.89686 0.442314 5.33134e-19
    outer loop
      vertex -6.95933 -32.9476 11.8
      vertex -7.11843 -32.625 2.1
      vertex -7.11843 -32.625 11.8
    endloop
  endfacet
  facet normal 0.89686 0.442314 5.33134e-19
    outer loop
      vertex -7.11843 -32.625 2.1
      vertex -6.95933 -32.9476 11.8
      vertex -6.95933 -32.9476 2.1
    endloop
  endfacet
  facet normal 0.65938 0.75181 -0
    outer loop
      vertex -7.55546 -32.0555 2.1
      vertex -7.82591 -31.8183 11.8
      vertex -7.55546 -32.0555 11.8
    endloop
  endfacet
  facet normal 0.65938 0.75181 0
    outer loop
      vertex -7.82591 -31.8183 11.8
      vertex -7.55546 -32.0555 2.1
      vertex -7.82591 -31.8183 2.1
    endloop
  endfacet
  facet normal 0.0653289 -0.997864 0
    outer loop
      vertex -9.5 -36.75 2.1
      vertex -9.14105 -36.7265 11.8
      vertex -9.5 -36.75 11.8
    endloop
  endfacet
  facet normal 0.0653289 -0.997864 0
    outer loop
      vertex -9.14105 -36.7265 11.8
      vertex -9.5 -36.75 2.1
      vertex -9.14105 -36.7265 2.1
    endloop
  endfacet
  facet normal -0.946979 -0.321296 0
    outer loop
      vertex -12.1433 -34.75 2.1
      vertex -12.0407 -35.0524 2.1
      vertex -12.1433 -34.75 10
    endloop
  endfacet
  facet normal -0.946682 -0.322169 -5.7223e-19
    outer loop
      vertex -12.1433 -34.75 10
      vertex -12.1563 -34.7118 11.8
      vertex -12.1563 -34.7118 10
    endloop
  endfacet
  facet normal -0.946979 -0.321296 -0
    outer loop
      vertex -12.0407 -35.0524 11.8
      vertex -12.1433 -34.75 10
      vertex -12.0407 -35.0524 2.1
    endloop
  endfacet
  facet normal -0.946945 -0.321394 -1.83495e-05
    outer loop
      vertex -12.1433 -34.75 10
      vertex -12.0407 -35.0524 11.8
      vertex -12.1563 -34.7118 11.8
    endloop
  endfacet
  facet normal -0.659449 0.751749 0
    outer loop
      vertex -11.1741 -31.8183 2.1
      vertex -11.4445 -32.0555 11.8
      vertex -11.1741 -31.8183 11.8
    endloop
  endfacet
  facet normal -0.659449 0.751749 0
    outer loop
      vertex -11.4445 -32.0555 11.8
      vertex -11.1741 -31.8183 2.1
      vertex -11.4445 -32.0555 2.1
    endloop
  endfacet
  facet normal -0.321394 0.946945 0
    outer loop
      vertex -10.2118 -31.3437 2.1
      vertex -10.5524 -31.4593 11.8
      vertex -10.2118 -31.3437 11.8
    endloop
  endfacet
  facet normal -0.321394 0.946945 0
    outer loop
      vertex -10.5524 -31.4593 11.8
      vertex -10.2118 -31.3437 2.1
      vertex -10.5524 -31.4593 2.1
    endloop
  endfacet
  facet normal 0.555675 -0.8314 0
    outer loop
      vertex -8.125 -36.3816 2.1
      vertex -7.82591 -36.1817 11.8
      vertex -8.125 -36.3816 11.8
    endloop
  endfacet
  facet normal 0.555675 -0.8314 0
    outer loop
      vertex -7.82591 -36.1817 11.8
      vertex -8.125 -36.3816 2.1
      vertex -7.82591 -36.1817 2.1
    endloop
  endfacet
  facet normal -0.555662 -0.831408 0
    outer loop
      vertex -11.1741 -36.1817 2.1
      vertex -10.875 -36.3816 11.8
      vertex -11.1741 -36.1817 11.8
    endloop
  endfacet
  facet normal -0.555662 -0.831408 -0
    outer loop
      vertex -10.875 -36.3816 11.8
      vertex -11.1741 -36.1817 2.1
      vertex -10.875 -36.3816 2.1
    endloop
  endfacet
  facet normal -0.980783 0.195101 2.19565e-18
    outer loop
      vertex -12.2265 -33.6411 10
      vertex -12.1563 -33.2882 11.8
      vertex -12.1563 -33.2882 10
    endloop
  endfacet
  facet normal -0.980783 0.195101 2.19565e-18
    outer loop
      vertex -12.1563 -33.2882 11.8
      vertex -12.2265 -33.6411 10
      vertex -12.2265 -33.6411 11.8
    endloop
  endfacet
  facet normal -0.0653289 -0.997864 0
    outer loop
      vertex -9.85895 -36.7265 2.1
      vertex -9.5 -36.75 11.8
      vertex -9.85895 -36.7265 11.8
    endloop
  endfacet
  facet normal -0.0653289 -0.997864 -0
    outer loop
      vertex -9.5 -36.75 11.8
      vertex -9.85895 -36.7265 2.1
      vertex -9.5 -36.75 2.1
    endloop
  endfacet
  facet normal 0.831472 0.555566 -6.09822e-19
    outer loop
      vertex -7.11843 -32.625 11.8
      vertex -7.31828 -32.3259 2.1
      vertex -7.31828 -32.3259 11.8
    endloop
  endfacet
  facet normal 0.831472 0.555566 -6.09822e-19
    outer loop
      vertex -7.31828 -32.3259 2.1
      vertex -7.11843 -32.625 11.8
      vertex -7.11843 -32.625 2.1
    endloop
  endfacet
  facet normal -0.555662 0.831408 0
    outer loop
      vertex -10.875 -31.6184 2.1
      vertex -11.1741 -31.8183 11.8
      vertex -10.875 -31.6184 11.8
    endloop
  endfacet
  facet normal -0.555662 0.831408 0
    outer loop
      vertex -11.1741 -31.8183 11.8
      vertex -10.875 -31.6184 2.1
      vertex -11.1741 -31.8183 2.1
    endloop
  endfacet
  facet normal 0.997858 -0.065421 -2.13136e-19
    outer loop
      vertex -6.77353 -34.3589 11.8
      vertex -6.75 -34 2.1
      vertex -6.75 -34 11.8
    endloop
  endfacet
  facet normal 0.997858 -0.065421 -2.13136e-19
    outer loop
      vertex -6.75 -34 2.1
      vertex -6.77353 -34.3589 11.8
      vertex -6.77353 -34.3589 2.1
    endloop
  endfacet
  facet normal 0.65938 -0.75181 0
    outer loop
      vertex -7.82591 -36.1817 2.1
      vertex -7.55546 -35.9445 11.8
      vertex -7.82591 -36.1817 11.8
    endloop
  endfacet
  facet normal 0.65938 -0.75181 0
    outer loop
      vertex -7.55546 -35.9445 11.8
      vertex -7.82591 -36.1817 2.1
      vertex -7.55546 -35.9445 2.1
    endloop
  endfacet
  facet normal -0.997863 0.0653379 -3.90445e-19
    outer loop
      vertex -12.25 -34 10
      vertex -12.2265 -33.6411 11.8
      vertex -12.2265 -33.6411 10
    endloop
  endfacet
  facet normal -0.997863 0.0653379 -3.90445e-19
    outer loop
      vertex -12.2265 -33.6411 11.8
      vertex -12.25 -34 10
      vertex -12.25 -34 11.8
    endloop
  endfacet
  facet normal 0.0653289 0.997864 -0
    outer loop
      vertex -9.14105 -31.2735 2.1
      vertex -9.5 -31.25 11.8
      vertex -9.14105 -31.2735 11.8
    endloop
  endfacet
  facet normal 0.0653289 0.997864 0
    outer loop
      vertex -9.5 -31.25 11.8
      vertex -9.14105 -31.2735 2.1
      vertex -9.5 -31.25 2.1
    endloop
  endfacet
  facet normal -0.831408 -0.555662 -5.92742e-19
    outer loop
      vertex -11.6817 -35.6741 2.1
      vertex -11.8816 -35.375 11.8
      vertex -11.8816 -35.375 2.1
    endloop
  endfacet
  facet normal -0.831408 -0.555662 -5.92742e-19
    outer loop
      vertex -11.8816 -35.375 11.8
      vertex -11.6817 -35.6741 2.1
      vertex -11.6817 -35.6741 11.8
    endloop
  endfacet
  facet normal -0.195127 0.980778 0
    outer loop
      vertex -9.85895 -31.2735 2.1
      vertex -10.2118 -31.3437 11.8
      vertex -9.85895 -31.2735 11.8
    endloop
  endfacet
  facet normal -0.195127 0.980778 0
    outer loop
      vertex -10.2118 -31.3437 11.8
      vertex -9.85895 -31.2735 2.1
      vertex -10.2118 -31.3437 2.1
    endloop
  endfacet
  facet normal -0.89686 -0.442314 -2.91002e-19
    outer loop
      vertex -11.8816 -35.375 2.1
      vertex -12.0407 -35.0524 11.8
      vertex -12.0407 -35.0524 2.1
    endloop
  endfacet
  facet normal -0.89686 -0.442314 -2.91002e-19
    outer loop
      vertex -12.0407 -35.0524 11.8
      vertex -11.8816 -35.375 2.1
      vertex -11.8816 -35.375 11.8
    endloop
  endfacet
  facet normal 0.831472 -0.555566 6.09822e-19
    outer loop
      vertex -7.31828 -35.6741 11.8
      vertex -7.11843 -35.375 2.1
      vertex -7.11843 -35.375 11.8
    endloop
  endfacet
  facet normal 0.831472 -0.555566 6.09822e-19
    outer loop
      vertex -7.11843 -35.375 2.1
      vertex -7.31828 -35.6741 11.8
      vertex -7.31828 -35.6741 2.1
    endloop
  endfacet
  facet normal 0.751777 0.659417 4.22724e-19
    outer loop
      vertex -7.31828 -32.3259 11.8
      vertex -7.55546 -32.0555 2.1
      vertex -7.55546 -32.0555 11.8
    endloop
  endfacet
  facet normal 0.751777 0.659417 4.22724e-19
    outer loop
      vertex -7.55546 -32.0555 2.1
      vertex -7.31828 -32.3259 11.8
      vertex -7.31828 -32.3259 2.1
    endloop
  endfacet
  facet normal -0.946979 0.321296 0
    outer loop
      vertex -12.1433 -33.25 10
      vertex -12.0407 -32.9476 2.1
      vertex -12.1433 -33.25 2.1
    endloop
  endfacet
  facet normal -0.946979 0.321296 0
    outer loop
      vertex -12.0407 -32.9476 2.1
      vertex -12.1433 -33.25 10
      vertex -12.0407 -32.9476 11.8
    endloop
  endfacet
  facet normal -0.946682 0.322169 0
    outer loop
      vertex -12.1563 -33.2882 11.8
      vertex -12.1433 -33.25 10
      vertex -12.1563 -33.2882 10
    endloop
  endfacet
  facet normal -0.946945 0.321394 -1.83495e-05
    outer loop
      vertex -12.1433 -33.25 10
      vertex -12.1563 -33.2882 11.8
      vertex -12.0407 -32.9476 11.8
    endloop
  endfacet
  facet normal -0.751749 -0.659449 -9.87418e-19
    outer loop
      vertex -11.4445 -35.9445 2.1
      vertex -11.6817 -35.6741 11.8
      vertex -11.6817 -35.6741 2.1
    endloop
  endfacet
  facet normal -0.751749 -0.659449 -9.87418e-19
    outer loop
      vertex -11.6817 -35.6741 11.8
      vertex -11.4445 -35.9445 2.1
      vertex -11.4445 -35.9445 11.8
    endloop
  endfacet
  facet normal -0.0653289 0.997864 0
    outer loop
      vertex -9.5 -31.25 2.1
      vertex -9.85895 -31.2735 11.8
      vertex -9.5 -31.25 11.8
    endloop
  endfacet
  facet normal -0.0653289 0.997864 0
    outer loop
      vertex -9.85895 -31.2735 11.8
      vertex -9.5 -31.25 2.1
      vertex -9.85895 -31.2735 2.1
    endloop
  endfacet
  facet normal 0.751777 -0.659417 -4.22724e-19
    outer loop
      vertex -7.55546 -35.9445 11.8
      vertex -7.31828 -35.6741 2.1
      vertex -7.31828 -35.6741 11.8
    endloop
  endfacet
  facet normal 0.751777 -0.659417 -4.22724e-19
    outer loop
      vertex -7.31828 -35.6741 2.1
      vertex -7.55546 -35.9445 11.8
      vertex -7.55546 -35.9445 2.1
    endloop
  endfacet
  facet normal 0.442292 -0.896871 0
    outer loop
      vertex -8.44762 -36.5407 2.1
      vertex -8.125 -36.3816 11.8
      vertex -8.44762 -36.5407 11.8
    endloop
  endfacet
  facet normal 0.442292 -0.896871 0
    outer loop
      vertex -8.125 -36.3816 11.8
      vertex -8.44762 -36.5407 2.1
      vertex -8.125 -36.3816 2.1
    endloop
  endfacet
  facet normal 0.195154 0.980773 -0
    outer loop
      vertex -8.78825 -31.3437 2.1
      vertex -9.14105 -31.2735 11.8
      vertex -8.78825 -31.3437 11.8
    endloop
  endfacet
  facet normal 0.195154 0.980773 0
    outer loop
      vertex -9.14105 -31.2735 11.8
      vertex -8.78825 -31.3437 2.1
      vertex -9.14105 -31.2735 2.1
    endloop
  endfacet
  facet normal -0.997863 -0.0653379 3.90445e-19
    outer loop
      vertex -12.2265 -34.3589 10
      vertex -12.25 -34 11.8
      vertex -12.25 -34 10
    endloop
  endfacet
  facet normal -0.997863 -0.0653379 3.90445e-19
    outer loop
      vertex -12.25 -34 11.8
      vertex -12.2265 -34.3589 10
      vertex -12.2265 -34.3589 11.8
    endloop
  endfacet
  facet normal -0.831408 0.555662 5.92742e-19
    outer loop
      vertex -11.8816 -32.625 2.1
      vertex -11.6817 -32.3259 11.8
      vertex -11.6817 -32.3259 2.1
    endloop
  endfacet
  facet normal -0.831408 0.555662 5.92742e-19
    outer loop
      vertex -11.6817 -32.3259 11.8
      vertex -11.8816 -32.625 2.1
      vertex -11.8816 -32.625 11.8
    endloop
  endfacet
  facet normal -0.442314 -0.89686 0
    outer loop
      vertex -10.875 -36.3816 2.1
      vertex -10.5524 -36.5407 11.8
      vertex -10.875 -36.3816 11.8
    endloop
  endfacet
  facet normal -0.442314 -0.89686 -0
    outer loop
      vertex -10.5524 -36.5407 11.8
      vertex -10.875 -36.3816 2.1
      vertex -10.5524 -36.5407 2.1
    endloop
  endfacet
  facet normal -0.980783 -0.195101 -2.19565e-18
    outer loop
      vertex -12.1563 -34.7118 10
      vertex -12.2265 -34.3589 11.8
      vertex -12.2265 -34.3589 10
    endloop
  endfacet
  facet normal -0.980783 -0.195101 -2.19565e-18
    outer loop
      vertex -12.2265 -34.3589 11.8
      vertex -12.1563 -34.7118 10
      vertex -12.1563 -34.7118 11.8
    endloop
  endfacet
  facet normal -0.321394 -0.946945 0
    outer loop
      vertex -10.5524 -36.5407 2.1
      vertex -10.2118 -36.6563 11.8
      vertex -10.5524 -36.5407 11.8
    endloop
  endfacet
  facet normal -0.321394 -0.946945 -0
    outer loop
      vertex -10.2118 -36.6563 11.8
      vertex -10.5524 -36.5407 2.1
      vertex -10.2118 -36.6563 2.1
    endloop
  endfacet
  facet normal -0.195127 -0.980778 0
    outer loop
      vertex -10.2118 -36.6563 2.1
      vertex -9.85895 -36.7265 11.8
      vertex -10.2118 -36.6563 11.8
    endloop
  endfacet
  facet normal -0.195127 -0.980778 -0
    outer loop
      vertex -9.85895 -36.7265 11.8
      vertex -10.2118 -36.6563 2.1
      vertex -9.85895 -36.7265 2.1
    endloop
  endfacet
  facet normal -0.659449 -0.751749 0
    outer loop
      vertex -11.4445 -35.9445 2.1
      vertex -11.1741 -36.1817 11.8
      vertex -11.4445 -35.9445 11.8
    endloop
  endfacet
  facet normal -0.659449 -0.751749 -0
    outer loop
      vertex -11.1741 -36.1817 11.8
      vertex -11.4445 -35.9445 2.1
      vertex -11.1741 -36.1817 2.1
    endloop
  endfacet
  facet normal -0.751749 0.659449 9.87418e-19
    outer loop
      vertex -11.6817 -32.3259 2.1
      vertex -11.4445 -32.0555 11.8
      vertex -11.4445 -32.0555 2.1
    endloop
  endfacet
  facet normal -0.751749 0.659449 9.87418e-19
    outer loop
      vertex -11.4445 -32.0555 11.8
      vertex -11.6817 -32.3259 2.1
      vertex -11.6817 -32.3259 11.8
    endloop
  endfacet
  facet normal -0.89686 0.442314 2.91002e-19
    outer loop
      vertex -12.0407 -32.9476 2.1
      vertex -11.8816 -32.625 11.8
      vertex -11.8816 -32.625 2.1
    endloop
  endfacet
  facet normal -0.89686 0.442314 2.91002e-19
    outer loop
      vertex -11.8816 -32.625 11.8
      vertex -12.0407 -32.9476 2.1
      vertex -12.0407 -32.9476 11.8
    endloop
  endfacet
  facet normal -0.39454 0.590524 0.704003
    outer loop
      vertex -11.622 -30.3293 0.599999
      vertex -12.0812 -30.6361 0.599999
      vertex -11.1741 -31.8183 2.1
    endloop
  endfacet
  facet normal 0.533909 -0.468315 0.704004
    outer loop
      vertex -7.55546 -35.9445 2.1
      vertex -6.50025 -36.9964 0.599999
      vertex -7.31828 -35.6741 2.1
    endloop
  endfacet
  facet normal 0.535261 -0.466867 0.70394
    outer loop
      vertex -6.50025 -36.9964 0.599999
      vertex -7.55546 -35.9445 2.1
      vertex -6.50182 -36.9982 0.599999
    endloop
  endfacet
  facet normal 0.672518 0.228301 0.703987
    outer loop
      vertex -5.58192 -32.3797 0.599999
      vertex -6.8437 -33.2882 2.1
      vertex -5.40441 -32.9026 0.599999
    endloop
  endfacet
  facet normal 0.708686 0.0464625 0.703993
    outer loop
      vertex -6.75 -34 2.1
      vertex -5.26009 -33.9976 0.599999
      vertex -6.77353 -33.6411 2.1
    endloop
  endfacet
  facet normal 0.708659 0.0472439 0.703967
    outer loop
      vertex -5.26009 -33.9976 0.599999
      vertex -6.75 -34 2.1
      vertex -5.25993 -34 0.599999
    endloop
  endfacet
  facet normal 0.708685 0.0464568 0.703993
    outer loop
      vertex -5.29621 -33.4466 0.599999
      vertex -6.77353 -33.6411 2.1
      vertex -5.26009 -33.9976 0.599999
    endloop
  endfacet
  facet normal 0.138509 0.69657 0.703993
    outer loop
      vertex -8.40259 -29.9044 0.599999
      vertex -8.94422 -29.7967 0.599999
      vertex -8.78825 -31.3437 2.1
    endloop
  endfacet
  facet normal -0.0465506 -0.708675 0.703997
    outer loop
      vertex -9.5 -36.75 2.1
      vertex -10.0511 -38.2039 0.599999
      vertex -9.5 -38.2401 0.599999
    endloop
  endfacet
  facet normal 0.14848 0.694887 0.703623
    outer loop
      vertex -9.14105 -31.2735 2.1
      vertex -8.94422 -29.7967 0.599999
      vertex -8.94656 -29.7962 0.599999
    endloop
  endfacet
  facet normal 0.138602 0.696565 0.703979
    outer loop
      vertex -8.94422 -29.7967 0.599999
      vertex -9.14105 -31.2735 2.1
      vertex -8.78825 -31.3437 2.1
    endloop
  endfacet
  facet normal 0.46825 0.533967 0.704003
    outer loop
      vertex -6.91881 -30.6361 0.599999
      vertex -7.82591 -31.8183 2.1
      vertex -6.50361 -31.0002 0.599999
    endloop
  endfacet
  facet normal 0.228272 -0.67252 0.703995
    outer loop
      vertex -7.87965 -37.9181 0.599999
      vertex -8.78825 -36.6563 2.1
      vertex -8.40259 -38.0956 0.599999
    endloop
  endfacet
  facet normal 0.138602 -0.696565 0.703979
    outer loop
      vertex -9.14105 -36.7265 2.1
      vertex -8.94422 -38.2033 0.599999
      vertex -8.78825 -36.6563 2.1
    endloop
  endfacet
  facet normal 0.14848 -0.694887 0.703623
    outer loop
      vertex -8.94422 -38.2033 0.599999
      vertex -9.14105 -36.7265 2.1
      vertex -8.94656 -38.2038 0.599999
    endloop
  endfacet
  facet normal -0.628728 0.329334 0.704443
    outer loop
      vertex -13.1731 -31.8821 0.599999
      vertex -11.8816 -32.625 2.1
      vertex -13.172 -31.88 0.599999
    endloop
  endfacet
  facet normal -0.636954 0.314133 0.703996
    outer loop
      vertex -11.8816 -32.625 2.1
      vertex -13.1731 -31.8821 0.599999
      vertex -12.0407 -32.9476 2.1
    endloop
  endfacet
  facet normal 0.394552 0.590516 0.704003
    outer loop
      vertex -7.37799 -30.3293 0.599999
      vertex -7.82591 -31.8183 2.1
      vertex -6.91881 -30.6361 0.599999
    endloop
  endfacet
  facet normal 0.63697 -0.314113 0.70399
    outer loop
      vertex -5.58269 -35.6226 0.599999
      vertex -6.95933 -35.0524 2.1
      vertex -5.82694 -36.1179 0.599999
    endloop
  endfacet
  facet normal -0.533906 -0.468325 0.704
    outer loop
      vertex -11.6817 -35.6741 2.1
      vertex -12.8639 -36.5812 0.599999
      vertex -12.4997 -36.9964 0.599999
    endloop
  endfacet
  facet normal 0.138509 -0.69657 0.703993
    outer loop
      vertex -8.78825 -36.6563 2.1
      vertex -8.94422 -38.2033 0.599999
      vertex -8.40259 -38.0956 0.599999
    endloop
  endfacet
  facet normal 0.591344 0.393244 0.70404
    outer loop
      vertex -5.82932 -31.878 0.599999
      vertex -7.11843 -32.625 2.1
      vertex -5.82799 -31.88 0.599999
    endloop
  endfacet
  facet normal 0.590519 0.394568 0.703991
    outer loop
      vertex -7.11843 -32.625 2.1
      vertex -5.82932 -31.878 0.599999
      vertex -7.31828 -32.3259 2.1
    endloop
  endfacet
  facet normal 0.325717 0.630707 0.704355
    outer loop
      vertex -7.3821 -30.3269 0.599999
      vertex -8.125 -31.6184 2.1
      vertex -7.37997 -30.328 0.599999
    endloop
  endfacet
  facet normal 0.314118 0.636962 0.703996
    outer loop
      vertex -8.125 -31.6184 2.1
      vertex -7.3821 -30.3269 0.599999
      vertex -8.44762 -31.4593 2.1
    endloop
  endfacet
  facet normal -0.672674 0.227976 0.703943
    outer loop
      vertex -13.4181 -32.3797 0.599999
      vertex -12.299 -33.25 1.95124
      vertex -12.2094 -33.25 2.03686
    endloop
  endfacet
  facet normal -0.67252 0.228261 0.703999
    outer loop
      vertex -13.5 -32.621 0.599999
      vertex -12.299 -33.25 1.95124
      vertex -13.4181 -32.3797 0.599999
    endloop
  endfacet
  facet normal -0.672503 0.228299 0.704002
    outer loop
      vertex -12.299 -33.25 1.95124
      vertex -13.5 -32.621 0.599999
      vertex -13.5 -32.9282 0.69962
    endloop
  endfacet
  facet normal -0.53389 -0.468338 0.704003
    outer loop
      vertex -12.4997 -36.9964 0.599999
      vertex -11.4445 -35.9445 2.1
      vertex -11.6817 -35.6741 2.1
    endloop
  endfacet
  facet normal -0.546113 -0.455094 0.703314
    outer loop
      vertex -11.4445 -35.9445 2.1
      vertex -12.4997 -36.9964 0.599999
      vertex -12.4982 -36.9982 0.599999
    endloop
  endfacet
  facet normal 0.237831 0.668899 0.704281
    outer loop
      vertex -7.87965 -30.0819 0.599999
      vertex -8.44762 -31.4593 2.1
      vertex -7.8774 -30.0827 0.599999
    endloop
  endfacet
  facet normal 0.22824 0.672537 0.70399
    outer loop
      vertex -8.44762 -31.4593 2.1
      vertex -7.87965 -30.0819 0.599999
      vertex -8.78825 -31.3437 2.1
    endloop
  endfacet
  facet normal -0.138517 -0.696571 0.70399
    outer loop
      vertex -10.2118 -36.6563 2.1
      vertex -10.5974 -38.0956 0.599999
      vertex -10.0558 -38.2033 0.599999
    endloop
  endfacet
  facet normal 0.47316 0.529348 0.704209
    outer loop
      vertex -6.50361 -31.0002 0.599999
      vertex -7.55546 -32.0555 2.1
      vertex -6.50182 -31.0018 0.599999
    endloop
  endfacet
  facet normal 0.468284 0.533927 0.704011
    outer loop
      vertex -7.55546 -32.0555 2.1
      vertex -6.50361 -31.0002 0.599999
      vertex -7.82591 -31.8183 2.1
    endloop
  endfacet
  facet normal -0.04643 0.708694 0.703987
    outer loop
      vertex -9.50238 -29.7601 0.599999
      vertex -10.0534 -29.7962 0.599999
      vertex -9.85895 -31.2735 2.1
    endloop
  endfacet
  facet normal -0.314064 0.637002 0.703983
    outer loop
      vertex -11.1226 -30.0827 0.599999
      vertex -11.6179 -30.3269 0.599999
      vertex -10.5524 -31.4593 2.1
    endloop
  endfacet
  facet normal 0.394552 -0.590516 0.704003
    outer loop
      vertex -6.91881 -37.3639 0.599999
      vertex -7.82591 -36.1817 2.1
      vertex -7.37799 -37.6707 0.599999
    endloop
  endfacet
  facet normal -0.468327 0.533877 0.704021
    outer loop
      vertex -12.4964 -31.0002 0.599999
      vertex -11.4445 -32.0555 2.1
      vertex -11.1741 -31.8183 2.1
    endloop
  endfacet
  facet normal -0.471724 0.53069 0.704162
    outer loop
      vertex -11.4445 -32.0555 2.1
      vertex -12.4964 -31.0002 0.599999
      vertex -12.4982 -31.0018 0.599999
    endloop
  endfacet
  facet normal -0.144897 0.695504 0.703761
    outer loop
      vertex -10.0558 -29.7967 0.599999
      vertex -9.85895 -31.2735 2.1
      vertex -10.0534 -29.7962 0.599999
    endloop
  endfacet
  facet normal -0.138583 0.696568 0.70398
    outer loop
      vertex -9.85895 -31.2735 2.1
      vertex -10.0558 -29.7967 0.599999
      vertex -10.2118 -31.3437 2.1
    endloop
  endfacet
  facet normal 0.314063 -0.637 0.703986
    outer loop
      vertex -7.3821 -37.6731 0.599999
      vertex -8.44762 -36.5407 2.1
      vertex -7.8774 -37.9173 0.599999
    endloop
  endfacet
  facet normal 0.635122 0.317561 0.704113
    outer loop
      vertex -7.11843 -32.625 2.1
      vertex -5.82694 -31.8821 0.599999
      vertex -5.82799 -31.88 0.599999
    endloop
  endfacet
  facet normal 0.636955 0.314134 0.703994
    outer loop
      vertex -5.82694 -31.8821 0.599999
      vertex -7.11843 -32.625 2.1
      vertex -6.95933 -32.9476 2.1
    endloop
  endfacet
  facet normal -0.0308754 -0.710134 0.703389
    outer loop
      vertex -10.0511 -38.2039 0.599999
      vertex -9.85895 -36.7265 2.1
      vertex -10.0534 -38.2038 0.599999
    endloop
  endfacet
  facet normal -0.0463983 -0.708709 0.703974
    outer loop
      vertex -9.85895 -36.7265 2.1
      vertex -10.0511 -38.2039 0.599999
      vertex -9.5 -36.75 2.1
    endloop
  endfacet
  facet normal 0.696562 0.138566 0.70399
    outer loop
      vertex -5.40441 -32.9026 0.599999
      vertex -6.8437 -33.2882 2.1
      vertex -5.29667 -33.4442 0.599999
    endloop
  endfacet
  facet normal 0.0463983 -0.708709 0.703973
    outer loop
      vertex -8.94894 -38.2039 0.599999
      vertex -9.14105 -36.7265 2.1
      vertex -9.5 -36.75 2.1
    endloop
  endfacet
  facet normal 0.0298413 -0.710223 0.703344
    outer loop
      vertex -9.14105 -36.7265 2.1
      vertex -8.94894 -38.2039 0.599999
      vertex -8.94656 -38.2038 0.599999
    endloop
  endfacet
  facet normal -0.386917 0.595257 0.704248
    outer loop
      vertex -11.622 -30.3293 0.599999
      vertex -10.875 -31.6184 2.1
      vertex -11.62 -30.328 0.599999
    endloop
  endfacet
  facet normal -0.394639 0.590478 0.703986
    outer loop
      vertex -10.875 -31.6184 2.1
      vertex -11.622 -30.3293 0.599999
      vertex -11.1741 -31.8183 2.1
    endloop
  endfacet
  facet normal -0.394639 -0.590478 0.703986
    outer loop
      vertex -11.622 -37.6707 0.599999
      vertex -10.875 -36.3816 2.1
      vertex -11.1741 -36.1817 2.1
    endloop
  endfacet
  facet normal -0.386917 -0.595257 0.704248
    outer loop
      vertex -10.875 -36.3816 2.1
      vertex -11.622 -37.6707 0.599999
      vertex -11.62 -37.672 0.599999
    endloop
  endfacet
  facet normal -0.696547 -0.138557 0.704006
    outer loop
      vertex -13.5 -34.75 0.762954
      vertex -13.5 -35.0718 0.69962
      vertex -12.299 -34.75 1.95123
    endloop
  endfacet
  facet normal -0.672734 -0.22786 0.703924
    outer loop
      vertex -12.299 -34.75 1.95123
      vertex -13.4181 -35.6203 0.599999
      vertex -12.2094 -34.75 2.03686
    endloop
  endfacet
  facet normal -0.6725 -0.2283 0.704005
    outer loop
      vertex -13.5 -35.379 0.599999
      vertex -12.299 -34.75 1.95123
      vertex -13.5 -35.0718 0.69962
    endloop
  endfacet
  facet normal -0.672517 -0.22826 0.704001
    outer loop
      vertex -12.299 -34.75 1.95123
      vertex -13.5 -35.379 0.599999
      vertex -13.4181 -35.6203 0.599999
    endloop
  endfacet
  facet normal 0.672518 -0.228301 0.703987
    outer loop
      vertex -5.40441 -35.0974 0.599999
      vertex -6.8437 -34.7118 2.1
      vertex -5.58192 -35.6203 0.599999
    endloop
  endfacet
  facet normal 0.533962 0.468271 0.703994
    outer loop
      vertex -6.50025 -31.0036 0.599999
      vertex -7.31828 -32.3259 2.1
      vertex -6.13613 -31.4188 0.599999
    endloop
  endfacet
  facet normal -0.468338 -0.53389 0.704003
    outer loop
      vertex -11.4445 -35.9445 2.1
      vertex -12.4964 -36.9997 0.599999
      vertex -11.1741 -36.1817 2.1
    endloop
  endfacet
  facet normal -0.455094 -0.546113 0.703314
    outer loop
      vertex -12.4964 -36.9997 0.599999
      vertex -11.4445 -35.9445 2.1
      vertex -12.4982 -36.9982 0.599999
    endloop
  endfacet
  facet normal 0.591344 -0.393244 0.70404
    outer loop
      vertex -7.11843 -35.375 2.1
      vertex -5.82932 -36.122 0.599999
      vertex -5.82799 -36.12 0.599999
    endloop
  endfacet
  facet normal 0.590519 -0.394568 0.703991
    outer loop
      vertex -5.82932 -36.122 0.599999
      vertex -7.11843 -35.375 2.1
      vertex -7.31828 -35.6741 2.1
    endloop
  endfacet
  facet normal -0.314064 -0.637002 0.703983
    outer loop
      vertex -10.5524 -36.5407 2.1
      vertex -11.6179 -37.6731 0.599999
      vertex -11.1226 -37.9173 0.599999
    endloop
  endfacet
  facet normal -0.314133 -0.636954 0.703996
    outer loop
      vertex -10.875 -36.3816 2.1
      vertex -11.6179 -37.6731 0.599999
      vertex -10.5524 -36.5407 2.1
    endloop
  endfacet
  facet normal -0.329334 -0.628728 0.704443
    outer loop
      vertex -11.6179 -37.6731 0.599999
      vertex -10.875 -36.3816 2.1
      vertex -11.62 -37.672 0.599999
    endloop
  endfacet
  facet normal 0.673565 0.225498 0.70389
    outer loop
      vertex -6.95933 -32.9476 2.1
      vertex -5.58192 -32.3797 0.599999
      vertex -5.58269 -32.3774 0.599999
    endloop
  endfacet
  facet normal 0.672513 0.228311 0.703989
    outer loop
      vertex -5.58192 -32.3797 0.599999
      vertex -6.95933 -32.9476 2.1
      vertex -6.8437 -33.2882 2.1
    endloop
  endfacet
  facet normal -0.228289 -0.67252 0.70399
    outer loop
      vertex -10.2118 -36.6563 2.1
      vertex -11.1203 -37.9181 0.599999
      vertex -10.5974 -38.0956 0.599999
    endloop
  endfacet
  facet normal 0.0464266 0.708693 0.703988
    outer loop
      vertex -8.94656 -29.7962 0.599999
      vertex -9.49762 -29.7601 0.599999
      vertex -9.14105 -31.2735 2.1
    endloop
  endfacet
  facet normal 0.394647 -0.590471 0.703987
    outer loop
      vertex -8.125 -36.3816 2.1
      vertex -7.37799 -37.6707 0.599999
      vertex -7.82591 -36.1817 2.1
    endloop
  endfacet
  facet normal 0.389699 -0.593541 0.704162
    outer loop
      vertex -7.37799 -37.6707 0.599999
      vertex -8.125 -36.3816 2.1
      vertex -7.37997 -37.672 0.599999
    endloop
  endfacet
  facet normal 0.535261 0.466867 0.70394
    outer loop
      vertex -7.55546 -32.0555 2.1
      vertex -6.50025 -31.0036 0.599999
      vertex -6.50182 -31.0018 0.599999
    endloop
  endfacet
  facet normal 0.533909 0.468315 0.704004
    outer loop
      vertex -6.50025 -31.0036 0.599999
      vertex -7.55546 -32.0555 2.1
      vertex -7.31828 -32.3259 2.1
    endloop
  endfacet
  facet normal 0.708685 -0.0464568 0.703993
    outer loop
      vertex -5.26009 -34.0024 0.599999
      vertex -6.77353 -34.3589 2.1
      vertex -5.29621 -34.5534 0.599999
    endloop
  endfacet
  facet normal 0.708659 -0.0472439 0.703967
    outer loop
      vertex -6.75 -34 2.1
      vertex -5.26009 -34.0024 0.599999
      vertex -5.25993 -34 0.599999
    endloop
  endfacet
  facet normal 0.708686 -0.0464625 0.703993
    outer loop
      vertex -5.26009 -34.0024 0.599999
      vertex -6.75 -34 2.1
      vertex -6.77353 -34.3589 2.1
    endloop
  endfacet
  facet normal 0.63697 0.314113 0.70399
    outer loop
      vertex -5.82694 -31.8821 0.599999
      vertex -6.95933 -32.9476 2.1
      vertex -5.58269 -32.3774 0.599999
    endloop
  endfacet
  facet normal -0.228259 0.672535 0.703985
    outer loop
      vertex -11.1203 -30.0819 0.599999
      vertex -10.5524 -31.4593 2.1
      vertex -10.2118 -31.3437 2.1
    endloop
  endfacet
  facet normal -0.233268 0.670645 0.704146
    outer loop
      vertex -10.5524 -31.4593 2.1
      vertex -11.1203 -30.0819 0.599999
      vertex -11.1226 -30.0827 0.599999
    endloop
  endfacet
  facet normal 0.533962 -0.468271 0.703994
    outer loop
      vertex -6.13613 -36.5812 0.599999
      vertex -7.31828 -35.6741 2.1
      vertex -6.50025 -36.9964 0.599999
    endloop
  endfacet
  facet normal -0.67251 -0.228173 0.704037
    outer loop
      vertex -12.2094 -34.75 2.03686
      vertex -12.0407 -35.0524 2.1
      vertex -12.1433 -34.75 2.1
    endloop
  endfacet
  facet normal -0.672554 -0.228209 0.703983
    outer loop
      vertex -13.4181 -35.6203 0.599999
      vertex -12.0407 -35.0524 2.1
      vertex -12.2094 -34.75 2.03686
    endloop
  endfacet
  facet normal -0.670645 -0.233268 0.704146
    outer loop
      vertex -12.0407 -35.0524 2.1
      vertex -13.4181 -35.6203 0.599999
      vertex -13.4173 -35.6226 0.599999
    endloop
  endfacet
  facet normal -0.46825 0.533967 0.704003
    outer loop
      vertex -12.0812 -30.6361 0.599999
      vertex -12.4964 -31.0002 0.599999
      vertex -11.1741 -31.8183 2.1
    endloop
  endfacet
  facet normal -0.69655 0.138556 0.704003
    outer loop
      vertex -12.299 -33.25 1.95124
      vertex -13.5 -32.9282 0.69962
      vertex -13.5 -33.25 0.762954
    endloop
  endfacet
  facet normal -0.533906 0.468325 0.704
    outer loop
      vertex -12.4997 -31.0036 0.599999
      vertex -12.8639 -31.4188 0.599999
      vertex -11.6817 -32.3259 2.1
    endloop
  endfacet
  facet normal 0.237831 -0.668899 0.704281
    outer loop
      vertex -8.44762 -36.5407 2.1
      vertex -7.87965 -37.9181 0.599999
      vertex -7.8774 -37.9173 0.599999
    endloop
  endfacet
  facet normal 0.22824 -0.672537 0.70399
    outer loop
      vertex -7.87965 -37.9181 0.599999
      vertex -8.44762 -36.5407 2.1
      vertex -8.78825 -36.6563 2.1
    endloop
  endfacet
  facet normal -0.228259 -0.672535 0.703985
    outer loop
      vertex -10.5524 -36.5407 2.1
      vertex -11.1203 -37.9181 0.599999
      vertex -10.2118 -36.6563 2.1
    endloop
  endfacet
  facet normal -0.233268 -0.670645 0.704146
    outer loop
      vertex -11.1203 -37.9181 0.599999
      vertex -10.5524 -36.5407 2.1
      vertex -11.1226 -37.9173 0.599999
    endloop
  endfacet
  facet normal -0.637002 -0.314064 0.703983
    outer loop
      vertex -12.0407 -35.0524 2.1
      vertex -13.4173 -35.6226 0.599999
      vertex -13.1731 -36.1179 0.599999
    endloop
  endfacet
  facet normal 0.325717 -0.630707 0.704355
    outer loop
      vertex -8.125 -36.3816 2.1
      vertex -7.3821 -37.6731 0.599999
      vertex -7.37997 -37.672 0.599999
    endloop
  endfacet
  facet normal 0.314118 -0.636962 0.703996
    outer loop
      vertex -7.3821 -37.6731 0.599999
      vertex -8.125 -36.3816 2.1
      vertex -8.44762 -36.5407 2.1
    endloop
  endfacet
  facet normal -0.590478 0.394639 0.703986
    outer loop
      vertex -13.1707 -31.878 0.599999
      vertex -11.8816 -32.625 2.1
      vertex -11.6817 -32.3259 2.1
    endloop
  endfacet
  facet normal -0.595257 0.386917 0.704248
    outer loop
      vertex -11.8816 -32.625 2.1
      vertex -13.1707 -31.878 0.599999
      vertex -13.172 -31.88 0.599999
    endloop
  endfacet
  facet normal 0.468325 -0.533906 0.704
    outer loop
      vertex -6.50361 -36.9997 0.599999
      vertex -7.82591 -36.1817 2.1
      vertex -6.91881 -37.3639 0.599999
    endloop
  endfacet
  facet normal 0.046554 -0.708675 0.703997
    outer loop
      vertex -9.5 -36.75 2.1
      vertex -9.5 -38.2401 0.599999
      vertex -8.94894 -38.2039 0.599999
    endloop
  endfacet
  facet normal 0.228272 0.67252 0.703995
    outer loop
      vertex -8.40259 -29.9044 0.599999
      vertex -8.78825 -31.3437 2.1
      vertex -7.87965 -30.0819 0.599999
    endloop
  endfacet
  facet normal 0.314063 0.637 0.703986
    outer loop
      vertex -7.8774 -30.0827 0.599999
      vertex -8.44762 -31.4593 2.1
      vertex -7.3821 -30.3269 0.599999
    endloop
  endfacet
  facet normal -0.0595115 0.708187 0.703512
    outer loop
      vertex -9.50238 -29.7601 0.599999
      vertex -9.5 -31.25 2.1
      vertex -9.5 -29.7599 0.599999
    endloop
  endfacet
  facet normal -0.0463971 0.708691 0.703992
    outer loop
      vertex -9.5 -31.25 2.1
      vertex -9.50238 -29.7601 0.599999
      vertex -9.85895 -31.2735 2.1
    endloop
  endfacet
  facet normal 0.389699 0.593541 0.704162
    outer loop
      vertex -8.125 -31.6184 2.1
      vertex -7.37799 -30.3293 0.599999
      vertex -7.37997 -30.328 0.599999
    endloop
  endfacet
  facet normal 0.394647 0.590471 0.703987
    outer loop
      vertex -7.37799 -30.3293 0.599999
      vertex -8.125 -31.6184 2.1
      vertex -7.82591 -31.8183 2.1
    endloop
  endfacet
  facet normal -0.144897 -0.695504 0.703761
    outer loop
      vertex -9.85895 -36.7265 2.1
      vertex -10.0558 -38.2033 0.599999
      vertex -10.0534 -38.2038 0.599999
    endloop
  endfacet
  facet normal -0.138583 -0.696568 0.70398
    outer loop
      vertex -10.0558 -38.2033 0.599999
      vertex -9.85895 -36.7265 2.1
      vertex -10.2118 -36.6563 2.1
    endloop
  endfacet
  facet normal -0.468325 -0.533906 0.704
    outer loop
      vertex -11.1741 -36.1817 2.1
      vertex -12.4964 -36.9997 0.599999
      vertex -12.0812 -37.3639 0.599999
    endloop
  endfacet
  facet normal 0.69736 0.133661 0.704147
    outer loop
      vertex -5.29667 -33.4442 0.599999
      vertex -6.77353 -33.6411 2.1
      vertex -5.29621 -33.4466 0.599999
    endloop
  endfacet
  facet normal 0.696564 0.138504 0.703999
    outer loop
      vertex -6.77353 -33.6411 2.1
      vertex -5.29667 -33.4442 0.599999
      vertex -6.8437 -33.2882 2.1
    endloop
  endfacet
  facet normal 0.590526 -0.394554 0.703993
    outer loop
      vertex -5.82932 -36.122 0.599999
      vertex -7.31828 -35.6741 2.1
      vertex -6.13613 -36.5812 0.599999
    endloop
  endfacet
  facet normal -0.314133 0.636954 0.703996
    outer loop
      vertex -11.6179 -30.3269 0.599999
      vertex -10.875 -31.6184 2.1
      vertex -10.5524 -31.4593 2.1
    endloop
  endfacet
  facet normal -0.329334 0.628728 0.704443
    outer loop
      vertex -10.875 -31.6184 2.1
      vertex -11.6179 -30.3269 0.599999
      vertex -11.62 -30.328 0.599999
    endloop
  endfacet
  facet normal -0.228289 0.67252 0.70399
    outer loop
      vertex -10.5974 -29.9044 0.599999
      vertex -11.1203 -30.0819 0.599999
      vertex -10.2118 -31.3437 2.1
    endloop
  endfacet
  facet normal -0.138517 0.696571 0.70399
    outer loop
      vertex -10.0558 -29.7967 0.599999
      vertex -10.5974 -29.9044 0.599999
      vertex -10.2118 -31.3437 2.1
    endloop
  endfacet
  facet normal -0.636954 -0.314133 0.703996
    outer loop
      vertex -13.1731 -36.1179 0.599999
      vertex -11.8816 -35.375 2.1
      vertex -12.0407 -35.0524 2.1
    endloop
  endfacet
  facet normal -0.628728 -0.329334 0.704443
    outer loop
      vertex -11.8816 -35.375 2.1
      vertex -13.1731 -36.1179 0.599999
      vertex -13.172 -36.12 0.599999
    endloop
  endfacet
  facet normal 0.696562 -0.138566 0.70399
    outer loop
      vertex -5.29667 -34.5558 0.599999
      vertex -6.8437 -34.7118 2.1
      vertex -5.40441 -35.0974 0.599999
    endloop
  endfacet
  facet normal -0.546113 0.455094 0.703314
    outer loop
      vertex -12.4997 -31.0036 0.599999
      vertex -11.4445 -32.0555 2.1
      vertex -12.4982 -31.0018 0.599999
    endloop
  endfacet
  facet normal -0.53389 0.468338 0.704003
    outer loop
      vertex -11.4445 -32.0555 2.1
      vertex -12.4997 -31.0036 0.599999
      vertex -11.6817 -32.3259 2.1
    endloop
  endfacet
  facet normal -0.590524 0.39454 0.704003
    outer loop
      vertex -12.8639 -31.4188 0.599999
      vertex -13.1707 -31.878 0.599999
      vertex -11.6817 -32.3259 2.1
    endloop
  endfacet
  facet normal 0.0463971 0.708691 0.703992
    outer loop
      vertex -9.49762 -29.7601 0.599999
      vertex -9.5 -31.25 2.1
      vertex -9.14105 -31.2735 2.1
    endloop
  endfacet
  facet normal 0.0595115 0.708187 0.703512
    outer loop
      vertex -9.5 -31.25 2.1
      vertex -9.49762 -29.7601 0.599999
      vertex -9.5 -29.7599 0.599999
    endloop
  endfacet
  facet normal 0.636955 -0.314134 0.703994
    outer loop
      vertex -7.11843 -35.375 2.1
      vertex -5.82694 -36.1179 0.599999
      vertex -6.95933 -35.0524 2.1
    endloop
  endfacet
  facet normal 0.635122 -0.317561 0.704113
    outer loop
      vertex -5.82694 -36.1179 0.599999
      vertex -7.11843 -35.375 2.1
      vertex -5.82799 -36.12 0.599999
    endloop
  endfacet
  facet normal 0.45654 -0.544804 0.703392
    outer loop
      vertex -7.55546 -35.9445 2.1
      vertex -6.50361 -36.9997 0.599999
      vertex -6.50182 -36.9982 0.599999
    endloop
  endfacet
  facet normal 0.468296 -0.53394 0.703993
    outer loop
      vertex -6.50361 -36.9997 0.599999
      vertex -7.55546 -35.9445 2.1
      vertex -7.82591 -36.1817 2.1
    endloop
  endfacet
  facet normal -0.637002 0.314064 0.703983
    outer loop
      vertex -13.1731 -31.8821 0.599999
      vertex -13.4173 -32.3774 0.599999
      vertex -12.0407 -32.9476 2.1
    endloop
  endfacet
  facet normal 0.590526 0.394554 0.703993
    outer loop
      vertex -6.13613 -31.4188 0.599999
      vertex -7.31828 -32.3259 2.1
      vertex -5.82932 -31.878 0.599999
    endloop
  endfacet
  facet normal -0.590478 -0.394639 0.703986
    outer loop
      vertex -11.8816 -35.375 2.1
      vertex -13.1707 -36.122 0.599999
      vertex -11.6817 -35.6741 2.1
    endloop
  endfacet
  facet normal -0.595257 -0.386917 0.704248
    outer loop
      vertex -13.1707 -36.122 0.599999
      vertex -11.8816 -35.375 2.1
      vertex -13.172 -36.12 0.599999
    endloop
  endfacet
  facet normal -0.590524 -0.39454 0.704003
    outer loop
      vertex -11.6817 -35.6741 2.1
      vertex -13.1707 -36.122 0.599999
      vertex -12.8639 -36.5812 0.599999
    endloop
  endfacet
  facet normal -0.67251 0.228173 0.704037
    outer loop
      vertex -12.0407 -32.9476 2.1
      vertex -12.2094 -33.25 2.03686
      vertex -12.1433 -33.25 2.1
    endloop
  endfacet
  facet normal -0.670645 0.233268 0.704146
    outer loop
      vertex -13.4181 -32.3797 0.599999
      vertex -12.0407 -32.9476 2.1
      vertex -13.4173 -32.3774 0.599999
    endloop
  endfacet
  facet normal -0.672554 0.228209 0.703983
    outer loop
      vertex -12.0407 -32.9476 2.1
      vertex -13.4181 -32.3797 0.599999
      vertex -12.2094 -33.25 2.03686
    endloop
  endfacet
  facet normal -0.39454 -0.590524 0.704003
    outer loop
      vertex -11.1741 -36.1817 2.1
      vertex -12.0812 -37.3639 0.599999
      vertex -11.622 -37.6707 0.599999
    endloop
  endfacet
  facet normal 0.672513 -0.228311 0.703989
    outer loop
      vertex -6.95933 -35.0524 2.1
      vertex -5.58192 -35.6203 0.599999
      vertex -6.8437 -34.7118 2.1
    endloop
  endfacet
  facet normal 0.673565 -0.225498 0.70389
    outer loop
      vertex -5.58192 -35.6203 0.599999
      vertex -6.95933 -35.0524 2.1
      vertex -5.58269 -35.6226 0.599999
    endloop
  endfacet
  facet normal 0.69736 -0.133661 0.704147
    outer loop
      vertex -6.77353 -34.3589 2.1
      vertex -5.29667 -34.5558 0.599999
      vertex -5.29621 -34.5534 0.599999
    endloop
  endfacet
  facet normal 0.696564 -0.138504 0.703999
    outer loop
      vertex -5.29667 -34.5558 0.599999
      vertex -6.77353 -34.3589 2.1
      vertex -6.8437 -34.7118 2.1
    endloop
  endfacet
  facet normal 0 -1 0
    outer loop
      vertex -13.5 -34.75 10
      vertex -12.1433 -34.75 2.1
      vertex -12.1433 -34.75 10
    endloop
  endfacet
  facet normal 0 -1 0
    outer loop
      vertex -13.5 -34.75 10
      vertex -12.2094 -34.75 2.03686
      vertex -12.1433 -34.75 2.1
    endloop
  endfacet
  facet normal 0 -1 0
    outer loop
      vertex -13.5 -34.75 10
      vertex -12.299 -34.75 1.95123
      vertex -12.2094 -34.75 2.03686
    endloop
  endfacet
  facet normal -0 -1 0
    outer loop
      vertex -12.299 -34.75 1.95123
      vertex -13.5 -34.75 10
      vertex -13.5 -34.75 0.762954
    endloop
  endfacet
  facet normal 0 1 -0
    outer loop
      vertex -12.1433 -33.25 2.1
      vertex -13.5 -33.25 10
      vertex -12.1433 -33.25 10
    endloop
  endfacet
  facet normal 0 1 -0
    outer loop
      vertex -12.2094 -33.25 2.03686
      vertex -13.5 -33.25 10
      vertex -12.1433 -33.25 2.1
    endloop
  endfacet
  facet normal 0 1 -0
    outer loop
      vertex -12.299 -33.25 1.95124
      vertex -13.5 -33.25 10
      vertex -12.2094 -33.25 2.03686
    endloop
  endfacet
  facet normal 0 1 0
    outer loop
      vertex -13.5 -33.25 10
      vertex -12.299 -33.25 1.95124
      vertex -13.5 -33.25 0.762954
    endloop
  endfacet
  facet normal 0 0 1
    outer loop
      vertex -12.2265 -33.6411 10
      vertex -13.5 -33.25 10
      vertex -12.25 -34 10
    endloop
  endfacet
  facet normal 0 0 1
    outer loop
      vertex -12.1563 -33.2882 10
      vertex -13.5 -33.25 10
      vertex -12.2265 -33.6411 10
    endloop
  endfacet
  facet normal -0 0 1
    outer loop
      vertex -13.5 -33.25 10
      vertex -12.1563 -33.2882 10
      vertex -12.1433 -33.25 10
    endloop
  endfacet
  facet normal 0 0 1
    outer loop
      vertex -13.5 -34.75 10
      vertex -12.25 -34 10
      vertex -13.5 -33.25 10
    endloop
  endfacet
  facet normal 0 0 1
    outer loop
      vertex -12.25 -34 10
      vertex -13.5 -34.75 10
      vertex -12.2265 -34.3589 10
    endloop
  endfacet
  facet normal 0 0 1
    outer loop
      vertex -12.2265 -34.3589 10
      vertex -13.5 -34.75 10
      vertex -12.1563 -34.7118 10
    endloop
  endfacet
  facet normal 0 0 1
    outer loop
      vertex -12.1563 -34.7118 10
      vertex -13.5 -34.75 10
      vertex -12.1433 -34.75 10
    endloop
  endfacet
  facet normal 0.980799 0.19502 -1.40631e-19
    outer loop
      vertex -6.77353 -67.7411 11.8
      vertex -6.8437 -67.3882 2.1
      vertex -6.8437 -67.3882 11.8
    endloop
  endfacet
  facet normal 0.980799 0.19502 -1.40631e-19
    outer loop
      vertex -6.8437 -67.3882 2.1
      vertex -6.77353 -67.7411 11.8
      vertex -6.77353 -67.7411 2.1
    endloop
  endfacet
  facet normal 0.997858 0.065421 -9.57008e-20
    outer loop
      vertex -6.75 -68.1 11.8
      vertex -6.77353 -67.7411 2.1
      vertex -6.77353 -67.7411 11.8
    endloop
  endfacet
  facet normal 0.997858 0.065421 -9.57008e-20
    outer loop
      vertex -6.77353 -67.7411 2.1
      vertex -6.75 -68.1 11.8
      vertex -6.75 -68.1 2.1
    endloop
  endfacet
  facet normal 0.94692 0.321469 -9.70724e-20
    outer loop
      vertex -6.8437 -67.3882 11.8
      vertex -6.95933 -67.0476 2.1
      vertex -6.95933 -67.0476 11.8
    endloop
  endfacet
  facet normal 0.94692 0.321469 -9.70724e-20
    outer loop
      vertex -6.95933 -67.0476 2.1
      vertex -6.8437 -67.3882 11.8
      vertex -6.8437 -67.3882 2.1
    endloop
  endfacet
  facet normal -0.442314 -0.89686 0
    outer loop
      vertex -10.875 -70.4816 2.1
      vertex -10.5524 -70.6407 11.8
      vertex -10.875 -70.4816 11.8
    endloop
  endfacet
  facet normal -0.442314 -0.89686 -0
    outer loop
      vertex -10.5524 -70.6407 11.8
      vertex -10.875 -70.4816 2.1
      vertex -10.5524 -70.6407 2.1
    endloop
  endfacet
  facet normal 0.751777 0.659417 4.22724e-19
    outer loop
      vertex -7.31828 -66.4259 11.8
      vertex -7.55546 -66.1555 2.1
      vertex -7.55546 -66.1555 11.8
    endloop
  endfacet
  facet normal 0.751777 0.659417 4.22724e-19
    outer loop
      vertex -7.55546 -66.1555 2.1
      vertex -7.31828 -66.4259 11.8
      vertex -7.31828 -66.4259 2.1
    endloop
  endfacet
  facet normal 0.195154 -0.980773 0
    outer loop
      vertex -9.14105 -70.8265 2.1
      vertex -8.78825 -70.7563 11.8
      vertex -9.14105 -70.8265 11.8
    endloop
  endfacet
  facet normal 0.195154 -0.980773 0
    outer loop
      vertex -8.78825 -70.7563 11.8
      vertex -9.14105 -70.8265 2.1
      vertex -8.78825 -70.7563 2.1
    endloop
  endfacet
  facet normal 0.831472 0.555566 6.75616e-19
    outer loop
      vertex -7.11843 -66.725 11.8
      vertex -7.31828 -66.4259 2.1
      vertex -7.31828 -66.4259 11.8
    endloop
  endfacet
  facet normal 0.831472 0.555566 6.75616e-19
    outer loop
      vertex -7.31828 -66.4259 2.1
      vertex -7.11843 -66.725 11.8
      vertex -7.11843 -66.725 2.1
    endloop
  endfacet
  facet normal -0.751749 0.659449 9.87418e-19
    outer loop
      vertex -11.6817 -66.4259 2.1
      vertex -11.4445 -66.1555 11.8
      vertex -11.4445 -66.1555 2.1
    endloop
  endfacet
  facet normal -0.751749 0.659449 9.87418e-19
    outer loop
      vertex -11.4445 -66.1555 11.8
      vertex -11.6817 -66.4259 2.1
      vertex -11.6817 -66.4259 11.8
    endloop
  endfacet
  facet normal 0.997858 -0.065421 -2.47472e-20
    outer loop
      vertex -6.77353 -68.4589 11.8
      vertex -6.75 -68.1 2.1
      vertex -6.75 -68.1 11.8
    endloop
  endfacet
  facet normal 0.997858 -0.065421 -2.47472e-20
    outer loop
      vertex -6.75 -68.1 2.1
      vertex -6.77353 -68.4589 11.8
      vertex -6.77353 -68.4589 2.1
    endloop
  endfacet
  facet normal 0.442292 -0.896871 0
    outer loop
      vertex -8.44762 -70.6407 2.1
      vertex -8.125 -70.4816 11.8
      vertex -8.44762 -70.6407 11.8
    endloop
  endfacet
  facet normal 0.442292 -0.896871 0
    outer loop
      vertex -8.125 -70.4816 11.8
      vertex -8.44762 -70.6407 2.1
      vertex -8.125 -70.4816 2.1
    endloop
  endfacet
  facet normal 0.555675 -0.8314 0
    outer loop
      vertex -8.125 -70.4816 2.1
      vertex -7.82591 -70.2817 11.8
      vertex -8.125 -70.4816 11.8
    endloop
  endfacet
  facet normal 0.555675 -0.8314 0
    outer loop
      vertex -7.82591 -70.2817 11.8
      vertex -8.125 -70.4816 2.1
      vertex -7.82591 -70.2817 2.1
    endloop
  endfacet
  facet normal -0.0653289 0.997864 0
    outer loop
      vertex -9.5 -65.35 2.1
      vertex -9.85895 -65.3735 11.8
      vertex -9.5 -65.35 11.8
    endloop
  endfacet
  facet normal -0.0653289 0.997864 0
    outer loop
      vertex -9.85895 -65.3735 11.8
      vertex -9.5 -65.35 2.1
      vertex -9.85895 -65.3735 2.1
    endloop
  endfacet
  facet normal 0.89686 0.442314 6.95415e-19
    outer loop
      vertex -6.95933 -67.0476 11.8
      vertex -7.11843 -66.725 2.1
      vertex -7.11843 -66.725 11.8
    endloop
  endfacet
  facet normal 0.89686 0.442314 6.95415e-19
    outer loop
      vertex -7.11843 -66.725 2.1
      vertex -6.95933 -67.0476 11.8
      vertex -6.95933 -67.0476 2.1
    endloop
  endfacet
  facet normal 0.321369 0.946954 -0
    outer loop
      vertex -8.44762 -65.5593 2.1
      vertex -8.78825 -65.4437 11.8
      vertex -8.44762 -65.5593 11.8
    endloop
  endfacet
  facet normal 0.321369 0.946954 0
    outer loop
      vertex -8.78825 -65.4437 11.8
      vertex -8.44762 -65.5593 2.1
      vertex -8.78825 -65.4437 2.1
    endloop
  endfacet
  facet normal 0.89686 -0.442314 -3.70852e-19
    outer loop
      vertex -7.11843 -69.475 11.8
      vertex -6.95933 -69.1524 2.1
      vertex -6.95933 -69.1524 11.8
    endloop
  endfacet
  facet normal 0.89686 -0.442314 -3.70852e-19
    outer loop
      vertex -6.95933 -69.1524 2.1
      vertex -7.11843 -69.475 11.8
      vertex -7.11843 -69.475 2.1
    endloop
  endfacet
  facet normal -0.555662 -0.831408 0
    outer loop
      vertex -11.1741 -70.2817 2.1
      vertex -10.875 -70.4816 11.8
      vertex -11.1741 -70.2817 11.8
    endloop
  endfacet
  facet normal -0.555662 -0.831408 -0
    outer loop
      vertex -10.875 -70.4816 11.8
      vertex -11.1741 -70.2817 2.1
      vertex -10.875 -70.4816 2.1
    endloop
  endfacet
  facet normal 0.555675 0.8314 -0
    outer loop
      vertex -7.82591 -65.9183 2.1
      vertex -8.125 -65.7184 11.8
      vertex -7.82591 -65.9183 11.8
    endloop
  endfacet
  facet normal 0.555675 0.8314 0
    outer loop
      vertex -8.125 -65.7184 11.8
      vertex -7.82591 -65.9183 2.1
      vertex -8.125 -65.7184 2.1
    endloop
  endfacet
  facet normal -0.946979 0.321296 0
    outer loop
      vertex -12.1433 -67.35 10
      vertex -12.0407 -67.0476 2.1
      vertex -12.1433 -67.35 2.1
    endloop
  endfacet
  facet normal -0.946979 0.321296 0
    outer loop
      vertex -12.0407 -67.0476 2.1
      vertex -12.1433 -67.35 10
      vertex -12.0407 -67.0476 11.8
    endloop
  endfacet
  facet normal -0.946682 0.322169 0
    outer loop
      vertex -12.1563 -67.3882 11.8
      vertex -12.1433 -67.35 10
      vertex -12.1563 -67.3882 10
    endloop
  endfacet
  facet normal -0.946945 0.321394 -1.83495e-05
    outer loop
      vertex -12.1433 -67.35 10
      vertex -12.1563 -67.3882 11.8
      vertex -12.0407 -67.0476 11.8
    endloop
  endfacet
  facet normal -0.442314 0.89686 0
    outer loop
      vertex -10.5524 -65.5593 2.1
      vertex -10.875 -65.7184 11.8
      vertex -10.5524 -65.5593 11.8
    endloop
  endfacet
  facet normal -0.442314 0.89686 0
    outer loop
      vertex -10.875 -65.7184 11.8
      vertex -10.5524 -65.5593 2.1
      vertex -10.875 -65.7184 2.1
    endloop
  endfacet
  facet normal -0.980783 -0.195101 -9.61428e-19
    outer loop
      vertex -12.1563 -68.8118 10
      vertex -12.2265 -68.4589 11.8
      vertex -12.2265 -68.4589 10
    endloop
  endfacet
  facet normal -0.980783 -0.195101 -9.61428e-19
    outer loop
      vertex -12.2265 -68.4589 11.8
      vertex -12.1563 -68.8118 10
      vertex -12.1563 -68.8118 11.8
    endloop
  endfacet
  facet normal 0.751777 -0.659417 -4.22724e-19
    outer loop
      vertex -7.55546 -70.0445 11.8
      vertex -7.31828 -69.7741 2.1
      vertex -7.31828 -69.7741 11.8
    endloop
  endfacet
  facet normal 0.751777 -0.659417 -4.22724e-19
    outer loop
      vertex -7.31828 -69.7741 2.1
      vertex -7.55546 -70.0445 11.8
      vertex -7.55546 -70.0445 2.1
    endloop
  endfacet
  facet normal -0.195127 -0.980778 0
    outer loop
      vertex -10.2118 -70.7563 2.1
      vertex -9.85895 -70.8265 11.8
      vertex -10.2118 -70.7563 11.8
    endloop
  endfacet
  facet normal -0.195127 -0.980778 -0
    outer loop
      vertex -9.85895 -70.8265 11.8
      vertex -10.2118 -70.7563 2.1
      vertex -9.85895 -70.8265 2.1
    endloop
  endfacet
  facet normal 0.321369 -0.946954 0
    outer loop
      vertex -8.78825 -70.7563 2.1
      vertex -8.44762 -70.6407 11.8
      vertex -8.78825 -70.7563 11.8
    endloop
  endfacet
  facet normal 0.321369 -0.946954 0
    outer loop
      vertex -8.44762 -70.6407 11.8
      vertex -8.78825 -70.7563 2.1
      vertex -8.44762 -70.6407 2.1
    endloop
  endfacet
  facet normal -0.831408 -0.555662 8.56723e-21
    outer loop
      vertex -11.6817 -69.7741 2.1
      vertex -11.8816 -69.475 11.8
      vertex -11.8816 -69.475 2.1
    endloop
  endfacet
  facet normal -0.831408 -0.555662 8.56723e-21
    outer loop
      vertex -11.8816 -69.475 11.8
      vertex -11.6817 -69.7741 2.1
      vertex -11.6817 -69.7741 11.8
    endloop
  endfacet
  facet normal -0.555662 0.831408 0
    outer loop
      vertex -10.875 -65.7184 2.1
      vertex -11.1741 -65.9183 11.8
      vertex -10.875 -65.7184 11.8
    endloop
  endfacet
  facet normal -0.555662 0.831408 0
    outer loop
      vertex -11.1741 -65.9183 11.8
      vertex -10.875 -65.7184 2.1
      vertex -11.1741 -65.9183 2.1
    endloop
  endfacet
  facet normal -0.195127 0.980778 0
    outer loop
      vertex -9.85895 -65.3735 2.1
      vertex -10.2118 -65.4437 11.8
      vertex -9.85895 -65.3735 11.8
    endloop
  endfacet
  facet normal -0.195127 0.980778 0
    outer loop
      vertex -10.2118 -65.4437 11.8
      vertex -9.85895 -65.3735 2.1
      vertex -10.2118 -65.4437 2.1
    endloop
  endfacet
  facet normal 0.0653289 0.997864 -0
    outer loop
      vertex -9.14105 -65.3735 2.1
      vertex -9.5 -65.35 11.8
      vertex -9.14105 -65.3735 11.8
    endloop
  endfacet
  facet normal 0.0653289 0.997864 0
    outer loop
      vertex -9.5 -65.35 11.8
      vertex -9.14105 -65.3735 2.1
      vertex -9.5 -65.35 2.1
    endloop
  endfacet
  facet normal 0.65938 0.75181 -0
    outer loop
      vertex -7.55546 -66.1555 2.1
      vertex -7.82591 -65.9183 11.8
      vertex -7.55546 -66.1555 11.8
    endloop
  endfacet
  facet normal 0.65938 0.75181 0
    outer loop
      vertex -7.82591 -65.9183 11.8
      vertex -7.55546 -66.1555 2.1
      vertex -7.82591 -65.9183 2.1
    endloop
  endfacet
  facet normal 0.980799 -0.19502 1.40631e-19
    outer loop
      vertex -6.8437 -68.8118 11.8
      vertex -6.77353 -68.4589 2.1
      vertex -6.77353 -68.4589 11.8
    endloop
  endfacet
  facet normal 0.980799 -0.19502 1.40631e-19
    outer loop
      vertex -6.77353 -68.4589 2.1
      vertex -6.8437 -68.8118 11.8
      vertex -6.8437 -68.8118 2.1
    endloop
  endfacet
  facet normal -0.321394 0.946945 0
    outer loop
      vertex -10.2118 -65.4437 2.1
      vertex -10.5524 -65.5593 11.8
      vertex -10.2118 -65.4437 11.8
    endloop
  endfacet
  facet normal -0.321394 0.946945 0
    outer loop
      vertex -10.5524 -65.5593 11.8
      vertex -10.2118 -65.4437 2.1
      vertex -10.5524 -65.5593 2.1
    endloop
  endfacet
  facet normal -0.89686 0.442314 1.2872e-19
    outer loop
      vertex -12.0407 -67.0476 2.1
      vertex -11.8816 -66.725 11.8
      vertex -11.8816 -66.725 2.1
    endloop
  endfacet
  facet normal -0.89686 0.442314 1.2872e-19
    outer loop
      vertex -11.8816 -66.725 11.8
      vertex -12.0407 -67.0476 2.1
      vertex -12.0407 -67.0476 11.8
    endloop
  endfacet
  facet normal 0.65938 -0.75181 0
    outer loop
      vertex -7.82591 -70.2817 2.1
      vertex -7.55546 -70.0445 11.8
      vertex -7.82591 -70.2817 11.8
    endloop
  endfacet
  facet normal 0.65938 -0.75181 0
    outer loop
      vertex -7.55546 -70.0445 11.8
      vertex -7.82591 -70.2817 2.1
      vertex -7.55546 -70.0445 2.1
    endloop
  endfacet
  facet normal 0.442292 0.896871 -0
    outer loop
      vertex -8.125 -65.7184 2.1
      vertex -8.44762 -65.5593 11.8
      vertex -8.125 -65.7184 11.8
    endloop
  endfacet
  facet normal 0.442292 0.896871 0
    outer loop
      vertex -8.44762 -65.5593 11.8
      vertex -8.125 -65.7184 2.1
      vertex -8.44762 -65.5593 2.1
    endloop
  endfacet
  facet normal 0.94692 -0.321469 9.70724e-20
    outer loop
      vertex -6.95933 -69.1524 11.8
      vertex -6.8437 -68.8118 2.1
      vertex -6.8437 -68.8118 11.8
    endloop
  endfacet
  facet normal 0.94692 -0.321469 9.70724e-20
    outer loop
      vertex -6.8437 -68.8118 2.1
      vertex -6.95933 -69.1524 11.8
      vertex -6.95933 -69.1524 2.1
    endloop
  endfacet
  facet normal -0.946979 -0.321296 0
    outer loop
      vertex -12.1433 -68.85 2.1
      vertex -12.0407 -69.1524 2.1
      vertex -12.1433 -68.85 10
    endloop
  endfacet
  facet normal -0.946682 -0.322169 -6.67764e-19
    outer loop
      vertex -12.1433 -68.85 10
      vertex -12.1563 -68.8118 11.8
      vertex -12.1563 -68.8118 10
    endloop
  endfacet
  facet normal -0.946979 -0.321296 -0
    outer loop
      vertex -12.0407 -69.1524 11.8
      vertex -12.1433 -68.85 10
      vertex -12.0407 -69.1524 2.1
    endloop
  endfacet
  facet normal -0.946945 -0.321394 -1.83495e-05
    outer loop
      vertex -12.1433 -68.85 10
      vertex -12.0407 -69.1524 11.8
      vertex -12.1563 -68.8118 11.8
    endloop
  endfacet
  facet normal 0.831472 -0.555566 -9.33508e-20
    outer loop
      vertex -7.31828 -69.7741 11.8
      vertex -7.11843 -69.475 2.1
      vertex -7.11843 -69.475 11.8
    endloop
  endfacet
  facet normal 0.831472 -0.555566 -9.33508e-20
    outer loop
      vertex -7.11843 -69.475 2.1
      vertex -7.31828 -69.7741 11.8
      vertex -7.31828 -69.7741 2.1
    endloop
  endfacet
  facet normal -0.751749 -0.659449 -9.87418e-19
    outer loop
      vertex -11.4445 -70.0445 2.1
      vertex -11.6817 -69.7741 11.8
      vertex -11.6817 -69.7741 2.1
    endloop
  endfacet
  facet normal -0.751749 -0.659449 -9.87418e-19
    outer loop
      vertex -11.6817 -69.7741 11.8
      vertex -11.4445 -70.0445 2.1
      vertex -11.4445 -70.0445 11.8
    endloop
  endfacet
  facet normal -0.980783 0.195101 9.61428e-19
    outer loop
      vertex -12.2265 -67.7411 10
      vertex -12.1563 -67.3882 11.8
      vertex -12.1563 -67.3882 10
    endloop
  endfacet
  facet normal -0.980783 0.195101 9.61428e-19
    outer loop
      vertex -12.1563 -67.3882 11.8
      vertex -12.2265 -67.7411 10
      vertex -12.2265 -67.7411 11.8
    endloop
  endfacet
  facet normal -0.659449 0.751749 0
    outer loop
      vertex -11.1741 -65.9183 2.1
      vertex -11.4445 -66.1555 11.8
      vertex -11.1741 -65.9183 11.8
    endloop
  endfacet
  facet normal -0.659449 0.751749 0
    outer loop
      vertex -11.4445 -66.1555 11.8
      vertex -11.1741 -65.9183 2.1
      vertex -11.4445 -66.1555 2.1
    endloop
  endfacet
  facet normal -0.89686 -0.442314 -4.53284e-19
    outer loop
      vertex -11.8816 -69.475 2.1
      vertex -12.0407 -69.1524 11.8
      vertex -12.0407 -69.1524 2.1
    endloop
  endfacet
  facet normal -0.89686 -0.442314 -4.53284e-19
    outer loop
      vertex -12.0407 -69.1524 11.8
      vertex -11.8816 -69.475 2.1
      vertex -11.8816 -69.475 11.8
    endloop
  endfacet
  facet normal -0.659449 -0.751749 0
    outer loop
      vertex -11.4445 -70.0445 2.1
      vertex -11.1741 -70.2817 11.8
      vertex -11.4445 -70.0445 11.8
    endloop
  endfacet
  facet normal -0.659449 -0.751749 -0
    outer loop
      vertex -11.1741 -70.2817 11.8
      vertex -11.4445 -70.0445 2.1
      vertex -11.1741 -70.2817 2.1
    endloop
  endfacet
  facet normal -0.997863 -0.0653379 -2.95509e-19
    outer loop
      vertex -12.2265 -68.4589 10
      vertex -12.25 -68.1 11.8
      vertex -12.25 -68.1 10
    endloop
  endfacet
  facet normal -0.997863 -0.0653379 -2.95509e-19
    outer loop
      vertex -12.25 -68.1 11.8
      vertex -12.2265 -68.4589 10
      vertex -12.2265 -68.4589 11.8
    endloop
  endfacet
  facet normal 0.195154 0.980773 -0
    outer loop
      vertex -8.78825 -65.4437 2.1
      vertex -9.14105 -65.3735 11.8
      vertex -8.78825 -65.4437 11.8
    endloop
  endfacet
  facet normal 0.195154 0.980773 0
    outer loop
      vertex -9.14105 -65.3735 11.8
      vertex -8.78825 -65.4437 2.1
      vertex -9.14105 -65.3735 2.1
    endloop
  endfacet
  facet normal -0.321394 -0.946945 0
    outer loop
      vertex -10.5524 -70.6407 2.1
      vertex -10.2118 -70.7563 11.8
      vertex -10.5524 -70.6407 11.8
    endloop
  endfacet
  facet normal -0.321394 -0.946945 -0
    outer loop
      vertex -10.2118 -70.7563 11.8
      vertex -10.5524 -70.6407 2.1
      vertex -10.2118 -70.7563 2.1
    endloop
  endfacet
  facet normal -0.831408 0.555662 -7.94406e-19
    outer loop
      vertex -11.8816 -66.725 2.1
      vertex -11.6817 -66.4259 11.8
      vertex -11.6817 -66.4259 2.1
    endloop
  endfacet
  facet normal -0.831408 0.555662 -7.94406e-19
    outer loop
      vertex -11.6817 -66.4259 11.8
      vertex -11.8816 -66.725 2.1
      vertex -11.8816 -66.725 11.8
    endloop
  endfacet
  facet normal -0.0653289 -0.997864 0
    outer loop
      vertex -9.85895 -70.8265 2.1
      vertex -9.5 -70.85 11.8
      vertex -9.85895 -70.8265 11.8
    endloop
  endfacet
  facet normal -0.0653289 -0.997864 -0
    outer loop
      vertex -9.5 -70.85 11.8
      vertex -9.85895 -70.8265 2.1
      vertex -9.5 -70.85 2.1
    endloop
  endfacet
  facet normal 0.0653289 -0.997864 0
    outer loop
      vertex -9.5 -70.85 2.1
      vertex -9.14105 -70.8265 11.8
      vertex -9.5 -70.85 11.8
    endloop
  endfacet
  facet normal 0.0653289 -0.997864 0
    outer loop
      vertex -9.14105 -70.8265 11.8
      vertex -9.5 -70.85 2.1
      vertex -9.14105 -70.8265 2.1
    endloop
  endfacet
  facet normal -0.997863 0.0653379 -1.0764e-18
    outer loop
      vertex -12.25 -68.1 10
      vertex -12.2265 -67.7411 11.8
      vertex -12.2265 -67.7411 10
    endloop
  endfacet
  facet normal -0.997863 0.0653379 -1.0764e-18
    outer loop
      vertex -12.2265 -67.7411 11.8
      vertex -12.25 -68.1 10
      vertex -12.25 -68.1 11.8
    endloop
  endfacet
  facet normal -0.69655 0.138556 0.704003
    outer loop
      vertex -12.299 -67.35 1.95124
      vertex -13.5 -67.0282 0.69962
      vertex -13.5 -67.35 0.762954
    endloop
  endfacet
  facet normal 0.138509 0.69657 0.703993
    outer loop
      vertex -8.40259 -64.0044 0.599999
      vertex -8.94422 -63.8967 0.599999
      vertex -8.78825 -65.4437 2.1
    endloop
  endfacet
  facet normal 0.228272 -0.67252 0.703995
    outer loop
      vertex -7.87965 -72.0181 0.599999
      vertex -8.78825 -70.7563 2.1
      vertex -8.40259 -72.1956 0.599999
    endloop
  endfacet
  facet normal 0.673384 0.225437 0.704082
    outer loop
      vertex -5.40518 -67.0003 0.599999
      vertex -6.8437 -67.3882 2.1
      vertex -5.40441 -67.0026 0.599999
    endloop
  endfacet
  facet normal 0.672513 0.228311 0.703989
    outer loop
      vertex -6.8437 -67.3882 2.1
      vertex -5.40518 -67.0003 0.599999
      vertex -6.95933 -67.0476 2.1
    endloop
  endfacet
  facet normal 0.708686 0.0464625 0.703993
    outer loop
      vertex -6.75 -68.1 2.1
      vertex -5.26009 -68.0976 0.599999
      vertex -6.77353 -67.7411 2.1
    endloop
  endfacet
  facet normal 0.708659 0.0472439 0.703967
    outer loop
      vertex -5.26009 -68.0976 0.599999
      vertex -6.75 -68.1 2.1
      vertex -5.25993 -68.1 0.599999
    endloop
  endfacet
  facet normal 0.708685 0.0464568 0.703993
    outer loop
      vertex -5.29621 -67.5466 0.599999
      vertex -6.77353 -67.7411 2.1
      vertex -5.26009 -68.0976 0.599999
    endloop
  endfacet
  facet normal 0.535261 0.466867 0.70394
    outer loop
      vertex -7.55546 -66.1555 2.1
      vertex -6.50025 -65.1036 0.599999
      vertex -6.50182 -65.1018 0.599999
    endloop
  endfacet
  facet normal 0.533909 0.468315 0.704004
    outer loop
      vertex -6.50025 -65.1036 0.599999
      vertex -7.55546 -66.1555 2.1
      vertex -7.31828 -66.4259 2.1
    endloop
  endfacet
  facet normal -0.228289 -0.67252 0.70399
    outer loop
      vertex -10.2118 -70.7563 2.1
      vertex -11.1203 -72.0181 0.599999
      vertex -10.5974 -72.1956 0.599999
    endloop
  endfacet
  facet normal -0.138517 0.696571 0.70399
    outer loop
      vertex -10.0558 -63.8967 0.599999
      vertex -10.5974 -64.0044 0.599999
      vertex -10.2118 -65.4437 2.1
    endloop
  endfacet
  facet normal 0.0298413 0.710223 0.703344
    outer loop
      vertex -8.94894 -63.8961 0.599999
      vertex -9.14105 -65.3735 2.1
      vertex -8.94656 -63.8962 0.599999
    endloop
  endfacet
  facet normal 0.0463983 0.708709 0.703973
    outer loop
      vertex -9.14105 -65.3735 2.1
      vertex -8.94894 -63.8961 0.599999
      vertex -9.5 -65.35 2.1
    endloop
  endfacet
  facet normal 0.45654 0.544804 0.703392
    outer loop
      vertex -6.50361 -65.1003 0.599999
      vertex -7.55546 -66.1555 2.1
      vertex -6.50182 -65.1018 0.599999
    endloop
  endfacet
  facet normal 0.468296 0.53394 0.703993
    outer loop
      vertex -7.55546 -66.1555 2.1
      vertex -6.50361 -65.1003 0.599999
      vertex -7.82591 -65.9183 2.1
    endloop
  endfacet
  facet normal -0.672582 0.228198 0.70396
    outer loop
      vertex -12.0407 -67.0476 2.1
      vertex -12.299 -67.35 1.95124
      vertex -12.1433 -67.35 2.1
    endloop
  endfacet
  facet normal -0.672549 0.228146 0.704007
    outer loop
      vertex -13.5 -67.0032 0.691519
      vertex -12.299 -67.35 1.95124
      vertex -12.0407 -67.0476 2.1
    endloop
  endfacet
  facet normal -0.672556 0.228127 0.704008
    outer loop
      vertex -12.299 -67.35 1.95124
      vertex -13.5 -67.0032 0.691519
      vertex -13.5 -67.0282 0.69962
    endloop
  endfacet
  facet normal -0.546113 0.455094 0.703314
    outer loop
      vertex -12.4997 -65.1036 0.599999
      vertex -11.4445 -66.1555 2.1
      vertex -12.4982 -65.1018 0.599999
    endloop
  endfacet
  facet normal -0.53389 0.468338 0.704003
    outer loop
      vertex -11.4445 -66.1555 2.1
      vertex -12.4997 -65.1036 0.599999
      vertex -11.6817 -66.4259 2.1
    endloop
  endfacet
  facet normal -0.590478 -0.394639 0.703986
    outer loop
      vertex -11.8816 -69.475 2.1
      vertex -13.1707 -70.222 0.599999
      vertex -11.6817 -69.7741 2.1
    endloop
  endfacet
  facet normal -0.595257 -0.386917 0.704248
    outer loop
      vertex -13.1707 -70.222 0.599999
      vertex -11.8816 -69.475 2.1
      vertex -13.172 -70.22 0.599999
    endloop
  endfacet
  facet normal -0.394551 -0.590541 0.703982
    outer loop
      vertex -10.875 -70.4816 2.1
      vertex -12.0792 -71.4652 0.599999
      vertex -11.62 -71.772 0.599999
    endloop
  endfacet
  facet normal 0.237831 0.668899 0.704281
    outer loop
      vertex -7.87965 -64.1819 0.599999
      vertex -8.44762 -65.5593 2.1
      vertex -7.8774 -64.1827 0.599999
    endloop
  endfacet
  facet normal 0.22824 0.672537 0.70399
    outer loop
      vertex -8.44762 -65.5593 2.1
      vertex -7.87965 -64.1819 0.599999
      vertex -8.78825 -65.4437 2.1
    endloop
  endfacet
  facet normal 0.468325 0.533906 0.704
    outer loop
      vertex -6.91881 -64.7361 0.599999
      vertex -7.82591 -65.9183 2.1
      vertex -6.50361 -65.1003 0.599999
    endloop
  endfacet
  facet normal 0.591344 0.393244 0.70404
    outer loop
      vertex -5.82932 -65.978 0.599999
      vertex -7.11843 -66.725 2.1
      vertex -5.82799 -65.98 0.599999
    endloop
  endfacet
  facet normal 0.590519 0.394568 0.703991
    outer loop
      vertex -7.11843 -66.725 2.1
      vertex -5.82932 -65.978 0.599999
      vertex -7.31828 -66.4259 2.1
    endloop
  endfacet
  facet normal -0.314136 -0.636961 0.703988
    outer loop
      vertex -11.1247 -72.0163 0.599999
      vertex -10.5524 -70.6407 2.1
      vertex -10.875 -70.4816 2.1
    endloop
  endfacet
  facet normal -0.305225 -0.640972 0.704267
    outer loop
      vertex -10.5524 -70.6407 2.1
      vertex -11.1247 -72.0163 0.599999
      vertex -11.1226 -72.0173 0.599999
    endloop
  endfacet
  facet normal 0.63697 0.314113 0.70399
    outer loop
      vertex -5.82694 -65.9821 0.599999
      vertex -6.95933 -67.0476 2.1
      vertex -5.58269 -66.4774 0.599999
    endloop
  endfacet
  facet normal -0.228259 0.672535 0.703985
    outer loop
      vertex -11.1203 -64.1819 0.599999
      vertex -10.5524 -65.5593 2.1
      vertex -10.2118 -65.4437 2.1
    endloop
  endfacet
  facet normal -0.233268 0.670645 0.704146
    outer loop
      vertex -10.5524 -65.5593 2.1
      vertex -11.1203 -64.1819 0.599999
      vertex -11.1226 -64.1827 0.599999
    endloop
  endfacet
  facet normal 0.0464266 -0.708693 0.703988
    outer loop
      vertex -9.14105 -70.8265 2.1
      vertex -9.49762 -72.3399 0.599999
      vertex -8.94656 -72.3038 0.599999
    endloop
  endfacet
  facet normal 0.672515 0.2283 0.703991
    outer loop
      vertex -5.58269 -66.4774 0.599999
      vertex -6.95933 -67.0476 2.1
      vertex -5.40518 -67.0003 0.599999
    endloop
  endfacet
  facet normal -0.394632 0.590467 0.703999
    outer loop
      vertex -12.0792 -64.7348 0.599999
      vertex -11.1741 -65.9183 2.1
      vertex -10.875 -65.7184 2.1
    endloop
  endfacet
  facet normal -0.387224 0.595728 0.70368
    outer loop
      vertex -11.1741 -65.9183 2.1
      vertex -12.0792 -64.7348 0.599999
      vertex -12.0812 -64.7361 0.599999
    endloop
  endfacet
  facet normal 0.389893 -0.593837 0.703804
    outer loop
      vertex -7.82591 -70.2817 2.1
      vertex -6.92079 -71.4652 0.599999
      vertex -6.91881 -71.4639 0.599999
    endloop
  endfacet
  facet normal 0.394639 -0.590458 0.704002
    outer loop
      vertex -6.92079 -71.4652 0.599999
      vertex -7.82591 -70.2817 2.1
      vertex -8.125 -70.4816 2.1
    endloop
  endfacet
  facet normal 0.696562 0.138566 0.70399
    outer loop
      vertex -5.40441 -67.0026 0.599999
      vertex -6.8437 -67.3882 2.1
      vertex -5.29667 -67.5442 0.599999
    endloop
  endfacet
  facet normal 0.696562 -0.138566 0.70399
    outer loop
      vertex -5.29667 -68.6558 0.599999
      vertex -6.8437 -68.8118 2.1
      vertex -5.40441 -69.1974 0.599999
    endloop
  endfacet
  facet normal -0.314167 -0.636951 0.703983
    outer loop
      vertex -10.875 -70.4816 2.1
      vertex -11.62 -71.772 0.599999
      vertex -11.1247 -72.0163 0.599999
    endloop
  endfacet
  facet normal 0.468325 -0.533906 0.704
    outer loop
      vertex -6.50361 -71.0997 0.599999
      vertex -7.82591 -70.2817 2.1
      vertex -6.91881 -71.4639 0.599999
    endloop
  endfacet
  facet normal -0.533906 -0.468325 0.704
    outer loop
      vertex -11.6817 -69.7741 2.1
      vertex -12.8639 -70.6812 0.599999
      vertex -12.4997 -71.0964 0.599999
    endloop
  endfacet
  facet normal 0.672513 -0.228311 0.703989
    outer loop
      vertex -6.95933 -69.1524 2.1
      vertex -5.58192 -69.7203 0.599999
      vertex -6.8437 -68.8118 2.1
    endloop
  endfacet
  facet normal 0.673565 -0.225498 0.70389
    outer loop
      vertex -5.58192 -69.7203 0.599999
      vertex -6.95933 -69.1524 2.1
      vertex -5.58269 -69.7226 0.599999
    endloop
  endfacet
  facet normal 0.314118 -0.636962 0.703995
    outer loop
      vertex -8.44762 -70.6407 2.1
      vertex -7.87526 -72.0163 0.599999
      vertex -8.125 -70.4816 2.1
    endloop
  endfacet
  facet normal 0.300497 -0.643064 0.704394
    outer loop
      vertex -7.87526 -72.0163 0.599999
      vertex -8.44762 -70.6407 2.1
      vertex -7.8774 -72.0173 0.599999
    endloop
  endfacet
  facet normal 0.63697 -0.314113 0.70399
    outer loop
      vertex -5.58269 -69.7226 0.599999
      vertex -6.95933 -69.1524 2.1
      vertex -5.82694 -70.2179 0.599999
    endloop
  endfacet
  facet normal -0.672674 -0.227976 0.703943
    outer loop
      vertex -12.299 -68.85 1.95124
      vertex -13.4181 -69.7203 0.599999
      vertex -12.2094 -68.85 2.03686
    endloop
  endfacet
  facet normal -0.672503 -0.228299 0.704002
    outer loop
      vertex -13.5 -69.479 0.599999
      vertex -12.299 -68.85 1.95124
      vertex -13.5 -69.1718 0.69962
    endloop
  endfacet
  facet normal -0.67252 -0.228261 0.703999
    outer loop
      vertex -12.299 -68.85 1.95124
      vertex -13.5 -69.479 0.599999
      vertex -13.4181 -69.7203 0.599999
    endloop
  endfacet
  facet normal -0.0463983 0.708709 0.703974
    outer loop
      vertex -10.0511 -63.8961 0.599999
      vertex -9.85895 -65.3735 2.1
      vertex -9.5 -65.35 2.1
    endloop
  endfacet
  facet normal -0.0308754 0.710134 0.703389
    outer loop
      vertex -9.85895 -65.3735 2.1
      vertex -10.0511 -63.8961 0.599999
      vertex -10.0534 -63.8962 0.599999
    endloop
  endfacet
  facet normal -0.468325 -0.533906 0.704
    outer loop
      vertex -11.1741 -70.2817 2.1
      vertex -12.4964 -71.0997 0.599999
      vertex -12.0812 -71.4639 0.599999
    endloop
  endfacet
  facet normal 0.394561 -0.59053 0.703986
    outer loop
      vertex -6.92079 -71.4652 0.599999
      vertex -8.125 -70.4816 2.1
      vertex -7.37997 -71.772 0.599999
    endloop
  endfacet
  facet normal -0.637002 -0.314064 0.703983
    outer loop
      vertex -12.0407 -69.1524 2.1
      vertex -13.4173 -69.7226 0.599999
      vertex -13.1731 -70.2179 0.599999
    endloop
  endfacet
  facet normal 0.635122 0.317561 0.704113
    outer loop
      vertex -7.11843 -66.725 2.1
      vertex -5.82694 -65.9821 0.599999
      vertex -5.82799 -65.98 0.599999
    endloop
  endfacet
  facet normal 0.636955 0.314134 0.703994
    outer loop
      vertex -5.82694 -65.9821 0.599999
      vertex -7.11843 -66.725 2.1
      vertex -6.95933 -67.0476 2.1
    endloop
  endfacet
  facet normal -0.636954 -0.314133 0.703996
    outer loop
      vertex -13.1731 -70.2179 0.599999
      vertex -11.8816 -69.475 2.1
      vertex -12.0407 -69.1524 2.1
    endloop
  endfacet
  facet normal -0.628728 -0.329334 0.704443
    outer loop
      vertex -11.8816 -69.475 2.1
      vertex -13.1731 -70.2179 0.599999
      vertex -13.172 -70.22 0.599999
    endloop
  endfacet
  facet normal 0.533909 -0.468315 0.704004
    outer loop
      vertex -7.55546 -70.0445 2.1
      vertex -6.50025 -71.0964 0.599999
      vertex -7.31828 -69.7741 2.1
    endloop
  endfacet
  facet normal 0.535261 -0.466867 0.70394
    outer loop
      vertex -6.50025 -71.0964 0.599999
      vertex -7.55546 -70.0445 2.1
      vertex -6.50182 -71.0982 0.599999
    endloop
  endfacet
  facet normal 0.590526 -0.394554 0.703993
    outer loop
      vertex -5.82932 -70.222 0.599999
      vertex -7.31828 -69.7741 2.1
      vertex -6.13613 -70.6812 0.599999
    endloop
  endfacet
  facet normal -0.468338 -0.53389 0.704003
    outer loop
      vertex -11.4445 -70.0445 2.1
      vertex -12.4964 -71.0997 0.599999
      vertex -11.1741 -70.2817 2.1
    endloop
  endfacet
  facet normal -0.455094 -0.546113 0.703314
    outer loop
      vertex -12.4964 -71.0997 0.599999
      vertex -11.4445 -70.0445 2.1
      vertex -12.4982 -71.0982 0.599999
    endloop
  endfacet
  facet normal -0.04643 -0.708694 0.703987
    outer loop
      vertex -9.85895 -70.8265 2.1
      vertex -10.0534 -72.3038 0.599999
      vertex -9.50238 -72.3399 0.599999
    endloop
  endfacet
  facet normal -0.0463971 -0.708691 0.703992
    outer loop
      vertex -9.50238 -72.3399 0.599999
      vertex -9.5 -70.85 2.1
      vertex -9.85895 -70.8265 2.1
    endloop
  endfacet
  facet normal -0.0595115 -0.708187 0.703512
    outer loop
      vertex -9.5 -70.85 2.1
      vertex -9.50238 -72.3399 0.599999
      vertex -9.5 -72.3401 0.599999
    endloop
  endfacet
  facet normal -0.69655 -0.138556 0.704003
    outer loop
      vertex -13.5 -68.85 0.762954
      vertex -13.5 -69.1718 0.69962
      vertex -12.299 -68.85 1.95124
    endloop
  endfacet
  facet normal -0.67251 -0.228173 0.704037
    outer loop
      vertex -12.2094 -68.85 2.03686
      vertex -12.0407 -69.1524 2.1
      vertex -12.1433 -68.85 2.1
    endloop
  endfacet
  facet normal -0.672554 -0.228209 0.703983
    outer loop
      vertex -13.4181 -69.7203 0.599999
      vertex -12.0407 -69.1524 2.1
      vertex -12.2094 -68.85 2.03686
    endloop
  endfacet
  facet normal -0.670645 -0.233268 0.704146
    outer loop
      vertex -12.0407 -69.1524 2.1
      vertex -13.4181 -69.7203 0.599999
      vertex -13.4173 -69.7226 0.599999
    endloop
  endfacet
  facet normal 0.14848 0.694887 0.703623
    outer loop
      vertex -9.14105 -65.3735 2.1
      vertex -8.94422 -63.8967 0.599999
      vertex -8.94656 -63.8962 0.599999
    endloop
  endfacet
  facet normal 0.138602 0.696565 0.703979
    outer loop
      vertex -8.94422 -63.8967 0.599999
      vertex -9.14105 -65.3735 2.1
      vertex -8.78825 -65.4437 2.1
    endloop
  endfacet
  facet normal 0.389893 0.593837 0.703804
    outer loop
      vertex -6.92079 -64.7348 0.599999
      vertex -7.82591 -65.9183 2.1
      vertex -6.91881 -64.7361 0.599999
    endloop
  endfacet
  facet normal 0.394639 0.590458 0.704002
    outer loop
      vertex -7.82591 -65.9183 2.1
      vertex -6.92079 -64.7348 0.599999
      vertex -8.125 -65.7184 2.1
    endloop
  endfacet
  facet normal -0.394632 -0.590467 0.703999
    outer loop
      vertex -11.1741 -70.2817 2.1
      vertex -12.0792 -71.4652 0.599999
      vertex -10.875 -70.4816 2.1
    endloop
  endfacet
  facet normal -0.387224 -0.595728 0.70368
    outer loop
      vertex -12.0792 -71.4652 0.599999
      vertex -11.1741 -70.2817 2.1
      vertex -12.0812 -71.4639 0.599999
    endloop
  endfacet
  facet normal -0.138492 -0.696577 0.703989
    outer loop
      vertex -9.85895 -70.8265 2.1
      vertex -10.5951 -72.1961 0.599999
      vertex -10.0534 -72.3038 0.599999
    endloop
  endfacet
  facet normal -0.0465506 0.708675 0.703997
    outer loop
      vertex -9.5 -63.8599 0.599999
      vertex -10.0511 -63.8961 0.599999
      vertex -9.5 -65.35 2.1
    endloop
  endfacet
  facet normal 0.314171 -0.636945 0.703987
    outer loop
      vertex -7.37997 -71.772 0.599999
      vertex -8.125 -70.4816 2.1
      vertex -7.87526 -72.0163 0.599999
    endloop
  endfacet
  facet normal 0.590526 0.394554 0.703993
    outer loop
      vertex -6.13613 -65.5188 0.599999
      vertex -7.31828 -66.4259 2.1
      vertex -5.82932 -65.978 0.599999
    endloop
  endfacet
  facet normal 0.314171 0.636945 0.703987
    outer loop
      vertex -7.87526 -64.1837 0.599999
      vertex -8.125 -65.7184 2.1
      vertex -7.37997 -64.428 0.599999
    endloop
  endfacet
  facet normal 0.228272 0.67252 0.703995
    outer loop
      vertex -8.40259 -64.0044 0.599999
      vertex -8.78825 -65.4437 2.1
      vertex -7.87965 -64.1819 0.599999
    endloop
  endfacet
  facet normal 0.0595115 -0.708187 0.703512
    outer loop
      vertex -9.49762 -72.3399 0.599999
      vertex -9.5 -70.85 2.1
      vertex -9.5 -72.3401 0.599999
    endloop
  endfacet
  facet normal 0.0463971 -0.708691 0.703992
    outer loop
      vertex -9.5 -70.85 2.1
      vertex -9.49762 -72.3399 0.599999
      vertex -9.14105 -70.8265 2.1
    endloop
  endfacet
  facet normal 0.45654 -0.544804 0.703392
    outer loop
      vertex -7.55546 -70.0445 2.1
      vertex -6.50361 -71.0997 0.599999
      vertex -6.50182 -71.0982 0.599999
    endloop
  endfacet
  facet normal 0.468296 -0.53394 0.703993
    outer loop
      vertex -6.50361 -71.0997 0.599999
      vertex -7.55546 -70.0445 2.1
      vertex -7.82591 -70.2817 2.1
    endloop
  endfacet
  facet normal -0.533906 0.468325 0.704
    outer loop
      vertex -12.4997 -65.1036 0.599999
      vertex -12.8639 -65.5188 0.599999
      vertex -11.6817 -66.4259 2.1
    endloop
  endfacet
  facet normal -0.637002 0.314064 0.703983
    outer loop
      vertex -13.1731 -65.9821 0.599999
      vertex -13.4173 -66.4774 0.599999
      vertex -12.0407 -67.0476 2.1
    endloop
  endfacet
  facet normal 0.672518 -0.228301 0.703987
    outer loop
      vertex -5.40441 -69.1974 0.599999
      vertex -6.8437 -68.8118 2.1
      vertex -5.58192 -69.7203 0.599999
    endloop
  endfacet
  facet normal 0.533962 -0.468271 0.703994
    outer loop
      vertex -6.13613 -70.6812 0.599999
      vertex -7.31828 -69.7741 2.1
      vertex -6.50025 -71.0964 0.599999
    endloop
  endfacet
  facet normal 0.708685 -0.0464568 0.703993
    outer loop
      vertex -5.26009 -68.1024 0.599999
      vertex -6.77353 -68.4589 2.1
      vertex -5.29621 -68.6534 0.599999
    endloop
  endfacet
  facet normal 0.708659 -0.0472439 0.703967
    outer loop
      vertex -6.75 -68.1 2.1
      vertex -5.26009 -68.1024 0.599999
      vertex -5.25993 -68.1 0.599999
    endloop
  endfacet
  facet normal 0.708686 -0.0464625 0.703993
    outer loop
      vertex -5.26009 -68.1024 0.599999
      vertex -6.75 -68.1 2.1
      vertex -6.77353 -68.4589 2.1
    endloop
  endfacet
  facet normal -0.228289 0.67252 0.70399
    outer loop
      vertex -10.5974 -64.0044 0.599999
      vertex -11.1203 -64.1819 0.599999
      vertex -10.2118 -65.4437 2.1
    endloop
  endfacet
  facet normal 0.69736 -0.133661 0.704147
    outer loop
      vertex -6.77353 -68.4589 2.1
      vertex -5.29667 -68.6558 0.599999
      vertex -5.29621 -68.6534 0.599999
    endloop
  endfacet
  facet normal 0.696564 -0.138504 0.703999
    outer loop
      vertex -5.29667 -68.6558 0.599999
      vertex -6.77353 -68.4589 2.1
      vertex -6.8437 -68.8118 2.1
    endloop
  endfacet
  facet normal -0.138579 -0.696546 0.704002
    outer loop
      vertex -10.2118 -70.7563 2.1
      vertex -10.5951 -72.1961 0.599999
      vertex -9.85895 -70.8265 2.1
    endloop
  endfacet
  facet normal -0.150794 -0.693654 0.704348
    outer loop
      vertex -10.5951 -72.1961 0.599999
      vertex -10.2118 -70.7563 2.1
      vertex -10.5974 -72.1956 0.599999
    endloop
  endfacet
  facet normal 0.69736 0.133661 0.704147
    outer loop
      vertex -5.29667 -67.5442 0.599999
      vertex -6.77353 -67.7411 2.1
      vertex -5.29621 -67.5466 0.599999
    endloop
  endfacet
  facet normal 0.696564 0.138504 0.703999
    outer loop
      vertex -6.77353 -67.7411 2.1
      vertex -5.29667 -67.5442 0.599999
      vertex -6.8437 -67.3882 2.1
    endloop
  endfacet
  facet normal 0.394561 0.59053 0.703986
    outer loop
      vertex -7.37997 -64.428 0.599999
      vertex -8.125 -65.7184 2.1
      vertex -6.92079 -64.7348 0.599999
    endloop
  endfacet
  facet normal -0.672519 0.228314 0.703982
    outer loop
      vertex -13.5 -66.721 0.599999
      vertex -12.0407 -67.0476 2.1
      vertex -13.4173 -66.4774 0.599999
    endloop
  endfacet
  facet normal -0.672521 0.228308 0.703983
    outer loop
      vertex -12.0407 -67.0476 2.1
      vertex -13.5 -66.721 0.599999
      vertex -13.5 -67.0032 0.691519
    endloop
  endfacet
  facet normal 0.237831 -0.668899 0.704281
    outer loop
      vertex -8.44762 -70.6407 2.1
      vertex -7.87965 -72.0181 0.599999
      vertex -7.8774 -72.0173 0.599999
    endloop
  endfacet
  facet normal 0.22824 -0.672537 0.70399
    outer loop
      vertex -7.87965 -72.0181 0.599999
      vertex -8.44762 -70.6407 2.1
      vertex -8.78825 -70.7563 2.1
    endloop
  endfacet
  facet normal -0.468338 0.53389 0.704003
    outer loop
      vertex -12.4964 -65.1003 0.599999
      vertex -11.4445 -66.1555 2.1
      vertex -11.1741 -65.9183 2.1
    endloop
  endfacet
  facet normal -0.455094 0.546113 0.703314
    outer loop
      vertex -11.4445 -66.1555 2.1
      vertex -12.4964 -65.1003 0.599999
      vertex -12.4982 -65.1018 0.599999
    endloop
  endfacet
  facet normal -0.144897 0.695504 0.703761
    outer loop
      vertex -10.0558 -63.8967 0.599999
      vertex -9.85895 -65.3735 2.1
      vertex -10.0534 -63.8962 0.599999
    endloop
  endfacet
  facet normal -0.138583 0.696568 0.70398
    outer loop
      vertex -9.85895 -65.3735 2.1
      vertex -10.0558 -63.8967 0.599999
      vertex -10.2118 -65.4437 2.1
    endloop
  endfacet
  facet normal -0.590524 -0.39454 0.704003
    outer loop
      vertex -11.6817 -69.7741 2.1
      vertex -13.1707 -70.222 0.599999
      vertex -12.8639 -70.6812 0.599999
    endloop
  endfacet
  facet normal 0.591344 -0.393244 0.70404
    outer loop
      vertex -7.11843 -69.475 2.1
      vertex -5.82932 -70.222 0.599999
      vertex -5.82799 -70.22 0.599999
    endloop
  endfacet
  facet normal 0.590519 -0.394568 0.703991
    outer loop
      vertex -5.82932 -70.222 0.599999
      vertex -7.11843 -69.475 2.1
      vertex -7.31828 -69.7741 2.1
    endloop
  endfacet
  facet normal 0.636955 -0.314134 0.703994
    outer loop
      vertex -7.11843 -69.475 2.1
      vertex -5.82694 -70.2179 0.599999
      vertex -6.95933 -69.1524 2.1
    endloop
  endfacet
  facet normal 0.635122 -0.317561 0.704113
    outer loop
      vertex -5.82694 -70.2179 0.599999
      vertex -7.11843 -69.475 2.1
      vertex -5.82799 -70.22 0.599999
    endloop
  endfacet
  facet normal 0.138509 -0.696573 0.70399
    outer loop
      vertex -8.40493 -72.1961 0.599999
      vertex -9.14105 -70.8265 2.1
      vertex -8.94656 -72.3038 0.599999
    endloop
  endfacet
  facet normal -0.305225 0.640972 0.704267
    outer loop
      vertex -11.1247 -64.1837 0.599999
      vertex -10.5524 -65.5593 2.1
      vertex -11.1226 -64.1827 0.599999
    endloop
  endfacet
  facet normal -0.314136 0.636961 0.703988
    outer loop
      vertex -10.5524 -65.5593 2.1
      vertex -11.1247 -64.1837 0.599999
      vertex -10.875 -65.7184 2.1
    endloop
  endfacet
  facet normal 0.533962 0.468271 0.703994
    outer loop
      vertex -6.50025 -65.1036 0.599999
      vertex -7.31828 -66.4259 2.1
      vertex -6.13613 -65.5188 0.599999
    endloop
  endfacet
  facet normal -0.468325 0.533906 0.704
    outer loop
      vertex -12.0812 -64.7361 0.599999
      vertex -12.4964 -65.1003 0.599999
      vertex -11.1741 -65.9183 2.1
    endloop
  endfacet
  facet normal 0.046554 0.708675 0.703997
    outer loop
      vertex -8.94894 -63.8961 0.599999
      vertex -9.5 -63.8599 0.599999
      vertex -9.5 -65.35 2.1
    endloop
  endfacet
  facet normal -0.590524 0.39454 0.704003
    outer loop
      vertex -12.8639 -65.5188 0.599999
      vertex -13.1707 -65.978 0.599999
      vertex -11.6817 -66.4259 2.1
    endloop
  endfacet
  facet normal 0.300497 0.643064 0.704394
    outer loop
      vertex -8.44762 -65.5593 2.1
      vertex -7.87526 -64.1837 0.599999
      vertex -7.8774 -64.1827 0.599999
    endloop
  endfacet
  facet normal 0.314118 0.636962 0.703995
    outer loop
      vertex -7.87526 -64.1837 0.599999
      vertex -8.44762 -65.5593 2.1
      vertex -8.125 -65.7184 2.1
    endloop
  endfacet
  facet normal 0.148342 -0.694243 0.704288
    outer loop
      vertex -8.78825 -70.7563 2.1
      vertex -8.40493 -72.1961 0.599999
      vertex -8.40259 -72.1956 0.599999
    endloop
  endfacet
  facet normal 0.138597 -0.696541 0.704004
    outer loop
      vertex -8.40493 -72.1961 0.599999
      vertex -8.78825 -70.7563 2.1
      vertex -9.14105 -70.8265 2.1
    endloop
  endfacet
  facet normal -0.314167 0.636951 0.703983
    outer loop
      vertex -11.1247 -64.1837 0.599999
      vertex -11.62 -64.428 0.599999
      vertex -10.875 -65.7184 2.1
    endloop
  endfacet
  facet normal -0.394551 0.590541 0.703982
    outer loop
      vertex -11.62 -64.428 0.599999
      vertex -12.0792 -64.7348 0.599999
      vertex -10.875 -65.7184 2.1
    endloop
  endfacet
  facet normal -0.228259 -0.672535 0.703985
    outer loop
      vertex -10.5524 -70.6407 2.1
      vertex -11.1203 -72.0181 0.599999
      vertex -10.2118 -70.7563 2.1
    endloop
  endfacet
  facet normal -0.233268 -0.670645 0.704146
    outer loop
      vertex -11.1203 -72.0181 0.599999
      vertex -10.5524 -70.6407 2.1
      vertex -11.1226 -72.0173 0.599999
    endloop
  endfacet
  facet normal -0.53389 -0.468338 0.704003
    outer loop
      vertex -12.4997 -71.0964 0.599999
      vertex -11.4445 -70.0445 2.1
      vertex -11.6817 -69.7741 2.1
    endloop
  endfacet
  facet normal -0.546113 -0.455094 0.703314
    outer loop
      vertex -11.4445 -70.0445 2.1
      vertex -12.4997 -71.0964 0.599999
      vertex -12.4982 -71.0982 0.599999
    endloop
  endfacet
  facet normal -0.628728 0.329334 0.704443
    outer loop
      vertex -13.1731 -65.9821 0.599999
      vertex -11.8816 -66.725 2.1
      vertex -13.172 -65.98 0.599999
    endloop
  endfacet
  facet normal -0.636954 0.314133 0.703996
    outer loop
      vertex -11.8816 -66.725 2.1
      vertex -13.1731 -65.9821 0.599999
      vertex -12.0407 -67.0476 2.1
    endloop
  endfacet
  facet normal -0.590478 0.394639 0.703986
    outer loop
      vertex -13.1707 -65.978 0.599999
      vertex -11.8816 -66.725 2.1
      vertex -11.6817 -66.4259 2.1
    endloop
  endfacet
  facet normal -0.595257 0.386917 0.704248
    outer loop
      vertex -11.8816 -66.725 2.1
      vertex -13.1707 -65.978 0.599999
      vertex -13.172 -65.98 0.599999
    endloop
  endfacet
  facet normal 0 -1 0
    outer loop
      vertex -13.5 -68.85 10
      vertex -12.1433 -68.85 2.1
      vertex -12.1433 -68.85 10
    endloop
  endfacet
  facet normal 0 -1 0
    outer loop
      vertex -13.5 -68.85 10
      vertex -12.2094 -68.85 2.03686
      vertex -12.1433 -68.85 2.1
    endloop
  endfacet
  facet normal 0 -1 0
    outer loop
      vertex -13.5 -68.85 10
      vertex -12.299 -68.85 1.95124
      vertex -12.2094 -68.85 2.03686
    endloop
  endfacet
  facet normal -0 -1 0
    outer loop
      vertex -12.299 -68.85 1.95124
      vertex -13.5 -68.85 10
      vertex -13.5 -68.85 0.762954
    endloop
  endfacet
  facet normal 0 1 -0
    outer loop
      vertex -12.1433 -67.35 2.1
      vertex -13.5 -67.35 10
      vertex -12.1433 -67.35 10
    endloop
  endfacet
  facet normal 0 1 -0
    outer loop
      vertex -12.299 -67.35 1.95124
      vertex -13.5 -67.35 10
      vertex -12.1433 -67.35 2.1
    endloop
  endfacet
  facet normal 0 1 0
    outer loop
      vertex -13.5 -67.35 10
      vertex -12.299 -67.35 1.95124
      vertex -13.5 -67.35 0.762954
    endloop
  endfacet
  facet normal 0 0 1
    outer loop
      vertex -12.2265 -67.7411 10
      vertex -13.5 -67.35 10
      vertex -12.25 -68.1 10
    endloop
  endfacet
  facet normal 0 0 1
    outer loop
      vertex -12.1563 -67.3882 10
      vertex -13.5 -67.35 10
      vertex -12.2265 -67.7411 10
    endloop
  endfacet
  facet normal -0 0 1
    outer loop
      vertex -13.5 -67.35 10
      vertex -12.1563 -67.3882 10
      vertex -12.1433 -67.35 10
    endloop
  endfacet
  facet normal 0 0 1
    outer loop
      vertex -13.5 -68.85 10
      vertex -12.25 -68.1 10
      vertex -13.5 -67.35 10
    endloop
  endfacet
  facet normal 0 0 1
    outer loop
      vertex -12.25 -68.1 10
      vertex -13.5 -68.85 10
      vertex -12.2265 -68.4589 10
    endloop
  endfacet
  facet normal 0 0 1
    outer loop
      vertex -12.2265 -68.4589 10
      vertex -13.5 -68.85 10
      vertex -12.1563 -68.8118 10
    endloop
  endfacet
  facet normal 0 0 1
    outer loop
      vertex -12.1563 -68.8118 10
      vertex -13.5 -68.85 10
      vertex -12.1433 -68.85 10
    endloop
  endfacet
  facet normal -0.831533 0.555476 -5.7353e-20
    outer loop
      vertex -8.70665 -34.6088 2.8
      vertex -8.63397 -34.5 11.8
      vertex -8.63397 -34.5 2.8
    endloop
  endfacet
  facet normal -0.831533 0.555476 -5.7353e-20
    outer loop
      vertex -8.63397 -34.5 11.8
      vertex -8.70665 -34.6088 2.8
      vertex -8.70665 -34.6088 11.8
    endloop
  endfacet
  facet normal -0.0657427 0.997837 0
    outer loop
      vertex -9.36947 -34.9914 2.8
      vertex -9.5 -35 11.8
      vertex -9.36947 -34.9914 11.8
    endloop
  endfacet
  facet normal -0.0657427 0.997837 0
    outer loop
      vertex -9.5 -35 11.8
      vertex -9.36947 -34.9914 2.8
      vertex -9.5 -35 2.8
    endloop
  endfacet
  facet normal -0.980786 -0.195087 1.29524e-19
    outer loop
      vertex -8.50855 -33.8695 2.8
      vertex -8.53407 -33.7412 11.8
      vertex -8.53407 -33.7412 2.8
    endloop
  endfacet
  facet normal -0.980786 -0.195087 1.29524e-19
    outer loop
      vertex -8.53407 -33.7412 11.8
      vertex -8.50855 -33.8695 2.8
      vertex -8.50855 -33.8695 11.8
    endloop
  endfacet
  facet normal -0.997861 -0.0653771 1.07931e-20
    outer loop
      vertex -8.5 -34 2.8
      vertex -8.50855 -33.8695 11.8
      vertex -8.50855 -33.8695 2.8
    endloop
  endfacet
  facet normal -0.997861 -0.0653771 1.07931e-20
    outer loop
      vertex -8.50855 -33.8695 11.8
      vertex -8.5 -34 2.8
      vertex -8.5 -34 11.8
    endloop
  endfacet
  facet normal 0.896709 -0.442621 8.10998e-23
    outer loop
      vertex -10.4239 -33.6173 11.8
      vertex -10.366 -33.5 2.8
      vertex -10.366 -33.5 11.8
    endloop
  endfacet
  facet normal 0.896709 -0.442621 8.10998e-23
    outer loop
      vertex -10.366 -33.5 2.8
      vertex -10.4239 -33.6173 11.8
      vertex -10.4239 -33.6173 2.8
    endloop
  endfacet
  facet normal -0.321132 -0.947034 0
    outer loop
      vertex -9.24118 -33.0341 2.8
      vertex -9.11732 -33.0761 11.8
      vertex -9.24118 -33.0341 11.8
    endloop
  endfacet
  facet normal -0.321132 -0.947034 -0
    outer loop
      vertex -9.11732 -33.0761 11.8
      vertex -9.24118 -33.0341 2.8
      vertex -9.11732 -33.0761 2.8
    endloop
  endfacet
  facet normal -0.980786 0.195087 -1.29524e-19
    outer loop
      vertex -8.53407 -34.2588 2.8
      vertex -8.50855 -34.1305 11.8
      vertex -8.50855 -34.1305 2.8
    endloop
  endfacet
  facet normal -0.980786 0.195087 -1.29524e-19
    outer loop
      vertex -8.50855 -34.1305 11.8
      vertex -8.53407 -34.2588 2.8
      vertex -8.53407 -34.2588 11.8
    endloop
  endfacet
  facet normal -0.194955 0.980812 0
    outer loop
      vertex -9.24118 -34.9659 2.8
      vertex -9.36947 -34.9914 11.8
      vertex -9.24118 -34.9659 11.8
    endloop
  endfacet
  facet normal -0.194955 0.980812 0
    outer loop
      vertex -9.36947 -34.9914 11.8
      vertex -9.24118 -34.9659 2.8
      vertex -9.36947 -34.9914 2.8
    endloop
  endfacet
  facet normal -0.89686 -0.442314 3.0121e-19
    outer loop
      vertex -8.57612 -33.6173 2.8
      vertex -8.63397 -33.5 11.8
      vertex -8.63397 -33.5 2.8
    endloop
  endfacet
  facet normal -0.89686 -0.442314 3.0121e-19
    outer loop
      vertex -8.63397 -33.5 11.8
      vertex -8.57612 -33.6173 2.8
      vertex -8.57612 -33.6173 11.8
    endloop
  endfacet
  facet normal -0.659559 -0.751653 0
    outer loop
      vertex -8.89124 -33.2066 2.8
      vertex -8.79289 -33.2929 11.8
      vertex -8.89124 -33.2066 11.8
    endloop
  endfacet
  facet normal -0.659559 -0.751653 -0
    outer loop
      vertex -8.79289 -33.2929 11.8
      vertex -8.89124 -33.2066 2.8
      vertex -8.79289 -33.2929 2.8
    endloop
  endfacet
  facet normal 0.0657427 -0.997837 0
    outer loop
      vertex -9.63053 -33.0086 2.8
      vertex -9.5 -33 11.8
      vertex -9.63053 -33.0086 11.8
    endloop
  endfacet
  facet normal 0.0657427 -0.997837 0
    outer loop
      vertex -9.5 -33 11.8
      vertex -9.63053 -33.0086 2.8
      vertex -9.5 -33 2.8
    endloop
  endfacet
  facet normal 0.947066 0.321039 -7.58111e-21
    outer loop
      vertex -10.4239 -34.3827 11.8
      vertex -10.4659 -34.2588 2.8
      vertex -10.4659 -34.2588 11.8
    endloop
  endfacet
  facet normal 0.947066 0.321039 -7.58111e-21
    outer loop
      vertex -10.4659 -34.2588 2.8
      vertex -10.4239 -34.3827 11.8
      vertex -10.4239 -34.3827 2.8
    endloop
  endfacet
  facet normal 0.751486 0.659749 -4.50432e-19
    outer loop
      vertex -10.2071 -34.7071 11.8
      vertex -10.2934 -34.6088 2.8
      vertex -10.2934 -34.6088 11.8
    endloop
  endfacet
  facet normal 0.751486 0.659749 -4.50432e-19
    outer loop
      vertex -10.2934 -34.6088 2.8
      vertex -10.2071 -34.7071 11.8
      vertex -10.2071 -34.7071 2.8
    endloop
  endfacet
  facet normal 0.194955 0.980812 -0
    outer loop
      vertex -9.63053 -34.9914 2.8
      vertex -9.75882 -34.9659 11.8
      vertex -9.63053 -34.9914 11.8
    endloop
  endfacet
  facet normal 0.194955 0.980812 0
    outer loop
      vertex -9.75882 -34.9659 11.8
      vertex -9.63053 -34.9914 2.8
      vertex -9.75882 -34.9659 2.8
    endloop
  endfacet
  facet normal -0.94695 0.321382 -2.02943e-19
    outer loop
      vertex -8.57612 -34.3827 2.8
      vertex -8.53407 -34.2588 11.8
      vertex -8.53407 -34.2588 2.8
    endloop
  endfacet
  facet normal -0.94695 0.321382 -2.02943e-19
    outer loop
      vertex -8.53407 -34.2588 11.8
      vertex -8.57612 -34.3827 2.8
      vertex -8.57612 -34.3827 11.8
    endloop
  endfacet
  facet normal -0.831533 -0.555476 5.7353e-20
    outer loop
      vertex -8.63397 -33.5 2.8
      vertex -8.70665 -33.3912 11.8
      vertex -8.70665 -33.3912 2.8
    endloop
  endfacet
  facet normal -0.831533 -0.555476 5.7353e-20
    outer loop
      vertex -8.70665 -33.3912 11.8
      vertex -8.63397 -33.5 2.8
      vertex -8.63397 -33.5 11.8
    endloop
  endfacet
  facet normal -0.0657427 -0.997837 0
    outer loop
      vertex -9.5 -33 2.8
      vertex -9.36947 -33.0086 11.8
      vertex -9.5 -33 11.8
    endloop
  endfacet
  facet normal -0.0657427 -0.997837 -0
    outer loop
      vertex -9.36947 -33.0086 11.8
      vertex -9.5 -33 2.8
      vertex -9.36947 -33.0086 2.8
    endloop
  endfacet
  facet normal -0.555194 0.831721 0
    outer loop
      vertex -8.89124 -34.7934 2.8
      vertex -9 -34.866 11.8
      vertex -8.89124 -34.7934 11.8
    endloop
  endfacet
  facet normal -0.555194 0.831721 0
    outer loop
      vertex -9 -34.866 11.8
      vertex -8.89124 -34.7934 2.8
      vertex -9 -34.866 2.8
    endloop
  endfacet
  facet normal 0 0 1
    outer loop
      vertex -8.50855 -33.8695 2.8
      vertex -8.50855 -34.1305 2.8
      vertex -8.5 -34 2.8
    endloop
  endfacet
  facet normal 0 0 1
    outer loop
      vertex -8.53407 -33.7412 2.8
      vertex -8.50855 -34.1305 2.8
      vertex -8.50855 -33.8695 2.8
    endloop
  endfacet
  facet normal 0 0 1
    outer loop
      vertex -8.53407 -33.7412 2.8
      vertex -8.53407 -34.2588 2.8
      vertex -8.50855 -34.1305 2.8
    endloop
  endfacet
  facet normal 0 0 1
    outer loop
      vertex -8.57612 -33.6173 2.8
      vertex -8.53407 -34.2588 2.8
      vertex -8.53407 -33.7412 2.8
    endloop
  endfacet
  facet normal 0 0 1
    outer loop
      vertex -8.57612 -33.6173 2.8
      vertex -8.57612 -34.3827 2.8
      vertex -8.53407 -34.2588 2.8
    endloop
  endfacet
  facet normal 0 0 1
    outer loop
      vertex -8.63397 -33.5 2.8
      vertex -8.57612 -34.3827 2.8
      vertex -8.57612 -33.6173 2.8
    endloop
  endfacet
  facet normal 0 0 1
    outer loop
      vertex -8.63397 -33.5 2.8
      vertex -8.63397 -34.5 2.8
      vertex -8.57612 -34.3827 2.8
    endloop
  endfacet
  facet normal 0 0 1
    outer loop
      vertex -8.70665 -33.3912 2.8
      vertex -8.63397 -34.5 2.8
      vertex -8.63397 -33.5 2.8
    endloop
  endfacet
  facet normal 0 0 1
    outer loop
      vertex -8.70665 -33.3912 2.8
      vertex -8.70665 -34.6088 2.8
      vertex -8.63397 -34.5 2.8
    endloop
  endfacet
  facet normal 0 0 1
    outer loop
      vertex -8.79289 -33.2929 2.8
      vertex -8.70665 -34.6088 2.8
      vertex -8.70665 -33.3912 2.8
    endloop
  endfacet
  facet normal 0 0 1
    outer loop
      vertex -8.79289 -33.2929 2.8
      vertex -8.79289 -34.7071 2.8
      vertex -8.70665 -34.6088 2.8
    endloop
  endfacet
  facet normal 0 0 1
    outer loop
      vertex -8.89124 -33.2066 2.8
      vertex -8.79289 -34.7071 2.8
      vertex -8.79289 -33.2929 2.8
    endloop
  endfacet
  facet normal 0 0 1
    outer loop
      vertex -8.89124 -33.2066 2.8
      vertex -8.89124 -34.7934 2.8
      vertex -8.79289 -34.7071 2.8
    endloop
  endfacet
  facet normal 0 0 1
    outer loop
      vertex -9 -33.134 2.8
      vertex -8.89124 -34.7934 2.8
      vertex -8.89124 -33.2066 2.8
    endloop
  endfacet
  facet normal 0 0 1
    outer loop
      vertex -9 -33.134 2.8
      vertex -9 -34.866 2.8
      vertex -8.89124 -34.7934 2.8
    endloop
  endfacet
  facet normal 0 0 1
    outer loop
      vertex -9.11732 -33.0761 2.8
      vertex -9 -34.866 2.8
      vertex -9 -33.134 2.8
    endloop
  endfacet
  facet normal 0 0 1
    outer loop
      vertex -9.11732 -33.0761 2.8
      vertex -9.11732 -34.9239 2.8
      vertex -9 -34.866 2.8
    endloop
  endfacet
  facet normal 0 0 1
    outer loop
      vertex -9.24118 -33.0341 2.8
      vertex -9.11732 -34.9239 2.8
      vertex -9.11732 -33.0761 2.8
    endloop
  endfacet
  facet normal 0 0 1
    outer loop
      vertex -9.24118 -33.0341 2.8
      vertex -9.24118 -34.9659 2.8
      vertex -9.11732 -34.9239 2.8
    endloop
  endfacet
  facet normal 0 0 1
    outer loop
      vertex -9.36947 -33.0086 2.8
      vertex -9.24118 -34.9659 2.8
      vertex -9.24118 -33.0341 2.8
    endloop
  endfacet
  facet normal 0 0 1
    outer loop
      vertex -9.36947 -33.0086 2.8
      vertex -9.36947 -34.9914 2.8
      vertex -9.24118 -34.9659 2.8
    endloop
  endfacet
  facet normal 0 0 1
    outer loop
      vertex -9.5 -33 2.8
      vertex -9.36947 -34.9914 2.8
      vertex -9.36947 -33.0086 2.8
    endloop
  endfacet
  facet normal 0 0 1
    outer loop
      vertex -9.5 -33 2.8
      vertex -9.5 -35 2.8
      vertex -9.36947 -34.9914 2.8
    endloop
  endfacet
  facet normal -0 0 1
    outer loop
      vertex -9.63053 -33.0086 2.8
      vertex -9.5 -35 2.8
      vertex -9.5 -33 2.8
    endloop
  endfacet
  facet normal 0 0 1
    outer loop
      vertex -9.63053 -33.0086 2.8
      vertex -9.63053 -34.9914 2.8
      vertex -9.5 -35 2.8
    endloop
  endfacet
  facet normal -0 0 1
    outer loop
      vertex -9.75882 -33.0341 2.8
      vertex -9.63053 -34.9914 2.8
      vertex -9.63053 -33.0086 2.8
    endloop
  endfacet
  facet normal 0 0 1
    outer loop
      vertex -9.75882 -33.0341 2.8
      vertex -9.75882 -34.9659 2.8
      vertex -9.63053 -34.9914 2.8
    endloop
  endfacet
  facet normal -0 0 1
    outer loop
      vertex -9.88268 -33.0761 2.8
      vertex -9.75882 -34.9659 2.8
      vertex -9.75882 -33.0341 2.8
    endloop
  endfacet
  facet normal 0 0 1
    outer loop
      vertex -9.88268 -33.0761 2.8
      vertex -9.88268 -34.9239 2.8
      vertex -9.75882 -34.9659 2.8
    endloop
  endfacet
  facet normal -0 0 1
    outer loop
      vertex -10 -33.134 2.8
      vertex -9.88268 -34.9239 2.8
      vertex -9.88268 -33.0761 2.8
    endloop
  endfacet
  facet normal 0 0 1
    outer loop
      vertex -10 -33.134 2.8
      vertex -10 -34.866 2.8
      vertex -9.88268 -34.9239 2.8
    endloop
  endfacet
  facet normal -0 0 1
    outer loop
      vertex -10.1088 -33.2066 2.8
      vertex -10 -34.866 2.8
      vertex -10 -33.134 2.8
    endloop
  endfacet
  facet normal 0 0 1
    outer loop
      vertex -10.1088 -33.2066 2.8
      vertex -10.1088 -34.7934 2.8
      vertex -10 -34.866 2.8
    endloop
  endfacet
  facet normal -0 0 1
    outer loop
      vertex -10.2071 -33.2929 2.8
      vertex -10.1088 -34.7934 2.8
      vertex -10.1088 -33.2066 2.8
    endloop
  endfacet
  facet normal 0 0 1
    outer loop
      vertex -10.2071 -33.2929 2.8
      vertex -10.2071 -34.7071 2.8
      vertex -10.1088 -34.7934 2.8
    endloop
  endfacet
  facet normal -0 0 1
    outer loop
      vertex -10.2934 -33.3912 2.8
      vertex -10.2071 -34.7071 2.8
      vertex -10.2071 -33.2929 2.8
    endloop
  endfacet
  facet normal 0 0 1
    outer loop
      vertex -10.2934 -33.3912 2.8
      vertex -10.2934 -34.6088 2.8
      vertex -10.2071 -34.7071 2.8
    endloop
  endfacet
  facet normal -0 0 1
    outer loop
      vertex -10.366 -33.5 2.8
      vertex -10.2934 -34.6088 2.8
      vertex -10.2934 -33.3912 2.8
    endloop
  endfacet
  facet normal 0 0 1
    outer loop
      vertex -10.366 -33.5 2.8
      vertex -10.366 -34.5 2.8
      vertex -10.2934 -34.6088 2.8
    endloop
  endfacet
  facet normal -0 0 1
    outer loop
      vertex -10.4239 -33.6173 2.8
      vertex -10.366 -34.5 2.8
      vertex -10.366 -33.5 2.8
    endloop
  endfacet
  facet normal 0 0 1
    outer loop
      vertex -10.4239 -33.6173 2.8
      vertex -10.4239 -34.3827 2.8
      vertex -10.366 -34.5 2.8
    endloop
  endfacet
  facet normal -0 0 1
    outer loop
      vertex -10.4659 -33.7412 2.8
      vertex -10.4239 -34.3827 2.8
      vertex -10.4239 -33.6173 2.8
    endloop
  endfacet
  facet normal 0 0 1
    outer loop
      vertex -10.4659 -33.7412 2.8
      vertex -10.4659 -34.2588 2.8
      vertex -10.4239 -34.3827 2.8
    endloop
  endfacet
  facet normal -0 0 1
    outer loop
      vertex -10.4914 -33.8695 2.8
      vertex -10.4659 -34.2588 2.8
      vertex -10.4659 -33.7412 2.8
    endloop
  endfacet
  facet normal 0 0 1
    outer loop
      vertex -10.4914 -33.8695 2.8
      vertex -10.4914 -34.1305 2.8
      vertex -10.4659 -34.2588 2.8
    endloop
  endfacet
  facet normal 0 -0 1
    outer loop
      vertex -10.4914 -34.1305 2.8
      vertex -10.4914 -33.8695 2.8
      vertex -10.5 -34 2.8
    endloop
  endfacet
  facet normal 0.44256 0.896739 -0
    outer loop
      vertex -9.88268 -34.9239 2.8
      vertex -10 -34.866 11.8
      vertex -9.88268 -34.9239 11.8
    endloop
  endfacet
  facet normal 0.44256 0.896739 0
    outer loop
      vertex -10 -34.866 11.8
      vertex -9.88268 -34.9239 2.8
      vertex -10 -34.866 2.8
    endloop
  endfacet
  facet normal -0.659559 0.751653 0
    outer loop
      vertex -8.79289 -34.7071 2.8
      vertex -8.89124 -34.7934 11.8
      vertex -8.79289 -34.7071 11.8
    endloop
  endfacet
  facet normal -0.659559 0.751653 0
    outer loop
      vertex -8.89124 -34.7934 11.8
      vertex -8.79289 -34.7071 2.8
      vertex -8.89124 -34.7934 2.8
    endloop
  endfacet
  facet normal -0.997861 0.0653771 -1.07931e-20
    outer loop
      vertex -8.50855 -34.1305 2.8
      vertex -8.5 -34 11.8
      vertex -8.5 -34 2.8
    endloop
  endfacet
  facet normal -0.997861 0.0653771 -1.07931e-20
    outer loop
      vertex -8.5 -34 11.8
      vertex -8.50855 -34.1305 2.8
      vertex -8.50855 -34.1305 11.8
    endloop
  endfacet
  facet normal -0.321132 0.947034 0
    outer loop
      vertex -9.11732 -34.9239 2.8
      vertex -9.24118 -34.9659 11.8
      vertex -9.11732 -34.9239 11.8
    endloop
  endfacet
  facet normal -0.321132 0.947034 0
    outer loop
      vertex -9.24118 -34.9659 11.8
      vertex -9.11732 -34.9239 2.8
      vertex -9.24118 -34.9659 2.8
    endloop
  endfacet
  facet normal 0.751486 -0.659749 4.50432e-19
    outer loop
      vertex -10.2934 -33.3912 11.8
      vertex -10.2071 -33.2929 2.8
      vertex -10.2071 -33.2929 11.8
    endloop
  endfacet
  facet normal 0.751486 -0.659749 4.50432e-19
    outer loop
      vertex -10.2071 -33.2929 2.8
      vertex -10.2934 -33.3912 11.8
      vertex -10.2934 -33.3912 2.8
    endloop
  endfacet
  facet normal -0.44256 -0.896739 0
    outer loop
      vertex -9.11732 -33.0761 2.8
      vertex -9 -33.134 11.8
      vertex -9.11732 -33.0761 11.8
    endloop
  endfacet
  facet normal -0.44256 -0.896739 -0
    outer loop
      vertex -9 -33.134 11.8
      vertex -9.11732 -33.0761 2.8
      vertex -9 -33.134 2.8
    endloop
  endfacet
  facet normal 0.659749 -0.751486 0
    outer loop
      vertex -10.2071 -33.2929 2.8
      vertex -10.1088 -33.2066 11.8
      vertex -10.2071 -33.2929 11.8
    endloop
  endfacet
  facet normal 0.659749 -0.751486 0
    outer loop
      vertex -10.1088 -33.2066 11.8
      vertex -10.2071 -33.2929 2.8
      vertex -10.1088 -33.2066 2.8
    endloop
  endfacet
  facet normal 0.997836 0.0657577 -3.56304e-21
    outer loop
      vertex -10.4914 -34.1305 11.8
      vertex -10.5 -34 2.8
      vertex -10.5 -34 11.8
    endloop
  endfacet
  facet normal 0.997836 0.0657577 -3.56304e-21
    outer loop
      vertex -10.5 -34 2.8
      vertex -10.4914 -34.1305 11.8
      vertex -10.4914 -34.1305 2.8
    endloop
  endfacet
  facet normal 0.555053 -0.831815 0
    outer loop
      vertex -10.1088 -33.2066 2.8
      vertex -10 -33.134 11.8
      vertex -10.1088 -33.2066 11.8
    endloop
  endfacet
  facet normal 0.555053 -0.831815 0
    outer loop
      vertex -10 -33.134 11.8
      vertex -10.1088 -33.2066 2.8
      vertex -10 -33.134 2.8
    endloop
  endfacet
  facet normal 0.555053 0.831815 -0
    outer loop
      vertex -10 -34.866 2.8
      vertex -10.1088 -34.7934 11.8
      vertex -10 -34.866 11.8
    endloop
  endfacet
  facet normal 0.555053 0.831815 0
    outer loop
      vertex -10.1088 -34.7934 11.8
      vertex -10 -34.866 2.8
      vertex -10.1088 -34.7934 2.8
    endloop
  endfacet
  facet normal -0.555194 -0.831721 0
    outer loop
      vertex -9 -33.134 2.8
      vertex -8.89124 -33.2066 11.8
      vertex -9 -33.134 11.8
    endloop
  endfacet
  facet normal -0.555194 -0.831721 -0
    outer loop
      vertex -8.89124 -33.2066 11.8
      vertex -9 -33.134 2.8
      vertex -8.89124 -33.2066 2.8
    endloop
  endfacet
  facet normal 0.659749 0.751486 -0
    outer loop
      vertex -10.1088 -34.7934 2.8
      vertex -10.2071 -34.7071 11.8
      vertex -10.1088 -34.7934 11.8
    endloop
  endfacet
  facet normal 0.659749 0.751486 0
    outer loop
      vertex -10.2071 -34.7071 11.8
      vertex -10.1088 -34.7934 2.8
      vertex -10.2071 -34.7071 2.8
    endloop
  endfacet
  facet normal 0.321132 0.947034 -0
    outer loop
      vertex -9.75882 -34.9659 2.8
      vertex -9.88268 -34.9239 11.8
      vertex -9.75882 -34.9659 11.8
    endloop
  endfacet
  facet normal 0.321132 0.947034 0
    outer loop
      vertex -9.88268 -34.9239 11.8
      vertex -9.75882 -34.9659 2.8
      vertex -9.88268 -34.9239 2.8
    endloop
  endfacet
  facet normal 0.980815 -0.19494 6.23064e-20
    outer loop
      vertex -10.4914 -33.8695 11.8
      vertex -10.4659 -33.7412 2.8
      vertex -10.4659 -33.7412 11.8
    endloop
  endfacet
  facet normal 0.980815 -0.19494 6.23064e-20
    outer loop
      vertex -10.4659 -33.7412 2.8
      vertex -10.4914 -33.8695 11.8
      vertex -10.4914 -33.8695 2.8
    endloop
  endfacet
  facet normal 0.194955 -0.980812 0
    outer loop
      vertex -9.75882 -33.0341 2.8
      vertex -9.63053 -33.0086 11.8
      vertex -9.75882 -33.0341 11.8
    endloop
  endfacet
  facet normal 0.194955 -0.980812 0
    outer loop
      vertex -9.63053 -33.0086 11.8
      vertex -9.75882 -33.0341 2.8
      vertex -9.63053 -33.0086 2.8
    endloop
  endfacet
  facet normal -0.89686 0.442314 -3.0121e-19
    outer loop
      vertex -8.63397 -34.5 2.8
      vertex -8.57612 -34.3827 11.8
      vertex -8.57612 -34.3827 2.8
    endloop
  endfacet
  facet normal -0.89686 0.442314 -3.0121e-19
    outer loop
      vertex -8.57612 -34.3827 11.8
      vertex -8.63397 -34.5 2.8
      vertex -8.63397 -34.5 11.8
    endloop
  endfacet
  facet normal 0.896709 0.442621 -8.10998e-23
    outer loop
      vertex -10.366 -34.5 11.8
      vertex -10.4239 -34.3827 2.8
      vertex -10.4239 -34.3827 11.8
    endloop
  endfacet
  facet normal 0.896709 0.442621 -8.10998e-23
    outer loop
      vertex -10.4239 -34.3827 2.8
      vertex -10.366 -34.5 11.8
      vertex -10.366 -34.5 2.8
    endloop
  endfacet
  facet normal 0.0657427 0.997837 -0
    outer loop
      vertex -9.5 -35 2.8
      vertex -9.63053 -34.9914 11.8
      vertex -9.5 -35 11.8
    endloop
  endfacet
  facet normal 0.0657427 0.997837 0
    outer loop
      vertex -9.63053 -34.9914 11.8
      vertex -9.5 -35 2.8
      vertex -9.63053 -34.9914 2.8
    endloop
  endfacet
  facet normal -0.751714 0.659489 -7.05488e-20
    outer loop
      vertex -8.79289 -34.7071 2.8
      vertex -8.70665 -34.6088 11.8
      vertex -8.70665 -34.6088 2.8
    endloop
  endfacet
  facet normal -0.751714 0.659489 -7.05488e-20
    outer loop
      vertex -8.70665 -34.6088 11.8
      vertex -8.79289 -34.7071 2.8
      vertex -8.79289 -34.7071 11.8
    endloop
  endfacet
  facet normal -0.44256 0.896739 0
    outer loop
      vertex -9 -34.866 2.8
      vertex -9.11732 -34.9239 11.8
      vertex -9 -34.866 11.8
    endloop
  endfacet
  facet normal -0.44256 0.896739 0
    outer loop
      vertex -9.11732 -34.9239 11.8
      vertex -9 -34.866 2.8
      vertex -9.11732 -34.9239 2.8
    endloop
  endfacet
  facet normal 0.44256 -0.896739 0
    outer loop
      vertex -10 -33.134 2.8
      vertex -9.88268 -33.0761 11.8
      vertex -10 -33.134 11.8
    endloop
  endfacet
  facet normal 0.44256 -0.896739 0
    outer loop
      vertex -9.88268 -33.0761 11.8
      vertex -10 -33.134 2.8
      vertex -9.88268 -33.0761 2.8
    endloop
  endfacet
  facet normal 0.321132 -0.947034 0
    outer loop
      vertex -9.88268 -33.0761 2.8
      vertex -9.75882 -33.0341 11.8
      vertex -9.88268 -33.0761 11.8
    endloop
  endfacet
  facet normal 0.321132 -0.947034 0
    outer loop
      vertex -9.75882 -33.0341 11.8
      vertex -9.88268 -33.0761 2.8
      vertex -9.75882 -33.0341 2.8
    endloop
  endfacet
  facet normal -0.194955 -0.980812 0
    outer loop
      vertex -9.36947 -33.0086 2.8
      vertex -9.24118 -33.0341 11.8
      vertex -9.36947 -33.0086 11.8
    endloop
  endfacet
  facet normal -0.194955 -0.980812 -0
    outer loop
      vertex -9.24118 -33.0341 11.8
      vertex -9.36947 -33.0086 2.8
      vertex -9.24118 -33.0341 2.8
    endloop
  endfacet
  facet normal -0.751714 -0.659489 7.05488e-20
    outer loop
      vertex -8.70665 -33.3912 2.8
      vertex -8.79289 -33.2929 11.8
      vertex -8.79289 -33.2929 2.8
    endloop
  endfacet
  facet normal -0.751714 -0.659489 7.05488e-20
    outer loop
      vertex -8.79289 -33.2929 11.8
      vertex -8.70665 -33.3912 2.8
      vertex -8.70665 -33.3912 11.8
    endloop
  endfacet
  facet normal -0.94695 -0.321382 2.02943e-19
    outer loop
      vertex -8.53407 -33.7412 2.8
      vertex -8.57612 -33.6173 11.8
      vertex -8.57612 -33.6173 2.8
    endloop
  endfacet
  facet normal -0.94695 -0.321382 2.02943e-19
    outer loop
      vertex -8.57612 -33.6173 11.8
      vertex -8.53407 -33.7412 2.8
      vertex -8.53407 -33.7412 11.8
    endloop
  endfacet
  facet normal 0.831815 0.555053 1.54633e-20
    outer loop
      vertex -10.2934 -34.6088 11.8
      vertex -10.366 -34.5 2.8
      vertex -10.366 -34.5 11.8
    endloop
  endfacet
  facet normal 0.831815 0.555053 1.54633e-20
    outer loop
      vertex -10.366 -34.5 2.8
      vertex -10.2934 -34.6088 11.8
      vertex -10.2934 -34.6088 2.8
    endloop
  endfacet
  facet normal 0.980815 0.19494 -6.23064e-20
    outer loop
      vertex -10.4659 -34.2588 11.8
      vertex -10.4914 -34.1305 2.8
      vertex -10.4914 -34.1305 11.8
    endloop
  endfacet
  facet normal 0.980815 0.19494 -6.23064e-20
    outer loop
      vertex -10.4914 -34.1305 2.8
      vertex -10.4659 -34.2588 11.8
      vertex -10.4659 -34.2588 2.8
    endloop
  endfacet
  facet normal 0.997836 -0.0657577 3.56304e-21
    outer loop
      vertex -10.5 -34 11.8
      vertex -10.4914 -33.8695 2.8
      vertex -10.4914 -33.8695 11.8
    endloop
  endfacet
  facet normal 0.997836 -0.0657577 3.56304e-21
    outer loop
      vertex -10.4914 -33.8695 2.8
      vertex -10.5 -34 11.8
      vertex -10.5 -34 2.8
    endloop
  endfacet
  facet normal 0.947066 -0.321039 7.58111e-21
    outer loop
      vertex -10.4659 -33.7412 11.8
      vertex -10.4239 -33.6173 2.8
      vertex -10.4239 -33.6173 11.8
    endloop
  endfacet
  facet normal 0.947066 -0.321039 7.58111e-21
    outer loop
      vertex -10.4239 -33.6173 2.8
      vertex -10.4659 -33.7412 11.8
      vertex -10.4659 -33.7412 2.8
    endloop
  endfacet
  facet normal 0.831815 -0.555053 -1.54633e-20
    outer loop
      vertex -10.366 -33.5 11.8
      vertex -10.2934 -33.3912 2.8
      vertex -10.2934 -33.3912 11.8
    endloop
  endfacet
  facet normal 0.831815 -0.555053 -1.54633e-20
    outer loop
      vertex -10.2934 -33.3912 2.8
      vertex -10.366 -33.5 11.8
      vertex -10.366 -33.5 2.8
    endloop
  endfacet
  facet normal -0.980786 -0.195087 1.7361e-19
    outer loop
      vertex -8.50855 -67.9695 2.8
      vertex -8.53407 -67.8412 11.8
      vertex -8.53407 -67.8412 2.8
    endloop
  endfacet
  facet normal -0.980786 -0.195087 1.7361e-19
    outer loop
      vertex -8.53407 -67.8412 11.8
      vertex -8.50855 -67.9695 2.8
      vertex -8.50855 -67.9695 11.8
    endloop
  endfacet
  facet normal -0.997861 -0.0653771 1.07931e-20
    outer loop
      vertex -8.5 -68.1 2.8
      vertex -8.50855 -67.9695 11.8
      vertex -8.50855 -67.9695 2.8
    endloop
  endfacet
  facet normal -0.997861 -0.0653771 1.07931e-20
    outer loop
      vertex -8.50855 -67.9695 11.8
      vertex -8.5 -68.1 2.8
      vertex -8.5 -68.1 11.8
    endloop
  endfacet
  facet normal -0.94695 -0.321382 -1.45896e-19
    outer loop
      vertex -8.53407 -67.8412 2.8
      vertex -8.57612 -67.7173 11.8
      vertex -8.57612 -67.7173 2.8
    endloop
  endfacet
  facet normal -0.94695 -0.321382 -1.45896e-19
    outer loop
      vertex -8.57612 -67.7173 11.8
      vertex -8.53407 -67.8412 2.8
      vertex -8.53407 -67.8412 11.8
    endloop
  endfacet
  facet normal 0.997836 0.0657577 6.8358e-20
    outer loop
      vertex -10.4914 -68.2305 11.8
      vertex -10.5 -68.1 2.8
      vertex -10.5 -68.1 11.8
    endloop
  endfacet
  facet normal 0.997836 0.0657577 6.8358e-20
    outer loop
      vertex -10.5 -68.1 2.8
      vertex -10.4914 -68.2305 11.8
      vertex -10.4914 -68.2305 2.8
    endloop
  endfacet
  facet normal -0.194955 0.980812 0
    outer loop
      vertex -9.24118 -69.0659 2.8
      vertex -9.36947 -69.0914 11.8
      vertex -9.24118 -69.0659 11.8
    endloop
  endfacet
  facet normal -0.194955 0.980812 0
    outer loop
      vertex -9.36947 -69.0914 11.8
      vertex -9.24118 -69.0659 2.8
      vertex -9.36947 -69.0914 2.8
    endloop
  endfacet
  facet normal 0.555053 -0.831815 0
    outer loop
      vertex -10.1088 -67.3066 2.8
      vertex -10 -67.234 11.8
      vertex -10.1088 -67.3066 11.8
    endloop
  endfacet
  facet normal 0.555053 -0.831815 0
    outer loop
      vertex -10 -67.234 11.8
      vertex -10.1088 -67.3066 2.8
      vertex -10 -67.234 2.8
    endloop
  endfacet
  facet normal -0.980786 0.195087 -1.7361e-19
    outer loop
      vertex -8.53407 -68.3588 2.8
      vertex -8.50855 -68.2305 11.8
      vertex -8.50855 -68.2305 2.8
    endloop
  endfacet
  facet normal -0.980786 0.195087 -1.7361e-19
    outer loop
      vertex -8.50855 -68.2305 11.8
      vertex -8.53407 -68.3588 2.8
      vertex -8.53407 -68.3588 11.8
    endloop
  endfacet
  facet normal 0.947066 0.321039 3.95651e-20
    outer loop
      vertex -10.4239 -68.4827 11.8
      vertex -10.4659 -68.3588 2.8
      vertex -10.4659 -68.3588 11.8
    endloop
  endfacet
  facet normal 0.947066 0.321039 3.95651e-20
    outer loop
      vertex -10.4659 -68.3588 2.8
      vertex -10.4239 -68.4827 11.8
      vertex -10.4239 -68.4827 2.8
    endloop
  endfacet
  facet normal -0.659559 -0.751653 0
    outer loop
      vertex -8.89124 -67.3066 2.8
      vertex -8.79289 -67.3929 11.8
      vertex -8.89124 -67.3066 11.8
    endloop
  endfacet
  facet normal -0.659559 -0.751653 -0
    outer loop
      vertex -8.79289 -67.3929 11.8
      vertex -8.89124 -67.3066 2.8
      vertex -8.79289 -67.3929 2.8
    endloop
  endfacet
  facet normal 0.980815 -0.19494 1.38928e-19
    outer loop
      vertex -10.4914 -67.9695 11.8
      vertex -10.4659 -67.8412 2.8
      vertex -10.4659 -67.8412 11.8
    endloop
  endfacet
  facet normal 0.980815 -0.19494 1.38928e-19
    outer loop
      vertex -10.4659 -67.8412 2.8
      vertex -10.4914 -67.9695 11.8
      vertex -10.4914 -67.9695 2.8
    endloop
  endfacet
  facet normal -0.89686 -0.442314 3.0121e-19
    outer loop
      vertex -8.57612 -67.7173 2.8
      vertex -8.63397 -67.6 11.8
      vertex -8.63397 -67.6 2.8
    endloop
  endfacet
  facet normal -0.89686 -0.442314 3.0121e-19
    outer loop
      vertex -8.63397 -67.6 11.8
      vertex -8.57612 -67.7173 2.8
      vertex -8.57612 -67.7173 11.8
    endloop
  endfacet
  facet normal -0.831533 0.555476 -5.7353e-20
    outer loop
      vertex -8.70665 -68.7088 2.8
      vertex -8.63397 -68.6 11.8
      vertex -8.63397 -68.6 2.8
    endloop
  endfacet
  facet normal -0.831533 0.555476 -5.7353e-20
    outer loop
      vertex -8.63397 -68.6 11.8
      vertex -8.70665 -68.7088 2.8
      vertex -8.70665 -68.7088 11.8
    endloop
  endfacet
  facet normal 0.751486 0.659749 -4.05637e-19
    outer loop
      vertex -10.2071 -68.8071 11.8
      vertex -10.2934 -68.7088 2.8
      vertex -10.2934 -68.7088 11.8
    endloop
  endfacet
  facet normal 0.751486 0.659749 -4.05637e-19
    outer loop
      vertex -10.2934 -68.7088 2.8
      vertex -10.2071 -68.8071 11.8
      vertex -10.2071 -68.8071 2.8
    endloop
  endfacet
  facet normal 0.997836 -0.0657577 3.56304e-21
    outer loop
      vertex -10.5 -68.1 11.8
      vertex -10.4914 -67.9695 2.8
      vertex -10.4914 -67.9695 11.8
    endloop
  endfacet
  facet normal 0.997836 -0.0657577 3.56304e-21
    outer loop
      vertex -10.4914 -67.9695 2.8
      vertex -10.5 -68.1 11.8
      vertex -10.5 -68.1 2.8
    endloop
  endfacet
  facet normal -0.89686 0.442314 -3.0121e-19
    outer loop
      vertex -8.63397 -68.6 2.8
      vertex -8.57612 -68.4827 11.8
      vertex -8.57612 -68.4827 2.8
    endloop
  endfacet
  facet normal -0.89686 0.442314 -3.0121e-19
    outer loop
      vertex -8.57612 -68.4827 11.8
      vertex -8.63397 -68.6 2.8
      vertex -8.63397 -68.6 11.8
    endloop
  endfacet
  facet normal -0.751714 0.659489 6.34124e-19
    outer loop
      vertex -8.79289 -68.8071 2.8
      vertex -8.70665 -68.7088 11.8
      vertex -8.70665 -68.7088 2.8
    endloop
  endfacet
  facet normal -0.751714 0.659489 6.34124e-19
    outer loop
      vertex -8.70665 -68.7088 11.8
      vertex -8.79289 -68.8071 2.8
      vertex -8.79289 -68.8071 11.8
    endloop
  endfacet
  facet normal 0.44256 -0.896739 0
    outer loop
      vertex -10 -67.234 2.8
      vertex -9.88268 -67.1761 11.8
      vertex -10 -67.234 11.8
    endloop
  endfacet
  facet normal 0.44256 -0.896739 0
    outer loop
      vertex -9.88268 -67.1761 11.8
      vertex -10 -67.234 2.8
      vertex -9.88268 -67.1761 2.8
    endloop
  endfacet
  facet normal 0.194955 0.980812 -0
    outer loop
      vertex -9.63053 -69.0914 2.8
      vertex -9.75882 -69.0659 11.8
      vertex -9.63053 -69.0914 11.8
    endloop
  endfacet
  facet normal 0.194955 0.980812 0
    outer loop
      vertex -9.75882 -69.0659 11.8
      vertex -9.63053 -69.0914 2.8
      vertex -9.75882 -69.0659 2.8
    endloop
  endfacet
  facet normal -0.831533 -0.555476 6.38587e-19
    outer loop
      vertex -8.63397 -67.6 2.8
      vertex -8.70665 -67.4912 11.8
      vertex -8.70665 -67.4912 2.8
    endloop
  endfacet
  facet normal -0.831533 -0.555476 6.38587e-19
    outer loop
      vertex -8.70665 -67.4912 11.8
      vertex -8.63397 -67.6 2.8
      vertex -8.63397 -67.6 11.8
    endloop
  endfacet
  facet normal 0.659749 -0.751486 0
    outer loop
      vertex -10.2071 -67.3929 2.8
      vertex -10.1088 -67.3066 11.8
      vertex -10.2071 -67.3929 11.8
    endloop
  endfacet
  facet normal 0.659749 -0.751486 0
    outer loop
      vertex -10.1088 -67.3066 11.8
      vertex -10.2071 -67.3929 2.8
      vertex -10.1088 -67.3066 2.8
    endloop
  endfacet
  facet normal -0.659559 0.751653 0
    outer loop
      vertex -8.79289 -68.8071 2.8
      vertex -8.89124 -68.8934 11.8
      vertex -8.79289 -68.8071 11.8
    endloop
  endfacet
  facet normal -0.659559 0.751653 0
    outer loop
      vertex -8.89124 -68.8934 11.8
      vertex -8.79289 -68.8071 2.8
      vertex -8.89124 -68.8934 2.8
    endloop
  endfacet
  facet normal 0.194955 -0.980812 0
    outer loop
      vertex -9.75882 -67.1341 2.8
      vertex -9.63053 -67.1086 11.8
      vertex -9.75882 -67.1341 11.8
    endloop
  endfacet
  facet normal 0.194955 -0.980812 0
    outer loop
      vertex -9.63053 -67.1086 11.8
      vertex -9.75882 -67.1341 2.8
      vertex -9.63053 -67.1086 2.8
    endloop
  endfacet
  facet normal -0.997861 0.0653771 5.05181e-20
    outer loop
      vertex -8.50855 -68.2305 2.8
      vertex -8.5 -68.1 11.8
      vertex -8.5 -68.1 2.8
    endloop
  endfacet
  facet normal -0.997861 0.0653771 5.05181e-20
    outer loop
      vertex -8.5 -68.1 11.8
      vertex -8.50855 -68.2305 2.8
      vertex -8.50855 -68.2305 11.8
    endloop
  endfacet
  facet normal -0.751714 -0.659489 -6.34124e-19
    outer loop
      vertex -8.70665 -67.4912 2.8
      vertex -8.79289 -67.3929 11.8
      vertex -8.79289 -67.3929 2.8
    endloop
  endfacet
  facet normal -0.751714 -0.659489 -6.34124e-19
    outer loop
      vertex -8.79289 -67.3929 11.8
      vertex -8.70665 -67.4912 2.8
      vertex -8.70665 -67.4912 11.8
    endloop
  endfacet
  facet normal 0.947066 -0.321039 5.47273e-20
    outer loop
      vertex -10.4659 -67.8412 11.8
      vertex -10.4239 -67.7173 2.8
      vertex -10.4239 -67.7173 11.8
    endloop
  endfacet
  facet normal 0.947066 -0.321039 5.47273e-20
    outer loop
      vertex -10.4239 -67.7173 2.8
      vertex -10.4659 -67.8412 11.8
      vertex -10.4659 -67.8412 2.8
    endloop
  endfacet
  facet normal -0.0657427 -0.997837 0
    outer loop
      vertex -9.5 -67.1 2.8
      vertex -9.36947 -67.1086 11.8
      vertex -9.5 -67.1 11.8
    endloop
  endfacet
  facet normal -0.0657427 -0.997837 -0
    outer loop
      vertex -9.36947 -67.1086 11.8
      vertex -9.5 -67.1 2.8
      vertex -9.36947 -67.1086 2.8
    endloop
  endfacet
  facet normal 0.321132 -0.947034 0
    outer loop
      vertex -9.88268 -67.1761 2.8
      vertex -9.75882 -67.1341 11.8
      vertex -9.88268 -67.1761 11.8
    endloop
  endfacet
  facet normal 0.321132 -0.947034 0
    outer loop
      vertex -9.75882 -67.1341 11.8
      vertex -9.88268 -67.1761 2.8
      vertex -9.75882 -67.1341 2.8
    endloop
  endfacet
  facet normal -0.194955 -0.980812 0
    outer loop
      vertex -9.36947 -67.1086 2.8
      vertex -9.24118 -67.1341 11.8
      vertex -9.36947 -67.1086 11.8
    endloop
  endfacet
  facet normal -0.194955 -0.980812 -0
    outer loop
      vertex -9.24118 -67.1341 11.8
      vertex -9.36947 -67.1086 2.8
      vertex -9.24118 -67.1341 2.8
    endloop
  endfacet
  facet normal 0.831815 0.555053 1.54633e-20
    outer loop
      vertex -10.2934 -68.7088 11.8
      vertex -10.366 -68.6 2.8
      vertex -10.366 -68.6 11.8
    endloop
  endfacet
  facet normal 0.831815 0.555053 1.54633e-20
    outer loop
      vertex -10.366 -68.6 2.8
      vertex -10.2934 -68.7088 11.8
      vertex -10.2934 -68.7088 2.8
    endloop
  endfacet
  facet normal 0.44256 0.896739 -0
    outer loop
      vertex -9.88268 -69.0239 2.8
      vertex -10 -68.966 11.8
      vertex -9.88268 -69.0239 11.8
    endloop
  endfacet
  facet normal 0.44256 0.896739 0
    outer loop
      vertex -10 -68.966 11.8
      vertex -9.88268 -69.0239 2.8
      vertex -10 -68.966 2.8
    endloop
  endfacet
  facet normal -0.0657427 0.997837 0
    outer loop
      vertex -9.36947 -69.0914 2.8
      vertex -9.5 -69.1 11.8
      vertex -9.36947 -69.0914 11.8
    endloop
  endfacet
  facet normal -0.0657427 0.997837 0
    outer loop
      vertex -9.5 -69.1 11.8
      vertex -9.36947 -69.0914 2.8
      vertex -9.5 -69.1 2.8
    endloop
  endfacet
  facet normal -0.555194 0.831721 0
    outer loop
      vertex -8.89124 -68.8934 2.8
      vertex -9 -68.966 11.8
      vertex -8.89124 -68.8934 11.8
    endloop
  endfacet
  facet normal -0.555194 0.831721 0
    outer loop
      vertex -9 -68.966 11.8
      vertex -8.89124 -68.8934 2.8
      vertex -9 -68.966 2.8
    endloop
  endfacet
  facet normal 0.751486 -0.659749 4.05637e-19
    outer loop
      vertex -10.2934 -67.4912 11.8
      vertex -10.2071 -67.3929 2.8
      vertex -10.2071 -67.3929 11.8
    endloop
  endfacet
  facet normal 0.751486 -0.659749 4.05637e-19
    outer loop
      vertex -10.2071 -67.3929 2.8
      vertex -10.2934 -67.4912 11.8
      vertex -10.2934 -67.4912 2.8
    endloop
  endfacet
  facet normal 0.980815 0.19494 -1.38928e-19
    outer loop
      vertex -10.4659 -68.3588 11.8
      vertex -10.4914 -68.2305 2.8
      vertex -10.4914 -68.2305 11.8
    endloop
  endfacet
  facet normal 0.980815 0.19494 -1.38928e-19
    outer loop
      vertex -10.4914 -68.2305 2.8
      vertex -10.4659 -68.3588 11.8
      vertex -10.4659 -68.3588 2.8
    endloop
  endfacet
  facet normal 0.321132 0.947034 -0
    outer loop
      vertex -9.75882 -69.0659 2.8
      vertex -9.88268 -69.0239 11.8
      vertex -9.75882 -69.0659 11.8
    endloop
  endfacet
  facet normal 0.321132 0.947034 0
    outer loop
      vertex -9.88268 -69.0239 11.8
      vertex -9.75882 -69.0659 2.8
      vertex -9.88268 -69.0239 2.8
    endloop
  endfacet
  facet normal -0.555194 -0.831721 0
    outer loop
      vertex -9 -67.234 2.8
      vertex -8.89124 -67.3066 11.8
      vertex -9 -67.234 11.8
    endloop
  endfacet
  facet normal -0.555194 -0.831721 -0
    outer loop
      vertex -8.89124 -67.3066 11.8
      vertex -9 -67.234 2.8
      vertex -8.89124 -67.3066 2.8
    endloop
  endfacet
  facet normal -0.44256 0.896739 0
    outer loop
      vertex -9 -68.966 2.8
      vertex -9.11732 -69.0239 11.8
      vertex -9 -68.966 11.8
    endloop
  endfacet
  facet normal -0.44256 0.896739 0
    outer loop
      vertex -9.11732 -69.0239 11.8
      vertex -9 -68.966 2.8
      vertex -9.11732 -69.0239 2.8
    endloop
  endfacet
  facet normal -0.321132 -0.947034 0
    outer loop
      vertex -9.24118 -67.1341 2.8
      vertex -9.11732 -67.1761 11.8
      vertex -9.24118 -67.1341 11.8
    endloop
  endfacet
  facet normal -0.321132 -0.947034 -0
    outer loop
      vertex -9.11732 -67.1761 11.8
      vertex -9.24118 -67.1341 2.8
      vertex -9.11732 -67.1761 2.8
    endloop
  endfacet
  facet normal -0.44256 -0.896739 0
    outer loop
      vertex -9.11732 -67.1761 2.8
      vertex -9 -67.234 11.8
      vertex -9.11732 -67.1761 11.8
    endloop
  endfacet
  facet normal -0.44256 -0.896739 -0
    outer loop
      vertex -9 -67.234 11.8
      vertex -9.11732 -67.1761 2.8
      vertex -9 -67.234 2.8
    endloop
  endfacet
  facet normal 0.896709 -0.442621 8.10998e-23
    outer loop
      vertex -10.4239 -67.7173 11.8
      vertex -10.366 -67.6 2.8
      vertex -10.366 -67.6 11.8
    endloop
  endfacet
  facet normal 0.896709 -0.442621 8.10998e-23
    outer loop
      vertex -10.366 -67.6 2.8
      vertex -10.4239 -67.7173 11.8
      vertex -10.4239 -67.7173 2.8
    endloop
  endfacet
  facet normal 0.0657427 0.997837 -0
    outer loop
      vertex -9.5 -69.1 2.8
      vertex -9.63053 -69.0914 11.8
      vertex -9.5 -69.1 11.8
    endloop
  endfacet
  facet normal 0.0657427 0.997837 0
    outer loop
      vertex -9.63053 -69.0914 11.8
      vertex -9.5 -69.1 2.8
      vertex -9.63053 -69.0914 2.8
    endloop
  endfacet
  facet normal -0.321132 0.947034 0
    outer loop
      vertex -9.11732 -69.0239 2.8
      vertex -9.24118 -69.0659 11.8
      vertex -9.11732 -69.0239 11.8
    endloop
  endfacet
  facet normal -0.321132 0.947034 0
    outer loop
      vertex -9.24118 -69.0659 11.8
      vertex -9.11732 -69.0239 2.8
      vertex -9.24118 -69.0659 2.8
    endloop
  endfacet
  facet normal 0.0657427 -0.997837 0
    outer loop
      vertex -9.63053 -67.1086 2.8
      vertex -9.5 -67.1 11.8
      vertex -9.63053 -67.1086 11.8
    endloop
  endfacet
  facet normal 0.0657427 -0.997837 0
    outer loop
      vertex -9.5 -67.1 11.8
      vertex -9.63053 -67.1086 2.8
      vertex -9.5 -67.1 2.8
    endloop
  endfacet
  facet normal -0.94695 0.321382 1.84787e-19
    outer loop
      vertex -8.57612 -68.4827 2.8
      vertex -8.53407 -68.3588 11.8
      vertex -8.53407 -68.3588 2.8
    endloop
  endfacet
  facet normal -0.94695 0.321382 1.84787e-19
    outer loop
      vertex -8.53407 -68.3588 11.8
      vertex -8.57612 -68.4827 2.8
      vertex -8.57612 -68.4827 11.8
    endloop
  endfacet
  facet normal 0.831815 -0.555053 3.68857e-19
    outer loop
      vertex -10.366 -67.6 11.8
      vertex -10.2934 -67.4912 2.8
      vertex -10.2934 -67.4912 11.8
    endloop
  endfacet
  facet normal 0.831815 -0.555053 3.68857e-19
    outer loop
      vertex -10.2934 -67.4912 2.8
      vertex -10.366 -67.6 11.8
      vertex -10.366 -67.6 2.8
    endloop
  endfacet
  facet normal 0.555053 0.831815 -0
    outer loop
      vertex -10 -68.966 2.8
      vertex -10.1088 -68.8934 11.8
      vertex -10 -68.966 11.8
    endloop
  endfacet
  facet normal 0.555053 0.831815 0
    outer loop
      vertex -10.1088 -68.8934 11.8
      vertex -10 -68.966 2.8
      vertex -10.1088 -68.8934 2.8
    endloop
  endfacet
  facet normal 0.659749 0.751486 -0
    outer loop
      vertex -10.1088 -68.8934 2.8
      vertex -10.2071 -68.8071 11.8
      vertex -10.1088 -68.8934 11.8
    endloop
  endfacet
  facet normal 0.659749 0.751486 0
    outer loop
      vertex -10.2071 -68.8071 11.8
      vertex -10.1088 -68.8934 2.8
      vertex -10.2071 -68.8071 2.8
    endloop
  endfacet
  facet normal 0.896709 0.442621 -8.10998e-23
    outer loop
      vertex -10.366 -68.6 11.8
      vertex -10.4239 -68.4827 2.8
      vertex -10.4239 -68.4827 11.8
    endloop
  endfacet
  facet normal 0.896709 0.442621 -8.10998e-23
    outer loop
      vertex -10.4239 -68.4827 2.8
      vertex -10.366 -68.6 11.8
      vertex -10.366 -68.6 2.8
    endloop
  endfacet
  facet normal 0 0 1
    outer loop
      vertex -8.50855 -67.9695 2.8
      vertex -8.50855 -68.2305 2.8
      vertex -8.5 -68.1 2.8
    endloop
  endfacet
  facet normal 0 0 1
    outer loop
      vertex -8.53407 -67.8412 2.8
      vertex -8.50855 -68.2305 2.8
      vertex -8.50855 -67.9695 2.8
    endloop
  endfacet
  facet normal 0 0 1
    outer loop
      vertex -8.53407 -67.8412 2.8
      vertex -8.53407 -68.3588 2.8
      vertex -8.50855 -68.2305 2.8
    endloop
  endfacet
  facet normal 0 0 1
    outer loop
      vertex -8.57612 -67.7173 2.8
      vertex -8.53407 -68.3588 2.8
      vertex -8.53407 -67.8412 2.8
    endloop
  endfacet
  facet normal 0 0 1
    outer loop
      vertex -8.57612 -67.7173 2.8
      vertex -8.57612 -68.4827 2.8
      vertex -8.53407 -68.3588 2.8
    endloop
  endfacet
  facet normal 0 0 1
    outer loop
      vertex -8.63397 -67.6 2.8
      vertex -8.57612 -68.4827 2.8
      vertex -8.57612 -67.7173 2.8
    endloop
  endfacet
  facet normal 0 0 1
    outer loop
      vertex -8.63397 -67.6 2.8
      vertex -8.63397 -68.6 2.8
      vertex -8.57612 -68.4827 2.8
    endloop
  endfacet
  facet normal 0 0 1
    outer loop
      vertex -8.70665 -67.4912 2.8
      vertex -8.63397 -68.6 2.8
      vertex -8.63397 -67.6 2.8
    endloop
  endfacet
  facet normal 0 0 1
    outer loop
      vertex -8.70665 -67.4912 2.8
      vertex -8.70665 -68.7088 2.8
      vertex -8.63397 -68.6 2.8
    endloop
  endfacet
  facet normal 0 0 1
    outer loop
      vertex -8.79289 -67.3929 2.8
      vertex -8.70665 -68.7088 2.8
      vertex -8.70665 -67.4912 2.8
    endloop
  endfacet
  facet normal 0 0 1
    outer loop
      vertex -8.79289 -67.3929 2.8
      vertex -8.79289 -68.8071 2.8
      vertex -8.70665 -68.7088 2.8
    endloop
  endfacet
  facet normal 0 0 1
    outer loop
      vertex -8.89124 -67.3066 2.8
      vertex -8.79289 -68.8071 2.8
      vertex -8.79289 -67.3929 2.8
    endloop
  endfacet
  facet normal 0 0 1
    outer loop
      vertex -8.89124 -67.3066 2.8
      vertex -8.89124 -68.8934 2.8
      vertex -8.79289 -68.8071 2.8
    endloop
  endfacet
  facet normal 0 0 1
    outer loop
      vertex -9 -67.234 2.8
      vertex -8.89124 -68.8934 2.8
      vertex -8.89124 -67.3066 2.8
    endloop
  endfacet
  facet normal 0 0 1
    outer loop
      vertex -9 -67.234 2.8
      vertex -9 -68.966 2.8
      vertex -8.89124 -68.8934 2.8
    endloop
  endfacet
  facet normal 0 0 1
    outer loop
      vertex -9.11732 -67.1761 2.8
      vertex -9 -68.966 2.8
      vertex -9 -67.234 2.8
    endloop
  endfacet
  facet normal 0 0 1
    outer loop
      vertex -9.11732 -67.1761 2.8
      vertex -9.11732 -69.0239 2.8
      vertex -9 -68.966 2.8
    endloop
  endfacet
  facet normal 0 0 1
    outer loop
      vertex -9.24118 -67.1341 2.8
      vertex -9.11732 -69.0239 2.8
      vertex -9.11732 -67.1761 2.8
    endloop
  endfacet
  facet normal 0 0 1
    outer loop
      vertex -9.24118 -67.1341 2.8
      vertex -9.24118 -69.0659 2.8
      vertex -9.11732 -69.0239 2.8
    endloop
  endfacet
  facet normal 0 0 1
    outer loop
      vertex -9.36947 -67.1086 2.8
      vertex -9.24118 -69.0659 2.8
      vertex -9.24118 -67.1341 2.8
    endloop
  endfacet
  facet normal 0 0 1
    outer loop
      vertex -9.36947 -67.1086 2.8
      vertex -9.36947 -69.0914 2.8
      vertex -9.24118 -69.0659 2.8
    endloop
  endfacet
  facet normal 0 0 1
    outer loop
      vertex -9.5 -67.1 2.8
      vertex -9.36947 -69.0914 2.8
      vertex -9.36947 -67.1086 2.8
    endloop
  endfacet
  facet normal 0 0 1
    outer loop
      vertex -9.5 -67.1 2.8
      vertex -9.5 -69.1 2.8
      vertex -9.36947 -69.0914 2.8
    endloop
  endfacet
  facet normal -0 0 1
    outer loop
      vertex -9.63053 -67.1086 2.8
      vertex -9.5 -69.1 2.8
      vertex -9.5 -67.1 2.8
    endloop
  endfacet
  facet normal 0 0 1
    outer loop
      vertex -9.63053 -67.1086 2.8
      vertex -9.63053 -69.0914 2.8
      vertex -9.5 -69.1 2.8
    endloop
  endfacet
  facet normal -0 0 1
    outer loop
      vertex -9.75882 -67.1341 2.8
      vertex -9.63053 -69.0914 2.8
      vertex -9.63053 -67.1086 2.8
    endloop
  endfacet
  facet normal 0 0 1
    outer loop
      vertex -9.75882 -67.1341 2.8
      vertex -9.75882 -69.0659 2.8
      vertex -9.63053 -69.0914 2.8
    endloop
  endfacet
  facet normal -0 0 1
    outer loop
      vertex -9.88268 -67.1761 2.8
      vertex -9.75882 -69.0659 2.8
      vertex -9.75882 -67.1341 2.8
    endloop
  endfacet
  facet normal 0 0 1
    outer loop
      vertex -9.88268 -67.1761 2.8
      vertex -9.88268 -69.0239 2.8
      vertex -9.75882 -69.0659 2.8
    endloop
  endfacet
  facet normal -0 0 1
    outer loop
      vertex -10 -67.234 2.8
      vertex -9.88268 -69.0239 2.8
      vertex -9.88268 -67.1761 2.8
    endloop
  endfacet
  facet normal 0 0 1
    outer loop
      vertex -10 -67.234 2.8
      vertex -10 -68.966 2.8
      vertex -9.88268 -69.0239 2.8
    endloop
  endfacet
  facet normal -0 0 1
    outer loop
      vertex -10.1088 -67.3066 2.8
      vertex -10 -68.966 2.8
      vertex -10 -67.234 2.8
    endloop
  endfacet
  facet normal 0 0 1
    outer loop
      vertex -10.1088 -67.3066 2.8
      vertex -10.1088 -68.8934 2.8
      vertex -10 -68.966 2.8
    endloop
  endfacet
  facet normal -0 0 1
    outer loop
      vertex -10.2071 -67.3929 2.8
      vertex -10.1088 -68.8934 2.8
      vertex -10.1088 -67.3066 2.8
    endloop
  endfacet
  facet normal 0 0 1
    outer loop
      vertex -10.2071 -67.3929 2.8
      vertex -10.2071 -68.8071 2.8
      vertex -10.1088 -68.8934 2.8
    endloop
  endfacet
  facet normal -0 0 1
    outer loop
      vertex -10.2934 -67.4912 2.8
      vertex -10.2071 -68.8071 2.8
      vertex -10.2071 -67.3929 2.8
    endloop
  endfacet
  facet normal 0 0 1
    outer loop
      vertex -10.2934 -67.4912 2.8
      vertex -10.2934 -68.7088 2.8
      vertex -10.2071 -68.8071 2.8
    endloop
  endfacet
  facet normal -0 0 1
    outer loop
      vertex -10.366 -67.6 2.8
      vertex -10.2934 -68.7088 2.8
      vertex -10.2934 -67.4912 2.8
    endloop
  endfacet
  facet normal 0 0 1
    outer loop
      vertex -10.366 -67.6 2.8
      vertex -10.366 -68.6 2.8
      vertex -10.2934 -68.7088 2.8
    endloop
  endfacet
  facet normal -0 0 1
    outer loop
      vertex -10.4239 -67.7173 2.8
      vertex -10.366 -68.6 2.8
      vertex -10.366 -67.6 2.8
    endloop
  endfacet
  facet normal 0 0 1
    outer loop
      vertex -10.4239 -67.7173 2.8
      vertex -10.4239 -68.4827 2.8
      vertex -10.366 -68.6 2.8
    endloop
  endfacet
  facet normal -0 0 1
    outer loop
      vertex -10.4659 -67.8412 2.8
      vertex -10.4239 -68.4827 2.8
      vertex -10.4239 -67.7173 2.8
    endloop
  endfacet
  facet normal 0 0 1
    outer loop
      vertex -10.4659 -67.8412 2.8
      vertex -10.4659 -68.3588 2.8
      vertex -10.4239 -68.4827 2.8
    endloop
  endfacet
  facet normal -0 0 1
    outer loop
      vertex -10.4914 -67.9695 2.8
      vertex -10.4659 -68.3588 2.8
      vertex -10.4659 -67.8412 2.8
    endloop
  endfacet
  facet normal 0 0 1
    outer loop
      vertex -10.4914 -67.9695 2.8
      vertex -10.4914 -68.2305 2.8
      vertex -10.4659 -68.3588 2.8
    endloop
  endfacet
  facet normal 0 -0 1
    outer loop
      vertex -10.4914 -68.2305 2.8
      vertex -10.4914 -67.9695 2.8
      vertex -10.5 -68.1 2.8
    endloop
  endfacet
  facet normal -1 0 0
    outer loop
      vertex -9.3 -76.2 6
      vertex -9.3 -74.6 10.5
      vertex -9.3 -74.6 6
    endloop
  endfacet
  facet normal -1 -0 0
    outer loop
      vertex -9.3 -74.6 10.5
      vertex -9.3 -76.2 6
      vertex -9.3 -76.2 10.5
    endloop
  endfacet
  facet normal 1 -0 0
    outer loop
      vertex -10.7 -76.2 10.5
      vertex -10.7 -74.6 6
      vertex -10.7 -74.6 10.5
    endloop
  endfacet
  facet normal 1 0 0
    outer loop
      vertex -10.7 -74.6 6
      vertex -10.7 -76.2 10.5
      vertex -10.7 -76.2 6
    endloop
  endfacet
  facet normal 0 0 -1
    outer loop
      vertex -10.7 -76.2 10.5
      vertex -9.3 -74.6 10.5
      vertex -9.3 -76.2 10.5
    endloop
  endfacet
  facet normal -0 0 -1
    outer loop
      vertex -9.3 -74.6 10.5
      vertex -10.7 -76.2 10.5
      vertex -10.7 -74.6 10.5
    endloop
  endfacet
  facet normal -0 0 1
    outer loop
      vertex -10.7 -74.6 6
      vertex -9.3 -76.2 6
      vertex -9.3 -74.6 6
    endloop
  endfacet
  facet normal 0 0 1
    outer loop
      vertex -9.3 -76.2 6
      vertex -10.7 -74.6 6
      vertex -10.7 -76.2 6
    endloop
  endfacet
  facet normal -1 0 0
    outer loop
      vertex -5.3 -76.2 6
      vertex -5.3 -74.6 10.5
      vertex -5.3 -74.6 6
    endloop
  endfacet
  facet normal -1 -0 0
    outer loop
      vertex -5.3 -74.6 10.5
      vertex -5.3 -76.2 6
      vertex -5.3 -76.2 10.5
    endloop
  endfacet
  facet normal 1 -0 0
    outer loop
      vertex -6.7 -76.2 10.5
      vertex -6.7 -74.6 6
      vertex -6.7 -74.6 10.5
    endloop
  endfacet
  facet normal 1 0 0
    outer loop
      vertex -6.7 -74.6 6
      vertex -6.7 -76.2 10.5
      vertex -6.7 -76.2 6
    endloop
  endfacet
  facet normal 0 0 -1
    outer loop
      vertex -6.7 -76.2 10.5
      vertex -5.3 -74.6 10.5
      vertex -5.3 -76.2 10.5
    endloop
  endfacet
  facet normal -0 0 -1
    outer loop
      vertex -5.3 -74.6 10.5
      vertex -6.7 -76.2 10.5
      vertex -6.7 -74.6 10.5
    endloop
  endfacet
  facet normal -0 0 1
    outer loop
      vertex -6.7 -74.6 6
      vertex -5.3 -76.2 6
      vertex -5.3 -74.6 6
    endloop
  endfacet
  facet normal 0 0 1
    outer loop
      vertex -5.3 -76.2 6
      vertex -6.7 -74.6 6
      vertex -6.7 -76.2 6
    endloop
  endfacet
  facet normal -1 0 0
    outer loop
      vertex -1.3 -76.2 6
      vertex -1.3 -74.6 10.5
      vertex -1.3 -74.6 6
    endloop
  endfacet
  facet normal -1 -0 0
    outer loop
      vertex -1.3 -74.6 10.5
      vertex -1.3 -76.2 6
      vertex -1.3 -76.2 10.5
    endloop
  endfacet
  facet normal 1 -0 0
    outer loop
      vertex -2.7 -76.2 10.5
      vertex -2.7 -74.6 6
      vertex -2.7 -74.6 10.5
    endloop
  endfacet
  facet normal 1 0 0
    outer loop
      vertex -2.7 -74.6 6
      vertex -2.7 -76.2 10.5
      vertex -2.7 -76.2 6
    endloop
  endfacet
  facet normal 0 0 -1
    outer loop
      vertex -2.7 -76.2 10.5
      vertex -1.3 -74.6 10.5
      vertex -1.3 -76.2 10.5
    endloop
  endfacet
  facet normal -0 0 -1
    outer loop
      vertex -1.3 -74.6 10.5
      vertex -2.7 -76.2 10.5
      vertex -2.7 -74.6 10.5
    endloop
  endfacet
  facet normal -0 0 1
    outer loop
      vertex -2.7 -74.6 6
      vertex -1.3 -76.2 6
      vertex -1.3 -74.6 6
    endloop
  endfacet
  facet normal 0 0 1
    outer loop
      vertex -1.3 -76.2 6
      vertex -2.7 -74.6 6
      vertex -2.7 -76.2 6
    endloop
  endfacet
  facet normal -1 0 0
    outer loop
      vertex 2.7 -76.2 6
      vertex 2.7 -74.6 10.5
      vertex 2.7 -74.6 6
    endloop
  endfacet
  facet normal -1 -0 0
    outer loop
      vertex 2.7 -74.6 10.5
      vertex 2.7 -76.2 6
      vertex 2.7 -76.2 10.5
    endloop
  endfacet
  facet normal 1 -0 0
    outer loop
      vertex 1.3 -76.2 10.5
      vertex 1.3 -74.6 6
      vertex 1.3 -74.6 10.5
    endloop
  endfacet
  facet normal 1 0 0
    outer loop
      vertex 1.3 -74.6 6
      vertex 1.3 -76.2 10.5
      vertex 1.3 -76.2 6
    endloop
  endfacet
  facet normal 0 0 -1
    outer loop
      vertex 1.3 -76.2 10.5
      vertex 2.7 -74.6 10.5
      vertex 2.7 -76.2 10.5
    endloop
  endfacet
  facet normal -0 0 -1
    outer loop
      vertex 2.7 -74.6 10.5
      vertex 1.3 -76.2 10.5
      vertex 1.3 -74.6 10.5
    endloop
  endfacet
  facet normal -0 0 1
    outer loop
      vertex 1.3 -74.6 6
      vertex 2.7 -76.2 6
      vertex 2.7 -74.6 6
    endloop
  endfacet
  facet normal 0 0 1
    outer loop
      vertex 2.7 -76.2 6
      vertex 1.3 -74.6 6
      vertex 1.3 -76.2 6
    endloop
  endfacet
  facet normal -1 0 0
    outer loop
      vertex 6.7 -76.2 6
      vertex 6.7 -74.6 10.5
      vertex 6.7 -74.6 6
    endloop
  endfacet
  facet normal -1 -0 0
    outer loop
      vertex 6.7 -74.6 10.5
      vertex 6.7 -76.2 6
      vertex 6.7 -76.2 10.5
    endloop
  endfacet
  facet normal 1 -0 0
    outer loop
      vertex 5.3 -76.2 10.5
      vertex 5.3 -74.6 6
      vertex 5.3 -74.6 10.5
    endloop
  endfacet
  facet normal 1 0 0
    outer loop
      vertex 5.3 -74.6 6
      vertex 5.3 -76.2 10.5
      vertex 5.3 -76.2 6
    endloop
  endfacet
  facet normal 0 0 -1
    outer loop
      vertex 5.3 -76.2 10.5
      vertex 6.7 -74.6 10.5
      vertex 6.7 -76.2 10.5
    endloop
  endfacet
  facet normal -0 0 -1
    outer loop
      vertex 6.7 -74.6 10.5
      vertex 5.3 -76.2 10.5
      vertex 5.3 -74.6 10.5
    endloop
  endfacet
  facet normal -0 0 1
    outer loop
      vertex 5.3 -74.6 6
      vertex 6.7 -76.2 6
      vertex 6.7 -74.6 6
    endloop
  endfacet
  facet normal 0 0 1
    outer loop
      vertex 6.7 -76.2 6
      vertex 5.3 -74.6 6
      vertex 5.3 -76.2 6
    endloop
  endfacet
  facet normal -1 0 0
    outer loop
      vertex 10.7 -76.2 6
      vertex 10.7 -74.6 10.5
      vertex 10.7 -74.6 6
    endloop
  endfacet
  facet normal -1 -0 0
    outer loop
      vertex 10.7 -74.6 10.5
      vertex 10.7 -76.2 6
      vertex 10.7 -76.2 10.5
    endloop
  endfacet
  facet normal 1 -0 0
    outer loop
      vertex 9.3 -76.2 10.5
      vertex 9.3 -74.6 6
      vertex 9.3 -74.6 10.5
    endloop
  endfacet
  facet normal 1 0 0
    outer loop
      vertex 9.3 -74.6 6
      vertex 9.3 -76.2 10.5
      vertex 9.3 -76.2 6
    endloop
  endfacet
  facet normal 0 0 -1
    outer loop
      vertex 9.3 -76.2 10.5
      vertex 10.7 -74.6 10.5
      vertex 10.7 -76.2 10.5
    endloop
  endfacet
  facet normal -0 0 -1
    outer loop
      vertex 10.7 -74.6 10.5
      vertex 9.3 -76.2 10.5
      vertex 9.3 -74.6 10.5
    endloop
  endfacet
  facet normal -0 0 1
    outer loop
      vertex 9.3 -74.6 6
      vertex 10.7 -76.2 6
      vertex 10.7 -74.6 6
    endloop
  endfacet
  facet normal 0 0 1
    outer loop
      vertex 10.7 -76.2 6
      vertex 9.3 -74.6 6
      vertex 9.3 -76.2 6
    endloop
  endfacet
  facet normal -1 0 0
    outer loop
      vertex -9.3 0 6
      vertex -9.3 1.6 10.5
      vertex -9.3 1.6 6
    endloop
  endfacet
  facet normal -1 -0 0
    outer loop
      vertex -9.3 1.6 10.5
      vertex -9.3 0 6
      vertex -9.3 0 10.5
    endloop
  endfacet
  facet normal 1 -0 0
    outer loop
      vertex -10.7 0 10.5
      vertex -10.7 1.6 6
      vertex -10.7 1.6 10.5
    endloop
  endfacet
  facet normal 1 0 0
    outer loop
      vertex -10.7 1.6 6
      vertex -10.7 0 10.5
      vertex -10.7 0 6
    endloop
  endfacet
  facet normal 0 0 -1
    outer loop
      vertex -10.7 0 10.5
      vertex -9.3 1.6 10.5
      vertex -9.3 0 10.5
    endloop
  endfacet
  facet normal -0 0 -1
    outer loop
      vertex -9.3 1.6 10.5
      vertex -10.7 0 10.5
      vertex -10.7 1.6 10.5
    endloop
  endfacet
  facet normal -0 0 1
    outer loop
      vertex -10.7 1.6 6
      vertex -9.3 0 6
      vertex -9.3 1.6 6
    endloop
  endfacet
  facet normal 0 0 1
    outer loop
      vertex -9.3 0 6
      vertex -10.7 1.6 6
      vertex -10.7 0 6
    endloop
  endfacet
  facet normal -1 0 0
    outer loop
      vertex 10.7 0 6
      vertex 10.7 1.6 10.5
      vertex 10.7 1.6 6
    endloop
  endfacet
  facet normal -1 -0 0
    outer loop
      vertex 10.7 1.6 10.5
      vertex 10.7 0 6
      vertex 10.7 0 10.5
    endloop
  endfacet
  facet normal 1 -0 0
    outer loop
      vertex 9.3 0 10.5
      vertex 9.3 1.6 6
      vertex 9.3 1.6 10.5
    endloop
  endfacet
  facet normal 1 0 0
    outer loop
      vertex 9.3 1.6 6
      vertex 9.3 0 10.5
      vertex 9.3 0 6
    endloop
  endfacet
  facet normal 0 0 -1
    outer loop
      vertex 9.3 0 10.5
      vertex 10.7 1.6 10.5
      vertex 10.7 0 10.5
    endloop
  endfacet
  facet normal -0 0 -1
    outer loop
      vertex 10.7 1.6 10.5
      vertex 9.3 0 10.5
      vertex 9.3 1.6 10.5
    endloop
  endfacet
  facet normal -0 0 1
    outer loop
      vertex 9.3 1.6 6
      vertex 10.7 0 6
      vertex 10.7 1.6 6
    endloop
  endfacet
  facet normal 0 0 1
    outer loop
      vertex 10.7 0 6
      vertex 9.3 1.6 6
      vertex 9.3 0 6
    endloop
  endfacet
  facet normal 0 1 -0
    outer loop
      vertex -13.5 -4.4 6
      vertex -15.1 -4.4 10.5
      vertex -13.5 -4.4 10.5
    endloop
  endfacet
  facet normal 0 1 0
    outer loop
      vertex -15.1 -4.4 10.5
      vertex -13.5 -4.4 6
      vertex -15.1 -4.4 6
    endloop
  endfacet
  facet normal 0 -1 0
    outer loop
      vertex -15.1 -3 6
      vertex -13.5 -3 10.5
      vertex -15.1 -3 10.5
    endloop
  endfacet
  facet normal 0 -1 -0
    outer loop
      vertex -13.5 -3 10.5
      vertex -15.1 -3 6
      vertex -13.5 -3 6
    endloop
  endfacet
  facet normal 0 0 -1
    outer loop
      vertex -15.1 -4.4 10.5
      vertex -13.5 -3 10.5
      vertex -13.5 -4.4 10.5
    endloop
  endfacet
  facet normal -0 0 -1
    outer loop
      vertex -13.5 -3 10.5
      vertex -15.1 -4.4 10.5
      vertex -15.1 -3 10.5
    endloop
  endfacet
  facet normal -0 0 1
    outer loop
      vertex -15.1 -3 6
      vertex -13.5 -4.4 6
      vertex -13.5 -3 6
    endloop
  endfacet
  facet normal 0 0 1
    outer loop
      vertex -13.5 -4.4 6
      vertex -15.1 -3 6
      vertex -15.1 -4.4 6
    endloop
  endfacet
  facet normal 0 1 -0
    outer loop
      vertex -13.5 -6.8 6
      vertex -15.1 -6.8 10.5
      vertex -13.5 -6.8 10.5
    endloop
  endfacet
  facet normal 0 1 0
    outer loop
      vertex -15.1 -6.8 10.5
      vertex -13.5 -6.8 6
      vertex -15.1 -6.8 6
    endloop
  endfacet
  facet normal 0 -1 0
    outer loop
      vertex -15.1 -5.4 6
      vertex -13.5 -5.4 10.5
      vertex -15.1 -5.4 10.5
    endloop
  endfacet
  facet normal 0 -1 -0
    outer loop
      vertex -13.5 -5.4 10.5
      vertex -15.1 -5.4 6
      vertex -13.5 -5.4 6
    endloop
  endfacet
  facet normal 0 0 -1
    outer loop
      vertex -15.1 -6.8 10.5
      vertex -13.5 -5.4 10.5
      vertex -13.5 -6.8 10.5
    endloop
  endfacet
  facet normal -0 0 -1
    outer loop
      vertex -13.5 -5.4 10.5
      vertex -15.1 -6.8 10.5
      vertex -15.1 -5.4 10.5
    endloop
  endfacet
  facet normal -0 0 1
    outer loop
      vertex -15.1 -5.4 6
      vertex -13.5 -6.8 6
      vertex -13.5 -5.4 6
    endloop
  endfacet
  facet normal 0 0 1
    outer loop
      vertex -13.5 -6.8 6
      vertex -15.1 -5.4 6
      vertex -15.1 -6.8 6
    endloop
  endfacet
  facet normal 0 1 -0
    outer loop
      vertex 15.1 -4.4 6
      vertex 13.5 -4.4 10.5
      vertex 15.1 -4.4 10.5
    endloop
  endfacet
  facet normal 0 1 0
    outer loop
      vertex 13.5 -4.4 10.5
      vertex 15.1 -4.4 6
      vertex 13.5 -4.4 6
    endloop
  endfacet
  facet normal 0 -1 0
    outer loop
      vertex 13.5 -3 6
      vertex 15.1 -3 10.5
      vertex 13.5 -3 10.5
    endloop
  endfacet
  facet normal 0 -1 -0
    outer loop
      vertex 15.1 -3 10.5
      vertex 13.5 -3 6
      vertex 15.1 -3 6
    endloop
  endfacet
  facet normal 0 0 -1
    outer loop
      vertex 13.5 -4.4 10.5
      vertex 15.1 -3 10.5
      vertex 15.1 -4.4 10.5
    endloop
  endfacet
  facet normal -0 0 -1
    outer loop
      vertex 15.1 -3 10.5
      vertex 13.5 -4.4 10.5
      vertex 13.5 -3 10.5
    endloop
  endfacet
  facet normal -0 0 1
    outer loop
      vertex 13.5 -3 6
      vertex 15.1 -4.4 6
      vertex 15.1 -3 6
    endloop
  endfacet
  facet normal 0 0 1
    outer loop
      vertex 15.1 -4.4 6
      vertex 13.5 -3 6
      vertex 13.5 -4.4 6
    endloop
  endfacet
  facet normal 0 1 -0
    outer loop
      vertex 15.1 -6.8 6
      vertex 13.5 -6.8 10.5
      vertex 15.1 -6.8 10.5
    endloop
  endfacet
  facet normal 0 1 0
    outer loop
      vertex 13.5 -6.8 10.5
      vertex 15.1 -6.8 6
      vertex 13.5 -6.8 6
    endloop
  endfacet
  facet normal 0 -1 0
    outer loop
      vertex 13.5 -5.4 6
      vertex 15.1 -5.4 10.5
      vertex 13.5 -5.4 10.5
    endloop
  endfacet
  facet normal 0 -1 -0
    outer loop
      vertex 15.1 -5.4 10.5
      vertex 13.5 -5.4 6
      vertex 15.1 -5.4 6
    endloop
  endfacet
  facet normal 0 0 -1
    outer loop
      vertex 13.5 -6.8 10.5
      vertex 15.1 -5.4 10.5
      vertex 15.1 -6.8 10.5
    endloop
  endfacet
  facet normal -0 0 -1
    outer loop
      vertex 15.1 -5.4 10.5
      vertex 13.5 -6.8 10.5
      vertex 13.5 -5.4 10.5
    endloop
  endfacet
  facet normal -0 0 1
    outer loop
      vertex 13.5 -5.4 6
      vertex 15.1 -6.8 6
      vertex 15.1 -5.4 6
    endloop
  endfacet
  facet normal 0 0 1
    outer loop
      vertex 15.1 -6.8 6
      vertex 13.5 -5.4 6
      vertex 13.5 -6.8 6
    endloop
  endfacet
  facet normal -0.707107 0 0.707107
    outer loop
      vertex 6.64999 0 7.23785
      vertex 8.14999 1.6 8.73785
      vertex 6.64999 1.6 7.23785
    endloop
  endfacet
  facet normal -0.707107 0 0.707107
    outer loop
      vertex 8.14999 1.6 8.73785
      vertex 6.64999 0 7.23785
      vertex 8.14999 0 8.73785
    endloop
  endfacet
  facet normal -1 0 0
    outer loop
      vertex 8.14999 0 8.73785
      vertex 8.14999 1.6 11.8
      vertex 8.14999 1.6 8.73785
    endloop
  endfacet
  facet normal -1 -0 0
    outer loop
      vertex 8.14999 1.6 11.8
      vertex 8.14999 0 8.73785
      vertex 8.14999 0 11.8
    endloop
  endfacet
  facet normal 1 -0 0
    outer loop
      vertex -8.14999 0 11.8
      vertex -8.14999 1.6 8.73785
      vertex -8.14999 1.6 11.8
    endloop
  endfacet
  facet normal 1 0 0
    outer loop
      vertex -8.14999 1.6 8.73785
      vertex -8.14999 0 11.8
      vertex -8.14999 0 8.73785
    endloop
  endfacet
  facet normal 0.707107 -0 0.707107
    outer loop
      vertex -8.14999 0 8.73785
      vertex -6.64999 1.6 7.23785
      vertex -8.14999 1.6 8.73785
    endloop
  endfacet
  facet normal 0.707107 0 0.707107
    outer loop
      vertex -6.64999 1.6 7.23785
      vertex -8.14999 0 8.73785
      vertex -6.64999 0 7.23785
    endloop
  endfacet
  facet normal 1 -0 0
    outer loop
      vertex -6.64999 0 7.23785
      vertex -6.64999 1.6 5.14999
      vertex -6.64999 1.6 7.23785
    endloop
  endfacet
  facet normal 1 0 0
    outer loop
      vertex -6.64999 1.6 5.14999
      vertex -6.64999 0 7.23785
      vertex -6.64999 0 5.14999
    endloop
  endfacet
  facet normal -0 0 1
    outer loop
      vertex -6.64999 1.6 5.14999
      vertex 6.64999 0 5.14999
      vertex 6.64999 1.6 5.14999
    endloop
  endfacet
  facet normal 0 0 1
    outer loop
      vertex 6.64999 0 5.14999
      vertex -6.64999 1.6 5.14999
      vertex -6.64999 0 5.14999
    endloop
  endfacet
  facet normal -1 0 0
    outer loop
      vertex 6.64999 0 5.14999
      vertex 6.64999 1.6 7.23785
      vertex 6.64999 1.6 5.14999
    endloop
  endfacet
  facet normal -1 -0 0
    outer loop
      vertex 6.64999 1.6 7.23785
      vertex 6.64999 0 5.14999
      vertex 6.64999 0 7.23785
    endloop
  endfacet
endsolid OpenSCAD_Model
